SEASON_ID,TEAM_ID,TEAM_ABBREVIATION,TEAM_NAME,GAME_ID,GAME_DATE,MATCHUP,WL,MIN,PTS,FGM,FGA,FG_PCT,FG3M,FG3A,FG3_PCT,FTM,FTA,FT_PCT,OREB,DREB,REB,AST,STL,BLK,TOV,PF,PLUS_MINUS,GAME_DATE_DT,DATE_ONLY
22023,1610612754,IND,Indiana Pacers,0022301188,2024-04-14,IND vs. ATL,W,239,157,65,100,0.65,19,36,0.528,8,10,0.8,12,36,48,41,10,6,14,24,42.0,2024-04-14,2024-04-14
22023,1610612751,BKN,Brooklyn Nets,0022301192,2024-04-14,BKN @ PHI,L,240,86,32,83,0.386,9,34,0.265,13,17,0.765,4,38,42,19,8,6,12,14,-21.0,2024-04-14,2024-04-14
22023,1610612753,ORL,Orlando Magic,0022301191,2024-04-14,ORL vs. MIL,W,240,113,42,85,0.494,11,35,0.314,18,19,0.947,7,36,43,27,11,5,11,18,25.0,2024-04-14,2024-04-14
22023,1610612748,MIA,Miami Heat,0022301189,2024-04-14,MIA vs. TOR,W,238,118,46,87,0.529,9,36,0.25,17,19,0.895,13,33,46,29,13,7,19,16,15.0,2024-04-14,2024-04-14
22023,1610612758,SAC,Sacramento Kings,0022301200,2024-04-14,SAC vs. POR,W,241,121,43,87,0.494,13,34,0.382,22,27,0.815,13,38,51,29,11,6,14,19,39.0,2024-04-14,2024-04-14
22023,1610612764,WAS,Washington Wizards,0022301186,2024-04-14,WAS @ BOS,L,240,122,49,103,0.476,14,38,0.368,10,10,1.0,8,28,36,33,9,4,11,16,-10.0,2024-04-14,2024-04-14
22023,1610612759,SAS,San Antonio Spurs,0022301197,2024-04-14,SAS vs. DET,W,241,123,49,91,0.538,15,34,0.441,10,14,0.714,12,42,54,33,9,3,13,17,28.0,2024-04-14,2024-04-14
22023,1610612760,OKC,Oklahoma City Thunder,0022301196,2024-04-14,OKC vs. DAL,W,241,135,54,97,0.557,14,34,0.412,13,16,0.813,11,47,58,38,6,6,14,17,49.0,2024-04-14,2024-04-14
22023,1610612744,GSW,Golden State Warriors,0022301198,2024-04-14,GSW vs. UTA,W,239,123,45,94,0.479,14,43,0.326,19,23,0.826,12,30,42,35,10,6,9,14,7.0,2024-04-14,2024-04-14
22023,1610612739,CLE,Cleveland Cavaliers,0022301187,2024-04-14,CLE vs. CHA,L,241,110,44,93,0.473,16,33,0.485,6,9,0.667,12,31,43,30,4,1,14,8,-10.0,2024-04-14,2024-04-14
22023,1610612750,MIN,Minnesota Timberwolves,0022301194,2024-04-14,MIN vs. PHX,L,241,106,36,70,0.514,9,26,0.346,25,31,0.806,12,24,36,22,7,5,24,20,-19.0,2024-04-14,2024-04-14
22023,1610612752,NYK,New York Knicks,0022301190,2024-04-14,NYK vs. CHI,W,265,120,46,91,0.505,12,32,0.375,16,21,0.762,16,37,53,27,7,6,21,17,1.0,2024-04-14,2024-04-14
22023,1610612740,NOP,New Orleans Pelicans,0022301195,2024-04-14,NOP vs. LAL,L,240,108,41,86,0.477,15,37,0.405,11,14,0.786,10,29,39,26,8,1,19,17,-16.0,2024-04-14,2024-04-14
22023,1610612743,DEN,Denver Nuggets,0022301193,2024-04-14,DEN @ MEM,W,239,126,46,89,0.517,12,36,0.333,22,26,0.846,16,38,54,32,9,5,17,17,15.0,2024-04-14,2024-04-14
22023,1610612746,LAC,LA Clippers,0022301199,2024-04-14,LAC vs. HOU,L,240,105,41,104,0.394,8,37,0.216,15,17,0.882,16,35,51,23,13,8,12,14,-11.0,2024-04-14,2024-04-14
22023,1610612763,MEM,Memphis Grizzlies,0022301177,2024-04-12,MEM vs. LAL,L,239,120,43,95,0.453,17,39,0.436,17,21,0.81,16,26,42,19,14,2,13,27,-3.0,2024-04-12,2024-04-12
22023,1610612758,SAC,Sacramento Kings,0022301185,2024-04-12,SAC vs. PHX,L,240,107,40,91,0.44,14,38,0.368,13,14,0.929,9,26,35,26,12,1,7,19,-1.0,2024-04-12,2024-04-12
22023,1610612748,MIA,Miami Heat,0022301176,2024-04-12,MIA vs. TOR,W,239,125,45,86,0.523,17,41,0.415,18,23,0.783,6,31,37,37,7,2,4,16,22.0,2024-04-12,2024-04-12
22023,1610612741,CHI,Chicago Bulls,0022301172,2024-04-12,CHI @ WAS,W,241,129,48,98,0.49,14,35,0.4,19,28,0.679,17,39,56,28,9,6,13,25,2.0,2024-04-12,2024-04-12
22023,1610612740,NOP,New Orleans Pelicans,0022301182,2024-04-12,NOP @ GSW,W,239,114,42,90,0.467,20,38,0.526,10,16,0.625,5,33,38,24,11,5,8,13,5.0,2024-04-12,2024-04-12
22023,1610612753,ORL,Orlando Magic,0022301171,2024-04-12,ORL @ PHI,L,239,113,43,95,0.453,8,27,0.296,19,25,0.76,10,35,45,25,7,7,11,21,-12.0,2024-04-12,2024-04-12
22023,1610612743,DEN,Denver Nuggets,0022301180,2024-04-12,DEN @ SAS,L,240,120,49,97,0.505,13,36,0.361,9,10,0.9,6,27,33,31,9,4,7,19,-1.0,2024-04-12,2024-04-12
22023,1610612737,ATL,Atlanta Hawks,0022301178,2024-04-12,ATL @ MIN,L,240,106,40,90,0.444,9,30,0.3,17,25,0.68,9,31,40,23,4,1,14,25,-3.0,2024-04-12,2024-04-12
22023,1610612754,IND,Indiana Pacers,0022301174,2024-04-12,IND @ CLE,L,239,120,46,89,0.517,9,32,0.281,19,22,0.864,7,32,39,37,7,2,13,17,-9.0,2024-04-12,2024-04-12
22023,1610612752,NYK,New York Knicks,0022301175,2024-04-12,NYK vs. BKN,W,241,111,38,83,0.458,14,30,0.467,21,25,0.84,8,23,31,21,10,3,5,15,4.0,2024-04-12,2024-04-12
22023,1610612749,MIL,Milwaukee Bucks,0022301179,2024-04-12,MIL @ OKC,L,240,107,42,85,0.494,11,30,0.367,12,13,0.923,8,34,42,27,7,3,17,15,-18.0,2024-04-12,2024-04-12
22023,1610612745,HOU,Houston Rockets,0022301183,2024-04-12,HOU @ POR,W,240,116,44,92,0.478,11,39,0.282,17,20,0.85,10,38,48,25,3,5,8,20,9.0,2024-04-12,2024-04-12
22023,1610612762,UTA,Utah Jazz,0022301184,2024-04-12,UTA @ LAC,W,241,110,41,88,0.466,6,35,0.171,22,25,0.88,14,32,46,26,7,4,16,14,1.0,2024-04-12,2024-04-12
22023,1610612766,CHA,Charlotte Hornets,0022301173,2024-04-12,CHA @ BOS,L,240,98,32,76,0.421,15,35,0.429,19,22,0.864,4,29,33,20,3,7,19,15,-33.0,2024-04-12,2024-04-12
22023,1610612765,DET,Detroit Pistons,0022301181,2024-04-12,DET @ DAL,W,242,107,46,95,0.484,8,31,0.258,7,9,0.778,6,34,40,23,11,7,6,10,18.0,2024-04-12,2024-04-12
22023,1610612752,NYK,New York Knicks,0022301167,2024-04-11,NYK @ BOS,W,240,118,49,99,0.495,14,36,0.389,6,10,0.6,17,35,52,24,7,4,12,12,9.0,2024-04-11,2024-04-11
22023,1610612758,SAC,Sacramento Kings,0022301170,2024-04-11,SAC vs. NOP,L,240,123,46,84,0.548,16,38,0.421,15,20,0.75,5,27,32,26,7,0,14,17,-12.0,2024-04-11,2024-04-11
22023,1610612765,DET,Detroit Pistons,0022301166,2024-04-11,DET vs. CHI,L,241,105,38,77,0.494,14,35,0.4,15,23,0.652,7,31,38,27,4,2,20,12,-22.0,2024-04-11,2024-04-11
22023,1610612757,POR,Portland Trail Blazers,0022301169,2024-04-11,POR vs. GSW,L,241,92,35,97,0.361,8,34,0.235,14,17,0.824,20,29,49,22,9,3,12,18,-8.0,2024-04-11,2024-04-11
22023,1610612745,HOU,Houston Rockets,0022301168,2024-04-11,HOU @ UTA,L,239,121,40,95,0.421,21,47,0.447,20,22,0.909,16,23,39,22,8,6,10,18,-3.0,2024-04-11,2024-04-11
22023,1610612737,ATL,Atlanta Hawks,0022301159,2024-04-10,ATL vs. CHA,L,240,114,43,82,0.524,18,40,0.45,10,16,0.625,7,31,38,35,7,2,16,20,-1.0,2024-04-10,2024-04-10
22023,1610612743,DEN,Denver Nuggets,0022301164,2024-04-10,DEN vs. MIN,W,239,116,46,83,0.554,11,25,0.44,13,23,0.565,11,33,44,31,7,8,13,21,9.0,2024-04-10,2024-04-10
22023,1610612753,ORL,Orlando Magic,0022301162,2024-04-10,ORL @ MIL,L,239,99,36,78,0.462,11,30,0.367,16,23,0.696,5,29,34,19,6,1,15,15,-18.0,2024-04-10,2024-04-10
22023,1610612763,MEM,Memphis Grizzlies,0022301158,2024-04-10,MEM @ CLE,L,240,98,33,84,0.393,14,32,0.438,18,19,0.947,10,34,44,21,10,10,13,21,-12.0,2024-04-10,2024-04-10
22023,1610612756,PHX,Phoenix Suns,0022301165,2024-04-10,PHX @ LAC,W,238,124,46,95,0.484,18,50,0.36,14,15,0.933,9,39,48,29,8,6,13,13,16.0,2024-04-10,2024-04-10
22023,1610612759,SAS,San Antonio Spurs,0022301163,2024-04-10,SAS @ OKC,L,241,89,32,96,0.333,9,40,0.225,16,20,0.8,4,43,47,24,8,4,15,14,-38.0,2024-04-10,2024-04-10
22023,1610612761,TOR,Toronto Raptors,0022301160,2024-04-10,TOR @ BKN,L,241,102,35,94,0.372,16,40,0.4,16,18,0.889,15,30,45,19,8,5,9,22,-4.0,2024-04-10,2024-04-10
22023,1610612748,MIA,Miami Heat,0022301161,2024-04-10,MIA vs. DAL,L,239,92,33,81,0.407,13,30,0.433,13,13,1.0,12,34,46,22,3,1,15,16,-19.0,2024-04-10,2024-04-10
22023,1610612752,NYK,New York Knicks,0022301149,2024-04-09,NYK @ CHI,W,240,128,46,83,0.554,17,36,0.472,19,20,0.95,6,25,31,31,6,4,10,15,11.0,2024-04-09,2024-04-09
22023,1610612748,MIA,Miami Heat,0022301147,2024-04-09,MIA @ ATL,W,291,117,42,88,0.477,18,45,0.4,15,21,0.714,5,41,46,29,8,3,18,16,6.0,2024-04-09,2024-04-09
22023,1610612738,BOS,Boston Celtics,0022301148,2024-04-09,BOS @ MIL,L,241,91,37,93,0.398,17,52,0.327,0,0,,12,26,38,27,11,4,12,8,-13.0,2024-04-09,2024-04-09
22023,1610612750,MIN,Minnesota Timberwolves,0022301152,2024-04-09,MIN vs. WAS,W,239,130,43,90,0.478,18,41,0.439,26,32,0.813,10,34,44,30,9,8,8,14,9.0,2024-04-09,2024-04-09
22023,1610612746,LAC,LA Clippers,0022301156,2024-04-09,LAC @ PHX,W,240,105,41,87,0.471,12,26,0.462,11,11,1.0,10,53,63,28,5,3,18,22,13.0,2024-04-09,2024-04-09
22023,1610612762,UTA,Utah Jazz,0022301154,2024-04-09,UTA vs. DEN,L,240,95,36,91,0.396,10,31,0.323,13,13,1.0,11,33,44,19,5,2,14,9,-16.0,2024-04-09,2024-04-09
22023,1610612744,GSW,Golden State Warriors,0022301155,2024-04-09,GSW @ LAL,W,241,134,47,80,0.588,26,41,0.634,14,21,0.667,4,38,42,37,3,12,15,17,14.0,2024-04-09,2024-04-09
22023,1610612745,HOU,Houston Rockets,0022301150,2024-04-09,HOU vs. ORL,W,241,118,45,86,0.523,15,35,0.429,13,18,0.722,6,31,37,29,8,7,12,21,12.0,2024-04-09,2024-04-09
22023,1610612761,TOR,Toronto Raptors,0022301146,2024-04-09,TOR vs. IND,L,240,123,47,94,0.5,5,21,0.238,24,33,0.727,16,24,40,21,8,6,15,20,-17.0,2024-04-09,2024-04-09
22023,1610612742,DAL,Dallas Mavericks,0022301144,2024-04-09,DAL @ CHA,W,240,130,50,93,0.538,17,50,0.34,13,20,0.65,16,39,55,35,6,7,14,19,26.0,2024-04-09,2024-04-09
22023,1610612763,MEM,Memphis Grizzlies,0022301151,2024-04-09,MEM vs. SAS,L,241,87,36,104,0.346,6,30,0.2,9,11,0.818,17,32,49,21,10,5,7,13,-15.0,2024-04-09,2024-04-09
22023,1610612755,PHI,Philadelphia 76ers,0022301145,2024-04-09,PHI vs. DET,W,239,120,44,98,0.449,13,37,0.351,19,23,0.826,16,35,51,29,11,8,7,18,18.0,2024-04-09,2024-04-09
22023,1610612757,POR,Portland Trail Blazers,0022301157,2024-04-09,POR vs. NOP,L,240,100,40,85,0.471,13,38,0.342,7,8,0.875,13,34,47,28,3,3,21,19,-10.0,2024-04-09,2024-04-09
22023,1610612760,OKC,Oklahoma City Thunder,0022301153,2024-04-09,OKC vs. SAC,W,239,112,39,80,0.488,11,30,0.367,23,31,0.742,6,36,42,21,11,8,13,18,7.0,2024-04-09,2024-04-09
22023,1610612755,PHI,Philadelphia 76ers,0022301140,2024-04-07,PHI @ SAS,W,290,133,52,114,0.456,12,39,0.308,17,19,0.895,8,38,46,31,15,3,10,20,7.0,2024-04-07,2024-04-07
22023,1610612740,NOP,New Orleans Pelicans,0022301138,2024-04-07,NOP @ PHX,W,241,113,40,85,0.471,16,39,0.41,17,19,0.895,8,34,42,26,8,7,12,17,8.0,2024-04-07,2024-04-07
22023,1610612742,DAL,Dallas Mavericks,0022301131,2024-04-07,DAL vs. HOU,W,264,147,46,85,0.541,15,39,0.385,40,45,0.889,6,41,47,21,4,6,17,26,11.0,2024-04-07,2024-04-07
22023,1610612766,CHA,Charlotte Hornets,0022301135,2024-04-07,CHA vs. OKC,L,241,118,45,83,0.542,17,40,0.425,11,14,0.786,7,29,36,29,12,9,18,14,-3.0,2024-04-07,2024-04-07
22023,1610612762,UTA,Utah Jazz,0022301142,2024-04-07,UTA @ GSW,L,238,110,39,83,0.47,15,35,0.429,17,21,0.81,6,23,29,21,4,6,11,9,-8.0,2024-04-07,2024-04-07
22023,1610612758,SAC,Sacramento Kings,0022301141,2024-04-07,SAC @ BKN,W,241,107,40,94,0.426,15,48,0.313,12,16,0.75,11,43,54,31,8,12,9,17,30.0,2024-04-07,2024-04-07
22023,1610612764,WAS,Washington Wizards,0022301137,2024-04-07,WAS @ TOR,L,239,122,42,89,0.472,16,40,0.4,22,30,0.733,8,35,43,29,9,11,15,25,-8.0,2024-04-07,2024-04-07
22023,1610612747,LAL,Los Angeles Lakers,0022301143,2024-04-07,LAL vs. MIN,L,241,117,39,84,0.464,11,31,0.355,28,32,0.875,10,31,41,27,10,2,15,14,-10.0,2024-04-07,2024-04-07
22023,1610612749,MIL,Milwaukee Bucks,0022301139,2024-04-07,MIL vs. NYK,L,239,109,35,75,0.467,12,34,0.353,27,32,0.844,9,29,38,27,3,7,14,16,-13.0,2024-04-07,2024-04-07
22023,1610612754,IND,Indiana Pacers,0022301133,2024-04-07,IND vs. MIA,W,241,117,44,86,0.512,9,32,0.281,20,21,0.952,4,33,37,27,4,6,6,24,2.0,2024-04-07,2024-04-07
22023,1610612753,ORL,Orlando Magic,0022301136,2024-04-07,ORL vs. CHI,W,237,113,42,90,0.467,11,34,0.324,18,19,0.947,10,30,40,24,12,4,10,17,15.0,2024-04-07,2024-04-07
22023,1610612757,POR,Portland Trail Blazers,0022301134,2024-04-07,POR @ BOS,L,240,107,40,102,0.392,14,38,0.368,13,13,1.0,22,31,53,26,8,2,14,12,-17.0,2024-04-07,2024-04-07
22023,1610612739,CLE,Cleveland Cavaliers,0022301132,2024-04-07,CLE @ LAC,L,240,118,42,88,0.477,11,30,0.367,23,27,0.852,7,29,36,27,10,2,11,16,-2.0,2024-04-07,2024-04-07
22023,1610612739,CLE,Cleveland Cavaliers,0022301127,2024-04-06,CLE @ LAL,L,243,97,39,90,0.433,11,35,0.314,8,12,0.667,11,29,40,24,11,3,18,11,-19.0,2024-04-06,2024-04-06
22023,1610612755,PHI,Philadelphia 76ers,0022301129,2024-04-06,PHI @ MEM,W,240,116,41,79,0.519,16,39,0.41,18,23,0.783,9,32,41,27,12,9,19,22,20.0,2024-04-06,2024-04-06
22023,1610612751,BKN,Brooklyn Nets,0022301128,2024-04-06,BKN vs. DET,W,239,113,38,73,0.521,11,27,0.407,26,33,0.788,11,37,48,20,3,7,18,11,10.0,2024-04-06,2024-04-06
22023,1610612743,DEN,Denver Nuggets,0022301130,2024-04-06,DEN vs. ATL,W,241,142,53,88,0.602,23,41,0.561,13,16,0.813,6,41,47,38,9,7,15,21,32.0,2024-04-06,2024-04-06
22023,1610612756,PHX,Phoenix Suns,0022301125,2024-04-05,PHX vs. MIN,W,240,97,33,76,0.434,9,26,0.346,22,29,0.759,7,42,49,29,12,3,18,19,10.0,2024-04-05,2024-04-05
22023,1610612748,MIA,Miami Heat,0022301120,2024-04-05,MIA @ HOU,W,239,119,44,89,0.494,13,36,0.361,18,21,0.857,8,40,48,27,8,4,9,18,15.0,2024-04-05,2024-04-05
22023,1610612765,DET,Detroit Pistons,0022301121,2024-04-05,DET @ MEM,L,239,90,32,79,0.405,8,30,0.267,18,24,0.75,10,28,38,22,13,4,17,14,-18.0,2024-04-05,2024-04-05
22023,1610612757,POR,Portland Trail Blazers,0022301117,2024-04-05,POR @ WAS,W,239,108,41,94,0.436,9,29,0.31,17,24,0.708,16,39,55,29,7,5,12,23,6.0,2024-04-05,2024-04-05
22023,1610612758,SAC,Sacramento Kings,0022301118,2024-04-05,SAC @ BOS,L,240,100,38,99,0.384,17,51,0.333,7,13,0.538,15,39,54,21,4,3,7,15,-1.0,2024-04-05,2024-04-05
22023,1610612740,NOP,New Orleans Pelicans,0022301123,2024-04-05,NOP vs. SAS,L,240,109,44,86,0.512,9,29,0.31,12,12,1.0,11,30,41,28,11,2,17,17,-2.0,2024-04-05,2024-04-05
22023,1610612749,MIL,Milwaukee Bucks,0022301122,2024-04-05,MIL vs. TOR,L,240,111,41,94,0.436,12,42,0.286,17,21,0.81,12,33,45,21,8,6,13,24,-6.0,2024-04-05,2024-04-05
22023,1610612746,LAC,LA Clippers,0022301126,2024-04-05,LAC vs. UTA,W,240,131,51,91,0.56,13,35,0.371,16,18,0.889,8,43,51,32,9,4,14,22,29.0,2024-04-05,2024-04-05
22023,1610612760,OKC,Oklahoma City Thunder,0022301116,2024-04-05,OKC @ IND,L,240,112,42,86,0.488,8,30,0.267,20,24,0.833,9,30,39,24,8,6,15,17,-14.0,2024-04-05,2024-04-05
22023,1610612744,GSW,Golden State Warriors,0022301097,2024-04-05,GSW @ DAL,L,239,106,41,93,0.441,12,35,0.343,12,18,0.667,11,33,44,27,12,5,15,19,-2.0,2024-04-05,2024-04-05
22023,1610612753,ORL,Orlando Magic,0022301115,2024-04-05,ORL @ CHA,L,240,115,42,94,0.447,9,38,0.237,22,26,0.846,15,22,37,24,9,3,10,19,-9.0,2024-04-05,2024-04-05
22023,1610612741,CHI,Chicago Bulls,0022301119,2024-04-05,CHI vs. NYK,W,239,108,44,93,0.473,7,23,0.304,13,16,0.813,19,38,57,27,11,5,16,19,8.0,2024-04-05,2024-04-05
22023,1610612744,GSW,Golden State Warriors,0022301113,2024-04-04,GSW @ HOU,W,241,133,47,80,0.588,17,35,0.486,22,25,0.88,12,31,43,29,6,2,18,23,23.0,2024-04-04,2024-04-04
22023,1610612743,DEN,Denver Nuggets,0022301114,2024-04-04,DEN @ LAC,L,242,100,36,83,0.434,11,35,0.314,17,25,0.68,6,45,51,27,3,4,13,19,-2.0,2024-04-04,2024-04-04
22023,1610612752,NYK,New York Knicks,0022301112,2024-04-04,NYK vs. SAC,W,241,120,44,80,0.55,12,28,0.429,20,29,0.69,9,30,39,34,9,2,11,20,11.0,2024-04-04,2024-04-04
22023,1610612748,MIA,Miami Heat,0022301111,2024-04-04,MIA vs. PHI,L,241,105,39,94,0.415,13,43,0.302,14,16,0.875,16,35,51,24,8,4,15,10,-4.0,2024-04-04,2024-04-04
22023,1610612742,DAL,Dallas Mavericks,0022301124,2024-04-04,DAL vs. ATL,W,241,109,38,94,0.404,18,49,0.367,15,17,0.882,11,42,53,20,7,7,14,17,14.0,2024-04-04,2024-04-04
22023,1610612757,POR,Portland Trail Blazers,0022301102,2024-04-03,POR @ CHA,W,241,89,37,93,0.398,7,26,0.269,8,12,0.667,14,41,55,19,4,2,15,19,3.0,2024-04-03,2024-04-03
22023,1610612749,MIL,Milwaukee Bucks,0022301107,2024-04-03,MIL vs. MEM,L,240,101,38,95,0.4,18,44,0.409,7,12,0.583,13,31,44,26,5,10,11,14,-10.0,2024-04-03,2024-04-03
22023,1610612760,OKC,Oklahoma City Thunder,0022301105,2024-04-03,OKC @ BOS,L,238,100,35,81,0.432,5,24,0.208,25,28,0.893,5,26,31,21,8,5,13,11,-35.0,2024-04-03,2024-04-03
22023,1610612751,BKN,Brooklyn Nets,0022301106,2024-04-03,BKN vs. IND,W,240,115,42,87,0.483,12,32,0.375,19,27,0.704,15,35,50,22,4,8,13,16,4.0,2024-04-03,2024-04-03
22023,1610612737,ATL,Atlanta Hawks,0022301104,2024-04-03,ATL vs. DET,W,240,121,49,90,0.544,13,38,0.342,10,15,0.667,6,42,48,36,9,8,16,13,8.0,2024-04-03,2024-04-03
22023,1610612739,CLE,Cleveland Cavaliers,0022301110,2024-04-03,CLE @ PHX,L,237,101,39,83,0.47,7,26,0.269,16,19,0.842,7,30,37,28,9,4,15,14,-21.0,2024-04-03,2024-04-03
22023,1610612753,ORL,Orlando Magic,0022301109,2024-04-03,ORL @ NOP,W,240,117,41,80,0.513,13,32,0.406,22,30,0.733,7,32,39,27,9,2,13,20,9.0,2024-04-03,2024-04-03
22023,1610612761,TOR,Toronto Raptors,0022301108,2024-04-03,TOR @ MIN,L,241,85,33,90,0.367,7,30,0.233,12,14,0.857,10,38,48,19,4,6,20,15,-48.0,2024-04-03,2024-04-03
22023,1610612747,LAL,Los Angeles Lakers,0022301103,2024-04-03,LAL @ WAS,W,239,125,46,91,0.505,8,28,0.286,25,29,0.862,11,38,49,21,10,4,16,10,5.0,2024-04-03,2024-04-03
22023,1610612762,UTA,Utah Jazz,0022301100,2024-04-02,UTA vs. CLE,L,239,113,41,85,0.482,16,37,0.432,15,18,0.833,7,26,33,26,7,3,19,22,-16.0,2024-04-02,2024-04-02
22023,1610612752,NYK,New York Knicks,0022301096,2024-04-02,NYK @ MIA,L,239,99,35,76,0.461,12,34,0.353,17,21,0.81,7,23,30,25,11,2,14,17,-10.0,2024-04-02,2024-04-02
22023,1610612750,MIN,Minnesota Timberwolves,0022301098,2024-04-02,MIN vs. HOU,W,239,113,41,77,0.532,11,26,0.423,20,22,0.909,6,33,39,29,12,5,17,17,7.0,2024-04-02,2024-04-02
22023,1610612747,LAL,Los Angeles Lakers,0022301094,2024-04-02,LAL @ TOR,W,241,128,52,101,0.515,18,41,0.439,6,12,0.5,13,34,47,38,6,8,14,17,17.0,2024-04-02,2024-04-02
22023,1610612755,PHI,Philadelphia 76ers,0022301093,2024-04-02,PHI vs. OKC,W,241,109,36,78,0.462,14,30,0.467,23,25,0.92,9,33,42,27,8,4,16,20,4.0,2024-04-02,2024-04-02
22023,1610612759,SAS,San Antonio Spurs,0022301099,2024-04-02,SAS @ DEN,L,239,105,42,105,0.4,13,44,0.295,8,16,0.5,15,44,59,33,4,12,7,19,-5.0,2024-04-02,2024-04-02
22023,1610612758,SAC,Sacramento Kings,0022301101,2024-04-02,SAC vs. LAC,W,241,109,39,92,0.424,12,42,0.286,19,25,0.76,20,36,56,29,10,6,10,18,14.0,2024-04-02,2024-04-02
22023,1610612744,GSW,Golden State Warriors,0022300589,2024-04-02,GSW vs. DAL,W,242,104,41,90,0.456,15,32,0.469,7,7,1.0,11,41,52,29,9,4,17,18,4.0,2024-04-02,2024-04-02
22023,1610612749,MIL,Milwaukee Bucks,0022301095,2024-04-02,MIL @ WAS,L,240,113,45,103,0.437,11,48,0.229,12,18,0.667,18,39,57,31,8,6,12,17,-4.0,2024-04-02,2024-04-02
22023,1610612753,ORL,Orlando Magic,0022301090,2024-04-01,ORL vs. POR,W,240,104,36,76,0.474,11,32,0.344,21,27,0.778,9,34,43,26,4,6,15,17,1.0,2024-04-01,2024-04-01
22023,1610612754,IND,Indiana Pacers,0022301089,2024-04-01,IND vs. BKN,W,240,133,53,103,0.515,13,31,0.419,14,17,0.824,14,33,47,35,6,9,9,21,22.0,2024-04-01,2024-04-01
22023,1610612740,NOP,New Orleans Pelicans,0022301092,2024-04-01,NOP vs. PHX,L,240,111,42,89,0.472,11,27,0.407,16,24,0.667,12,25,37,29,10,1,9,17,-13.0,2024-04-01,2024-04-01
22023,1610612763,MEM,Memphis Grizzlies,0022301088,2024-04-01,MEM @ DET,W,239,110,40,91,0.44,11,33,0.333,19,23,0.826,15,29,44,28,11,9,12,18,2.0,2024-04-01,2024-04-01
22023,1610612741,CHI,Chicago Bulls,0022301091,2024-04-01,CHI vs. ATL,L,240,101,37,94,0.394,7,28,0.25,20,24,0.833,16,35,51,17,8,2,8,17,-12.0,2024-04-01,2024-04-01
22023,1610612766,CHA,Charlotte Hornets,0022301087,2024-04-01,CHA vs. BOS,L,240,104,41,91,0.451,13,37,0.351,9,11,0.818,8,32,40,28,3,2,6,15,-14.0,2024-04-01,2024-04-01
22023,1610612752,NYK,New York Knicks,0022301082,2024-03-31,NYK vs. OKC,L,240,112,38,92,0.413,13,43,0.302,23,34,0.676,15,31,46,24,8,3,10,19,-1.0,2024-03-31,2024-03-31
22023,1610612747,LAL,Los Angeles Lakers,0022301078,2024-03-31,LAL @ BKN,W,240,116,42,77,0.545,15,40,0.375,17,22,0.773,6,44,50,24,8,6,19,15,12.0,2024-03-31,2024-03-31
22023,1610612746,LAC,LA Clippers,0022301079,2024-03-31,LAC @ CHA,W,240,130,43,75,0.573,14,29,0.483,30,34,0.882,7,34,41,28,4,5,8,16,12.0,2024-03-31,2024-03-31
22023,1610612764,WAS,Washington Wizards,0022301081,2024-03-31,WAS vs. MIA,L,240,107,40,88,0.455,11,38,0.289,16,21,0.762,7,35,42,27,6,1,15,22,-12.0,2024-03-31,2024-03-31
22023,1610612755,PHI,Philadelphia 76ers,0022301080,2024-03-31,PHI @ TOR,W,240,135,49,83,0.59,24,43,0.558,13,16,0.813,9,30,39,28,6,10,15,17,15.0,2024-03-31,2024-03-31
22023,1610612744,GSW,Golden State Warriors,0022301085,2024-03-31,GSW @ SAS,W,241,117,45,92,0.489,16,39,0.41,11,13,0.846,12,29,41,34,15,3,15,14,4.0,2024-03-31,2024-03-31
22023,1610612758,SAC,Sacramento Kings,0022301086,2024-03-31,SAC vs. UTA,W,239,127,45,84,0.536,20,40,0.5,17,23,0.739,13,31,44,34,8,6,15,23,21.0,2024-03-31,2024-03-31
22023,1610612741,CHI,Chicago Bulls,0022301084,2024-03-31,CHI @ MIN,W,241,109,42,80,0.525,17,29,0.586,8,12,0.667,8,35,43,30,11,3,16,18,8.0,2024-03-31,2024-03-31
22023,1610612739,CLE,Cleveland Cavaliers,0022301077,2024-03-31,CLE @ DEN,L,241,101,38,82,0.463,8,25,0.32,17,21,0.81,6,22,28,26,10,4,15,12,-29.0,2024-03-31,2024-03-31
22023,1610612742,DAL,Dallas Mavericks,0022301083,2024-03-31,DAL @ HOU,W,239,125,48,93,0.516,24,47,0.511,5,9,0.556,10,37,47,24,7,8,13,17,18.0,2024-03-31,2024-03-31
22023,1610612753,ORL,Orlando Magic,0022301075,2024-03-30,ORL vs. MEM,W,239,118,38,78,0.487,22,44,0.5,20,23,0.87,5,38,43,28,8,8,15,16,30.0,2024-03-30,2024-03-30
22023,1610612749,MIL,Milwaukee Bucks,0022301076,2024-03-30,MIL @ ATL,W,239,122,43,78,0.551,8,28,0.286,28,35,0.8,6,34,40,27,7,5,10,18,9.0,2024-03-30,2024-03-30
22023,1610612740,NOP,New Orleans Pelicans,0022301074,2024-03-30,NOP vs. BOS,L,240,92,34,86,0.395,13,35,0.371,11,18,0.611,10,31,41,22,9,3,9,12,-12.0,2024-03-30,2024-03-30
22023,1610612755,PHI,Philadelphia 76ers,0022301067,2024-03-29,PHI @ CLE,L,242,114,42,94,0.447,16,40,0.4,14,17,0.824,16,26,42,28,6,7,9,20,-3.0,2024-03-29,2024-03-29
22023,1610612746,LAC,LA Clippers,0022301064,2024-03-29,LAC @ ORL,W,241,100,41,85,0.482,8,24,0.333,10,12,0.833,12,29,41,19,11,4,16,17,3.0,2024-03-29,2024-03-29
22023,1610612751,BKN,Brooklyn Nets,0022301066,2024-03-29,BKN vs. CHI,W,240,125,43,91,0.473,25,44,0.568,14,22,0.636,12,31,43,26,9,3,6,22,17.0,2024-03-29,2024-03-29
22023,1610612747,LAL,Los Angeles Lakers,0022301063,2024-03-29,LAL @ IND,L,241,90,35,86,0.407,5,30,0.167,15,18,0.833,10,38,48,24,3,3,16,14,-19.0,2024-03-29,2024-03-29
22023,1610612759,SAS,San Antonio Spurs,0022301070,2024-03-29,SAS vs. NYK,W,265,130,44,82,0.537,16,40,0.4,26,32,0.813,8,38,46,34,3,2,15,16,4.0,2024-03-29,2024-03-29
22023,1610612742,DAL,Dallas Mavericks,0022301073,2024-03-29,DAL @ SAC,W,240,107,35,74,0.473,15,35,0.429,22,33,0.667,6,36,42,24,4,6,10,12,4.0,2024-03-29,2024-03-29
22023,1610612743,DEN,Denver Nuggets,0022301071,2024-03-29,DEN vs. MIN,L,242,98,35,88,0.398,8,28,0.286,20,27,0.741,13,33,46,29,6,1,12,24,-13.0,2024-03-29,2024-03-29
22023,1610612766,CHA,Charlotte Hornets,0022301062,2024-03-29,CHA vs. GSW,L,240,97,34,84,0.405,12,46,0.261,17,24,0.708,12,29,41,23,4,2,11,10,-18.0,2024-03-29,2024-03-29
22023,1610612748,MIA,Miami Heat,0022301068,2024-03-29,MIA vs. POR,W,240,142,54,92,0.587,21,39,0.538,13,18,0.722,6,38,44,41,17,4,8,13,60.0,2024-03-29,2024-03-29
22023,1610612745,HOU,Houston Rockets,0022301072,2024-03-29,HOU @ UTA,W,239,101,35,91,0.385,13,42,0.31,18,28,0.643,15,30,45,19,10,6,10,18,1.0,2024-03-29,2024-03-29
22023,1610612756,PHX,Phoenix Suns,0022301069,2024-03-29,PHX @ OKC,L,242,103,39,87,0.448,13,41,0.317,12,15,0.8,13,26,39,26,6,6,14,15,-25.0,2024-03-29,2024-03-29
22023,1610612765,DET,Detroit Pistons,0022301065,2024-03-29,DET @ WAS,W,240,96,37,89,0.416,6,24,0.25,16,20,0.8,8,39,47,19,9,5,13,18,9.0,2024-03-29,2024-03-29
22023,1610612737,ATL,Atlanta Hawks,0022301060,2024-03-28,ATL vs. BOS,W,265,123,51,104,0.49,15,44,0.341,6,10,0.6,17,36,53,24,5,5,11,17,1.0,2024-03-28,2024-03-28
22023,1610612740,NOP,New Orleans Pelicans,0022301061,2024-03-28,NOP vs. MIL,W,239,107,36,91,0.396,8,32,0.25,27,34,0.794,11,37,48,22,11,5,6,19,7.0,2024-03-28,2024-03-28
22023,1610612760,OKC,Oklahoma City Thunder,0022301057,2024-03-27,OKC vs. HOU,L,265,126,47,96,0.49,14,38,0.368,18,24,0.75,13,36,49,26,7,7,19,24,-6.0,2024-03-27,2024-03-27
22023,1610612744,GSW,Golden State Warriors,0022301049,2024-03-27,GSW @ ORL,W,241,101,40,90,0.444,10,34,0.294,11,13,0.846,12,40,52,26,5,5,12,18,8.0,2024-03-27,2024-03-27
22023,1610612739,CLE,Cleveland Cavaliers,0022301048,2024-03-27,CLE @ CHA,L,239,111,42,85,0.494,19,44,0.432,8,14,0.571,9,23,32,33,7,1,13,21,-7.0,2024-03-27,2024-03-27
22023,1610612759,SAS,San Antonio Spurs,0022301058,2024-03-27,SAS @ UTA,W,239,118,44,86,0.512,16,33,0.485,14,21,0.667,9,32,41,40,9,7,21,21,7.0,2024-03-27,2024-03-27
22023,1610612747,LAL,Los Angeles Lakers,0022301055,2024-03-27,LAL @ MEM,W,239,136,45,81,0.556,18,33,0.545,28,35,0.8,4,39,43,31,5,4,15,19,12.0,2024-03-27,2024-03-27
22023,1610612757,POR,Portland Trail Blazers,0022301051,2024-03-27,POR @ ATL,L,241,106,43,85,0.506,14,31,0.452,6,10,0.6,6,27,33,35,8,2,18,18,-14.0,2024-03-27,2024-03-27
22023,1610612764,WAS,Washington Wizards,0022301050,2024-03-27,WAS vs. BKN,L,266,119,46,91,0.505,14,34,0.412,13,17,0.765,5,39,44,26,4,4,13,21,-3.0,2024-03-27,2024-03-27
22023,1610612755,PHI,Philadelphia 76ers,0022301052,2024-03-27,PHI vs. LAC,L,240,107,39,82,0.476,13,33,0.394,16,19,0.842,10,41,51,17,3,11,12,18,-1.0,2024-03-27,2024-03-27
22023,1610612756,PHX,Phoenix Suns,0022301059,2024-03-27,PHX @ DEN,W,240,104,39,83,0.47,16,33,0.485,10,11,0.909,12,39,51,29,3,7,16,13,7.0,2024-03-27,2024-03-27
22023,1610612754,IND,Indiana Pacers,0022301054,2024-03-27,IND @ CHI,L,238,99,34,85,0.4,13,42,0.31,18,23,0.783,12,28,40,25,3,4,13,23,-26.0,2024-03-27,2024-03-27
22023,1610612750,MIN,Minnesota Timberwolves,0022301056,2024-03-27,MIN vs. DET,W,238,106,42,82,0.512,11,36,0.306,11,16,0.688,9,31,40,28,8,3,12,17,15.0,2024-03-27,2024-03-27
22023,1610612761,TOR,Toronto Raptors,0022301053,2024-03-27,TOR vs. NYK,L,238,101,39,84,0.464,11,31,0.355,12,13,0.923,11,17,28,31,7,4,18,17,-44.0,2024-03-27,2024-03-27
22023,1610612749,MIL,Milwaukee Bucks,0022301045,2024-03-26,MIL vs. LAL,L,289,124,49,119,0.412,15,51,0.294,11,17,0.647,15,46,61,37,9,5,14,26,-4.0,2024-03-26,2024-03-26
22023,1610612744,GSW,Golden State Warriors,0022301044,2024-03-26,GSW @ MIA,W,243,113,47,85,0.553,13,38,0.342,6,10,0.6,7,36,43,31,6,5,10,20,21.0,2024-03-26,2024-03-26
22023,1610612758,SAC,Sacramento Kings,0022301047,2024-03-26,SAC vs. DAL,L,237,96,35,90,0.389,11,30,0.367,15,19,0.789,11,31,42,27,6,5,13,15,-36.0,2024-03-26,2024-03-26
22023,1610612760,OKC,Oklahoma City Thunder,0022301046,2024-03-26,OKC @ NOP,W,239,119,46,86,0.535,15,34,0.441,12,14,0.857,7,38,45,28,5,3,12,17,7.0,2024-03-26,2024-03-26
22023,1610612754,IND,Indiana Pacers,0022301043,2024-03-25,IND @ LAC,W,240,133,50,86,0.581,17,28,0.607,16,22,0.727,7,27,34,28,7,3,8,21,17.0,2024-03-25,2024-03-25
22023,1610612738,BOS,Boston Celtics,0022301034,2024-03-25,BOS @ ATL,L,241,118,47,95,0.495,11,38,0.289,13,19,0.684,12,26,38,21,7,8,7,16,-2.0,2024-03-25,2024-03-25
22023,1610612757,POR,Portland Trail Blazers,0022301038,2024-03-25,POR @ HOU,L,240,92,36,87,0.414,7,33,0.212,13,15,0.867,10,34,44,14,5,6,16,25,-18.0,2024-03-25,2024-03-25
22023,1610612752,NYK,New York Knicks,0022301035,2024-03-25,NYK vs. DET,W,240,124,45,89,0.506,19,46,0.413,15,22,0.682,12,40,52,30,6,6,13,18,25.0,2024-03-25,2024-03-25
22023,1610612755,PHI,Philadelphia 76ers,0022301042,2024-03-25,PHI @ SAC,L,241,96,34,82,0.415,11,34,0.324,17,20,0.85,15,32,47,18,2,4,15,25,-12.0,2024-03-25,2024-03-25
22023,1610612743,DEN,Denver Nuggets,0022301040,2024-03-25,DEN vs. MEM,W,240,128,48,90,0.533,15,32,0.469,17,18,0.944,15,35,50,38,10,7,15,23,25.0,2024-03-25,2024-03-25
22023,1610612739,CLE,Cleveland Cavaliers,0022301033,2024-03-25,CLE vs. CHA,W,240,115,46,86,0.535,17,41,0.415,6,10,0.6,9,38,47,41,4,3,12,15,23.0,2024-03-25,2024-03-25
22023,1610612742,DAL,Dallas Mavericks,0022301041,2024-03-25,DAL @ UTA,W,240,115,44,92,0.478,12,42,0.286,15,18,0.833,10,37,47,31,9,7,6,17,10.0,2024-03-25,2024-03-25
22023,1610612741,CHI,Chicago Bulls,0022301037,2024-03-25,CHI vs. WAS,L,240,105,36,87,0.414,10,35,0.286,23,28,0.821,9,37,46,27,9,8,11,14,-2.0,2024-03-25,2024-03-25
22023,1610612756,PHX,Phoenix Suns,0022301039,2024-03-25,PHX @ SAS,L,239,102,42,83,0.506,10,28,0.357,8,14,0.571,5,42,47,28,5,7,14,14,-2.0,2024-03-25,2024-03-25
22023,1610612761,TOR,Toronto Raptors,0022301036,2024-03-25,TOR vs. BKN,L,240,88,37,85,0.435,5,27,0.185,9,12,0.75,8,22,30,23,10,2,10,15,-8.0,2024-03-25,2024-03-25
22023,1610612744,GSW,Golden State Warriors,0022301031,2024-03-24,GSW @ MIN,L,241,110,38,85,0.447,14,36,0.389,20,26,0.769,7,34,41,23,8,3,12,19,-4.0,2024-03-24,2024-03-24
22023,1610612760,OKC,Oklahoma City Thunder,0022301030,2024-03-24,OKC @ MIL,L,238,93,33,89,0.371,10,43,0.233,17,22,0.773,10,27,37,20,9,1,12,16,-25.0,2024-03-24,2024-03-24
22023,1610612748,MIA,Miami Heat,0022301029,2024-03-24,MIA vs. CLE,W,239,121,43,83,0.518,15,38,0.395,20,23,0.87,9,35,44,29,13,0,9,17,37.0,2024-03-24,2024-03-24
22023,1610612740,NOP,New Orleans Pelicans,0022301027,2024-03-24,NOP @ DET,W,239,114,41,81,0.506,11,34,0.324,21,31,0.677,6,35,41,27,8,7,10,22,13.0,2024-03-24,2024-03-24
22023,1610612746,LAC,LA Clippers,0022301028,2024-03-24,LAC vs. PHI,L,239,107,40,83,0.482,10,28,0.357,17,18,0.944,10,27,37,27,2,9,13,11,-14.0,2024-03-24,2024-03-24
22023,1610612754,IND,Indiana Pacers,0022301032,2024-03-24,IND @ LAL,L,240,145,59,107,0.551,18,36,0.5,9,16,0.563,10,30,40,39,6,4,11,31,-5.0,2024-03-24,2024-03-24
22023,1610612741,CHI,Chicago Bulls,0022301023,2024-03-23,CHI vs. BOS,L,241,113,47,82,0.573,9,24,0.375,10,11,0.909,3,26,29,36,7,3,7,18,-11.0,2024-03-23,2024-03-23
22023,1610612757,POR,Portland Trail Blazers,0022301026,2024-03-23,POR vs. DEN,L,239,111,43,93,0.462,10,28,0.357,15,17,0.882,14,31,45,27,8,8,15,24,-3.0,2024-03-23,2024-03-23
22023,1610612753,ORL,Orlando Magic,0022301020,2024-03-23,ORL vs. SAC,L,241,107,42,88,0.477,10,35,0.286,13,18,0.722,12,37,49,27,5,3,13,20,-2.0,2024-03-23,2024-03-23
22023,1610612751,BKN,Brooklyn Nets,0022301019,2024-03-23,BKN @ NYK,L,240,93,34,76,0.447,12,34,0.353,13,15,0.867,8,33,41,26,5,6,15,15,-12.0,2024-03-23,2024-03-23
22023,1610612762,UTA,Utah Jazz,0022301024,2024-03-23,UTA @ HOU,L,239,119,40,89,0.449,11,37,0.297,28,33,0.848,12,28,40,24,2,4,10,11,-28.0,2024-03-23,2024-03-23
22023,1610612759,SAS,San Antonio Spurs,0022301025,2024-03-23,SAS vs. PHX,L,241,106,40,85,0.471,9,33,0.273,17,21,0.81,8,26,34,27,6,6,15,9,-25.0,2024-03-23,2024-03-23
22023,1610612764,WAS,Washington Wizards,0022301022,2024-03-23,WAS vs. TOR,W,239,112,44,92,0.478,11,35,0.314,13,19,0.684,16,39,55,28,7,8,17,18,3.0,2024-03-23,2024-03-23
22023,1610612737,ATL,Atlanta Hawks,0022301021,2024-03-23,ATL vs. CHA,W,240,132,50,90,0.556,20,42,0.476,12,14,0.857,11,32,43,40,9,5,8,14,41.0,2024-03-23,2024-03-23
22023,1610612740,NOP,New Orleans Pelicans,0022301013,2024-03-22,NOP @ MIA,W,240,111,42,82,0.512,18,36,0.5,9,12,0.75,12,44,56,25,3,2,12,13,23.0,2024-03-22,2024-03-22
22023,1610612755,PHI,Philadelphia 76ers,0022301018,2024-03-22,PHI @ LAL,L,240,94,33,96,0.344,8,37,0.216,20,24,0.833,13,29,42,20,13,7,8,23,-7.0,2024-03-22,2024-03-22
22023,1610612759,SAS,San Antonio Spurs,0022301015,2024-03-22,SAS vs. MEM,L,240,97,37,95,0.389,7,38,0.184,16,23,0.696,15,41,56,24,12,7,16,23,-2.0,2024-03-22,2024-03-22
22023,1610612754,IND,Indiana Pacers,0022301016,2024-03-22,IND @ GSW,W,240,123,48,99,0.485,15,36,0.417,12,16,0.75,12,38,50,32,8,10,11,14,12.0,2024-03-22,2024-03-22
22023,1610612760,OKC,Oklahoma City Thunder,0022301012,2024-03-22,OKC @ TOR,W,240,123,48,95,0.505,12,32,0.375,15,19,0.789,13,33,46,27,17,5,15,20,20.0,2024-03-22,2024-03-22
22023,1610612746,LAC,LA Clippers,0022301017,2024-03-22,LAC @ POR,W,240,125,44,77,0.571,14,33,0.424,23,27,0.852,7,33,40,26,8,8,17,21,8.0,2024-03-22,2024-03-22
22023,1610612739,CLE,Cleveland Cavaliers,0022301014,2024-03-22,CLE @ MIN,L,241,91,34,81,0.42,7,29,0.241,16,19,0.842,10,31,41,22,6,5,12,14,-13.0,2024-03-22,2024-03-22
22023,1610612738,BOS,Boston Celtics,0022301011,2024-03-22,BOS @ DET,W,241,129,47,89,0.528,16,45,0.356,19,27,0.704,8,27,35,31,9,5,7,15,27.0,2024-03-22,2024-03-22
22023,1610612737,ATL,Atlanta Hawks,0022301010,2024-03-21,ATL @ PHX,L,241,115,40,91,0.44,12,35,0.343,23,29,0.793,12,24,36,27,11,3,8,23,-13.0,2024-03-21,2024-03-21
22023,1610612764,WAS,Washington Wizards,0022301005,2024-03-21,WAS vs. SAC,W,239,109,41,81,0.506,10,25,0.4,17,23,0.739,10,35,45,20,9,3,19,19,7.0,2024-03-21,2024-03-21
22023,1610612753,ORL,Orlando Magic,0022301004,2024-03-21,ORL vs. NOP,W,241,121,47,86,0.547,14,36,0.389,13,19,0.684,10,30,40,33,12,4,14,16,15.0,2024-03-21,2024-03-21
22023,1610612743,DEN,Denver Nuggets,0022301009,2024-03-21,DEN vs. NYK,W,240,113,45,84,0.536,6,20,0.3,17,20,0.85,9,33,42,31,5,4,9,14,13.0,2024-03-21,2024-03-21
22023,1610612762,UTA,Utah Jazz,0022301008,2024-03-21,UTA @ DAL,L,241,97,38,83,0.458,4,30,0.133,17,19,0.895,5,33,38,29,6,3,18,23,-16.0,2024-03-21,2024-03-21
22023,1610612749,MIL,Milwaukee Bucks,0022301007,2024-03-21,MIL vs. BKN,W,239,115,43,91,0.473,16,41,0.39,13,15,0.867,11,29,40,27,5,4,10,17,7.0,2024-03-21,2024-03-21
22023,1610612745,HOU,Houston Rockets,0022301006,2024-03-21,HOU vs. CHI,W,238,127,47,93,0.505,17,45,0.378,16,20,0.8,13,36,49,27,7,6,14,21,10.0,2024-03-21,2024-03-21
22023,1610612758,SAC,Sacramento Kings,0022300999,2024-03-20,SAC @ TOR,W,239,123,48,93,0.516,12,40,0.3,15,18,0.833,18,35,53,32,14,6,15,16,34.0,2024-03-20,2024-03-20
22023,1610612765,DET,Detroit Pistons,0022300997,2024-03-20,DET vs. IND,L,240,103,37,90,0.411,5,23,0.217,24,30,0.8,12,34,46,23,8,1,15,14,-19.0,2024-03-20,2024-03-20
22023,1610612762,UTA,Utah Jazz,0022301000,2024-03-20,UTA @ OKC,L,238,107,40,90,0.444,10,36,0.278,17,18,0.944,11,36,47,20,6,5,15,22,-12.0,2024-03-20,2024-03-20
22023,1610612763,MEM,Memphis Grizzlies,0022301001,2024-03-20,MEM @ GSW,L,240,116,42,96,0.438,18,49,0.367,14,18,0.778,16,29,45,29,4,3,10,15,-21.0,2024-03-20,2024-03-20
22023,1610612756,PHX,Phoenix Suns,0022301002,2024-03-20,PHX vs. PHI,W,240,115,45,90,0.5,19,39,0.487,6,8,0.75,14,41,55,34,7,12,23,18,13.0,2024-03-20,2024-03-20
22023,1610612757,POR,Portland Trail Blazers,0022301003,2024-03-20,POR vs. LAC,L,240,103,39,81,0.481,15,34,0.441,10,15,0.667,8,30,38,21,6,4,17,16,-13.0,2024-03-20,2024-03-20
22023,1610612749,MIL,Milwaukee Bucks,0022300998,2024-03-20,MIL @ BOS,L,239,119,45,84,0.536,17,35,0.486,12,14,0.857,9,32,41,20,3,6,14,25,-3.0,2024-03-20,2024-03-20
22023,1610612748,MIA,Miami Heat,0022300996,2024-03-20,MIA @ CLE,W,239,107,38,83,0.458,13,36,0.361,18,19,0.947,7,30,37,19,7,2,7,20,3.0,2024-03-20,2024-03-20
22023,1610612751,BKN,Brooklyn Nets,0022300993,2024-03-19,BKN vs. NOP,L,242,91,31,84,0.369,12,40,0.3,17,22,0.773,14,28,42,19,6,4,13,13,-13.0,2024-03-19,2024-03-19
22023,1610612766,CHA,Charlotte Hornets,0022300991,2024-03-19,CHA @ ORL,L,239,92,38,79,0.481,9,29,0.31,7,9,0.778,4,26,30,19,8,1,17,13,-20.0,2024-03-19,2024-03-19
22023,1610612764,WAS,Washington Wizards,0022300992,2024-03-19,WAS vs. HOU,L,240,114,42,98,0.429,15,39,0.385,15,20,0.75,17,27,44,24,6,2,10,27,-23.0,2024-03-19,2024-03-19
22023,1610612743,DEN,Denver Nuggets,0022300995,2024-03-19,DEN @ MIN,W,241,115,42,81,0.519,14,27,0.519,17,22,0.773,11,38,49,26,5,1,17,19,3.0,2024-03-19,2024-03-19
22023,1610612759,SAS,San Antonio Spurs,0022300994,2024-03-19,SAS vs. DAL,L,239,107,39,89,0.438,14,39,0.359,15,21,0.714,9,39,48,31,6,10,15,14,-6.0,2024-03-19,2024-03-19
22023,1610612738,BOS,Boston Celtics,0022300984,2024-03-18,BOS vs. DET,W,240,119,43,95,0.453,22,49,0.449,11,13,0.846,15,38,53,30,8,8,9,9,25.0,2024-03-18,2024-03-18
22023,1610612741,CHI,Chicago Bulls,0022300986,2024-03-18,CHI vs. POR,W,241,110,41,93,0.441,11,33,0.333,17,21,0.81,13,27,40,26,9,5,9,21,3.0,2024-03-18,2024-03-18
22023,1610612750,MIN,Minnesota Timberwolves,0022300987,2024-03-18,MIN @ UTA,W,240,114,44,91,0.484,16,41,0.39,10,12,0.833,12,23,35,27,9,9,9,15,10.0,2024-03-18,2024-03-18
22023,1610612752,NYK,New York Knicks,0022300988,2024-03-18,NYK @ GSW,W,240,119,44,91,0.484,14,37,0.378,17,20,0.85,14,30,44,29,6,1,10,17,7.0,2024-03-18,2024-03-18
22023,1610612739,CLE,Cleveland Cavaliers,0022300983,2024-03-18,CLE @ IND,W,240,108,38,80,0.475,12,32,0.375,20,28,0.714,9,30,39,27,8,4,14,18,5.0,2024-03-18,2024-03-18
22023,1610612737,ATL,Atlanta Hawks,0022300990,2024-03-18,ATL @ LAL,L,240,105,42,98,0.429,9,41,0.22,12,15,0.8,12,30,42,32,8,5,9,14,-31.0,2024-03-18,2024-03-18
22023,1610612748,MIA,Miami Heat,0022300985,2024-03-18,MIA @ PHI,L,240,91,35,89,0.393,12,33,0.364,9,14,0.643,11,38,49,23,8,3,15,13,-7.0,2024-03-18,2024-03-18
22023,1610612763,MEM,Memphis Grizzlies,0022300989,2024-03-18,MEM @ SAC,L,265,111,37,98,0.378,13,38,0.342,24,30,0.8,15,34,49,22,13,7,12,23,-10.0,2024-03-18,2024-03-18
22023,1610612751,BKN,Brooklyn Nets,0022300981,2024-03-17,BKN @ SAS,L,265,115,47,102,0.461,8,31,0.258,13,19,0.684,11,37,48,29,13,5,12,20,-7.0,2024-03-17,2024-03-17
22023,1610612749,MIL,Milwaukee Bucks,0022300976,2024-03-17,MIL vs. PHX,W,239,140,51,94,0.543,24,41,0.585,14,14,1.0,10,25,35,35,11,2,10,12,11.0,2024-03-17,2024-03-17
22023,1610612743,DEN,Denver Nuggets,0022300978,2024-03-17,DEN @ DAL,L,241,105,37,84,0.44,12,28,0.429,19,22,0.864,6,31,37,26,7,6,7,16,-2.0,2024-03-17,2024-03-17
22023,1610612753,ORL,Orlando Magic,0022300979,2024-03-17,ORL vs. TOR,W,242,111,43,85,0.506,11,36,0.306,14,20,0.7,10,29,39,22,7,4,13,16,15.0,2024-03-17,2024-03-17
22023,1610612737,ATL,Atlanta Hawks,0022300982,2024-03-17,ATL @ LAC,W,240,110,41,84,0.488,17,34,0.5,11,12,0.917,10,35,45,32,10,7,14,22,17.0,2024-03-17,2024-03-17
22023,1610612764,WAS,Washington Wizards,0022300980,2024-03-17,WAS vs. BOS,L,239,104,41,89,0.461,10,34,0.294,12,14,0.857,10,30,40,24,3,5,16,20,-26.0,2024-03-17,2024-03-17
22023,1610612748,MIA,Miami Heat,0022300977,2024-03-17,MIA @ DET,W,241,104,40,89,0.449,12,35,0.343,12,16,0.75,11,36,47,24,7,2,9,11,3.0,2024-03-17,2024-03-17
22023,1610612744,GSW,Golden State Warriors,0022300973,2024-03-16,GSW @ LAL,W,241,128,51,97,0.526,14,34,0.412,12,15,0.8,14,31,45,38,3,4,7,19,7.0,2024-03-16,2024-03-16
22023,1610612754,IND,Indiana Pacers,0022300968,2024-03-16,IND vs. BKN,W,240,121,50,105,0.476,6,30,0.2,15,16,0.938,17,33,50,21,13,4,10,23,21.0,2024-03-16,2024-03-16
22023,1610612766,CHA,Charlotte Hornets,0022300969,2024-03-16,CHA @ PHI,L,240,98,37,82,0.451,10,31,0.323,14,18,0.778,12,28,40,21,11,4,16,21,-11.0,2024-03-16,2024-03-16
22023,1610612740,NOP,New Orleans Pelicans,0022300970,2024-03-16,NOP vs. POR,W,240,126,52,97,0.536,13,33,0.394,9,10,0.9,10,29,39,36,8,5,9,13,19.0,2024-03-16,2024-03-16
22023,1610612758,SAC,Sacramento Kings,0022300975,2024-03-16,SAC vs. NYK,L,239,91,30,85,0.353,10,37,0.27,21,26,0.808,11,31,42,22,7,5,12,20,-7.0,2024-03-16,2024-03-16
22023,1610612745,HOU,Houston Rockets,0022300967,2024-03-16,HOU vs. CLE,W,240,117,47,98,0.48,15,42,0.357,8,12,0.667,11,37,48,28,9,7,9,19,14.0,2024-03-16,2024-03-16
22023,1610612741,CHI,Chicago Bulls,0022300971,2024-03-16,CHI vs. WAS,W,240,127,49,85,0.576,8,24,0.333,21,29,0.724,12,39,51,33,9,4,15,16,29.0,2024-03-16,2024-03-16
22023,1610612763,MEM,Memphis Grizzlies,0022300972,2024-03-16,MEM vs. OKC,L,240,112,37,81,0.457,18,44,0.409,20,26,0.769,7,29,36,34,7,4,14,20,-6.0,2024-03-16,2024-03-16
22023,1610612750,MIN,Minnesota Timberwolves,0022300974,2024-03-16,MIN @ UTA,W,241,119,44,93,0.473,19,41,0.463,12,15,0.8,7,37,44,31,8,6,8,16,19.0,2024-03-16,2024-03-16
22023,1610612756,PHX,Phoenix Suns,0022300961,2024-03-15,PHX @ CHA,W,240,107,40,87,0.46,11,38,0.289,16,20,0.8,10,47,57,31,3,3,10,20,11.0,2024-03-15,2024-03-15
22023,1610612759,SAS,San Antonio Spurs,0022300965,2024-03-15,SAS vs. DEN,L,240,106,37,81,0.457,11,29,0.379,21,27,0.778,12,32,44,23,6,4,16,13,-11.0,2024-03-15,2024-03-15
22023,1610612753,ORL,Orlando Magic,0022300963,2024-03-15,ORL @ TOR,W,239,113,40,80,0.5,14,31,0.452,19,22,0.864,6,33,39,25,7,4,14,15,10.0,2024-03-15,2024-03-15
22023,1610612748,MIA,Miami Heat,0022300962,2024-03-15,MIA @ DET,W,239,108,43,91,0.473,7,34,0.206,15,21,0.714,9,35,44,23,14,6,8,16,13.0,2024-03-15,2024-03-15
22023,1610612762,UTA,Utah Jazz,0022300966,2024-03-15,UTA vs. ATL,W,239,124,46,90,0.511,14,36,0.389,18,20,0.9,10,39,49,24,6,7,11,21,2.0,2024-03-15,2024-03-15
22023,1610612740,NOP,New Orleans Pelicans,0022300964,2024-03-15,NOP vs. LAC,W,240,112,42,87,0.483,13,35,0.371,15,20,0.75,9,31,40,28,8,2,8,21,8.0,2024-03-15,2024-03-15
22023,1610612764,WAS,Washington Wizards,0022300957,2024-03-14,WAS @ HOU,L,242,119,46,93,0.495,12,38,0.316,15,19,0.789,7,25,32,29,11,2,13,19,-16.0,2024-03-14,2024-03-14
22023,1610612756,PHX,Phoenix Suns,0022300955,2024-03-14,PHX @ BOS,L,241,112,47,99,0.475,11,31,0.355,7,10,0.7,19,32,51,27,4,3,13,12,-15.0,2024-03-14,2024-03-14
22023,1610612741,CHI,Chicago Bulls,0022300956,2024-03-14,CHI vs. LAC,L,239,111,41,86,0.477,16,35,0.457,13,16,0.813,11,25,36,28,4,2,13,14,-15.0,2024-03-14,2024-03-14
22023,1610612757,POR,Portland Trail Blazers,0022300960,2024-03-14,POR vs. NYK,L,240,93,34,84,0.405,11,33,0.333,14,16,0.875,13,32,45,19,10,2,17,19,-12.0,2024-03-14,2024-03-14
22023,1610612749,MIL,Milwaukee Bucks,0022300958,2024-03-14,MIL vs. PHI,W,241,114,39,72,0.542,16,36,0.444,20,24,0.833,6,31,37,29,6,4,14,14,9.0,2024-03-14,2024-03-14
22023,1610612760,OKC,Oklahoma City Thunder,0022300959,2024-03-14,OKC vs. DAL,W,239,126,45,86,0.523,16,39,0.41,20,23,0.87,8,26,34,28,10,7,13,24,7.0,2024-03-14,2024-03-14
22023,1610612747,LAL,Los Angeles Lakers,0022300954,2024-03-13,LAL @ SAC,L,240,107,38,78,0.487,14,32,0.438,17,22,0.773,7,31,38,25,8,2,14,12,-13.0,2024-03-13,2024-03-13
22023,1610612740,NOP,New Orleans Pelicans,0022300951,2024-03-13,NOP vs. CLE,L,242,95,35,80,0.438,4,22,0.182,21,26,0.808,7,36,43,22,7,6,11,13,-21.0,2024-03-13,2024-03-13
22023,1610612753,ORL,Orlando Magic,0022300947,2024-03-13,ORL vs. BKN,W,242,114,40,77,0.519,14,32,0.438,20,26,0.769,6,28,34,29,6,6,12,20,8.0,2024-03-13,2024-03-13
22023,1610612763,MEM,Memphis Grizzlies,0022300950,2024-03-13,MEM vs. CHA,L,239,98,36,85,0.424,16,40,0.4,10,11,0.909,16,30,46,24,12,5,21,19,-12.0,2024-03-13,2024-03-13
22023,1610612748,MIA,Miami Heat,0022300949,2024-03-13,MIA vs. DEN,L,241,88,34,80,0.425,5,21,0.238,15,18,0.833,8,34,42,18,5,2,8,13,-12.0,2024-03-13,2024-03-13
22023,1610612744,GSW,Golden State Warriors,0022300952,2024-03-13,GSW @ DAL,L,241,99,37,92,0.402,9,28,0.321,16,19,0.842,15,27,42,19,9,3,15,20,-10.0,2024-03-13,2024-03-13
22023,1610612761,TOR,Toronto Raptors,0022300946,2024-03-13,TOR @ DET,L,240,104,41,93,0.441,9,36,0.25,13,19,0.684,3,34,37,32,13,8,11,20,-9.0,2024-03-13,2024-03-13
22023,1610612741,CHI,Chicago Bulls,0022300948,2024-03-13,CHI @ IND,W,265,132,48,92,0.522,10,28,0.357,26,32,0.813,7,41,48,22,6,5,11,21,3.0,2024-03-13,2024-03-13
22023,1610612757,POR,Portland Trail Blazers,0022300953,2024-03-13,POR vs. ATL,W,240,106,38,82,0.463,10,30,0.333,20,24,0.833,12,37,49,24,7,5,18,21,4.0,2024-03-13,2024-03-13
22023,1610612749,MIL,Milwaukee Bucks,0022300945,2024-03-12,MIL @ SAC,L,242,94,30,82,0.366,7,39,0.179,27,35,0.771,10,34,44,23,3,2,13,18,-35.0,2024-03-12,2024-03-12
22023,1610612752,NYK,New York Knicks,0022300939,2024-03-12,NYK vs. PHI,W,240,106,40,79,0.506,14,40,0.35,12,15,0.8,9,42,51,32,4,4,12,15,27.0,2024-03-12,2024-03-12
22023,1610612760,OKC,Oklahoma City Thunder,0022300941,2024-03-12,OKC vs. IND,L,239,111,43,99,0.434,14,37,0.378,11,15,0.733,13,37,50,24,5,4,12,16,-10.0,2024-03-12,2024-03-12
22023,1610612745,HOU,Houston Rockets,0022300942,2024-03-12,HOU @ SAS,W,240,103,37,80,0.463,10,32,0.313,19,21,0.905,8,28,36,21,10,5,12,19,2.0,2024-03-12,2024-03-12
22023,1610612738,BOS,Boston Celtics,0022300943,2024-03-12,BOS @ UTA,W,241,123,43,92,0.467,20,49,0.408,17,19,0.895,14,32,46,25,5,8,8,14,16.0,2024-03-12,2024-03-12
22023,1610612764,WAS,Washington Wizards,0022300940,2024-03-12,WAS @ MEM,L,240,97,37,82,0.451,11,36,0.306,12,16,0.75,4,24,28,26,9,3,13,18,-12.0,2024-03-12,2024-03-12
22023,1610612746,LAC,LA Clippers,0022300944,2024-03-12,LAC vs. MIN,L,240,100,34,72,0.472,11,30,0.367,21,25,0.84,8,26,34,22,7,4,18,18,-18.0,2024-03-12,2024-03-12
22023,1610612761,TOR,Toronto Raptors,0022300937,2024-03-11,TOR @ DEN,L,240,119,47,93,0.505,11,30,0.367,14,17,0.824,11,31,42,30,6,4,11,16,-6.0,2024-03-11,2024-03-11
22023,1610612756,PHX,Phoenix Suns,0022300934,2024-03-11,PHX @ CLE,W,240,117,46,84,0.548,12,32,0.375,13,19,0.684,12,30,42,23,8,6,14,18,6.0,2024-03-11,2024-03-11
22023,1610612741,CHI,Chicago Bulls,0022300935,2024-03-11,CHI vs. DAL,L,238,92,35,89,0.393,7,34,0.206,15,22,0.682,14,29,43,19,6,2,13,12,-35.0,2024-03-11,2024-03-11
22023,1610612757,POR,Portland Trail Blazers,0022300938,2024-03-11,POR vs. BOS,L,241,99,39,87,0.448,10,28,0.357,11,11,1.0,9,29,38,23,3,5,11,11,-22.0,2024-03-11,2024-03-11
22023,1610612744,GSW,Golden State Warriors,0022300936,2024-03-11,GSW @ SAS,W,240,112,46,93,0.495,12,27,0.444,8,12,0.667,10,35,45,28,7,4,13,19,10.0,2024-03-11,2024-03-11
22023,1610612765,DET,Detroit Pistons,0022300933,2024-03-11,DET vs. CHA,W,240,114,41,86,0.477,10,42,0.238,22,24,0.917,9,42,51,26,8,5,12,19,17.0,2024-03-11,2024-03-11
22023,1610612750,MIN,Minnesota Timberwolves,0022300932,2024-03-10,MIN @ LAL,L,239,109,41,97,0.423,16,46,0.348,11,13,0.846,11,27,38,27,8,6,11,18,-11.0,2024-03-10,2024-03-10
22023,1610612748,MIA,Miami Heat,0022300926,2024-03-10,MIA vs. WAS,L,240,108,43,95,0.453,10,33,0.303,12,18,0.667,16,35,51,20,9,6,13,18,-2.0,2024-03-10,2024-03-10
22023,1610612758,SAC,Sacramento Kings,0022300929,2024-03-10,SAC vs. HOU,L,240,104,39,86,0.453,6,32,0.188,20,23,0.87,7,37,44,24,10,5,12,20,-8.0,2024-03-10,2024-03-10
22023,1610612739,CLE,Cleveland Cavaliers,0022300930,2024-03-10,CLE vs. BKN,L,241,101,37,76,0.487,14,32,0.438,13,20,0.65,5,26,31,25,8,4,12,17,-19.0,2024-03-10,2024-03-10
22023,1610612737,ATL,Atlanta Hawks,0022300925,2024-03-10,ATL vs. NOP,L,240,103,38,91,0.418,17,46,0.37,10,13,0.769,12,29,41,28,6,4,11,15,-13.0,2024-03-10,2024-03-10
22023,1610612752,NYK,New York Knicks,0022300927,2024-03-10,NYK vs. PHI,L,240,73,26,80,0.325,9,40,0.225,12,16,0.75,16,34,50,19,9,5,19,14,-6.0,2024-03-10,2024-03-10
22023,1610612749,MIL,Milwaukee Bucks,0022300924,2024-03-10,MIL @ LAC,W,240,124,43,87,0.494,17,38,0.447,21,27,0.778,7,34,41,28,5,6,7,15,7.0,2024-03-10,2024-03-10
22023,1610612754,IND,Indiana Pacers,0022300928,2024-03-10,IND @ ORL,W,239,111,38,78,0.487,8,23,0.348,27,33,0.818,5,41,46,20,5,10,12,21,14.0,2024-03-10,2024-03-10
22023,1610612760,OKC,Oklahoma City Thunder,0022300931,2024-03-10,OKC vs. MEM,W,242,124,49,93,0.527,21,47,0.447,5,5,1.0,8,38,46,36,8,6,10,18,31.0,2024-03-10,2024-03-10
22023,1610612742,DAL,Dallas Mavericks,0022300919,2024-03-09,DAL @ DET,W,240,142,51,92,0.554,14,38,0.368,26,32,0.813,4,32,36,29,13,8,14,18,18.0,2024-03-09,2024-03-09
22023,1610612759,SAS,San Antonio Spurs,0022300921,2024-03-09,SAS @ GSW,W,239,126,44,86,0.512,17,33,0.515,21,28,0.75,12,37,49,34,6,6,12,22,13.0,2024-03-09,2024-03-09
22023,1610612751,BKN,Brooklyn Nets,0022300918,2024-03-09,BKN @ CHA,L,239,99,36,90,0.4,14,42,0.333,13,17,0.765,16,25,41,22,4,2,15,14,-11.0,2024-03-09,2024-03-09
22023,1610612738,BOS,Boston Celtics,0022300920,2024-03-09,BOS @ PHX,W,240,117,46,94,0.489,15,39,0.385,10,13,0.769,13,30,43,29,7,4,12,12,10.0,2024-03-09,2024-03-09
22023,1610612762,UTA,Utah Jazz,0022300922,2024-03-09,UTA @ DEN,L,240,121,47,94,0.5,8,26,0.308,19,25,0.76,14,22,36,22,7,2,15,15,-21.0,2024-03-09,2024-03-09
22023,1610612746,LAC,LA Clippers,0022300917,2024-03-09,LAC vs. CHI,W,240,112,42,84,0.5,12,35,0.343,16,18,0.889,9,36,45,29,7,6,13,20,10.0,2024-03-09,2024-03-09
22023,1610612757,POR,Portland Trail Blazers,0022300923,2024-03-09,POR vs. TOR,W,265,128,49,103,0.476,16,40,0.4,14,15,0.933,18,34,52,31,10,3,14,18,10.0,2024-03-09,2024-03-09
22023,1610612750,MIN,Minnesota Timberwolves,0022300911,2024-03-08,MIN @ CLE,L,265,104,39,94,0.415,8,30,0.267,18,22,0.818,7,38,45,25,5,5,12,25,-9.0,2024-03-08,2024-03-08
22023,1610612752,NYK,New York Knicks,0022300912,2024-03-08,NYK vs. ORL,W,239,98,38,79,0.481,16,33,0.485,6,8,0.75,11,32,43,20,7,10,15,14,24.0,2024-03-08,2024-03-08
22023,1610612745,HOU,Houston Rockets,0022300916,2024-03-08,HOU @ POR,W,239,123,45,94,0.479,14,37,0.378,19,26,0.731,14,33,47,33,12,10,7,15,16.0,2024-03-08,2024-03-08
22023,1610612740,NOP,New Orleans Pelicans,0022300909,2024-03-08,NOP @ PHI,W,241,103,35,79,0.443,11,31,0.355,22,23,0.957,9,39,48,22,7,10,12,18,8.0,2024-03-08,2024-03-08
22023,1610612749,MIL,Milwaukee Bucks,0022300915,2024-03-08,MIL @ LAL,L,240,122,46,93,0.495,16,41,0.39,14,17,0.824,6,37,43,28,3,2,6,17,-1.0,2024-03-08,2024-03-08
22023,1610612766,CHA,Charlotte Hornets,0022300910,2024-03-08,CHA @ WAS,L,240,100,40,100,0.4,9,42,0.214,11,15,0.733,13,35,48,18,6,5,7,19,-12.0,2024-03-08,2024-03-08
22023,1610612737,ATL,Atlanta Hawks,0022300913,2024-03-08,ATL @ MEM,W,240,99,37,87,0.425,15,35,0.429,10,15,0.667,15,32,47,21,9,5,14,20,7.0,2024-03-08,2024-03-08
22023,1610612748,MIA,Miami Heat,0022300914,2024-03-08,MIA @ OKC,L,240,100,38,82,0.463,11,29,0.379,13,18,0.722,7,36,43,24,6,5,10,16,-7.0,2024-03-08,2024-03-08
22023,1610612756,PHX,Phoenix Suns,0022300905,2024-03-07,PHX vs. TOR,W,240,120,44,86,0.512,15,35,0.429,17,20,0.85,10,39,49,29,6,6,14,16,7.0,2024-03-07,2024-03-07
22023,1610612744,GSW,Golden State Warriors,0022300907,2024-03-07,GSW vs. CHI,L,241,122,44,97,0.454,11,42,0.262,23,28,0.821,13,35,48,31,8,2,11,22,-3.0,2024-03-07,2024-03-07
22023,1610612758,SAC,Sacramento Kings,0022300908,2024-03-07,SAC vs. SAS,W,238,131,52,102,0.51,10,32,0.313,17,18,0.944,14,32,46,31,8,3,13,15,2.0,2024-03-07,2024-03-07
22023,1610612748,MIA,Miami Heat,0022300904,2024-03-07,MIA @ DAL,L,241,108,40,82,0.488,17,38,0.447,11,17,0.647,2,35,37,30,7,2,10,20,-6.0,2024-03-07,2024-03-07
22023,1610612754,IND,Indiana Pacers,0022300903,2024-03-07,IND vs. MIN,L,241,111,42,82,0.512,10,26,0.385,17,23,0.739,7,32,39,26,5,10,15,24,-2.0,2024-03-07,2024-03-07
22023,1610612765,DET,Detroit Pistons,0022300902,2024-03-07,DET vs. BKN,W,240,118,43,82,0.524,12,30,0.4,20,21,0.952,13,37,50,24,7,4,22,18,6.0,2024-03-07,2024-03-07
22023,1610612743,DEN,Denver Nuggets,0022300906,2024-03-07,DEN vs. BOS,W,240,115,45,90,0.5,4,21,0.19,21,22,0.955,8,37,45,27,10,4,7,19,6.0,2024-03-07,2024-03-07
22023,1610612741,CHI,Chicago Bulls,0022300898,2024-03-06,CHI @ UTA,W,239,119,45,90,0.5,17,39,0.436,12,15,0.8,7,32,39,29,7,4,7,13,2.0,2024-03-06,2024-03-06
22023,1610612764,WAS,Washington Wizards,0022300894,2024-03-06,WAS vs. ORL,L,239,109,40,88,0.455,12,38,0.316,17,20,0.85,9,26,35,26,7,4,9,20,-10.0,2024-03-06,2024-03-06
22023,1610612758,SAC,Sacramento Kings,0022300901,2024-03-06,SAC @ LAL,W,239,130,54,97,0.557,12,31,0.387,10,12,0.833,9,37,46,32,8,2,13,23,10.0,2024-03-06,2024-03-06
22023,1610612744,GSW,Golden State Warriors,0022300899,2024-03-06,GSW vs. MIL,W,240,125,51,91,0.56,19,39,0.487,4,7,0.571,8,42,50,37,10,13,14,13,35.0,2024-03-06,2024-03-06
22023,1610612746,LAC,LA Clippers,0022300897,2024-03-06,LAC @ HOU,W,240,122,44,80,0.55,12,29,0.414,22,26,0.846,8,33,41,19,5,8,9,17,6.0,2024-03-06,2024-03-06
22023,1610612763,MEM,Memphis Grizzlies,0022300896,2024-03-06,MEM @ PHI,W,241,115,41,91,0.451,13,37,0.351,20,23,0.87,15,39,54,21,3,15,15,14,6.0,2024-03-06,2024-03-06
22023,1610612757,POR,Portland Trail Blazers,0022300900,2024-03-06,POR vs. OKC,L,240,120,41,81,0.506,14,34,0.412,24,27,0.889,7,25,32,27,10,2,17,28,-8.0,2024-03-06,2024-03-06
22023,1610612737,ATL,Atlanta Hawks,0022300895,2024-03-06,ATL vs. CLE,W,241,112,43,84,0.512,11,30,0.367,15,20,0.75,8,34,42,27,7,3,9,17,11.0,2024-03-06,2024-03-06
22023,1610612743,DEN,Denver Nuggets,0022300893,2024-03-05,DEN vs. PHX,L,265,107,41,96,0.427,15,40,0.375,10,14,0.714,10,41,51,25,6,6,14,15,-10.0,2024-03-05,2024-03-05
22023,1610612753,ORL,Orlando Magic,0022300885,2024-03-05,ORL @ CHA,W,241,101,40,74,0.541,13,35,0.371,8,15,0.533,8,33,41,23,9,1,17,16,12.0,2024-03-05,2024-03-05
22023,1610612761,TOR,Toronto Raptors,0022300890,2024-03-05,TOR vs. NOP,L,240,98,36,93,0.387,13,44,0.295,13,22,0.591,11,34,45,21,6,7,11,11,-41.0,2024-03-05,2024-03-05
22023,1610612739,CLE,Cleveland Cavaliers,0022300886,2024-03-05,CLE vs. BOS,W,239,105,39,90,0.433,20,42,0.476,7,11,0.636,8,34,42,28,11,3,8,10,1.0,2024-03-05,2024-03-05
22023,1610612752,NYK,New York Knicks,0022300889,2024-03-05,NYK vs. ATL,L,241,100,38,99,0.384,16,52,0.308,8,11,0.727,17,23,40,27,8,6,11,18,-16.0,2024-03-05,2024-03-05
22023,1610612755,PHI,Philadelphia 76ers,0022300887,2024-03-05,PHI @ BKN,L,240,107,40,82,0.488,12,28,0.429,15,19,0.789,8,30,38,25,6,2,12,24,-5.0,2024-03-05,2024-03-05
22023,1610612748,MIA,Miami Heat,0022300888,2024-03-05,MIA vs. DET,W,240,118,42,85,0.494,14,31,0.452,20,23,0.87,8,34,42,27,7,5,9,14,8.0,2024-03-05,2024-03-05
22023,1610612742,DAL,Dallas Mavericks,0022300892,2024-03-05,DAL vs. IND,L,241,120,45,93,0.484,13,39,0.333,17,21,0.81,9,32,41,23,5,6,9,23,-17.0,2024-03-05,2024-03-05
22023,1610612759,SAS,San Antonio Spurs,0022300891,2024-03-05,SAS @ HOU,L,241,101,38,87,0.437,12,36,0.333,13,16,0.813,12,38,50,24,1,10,18,12,-13.0,2024-03-05,2024-03-05
22023,1610612762,UTA,Utah Jazz,0022300882,2024-03-04,UTA vs. WAS,W,240,127,49,101,0.485,16,40,0.4,13,15,0.867,11,40,51,29,6,9,11,16,12.0,2024-03-04,2024-03-04
22023,1610612747,LAL,Los Angeles Lakers,0022300884,2024-03-04,LAL vs. OKC,W,240,116,41,80,0.513,16,34,0.471,18,25,0.72,12,43,55,29,8,7,20,15,12.0,2024-03-04,2024-03-04
22023,1610612750,MIN,Minnesota Timberwolves,0022300881,2024-03-04,MIN vs. POR,W,240,119,40,79,0.506,11,28,0.393,28,37,0.757,12,28,40,28,9,7,11,17,5.0,2024-03-04,2024-03-04
22023,1610612758,SAC,Sacramento Kings,0022300883,2024-03-04,SAC vs. CHI,L,241,109,41,92,0.446,11,37,0.297,16,18,0.889,20,31,51,29,6,6,17,22,-4.0,2024-03-04,2024-03-04
22023,1610612749,MIL,Milwaukee Bucks,0022300880,2024-03-04,MIL vs. LAC,W,240,113,37,78,0.474,15,38,0.395,24,28,0.857,7,39,46,20,8,3,11,20,7.0,2024-03-04,2024-03-04
22023,1610612763,MEM,Memphis Grizzlies,0022300879,2024-03-04,MEM @ BKN,W,241,106,38,82,0.463,12,37,0.324,18,22,0.818,15,35,50,26,6,3,18,22,4.0,2024-03-04,2024-03-04
22023,1610612756,PHX,Phoenix Suns,0022300878,2024-03-03,PHX vs. OKC,L,240,110,40,91,0.44,14,39,0.359,16,18,0.889,15,35,50,26,2,7,21,15,-8.0,2024-03-03,2024-03-03
22023,1610612755,PHI,Philadelphia 76ers,0022300871,2024-03-03,PHI @ DAL,W,239,120,40,88,0.455,11,37,0.297,29,31,0.935,13,29,42,26,10,5,8,19,4.0,2024-03-03,2024-03-03
22023,1610612746,LAC,LA Clippers,0022300873,2024-03-03,LAC @ MIN,W,239,89,32,85,0.376,10,34,0.294,15,17,0.882,7,33,40,17,7,5,9,12,1.0,2024-03-03,2024-03-03
22023,1610612739,CLE,Cleveland Cavaliers,0022300876,2024-03-03,CLE vs. NYK,L,241,98,39,87,0.448,17,44,0.386,3,8,0.375,10,29,39,31,7,5,10,11,-9.0,2024-03-03,2024-03-03
22023,1610612753,ORL,Orlando Magic,0022300874,2024-03-03,ORL vs. DET,W,239,113,43,72,0.597,7,23,0.304,20,25,0.8,7,41,48,24,7,6,20,16,22.0,2024-03-03,2024-03-03
22023,1610612766,CHA,Charlotte Hornets,0022300875,2024-03-03,CHA @ TOR,L,241,106,43,92,0.467,8,27,0.296,12,16,0.75,11,34,45,24,8,6,16,15,-5.0,2024-03-03,2024-03-03
22023,1610612754,IND,Indiana Pacers,0022300877,2024-03-03,IND @ SAS,L,240,105,41,93,0.441,6,30,0.2,17,21,0.81,14,28,42,20,9,4,10,14,-12.0,2024-03-03,2024-03-03
22023,1610612738,BOS,Boston Celtics,0022300872,2024-03-03,BOS vs. GSW,W,240,140,53,96,0.552,25,49,0.51,9,11,0.818,7,44,51,35,10,5,7,19,52.0,2024-03-03,2024-03-03
22023,1610612762,UTA,Utah Jazz,0022300867,2024-03-02,UTA @ MIA,L,240,120,42,87,0.483,14,35,0.4,22,26,0.846,12,30,42,24,3,5,10,19,-6.0,2024-03-02,2024-03-02
22023,1610612756,PHX,Phoenix Suns,0022300870,2024-03-02,PHX vs. HOU,L,239,109,39,85,0.459,9,29,0.31,22,29,0.759,9,38,47,23,6,6,19,17,-9.0,2024-03-02,2024-03-02
22023,1610612751,BKN,Brooklyn Nets,0022300866,2024-03-02,BKN vs. ATL,W,239,114,41,88,0.466,15,32,0.469,17,22,0.773,12,33,45,28,6,8,10,19,12.0,2024-03-02,2024-03-02
22023,1610612763,MEM,Memphis Grizzlies,0022300868,2024-03-02,MEM vs. POR,L,265,100,30,83,0.361,15,40,0.375,25,33,0.758,9,36,45,21,15,9,22,17,-7.0,2024-03-02,2024-03-02
22023,1610612743,DEN,Denver Nuggets,0022300869,2024-03-02,DEN @ LAL,W,240,124,54,92,0.587,11,26,0.423,5,7,0.714,11,36,47,34,5,7,10,8,10.0,2024-03-02,2024-03-02
22023,1610612738,BOS,Boston Celtics,0022300859,2024-03-01,BOS vs. DAL,W,240,138,52,94,0.553,21,43,0.488,13,13,1.0,9,38,47,33,4,8,9,15,28.0,2024-03-01,2024-03-01
22023,1610612766,CHA,Charlotte Hornets,0022300858,2024-03-01,CHA @ PHI,L,240,114,43,84,0.512,14,33,0.424,14,17,0.824,7,25,32,24,5,6,5,13,-7.0,2024-03-01,2024-03-01
22023,1610612763,MEM,Memphis Grizzlies,0022300861,2024-03-01,MEM vs. POR,L,241,92,35,79,0.443,9,24,0.375,13,22,0.591,8,22,30,15,6,8,21,17,-30.0,2024-03-01,2024-03-01
22023,1610612758,SAC,Sacramento Kings,0022300862,2024-03-01,SAC @ MIN,W,265,124,50,100,0.5,11,29,0.379,13,24,0.542,14,31,45,29,8,6,7,29,4.0,2024-03-01,2024-03-01
22023,1610612739,CLE,Cleveland Cavaliers,0022300857,2024-03-01,CLE @ DET,W,240,110,33,83,0.398,18,41,0.439,26,30,0.867,12,41,53,25,7,6,15,20,10.0,2024-03-01,2024-03-01
22023,1610612764,WAS,Washington Wizards,0022300865,2024-03-01,WAS @ LAC,L,240,115,46,98,0.469,12,34,0.353,11,15,0.733,9,30,39,29,5,3,9,17,-25.0,2024-03-01,2024-03-01
22023,1610612749,MIL,Milwaukee Bucks,0022300864,2024-03-01,MIL @ CHI,W,240,113,37,86,0.43,15,46,0.326,24,32,0.75,11,38,49,22,7,4,7,18,16.0,2024-03-01,2024-03-01
22023,1610612744,GSW,Golden State Warriors,0022300860,2024-03-01,GSW @ TOR,W,241,120,44,98,0.449,18,44,0.409,14,18,0.778,15,41,56,26,10,5,14,14,15.0,2024-03-01,2024-03-01
22023,1610612754,IND,Indiana Pacers,0022300863,2024-03-01,IND @ NOP,L,241,102,40,95,0.421,10,32,0.313,12,18,0.667,17,27,44,25,9,8,16,21,-27.0,2024-03-01,2024-03-01
22023,1610612745,HOU,Houston Rockets,0022300854,2024-02-29,HOU @ PHX,L,241,105,33,99,0.333,11,45,0.244,28,31,0.903,19,39,58,14,8,5,12,29,-5.0,2024-02-29,2024-02-29
22023,1610612764,WAS,Washington Wizards,0022300856,2024-02-29,WAS @ LAL,L,264,131,52,102,0.51,17,41,0.415,10,12,0.833,10,35,45,35,6,6,15,19,-3.0,2024-02-29,2024-02-29
22023,1610612748,MIA,Miami Heat,0022300855,2024-02-29,MIA @ DEN,L,240,97,35,83,0.422,7,26,0.269,20,24,0.833,9,36,45,21,10,1,14,16,-6.0,2024-02-29,2024-02-29
22023,1610612762,UTA,Utah Jazz,0022300850,2024-02-29,UTA @ ORL,L,242,107,34,80,0.425,16,37,0.432,23,28,0.821,7,30,37,25,8,1,13,22,-8.0,2024-02-29,2024-02-29
22023,1610612760,OKC,Oklahoma City Thunder,0022300853,2024-02-29,OKC @ SAS,L,239,118,44,89,0.494,9,31,0.29,21,22,0.955,7,30,37,20,6,2,10,15,-14.0,2024-02-29,2024-02-29
22023,1610612749,MIL,Milwaukee Bucks,0022300849,2024-02-29,MIL @ CHA,W,239,111,39,86,0.453,16,39,0.41,17,20,0.85,8,36,44,21,9,3,7,18,12.0,2024-02-29,2024-02-29
22023,1610612737,ATL,Atlanta Hawks,0022300851,2024-02-29,ATL @ BKN,L,241,97,37,86,0.43,8,28,0.286,15,21,0.714,8,31,39,18,3,8,11,14,-27.0,2024-02-29,2024-02-29
22023,1610612752,NYK,New York Knicks,0022300852,2024-02-29,NYK vs. GSW,L,239,99,35,95,0.368,12,39,0.308,17,24,0.708,17,39,56,23,7,3,12,15,-11.0,2024-02-29,2024-02-29
22023,1610612743,DEN,Denver Nuggets,0022300847,2024-02-28,DEN vs. SAC,W,241,117,46,86,0.535,15,35,0.429,10,11,0.909,5,38,43,35,10,6,15,17,21.0,2024-02-28,2024-02-28
22023,1610612754,IND,Indiana Pacers,0022300843,2024-02-28,IND vs. NOP,W,241,123,50,102,0.49,14,38,0.368,9,9,1.0,14,36,50,34,5,9,8,21,9.0,2024-02-28,2024-02-28
22023,1610612750,MIN,Minnesota Timberwolves,0022300845,2024-02-28,MIN vs. MEM,W,241,110,39,79,0.494,14,35,0.4,18,22,0.818,5,34,39,29,4,13,13,19,9.0,2024-02-28,2024-02-28
22023,1610612761,TOR,Toronto Raptors,0022300844,2024-02-28,TOR vs. DAL,L,240,125,46,98,0.469,13,35,0.371,20,30,0.667,12,32,44,34,11,3,11,21,-11.0,2024-02-28,2024-02-28
22023,1610612746,LAC,LA Clippers,0022300848,2024-02-28,LAC vs. LAL,L,239,112,45,89,0.506,10,37,0.27,12,16,0.75,9,27,36,29,10,1,12,17,-4.0,2024-02-28,2024-02-28
22023,1610612741,CHI,Chicago Bulls,0022300846,2024-02-28,CHI vs. CLE,W,291,132,44,110,0.4,13,37,0.351,31,38,0.816,25,49,74,29,6,8,16,18,9.0,2024-02-28,2024-02-28
22023,1610612748,MIA,Miami Heat,0022300842,2024-02-27,MIA @ POR,W,239,106,37,70,0.529,14,26,0.538,18,26,0.692,6,28,34,29,8,8,18,19,10.0,2024-02-27,2024-02-27
22023,1610612742,DAL,Dallas Mavericks,0022300832,2024-02-27,DAL @ CLE,L,240,119,48,91,0.527,14,33,0.424,9,15,0.6,5,31,36,23,11,6,5,12,-2.0,2024-02-27,2024-02-27
22023,1610612759,SAS,San Antonio Spurs,0022300838,2024-02-27,SAS @ MIN,L,240,105,39,82,0.476,16,41,0.39,11,15,0.733,7,34,41,28,9,7,22,15,-9.0,2024-02-27,2024-02-27
22023,1610612766,CHA,Charlotte Hornets,0022300840,2024-02-27,CHA @ MIL,L,241,85,30,81,0.37,11,40,0.275,14,17,0.824,5,32,37,24,6,2,13,16,-38.0,2024-02-27,2024-02-27
22023,1610612765,DET,Detroit Pistons,0022300839,2024-02-27,DET @ CHI,W,240,105,37,75,0.493,14,37,0.378,17,23,0.739,8,39,47,22,3,8,18,19,10.0,2024-02-27,2024-02-27
22023,1610612762,UTA,Utah Jazz,0022300835,2024-02-27,UTA @ ATL,L,240,97,35,94,0.372,11,38,0.289,16,19,0.842,12,31,43,24,11,4,17,15,-27.0,2024-02-27,2024-02-27
22023,1610612755,PHI,Philadelphia 76ers,0022300836,2024-02-27,PHI @ BOS,L,240,99,37,94,0.394,14,42,0.333,11,12,0.917,8,20,28,20,6,5,9,23,-18.0,2024-02-27,2024-02-27
22023,1610612753,ORL,Orlando Magic,0022300833,2024-02-27,ORL vs. BKN,W,240,108,39,74,0.527,9,25,0.36,21,25,0.84,5,33,38,20,14,2,17,22,27.0,2024-02-27,2024-02-27
22023,1610612740,NOP,New Orleans Pelicans,0022300837,2024-02-27,NOP @ NYK,W,241,115,39,77,0.506,18,34,0.529,19,23,0.826,10,34,44,23,4,5,14,21,23.0,2024-02-27,2024-02-27
22023,1610612745,HOU,Houston Rockets,0022300841,2024-02-27,HOU @ OKC,L,239,95,37,95,0.389,9,39,0.231,12,18,0.667,12,34,46,22,5,8,15,16,-17.0,2024-02-27,2024-02-27
22023,1610612764,WAS,Washington Wizards,0022300834,2024-02-27,WAS vs. GSW,L,239,112,46,93,0.495,12,35,0.343,8,10,0.8,11,30,41,34,5,5,20,12,-11.0,2024-02-27,2024-02-27
22023,1610612751,BKN,Brooklyn Nets,0022300830,2024-02-26,BKN @ MEM,W,239,111,44,90,0.489,15,42,0.357,8,14,0.571,12,34,46,32,5,5,8,24,25.0,2024-02-26,2024-02-26
22023,1610612748,MIA,Miami Heat,0022300831,2024-02-26,MIA @ SAC,W,240,121,45,87,0.517,11,30,0.367,20,25,0.8,10,29,39,27,12,3,11,12,11.0,2024-02-26,2024-02-26
22023,1610612754,IND,Indiana Pacers,0022300829,2024-02-26,IND vs. TOR,L,241,122,46,100,0.46,13,42,0.31,17,23,0.739,13,30,43,27,8,5,10,19,-8.0,2024-02-26,2024-02-26
22023,1610612765,DET,Detroit Pistons,0022300828,2024-02-26,DET @ NYK,L,241,111,38,79,0.481,14,30,0.467,21,26,0.808,10,32,42,25,9,6,17,15,-2.0,2024-02-26,2024-02-26
22023,1610612762,UTA,Utah Jazz,0022300825,2024-02-25,UTA vs. SAS,W,242,128,46,90,0.511,17,35,0.486,19,22,0.864,5,33,38,36,13,8,17,17,19.0,2024-02-25,2024-02-25
22023,1610612744,GSW,Golden State Warriors,0022300824,2024-02-25,GSW vs. DEN,L,241,103,35,81,0.432,11,34,0.324,22,29,0.759,11,31,42,27,5,3,17,18,-16.0,2024-02-25,2024-02-25
22023,1610612757,POR,Portland Trail Blazers,0022300826,2024-02-25,POR vs. CHA,L,240,80,33,95,0.347,3,32,0.094,11,16,0.688,22,34,56,14,11,4,15,16,-13.0,2024-02-25,2024-02-25
22023,1610612756,PHX,Phoenix Suns,0022300818,2024-02-25,PHX vs. LAL,W,239,123,44,93,0.473,17,40,0.425,18,19,0.947,14,37,51,32,6,9,12,12,10.0,2024-02-25,2024-02-25
22023,1610612741,CHI,Chicago Bulls,0022300823,2024-02-25,CHI @ NOP,W,240,114,41,95,0.432,13,40,0.325,19,21,0.905,12,37,49,29,12,0,9,15,8.0,2024-02-25,2024-02-25
22023,1610612737,ATL,Atlanta Hawks,0022300821,2024-02-25,ATL vs. ORL,W,241,109,41,90,0.456,12,29,0.414,15,17,0.882,9,35,44,31,10,3,9,17,17.0,2024-02-25,2024-02-25
22023,1610612755,PHI,Philadelphia 76ers,0022300817,2024-02-25,PHI vs. MIL,L,239,98,36,97,0.371,16,46,0.348,10,11,0.909,13,28,41,24,12,5,10,18,-21.0,2024-02-25,2024-02-25
22023,1610612745,HOU,Houston Rockets,0022300822,2024-02-25,HOU vs. OKC,L,239,110,38,93,0.409,16,41,0.39,18,23,0.783,13,37,50,18,6,7,18,16,-13.0,2024-02-25,2024-02-25
22023,1610612764,WAS,Washington Wizards,0022300820,2024-02-25,WAS vs. CLE,L,240,105,40,90,0.444,12,40,0.3,13,18,0.722,4,36,40,29,6,2,9,22,-9.0,2024-02-25,2024-02-25
22023,1610612758,SAC,Sacramento Kings,0022300827,2024-02-25,SAC @ LAC,W,241,123,45,91,0.495,15,37,0.405,18,22,0.818,14,27,41,29,10,1,10,15,16.0,2024-02-25,2024-02-25
22023,1610612754,IND,Indiana Pacers,0022300819,2024-02-25,IND vs. DAL,W,239,133,52,93,0.559,14,36,0.389,15,17,0.882,6,40,46,38,12,0,12,16,22.0,2024-02-25,2024-02-25
22023,1610612765,DET,Detroit Pistons,0022300814,2024-02-24,DET vs. ORL,L,240,109,43,85,0.506,14,31,0.452,9,13,0.692,7,29,36,29,7,7,12,21,-3.0,2024-02-24,2024-02-24
22023,1610612750,MIN,Minnesota Timberwolves,0022300815,2024-02-24,MIN vs. BKN,W,238,101,36,84,0.429,12,38,0.316,17,23,0.739,6,45,51,22,6,9,12,14,15.0,2024-02-24,2024-02-24
22023,1610612752,NYK,New York Knicks,0022300816,2024-02-24,NYK vs. BOS,L,240,102,37,82,0.451,13,38,0.342,15,16,0.938,15,24,39,21,1,3,13,15,-14.0,2024-02-24,2024-02-24
22023,1610612766,CHA,Charlotte Hornets,0022300811,2024-02-23,CHA @ GSW,L,241,84,32,88,0.364,11,39,0.282,9,11,0.818,13,30,43,21,13,6,18,15,-13.0,2024-02-23,2024-02-23
22023,1610612764,WAS,Washington Wizards,0022300809,2024-02-23,WAS @ OKC,L,244,106,41,104,0.394,9,38,0.237,15,21,0.714,16,27,43,20,10,3,14,17,-41.0,2024-02-23,2024-02-23
22023,1610612750,MIN,Minnesota Timberwolves,0022300808,2024-02-23,MIN vs. MIL,L,240,107,43,98,0.439,13,35,0.371,8,13,0.615,16,36,52,23,8,4,13,18,-5.0,2024-02-23,2024-02-23
22023,1610612748,MIA,Miami Heat,0022300810,2024-02-23,MIA @ NOP,W,241,106,38,82,0.463,13,29,0.448,17,25,0.68,10,36,46,20,6,11,14,14,11.0,2024-02-23,2024-02-23
22023,1610612746,LAC,LA Clippers,0022300807,2024-02-23,LAC @ MEM,W,240,101,37,84,0.44,12,32,0.375,15,17,0.882,14,37,51,20,7,2,20,20,6.0,2024-02-23,2024-02-23
22023,1610612743,DEN,Denver Nuggets,0022300812,2024-02-23,DEN @ POR,W,240,127,50,85,0.588,13,33,0.394,14,22,0.636,11,34,45,38,8,6,12,17,15.0,2024-02-23,2024-02-23
22023,1610612756,PHX,Phoenix Suns,0022300806,2024-02-23,PHX @ HOU,L,240,110,38,95,0.4,7,31,0.226,27,35,0.771,19,39,58,23,10,8,10,20,-4.0,2024-02-23,2024-02-23
22023,1610612737,ATL,Atlanta Hawks,0022300804,2024-02-23,ATL vs. TOR,L,239,121,46,106,0.434,12,39,0.308,17,24,0.708,20,34,54,27,5,4,9,11,-2.0,2024-02-23,2024-02-23
22023,1610612739,CLE,Cleveland Cavaliers,0022300805,2024-02-23,CLE @ PHI,L,239,97,34,80,0.425,8,27,0.296,21,31,0.677,5,38,43,24,5,8,10,15,-7.0,2024-02-23,2024-02-23
22023,1610612747,LAL,Los Angeles Lakers,0022300813,2024-02-23,LAL vs. SAS,W,241,123,49,95,0.516,11,27,0.407,14,18,0.778,10,36,46,28,7,4,12,18,5.0,2024-02-23,2024-02-23
22023,1610612741,CHI,Chicago Bulls,0022300797,2024-02-22,CHI vs. BOS,L,242,112,44,94,0.468,10,28,0.357,14,16,0.875,13,32,45,30,6,2,13,17,-17.0,2024-02-22,2024-02-22
22023,1610612753,ORL,Orlando Magic,0022300792,2024-02-22,ORL @ CLE,W,241,116,43,84,0.512,14,25,0.56,16,18,0.889,10,23,33,26,8,3,13,23,7.0,2024-02-22,2024-02-22
22023,1610612744,GSW,Golden State Warriors,0022300802,2024-02-22,GSW vs. LAL,W,241,128,50,107,0.467,16,41,0.39,12,14,0.857,15,33,48,32,6,4,9,19,18.0,2024-02-22,2024-02-22
22023,1610612758,SAC,Sacramento Kings,0022300803,2024-02-22,SAC vs. SAS,W,240,127,52,93,0.559,13,33,0.394,10,14,0.714,7,35,42,29,5,6,10,12,5.0,2024-02-22,2024-02-22
22023,1610612751,BKN,Brooklyn Nets,0022300795,2024-02-22,BKN @ TOR,L,240,93,33,80,0.413,11,37,0.297,16,22,0.727,6,33,39,19,7,2,19,24,-28.0,2024-02-22,2024-02-22
22023,1610612766,CHA,Charlotte Hornets,0022300801,2024-02-22,CHA @ UTA,W,240,115,40,92,0.435,20,42,0.476,15,22,0.682,12,30,42,28,11,3,9,23,8.0,2024-02-22,2024-02-22
22023,1610612764,WAS,Washington Wizards,0022300800,2024-02-22,WAS @ DEN,L,239,110,40,104,0.385,17,38,0.447,13,23,0.565,14,26,40,30,14,1,14,15,-20.0,2024-02-22,2024-02-22
22023,1610612752,NYK,New York Knicks,0022300794,2024-02-22,NYK @ PHI,W,239,110,38,79,0.481,15,34,0.441,19,27,0.704,12,33,45,24,11,6,15,13,14.0,2024-02-22,2024-02-22
22023,1610612746,LAC,LA Clippers,0022300799,2024-02-22,LAC @ OKC,L,240,107,42,93,0.452,12,32,0.375,11,13,0.846,11,31,42,27,6,2,14,15,-22.0,2024-02-22,2024-02-22
22023,1610612740,NOP,New Orleans Pelicans,0022300798,2024-02-22,NOP vs. HOU,W,239,127,50,96,0.521,16,41,0.39,11,18,0.611,9,34,43,35,16,6,13,21,22.0,2024-02-22,2024-02-22
22023,1610612756,PHX,Phoenix Suns,0022300796,2024-02-22,PHX @ DAL,L,240,113,40,83,0.482,15,36,0.417,18,24,0.75,11,30,41,20,7,4,16,21,-10.0,2024-02-22,2024-02-22
22023,1610612754,IND,Indiana Pacers,0022300793,2024-02-22,IND vs. DET,W,240,129,50,94,0.532,13,30,0.433,16,19,0.842,7,35,42,36,10,5,13,15,14.0,2024-02-22,2024-02-22
22023,1610612749,MIL,Milwaukee Bucks,0022300790,2024-02-15,MIL @ MEM,L,241,110,42,90,0.467,11,44,0.25,15,20,0.75,11,33,44,24,10,5,13,22,-3.0,2024-02-15,2024-02-15
22023,1610612762,UTA,Utah Jazz,0022300576,2024-02-15,UTA vs. GSW,L,240,137,43,93,0.462,22,49,0.449,29,32,0.906,17,31,48,33,10,3,16,22,-3.0,2024-02-15,2024-02-15
22023,1610612757,POR,Portland Trail Blazers,0022300791,2024-02-15,POR vs. MIN,L,238,91,31,83,0.373,8,29,0.276,21,30,0.7,9,26,35,18,8,5,15,23,-37.0,2024-02-15,2024-02-15
22023,1610612740,NOP,New Orleans Pelicans,0022300784,2024-02-14,NOP vs. WAS,W,240,133,50,89,0.562,10,32,0.313,23,29,0.793,8,31,39,36,14,6,10,21,7.0,2024-02-14,2024-02-14
22023,1610612762,UTA,Utah Jazz,0022300788,2024-02-14,UTA vs. LAL,L,238,122,49,101,0.485,14,45,0.311,10,13,0.769,15,29,44,29,5,7,13,21,-16.0,2024-02-14,2024-02-14
22023,1610612754,IND,Indiana Pacers,0022300782,2024-02-14,IND @ TOR,W,240,127,47,97,0.485,17,41,0.415,16,23,0.696,9,30,39,32,9,9,8,20,2.0,2024-02-14,2024-02-14
22023,1610612744,GSW,Golden State Warriors,0022300789,2024-02-14,GSW vs. LAC,L,240,125,47,103,0.456,18,47,0.383,13,18,0.722,13,34,47,34,7,2,9,25,-5.0,2024-02-14,2024-02-14
22023,1610612755,PHI,Philadelphia 76ers,0022300779,2024-02-14,PHI vs. MIA,L,240,104,41,86,0.477,10,35,0.286,12,16,0.75,6,33,39,29,3,1,14,20,-5.0,2024-02-14,2024-02-14
22023,1610612738,BOS,Boston Celtics,0022300780,2024-02-14,BOS vs. BKN,W,240,136,52,91,0.571,22,45,0.489,10,12,0.833,10,41,51,32,6,5,8,13,50.0,2024-02-14,2024-02-14
22023,1610612741,CHI,Chicago Bulls,0022300781,2024-02-14,CHI @ CLE,L,240,105,38,83,0.458,14,33,0.424,15,17,0.882,9,35,44,18,5,3,14,21,-3.0,2024-02-14,2024-02-14
22023,1610612759,SAS,San Antonio Spurs,0022300785,2024-02-14,SAS @ DAL,L,239,93,36,100,0.36,10,40,0.25,11,15,0.733,13,31,44,29,8,7,11,9,-23.0,2024-02-14,2024-02-14
22023,1610612752,NYK,New York Knicks,0022300778,2024-02-14,NYK @ ORL,L,240,100,35,84,0.417,11,29,0.379,19,24,0.792,16,18,34,15,8,0,10,11,-18.0,2024-02-14,2024-02-14
22023,1610612766,CHA,Charlotte Hornets,0022300777,2024-02-14,CHA vs. ATL,W,239,122,44,89,0.494,15,37,0.405,19,20,0.95,12,34,46,27,7,4,12,18,23.0,2024-02-14,2024-02-14
22023,1610612743,DEN,Denver Nuggets,0022300786,2024-02-14,DEN vs. SAC,L,239,98,35,89,0.393,9,26,0.346,19,22,0.864,12,33,45,27,6,5,12,18,-4.0,2024-02-14,2024-02-14
22023,1610612765,DET,Detroit Pistons,0022300787,2024-02-14,DET @ PHX,L,241,100,38,99,0.384,10,37,0.27,14,22,0.636,16,32,48,26,14,5,19,32,-16.0,2024-02-14,2024-02-14
22023,1610612763,MEM,Memphis Grizzlies,0022300783,2024-02-14,MEM vs. HOU,W,241,121,39,79,0.494,15,35,0.429,28,41,0.683,8,38,46,27,8,11,11,20,8.0,2024-02-14,2024-02-14
22023,1610612757,POR,Portland Trail Blazers,0022300775,2024-02-13,POR vs. MIN,L,242,109,39,87,0.448,11,29,0.379,20,25,0.8,12,32,44,26,5,1,16,29,-12.0,2024-02-13,2024-02-13
22023,1610612753,ORL,Orlando Magic,0022300772,2024-02-13,ORL vs. OKC,L,237,113,41,91,0.451,11,36,0.306,20,25,0.8,14,34,48,29,6,3,16,19,-14.0,2024-02-13,2024-02-13
22023,1610612748,MIA,Miami Heat,0022300773,2024-02-13,MIA @ MIL,W,238,123,45,87,0.517,19,40,0.475,14,18,0.778,7,40,47,34,10,3,14,13,26.0,2024-02-13,2024-02-13
22023,1610612758,SAC,Sacramento Kings,0022300774,2024-02-13,SAC @ PHX,L,240,125,49,95,0.516,9,31,0.29,18,24,0.75,15,35,50,27,8,6,13,27,-5.0,2024-02-13,2024-02-13
22023,1610612751,BKN,Brooklyn Nets,0022300771,2024-02-13,BKN vs. BOS,L,241,110,39,79,0.494,15,33,0.455,17,26,0.654,7,30,37,28,6,3,12,21,-8.0,2024-02-13,2024-02-13
22023,1610612747,LAL,Los Angeles Lakers,0022300776,2024-02-13,LAL vs. DET,W,238,125,43,84,0.512,14,35,0.4,25,30,0.833,7,40,47,32,6,11,15,14,14.0,2024-02-13,2024-02-13
22023,1610612762,UTA,Utah Jazz,0022300769,2024-02-12,UTA vs. GSW,L,238,107,41,92,0.446,11,32,0.344,14,16,0.875,9,35,44,23,8,7,17,17,-22.0,2024-02-12,2024-02-12
22023,1610612743,DEN,Denver Nuggets,0022300767,2024-02-12,DEN @ MIL,L,240,95,36,94,0.383,11,40,0.275,12,17,0.706,12,36,48,24,7,2,13,14,-17.0,2024-02-12,2024-02-12
22023,1610612759,SAS,San Antonio Spurs,0022300764,2024-02-12,SAS @ TOR,W,239,122,46,87,0.529,11,30,0.367,19,23,0.826,5,41,46,37,12,13,17,14,23.0,2024-02-12,2024-02-12
22023,1610612750,MIN,Minnesota Timberwolves,0022300770,2024-02-12,MIN @ LAC,W,238,121,46,86,0.535,11,34,0.324,18,19,0.947,9,32,41,33,9,7,11,20,21.0,2024-02-12,2024-02-12
22023,1610612764,WAS,Washington Wizards,0022300768,2024-02-12,WAS @ DAL,L,240,104,44,106,0.415,7,32,0.219,9,15,0.6,12,40,52,27,9,7,15,25,-8.0,2024-02-12,2024-02-12
22023,1610612740,NOP,New Orleans Pelicans,0022300766,2024-02-12,NOP @ MEM,W,240,96,32,78,0.41,13,35,0.371,19,24,0.792,12,37,49,21,12,4,17,18,9.0,2024-02-12,2024-02-12
22023,1610612754,IND,Indiana Pacers,0022300761,2024-02-12,IND @ CHA,L,241,102,42,83,0.506,8,30,0.267,10,16,0.625,2,30,32,31,9,3,11,11,-9.0,2024-02-12,2024-02-12
22023,1610612741,CHI,Chicago Bulls,0022300763,2024-02-12,CHI @ ATL,W,240,136,51,92,0.554,13,28,0.464,21,29,0.724,7,36,43,29,6,2,6,22,10.0,2024-02-12,2024-02-12
22023,1610612745,HOU,Houston Rockets,0022300765,2024-02-12,HOU vs. NYK,W,240,105,36,80,0.45,10,26,0.385,23,33,0.697,12,27,39,22,12,3,11,16,2.0,2024-02-12,2024-02-12
22023,1610612739,CLE,Cleveland Cavaliers,0022300762,2024-02-12,CLE vs. PHI,L,240,121,44,92,0.478,13,37,0.351,20,25,0.8,15,28,43,33,6,8,10,17,-2.0,2024-02-12,2024-02-12
22023,1610612748,MIA,Miami Heat,0022300759,2024-02-11,MIA vs. BOS,L,240,106,40,97,0.412,12,40,0.3,14,15,0.933,14,31,45,21,4,2,7,14,-4.0,2024-02-11,2024-02-11
22023,1610612758,SAC,Sacramento Kings,0022300760,2024-02-11,SAC @ OKC,L,240,113,44,90,0.489,16,42,0.381,9,13,0.692,10,30,40,32,5,5,18,22,-14.0,2024-02-11,2024-02-11
22023,1610612742,DAL,Dallas Mavericks,0022300748,2024-02-10,DAL vs. OKC,W,239,146,53,91,0.582,15,38,0.395,25,33,0.758,11,43,54,30,8,3,12,23,35.0,2024-02-10,2024-02-10
22023,1610612764,WAS,Washington Wizards,0022300753,2024-02-10,WAS vs. PHI,L,239,113,42,86,0.488,13,35,0.371,16,21,0.762,7,32,39,28,7,8,15,23,-6.0,2024-02-10,2024-02-10
22023,1610612751,BKN,Brooklyn Nets,0022300750,2024-02-10,BKN vs. SAS,W,241,123,49,87,0.563,17,34,0.5,8,11,0.727,9,32,41,31,8,7,11,23,20.0,2024-02-10,2024-02-10
22023,1610612765,DET,Detroit Pistons,0022300749,2024-02-10,DET @ LAC,L,240,106,45,102,0.441,9,30,0.3,7,7,1.0,14,43,57,27,7,2,14,19,-6.0,2024-02-10,2024-02-10
22023,1610612763,MEM,Memphis Grizzlies,0022300751,2024-02-10,MEM @ CHA,L,239,106,43,92,0.467,16,44,0.364,4,8,0.5,9,23,32,33,12,5,12,13,-9.0,2024-02-10,2024-02-10
22023,1610612752,NYK,New York Knicks,0022300755,2024-02-10,NYK vs. IND,L,240,111,40,84,0.476,10,32,0.313,21,23,0.913,5,27,32,16,7,4,9,15,-14.0,2024-02-10,2024-02-10
22023,1610612741,CHI,Chicago Bulls,0022300752,2024-02-10,CHI @ ORL,L,264,108,43,99,0.434,12,37,0.324,10,14,0.714,18,25,43,21,10,6,8,24,-6.0,2024-02-10,2024-02-10
22023,1610612739,CLE,Cleveland Cavaliers,0022300756,2024-02-10,CLE @ TOR,W,240,119,48,92,0.522,14,41,0.341,9,13,0.692,14,33,47,36,5,4,10,18,24.0,2024-02-10,2024-02-10
22023,1610612740,NOP,New Orleans Pelicans,0022300758,2024-02-10,NOP @ POR,W,240,93,36,76,0.474,10,27,0.37,11,16,0.688,8,28,36,27,9,6,12,14,9.0,2024-02-10,2024-02-10
22023,1610612744,GSW,Golden State Warriors,0022300757,2024-02-10,GSW vs. PHX,W,238,113,45,101,0.446,17,41,0.415,6,11,0.545,13,39,52,33,6,2,13,20,1.0,2024-02-10,2024-02-10
22023,1610612737,ATL,Atlanta Hawks,0022300754,2024-02-10,ATL vs. HOU,W,240,122,40,88,0.455,14,41,0.341,28,37,0.757,9,32,41,25,7,8,11,18,9.0,2024-02-10,2024-02-10
22023,1610612761,TOR,Toronto Raptors,0022300744,2024-02-09,TOR vs. HOU,W,240,107,40,95,0.421,10,33,0.303,17,19,0.895,16,25,41,24,14,8,11,17,3.0,2024-02-09,2024-02-09
22023,1610612738,BOS,Boston Celtics,0022300743,2024-02-09,BOS vs. WAS,W,240,133,48,92,0.522,11,34,0.324,26,28,0.929,9,40,49,25,9,5,13,17,4.0,2024-02-09,2024-02-09
22023,1610612743,DEN,Denver Nuggets,0022300746,2024-02-09,DEN @ SAC,L,240,106,38,82,0.463,10,29,0.345,20,28,0.714,9,26,35,26,9,5,20,16,-29.0,2024-02-09,2024-02-09
22023,1610612747,LAL,Los Angeles Lakers,0022300747,2024-02-09,LAL vs. NOP,W,241,139,49,88,0.557,14,31,0.452,27,32,0.844,5,27,32,32,5,5,7,20,17.0,2024-02-09,2024-02-09
22023,1610612755,PHI,Philadelphia 76ers,0022300742,2024-02-09,PHI vs. ATL,L,241,121,42,98,0.429,15,45,0.333,22,29,0.759,18,31,49,24,7,6,9,24,-6.0,2024-02-09,2024-02-09
22023,1610612749,MIL,Milwaukee Bucks,0022300745,2024-02-09,MIL vs. CHA,W,241,120,41,94,0.436,18,52,0.346,20,24,0.833,10,43,53,26,8,5,5,24,36.0,2024-02-09,2024-02-09
22023,1610612759,SAS,San Antonio Spurs,0022300734,2024-02-08,SAS @ ORL,L,239,111,42,81,0.519,11,35,0.314,16,17,0.941,4,23,27,29,7,5,14,16,-16.0,2024-02-08,2024-02-08
22023,1610612743,DEN,Denver Nuggets,0022300740,2024-02-08,DEN @ LAL,W,239,114,47,97,0.485,14,32,0.438,6,7,0.857,14,36,50,33,4,6,12,17,8.0,2024-02-08,2024-02-08
22023,1610612744,GSW,Golden State Warriors,0022300733,2024-02-08,GSW @ IND,W,241,131,52,93,0.559,17,32,0.531,10,13,0.769,10,39,49,33,7,7,17,22,22.0,2024-02-08,2024-02-08
22023,1610612752,NYK,New York Knicks,0022300736,2024-02-08,NYK vs. DAL,L,239,108,42,94,0.447,14,37,0.378,10,11,0.909,14,32,46,27,5,2,14,19,-14.0,2024-02-08,2024-02-08
22023,1610612750,MIN,Minnesota Timberwolves,0022300738,2024-02-08,MIN @ MIL,W,241,129,48,87,0.552,21,41,0.512,12,16,0.75,12,31,43,34,8,3,8,17,24.0,2024-02-08,2024-02-08
22023,1610612757,POR,Portland Trail Blazers,0022300741,2024-02-08,POR vs. DET,L,265,122,41,89,0.461,11,30,0.367,29,33,0.879,11,27,38,29,9,7,15,27,-6.0,2024-02-08,2024-02-08
22023,1610612762,UTA,Utah Jazz,0022300739,2024-02-08,UTA @ PHX,L,241,115,41,94,0.436,12,35,0.343,21,31,0.677,19,33,52,28,7,7,15,14,-14.0,2024-02-08,2024-02-08
22023,1610612751,BKN,Brooklyn Nets,0022300735,2024-02-08,BKN vs. CLE,L,239,95,37,93,0.398,10,25,0.4,11,14,0.786,12,22,34,22,9,3,12,17,-23.0,2024-02-08,2024-02-08
22023,1610612741,CHI,Chicago Bulls,0022300737,2024-02-08,CHI @ MEM,W,240,118,43,79,0.544,12,26,0.462,20,22,0.909,8,38,46,24,3,4,14,16,8.0,2024-02-08,2024-02-08
22023,1610612759,SAS,San Antonio Spurs,0022300730,2024-02-07,SAS @ MIA,L,240,104,41,90,0.456,12,37,0.324,10,17,0.588,6,40,46,30,6,2,14,21,-12.0,2024-02-07,2024-02-07
22023,1610612744,GSW,Golden State Warriors,0022300727,2024-02-07,GSW @ PHI,W,239,127,47,94,0.5,16,38,0.421,17,22,0.773,12,40,52,30,7,8,12,21,23.0,2024-02-07,2024-02-07
22023,1610612739,CLE,Cleveland Cavaliers,0022300728,2024-02-07,CLE @ WAS,W,240,114,43,88,0.489,12,35,0.343,16,22,0.727,7,39,46,25,4,5,14,11,8.0,2024-02-07,2024-02-07
22023,1610612765,DET,Detroit Pistons,0022300732,2024-02-07,DET @ SAC,W,238,133,47,84,0.56,17,31,0.548,22,22,1.0,6,42,48,32,2,2,11,21,13.0,2024-02-07,2024-02-07
22023,1610612737,ATL,Atlanta Hawks,0022300729,2024-02-07,ATL @ BOS,L,240,117,43,102,0.422,13,41,0.317,18,20,0.9,13,36,49,24,8,2,9,13,-8.0,2024-02-07,2024-02-07
22023,1610612746,LAC,LA Clippers,0022300731,2024-02-07,LAC vs. NOP,L,238,106,36,78,0.462,12,32,0.375,22,26,0.846,8,29,37,23,7,2,19,17,-11.0,2024-02-07,2024-02-07
22023,1610612766,CHA,Charlotte Hornets,0022300726,2024-02-07,CHA vs. TOR,L,239,117,44,90,0.489,16,39,0.41,13,20,0.65,9,29,38,27,6,2,10,20,-6.0,2024-02-07,2024-02-07
22023,1610612742,DAL,Dallas Mavericks,0022300720,2024-02-06,DAL @ BKN,W,240,119,46,91,0.505,19,43,0.442,8,13,0.615,6,39,45,25,7,3,10,12,12.0,2024-02-06,2024-02-06
22023,1610612750,MIN,Minnesota Timberwolves,0022300723,2024-02-06,MIN @ CHI,L,265,123,42,92,0.457,20,45,0.444,19,26,0.731,10,32,42,28,6,5,13,25,-6.0,2024-02-06,2024-02-06
22023,1610612745,HOU,Houston Rockets,0022300719,2024-02-06,HOU @ IND,L,240,129,50,97,0.515,12,25,0.48,17,23,0.739,20,28,48,26,5,3,15,16,-3.0,2024-02-06,2024-02-06
22023,1610612756,PHX,Phoenix Suns,0022300725,2024-02-06,PHX vs. MIL,W,240,114,44,87,0.506,8,28,0.286,18,27,0.667,8,41,49,17,8,5,13,19,8.0,2024-02-06,2024-02-06
22023,1610612763,MEM,Memphis Grizzlies,0022300722,2024-02-06,MEM @ NYK,L,241,113,41,80,0.513,21,37,0.568,10,16,0.625,8,27,35,33,4,5,18,15,-10.0,2024-02-06,2024-02-06
22023,1610612753,ORL,Orlando Magic,0022300721,2024-02-06,ORL @ MIA,L,239,95,35,80,0.438,10,35,0.286,15,21,0.714,8,31,39,25,7,3,18,17,-26.0,2024-02-06,2024-02-06
22023,1610612760,OKC,Oklahoma City Thunder,0022300724,2024-02-06,OKC @ UTA,L,239,117,43,90,0.478,19,37,0.514,12,18,0.667,9,23,32,26,9,9,11,16,-7.0,2024-02-06,2024-02-06
22023,1610612751,BKN,Brooklyn Nets,0022300717,2024-02-05,BKN vs. GSW,L,240,98,34,89,0.382,13,42,0.31,17,22,0.773,11,27,38,23,7,12,10,23,-11.0,2024-02-05,2024-02-05
22023,1610612737,ATL,Atlanta Hawks,0022300716,2024-02-05,ATL vs. LAC,L,240,144,51,95,0.537,20,39,0.513,22,27,0.815,13,26,39,35,5,4,11,22,-5.0,2024-02-05,2024-02-05
22023,1610612761,TOR,Toronto Raptors,0022300718,2024-02-05,TOR @ NOP,L,241,100,40,84,0.476,10,31,0.323,10,15,0.667,10,28,38,27,4,6,18,12,-38.0,2024-02-05,2024-02-05
22023,1610612758,SAC,Sacramento Kings,0022300714,2024-02-05,SAC @ CLE,L,239,110,43,93,0.462,17,44,0.386,7,12,0.583,10,30,40,28,5,1,12,18,-26.0,2024-02-05,2024-02-05
22023,1610612766,CHA,Charlotte Hornets,0022300713,2024-02-05,CHA vs. LAL,L,240,118,47,96,0.49,13,32,0.406,11,14,0.786,5,29,34,26,9,1,9,16,-6.0,2024-02-05,2024-02-05
22023,1610612742,DAL,Dallas Mavericks,0022300715,2024-02-05,DAL @ PHI,W,243,118,42,87,0.483,17,43,0.395,17,23,0.739,8,36,44,28,6,4,9,16,16.0,2024-02-05,2024-02-05
22023,1610612743,DEN,Denver Nuggets,0022300712,2024-02-04,DEN vs. POR,W,240,112,42,86,0.488,12,28,0.429,16,19,0.842,14,28,42,26,8,6,8,11,9.0,2024-02-04,2024-02-04
22023,1610612738,BOS,Boston Celtics,0022300706,2024-02-04,BOS vs. MEM,W,242,131,48,99,0.485,19,51,0.373,16,18,0.889,17,40,57,30,12,4,10,13,40.0,2024-02-04,2024-02-04
22023,1610612765,DET,Detroit Pistons,0022300704,2024-02-04,DET vs. ORL,L,241,99,36,80,0.45,8,31,0.258,19,22,0.864,9,27,36,22,6,5,15,18,-12.0,2024-02-04,2024-02-04
22023,1610612750,MIN,Minnesota Timberwolves,0022300709,2024-02-04,MIN vs. HOU,W,238,111,40,90,0.444,11,30,0.367,20,27,0.741,11,47,58,21,6,11,15,19,21.0,2024-02-04,2024-02-04
22023,1610612756,PHX,Phoenix Suns,0022300705,2024-02-04,PHX @ WAS,W,241,140,54,88,0.614,11,25,0.44,21,26,0.808,9,33,42,33,13,6,17,12,28.0,2024-02-04,2024-02-04
22023,1610612748,MIA,Miami Heat,0022300708,2024-02-04,MIA vs. LAC,L,241,95,38,91,0.418,8,30,0.267,11,12,0.917,12,33,45,24,9,0,10,19,-8.0,2024-02-04,2024-02-04
22023,1610612760,OKC,Oklahoma City Thunder,0022300710,2024-02-04,OKC vs. TOR,W,290,135,52,110,0.473,23,63,0.365,8,8,1.0,14,31,45,40,6,8,10,15,8.0,2024-02-04,2024-02-04
22023,1610612762,UTA,Utah Jazz,0022300711,2024-02-04,UTA vs. MIL,W,240,123,43,89,0.483,17,44,0.386,20,24,0.833,12,40,52,31,3,3,16,24,15.0,2024-02-04,2024-02-04
22023,1610612754,IND,Indiana Pacers,0022300707,2024-02-04,IND @ CHA,W,241,115,45,92,0.489,11,33,0.333,14,18,0.778,11,38,49,34,5,4,11,15,16.0,2024-02-04,2024-02-04
22023,1610612744,GSW,Golden State Warriors,0022300699,2024-02-03,GSW @ ATL,L,266,134,50,112,0.446,18,56,0.321,16,20,0.8,14,43,57,26,4,7,14,23,-7.0,2024-02-03,2024-02-03
22023,1610612759,SAS,San Antonio Spurs,0022300703,2024-02-03,SAS vs. CLE,L,240,101,36,98,0.367,12,40,0.3,17,21,0.81,14,40,54,23,6,6,11,13,-16.0,2024-02-03,2024-02-03
22023,1610612751,BKN,Brooklyn Nets,0022300698,2024-02-03,BKN @ PHI,W,240,136,49,95,0.516,20,51,0.392,18,23,0.783,13,40,53,35,3,5,10,20,15.0,2024-02-03,2024-02-03
22023,1610612747,LAL,Los Angeles Lakers,0022300701,2024-02-03,LAL @ NYK,W,240,113,39,80,0.488,12,31,0.387,23,27,0.852,3,35,38,28,4,11,5,16,8.0,2024-02-03,2024-02-03
22023,1610612741,CHI,Chicago Bulls,0022300700,2024-02-03,CHI vs. SAC,L,239,115,42,91,0.462,11,34,0.324,20,22,0.909,11,36,47,24,13,3,16,20,-8.0,2024-02-03,2024-02-03
22023,1610612742,DAL,Dallas Mavericks,0022300702,2024-02-03,DAL vs. MIL,L,240,117,40,81,0.494,16,39,0.41,21,23,0.913,8,34,42,22,9,1,21,19,-12.0,2024-02-03,2024-02-03
22023,1610612758,SAC,Sacramento Kings,0022300691,2024-02-02,SAC @ IND,W,239,133,51,90,0.567,13,34,0.382,18,28,0.643,9,29,38,26,15,3,16,17,11.0,2024-02-02,2024-02-02
22023,1610612759,SAS,San Antonio Spurs,0022300696,2024-02-02,SAS vs. NOP,L,240,113,46,96,0.479,10,39,0.256,11,18,0.611,18,37,55,35,6,10,18,16,-1.0,2024-02-02,2024-02-02
22023,1610612756,PHX,Phoenix Suns,0022300690,2024-02-02,PHX @ ATL,L,240,120,47,88,0.534,14,37,0.378,12,14,0.857,8,30,38,31,6,5,16,17,-9.0,2024-02-02,2024-02-02
22023,1610612753,ORL,Orlando Magic,0022300694,2024-02-02,ORL @ MIN,W,240,108,39,85,0.459,9,25,0.36,21,26,0.808,10,32,42,24,11,4,13,17,2.0,2024-02-02,2024-02-02
22023,1610612763,MEM,Memphis Grizzlies,0022300693,2024-02-02,MEM vs. GSW,L,238,101,35,87,0.402,14,46,0.304,17,24,0.708,9,28,37,30,7,4,13,20,-20.0,2024-02-02,2024-02-02
22023,1610612764,WAS,Washington Wizards,0022300689,2024-02-02,WAS vs. MIA,L,239,102,37,90,0.411,11,42,0.262,17,21,0.81,6,37,43,28,5,4,8,25,-8.0,2024-02-02,2024-02-02
22023,1610612746,LAC,LA Clippers,0022300688,2024-02-02,LAC @ DET,W,241,136,53,89,0.596,14,29,0.483,16,19,0.842,7,29,36,31,12,5,9,21,11.0,2024-02-02,2024-02-02
22023,1610612743,DEN,Denver Nuggets,0022300697,2024-02-02,DEN vs. POR,W,242,120,46,91,0.505,12,36,0.333,16,17,0.941,16,32,48,34,3,6,11,20,12.0,2024-02-02,2024-02-02
22023,1610612760,OKC,Oklahoma City Thunder,0022300695,2024-02-02,OKC vs. CHA,W,240,126,44,75,0.587,17,36,0.472,21,27,0.778,3,41,44,31,10,10,16,17,20.0,2024-02-02,2024-02-02
22023,1610612745,HOU,Houston Rockets,0022300692,2024-02-02,HOU vs. TOR,W,240,135,55,93,0.591,11,31,0.355,14,17,0.824,7,42,49,30,9,3,14,20,29.0,2024-02-02,2024-02-02
22023,1610612752,NYK,New York Knicks,0022300685,2024-02-01,NYK vs. IND,W,241,109,41,103,0.398,8,38,0.211,19,25,0.76,24,36,60,15,8,7,10,14,4.0,2024-02-01,2024-02-01
22023,1610612763,MEM,Memphis Grizzlies,0022300687,2024-02-01,MEM vs. CLE,L,241,101,37,90,0.411,12,38,0.316,15,17,0.882,7,36,43,25,9,12,12,19,-7.0,2024-02-01,2024-02-01
22023,1610612762,UTA,Utah Jazz,0022300686,2024-02-01,UTA vs. PHI,L,240,124,45,87,0.517,12,36,0.333,22,25,0.88,10,33,43,36,3,9,9,15,-3.0,2024-02-01,2024-02-01
22023,1610612747,LAL,Los Angeles Lakers,0022300684,2024-02-01,LAL @ BOS,W,241,114,38,94,0.404,19,36,0.528,19,26,0.731,15,37,52,30,11,2,7,8,9.0,2024-02-01,2024-02-01
22023,1610612739,CLE,Cleveland Cavaliers,0022300675,2024-01-31,CLE vs. DET,W,238,128,47,89,0.528,12,35,0.343,22,23,0.957,10,23,33,26,13,5,9,15,7.0,2024-01-31,2024-01-31
22023,1610612750,MIN,Minnesota Timberwolves,0022300680,2024-01-31,MIN vs. DAL,W,239,121,45,80,0.563,13,30,0.433,18,30,0.6,9,36,45,31,6,4,10,24,34.0,2024-01-31,2024-01-31
22023,1610612743,DEN,Denver Nuggets,0022300682,2024-01-31,DEN @ OKC,L,240,100,37,93,0.398,15,37,0.405,11,16,0.688,12,35,47,21,7,9,8,23,-5.0,2024-01-31,2024-01-31
22023,1610612748,MIA,Miami Heat,0022300678,2024-01-31,MIA vs. SAC,W,241,115,42,84,0.5,13,28,0.464,18,23,0.783,7,42,49,38,3,2,8,16,9.0,2024-01-31,2024-01-31
22023,1610612741,CHI,Chicago Bulls,0022300674,2024-01-31,CHI @ CHA,W,240,117,45,87,0.517,11,29,0.379,16,22,0.727,11,33,44,28,4,7,9,13,7.0,2024-01-31,2024-01-31
22023,1610612764,WAS,Washington Wizards,0022300676,2024-01-31,WAS vs. LAC,L,239,109,45,97,0.464,9,29,0.31,10,15,0.667,12,33,45,19,4,10,13,19,-16.0,2024-01-31,2024-01-31
22023,1610612740,NOP,New Orleans Pelicans,0022300679,2024-01-31,NOP @ HOU,W,239,110,41,82,0.5,11,34,0.324,17,24,0.708,12,44,56,20,3,6,16,22,11.0,2024-01-31,2024-01-31
22023,1610612756,PHX,Phoenix Suns,0022300677,2024-01-31,PHX @ BKN,W,240,136,49,79,0.62,14,28,0.5,24,32,0.75,9,33,42,35,5,6,15,12,16.0,2024-01-31,2024-01-31
22023,1610612759,SAS,San Antonio Spurs,0022300681,2024-01-31,SAS vs. ORL,L,240,98,36,80,0.45,9,31,0.29,17,24,0.708,7,34,41,24,9,9,17,20,-10.0,2024-01-31,2024-01-31
22023,1610612757,POR,Portland Trail Blazers,0022300683,2024-01-31,POR vs. MIL,W,240,119,49,92,0.533,12,28,0.429,9,9,1.0,9,30,39,26,9,1,11,20,3.0,2024-01-31,2024-01-31
22023,1610612741,CHI,Chicago Bulls,0022300672,2024-01-30,CHI vs. TOR,L,240,107,38,75,0.507,11,32,0.344,20,27,0.741,6,27,33,21,9,9,17,16,-11.0,2024-01-30,2024-01-30
22023,1610612755,PHI,Philadelphia 76ers,0022300673,2024-01-30,PHI @ GSW,L,241,107,39,85,0.459,13,30,0.433,16,21,0.762,13,26,39,11,14,2,16,24,-12.0,2024-01-30,2024-01-30
22023,1610612747,LAL,Los Angeles Lakers,0022300669,2024-01-30,LAL @ ATL,L,238,122,48,90,0.533,12,33,0.364,14,25,0.56,7,30,37,28,12,3,14,16,-16.0,2024-01-30,2024-01-30
22023,1610612738,BOS,Boston Celtics,0022300670,2024-01-30,BOS vs. IND,W,240,129,47,87,0.54,17,36,0.472,18,22,0.818,7,33,40,25,6,9,10,16,5.0,2024-01-30,2024-01-30
22023,1610612762,UTA,Utah Jazz,0022300671,2024-01-30,UTA @ NYK,L,240,103,39,86,0.453,12,36,0.333,13,17,0.765,15,28,43,23,3,5,14,16,-15.0,2024-01-30,2024-01-30
22023,1610612753,ORL,Orlando Magic,0022300666,2024-01-29,ORL @ DAL,L,240,129,45,88,0.511,18,38,0.474,21,28,0.75,12,23,35,27,7,1,11,33,-2.0,2024-01-29,2024-01-29
22023,1610612740,NOP,New Orleans Pelicans,0022300659,2024-01-29,NOP @ BOS,L,241,112,46,91,0.505,10,35,0.286,10,13,0.769,9,31,40,21,7,6,12,14,-6.0,2024-01-29,2024-01-29
22023,1610612759,SAS,San Antonio Spurs,0022300665,2024-01-29,SAS vs. WAS,L,241,113,43,92,0.467,12,30,0.4,15,17,0.882,10,26,36,31,10,7,14,17,-5.0,2024-01-29,2024-01-29
22023,1610612751,BKN,Brooklyn Nets,0022300660,2024-01-29,BKN vs. UTA,W,237,147,54,105,0.514,21,45,0.467,18,19,0.947,16,34,50,41,12,9,8,24,33.0,2024-01-29,2024-01-29
22023,1610612750,MIN,Minnesota Timberwolves,0022300664,2024-01-29,MIN @ OKC,W,239,107,40,83,0.482,14,29,0.483,13,15,0.867,9,36,45,21,7,2,13,19,6.0,2024-01-29,2024-01-29
22023,1610612763,MEM,Memphis Grizzlies,0022300663,2024-01-29,MEM vs. SAC,L,239,94,30,80,0.375,13,36,0.361,21,28,0.75,9,28,37,22,11,1,14,16,-9.0,2024-01-29,2024-01-29
22023,1610612746,LAC,LA Clippers,0022300658,2024-01-29,LAC @ CLE,L,240,108,38,80,0.475,11,34,0.324,21,28,0.75,6,31,37,28,8,3,12,21,-10.0,2024-01-29,2024-01-29
22023,1610612743,DEN,Denver Nuggets,0022300667,2024-01-29,DEN vs. MIL,W,240,113,44,91,0.484,4,18,0.222,21,24,0.875,9,38,47,29,7,4,8,22,6.0,2024-01-29,2024-01-29
22023,1610612745,HOU,Houston Rockets,0022300662,2024-01-29,HOU vs. LAL,W,238,135,52,98,0.531,12,36,0.333,19,25,0.76,14,42,56,36,10,2,15,19,16.0,2024-01-29,2024-01-29
22023,1610612748,MIA,Miami Heat,0022300661,2024-01-29,MIA vs. PHX,L,239,105,33,84,0.393,14,36,0.389,25,25,1.0,8,36,44,20,5,5,11,18,-13.0,2024-01-29,2024-01-29
22023,1610612752,NYK,New York Knicks,0022300657,2024-01-29,NYK @ CHA,W,241,113,44,84,0.524,12,37,0.324,13,16,0.813,7,35,42,25,5,3,9,16,21.0,2024-01-29,2024-01-29
22023,1610612755,PHI,Philadelphia 76ers,0022300668,2024-01-29,PHI @ POR,L,240,104,37,83,0.446,5,29,0.172,25,28,0.893,12,22,34,17,6,5,14,25,-26.0,2024-01-29,2024-01-29
22023,1610612761,TOR,Toronto Raptors,0022300653,2024-01-28,TOR @ ATL,L,240,125,41,89,0.461,15,31,0.484,28,32,0.875,15,31,46,29,12,3,14,30,-1.0,2024-01-28,2024-01-28
22023,1610612741,CHI,Chicago Bulls,0022300656,2024-01-28,CHI @ POR,W,240,104,42,90,0.467,8,32,0.25,12,17,0.706,5,35,40,27,7,10,4,19,8.0,2024-01-28,2024-01-28
22023,1610612760,OKC,Oklahoma City Thunder,0022300654,2024-01-28,OKC @ DET,L,240,104,44,92,0.478,8,28,0.286,8,12,0.667,11,32,43,17,7,5,10,18,-16.0,2024-01-28,2024-01-28
22023,1610612756,PHX,Phoenix Suns,0022300655,2024-01-28,PHX @ ORL,L,240,98,41,73,0.562,4,14,0.286,12,21,0.571,6,33,39,19,4,5,22,19,-15.0,2024-01-28,2024-01-28
22023,1610612754,IND,Indiana Pacers,0022300652,2024-01-28,IND vs. MEM,W,239,116,44,90,0.489,13,35,0.371,15,16,0.938,11,33,44,31,8,6,10,26,6.0,2024-01-28,2024-01-28
22023,1610612762,UTA,Utah Jazz,0022300647,2024-01-27,UTA @ CHA,W,241,134,52,93,0.559,17,41,0.415,13,17,0.765,15,34,49,38,6,6,13,18,12.0,2024-01-27,2024-01-27
22023,1610612747,LAL,Los Angeles Lakers,0022300650,2024-01-27,LAL @ GSW,W,291,145,49,101,0.485,9,27,0.333,38,43,0.884,7,48,55,33,9,5,19,21,1.0,2024-01-27,2024-01-27
22023,1610612743,DEN,Denver Nuggets,0022300644,2024-01-27,DEN vs. PHI,W,240,111,37,82,0.451,13,37,0.351,24,38,0.632,13,31,44,25,5,3,7,15,6.0,2024-01-27,2024-01-27
22023,1610612758,SAC,Sacramento Kings,0022300651,2024-01-27,SAC @ DAL,W,240,120,43,80,0.538,11,30,0.367,23,30,0.767,6,33,39,27,4,10,13,20,5.0,2024-01-27,2024-01-27
22023,1610612748,MIA,Miami Heat,0022300643,2024-01-27,MIA @ NYK,L,239,109,41,88,0.466,14,37,0.378,13,16,0.813,8,30,38,26,6,4,8,18,-16.0,2024-01-27,2024-01-27
22023,1610612738,BOS,Boston Celtics,0022300646,2024-01-27,BOS vs. LAC,L,240,96,36,100,0.36,10,40,0.25,14,16,0.875,18,34,52,21,2,9,11,13,-19.0,2024-01-27,2024-01-27
22023,1610612759,SAS,San Antonio Spurs,0022300649,2024-01-27,SAS vs. MIN,W,242,113,46,84,0.548,13,30,0.433,8,15,0.533,14,25,39,35,7,7,15,14,1.0,2024-01-27,2024-01-27
22023,1610612764,WAS,Washington Wizards,0022300642,2024-01-27,WAS @ DET,W,240,118,45,100,0.45,11,34,0.324,17,21,0.81,16,34,50,26,10,4,9,19,14.0,2024-01-27,2024-01-27
22023,1610612751,BKN,Brooklyn Nets,0022300645,2024-01-27,BKN vs. HOU,W,240,106,36,74,0.486,12,34,0.353,22,37,0.595,2,38,40,24,11,6,19,22,2.0,2024-01-27,2024-01-27
22023,1610612740,NOP,New Orleans Pelicans,0022300648,2024-01-27,NOP @ MIL,L,242,117,40,85,0.471,9,23,0.391,28,36,0.778,9,34,43,20,5,3,14,17,-24.0,2024-01-27,2024-01-27
22023,1610612739,CLE,Cleveland Cavaliers,0022300639,2024-01-26,CLE @ MIL,W,240,112,38,92,0.413,14,36,0.389,22,31,0.71,15,36,51,20,7,8,13,22,12.0,2024-01-26,2024-01-26
22023,1610612746,LAC,LA Clippers,0022300637,2024-01-26,LAC @ TOR,W,241,127,48,95,0.505,9,32,0.281,22,24,0.917,12,38,50,29,6,7,10,17,20.0,2024-01-26,2024-01-26
22023,1610612753,ORL,Orlando Magic,0022300638,2024-01-26,ORL @ MEM,L,239,106,38,81,0.469,9,34,0.265,21,29,0.724,9,31,40,21,8,4,11,14,-1.0,2024-01-26,2024-01-26
22023,1610612740,NOP,New Orleans Pelicans,0022300640,2024-01-26,NOP vs. OKC,L,239,83,32,82,0.39,9,36,0.25,10,14,0.714,8,33,41,24,9,5,20,16,-24.0,2024-01-26,2024-01-26
22023,1610612737,ATL,Atlanta Hawks,0022300634,2024-01-26,ATL vs. DAL,L,239,143,51,97,0.526,15,34,0.441,26,30,0.867,12,24,36,32,7,2,7,24,-5.0,2024-01-26,2024-01-26
22023,1610612745,HOU,Houston Rockets,0022300635,2024-01-26,HOU @ CHA,W,241,138,50,89,0.562,13,33,0.394,25,31,0.806,11,42,53,34,7,10,12,20,34.0,2024-01-26,2024-01-26
22023,1610612757,POR,Portland Trail Blazers,0022300641,2024-01-26,POR @ SAS,L,239,100,38,90,0.422,10,37,0.27,14,19,0.737,8,29,37,23,11,3,13,20,-16.0,2024-01-26,2024-01-26
22023,1610612756,PHX,Phoenix Suns,0022300636,2024-01-26,PHX @ IND,L,238,131,51,89,0.573,13,30,0.433,16,18,0.889,7,31,38,24,8,5,20,17,-2.0,2024-01-26,2024-01-26
22023,1610612754,IND,Indiana Pacers,0022300627,2024-01-25,IND vs. PHI,W,240,134,53,93,0.57,12,28,0.429,16,21,0.762,12,43,55,35,6,8,21,33,12.0,2024-01-25,2024-01-25
22023,1610612741,CHI,Chicago Bulls,0022300633,2024-01-25,CHI @ LAL,L,240,132,47,88,0.534,12,37,0.324,26,29,0.897,12,27,39,27,7,6,16,18,-9.0,2024-01-25,2024-01-25
22023,1610612744,GSW,Golden State Warriors,0022300632,2024-01-25,GSW vs. SAC,L,239,133,48,86,0.558,19,37,0.514,18,23,0.783,6,27,33,30,7,3,13,19,-1.0,2024-01-25,2024-01-25
22023,1610612750,MIN,Minnesota Timberwolves,0022300629,2024-01-25,MIN @ BKN,W,241,96,37,75,0.493,10,21,0.476,12,16,0.75,5,33,38,24,6,4,14,17,2.0,2024-01-25,2024-01-25
22023,1610612762,UTA,Utah Jazz,0022300628,2024-01-25,UTA @ WAS,W,240,123,50,97,0.515,13,31,0.419,10,12,0.833,13,39,52,34,6,2,15,19,15.0,2024-01-25,2024-01-25
22023,1610612752,NYK,New York Knicks,0022300631,2024-01-25,NYK vs. DEN,W,239,122,45,85,0.529,15,38,0.395,17,20,0.85,12,32,44,26,12,3,8,14,38.0,2024-01-25,2024-01-25
22023,1610612738,BOS,Boston Celtics,0022300630,2024-01-25,BOS @ MIA,W,239,143,51,80,0.638,22,40,0.55,19,20,0.95,6,41,47,36,4,5,11,10,33.0,2024-01-25,2024-01-25
22023,1610612748,MIA,Miami Heat,0022300621,2024-01-24,MIA vs. MEM,L,241,96,33,82,0.402,11,34,0.324,19,25,0.76,11,33,44,21,9,9,17,17,-9.0,2024-01-24,2024-01-24
22023,1610612737,ATL,Atlanta Hawks,0022300626,2024-01-24,ATL @ GSW,L,241,112,39,94,0.415,14,43,0.326,20,26,0.769,13,32,45,30,7,2,10,16,-22.0,2024-01-24,2024-01-24
22023,1610612750,MIN,Minnesota Timberwolves,0022300620,2024-01-24,MIN @ WAS,W,242,118,42,100,0.42,9,32,0.281,25,29,0.862,15,33,48,26,8,7,7,22,11.0,2024-01-24,2024-01-24
22023,1610612745,HOU,Houston Rockets,0022300623,2024-01-24,HOU vs. POR,L,266,131,50,94,0.532,12,36,0.333,19,22,0.864,8,29,37,29,8,6,8,19,-6.0,2024-01-24,2024-01-24
22023,1610612739,CLE,Cleveland Cavaliers,0022300624,2024-01-24,CLE @ MIL,L,240,116,46,91,0.505,13,38,0.342,11,15,0.733,6,33,39,26,5,2,12,18,-10.0,2024-01-24,2024-01-24
22023,1610612756,PHX,Phoenix Suns,0022300625,2024-01-24,PHX @ DAL,W,241,132,51,85,0.6,14,34,0.412,16,22,0.727,11,38,49,30,10,4,15,20,23.0,2024-01-24,2024-01-24
22023,1610612765,DET,Detroit Pistons,0022300619,2024-01-24,DET vs. CHA,W,240,113,43,86,0.5,15,38,0.395,12,20,0.6,5,39,44,26,4,0,11,17,7.0,2024-01-24,2024-01-24
22023,1610612760,OKC,Oklahoma City Thunder,0022300622,2024-01-24,OKC @ SAS,W,240,140,54,96,0.563,18,40,0.45,14,16,0.875,16,31,47,36,11,8,15,20,26.0,2024-01-24,2024-01-24
22023,1610612752,NYK,New York Knicks,0022300615,2024-01-23,NYK @ BKN,W,239,108,40,86,0.465,10,29,0.345,18,19,0.947,11,31,42,21,8,8,13,13,5.0,2024-01-23,2024-01-23
22023,1610612743,DEN,Denver Nuggets,0022300614,2024-01-23,DEN @ IND,W,241,114,44,88,0.5,11,33,0.333,15,17,0.882,11,31,42,22,5,9,10,17,5.0,2024-01-23,2024-01-23
22023,1610612760,OKC,Oklahoma City Thunder,0022300617,2024-01-23,OKC vs. POR,W,240,111,43,89,0.483,7,23,0.304,18,28,0.643,10,33,43,23,9,10,12,18,2.0,2024-01-23,2024-01-23
22023,1610612740,NOP,New Orleans Pelicans,0022300616,2024-01-23,NOP vs. UTA,W,241,153,60,104,0.577,23,46,0.5,10,15,0.667,12,45,57,41,5,4,9,24,29.0,2024-01-23,2024-01-23
22023,1610612747,LAL,Los Angeles Lakers,0022300618,2024-01-23,LAL @ LAC,L,241,116,45,92,0.489,11,32,0.344,15,22,0.682,13,28,41,27,9,8,15,15,-11.0,2024-01-23,2024-01-23
22023,1610612742,DAL,Dallas Mavericks,0022300611,2024-01-22,DAL vs. BOS,L,242,110,43,97,0.443,14,40,0.35,10,14,0.714,10,38,48,24,4,4,10,20,-9.0,2024-01-22,2024-01-22
22023,1610612758,SAC,Sacramento Kings,0022300613,2024-01-22,SAC vs. ATL,W,240,122,43,93,0.462,12,38,0.316,24,27,0.889,10,41,51,22,8,2,8,21,15.0,2024-01-22,2024-01-22
22023,1610612750,MIN,Minnesota Timberwolves,0022300610,2024-01-22,MIN vs. CHA,L,241,125,44,84,0.524,18,41,0.439,19,25,0.76,6,30,36,34,4,1,13,15,-3.0,2024-01-22,2024-01-22
22023,1610612753,ORL,Orlando Magic,0022300607,2024-01-22,ORL vs. CLE,L,241,99,34,74,0.459,11,29,0.379,20,30,0.667,8,26,34,25,7,0,15,17,-27.0,2024-01-22,2024-01-22
22023,1610612756,PHX,Phoenix Suns,0022300612,2024-01-22,PHX vs. CHI,W,242,115,44,85,0.518,14,34,0.412,13,17,0.765,5,34,39,32,5,5,7,13,2.0,2024-01-22,2024-01-22
22023,1610612755,PHI,Philadelphia 76ers,0022300608,2024-01-22,PHI vs. SAS,W,241,133,48,97,0.495,5,20,0.25,32,40,0.8,19,29,48,28,5,3,4,20,10.0,2024-01-22,2024-01-22
22023,1610612761,TOR,Toronto Raptors,0022300609,2024-01-22,TOR vs. MEM,L,241,100,35,79,0.443,8,23,0.348,22,23,0.957,12,35,47,31,7,8,17,14,-8.0,2024-01-22,2024-01-22
22023,1610612765,DET,Detroit Pistons,0022300606,2024-01-22,DET vs. MIL,L,240,113,40,89,0.449,10,30,0.333,23,29,0.793,6,36,42,25,4,9,10,25,-9.0,2024-01-22,2024-01-22
22023,1610612743,DEN,Denver Nuggets,0022300602,2024-01-21,DEN @ WAS,W,240,113,43,88,0.489,8,22,0.364,19,28,0.679,13,37,50,29,9,11,13,16,9.0,2024-01-21,2024-01-21
22023,1610612746,LAC,LA Clippers,0022300600,2024-01-21,LAC vs. BKN,W,239,125,42,83,0.506,13,26,0.5,28,33,0.848,8,37,45,26,6,5,10,18,11.0,2024-01-21,2024-01-21
22023,1610612756,PHX,Phoenix Suns,0022300604,2024-01-21,PHX vs. IND,W,240,117,47,82,0.573,8,25,0.32,15,18,0.833,6,38,44,25,7,5,16,24,7.0,2024-01-21,2024-01-21
22023,1610612748,MIA,Miami Heat,0022300601,2024-01-21,MIA @ ORL,L,239,87,30,80,0.375,12,37,0.324,15,18,0.833,12,24,36,22,9,1,14,22,-18.0,2024-01-21,2024-01-21
22023,1610612757,POR,Portland Trail Blazers,0022300605,2024-01-21,POR @ LAL,L,239,110,42,90,0.467,9,29,0.31,17,20,0.85,10,25,35,24,7,5,12,21,-24.0,2024-01-21,2024-01-21
22023,1610612745,HOU,Houston Rockets,0022300603,2024-01-21,HOU vs. BOS,L,239,107,41,94,0.436,10,35,0.286,15,22,0.682,11,38,49,26,9,3,15,17,-9.0,2024-01-21,2024-01-21
22023,1610612755,PHI,Philadelphia 76ers,0022300593,2024-01-20,PHI @ CHA,W,239,97,36,85,0.424,5,25,0.2,20,24,0.833,6,40,46,21,7,6,10,12,8.0,2024-01-20,2024-01-20
22023,1610612765,DET,Detroit Pistons,0022300592,2024-01-20,DET vs. MIL,L,241,135,44,94,0.468,21,37,0.568,26,32,0.813,9,31,40,30,6,2,8,30,-6.0,2024-01-20,2024-01-20
22023,1610612745,HOU,Houston Rockets,0022300598,2024-01-20,HOU vs. UTA,W,264,127,50,117,0.427,13,39,0.333,14,22,0.636,23,33,56,27,11,10,7,22,1.0,2024-01-20,2024-01-20
22023,1610612737,ATL,Atlanta Hawks,0022300595,2024-01-20,ATL vs. CLE,L,239,95,37,93,0.398,11,38,0.289,10,15,0.667,11,34,45,25,5,4,11,15,-21.0,2024-01-20,2024-01-20
22023,1610612759,SAS,San Antonio Spurs,0022300594,2024-01-20,SAS @ WAS,W,239,131,51,96,0.531,12,31,0.387,17,23,0.739,14,35,49,38,6,10,17,19,4.0,2024-01-20,2024-01-20
22023,1610612763,MEM,Memphis Grizzlies,0022300597,2024-01-20,MEM @ CHI,L,241,96,32,75,0.427,13,42,0.31,19,23,0.826,3,29,32,28,6,4,15,13,-29.0,2024-01-20,2024-01-20
22023,1610612750,MIN,Minnesota Timberwolves,0022300599,2024-01-20,MIN vs. OKC,L,240,97,31,75,0.413,14,37,0.378,21,29,0.724,9,41,50,22,4,7,21,26,-5.0,2024-01-20,2024-01-20
22023,1610612752,NYK,New York Knicks,0022300596,2024-01-20,NYK vs. TOR,W,240,126,48,88,0.545,14,39,0.359,16,20,0.8,15,46,61,27,4,7,21,20,26.0,2024-01-20,2024-01-20
22023,1610612747,LAL,Los Angeles Lakers,0022300591,2024-01-19,LAL vs. BKN,L,239,112,40,90,0.444,12,33,0.364,20,24,0.833,10,34,44,31,7,3,14,11,-18.0,2024-01-19,2024-01-19
22023,1610612759,SAS,San Antonio Spurs,0022300584,2024-01-19,SAS @ CHA,L,240,120,47,84,0.56,15,32,0.469,11,17,0.647,7,27,34,36,9,3,13,17,-4.0,2024-01-19,2024-01-19
22023,1610612757,POR,Portland Trail Blazers,0022300590,2024-01-19,POR vs. IND,W,240,118,42,84,0.5,4,12,0.333,30,35,0.857,9,38,47,18,3,11,9,21,3.0,2024-01-19,2024-01-19
22023,1610612753,ORL,Orlando Magic,0022300585,2024-01-19,ORL vs. PHI,L,240,109,37,78,0.474,10,23,0.435,25,27,0.926,11,25,36,24,3,5,16,23,-15.0,2024-01-19,2024-01-19
22023,1610612748,MIA,Miami Heat,0022300587,2024-01-19,MIA vs. ATL,L,241,108,38,82,0.463,12,31,0.387,20,22,0.909,13,31,44,21,7,2,16,17,-1.0,2024-01-19,2024-01-19
22023,1610612740,NOP,New Orleans Pelicans,0022300588,2024-01-19,NOP vs. PHX,L,240,109,41,93,0.441,10,42,0.238,17,23,0.739,9,33,42,27,4,5,11,16,-14.0,2024-01-19,2024-01-19
22023,1610612743,DEN,Denver Nuggets,0022300586,2024-01-19,DEN @ BOS,W,241,102,42,81,0.519,8,31,0.258,10,13,0.769,10,37,47,20,0,3,9,13,2.0,2024-01-19,2024-01-19
22023,1610612761,TOR,Toronto Raptors,0022300580,2024-01-18,TOR vs. CHI,L,241,110,42,83,0.506,10,38,0.263,16,20,0.8,7,31,38,31,7,5,14,18,-6.0,2024-01-18,2024-01-18
22023,1610612762,UTA,Utah Jazz,0022300581,2024-01-18,UTA vs. OKC,L,240,129,43,89,0.483,13,32,0.406,30,36,0.833,11,27,38,33,7,4,14,21,-5.0,2024-01-18,2024-01-18
22023,1610612758,SAC,Sacramento Kings,0022300583,2024-01-18,SAC vs. IND,L,240,121,44,85,0.518,15,37,0.405,18,32,0.563,8,30,38,27,7,6,11,20,-5.0,2024-01-18,2024-01-18
22023,1610612752,NYK,New York Knicks,0022300579,2024-01-18,NYK vs. WAS,W,241,113,39,86,0.453,13,38,0.342,22,26,0.846,7,40,47,22,6,5,17,18,4.0,2024-01-18,2024-01-18
22023,1610612750,MIN,Minnesota Timberwolves,0022300582,2024-01-18,MIN vs. MEM,W,241,118,45,82,0.549,12,28,0.429,16,21,0.762,6,33,39,30,8,9,14,13,15.0,2024-01-18,2024-01-18
22023,1610612761,TOR,Toronto Raptors,0022300574,2024-01-17,TOR vs. MIA,W,240,121,45,88,0.511,20,38,0.526,11,18,0.611,13,32,45,34,9,4,10,14,24.0,2024-01-17,2024-01-17
22023,1610612737,ATL,Atlanta Hawks,0022300570,2024-01-17,ATL vs. ORL,W,239,106,39,76,0.513,8,25,0.32,20,22,0.909,10,31,41,21,8,2,23,17,2.0,2024-01-17,2024-01-17
22023,1610612738,BOS,Boston Celtics,0022300571,2024-01-17,BOS vs. SAS,W,240,117,42,90,0.467,18,38,0.474,15,19,0.789,12,42,54,22,5,6,12,15,19.0,2024-01-17,2024-01-17
22023,1610612749,MIL,Milwaukee Bucks,0022300572,2024-01-17,MIL @ CLE,L,240,95,38,95,0.4,12,42,0.286,7,10,0.7,9,27,36,19,6,6,10,18,-40.0,2024-01-17,2024-01-17
22023,1610612747,LAL,Los Angeles Lakers,0022300577,2024-01-17,LAL vs. DAL,W,242,127,49,91,0.538,12,28,0.429,17,24,0.708,9,36,45,33,8,1,10,15,17.0,2024-01-17,2024-01-17
22023,1610612751,BKN,Brooklyn Nets,0022300578,2024-01-17,BKN @ POR,L,240,103,35,73,0.479,15,38,0.395,18,27,0.667,6,27,33,28,9,3,10,14,-2.0,2024-01-17,2024-01-17
22023,1610612750,MIN,Minnesota Timberwolves,0022300569,2024-01-17,MIN @ DET,W,239,124,47,93,0.505,15,30,0.5,15,21,0.714,9,33,42,32,7,5,9,14,7.0,2024-01-17,2024-01-17
22023,1610612740,NOP,New Orleans Pelicans,0022300575,2024-01-17,NOP vs. CHA,W,242,132,44,88,0.5,25,47,0.532,19,23,0.826,16,34,50,32,11,3,12,14,20.0,2024-01-17,2024-01-17
22023,1610612745,HOU,Houston Rockets,0022300573,2024-01-17,HOU @ NYK,L,239,94,35,84,0.417,8,30,0.267,16,19,0.842,6,32,38,23,6,9,10,18,-15.0,2024-01-17,2024-01-17
22023,1610612760,OKC,Oklahoma City Thunder,0022300568,2024-01-16,OKC @ LAC,L,239,117,42,83,0.506,16,34,0.471,17,20,0.85,9,26,35,30,5,5,12,19,-11.0,2024-01-16,2024-01-16
22023,1610612758,SAC,Sacramento Kings,0022300567,2024-01-16,SAC @ PHX,L,240,117,46,92,0.5,18,40,0.45,7,12,0.583,5,26,31,34,7,4,14,20,-2.0,2024-01-16,2024-01-16
22023,1610612743,DEN,Denver Nuggets,0022300566,2024-01-16,DEN @ PHI,L,241,121,45,89,0.506,12,29,0.414,19,25,0.76,16,30,46,23,4,3,10,19,-5.0,2024-01-16,2024-01-16
22023,1610612740,NOP,New Orleans Pelicans,0022300556,2024-01-15,NOP @ DAL,L,238,120,41,81,0.506,7,23,0.304,31,41,0.756,8,29,37,21,9,2,9,28,-5.0,2024-01-15,2024-01-15
22023,1610612765,DET,Detroit Pistons,0022300558,2024-01-15,DET @ WAS,W,240,129,50,90,0.556,12,31,0.387,17,23,0.739,12,40,52,30,4,10,15,13,12.0,2024-01-15,2024-01-15
22023,1610612748,MIA,Miami Heat,0022300562,2024-01-15,MIA @ BKN,W,266,96,33,87,0.379,8,31,0.258,22,25,0.88,6,48,54,22,6,4,12,16,1.0,2024-01-15,2024-01-15
22023,1610612763,MEM,Memphis Grizzlies,0022300560,2024-01-15,MEM vs. GSW,W,239,116,32,86,0.372,20,54,0.37,32,40,0.8,11,31,42,24,13,10,11,12,9.0,2024-01-15,2024-01-15
22023,1610612739,CLE,Cleveland Cavaliers,0022300561,2024-01-15,CLE vs. CHI,W,240,109,39,95,0.411,20,57,0.351,11,11,1.0,13,35,48,28,9,3,11,14,18.0,2024-01-15,2024-01-15
22023,1610612737,ATL,Atlanta Hawks,0022300559,2024-01-15,ATL vs. SAS,W,241,109,40,93,0.43,13,38,0.342,16,21,0.762,13,44,57,24,8,6,16,19,10.0,2024-01-15,2024-01-15
22023,1610612760,OKC,Oklahoma City Thunder,0022300565,2024-01-15,OKC @ LAL,L,240,105,40,96,0.417,15,49,0.306,10,11,0.909,13,27,40,23,11,6,11,18,-7.0,2024-01-15,2024-01-15
22023,1610612752,NYK,New York Knicks,0022300557,2024-01-15,NYK vs. ORL,L,240,94,33,83,0.398,13,40,0.325,15,22,0.682,13,28,41,20,3,3,9,20,-4.0,2024-01-15,2024-01-15
22023,1610612745,HOU,Houston Rockets,0022300555,2024-01-15,HOU @ PHI,L,240,115,44,88,0.5,8,27,0.296,19,32,0.594,16,30,46,21,7,9,13,23,-9.0,2024-01-15,2024-01-15
22023,1610612761,TOR,Toronto Raptors,0022300563,2024-01-15,TOR vs. BOS,L,241,96,38,95,0.4,4,32,0.125,16,21,0.762,9,43,52,25,6,2,7,21,-9.0,2024-01-15,2024-01-15
22023,1610612762,UTA,Utah Jazz,0022300564,2024-01-15,UTA vs. IND,W,240,132,45,81,0.556,11,25,0.44,31,35,0.886,10,36,46,29,5,8,14,17,27.0,2024-01-15,2024-01-15
22023,1610612766,CHA,Charlotte Hornets,0022300551,2024-01-14,CHA @ MIA,L,239,87,33,95,0.347,10,41,0.244,11,15,0.733,17,33,50,17,5,3,13,17,-17.0,2024-01-14,2024-01-14
22023,1610612743,DEN,Denver Nuggets,0022300550,2024-01-14,DEN vs. IND,W,239,117,46,71,0.648,10,20,0.5,15,23,0.652,4,36,40,31,8,3,21,18,8.0,2024-01-14,2024-01-14
22023,1610612746,LAC,LA Clippers,0022300553,2024-01-14,LAC @ MIN,L,240,105,36,83,0.434,17,39,0.436,16,18,0.889,7,27,34,28,9,4,11,24,-4.0,2024-01-14,2024-01-14
22023,1610612749,MIL,Milwaukee Bucks,0022300552,2024-01-14,MIL vs. SAC,W,265,143,48,92,0.522,20,43,0.465,27,32,0.844,4,36,40,31,5,3,13,22,1.0,2024-01-14,2024-01-14
22023,1610612756,PHX,Phoenix Suns,0022300554,2024-01-14,PHX @ POR,W,239,127,46,76,0.605,13,28,0.464,22,27,0.815,7,34,41,27,7,5,12,20,11.0,2024-01-14,2024-01-14
22023,1610612764,WAS,Washington Wizards,0022300543,2024-01-13,WAS @ ATL,W,241,127,47,97,0.485,12,32,0.375,21,26,0.808,12,42,54,32,10,9,12,22,28.0,2024-01-13,2024-01-13
22023,1610612747,LAL,Los Angeles Lakers,0022300549,2024-01-13,LAL @ UTA,L,240,125,46,92,0.5,13,29,0.448,20,24,0.833,7,33,40,30,6,8,12,23,-7.0,2024-01-13,2024-01-13
22023,1610612738,BOS,Boston Celtics,0022300542,2024-01-13,BOS vs. HOU,W,239,145,51,95,0.537,24,47,0.511,19,25,0.76,10,40,50,26,7,8,11,21,32.0,2024-01-13,2024-01-13
22023,1610612749,MIL,Milwaukee Bucks,0022300545,2024-01-13,MIL vs. GSW,W,243,129,51,94,0.543,13,31,0.419,14,17,0.824,14,36,50,33,6,5,12,15,11.0,2024-01-13,2024-01-13
22023,1610612741,CHI,Chicago Bulls,0022300548,2024-01-13,CHI @ SAS,W,239,122,46,90,0.511,15,34,0.441,15,20,0.75,7,40,47,31,5,8,9,18,6.0,2024-01-13,2024-01-13
22023,1610612753,ORL,Orlando Magic,0022300546,2024-01-13,ORL @ OKC,L,240,100,39,84,0.464,7,35,0.2,15,24,0.625,11,39,50,21,5,8,15,22,-12.0,2024-01-13,2024-01-13
22023,1610612740,NOP,New Orleans Pelicans,0022300547,2024-01-13,NOP @ DAL,W,241,118,39,79,0.494,12,30,0.4,28,37,0.757,14,30,44,29,7,4,10,20,10.0,2024-01-13,2024-01-13
22023,1610612763,MEM,Memphis Grizzlies,0022300544,2024-01-13,MEM vs. NYK,L,240,94,36,87,0.414,9,38,0.237,13,15,0.867,9,26,35,27,14,6,12,16,-12.0,2024-01-13,2024-01-13
22023,1610612745,HOU,Houston Rockets,0022300534,2024-01-12,HOU @ DET,W,240,112,41,90,0.456,8,30,0.267,22,25,0.88,10,31,41,21,8,5,9,16,2.0,2024-01-12,2024-01-12
22023,1610612746,LAC,LA Clippers,0022300537,2024-01-12,LAC @ MEM,W,240,128,49,89,0.551,15,31,0.484,15,20,0.75,11,32,43,22,9,7,12,16,9.0,2024-01-12,2024-01-12
22023,1610612762,UTA,Utah Jazz,0022300540,2024-01-12,UTA vs. TOR,W,240,145,52,93,0.559,21,43,0.488,20,26,0.769,14,42,56,34,7,8,13,23,32.0,2024-01-12,2024-01-12
22023,1610612758,SAC,Sacramento Kings,0022300532,2024-01-12,SAC @ PHI,L,242,93,32,95,0.337,8,38,0.211,21,26,0.808,23,31,54,20,6,4,16,18,-19.0,2024-01-12,2024-01-12
22023,1610612740,NOP,New Orleans Pelicans,0022300539,2024-01-12,NOP @ DEN,L,240,113,42,89,0.472,13,33,0.394,16,22,0.727,8,27,35,30,9,3,8,10,-12.0,2024-01-12,2024-01-12
22023,1610612744,GSW,Golden State Warriors,0022300536,2024-01-12,GSW @ CHI,W,240,140,49,94,0.521,20,47,0.426,22,30,0.733,13,31,44,39,7,4,3,16,9.0,2024-01-12,2024-01-12
22023,1610612759,SAS,San Antonio Spurs,0022300541,2024-01-12,SAS vs. CHA,W,244,135,45,87,0.517,18,38,0.474,27,34,0.794,7,38,45,31,9,7,14,20,36.0,2024-01-12,2024-01-12
22023,1610612737,ATL,Atlanta Hawks,0022300533,2024-01-12,ATL vs. IND,L,242,108,40,89,0.449,11,30,0.367,17,23,0.739,12,16,28,25,14,2,14,13,-18.0,2024-01-12,2024-01-12
22023,1610612757,POR,Portland Trail Blazers,0022300538,2024-01-12,POR @ MIN,L,240,93,30,77,0.39,10,28,0.357,23,34,0.676,10,28,38,18,8,5,19,19,-23.0,2024-01-12,2024-01-12
22023,1610612748,MIA,Miami Heat,0022300535,2024-01-12,MIA vs. ORL,W,239,99,37,83,0.446,8,26,0.308,17,20,0.85,12,29,41,23,6,1,16,17,3.0,2024-01-12,2024-01-12
22023,1610612739,CLE,Cleveland Cavaliers,0022300527,2024-01-11,CLE vs. BKN,W,241,111,32,82,0.39,13,44,0.295,34,43,0.791,12,35,47,16,11,6,11,24,9.0,2024-01-11,2024-01-11
22023,1610612738,BOS,Boston Celtics,0022300528,2024-01-11,BOS @ MIL,L,241,102,34,91,0.374,9,35,0.257,25,30,0.833,6,25,31,22,5,5,6,13,-33.0,2024-01-11,2024-01-11
22023,1610612742,DAL,Dallas Mavericks,0022300530,2024-01-11,DAL vs. NYK,W,241,128,44,88,0.5,17,41,0.415,23,30,0.767,11,27,38,27,6,2,10,19,4.0,2024-01-11,2024-01-11
22023,1610612747,LAL,Los Angeles Lakers,0022300531,2024-01-11,LAL vs. PHX,L,238,109,40,80,0.5,13,34,0.382,16,25,0.64,7,30,37,33,8,4,18,19,-18.0,2024-01-11,2024-01-11
22023,1610612760,OKC,Oklahoma City Thunder,0022300529,2024-01-11,OKC vs. POR,W,241,139,53,93,0.57,14,35,0.4,19,22,0.864,8,51,59,41,6,8,12,10,62.0,2024-01-11,2024-01-11
22023,1610612764,WAS,Washington Wizards,0022300520,2024-01-10,WAS @ IND,L,241,104,38,88,0.432,7,31,0.226,21,30,0.7,13,33,46,24,8,8,13,23,-8.0,2024-01-10,2024-01-10
22023,1610612745,HOU,Houston Rockets,0022300523,2024-01-10,HOU @ CHI,L,265,119,48,101,0.475,11,45,0.244,12,20,0.6,9,41,50,29,9,4,14,18,-5.0,2024-01-10,2024-01-10
22023,1610612748,MIA,Miami Heat,0022300522,2024-01-10,MIA vs. OKC,L,241,120,41,89,0.461,15,36,0.417,23,28,0.821,8,30,38,25,8,3,10,13,-8.0,2024-01-10,2024-01-10
22023,1610612765,DET,Detroit Pistons,0022300519,2024-01-10,DET vs. SAS,L,240,108,44,96,0.458,10,32,0.313,10,13,0.769,9,34,43,33,4,3,10,19,-22.0,2024-01-10,2024-01-10
22023,1610612761,TOR,Toronto Raptors,0022300526,2024-01-10,TOR @ LAC,L,238,120,46,84,0.548,12,30,0.4,16,18,0.889,7,30,37,31,4,2,14,17,-6.0,2024-01-10,2024-01-10
22023,1610612738,BOS,Boston Celtics,0022300517,2024-01-10,BOS vs. MIN,W,263,127,39,90,0.433,19,47,0.404,30,31,0.968,7,39,46,21,5,4,8,19,7.0,2024-01-10,2024-01-10
22023,1610612744,GSW,Golden State Warriors,0022300525,2024-01-10,GSW vs. NOP,L,239,105,39,89,0.438,12,39,0.308,15,18,0.833,14,29,43,24,4,4,17,19,-36.0,2024-01-10,2024-01-10
22023,1610612766,CHA,Charlotte Hornets,0022300518,2024-01-10,CHA vs. SAC,L,240,98,35,87,0.402,16,38,0.421,12,16,0.75,8,28,36,17,2,3,8,16,-25.0,2024-01-10,2024-01-10
22023,1610612743,DEN,Denver Nuggets,0022300524,2024-01-10,DEN @ UTA,L,240,111,37,81,0.457,13,33,0.394,24,28,0.857,8,26,34,26,11,4,16,23,-13.0,2024-01-10,2024-01-10
22023,1610612755,PHI,Philadelphia 76ers,0022300521,2024-01-10,PHI @ ATL,L,265,132,46,102,0.451,12,34,0.353,28,33,0.848,13,38,51,26,8,9,11,28,-7.0,2024-01-10,2024-01-10
22023,1610612761,TOR,Toronto Raptors,0022300516,2024-01-09,TOR @ LAL,L,240,131,53,94,0.564,17,35,0.486,8,13,0.615,5,32,37,34,8,4,12,26,-1.0,2024-01-09,2024-01-09
22023,1610612763,MEM,Memphis Grizzlies,0022300515,2024-01-09,MEM @ DAL,W,240,120,44,91,0.484,14,37,0.378,18,21,0.857,18,36,54,27,7,3,16,18,17.0,2024-01-09,2024-01-09
22023,1610612750,MIN,Minnesota Timberwolves,0022300513,2024-01-09,MIN @ ORL,W,239,113,43,80,0.538,12,30,0.4,15,19,0.789,5,43,48,34,8,4,18,18,21.0,2024-01-09,2024-01-09
22023,1610612757,POR,Portland Trail Blazers,0022300514,2024-01-09,POR @ NYK,L,241,84,33,86,0.384,6,29,0.207,12,18,0.667,12,31,43,19,8,7,15,17,-28.0,2024-01-09,2024-01-09
22023,1610612758,SAC,Sacramento Kings,0022300512,2024-01-09,SAC @ DET,W,239,131,54,94,0.574,13,33,0.394,10,14,0.714,10,34,44,39,8,6,17,21,21.0,2024-01-09,2024-01-09
22023,1610612745,HOU,Houston Rockets,0022300509,2024-01-08,HOU @ MIA,L,240,113,37,88,0.42,14,41,0.341,25,28,0.893,12,30,42,20,8,4,12,31,-7.0,2024-01-08,2024-01-08
22023,1610612766,CHA,Charlotte Hornets,0022300506,2024-01-08,CHA vs. CHI,L,265,112,40,94,0.426,17,42,0.405,15,17,0.882,14,30,44,26,3,7,12,22,-7.0,2024-01-08,2024-01-08
22023,1610612760,OKC,Oklahoma City Thunder,0022300508,2024-01-08,OKC @ WAS,W,240,136,52,88,0.591,14,28,0.5,18,24,0.75,10,30,40,37,11,7,14,21,8.0,2024-01-08,2024-01-08
22023,1610612749,MIL,Milwaukee Bucks,0022300510,2024-01-08,MIL vs. UTA,L,240,116,42,94,0.447,17,36,0.472,15,19,0.789,11,27,38,31,6,6,9,20,-16.0,2024-01-08,2024-01-08
22023,1610612746,LAC,LA Clippers,0022300511,2024-01-08,LAC vs. PHX,W,241,138,53,85,0.624,15,29,0.517,17,23,0.739,11,33,44,32,11,3,12,21,27.0,2024-01-08,2024-01-08
22023,1610612754,IND,Indiana Pacers,0022300507,2024-01-08,IND vs. BOS,W,240,133,48,91,0.527,19,40,0.475,18,22,0.818,9,30,39,29,6,7,13,23,2.0,2024-01-08,2024-01-08
22023,1610612744,GSW,Golden State Warriors,0022300504,2024-01-07,GSW vs. TOR,L,241,118,45,100,0.45,14,46,0.304,14,15,0.933,15,28,43,30,5,4,10,11,-15.0,2024-01-07,2024-01-07
22023,1610612758,SAC,Sacramento Kings,0022300500,2024-01-07,SAC vs. NOP,L,240,100,38,91,0.418,15,45,0.333,9,12,0.75,8,17,25,28,9,2,9,12,-33.0,2024-01-07,2024-01-07
22023,1610612750,MIN,Minnesota Timberwolves,0022300501,2024-01-07,MIN @ DAL,L,240,108,41,94,0.436,13,41,0.317,13,21,0.619,18,33,51,22,6,4,13,22,-7.0,2024-01-07,2024-01-07
22023,1610612737,ATL,Atlanta Hawks,0022300499,2024-01-07,ATL @ ORL,L,265,110,42,91,0.462,9,30,0.3,17,29,0.586,8,42,50,21,9,10,12,23,-7.0,2024-01-07,2024-01-07
22023,1610612751,BKN,Brooklyn Nets,0022300498,2024-01-07,BKN vs. POR,L,266,127,46,91,0.505,14,37,0.378,21,25,0.84,9,35,44,29,7,7,15,25,-7.0,2024-01-07,2024-01-07
22023,1610612763,MEM,Memphis Grizzlies,0022300503,2024-01-07,MEM @ PHX,W,241,121,43,97,0.443,17,49,0.347,18,24,0.75,15,39,54,29,7,8,17,24,6.0,2024-01-07,2024-01-07
22023,1610612759,SAS,San Antonio Spurs,0022300497,2024-01-07,SAS @ CLE,L,241,115,41,86,0.477,14,37,0.378,19,22,0.864,8,32,40,22,10,6,11,18,-2.0,2024-01-07,2024-01-07
22023,1610612746,LAC,LA Clippers,0022300505,2024-01-07,LAC @ LAL,L,240,103,36,91,0.396,14,37,0.378,17,19,0.895,13,27,40,21,12,5,14,19,-3.0,2024-01-07,2024-01-07
22023,1610612743,DEN,Denver Nuggets,0022300502,2024-01-07,DEN vs. DET,W,237,131,47,80,0.588,10,27,0.37,27,31,0.871,6,32,38,35,6,10,12,23,17.0,2024-01-07,2024-01-07
22023,1610612752,NYK,New York Knicks,0022300494,2024-01-06,NYK @ WAS,W,240,121,43,87,0.494,14,36,0.389,21,24,0.875,11,34,45,27,9,2,14,16,16.0,2024-01-06,2024-01-06
22023,1610612755,PHI,Philadelphia 76ers,0022300495,2024-01-06,PHI vs. UTA,L,239,109,42,104,0.404,7,38,0.184,18,23,0.783,15,19,34,30,12,6,6,20,-11.0,2024-01-06,2024-01-06
22023,1610612745,HOU,Houston Rockets,0022300496,2024-01-06,HOU vs. MIL,W,239,112,36,83,0.434,13,34,0.382,27,32,0.844,7,39,46,22,7,2,10,24,4.0,2024-01-06,2024-01-06
22023,1610612754,IND,Indiana Pacers,0022300493,2024-01-06,IND vs. BOS,L,240,101,38,92,0.413,8,42,0.19,17,22,0.773,10,28,38,23,12,2,9,18,-17.0,2024-01-06,2024-01-06
22023,1610612742,DAL,Dallas Mavericks,0022300487,2024-01-05,DAL vs. POR,W,240,139,56,96,0.583,17,38,0.447,10,15,0.667,10,42,52,35,11,8,17,21,36.0,2024-01-05,2024-01-05
22023,1610612746,LAC,LA Clippers,0022300486,2024-01-05,LAC @ NOP,W,239,111,40,82,0.488,15,36,0.417,16,20,0.8,10,40,50,28,6,7,14,18,16.0,2024-01-05,2024-01-05
22023,1610612743,DEN,Denver Nuggets,0022300488,2024-01-05,DEN vs. ORL,L,239,120,48,95,0.505,9,33,0.273,15,19,0.789,9,29,38,28,8,1,13,23,-2.0,2024-01-05,2024-01-05
22023,1610612758,SAC,Sacramento Kings,0022300492,2024-01-05,SAC vs. TOR,W,240,135,52,100,0.52,21,38,0.553,10,15,0.667,11,31,42,35,4,1,14,23,5.0,2024-01-05,2024-01-05
22023,1610612752,NYK,New York Knicks,0022300483,2024-01-05,NYK @ PHI,W,240,128,43,89,0.483,18,41,0.439,24,25,0.96,10,39,49,27,7,7,11,22,36.0,2024-01-05,2024-01-05
22023,1610612764,WAS,Washington Wizards,0022300482,2024-01-05,WAS @ CLE,L,237,90,35,84,0.417,9,30,0.3,11,15,0.733,7,24,31,19,12,8,16,19,-24.0,2024-01-05,2024-01-05
22023,1610612738,BOS,Boston Celtics,0022300479,2024-01-05,BOS vs. UTA,W,240,126,39,90,0.433,17,49,0.347,31,36,0.861,9,47,56,24,9,8,12,23,29.0,2024-01-05,2024-01-05
22023,1610612760,OKC,Oklahoma City Thunder,0022300481,2024-01-05,OKC @ BKN,L,241,115,45,84,0.536,9,31,0.29,16,24,0.667,7,29,36,29,8,5,13,26,-9.0,2024-01-05,2024-01-05
22023,1610612737,ATL,Atlanta Hawks,0022300480,2024-01-05,ATL @ IND,L,238,116,40,93,0.43,10,42,0.238,26,30,0.867,14,25,39,21,6,3,14,11,-34.0,2024-01-05,2024-01-05
22023,1610612744,GSW,Golden State Warriors,0022300490,2024-01-05,GSW vs. DET,W,242,113,38,82,0.463,16,38,0.421,21,25,0.84,7,38,45,24,3,5,16,18,4.0,2024-01-05,2024-01-05
22023,1610612745,HOU,Houston Rockets,0022300485,2024-01-05,HOU vs. MIN,L,240,95,36,90,0.4,12,32,0.375,11,15,0.733,7,31,38,18,7,2,15,15,-27.0,2024-01-05,2024-01-05
22023,1610612747,LAL,Los Angeles Lakers,0022300491,2024-01-05,LAL vs. MEM,L,240,113,42,85,0.494,10,28,0.357,19,27,0.704,8,27,35,26,13,3,13,14,-14.0,2024-01-05,2024-01-05
22023,1610612748,MIA,Miami Heat,0022300489,2024-01-05,MIA @ PHX,L,240,97,34,83,0.41,10,37,0.27,19,22,0.864,11,33,44,26,5,2,15,21,-16.0,2024-01-05,2024-01-05
22023,1610612741,CHI,Chicago Bulls,0022300484,2024-01-05,CHI vs. CHA,W,240,104,40,74,0.541,10,28,0.357,14,17,0.824,4,37,41,29,7,6,14,17,13.0,2024-01-05,2024-01-05
22023,1610612749,MIL,Milwaukee Bucks,0022300477,2024-01-04,MIL @ SAS,W,240,125,49,92,0.533,12,34,0.353,15,19,0.789,8,34,42,27,5,5,14,16,4.0,2024-01-04,2024-01-04
22023,1610612743,DEN,Denver Nuggets,0022300478,2024-01-04,DEN @ GSW,W,238,130,48,85,0.565,9,26,0.346,25,29,0.862,11,25,36,28,7,4,7,15,3.0,2024-01-04,2024-01-04
22023,1610612762,UTA,Utah Jazz,0022300474,2024-01-03,UTA vs. DET,W,266,154,53,103,0.515,16,32,0.5,32,35,0.914,15,28,43,28,11,8,12,22,6.0,2024-01-03,2024-01-03
22023,1610612745,HOU,Houston Rockets,0022300469,2024-01-03,HOU vs. BKN,W,241,112,37,76,0.487,19,39,0.487,19,27,0.704,5,43,48,27,5,4,16,19,11.0,2024-01-03,2024-01-03
22023,1610612760,OKC,Oklahoma City Thunder,0022300467,2024-01-03,OKC @ ATL,L,240,138,50,91,0.549,18,36,0.5,20,26,0.769,9,28,37,30,10,1,13,23,-3.0,2024-01-03,2024-01-03
22023,1610612739,CLE,Cleveland Cavaliers,0022300465,2024-01-03,CLE vs. WAS,W,241,140,54,101,0.535,20,42,0.476,12,16,0.75,18,44,62,37,5,8,8,13,39.0,2024-01-03,2024-01-03
22023,1610612750,MIN,Minnesota Timberwolves,0022300471,2024-01-03,MIN vs. NOP,L,239,106,37,82,0.451,10,31,0.323,22,27,0.815,8,20,28,26,7,6,11,13,-11.0,2024-01-03,2024-01-03
22023,1610612746,LAC,LA Clippers,0022300473,2024-01-03,LAC @ PHX,W,240,131,42,76,0.553,18,34,0.529,29,32,0.906,10,26,36,25,9,5,12,18,10.0,2024-01-03,2024-01-03
22023,1610612761,TOR,Toronto Raptors,0022300470,2024-01-03,TOR @ MEM,W,239,116,41,85,0.482,12,26,0.462,22,27,0.815,7,39,46,25,5,6,12,20,5.0,2024-01-03,2024-01-03
22023,1610612749,MIL,Milwaukee Bucks,0022300466,2024-01-03,MIL @ IND,L,240,130,46,92,0.5,14,37,0.378,24,32,0.75,10,32,42,30,6,4,13,25,-12.0,2024-01-03,2024-01-03
22023,1610612741,CHI,Chicago Bulls,0022300468,2024-01-03,CHI @ NYK,L,241,100,37,89,0.416,13,32,0.406,13,16,0.813,11,28,39,24,9,7,11,17,-16.0,2024-01-03,2024-01-03
22023,1610612753,ORL,Orlando Magic,0022300476,2024-01-03,ORL @ SAC,L,290,135,44,90,0.489,25,44,0.568,22,27,0.815,7,32,39,33,10,7,20,30,-3.0,2024-01-03,2024-01-03
22023,1610612742,DAL,Dallas Mavericks,0022300472,2024-01-03,DAL vs. POR,W,240,126,42,84,0.5,13,30,0.433,29,41,0.707,7,36,43,25,12,7,11,18,29.0,2024-01-03,2024-01-03
22023,1610612748,MIA,Miami Heat,0022300475,2024-01-03,MIA @ LAL,W,242,110,41,93,0.441,16,42,0.381,12,17,0.706,7,32,39,30,14,3,8,23,14.0,2024-01-03,2024-01-03
22023,1610612741,CHI,Chicago Bulls,0022300459,2024-01-02,CHI @ PHI,L,240,97,37,96,0.385,7,37,0.189,16,23,0.696,19,32,51,17,9,7,18,21,-13.0,2024-01-02,2024-01-02
22023,1610612738,BOS,Boston Celtics,0022300462,2024-01-02,BOS @ OKC,L,241,123,42,92,0.457,15,40,0.375,24,29,0.828,17,30,47,33,7,10,14,15,-4.0,2024-01-02,2024-01-02
22023,1610612753,ORL,Orlando Magic,0022300463,2024-01-02,ORL @ GSW,L,240,115,41,92,0.446,14,36,0.389,19,23,0.826,16,25,41,19,8,4,17,24,-6.0,2024-01-02,2024-01-02
22023,1610612763,MEM,Memphis Grizzlies,0022300460,2024-01-02,MEM vs. SAS,W,239,106,37,80,0.463,12,38,0.316,20,25,0.8,8,38,46,24,5,8,15,23,8.0,2024-01-02,2024-01-02
22023,1610612758,SAC,Sacramento Kings,0022300464,2024-01-02,SAC vs. CHA,L,240,104,40,92,0.435,14,36,0.389,10,17,0.588,15,33,48,23,8,2,20,23,-7.0,2024-01-02,2024-01-02
22023,1610612740,NOP,New Orleans Pelicans,0022300461,2024-01-02,NOP vs. BKN,W,241,112,41,88,0.466,16,39,0.41,14,18,0.778,17,36,53,23,10,9,16,12,27.0,2024-01-02,2024-01-02
22023,1610612739,CLE,Cleveland Cavaliers,0022300452,2024-01-01,CLE @ TOR,L,239,121,43,89,0.483,12,36,0.333,23,26,0.885,6,37,43,25,9,2,9,29,-3.0,2024-01-01,2024-01-01
22023,1610612745,HOU,Houston Rockets,0022300453,2024-01-01,HOU vs. DET,W,240,136,51,91,0.56,15,35,0.429,19,24,0.792,6,33,39,34,11,1,9,19,23.0,2024-01-01,2024-01-01
22023,1610612752,NYK,New York Knicks,0022300451,2024-01-01,NYK vs. MIN,W,240,112,39,89,0.438,12,34,0.353,22,28,0.786,16,33,49,23,7,4,13,24,6.0,2024-01-01,2024-01-01
22023,1610612742,DAL,Dallas Mavericks,0022300457,2024-01-01,DAL @ UTA,L,241,90,37,93,0.398,11,40,0.275,5,10,0.5,8,33,41,28,6,5,16,15,-37.0,2024-01-01,2024-01-01
22023,1610612756,PHX,Phoenix Suns,0022300456,2024-01-01,PHX vs. POR,W,241,109,38,80,0.475,11,29,0.379,22,33,0.667,9,38,47,24,10,5,16,20,21.0,2024-01-01,2024-01-01
22023,1610612743,DEN,Denver Nuggets,0022300455,2024-01-01,DEN vs. CHA,W,242,111,41,83,0.494,15,38,0.395,14,18,0.778,4,40,44,27,9,9,10,15,18.0,2024-01-01,2024-01-01
22023,1610612746,LAC,LA Clippers,0022300458,2024-01-01,LAC vs. MIA,W,241,121,47,80,0.588,14,29,0.483,13,14,0.929,6,31,37,25,10,3,15,20,17.0,2024-01-01,2024-01-01
22023,1610612754,IND,Indiana Pacers,0022300454,2024-01-01,IND @ MIL,W,240,122,43,97,0.443,5,35,0.143,31,38,0.816,14,38,52,23,7,5,7,24,9.0,2024-01-01,2024-01-01
22023,1610612758,SAC,Sacramento Kings,0022300449,2023-12-31,SAC @ MEM,W,239,123,47,92,0.511,16,33,0.485,13,17,0.765,9,50,59,28,2,4,12,22,31.0,2023-12-31,2023-12-31
22023,1610612747,LAL,Los Angeles Lakers,0022300446,2023-12-31,LAL @ NOP,L,240,109,39,82,0.476,10,32,0.313,21,25,0.84,4,31,35,26,8,10,13,15,-20.0,2023-12-31,2023-12-31
22023,1610612753,ORL,Orlando Magic,0022300450,2023-12-31,ORL @ PHX,L,240,107,42,90,0.467,12,37,0.324,11,12,0.917,8,37,45,22,2,4,15,18,-5.0,2023-12-31,2023-12-31
22023,1610612738,BOS,Boston Celtics,0022300448,2023-12-31,BOS @ SAS,W,240,134,51,95,0.537,15,42,0.357,17,22,0.773,13,44,57,29,6,7,10,12,33.0,2023-12-31,2023-12-31
22023,1610612737,ATL,Atlanta Hawks,0022300445,2023-12-31,ATL @ WAS,W,240,130,47,95,0.495,12,32,0.375,24,37,0.649,12,46,58,27,5,3,12,18,4.0,2023-12-31,2023-12-31
22023,1610612760,OKC,Oklahoma City Thunder,0022300447,2023-12-31,OKC vs. BKN,W,242,124,45,83,0.542,18,33,0.545,16,20,0.8,5,41,46,31,1,6,13,24,16.0,2023-12-31,2023-12-31
22023,1610612761,TOR,Toronto Raptors,0022300440,2023-12-30,TOR @ DET,L,239,127,46,91,0.505,12,24,0.5,23,28,0.821,6,27,33,26,9,5,7,27,-2.0,2023-12-30,2023-12-30
22023,1610612754,IND,Indiana Pacers,0022300441,2023-12-30,IND vs. NYK,W,240,140,50,85,0.588,23,43,0.535,17,21,0.81,7,27,34,40,6,7,16,18,14.0,2023-12-30,2023-12-30
22023,1610612744,GSW,Golden State Warriors,0022300444,2023-12-30,GSW vs. DAL,L,240,122,47,103,0.456,19,48,0.396,9,13,0.692,16,31,47,32,8,3,10,21,-10.0,2023-12-30,2023-12-30
22023,1610612750,MIN,Minnesota Timberwolves,0022300443,2023-12-30,MIN vs. LAL,W,239,108,38,76,0.5,12,34,0.353,20,24,0.833,7,38,45,24,8,8,19,26,2.0,2023-12-30,2023-12-30
22023,1610612741,CHI,Chicago Bulls,0022300442,2023-12-30,CHI vs. PHI,W,239,105,40,79,0.506,7,25,0.28,18,30,0.6,12,41,53,21,5,5,16,15,13.0,2023-12-30,2023-12-30
22023,1610612748,MIA,Miami Heat,0022300439,2023-12-30,MIA @ UTA,L,241,109,34,78,0.436,9,31,0.29,32,40,0.8,8,38,46,20,8,8,16,24,-8.0,2023-12-30,2023-12-30
22023,1610612752,NYK,New York Knicks,0022300429,2023-12-29,NYK @ ORL,L,240,108,38,86,0.442,6,30,0.2,26,29,0.897,6,34,40,22,8,4,16,30,-9.0,2023-12-29,2023-12-29
22023,1610612745,HOU,Houston Rockets,0022300434,2023-12-29,HOU vs. PHI,L,240,127,49,91,0.538,14,30,0.467,15,21,0.714,14,28,42,30,8,6,16,24,-4.0,2023-12-29,2023-12-29
22023,1610612739,CLE,Cleveland Cavaliers,0022300433,2023-12-29,CLE vs. MIL,L,239,111,49,103,0.476,6,43,0.14,7,9,0.778,7,30,37,28,11,7,8,20,-8.0,2023-12-29,2023-12-29
22023,1610612763,MEM,Memphis Grizzlies,0022300438,2023-12-29,MEM @ LAC,L,240,106,38,87,0.437,13,40,0.325,17,20,0.85,3,30,33,29,10,4,12,22,-11.0,2023-12-29,2023-12-29
22023,1610612757,POR,Portland Trail Blazers,0022300437,2023-12-29,POR vs. SAS,W,240,134,48,95,0.505,16,27,0.593,22,27,0.815,16,27,43,28,8,6,14,19,6.0,2023-12-29,2023-12-29
22023,1610612756,PHX,Phoenix Suns,0022300436,2023-12-29,PHX vs. CHA,W,240,133,46,74,0.622,18,30,0.6,23,24,0.958,6,33,39,34,3,11,14,14,14.0,2023-12-29,2023-12-29
22023,1610612737,ATL,Atlanta Hawks,0022300431,2023-12-29,ATL vs. SAC,L,239,110,37,94,0.394,15,43,0.349,21,25,0.84,18,33,51,29,9,4,15,16,-7.0,2023-12-29,2023-12-29
22023,1610612738,BOS,Boston Celtics,0022300432,2023-12-29,BOS vs. TOR,W,239,120,43,88,0.489,17,39,0.436,17,20,0.85,13,39,52,29,3,6,16,17,2.0,2023-12-29,2023-12-29
22023,1610612751,BKN,Brooklyn Nets,0022300430,2023-12-29,BKN @ WAS,L,239,104,39,91,0.429,9,28,0.321,17,27,0.63,18,36,54,24,5,4,10,13,-6.0,2023-12-29,2023-12-29
22023,1610612743,DEN,Denver Nuggets,0022300435,2023-12-29,DEN vs. OKC,L,240,93,36,85,0.424,10,37,0.27,11,15,0.733,5,31,36,30,6,5,16,17,-26.0,2023-12-29,2023-12-29
22023,1610612765,DET,Detroit Pistons,0022300421,2023-12-28,DET @ BOS,L,266,122,48,101,0.475,14,43,0.326,12,19,0.632,19,38,57,27,7,4,18,21,-6.0,2023-12-28,2023-12-28
22023,1610612744,GSW,Golden State Warriors,0022300426,2023-12-28,GSW vs. MIA,L,241,102,37,88,0.42,8,33,0.242,20,25,0.8,12,31,43,27,4,7,13,19,-12.0,2023-12-28,2023-12-28
22023,1610612741,CHI,Chicago Bulls,0022300422,2023-12-28,CHI vs. IND,L,240,104,40,97,0.412,7,27,0.259,17,22,0.773,13,34,47,19,7,4,7,20,-16.0,2023-12-28,2023-12-28
22023,1610612763,MEM,Memphis Grizzlies,0022300425,2023-12-28,MEM @ DEN,L,240,105,37,89,0.416,13,35,0.371,18,25,0.72,11,25,36,23,8,5,11,13,-37.0,2023-12-28,2023-12-28
22023,1610612750,MIN,Minnesota Timberwolves,0022300423,2023-12-28,MIN vs. DAL,W,240,118,38,74,0.514,17,33,0.515,25,34,0.735,6,32,38,23,9,10,22,21,8.0,2023-12-28,2023-12-28
22023,1610612762,UTA,Utah Jazz,0022300424,2023-12-28,UTA @ NOP,L,240,105,36,85,0.424,12,39,0.308,21,25,0.84,17,25,42,27,5,3,18,15,-7.0,2023-12-28,2023-12-28
22023,1610612747,LAL,Los Angeles Lakers,0022300428,2023-12-28,LAL vs. CHA,W,240,133,52,97,0.536,15,30,0.5,14,14,1.0,5,37,42,41,11,7,11,21,21.0,2023-12-28,2023-12-28
22023,1610612757,POR,Portland Trail Blazers,0022300427,2023-12-28,POR vs. SAS,L,241,105,35,101,0.347,11,36,0.306,24,32,0.75,22,35,57,16,6,4,13,22,-13.0,2023-12-28,2023-12-28
22023,1610612745,HOU,Houston Rockets,0022300418,2023-12-27,HOU vs. PHX,L,240,113,40,96,0.417,17,41,0.415,16,22,0.727,9,24,33,20,11,3,9,21,-16.0,2023-12-27,2023-12-27
22023,1610612749,MIL,Milwaukee Bucks,0022300417,2023-12-27,MIL @ BKN,W,240,144,52,89,0.584,23,51,0.451,17,23,0.739,8,33,41,41,6,8,10,18,22.0,2023-12-27,2023-12-27
22023,1610612761,TOR,Toronto Raptors,0022300416,2023-12-27,TOR @ WAS,W,239,132,52,91,0.571,15,38,0.395,13,19,0.684,14,39,53,43,12,5,17,18,30.0,2023-12-27,2023-12-27
22023,1610612760,OKC,Oklahoma City Thunder,0022300419,2023-12-27,OKC vs. NYK,W,240,129,49,90,0.544,14,32,0.438,17,22,0.773,3,24,27,20,6,10,4,21,9.0,2023-12-27,2023-12-27
22023,1610612753,ORL,Orlando Magic,0022300415,2023-12-27,ORL vs. PHI,L,239,92,31,79,0.392,9,33,0.273,21,24,0.875,9,34,43,17,5,11,16,18,-20.0,2023-12-27,2023-12-27
22023,1610612739,CLE,Cleveland Cavaliers,0022300420,2023-12-27,CLE @ DAL,W,241,113,40,92,0.435,17,43,0.395,16,23,0.696,18,39,57,33,7,4,16,21,3.0,2023-12-27,2023-12-27
22023,1610612745,HOU,Houston Rockets,0022300409,2023-12-26,HOU vs. IND,L,241,117,47,97,0.485,5,24,0.208,18,22,0.818,15,29,44,19,15,2,10,16,-6.0,2023-12-26,2023-12-26
22023,1610612764,WAS,Washington Wizards,0022300407,2023-12-26,WAS vs. ORL,L,240,119,43,87,0.494,16,42,0.381,17,21,0.81,10,37,47,27,10,8,20,21,-8.0,2023-12-26,2023-12-26
22023,1610612751,BKN,Brooklyn Nets,0022300406,2023-12-26,BKN @ DET,W,240,118,41,82,0.5,9,22,0.409,27,43,0.628,7,35,42,22,6,7,9,22,6.0,2023-12-26,2023-12-26
22023,1610612740,NOP,New Orleans Pelicans,0022300410,2023-12-26,NOP vs. MEM,L,266,115,42,97,0.433,10,31,0.323,21,33,0.636,10,36,46,18,12,6,14,26,-1.0,2023-12-26,2023-12-26
22023,1610612746,LAC,LA Clippers,0022300414,2023-12-26,LAC vs. CHA,W,239,113,40,85,0.471,14,34,0.412,19,25,0.76,11,34,45,24,7,3,13,14,9.0,2023-12-26,2023-12-26
22023,1610612737,ATL,Atlanta Hawks,0022300408,2023-12-26,ATL @ CHI,L,239,113,41,89,0.461,13,45,0.289,18,21,0.857,12,28,40,24,6,3,15,21,-5.0,2023-12-26,2023-12-26
22023,1610612750,MIN,Minnesota Timberwolves,0022300411,2023-12-26,MIN @ OKC,L,241,106,34,73,0.466,12,27,0.444,26,32,0.813,8,26,34,22,8,1,21,16,-23.0,2023-12-26,2023-12-26
22023,1610612762,UTA,Utah Jazz,0022300412,2023-12-26,UTA @ SAS,W,239,130,47,95,0.495,16,43,0.372,20,22,0.909,13,40,53,34,4,7,14,21,12.0,2023-12-26,2023-12-26
22023,1610612757,POR,Portland Trail Blazers,0022300413,2023-12-26,POR vs. SAC,W,241,130,49,98,0.5,16,40,0.4,16,20,0.8,16,30,46,28,5,5,7,17,17.0,2023-12-26,2023-12-26
22023,1610612755,PHI,Philadelphia 76ers,0022300404,2023-12-25,PHI @ MIA,L,243,113,40,94,0.426,17,45,0.378,16,25,0.64,5,31,36,23,11,4,7,22,-6.0,2023-12-25,2023-12-25
22023,1610612738,BOS,Boston Celtics,0022300403,2023-12-25,BOS @ LAL,W,240,126,46,91,0.505,13,42,0.31,21,28,0.75,11,33,44,31,8,7,8,17,11.0,2023-12-25,2023-12-25
22023,1610612749,MIL,Milwaukee Bucks,0022300401,2023-12-25,MIL @ NYK,L,241,122,45,95,0.474,13,42,0.31,19,24,0.792,17,27,44,26,7,4,11,23,-7.0,2023-12-25,2023-12-25
22023,1610612743,DEN,Denver Nuggets,0022300402,2023-12-25,DEN vs. GSW,W,241,120,40,82,0.488,14,34,0.412,26,32,0.813,10,33,43,25,6,4,14,17,6.0,2023-12-25,2023-12-25
22023,1610612742,DAL,Dallas Mavericks,0022300405,2023-12-25,DAL @ PHX,W,240,128,45,84,0.536,16,44,0.364,22,30,0.733,8,30,38,28,7,6,11,20,14.0,2023-12-25,2023-12-25
22023,1610612741,CHI,Chicago Bulls,0022300396,2023-12-23,CHI vs. CLE,L,240,95,35,80,0.438,8,35,0.229,17,19,0.895,5,32,37,23,6,5,12,22,-14.0,2023-12-23,2023-12-23
22023,1610612753,ORL,Orlando Magic,0022300391,2023-12-23,ORL @ IND,W,239,117,39,73,0.534,6,18,0.333,33,41,0.805,10,29,39,22,9,5,13,18,7.0,2023-12-23,2023-12-23
22023,1610612765,DET,Detroit Pistons,0022300394,2023-12-23,DET @ BKN,L,239,115,39,79,0.494,15,35,0.429,22,29,0.759,6,30,36,26,5,3,13,25,-11.0,2023-12-23,2023-12-23
22023,1610612745,HOU,Houston Rockets,0022300392,2023-12-23,HOU @ NOP,W,238,106,35,82,0.427,9,29,0.31,27,35,0.771,13,31,44,21,9,2,11,20,2.0,2023-12-23,2023-12-23
22023,1610612747,LAL,Los Angeles Lakers,0022300397,2023-12-23,LAL @ OKC,W,240,129,47,90,0.522,16,32,0.5,19,23,0.826,8,36,44,37,7,7,9,13,9.0,2023-12-23,2023-12-23
22023,1610612752,NYK,New York Knicks,0022300388,2023-12-23,NYK vs. MIL,L,240,111,41,93,0.441,9,29,0.31,20,21,0.952,11,30,41,17,5,2,11,22,-19.0,2023-12-23,2023-12-23
22023,1610612742,DAL,Dallas Mavericks,0022300398,2023-12-23,DAL vs. SAS,W,241,144,52,100,0.52,23,45,0.511,17,21,0.81,11,41,52,26,7,6,12,18,25.0,2023-12-23,2023-12-23
22023,1610612744,GSW,Golden State Warriors,0022300399,2023-12-23,GSW vs. POR,W,241,126,48,83,0.578,10,33,0.303,20,24,0.833,13,36,49,38,8,2,16,14,20.0,2023-12-23,2023-12-23
22023,1610612766,CHA,Charlotte Hornets,0022300390,2023-12-23,CHA vs. DEN,L,239,95,34,88,0.386,8,28,0.286,19,23,0.826,13,34,47,23,8,11,17,15,-7.0,2023-12-23,2023-12-23
22023,1610612762,UTA,Utah Jazz,0022300395,2023-12-23,UTA @ TOR,W,241,126,48,91,0.527,17,38,0.447,13,14,0.929,8,33,41,35,7,5,11,17,7.0,2023-12-23,2023-12-23
22023,1610612737,ATL,Atlanta Hawks,0022300393,2023-12-23,ATL vs. MEM,L,239,119,45,96,0.469,13,43,0.302,16,20,0.8,13,28,41,28,8,5,10,22,-6.0,2023-12-23,2023-12-23
22023,1610612750,MIN,Minnesota Timberwolves,0022300400,2023-12-23,MIN @ SAC,W,241,110,44,87,0.506,10,33,0.303,12,14,0.857,7,36,43,31,9,5,12,18,12.0,2023-12-23,2023-12-23
22023,1610612738,BOS,Boston Celtics,0022300389,2023-12-23,BOS @ LAC,W,241,145,49,94,0.521,25,53,0.472,22,28,0.786,15,36,51,33,4,5,9,19,37.0,2023-12-23,2023-12-23
22023,1610612744,GSW,Golden State Warriors,0022300386,2023-12-22,GSW vs. WAS,W,240,129,47,97,0.485,18,45,0.4,17,20,0.85,14,43,57,33,5,2,12,17,11.0,2023-12-22,2023-12-22
22023,1610612755,PHI,Philadelphia 76ers,0022300382,2023-12-22,PHI vs. TOR,W,241,121,44,83,0.53,14,31,0.452,19,21,0.905,3,35,38,34,6,6,13,21,10.0,2023-12-22,2023-12-22
22023,1610612756,PHX,Phoenix Suns,0022300387,2023-12-22,PHX @ SAC,L,240,105,39,88,0.443,5,25,0.2,22,28,0.786,15,30,45,19,8,4,15,19,-15.0,2023-12-22,2023-12-22
22023,1610612742,DAL,Dallas Mavericks,0022300385,2023-12-22,DAL @ HOU,L,240,96,35,101,0.347,7,40,0.175,19,26,0.731,14,33,47,18,10,1,11,17,-26.0,2023-12-22,2023-12-22
22023,1610612743,DEN,Denver Nuggets,0022300383,2023-12-22,DEN @ BKN,W,240,122,45,87,0.517,11,26,0.423,21,25,0.84,8,33,41,29,6,5,6,19,5.0,2023-12-22,2023-12-22
22023,1610612737,ATL,Atlanta Hawks,0022300384,2023-12-22,ATL @ MIA,L,240,113,42,96,0.438,19,54,0.352,10,14,0.714,12,31,43,29,9,2,13,23,-9.0,2023-12-22,2023-12-22
22023,1610612764,WAS,Washington Wizards,0022300381,2023-12-21,WAS @ POR,W,240,118,42,84,0.5,12,30,0.4,22,32,0.688,7,30,37,26,9,6,11,17,1.0,2023-12-21,2023-12-21
22023,1610612765,DET,Detroit Pistons,0022300374,2023-12-21,DET vs. UTA,L,241,111,43,86,0.5,9,31,0.29,16,19,0.842,12,29,41,24,6,9,20,19,-8.0,2023-12-21,2023-12-21
22023,1610612750,MIN,Minnesota Timberwolves,0022300380,2023-12-21,MIN vs. LAL,W,239,118,42,87,0.483,14,36,0.389,20,25,0.8,9,31,40,32,13,7,14,19,7.0,2023-12-21,2023-12-21
22023,1610612739,CLE,Cleveland Cavaliers,0022300375,2023-12-21,CLE vs. NOP,L,239,104,41,87,0.471,17,44,0.386,5,8,0.625,6,29,35,34,4,3,11,13,-19.0,2023-12-21,2023-12-21
22023,1610612749,MIL,Milwaukee Bucks,0022300378,2023-12-21,MIL vs. ORL,W,239,118,38,90,0.422,11,37,0.297,31,35,0.886,10,41,51,26,3,6,13,22,4.0,2023-12-21,2023-12-21
22023,1610612741,CHI,Chicago Bulls,0022300376,2023-12-21,CHI vs. SAS,W,239,114,49,90,0.544,7,28,0.25,9,11,0.818,5,31,36,24,11,5,11,18,19.0,2023-12-21,2023-12-21
22023,1610612746,LAC,LA Clippers,0022300379,2023-12-21,LAC @ OKC,L,241,115,44,93,0.473,17,43,0.395,10,12,0.833,12,28,40,23,9,5,15,18,-19.0,2023-12-21,2023-12-21
22023,1610612754,IND,Indiana Pacers,0022300377,2023-12-21,IND @ MEM,L,241,103,38,90,0.422,18,52,0.346,9,11,0.818,12,27,39,28,12,9,16,21,-13.0,2023-12-21,2023-12-21
22023,1610612748,MIA,Miami Heat,0022300366,2023-12-20,MIA @ ORL,W,241,115,40,83,0.482,15,29,0.517,20,24,0.833,10,29,39,25,6,2,11,17,9.0,2023-12-20,2023-12-20
22023,1610612754,IND,Indiana Pacers,0022300365,2023-12-20,IND vs. CHA,W,239,144,49,80,0.613,18,39,0.462,28,30,0.933,8,30,38,37,6,8,13,20,31.0,2023-12-20,2023-12-20
22023,1610612738,BOS,Boston Celtics,0022300373,2023-12-20,BOS @ SAC,W,239,144,51,92,0.554,22,42,0.524,20,24,0.833,14,36,50,35,6,10,9,17,25.0,2023-12-20,2023-12-20
22023,1610612750,MIN,Minnesota Timberwolves,0022300367,2023-12-20,MIN @ PHI,L,240,113,42,82,0.512,9,25,0.36,20,24,0.833,9,30,39,22,4,2,18,22,-14.0,2023-12-20,2023-12-20
22023,1610612747,LAL,Los Angeles Lakers,0022300370,2023-12-20,LAL @ CHI,L,240,108,42,94,0.447,12,37,0.324,12,15,0.8,8,32,40,27,7,7,13,11,-16.0,2023-12-20,2023-12-20
22023,1610612761,TOR,Toronto Raptors,0022300369,2023-12-20,TOR vs. DEN,L,241,104,43,90,0.478,9,27,0.333,9,13,0.692,10,31,41,26,3,5,11,12,-9.0,2023-12-20,2023-12-20
22023,1610612737,ATL,Atlanta Hawks,0022300371,2023-12-20,ATL @ HOU,W,240,134,47,91,0.516,17,40,0.425,23,28,0.821,12,32,44,31,4,3,9,18,7.0,2023-12-20,2023-12-20
22023,1610612752,NYK,New York Knicks,0022300368,2023-12-20,NYK @ BKN,W,239,121,44,95,0.463,13,33,0.394,20,25,0.8,12,42,54,24,8,7,11,15,19.0,2023-12-20,2023-12-20
22023,1610612742,DAL,Dallas Mavericks,0022300372,2023-12-20,DAL vs. LAC,L,241,111,39,91,0.429,14,43,0.326,19,27,0.704,13,23,36,23,8,3,6,19,-9.0,2023-12-20,2023-12-20
22023,1610612762,UTA,Utah Jazz,0022300364,2023-12-20,UTA @ CLE,L,241,116,40,78,0.513,13,30,0.433,23,28,0.821,6,32,38,24,5,6,16,22,-8.0,2023-12-20,2023-12-20
22023,1610612763,MEM,Memphis Grizzlies,0022300360,2023-12-19,MEM @ NOP,W,242,115,41,82,0.5,10,31,0.323,23,29,0.793,13,29,42,19,5,7,17,19,2.0,2023-12-19,2023-12-19
22023,1610612756,PHX,Phoenix Suns,0022300363,2023-12-19,PHX @ POR,L,240,104,42,94,0.447,5,23,0.217,15,21,0.714,14,33,47,23,10,6,13,15,-5.0,2023-12-19,2023-12-19
22023,1610612749,MIL,Milwaukee Bucks,0022300361,2023-12-19,MIL vs. SAS,W,240,132,50,106,0.472,18,49,0.367,14,18,0.778,11,36,47,34,11,7,6,15,13.0,2023-12-19,2023-12-19
22023,1610612744,GSW,Golden State Warriors,0022300362,2023-12-19,GSW vs. BOS,W,266,132,50,109,0.459,20,50,0.4,12,14,0.857,18,41,59,29,4,5,10,15,6.0,2023-12-19,2023-12-19
22023,1610612752,NYK,New York Knicks,0022300359,2023-12-18,NYK @ LAL,W,239,114,42,88,0.477,10,30,0.333,20,23,0.87,11,41,52,21,5,6,15,16,5.0,2023-12-18,2023-12-18
22023,1610612751,BKN,Brooklyn Nets,0022300357,2023-12-18,BKN @ UTA,L,239,108,39,90,0.433,16,39,0.41,14,20,0.7,11,25,36,25,4,9,13,17,-17.0,2023-12-18,2023-12-18
22023,1610612764,WAS,Washington Wizards,0022300358,2023-12-18,WAS @ SAC,L,241,131,44,85,0.518,18,38,0.474,25,30,0.833,5,34,39,26,3,6,11,21,-12.0,2023-12-18,2023-12-18
22023,1610612765,DET,Detroit Pistons,0022300352,2023-12-18,DET @ ATL,L,239,124,48,94,0.511,9,22,0.409,19,27,0.704,12,24,36,23,7,3,13,26,-6.0,2023-12-18,2023-12-18
22023,1610612741,CHI,Chicago Bulls,0022300351,2023-12-18,CHI @ PHI,W,240,108,42,89,0.472,12,29,0.414,12,15,0.8,11,34,45,24,7,9,10,15,4.0,2023-12-18,2023-12-18
22023,1610612739,CLE,Cleveland Cavaliers,0022300349,2023-12-18,CLE vs. HOU,W,265,135,47,97,0.485,19,48,0.396,22,34,0.647,14,24,38,29,7,8,11,25,5.0,2023-12-18,2023-12-18
22023,1610612754,IND,Indiana Pacers,0022300350,2023-12-18,IND vs. LAC,L,239,127,49,95,0.516,12,33,0.364,17,21,0.81,11,23,34,38,6,7,11,21,-24.0,2023-12-18,2023-12-18
22023,1610612761,TOR,Toronto Raptors,0022300354,2023-12-18,TOR vs. CHA,W,240,114,44,86,0.512,8,29,0.276,18,22,0.818,15,36,51,30,4,4,17,16,15.0,2023-12-18,2023-12-18
22023,1610612760,OKC,Oklahoma City Thunder,0022300355,2023-12-18,OKC vs. MEM,W,238,116,42,92,0.457,11,36,0.306,21,23,0.913,10,43,53,31,11,10,12,18,19.0,2023-12-18,2023-12-18
22023,1610612748,MIA,Miami Heat,0022300353,2023-12-18,MIA vs. MIN,L,239,108,41,87,0.471,11,30,0.367,15,18,0.833,9,31,40,27,10,4,15,18,-4.0,2023-12-18,2023-12-18
22023,1610612743,DEN,Denver Nuggets,0022300356,2023-12-18,DEN vs. DAL,W,240,130,49,87,0.563,14,26,0.538,18,22,0.818,9,37,46,29,7,4,8,19,26.0,2023-12-18,2023-12-18
22023,1610612759,SAS,San Antonio Spurs,0022300345,2023-12-17,SAS vs. NOP,L,241,110,40,94,0.426,15,42,0.357,15,21,0.714,9,30,39,29,6,6,13,15,-36.0,2023-12-17,2023-12-17
22023,1610612749,MIL,Milwaukee Bucks,0022300346,2023-12-17,MIL vs. HOU,W,238,128,45,90,0.5,13,36,0.361,25,32,0.781,16,30,46,25,4,1,15,23,9.0,2023-12-17,2023-12-17
22023,1610612764,WAS,Washington Wizards,0022300347,2023-12-17,WAS @ PHX,L,239,108,39,95,0.411,14,46,0.304,16,20,0.8,10,34,44,24,8,6,10,25,-4.0,2023-12-17,2023-12-17
22023,1610612738,BOS,Boston Celtics,0022300344,2023-12-17,BOS vs. ORL,W,239,114,45,95,0.474,17,36,0.472,7,8,0.875,10,45,55,18,4,10,14,19,17.0,2023-12-17,2023-12-17
22023,1610612744,GSW,Golden State Warriors,0022300348,2023-12-17,GSW @ POR,W,240,118,46,87,0.529,13,38,0.342,13,19,0.684,11,32,43,31,10,4,14,20,4.0,2023-12-17,2023-12-17
22023,1610612749,MIL,Milwaukee Bucks,0022300334,2023-12-16,MIL vs. DET,W,240,146,50,88,0.568,19,42,0.452,27,32,0.844,8,41,49,24,5,8,14,24,32.0,2023-12-16,2023-12-16
22023,1610612739,CLE,Cleveland Cavaliers,0022300336,2023-12-16,CLE vs. ATL,W,240,127,49,101,0.485,16,42,0.381,13,15,0.867,18,31,49,32,8,3,10,22,8.0,2023-12-16,2023-12-16
22023,1610612760,OKC,Oklahoma City Thunder,0022300340,2023-12-16,OKC @ DEN,W,240,118,43,84,0.512,7,21,0.333,25,30,0.833,9,31,40,22,4,9,10,19,1.0,2023-12-16,2023-12-16
22023,1610612744,GSW,Golden State Warriors,0022300339,2023-12-16,GSW vs. BKN,W,241,124,44,91,0.484,17,32,0.531,19,20,0.95,13,29,42,29,7,5,14,15,4.0,2023-12-16,2023-12-16
22023,1610612750,MIN,Minnesota Timberwolves,0022300338,2023-12-16,MIN vs. IND,W,239,127,48,86,0.558,18,30,0.6,13,16,0.813,8,28,36,33,10,4,15,16,18.0,2023-12-16,2023-12-16
22023,1610612758,SAC,Sacramento Kings,0022300342,2023-12-16,SAC vs. UTA,W,240,125,46,85,0.541,22,45,0.489,11,15,0.733,8,37,45,36,6,2,14,17,21.0,2023-12-16,2023-12-16
22023,1610612742,DAL,Dallas Mavericks,0022300341,2023-12-16,DAL @ POR,W,240,131,48,97,0.495,16,47,0.34,19,21,0.905,11,36,47,27,7,2,12,17,11.0,2023-12-16,2023-12-16
22023,1610612755,PHI,Philadelphia 76ers,0022300335,2023-12-16,PHI @ CHA,W,240,135,53,88,0.602,14,31,0.452,15,17,0.882,5,40,45,30,10,6,10,17,53.0,2023-12-16,2023-12-16
22023,1610612741,CHI,Chicago Bulls,0022300337,2023-12-16,CHI @ MIA,L,240,116,37,77,0.481,16,38,0.421,26,29,0.897,11,29,40,25,8,4,14,19,-2.0,2023-12-16,2023-12-16
22023,1610612746,LAC,LA Clippers,0022300343,2023-12-16,LAC vs. NYK,W,240,144,50,88,0.568,16,33,0.485,28,34,0.824,8,34,42,36,8,6,8,21,22.0,2023-12-16,2023-12-16
22023,1610612747,LAL,Los Angeles Lakers,0022300331,2023-12-15,LAL @ SAS,L,239,115,43,89,0.483,11,36,0.306,18,28,0.643,9,34,43,32,5,5,6,15,-14.0,2023-12-15,2023-12-15
22023,1610612756,PHX,Phoenix Suns,0022300333,2023-12-15,PHX vs. NYK,L,242,122,47,90,0.522,11,28,0.393,17,21,0.81,10,23,33,30,4,3,11,17,-17.0,2023-12-15,2023-12-15
22023,1610612765,DET,Detroit Pistons,0022300327,2023-12-15,DET @ PHI,L,240,92,35,81,0.432,4,21,0.19,18,23,0.783,7,35,42,19,3,7,21,25,-32.0,2023-12-15,2023-12-15
22023,1610612740,NOP,New Orleans Pelicans,0022300326,2023-12-15,NOP @ CHA,W,240,112,38,80,0.475,9,27,0.333,27,32,0.844,11,38,49,24,4,5,15,17,5.0,2023-12-15,2023-12-15
22023,1610612764,WAS,Washington Wizards,0022300328,2023-12-15,WAS vs. IND,W,240,137,52,92,0.565,13,27,0.481,20,26,0.769,8,39,47,36,7,8,17,18,14.0,2023-12-15,2023-12-15
22023,1610612745,HOU,Houston Rockets,0022300332,2023-12-15,HOU @ MEM,W,239,103,32,88,0.364,11,29,0.379,28,32,0.875,15,36,51,18,10,10,11,19,7.0,2023-12-15,2023-12-15
22023,1610612737,ATL,Atlanta Hawks,0022300330,2023-12-15,ATL @ TOR,W,239,125,52,101,0.515,16,41,0.39,5,6,0.833,16,39,55,34,4,4,12,19,21.0,2023-12-15,2023-12-15
22023,1610612753,ORL,Orlando Magic,0022300329,2023-12-15,ORL @ BOS,L,238,111,42,87,0.483,14,35,0.4,13,18,0.722,13,32,45,25,5,2,21,22,-17.0,2023-12-15,2023-12-15
22023,1610612741,CHI,Chicago Bulls,0022300320,2023-12-14,CHI @ MIA,W,240,124,45,93,0.484,14,36,0.389,20,30,0.667,11,32,43,32,8,2,5,23,8.0,2023-12-14,2023-12-14
22023,1610612746,LAC,LA Clippers,0022300325,2023-12-14,LAC vs. GSW,W,238,121,41,81,0.506,13,32,0.406,26,30,0.867,10,30,40,27,6,9,13,20,8.0,2023-12-14,2023-12-14
22023,1610612739,CLE,Cleveland Cavaliers,0022300319,2023-12-14,CLE @ BOS,L,240,107,40,83,0.482,11,33,0.333,16,17,0.941,9,30,39,21,7,1,16,18,-9.0,2023-12-14,2023-12-14
22023,1610612742,DAL,Dallas Mavericks,0022300321,2023-12-14,DAL vs. MIN,L,240,101,39,83,0.47,7,32,0.219,16,18,0.889,4,30,34,21,6,2,15,19,-18.0,2023-12-14,2023-12-14
22023,1610612757,POR,Portland Trail Blazers,0022300323,2023-12-14,POR vs. UTA,L,240,114,43,103,0.417,16,45,0.356,12,18,0.667,21,28,49,30,9,4,11,12,-8.0,2023-12-14,2023-12-14
22023,1610612743,DEN,Denver Nuggets,0022300322,2023-12-14,DEN vs. BKN,W,238,124,47,99,0.475,12,36,0.333,18,21,0.857,12,36,48,31,13,6,8,15,23.0,2023-12-14,2023-12-14
22023,1610612758,SAC,Sacramento Kings,0022300324,2023-12-14,SAC vs. OKC,W,240,128,47,95,0.495,18,45,0.4,16,21,0.762,11,36,47,32,6,4,17,22,4.8,2023-12-14,2023-12-14
22023,1610612747,LAL,Los Angeles Lakers,0022300316,2023-12-13,LAL @ SAS,W,239,122,49,91,0.538,14,35,0.4,10,17,0.588,5,41,46,31,14,4,16,16,3.0,2023-12-13,2023-12-13
22023,1610612751,BKN,Brooklyn Nets,0022300317,2023-12-13,BKN @ PHX,W,239,116,41,89,0.461,15,41,0.366,19,24,0.792,10,26,36,24,9,4,7,17,4.0,2023-12-13,2023-12-13
22023,1610612755,PHI,Philadelphia 76ers,0022300310,2023-12-13,PHI @ DET,W,239,129,45,87,0.517,11,30,0.367,28,34,0.824,10,43,53,28,6,4,10,20,18.0,2023-12-13,2023-12-13
22023,1610612745,HOU,Houston Rockets,0022300314,2023-12-13,HOU vs. MEM,W,238,117,39,86,0.453,12,32,0.375,27,37,0.73,15,43,58,23,6,3,19,28,13.0,2023-12-13,2023-12-13
22023,1610612740,NOP,New Orleans Pelicans,0022300311,2023-12-13,NOP @ WAS,W,241,142,50,96,0.521,16,34,0.471,26,30,0.867,10,36,46,30,11,3,9,17,20.0,2023-12-13,2023-12-13
22023,1610612748,MIA,Miami Heat,0022300312,2023-12-13,MIA vs. CHA,W,239,115,41,86,0.477,15,30,0.5,18,19,0.947,17,30,47,29,10,3,22,12,11.0,2023-12-13,2023-12-13
22023,1610612762,UTA,Utah Jazz,0022300318,2023-12-13,UTA vs. NYK,W,240,117,43,98,0.439,16,42,0.381,15,21,0.714,15,38,53,31,5,4,15,27,4.0,2023-12-13,2023-12-13
22023,1610612761,TOR,Toronto Raptors,0022300313,2023-12-13,TOR vs. ATL,W,240,135,50,87,0.575,18,34,0.529,17,24,0.708,9,38,47,39,3,9,14,18,7.0,2023-12-13,2023-12-13
22023,1610612749,MIL,Milwaukee Bucks,0022300315,2023-12-13,MIL vs. IND,W,240,140,48,89,0.539,7,27,0.259,37,48,0.771,12,31,43,27,8,8,15,24,14.0,2023-12-13,2023-12-13
22023,1610612739,CLE,Cleveland Cavaliers,0022300305,2023-12-12,CLE @ BOS,L,241,113,44,92,0.478,19,45,0.422,6,9,0.667,6,29,35,27,6,4,12,18,-7.0,2023-12-12,2023-12-12
22023,1610612742,DAL,Dallas Mavericks,0022300306,2023-12-12,DAL vs. LAL,W,239,127,44,89,0.494,21,43,0.488,18,21,0.857,12,24,36,28,7,5,10,17,2.0,2023-12-12,2023-12-12
22023,1610612744,GSW,Golden State Warriors,0022300308,2023-12-12,GSW @ PHX,L,241,116,41,92,0.446,16,46,0.348,18,27,0.667,13,38,51,26,9,1,15,28,-3.0,2023-12-12,2023-12-12
22023,1610612743,DEN,Denver Nuggets,0022300307,2023-12-12,DEN @ CHI,W,242,114,39,83,0.47,14,30,0.467,22,32,0.688,15,31,46,28,4,4,10,20,8.0,2023-12-12,2023-12-12
22023,1610612758,SAC,Sacramento Kings,0022300309,2023-12-12,SAC @ LAC,L,241,99,36,86,0.419,10,37,0.27,17,24,0.708,7,31,38,27,8,2,14,19,-20.0,2023-12-12,2023-12-12
22023,1610612745,HOU,Houston Rockets,0022300298,2023-12-11,HOU vs. SAS,W,239,93,32,93,0.344,12,39,0.308,17,20,0.85,15,45,60,20,7,2,16,18,11.0,2023-12-11,2023-12-11
22023,1610612749,MIL,Milwaukee Bucks,0022300300,2023-12-11,MIL vs. CHI,W,266,133,44,86,0.512,15,37,0.405,30,37,0.811,6,42,48,34,5,4,11,21,4.0,2023-12-11,2023-12-11
22023,1610612766,CHA,Charlotte Hornets,0022300292,2023-12-11,CHA vs. MIA,L,240,114,40,84,0.476,17,41,0.415,17,22,0.773,6,25,31,31,3,2,10,22,-2.0,2023-12-11,2023-12-11
22023,1610612751,BKN,Brooklyn Nets,0022300303,2023-12-11,BKN @ SAC,L,241,118,42,88,0.477,14,29,0.483,20,21,0.952,10,31,41,24,4,6,13,13,-13.0,2023-12-11,2023-12-11
22023,1610612742,DAL,Dallas Mavericks,0022300299,2023-12-11,DAL @ MEM,W,239,120,43,86,0.5,17,40,0.425,17,19,0.895,10,33,43,27,8,9,17,17,7.0,2023-12-11,2023-12-11
22023,1610612753,ORL,Orlando Magic,0022300294,2023-12-11,ORL vs. CLE,W,240,104,39,84,0.464,7,26,0.269,19,25,0.76,12,31,43,22,7,8,12,22,10.0,2023-12-11,2023-12-11
22023,1610612761,TOR,Toronto Raptors,0022300297,2023-12-11,TOR @ NYK,L,240,130,47,96,0.49,14,39,0.359,22,30,0.733,17,21,38,32,12,0,10,21,-6.0,2023-12-11,2023-12-11
22023,1610612760,OKC,Oklahoma City Thunder,0022300302,2023-12-11,OKC vs. UTA,W,241,134,50,96,0.521,18,38,0.474,16,17,0.941,7,32,39,35,9,7,12,17,14.0,2023-12-11,2023-12-11
22023,1610612743,DEN,Denver Nuggets,0022300296,2023-12-11,DEN @ ATL,W,240,129,47,88,0.534,12,29,0.414,23,29,0.793,14,35,49,29,9,8,16,19,7.0,2023-12-11,2023-12-11
22023,1610612755,PHI,Philadelphia 76ers,0022300295,2023-12-11,PHI vs. WAS,W,241,146,52,95,0.547,20,46,0.435,22,25,0.88,9,38,47,37,14,6,13,27,45.0,2023-12-11,2023-12-11
22023,1610612740,NOP,New Orleans Pelicans,0022300301,2023-12-11,NOP vs. MIN,W,240,121,40,82,0.488,10,27,0.37,31,40,0.775,10,37,47,27,7,7,13,20,14.0,2023-12-11,2023-12-11
22023,1610612746,LAC,LA Clippers,0022300304,2023-12-11,LAC vs. POR,W,239,132,49,89,0.551,13,34,0.382,21,22,0.955,9,26,35,33,7,9,9,20,5.0,2023-12-11,2023-12-11
22023,1610612765,DET,Detroit Pistons,0022300293,2023-12-11,DET vs. IND,L,240,123,45,81,0.556,10,29,0.345,23,30,0.767,6,24,30,26,11,4,14,18,-8.0,2023-12-11,2023-12-11
22023,1610612745,HOU,Houston Rockets,0022301224,2023-12-08,HOU @ DEN,W,240,114,35,82,0.427,13,39,0.333,31,42,0.738,11,36,47,21,3,3,9,20,8.0,2023-12-08,2023-12-08
22023,1610612766,CHA,Charlotte Hornets,0022301216,2023-12-08,CHA vs. TOR,W,240,119,44,79,0.557,13,25,0.52,18,20,0.9,7,24,31,30,7,4,15,15,3.0,2023-12-08,2023-12-08
22023,1610612760,OKC,Oklahoma City Thunder,0022301222,2023-12-08,OKC vs. GSW,W,265,138,51,98,0.52,5,29,0.172,31,36,0.861,11,28,39,15,17,7,9,22,2.0,2023-12-08,2023-12-08
22023,1610612764,WAS,Washington Wizards,0022301219,2023-12-08,WAS @ BKN,L,241,97,38,91,0.418,6,33,0.182,15,21,0.714,12,29,41,19,4,7,16,19,-27.0,2023-12-08,2023-12-08
22023,1610612738,BOS,Boston Celtics,0022301227,2023-12-08,BOS vs. NYK,W,240,133,48,91,0.527,19,47,0.404,18,21,0.857,8,26,34,24,8,5,7,19,10.0,2023-12-08,2023-12-08
22023,1610612741,CHI,Chicago Bulls,0022301223,2023-12-08,CHI @ SAS,W,240,121,47,102,0.461,13,28,0.464,14,24,0.583,24,32,56,27,9,2,7,19,9.0,2023-12-08,2023-12-08
22023,1610612763,MEM,Memphis Grizzlies,0022301221,2023-12-08,MEM vs. MIN,L,240,103,37,86,0.43,15,35,0.429,14,19,0.737,8,20,28,24,7,4,9,23,-24.0,2023-12-08,2023-12-08
22023,1610612737,ATL,Atlanta Hawks,0022301218,2023-12-08,ATL @ PHI,L,241,114,41,104,0.394,13,39,0.333,19,21,0.905,23,32,55,20,3,4,13,23,-11.0,2023-12-08,2023-12-08
22023,1610612746,LAC,LA Clippers,0022301225,2023-12-08,LAC @ UTA,W,240,117,43,88,0.489,15,34,0.441,16,21,0.762,11,29,40,23,8,9,12,18,14.0,2023-12-08,2023-12-08
22023,1610612765,DET,Detroit Pistons,0022301217,2023-12-08,DET @ ORL,L,241,91,34,81,0.42,6,30,0.2,17,24,0.708,8,30,38,17,3,2,15,17,-32.0,2023-12-08,2023-12-08
22023,1610612756,PHX,Phoenix Suns,0022301228,2023-12-08,PHX vs. SAC,L,241,106,40,83,0.482,11,32,0.344,15,23,0.652,8,32,40,26,8,5,11,19,-8.0,2023-12-08,2023-12-08
22023,1610612742,DAL,Dallas Mavericks,0022301226,2023-12-08,DAL @ POR,W,240,125,47,91,0.516,12,39,0.308,19,22,0.864,9,33,42,26,8,5,15,23,13.0,2023-12-08,2023-12-08
22023,1610612739,CLE,Cleveland Cavaliers,0022301220,2023-12-08,CLE @ MIA,W,240,111,40,87,0.46,14,38,0.368,17,26,0.654,12,39,51,21,13,2,13,17,12.0,2023-12-08,2023-12-08
22023,1610612754,IND,Indiana Pacers,0022301229,2023-12-07,IND @ MIL,W,240,128,50,102,0.49,7,33,0.212,21,25,0.84,15,36,51,30,9,8,9,21,9.0,2023-12-07,2023-12-07
22023,1610612740,NOP,New Orleans Pelicans,0022301230,2023-12-07,NOP @ LAL,L,238,89,34,95,0.358,7,31,0.226,14,20,0.7,12,30,42,22,7,5,12,21,-44.0,2023-12-07,2023-12-07
22023,1610612766,CHA,Charlotte Hornets,0022301211,2023-12-06,CHA @ CHI,L,241,100,39,90,0.433,10,37,0.27,12,12,1.0,12,30,42,25,9,9,16,24,-11.0,2023-12-06,2023-12-06
22023,1610612762,UTA,Utah Jazz,0022301213,2023-12-06,UTA @ DAL,L,240,97,35,87,0.402,12,33,0.364,15,18,0.833,11,32,43,22,6,3,19,20,-50.0,2023-12-06,2023-12-06
22023,1610612745,HOU,Houston Rockets,0022301212,2023-12-06,HOU vs. OKC,W,239,110,40,83,0.482,15,33,0.455,15,22,0.682,10,43,53,28,6,5,19,16,9.0,2023-12-06,2023-12-06
22023,1610612748,MIA,Miami Heat,0022301207,2023-12-06,MIA @ TOR,W,239,112,41,89,0.461,14,38,0.368,16,19,0.842,8,36,44,33,5,4,7,18,9.0,2023-12-06,2023-12-06
22023,1610612744,GSW,Golden State Warriors,0022301214,2023-12-06,GSW vs. POR,W,239,110,36,86,0.419,10,34,0.294,28,33,0.848,15,35,50,20,4,3,17,19,4.0,2023-12-06,2023-12-06
22023,1610612751,BKN,Brooklyn Nets,0022301209,2023-12-06,BKN @ ATL,W,240,114,43,94,0.457,11,27,0.407,17,24,0.708,12,33,45,24,7,6,12,19,1.0,2023-12-06,2023-12-06
22023,1610612753,ORL,Orlando Magic,0022301205,2023-12-06,ORL @ CLE,L,240,111,41,84,0.488,2,23,0.087,27,37,0.73,7,29,36,22,10,6,11,21,-10.0,2023-12-06,2023-12-06
22023,1610612763,MEM,Memphis Grizzlies,0022301206,2023-12-06,MEM @ DET,W,240,116,47,91,0.516,11,26,0.423,11,14,0.786,9,37,46,26,10,8,14,9,14.0,2023-12-06,2023-12-06
22023,1610612746,LAC,LA Clippers,0022301215,2023-12-06,LAC vs. DEN,W,241,111,40,87,0.46,12,27,0.444,19,25,0.76,13,38,51,21,7,9,11,14,9.0,2023-12-06,2023-12-06
22023,1610612759,SAS,San Antonio Spurs,0022301210,2023-12-06,SAS @ MIN,L,239,94,38,101,0.376,8,36,0.222,10,15,0.667,13,36,49,23,7,4,11,17,-8.0,2023-12-06,2023-12-06
22023,1610612764,WAS,Washington Wizards,0022301208,2023-12-06,WAS vs. PHI,L,241,126,52,92,0.565,14,35,0.4,8,8,1.0,2,30,32,39,8,6,11,22,-5.0,2023-12-06,2023-12-06
22023,1610612756,PHX,Phoenix Suns,0022301203,2023-12-05,PHX @ LAL,L,241,103,37,75,0.493,12,25,0.48,17,21,0.81,8,36,44,25,8,5,20,21,-3.0,2023-12-05,2023-12-05
22023,1610612752,NYK,New York Knicks,0022301201,2023-12-05,NYK @ MIL,L,238,122,43,87,0.494,7,23,0.304,29,33,0.879,12,24,36,27,8,4,16,17,-24.0,2023-12-05,2023-12-05
22023,1610612754,IND,Indiana Pacers,0022301202,2023-12-04,IND vs. BOS,W,240,122,43,94,0.457,19,40,0.475,17,21,0.81,7,34,41,28,8,4,6,15,10.0,2023-12-04,2023-12-04
22023,1610612758,SAC,Sacramento Kings,0022301204,2023-12-04,SAC vs. NOP,L,239,117,38,85,0.447,14,41,0.341,27,33,0.818,11,27,38,29,8,2,13,18,-10.0,2023-12-04,2023-12-04
22023,1610612753,ORL,Orlando Magic,0022300282,2023-12-02,ORL @ BKN,L,238,101,35,88,0.398,9,29,0.31,22,27,0.815,8,29,37,24,3,5,11,27,-28.0,2023-12-02,2023-12-02
22023,1610612757,POR,Portland Trail Blazers,0022300289,2023-12-02,POR @ UTA,L,265,113,38,95,0.4,13,40,0.325,24,27,0.889,11,29,40,17,11,5,9,20,-5.0,2023-12-02,2023-12-02
22023,1610612756,PHX,Phoenix Suns,0022300288,2023-12-02,PHX vs. MEM,W,240,116,36,83,0.434,9,26,0.346,35,43,0.814,12,32,44,24,10,5,16,21,7.0,2023-12-02,2023-12-02
22023,1610612754,IND,Indiana Pacers,0022300284,2023-12-02,IND @ MIA,W,239,144,56,85,0.659,16,32,0.5,16,20,0.8,3,29,32,35,4,8,9,24,15.0,2023-12-02,2023-12-02
22023,1610612739,CLE,Cleveland Cavaliers,0022300283,2023-12-02,CLE @ DET,W,240,110,44,89,0.494,10,30,0.333,12,18,0.667,8,35,43,25,11,1,11,18,9.0,2023-12-02,2023-12-02
22023,1610612760,OKC,Oklahoma City Thunder,0022300287,2023-12-02,OKC @ DAL,W,241,126,44,100,0.44,20,44,0.455,18,22,0.818,16,34,50,24,8,5,12,24,6.0,2023-12-02,2023-12-02
22023,1610612744,GSW,Golden State Warriors,0022300280,2023-12-02,GSW @ LAC,L,241,112,38,86,0.442,17,43,0.395,19,24,0.792,6,36,42,31,5,4,13,15,-1.0,2023-12-02,2023-12-02
22023,1610612747,LAL,Los Angeles Lakers,0022300291,2023-12-02,LAL vs. HOU,W,239,107,40,89,0.449,8,27,0.296,19,27,0.704,9,39,48,24,11,7,9,17,10.0,2023-12-02,2023-12-02
22023,1610612750,MIN,Minnesota Timberwolves,0022300281,2023-12-02,MIN @ CHA,W,241,123,43,84,0.512,11,31,0.355,26,30,0.867,10,31,41,26,5,3,11,16,6.0,2023-12-02,2023-12-02
22023,1610612743,DEN,Denver Nuggets,0022300290,2023-12-02,DEN @ SAC,L,240,117,49,99,0.495,6,25,0.24,13,20,0.65,8,38,46,35,9,7,10,14,-6.0,2023-12-02,2023-12-02
22023,1610612749,MIL,Milwaukee Bucks,0022300286,2023-12-02,MIL vs. ATL,W,240,132,53,89,0.596,14,33,0.424,12,15,0.8,8,36,44,33,5,6,15,19,11.0,2023-12-02,2023-12-02
22023,1610612740,NOP,New Orleans Pelicans,0022300285,2023-12-02,NOP @ CHI,L,242,118,41,82,0.5,8,25,0.32,28,35,0.8,13,26,39,20,10,1,12,17,-6.0,2023-12-02,2023-12-02
22023,1610612753,ORL,Orlando Magic,0022300274,2023-12-01,ORL vs. WAS,W,240,130,46,89,0.517,12,31,0.387,26,33,0.788,10,34,44,35,6,8,14,23,5.0,2023-12-01,2023-12-01
22023,1610612752,NYK,New York Knicks,0022300276,2023-12-01,NYK @ TOR,W,240,119,45,90,0.5,16,36,0.444,13,16,0.813,11,32,43,30,6,3,12,15,13.0,2023-12-01,2023-12-01
22023,1610612738,BOS,Boston Celtics,0022300275,2023-12-01,BOS vs. PHI,W,239,125,39,77,0.506,16,33,0.485,31,36,0.861,10,36,46,25,10,8,20,18,6.0,2023-12-01,2023-12-01
22023,1610612740,NOP,New Orleans Pelicans,0022300278,2023-12-01,NOP vs. SAS,W,241,121,42,85,0.494,10,31,0.323,27,29,0.931,10,32,42,26,8,6,11,15,15.0,2023-12-01,2023-12-01
22023,1610612763,MEM,Memphis Grizzlies,0022300277,2023-12-01,MEM @ DAL,W,240,108,44,90,0.489,11,34,0.324,9,11,0.818,13,39,52,27,8,12,14,23,14.0,2023-12-01,2023-12-01
22023,1610612756,PHX,Phoenix Suns,0022300279,2023-12-01,PHX vs. DEN,L,240,111,39,84,0.464,9,27,0.333,24,26,0.923,8,35,43,22,4,9,12,17,-8.0,2023-12-01,2023-12-01
22023,1610612749,MIL,Milwaukee Bucks,0022300269,2023-11-30,MIL @ CHI,L,266,113,44,98,0.449,16,48,0.333,9,13,0.692,9,34,43,28,12,6,20,21,-7.0,2023-11-30,2023-11-30
22023,1610612766,CHA,Charlotte Hornets,0022300266,2023-11-30,CHA @ BKN,W,240,129,46,91,0.505,21,36,0.583,16,16,1.0,13,28,41,30,6,7,9,16,1.0,2023-11-30,2023-11-30
22023,1610612737,ATL,Atlanta Hawks,0022300272,2023-11-30,ATL @ SAS,W,241,137,49,96,0.51,14,33,0.424,25,29,0.862,8,29,37,24,14,2,10,25,2.0,2023-11-30,2023-11-30
22023,1610612750,MIN,Minnesota Timberwolves,0022300270,2023-11-30,MIN vs. UTA,W,239,101,39,89,0.438,13,35,0.371,10,13,0.769,10,32,42,29,13,7,11,16,11.0,2023-11-30,2023-11-30
22023,1610612760,OKC,Oklahoma City Thunder,0022300271,2023-11-30,OKC vs. LAL,W,240,133,50,94,0.532,14,42,0.333,19,22,0.864,8,40,48,29,9,6,7,24,23.0,2023-11-30,2023-11-30
22023,1610612744,GSW,Golden State Warriors,0022300273,2023-11-30,GSW vs. LAC,W,240,120,41,82,0.5,15,39,0.385,23,31,0.742,10,37,47,30,3,4,7,18,6.0,2023-11-30,2023-11-30
22023,1610612739,CLE,Cleveland Cavaliers,0022300265,2023-11-30,CLE vs. POR,L,241,95,38,89,0.427,7,32,0.219,12,12,1.0,14,21,35,25,12,2,17,15,-8.0,2023-11-30,2023-11-30
22023,1610612748,MIA,Miami Heat,0022300267,2023-11-30,MIA vs. IND,W,239,142,48,86,0.558,8,21,0.381,38,45,0.844,10,38,48,25,4,1,14,28,10.0,2023-11-30,2023-11-30
22023,1610612752,NYK,New York Knicks,0022300268,2023-11-30,NYK vs. DET,W,240,118,41,88,0.466,16,41,0.39,20,28,0.714,12,29,41,25,8,3,11,17,6.0,2023-11-30,2023-11-30
22023,1610612764,WAS,Washington Wizards,0022300259,2023-11-29,WAS @ ORL,L,241,120,41,87,0.471,11,29,0.379,27,35,0.771,7,22,29,28,14,3,10,20,-19.0,2023-11-29,2023-11-29
22023,1610612747,LAL,Los Angeles Lakers,0022300258,2023-11-29,LAL @ DET,W,240,133,45,88,0.511,12,34,0.353,31,38,0.816,8,41,49,28,7,10,12,12,26.0,2023-11-29,2023-11-29
22023,1610612756,PHX,Phoenix Suns,0022300260,2023-11-29,PHX @ TOR,L,242,105,38,94,0.404,7,26,0.269,22,23,0.957,12,35,47,25,3,5,9,15,-7.0,2023-11-29,2023-11-29
22023,1610612746,LAC,LA Clippers,0022300264,2023-11-29,LAC @ SAC,W,239,131,50,93,0.538,14,28,0.5,17,22,0.773,8,29,37,28,8,5,4,20,14.0,2023-11-29,2023-11-29
22023,1610612740,NOP,New Orleans Pelicans,0022300262,2023-11-29,NOP vs. PHI,W,240,124,42,78,0.538,10,30,0.333,30,34,0.882,13,27,40,33,11,4,20,22,10.0,2023-11-29,2023-11-29
22023,1610612763,MEM,Memphis Grizzlies,0022300261,2023-11-29,MEM vs. UTA,W,241,105,43,87,0.494,13,39,0.333,6,8,0.75,12,39,51,26,9,10,15,15,14.0,2023-11-29,2023-11-29
22023,1610612745,HOU,Houston Rockets,0022300263,2023-11-29,HOU @ DEN,L,241,124,47,86,0.547,16,41,0.39,14,19,0.737,8,27,35,27,3,5,8,20,-10.0,2023-11-29,2023-11-29
22023,1610612741,CHI,Chicago Bulls,0022300053,2023-11-28,CHI @ BOS,L,241,97,39,90,0.433,9,28,0.321,10,18,0.556,9,28,37,25,11,7,8,13,-27.0,2023-11-28,2023-11-28
22023,1610612737,ATL,Atlanta Hawks,0022300055,2023-11-28,ATL @ CLE,L,239,105,35,101,0.347,13,44,0.295,22,24,0.917,14,30,44,21,9,3,10,16,-23.0,2023-11-28,2023-11-28
22023,1610612745,HOU,Houston Rockets,0022300059,2023-11-28,HOU @ DAL,L,241,115,42,85,0.494,8,29,0.276,23,29,0.793,10,30,40,33,2,6,12,27,-6.0,2023-11-28,2023-11-28
22023,1610612744,GSW,Golden State Warriors,0022300060,2023-11-28,GSW @ SAC,L,241,123,40,83,0.482,17,41,0.415,26,30,0.867,9,43,52,25,6,6,18,31,-1.0,2023-11-28,2023-11-28
22023,1610612760,OKC,Oklahoma City Thunder,0022300058,2023-11-28,OKC @ MIN,L,240,103,37,90,0.411,11,30,0.367,18,23,0.783,9,27,36,22,8,4,8,23,-3.0,2023-11-28,2023-11-28
22023,1610612751,BKN,Brooklyn Nets,0022300054,2023-11-28,BKN vs. TOR,W,241,115,40,89,0.449,13,38,0.342,22,26,0.846,13,46,59,26,7,8,15,17,12.0,2023-11-28,2023-11-28
22023,1610612748,MIA,Miami Heat,0022300056,2023-11-28,MIA vs. MIL,L,240,124,48,94,0.511,14,30,0.467,14,21,0.667,8,27,35,32,3,5,6,22,-7.0,2023-11-28,2023-11-28
22023,1610612752,NYK,New York Knicks,0022300057,2023-11-28,NYK vs. CHA,W,241,115,41,88,0.466,15,38,0.395,18,20,0.9,15,39,54,21,10,7,16,12,24.0,2023-11-28,2023-11-28
22023,1610612747,LAL,Los Angeles Lakers,0022300255,2023-11-27,LAL @ PHI,L,240,94,39,83,0.47,7,28,0.25,9,13,0.692,6,26,32,23,3,4,17,18,-44.0,2023-11-27,2023-11-27
22023,1610612757,POR,Portland Trail Blazers,0022300254,2023-11-27,POR @ IND,W,240,114,40,85,0.471,9,18,0.5,25,31,0.806,9,29,38,20,6,4,16,21,4.0,2023-11-27,2023-11-27
22023,1610612740,NOP,New Orleans Pelicans,0022300256,2023-11-27,NOP @ UTA,L,240,112,44,88,0.5,7,22,0.318,17,25,0.68,11,37,48,27,5,1,8,25,-2.0,2023-11-27,2023-11-27
22023,1610612765,DET,Detroit Pistons,0022300253,2023-11-27,DET vs. WAS,L,240,107,43,102,0.422,8,38,0.211,13,19,0.684,18,31,49,29,7,11,16,22,-19.0,2023-11-27,2023-11-27
22023,1610612743,DEN,Denver Nuggets,0022300257,2023-11-27,DEN @ LAC,W,242,113,44,92,0.478,10,22,0.455,15,28,0.536,18,34,52,28,8,6,11,22,9.0,2023-11-27,2023-11-27
22023,1610612743,DEN,Denver Nuggets,0022300252,2023-11-26,DEN vs. SAS,W,241,132,50,89,0.562,12,28,0.429,20,25,0.8,11,34,45,38,8,3,19,25,12.0,2023-11-26,2023-11-26
22023,1610612738,BOS,Boston Celtics,0022300246,2023-11-26,BOS vs. ATL,W,239,113,42,95,0.442,13,47,0.277,16,20,0.8,18,40,58,24,9,3,12,19,10.0,2023-11-26,2023-11-26
22023,1610612750,MIN,Minnesota Timberwolves,0022300249,2023-11-26,MIN @ MEM,W,239,119,43,81,0.531,15,34,0.441,18,23,0.783,6,36,42,30,5,5,14,26,22.0,2023-11-26,2023-11-26
22023,1610612756,PHX,Phoenix Suns,0022300247,2023-11-26,PHX @ NYK,W,241,116,42,91,0.462,16,38,0.421,16,21,0.762,18,29,47,27,4,11,11,25,3.0,2023-11-26,2023-11-26
22023,1610612741,CHI,Chicago Bulls,0022300250,2023-11-26,CHI @ BKN,L,240,109,40,83,0.482,12,32,0.375,17,22,0.773,10,30,40,21,3,2,11,18,-9.0,2023-11-26,2023-11-26
22023,1610612757,POR,Portland Trail Blazers,0022300245,2023-11-26,POR @ MIL,L,240,102,37,91,0.407,13,32,0.406,15,20,0.75,11,29,40,21,15,4,17,26,-6.0,2023-11-26,2023-11-26
22023,1610612739,CLE,Cleveland Cavaliers,0022300251,2023-11-26,CLE vs. TOR,W,239,105,45,97,0.464,10,31,0.323,5,6,0.833,12,37,49,29,2,5,14,18,3.0,2023-11-26,2023-11-26
22023,1610612753,ORL,Orlando Magic,0022300248,2023-11-26,ORL vs. CHA,W,240,130,47,87,0.54,10,27,0.37,26,33,0.788,7,37,44,33,10,3,14,26,13.0,2023-11-26,2023-11-26
22023,1610612737,ATL,Atlanta Hawks,0022300241,2023-11-25,ATL @ WAS,W,239,136,52,102,0.51,18,37,0.486,14,20,0.7,17,32,49,29,13,2,9,15,28.0,2023-11-25,2023-11-25
22023,1610612755,PHI,Philadelphia 76ers,0022300239,2023-11-25,PHI @ OKC,W,239,127,38,83,0.458,14,41,0.341,37,45,0.822,17,32,49,30,2,9,12,26,4.0,2023-11-25,2023-11-25
22023,1610612762,UTA,Utah Jazz,0022300243,2023-11-25,UTA vs. NOP,W,239,105,38,87,0.437,15,43,0.349,14,17,0.824,14,38,52,23,8,6,23,13,5.0,2023-11-25,2023-11-25
22023,1610612739,CLE,Cleveland Cavaliers,0022300242,2023-11-25,CLE vs. LAL,L,241,115,43,91,0.473,9,28,0.321,20,23,0.87,7,30,37,30,13,4,14,16,-6.0,2023-11-25,2023-11-25
22023,1610612746,LAC,LA Clippers,0022300244,2023-11-25,LAC vs. DAL,W,241,107,38,88,0.432,8,29,0.276,23,31,0.742,17,40,57,25,2,6,12,16,19.0,2023-11-25,2023-11-25
22023,1610612748,MIA,Miami Heat,0022300240,2023-11-25,MIA @ BKN,L,240,97,38,87,0.437,11,34,0.324,10,13,0.769,13,31,44,24,6,3,17,18,-15.0,2023-11-25,2023-11-25
22023,1610612750,MIN,Minnesota Timberwolves,0022300050,2023-11-24,MIN vs. SAC,L,240,111,36,82,0.439,12,33,0.364,27,29,0.931,10,34,44,25,6,9,18,18,-13.0,2023-11-24,2023-11-24
22023,1610612743,DEN,Denver Nuggets,0022300048,2023-11-24,DEN @ HOU,L,240,86,32,94,0.34,7,30,0.233,15,21,0.714,16,30,46,17,8,4,15,14,-19.0,2023-11-24,2023-11-24
22023,1610612753,ORL,Orlando Magic,0022300043,2023-11-24,ORL vs. BOS,W,241,113,43,85,0.506,11,28,0.393,16,22,0.727,13,35,48,23,5,3,18,28,17.0,2023-11-24,2023-11-24
22023,1610612740,NOP,New Orleans Pelicans,0022300052,2023-11-24,NOP @ LAC,W,240,116,43,88,0.489,10,24,0.417,20,27,0.741,12,38,50,26,6,5,15,19,10.0,2023-11-24,2023-11-24
22023,1610612741,CHI,Chicago Bulls,0022300046,2023-11-24,CHI @ TOR,L,240,108,42,82,0.512,12,27,0.444,12,19,0.632,9,28,37,20,5,2,12,20,-13.0,2023-11-24,2023-11-24
22023,1610612744,GSW,Golden State Warriors,0022300051,2023-11-24,GSW vs. SAS,W,241,118,40,81,0.494,19,42,0.452,19,24,0.792,7,34,41,35,7,2,24,21,6.0,2023-11-24,2023-11-24
22023,1610612748,MIA,Miami Heat,0022300045,2023-11-24,MIA @ NYK,L,240,98,34,87,0.391,10,37,0.27,20,21,0.952,10,31,41,20,11,0,11,19,-2.0,2023-11-24,2023-11-24
22023,1610612763,MEM,Memphis Grizzlies,0022300044,2023-11-24,MEM vs. PHX,L,243,89,37,80,0.463,9,33,0.273,6,10,0.6,6,29,35,22,6,2,13,22,-21.0,2023-11-24,2023-11-24
22023,1610612754,IND,Indiana Pacers,0022300047,2023-11-24,IND vs. DET,W,240,136,49,102,0.48,16,38,0.421,22,24,0.917,15,25,40,24,7,8,8,21,23.0,2023-11-24,2023-11-24
22023,1610612764,WAS,Washington Wizards,0022300049,2023-11-24,WAS @ MIL,L,240,128,48,100,0.48,15,37,0.405,17,21,0.81,12,34,46,29,3,4,8,24,-3.0,2023-11-24,2023-11-24
22023,1610612746,LAC,LA Clippers,0022300235,2023-11-22,LAC @ SAS,W,241,109,39,85,0.459,9,28,0.321,22,29,0.759,11,39,50,29,10,3,16,23,7.0,2023-11-22,2023-11-22
22023,1610612757,POR,Portland Trail Blazers,0022300237,2023-11-22,POR vs. UTA,W,241,121,47,92,0.511,17,39,0.436,10,15,0.667,14,23,37,31,9,6,13,21,16.0,2023-11-22,2023-11-22
22023,1610612758,SAC,Sacramento Kings,0022300233,2023-11-22,SAC @ NOP,L,242,112,34,76,0.447,15,44,0.341,29,35,0.829,4,34,38,22,3,1,15,25,-5.0,2023-11-22,2023-11-22
22023,1610612761,TOR,Toronto Raptors,0022300230,2023-11-22,TOR @ IND,W,240,132,48,90,0.533,11,27,0.407,25,30,0.833,13,33,46,26,7,3,17,15,1.0,2023-11-22,2023-11-22
22023,1610612737,ATL,Atlanta Hawks,0022300227,2023-11-22,ATL vs. BKN,W,264,147,51,116,0.44,18,49,0.367,27,29,0.931,22,36,58,24,10,8,14,18,2.0,2023-11-22,2023-11-22
22023,1610612739,CLE,Cleveland Cavaliers,0022300229,2023-11-22,CLE vs. MIA,L,240,96,36,77,0.468,14,30,0.467,10,14,0.714,7,27,34,25,5,6,19,17,-33.0,2023-11-22,2023-11-22
22023,1610612750,MIN,Minnesota Timberwolves,0022300232,2023-11-22,MIN vs. PHI,W,241,112,43,89,0.483,10,26,0.385,16,24,0.667,10,38,48,28,10,8,12,21,13.0,2023-11-22,2023-11-22
22023,1610612738,BOS,Boston Celtics,0022300228,2023-11-22,BOS vs. MIL,W,240,119,44,84,0.524,17,42,0.405,14,17,0.824,4,39,43,27,3,5,15,15,3.0,2023-11-22,2023-11-22
22023,1610612756,PHX,Phoenix Suns,0022300236,2023-11-22,PHX vs. GSW,W,241,123,34,76,0.447,11,28,0.393,44,52,0.846,11,32,43,22,9,8,15,22,8.0,2023-11-22,2023-11-22
22023,1610612743,DEN,Denver Nuggets,0022300226,2023-11-22,DEN @ ORL,L,240,119,44,93,0.473,15,35,0.429,16,21,0.762,17,25,42,29,6,2,10,25,-5.0,2023-11-22,2023-11-22
22023,1610612741,CHI,Chicago Bulls,0022300234,2023-11-22,CHI @ OKC,L,241,102,34,88,0.386,17,44,0.386,17,17,1.0,11,27,38,22,7,2,10,26,-14.0,2023-11-22,2023-11-22
22023,1610612745,HOU,Houston Rockets,0022300231,2023-11-22,HOU vs. MEM,W,240,111,40,92,0.435,14,43,0.326,17,20,0.85,6,43,49,22,6,6,6,22,20.0,2023-11-22,2023-11-22
22023,1610612742,DAL,Dallas Mavericks,0022300238,2023-11-22,DAL @ LAL,W,240,104,38,96,0.396,16,50,0.32,12,16,0.75,11,37,48,21,5,4,4,18,3.0,2023-11-22,2023-11-22
22023,1610612764,WAS,Washington Wizards,0022300225,2023-11-22,WAS @ CHA,L,239,114,44,97,0.454,11,32,0.344,15,18,0.833,11,36,47,26,7,3,10,18,-3.0,2023-11-22,2023-11-22
22023,1610612737,ATL,Atlanta Hawks,0022300039,2023-11-21,ATL vs. IND,L,240,152,57,95,0.6,15,31,0.484,23,28,0.821,12,27,39,28,8,4,15,23,-5.0,2023-11-21,2023-11-21
22023,1610612762,UTA,Utah Jazz,0022300042,2023-11-21,UTA @ LAL,L,240,99,38,98,0.388,11,44,0.25,12,16,0.75,13,29,42,25,6,3,14,22,-32.0,2023-11-21,2023-11-21
22023,1610612753,ORL,Orlando Magic,0022300038,2023-11-21,ORL vs. TOR,W,240,126,50,100,0.5,12,31,0.387,14,20,0.7,15,25,40,31,12,8,12,19,19.0,2023-11-21,2023-11-21
22023,1610612739,CLE,Cleveland Cavaliers,0022300040,2023-11-21,CLE @ PHI,W,265,122,46,94,0.489,9,25,0.36,21,25,0.84,14,42,56,33,9,4,15,21,3.0,2023-11-21,2023-11-21
22023,1610612757,POR,Portland Trail Blazers,0022300041,2023-11-21,POR @ PHX,L,241,107,38,87,0.437,14,31,0.452,17,20,0.85,12,18,30,20,8,3,13,20,-13.0,2023-11-21,2023-11-21
22023,1610612745,HOU,Houston Rockets,0022300224,2023-11-20,HOU @ GSW,L,239,116,44,95,0.463,13,41,0.317,15,19,0.789,15,33,48,28,6,3,8,24,-5.0,2023-11-20,2023-11-20
22023,1610612746,LAC,LA Clippers,0022300223,2023-11-20,LAC @ SAS,W,239,124,45,95,0.474,12,36,0.333,22,25,0.88,10,41,51,30,15,3,7,10,25.0,2023-11-20,2023-11-20
22023,1610612738,BOS,Boston Celtics,0022300217,2023-11-20,BOS @ CHA,L,264,118,42,97,0.433,16,50,0.32,18,28,0.643,11,37,48,19,6,8,13,15,-3.0,2023-11-20,2023-11-20
22023,1610612750,MIN,Minnesota Timberwolves,0022300221,2023-11-20,MIN vs. NYK,W,240,117,41,80,0.513,11,34,0.324,24,32,0.75,7,37,44,30,7,7,13,26,17.0,2023-11-20,2023-11-20
22023,1610612741,CHI,Chicago Bulls,0022300220,2023-11-20,CHI vs. MIA,L,239,100,37,81,0.457,11,37,0.297,15,16,0.938,7,29,36,21,2,7,11,16,-18.0,2023-11-20,2023-11-20
22023,1610612743,DEN,Denver Nuggets,0022300218,2023-11-20,DEN @ DET,W,239,107,40,87,0.46,11,28,0.393,16,21,0.762,11,32,43,30,7,8,14,17,4.0,2023-11-20,2023-11-20
22023,1610612740,NOP,New Orleans Pelicans,0022300222,2023-11-20,NOP vs. SAC,W,240,129,50,92,0.543,12,28,0.429,17,21,0.81,10,45,55,38,8,6,10,19,36.0,2023-11-20,2023-11-20
22023,1610612764,WAS,Washington Wizards,0022300219,2023-11-20,WAS vs. MIL,L,238,129,55,99,0.556,10,29,0.345,9,11,0.818,5,21,26,29,6,4,4,19,-13.0,2023-11-20,2023-11-20
22023,1610612754,IND,Indiana Pacers,0022300209,2023-11-19,IND vs. ORL,L,240,116,42,95,0.442,8,31,0.258,24,31,0.774,11,29,40,24,10,7,16,32,-12.0,2023-11-19,2023-11-19
22023,1610612757,POR,Portland Trail Blazers,0022300215,2023-11-19,POR vs. OKC,L,238,91,34,85,0.4,9,34,0.265,14,21,0.667,13,18,31,21,10,2,17,15,-43.0,2023-11-19,2023-11-19
22023,1610612762,UTA,Utah Jazz,0022300214,2023-11-19,UTA vs. PHX,L,290,137,48,115,0.417,15,46,0.326,26,32,0.813,27,32,59,27,11,5,18,27,-3.0,2023-11-19,2023-11-19
22023,1610612765,DET,Detroit Pistons,0022300211,2023-11-19,DET @ TOR,L,239,113,39,83,0.47,9,26,0.346,26,35,0.743,7,34,41,25,3,3,17,23,-29.0,2023-11-19,2023-11-19
22023,1610612739,CLE,Cleveland Cavaliers,0022300210,2023-11-19,CLE vs. DEN,W,240,121,45,82,0.549,11,27,0.407,20,26,0.769,11,36,47,30,6,5,13,18,12.0,2023-11-19,2023-11-19
22023,1610612751,BKN,Brooklyn Nets,0022300208,2023-11-19,BKN vs. PHI,L,240,99,38,81,0.469,11,28,0.393,12,16,0.75,9,36,45,24,2,8,15,14,-22.0,2023-11-19,2023-11-19
22023,1610612763,MEM,Memphis Grizzlies,0022300213,2023-11-19,MEM vs. BOS,L,239,100,37,95,0.389,17,44,0.386,9,10,0.9,14,28,42,28,7,5,9,21,-2.0,2023-11-19,2023-11-19
22023,1610612742,DAL,Dallas Mavericks,0022300212,2023-11-19,DAL vs. SAC,L,239,113,41,88,0.466,12,34,0.353,19,26,0.731,11,29,40,23,8,2,10,15,-16.0,2023-11-19,2023-11-19
22023,1610612745,HOU,Houston Rockets,0022300216,2023-11-19,HOU @ LAL,L,241,104,41,84,0.488,14,37,0.378,8,10,0.8,6,28,34,35,7,3,18,25,-1.0,2023-11-19,2023-11-19
22023,1610612748,MIA,Miami Heat,0022300204,2023-11-18,MIA @ CHI,L,240,97,33,77,0.429,12,36,0.333,19,23,0.826,5,29,34,23,9,0,15,18,-5.0,2023-11-18,2023-11-18
22023,1610612740,NOP,New Orleans Pelicans,0022300203,2023-11-18,NOP vs. MIN,L,240,120,44,86,0.512,12,29,0.414,20,23,0.87,13,27,40,27,9,5,17,26,-1.0,2023-11-18,2023-11-18
22023,1610612744,GSW,Golden State Warriors,0022300207,2023-11-18,GSW vs. OKC,L,266,123,44,97,0.454,18,46,0.391,17,21,0.81,14,35,49,33,6,4,16,18,-7.0,2023-11-18,2023-11-18
22023,1610612759,SAS,San Antonio Spurs,0022300206,2023-11-18,SAS vs. MEM,L,239,108,36,83,0.434,15,40,0.375,21,26,0.808,12,28,40,26,5,9,15,28,-12.0,2023-11-18,2023-11-18
22023,1610612742,DAL,Dallas Mavericks,0022300205,2023-11-18,DAL @ MIL,L,240,125,51,103,0.495,16,47,0.34,7,10,0.7,11,38,49,27,1,2,12,16,-7.0,2023-11-18,2023-11-18
22023,1610612752,NYK,New York Knicks,0022300202,2023-11-18,NYK @ CHA,W,240,122,46,91,0.505,16,37,0.432,14,19,0.737,13,34,47,27,7,4,12,13,14.0,2023-11-18,2023-11-18
22023,1610612753,ORL,Orlando Magic,0022300033,2023-11-17,ORL @ CHI,W,240,103,38,79,0.481,11,34,0.324,16,23,0.696,10,36,46,24,7,7,17,22,6.0,2023-11-17,2023-11-17
22023,1610612740,NOP,New Orleans Pelicans,0022300034,2023-11-17,NOP vs. DEN,W,240,115,46,88,0.523,12,23,0.522,11,21,0.524,4,35,39,33,8,5,9,13,5.0,2023-11-17,2023-11-17
22023,1610612745,HOU,Houston Rockets,0022300037,2023-11-17,HOU @ LAC,L,241,100,38,88,0.432,10,31,0.323,14,20,0.7,12,35,47,24,6,5,16,28,-6.0,2023-11-17,2023-11-17
22023,1610612766,CHA,Charlotte Hornets,0022300027,2023-11-17,CHA vs. MIL,L,241,99,37,91,0.407,6,26,0.231,19,22,0.864,9,34,43,18,5,2,12,14,-31.0,2023-11-17,2023-11-17
22023,1610612739,CLE,Cleveland Cavaliers,0022300030,2023-11-17,CLE vs. DET,W,242,108,42,82,0.512,9,21,0.429,15,21,0.714,7,32,39,21,9,6,12,9,8.0,2023-11-17,2023-11-17
22023,1610612762,UTA,Utah Jazz,0022300035,2023-11-17,UTA vs. PHX,L,239,128,43,85,0.506,16,36,0.444,26,31,0.839,10,29,39,27,3,10,8,23,-3.0,2023-11-17,2023-11-17
22023,1610612747,LAL,Los Angeles Lakers,0022300036,2023-11-17,LAL @ POR,W,241,107,40,81,0.494,12,29,0.414,15,22,0.682,11,33,44,27,11,6,18,16,13.0,2023-11-17,2023-11-17
22023,1610612764,WAS,Washington Wizards,0022300028,2023-11-17,WAS vs. NYK,L,240,99,37,82,0.451,10,32,0.313,15,16,0.938,7,25,32,25,4,4,14,18,-21.0,2023-11-17,2023-11-17
22023,1610612737,ATL,Atlanta Hawks,0022300029,2023-11-17,ATL vs. PHI,L,239,116,40,89,0.449,12,33,0.364,24,30,0.8,14,25,39,24,8,4,13,20,-10.0,2023-11-17,2023-11-17
22023,1610612759,SAS,San Antonio Spurs,0022300032,2023-11-17,SAS vs. SAC,L,239,120,43,92,0.467,15,36,0.417,19,23,0.826,6,36,42,33,7,3,15,21,-9.0,2023-11-17,2023-11-17
22023,1610612738,BOS,Boston Celtics,0022300031,2023-11-17,BOS @ TOR,W,240,108,42,92,0.457,16,46,0.348,8,9,0.889,8,36,44,29,5,4,10,13,3.0,2023-11-17,2023-11-17
22023,1610612744,GSW,Golden State Warriors,0022300201,2023-11-16,GSW vs. OKC,L,240,109,40,98,0.408,14,41,0.341,15,19,0.789,20,29,49,27,5,4,16,19,-19.0,2023-11-16,2023-11-16
22023,1610612751,BKN,Brooklyn Nets,0022300200,2023-11-16,BKN @ MIA,L,240,115,40,85,0.471,14,36,0.389,21,27,0.778,10,30,40,29,5,3,14,20,-7.0,2023-11-16,2023-11-16
22023,1610612752,NYK,New York Knicks,0022300193,2023-11-15,NYK @ ATL,W,241,116,45,94,0.479,16,34,0.471,10,11,0.909,14,28,42,29,9,2,16,20,2.0,2023-11-15,2023-11-15
22023,1610612747,LAL,Los Angeles Lakers,0022300198,2023-11-15,LAL vs. SAC,L,239,110,42,83,0.506,11,29,0.379,15,19,0.789,7,36,43,25,12,6,23,17,-15.0,2023-11-15,2023-11-15
22023,1610612742,DAL,Dallas Mavericks,0022300192,2023-11-15,DAL @ WAS,W,241,130,48,92,0.522,17,42,0.405,17,29,0.586,9,37,46,32,6,4,10,16,13.0,2023-11-15,2023-11-15
22023,1610612761,TOR,Toronto Raptors,0022300195,2023-11-15,TOR vs. MIL,L,241,112,38,96,0.396,9,33,0.273,27,31,0.871,26,29,55,28,10,8,14,19,-16.0,2023-11-15,2023-11-15
22023,1610612738,BOS,Boston Celtics,0022300194,2023-11-15,BOS @ PHI,W,239,117,42,88,0.477,18,50,0.36,15,19,0.789,12,33,45,23,7,8,9,15,10.0,2023-11-15,2023-11-15
22023,1610612739,CLE,Cleveland Cavaliers,0022300199,2023-11-15,CLE @ POR,W,242,109,42,75,0.56,9,30,0.3,16,21,0.762,7,40,47,23,5,9,17,16,14.0,2023-11-15,2023-11-15
22023,1610612750,MIN,Minnesota Timberwolves,0022300197,2023-11-15,MIN @ PHX,L,242,115,42,92,0.457,5,27,0.185,26,28,0.929,16,24,40,18,8,5,6,14,-18.0,2023-11-15,2023-11-15
22023,1610612753,ORL,Orlando Magic,0022300196,2023-11-15,ORL @ CHI,W,242,96,32,82,0.39,8,28,0.286,24,30,0.8,12,34,46,20,12,3,13,21,2.0,2023-11-15,2023-11-15
22023,1610612765,DET,Detroit Pistons,0022300018,2023-11-14,DET vs. ATL,L,240,120,47,90,0.522,10,29,0.345,16,23,0.696,14,28,42,36,9,6,17,20,-6.0,2023-11-14,2023-11-14
22023,1610612762,UTA,Utah Jazz,0022300023,2023-11-14,UTA vs. POR,W,240,115,44,95,0.463,13,43,0.302,14,15,0.933,16,36,52,26,11,6,12,18,16.0,2023-11-14,2023-11-14
22023,1610612751,BKN,Brooklyn Nets,0022300020,2023-11-14,BKN vs. ORL,W,241,124,46,85,0.541,19,39,0.487,13,20,0.65,13,31,44,22,13,3,15,24,20.0,2023-11-14,2023-11-14
22023,1610612742,DAL,Dallas Mavericks,0022300022,2023-11-14,DAL @ NOP,L,239,110,38,90,0.422,14,42,0.333,20,26,0.769,16,29,45,25,4,3,20,16,-21.0,2023-11-14,2023-11-14
22023,1610612755,PHI,Philadelphia 76ers,0022300019,2023-11-14,PHI vs. IND,L,241,126,43,86,0.5,6,22,0.273,34,35,0.971,5,33,38,22,5,3,16,26,-6.0,2023-11-14,2023-11-14
22023,1610612747,LAL,Los Angeles Lakers,0022300026,2023-11-14,LAL vs. MEM,W,241,134,47,81,0.58,22,35,0.629,18,24,0.75,10,44,54,30,4,10,18,13,27.0,2023-11-14,2023-11-14
22023,1610612750,MIN,Minnesota Timberwolves,0022300025,2023-11-14,MIN @ GSW,W,239,104,36,81,0.444,14,34,0.412,18,21,0.857,9,33,42,24,9,5,19,19,3.0,2023-11-14,2023-11-14
22023,1610612759,SAS,San Antonio Spurs,0022300021,2023-11-14,SAS @ OKC,L,241,87,36,93,0.387,9,30,0.3,6,9,0.667,13,30,43,24,7,6,24,13,-36.0,2023-11-14,2023-11-14
22023,1610612748,MIA,Miami Heat,0022300017,2023-11-14,MIA @ CHA,W,240,111,40,83,0.482,8,31,0.258,23,28,0.821,10,32,42,26,12,5,7,19,6.0,2023-11-14,2023-11-14
22023,1610612743,DEN,Denver Nuggets,0022300024,2023-11-14,DEN vs. LAC,W,240,111,39,73,0.534,8,23,0.348,25,32,0.781,6,30,36,26,4,2,14,19,3.0,2023-11-14,2023-11-14
22023,1610612749,MIL,Milwaukee Bucks,0022300190,2023-11-13,MIL vs. CHI,W,240,118,42,89,0.472,15,47,0.319,19,27,0.704,13,40,53,23,3,5,15,23,9.0,2023-11-13,2023-11-13
22023,1610612738,BOS,Boston Celtics,0022300188,2023-11-13,BOS vs. NYK,W,238,114,40,79,0.506,19,43,0.442,15,16,0.938,8,29,37,27,3,3,11,22,16.0,2023-11-13,2023-11-13
22023,1610612764,WAS,Washington Wizards,0022300189,2023-11-13,WAS @ TOR,L,239,107,43,84,0.512,12,26,0.462,9,12,0.75,8,30,38,32,11,5,22,22,-4.0,2023-11-13,2023-11-13
22023,1610612758,SAC,Sacramento Kings,0022300191,2023-11-13,SAC vs. CLE,W,240,132,49,83,0.59,20,42,0.476,14,22,0.636,8,29,37,32,3,4,10,19,12.0,2023-11-13,2023-11-13
22023,1610612741,CHI,Chicago Bulls,0022300181,2023-11-12,CHI vs. DET,W,240,119,44,91,0.484,11,30,0.367,20,25,0.8,11,29,40,22,12,6,6,21,11.0,2023-11-12,2023-11-12
22023,1610612745,HOU,Houston Rockets,0022300182,2023-11-12,HOU vs. DEN,W,241,107,37,87,0.425,10,32,0.313,23,29,0.793,12,33,45,20,7,4,9,16,3.0,2023-11-12,2023-11-12
22023,1610612748,MIA,Miami Heat,0022300184,2023-11-12,MIA @ SAS,W,240,118,39,89,0.438,12,31,0.387,28,30,0.933,11,30,41,26,7,3,4,12,5.0,2023-11-12,2023-11-12
22023,1610612740,NOP,New Orleans Pelicans,0022300183,2023-11-12,NOP vs. DAL,L,241,124,47,92,0.511,17,36,0.472,13,22,0.591,13,41,54,31,2,3,18,20,-12.0,2023-11-12,2023-11-12
22023,1610612751,BKN,Brooklyn Nets,0022300178,2023-11-12,BKN vs. WAS,W,240,102,37,98,0.378,12,49,0.245,16,20,0.8,20,46,66,22,6,6,18,18,8.0,2023-11-12,2023-11-12
22023,1610612756,PHX,Phoenix Suns,0022300185,2023-11-12,PHX vs. OKC,L,240,99,32,83,0.386,9,29,0.31,26,31,0.839,16,35,51,20,4,7,17,19,-12.0,2023-11-12,2023-11-12
22023,1610612752,NYK,New York Knicks,0022300177,2023-11-12,NYK vs. CHA,W,242,129,47,87,0.54,15,36,0.417,20,30,0.667,10,30,40,25,8,4,9,18,22.0,2023-11-12,2023-11-12
22023,1610612754,IND,Indiana Pacers,0022300180,2023-11-12,IND @ PHI,L,241,126,47,90,0.522,16,39,0.41,16,19,0.842,8,24,32,31,8,9,10,14,-11.0,2023-11-12,2023-11-12
22023,1610612747,LAL,Los Angeles Lakers,0022300187,2023-11-12,LAL vs. POR,W,240,116,41,84,0.488,4,19,0.211,30,37,0.811,7,34,41,27,8,4,9,11,6.0,2023-11-12,2023-11-12
22023,1610612746,LAC,LA Clippers,0022300179,2023-11-12,LAC vs. MEM,L,239,101,37,85,0.435,12,34,0.353,15,23,0.652,8,33,41,26,9,3,14,23,-4.0,2023-11-12,2023-11-12
22023,1610612744,GSW,Golden State Warriors,0022300186,2023-11-12,GSW vs. MIN,L,239,110,37,96,0.385,12,43,0.279,24,28,0.857,19,32,51,24,9,0,14,28,-6.0,2023-11-12,2023-11-12
22023,1610612753,ORL,Orlando Magic,0022300173,2023-11-11,ORL vs. MIL,W,238,112,36,84,0.429,10,26,0.385,30,35,0.857,15,28,43,24,9,2,13,17,15.0,2023-11-11,2023-11-11
22023,1610612744,GSW,Golden State Warriors,0022300176,2023-11-11,GSW vs. CLE,L,240,110,37,90,0.411,13,38,0.342,23,30,0.767,15,40,55,26,5,3,20,29,-8.0,2023-11-11,2023-11-11
22023,1610612761,TOR,Toronto Raptors,0022300174,2023-11-11,TOR @ BOS,L,241,94,35,91,0.385,10,37,0.27,14,16,0.875,7,30,37,25,8,1,8,14,-23.0,2023-11-11,2023-11-11
22023,1610612737,ATL,Atlanta Hawks,0022300175,2023-11-11,ATL vs. MIA,L,240,109,38,87,0.437,18,46,0.391,15,18,0.833,15,33,48,23,6,6,21,19,-8.0,2023-11-11,2023-11-11
22023,1610612755,PHI,Philadelphia 76ers,0022300008,2023-11-10,PHI @ DET,W,239,114,35,83,0.422,9,28,0.321,35,41,0.854,11,35,46,23,13,5,8,23,8.0,2023-11-10,2023-11-10
22023,1610612764,WAS,Washington Wizards,0022300009,2023-11-10,WAS vs. CHA,L,240,117,43,88,0.489,14,38,0.368,17,20,0.85,7,29,36,28,4,6,15,23,-7.0,2023-11-10,2023-11-10
22023,1610612750,MIN,Minnesota Timberwolves,0022300013,2023-11-10,MIN @ SAS,W,239,117,43,87,0.494,10,27,0.37,21,27,0.778,13,38,51,23,6,4,18,19,7.0,2023-11-10,2023-11-10
22023,1610612747,LAL,Los Angeles Lakers,0022300015,2023-11-10,LAL @ PHX,W,240,122,42,84,0.5,12,27,0.444,26,34,0.765,9,34,43,27,9,7,11,20,3.0,2023-11-10,2023-11-10
22023,1610612740,NOP,New Orleans Pelicans,0022300011,2023-11-10,NOP @ HOU,L,240,101,34,75,0.453,8,25,0.32,25,34,0.735,8,41,49,12,6,6,18,26,-3.0,2023-11-10,2023-11-10
22023,1610612762,UTA,Utah Jazz,0022300012,2023-11-10,UTA @ MEM,W,240,127,41,76,0.539,18,37,0.486,27,29,0.931,8,30,38,28,10,12,19,17,6.0,2023-11-10,2023-11-10
22023,1610612742,DAL,Dallas Mavericks,0022300014,2023-11-10,DAL vs. LAC,W,240,144,51,98,0.52,19,42,0.452,23,26,0.885,15,26,41,30,7,1,8,23,18.0,2023-11-10,2023-11-10
22023,1610612751,BKN,Brooklyn Nets,0022300010,2023-11-10,BKN @ BOS,L,239,107,38,85,0.447,15,37,0.405,16,18,0.889,9,37,46,26,0,3,10,25,-14.0,2023-11-10,2023-11-10
22023,1610612760,OKC,Oklahoma City Thunder,0022300016,2023-11-10,OKC @ SAC,L,240,98,39,87,0.448,7,30,0.233,13,16,0.813,5,33,38,22,9,5,16,15,-7.0,2023-11-10,2023-11-10
22023,1610612754,IND,Indiana Pacers,0022300171,2023-11-09,IND vs. MIL,W,239,126,44,92,0.478,20,48,0.417,18,20,0.9,9,31,40,27,6,6,11,25,2.0,2023-11-09,2023-11-09
22023,1610612753,ORL,Orlando Magic,0022300172,2023-11-09,ORL vs. ATL,L,240,119,42,90,0.467,10,27,0.37,25,35,0.714,18,29,47,19,12,6,19,24,-1.0,2023-11-09,2023-11-09
22023,1610612739,CLE,Cleveland Cavaliers,0022300167,2023-11-08,CLE @ OKC,L,240,120,42,83,0.506,9,29,0.31,27,37,0.73,11,30,41,26,9,5,18,24,-8.0,2023-11-08,2023-11-08
22023,1610612743,DEN,Denver Nuggets,0022300169,2023-11-08,DEN vs. GSW,W,240,108,41,92,0.446,11,35,0.314,15,22,0.682,10,35,45,24,7,4,6,20,3.0,2023-11-08,2023-11-08
22023,1610612754,IND,Indiana Pacers,0022300158,2023-11-08,IND vs. UTA,W,239,134,52,101,0.515,13,41,0.317,17,20,0.85,14,32,46,26,14,7,11,15,16.0,2023-11-08,2023-11-08
22023,1610612761,TOR,Toronto Raptors,0022300168,2023-11-08,TOR @ DAL,W,241,127,49,99,0.495,11,36,0.306,18,27,0.667,15,35,50,27,10,4,11,25,11.0,2023-11-08,2023-11-08
22023,1610612745,HOU,Houston Rockets,0022300163,2023-11-08,HOU vs. LAL,W,239,128,51,93,0.548,14,33,0.424,12,19,0.632,14,43,57,26,4,4,11,23,34.0,2023-11-08,2023-11-08
22023,1610612757,POR,Portland Trail Blazers,0022300170,2023-11-08,POR @ SAC,L,265,118,44,87,0.506,8,22,0.364,22,29,0.759,7,29,36,26,10,5,18,29,-3.0,2023-11-08,2023-11-08
22023,1610612752,NYK,New York Knicks,0022300161,2023-11-08,NYK vs. SAS,W,242,126,46,100,0.46,19,42,0.452,15,22,0.682,13,34,47,28,7,0,3,14,21.0,2023-11-08,2023-11-08
22023,1610612748,MIA,Miami Heat,0022300164,2023-11-08,MIA @ MEM,W,241,108,35,77,0.455,11,28,0.393,27,32,0.844,9,35,44,22,9,8,19,24,6.0,2023-11-08,2023-11-08
22023,1610612738,BOS,Boston Celtics,0022300159,2023-11-08,BOS @ PHI,L,241,103,36,91,0.396,15,47,0.319,16,19,0.842,9,34,43,28,8,6,12,13,-3.0,2023-11-08,2023-11-08
22023,1610612749,MIL,Milwaukee Bucks,0022300165,2023-11-08,MIL vs. DET,W,241,120,41,90,0.456,11,37,0.297,27,32,0.844,5,31,36,19,8,7,10,18,2.0,2023-11-08,2023-11-08
22023,1610612746,LAC,LA Clippers,0022300160,2023-11-08,LAC @ BKN,L,239,93,36,91,0.396,8,36,0.222,13,13,1.0,11,40,51,22,10,8,15,15,-7.0,2023-11-08,2023-11-08
22023,1610612764,WAS,Washington Wizards,0022300157,2023-11-08,WAS @ CHA,W,240,132,47,97,0.485,18,43,0.419,20,25,0.8,13,27,40,26,10,6,10,26,16.0,2023-11-08,2023-11-08
22023,1610612741,CHI,Chicago Bulls,0022300162,2023-11-08,CHI vs. PHX,L,266,115,42,96,0.438,14,33,0.424,17,23,0.739,9,30,39,30,12,7,14,22,-1.0,2023-11-08,2023-11-08
22023,1610612740,NOP,New Orleans Pelicans,0022300166,2023-11-08,NOP @ MIN,L,240,101,36,93,0.387,8,28,0.286,21,22,0.955,11,29,40,23,6,1,17,23,-21.0,2023-11-08,2023-11-08
22023,1610612745,HOU,Houston Rockets,0022300153,2023-11-06,HOU vs. SAC,W,242,122,43,75,0.573,15,31,0.484,21,27,0.778,5,34,39,28,8,4,10,19,25.0,2023-11-06,2023-11-06
22023,1610612749,MIL,Milwaukee Bucks,0022300149,2023-11-06,MIL @ BKN,W,238,129,46,96,0.479,16,48,0.333,21,24,0.875,12,36,48,26,6,2,10,13,4.0,2023-11-06,2023-11-06
22023,1610612755,PHI,Philadelphia 76ers,0022300148,2023-11-06,PHI vs. WAS,W,241,146,51,91,0.56,12,31,0.387,32,36,0.889,10,35,45,37,12,7,15,15,18.0,2023-11-06,2023-11-06
22023,1610612750,MIN,Minnesota Timberwolves,0022300154,2023-11-06,MIN vs. BOS,W,265,114,44,85,0.518,13,37,0.351,13,25,0.52,6,39,45,26,7,5,23,26,5.0,2023-11-06,2023-11-06
22023,1610612759,SAS,San Antonio Spurs,0022300146,2023-11-06,SAS @ IND,L,242,111,40,94,0.426,8,26,0.308,23,30,0.767,12,24,36,26,7,5,11,15,-41.0,2023-11-06,2023-11-06
22023,1610612753,ORL,Orlando Magic,0022300147,2023-11-06,ORL vs. DAL,L,240,102,40,85,0.471,8,27,0.296,14,18,0.778,6,32,38,27,6,4,20,24,-15.0,2023-11-06,2023-11-06
22023,1610612737,ATL,Atlanta Hawks,0022300155,2023-11-06,ATL @ OKC,L,239,117,38,102,0.373,14,42,0.333,27,32,0.844,25,34,59,27,8,3,15,16,-9.0,2023-11-06,2023-11-06
22023,1610612741,CHI,Chicago Bulls,0022300152,2023-11-06,CHI vs. UTA,W,240,130,48,93,0.516,18,34,0.529,16,19,0.842,10,26,36,26,12,3,8,18,17.0,2023-11-06,2023-11-06
22023,1610612740,NOP,New Orleans Pelicans,0022300156,2023-11-06,NOP @ DEN,L,240,116,45,90,0.5,13,30,0.433,13,15,0.867,8,30,38,24,6,2,13,18,-18.0,2023-11-06,2023-11-06
22023,1610612747,LAL,Los Angeles Lakers,0022300150,2023-11-06,LAL @ MIA,L,239,107,44,81,0.543,8,26,0.308,11,14,0.786,5,33,38,28,6,5,17,17,-1.0,2023-11-06,2023-11-06
22023,1610612744,GSW,Golden State Warriors,0022300145,2023-11-06,GSW @ DET,W,240,120,46,97,0.474,12,41,0.293,16,21,0.762,17,27,44,26,8,4,11,14,11.0,2023-11-06,2023-11-06
22023,1610612746,LAC,LA Clippers,0022300151,2023-11-06,LAC @ NYK,L,238,97,36,73,0.493,11,32,0.344,14,16,0.875,7,24,31,21,8,3,22,15,-14.0,2023-11-06,2023-11-06
22023,1610612744,GSW,Golden State Warriors,0022300142,2023-11-05,GSW @ CLE,L,240,104,34,94,0.362,16,41,0.39,20,30,0.667,17,27,44,26,10,4,13,18,-11.0,2023-11-05,2023-11-05
22023,1610612756,PHX,Phoenix Suns,0022300140,2023-11-05,PHX @ DET,W,243,120,43,86,0.5,8,21,0.381,26,29,0.897,14,29,43,29,8,10,18,13,14.0,2023-11-05,2023-11-05
22023,1610612759,SAS,San Antonio Spurs,0022300141,2023-11-05,SAS vs. TOR,L,266,116,48,96,0.5,10,32,0.313,10,13,0.769,9,37,46,30,7,7,17,21,-7.0,2023-11-05,2023-11-05
22023,1610612742,DAL,Dallas Mavericks,0022300143,2023-11-05,DAL vs. CHA,W,239,124,43,91,0.473,14,42,0.333,24,32,0.75,9,38,47,31,3,6,10,19,6.0,2023-11-05,2023-11-05
22023,1610612757,POR,Portland Trail Blazers,0022300144,2023-11-05,POR vs. MEM,L,239,100,37,95,0.389,14,45,0.311,12,15,0.8,16,31,47,23,11,5,14,21,-12.0,2023-11-05,2023-11-05
22023,1610612737,ATL,Atlanta Hawks,0022300135,2023-11-04,ATL @ NOP,W,241,123,45,93,0.484,14,41,0.341,19,24,0.792,19,33,52,28,4,6,11,16,18.0,2023-11-04,2023-11-04
22023,1610612750,MIN,Minnesota Timberwolves,0022300138,2023-11-04,MIN vs. UTA,W,242,123,45,81,0.556,9,24,0.375,24,31,0.774,9,34,43,25,10,11,10,23,28.0,2023-11-04,2023-11-04
22023,1610612741,CHI,Chicago Bulls,0022300139,2023-11-04,CHI @ DEN,L,240,101,39,86,0.453,7,26,0.269,16,23,0.696,9,28,37,28,7,3,11,19,-22.0,2023-11-04,2023-11-04
22023,1610612753,ORL,Orlando Magic,0022300134,2023-11-04,ORL vs. LAL,W,240,120,46,101,0.455,12,33,0.364,16,19,0.842,19,32,51,29,6,9,15,18,19.0,2023-11-04,2023-11-04
22023,1610612738,BOS,Boston Celtics,0022300136,2023-11-04,BOS @ BKN,W,240,124,43,90,0.478,15,45,0.333,23,27,0.852,10,40,50,22,4,6,11,17,10.0,2023-11-04,2023-11-04
22023,1610612745,HOU,Houston Rockets,0022300137,2023-11-04,HOU vs. SAC,W,239,107,40,87,0.46,13,36,0.361,14,20,0.7,10,43,53,28,4,3,11,18,18.0,2023-11-04,2023-11-04
22023,1610612755,PHI,Philadelphia 76ers,0022300132,2023-11-04,PHI vs. PHX,W,239,112,43,90,0.478,11,30,0.367,15,18,0.833,15,36,51,24,5,6,17,24,12.0,2023-11-04,2023-11-04
22023,1610612754,IND,Indiana Pacers,0022300133,2023-11-04,IND vs. CHA,L,241,124,45,93,0.484,22,45,0.489,12,16,0.75,11,25,36,31,7,5,14,18,-1.0,2023-11-04,2023-11-04
22023,1610612742,DAL,Dallas Mavericks,0022300006,2023-11-03,DAL @ DEN,L,240,114,41,86,0.477,17,42,0.405,15,17,0.882,10,24,34,27,12,6,15,19,-11.0,2023-11-03,2023-11-03
22023,1610612749,MIL,Milwaukee Bucks,0022300002,2023-11-03,MIL vs. NYK,W,241,110,35,82,0.427,20,39,0.513,20,28,0.714,7,34,41,24,6,11,14,16,5.0,2023-11-03,2023-11-03
22023,1610612739,CLE,Cleveland Cavaliers,0022300001,2023-11-03,CLE @ IND,L,240,116,44,84,0.524,8,28,0.286,20,25,0.8,5,30,35,27,10,9,13,20,-5.0,2023-11-03,2023-11-03
22023,1610612741,CHI,Chicago Bulls,0022300004,2023-11-03,CHI vs. BKN,L,238,107,43,89,0.483,11,28,0.393,10,14,0.714,9,33,42,21,4,4,10,13,-2.0,2023-11-03,2023-11-03
22023,1610612757,POR,Portland Trail Blazers,0022300007,2023-11-03,POR vs. MEM,W,264,115,39,96,0.406,9,32,0.281,28,36,0.778,15,35,50,19,12,7,14,15,2.0,2023-11-03,2023-11-03
22023,1610612748,MIA,Miami Heat,0022300003,2023-11-03,MIA vs. WAS,W,242,121,48,80,0.6,13,27,0.481,12,14,0.857,7,30,37,35,9,1,19,18,7.0,2023-11-03,2023-11-03
22023,1610612760,OKC,Oklahoma City Thunder,0022300005,2023-11-03,OKC vs. GSW,L,239,139,50,83,0.602,15,29,0.517,24,30,0.8,7,25,32,26,3,1,19,20,-2.0,2023-11-03,2023-11-03
22023,1610612756,PHX,Phoenix Suns,0022300131,2023-11-02,PHX vs. SAS,L,241,121,43,80,0.538,16,32,0.5,19,26,0.731,5,29,34,26,5,4,14,15,-11.0,2023-11-02,2023-11-02
22023,1610612753,ORL,Orlando Magic,0022300130,2023-11-02,ORL @ UTA,W,240,115,39,85,0.459,10,29,0.345,27,36,0.75,10,33,43,27,17,9,17,25,2.0,2023-11-02,2023-11-02
22023,1610612755,PHI,Philadelphia 76ers,0022300128,2023-11-02,PHI vs. TOR,W,240,114,42,92,0.457,9,25,0.36,21,25,0.84,15,31,46,21,12,3,14,19,15.0,2023-11-02,2023-11-02
22023,1610612740,NOP,New Orleans Pelicans,0022300129,2023-11-02,NOP vs. DET,W,239,125,39,80,0.488,14,32,0.438,33,35,0.943,7,29,36,27,5,7,12,18,9.0,2023-11-02,2023-11-02
22023,1610612737,ATL,Atlanta Hawks,0022300117,2023-11-01,ATL vs. WAS,W,241,130,46,92,0.5,9,32,0.281,29,32,0.906,14,43,57,26,8,3,20,16,9.0,2023-11-01,2023-11-01
22023,1610612754,IND,Indiana Pacers,0022300118,2023-11-01,IND @ BOS,L,241,104,46,101,0.455,5,37,0.135,7,12,0.583,8,23,31,26,6,6,9,20,-51.0,2023-11-01,2023-11-01
22023,1610612746,LAC,LA Clippers,0022300127,2023-11-01,LAC @ LAL,L,266,125,47,99,0.475,14,34,0.412,17,27,0.63,12,34,46,22,12,1,13,31,-5.0,2023-11-01,2023-11-01
22023,1610612762,UTA,Utah Jazz,0022300125,2023-11-01,UTA vs. MEM,W,239,133,47,87,0.54,22,43,0.512,17,24,0.708,10,40,50,35,7,3,21,22,24.0,2023-11-01,2023-11-01
22023,1610612741,CHI,Chicago Bulls,0022300124,2023-11-01,CHI @ DAL,L,240,105,42,89,0.472,11,33,0.333,10,11,0.909,12,31,43,19,10,3,13,23,-9.0,2023-11-01,2023-11-01
22023,1610612757,POR,Portland Trail Blazers,0022300115,2023-11-01,POR @ DET,W,239,110,38,81,0.469,7,20,0.35,27,33,0.818,7,37,44,23,10,7,17,15,9.0,2023-11-01,2023-11-01
22023,1610612749,MIL,Milwaukee Bucks,0022300116,2023-11-01,MIL @ TOR,L,242,111,35,76,0.461,13,34,0.382,28,38,0.737,7,22,29,19,9,2,12,17,-19.0,2023-11-01,2023-11-01
22023,1610612748,MIA,Miami Heat,0022300119,2023-11-01,MIA vs. BKN,L,240,105,39,91,0.429,13,38,0.342,14,18,0.778,11,35,46,22,10,5,16,20,-4.0,2023-11-01,2023-11-01
22023,1610612743,DEN,Denver Nuggets,0022300123,2023-11-01,DEN @ MIN,L,240,89,38,96,0.396,6,33,0.182,7,10,0.7,12,31,43,23,6,10,15,22,-21.0,2023-11-01,2023-11-01
22023,1610612744,GSW,Golden State Warriors,0022300126,2023-11-01,GSW vs. SAC,W,239,102,39,81,0.481,11,31,0.355,13,15,0.867,7,29,36,32,5,6,17,17,1.0,2023-11-01,2023-11-01
22023,1610612739,CLE,Cleveland Cavaliers,0022300120,2023-11-01,CLE @ NYK,W,241,95,32,74,0.432,12,32,0.375,19,20,0.95,6,40,46,22,7,5,18,27,6.0,2023-11-01,2023-11-01
22023,1610612740,NOP,New Orleans Pelicans,0022300121,2023-11-01,NOP @ OKC,W,239,110,40,102,0.392,13,42,0.31,17,29,0.586,22,36,58,23,8,5,10,20,4.0,2023-11-01,2023-11-01
22023,1610612745,HOU,Houston Rockets,0022300122,2023-11-01,HOU vs. CHA,W,239,128,44,84,0.524,21,37,0.568,19,23,0.826,7,31,38,35,10,2,17,22,9.0,2023-11-01,2023-11-01
22023,1610612746,LAC,LA Clippers,0022300114,2023-10-31,LAC vs. ORL,W,240,118,44,89,0.494,14,31,0.452,16,23,0.696,9,35,44,29,10,4,16,26,16.0,2023-10-31,2023-10-31
22023,1610612759,SAS,San Antonio Spurs,0022300113,2023-10-31,SAS @ PHX,W,239,115,43,92,0.467,14,37,0.378,15,20,0.75,8,29,37,25,10,9,12,17,1.0,2023-10-31,2023-10-31
22023,1610612739,CLE,Cleveland Cavaliers,0022300112,2023-10-31,CLE vs. NYK,L,240,91,36,92,0.391,10,38,0.263,9,12,0.75,14,32,46,19,6,6,15,19,-18.0,2023-10-31,2023-10-31
22023,1610612757,POR,Portland Trail Blazers,0022300105,2023-10-30,POR @ TOR,W,239,99,38,85,0.447,11,35,0.314,12,15,0.8,13,38,51,20,6,7,14,19,8.0,2023-10-30,2023-10-30
22023,1610612744,GSW,Golden State Warriors,0022300108,2023-10-30,GSW @ NOP,W,242,130,51,98,0.52,15,41,0.366,13,20,0.65,21,43,64,28,6,7,14,21,28.0,2023-10-30,2023-10-30
22023,1610612743,DEN,Denver Nuggets,0022300110,2023-10-30,DEN vs. UTA,W,240,110,47,84,0.56,9,28,0.321,7,17,0.412,7,36,43,32,4,8,12,14,8.0,2023-10-30,2023-10-30
22023,1610612753,ORL,Orlando Magic,0022300111,2023-10-30,ORL @ LAL,L,238,103,38,95,0.4,14,35,0.4,13,18,0.722,12,32,44,28,10,3,11,22,-3.0,2023-10-30,2023-10-30
22023,1610612760,OKC,Oklahoma City Thunder,0022300109,2023-10-30,OKC vs. DET,W,240,124,44,83,0.53,13,29,0.448,23,28,0.821,6,38,44,21,9,10,15,19,12.0,2023-10-30,2023-10-30
22023,1610612751,BKN,Brooklyn Nets,0022300101,2023-10-30,BKN @ CHA,W,240,133,49,87,0.563,12,33,0.364,23,32,0.719,10,36,46,25,4,8,13,19,12.0,2023-10-30,2023-10-30
22023,1610612737,ATL,Atlanta Hawks,0022300104,2023-10-30,ATL vs. MIN,W,238,127,48,86,0.558,14,30,0.467,17,18,0.944,4,32,36,28,6,7,9,12,14.0,2023-10-30,2023-10-30
22023,1610612748,MIA,Miami Heat,0022300107,2023-10-30,MIA @ MIL,L,240,114,41,86,0.477,13,34,0.382,19,20,0.95,7,33,40,27,7,2,14,20,-8.0,2023-10-30,2023-10-30
22023,1610612763,MEM,Memphis Grizzlies,0022300106,2023-10-30,MEM vs. DAL,L,240,110,42,92,0.457,14,37,0.378,12,20,0.6,10,34,44,22,9,4,12,22,-15.0,2023-10-30,2023-10-30
22023,1610612738,BOS,Boston Celtics,0022300103,2023-10-30,BOS @ WAS,W,243,126,51,102,0.5,19,53,0.358,5,7,0.714,15,36,51,31,11,6,17,21,19.0,2023-10-30,2023-10-30
22023,1610612754,IND,Indiana Pacers,0022300102,2023-10-30,IND vs. CHI,L,240,105,36,88,0.409,12,46,0.261,21,25,0.84,11,36,47,26,7,5,17,24,-7.0,2023-10-30,2023-10-30
22023,1610612747,LAL,Los Angeles Lakers,0022300100,2023-10-29,LAL @ SAC,L,266,127,43,98,0.439,15,45,0.333,26,34,0.765,8,45,53,27,4,4,12,22,-5.0,2023-10-29,2023-10-29
22023,1610612749,MIL,Milwaukee Bucks,0022300097,2023-10-29,MIL vs. ATL,L,240,110,39,86,0.453,16,44,0.364,16,20,0.8,12,27,39,22,10,3,23,22,-17.0,2023-10-29,2023-10-29
22023,1610612755,PHI,Philadelphia 76ers,0022300098,2023-10-29,PHI vs. POR,W,242,126,40,82,0.488,11,28,0.393,35,40,0.875,11,40,51,28,10,17,15,20,28.0,2023-10-29,2023-10-29
22023,1610612744,GSW,Golden State Warriors,0022300096,2023-10-29,GSW @ HOU,W,239,106,35,81,0.432,18,45,0.4,18,23,0.783,8,41,49,27,6,6,14,18,11.0,2023-10-29,2023-10-29
22023,1610612743,DEN,Denver Nuggets,0022300095,2023-10-29,DEN @ OKC,W,241,128,53,88,0.602,11,27,0.407,11,13,0.846,10,38,48,34,8,5,13,21,33.0,2023-10-29,2023-10-29
22023,1610612746,LAC,LA Clippers,0022300099,2023-10-29,LAC vs. SAS,W,241,123,47,91,0.516,16,42,0.381,13,21,0.619,9,39,48,23,15,5,16,16,40.0,2023-10-29,2023-10-29
22023,1610612762,UTA,Utah Jazz,0022300094,2023-10-28,UTA @ PHX,L,239,104,40,91,0.44,12,37,0.324,12,14,0.857,15,30,45,26,6,5,18,20,-22.0,2023-10-28,2023-10-28
22023,1610612741,CHI,Chicago Bulls,0022300088,2023-10-28,CHI @ DET,L,239,102,39,93,0.419,11,28,0.393,13,16,0.813,13,20,33,16,10,5,8,20,-16.0,2023-10-28,2023-10-28
22023,1610612748,MIA,Miami Heat,0022300093,2023-10-28,MIA @ MIN,L,240,90,35,87,0.402,12,38,0.316,8,14,0.571,9,33,42,24,6,1,14,12,-16.0,2023-10-28,2023-10-28
22023,1610612740,NOP,New Orleans Pelicans,0022300090,2023-10-28,NOP vs. NYK,W,241,96,40,87,0.46,9,33,0.273,7,16,0.438,4,39,43,20,8,5,13,22,9.0,2023-10-28,2023-10-28
22023,1610612763,MEM,Memphis Grizzlies,0022300089,2023-10-28,MEM @ WAS,L,240,106,39,91,0.429,19,47,0.404,9,9,1.0,6,39,45,27,7,8,16,21,-7.0,2023-10-28,2023-10-28
22023,1610612739,CLE,Cleveland Cavaliers,0022300091,2023-10-28,CLE vs. IND,L,241,113,43,99,0.434,12,31,0.387,15,24,0.625,18,33,51,29,2,6,6,16,-12.0,2023-10-28,2023-10-28
22023,1610612755,PHI,Philadelphia 76ers,0022300092,2023-10-28,PHI @ TOR,W,241,114,43,86,0.5,10,28,0.357,18,21,0.857,9,33,42,25,8,7,9,18,7.0,2023-10-28,2023-10-28
22023,1610612738,BOS,Boston Celtics,0022300080,2023-10-27,BOS vs. MIA,W,239,119,45,95,0.474,16,39,0.41,13,19,0.684,16,39,55,20,7,6,15,19,8.0,2023-10-27,2023-10-27
22023,1610612761,TOR,Toronto Raptors,0022300082,2023-10-27,TOR @ CHI,L,266,103,39,84,0.464,9,36,0.25,16,25,0.64,8,45,53,25,5,2,21,29,-1.0,2023-10-27,2023-10-27
22023,1610612762,UTA,Utah Jazz,0022300085,2023-10-27,UTA vs. LAC,W,241,120,42,96,0.438,16,41,0.39,20,22,0.909,17,28,45,27,7,4,14,24,2.0,2023-10-27,2023-10-27
22023,1610612763,MEM,Memphis Grizzlies,0022300078,2023-10-27,MEM vs. DEN,L,239,104,37,85,0.435,10,33,0.303,20,24,0.833,13,35,48,22,13,7,20,23,-4.0,2023-10-27,2023-10-27
22023,1610612753,ORL,Orlando Magic,0022300086,2023-10-27,ORL @ POR,W,240,102,36,79,0.456,9,28,0.321,21,32,0.656,10,35,45,22,10,5,14,16,5.0,2023-10-27,2023-10-27
22023,1610612760,OKC,Oklahoma City Thunder,0022300081,2023-10-27,OKC @ CLE,W,239,108,40,87,0.46,13,26,0.5,15,19,0.789,6,41,47,22,8,10,18,17,3.0,2023-10-27,2023-10-27
22023,1610612737,ATL,Atlanta Hawks,0022300079,2023-10-27,ATL vs. NYK,L,240,120,42,87,0.483,12,32,0.375,24,30,0.8,9,35,44,28,7,6,14,20,-6.0,2023-10-27,2023-10-27
22023,1610612765,DET,Detroit Pistons,0022300077,2023-10-27,DET @ CHA,W,240,111,40,88,0.455,10,30,0.333,21,25,0.84,12,41,53,28,7,6,23,29,12.0,2023-10-27,2023-10-27
22023,1610612742,DAL,Dallas Mavericks,0022300084,2023-10-27,DAL vs. BKN,W,240,125,44,91,0.484,15,36,0.417,22,28,0.786,8,32,40,20,5,2,9,15,5.0,2023-10-27,2023-10-27
22023,1610612745,HOU,Houston Rockets,0022300083,2023-10-27,HOU @ SAS,L,266,122,52,100,0.52,8,32,0.25,10,20,0.5,11,32,43,30,7,2,18,26,-4.0,2023-10-27,2023-10-27
22023,1610612744,GSW,Golden State Warriors,0022300087,2023-10-27,GSW @ SAC,W,240,122,48,87,0.552,14,32,0.438,12,14,0.857,7,32,39,32,14,3,19,24,8.0,2023-10-27,2023-10-27
22023,1610612749,MIL,Milwaukee Bucks,0022300075,2023-10-26,MIL vs. PHI,W,239,118,41,81,0.506,11,30,0.367,25,36,0.694,8,35,43,20,9,4,14,23,1.0,2023-10-26,2023-10-26
22023,1610612756,PHX,Phoenix Suns,0022300076,2023-10-26,PHX @ LAL,L,240,95,34,81,0.42,9,31,0.29,18,23,0.783,10,39,49,16,7,3,20,21,-5.0,2023-10-26,2023-10-26
22023,1610612748,MIA,Miami Heat,0022300068,2023-10-25,MIA vs. DET,W,241,103,37,92,0.402,8,22,0.364,21,26,0.808,16,32,48,22,11,3,7,18,1.0,2023-10-25,2023-10-25
22023,1610612762,UTA,Utah Jazz,0022300072,2023-10-25,UTA vs. SAC,L,239,114,41,91,0.451,9,28,0.321,23,31,0.742,16,38,54,22,6,2,14,20,-16.0,2023-10-25,2023-10-25
22023,1610612742,DAL,Dallas Mavericks,0022300073,2023-10-25,DAL @ SAS,W,241,126,47,99,0.475,15,47,0.319,17,23,0.739,13,35,48,24,6,3,12,20,7.0,2023-10-25,2023-10-25
22023,1610612761,TOR,Toronto Raptors,0022300069,2023-10-25,TOR vs. MIN,W,241,97,36,90,0.4,14,35,0.4,11,16,0.688,8,39,47,27,9,11,14,18,3.0,2023-10-25,2023-10-25
22023,1610612754,IND,Indiana Pacers,0022300064,2023-10-25,IND vs. WAS,W,240,143,56,107,0.523,20,43,0.465,11,12,0.917,10,41,51,38,10,8,12,23,23.0,2023-10-25,2023-10-25
22023,1610612737,ATL,Atlanta Hawks,0022300063,2023-10-25,ATL @ CHA,L,240,110,39,93,0.419,5,29,0.172,27,33,0.818,12,30,42,24,12,1,12,19,-6.0,2023-10-25,2023-10-25
22023,1610612751,BKN,Brooklyn Nets,0022300067,2023-10-25,BKN vs. CLE,L,240,113,42,84,0.5,9,27,0.333,20,26,0.769,13,37,50,30,6,6,17,16,-1.0,2023-10-25,2023-10-25
22023,1610612752,NYK,New York Knicks,0022300065,2023-10-25,NYK vs. BOS,L,239,104,36,97,0.371,18,41,0.439,14,26,0.538,17,30,47,24,9,0,9,22,-4.0,2023-10-25,2023-10-25
22023,1610612760,OKC,Oklahoma City Thunder,0022300070,2023-10-25,OKC @ CHI,W,242,124,45,82,0.549,19,39,0.487,15,18,0.833,5,38,43,30,6,4,15,19,20.0,2023-10-25,2023-10-25
22023,1610612746,LAC,LA Clippers,0022300074,2023-10-25,LAC vs. POR,W,242,123,47,90,0.522,16,34,0.471,13,16,0.813,14,31,45,36,11,7,17,20,12.0,2023-10-25,2023-10-25
22023,1610612745,HOU,Houston Rockets,0022300066,2023-10-25,HOU @ ORL,L,240,86,32,79,0.405,12,34,0.353,10,16,0.625,7,24,31,19,6,3,18,24,-30.0,2023-10-25,2023-10-25
22023,1610612740,NOP,New Orleans Pelicans,0022300071,2023-10-25,NOP @ MEM,W,240,111,40,85,0.471,14,32,0.438,17,22,0.773,11,41,52,22,8,5,21,21,7.0,2023-10-25,2023-10-25
22023,1610612747,LAL,Los Angeles Lakers,0022300061,2023-10-24,LAL @ DEN,L,239,107,41,90,0.456,10,29,0.345,15,20,0.75,13,31,44,23,5,4,11,18,-12.0,2023-10-24,2023-10-24
22023,1610612744,GSW,Golden State Warriors,0022300062,2023-10-24,GSW vs. PHX,L,240,104,36,101,0.356,10,43,0.233,22,28,0.786,18,31,49,19,11,6,11,23,-4.0,2023-10-24,2023-10-24
