player,market,line,best_over_odds,best_over_book,best_over_implied,best_over_last_update,best_under_odds,best_under_book,best_under_implied,best_under_last_update,total_prob,expected_profit_pct,is_arb,over_stake,under_stake,over_return,under_return,guaranteed_profit,total_wager,recommendation,game,game_time,num_bookmakers,over_staleness_minutes,under_staleness_minutes,max_staleness,is_stale,stale_bookmaker,fetch_time_et
Alex Sarr,player_threes,1.5,200,betrivers,0.33333333333333337,08:11:23 PM ET,175,draftkings,0.36363636363636365,08:19:50 PM ET,0.696969696969697,43.47826086956521,True,47.83,52.17,143.49,143.47,43.47,100.0,"Bet $47.83 Over @ betrivers, $52.17 Under @ draftkings",Washington Wizards @ San Antonio Spurs,2025-12-19T01:12:00Z,6,9.411519266666666,0.9615192666666666,9.411519266666666,True,betrivers,2025-12-18 20:20:47 ET
OG Anunoby,player_threes,1.5,167,williamhill_us,0.3745318352059925,08:20:22 PM ET,205,bovada,0.32786885245901637,08:18:13 PM ET,0.7024006876650088,42.36888111888113,True,53.32,46.68,142.36,142.37,42.36,100.0,"Bet $53.32 Over @ williamhill_us, $46.68 Under @ bovada",New York Knicks @ Indiana Pacers,2025-12-19T00:11:00Z,2,0.4281859333333333,2.5781859333333332,2.5781859333333332,True,bovada,2025-12-18 20:20:47 ET
Stephon Castle,player_threes,1.5,155,bovada,0.392156862745098,08:17:48 PM ET,178,fanduel,0.3597122302158273,08:19:38 PM ET,0.7518690929609253,33.0018761726079,True,52.16,47.84,133.01,133.0,33.0,100.0,"Bet $52.16 Over @ bovada, $47.84 Under @ fanduel",Washington Wizards @ San Antonio Spurs,2025-12-19T01:12:00Z,5,2.9948526,1.1615192666666667,2.9948526,True,bovada,2025-12-18 20:20:47 ET
Zaccharie Risacher,player_threes,0.5,124,draftkings,0.44642857142857145,08:20:11 PM ET,205,bovada,0.32786885245901637,08:19:55 PM ET,0.7742974238875878,29.149338374291123,True,57.66,42.34,129.16,129.14,29.14,100.0,"Bet $57.66 Over @ draftkings, $42.34 Under @ bovada",Atlanta Hawks @ Charlotte Hornets,2025-12-19T00:12:00Z,2,0.6115192666666667,0.8781859333333333,0.8781859333333333,False,,2025-12-18 20:20:47 ET
Danny Wolf,player_assists,1.5,140,williamhill_us,0.41666666666666663,08:19:52 PM ET,170,bovada,0.37037037037037035,08:16:22 PM ET,0.787037037037037,27.05882352941178,True,52.94,47.06,127.06,127.06,27.06,100.0,"Bet $52.94 Over @ williamhill_us, $47.06 Under @ bovada",Miami Heat @ Brooklyn Nets,2025-12-19T00:41:00Z,3,0.9281859333333333,4.428185933333333,4.428185933333333,True,bovada,2025-12-18 20:20:47 ET
Alperen Sengun,player_steals,1.5,126,fanduel,0.4424778761061947,08:09:00 PM ET,175,draftkings,0.36363636363636365,08:20:00 PM ET,0.8061142397425584,24.051896207584832,True,54.89,45.11,124.05,124.05,24.05,100.0,"Bet $54.89 Over @ fanduel, $45.11 Under @ draftkings",Houston Rockets @ New Orleans Pelicans,2025-12-19T01:10:00Z,2,11.7948526,0.7948526,11.7948526,True,fanduel,2025-12-18 20:20:47 ET
Pascal Siakam,player_rebounds,5.5,106,fanduel,0.48543689320388345,08:19:45 PM ET,205,bovada,0.32786885245901637,08:18:13 PM ET,0.8133057456628998,22.954990215264193,True,59.69,40.31,122.96,122.95,22.95,100.0,"Bet $59.69 Over @ fanduel, $40.31 Under @ bovada",New York Knicks @ Indiana Pacers,2025-12-19T00:11:00Z,4,1.0448526,2.5781859333333332,2.5781859333333332,True,bovada,2025-12-18 20:20:47 ET
Kevin Durant,player_threes,2.5,175,bovada,0.36363636363636365,08:20:27 PM ET,117,williamhill_us,0.4608294930875576,08:19:45 PM ET,0.8244658567239213,21.290650406504064,True,44.11,55.89,121.3,121.28,21.28,100.0,"Bet $44.11 Over @ bovada, $55.89 Under @ williamhill_us",Houston Rockets @ New Orleans Pelicans,2025-12-19T01:10:00Z,4,0.3448526,1.0448526,1.0448526,False,,2025-12-18 20:20:47 ET
Jay Huff,player_points,7.5,-105,draftkings,0.5121951219512195,08:20:41 PM ET,215,bovada,0.31746031746031744,08:18:13 PM ET,0.829655439411537,20.53196453569761,True,61.74,38.26,120.54,120.52,20.52,100.0,"Bet $61.74 Over @ draftkings, $38.26 Under @ bovada",New York Knicks @ Indiana Pacers,2025-12-19T00:11:00Z,3,0.11151926666666667,2.5781859333333332,2.5781859333333332,True,bovada,2025-12-18 20:20:47 ET
Ivica Zubac,player_rebounds,9.5,105,draftkings,0.4878048780487805,08:20:41 PM ET,190,bovada,0.3448275862068966,08:19:33 PM ET,0.832632464255677,20.101010101010107,True,58.59,41.41,120.11,120.09,20.09,100.0,"Bet $58.59 Over @ draftkings, $41.41 Under @ bovada",Los Angeles Clippers @ Oklahoma City Thunder,2025-12-19T01:11:00Z,3,0.11151926666666667,1.2448526000000002,1.2448526000000002,False,,2025-12-18 20:20:47 ET
Bennedict Mathurin,player_rebounds,6.5,145,bovada,0.4081632653061224,08:18:13 PM ET,135,draftkings,0.425531914893617,08:20:41 PM ET,0.8336951801997394,19.947916666666664,True,48.96,51.04,119.95,119.94,19.94,100.0,"Bet $48.96 Over @ bovada, $51.04 Under @ draftkings",New York Knicks @ Indiana Pacers,2025-12-19T00:11:00Z,5,2.5781859333333332,0.11151926666666667,2.5781859333333332,True,bovada,2025-12-18 20:20:47 ET
Immanuel Quickley,player_assists,7.5,205,bovada,0.3278688524590163,08:18:49 PM ET,-105,williamhill_us,0.5121951219512195,08:20:26 PM ET,0.8400639744102358,19.03855306996669,True,39.03,60.97,119.04,119.04,19.04,100.0,"Bet $39.03 Over @ bovada, $60.97 Under @ williamhill_us",Toronto Raptors @ Milwaukee Bucks,2025-12-19T01:11:00Z,4,1.9781859333333334,0.36151926666666667,1.9781859333333334,False,,2025-12-18 20:20:47 ET
Jalen Williams,player_points,15.5,-112,fanduel,0.5283018867924528,08:20:26 PM ET,215,bovada,0.31746031746031744,08:19:33 PM ET,0.8457622042527703,18.236543909348434,True,62.46,37.54,118.23,118.25,18.23,100.0,"Bet $62.46 Over @ fanduel, $37.54 Under @ bovada",Los Angeles Clippers @ Oklahoma City Thunder,2025-12-19T01:11:00Z,3,0.36151926666666667,1.2448526000000002,1.2448526000000002,False,,2025-12-18 20:20:47 ET
Herb Jones,player_points,9.5,200,bovada,0.33333333333333326,08:20:27 PM ET,-106,fanduel,0.5145631067961165,08:19:55 PM ET,0.8478964401294498,17.938931297709935,True,39.31,60.69,117.93,117.94,17.93,100.0,"Bet $39.31 Over @ bovada, $60.69 Under @ fanduel",Houston Rockets @ New Orleans Pelicans,2025-12-19T01:10:00Z,3,0.3448526,0.8781859333333333,0.8781859333333333,False,,2025-12-18 20:20:47 ET
Kyshawn George,player_points,17.5,205,bovada,0.3278688524590164,08:17:48 PM ET,-110,draftkings,0.5238095238095238,08:19:50 PM ET,0.8516783762685403,17.415215398716754,True,38.5,61.5,117.42,117.41,17.41,100.0,"Bet $38.50 Over @ bovada, $61.50 Under @ draftkings",Washington Wizards @ San Antonio Spurs,2025-12-19T01:12:00Z,2,2.9948526,0.9615192666666666,2.9948526,True,bovada,2025-12-18 20:20:47 ET
Ivica Zubac,player_assists,2.5,132,betonlineag,0.4310344827586207,08:11:05 PM ET,137,williamhill_us,0.4219409282700422,08:19:59 PM ET,0.8529754110286629,17.23667377398721,True,50.53,49.47,117.23,117.24,17.23,100.0,"Bet $50.53 Over @ betonlineag, $49.47 Under @ williamhill_us",Los Angeles Clippers @ Oklahoma City Thunder,2025-12-19T01:11:00Z,6,9.711519266666667,0.8115192666666666,9.711519266666667,True,betonlineag,2025-12-18 20:20:47 ET
Dyson Daniels,player_rebounds,5.5,132,fanduel,0.4310344827586207,08:20:39 PM ET,135,bovada,0.425531914893617,08:19:55 PM ET,0.8565663976522377,16.74518201284796,True,50.32,49.68,116.74,116.75,16.74,100.0,"Bet $50.32 Over @ fanduel, $49.68 Under @ bovada",Atlanta Hawks @ Charlotte Hornets,2025-12-19T00:12:00Z,2,0.1448526,0.8781859333333333,0.8781859333333333,False,,2025-12-18 20:20:47 ET
Egor Demin,player_rebounds,2.5,146,fanduel,0.40650406504065045,08:20:46 PM ET,120,bovada,0.45454545454545453,08:16:22 PM ET,0.861049519586105,16.137339055793998,True,47.21,52.79,116.14,116.14,16.14,100.0,"Bet $47.21 Over @ fanduel, $52.79 Under @ bovada",Miami Heat @ Brooklyn Nets,2025-12-19T00:41:00Z,2,0.028185933333333336,4.428185933333333,4.428185933333333,True,bovada,2025-12-18 20:20:47 ET
Ochai Agbaji,player_points,7.5,190,bovada,0.3448275862068966,08:18:49 PM ET,-108,fanduel,0.5192307692307693,08:19:58 PM ET,0.8640583554376658,15.73292402148887,True,39.91,60.09,115.74,115.73,15.73,100.0,"Bet $39.91 Over @ bovada, $60.09 Under @ fanduel",Toronto Raptors @ Milwaukee Bucks,2025-12-19T01:11:00Z,4,1.9781859333333334,0.8281859333333333,1.9781859333333334,False,,2025-12-18 20:20:47 ET
Bogdan Bogdanovic,player_threes,2.5,170,bovada,0.37037037037037035,08:19:33 PM ET,102,fanduel,0.49504950495049505,08:20:26 PM ET,0.8654198753208654,15.550847457627114,True,42.8,57.2,115.56,115.54,15.54,100.0,"Bet $42.80 Over @ bovada, $57.20 Under @ fanduel",Los Angeles Clippers @ Oklahoma City Thunder,2025-12-19T01:11:00Z,2,1.2448526000000002,0.36151926666666667,1.2448526000000002,False,,2025-12-18 20:20:47 ET
Ryan Rollins,player_assists,4.5,-115,draftkings,0.5348837209302326,08:20:20 PM ET,200,bovada,0.3333333333333333,08:18:49 PM ET,0.8682170542635659,15.178571428571441,True,61.61,38.39,115.18,115.17,15.17,100.0,"Bet $61.61 Over @ draftkings, $38.39 Under @ bovada",Toronto Raptors @ Milwaukee Bucks,2025-12-19T01:11:00Z,7,0.46151926666666665,1.9781859333333334,1.9781859333333334,False,,2025-12-18 20:20:47 ET
Egor Demin,player_threes,1.5,100,bovada,0.5,08:16:22 PM ET,170,draftkings,0.37037037037037035,08:20:19 PM ET,0.8703703703703703,14.893617021276606,True,57.45,42.55,114.9,114.88,14.89,100.0,"Bet $57.45 Over @ bovada, $42.55 Under @ draftkings",Miami Heat @ Brooklyn Nets,2025-12-19T00:41:00Z,2,4.428185933333333,0.4781859333333333,4.428185933333333,True,bovada,2025-12-18 20:20:47 ET
Brandon Ingram,player_threes,2.5,175,bovada,0.36363636363636365,08:18:49 PM ET,-103,williamhill_us,0.5073891625615764,08:20:26 PM ET,0.87102552619794,14.807197943444717,True,41.75,58.25,114.81,114.8,14.8,100.0,"Bet $41.75 Over @ bovada, $58.25 Under @ williamhill_us",Toronto Raptors @ Milwaukee Bucks,2025-12-19T01:11:00Z,4,1.9781859333333334,0.36151926666666667,1.9781859333333334,False,,2025-12-18 20:20:47 ET
Michael Porter Jr,player_threes,4.5,205,bovada,0.3278688524590163,08:16:22 PM ET,-120,draftkings,0.5454545454545454,08:20:19 PM ET,0.8733233979135617,14.50511945392492,True,37.54,62.46,114.5,114.51,14.5,100.0,"Bet $37.54 Over @ bovada, $62.46 Under @ draftkings",Miami Heat @ Brooklyn Nets,2025-12-19T00:41:00Z,4,4.428185933333333,0.4781859333333333,4.428185933333333,True,bovada,2025-12-18 20:20:47 ET
Alex Sarr,player_points,17.5,175,bovada,0.36363636363636365,08:17:48 PM ET,-104,fanduel,0.5098039215686274,08:19:38 PM ET,0.8734402852049911,14.489795918367342,True,41.63,58.37,114.48,114.5,14.48,100.0,"Bet $41.63 Over @ bovada, $58.37 Under @ fanduel",Washington Wizards @ San Antonio Spurs,2025-12-19T01:12:00Z,2,2.9948526,1.1615192666666667,2.9948526,True,bovada,2025-12-18 20:20:47 ET
Ryan Kalkbrenner,player_points,9.5,165,bovada,0.37735849056603776,08:19:55 PM ET,100,draftkings,0.5,08:20:11 PM ET,0.8773584905660378,13.978494623655902,True,43.01,56.99,113.98,113.98,13.98,100.0,"Bet $43.01 Over @ bovada, $56.99 Under @ draftkings",Atlanta Hawks @ Charlotte Hornets,2025-12-19T00:12:00Z,2,0.8781859333333333,0.6115192666666667,0.8781859333333333,False,,2025-12-18 20:20:47 ET
Sandro Mamukelashvili,player_points,14.5,165,bovada,0.37735849056603776,08:18:49 PM ET,100,draftkings,0.5,08:19:08 PM ET,0.8773584905660378,13.978494623655902,True,43.01,56.99,113.98,113.98,13.98,100.0,"Bet $43.01 Over @ bovada, $56.99 Under @ draftkings",Toronto Raptors @ Milwaukee Bucks,2025-12-19T01:11:00Z,4,1.9781859333333334,1.6615192666666667,1.9781859333333334,False,,2025-12-18 20:20:47 ET
Kevin Durant,player_points,28.5,200,bovada,0.33333333333333326,08:20:27 PM ET,-121,williamhill_us,0.5475113122171946,08:19:45 PM ET,0.8808446455505279,13.527397260273965,True,37.84,62.16,113.52,113.53,13.52,100.0,"Bet $37.84 Over @ bovada, $62.16 Under @ williamhill_us",Houston Rockets @ New Orleans Pelicans,2025-12-19T01:10:00Z,3,0.3448526,1.0448526,1.0448526,False,,2025-12-18 20:20:47 ET
Saddiq Bey,player_rebounds,4.5,130,bovada,0.43478260869565216,08:20:27 PM ET,124,fanduel,0.44642857142857145,08:19:55 PM ET,0.8812111801242236,13.480176211453742,True,49.34,50.66,113.48,113.48,13.48,100.0,"Bet $49.34 Over @ bovada, $50.66 Under @ fanduel",Houston Rockets @ New Orleans Pelicans,2025-12-19T01:10:00Z,6,0.3448526,0.8781859333333333,0.8781859333333333,False,,2025-12-18 20:20:47 ET
Danny Wolf,player_points,11.5,145,bovada,0.40816326530612246,08:16:22 PM ET,110,draftkings,0.47619047619047616,08:20:19 PM ET,0.8843537414965986,13.076923076923075,True,46.15,53.85,113.07,113.08,13.07,100.0,"Bet $46.15 Over @ bovada, $53.85 Under @ draftkings",Miami Heat @ Brooklyn Nets,2025-12-19T00:41:00Z,4,4.428185933333333,0.4781859333333333,4.428185933333333,True,bovada,2025-12-18 20:20:47 ET
Sandro Mamukelashvili,player_rebounds,7.5,165,bovada,0.37735849056603776,08:18:49 PM ET,-103,williamhill_us,0.5073891625615764,08:20:26 PM ET,0.8847476531276142,13.026578422103153,True,42.65,57.35,113.02,113.03,13.02,100.0,"Bet $42.65 Over @ bovada, $57.35 Under @ williamhill_us",Toronto Raptors @ Milwaukee Bucks,2025-12-19T01:11:00Z,7,1.9781859333333334,0.36151926666666667,1.9781859333333334,False,,2025-12-18 20:20:47 ET
OG Anunoby,player_rebounds,6.5,145,bovada,0.4081632653061225,08:18:13 PM ET,109,williamhill_us,0.4784688995215311,08:20:22 PM ET,0.8866321648276536,12.786343612334793,True,46.04,53.96,112.8,112.78,12.78,100.0,"Bet $46.04 Over @ bovada, $53.96 Under @ williamhill_us",New York Knicks @ Indiana Pacers,2025-12-19T00:11:00Z,3,2.5781859333333332,0.4281859333333333,2.5781859333333332,True,bovada,2025-12-18 20:20:47 ET
Trey Murphy III,player_points,21.5,175,bovada,0.36363636363636365,08:20:27 PM ET,-110,fanduel,0.5238095238095238,08:19:55 PM ET,0.8874458874458875,12.682926829268283,True,40.98,59.02,112.7,112.67,12.67,100.0,"Bet $40.98 Over @ bovada, $59.02 Under @ fanduel",Houston Rockets @ New Orleans Pelicans,2025-12-19T01:10:00Z,2,0.3448526,0.8781859333333333,0.8781859333333333,False,,2025-12-18 20:20:47 ET
Ziaire Williams,player_points,6.5,-110,fanduel,0.5238095238095238,08:20:46 PM ET,175,bovada,0.36363636363636365,08:16:22 PM ET,0.8874458874458875,12.682926829268283,True,59.02,40.98,112.67,112.7,12.67,100.0,"Bet $59.02 Over @ fanduel, $40.98 Under @ bovada",Miami Heat @ Brooklyn Nets,2025-12-19T00:41:00Z,4,0.028185933333333336,4.428185933333333,4.428185933333333,True,bovada,2025-12-18 20:20:47 ET
Derik Queen,player_assists,5.5,150,bovada,0.4,08:20:27 PM ET,105,fanatics,0.4878048780487805,08:20:16 PM ET,0.8878048780487805,12.637362637362637,True,45.05,54.95,112.62,112.65,12.62,100.0,"Bet $45.05 Over @ bovada, $54.95 Under @ fanatics",Houston Rockets @ New Orleans Pelicans,2025-12-19T01:10:00Z,4,0.3448526,0.5281859333333333,0.5281859333333333,False,,2025-12-18 20:20:47 ET
Amen Thompson,player_assists,5.5,145,bovada,0.4081632653061225,08:20:27 PM ET,108,fanduel,0.4807692307692308,08:19:55 PM ET,0.8889324960753533,12.49448123620307,True,45.92,54.08,112.5,112.49,12.49,100.0,"Bet $45.92 Over @ bovada, $54.08 Under @ fanduel",Houston Rockets @ New Orleans Pelicans,2025-12-19T01:10:00Z,5,0.3448526,0.8781859333333333,0.8781859333333333,False,,2025-12-18 20:20:47 ET
Scottie Barnes,player_assists,4.5,130,draftkings,0.43478260869565216,08:20:20 PM ET,120,betmgm,0.45454545454545453,08:11:26 PM ET,0.8893280632411067,12.444444444444457,True,48.89,51.11,112.45,112.44,12.44,100.0,"Bet $48.89 Over @ draftkings, $51.11 Under @ betmgm",Toronto Raptors @ Milwaukee Bucks,2025-12-19T01:11:00Z,5,0.46151926666666665,9.361519266666667,9.361519266666667,True,betmgm,2025-12-18 20:20:47 ET
Noah Clowney,player_rebounds,4.5,125,bovada,0.44444444444444436,08:16:22 PM ET,124,draftkings,0.44642857142857145,08:20:19 PM ET,0.8908730158730158,12.249443207126953,True,49.89,50.11,112.25,112.25,12.25,100.0,"Bet $49.89 Over @ bovada, $50.11 Under @ draftkings",Miami Heat @ Brooklyn Nets,2025-12-19T00:41:00Z,4,4.428185933333333,0.4781859333333333,4.428185933333333,True,bovada,2025-12-18 20:20:47 ET
Cason Wallace,player_assists,2.5,140,betonlineag,0.41666666666666663,08:11:05 PM ET,110,fanduel,0.47619047619047616,08:20:26 PM ET,0.8928571428571428,12.00000000000001,True,46.67,53.33,112.01,111.99,11.99,100.0,"Bet $46.67 Over @ betonlineag, $53.33 Under @ fanduel",Los Angeles Clippers @ Oklahoma City Thunder,2025-12-19T01:11:00Z,4,9.711519266666667,0.36151926666666667,9.711519266666667,True,betonlineag,2025-12-18 20:20:47 ET
Trey Murphy III,player_assists,2.5,120,draftkings,0.45454545454545453,08:20:00 PM ET,128,betrivers,0.43859649122807015,08:10:29 PM ET,0.8931419457735247,11.964285714285715,True,50.89,49.11,111.96,111.97,11.96,100.0,"Bet $50.89 Over @ draftkings, $49.11 Under @ betrivers",Houston Rockets @ New Orleans Pelicans,2025-12-19T01:10:00Z,7,0.7948526,10.311519266666666,10.311519266666666,True,betrivers,2025-12-18 20:20:47 ET
Shai Gilgeous-Alexander,player_assists,5.5,105,fanatics,0.4878048780487805,08:20:19 PM ET,145,bovada,0.40816326530612246,08:19:33 PM ET,0.8959681433549029,11.611111111111105,True,54.44,45.56,111.6,111.62,11.6,100.0,"Bet $54.44 Over @ fanatics, $45.56 Under @ bovada",Los Angeles Clippers @ Oklahoma City Thunder,2025-12-19T01:11:00Z,4,0.4781859333333333,1.2448526000000002,1.2448526000000002,False,,2025-12-18 20:20:47 ET
Alex Sarr,player_rebounds,5.5,-114,fanduel,0.5327102803738317,08:19:38 PM ET,175,bovada,0.36363636363636365,08:17:48 PM ET,0.8963466440101954,11.563981042654037,True,59.43,40.57,111.56,111.57,11.56,100.0,"Bet $59.43 Over @ fanduel, $40.57 Under @ bovada",Washington Wizards @ San Antonio Spurs,2025-12-19T01:12:00Z,2,1.1615192666666667,2.9948526,2.9948526,True,bovada,2025-12-18 20:20:47 ET
Alex Sarr,player_points,18.5,185,bovada,0.3508771929824561,08:17:48 PM ET,-121,williamhill_us,0.5475113122171946,08:20:27 PM ET,0.8983885051996507,11.31041795528851,True,39.06,60.94,111.32,111.3,11.3,100.0,"Bet $39.06 Over @ bovada, $60.94 Under @ williamhill_us",Washington Wizards @ San Antonio Spurs,2025-12-19T01:12:00Z,2,2.9948526,0.3448526,2.9948526,True,bovada,2025-12-18 20:20:47 ET
Jalen Williams,player_points,16.5,-110,williamhill_us,0.5238095238095238,08:19:59 PM ET,165,bovada,0.37735849056603776,08:19:33 PM ET,0.9011680143755616,10.967098703888322,True,58.13,41.87,110.98,110.96,10.96,100.0,"Bet $58.13 Over @ williamhill_us, $41.87 Under @ bovada",Los Angeles Clippers @ Oklahoma City Thunder,2025-12-19T01:11:00Z,2,0.8115192666666666,1.2448526000000002,1.2448526000000002,False,,2025-12-18 20:20:47 ET
Norman Powell,player_rebounds,3.5,110,bovada,0.4761904761904762,08:16:22 PM ET,135,draftkings,0.425531914893617,08:20:19 PM ET,0.9017223910840932,10.898876404494384,True,52.81,47.19,110.9,110.9,10.9,100.0,"Bet $52.81 Over @ bovada, $47.19 Under @ draftkings",Miami Heat @ Brooklyn Nets,2025-12-19T00:41:00Z,3,4.428185933333333,0.4781859333333333,4.428185933333333,True,bovada,2025-12-18 20:20:47 ET
Egor Demin,player_points,11.5,200,bovada,0.33333333333333337,08:16:22 PM ET,-132,fanduel,0.5689655172413793,08:20:46 PM ET,0.9022988505747127,10.828025477707005,True,36.94,63.06,110.82,110.83,10.82,100.0,"Bet $36.94 Over @ bovada, $63.06 Under @ fanduel",Miami Heat @ Brooklyn Nets,2025-12-19T00:41:00Z,2,4.428185933333333,0.028185933333333336,4.428185933333333,True,bovada,2025-12-18 20:20:47 ET
Alex Sarr,player_assists,3.5,205,bovada,0.3278688524590163,08:17:48 PM ET,-135,draftkings,0.574468085106383,08:19:50 PM ET,0.9023369375653993,10.823347506764591,True,36.34,63.66,110.84,110.82,10.82,100.0,"Bet $36.34 Over @ bovada, $63.66 Under @ draftkings",Washington Wizards @ San Antonio Spurs,2025-12-19T01:12:00Z,3,2.9948526,0.9615192666666666,2.9948526,True,bovada,2025-12-18 20:20:47 ET
Carlton Carrington,player_rebounds,3.5,136,fanduel,0.42372881355932207,08:19:38 PM ET,108,betrivers,0.4807692307692308,08:11:23 PM ET,0.9044980443285529,10.558558558558563,True,46.85,53.15,110.57,110.55,10.55,100.0,"Bet $46.85 Over @ fanduel, $53.15 Under @ betrivers",Washington Wizards @ San Antonio Spurs,2025-12-19T01:12:00Z,6,1.1615192666666667,9.411519266666666,9.411519266666666,True,betrivers,2025-12-18 20:20:47 ET
Jalen Johnson,player_rebounds,8.5,-118,fanduel,0.5412844036697247,08:20:39 PM ET,175,bovada,0.36363636363636365,08:19:55 PM ET,0.9049207673060884,10.50691244239632,True,59.82,40.18,110.51,110.5,10.5,100.0,"Bet $59.82 Over @ fanduel, $40.18 Under @ bovada",Atlanta Hawks @ Charlotte Hornets,2025-12-19T00:12:00Z,4,0.1448526,0.8781859333333333,0.8781859333333333,False,,2025-12-18 20:20:47 ET
Bennedict Mathurin,player_points,16.5,-102,fanduel,0.504950495049505,08:19:45 PM ET,150,bovada,0.4,08:18:13 PM ET,0.904950495049505,10.503282275711157,True,55.8,44.2,110.51,110.5,10.5,100.0,"Bet $55.80 Over @ fanduel, $44.20 Under @ bovada",New York Knicks @ Indiana Pacers,2025-12-19T00:11:00Z,5,1.0448526,2.5781859333333332,2.5781859333333332,True,bovada,2025-12-18 20:20:47 ET
Kevin Durant,player_points,27.5,165,bovada,0.37735849056603776,08:20:27 PM ET,-112,fanduel,0.5283018867924528,08:19:55 PM ET,0.9056603773584906,10.416666666666675,True,41.67,58.33,110.43,110.41,10.41,100.0,"Bet $41.67 Over @ bovada, $58.33 Under @ fanduel",Houston Rockets @ New Orleans Pelicans,2025-12-19T01:10:00Z,2,0.3448526,0.8781859333333333,0.8781859333333333,False,,2025-12-18 20:20:47 ET
Kyshawn George,player_points,16.5,160,bovada,0.3846153846153846,08:17:48 PM ET,-109,williamhill_us,0.5215311004784688,08:20:27 PM ET,0.9061464850938534,10.357432981316016,True,42.45,57.55,110.37,110.35,10.35,100.0,"Bet $42.45 Over @ bovada, $57.55 Under @ williamhill_us",Washington Wizards @ San Antonio Spurs,2025-12-19T01:12:00Z,3,2.9948526,0.3448526,2.9948526,True,bovada,2025-12-18 20:20:47 ET
Andrew Nembhard,player_rebounds,3.5,240,williamhill_us,0.2941176470588236,08:20:22 PM ET,-160,bovada,0.6153846153846154,08:18:13 PM ET,0.909502262443439,9.950248756218883,True,32.34,67.66,109.96,109.95,9.95,100.0,"Bet $32.34 Over @ williamhill_us, $67.66 Under @ bovada",New York Knicks @ Indiana Pacers,2025-12-19T00:11:00Z,2,0.4281859333333333,2.5781859333333332,2.5781859333333332,True,bovada,2025-12-18 20:20:47 ET
Moussa Diabate,player_rebounds,7.5,190,bovada,0.3448275862068966,08:19:55 PM ET,-130,fanduel,0.5652173913043478,08:20:39 PM ET,0.9100449775112444,9.8846787479407,True,37.89,62.11,109.88,109.89,9.88,100.0,"Bet $37.89 Over @ bovada, $62.11 Under @ fanduel",Atlanta Hawks @ Charlotte Hornets,2025-12-19T00:12:00Z,3,0.8781859333333333,0.1448526,0.8781859333333333,False,,2025-12-18 20:20:47 ET
Jeremiah Fears,player_assists,3.5,150,bovada,0.4,08:20:27 PM ET,-105,draftkings,0.5121951219512195,08:20:00 PM ET,0.9121951219512195,9.625668449197855,True,43.85,56.15,109.62,109.63,9.62,100.0,"Bet $43.85 Over @ bovada, $56.15 Under @ draftkings",Houston Rockets @ New Orleans Pelicans,2025-12-19T01:10:00Z,4,0.3448526,0.7948526,0.7948526,False,,2025-12-18 20:20:47 ET
Mikal Bridges,player_rebounds,5.5,180,bovada,0.3571428571428572,08:18:13 PM ET,-125,williamhill_us,0.5555555555555556,08:20:22 PM ET,0.9126984126984128,9.565217391304337,True,39.13,60.87,109.56,109.57,9.56,100.0,"Bet $39.13 Over @ bovada, $60.87 Under @ williamhill_us",New York Knicks @ Indiana Pacers,2025-12-19T00:11:00Z,2,2.5781859333333332,0.4281859333333333,2.5781859333333332,True,bovada,2025-12-18 20:20:47 ET
Kawhi Leonard,player_assists,3.5,118,betonlineag,0.4587155963302752,08:11:05 PM ET,120,williamhill_us,0.45454545454545453,08:19:59 PM ET,0.9132610508757297,9.49771689497718,True,50.23,49.77,109.5,109.49,9.49,100.0,"Bet $50.23 Over @ betonlineag, $49.77 Under @ williamhill_us",Los Angeles Clippers @ Oklahoma City Thunder,2025-12-19T01:11:00Z,7,9.711519266666667,0.8115192666666666,9.711519266666667,True,betonlineag,2025-12-18 20:20:47 ET
Jay Huff,player_rebounds,6.5,205,bovada,0.3278688524590164,08:18:13 PM ET,-143,williamhill_us,0.588477366255144,08:20:22 PM ET,0.9163462187141604,9.129058381800782,True,35.78,64.22,109.13,109.13,9.13,100.0,"Bet $35.78 Over @ bovada, $64.22 Under @ williamhill_us",New York Knicks @ Indiana Pacers,2025-12-19T00:11:00Z,4,2.5781859333333332,0.4281859333333333,2.5781859333333332,True,bovada,2025-12-18 20:20:47 ET
Alperen Sengun,player_assists,7.5,125,bovada,0.4444444444444444,08:20:27 PM ET,110,draftkings,0.47619047619047616,08:20:00 PM ET,0.9206349206349206,8.62068965517242,True,48.28,51.72,108.63,108.61,8.61,100.0,"Bet $48.28 Over @ bovada, $51.72 Under @ draftkings",Houston Rockets @ New Orleans Pelicans,2025-12-19T01:10:00Z,4,0.3448526,0.7948526,0.7948526,False,,2025-12-18 20:20:47 ET
Herb Jones,player_rebounds,1.5,-135,draftkings,0.574468085106383,08:20:00 PM ET,185,bovada,0.3508771929824561,08:20:27 PM ET,0.9253452780888392,8.067769261799107,True,62.08,37.92,108.07,108.07,8.07,100.0,"Bet $62.08 Over @ draftkings, $37.92 Under @ bovada",Houston Rockets @ New Orleans Pelicans,2025-12-19T01:10:00Z,3,0.7948526,0.3448526,0.7948526,False,,2025-12-18 20:20:47 ET
Alperen Sengun,player_points,24.5,150,bovada,0.4,08:20:27 PM ET,-112,fanduel,0.5283018867924528,08:19:55 PM ET,0.9283018867924528,7.72357723577235,True,43.09,56.91,107.72,107.72,7.72,100.0,"Bet $43.09 Over @ bovada, $56.91 Under @ fanduel",Houston Rockets @ New Orleans Pelicans,2025-12-19T01:10:00Z,3,0.3448526,0.8781859333333333,0.8781859333333333,False,,2025-12-18 20:20:47 ET
Egor Demin,player_points,10.5,150,bovada,0.4,08:16:22 PM ET,-112,williamhill_us,0.5283018867924528,08:19:52 PM ET,0.9283018867924528,7.72357723577235,True,43.09,56.91,107.72,107.72,7.72,100.0,"Bet $43.09 Over @ bovada, $56.91 Under @ williamhill_us",Miami Heat @ Brooklyn Nets,2025-12-19T00:41:00Z,3,4.428185933333333,0.9281859333333333,4.428185933333333,True,bovada,2025-12-18 20:20:47 ET
Cason Wallace,player_rebounds,3.5,124,betonlineag,0.4464285714285714,08:11:05 PM ET,105,draftkings,0.4878048780487805,08:20:41 PM ET,0.9342334494773519,7.039627039627039,True,47.79,52.21,107.05,107.03,7.03,100.0,"Bet $47.79 Over @ betonlineag, $52.21 Under @ draftkings",Los Angeles Clippers @ Oklahoma City Thunder,2025-12-19T01:11:00Z,5,9.711519266666667,0.11151926666666667,9.711519266666667,True,betonlineag,2025-12-18 20:20:47 ET
Michael Porter Jr,player_points,28.5,155,bovada,0.392156862745098,08:16:22 PM ET,-120,draftkings,0.5454545454545454,08:20:19 PM ET,0.9376114081996434,6.653992395437269,True,41.83,58.17,106.67,106.65,6.65,100.0,"Bet $41.83 Over @ bovada, $58.17 Under @ draftkings",Miami Heat @ Brooklyn Nets,2025-12-19T00:41:00Z,3,4.428185933333333,0.4781859333333333,4.428185933333333,True,bovada,2025-12-18 20:20:47 ET
Chet Holmgren,player_assists,1.5,135,draftkings,0.42553191489361697,08:20:41 PM ET,-105,betmgm,0.5121951219512195,08:10:38 PM ET,0.9377270368448365,6.640841173215284,True,45.38,54.62,106.64,106.64,6.64,100.0,"Bet $45.38 Over @ draftkings, $54.62 Under @ betmgm",Los Angeles Clippers @ Oklahoma City Thunder,2025-12-19T01:11:00Z,3,0.11151926666666667,10.161519266666666,10.161519266666666,True,betmgm,2025-12-18 20:20:47 ET
Noah Clowney,player_points_rebounds_assists,19.5,-105,draftkings,0.5121951219512195,08:20:19 PM ET,135,bovada,0.425531914893617,08:16:22 PM ET,0.9377270368448365,6.640841173215284,True,54.62,45.38,106.64,106.64,6.64,100.0,"Bet $54.62 Over @ draftkings, $45.38 Under @ bovada",Miami Heat @ Brooklyn Nets,2025-12-19T00:41:00Z,2,0.4781859333333333,4.428185933333333,4.428185933333333,True,bovada,2025-12-18 20:20:47 ET
Jalen Johnson,player_points,25.5,165,bovada,0.37735849056603776,08:19:55 PM ET,-128,fanduel,0.5614035087719298,08:20:39 PM ET,0.9387619993379676,6.523272214386466,True,40.2,59.8,106.53,106.52,6.52,100.0,"Bet $40.20 Over @ bovada, $59.80 Under @ fanduel",Atlanta Hawks @ Charlotte Hornets,2025-12-19T00:12:00Z,2,0.8781859333333333,0.1448526,0.8781859333333333,False,,2025-12-18 20:20:47 ET
Jeremiah Fears,player_points,10.5,-132,fanduel,0.5689655172413793,08:19:55 PM ET,170,bovada,0.37037037037037035,08:20:27 PM ET,0.9393358876117497,6.458191706322225,True,60.57,39.43,106.46,106.46,6.46,100.0,"Bet $60.57 Over @ fanduel, $39.43 Under @ bovada",Houston Rockets @ New Orleans Pelicans,2025-12-19T01:10:00Z,2,0.8781859333333333,0.3448526,0.8781859333333333,False,,2025-12-18 20:20:47 ET
Royce O'Neale,player_points,10.5,170,bovada,0.37037037037037035,08:19:56 PM ET,-132,betrivers,0.5689655172413793,08:19:51 PM ET,0.9393358876117497,6.458191706322225,True,39.43,60.57,106.46,106.46,6.46,100.0,"Bet $39.43 Over @ bovada, $60.57 Under @ betrivers",Golden State Warriors @ Phoenix Suns,2025-12-19T02:10:00Z,2,0.8615192666666667,0.9448526,0.9448526,False,,2025-12-18 20:20:47 ET
Harrison Barnes,player_rebounds,2.5,-154,draftkings,0.6062992125984252,08:19:50 PM ET,200,bovada,0.3333333333333333,08:17:48 PM ET,0.9396325459317585,6.424581005586605,True,64.53,35.47,106.43,106.41,6.41,100.0,"Bet $64.53 Over @ draftkings, $35.47 Under @ bovada",Washington Wizards @ San Antonio Spurs,2025-12-19T01:12:00Z,3,0.9615192666666666,2.9948526,2.9948526,True,bovada,2025-12-18 20:20:47 ET
Royce O'Neale,player_assists,2.5,130,bovada,0.4347826086956521,08:19:56 PM ET,-102,fanduel,0.504950495049505,08:19:02 PM ET,0.9397331037451571,6.4131928538708305,True,46.27,53.73,106.42,106.41,6.41,100.0,"Bet $46.27 Over @ bovada, $53.73 Under @ fanduel",Golden State Warriors @ Phoenix Suns,2025-12-19T02:10:00Z,6,0.8615192666666667,1.7615192666666668,1.7615192666666668,False,,2025-12-18 20:20:47 ET
De'Aaron Fox,player_rebounds,3.5,115,betrivers,0.4651162790697675,08:11:23 PM ET,110,betmgm,0.47619047619047616,08:09:48 PM ET,0.9413067552602437,6.23529411764705,True,49.41,50.59,106.23,106.24,6.23,100.0,"Bet $49.41 Over @ betrivers, $50.59 Under @ betmgm",Washington Wizards @ San Antonio Spurs,2025-12-19T01:12:00Z,4,9.411519266666666,10.9948526,10.9948526,True,"betrivers, betmgm",2025-12-18 20:20:47 ET
Jeremiah Fears,player_rebounds,2.5,110,fanduel,0.4761904761904762,08:19:55 PM ET,115,bovada,0.46511627906976744,08:20:27 PM ET,0.9413067552602437,6.23529411764705,True,50.59,49.41,106.24,106.23,6.23,100.0,"Bet $50.59 Over @ fanduel, $49.41 Under @ bovada",Houston Rockets @ New Orleans Pelicans,2025-12-19T01:10:00Z,6,0.8781859333333333,0.3448526,0.8781859333333333,False,,2025-12-18 20:20:47 ET
Jalen Johnson,player_points,24.5,135,bovada,0.4255319148936171,08:19:55 PM ET,-107,williamhill_us,0.5169082125603864,08:19:53 PM ET,0.9424401274540035,6.10753626349656,True,45.15,54.85,106.1,106.11,6.1,100.0,"Bet $45.15 Over @ bovada, $54.85 Under @ williamhill_us",Atlanta Hawks @ Charlotte Hornets,2025-12-19T00:12:00Z,3,0.8781859333333333,0.9115192666666666,0.9115192666666666,False,,2025-12-18 20:20:47 ET
De'Aaron Fox,player_rebounds,4.5,165,bovada,0.37735849056603776,08:17:48 PM ET,-130,draftkings,0.5652173913043478,08:19:50 PM ET,0.9425758818703855,6.092254134029584,True,40.03,59.97,106.08,106.1,6.08,100.0,"Bet $40.03 Over @ bovada, $59.97 Under @ draftkings",Washington Wizards @ San Antonio Spurs,2025-12-19T01:12:00Z,4,2.9948526,0.9615192666666666,2.9948526,True,bovada,2025-12-18 20:20:47 ET
Devin Vassell,player_points,12.5,-115,draftkings,0.5348837209302325,08:19:50 PM ET,145,bovada,0.40816326530612246,08:17:48 PM ET,0.943046986236355,6.039255158530454,True,56.72,43.28,106.04,106.04,6.04,100.0,"Bet $56.72 Over @ draftkings, $43.28 Under @ bovada",Washington Wizards @ San Antonio Spurs,2025-12-19T01:12:00Z,4,0.9615192666666666,2.9948526,2.9948526,True,bovada,2025-12-18 20:20:47 ET
Jordan Poole,player_points_rebounds_assists,18.5,-115,draftkings,0.5348837209302325,08:20:00 PM ET,145,bovada,0.40816326530612246,08:20:27 PM ET,0.943046986236355,6.039255158530454,True,56.72,43.28,106.04,106.04,6.04,100.0,"Bet $56.72 Over @ draftkings, $43.28 Under @ bovada",Houston Rockets @ New Orleans Pelicans,2025-12-19T01:10:00Z,3,0.7948526,0.3448526,0.7948526,False,,2025-12-18 20:20:47 ET
Derik Queen,player_assists,4.5,125,betonlineag,0.4444444444444444,08:09:46 PM ET,100,bovada,0.5,08:20:27 PM ET,0.9444444444444444,5.882352941176472,True,47.06,52.94,105.88,105.88,5.88,100.0,"Bet $47.06 Over @ betonlineag, $52.94 Under @ bovada",Houston Rockets @ New Orleans Pelicans,2025-12-19T01:10:00Z,4,11.028185933333333,0.3448526,11.028185933333333,True,betonlineag,2025-12-18 20:20:47 ET
Jabari Smith Jr,player_points,13.5,-112,fanduel,0.5283018867924527,08:19:55 PM ET,140,bovada,0.4166666666666667,08:20:27 PM ET,0.9449685534591195,5.823627287853572,True,55.91,44.09,105.83,105.82,5.82,100.0,"Bet $55.91 Over @ fanduel, $44.09 Under @ bovada",Houston Rockets @ New Orleans Pelicans,2025-12-19T01:10:00Z,2,0.8781859333333333,0.3448526,0.8781859333333333,False,,2025-12-18 20:20:47 ET
Jordan Poole,player_points,13.5,-120,draftkings,0.5454545454545454,08:20:00 PM ET,150,bovada,0.4,08:20:27 PM ET,0.9454545454545454,5.769230769230771,True,57.69,42.31,105.76,105.78,5.76,100.0,"Bet $57.69 Over @ draftkings, $42.31 Under @ bovada",Houston Rockets @ New Orleans Pelicans,2025-12-19T01:10:00Z,5,0.7948526,0.3448526,0.7948526,False,,2025-12-18 20:20:47 ET
LeBron James,player_points,23.5,140,bovada,0.41666666666666663,08:20:14 PM ET,-113,fanduel,0.5305164319248826,08:20:37 PM ET,0.9471830985915493,5.576208178438669,True,43.99,56.01,105.58,105.58,5.58,100.0,"Bet $43.99 Over @ bovada, $56.01 Under @ fanduel",Los Angeles Lakers @ Utah Jazz,2025-12-19T02:10:00Z,5,0.5615192666666666,0.17818593333333332,0.5615192666666666,False,,2025-12-18 20:20:47 ET
Bilal Coulibaly,player_points,10.5,135,bovada,0.4255319148936171,08:17:48 PM ET,-110,draftkings,0.5238095238095238,08:19:50 PM ET,0.9493414387031409,5.336179295624333,True,44.82,55.18,105.33,105.34,5.33,100.0,"Bet $44.82 Over @ bovada, $55.18 Under @ draftkings",Washington Wizards @ San Antonio Spurs,2025-12-19T01:12:00Z,4,2.9948526,0.9615192666666666,2.9948526,True,bovada,2025-12-18 20:20:47 ET
Luke Kornet,player_points,7.5,135,bovada,0.4255319148936171,08:17:48 PM ET,-110,betmgm,0.5238095238095238,08:09:48 PM ET,0.9493414387031409,5.336179295624333,True,44.82,55.18,105.33,105.34,5.33,100.0,"Bet $44.82 Over @ bovada, $55.18 Under @ betmgm",Washington Wizards @ San Antonio Spurs,2025-12-19T01:12:00Z,2,2.9948526,10.9948526,10.9948526,True,"bovada, betmgm",2025-12-18 20:20:47 ET
Dylan Harper,player_points_rebounds_assists,21.5,-110,draftkings,0.523809523809524,08:19:50 PM ET,135,bovada,0.425531914893617,08:17:48 PM ET,0.9493414387031409,5.336179295624333,True,55.18,44.82,105.34,105.33,5.33,100.0,"Bet $55.18 Over @ draftkings, $44.82 Under @ bovada",Washington Wizards @ San Antonio Spurs,2025-12-19T01:12:00Z,4,0.9615192666666666,2.9948526,2.9948526,True,bovada,2025-12-18 20:20:47 ET
Brandon Ingram,player_assists,4.5,125,bovada,0.4444444444444444,08:18:49 PM ET,-102,williamhill_us,0.504950495049505,08:20:26 PM ET,0.9493949394939494,5.330243337195828,True,46.81,53.19,105.32,105.34,5.32,100.0,"Bet $46.81 Over @ bovada, $53.19 Under @ williamhill_us",Toronto Raptors @ Milwaukee Bucks,2025-12-19T01:11:00Z,6,1.9781859333333334,0.36151926666666667,1.9781859333333334,False,,2025-12-18 20:20:47 ET
Royce O'Neale,player_points,9.5,125,bovada,0.4444444444444444,08:19:56 PM ET,-102,fanduel,0.504950495049505,08:19:02 PM ET,0.9493949394939494,5.330243337195828,True,46.81,53.19,105.32,105.34,5.32,100.0,"Bet $46.81 Over @ bovada, $53.19 Under @ fanduel",Golden State Warriors @ Phoenix Suns,2025-12-19T02:10:00Z,6,0.8615192666666667,1.7615192666666668,1.7615192666666668,False,,2025-12-18 20:20:47 ET
Carlton Carrington,player_points,8.5,-122,fanduel,0.5495495495495496,08:19:38 PM ET,150,bovada,0.4,08:17:48 PM ET,0.9495495495495496,5.313092979127121,True,57.87,42.13,105.3,105.32,5.3,100.0,"Bet $57.87 Over @ fanduel, $42.13 Under @ bovada",Washington Wizards @ San Antonio Spurs,2025-12-19T01:12:00Z,3,1.1615192666666667,2.9948526,2.9948526,True,bovada,2025-12-18 20:20:47 ET
Trey Murphy III,player_rebounds,5.5,150,bovada,0.4,08:20:27 PM ET,-122,fanduel,0.5495495495495496,08:19:55 PM ET,0.9495495495495496,5.313092979127121,True,42.13,57.87,105.32,105.3,5.3,100.0,"Bet $42.13 Over @ bovada, $57.87 Under @ fanduel",Houston Rockets @ New Orleans Pelicans,2025-12-19T01:10:00Z,4,0.3448526,0.8781859333333333,0.8781859333333333,False,,2025-12-18 20:20:47 ET
Ochai Agbaji,player_rebounds,3.5,-105,betmgm,0.5121951219512195,08:11:26 PM ET,128,fanduel,0.43859649122807015,08:19:58 PM ET,0.9507916131792897,5.17551755175516,True,53.87,46.13,105.17,105.18,5.17,100.0,"Bet $53.87 Over @ betmgm, $46.13 Under @ fanduel",Toronto Raptors @ Milwaukee Bucks,2025-12-19T01:11:00Z,5,9.361519266666667,0.8281859333333333,9.361519266666667,True,betmgm,2025-12-18 20:20:47 ET
Cason Wallace,player_steals,1.5,124,draftkings,0.4464285714285714,08:20:41 PM ET,-102,fanduel,0.504950495049505,08:08:19 PM ET,0.9513790664780764,5.110574242705823,True,46.92,53.08,105.1,105.12,5.1,100.0,"Bet $46.92 Over @ draftkings, $53.08 Under @ fanduel",Los Angeles Clippers @ Oklahoma City Thunder,2025-12-19T01:11:00Z,2,0.11151926666666667,12.478185933333332,12.478185933333332,True,fanduel,2025-12-18 20:20:47 ET
Immanuel Quickley,player_rebounds,4.5,140,bovada,0.41666666666666663,08:18:49 PM ET,-115,draftkings,0.5348837209302325,08:20:20 PM ET,0.9515503875968991,5.0916496945010215,True,43.79,56.21,105.1,105.09,5.09,100.0,"Bet $43.79 Over @ bovada, $56.21 Under @ draftkings",Toronto Raptors @ Milwaukee Bucks,2025-12-19T01:11:00Z,5,1.9781859333333334,0.46151926666666665,1.9781859333333334,False,,2025-12-18 20:20:47 ET
Victor Wembanyama,player_rebounds,9.5,-115,draftkings,0.5348837209302324,08:19:50 PM ET,140,bovada,0.4166666666666667,08:17:48 PM ET,0.9515503875968991,5.0916496945010215,True,56.21,43.79,105.09,105.1,5.09,100.0,"Bet $56.21 Over @ draftkings, $43.79 Under @ bovada",Washington Wizards @ San Antonio Spurs,2025-12-19T01:12:00Z,5,0.9615192666666666,2.9948526,2.9948526,True,bovada,2025-12-18 20:20:47 ET
LeBron James,player_points,22.5,115,bovada,0.4651162790697674,08:20:14 PM ET,105,betrivers,0.4878048780487805,08:20:36 PM ET,0.9529211571185479,4.940476190476195,True,48.81,51.19,104.94,104.94,4.94,100.0,"Bet $48.81 Over @ bovada, $51.19 Under @ betrivers",Los Angeles Lakers @ Utah Jazz,2025-12-19T02:10:00Z,4,0.5615192666666666,0.1948526,0.5615192666666666,False,,2025-12-18 20:20:47 ET
Jeremiah Fears,player_threes,0.5,-125,fanatics,0.5555555555555556,08:20:16 PM ET,151,betonlineag,0.398406374501992,08:09:46 PM ET,0.9539619300575476,4.825986078886313,True,58.24,41.76,104.83,104.82,4.82,100.0,"Bet $58.24 Over @ fanatics, $41.76 Under @ betonlineag",Houston Rockets @ New Orleans Pelicans,2025-12-19T01:10:00Z,4,0.5281859333333333,11.028185933333333,11.028185933333333,True,betonlineag,2025-12-18 20:20:47 ET
Bilal Coulibaly,player_assists,2.5,125,williamhill_us,0.4444444444444444,08:20:27 PM ET,-104,betonlineag,0.5098039215686274,08:12:26 PM ET,0.9542483660130718,4.794520547945202,True,46.58,53.42,104.8,104.79,4.79,100.0,"Bet $46.58 Over @ williamhill_us, $53.42 Under @ betonlineag",Washington Wizards @ San Antonio Spurs,2025-12-19T01:12:00Z,6,0.3448526,8.361519266666667,8.361519266666667,True,betonlineag,2025-12-18 20:20:47 ET
Kyshawn George,player_rebounds,6.5,175,bovada,0.36363636363636365,08:17:48 PM ET,-145,draftkings,0.5918367346938775,08:19:50 PM ET,0.9554730983302412,4.660194174757271,True,38.06,61.94,104.66,104.66,4.66,100.0,"Bet $38.06 Over @ bovada, $61.94 Under @ draftkings",Washington Wizards @ San Antonio Spurs,2025-12-19T01:12:00Z,2,2.9948526,0.9615192666666666,2.9948526,True,bovada,2025-12-18 20:20:47 ET
Devin Vassell,player_threes,2.5,150,draftkings,0.4,08:19:50 PM ET,-125,betmgm,0.5555555555555556,08:09:48 PM ET,0.9555555555555556,4.6511627906976605,True,41.86,58.14,104.65,104.65,4.65,100.0,"Bet $41.86 Over @ draftkings, $58.14 Under @ betmgm",Washington Wizards @ San Antonio Spurs,2025-12-19T01:12:00Z,7,0.9615192666666666,10.9948526,10.9948526,True,betmgm,2025-12-18 20:20:47 ET
Bam Adebayo,player_rebounds,15.5,108,fanduel,0.4807692307692307,08:20:46 PM ET,110,draftkings,0.47619047619047616,08:20:19 PM ET,0.9569597069597069,4.4976076555024,True,50.24,49.76,104.5,104.5,4.5,100.0,"Bet $50.24 Over @ fanduel, $49.76 Under @ draftkings",Miami Heat @ Brooklyn Nets,2025-12-19T00:41:00Z,3,0.028185933333333336,0.4781859333333333,0.4781859333333333,False,,2025-12-18 20:20:47 ET
Norman Powell,player_points,26.5,140,bovada,0.41666666666666663,08:16:22 PM ET,-118,fanduel,0.5412844036697247,08:20:46 PM ET,0.9579510703363914,4.389465283320049,True,43.5,56.5,104.4,104.38,4.38,100.0,"Bet $43.50 Over @ bovada, $56.50 Under @ fanduel",Miami Heat @ Brooklyn Nets,2025-12-19T00:41:00Z,2,4.428185933333333,0.028185933333333336,4.428185933333333,True,bovada,2025-12-18 20:20:47 ET
Kyshawn George,player_assists,5.5,130,bovada,0.4347826086956522,08:17:48 PM ET,-110,draftkings,0.5238095238095238,08:19:50 PM ET,0.958592132505176,4.3196544276457916,True,45.36,54.64,104.33,104.31,4.31,100.0,"Bet $45.36 Over @ bovada, $54.64 Under @ draftkings",Washington Wizards @ San Antonio Spurs,2025-12-19T01:12:00Z,4,2.9948526,0.9615192666666666,2.9948526,True,bovada,2025-12-18 20:20:47 ET
Nikola Jokic,player_points_rebounds_assists,53.5,112,betrivers,0.4716981132075472,08:20:37 PM ET,105,bovada,0.4878048780487805,08:20:21 PM ET,0.9595029912563277,4.22062350119905,True,49.16,50.84,104.22,104.22,4.22,100.0,"Bet $49.16 Over @ betrivers, $50.84 Under @ bovada",Orlando Magic @ Denver Nuggets,2025-12-19T02:10:00Z,4,0.17818593333333332,0.4448526,0.4448526,False,,2025-12-18 20:20:47 ET
Devin Vassell,player_rebounds,3.5,102,fanduel,0.495049504950495,08:19:38 PM ET,115,bovada,0.46511627906976744,08:17:48 PM ET,0.9601657840202624,4.1486810551558895,True,51.56,48.44,104.15,104.15,4.15,100.0,"Bet $51.56 Over @ fanduel, $48.44 Under @ bovada",Washington Wizards @ San Antonio Spurs,2025-12-19T01:12:00Z,5,1.1615192666666667,2.9948526,2.9948526,True,bovada,2025-12-18 20:20:47 ET
De'Aaron Fox,player_points,18.5,-115,draftkings,0.5348837209302326,08:19:50 PM ET,135,bovada,0.425531914893617,08:17:48 PM ET,0.9604156358238496,4.1215868109222065,True,55.69,44.31,104.12,104.13,4.12,100.0,"Bet $55.69 Over @ draftkings, $44.31 Under @ bovada",Washington Wizards @ San Antonio Spurs,2025-12-19T01:12:00Z,2,0.9615192666666666,2.9948526,2.9948526,True,bovada,2025-12-18 20:20:47 ET
Keldon Johnson,player_points_rebounds_assists,13.5,-115,draftkings,0.5348837209302326,08:19:50 PM ET,135,bovada,0.425531914893617,08:17:48 PM ET,0.9604156358238496,4.1215868109222065,True,55.69,44.31,104.12,104.13,4.12,100.0,"Bet $55.69 Over @ draftkings, $44.31 Under @ bovada",Washington Wizards @ San Antonio Spurs,2025-12-19T01:12:00Z,2,0.9615192666666666,2.9948526,2.9948526,True,bovada,2025-12-18 20:20:47 ET
Derik Queen,player_points,10.5,-128,fanduel,0.5614035087719298,08:19:55 PM ET,150,bovada,0.4,08:20:27 PM ET,0.9614035087719298,4.014598540145986,True,58.39,41.61,104.01,104.02,4.01,100.0,"Bet $58.39 Over @ fanduel, $41.61 Under @ bovada",Houston Rockets @ New Orleans Pelicans,2025-12-19T01:10:00Z,2,0.8781859333333333,0.3448526,0.8781859333333333,False,,2025-12-18 20:20:47 ET
Dillon Brooks,player_assists,1.5,105,bovada,0.4878048780487805,08:19:56 PM ET,111,williamhill_us,0.47393364928909953,08:19:50 PM ET,0.96173852733788,3.978365384615379,True,50.72,49.28,103.98,103.98,3.98,100.0,"Bet $50.72 Over @ bovada, $49.28 Under @ williamhill_us",Golden State Warriors @ Phoenix Suns,2025-12-19T02:10:00Z,5,0.8615192666666667,0.9615192666666666,0.9615192666666666,False,,2025-12-18 20:20:47 ET
Noah Clowney,player_assists,2.5,185,bovada,0.3508771929824561,08:16:22 PM ET,-157,williamhill_us,0.6108949416342413,08:19:52 PM ET,0.9617721346166974,3.9747320604726966,True,36.48,63.52,103.97,103.98,3.97,100.0,"Bet $36.48 Over @ bovada, $63.52 Under @ williamhill_us",Miami Heat @ Brooklyn Nets,2025-12-19T00:41:00Z,3,4.428185933333333,0.9281859333333333,4.428185933333333,True,bovada,2025-12-18 20:20:47 ET
Harrison Barnes,player_threes,1.5,-125,draftkings,0.5555555555555556,08:19:50 PM ET,146,betonlineag,0.4065040650406504,08:12:26 PM ET,0.962059620596206,3.9436619718309807,True,57.75,42.25,103.95,103.94,3.94,100.0,"Bet $57.75 Over @ draftkings, $42.25 Under @ betonlineag",Washington Wizards @ San Antonio Spurs,2025-12-19T01:12:00Z,6,0.9615192666666666,8.361519266666667,8.361519266666667,True,betonlineag,2025-12-18 20:20:47 ET
T.J. McConnell,player_assists,4.5,115,bovada,0.46511627906976744,08:18:13 PM ET,101,williamhill_us,0.4975124378109453,08:20:22 PM ET,0.9626287168807127,3.882211538461533,True,48.32,51.68,103.89,103.88,3.88,100.0,"Bet $48.32 Over @ bovada, $51.68 Under @ williamhill_us",New York Knicks @ Indiana Pacers,2025-12-19T00:11:00Z,2,2.5781859333333332,0.4281859333333333,2.5781859333333332,True,bovada,2025-12-18 20:20:47 ET
Trae Young,player_points_rebounds_assists,25.5,-125,draftkings,0.5555555555555556,08:19:00 PM ET,145,bovada,0.40816326530612246,08:19:55 PM ET,0.963718820861678,3.7647058823529367,True,57.65,42.35,103.77,103.76,3.76,100.0,"Bet $57.65 Over @ draftkings, $42.35 Under @ bovada",Atlanta Hawks @ Charlotte Hornets,2025-12-19T00:12:00Z,2,1.7948526,0.8781859333333333,1.7948526,False,,2025-12-18 20:20:47 ET
Jalen Williams,player_rebounds,4.5,-125,fanduel,0.5555555555555556,08:20:26 PM ET,145,bovada,0.40816326530612246,08:19:33 PM ET,0.963718820861678,3.7647058823529367,True,57.65,42.35,103.77,103.76,3.76,100.0,"Bet $57.65 Over @ fanduel, $42.35 Under @ bovada",Los Angeles Clippers @ Oklahoma City Thunder,2025-12-19T01:11:00Z,4,0.36151926666666667,1.2448526000000002,1.2448526000000002,False,,2025-12-18 20:20:47 ET
Herb Jones,player_points,7.5,105,bovada,0.4878048780487805,08:20:27 PM ET,110,betmgm,0.47619047619047616,08:09:43 PM ET,0.9639953542392566,3.7349397590361377,True,50.6,49.4,103.73,103.74,3.73,100.0,"Bet $50.60 Over @ bovada, $49.40 Under @ betmgm",Houston Rockets @ New Orleans Pelicans,2025-12-19T01:10:00Z,3,0.3448526,11.078185933333334,11.078185933333334,True,betmgm,2025-12-18 20:20:47 ET
Ajay Mitchell,player_points,9.5,-104,fanduel,0.5098039215686274,08:20:26 PM ET,120,bovada,0.45454545454545453,08:19:33 PM ET,0.964349376114082,3.6968576709796697,True,52.87,47.13,103.71,103.69,3.69,100.0,"Bet $52.87 Over @ fanduel, $47.13 Under @ bovada",Los Angeles Clippers @ Oklahoma City Thunder,2025-12-19T01:11:00Z,3,0.36151926666666667,1.2448526000000002,1.2448526000000002,False,,2025-12-18 20:20:47 ET
Jabari Smith Jr,player_rebounds,6.5,100,bovada,0.49999999999999994,08:20:27 PM ET,115,williamhill_us,0.46511627906976744,08:19:45 PM ET,0.9651162790697674,3.6144578313253017,True,51.81,48.19,103.62,103.61,3.61,100.0,"Bet $51.81 Over @ bovada, $48.19 Under @ williamhill_us",Houston Rockets @ New Orleans Pelicans,2025-12-19T01:10:00Z,7,0.3448526,1.0448526,1.0448526,False,,2025-12-18 20:20:47 ET
Gary Trent Jr,player_assists,1.5,150,draftkings,0.4,08:20:20 PM ET,-130,betmgm,0.5652173913043478,08:11:26 PM ET,0.9652173913043478,3.603603603603611,True,41.44,58.56,103.6,103.61,3.6,100.0,"Bet $41.44 Over @ draftkings, $58.56 Under @ betmgm",Toronto Raptors @ Milwaukee Bucks,2025-12-19T01:11:00Z,2,0.46151926666666665,9.361519266666667,9.361519266666667,True,betmgm,2025-12-18 20:20:47 ET
Jamal Murray,player_rebounds,3.5,-130,betmgm,0.5652173913043478,08:19:51 PM ET,150,bovada,0.4,08:20:21 PM ET,0.9652173913043478,3.603603603603611,True,58.56,41.44,103.61,103.6,3.6,100.0,"Bet $58.56 Over @ betmgm, $41.44 Under @ bovada",Orlando Magic @ Denver Nuggets,2025-12-19T02:10:00Z,8,0.9448526,0.4448526,0.9448526,False,,2025-12-18 20:20:47 ET
Royce O'Neale,player_threes,2.5,130,bovada,0.4347826086956522,08:19:56 PM ET,-113,fanduel,0.5305164319248826,08:19:02 PM ET,0.9652990406205348,3.5948403467963574,True,45.04,54.96,103.59,103.6,3.59,100.0,"Bet $45.04 Over @ bovada, $54.96 Under @ fanduel",Golden State Warriors @ Phoenix Suns,2025-12-19T02:10:00Z,7,0.8615192666666667,1.7615192666666668,1.7615192666666668,False,,2025-12-18 20:20:47 ET
Luguentz Dort,player_threes,1.5,104,fanduel,0.4901960784313725,08:20:26 PM ET,110,bovada,0.47619047619047616,08:19:33 PM ET,0.9663865546218486,3.4782608695652195,True,50.72,49.28,103.47,103.49,3.47,100.0,"Bet $50.72 Over @ fanduel, $49.28 Under @ bovada",Los Angeles Clippers @ Oklahoma City Thunder,2025-12-19T01:11:00Z,7,0.36151926666666667,1.2448526000000002,1.2448526000000002,False,,2025-12-18 20:20:47 ET
Nikola Jokic,player_points_rebounds_assists,52.5,-105,betrivers,0.5121951219512195,08:20:37 PM ET,120,bovada,0.45454545454545453,08:20:21 PM ET,0.9667405764966741,3.440366972477049,True,52.98,47.02,103.44,103.44,3.44,100.0,"Bet $52.98 Over @ betrivers, $47.02 Under @ bovada",Orlando Magic @ Denver Nuggets,2025-12-19T02:10:00Z,3,0.17818593333333332,0.4448526,0.4448526,False,,2025-12-18 20:20:47 ET
Shai Gilgeous-Alexander,player_points_rebounds_assists,42.5,120,betrivers,0.4545454545454546,08:10:41 PM ET,-105,draftkings,0.5121951219512195,08:20:41 PM ET,0.9667405764966741,3.440366972477049,True,47.02,52.98,103.44,103.44,3.44,100.0,"Bet $47.02 Over @ betrivers, $52.98 Under @ draftkings",Los Angeles Clippers @ Oklahoma City Thunder,2025-12-19T01:11:00Z,4,10.111519266666667,0.11151926666666667,10.111519266666667,True,betrivers,2025-12-18 20:20:47 ET
Ochai Agbaji,player_points,6.5,135,bovada,0.4255319148936171,08:18:49 PM ET,-118,betmgm,0.5412844036697247,08:11:26 PM ET,0.9668163185633418,3.432263274782965,True,44.01,55.99,103.42,103.44,3.42,100.0,"Bet $44.01 Over @ bovada, $55.99 Under @ betmgm",Toronto Raptors @ Milwaukee Bucks,2025-12-19T01:11:00Z,4,1.9781859333333334,9.361519266666667,9.361519266666667,True,betmgm,2025-12-18 20:20:47 ET
Victor Wembanyama,player_points,19.5,-114,fanduel,0.5327102803738317,08:19:38 PM ET,130,bovada,0.43478260869565216,08:17:48 PM ET,0.9674928890694838,3.35993280134399,True,55.06,44.94,103.36,103.36,3.36,100.0,"Bet $55.06 Over @ fanduel, $44.94 Under @ bovada",Washington Wizards @ San Antonio Spurs,2025-12-19T01:12:00Z,3,1.1615192666666667,2.9948526,2.9948526,True,bovada,2025-12-18 20:20:47 ET
Jeremiah Fears,player_points,11.5,-110,draftkings,0.5238095238095238,08:20:00 PM ET,125,bovada,0.4444444444444444,08:20:27 PM ET,0.9682539682539683,3.2786885245901676,True,54.1,45.9,103.28,103.28,3.27,100.0,"Bet $54.10 Over @ draftkings, $45.90 Under @ bovada",Houston Rockets @ New Orleans Pelicans,2025-12-19T01:10:00Z,3,0.7948526,0.3448526,0.7948526,False,,2025-12-18 20:20:47 ET
C.J. McCollum,player_assists,3.5,108,fanduel,0.48076923076923084,08:19:38 PM ET,105,bovada,0.4878048780487805,08:17:48 PM ET,0.9685741088180113,3.244552058111383,True,49.64,50.36,103.25,103.24,3.24,100.0,"Bet $49.64 Over @ fanduel, $50.36 Under @ bovada",Washington Wizards @ San Antonio Spurs,2025-12-19T01:12:00Z,7,1.1615192666666667,2.9948526,2.9948526,True,bovada,2025-12-18 20:20:47 ET
Ryan Kalkbrenner,player_points,8.5,120,bovada,0.4545454545454546,08:19:55 PM ET,-106,fanduel,0.5145631067961165,08:20:39 PM ET,0.9691085613415711,3.1876138433515555,True,46.9,53.1,103.18,103.19,3.18,100.0,"Bet $46.90 Over @ bovada, $53.10 Under @ fanduel",Atlanta Hawks @ Charlotte Hornets,2025-12-19T00:12:00Z,2,0.8781859333333333,0.1448526,0.8781859333333333,False,,2025-12-18 20:20:47 ET
Kevin Durant,player_rebounds,3.5,-145,draftkings,0.5918367346938775,08:20:00 PM ET,165,bovada,0.37735849056603776,08:20:27 PM ET,0.9691952252599153,3.1783869686134336,True,61.06,38.94,103.17,103.19,3.17,100.0,"Bet $61.06 Over @ draftkings, $38.94 Under @ bovada",Houston Rockets @ New Orleans Pelicans,2025-12-19T01:10:00Z,3,0.7948526,0.3448526,0.7948526,False,,2025-12-18 20:20:47 ET
Kris Dunn,player_points_rebounds_assists,15.5,130,bovada,0.4347826086956522,08:19:33 PM ET,-115,draftkings,0.5348837209302325,08:20:41 PM ET,0.9696663296258847,3.1282586027111536,True,44.84,55.16,103.13,103.13,3.13,100.0,"Bet $44.84 Over @ bovada, $55.16 Under @ draftkings",Los Angeles Clippers @ Oklahoma City Thunder,2025-12-19T01:11:00Z,2,1.2448526000000002,0.11151926666666667,1.2448526000000002,False,,2025-12-18 20:20:47 ET
Ryan Rollins,player_points_rebounds_assists,24.5,-115,draftkings,0.5348837209302326,08:20:20 PM ET,130,bovada,0.43478260869565216,08:18:49 PM ET,0.9696663296258847,3.1282586027111536,True,55.16,44.84,103.13,103.13,3.13,100.0,"Bet $55.16 Over @ draftkings, $44.84 Under @ bovada",Toronto Raptors @ Milwaukee Bucks,2025-12-19T01:11:00Z,3,0.46151926666666665,1.9781859333333334,1.9781859333333334,False,,2025-12-18 20:20:47 ET
Jordan Poole,player_points,14.5,-102,fanduel,0.504950495049505,08:19:55 PM ET,115,bovada,0.46511627906976744,08:20:27 PM ET,0.9700667741192723,3.0856871587942036,True,52.05,47.95,103.08,103.09,3.08,100.0,"Bet $52.05 Over @ fanduel, $47.95 Under @ bovada",Houston Rockets @ New Orleans Pelicans,2025-12-19T01:10:00Z,4,0.8781859333333333,0.3448526,0.8781859333333333,False,,2025-12-18 20:20:47 ET
Norman Powell,player_points,25.5,115,bovada,0.4651162790697674,08:16:22 PM ET,-102,williamhill_us,0.504950495049505,08:19:52 PM ET,0.9700667741192723,3.0856871587942036,True,47.95,52.05,103.09,103.08,3.08,100.0,"Bet $47.95 Over @ bovada, $52.05 Under @ williamhill_us",Miami Heat @ Brooklyn Nets,2025-12-19T00:41:00Z,3,4.428185933333333,0.9281859333333333,4.428185933333333,True,bovada,2025-12-18 20:20:47 ET
C.J. McCollum,player_threes,2.5,-120,fanduel,0.5454545454545454,08:19:38 PM ET,135,bovada,0.425531914893617,08:17:48 PM ET,0.9709864603481624,2.98804780876496,True,56.18,43.82,103.0,102.98,2.98,100.0,"Bet $56.18 Over @ fanduel, $43.82 Under @ bovada",Washington Wizards @ San Antonio Spurs,2025-12-19T01:12:00Z,7,1.1615192666666667,2.9948526,2.9948526,True,bovada,2025-12-18 20:20:47 ET
Davion Mitchell,player_points_rebounds_assists,19.5,-125,draftkings,0.5555555555555556,08:20:19 PM ET,140,bovada,0.4166666666666667,08:16:22 PM ET,0.9722222222222223,2.857142857142847,True,57.14,42.86,102.85,102.86,2.85,100.0,"Bet $57.14 Over @ draftkings, $42.86 Under @ bovada",Miami Heat @ Brooklyn Nets,2025-12-19T00:41:00Z,2,0.4781859333333333,4.428185933333333,4.428185933333333,True,bovada,2025-12-18 20:20:47 ET
De'Aaron Fox,player_assists,5.5,-102,betonlineag,0.504950495049505,08:12:26 PM ET,114,fanduel,0.4672897196261682,08:19:38 PM ET,0.9722402146756732,2.855239364233353,True,51.94,48.06,102.86,102.85,2.85,100.0,"Bet $51.94 Over @ betonlineag, $48.06 Under @ fanduel",Washington Wizards @ San Antonio Spurs,2025-12-19T01:12:00Z,7,8.361519266666667,1.1615192666666667,8.361519266666667,True,betonlineag,2025-12-18 20:20:47 ET
Trey Murphy III,player_threes,1.5,-160,draftkings,0.6153846153846154,08:20:00 PM ET,180,bovada,0.35714285714285715,08:20:27 PM ET,0.9725274725274726,2.824858757062132,True,63.28,36.72,102.83,102.82,2.82,100.0,"Bet $63.28 Over @ draftkings, $36.72 Under @ bovada",Houston Rockets @ New Orleans Pelicans,2025-12-19T01:10:00Z,4,0.7948526,0.3448526,0.7948526,False,,2025-12-18 20:20:47 ET
Pascal Siakam,player_points,21.5,-112,fanduel,0.5283018867924528,08:19:45 PM ET,125,bovada,0.4444444444444444,08:18:13 PM ET,0.9727463312368972,2.8017241379310276,True,54.31,45.69,102.8,102.8,2.8,100.0,"Bet $54.31 Over @ fanduel, $45.69 Under @ bovada",New York Knicks @ Indiana Pacers,2025-12-19T00:11:00Z,4,1.0448526,2.5781859333333332,2.5781859333333332,True,bovada,2025-12-18 20:20:47 ET
Kevin Durant,player_rebounds,4.5,116,fanduel,0.462962962962963,08:19:55 PM ET,-104,betrivers,0.5098039215686274,08:10:29 PM ET,0.9727668845315904,2.799552071668532,True,47.59,52.41,102.79,102.8,2.79,100.0,"Bet $47.59 Over @ fanduel, $52.41 Under @ betrivers",Houston Rockets @ New Orleans Pelicans,2025-12-19T01:10:00Z,5,0.8781859333333333,10.311519266666666,10.311519266666666,True,betrivers,2025-12-18 20:20:47 ET
Herb Jones,player_points,8.5,145,bovada,0.40816326530612246,08:20:27 PM ET,-130,betonlineag,0.5652173913043478,08:09:46 PM ET,0.9733806566104702,2.734731084776665,True,41.93,58.07,102.73,102.74,2.73,100.0,"Bet $41.93 Over @ bovada, $58.07 Under @ betonlineag",Houston Rockets @ New Orleans Pelicans,2025-12-19T01:10:00Z,3,0.3448526,11.028185933333333,11.028185933333333,True,betonlineag,2025-12-18 20:20:47 ET
Andrew Nembhard,player_rebounds,2.5,-130,draftkings,0.5652173913043478,08:20:41 PM ET,145,bovada,0.40816326530612246,08:18:13 PM ET,0.9733806566104702,2.734731084776665,True,58.07,41.93,102.74,102.73,2.73,100.0,"Bet $58.07 Over @ draftkings, $41.93 Under @ bovada",New York Knicks @ Indiana Pacers,2025-12-19T00:11:00Z,2,0.11151926666666667,2.5781859333333332,2.5781859333333332,True,bovada,2025-12-18 20:20:47 ET
Myles Turner,player_threes,1.5,-130,draftkings,0.5652173913043478,08:20:20 PM ET,145,bovada,0.40816326530612246,08:18:49 PM ET,0.9733806566104702,2.734731084776665,True,58.07,41.93,102.74,102.73,2.73,100.0,"Bet $58.07 Over @ draftkings, $41.93 Under @ bovada",Toronto Raptors @ Milwaukee Bucks,2025-12-19T01:11:00Z,7,0.46151926666666665,1.9781859333333334,1.9781859333333334,False,,2025-12-18 20:20:47 ET
LeBron James,player_points,24.5,170,bovada,0.37037037037037035,08:20:14 PM ET,-152,betrivers,0.6031746031746031,08:20:36 PM ET,0.9735449735449735,2.717391304347827,True,38.04,61.96,102.71,102.72,2.71,100.0,"Bet $38.04 Over @ bovada, $61.96 Under @ betrivers",Los Angeles Lakers @ Utah Jazz,2025-12-19T02:10:00Z,2,0.5615192666666666,0.1948526,0.5615192666666666,False,,2025-12-18 20:20:47 ET
Julian Champagnie,player_rebounds,3.5,-152,betonlineag,0.6031746031746031,08:12:26 PM ET,170,bovada,0.37037037037037035,08:17:48 PM ET,0.9735449735449735,2.717391304347827,True,61.96,38.04,102.72,102.71,2.71,100.0,"Bet $61.96 Over @ betonlineag, $38.04 Under @ bovada",Washington Wizards @ San Antonio Spurs,2025-12-19T01:12:00Z,2,8.361519266666667,2.9948526,8.361519266666667,True,"betonlineag, bovada",2025-12-18 20:20:47 ET
Alperen Sengun,player_points,23.5,120,bovada,0.4545454545454545,08:20:27 PM ET,-108,williamhill_us,0.5192307692307693,08:19:45 PM ET,0.9737762237762237,2.6929982046678624,True,46.68,53.32,102.7,102.69,2.69,100.0,"Bet $46.68 Over @ bovada, $53.32 Under @ williamhill_us",Houston Rockets @ New Orleans Pelicans,2025-12-19T01:10:00Z,6,0.3448526,1.0448526,1.0448526,False,,2025-12-18 20:20:47 ET
Bogdan Bogdanovic,player_rebounds,2.5,-108,fanduel,0.5192307692307692,08:20:26 PM ET,120,betmgm,0.45454545454545453,08:10:38 PM ET,0.9737762237762237,2.6929982046678624,True,53.32,46.68,102.69,102.7,2.69,100.0,"Bet $53.32 Over @ fanduel, $46.68 Under @ betmgm",Los Angeles Clippers @ Oklahoma City Thunder,2025-12-19T01:11:00Z,3,0.36151926666666667,10.161519266666666,10.161519266666666,True,betmgm,2025-12-18 20:20:47 ET
Zion Williamson,player_rebounds,5.5,150,bovada,0.4,08:20:27 PM ET,-135,betonlineag,0.574468085106383,08:09:46 PM ET,0.974468085106383,2.6200873362445254,True,41.05,58.95,102.62,102.62,2.62,100.0,"Bet $41.05 Over @ bovada, $58.95 Under @ betonlineag",Houston Rockets @ New Orleans Pelicans,2025-12-19T01:10:00Z,3,0.3448526,11.028185933333333,11.028185933333333,True,betonlineag,2025-12-18 20:20:47 ET
Immanuel Quickley,player_threes,2.5,105,draftkings,0.4878048780487805,08:20:20 PM ET,105,betmgm,0.4878048780487805,08:11:26 PM ET,0.975609756097561,2.5000000000000133,True,50.0,50.0,102.5,102.5,2.5,100.0,"Bet $50.00 Over @ draftkings, $50.00 Under @ betmgm",Toronto Raptors @ Milwaukee Bucks,2025-12-19T01:11:00Z,7,0.46151926666666665,9.361519266666667,9.361519266666667,True,betmgm,2025-12-18 20:20:47 ET
Jalen Williams,player_assists,5.5,120,betrivers,0.4545454545454546,08:10:41 PM ET,-109,williamhill_us,0.5215311004784688,08:19:59 PM ET,0.9760765550239234,2.450980392156854,True,46.57,53.43,102.45,102.45,2.45,100.0,"Bet $46.57 Over @ betrivers, $53.43 Under @ williamhill_us",Los Angeles Clippers @ Oklahoma City Thunder,2025-12-19T01:11:00Z,7,10.111519266666667,0.8115192666666666,10.111519266666667,True,betrivers,2025-12-18 20:20:47 ET
Luke Kornet,player_points_rebounds_assists,15.5,110,bovada,0.47619047619047616,08:17:48 PM ET,100,betmgm,0.5,08:09:48 PM ET,0.9761904761904762,2.4390243902439046,True,48.78,51.22,102.44,102.44,2.44,100.0,"Bet $48.78 Over @ bovada, $51.22 Under @ betmgm",Washington Wizards @ San Antonio Spurs,2025-12-19T01:12:00Z,2,2.9948526,10.9948526,10.9948526,True,"bovada, betmgm",2025-12-18 20:20:47 ET
Myles Turner,player_rebounds,5.5,100,bovada,0.5,08:18:49 PM ET,110,williamhill_us,0.47619047619047616,08:20:26 PM ET,0.9761904761904762,2.4390243902439046,True,51.22,48.78,102.44,102.44,2.44,100.0,"Bet $51.22 Over @ bovada, $48.78 Under @ williamhill_us",Toronto Raptors @ Milwaukee Bucks,2025-12-19T01:11:00Z,7,1.9781859333333334,0.36151926666666667,1.9781859333333334,False,,2025-12-18 20:20:47 ET
Jalen Williams,player_rebounds,5.5,121,williamhill_us,0.4524886877828055,08:19:59 PM ET,-110,betmgm,0.5238095238095238,08:10:38 PM ET,0.9762982115923293,2.4277201500772394,True,46.35,53.65,102.43,102.42,2.42,100.0,"Bet $46.35 Over @ williamhill_us, $53.65 Under @ betmgm",Los Angeles Clippers @ Oklahoma City Thunder,2025-12-19T01:11:00Z,5,0.8115192666666666,10.161519266666666,10.161519266666666,True,betmgm,2025-12-18 20:20:47 ET
Jalen Williams,player_points,18.5,104,betonlineag,0.4901960784313726,08:11:05 PM ET,105,bovada,0.4878048780487805,08:19:33 PM ET,0.9780009564801531,2.249388753056225,True,50.12,49.88,102.24,102.25,2.24,100.0,"Bet $50.12 Over @ betonlineag, $49.88 Under @ bovada",Los Angeles Clippers @ Oklahoma City Thunder,2025-12-19T01:11:00Z,4,9.711519266666667,1.2448526000000002,9.711519266666667,True,betonlineag,2025-12-18 20:20:47 ET
Luguentz Dort,player_points,6.5,105,williamhill_us,0.48780487804878053,08:19:59 PM ET,104,betrivers,0.49019607843137253,08:10:41 PM ET,0.9780009564801531,2.249388753056225,True,49.88,50.12,102.25,102.24,2.24,100.0,"Bet $49.88 Over @ williamhill_us, $50.12 Under @ betrivers",Los Angeles Clippers @ Oklahoma City Thunder,2025-12-19T01:11:00Z,2,0.8115192666666666,10.111519266666667,10.111519266666667,True,betrivers,2025-12-18 20:20:47 ET
LeBron James,player_points_rebounds_assists,36.5,105,bovada,0.48780487804878053,08:20:14 PM ET,104,betrivers,0.49019607843137253,08:20:36 PM ET,0.9780009564801531,2.249388753056225,True,49.88,50.12,102.25,102.24,2.24,100.0,"Bet $49.88 Over @ bovada, $50.12 Under @ betrivers",Los Angeles Lakers @ Utah Jazz,2025-12-19T02:10:00Z,4,0.5615192666666666,0.1948526,0.5615192666666666,False,,2025-12-18 20:20:47 ET
Jimmy Butler,player_threes,0.5,105,betmgm,0.48780487804878053,08:19:49 PM ET,104,draftkings,0.49019607843137253,08:18:47 PM ET,0.9780009564801531,2.249388753056225,True,49.88,50.12,102.25,102.24,2.24,100.0,"Bet $49.88 Over @ betmgm, $50.12 Under @ draftkings",Golden State Warriors @ Phoenix Suns,2025-12-19T02:10:00Z,5,0.9781859333333334,2.011519266666667,2.011519266666667,True,draftkings,2025-12-18 20:20:47 ET
Goga Bitadze,player_points,5.5,-110,betmgm,0.5238095238095237,08:19:51 PM ET,120,bovada,0.45454545454545453,08:20:21 PM ET,0.9783549783549783,2.212389380530988,True,53.54,46.46,102.21,102.21,2.21,100.0,"Bet $53.54 Over @ betmgm, $46.46 Under @ bovada",Orlando Magic @ Denver Nuggets,2025-12-19T02:10:00Z,4,0.9448526,0.4448526,0.9448526,False,,2025-12-18 20:20:47 ET
Jamal Murray,player_points_rebounds_assists,35.5,-110,betmgm,0.5238095238095237,08:19:51 PM ET,120,bovada,0.45454545454545453,08:20:21 PM ET,0.9783549783549783,2.212389380530988,True,53.54,46.46,102.21,102.21,2.21,100.0,"Bet $53.54 Over @ betmgm, $46.46 Under @ bovada",Orlando Magic @ Denver Nuggets,2025-12-19T02:10:00Z,4,0.9448526,0.4448526,0.9448526,False,,2025-12-18 20:20:47 ET
Danny Wolf,player_rebounds,5.5,120,bovada,0.4545454545454545,08:16:22 PM ET,-110,draftkings,0.5238095238095238,08:20:19 PM ET,0.9783549783549783,2.212389380530988,True,46.46,53.54,102.21,102.21,2.21,100.0,"Bet $46.46 Over @ bovada, $53.54 Under @ draftkings",Miami Heat @ Brooklyn Nets,2025-12-19T00:41:00Z,4,4.428185933333333,0.4781859333333333,4.428185933333333,True,bovada,2025-12-18 20:20:47 ET
Jamal Murray,player_threes,2.5,-110,betmgm,0.5238095238095237,08:19:51 PM ET,120,fanduel,0.45454545454545453,08:20:27 PM ET,0.9783549783549783,2.212389380530988,True,53.54,46.46,102.21,102.21,2.21,100.0,"Bet $53.54 Over @ betmgm, $46.46 Under @ fanduel",Orlando Magic @ Denver Nuggets,2025-12-19T02:10:00Z,7,0.9448526,0.3448526,0.9448526,False,,2025-12-18 20:20:47 ET
Daniel Gafford,player_rebounds,3.5,-160,betmgm,0.6153846153846154,08:20:00 PM ET,175,bovada,0.36363636363636365,08:20:04 PM ET,0.9790209790209791,2.1428571428571352,True,62.86,37.14,102.15,102.14,2.14,100.0,"Bet $62.86 Over @ betmgm, $37.14 Under @ bovada",Detroit Pistons @ Dallas Mavericks,2025-12-19T01:40:00Z,2,0.7948526,0.7281859333333334,0.7948526,False,,2025-12-18 20:20:47 ET
Keldon Johnson,player_points,7.5,-115,draftkings,0.5348837209302325,08:19:50 PM ET,125,bovada,0.4444444444444444,08:17:48 PM ET,0.9793281653746769,2.110817941952514,True,54.62,45.38,102.12,102.1,2.11,100.0,"Bet $54.62 Over @ draftkings, $45.38 Under @ bovada",Washington Wizards @ San Antonio Spurs,2025-12-19T01:12:00Z,4,0.9615192666666666,2.9948526,2.9948526,True,bovada,2025-12-18 20:20:47 ET
Gary Trent Jr,player_points_rebounds_assists,13.5,-115,draftkings,0.5348837209302325,08:20:20 PM ET,125,bovada,0.4444444444444444,08:18:49 PM ET,0.9793281653746769,2.110817941952514,True,54.62,45.38,102.12,102.1,2.11,100.0,"Bet $54.62 Over @ draftkings, $45.38 Under @ bovada",Toronto Raptors @ Milwaukee Bucks,2025-12-19T01:11:00Z,2,0.46151926666666665,1.9781859333333334,1.9781859333333334,False,,2025-12-18 20:20:47 ET
Kevin Porter Jr.,player_points_rebounds_assists,32.5,-115,draftkings,0.5348837209302325,08:20:20 PM ET,125,bovada,0.4444444444444444,08:18:49 PM ET,0.9793281653746769,2.110817941952514,True,54.62,45.38,102.12,102.1,2.11,100.0,"Bet $54.62 Over @ draftkings, $45.38 Under @ bovada",Toronto Raptors @ Milwaukee Bucks,2025-12-19T01:11:00Z,2,0.46151926666666665,1.9781859333333334,1.9781859333333334,False,,2025-12-18 20:20:47 ET
Tre Johnson,player_threes,1.5,114,betrivers,0.4672897196261683,08:11:23 PM ET,-105,draftkings,0.5121951219512195,08:19:50 PM ET,0.9794848415773878,2.0944845240865595,True,47.71,52.29,102.1,102.09,2.09,100.0,"Bet $47.71 Over @ betrivers, $52.29 Under @ draftkings",Washington Wizards @ San Antonio Spurs,2025-12-19T01:12:00Z,7,9.411519266666666,0.9615192666666666,9.411519266666666,True,betrivers,2025-12-18 20:20:47 ET
Ace Bailey,player_assists,1.5,-156,betonlineag,0.609375,08:20:01 PM ET,170,bovada,0.37037037037037035,08:20:14 PM ET,0.9797453703703703,2.0673360897814463,True,62.2,37.8,102.07,102.06,2.06,100.0,"Bet $62.20 Over @ betonlineag, $37.80 Under @ bovada",Los Angeles Lakers @ Utah Jazz,2025-12-19T02:10:00Z,5,0.7781859333333333,0.5615192666666666,0.7781859333333333,False,,2025-12-18 20:20:47 ET
Royce O'Neale,player_rebounds,5.5,130,bovada,0.4347826086956521,08:19:56 PM ET,-120,betmgm,0.5454545454545454,08:19:49 PM ET,0.9802371541501975,2.016129032258074,True,44.35,55.65,102.0,102.02,2.0,100.0,"Bet $44.35 Over @ bovada, $55.65 Under @ betmgm",Golden State Warriors @ Phoenix Suns,2025-12-19T02:10:00Z,7,0.8615192666666667,0.9781859333333334,0.9781859333333334,False,,2025-12-18 20:20:47 ET
Tim Hardaway Jr,player_points,12.5,108,betrivers,0.48076923076923084,08:20:37 PM ET,100,betmgm,0.5,08:19:51 PM ET,0.9807692307692308,1.9607843137254832,True,49.02,50.98,101.96,101.96,1.96,100.0,"Bet $49.02 Over @ betrivers, $50.98 Under @ betmgm",Orlando Magic @ Denver Nuggets,2025-12-19T02:10:00Z,6,0.17818593333333332,0.9448526,0.9448526,False,,2025-12-18 20:20:47 ET
Royce O'Neale,player_points_rebounds_assists,17.5,135,bovada,0.42553191489361697,08:19:56 PM ET,-125,betmgm,0.5555555555555556,08:19:49 PM ET,0.9810874704491725,1.9277108433734869,True,43.37,56.63,101.92,101.93,1.92,100.0,"Bet $43.37 Over @ bovada, $56.63 Under @ betmgm",Golden State Warriors @ Phoenix Suns,2025-12-19T02:10:00Z,2,0.8615192666666667,0.9781859333333334,0.9781859333333334,False,,2025-12-18 20:20:47 ET
Collin Gillespie,player_threes,2.5,110,bovada,0.47619047619047616,08:19:56 PM ET,-102,fanduel,0.504950495049505,08:19:02 PM ET,0.9811409712399811,1.922152811148492,True,48.53,51.47,101.91,101.93,1.91,100.0,"Bet $48.53 Over @ bovada, $51.47 Under @ fanduel",Golden State Warriors @ Phoenix Suns,2025-12-19T02:10:00Z,7,0.8615192666666667,1.7615192666666668,1.7615192666666668,False,,2025-12-18 20:20:47 ET
Jabari Smith Jr,player_threes,1.5,-166,fanduel,0.6240601503759398,08:19:55 PM ET,180,bovada,0.35714285714285715,08:20:27 PM ET,0.981203007518797,1.9157088122605304,True,63.6,36.4,101.91,101.92,1.91,100.0,"Bet $63.60 Over @ fanduel, $36.40 Under @ bovada",Houston Rockets @ New Orleans Pelicans,2025-12-19T01:10:00Z,2,0.8781859333333333,0.3448526,0.8781859333333333,False,,2025-12-18 20:20:47 ET
Kawhi Leonard,player_threes,1.5,-166,draftkings,0.6240601503759398,08:19:32 PM ET,180,bovada,0.35714285714285715,08:19:33 PM ET,0.981203007518797,1.9157088122605304,True,63.6,36.4,101.91,101.92,1.91,100.0,"Bet $63.60 Over @ draftkings, $36.40 Under @ bovada",Los Angeles Clippers @ Oklahoma City Thunder,2025-12-19T01:11:00Z,4,1.2615192666666668,1.2448526000000002,1.2615192666666668,False,,2025-12-18 20:20:47 ET
Luke Kornet,player_assists,1.5,140,draftkings,0.41666666666666663,08:19:50 PM ET,-130,betmgm,0.5652173913043478,08:09:48 PM ET,0.9818840579710144,1.8450184501845213,True,42.44,57.56,101.86,101.84,1.84,100.0,"Bet $42.44 Over @ draftkings, $57.56 Under @ betmgm",Washington Wizards @ San Antonio Spurs,2025-12-19T01:12:00Z,3,0.9615192666666666,10.9948526,10.9948526,True,betmgm,2025-12-18 20:20:47 ET
Kevin Porter Jr.,player_assists,7.5,115,fanatics,0.4651162790697675,08:16:44 PM ET,-107,williamhill_us,0.5169082125603864,08:20:26 PM ET,0.9820244916301539,1.8304541814437636,True,47.36,52.64,101.82,101.84,1.82,100.0,"Bet $47.36 Over @ fanatics, $52.64 Under @ williamhill_us",Toronto Raptors @ Milwaukee Bucks,2025-12-19T01:11:00Z,8,4.061519266666667,0.36151926666666667,4.061519266666667,True,fanatics,2025-12-18 20:20:47 ET
Kris Dunn,player_points,6.5,-108,fanduel,0.5192307692307692,08:20:26 PM ET,116,betrivers,0.46296296296296297,08:10:41 PM ET,0.9821937321937322,1.8129079042784602,True,52.86,47.14,101.8,101.82,1.8,100.0,"Bet $52.86 Over @ fanduel, $47.14 Under @ betrivers",Los Angeles Clippers @ Oklahoma City Thunder,2025-12-19T01:11:00Z,4,0.36151926666666667,10.111519266666667,10.111519266666667,True,betrivers,2025-12-18 20:20:47 ET
Ryan Kalkbrenner,player_rebounds,5.5,-144,fanduel,0.5901639344262295,08:20:39 PM ET,155,bovada,0.39215686274509803,08:19:55 PM ET,0.9823207971713275,1.7997382198952971,True,60.08,39.92,101.8,101.8,1.8,100.0,"Bet $60.08 Over @ fanduel, $39.92 Under @ bovada",Atlanta Hawks @ Charlotte Hornets,2025-12-19T00:12:00Z,2,0.1448526,0.8781859333333333,0.8781859333333333,False,,2025-12-18 20:20:47 ET
Andrew Nembhard,player_assists,4.5,118,fanduel,0.45871559633027525,08:19:45 PM ET,-110,draftkings,0.5238095238095238,08:20:41 PM ET,0.9825251201397991,1.7785682525566893,True,46.69,53.31,101.78,101.77,1.77,100.0,"Bet $46.69 Over @ fanduel, $53.31 Under @ draftkings",New York Knicks @ Indiana Pacers,2025-12-19T00:11:00Z,3,1.0448526,0.11151926666666667,1.0448526,False,,2025-12-18 20:20:47 ET
Herb Jones,player_rebounds,2.5,122,fanduel,0.4504504504504505,08:19:55 PM ET,-114,betonlineag,0.5327102803738317,08:09:46 PM ET,0.9831607308242822,1.71276869058834,True,45.82,54.18,101.72,101.71,1.71,100.0,"Bet $45.82 Over @ fanduel, $54.18 Under @ betonlineag",Houston Rockets @ New Orleans Pelicans,2025-12-19T01:10:00Z,4,0.8781859333333333,11.028185933333333,11.028185933333333,True,betonlineag,2025-12-18 20:20:47 ET
De'Aaron Fox,player_points,19.5,-103,williamhill_us,0.5073891625615764,08:20:27 PM ET,110,bovada,0.47619047619047616,08:17:48 PM ET,0.9835796387520526,1.6694490818029983,True,51.59,48.41,101.68,101.66,1.66,100.0,"Bet $51.59 Over @ williamhill_us, $48.41 Under @ bovada",Washington Wizards @ San Antonio Spurs,2025-12-19T01:12:00Z,3,0.3448526,2.9948526,2.9948526,True,bovada,2025-12-18 20:20:47 ET
Ryan Rollins,player_steals,1.5,154,draftkings,0.39370078740157477,08:20:20 PM ET,-144,fanduel,0.5901639344262295,08:11:22 PM ET,0.9838647218278043,1.6399895040671852,True,40.02,59.98,101.65,101.63,1.63,100.0,"Bet $40.02 Over @ draftkings, $59.98 Under @ fanduel",Toronto Raptors @ Milwaukee Bucks,2025-12-19T01:11:00Z,2,0.46151926666666665,9.428185933333333,9.428185933333333,True,fanduel,2025-12-18 20:20:47 ET
Andrew Wiggins,player_threes,1.5,-170,bovada,0.6296296296296295,08:16:22 PM ET,182,fanduel,0.3546099290780142,08:20:46 PM ET,0.9842395587076438,1.6012810248198672,True,63.97,36.03,101.6,101.6,1.6,100.0,"Bet $63.97 Over @ bovada, $36.03 Under @ fanduel",Miami Heat @ Brooklyn Nets,2025-12-19T00:41:00Z,2,4.428185933333333,0.028185933333333336,4.428185933333333,True,bovada,2025-12-18 20:20:47 ET
C.J. McCollum,player_points,17.5,-122,fanduel,0.5495495495495497,08:19:38 PM ET,130,bovada,0.43478260869565216,08:17:48 PM ET,0.9843321582452018,1.5917230401909954,True,55.83,44.17,101.59,101.59,1.59,100.0,"Bet $55.83 Over @ fanduel, $44.17 Under @ bovada",Washington Wizards @ San Antonio Spurs,2025-12-19T01:12:00Z,2,1.1615192666666667,2.9948526,2.9948526,True,bovada,2025-12-18 20:20:47 ET
Michael Porter Jr,player_points,27.5,130,bovada,0.4347826086956522,08:16:22 PM ET,-122,fanduel,0.5495495495495496,08:20:46 PM ET,0.9843321582452018,1.5917230401909954,True,44.17,55.83,101.59,101.59,1.59,100.0,"Bet $44.17 Over @ bovada, $55.83 Under @ fanduel",Miami Heat @ Brooklyn Nets,2025-12-19T00:41:00Z,2,4.428185933333333,0.028185933333333336,4.428185933333333,True,bovada,2025-12-18 20:20:47 ET
Jerami Grant,player_rebounds,3.5,-122,fanduel,0.5495495495495497,08:18:39 PM ET,130,betrivers,0.43478260869565216,08:20:48 PM ET,0.9843321582452018,1.5917230401909954,True,55.83,44.17,101.59,101.59,1.59,100.0,"Bet $55.83 Over @ fanduel, $44.17 Under @ betrivers",Sacramento Kings @ Portland Trail Blazers,2025-12-19T03:10:00Z,6,2.1448526,-0.0051474,2.1448526,True,fanduel,2025-12-18 20:20:47 ET
Luke Kornet,player_rebounds,6.5,106,fanduel,0.4854368932038835,08:19:38 PM ET,100,betmgm,0.5,08:09:48 PM ET,0.9854368932038835,1.4778325123152802,True,49.26,50.74,101.48,101.48,1.48,100.0,"Bet $49.26 Over @ fanduel, $50.74 Under @ betmgm",Washington Wizards @ San Antonio Spurs,2025-12-19T01:12:00Z,6,1.1615192666666667,10.9948526,10.9948526,True,betmgm,2025-12-18 20:20:47 ET
A.J. Green,player_threes,2.5,-132,fanduel,0.5689655172413792,08:19:58 PM ET,140,bovada,0.4166666666666667,08:18:49 PM ET,0.985632183908046,1.4577259475218707,True,57.73,42.27,101.46,101.45,1.45,100.0,"Bet $57.73 Over @ fanduel, $42.27 Under @ bovada",Toronto Raptors @ Milwaukee Bucks,2025-12-19T01:11:00Z,4,0.8281859333333333,1.9781859333333334,1.9781859333333334,False,,2025-12-18 20:20:47 ET
Ryan Rollins,player_points_rebounds_assists,25.5,-104,fanduel,0.5098039215686274,08:11:22 PM ET,110,bovada,0.47619047619047616,08:18:49 PM ET,0.9859943977591036,1.4204545454545414,True,51.7,48.3,101.41,101.43,1.41,100.0,"Bet $51.70 Over @ fanduel, $48.30 Under @ bovada",Toronto Raptors @ Milwaukee Bucks,2025-12-19T01:11:00Z,5,9.428185933333333,1.9781859333333334,9.428185933333333,True,fanduel,2025-12-18 20:20:47 ET
Jalen Williams,player_threes,1.5,188,fanduel,0.3472222222222222,08:20:26 PM ET,-177,betrivers,0.6389891696750902,08:10:41 PM ET,0.9862113918973124,1.3981392038232787,True,35.21,64.79,101.4,101.39,1.39,100.0,"Bet $35.21 Over @ fanduel, $64.79 Under @ betrivers",Los Angeles Clippers @ Oklahoma City Thunder,2025-12-19T01:11:00Z,5,0.36151926666666667,10.111519266666667,10.111519266666667,True,betrivers,2025-12-18 20:20:47 ET
Myles Turner,player_rebounds,6.5,175,bovada,0.36363636363636365,08:18:49 PM ET,-165,fanatics,0.6226415094339622,08:16:44 PM ET,0.9862778730703259,1.3913043478260834,True,36.87,63.13,101.39,101.39,1.39,100.0,"Bet $36.87 Over @ bovada, $63.13 Under @ fanatics",Toronto Raptors @ Milwaukee Bucks,2025-12-19T01:11:00Z,2,1.9781859333333334,4.061519266666667,4.061519266666667,True,fanatics,2025-12-18 20:20:47 ET
Jaime Jaquez Jr,player_rebounds,3.5,-125,draftkings,0.5555555555555556,08:20:19 PM ET,132,fanduel,0.43103448275862066,08:20:46 PM ET,0.9865900383141762,1.3592233009708687,True,56.31,43.69,101.36,101.36,1.36,100.0,"Bet $56.31 Over @ draftkings, $43.69 Under @ fanduel",Miami Heat @ Brooklyn Nets,2025-12-19T00:41:00Z,3,0.4781859333333333,0.028185933333333336,0.4781859333333333,False,,2025-12-18 20:20:47 ET
Jalen Brunson,player_points,31.5,115,bovada,0.4651162790697674,08:18:13 PM ET,-109,williamhill_us,0.5215311004784688,08:20:22 PM ET,0.9866473795482362,1.3533325814819142,True,47.14,52.86,101.35,101.36,1.35,100.0,"Bet $47.14 Over @ bovada, $52.86 Under @ williamhill_us",New York Knicks @ Indiana Pacers,2025-12-19T00:11:00Z,3,2.5781859333333332,0.4281859333333333,2.5781859333333332,True,bovada,2025-12-18 20:20:47 ET
Bogdan Bogdanovic,player_points_rebounds_assists,17.5,117,betrivers,0.4608294930875576,08:10:41 PM ET,-111,fanduel,0.5260663507109005,08:09:46 PM ET,0.9868958437984581,1.3278155221634558,True,46.69,53.31,101.32,101.34,1.32,100.0,"Bet $46.69 Over @ betrivers, $53.31 Under @ fanduel",Los Angeles Clippers @ Oklahoma City Thunder,2025-12-19T01:11:00Z,5,10.111519266666667,11.028185933333333,11.028185933333333,True,"betrivers, fanduel",2025-12-18 20:20:47 ET
Kyle Filipowski,player_points_rebounds_assists,26.5,120,betrivers,0.4545454545454546,08:20:36 PM ET,-114,betonlineag,0.5327102803738317,08:20:01 PM ET,0.9872557349192863,1.2908777969018903,True,46.04,53.96,101.29,101.29,1.29,100.0,"Bet $46.04 Over @ betrivers, $53.96 Under @ betonlineag",Los Angeles Lakers @ Utah Jazz,2025-12-19T02:10:00Z,3,0.1948526,0.7781859333333333,0.7781859333333333,False,,2025-12-18 20:20:47 ET
Collin Gillespie,player_assists,5.5,160,bovada,0.3846153846153847,08:19:56 PM ET,-152,betrivers,0.6031746031746031,08:19:51 PM ET,0.9877899877899878,1.2360939431396822,True,38.94,61.06,101.24,101.23,1.23,100.0,"Bet $38.94 Over @ bovada, $61.06 Under @ betrivers",Golden State Warriors @ Phoenix Suns,2025-12-19T02:10:00Z,4,0.8615192666666667,0.9448526,0.9448526,False,,2025-12-18 20:20:47 ET
Tre Johnson,player_points,9.5,105,bovada,0.4878048780487805,08:17:48 PM ET,100,draftkings,0.5,08:19:50 PM ET,0.9878048780487805,1.2345679012345734,True,49.38,50.62,101.23,101.24,1.23,100.0,"Bet $49.38 Over @ bovada, $50.62 Under @ draftkings",Washington Wizards @ San Antonio Spurs,2025-12-19T01:12:00Z,7,2.9948526,0.9615192666666666,2.9948526,True,bovada,2025-12-18 20:20:47 ET
Keldon Johnson,player_points_rebounds_assists,14.5,100,betmgm,0.5,08:09:48 PM ET,105,bovada,0.4878048780487805,08:17:48 PM ET,0.9878048780487805,1.2345679012345734,True,50.62,49.38,101.24,101.23,1.23,100.0,"Bet $50.62 Over @ betmgm, $49.38 Under @ bovada",Washington Wizards @ San Antonio Spurs,2025-12-19T01:12:00Z,3,10.9948526,2.9948526,10.9948526,True,"betmgm, bovada",2025-12-18 20:20:47 ET
Alex Sarr,player_rebounds,6.5,100,draftkings,0.5,08:19:50 PM ET,105,betmgm,0.4878048780487805,08:09:48 PM ET,0.9878048780487805,1.2345679012345734,True,50.62,49.38,101.24,101.23,1.23,100.0,"Bet $50.62 Over @ draftkings, $49.38 Under @ betmgm",Washington Wizards @ San Antonio Spurs,2025-12-19T01:12:00Z,5,0.9615192666666666,10.9948526,10.9948526,True,betmgm,2025-12-18 20:20:47 ET
Aaron Holiday,player_threes,1.5,100,betmgm,0.5,08:09:43 PM ET,105,draftkings,0.4878048780487805,08:20:00 PM ET,0.9878048780487805,1.2345679012345734,True,50.62,49.38,101.24,101.23,1.23,100.0,"Bet $50.62 Over @ betmgm, $49.38 Under @ draftkings",Houston Rockets @ New Orleans Pelicans,2025-12-19T01:10:00Z,5,11.078185933333334,0.7948526,11.078185933333334,True,betmgm,2025-12-18 20:20:47 ET
Kevin Porter Jr.,player_threes,2.5,146,fanduel,0.4065040650406504,08:19:58 PM ET,-139,betrivers,0.5815899581589958,08:11:45 PM ET,0.9880940231996462,1.204943711915174,True,41.14,58.86,101.2,101.21,1.2,100.0,"Bet $41.14 Over @ fanduel, $58.86 Under @ betrivers",Toronto Raptors @ Milwaukee Bucks,2025-12-19T01:11:00Z,6,0.8281859333333333,9.0448526,9.0448526,True,betrivers,2025-12-18 20:20:47 ET
Wendell Carter Jr,player_rebounds,8.5,110,bovada,0.47619047619047616,08:20:21 PM ET,-105,betmgm,0.5121951219512195,08:19:51 PM ET,0.9883855981416957,1.1750881316098694,True,48.18,51.82,101.18,101.17,1.17,100.0,"Bet $48.18 Over @ bovada, $51.82 Under @ betmgm",Orlando Magic @ Denver Nuggets,2025-12-19T02:10:00Z,3,0.4448526,0.9448526,0.9448526,False,,2025-12-18 20:20:47 ET
Nikola Jokic,player_rebounds,11.5,-143,betrivers,0.588477366255144,08:20:37 PM ET,150,bovada,0.4,08:20:21 PM ET,0.988477366255144,1.1656952539550458,True,59.53,40.47,101.16,101.18,1.16,100.0,"Bet $59.53 Over @ betrivers, $40.47 Under @ bovada",Orlando Magic @ Denver Nuggets,2025-12-19T02:10:00Z,2,0.17818593333333332,0.4448526,0.4448526,False,,2025-12-18 20:20:47 ET
Dylan Harper,player_assists,3.5,-110,fanduel,0.523809523809524,08:19:38 PM ET,115,bovada,0.46511627906976744,08:17:48 PM ET,0.9889258028792913,1.119820828667395,True,52.97,47.03,101.12,101.11,1.11,100.0,"Bet $52.97 Over @ fanduel, $47.03 Under @ bovada",Washington Wizards @ San Antonio Spurs,2025-12-19T01:12:00Z,7,1.1615192666666667,2.9948526,2.9948526,True,bovada,2025-12-18 20:20:47 ET
Ausar Thompson,player_points_rebounds_assists,17.5,-110,betmgm,0.523809523809524,08:20:00 PM ET,115,bovada,0.46511627906976744,08:20:04 PM ET,0.9889258028792913,1.119820828667395,True,52.97,47.03,101.12,101.11,1.11,100.0,"Bet $52.97 Over @ betmgm, $47.03 Under @ bovada",Detroit Pistons @ Dallas Mavericks,2025-12-19T01:40:00Z,2,0.7948526,0.7281859333333334,0.7948526,False,,2025-12-18 20:20:47 ET
Collin Gillespie,player_points_rebounds_assists,22.5,-110,bovada,0.523809523809524,08:19:56 PM ET,115,betrivers,0.46511627906976744,08:19:51 PM ET,0.9889258028792913,1.119820828667395,True,52.97,47.03,101.12,101.11,1.11,100.0,"Bet $52.97 Over @ bovada, $47.03 Under @ betrivers",Golden State Warriors @ Phoenix Suns,2025-12-19T02:10:00Z,2,0.8615192666666667,0.9448526,0.9448526,False,,2025-12-18 20:20:47 ET
Jonas Valanciunas,player_rebounds,4.5,115,betmgm,0.4651162790697675,08:19:51 PM ET,-110,bovada,0.5238095238095238,08:20:21 PM ET,0.9889258028792913,1.119820828667395,True,47.03,52.97,101.11,101.12,1.11,100.0,"Bet $47.03 Over @ betmgm, $52.97 Under @ bovada",Orlando Magic @ Denver Nuggets,2025-12-19T02:10:00Z,6,0.9448526,0.4448526,0.9448526,False,,2025-12-18 20:20:47 ET
Bobby Portis,player_points,13.5,-115,draftkings,0.5348837209302324,08:19:08 PM ET,120,bovada,0.45454545454545453,08:18:49 PM ET,0.989429175475687,1.0683760683760868,True,54.06,45.94,101.07,101.07,1.07,100.0,"Bet $54.06 Over @ draftkings, $45.94 Under @ bovada",Toronto Raptors @ Milwaukee Bucks,2025-12-19T01:11:00Z,4,1.6615192666666667,1.9781859333333334,1.9781859333333334,False,,2025-12-18 20:20:47 ET
Nicolas Claxton,player_points,14.5,120,bovada,0.4545454545454545,08:16:22 PM ET,-115,draftkings,0.5348837209302325,08:20:19 PM ET,0.989429175475687,1.0683760683760868,True,45.94,54.06,101.07,101.07,1.07,100.0,"Bet $45.94 Over @ bovada, $54.06 Under @ draftkings",Miami Heat @ Brooklyn Nets,2025-12-19T00:41:00Z,5,4.428185933333333,0.4781859333333333,4.428185933333333,True,bovada,2025-12-18 20:20:47 ET
Tim Hardaway Jr,player_points,11.5,-115,fanduel,0.5348837209302324,08:20:27 PM ET,120,bovada,0.45454545454545453,08:20:21 PM ET,0.989429175475687,1.0683760683760868,True,54.06,45.94,101.07,101.07,1.07,100.0,"Bet $54.06 Over @ fanduel, $45.94 Under @ bovada",Orlando Magic @ Denver Nuggets,2025-12-19T02:10:00Z,3,0.3448526,0.4448526,0.4448526,False,,2025-12-18 20:20:47 ET
Dillon Brooks,player_points_rebounds_assists,25.5,125,bovada,0.4444444444444444,08:19:56 PM ET,-120,betonlineag,0.5454545454545454,08:20:28 PM ET,0.9898989898989898,1.0204081632653184,True,44.9,55.1,101.02,101.02,1.02,100.0,"Bet $44.90 Over @ bovada, $55.10 Under @ betonlineag",Golden State Warriors @ Phoenix Suns,2025-12-19T02:10:00Z,3,0.8615192666666667,0.32818593333333335,0.8615192666666667,False,,2025-12-18 20:20:47 ET
Alperen Sengun,player_points,22.5,100,bovada,0.5,08:20:27 PM ET,104,betrivers,0.49019607843137253,08:10:29 PM ET,0.9901960784313726,0.990099009900991,True,50.5,49.5,101.0,100.98,0.98,100.0,"Bet $50.50 Over @ bovada, $49.50 Under @ betrivers",Houston Rockets @ New Orleans Pelicans,2025-12-19T01:10:00Z,2,0.3448526,10.311519266666666,10.311519266666666,True,betrivers,2025-12-18 20:20:47 ET
A.J. Green,player_points_rebounds_assists,18.5,130,bovada,0.4347826086956521,08:18:49 PM ET,-125,betmgm,0.5555555555555556,08:11:26 PM ET,0.9903381642512077,0.9756097560975618,True,43.9,56.1,100.97,100.98,0.97,100.0,"Bet $43.90 Over @ bovada, $56.10 Under @ betmgm",Toronto Raptors @ Milwaukee Bucks,2025-12-19T01:11:00Z,2,1.9781859333333334,9.361519266666667,9.361519266666667,True,betmgm,2025-12-18 20:20:47 ET
Gary Trent Jr,player_points_rebounds_assists,16.5,130,bovada,0.4347826086956521,08:18:49 PM ET,-125,betonlineag,0.5555555555555556,08:11:58 PM ET,0.9903381642512077,0.9756097560975618,True,43.9,56.1,100.97,100.98,0.97,100.0,"Bet $43.90 Over @ bovada, $56.10 Under @ betonlineag",Toronto Raptors @ Milwaukee Bucks,2025-12-19T01:11:00Z,3,1.9781859333333334,8.828185933333334,8.828185933333334,True,betonlineag,2025-12-18 20:20:47 ET
Nicolas Batum,player_points_rebounds_assists,11.5,130,betmgm,0.4347826086956521,08:10:38 PM ET,-125,draftkings,0.5555555555555556,08:20:41 PM ET,0.9903381642512077,0.9756097560975618,True,43.9,56.1,100.97,100.98,0.97,100.0,"Bet $43.90 Over @ betmgm, $56.10 Under @ draftkings",Los Angeles Clippers @ Oklahoma City Thunder,2025-12-19T01:11:00Z,2,10.161519266666666,0.11151926666666667,10.161519266666666,True,betmgm,2025-12-18 20:20:47 ET
Jordan Poole,player_rebounds,1.5,-125,draftkings,0.5555555555555556,08:20:00 PM ET,130,betmgm,0.43478260869565216,08:09:43 PM ET,0.9903381642512077,0.9756097560975618,True,56.1,43.9,100.98,100.97,0.97,100.0,"Bet $56.10 Over @ draftkings, $43.90 Under @ betmgm",Houston Rockets @ New Orleans Pelicans,2025-12-19T01:10:00Z,5,0.7948526,11.078185933333334,11.078185933333334,True,betmgm,2025-12-18 20:20:47 ET
Trey Murphy III,player_rebounds,4.5,-125,bovada,0.5555555555555556,08:20:27 PM ET,130,betonlineag,0.43478260869565216,08:09:46 PM ET,0.9903381642512077,0.9756097560975618,True,56.1,43.9,100.98,100.97,0.97,100.0,"Bet $56.10 Over @ bovada, $43.90 Under @ betonlineag",Houston Rockets @ New Orleans Pelicans,2025-12-19T01:10:00Z,4,0.3448526,11.028185933333333,11.028185933333333,True,betonlineag,2025-12-18 20:20:47 ET
Kris Dunn,player_steals,1.5,130,draftkings,0.4347826086956521,08:20:41 PM ET,-125,bovada,0.5555555555555556,08:19:33 PM ET,0.9903381642512077,0.9756097560975618,True,43.9,56.1,100.97,100.98,0.97,100.0,"Bet $43.90 Over @ draftkings, $56.10 Under @ bovada",Los Angeles Clippers @ Oklahoma City Thunder,2025-12-19T01:11:00Z,3,0.11151926666666667,1.2448526000000002,1.2448526000000002,False,,2025-12-18 20:20:47 ET
Isaiah Joe,player_points,7.5,-130,fanduel,0.5652173913043479,08:20:26 PM ET,135,bovada,0.425531914893617,08:19:33 PM ET,0.9907493061979649,0.9337068160597539,True,57.05,42.95,100.93,100.93,0.93,100.0,"Bet $57.05 Over @ fanduel, $42.95 Under @ bovada",Los Angeles Clippers @ Oklahoma City Thunder,2025-12-19T01:11:00Z,4,0.36151926666666667,1.2448526000000002,1.2448526000000002,False,,2025-12-18 20:20:47 ET
Jabari Smith Jr,player_points,14.5,-106,williamhill_us,0.5145631067961165,08:19:45 PM ET,110,bovada,0.47619047619047616,08:20:27 PM ET,0.9907535829865927,0.9332711152589823,True,51.94,48.06,100.94,100.93,0.93,100.0,"Bet $51.94 Over @ williamhill_us, $48.06 Under @ bovada",Houston Rockets @ New Orleans Pelicans,2025-12-19T01:10:00Z,4,1.0448526,0.3448526,1.0448526,False,,2025-12-18 20:20:47 ET
Scottie Barnes,player_points_rebounds_assists,34.5,114,betrivers,0.46728971962616817,08:11:45 PM ET,-110,betmgm,0.5238095238095238,08:11:26 PM ET,0.991099243435692,0.8980691513246652,True,47.15,52.85,100.9,100.9,0.9,100.0,"Bet $47.15 Over @ betrivers, $52.85 Under @ betmgm",Toronto Raptors @ Milwaukee Bucks,2025-12-19T01:11:00Z,6,9.0448526,9.361519266666667,9.361519266666667,True,"betrivers, betmgm",2025-12-18 20:20:47 ET
Kevin Porter Jr.,player_rebounds,5.5,114,williamhill_us,0.46728971962616817,08:20:26 PM ET,-110,draftkings,0.5238095238095238,08:20:20 PM ET,0.991099243435692,0.8980691513246652,True,47.15,52.85,100.9,100.9,0.9,100.0,"Bet $47.15 Over @ williamhill_us, $52.85 Under @ draftkings",Toronto Raptors @ Milwaukee Bucks,2025-12-19T01:11:00Z,6,0.36151926666666667,0.46151926666666665,0.46151926666666665,False,,2025-12-18 20:20:47 ET
Scottie Barnes,player_rebounds,9.5,140,bovada,0.41666666666666674,08:18:49 PM ET,-135,betmgm,0.574468085106383,08:11:26 PM ET,0.9911347517730498,0.8944543828264706,True,42.04,57.96,100.9,100.89,0.89,100.0,"Bet $42.04 Over @ bovada, $57.96 Under @ betmgm",Toronto Raptors @ Milwaukee Bucks,2025-12-19T01:11:00Z,3,1.9781859333333334,9.361519266666667,9.361519266666667,True,betmgm,2025-12-18 20:20:47 ET
Gary Trent Jr,player_threes,2.5,140,fanduel,0.41666666666666674,08:19:58 PM ET,-135,betonlineag,0.574468085106383,08:11:58 PM ET,0.9911347517730498,0.8944543828264706,True,42.04,57.96,100.9,100.89,0.89,100.0,"Bet $42.04 Over @ fanduel, $57.96 Under @ betonlineag",Toronto Raptors @ Milwaukee Bucks,2025-12-19T01:11:00Z,7,0.8281859333333333,8.828185933333334,8.828185933333334,True,betonlineag,2025-12-18 20:20:47 ET
Sandro Mamukelashvili,player_threes,1.5,140,bovada,0.41666666666666674,08:18:49 PM ET,-135,betmgm,0.574468085106383,08:11:26 PM ET,0.9911347517730498,0.8944543828264706,True,42.04,57.96,100.9,100.89,0.89,100.0,"Bet $42.04 Over @ bovada, $57.96 Under @ betmgm",Toronto Raptors @ Milwaukee Bucks,2025-12-19T01:11:00Z,2,1.9781859333333334,9.361519266666667,9.361519266666667,True,betmgm,2025-12-18 20:20:47 ET
Alperen Sengun,player_points_rebounds_assists,40.5,115,bovada,0.4651162790697674,08:20:27 PM ET,-111,betonlineag,0.5260663507109005,08:09:46 PM ET,0.9911826297806678,0.8895807850550552,True,46.93,53.07,100.9,100.88,0.88,100.0,"Bet $46.93 Over @ bovada, $53.07 Under @ betonlineag",Houston Rockets @ New Orleans Pelicans,2025-12-19T01:10:00Z,4,0.3448526,11.028185933333333,11.028185933333333,True,betonlineag,2025-12-18 20:20:47 ET
Jordan Poole,player_points_rebounds_assists,19.5,-111,betonlineag,0.5260663507109005,08:09:46 PM ET,115,bovada,0.46511627906976744,08:20:27 PM ET,0.9911826297806678,0.8895807850550552,True,53.07,46.93,100.88,100.9,0.88,100.0,"Bet $53.07 Over @ betonlineag, $46.93 Under @ bovada",Houston Rockets @ New Orleans Pelicans,2025-12-19T01:10:00Z,3,11.028185933333333,0.3448526,11.028185933333333,True,betonlineag,2025-12-18 20:20:47 ET
Scottie Barnes,player_threes,1.5,165,draftkings,0.37735849056603776,08:20:20 PM ET,-159,betrivers,0.6138996138996139,08:11:45 PM ET,0.9912581044656517,0.881899022561905,True,38.07,61.93,100.89,100.88,0.88,100.0,"Bet $38.07 Over @ draftkings, $61.93 Under @ betrivers",Toronto Raptors @ Milwaukee Bucks,2025-12-19T01:11:00Z,7,0.46151926666666665,9.0448526,9.0448526,True,betrivers,2025-12-18 20:20:47 ET
Buddy Hield,player_assists,1.5,120,betmgm,0.4545454545454545,08:19:49 PM ET,-116,draftkings,0.5370370370370371,08:18:47 PM ET,0.9915824915824916,0.8488964346349714,True,45.84,54.16,100.85,100.85,0.85,100.0,"Bet $45.84 Over @ betmgm, $54.16 Under @ draftkings",Golden State Warriors @ Phoenix Suns,2025-12-19T02:10:00Z,4,0.9781859333333334,2.011519266666667,2.011519266666667,True,draftkings,2025-12-18 20:20:47 ET
Saddiq Bey,player_assists,1.5,124,draftkings,0.4464285714285714,08:20:00 PM ET,-120,betmgm,0.5454545454545454,08:09:43 PM ET,0.9918831168831168,0.8183306055646655,True,45.01,54.99,100.82,100.82,0.82,100.0,"Bet $45.01 Over @ draftkings, $54.99 Under @ betmgm",Houston Rockets @ New Orleans Pelicans,2025-12-19T01:10:00Z,3,0.7948526,11.078185933333334,11.078185933333334,True,betmgm,2025-12-18 20:20:47 ET
Ziaire Williams,player_threes,0.5,-136,fanduel,0.576271186440678,08:20:46 PM ET,140,draftkings,0.4166666666666667,08:20:19 PM ET,0.9929378531073447,0.7112375533428139,True,58.04,41.96,100.72,100.7,0.7,100.0,"Bet $58.04 Over @ fanduel, $41.96 Under @ draftkings",Miami Heat @ Brooklyn Nets,2025-12-19T00:41:00Z,2,0.028185933333333336,0.4781859333333333,0.4781859333333333,False,,2025-12-18 20:20:47 ET
Bobby Portis,player_points,14.5,-105,betonlineag,0.5121951219512195,08:11:58 PM ET,108,betrivers,0.4807692307692308,08:11:45 PM ET,0.9929643527204504,0.7085498346717012,True,51.58,48.42,100.7,100.71,0.7,100.0,"Bet $51.58 Over @ betonlineag, $48.42 Under @ betrivers",Toronto Raptors @ Milwaukee Bucks,2025-12-19T01:11:00Z,4,8.828185933333334,9.0448526,9.0448526,True,"betonlineag, betrivers",2025-12-18 20:20:47 ET
Immanuel Quickley,player_points_rebounds_assists,27.5,108,betrivers,0.48076923076923084,08:11:45 PM ET,-105,betmgm,0.5121951219512195,08:11:26 PM ET,0.9929643527204504,0.7085498346717012,True,48.42,51.58,100.71,100.7,0.7,100.0,"Bet $48.42 Over @ betrivers, $51.58 Under @ betmgm",Toronto Raptors @ Milwaukee Bucks,2025-12-19T01:11:00Z,4,9.0448526,9.361519266666667,9.361519266666667,True,"betrivers, betmgm",2025-12-18 20:20:47 ET
Derik Queen,player_rebounds,6.5,108,betrivers,0.48076923076923084,08:10:29 PM ET,-105,draftkings,0.5121951219512195,08:20:00 PM ET,0.9929643527204504,0.7085498346717012,True,48.42,51.58,100.71,100.7,0.7,100.0,"Bet $48.42 Over @ betrivers, $51.58 Under @ draftkings",Houston Rockets @ New Orleans Pelicans,2025-12-19T01:10:00Z,7,10.311519266666666,0.7948526,10.311519266666666,True,betrivers,2025-12-18 20:20:47 ET
Jose Alvarado,player_assists,2.5,-112,fanduel,0.5283018867924529,08:19:55 PM ET,115,bovada,0.46511627906976744,08:20:27 PM ET,0.9934181658622203,0.6625441696113121,True,53.18,46.82,100.66,100.66,0.66,100.0,"Bet $53.18 Over @ fanduel, $46.82 Under @ bovada",Houston Rockets @ New Orleans Pelicans,2025-12-19T01:10:00Z,6,0.8781859333333333,0.3448526,0.8781859333333333,False,,2025-12-18 20:20:47 ET
Harrison Barnes,player_rebounds,3.5,118,betrivers,0.45871559633027525,08:11:23 PM ET,-115,bovada,0.5348837209302325,08:17:48 PM ET,0.9935993172605078,0.6441915396177889,True,46.17,53.83,100.65,100.64,0.64,100.0,"Bet $46.17 Over @ betrivers, $53.83 Under @ bovada",Washington Wizards @ San Antonio Spurs,2025-12-19T01:12:00Z,4,9.411519266666666,2.9948526,9.411519266666666,True,"betrivers, bovada",2025-12-18 20:20:47 ET
Myles Turner,player_assists,1.5,154,draftkings,0.3937007874015749,08:20:20 PM ET,-150,betmgm,0.6,08:11:26 PM ET,0.9937007874015749,0.6339144215530945,True,39.62,60.38,100.63,100.63,0.63,100.0,"Bet $39.62 Over @ draftkings, $60.38 Under @ betmgm",Toronto Raptors @ Milwaukee Bucks,2025-12-19T01:11:00Z,3,0.46151926666666665,9.361519266666667,9.361519266666667,True,betmgm,2025-12-18 20:20:47 ET
Devin Vassell,player_assists,2.5,128,betrivers,0.4385964912280702,08:11:23 PM ET,-125,bovada,0.5555555555555556,08:17:48 PM ET,0.9941520467836258,0.588235294117645,True,44.12,55.88,100.59,100.58,0.58,100.0,"Bet $44.12 Over @ betrivers, $55.88 Under @ bovada",Washington Wizards @ San Antonio Spurs,2025-12-19T01:12:00Z,4,9.411519266666666,2.9948526,9.411519266666666,True,"betrivers, bovada",2025-12-18 20:20:47 ET
Collin Murray-Boyles,player_points_rebounds_assists,12.5,100,betmgm,0.5,08:11:26 PM ET,102,fanduel,0.49504950495049505,08:11:22 PM ET,0.995049504950495,0.4975124378109541,True,50.25,49.75,100.5,100.5,0.5,100.0,"Bet $50.25 Over @ betmgm, $49.75 Under @ fanduel",Toronto Raptors @ Milwaukee Bucks,2025-12-19T01:11:00Z,4,9.361519266666667,9.428185933333333,9.428185933333333,True,"betmgm, fanduel",2025-12-18 20:20:47 ET
Kyshawn George,player_rebounds,5.5,102,betrivers,0.49504950495049505,08:11:23 PM ET,100,fanduel,0.5,08:19:38 PM ET,0.995049504950495,0.4975124378109541,True,49.75,50.25,100.5,100.5,0.5,100.0,"Bet $49.75 Over @ betrivers, $50.25 Under @ fanduel",Washington Wizards @ San Antonio Spurs,2025-12-19T01:12:00Z,5,9.411519266666666,1.1615192666666667,9.411519266666666,True,betrivers,2025-12-18 20:20:47 ET
Tyrese Martin,player_threes,0.5,102,fanduel,0.49504950495049505,08:20:46 PM ET,100,draftkings,0.5,08:20:19 PM ET,0.995049504950495,0.4975124378109541,True,49.75,50.25,100.5,100.5,0.5,100.0,"Bet $49.75 Over @ fanduel, $50.25 Under @ draftkings",Miami Heat @ Brooklyn Nets,2025-12-19T00:41:00Z,2,0.028185933333333336,0.4781859333333333,0.4781859333333333,False,,2025-12-18 20:20:47 ET
Kyshawn George,player_threes,2.5,148,fanduel,0.4032258064516129,08:19:38 PM ET,-145,bovada,0.5918367346938775,08:17:48 PM ET,0.9950625411454904,0.49619583195501527,True,40.52,59.48,100.49,100.5,0.49,100.0,"Bet $40.52 Over @ fanduel, $59.48 Under @ bovada",Washington Wizards @ San Antonio Spurs,2025-12-19T01:12:00Z,8,1.1615192666666667,2.9948526,2.9948526,True,bovada,2025-12-18 20:20:47 ET
Sandro Mamukelashvili,player_points,12.5,-105,bovada,0.5121951219512195,08:18:49 PM ET,107,betrivers,0.4830917874396135,08:11:45 PM ET,0.995286909390833,0.4735409020954151,True,51.46,48.54,100.47,100.48,0.47,100.0,"Bet $51.46 Over @ bovada, $48.54 Under @ betrivers",Toronto Raptors @ Milwaukee Bucks,2025-12-19T01:11:00Z,2,1.9781859333333334,9.0448526,9.0448526,True,betrivers,2025-12-18 20:20:47 ET
Devin Vassell,player_points_rebounds_assists,21.5,112,betrivers,0.4716981132075472,08:11:23 PM ET,-110,betmgm,0.5238095238095238,08:09:48 PM ET,0.995507637017071,0.4512635379061436,True,47.38,52.62,100.45,100.46,0.45,100.0,"Bet $47.38 Over @ betrivers, $52.62 Under @ betmgm",Washington Wizards @ San Antonio Spurs,2025-12-19T01:12:00Z,3,9.411519266666666,10.9948526,10.9948526,True,"betrivers, betmgm",2025-12-18 20:20:47 ET
Dylan Harper,player_points_rebounds_assists,23.5,112,betrivers,0.4716981132075472,08:11:23 PM ET,-110,bovada,0.5238095238095238,08:17:48 PM ET,0.995507637017071,0.4512635379061436,True,47.38,52.62,100.45,100.46,0.45,100.0,"Bet $47.38 Over @ betrivers, $52.62 Under @ bovada",Washington Wizards @ San Antonio Spurs,2025-12-19T01:12:00Z,3,9.411519266666666,2.9948526,9.411519266666666,True,"betrivers, bovada",2025-12-18 20:20:47 ET
Derik Queen,player_points,11.5,-118,williamhill_us,0.5412844036697246,08:19:45 PM ET,120,betrivers,0.45454545454545453,08:10:29 PM ET,0.9958298582151792,0.41876046901172526,True,54.36,45.64,100.43,100.41,0.41,100.0,"Bet $54.36 Over @ williamhill_us, $45.64 Under @ betrivers",Houston Rockets @ New Orleans Pelicans,2025-12-19T01:10:00Z,4,1.0448526,10.311519266666666,10.311519266666666,True,betrivers,2025-12-18 20:20:47 ET
Sandro Mamukelashvili,player_points,13.5,125,bovada,0.4444444444444444,08:18:49 PM ET,-123,betonlineag,0.5515695067264574,08:11:58 PM ET,0.9960139511709019,0.4002001000500188,True,44.62,55.38,100.4,100.4,0.39,100.0,"Bet $44.62 Over @ bovada, $55.38 Under @ betonlineag",Toronto Raptors @ Milwaukee Bucks,2025-12-19T01:11:00Z,4,1.9781859333333334,8.828185933333334,8.828185933333334,True,betonlineag,2025-12-18 20:20:47 ET
Tim Hardaway Jr,player_threes,2.5,132,fanduel,0.43103448275862066,08:20:27 PM ET,-130,bovada,0.5652173913043478,08:20:21 PM ET,0.9962518740629684,0.3762227238525373,True,43.27,56.73,100.39,100.37,0.37,100.0,"Bet $43.27 Over @ fanduel, $56.73 Under @ bovada",Orlando Magic @ Denver Nuggets,2025-12-19T02:10:00Z,7,0.3448526,0.4448526,0.4448526,False,,2025-12-18 20:20:47 ET
Gary Trent Jr,player_rebounds,1.5,-140,draftkings,0.5833333333333335,08:20:20 PM ET,142,betonlineag,0.4132231404958678,08:11:58 PM ET,0.9965564738292012,0.3455425017276914,True,58.53,41.47,100.34,100.36,0.34,100.0,"Bet $58.53 Over @ draftkings, $41.47 Under @ betonlineag",Toronto Raptors @ Milwaukee Bucks,2025-12-19T01:11:00Z,4,0.46151926666666665,8.828185933333334,8.828185933333334,True,betonlineag,2025-12-18 20:20:47 ET
Dillon Brooks,player_points_rebounds_assists,24.5,105,bovada,0.4878048780487805,08:19:56 PM ET,-104,fanduel,0.5098039215686274,08:19:02 PM ET,0.9976087996174079,0.23969319271333056,True,48.9,51.1,100.24,100.23,0.23,100.0,"Bet $48.90 Over @ bovada, $51.10 Under @ fanduel",Golden State Warriors @ Phoenix Suns,2025-12-19T02:10:00Z,3,0.8615192666666667,1.7615192666666668,1.7615192666666668,False,,2025-12-18 20:20:47 ET
Kawhi Leonard,player_points_rebounds_assists,31.5,-104,fanduel,0.5098039215686274,08:09:46 PM ET,105,bovada,0.4878048780487805,08:19:33 PM ET,0.9976087996174079,0.23969319271333056,True,51.1,48.9,100.23,100.24,0.23,100.0,"Bet $51.10 Over @ fanduel, $48.90 Under @ bovada",Los Angeles Clippers @ Oklahoma City Thunder,2025-12-19T01:11:00Z,4,11.028185933333333,1.2448526000000002,11.028185933333333,True,fanduel,2025-12-18 20:20:47 ET
Nikola Jokic,player_points,30.5,106,betrivers,0.4854368932038835,08:20:37 PM ET,-105,betmgm,0.5121951219512195,08:19:51 PM ET,0.997632015155103,0.23736055067646866,True,48.66,51.34,100.24,100.24,0.24,100.0,"Bet $48.66 Over @ betrivers, $51.34 Under @ betmgm",Orlando Magic @ Denver Nuggets,2025-12-19T02:10:00Z,7,0.17818593333333332,0.9448526,0.9448526,False,,2025-12-18 20:20:47 ET
Collin Gillespie,player_points_rebounds_assists,23.5,110,bovada,0.47619047619047616,08:19:56 PM ET,-109,betrivers,0.5215311004784688,08:19:51 PM ET,0.997721576668945,0.22836263987211503,True,47.73,52.27,100.23,100.22,0.22,100.0,"Bet $47.73 Over @ bovada, $52.27 Under @ betrivers",Golden State Warriors @ Phoenix Suns,2025-12-19T02:10:00Z,7,0.8615192666666667,0.9448526,0.9448526,False,,2025-12-18 20:20:47 ET
Gary Trent Jr,player_points,10.5,-114,fanduel,0.5327102803738317,08:19:58 PM ET,115,bovada,0.46511627906976744,08:18:49 PM ET,0.9978265594435991,0.2178174689610124,True,53.39,46.61,100.22,100.21,0.21,100.0,"Bet $53.39 Over @ fanduel, $46.61 Under @ bovada",Toronto Raptors @ Milwaukee Bucks,2025-12-19T01:11:00Z,3,0.8281859333333333,1.9781859333333334,1.9781859333333334,False,,2025-12-18 20:20:47 ET
Michael Porter Jr,player_rebounds,6.5,-114,fanduel,0.5327102803738317,08:20:46 PM ET,115,bovada,0.46511627906976744,08:16:22 PM ET,0.9978265594435991,0.2178174689610124,True,53.39,46.61,100.22,100.21,0.21,100.0,"Bet $53.39 Over @ fanduel, $46.61 Under @ bovada",Miami Heat @ Brooklyn Nets,2025-12-19T00:41:00Z,4,0.028185933333333336,4.428185933333333,4.428185933333333,True,bovada,2025-12-18 20:20:47 ET
Ajay Mitchell,player_points,10.5,116,betrivers,0.4629629629629629,08:10:41 PM ET,-115,bovada,0.5348837209302325,08:19:33 PM ET,0.9978466838931954,0.21579628830386,True,46.4,53.6,100.22,100.21,0.21,100.0,"Bet $46.40 Over @ betrivers, $53.60 Under @ bovada",Los Angeles Clippers @ Oklahoma City Thunder,2025-12-19T01:11:00Z,6,10.111519266666667,1.2448526000000002,10.111519266666667,True,betrivers,2025-12-18 20:20:47 ET
Reed Sheppard,player_threes,2.5,126,fanduel,0.4424778761061947,08:19:55 PM ET,-125,draftkings,0.5555555555555556,08:20:00 PM ET,0.9980334316617503,0.19704433497536034,True,44.33,55.67,100.19,100.21,0.19,100.0,"Bet $44.33 Over @ fanduel, $55.67 Under @ draftkings",Houston Rockets @ New Orleans Pelicans,2025-12-19T01:10:00Z,7,0.8781859333333333,0.7948526,0.8781859333333333,False,,2025-12-18 20:20:47 ET
Kevin Durant,player_assists,4.5,155,bovada,0.392156862745098,08:20:27 PM ET,-154,betonlineag,0.6062992125984252,08:09:46 PM ET,0.9984560753435232,0.15463120457708257,True,39.28,60.72,100.16,100.15,0.15,100.0,"Bet $39.28 Over @ bovada, $60.72 Under @ betonlineag",Houston Rockets @ New Orleans Pelicans,2025-12-19T01:10:00Z,3,0.3448526,11.028185933333333,11.028185933333333,True,betonlineag,2025-12-18 20:20:47 ET
