player,market,line,best_over_odds,best_over_book,best_over_implied,best_under_odds,best_under_book,best_under_implied,total_prob,expected_profit_pct,is_arb,over_stake,under_stake,over_return,under_return,guaranteed_profit,total_wager,recommendation,game,game_time,num_bookmakers,over_minutes_stale,under_minutes_stale,over_last_update,under_last_update,fetch_time_et,max_staleness,is_stale,stale_bookmaker,verify_manually
Tre Jones,player_assists,4.5,150.0,bovada,0.4,-139.0,betrivers,0.5815899581589958,0.9815899581589959,1.8755328218243772,True,40.75,59.25,101.88,101.88,1.88,100.0,"Bet $40.75 Over @ bovada, $59.25 Under @ betrivers",Cleveland Cavaliers @ Chicago Bulls,2025-12-18T01:10:00Z,3,0.93,0.5,2025-12-17T16:59:46Z,2025-12-17T17:00:12Z,2025-12-17 12:00:41 ET,0.93,False,,False
Donovan Mitchell,player_assists,5.5,104.0,betrivers,0.49019607843137253,-103.0,betonlineag,0.5073891625615764,0.9975852409929489,0.2420604182804098,True,49.14,50.86,100.24,100.24,0.24,100.0,"Bet $49.14 Over @ betrivers, $50.86 Under @ betonlineag",Cleveland Cavaliers @ Chicago Bulls,2025-12-18T01:10:00Z,7,0.5,0.85,2025-12-17T17:00:12Z,2025-12-17T16:59:51Z,2025-12-17 12:00:41 ET,0.85,False,,False
Tre Jones,player_points_rebounds_assists,15.5,-105.0,bovada,0.5121951219512195,106.0,betrivers,0.4854368932038835,0.997632015155103,0.23736055067646866,True,51.34,48.66,100.24,100.24,0.24,100.0,"Bet $51.34 Over @ bovada, $48.66 Under @ betrivers",Cleveland Cavaliers @ Chicago Bulls,2025-12-18T01:10:00Z,7,0.93,0.5,2025-12-17T16:59:46Z,2025-12-17T17:00:12Z,2025-12-17 12:00:41 ET,0.93,False,,False
Donte DiVincenzo,player_points_rebounds_assists,21.5,-117.0,betrivers,0.5391705069124424,115.0,bovada,0.46511627906976744,1.0042867859822098,-0.4268487888165584,False,,,,,,,Don't bet - bookmaker has edge,Memphis Grizzlies @ Minnesota Timberwolves,2025-12-18T01:10:00Z,2,0.78,0.7,2025-12-17T16:59:55Z,2025-12-17T17:00:00Z,2025-12-17 12:00:41 ET,0.78,False,,False
Donte DiVincenzo,player_points_rebounds_assists,22.5,108.0,betrivers,0.4807692307692308,-110.0,bovada,0.5238095238095238,1.0045787545787546,-0.45578851412944044,False,,,,,,,Don't bet - bookmaker has edge,Memphis Grizzlies @ Minnesota Timberwolves,2025-12-18T01:10:00Z,6,0.78,0.7,2025-12-17T16:59:55Z,2025-12-17T17:00:00Z,2025-12-17 12:00:41 ET,0.78,False,,False
Donovan Mitchell,player_points_rebounds_assists,42.5,112.0,betrivers,0.4716981132075472,-115.0,bovada,0.5348837209302325,1.0065818341377797,-0.6538796861377483,False,,,,,,,Don't bet - bookmaker has edge,Cleveland Cavaliers @ Chicago Bulls,2025-12-18T01:10:00Z,3,0.5,0.93,2025-12-17T17:00:12Z,2025-12-17T16:59:46Z,2025-12-17 12:00:41 ET,0.93,False,,False
Donovan Mitchell,player_threes,3.5,-124.0,betrivers,0.5535714285714286,120.0,bovada,0.45454545454545453,1.0081168831168832,-0.8051529790660261,False,,,,,,,Don't bet - bookmaker has edge,Cleveland Cavaliers @ Chicago Bulls,2025-12-18T01:10:00Z,7,0.5,0.93,2025-12-17T17:00:12Z,2025-12-17T16:59:46Z,2025-12-17 12:00:41 ET,0.93,False,,False
Nikola Vucevic,player_assists,2.5,-140.0,fanduel,0.5833333333333334,135.0,bovada,0.425531914893617,1.0088652482269505,-0.8787346221441172,False,,,,,,,Don't bet - bookmaker has edge,Cleveland Cavaliers @ Chicago Bulls,2025-12-18T01:10:00Z,6,0.1,0.93,2025-12-17T17:00:36Z,2025-12-17T16:59:46Z,2025-12-17 12:00:41 ET,0.93,False,,False
Tre Jones,player_points,8.5,-125.0,bovada,0.5555555555555556,120.0,betrivers,0.45454545454545453,1.0101010101010102,-1.0000000000000009,False,,,,,,,Don't bet - bookmaker has edge,Cleveland Cavaliers @ Chicago Bulls,2025-12-18T01:10:00Z,2,0.93,0.5,2025-12-17T16:59:46Z,2025-12-17T17:00:12Z,2025-12-17 12:00:41 ET,0.93,False,,False
Tre Jones,player_points,9.5,110.0,bovada,0.47619047619047616,-115.0,draftkings,0.5348837209302325,1.0110741971207087,-1.0952902519167473,False,,,,,,,Don't bet - bookmaker has edge,Cleveland Cavaliers @ Chicago Bulls,2025-12-18T01:10:00Z,7,0.93,0.43,2025-12-17T16:59:46Z,2025-12-17T17:00:16Z,2025-12-17 12:00:41 ET,0.93,False,,False
Jaylen Wells,player_assists,1.5,-135.0,betmgm,0.574468085106383,128.0,betonlineag,0.43859649122807015,1.0130645763344532,-1.2896094325718588,False,,,,,,,Don't bet - bookmaker has edge,Memphis Grizzlies @ Minnesota Timberwolves,2025-12-18T01:10:00Z,2,0.82,1.72,2025-12-17T16:59:53Z,2025-12-17T16:58:59Z,2025-12-17 12:00:41 ET,1.72,False,,False
Coby White,player_points,22.5,110.0,betrivers,0.47619047619047616,-116.0,draftkings,0.5370370370370371,1.0132275132275133,-1.3054830287206332,False,,,,,,,Don't bet - bookmaker has edge,Cleveland Cavaliers @ Chicago Bulls,2025-12-18T01:10:00Z,3,0.5,0.43,2025-12-17T17:00:12Z,2025-12-17T17:00:16Z,2025-12-17 12:00:41 ET,0.5,False,,False
Naz Reid,player_threes,2.5,123.0,betrivers,0.4484304932735426,-130.0,bovada,0.5652173913043478,1.0136478845778905,-1.3464127716868668,False,,,,,,,Don't bet - bookmaker has edge,Memphis Grizzlies @ Minnesota Timberwolves,2025-12-18T01:10:00Z,7,0.78,0.7,2025-12-17T16:59:55Z,2025-12-17T17:00:00Z,2025-12-17 12:00:41 ET,0.78,False,,False
Julius Randle,player_blocks,0.5,310.0,betmgm,0.24390243902439024,-335.0,draftkings,0.7701149425287356,1.014017381553126,-1.3823610727122015,False,,,,,,,Don't bet - bookmaker has edge,Memphis Grizzlies @ Minnesota Timberwolves,2025-12-18T01:10:00Z,3,0.82,0.15,2025-12-17T16:59:53Z,2025-12-17T17:00:33Z,2025-12-17 12:00:41 ET,0.82,False,,False
Coby White,player_points_rebounds_assists,30.5,117.0,betrivers,0.4608294930875576,-124.0,draftkings,0.5535714285714286,1.0144009216589862,-1.4196479273140272,False,,,,,,,Don't bet - bookmaker has edge,Cleveland Cavaliers @ Chicago Bulls,2025-12-18T01:10:00Z,3,0.5,0.43,2025-12-17T17:00:12Z,2025-12-17T17:00:16Z,2025-12-17 12:00:41 ET,0.5,False,,False
Jaylon Tyson,player_rebounds,6.5,100.0,bovada,0.5,-106.0,draftkings,0.5145631067961165,1.0145631067961165,-1.4354066985645897,False,,,,,,,Don't bet - bookmaker has edge,Cleveland Cavaliers @ Chicago Bulls,2025-12-18T01:10:00Z,7,0.93,0.43,2025-12-17T16:59:46Z,2025-12-17T17:00:16Z,2025-12-17 12:00:41 ET,0.93,False,,False
Ja Morant,player_points_rebounds_assists,29.5,108.0,betrivers,0.4807692307692308,-115.0,bovada,0.5348837209302325,1.0156529516994632,-1.541171290180532,False,,,,,,,Don't bet - bookmaker has edge,Memphis Grizzlies @ Minnesota Timberwolves,2025-12-18T01:10:00Z,5,0.78,0.7,2025-12-17T16:59:55Z,2025-12-17T17:00:00Z,2025-12-17 12:00:41 ET,0.78,False,,False
Jaren Jackson Jr,player_points,19.5,105.0,bovada,0.4878048780487805,-112.0,draftkings,0.5283018867924528,1.0161067648412332,-1.5851449275362195,False,,,,,,,Don't bet - bookmaker has edge,Memphis Grizzlies @ Minnesota Timberwolves,2025-12-18T01:10:00Z,6,0.7,0.15,2025-12-17T17:00:00Z,2025-12-17T17:00:33Z,2025-12-17 12:00:41 ET,0.7,False,,False
Matas Buzelis,player_points,12.5,102.0,fanduel,0.49504950495049505,-109.0,betrivers,0.5215311004784688,1.016580605428964,-1.6310172887832541,False,,,,,,,Don't bet - bookmaker has edge,Cleveland Cavaliers @ Chicago Bulls,2025-12-18T01:10:00Z,7,0.1,0.5,2025-12-17T17:00:36Z,2025-12-17T17:00:12Z,2025-12-17 12:00:41 ET,0.5,False,,False
Jaylen Wells,player_points,13.5,-114.0,betonlineag,0.5327102803738317,106.0,betrivers,0.4854368932038835,1.0181471735777152,-1.7823723375813172,False,,,,,,,Don't bet - bookmaker has edge,Memphis Grizzlies @ Minnesota Timberwolves,2025-12-18T01:10:00Z,3,1.72,0.78,2025-12-17T16:58:59Z,2025-12-17T16:59:55Z,2025-12-17 12:00:41 ET,1.72,False,,False
Kevin Huerter,player_points,9.5,100.0,betmgm,0.5,-108.0,draftkings,0.5192307692307693,1.0192307692307692,-1.8867924528301772,False,,,,,,,Don't bet - bookmaker has edge,Cleveland Cavaliers @ Chicago Bulls,2025-12-18T01:10:00Z,5,0.72,0.43,2025-12-17T16:59:59Z,2025-12-17T17:00:16Z,2025-12-17 12:00:41 ET,0.72,False,,False
Jaylon Tyson,player_points,13.5,110.0,bovada,0.47619047619047616,-119.0,draftkings,0.54337899543379,1.019569471624266,-1.9193857965450922,False,,,,,,,Don't bet - bookmaker has edge,Cleveland Cavaliers @ Chicago Bulls,2025-12-18T01:10:00Z,4,0.93,0.43,2025-12-17T16:59:46Z,2025-12-17T17:00:16Z,2025-12-17 12:00:41 ET,0.93,False,,False
Jaren Jackson Jr,player_threes,1.5,-105.0,bovada,0.5121951219512195,-103.0,betonlineag,0.5073891625615764,1.019584284512796,-1.920810747112911,False,,,,,,,Don't bet - bookmaker has edge,Memphis Grizzlies @ Minnesota Timberwolves,2025-12-18T01:10:00Z,7,0.7,1.72,2025-12-17T17:00:00Z,2025-12-17T16:58:59Z,2025-12-17 12:00:41 ET,1.72,False,,False
Jock Landale,player_threes,0.5,-130.0,williamhill_us,0.5652173913043478,120.0,betonlineag,0.45454545454545453,1.0197628458498023,-1.9379844961240233,False,,,,,,,Don't bet - bookmaker has edge,Memphis Grizzlies @ Minnesota Timberwolves,2025-12-18T01:10:00Z,3,-0.0,1.72,2025-12-17T17:00:42Z,2025-12-17T16:58:59Z,2025-12-17 12:00:41 ET,1.72,False,,False
Darius Garland,player_points,21.5,120.0,bovada,0.45454545454545453,-130.0,betonlineag,0.5652173913043478,1.0197628458498023,-1.9379844961240233,False,,,,,,,Don't bet - bookmaker has edge,Cleveland Cavaliers @ Chicago Bulls,2025-12-18T01:10:00Z,3,0.93,1.03,2025-12-17T16:59:46Z,2025-12-17T16:59:40Z,2025-12-17 12:00:41 ET,1.03,False,,False
Jarrett Allen,player_rebounds,8.5,-130.0,fanduel,0.5652173913043478,120.0,bovada,0.45454545454545453,1.0197628458498023,-1.9379844961240233,False,,,,,,,Don't bet - bookmaker has edge,Cleveland Cavaliers @ Chicago Bulls,2025-12-18T01:10:00Z,3,0.1,0.93,2025-12-17T17:00:36Z,2025-12-17T16:59:46Z,2025-12-17 12:00:41 ET,0.93,False,,False
Jaden McDaniels,player_threes,1.5,120.0,betrivers,0.45454545454545453,-130.0,bovada,0.5652173913043478,1.0197628458498023,-1.9379844961240233,False,,,,,,,Don't bet - bookmaker has edge,Memphis Grizzlies @ Minnesota Timberwolves,2025-12-18T01:10:00Z,7,0.78,0.7,2025-12-17T16:59:55Z,2025-12-17T17:00:00Z,2025-12-17 12:00:41 ET,0.78,False,,False
Kevin Huerter,player_points_rebounds_assists,14.5,130.0,bovada,0.43478260869565216,-141.0,betonlineag,0.5850622406639004,1.0198448493595527,-1.9458694498496465,False,,,,,,,Don't bet - bookmaker has edge,Cleveland Cavaliers @ Chicago Bulls,2025-12-18T01:10:00Z,2,0.93,0.85,2025-12-17T16:59:46Z,2025-12-17T16:59:51Z,2025-12-17 12:00:41 ET,0.93,False,,False
Cedric Coward,player_assists,2.5,-150.0,betmgm,0.6,138.0,betrivers,0.42016806722689076,1.0201680672268907,-1.9769357495881268,False,,,,,,,Don't bet - bookmaker has edge,Memphis Grizzlies @ Minnesota Timberwolves,2025-12-18T01:10:00Z,4,0.82,0.78,2025-12-17T16:59:53Z,2025-12-17T16:59:55Z,2025-12-17 12:00:41 ET,0.82,False,,False
Jaren Jackson Jr,player_points_rebounds_assists,27.5,115.0,bovada,0.46511627906976744,-125.0,draftkings,0.5555555555555556,1.020671834625323,-2.0253164556962022,False,,,,,,,Don't bet - bookmaker has edge,Memphis Grizzlies @ Minnesota Timberwolves,2025-12-18T01:10:00Z,2,0.7,0.15,2025-12-17T17:00:00Z,2025-12-17T17:00:33Z,2025-12-17 12:00:41 ET,0.7,False,,False
Lonzo Ball,player_points_rebounds_assists,15.5,104.0,betrivers,0.49019607843137253,-113.0,draftkings,0.5305164319248826,1.020712510356255,-2.029220779220775,False,,,,,,,Don't bet - bookmaker has edge,Cleveland Cavaliers @ Chicago Bulls,2025-12-18T01:10:00Z,6,0.5,0.43,2025-12-17T17:00:12Z,2025-12-17T17:00:16Z,2025-12-17 12:00:41 ET,0.5,False,,False
Anthony Edwards,player_threes,3.5,125.0,bovada,0.4444444444444444,-136.0,fanduel,0.576271186440678,1.0207156308851224,-2.0295202952029467,False,,,,,,,Don't bet - bookmaker has edge,Memphis Grizzlies @ Minnesota Timberwolves,2025-12-18T01:10:00Z,7,0.7,1.28,2025-12-17T17:00:00Z,2025-12-17T16:59:25Z,2025-12-17 12:00:41 ET,1.28,False,,False
Jock Landale,player_rebounds,6.5,120.0,bovada,0.45454545454545453,-131.0,draftkings,0.5670995670995671,1.0216450216450217,-2.1186440677966156,False,,,,,,,Don't bet - bookmaker has edge,Memphis Grizzlies @ Minnesota Timberwolves,2025-12-18T01:10:00Z,6,0.7,0.15,2025-12-17T17:00:00Z,2025-12-17T17:00:33Z,2025-12-17 12:00:41 ET,0.7,False,,False
Ja Morant,player_points,18.5,108.0,betrivers,0.4807692307692308,-118.0,betmgm,0.5412844036697247,1.0220536344389555,-2.15777662696357,False,,,,,,,Don't bet - bookmaker has edge,Memphis Grizzlies @ Minnesota Timberwolves,2025-12-18T01:10:00Z,7,0.78,0.82,2025-12-17T16:59:55Z,2025-12-17T16:59:53Z,2025-12-17 12:00:41 ET,0.82,False,,False
Donovan Mitchell,player_rebounds,4.5,107.0,betrivers,0.4830917874396135,-117.0,draftkings,0.5391705069124424,1.0222622943520558,-2.1777477732528916,False,,,,,,,Don't bet - bookmaker has edge,Cleveland Cavaliers @ Chicago Bulls,2025-12-18T01:10:00Z,6,0.5,0.43,2025-12-17T17:00:12Z,2025-12-17T17:00:16Z,2025-12-17 12:00:41 ET,0.5,False,,False
Matas Buzelis,player_blocks,1.5,150.0,bovada,0.4,-165.0,betmgm,0.6226415094339622,1.0226415094339623,-2.2140221402214055,False,,,,,,,Don't bet - bookmaker has edge,Cleveland Cavaliers @ Chicago Bulls,2025-12-18T01:10:00Z,4,0.93,0.72,2025-12-17T16:59:46Z,2025-12-17T16:59:59Z,2025-12-17 12:00:41 ET,0.93,False,,False
Ja Morant,player_points_rebounds_assists,28.5,-115.0,betrivers,0.5348837209302325,105.0,bovada,0.4878048780487805,1.022688598979013,-2.2185246810870862,False,,,,,,,Don't bet - bookmaker has edge,Memphis Grizzlies @ Minnesota Timberwolves,2025-12-18T01:10:00Z,3,0.78,0.7,2025-12-17T16:59:55Z,2025-12-17T17:00:00Z,2025-12-17 12:00:41 ET,0.78,False,,False
Jaylen Wells,player_threes,1.5,-157.0,betrivers,0.6108949416342413,142.0,draftkings,0.4132231404958678,1.024118082130109,-2.3550098910415485,False,,,,,,,Don't bet - bookmaker has edge,Memphis Grizzlies @ Minnesota Timberwolves,2025-12-18T01:10:00Z,7,0.78,0.15,2025-12-17T16:59:55Z,2025-12-17T17:00:33Z,2025-12-17 12:00:41 ET,0.78,False,,False
Donovan Mitchell,player_points,31.5,-105.0,betonlineag,0.5121951219512195,-105.0,bovada,0.5121951219512195,1.024390243902439,-2.3809523809523836,False,,,,,,,Don't bet - bookmaker has edge,Cleveland Cavaliers @ Chicago Bulls,2025-12-18T01:10:00Z,7,1.03,0.93,2025-12-17T16:59:40Z,2025-12-17T16:59:46Z,2025-12-17 12:00:41 ET,1.03,False,,False
Donte DiVincenzo,player_points_rebounds_assists,20.5,-155.0,betrivers,0.6078431372549019,140.0,bovada,0.4166666666666667,1.0245098039215685,-2.392344497607646,False,,,,,,,Don't bet - bookmaker has edge,Memphis Grizzlies @ Minnesota Timberwolves,2025-12-18T01:10:00Z,2,0.78,0.7,2025-12-17T16:59:55Z,2025-12-17T17:00:00Z,2025-12-17 12:00:41 ET,0.78,False,,False
Tre Jones,player_points_rebounds_assists,16.5,115.0,bovada,0.46511627906976744,-127.0,betrivers,0.5594713656387665,1.024587644708534,-2.3997600239976102,False,,,,,,,Don't bet - bookmaker has edge,Cleveland Cavaliers @ Chicago Bulls,2025-12-18T01:10:00Z,2,0.93,0.5,2025-12-17T16:59:46Z,2025-12-17T17:00:12Z,2025-12-17 12:00:41 ET,0.93,False,,False
Donovan Mitchell,player_points_rebounds_assists,40.5,-127.0,betrivers,0.5594713656387665,115.0,bovada,0.46511627906976744,1.024587644708534,-2.3997600239976102,False,,,,,,,Don't bet - bookmaker has edge,Cleveland Cavaliers @ Chicago Bulls,2025-12-18T01:10:00Z,2,0.5,0.93,2025-12-17T17:00:12Z,2025-12-17T16:59:46Z,2025-12-17 12:00:41 ET,0.93,False,,False
Santi Aldama,player_points,15.5,105.0,betrivers,0.4878048780487805,-116.0,draftkings,0.5370370370370371,1.0248419150858177,-2.42397531952403,False,,,,,,,Don't bet - bookmaker has edge,Memphis Grizzlies @ Minnesota Timberwolves,2025-12-18T01:10:00Z,4,0.78,0.15,2025-12-17T16:59:55Z,2025-12-17T17:00:33Z,2025-12-17 12:00:41 ET,0.78,False,,False
Tre Jones,player_points,10.5,150.0,bovada,0.4,-167.0,betrivers,0.6254681647940075,1.0254681647940074,-2.483564645726799,False,,,,,,,Don't bet - bookmaker has edge,Cleveland Cavaliers @ Chicago Bulls,2025-12-18T01:10:00Z,2,0.93,0.5,2025-12-17T16:59:46Z,2025-12-17T17:00:12Z,2025-12-17 12:00:41 ET,0.93,False,,False
Donte DiVincenzo,player_assists,3.5,-150.0,betrivers,0.6,135.0,bovada,0.425531914893617,1.025531914893617,-2.4896265560165998,False,,,,,,,Don't bet - bookmaker has edge,Memphis Grizzlies @ Minnesota Timberwolves,2025-12-18T01:10:00Z,5,0.78,0.7,2025-12-17T16:59:55Z,2025-12-17T17:00:00Z,2025-12-17 12:00:41 ET,0.78,False,,False
Darius Garland,player_points_rebounds_assists,31.5,110.0,bovada,0.47619047619047616,-122.0,fanduel,0.5495495495495496,1.0257400257400258,-2.509410288582181,False,,,,,,,Don't bet - bookmaker has edge,Cleveland Cavaliers @ Chicago Bulls,2025-12-18T01:10:00Z,3,0.93,0.1,2025-12-17T16:59:46Z,2025-12-17T17:00:36Z,2025-12-17 12:00:41 ET,0.93,False,,False
Jaylon Tyson,player_threes,1.5,100.0,bovada,0.5,-111.0,draftkings,0.5260663507109005,1.0260663507109005,-2.5404157043879882,False,,,,,,,Don't bet - bookmaker has edge,Cleveland Cavaliers @ Chicago Bulls,2025-12-18T01:10:00Z,7,0.93,0.43,2025-12-17T16:59:46Z,2025-12-17T17:00:16Z,2025-12-17 12:00:41 ET,0.93,False,,False
De'Andre Hunter,player_points_rebounds_assists,20.5,100.0,bovada,0.5,-111.0,draftkings,0.5260663507109005,1.0260663507109005,-2.5404157043879882,False,,,,,,,Don't bet - bookmaker has edge,Cleveland Cavaliers @ Chicago Bulls,2025-12-18T01:10:00Z,5,0.93,0.43,2025-12-17T16:59:46Z,2025-12-17T17:00:16Z,2025-12-17 12:00:41 ET,0.93,False,,False
Julius Randle,player_assists,5.5,-109.0,betrivers,0.5215311004784688,-102.0,fanduel,0.504950495049505,1.0264815955279738,-2.579841240539038,False,,,,,,,Don't bet - bookmaker has edge,Memphis Grizzlies @ Minnesota Timberwolves,2025-12-18T01:10:00Z,7,0.78,1.28,2025-12-17T16:59:55Z,2025-12-17T16:59:25Z,2025-12-17 12:00:41 ET,1.28,False,,False
Ayo Dosunmu,player_threes,1.5,145.0,bovada,0.40816326530612246,-162.0,draftkings,0.6183206106870229,1.0264838759931454,-2.5800576718773782,False,,,,,,,Don't bet - bookmaker has edge,Cleveland Cavaliers @ Chicago Bulls,2025-12-18T01:10:00Z,6,0.93,0.43,2025-12-17T16:59:46Z,2025-12-17T17:00:16Z,2025-12-17 12:00:41 ET,0.93,False,,False
Darius Garland,player_assists,7.5,115.0,bovada,0.46511627906976744,-128.0,betonlineag,0.5614035087719298,1.0265197878416972,-2.5834658187599224,False,,,,,,,Don't bet - bookmaker has edge,Cleveland Cavaliers @ Chicago Bulls,2025-12-18T01:10:00Z,6,0.93,0.85,2025-12-17T16:59:46Z,2025-12-17T16:59:51Z,2025-12-17 12:00:41 ET,0.93,False,,False
Darius Garland,player_rebounds,2.5,-145.0,betmgm,0.5918367346938775,130.0,betonlineag,0.43478260869565216,1.0266193433895296,-2.5929127052722434,False,,,,,,,Don't bet - bookmaker has edge,Cleveland Cavaliers @ Chicago Bulls,2025-12-18T01:10:00Z,6,0.72,0.85,2025-12-17T16:59:59Z,2025-12-17T16:59:51Z,2025-12-17 12:00:41 ET,0.85,False,,False
Ayo Dosunmu,player_assists,2.5,-105.0,betmgm,0.5121951219512195,-106.0,draftkings,0.5145631067961165,1.026758228747336,-2.606088560885611,False,,,,,,,Don't bet - bookmaker has edge,Cleveland Cavaliers @ Chicago Bulls,2025-12-18T01:10:00Z,5,0.72,0.43,2025-12-17T16:59:59Z,2025-12-17T17:00:16Z,2025-12-17 12:00:41 ET,0.72,False,,False
Dean Wade,player_rebounds,4.5,-117.0,betrivers,0.5391705069124424,105.0,betmgm,0.4878048780487805,1.0269753849612229,-2.626682718616613,False,,,,,,,Don't bet - bookmaker has edge,Cleveland Cavaliers @ Chicago Bulls,2025-12-18T01:10:00Z,6,0.5,0.72,2025-12-17T17:00:12Z,2025-12-17T16:59:59Z,2025-12-17 12:00:41 ET,0.72,False,,False
Donovan Mitchell,player_points,32.5,112.0,betrivers,0.4716981132075472,-125.0,bovada,0.5555555555555556,1.0272536687631026,-2.6530612244897833,False,,,,,,,Don't bet - bookmaker has edge,Cleveland Cavaliers @ Chicago Bulls,2025-12-18T01:10:00Z,2,0.5,0.93,2025-12-17T17:00:12Z,2025-12-17T16:59:46Z,2025-12-17 12:00:41 ET,0.93,False,,False
Kevin Huerter,player_rebounds,2.5,125.0,betmgm,0.4444444444444444,-140.0,draftkings,0.5833333333333334,1.0277777777777777,-2.7027027027026973,False,,,,,,,Don't bet - bookmaker has edge,Cleveland Cavaliers @ Chicago Bulls,2025-12-18T01:10:00Z,5,0.72,0.43,2025-12-17T16:59:59Z,2025-12-17T17:00:16Z,2025-12-17 12:00:41 ET,0.72,False,,False
Jock Landale,player_points,9.5,100.0,betmgm,0.5,-112.0,fanduel,0.5283018867924528,1.0283018867924527,-2.752293577981635,False,,,,,,,Don't bet - bookmaker has edge,Memphis Grizzlies @ Minnesota Timberwolves,2025-12-18T01:10:00Z,6,0.82,1.28,2025-12-17T16:59:53Z,2025-12-17T16:59:25Z,2025-12-17 12:00:41 ET,1.28,False,,False
Ayo Dosunmu,player_points_rebounds_assists,16.5,100.0,bovada,0.5,-112.0,fanduel,0.5283018867924528,1.0283018867924527,-2.752293577981635,False,,,,,,,Don't bet - bookmaker has edge,Cleveland Cavaliers @ Chicago Bulls,2025-12-18T01:10:00Z,5,0.93,0.1,2025-12-17T16:59:46Z,2025-12-17T17:00:36Z,2025-12-17 12:00:41 ET,0.93,False,,False
Jaren Jackson Jr,player_points,18.5,-120.0,bovada,0.5454545454545454,107.0,betrivers,0.4830917874396135,1.0285463328941589,-2.7754056362083612,False,,,,,,,Don't bet - bookmaker has edge,Memphis Grizzlies @ Minnesota Timberwolves,2025-12-18T01:10:00Z,3,0.7,0.78,2025-12-17T17:00:00Z,2025-12-17T16:59:55Z,2025-12-17 12:00:41 ET,0.78,False,,False
Anthony Edwards,player_rebounds,5.5,120.0,betonlineag,0.45454545454545453,-135.0,bovada,0.574468085106383,1.0290135396518376,-2.819548872180455,False,,,,,,,Don't bet - bookmaker has edge,Memphis Grizzlies @ Minnesota Timberwolves,2025-12-18T01:10:00Z,6,1.72,0.7,2025-12-17T16:58:59Z,2025-12-17T17:00:00Z,2025-12-17 12:00:41 ET,1.72,False,,False
Josh Giddey,player_assists,8.5,105.0,bovada,0.4878048780487805,-118.0,betmgm,0.5412844036697247,1.0290892817185053,-2.826701456838454,False,,,,,,,Don't bet - bookmaker has edge,Cleveland Cavaliers @ Chicago Bulls,2025-12-18T01:10:00Z,8,0.93,0.72,2025-12-17T16:59:46Z,2025-12-17T16:59:59Z,2025-12-17 12:00:41 ET,0.93,False,,False
Matas Buzelis,player_points_rebounds_assists,19.5,105.0,bovada,0.4878048780487805,-118.0,draftkings,0.5412844036697247,1.0290892817185053,-2.826701456838454,False,,,,,,,Don't bet - bookmaker has edge,Cleveland Cavaliers @ Chicago Bulls,2025-12-18T01:10:00Z,3,0.93,0.43,2025-12-17T16:59:46Z,2025-12-17T17:00:16Z,2025-12-17 12:00:41 ET,0.93,False,,False
Jaylen Wells,player_points,14.5,110.0,bovada,0.47619047619047616,-124.0,draftkings,0.5535714285714286,1.0297619047619047,-2.8901734104046173,False,,,,,,,Don't bet - bookmaker has edge,Memphis Grizzlies @ Minnesota Timberwolves,2025-12-18T01:10:00Z,6,0.7,0.15,2025-12-17T17:00:00Z,2025-12-17T17:00:33Z,2025-12-17 12:00:41 ET,0.7,False,,False
Donovan Mitchell,player_points,30.5,-130.0,betrivers,0.5652173913043478,115.0,bovada,0.46511627906976744,1.0303336703741153,-2.944062806673209,False,,,,,,,Don't bet - bookmaker has edge,Cleveland Cavaliers @ Chicago Bulls,2025-12-18T01:10:00Z,2,0.5,0.93,2025-12-17T17:00:12Z,2025-12-17T16:59:46Z,2025-12-17 12:00:41 ET,0.93,False,,False
Jarrett Allen,player_rebounds,9.5,115.0,williamhill_us,0.46511627906976744,-130.0,betrivers,0.5652173913043478,1.0303336703741153,-2.944062806673209,False,,,,,,,Don't bet - bookmaker has edge,Cleveland Cavaliers @ Chicago Bulls,2025-12-18T01:10:00Z,5,0.73,0.5,2025-12-17T16:59:58Z,2025-12-17T17:00:12Z,2025-12-17 12:00:41 ET,0.73,False,,False
Kevin Huerter,player_threes,1.5,115.0,betmgm,0.46511627906976744,-130.0,bovada,0.5652173913043478,1.0303336703741153,-2.944062806673209,False,,,,,,,Don't bet - bookmaker has edge,Cleveland Cavaliers @ Chicago Bulls,2025-12-18T01:10:00Z,6,0.72,0.93,2025-12-17T16:59:59Z,2025-12-17T16:59:46Z,2025-12-17 12:00:41 ET,0.93,False,,False
Santi Aldama,player_threes,1.5,-152.0,betrivers,0.6031746031746031,134.0,draftkings,0.42735042735042733,1.0305250305250304,-2.962085308056861,False,,,,,,,Don't bet - bookmaker has edge,Memphis Grizzlies @ Minnesota Timberwolves,2025-12-18T01:10:00Z,7,0.78,0.15,2025-12-17T16:59:55Z,2025-12-17T17:00:33Z,2025-12-17 12:00:41 ET,0.78,False,,False
Santi Aldama,player_points_rebounds_assists,25.5,-105.0,bovada,0.5121951219512195,-108.0,draftkings,0.5192307692307693,1.0314258911819887,-3.0468394724874837,False,,,,,,,Don't bet - bookmaker has edge,Memphis Grizzlies @ Minnesota Timberwolves,2025-12-18T01:10:00Z,5,0.7,0.15,2025-12-17T17:00:00Z,2025-12-17T17:00:33Z,2025-12-17 12:00:41 ET,0.7,False,,False
Rudy Gobert,player_rebounds,11.5,104.0,betrivers,0.49019607843137253,-118.0,betmgm,0.5412844036697247,1.0314804821010972,-3.0519707010812636,False,,,,,,,Don't bet - bookmaker has edge,Memphis Grizzlies @ Minnesota Timberwolves,2025-12-18T01:10:00Z,7,0.78,0.82,2025-12-17T16:59:55Z,2025-12-17T16:59:53Z,2025-12-17 12:00:41 ET,0.82,False,,False
Naz Reid,player_rebounds,6.5,110.0,betrivers,0.47619047619047616,-125.0,bovada,0.5555555555555556,1.0317460317460316,-3.076923076923066,False,,,,,,,Don't bet - bookmaker has edge,Memphis Grizzlies @ Minnesota Timberwolves,2025-12-18T01:10:00Z,7,0.78,0.7,2025-12-17T16:59:55Z,2025-12-17T17:00:00Z,2025-12-17 12:00:41 ET,0.78,False,,False
Jaylon Tyson,player_points_rebounds_assists,21.5,-114.0,fanduel,0.5327102803738317,100.0,bovada,0.5,1.0327102803738317,-3.167420814479638,False,,,,,,,Don't bet - bookmaker has edge,Cleveland Cavaliers @ Chicago Bulls,2025-12-18T01:10:00Z,3,0.1,0.93,2025-12-17T17:00:36Z,2025-12-17T16:59:46Z,2025-12-17 12:00:41 ET,0.93,False,,False
Julius Randle,player_threes,1.5,-143.0,betrivers,0.588477366255144,125.0,bovada,0.4444444444444444,1.0329218106995883,-3.1872509960159223,False,,,,,,,Don't bet - bookmaker has edge,Memphis Grizzlies @ Minnesota Timberwolves,2025-12-18T01:10:00Z,7,0.78,0.7,2025-12-17T16:59:55Z,2025-12-17T17:00:00Z,2025-12-17 12:00:41 ET,0.78,False,,False
Ja Morant,player_points_rebounds_assists,27.5,-143.0,betrivers,0.588477366255144,125.0,bovada,0.4444444444444444,1.0329218106995883,-3.1872509960159223,False,,,,,,,Don't bet - bookmaker has edge,Memphis Grizzlies @ Minnesota Timberwolves,2025-12-18T01:10:00Z,2,0.78,0.7,2025-12-17T16:59:55Z,2025-12-17T17:00:00Z,2025-12-17 12:00:41 ET,0.78,False,,False
Josh Giddey,player_points_rebounds_assists,34.5,-135.0,bovada,0.574468085106383,118.0,betrivers,0.45871559633027525,1.0331836814366584,-3.211789155488398,False,,,,,,,Don't bet - bookmaker has edge,Cleveland Cavaliers @ Chicago Bulls,2025-12-18T01:10:00Z,2,0.93,0.5,2025-12-17T16:59:46Z,2025-12-17T17:00:12Z,2025-12-17 12:00:41 ET,0.93,False,,False
Tre Jones,player_assists,3.5,-135.0,bovada,0.574468085106383,118.0,fanduel,0.45871559633027525,1.0331836814366584,-3.211789155488398,False,,,,,,,Don't bet - bookmaker has edge,Cleveland Cavaliers @ Chicago Bulls,2025-12-18T01:10:00Z,5,0.93,0.1,2025-12-17T16:59:46Z,2025-12-17T17:00:36Z,2025-12-17 12:00:41 ET,0.93,False,,False
Jaren Jackson Jr,player_assists,2.5,152.0,draftkings,0.3968253968253968,-175.0,betonlineag,0.6363636363636364,1.0331890331890332,-3.2122905027933024,False,,,,,,,Don't bet - bookmaker has edge,Memphis Grizzlies @ Minnesota Timberwolves,2025-12-18T01:10:00Z,4,0.15,1.72,2025-12-17T17:00:33Z,2025-12-17T16:58:59Z,2025-12-17 12:00:41 ET,1.72,False,,False
Jaylon Tyson,player_points,12.5,-120.0,bovada,0.5454545454545454,105.0,betmgm,0.4878048780487805,1.033259423503326,-3.2188841201716722,False,,,,,,,Don't bet - bookmaker has edge,Cleveland Cavaliers @ Chicago Bulls,2025-12-18T01:10:00Z,5,0.93,0.72,2025-12-17T16:59:46Z,2025-12-17T16:59:59Z,2025-12-17 12:00:41 ET,0.93,False,,False
Ja Morant,player_points,17.5,-120.0,betrivers,0.5454545454545454,105.0,bovada,0.4878048780487805,1.033259423503326,-3.2188841201716722,False,,,,,,,Don't bet - bookmaker has edge,Memphis Grizzlies @ Minnesota Timberwolves,2025-12-18T01:10:00Z,3,0.78,0.7,2025-12-17T16:59:55Z,2025-12-17T17:00:00Z,2025-12-17 12:00:41 ET,0.78,False,,False
Jaylen Wells,player_points_rebounds_assists,20.5,105.0,betmgm,0.4878048780487805,-120.0,bovada,0.5454545454545454,1.033259423503326,-3.2188841201716722,False,,,,,,,Don't bet - bookmaker has edge,Memphis Grizzlies @ Minnesota Timberwolves,2025-12-18T01:10:00Z,3,0.82,0.7,2025-12-17T16:59:53Z,2025-12-17T17:00:00Z,2025-12-17 12:00:41 ET,0.82,False,,False
Donovan Mitchell,player_points_rebounds_assists,39.5,-155.0,betrivers,0.6078431372549019,135.0,bovada,0.425531914893617,1.033375052148519,-3.229713362939035,False,,,,,,,Don't bet - bookmaker has edge,Cleveland Cavaliers @ Chicago Bulls,2025-12-18T01:10:00Z,2,0.5,0.93,2025-12-17T17:00:12Z,2025-12-17T16:59:46Z,2025-12-17 12:00:41 ET,0.93,False,,False
Jaren Jackson Jr,player_points_rebounds_assists,26.5,-105.0,bovada,0.5121951219512195,-109.0,betonlineag,0.5215311004784688,1.0337262224296884,-3.2625874915330755,False,,,,,,,Don't bet - bookmaker has edge,Memphis Grizzlies @ Minnesota Timberwolves,2025-12-18T01:10:00Z,3,0.7,1.72,2025-12-17T17:00:00Z,2025-12-17T16:58:59Z,2025-12-17 12:00:41 ET,1.72,False,,False
Anthony Edwards,player_assists,4.5,109.0,draftkings,0.4784688995215311,-125.0,bovada,0.5555555555555556,1.0340244550770867,-3.2904884318766148,False,,,,,,,Don't bet - bookmaker has edge,Memphis Grizzlies @ Minnesota Timberwolves,2025-12-18T01:10:00Z,7,0.15,0.7,2025-12-17T17:00:33Z,2025-12-17T17:00:00Z,2025-12-17 12:00:41 ET,0.7,False,,False
Cedric Coward,player_threes,1.5,115.0,betmgm,0.46511627906976744,-132.0,draftkings,0.5689655172413793,1.0340817963111468,-3.2958511050794947,False,,,,,,,Don't bet - bookmaker has edge,Memphis Grizzlies @ Minnesota Timberwolves,2025-12-18T01:10:00Z,7,0.82,0.15,2025-12-17T16:59:53Z,2025-12-17T17:00:33Z,2025-12-17 12:00:41 ET,0.82,False,,False
Ja Morant,player_rebounds,3.5,-115.0,betrivers,0.5348837209302325,100.0,draftkings,0.5,1.0348837209302326,-3.370786516853941,False,,,,,,,Don't bet - bookmaker has edge,Memphis Grizzlies @ Minnesota Timberwolves,2025-12-18T01:10:00Z,6,0.78,0.15,2025-12-17T16:59:55Z,2025-12-17T17:00:33Z,2025-12-17 12:00:41 ET,0.78,False,,False
Anthony Edwards,player_rebounds,4.5,-162.0,betrivers,0.6183206106870229,140.0,bovada,0.4166666666666667,1.0349872773536897,-3.380454824830992,False,,,,,,,Don't bet - bookmaker has edge,Memphis Grizzlies @ Minnesota Timberwolves,2025-12-18T01:10:00Z,2,0.78,0.7,2025-12-17T16:59:55Z,2025-12-17T17:00:00Z,2025-12-17 12:00:41 ET,0.78,False,,False
Jaren Jackson Jr,player_rebounds,5.5,128.0,betonlineag,0.43859649122807015,-148.0,betrivers,0.5967741935483871,1.0353706847764572,-3.416233943700464,False,,,,,,,Don't bet - bookmaker has edge,Memphis Grizzlies @ Minnesota Timberwolves,2025-12-18T01:10:00Z,4,1.72,0.78,2025-12-17T16:58:59Z,2025-12-17T16:59:55Z,2025-12-17 12:00:41 ET,1.72,False,,False
Dean Wade,player_points,6.5,-113.0,draftkings,0.5305164319248826,-102.0,fanduel,0.504950495049505,1.0354669269743875,-3.425210989405625,False,,,,,,,Don't bet - bookmaker has edge,Cleveland Cavaliers @ Chicago Bulls,2025-12-18T01:10:00Z,6,0.43,0.1,2025-12-17T17:00:16Z,2025-12-17T17:00:36Z,2025-12-17 12:00:41 ET,0.43,False,,False
Jaren Jackson Jr,player_blocks,1.5,178.0,fanduel,0.3597122302158273,-210.0,draftkings,0.6774193548387096,1.0371315850545368,-3.5802192884313966,False,,,,,,,Don't bet - bookmaker has edge,Memphis Grizzlies @ Minnesota Timberwolves,2025-12-18T01:10:00Z,4,1.28,0.15,2025-12-17T16:59:25Z,2025-12-17T17:00:33Z,2025-12-17 12:00:41 ET,1.28,False,,False
De'Andre Hunter,player_rebounds,3.5,-148.0,betrivers,0.5967741935483871,127.0,williamhill_us,0.44052863436123346,1.0373028279096206,-3.596136721693266,False,,,,,,,Don't bet - bookmaker has edge,Cleveland Cavaliers @ Chicago Bulls,2025-12-18T01:10:00Z,3,0.5,0.73,2025-12-17T17:00:12Z,2025-12-17T16:59:58Z,2025-12-17 12:00:41 ET,0.73,False,,False
Donovan Mitchell,player_steals,1.5,116.0,fanduel,0.46296296296296297,-135.0,bovada,0.574468085106383,1.037431048069346,-3.6080516521078687,False,,,,,,,Don't bet - bookmaker has edge,Cleveland Cavaliers @ Chicago Bulls,2025-12-18T01:10:00Z,3,0.12,0.93,2025-12-17T17:00:35Z,2025-12-17T16:59:46Z,2025-12-17 12:00:41 ET,0.93,False,,False
Jaren Jackson Jr,player_points,20.5,130.0,bovada,0.43478260869565216,-152.0,betrivers,0.6031746031746031,1.0379572118702554,-3.656914893617025,False,,,,,,,Don't bet - bookmaker has edge,Memphis Grizzlies @ Minnesota Timberwolves,2025-12-18T01:10:00Z,2,0.7,0.78,2025-12-17T17:00:00Z,2025-12-17T16:59:55Z,2025-12-17 12:00:41 ET,0.78,False,,False
Coby White,player_assists,3.5,-152.0,fanduel,0.6031746031746031,130.0,betmgm,0.43478260869565216,1.0379572118702554,-3.656914893617025,False,,,,,,,Don't bet - bookmaker has edge,Cleveland Cavaliers @ Chicago Bulls,2025-12-18T01:10:00Z,5,0.1,0.72,2025-12-17T17:00:36Z,2025-12-17T16:59:59Z,2025-12-17 12:00:41 ET,0.72,False,,False
De'Andre Hunter,player_rebounds,4.5,134.0,fanduel,0.42735042735042733,-157.0,draftkings,0.6108949416342413,1.0382453689846687,-3.6836541849514792,False,,,,,,,Don't bet - bookmaker has edge,Cleveland Cavaliers @ Chicago Bulls,2025-12-18T01:10:00Z,3,0.1,0.43,2025-12-17T17:00:36Z,2025-12-17T17:00:16Z,2025-12-17 12:00:41 ET,0.43,False,,False
Donovan Mitchell,player_points_rebounds_assists,41.5,-106.0,betrivers,0.5145631067961165,-110.0,bovada,0.5238095238095238,1.0383726306056404,-3.695458593054335,False,,,,,,,Don't bet - bookmaker has edge,Cleveland Cavaliers @ Chicago Bulls,2025-12-18T01:10:00Z,5,0.5,0.93,2025-12-17T17:00:12Z,2025-12-17T16:59:46Z,2025-12-17 12:00:41 ET,0.93,False,,False
Donte DiVincenzo,player_threes,3.5,142.0,fanduel,0.4132231404958678,-167.0,betrivers,0.6254681647940075,1.0386913052898752,-3.725005215007293,False,,,,,,,Don't bet - bookmaker has edge,Memphis Grizzlies @ Minnesota Timberwolves,2025-12-18T01:10:00Z,7,1.28,0.78,2025-12-17T16:59:25Z,2025-12-17T16:59:55Z,2025-12-17 12:00:41 ET,1.28,False,,False
Josh Giddey,player_points,19.5,100.0,bovada,0.5,-117.0,draftkings,0.5391705069124424,1.0391705069124424,-3.7694013303769425,False,,,,,,,Don't bet - bookmaker has edge,Cleveland Cavaliers @ Chicago Bulls,2025-12-18T01:10:00Z,6,0.93,0.43,2025-12-17T16:59:46Z,2025-12-17T17:00:16Z,2025-12-17 12:00:41 ET,0.93,False,,False
Ja Morant,player_points,16.5,-159.0,betrivers,0.6138996138996139,135.0,bovada,0.425531914893617,1.039431528793231,-3.793566743064891,False,,,,,,,Don't bet - bookmaker has edge,Memphis Grizzlies @ Minnesota Timberwolves,2025-12-18T01:10:00Z,2,0.78,0.7,2025-12-17T16:59:55Z,2025-12-17T17:00:00Z,2025-12-17 12:00:41 ET,0.78,False,,False
Cedric Coward,player_rebounds,6.5,-102.0,fanduel,0.504950495049505,-115.0,bovada,0.5348837209302325,1.0398342159797376,-3.8308237378210874,False,,,,,,,Don't bet - bookmaker has edge,Memphis Grizzlies @ Minnesota Timberwolves,2025-12-18T01:10:00Z,7,1.28,0.7,2025-12-17T16:59:25Z,2025-12-17T17:00:00Z,2025-12-17 12:00:41 ET,1.28,False,,False
Coby White,player_points,21.5,-113.0,betrivers,0.5305164319248826,-104.0,fanduel,0.5098039215686274,1.04032035349351,-3.875763206795846,False,,,,,,,Don't bet - bookmaker has edge,Cleveland Cavaliers @ Chicago Bulls,2025-12-18T01:10:00Z,5,0.5,0.1,2025-12-17T17:00:12Z,2025-12-17T17:00:36Z,2025-12-17 12:00:41 ET,0.5,False,,False
Nikola Vucevic,player_points,14.5,-112.0,fanduel,0.5283018867924528,-105.0,betmgm,0.5121951219512195,1.0404970087436722,-3.892083149049086,False,,,,,,,Don't bet - bookmaker has edge,Cleveland Cavaliers @ Chicago Bulls,2025-12-18T01:10:00Z,7,0.1,0.72,2025-12-17T17:00:36Z,2025-12-17T16:59:59Z,2025-12-17 12:00:41 ET,0.72,False,,False
Jaden McDaniels,player_points,14.5,-120.0,draftkings,0.5454545454545454,102.0,betrivers,0.49504950495049505,1.0405040504050405,-3.8927335640138394,False,,,,,,,Don't bet - bookmaker has edge,Memphis Grizzlies @ Minnesota Timberwolves,2025-12-18T01:10:00Z,5,0.15,0.78,2025-12-17T17:00:33Z,2025-12-17T16:59:55Z,2025-12-17 12:00:41 ET,0.78,False,,False
Donte DiVincenzo,player_points,14.5,112.0,betrivers,0.4716981132075472,-132.0,fanduel,0.5689655172413793,1.0406636304489265,-3.907471084713976,False,,,,,,,Don't bet - bookmaker has edge,Memphis Grizzlies @ Minnesota Timberwolves,2025-12-18T01:10:00Z,4,0.78,1.28,2025-12-17T16:59:55Z,2025-12-17T16:59:25Z,2025-12-17 12:00:41 ET,1.28,False,,False
Naz Reid,player_points_rebounds_assists,23.5,-107.0,draftkings,0.5169082125603864,-110.0,fanduel,0.5238095238095238,1.0407177363699103,-3.9124668435013277,False,,,,,,,Don't bet - bookmaker has edge,Memphis Grizzlies @ Minnesota Timberwolves,2025-12-18T01:10:00Z,5,0.15,1.28,2025-12-17T17:00:33Z,2025-12-17T16:59:25Z,2025-12-17 12:00:41 ET,1.28,False,,False
Coby White,player_assists,4.5,135.0,bovada,0.425531914893617,-160.0,draftkings,0.6153846153846154,1.0409165302782324,-3.9308176100628867,False,,,,,,,Don't bet - bookmaker has edge,Cleveland Cavaliers @ Chicago Bulls,2025-12-18T01:10:00Z,3,0.93,0.43,2025-12-17T16:59:46Z,2025-12-17T17:00:16Z,2025-12-17 12:00:41 ET,0.93,False,,False
Lonzo Ball,player_rebounds,4.5,120.0,betmgm,0.45454545454545453,-142.0,draftkings,0.5867768595041323,1.0413223140495869,-3.9682539682539764,False,,,,,,,Don't bet - bookmaker has edge,Cleveland Cavaliers @ Chicago Bulls,2025-12-18T01:10:00Z,5,0.72,0.43,2025-12-17T16:59:59Z,2025-12-17T17:00:16Z,2025-12-17 12:00:41 ET,0.72,False,,False
Lonzo Ball,player_threes,1.5,115.0,bovada,0.46511627906976744,-136.0,fanduel,0.576271186440678,1.0413874655104454,-3.97426192278576,False,,,,,,,Don't bet - bookmaker has edge,Cleveland Cavaliers @ Chicago Bulls,2025-12-18T01:10:00Z,7,0.93,0.1,2025-12-17T16:59:46Z,2025-12-17T17:00:36Z,2025-12-17 12:00:41 ET,0.93,False,,False
Anthony Edwards,player_points_rebounds_assists,38.5,110.0,betrivers,0.47619047619047616,-130.0,bovada,0.5652173913043478,1.041407867494824,-3.9761431411530768,False,,,,,,,Don't bet - bookmaker has edge,Memphis Grizzlies @ Minnesota Timberwolves,2025-12-18T01:10:00Z,2,0.78,0.7,2025-12-17T16:59:55Z,2025-12-17T17:00:00Z,2025-12-17 12:00:41 ET,0.78,False,,False
Ayo Dosunmu,player_rebounds,2.5,-130.0,betonlineag,0.5652173913043478,110.0,draftkings,0.47619047619047616,1.041407867494824,-3.9761431411530768,False,,,,,,,Don't bet - bookmaker has edge,Cleveland Cavaliers @ Chicago Bulls,2025-12-18T01:10:00Z,5,0.85,0.43,2025-12-17T16:59:51Z,2025-12-17T17:00:16Z,2025-12-17 12:00:41 ET,0.85,False,,False
Santi Aldama,player_rebounds,6.5,-130.0,bovada,0.5652173913043478,110.0,fanduel,0.47619047619047616,1.041407867494824,-3.9761431411530768,False,,,,,,,Don't bet - bookmaker has edge,Memphis Grizzlies @ Minnesota Timberwolves,2025-12-18T01:10:00Z,7,0.7,1.28,2025-12-17T17:00:00Z,2025-12-17T16:59:25Z,2025-12-17 12:00:41 ET,1.28,False,,False
Cedric Coward,player_points,13.5,-135.0,bovada,0.574468085106383,114.0,betrivers,0.4672897196261682,1.0417578047325513,-4.008398549341486,False,,,,,,,Don't bet - bookmaker has edge,Memphis Grizzlies @ Minnesota Timberwolves,2025-12-18T01:10:00Z,2,0.7,0.78,2025-12-17T17:00:00Z,2025-12-17T16:59:55Z,2025-12-17 12:00:41 ET,0.78,False,,False
Donte DiVincenzo,player_rebounds,3.5,-152.0,betrivers,0.6031746031746031,128.0,fanduel,0.43859649122807015,1.0417710944026732,-4.009623095429015,False,,,,,,,Don't bet - bookmaker has edge,Memphis Grizzlies @ Minnesota Timberwolves,2025-12-18T01:10:00Z,3,0.78,1.28,2025-12-17T16:59:55Z,2025-12-17T16:59:25Z,2025-12-17 12:00:41 ET,1.28,False,,False
Kentavious Caldwell-Pope,player_rebounds,2.5,118.0,betonlineag,0.45871559633027525,-140.0,betmgm,0.5833333333333334,1.0420489296636086,-4.03521643433603,False,,,,,,,Don't bet - bookmaker has edge,Memphis Grizzlies @ Minnesota Timberwolves,2025-12-18T01:10:00Z,5,1.72,0.82,2025-12-17T16:58:59Z,2025-12-17T16:59:53Z,2025-12-17 12:00:41 ET,1.72,False,,False
Jaylen Wells,player_points,15.5,140.0,bovada,0.4166666666666667,-167.0,betrivers,0.6254681647940075,1.0421348314606742,-4.043126684636123,False,,,,,,,Don't bet - bookmaker has edge,Memphis Grizzlies @ Minnesota Timberwolves,2025-12-18T01:10:00Z,2,0.7,0.78,2025-12-17T17:00:00Z,2025-12-17T16:59:55Z,2025-12-17 12:00:41 ET,0.78,False,,False
Coby White,player_threes,2.5,107.0,williamhill_us,0.4830917874396135,-127.0,betrivers,0.5594713656387665,1.04256315307838,-4.082549143685322,False,,,,,,,Don't bet - bookmaker has edge,Cleveland Cavaliers @ Chicago Bulls,2025-12-18T01:10:00Z,7,0.73,0.5,2025-12-17T16:59:58Z,2025-12-17T17:00:12Z,2025-12-17 12:00:41 ET,0.73,False,,False
De'Andre Hunter,player_assists,1.5,-113.0,draftkings,0.5305164319248826,-105.0,williamhill_us,0.5121951219512195,1.042711553876102,-4.096200307489561,False,,,,,,,Don't bet - bookmaker has edge,Cleveland Cavaliers @ Chicago Bulls,2025-12-18T01:10:00Z,3,0.43,0.73,2025-12-17T17:00:16Z,2025-12-17T16:59:58Z,2025-12-17 12:00:41 ET,0.73,False,,False
Kentavious Caldwell-Pope,player_points_rebounds_assists,13.5,-108.0,fanduel,0.5192307692307693,-110.0,betmgm,0.5238095238095238,1.043040293040293,-4.126426690079022,False,,,,,,,Don't bet - bookmaker has edge,Memphis Grizzlies @ Minnesota Timberwolves,2025-12-18T01:10:00Z,4,1.28,0.82,2025-12-17T16:59:25Z,2025-12-17T16:59:53Z,2025-12-17 12:00:41 ET,1.28,False,,False
Josh Giddey,player_points_rebounds_assists,36.5,100.0,bovada,0.5,-119.0,draftkings,0.54337899543379,1.04337899543379,-4.157549234135671,False,,,,,,,Don't bet - bookmaker has edge,Cleveland Cavaliers @ Chicago Bulls,2025-12-18T01:10:00Z,5,0.93,0.43,2025-12-17T16:59:46Z,2025-12-17T17:00:16Z,2025-12-17 12:00:41 ET,0.93,False,,False
Donovan Mitchell,player_points,29.5,-162.0,betrivers,0.6183206106870229,135.0,bovada,0.425531914893617,1.04385252558064,-4.201026917690987,False,,,,,,,Don't bet - bookmaker has edge,Cleveland Cavaliers @ Chicago Bulls,2025-12-18T01:10:00Z,2,0.5,0.93,2025-12-17T17:00:12Z,2025-12-17T16:59:46Z,2025-12-17 12:00:41 ET,0.93,False,,False
Matas Buzelis,player_points,13.5,125.0,bovada,0.4444444444444444,-150.0,betrivers,0.6,1.0444444444444443,-4.255319148936154,False,,,,,,,Don't bet - bookmaker has edge,Cleveland Cavaliers @ Chicago Bulls,2025-12-18T01:10:00Z,2,0.93,0.5,2025-12-17T16:59:46Z,2025-12-17T17:00:12Z,2025-12-17 12:00:41 ET,0.93,False,,False
Josh Giddey,player_points_rebounds_assists,35.5,-115.0,bovada,0.5348837209302325,-104.0,betrivers,0.5098039215686274,1.04468764249886,-4.277608031427327,False,,,,,,,Don't bet - bookmaker has edge,Cleveland Cavaliers @ Chicago Bulls,2025-12-18T01:10:00Z,3,0.93,0.5,2025-12-17T16:59:46Z,2025-12-17T17:00:12Z,2025-12-17 12:00:41 ET,0.93,False,,False
Ayo Dosunmu,player_points,10.5,-115.0,betmgm,0.5348837209302325,-104.0,fanduel,0.5098039215686274,1.04468764249886,-4.277608031427327,False,,,,,,,Don't bet - bookmaker has edge,Cleveland Cavaliers @ Chicago Bulls,2025-12-18T01:10:00Z,6,0.72,0.1,2025-12-17T16:59:59Z,2025-12-17T17:00:36Z,2025-12-17 12:00:41 ET,0.72,False,,False
Jarrett Allen,player_points,14.5,-105.0,bovada,0.5121951219512195,-114.0,betrivers,0.5327102803738317,1.0449054023250512,-4.297556719022689,False,,,,,,,Don't bet - bookmaker has edge,Cleveland Cavaliers @ Chicago Bulls,2025-12-18T01:10:00Z,6,0.93,0.5,2025-12-17T16:59:46Z,2025-12-17T17:00:12Z,2025-12-17 12:00:41 ET,0.93,False,,False
Nikola Vucevic,player_points_rebounds_assists,25.5,-114.0,fanduel,0.5327102803738317,-105.0,bovada,0.5121951219512195,1.0449054023250512,-4.297556719022689,False,,,,,,,Don't bet - bookmaker has edge,Cleveland Cavaliers @ Chicago Bulls,2025-12-18T01:10:00Z,3,0.1,0.93,2025-12-17T17:00:36Z,2025-12-17T16:59:46Z,2025-12-17 12:00:41 ET,0.93,False,,False
Anthony Edwards,player_points,28.5,104.0,betrivers,0.49019607843137253,-125.0,betonlineag,0.5555555555555556,1.0457516339869282,-4.375000000000007,False,,,,,,,Don't bet - bookmaker has edge,Memphis Grizzlies @ Minnesota Timberwolves,2025-12-18T01:10:00Z,3,0.78,1.72,2025-12-17T16:59:55Z,2025-12-17T16:58:59Z,2025-12-17 12:00:41 ET,1.72,False,,False
Darius Garland,player_points_rebounds_assists,29.5,-130.0,bovada,0.5652173913043478,108.0,betrivers,0.4807692307692308,1.0459866220735785,-4.396482813748992,False,,,,,,,Don't bet - bookmaker has edge,Cleveland Cavaliers @ Chicago Bulls,2025-12-18T01:10:00Z,2,0.93,0.5,2025-12-17T16:59:46Z,2025-12-17T17:00:12Z,2025-12-17 12:00:41 ET,0.93,False,,False
Darius Garland,player_points,19.5,-130.0,bovada,0.5652173913043478,108.0,betrivers,0.4807692307692308,1.0459866220735785,-4.396482813748992,False,,,,,,,Don't bet - bookmaker has edge,Cleveland Cavaliers @ Chicago Bulls,2025-12-18T01:10:00Z,2,0.93,0.5,2025-12-17T16:59:46Z,2025-12-17T17:00:12Z,2025-12-17 12:00:41 ET,0.93,False,,False
Matas Buzelis,player_threes,1.5,148.0,fanduel,0.4032258064516129,-180.0,bovada,0.6428571428571429,1.0460829493087558,-4.405286343612335,False,,,,,,,Don't bet - bookmaker has edge,Cleveland Cavaliers @ Chicago Bulls,2025-12-18T01:10:00Z,7,0.1,0.93,2025-12-17T17:00:36Z,2025-12-17T16:59:46Z,2025-12-17 12:00:41 ET,0.93,False,,False
Terrence Shannon Jr.,player_points,5.5,-102.0,williamhill_us,0.504950495049505,-118.0,fanduel,0.5412844036697247,1.0462348987192298,-4.4191699947907725,False,,,,,,,Don't bet - bookmaker has edge,Memphis Grizzlies @ Minnesota Timberwolves,2025-12-18T01:10:00Z,3,-0.0,1.28,2025-12-17T17:00:42Z,2025-12-17T16:59:25Z,2025-12-17 12:00:41 ET,1.28,False,,False
Patrick Williams,player_threes,1.5,190.0,bovada,0.3448275862068966,-235.0,betmgm,0.7014925373134329,1.0463201235203294,-4.426955238563702,False,,,,,,,Don't bet - bookmaker has edge,Cleveland Cavaliers @ Chicago Bulls,2025-12-18T01:10:00Z,2,0.93,0.72,2025-12-17T16:59:46Z,2025-12-17T16:59:59Z,2025-12-17 12:00:41 ET,0.93,False,,False
Jaren Jackson Jr,player_rebounds,4.5,-145.0,fanatics,0.5918367346938775,120.0,bovada,0.45454545454545453,1.0463821892393321,-4.432624113475181,False,,,,,,,Don't bet - bookmaker has edge,Memphis Grizzlies @ Minnesota Timberwolves,2025-12-18T01:10:00Z,5,0.02,0.7,2025-12-17T17:00:41Z,2025-12-17T17:00:00Z,2025-12-17 12:00:41 ET,0.7,False,,False
Dean Wade,player_threes,1.5,120.0,bovada,0.45454545454545453,-145.0,betmgm,0.5918367346938775,1.0463821892393321,-4.432624113475181,False,,,,,,,Don't bet - bookmaker has edge,Cleveland Cavaliers @ Chicago Bulls,2025-12-18T01:10:00Z,4,0.93,0.72,2025-12-17T16:59:46Z,2025-12-17T16:59:59Z,2025-12-17 12:00:41 ET,0.93,False,,False
De'Andre Hunter,player_points,13.5,-145.0,bovada,0.5918367346938775,120.0,betrivers,0.45454545454545453,1.0463821892393321,-4.432624113475181,False,,,,,,,Don't bet - bookmaker has edge,Cleveland Cavaliers @ Chicago Bulls,2025-12-18T01:10:00Z,2,0.93,0.5,2025-12-17T16:59:46Z,2025-12-17T17:00:12Z,2025-12-17 12:00:41 ET,0.93,False,,False
Cedric Coward,player_points,14.5,-105.0,bovada,0.5121951219512195,-115.0,betrivers,0.5348837209302325,1.0470788428814521,-4.49620801733478,False,,,,,,,Don't bet - bookmaker has edge,Memphis Grizzlies @ Minnesota Timberwolves,2025-12-18T01:10:00Z,7,0.7,0.78,2025-12-17T17:00:00Z,2025-12-17T16:59:55Z,2025-12-17 12:00:41 ET,0.78,False,,False
Coby White,player_points_rebounds_assists,29.5,-105.0,betrivers,0.5121951219512195,-115.0,betonlineag,0.5348837209302325,1.0470788428814521,-4.49620801733478,False,,,,,,,Don't bet - bookmaker has edge,Cleveland Cavaliers @ Chicago Bulls,2025-12-18T01:10:00Z,5,0.5,0.85,2025-12-17T17:00:12Z,2025-12-17T16:59:51Z,2025-12-17 12:00:41 ET,0.85,False,,False
Naz Reid,player_points,14.5,-105.0,draftkings,0.5121951219512195,-115.0,williamhill_us,0.5348837209302325,1.0470788428814521,-4.49620801733478,False,,,,,,,Don't bet - bookmaker has edge,Memphis Grizzlies @ Minnesota Timberwolves,2025-12-18T01:10:00Z,7,0.15,-0.0,2025-12-17T17:00:33Z,2025-12-17T17:00:42Z,2025-12-17 12:00:41 ET,0.15,False,,False
De'Andre Hunter,player_threes,2.5,155.0,betonlineag,0.39215686274509803,-190.0,bovada,0.6551724137931034,1.0473292765382014,-4.519044544867645,False,,,,,,,Don't bet - bookmaker has edge,Cleveland Cavaliers @ Chicago Bulls,2025-12-18T01:10:00Z,3,0.85,0.93,2025-12-17T16:59:51Z,2025-12-17T16:59:46Z,2025-12-17 12:00:41 ET,0.93,False,,False
Darius Garland,player_points,20.5,-108.0,draftkings,0.5192307692307693,-112.0,fanduel,0.5283018867924528,1.047532656023222,-4.537582265327334,False,,,,,,,Don't bet - bookmaker has edge,Cleveland Cavaliers @ Chicago Bulls,2025-12-18T01:10:00Z,6,0.43,0.1,2025-12-17T17:00:16Z,2025-12-17T17:00:36Z,2025-12-17 12:00:41 ET,0.43,False,,False
Lonzo Ball,player_assists,3.5,-152.0,fanduel,0.6031746031746031,125.0,williamhill_us,0.4444444444444444,1.0476190476190474,-4.545454545454531,False,,,,,,,Don't bet - bookmaker has edge,Cleveland Cavaliers @ Chicago Bulls,2025-12-18T01:10:00Z,6,0.1,0.73,2025-12-17T17:00:36Z,2025-12-17T16:59:58Z,2025-12-17 12:00:41 ET,0.73,False,,False
De'Andre Hunter,player_points,14.5,-110.0,bovada,0.5238095238095238,-110.0,fanduel,0.5238095238095238,1.0476190476190477,-4.545454545454552,False,,,,,,,Don't bet - bookmaker has edge,Cleveland Cavaliers @ Chicago Bulls,2025-12-18T01:10:00Z,7,0.93,0.1,2025-12-17T16:59:46Z,2025-12-17T17:00:36Z,2025-12-17 12:00:41 ET,0.93,False,,False
Dean Wade,player_points_rebounds_assists,13.5,-110.0,bovada,0.5238095238095238,-110.0,betmgm,0.5238095238095238,1.0476190476190477,-4.545454545454552,False,,,,,,,Don't bet - bookmaker has edge,Cleveland Cavaliers @ Chicago Bulls,2025-12-18T01:10:00Z,3,0.93,0.72,2025-12-17T16:59:46Z,2025-12-17T16:59:59Z,2025-12-17 12:00:41 ET,0.93,False,,False
Kentavious Caldwell-Pope,player_assists,3.5,139.0,williamhill_us,0.41841004184100417,-170.0,draftkings,0.6296296296296297,1.048039671470634,-4.583764601508211,False,,,,,,,Don't bet - bookmaker has edge,Memphis Grizzlies @ Minnesota Timberwolves,2025-12-18T01:10:00Z,4,-0.0,0.15,2025-12-17T17:00:42Z,2025-12-17T17:00:33Z,2025-12-17 12:00:41 ET,0.15,False,,False
Jarrett Allen,player_assists,1.5,-165.0,draftkings,0.6226415094339622,135.0,betmgm,0.425531914893617,1.0481734243275793,-4.59594025277672,False,,,,,,,Don't bet - bookmaker has edge,Cleveland Cavaliers @ Chicago Bulls,2025-12-18T01:10:00Z,3,0.43,0.72,2025-12-17T17:00:16Z,2025-12-17T16:59:59Z,2025-12-17 12:00:41 ET,0.72,False,,False
Darius Garland,player_threes,2.5,107.0,draftkings,0.4830917874396135,-130.0,fanduel,0.5652173913043478,1.0483091787439613,-4.608294930875578,False,,,,,,,Don't bet - bookmaker has edge,Cleveland Cavaliers @ Chicago Bulls,2025-12-18T01:10:00Z,7,0.43,0.1,2025-12-17T17:00:16Z,2025-12-17T17:00:36Z,2025-12-17 12:00:41 ET,0.43,False,,False
Anthony Edwards,player_blocks,0.5,-140.0,betmgm,0.5833333333333334,115.0,bovada,0.46511627906976744,1.0484496124031009,-4.621072088724587,False,,,,,,,Don't bet - bookmaker has edge,Memphis Grizzlies @ Minnesota Timberwolves,2025-12-18T01:10:00Z,3,0.82,0.7,2025-12-17T16:59:53Z,2025-12-17T17:00:00Z,2025-12-17 12:00:41 ET,0.82,False,,False
Coby White,player_rebounds,3.5,114.0,betrivers,0.4672897196261682,-139.0,draftkings,0.5815899581589958,1.048879677785164,-4.660179696529109,False,,,,,,,Don't bet - bookmaker has edge,Cleveland Cavaliers @ Chicago Bulls,2025-12-18T01:10:00Z,7,0.5,0.43,2025-12-17T17:00:12Z,2025-12-17T17:00:16Z,2025-12-17 12:00:41 ET,0.5,False,,False
Nikola Vucevic,player_rebounds,8.5,105.0,bovada,0.4878048780487805,-128.0,betonlineag,0.5614035087719298,1.0492083868207103,-4.6900489396411,False,,,,,,,Don't bet - bookmaker has edge,Cleveland Cavaliers @ Chicago Bulls,2025-12-18T01:10:00Z,3,0.93,0.85,2025-12-17T16:59:46Z,2025-12-17T16:59:51Z,2025-12-17 12:00:41 ET,0.93,False,,False
Thomas Bryant,player_points,5.5,-122.0,fanduel,0.5495495495495496,100.0,betmgm,0.5,1.0495495495495497,-4.721030042918473,False,,,,,,,Don't bet - bookmaker has edge,Cleveland Cavaliers @ Chicago Bulls,2025-12-18T01:10:00Z,3,0.1,0.72,2025-12-17T17:00:36Z,2025-12-17T16:59:59Z,2025-12-17 12:00:41 ET,0.72,False,,False
Lonzo Ball,player_points,6.5,-114.0,fanduel,0.5327102803738317,-107.0,draftkings,0.5169082125603864,1.049618492934218,-4.727288368891925,False,,,,,,,Don't bet - bookmaker has edge,Cleveland Cavaliers @ Chicago Bulls,2025-12-18T01:10:00Z,7,0.1,0.43,2025-12-17T17:00:36Z,2025-12-17T17:00:16Z,2025-12-17 12:00:41 ET,0.43,False,,False
De'Andre Hunter,player_threes,1.5,-173.0,draftkings,0.6336996336996337,140.0,fanduel,0.4166666666666667,1.0503663003663004,-4.7951176983435095,False,,,,,,,Don't bet - bookmaker has edge,Cleveland Cavaliers @ Chicago Bulls,2025-12-18T01:10:00Z,4,0.43,0.1,2025-12-17T17:00:16Z,2025-12-17T17:00:36Z,2025-12-17 12:00:41 ET,0.43,False,,False
Matas Buzelis,player_points_rebounds_assists,18.5,-120.0,bovada,0.5454545454545454,-102.0,fanduel,0.504950495049505,1.0504050405040504,-4.798628963153384,False,,,,,,,Don't bet - bookmaker has edge,Cleveland Cavaliers @ Chicago Bulls,2025-12-18T01:10:00Z,3,0.93,0.1,2025-12-17T16:59:46Z,2025-12-17T17:00:36Z,2025-12-17 12:00:41 ET,0.93,False,,False
Josh Giddey,player_rebounds,8.5,118.0,betonlineag,0.45871559633027525,-145.0,bovada,0.5918367346938775,1.0505523310241527,-4.811976474781665,False,,,,,,,Don't bet - bookmaker has edge,Cleveland Cavaliers @ Chicago Bulls,2025-12-18T01:10:00Z,4,0.85,0.93,2025-12-17T16:59:51Z,2025-12-17T16:59:46Z,2025-12-17 12:00:41 ET,0.93,False,,False
Josh Giddey,player_threes,1.5,-125.0,fanatics,0.5555555555555556,102.0,draftkings,0.49504950495049505,1.0506050605060506,-4.816753926701578,False,,,,,,,Don't bet - bookmaker has edge,Cleveland Cavaliers @ Chicago Bulls,2025-12-18T01:10:00Z,8,0.02,0.43,2025-12-17T17:00:41Z,2025-12-17T17:00:16Z,2025-12-17 12:00:41 ET,0.43,False,,False
Rudy Gobert,player_points,11.5,106.0,betrivers,0.4854368932038835,-130.0,fanduel,0.5652173913043478,1.0506542845082314,-4.821213338690244,False,,,,,,,Don't bet - bookmaker has edge,Memphis Grizzlies @ Minnesota Timberwolves,2025-12-18T01:10:00Z,4,0.78,1.28,2025-12-17T16:59:55Z,2025-12-17T16:59:25Z,2025-12-17 12:00:41 ET,1.28,False,,False
Jaden McDaniels,player_points_rebounds_assists,23.5,106.0,betonlineag,0.4854368932038835,-130.0,fanduel,0.5652173913043478,1.0506542845082314,-4.821213338690244,False,,,,,,,Don't bet - bookmaker has edge,Memphis Grizzlies @ Minnesota Timberwolves,2025-12-18T01:10:00Z,3,1.72,1.28,2025-12-17T16:58:59Z,2025-12-17T16:59:25Z,2025-12-17 12:00:41 ET,1.72,False,,False
Jaden McDaniels,player_rebounds,4.5,-135.0,betmgm,0.574468085106383,110.0,fanduel,0.47619047619047616,1.050658561296859,-4.821600771456113,False,,,,,,,Don't bet - bookmaker has edge,Memphis Grizzlies @ Minnesota Timberwolves,2025-12-18T01:10:00Z,6,0.82,1.28,2025-12-17T16:59:53Z,2025-12-17T16:59:25Z,2025-12-17 12:00:41 ET,1.28,False,,False
Julius Randle,player_rebounds,7.5,110.0,fanduel,0.47619047619047616,-135.0,bovada,0.574468085106383,1.050658561296859,-4.821600771456113,False,,,,,,,Don't bet - bookmaker has edge,Memphis Grizzlies @ Minnesota Timberwolves,2025-12-18T01:10:00Z,7,1.28,0.7,2025-12-17T16:59:25Z,2025-12-17T17:00:00Z,2025-12-17 12:00:41 ET,1.28,False,,False
Isaac Okoro,player_rebounds,2.5,110.0,fanduel,0.47619047619047616,-135.0,betmgm,0.574468085106383,1.050658561296859,-4.821600771456113,False,,,,,,,Don't bet - bookmaker has edge,Cleveland Cavaliers @ Chicago Bulls,2025-12-18T01:10:00Z,6,0.1,0.72,2025-12-17T17:00:36Z,2025-12-17T16:59:59Z,2025-12-17 12:00:41 ET,0.72,False,,False
Nikola Vucevic,player_rebounds,7.5,-148.0,fanduel,0.5967741935483871,120.0,williamhill_us,0.45454545454545453,1.0513196480938416,-4.881450488145045,False,,,,,,,Don't bet - bookmaker has edge,Cleveland Cavaliers @ Chicago Bulls,2025-12-18T01:10:00Z,5,0.1,0.73,2025-12-17T17:00:36Z,2025-12-17T16:59:58Z,2025-12-17 12:00:41 ET,0.73,False,,False
Donte DiVincenzo,player_points,13.5,-117.0,draftkings,0.5391705069124424,-105.0,williamhill_us,0.5121951219512195,1.051365628863662,-4.885610434038911,False,,,,,,,Don't bet - bookmaker has edge,Memphis Grizzlies @ Minnesota Timberwolves,2025-12-18T01:10:00Z,5,0.15,-0.0,2025-12-17T17:00:33Z,2025-12-17T17:00:42Z,2025-12-17 12:00:41 ET,0.15,False,,False
Nikola Vucevic,player_points_rebounds_assists,26.5,100.0,betrivers,0.5,-123.0,draftkings,0.5515695067264574,1.0515695067264574,-4.904051172707891,False,,,,,,,Don't bet - bookmaker has edge,Cleveland Cavaliers @ Chicago Bulls,2025-12-18T01:10:00Z,5,0.5,0.43,2025-12-17T17:00:12Z,2025-12-17T17:00:16Z,2025-12-17 12:00:41 ET,0.5,False,,False
Nikola Vucevic,player_threes,1.5,100.0,fanduel,0.5,-123.0,draftkings,0.5515695067264574,1.0515695067264574,-4.904051172707891,False,,,,,,,Don't bet - bookmaker has edge,Cleveland Cavaliers @ Chicago Bulls,2025-12-18T01:10:00Z,7,0.1,0.43,2025-12-17T17:00:36Z,2025-12-17T17:00:16Z,2025-12-17 12:00:41 ET,0.43,False,,False
Isaac Okoro,player_points,7.5,-106.0,fanduel,0.5145631067961165,-116.0,draftkings,0.5370370370370371,1.0516001438331535,-4.906821678919471,False,,,,,,,Don't bet - bookmaker has edge,Cleveland Cavaliers @ Chicago Bulls,2025-12-18T01:10:00Z,6,0.1,0.43,2025-12-17T17:00:36Z,2025-12-17T17:00:16Z,2025-12-17 12:00:41 ET,0.43,False,,False
Jarrett Allen,player_points_rebounds_assists,25.5,-112.0,draftkings,0.5283018867924528,-110.0,bovada,0.5238095238095238,1.0521114106019767,-4.9530315969257055,False,,,,,,,Don't bet - bookmaker has edge,Cleveland Cavaliers @ Chicago Bulls,2025-12-18T01:10:00Z,5,0.43,0.93,2025-12-17T17:00:16Z,2025-12-17T16:59:46Z,2025-12-17 12:00:41 ET,0.93,False,,False
Naz Reid,player_points,13.5,-136.0,betrivers,0.576271186440678,110.0,bovada,0.47619047619047616,1.052461662631154,-4.984662576687104,False,,,,,,,Don't bet - bookmaker has edge,Memphis Grizzlies @ Minnesota Timberwolves,2025-12-18T01:10:00Z,2,0.78,0.7,2025-12-17T16:59:55Z,2025-12-17T17:00:00Z,2025-12-17 12:00:41 ET,0.78,False,,False
Matas Buzelis,player_rebounds,4.5,-150.0,betrivers,0.6,121.0,williamhill_us,0.45248868778280543,1.0524886877828055,-4.987102321582116,False,,,,,,,Don't bet - bookmaker has edge,Cleveland Cavaliers @ Chicago Bulls,2025-12-18T01:10:00Z,4,0.5,0.73,2025-12-17T17:00:12Z,2025-12-17T16:59:58Z,2025-12-17 12:00:41 ET,0.73,False,,False
Santi Aldama,player_assists,3.5,124.0,draftkings,0.44642857142857145,-154.0,fanduel,0.6062992125984252,1.0527277840269966,-5.008681714972618,False,,,,,,,Don't bet - bookmaker has edge,Memphis Grizzlies @ Minnesota Timberwolves,2025-12-18T01:10:00Z,6,0.15,1.28,2025-12-17T17:00:33Z,2025-12-17T16:59:25Z,2025-12-17 12:00:41 ET,1.28,False,,False
Jaylon Tyson,player_points_rebounds_assists,22.5,-103.0,betonlineag,0.5073891625615764,-120.0,draftkings,0.5454545454545454,1.052843708016122,-5.01914079115271,False,,,,,,,Don't bet - bookmaker has edge,Cleveland Cavaliers @ Chicago Bulls,2025-12-18T01:10:00Z,3,0.85,0.43,2025-12-17T16:59:51Z,2025-12-17T17:00:16Z,2025-12-17 12:00:41 ET,0.85,False,,False
Jaylen Wells,player_rebounds,3.5,-135.0,betonlineag,0.574468085106383,109.0,draftkings,0.4784688995215311,1.0529369846279142,-5.027554868026696,False,,,,,,,Don't bet - bookmaker has edge,Memphis Grizzlies @ Minnesota Timberwolves,2025-12-18T01:10:00Z,5,1.72,0.15,2025-12-17T16:58:59Z,2025-12-17T17:00:33Z,2025-12-17 12:00:41 ET,1.72,False,,False
Jaden McDaniels,player_points,15.5,105.0,bovada,0.4878048780487805,-130.0,fanduel,0.5652173913043478,1.0530222693531281,-5.035246727089615,False,,,,,,,Don't bet - bookmaker has edge,Memphis Grizzlies @ Minnesota Timberwolves,2025-12-18T01:10:00Z,4,0.7,1.28,2025-12-17T17:00:00Z,2025-12-17T16:59:25Z,2025-12-17 12:00:41 ET,1.28,False,,False
Jaden McDaniels,player_assists,2.5,-130.0,draftkings,0.5652173913043478,105.0,betmgm,0.4878048780487805,1.0530222693531281,-5.035246727089615,False,,,,,,,Don't bet - bookmaker has edge,Memphis Grizzlies @ Minnesota Timberwolves,2025-12-18T01:10:00Z,4,0.15,0.82,2025-12-17T17:00:33Z,2025-12-17T16:59:53Z,2025-12-17 12:00:41 ET,0.82,False,,False
Jarrett Allen,player_points,13.5,-130.0,draftkings,0.5652173913043478,105.0,bovada,0.4878048780487805,1.0530222693531281,-5.035246727089615,False,,,,,,,Don't bet - bookmaker has edge,Cleveland Cavaliers @ Chicago Bulls,2025-12-18T01:10:00Z,2,0.43,0.93,2025-12-17T17:00:16Z,2025-12-17T16:59:46Z,2025-12-17 12:00:41 ET,0.93,False,,False
Kentavious Caldwell-Pope,player_threes,1.5,140.0,fanduel,0.4166666666666667,-175.0,betmgm,0.6363636363636364,1.053030303030303,-5.035971223021574,False,,,,,,,Don't bet - bookmaker has edge,Memphis Grizzlies @ Minnesota Timberwolves,2025-12-18T01:10:00Z,6,1.28,0.82,2025-12-17T16:59:25Z,2025-12-17T16:59:53Z,2025-12-17 12:00:41 ET,1.28,False,,False
Anthony Edwards,player_points,27.5,-118.0,fanduel,0.5412844036697247,-105.0,draftkings,0.5121951219512195,1.0534795256209444,-5.0764655904842915,False,,,,,,,Don't bet - bookmaker has edge,Memphis Grizzlies @ Minnesota Timberwolves,2025-12-18T01:10:00Z,6,1.28,0.15,2025-12-17T16:59:25Z,2025-12-17T17:00:33Z,2025-12-17 12:00:41 ET,1.28,False,,False
Tre Jones,player_rebounds,2.5,148.0,fanduel,0.4032258064516129,-186.0,betrivers,0.6503496503496503,1.0535754568012632,-5.085108660742954,False,,,,,,,Don't bet - bookmaker has edge,Cleveland Cavaliers @ Chicago Bulls,2025-12-18T01:10:00Z,5,0.1,0.5,2025-12-17T17:00:36Z,2025-12-17T17:00:12Z,2025-12-17 12:00:41 ET,0.5,False,,False
Ja Morant,player_assists,6.5,-147.0,draftkings,0.5951417004048583,118.0,betrivers,0.45871559633027525,1.0538572967351336,-5.110492369506225,False,,,,,,,Don't bet - bookmaker has edge,Memphis Grizzlies @ Minnesota Timberwolves,2025-12-18T01:10:00Z,2,0.15,0.78,2025-12-17T17:00:33Z,2025-12-17T16:59:55Z,2025-12-17 12:00:41 ET,0.78,False,,False
Ja Morant,player_threes,1.5,150.0,betrivers,0.4,-189.0,betonlineag,0.6539792387543253,1.0539792387543252,-5.121470781352588,False,,,,,,,Don't bet - bookmaker has edge,Memphis Grizzlies @ Minnesota Timberwolves,2025-12-18T01:10:00Z,6,0.78,1.72,2025-12-17T16:59:55Z,2025-12-17T16:58:59Z,2025-12-17 12:00:41 ET,1.72,False,,False
Anthony Edwards,player_points_rebounds_assists,37.5,-109.0,betrivers,0.5215311004784688,-114.0,draftkings,0.5327102803738317,1.0542413808523006,-5.145062775704101,False,,,,,,,Don't bet - bookmaker has edge,Memphis Grizzlies @ Minnesota Timberwolves,2025-12-18T01:10:00Z,6,0.78,0.15,2025-12-17T16:59:55Z,2025-12-17T17:00:33Z,2025-12-17 12:00:41 ET,0.78,False,,False
Rudy Gobert,player_blocks,1.5,120.0,betmgm,0.45454545454545453,-150.0,bovada,0.6,1.0545454545454545,-5.172413793103436,False,,,,,,,Don't bet - bookmaker has edge,Memphis Grizzlies @ Minnesota Timberwolves,2025-12-18T01:10:00Z,4,0.82,0.7,2025-12-17T16:59:53Z,2025-12-17T17:00:00Z,2025-12-17 12:00:41 ET,0.82,False,,False
Jarrett Allen,player_points,15.5,120.0,bovada,0.45454545454545453,-150.0,betrivers,0.6,1.0545454545454545,-5.172413793103436,False,,,,,,,Don't bet - bookmaker has edge,Cleveland Cavaliers @ Chicago Bulls,2025-12-18T01:10:00Z,2,0.93,0.5,2025-12-17T16:59:46Z,2025-12-17T17:00:12Z,2025-12-17 12:00:41 ET,0.93,False,,False
Julius Randle,player_points_rebounds_assists,37.5,120.0,betrivers,0.45454545454545453,-150.0,bovada,0.6,1.0545454545454545,-5.172413793103436,False,,,,,,,Don't bet - bookmaker has edge,Memphis Grizzlies @ Minnesota Timberwolves,2025-12-18T01:10:00Z,2,0.78,0.7,2025-12-17T16:59:55Z,2025-12-17T17:00:00Z,2025-12-17 12:00:41 ET,0.78,False,,False
Naz Reid,player_assists,2.5,109.0,betonlineag,0.4784688995215311,-136.0,williamhill_us,0.576271186440678,1.0547400859622091,-5.189912348147018,False,,,,,,,Don't bet - bookmaker has edge,Memphis Grizzlies @ Minnesota Timberwolves,2025-12-18T01:10:00Z,4,1.72,-0.0,2025-12-17T16:58:59Z,2025-12-17T17:00:42Z,2025-12-17 12:00:41 ET,1.72,False,,False
Jaren Jackson Jr,player_steals,0.5,-210.0,fanduel,0.6774193548387096,165.0,bovada,0.37735849056603776,1.0547778454047474,-5.193306405077902,False,,,,,,,Don't bet - bookmaker has edge,Memphis Grizzlies @ Minnesota Timberwolves,2025-12-18T01:10:00Z,3,1.28,0.7,2025-12-17T16:59:25Z,2025-12-17T17:00:00Z,2025-12-17 12:00:41 ET,1.28,False,,False
Matas Buzelis,player_rebounds,5.5,122.0,betonlineag,0.45045045045045046,-153.0,draftkings,0.6047430830039525,1.055193533454403,-5.230655012992258,False,,,,,,,Don't bet - bookmaker has edge,Cleveland Cavaliers @ Chicago Bulls,2025-12-18T01:10:00Z,2,0.85,0.43,2025-12-17T16:59:51Z,2025-12-17T17:00:16Z,2025-12-17 12:00:41 ET,0.85,False,,False
Julius Randle,player_points,22.5,-120.0,bovada,0.5454545454545454,-104.0,draftkings,0.5098039215686274,1.0552584670231728,-5.236486486486481,False,,,,,,,Don't bet - bookmaker has edge,Memphis Grizzlies @ Minnesota Timberwolves,2025-12-18T01:10:00Z,5,0.7,0.15,2025-12-17T17:00:00Z,2025-12-17T17:00:33Z,2025-12-17 12:00:41 ET,0.7,False,,False
Matas Buzelis,player_assists,1.5,-130.0,williamhill_us,0.5652173913043478,104.0,draftkings,0.49019607843137253,1.0554134697357203,-5.25040387722131,False,,,,,,,Don't bet - bookmaker has edge,Cleveland Cavaliers @ Chicago Bulls,2025-12-18T01:10:00Z,3,0.73,0.43,2025-12-17T16:59:58Z,2025-12-17T17:00:16Z,2025-12-17 12:00:41 ET,0.73,False,,False
Josh Giddey,player_points,18.5,-130.0,bovada,0.5652173913043478,104.0,betrivers,0.49019607843137253,1.0554134697357203,-5.25040387722131,False,,,,,,,Don't bet - bookmaker has edge,Cleveland Cavaliers @ Chicago Bulls,2025-12-18T01:10:00Z,3,0.93,0.5,2025-12-17T16:59:46Z,2025-12-17T17:00:12Z,2025-12-17 12:00:41 ET,0.93,False,,False
Julius Randle,player_points_rebounds_assists,36.5,100.0,betrivers,0.5,-125.0,fanduel,0.5555555555555556,1.0555555555555556,-5.263157894736848,False,,,,,,,Don't bet - bookmaker has edge,Memphis Grizzlies @ Minnesota Timberwolves,2025-12-18T01:10:00Z,4,0.78,1.28,2025-12-17T16:59:55Z,2025-12-17T16:59:25Z,2025-12-17 12:00:41 ET,1.28,False,,False
Santi Aldama,player_points,14.5,-125.0,betrivers,0.5555555555555556,100.0,bovada,0.5,1.0555555555555556,-5.263157894736848,False,,,,,,,Don't bet - bookmaker has edge,Memphis Grizzlies @ Minnesota Timberwolves,2025-12-18T01:10:00Z,5,0.78,0.7,2025-12-17T16:59:55Z,2025-12-17T17:00:00Z,2025-12-17 12:00:41 ET,0.78,False,,False
Jock Landale,player_points_rebounds_assists,17.5,-105.0,bovada,0.5121951219512195,-119.0,betonlineag,0.54337899543379,1.0555741173850095,-5.264823802489982,False,,,,,,,Don't bet - bookmaker has edge,Memphis Grizzlies @ Minnesota Timberwolves,2025-12-18T01:10:00Z,3,0.7,1.72,2025-12-17T17:00:00Z,2025-12-17T16:58:59Z,2025-12-17 12:00:41 ET,1.72,False,,False
Anthony Edwards,player_points_rebounds_assists,36.5,-132.0,betrivers,0.5689655172413793,105.0,bovada,0.4878048780487805,1.05677039529016,-5.3720652606446535,False,,,,,,,Don't bet - bookmaker has edge,Memphis Grizzlies @ Minnesota Timberwolves,2025-12-18T01:10:00Z,2,0.78,0.7,2025-12-17T16:59:55Z,2025-12-17T17:00:00Z,2025-12-17 12:00:41 ET,0.78,False,,False
Josh Giddey,player_rebounds,7.5,-145.0,draftkings,0.5918367346938775,115.0,bovada,0.46511627906976744,1.056953013763645,-5.388414907947903,False,,,,,,,Don't bet - bookmaker has edge,Cleveland Cavaliers @ Chicago Bulls,2025-12-18T01:10:00Z,4,0.43,0.93,2025-12-17T17:00:16Z,2025-12-17T16:59:46Z,2025-12-17 12:00:41 ET,0.93,False,,False
Nikola Vucevic,player_blocks,0.5,240.0,betmgm,0.29411764705882354,-322.0,draftkings,0.7630331753554502,1.0571508224142738,-5.406118143459926,False,,,,,,,Don't bet - bookmaker has edge,Cleveland Cavaliers @ Chicago Bulls,2025-12-18T01:10:00Z,3,0.72,0.43,2025-12-17T16:59:59Z,2025-12-17T17:00:16Z,2025-12-17 12:00:41 ET,0.72,False,,False
Coby White,player_points,20.5,-135.0,bovada,0.574468085106383,107.0,betrivers,0.4830917874396135,1.0575598725459965,-5.442705802313153,False,,,,,,,Don't bet - bookmaker has edge,Cleveland Cavaliers @ Chicago Bulls,2025-12-18T01:10:00Z,2,0.93,0.5,2025-12-17T16:59:46Z,2025-12-17T17:00:12Z,2025-12-17 12:00:41 ET,0.93,False,,False
Julius Randle,player_points,23.5,107.0,betonlineag,0.4830917874396135,-135.0,bovada,0.574468085106383,1.0575598725459965,-5.442705802313153,False,,,,,,,Don't bet - bookmaker has edge,Memphis Grizzlies @ Minnesota Timberwolves,2025-12-18T01:10:00Z,4,1.72,0.7,2025-12-17T16:58:59Z,2025-12-17T17:00:00Z,2025-12-17 12:00:41 ET,1.72,False,,False
Cedric Coward,player_points_rebounds_assists,24.5,-105.0,draftkings,0.5121951219512195,-120.0,bovada,0.5454545454545454,1.057649667405765,-5.45073375262054,False,,,,,,,Don't bet - bookmaker has edge,Memphis Grizzlies @ Minnesota Timberwolves,2025-12-18T01:10:00Z,5,0.15,0.7,2025-12-17T17:00:33Z,2025-12-17T17:00:00Z,2025-12-17 12:00:41 ET,0.7,False,,False
Rudy Gobert,player_points,10.5,-120.0,betmgm,0.5454545454545454,-105.0,draftkings,0.5121951219512195,1.057649667405765,-5.45073375262054,False,,,,,,,Don't bet - bookmaker has edge,Memphis Grizzlies @ Minnesota Timberwolves,2025-12-18T01:10:00Z,5,0.82,0.15,2025-12-17T16:59:53Z,2025-12-17T17:00:33Z,2025-12-17 12:00:41 ET,0.82,False,,False
Donte DiVincenzo,player_rebounds,4.5,126.0,betonlineag,0.4424778761061947,-160.0,betmgm,0.6153846153846154,1.0578624914908101,-5.469755469755477,False,,,,,,,Don't bet - bookmaker has edge,Memphis Grizzlies @ Minnesota Timberwolves,2025-12-18T01:10:00Z,3,1.72,0.82,2025-12-17T16:58:59Z,2025-12-17T16:59:53Z,2025-12-17 12:00:41 ET,1.72,False,,False
Darius Garland,player_assists,6.5,-159.0,betrivers,0.6138996138996139,125.0,bovada,0.4444444444444444,1.0583440583440584,-5.512768544791246,False,,,,,,,Don't bet - bookmaker has edge,Cleveland Cavaliers @ Chicago Bulls,2025-12-18T01:10:00Z,2,0.5,0.93,2025-12-17T17:00:12Z,2025-12-17T16:59:46Z,2025-12-17 12:00:41 ET,0.93,False,,False
Darius Garland,player_points_rebounds_assists,30.5,-115.0,bovada,0.5348837209302325,-110.0,draftkings,0.5238095238095238,1.0586932447397563,-5.543933054393301,False,,,,,,,Don't bet - bookmaker has edge,Cleveland Cavaliers @ Chicago Bulls,2025-12-18T01:10:00Z,4,0.93,0.43,2025-12-17T16:59:46Z,2025-12-17T17:00:16Z,2025-12-17 12:00:41 ET,0.93,False,,False
Jaden McDaniels,player_steals,1.5,155.0,bovada,0.39215686274509803,-200.0,fanduel,0.6666666666666666,1.0588235294117647,-5.555555555555558,False,,,,,,,Don't bet - bookmaker has edge,Memphis Grizzlies @ Minnesota Timberwolves,2025-12-18T01:10:00Z,3,0.7,1.28,2025-12-17T17:00:00Z,2025-12-17T16:59:25Z,2025-12-17 12:00:41 ET,1.28,False,,False
Kentavious Caldwell-Pope,player_points,7.5,-127.0,draftkings,0.5594713656387665,100.0,draftkings,0.5,1.0594713656387666,-5.613305613305631,False,,,,,,,Don't bet - bookmaker has edge,Memphis Grizzlies @ Minnesota Timberwolves,2025-12-18T01:10:00Z,5,0.15,0.15,2025-12-17T17:00:33Z,2025-12-17T17:00:33Z,2025-12-17 12:00:41 ET,0.15,False,,False
Isaac Okoro,player_points_rebounds_assists,11.5,100.0,betmgm,0.5,-127.0,betonlineag,0.5594713656387665,1.0594713656387666,-5.613305613305631,False,,,,,,,Don't bet - bookmaker has edge,Cleveland Cavaliers @ Chicago Bulls,2025-12-18T01:10:00Z,2,0.72,0.85,2025-12-17T16:59:59Z,2025-12-17T16:59:51Z,2025-12-17 12:00:41 ET,0.85,False,,False
Nikola Vucevic,player_assists,3.5,140.0,betrivers,0.4166666666666667,-180.0,bovada,0.6428571428571429,1.0595238095238095,-5.61797752808989,False,,,,,,,Don't bet - bookmaker has edge,Cleveland Cavaliers @ Chicago Bulls,2025-12-18T01:10:00Z,2,0.5,0.93,2025-12-17T17:00:12Z,2025-12-17T16:59:46Z,2025-12-17 12:00:41 ET,0.93,False,,False
Patrick Williams,player_assists,0.5,-160.0,betmgm,0.6153846153846154,125.0,betmgm,0.4444444444444444,1.0598290598290598,-5.645161290322587,False,,,,,,,Don't bet - bookmaker has edge,Cleveland Cavaliers @ Chicago Bulls,2025-12-18T01:10:00Z,1,0.72,0.72,2025-12-17T16:59:59Z,2025-12-17T16:59:59Z,2025-12-17 12:00:41 ET,0.72,False,,False
Cedric Coward,player_points_rebounds_assists,23.5,-130.0,bovada,0.5652173913043478,102.0,betrivers,0.49504950495049505,1.0602668962548427,-5.684125050751099,False,,,,,,,Don't bet - bookmaker has edge,Memphis Grizzlies @ Minnesota Timberwolves,2025-12-18T01:10:00Z,3,0.7,0.78,2025-12-17T17:00:00Z,2025-12-17T16:59:55Z,2025-12-17 12:00:41 ET,0.78,False,,False
Darius Garland,player_steals,1.5,178.0,fanduel,0.3597122302158273,-234.0,draftkings,0.7005988023952096,1.060311032611037,-5.68805102994353,False,,,,,,,Don't bet - bookmaker has edge,Cleveland Cavaliers @ Chicago Bulls,2025-12-18T01:10:00Z,3,0.12,0.43,2025-12-17T17:00:35Z,2025-12-17T17:00:16Z,2025-12-17 12:00:41 ET,0.43,False,,False
Cedric Coward,player_points_rebounds_assists,25.5,117.0,betrivers,0.4608294930875576,-150.0,bovada,0.6,1.0608294930875575,-5.734144222415283,False,,,,,,,Don't bet - bookmaker has edge,Memphis Grizzlies @ Minnesota Timberwolves,2025-12-18T01:10:00Z,2,0.78,0.7,2025-12-17T16:59:55Z,2025-12-17T17:00:00Z,2025-12-17 12:00:41 ET,0.78,False,,False
Jaylon Tyson,player_assists,1.5,-173.0,williamhill_us,0.6336996336996337,134.0,draftkings,0.42735042735042733,1.061050061050061,-5.753739930955126,False,,,,,,,Don't bet - bookmaker has edge,Cleveland Cavaliers @ Chicago Bulls,2025-12-18T01:10:00Z,3,0.73,0.43,2025-12-17T16:59:58Z,2025-12-17T17:00:16Z,2025-12-17 12:00:41 ET,0.73,False,,False
Ja Morant,player_assists,7.5,116.0,fanduel,0.46296296296296297,-149.0,betonlineag,0.5983935742971888,1.0613565372601517,-5.780954383014503,False,,,,,,,Don't bet - bookmaker has edge,Memphis Grizzlies @ Minnesota Timberwolves,2025-12-18T01:10:00Z,4,1.28,1.72,2025-12-17T16:59:25Z,2025-12-17T16:58:59Z,2025-12-17 12:00:41 ET,1.72,False,,False
Rudy Gobert,player_points_rebounds_assists,24.5,-105.0,fanatics,0.5121951219512195,-122.0,betonlineag,0.5495495495495496,1.0617446715007692,-5.81539735099339,False,,,,,,,Don't bet - bookmaker has edge,Memphis Grizzlies @ Minnesota Timberwolves,2025-12-18T01:10:00Z,3,0.02,1.72,2025-12-17T17:00:41Z,2025-12-17T16:58:59Z,2025-12-17 12:00:41 ET,1.72,False,,False
Donte DiVincenzo,player_assists,4.5,124.0,betonlineag,0.44642857142857145,-160.0,bovada,0.6153846153846154,1.0618131868131868,-5.821474773609314,False,,,,,,,Don't bet - bookmaker has edge,Memphis Grizzlies @ Minnesota Timberwolves,2025-12-18T01:10:00Z,3,1.72,0.7,2025-12-17T16:58:59Z,2025-12-17T17:00:00Z,2025-12-17 12:00:41 ET,1.72,False,,False
De'Andre Hunter,player_points,15.5,115.0,bovada,0.46511627906976744,-148.0,betrivers,0.5967741935483871,1.0618904726181546,-5.828329212292482,False,,,,,,,Don't bet - bookmaker has edge,Cleveland Cavaliers @ Chicago Bulls,2025-12-18T01:10:00Z,2,0.93,0.5,2025-12-17T16:59:46Z,2025-12-17T17:00:12Z,2025-12-17 12:00:41 ET,0.93,False,,False
Jaylen Wells,player_points_rebounds_assists,19.5,-135.0,bovada,0.574468085106383,105.0,bovada,0.4878048780487805,1.0622729631551635,-5.862237420615535,False,,,,,,,Don't bet - bookmaker has edge,Memphis Grizzlies @ Minnesota Timberwolves,2025-12-18T01:10:00Z,1,0.7,0.7,2025-12-17T17:00:00Z,2025-12-17T17:00:00Z,2025-12-17 12:00:41 ET,0.7,False,,False
Ja Morant,player_points_rebounds_assists,30.5,105.0,bovada,0.4878048780487805,-135.0,bovada,0.574468085106383,1.0622729631551635,-5.862237420615535,False,,,,,,,Don't bet - bookmaker has edge,Memphis Grizzlies @ Minnesota Timberwolves,2025-12-18T01:10:00Z,1,0.7,0.7,2025-12-17T17:00:00Z,2025-12-17T17:00:00Z,2025-12-17 12:00:41 ET,0.7,False,,False
Donovan Mitchell,player_points_rebounds_assists,43.5,105.0,bovada,0.4878048780487805,-135.0,bovada,0.574468085106383,1.0622729631551635,-5.862237420615535,False,,,,,,,Don't bet - bookmaker has edge,Cleveland Cavaliers @ Chicago Bulls,2025-12-18T01:10:00Z,1,0.93,0.93,2025-12-17T16:59:46Z,2025-12-17T16:59:46Z,2025-12-17 12:00:41 ET,0.93,False,,False
Matas Buzelis,player_points,11.5,-135.0,bovada,0.574468085106383,105.0,bovada,0.4878048780487805,1.0622729631551635,-5.862237420615535,False,,,,,,,Don't bet - bookmaker has edge,Cleveland Cavaliers @ Chicago Bulls,2025-12-18T01:10:00Z,1,0.93,0.93,2025-12-17T16:59:46Z,2025-12-17T16:59:46Z,2025-12-17 12:00:41 ET,0.93,False,,False
Naz Reid,player_points_rebounds_assists,24.5,105.0,bovada,0.4878048780487805,-135.0,bovada,0.574468085106383,1.0622729631551635,-5.862237420615535,False,,,,,,,Don't bet - bookmaker has edge,Memphis Grizzlies @ Minnesota Timberwolves,2025-12-18T01:10:00Z,1,0.7,0.7,2025-12-17T17:00:00Z,2025-12-17T17:00:00Z,2025-12-17 12:00:41 ET,0.7,False,,False
Jock Landale,player_points_rebounds_assists,16.5,-135.0,bovada,0.574468085106383,105.0,bovada,0.4878048780487805,1.0622729631551635,-5.862237420615535,False,,,,,,,Don't bet - bookmaker has edge,Memphis Grizzlies @ Minnesota Timberwolves,2025-12-18T01:10:00Z,1,0.7,0.7,2025-12-17T17:00:00Z,2025-12-17T17:00:00Z,2025-12-17 12:00:41 ET,0.7,False,,False
Cedric Coward,player_assists,3.5,142.0,fanduel,0.4132231404958678,-185.0,betonlineag,0.6491228070175439,1.0623459475134116,-5.868704790500889,False,,,,,,,Don't bet - bookmaker has edge,Memphis Grizzlies @ Minnesota Timberwolves,2025-12-18T01:10:00Z,2,1.28,1.72,2025-12-17T16:59:25Z,2025-12-17T16:58:59Z,2025-12-17 12:00:41 ET,1.72,False,,False
Julius Randle,player_points_rebounds_assists,35.5,-120.0,bovada,0.5454545454545454,-107.0,draftkings,0.5169082125603864,1.062362758014932,-5.870194295163289,False,,,,,,,Don't bet - bookmaker has edge,Memphis Grizzlies @ Minnesota Timberwolves,2025-12-18T01:10:00Z,4,0.7,0.15,2025-12-17T17:00:00Z,2025-12-17T17:00:33Z,2025-12-17 12:00:41 ET,0.7,False,,False
Josh Giddey,player_points_rebounds_assists,37.5,120.0,bovada,0.45454545454545453,-155.0,betrivers,0.6078431372549019,1.0623885918003564,-5.872483221476498,False,,,,,,,Don't bet - bookmaker has edge,Cleveland Cavaliers @ Chicago Bulls,2025-12-18T01:10:00Z,2,0.93,0.5,2025-12-17T16:59:46Z,2025-12-17T17:00:12Z,2025-12-17 12:00:41 ET,0.93,False,,False
Matas Buzelis,player_steals,0.5,-155.0,draftkings,0.6078431372549019,120.0,bovada,0.45454545454545453,1.0623885918003564,-5.872483221476498,False,,,,,,,Don't bet - bookmaker has edge,Cleveland Cavaliers @ Chicago Bulls,2025-12-18T01:10:00Z,2,0.43,0.93,2025-12-17T17:00:16Z,2025-12-17T16:59:46Z,2025-12-17 12:00:41 ET,0.93,False,,False
Cedric Coward,player_points,15.5,120.0,bovada,0.45454545454545453,-155.0,betrivers,0.6078431372549019,1.0623885918003564,-5.872483221476498,False,,,,,,,Don't bet - bookmaker has edge,Memphis Grizzlies @ Minnesota Timberwolves,2025-12-18T01:10:00Z,2,0.7,0.78,2025-12-17T17:00:00Z,2025-12-17T16:59:55Z,2025-12-17 12:00:41 ET,0.78,False,,False
Julius Randle,player_points,21.5,-150.0,bovada,0.6,116.0,betrivers,0.46296296296296297,1.0629629629629629,-5.923344947735187,False,,,,,,,Don't bet - bookmaker has edge,Memphis Grizzlies @ Minnesota Timberwolves,2025-12-18T01:10:00Z,2,0.7,0.78,2025-12-17T17:00:00Z,2025-12-17T16:59:55Z,2025-12-17 12:00:41 ET,0.78,False,,False
Dean Wade,player_assists,2.5,155.0,betonlineag,0.39215686274509803,-204.0,betonlineag,0.6710526315789473,1.0632094943240453,-5.945158942004358,False,,,,,,,Don't bet - bookmaker has edge,Cleveland Cavaliers @ Chicago Bulls,2025-12-18T01:10:00Z,1,0.85,0.85,2025-12-17T16:59:51Z,2025-12-17T16:59:51Z,2025-12-17 12:00:41 ET,0.85,False,,False
Coby White,player_points_rebounds_assists,28.5,-129.0,betrivers,0.5633187772925764,100.0,bovada,0.5,1.0633187772925763,-5.954825462012314,False,,,,,,,Don't bet - bookmaker has edge,Cleveland Cavaliers @ Chicago Bulls,2025-12-18T01:10:00Z,2,0.5,0.93,2025-12-17T17:00:12Z,2025-12-17T16:59:46Z,2025-12-17 12:00:41 ET,0.93,False,,False
Naz Reid,player_points,12.5,-190.0,bovada,0.6551724137931034,145.0,bovada,0.40816326530612246,1.0633356790992259,-5.956320317670416,False,,,,,,,Don't bet - bookmaker has edge,Memphis Grizzlies @ Minnesota Timberwolves,2025-12-18T01:10:00Z,1,0.7,0.7,2025-12-17T17:00:00Z,2025-12-17T17:00:00Z,2025-12-17 12:00:41 ET,0.7,False,,False
Naz Reid,player_rebounds,5.5,-190.0,bovada,0.6551724137931034,145.0,bovada,0.40816326530612246,1.0633356790992259,-5.956320317670416,False,,,,,,,Don't bet - bookmaker has edge,Memphis Grizzlies @ Minnesota Timberwolves,2025-12-18T01:10:00Z,1,0.7,0.7,2025-12-17T17:00:00Z,2025-12-17T17:00:00Z,2025-12-17 12:00:41 ET,0.7,False,,False
Anthony Edwards,player_points,30.5,145.0,bovada,0.40816326530612246,-190.0,bovada,0.6551724137931034,1.0633356790992259,-5.956320317670416,False,,,,,,,Don't bet - bookmaker has edge,Memphis Grizzlies @ Minnesota Timberwolves,2025-12-18T01:10:00Z,1,0.7,0.7,2025-12-17T17:00:00Z,2025-12-17T17:00:00Z,2025-12-17 12:00:41 ET,0.7,False,,False
Jaren Jackson Jr,player_points,16.5,-190.0,bovada,0.6551724137931034,145.0,bovada,0.40816326530612246,1.0633356790992259,-5.956320317670416,False,,,,,,,Don't bet - bookmaker has edge,Memphis Grizzlies @ Minnesota Timberwolves,2025-12-18T01:10:00Z,1,0.7,0.7,2025-12-17T17:00:00Z,2025-12-17T17:00:00Z,2025-12-17 12:00:41 ET,0.7,False,,False
Donovan Mitchell,player_assists,4.5,-190.0,bovada,0.6551724137931034,145.0,bovada,0.40816326530612246,1.0633356790992259,-5.956320317670416,False,,,,,,,Don't bet - bookmaker has edge,Cleveland Cavaliers @ Chicago Bulls,2025-12-18T01:10:00Z,1,0.93,0.93,2025-12-17T16:59:46Z,2025-12-17T16:59:46Z,2025-12-17 12:00:41 ET,0.93,False,,False
Coby White,player_points_rebounds_assists,26.5,-190.0,bovada,0.6551724137931034,145.0,bovada,0.40816326530612246,1.0633356790992259,-5.956320317670416,False,,,,,,,Don't bet - bookmaker has edge,Cleveland Cavaliers @ Chicago Bulls,2025-12-18T01:10:00Z,1,0.93,0.93,2025-12-17T16:59:46Z,2025-12-17T16:59:46Z,2025-12-17 12:00:41 ET,0.93,False,,False
Darius Garland,player_points_rebounds_assists,27.5,-190.0,bovada,0.6551724137931034,145.0,bovada,0.40816326530612246,1.0633356790992259,-5.956320317670416,False,,,,,,,Don't bet - bookmaker has edge,Cleveland Cavaliers @ Chicago Bulls,2025-12-18T01:10:00Z,1,0.93,0.93,2025-12-17T16:59:46Z,2025-12-17T16:59:46Z,2025-12-17 12:00:41 ET,0.93,False,,False
Nikola Vucevic,player_points_rebounds_assists,23.5,-190.0,bovada,0.6551724137931034,145.0,bovada,0.40816326530612246,1.0633356790992259,-5.956320317670416,False,,,,,,,Don't bet - bookmaker has edge,Cleveland Cavaliers @ Chicago Bulls,2025-12-18T01:10:00Z,1,0.93,0.93,2025-12-17T16:59:46Z,2025-12-17T16:59:46Z,2025-12-17 12:00:41 ET,0.93,False,,False
Dean Wade,player_points_rebounds_assists,11.5,-190.0,bovada,0.6551724137931034,145.0,bovada,0.40816326530612246,1.0633356790992259,-5.956320317670416,False,,,,,,,Don't bet - bookmaker has edge,Cleveland Cavaliers @ Chicago Bulls,2025-12-18T01:10:00Z,1,0.93,0.93,2025-12-17T16:59:46Z,2025-12-17T16:59:46Z,2025-12-17 12:00:41 ET,0.93,False,,False
Matas Buzelis,player_points,10.5,-190.0,bovada,0.6551724137931034,145.0,bovada,0.40816326530612246,1.0633356790992259,-5.956320317670416,False,,,,,,,Don't bet - bookmaker has edge,Cleveland Cavaliers @ Chicago Bulls,2025-12-18T01:10:00Z,1,0.93,0.93,2025-12-17T16:59:46Z,2025-12-17T16:59:46Z,2025-12-17 12:00:41 ET,0.93,False,,False
De'Andre Hunter,player_points,12.5,-190.0,bovada,0.6551724137931034,145.0,bovada,0.40816326530612246,1.0633356790992259,-5.956320317670416,False,,,,,,,Don't bet - bookmaker has edge,Cleveland Cavaliers @ Chicago Bulls,2025-12-18T01:10:00Z,1,0.93,0.93,2025-12-17T16:59:46Z,2025-12-17T16:59:46Z,2025-12-17 12:00:41 ET,0.93,False,,False
Santi Aldama,player_points_rebounds_assists,22.5,-190.0,bovada,0.6551724137931034,145.0,bovada,0.40816326530612246,1.0633356790992259,-5.956320317670416,False,,,,,,,Don't bet - bookmaker has edge,Memphis Grizzlies @ Minnesota Timberwolves,2025-12-18T01:10:00Z,1,0.7,0.7,2025-12-17T17:00:00Z,2025-12-17T17:00:00Z,2025-12-17 12:00:41 ET,0.7,False,,False
Darius Garland,player_points,22.5,145.0,bovada,0.40816326530612246,-190.0,bovada,0.6551724137931034,1.0633356790992259,-5.956320317670416,False,,,,,,,Don't bet - bookmaker has edge,Cleveland Cavaliers @ Chicago Bulls,2025-12-18T01:10:00Z,1,0.93,0.93,2025-12-17T16:59:46Z,2025-12-17T16:59:46Z,2025-12-17 12:00:41 ET,0.93,False,,False
Matas Buzelis,player_points_rebounds_assists,16.5,-190.0,bovada,0.6551724137931034,145.0,bovada,0.40816326530612246,1.0633356790992259,-5.956320317670416,False,,,,,,,Don't bet - bookmaker has edge,Cleveland Cavaliers @ Chicago Bulls,2025-12-18T01:10:00Z,1,0.93,0.93,2025-12-17T16:59:46Z,2025-12-17T16:59:46Z,2025-12-17 12:00:41 ET,0.93,False,,False
Rudy Gobert,player_points_rebounds_assists,21.5,-190.0,bovada,0.6551724137931034,145.0,bovada,0.40816326530612246,1.0633356790992259,-5.956320317670416,False,,,,,,,Don't bet - bookmaker has edge,Memphis Grizzlies @ Minnesota Timberwolves,2025-12-18T01:10:00Z,1,0.7,0.7,2025-12-17T17:00:00Z,2025-12-17T17:00:00Z,2025-12-17 12:00:41 ET,0.7,False,,False
Nikola Vucevic,player_points,15.5,112.0,betrivers,0.4716981132075472,-145.0,bovada,0.5918367346938775,1.0635348479014248,-5.973931933381616,False,,,,,,,Don't bet - bookmaker has edge,Cleveland Cavaliers @ Chicago Bulls,2025-12-18T01:10:00Z,2,0.5,0.93,2025-12-17T17:00:12Z,2025-12-17T16:59:46Z,2025-12-17 12:00:41 ET,0.93,False,,False
Julius Randle,player_points_rebounds_assists,34.5,-145.0,bovada,0.5918367346938775,112.0,betrivers,0.4716981132075472,1.0635348479014248,-5.973931933381616,False,,,,,,,Don't bet - bookmaker has edge,Memphis Grizzlies @ Minnesota Timberwolves,2025-12-18T01:10:00Z,2,0.7,0.78,2025-12-17T17:00:00Z,2025-12-17T16:59:55Z,2025-12-17 12:00:41 ET,0.78,False,,False
Anthony Edwards,player_steals,0.5,-226.0,draftkings,0.6932515337423313,170.0,bovada,0.37037037037037035,1.0636219041127015,-5.981627857295435,False,,,,,,,Don't bet - bookmaker has edge,Memphis Grizzlies @ Minnesota Timberwolves,2025-12-18T01:10:00Z,2,0.15,0.7,2025-12-17T17:00:33Z,2025-12-17T17:00:00Z,2025-12-17 12:00:41 ET,0.7,False,,False
Jarrett Allen,player_assists,2.5,139.0,betonlineag,0.41841004184100417,-182.0,betonlineag,0.6453900709219859,1.0638001127629901,-5.9973778905966775,False,,,,,,,Don't bet - bookmaker has edge,Cleveland Cavaliers @ Chicago Bulls,2025-12-18T01:10:00Z,1,0.85,0.85,2025-12-17T16:59:51Z,2025-12-17T16:59:51Z,2025-12-17 12:00:41 ET,0.85,False,,False
Isaac Okoro,player_threes,1.5,186.0,betonlineag,0.34965034965034963,-250.0,betonlineag,0.7142857142857143,1.063936063936064,-6.009389671361509,False,,,,,,,Don't bet - bookmaker has edge,Cleveland Cavaliers @ Chicago Bulls,2025-12-18T01:10:00Z,1,0.85,0.85,2025-12-17T16:59:51Z,2025-12-17T16:59:51Z,2025-12-17 12:00:41 ET,0.85,False,,False
Santi Aldama,player_points,13.5,-170.0,bovada,0.6296296296296297,130.0,bovada,0.43478260869565216,1.0644122383252819,-6.0514372163388845,False,,,,,,,Don't bet - bookmaker has edge,Memphis Grizzlies @ Minnesota Timberwolves,2025-12-18T01:10:00Z,1,0.7,0.7,2025-12-17T17:00:00Z,2025-12-17T17:00:00Z,2025-12-17 12:00:41 ET,0.7,False,,False
Jaden McDaniels,player_points,16.5,130.0,bovada,0.43478260869565216,-170.0,bovada,0.6296296296296297,1.0644122383252819,-6.0514372163388845,False,,,,,,,Don't bet - bookmaker has edge,Memphis Grizzlies @ Minnesota Timberwolves,2025-12-18T01:10:00Z,1,0.7,0.7,2025-12-17T17:00:00Z,2025-12-17T17:00:00Z,2025-12-17 12:00:41 ET,0.7,False,,False
Matas Buzelis,player_points_rebounds_assists,20.5,130.0,bovada,0.43478260869565216,-170.0,bovada,0.6296296296296297,1.0644122383252819,-6.0514372163388845,False,,,,,,,Don't bet - bookmaker has edge,Cleveland Cavaliers @ Chicago Bulls,2025-12-18T01:10:00Z,1,0.93,0.93,2025-12-17T16:59:46Z,2025-12-17T16:59:46Z,2025-12-17 12:00:41 ET,0.93,False,,False
Lonzo Ball,player_points_rebounds_assists,13.5,-170.0,bovada,0.6296296296296297,130.0,bovada,0.43478260869565216,1.0644122383252819,-6.0514372163388845,False,,,,,,,Don't bet - bookmaker has edge,Cleveland Cavaliers @ Chicago Bulls,2025-12-18T01:10:00Z,1,0.93,0.93,2025-12-17T16:59:46Z,2025-12-17T16:59:46Z,2025-12-17 12:00:41 ET,0.93,False,,False
Jaylen Wells,player_points_rebounds_assists,18.5,-170.0,bovada,0.6296296296296297,130.0,bovada,0.43478260869565216,1.0644122383252819,-6.0514372163388845,False,,,,,,,Don't bet - bookmaker has edge,Memphis Grizzlies @ Minnesota Timberwolves,2025-12-18T01:10:00Z,1,0.7,0.7,2025-12-17T17:00:00Z,2025-12-17T17:00:00Z,2025-12-17 12:00:41 ET,0.7,False,,False
Santi Aldama,player_rebounds,7.5,130.0,bovada,0.43478260869565216,-170.0,bovada,0.6296296296296297,1.0644122383252819,-6.0514372163388845,False,,,,,,,Don't bet - bookmaker has edge,Memphis Grizzlies @ Minnesota Timberwolves,2025-12-18T01:10:00Z,1,0.7,0.7,2025-12-17T17:00:00Z,2025-12-17T17:00:00Z,2025-12-17 12:00:41 ET,0.7,False,,False
Coby White,player_points,19.5,-170.0,bovada,0.6296296296296297,130.0,bovada,0.43478260869565216,1.0644122383252819,-6.0514372163388845,False,,,,,,,Don't bet - bookmaker has edge,Cleveland Cavaliers @ Chicago Bulls,2025-12-18T01:10:00Z,1,0.93,0.93,2025-12-17T16:59:46Z,2025-12-17T16:59:46Z,2025-12-17 12:00:41 ET,0.93,False,,False
Ja Morant,player_steals,0.5,-170.0,draftkings,0.6296296296296297,130.0,bovada,0.43478260869565216,1.0644122383252819,-6.0514372163388845,False,,,,,,,Don't bet - bookmaker has edge,Memphis Grizzlies @ Minnesota Timberwolves,2025-12-18T01:10:00Z,2,0.15,0.7,2025-12-17T17:00:33Z,2025-12-17T17:00:00Z,2025-12-17 12:00:41 ET,0.7,False,,False
Rudy Gobert,player_points,9.5,-170.0,bovada,0.6296296296296297,130.0,bovada,0.43478260869565216,1.0644122383252819,-6.0514372163388845,False,,,,,,,Don't bet - bookmaker has edge,Memphis Grizzlies @ Minnesota Timberwolves,2025-12-18T01:10:00Z,1,0.7,0.7,2025-12-17T17:00:00Z,2025-12-17T17:00:00Z,2025-12-17 12:00:41 ET,0.7,False,,False
Lonzo Ball,player_assists,4.5,130.0,betrivers,0.43478260869565216,-170.0,bovada,0.6296296296296297,1.0644122383252819,-6.0514372163388845,False,,,,,,,Don't bet - bookmaker has edge,Cleveland Cavaliers @ Chicago Bulls,2025-12-18T01:10:00Z,2,0.5,0.93,2025-12-17T17:00:12Z,2025-12-17T16:59:46Z,2025-12-17 12:00:41 ET,0.93,False,,False
Jock Landale,player_points_rebounds_assists,15.5,-170.0,bovada,0.6296296296296297,130.0,bovada,0.43478260869565216,1.0644122383252819,-6.0514372163388845,False,,,,,,,Don't bet - bookmaker has edge,Memphis Grizzlies @ Minnesota Timberwolves,2025-12-18T01:10:00Z,1,0.7,0.7,2025-12-17T17:00:00Z,2025-12-17T17:00:00Z,2025-12-17 12:00:41 ET,0.7,False,,False
Matas Buzelis,player_points,15.5,205.0,bovada,0.32786885245901637,-280.0,bovada,0.7368421052631579,1.0647109577221743,-6.077795786061591,False,,,,,,,Don't bet - bookmaker has edge,Cleveland Cavaliers @ Chicago Bulls,2025-12-18T01:10:00Z,1,0.93,0.93,2025-12-17T16:59:46Z,2025-12-17T16:59:46Z,2025-12-17 12:00:41 ET,0.93,False,,False
Anthony Edwards,player_points,32.5,205.0,bovada,0.32786885245901637,-280.0,bovada,0.7368421052631579,1.0647109577221743,-6.077795786061591,False,,,,,,,Don't bet - bookmaker has edge,Memphis Grizzlies @ Minnesota Timberwolves,2025-12-18T01:10:00Z,1,0.7,0.7,2025-12-17T17:00:00Z,2025-12-17T17:00:00Z,2025-12-17 12:00:41 ET,0.7,False,,False
Jaren Jackson Jr,player_blocks,0.5,-280.0,bovada,0.7368421052631579,205.0,bovada,0.32786885245901637,1.0647109577221743,-6.077795786061591,False,,,,,,,Don't bet - bookmaker has edge,Memphis Grizzlies @ Minnesota Timberwolves,2025-12-18T01:10:00Z,1,0.7,0.7,2025-12-17T17:00:00Z,2025-12-17T17:00:00Z,2025-12-17 12:00:41 ET,0.7,False,,False
Anthony Edwards,player_points,24.5,-220.0,bovada,0.6875,165.0,bovada,0.37735849056603776,1.0648584905660377,-6.0908084163898035,False,,,,,,,Don't bet - bookmaker has edge,Memphis Grizzlies @ Minnesota Timberwolves,2025-12-18T01:10:00Z,1,0.7,0.7,2025-12-17T17:00:00Z,2025-12-17T17:00:00Z,2025-12-17 12:00:41 ET,0.7,False,,False
Jarrett Allen,player_rebounds,10.5,165.0,bovada,0.37735849056603776,-220.0,bovada,0.6875,1.0648584905660377,-6.0908084163898035,False,,,,,,,Don't bet - bookmaker has edge,Cleveland Cavaliers @ Chicago Bulls,2025-12-18T01:10:00Z,1,0.93,0.93,2025-12-17T16:59:46Z,2025-12-17T16:59:46Z,2025-12-17 12:00:41 ET,0.93,False,,False
Ayo Dosunmu,player_points,8.5,-220.0,bovada,0.6875,165.0,bovada,0.37735849056603776,1.0648584905660377,-6.0908084163898035,False,,,,,,,Don't bet - bookmaker has edge,Cleveland Cavaliers @ Chicago Bulls,2025-12-18T01:10:00Z,1,0.93,0.93,2025-12-17T16:59:46Z,2025-12-17T16:59:46Z,2025-12-17 12:00:41 ET,0.93,False,,False
Naz Reid,player_rebounds,7.5,165.0,bovada,0.37735849056603776,-220.0,bovada,0.6875,1.0648584905660377,-6.0908084163898035,False,,,,,,,Don't bet - bookmaker has edge,Memphis Grizzlies @ Minnesota Timberwolves,2025-12-18T01:10:00Z,1,0.7,0.7,2025-12-17T17:00:00Z,2025-12-17T17:00:00Z,2025-12-17 12:00:41 ET,0.7,False,,False
Coby White,player_points,18.5,-220.0,bovada,0.6875,165.0,bovada,0.37735849056603776,1.0648584905660377,-6.0908084163898035,False,,,,,,,Don't bet - bookmaker has edge,Cleveland Cavaliers @ Chicago Bulls,2025-12-18T01:10:00Z,1,0.93,0.93,2025-12-17T16:59:46Z,2025-12-17T16:59:46Z,2025-12-17 12:00:41 ET,0.93,False,,False
Coby White,player_points,24.5,165.0,bovada,0.37735849056603776,-220.0,bovada,0.6875,1.0648584905660377,-6.0908084163898035,False,,,,,,,Don't bet - bookmaker has edge,Cleveland Cavaliers @ Chicago Bulls,2025-12-18T01:10:00Z,1,0.93,0.93,2025-12-17T16:59:46Z,2025-12-17T16:59:46Z,2025-12-17 12:00:41 ET,0.93,False,,False
Jaylen Wells,player_points_rebounds_assists,17.5,-220.0,bovada,0.6875,165.0,bovada,0.37735849056603776,1.0648584905660377,-6.0908084163898035,False,,,,,,,Don't bet - bookmaker has edge,Memphis Grizzlies @ Minnesota Timberwolves,2025-12-18T01:10:00Z,1,0.7,0.7,2025-12-17T17:00:00Z,2025-12-17T17:00:00Z,2025-12-17 12:00:41 ET,0.7,False,,False
Lonzo Ball,player_points_rebounds_assists,12.5,-220.0,bovada,0.6875,165.0,bovada,0.37735849056603776,1.0648584905660377,-6.0908084163898035,False,,,,,,,Don't bet - bookmaker has edge,Cleveland Cavaliers @ Chicago Bulls,2025-12-18T01:10:00Z,1,0.93,0.93,2025-12-17T16:59:46Z,2025-12-17T16:59:46Z,2025-12-17 12:00:41 ET,0.93,False,,False
Donovan Mitchell,player_points,28.5,-220.0,bovada,0.6875,165.0,bovada,0.37735849056603776,1.0648584905660377,-6.0908084163898035,False,,,,,,,Don't bet - bookmaker has edge,Cleveland Cavaliers @ Chicago Bulls,2025-12-18T01:10:00Z,1,0.93,0.93,2025-12-17T16:59:46Z,2025-12-17T16:59:46Z,2025-12-17 12:00:41 ET,0.93,False,,False
Jaden McDaniels,player_points,12.5,-220.0,bovada,0.6875,165.0,bovada,0.37735849056603776,1.0648584905660377,-6.0908084163898035,False,,,,,,,Don't bet - bookmaker has edge,Memphis Grizzlies @ Minnesota Timberwolves,2025-12-18T01:10:00Z,1,0.7,0.7,2025-12-17T17:00:00Z,2025-12-17T17:00:00Z,2025-12-17 12:00:41 ET,0.7,False,,False
Jaden McDaniels,player_points,17.5,165.0,bovada,0.37735849056603776,-220.0,bovada,0.6875,1.0648584905660377,-6.0908084163898035,False,,,,,,,Don't bet - bookmaker has edge,Memphis Grizzlies @ Minnesota Timberwolves,2025-12-18T01:10:00Z,1,0.7,0.7,2025-12-17T17:00:00Z,2025-12-17T17:00:00Z,2025-12-17 12:00:41 ET,0.7,False,,False
Jock Landale,player_points,7.5,-220.0,bovada,0.6875,165.0,bovada,0.37735849056603776,1.0648584905660377,-6.0908084163898035,False,,,,,,,Don't bet - bookmaker has edge,Memphis Grizzlies @ Minnesota Timberwolves,2025-12-18T01:10:00Z,1,0.7,0.7,2025-12-17T17:00:00Z,2025-12-17T17:00:00Z,2025-12-17 12:00:41 ET,0.7,False,,False
Jaylon Tyson,player_points,10.5,-220.0,bovada,0.6875,165.0,bovada,0.37735849056603776,1.0648584905660377,-6.0908084163898035,False,,,,,,,Don't bet - bookmaker has edge,Cleveland Cavaliers @ Chicago Bulls,2025-12-18T01:10:00Z,1,0.93,0.93,2025-12-17T16:59:46Z,2025-12-17T16:59:46Z,2025-12-17 12:00:41 ET,0.93,False,,False
Jock Landale,player_points,11.5,165.0,bovada,0.37735849056603776,-220.0,bovada,0.6875,1.0648584905660377,-6.0908084163898035,False,,,,,,,Don't bet - bookmaker has edge,Memphis Grizzlies @ Minnesota Timberwolves,2025-12-18T01:10:00Z,1,0.7,0.7,2025-12-17T17:00:00Z,2025-12-17T17:00:00Z,2025-12-17 12:00:41 ET,0.7,False,,False
Julius Randle,player_assists,6.5,165.0,bovada,0.37735849056603776,-220.0,bovada,0.6875,1.0648584905660377,-6.0908084163898035,False,,,,,,,Don't bet - bookmaker has edge,Memphis Grizzlies @ Minnesota Timberwolves,2025-12-18T01:10:00Z,1,0.7,0.7,2025-12-17T17:00:00Z,2025-12-17T17:00:00Z,2025-12-17 12:00:41 ET,0.7,False,,False
Ayo Dosunmu,player_points_rebounds_assists,13.5,-220.0,bovada,0.6875,165.0,bovada,0.37735849056603776,1.0648584905660377,-6.0908084163898035,False,,,,,,,Don't bet - bookmaker has edge,Cleveland Cavaliers @ Chicago Bulls,2025-12-18T01:10:00Z,1,0.93,0.93,2025-12-17T16:59:46Z,2025-12-17T16:59:46Z,2025-12-17 12:00:41 ET,0.93,False,,False
Jaylen Wells,player_threes,2.5,165.0,bovada,0.37735849056603776,-220.0,bovada,0.6875,1.0648584905660377,-6.0908084163898035,False,,,,,,,Don't bet - bookmaker has edge,Memphis Grizzlies @ Minnesota Timberwolves,2025-12-18T01:10:00Z,1,0.7,0.7,2025-12-17T17:00:00Z,2025-12-17T17:00:00Z,2025-12-17 12:00:41 ET,0.7,False,,False
Jaden McDaniels,player_points_rebounds_assists,22.5,-118.0,draftkings,0.5412844036697247,-110.0,bovada,0.5238095238095238,1.0650939274792486,-6.111566858080398,False,,,,,,,Don't bet - bookmaker has edge,Memphis Grizzlies @ Minnesota Timberwolves,2025-12-18T01:10:00Z,3,0.15,0.7,2025-12-17T17:00:33Z,2025-12-17T17:00:00Z,2025-12-17 12:00:41 ET,0.7,False,,False
Dean Wade,player_assists,1.5,-150.0,betmgm,0.6,115.0,betmgm,0.46511627906976744,1.0651162790697675,-6.113537117903933,False,,,,,,,Don't bet - bookmaker has edge,Cleveland Cavaliers @ Chicago Bulls,2025-12-18T01:10:00Z,1,0.72,0.72,2025-12-17T16:59:59Z,2025-12-17T16:59:59Z,2025-12-17 12:00:41 ET,0.72,False,,False
Jaren Jackson Jr,player_points_rebounds_assists,24.5,-150.0,bovada,0.6,115.0,bovada,0.46511627906976744,1.0651162790697675,-6.113537117903933,False,,,,,,,Don't bet - bookmaker has edge,Memphis Grizzlies @ Minnesota Timberwolves,2025-12-18T01:10:00Z,1,0.7,0.7,2025-12-17T17:00:00Z,2025-12-17T17:00:00Z,2025-12-17 12:00:41 ET,0.7,False,,False
Jaylon Tyson,player_points_rebounds_assists,23.5,115.0,bovada,0.46511627906976744,-150.0,bovada,0.6,1.0651162790697675,-6.113537117903933,False,,,,,,,Don't bet - bookmaker has edge,Cleveland Cavaliers @ Chicago Bulls,2025-12-18T01:10:00Z,1,0.93,0.93,2025-12-17T16:59:46Z,2025-12-17T16:59:46Z,2025-12-17 12:00:41 ET,0.93,False,,False
Jock Landale,player_points,8.5,-150.0,bovada,0.6,115.0,bovada,0.46511627906976744,1.0651162790697675,-6.113537117903933,False,,,,,,,Don't bet - bookmaker has edge,Memphis Grizzlies @ Minnesota Timberwolves,2025-12-18T01:10:00Z,1,0.7,0.7,2025-12-17T17:00:00Z,2025-12-17T17:00:00Z,2025-12-17 12:00:41 ET,0.7,False,,False
Jaden McDaniels,player_points_rebounds_assists,21.5,-150.0,bovada,0.6,115.0,bovada,0.46511627906976744,1.0651162790697675,-6.113537117903933,False,,,,,,,Don't bet - bookmaker has edge,Memphis Grizzlies @ Minnesota Timberwolves,2025-12-18T01:10:00Z,1,0.7,0.7,2025-12-17T17:00:00Z,2025-12-17T17:00:00Z,2025-12-17 12:00:41 ET,0.7,False,,False
Jaren Jackson Jr,player_points,17.5,-150.0,bovada,0.6,115.0,bovada,0.46511627906976744,1.0651162790697675,-6.113537117903933,False,,,,,,,Don't bet - bookmaker has edge,Memphis Grizzlies @ Minnesota Timberwolves,2025-12-18T01:10:00Z,1,0.7,0.7,2025-12-17T17:00:00Z,2025-12-17T17:00:00Z,2025-12-17 12:00:41 ET,0.7,False,,False
Ja Morant,player_points,19.5,115.0,bovada,0.46511627906976744,-150.0,bovada,0.6,1.0651162790697675,-6.113537117903933,False,,,,,,,Don't bet - bookmaker has edge,Memphis Grizzlies @ Minnesota Timberwolves,2025-12-18T01:10:00Z,1,0.7,0.7,2025-12-17T17:00:00Z,2025-12-17T17:00:00Z,2025-12-17 12:00:41 ET,0.7,False,,False
Jock Landale,player_rebounds,5.5,-150.0,bovada,0.6,115.0,bovada,0.46511627906976744,1.0651162790697675,-6.113537117903933,False,,,,,,,Don't bet - bookmaker has edge,Memphis Grizzlies @ Minnesota Timberwolves,2025-12-18T01:10:00Z,1,0.7,0.7,2025-12-17T17:00:00Z,2025-12-17T17:00:00Z,2025-12-17 12:00:41 ET,0.7,False,,False
Ayo Dosunmu,player_points,11.5,115.0,bovada,0.46511627906976744,-150.0,bovada,0.6,1.0651162790697675,-6.113537117903933,False,,,,,,,Don't bet - bookmaker has edge,Cleveland Cavaliers @ Chicago Bulls,2025-12-18T01:10:00Z,1,0.93,0.93,2025-12-17T16:59:46Z,2025-12-17T16:59:46Z,2025-12-17 12:00:41 ET,0.93,False,,False
Santi Aldama,player_points_rebounds_assists,26.5,115.0,bovada,0.46511627906976744,-150.0,bovada,0.6,1.0651162790697675,-6.113537117903933,False,,,,,,,Don't bet - bookmaker has edge,Memphis Grizzlies @ Minnesota Timberwolves,2025-12-18T01:10:00Z,1,0.7,0.7,2025-12-17T17:00:00Z,2025-12-17T17:00:00Z,2025-12-17 12:00:41 ET,0.7,False,,False
Rudy Gobert,player_points_rebounds_assists,22.5,-150.0,bovada,0.6,115.0,bovada,0.46511627906976744,1.0651162790697675,-6.113537117903933,False,,,,,,,Don't bet - bookmaker has edge,Memphis Grizzlies @ Minnesota Timberwolves,2025-12-18T01:10:00Z,1,0.7,0.7,2025-12-17T17:00:00Z,2025-12-17T17:00:00Z,2025-12-17 12:00:41 ET,0.7,False,,False
Nikola Vucevic,player_points_rebounds_assists,27.5,115.0,bovada,0.46511627906976744,-150.0,bovada,0.6,1.0651162790697675,-6.113537117903933,False,,,,,,,Don't bet - bookmaker has edge,Cleveland Cavaliers @ Chicago Bulls,2025-12-18T01:10:00Z,1,0.93,0.93,2025-12-17T16:59:46Z,2025-12-17T16:59:46Z,2025-12-17 12:00:41 ET,0.93,False,,False
Matas Buzelis,player_points_rebounds_assists,17.5,-150.0,bovada,0.6,115.0,bovada,0.46511627906976744,1.0651162790697675,-6.113537117903933,False,,,,,,,Don't bet - bookmaker has edge,Cleveland Cavaliers @ Chicago Bulls,2025-12-18T01:10:00Z,1,0.93,0.93,2025-12-17T16:59:46Z,2025-12-17T16:59:46Z,2025-12-17 12:00:41 ET,0.93,False,,False
Donovan Mitchell,player_points,33.5,115.0,bovada,0.46511627906976744,-150.0,bovada,0.6,1.0651162790697675,-6.113537117903933,False,,,,,,,Don't bet - bookmaker has edge,Cleveland Cavaliers @ Chicago Bulls,2025-12-18T01:10:00Z,1,0.93,0.93,2025-12-17T16:59:46Z,2025-12-17T16:59:46Z,2025-12-17 12:00:41 ET,0.93,False,,False
Naz Reid,player_points,15.5,115.0,bovada,0.46511627906976744,-150.0,bovada,0.6,1.0651162790697675,-6.113537117903933,False,,,,,,,Don't bet - bookmaker has edge,Memphis Grizzlies @ Minnesota Timberwolves,2025-12-18T01:10:00Z,1,0.7,0.7,2025-12-17T17:00:00Z,2025-12-17T17:00:00Z,2025-12-17 12:00:41 ET,0.7,False,,False
Jaren Jackson Jr,player_points,15.5,-250.0,bovada,0.7142857142857143,185.0,bovada,0.3508771929824561,1.0651629072681703,-6.117647058823517,False,,,,,,,Don't bet - bookmaker has edge,Memphis Grizzlies @ Minnesota Timberwolves,2025-12-18T01:10:00Z,1,0.7,0.7,2025-12-17T17:00:00Z,2025-12-17T17:00:00Z,2025-12-17 12:00:41 ET,0.7,False,,False
Julius Randle,player_threes,2.5,185.0,bovada,0.3508771929824561,-250.0,bovada,0.7142857142857143,1.0651629072681703,-6.117647058823517,False,,,,,,,Don't bet - bookmaker has edge,Memphis Grizzlies @ Minnesota Timberwolves,2025-12-18T01:10:00Z,1,0.7,0.7,2025-12-17T17:00:00Z,2025-12-17T17:00:00Z,2025-12-17 12:00:41 ET,0.7,False,,False
Santi Aldama,player_threes,2.5,185.0,bovada,0.3508771929824561,-250.0,bovada,0.7142857142857143,1.0651629072681703,-6.117647058823517,False,,,,,,,Don't bet - bookmaker has edge,Memphis Grizzlies @ Minnesota Timberwolves,2025-12-18T01:10:00Z,1,0.7,0.7,2025-12-17T17:00:00Z,2025-12-17T17:00:00Z,2025-12-17 12:00:41 ET,0.7,False,,False
Julius Randle,player_points,26.5,185.0,bovada,0.3508771929824561,-250.0,bovada,0.7142857142857143,1.0651629072681703,-6.117647058823517,False,,,,,,,Don't bet - bookmaker has edge,Memphis Grizzlies @ Minnesota Timberwolves,2025-12-18T01:10:00Z,1,0.7,0.7,2025-12-17T17:00:00Z,2025-12-17T17:00:00Z,2025-12-17 12:00:41 ET,0.7,False,,False
Naz Reid,player_points,17.5,185.0,bovada,0.3508771929824561,-250.0,bovada,0.7142857142857143,1.0651629072681703,-6.117647058823517,False,,,,,,,Don't bet - bookmaker has edge,Memphis Grizzlies @ Minnesota Timberwolves,2025-12-18T01:10:00Z,1,0.7,0.7,2025-12-17T17:00:00Z,2025-12-17T17:00:00Z,2025-12-17 12:00:41 ET,0.7,False,,False
De'Andre Hunter,player_points,17.5,185.0,bovada,0.3508771929824561,-250.0,bovada,0.7142857142857143,1.0651629072681703,-6.117647058823517,False,,,,,,,Don't bet - bookmaker has edge,Cleveland Cavaliers @ Chicago Bulls,2025-12-18T01:10:00Z,1,0.93,0.93,2025-12-17T16:59:46Z,2025-12-17T16:59:46Z,2025-12-17 12:00:41 ET,0.93,False,,False
Rudy Gobert,player_rebounds,9.5,-250.0,bovada,0.7142857142857143,185.0,bovada,0.3508771929824561,1.0651629072681703,-6.117647058823517,False,,,,,,,Don't bet - bookmaker has edge,Memphis Grizzlies @ Minnesota Timberwolves,2025-12-18T01:10:00Z,1,0.7,0.7,2025-12-17T17:00:00Z,2025-12-17T17:00:00Z,2025-12-17 12:00:41 ET,0.7,False,,False
Donovan Mitchell,player_points,36.5,185.0,bovada,0.3508771929824561,-250.0,bovada,0.7142857142857143,1.0651629072681703,-6.117647058823517,False,,,,,,,Don't bet - bookmaker has edge,Cleveland Cavaliers @ Chicago Bulls,2025-12-18T01:10:00Z,1,0.93,0.93,2025-12-17T16:59:46Z,2025-12-17T16:59:46Z,2025-12-17 12:00:41 ET,0.93,False,,False
Kevin Huerter,player_points_rebounds_assists,12.5,-130.0,bovada,0.5652173913043478,100.0,bovada,0.5,1.0652173913043477,-6.122448979591821,False,,,,,,,Don't bet - bookmaker has edge,Cleveland Cavaliers @ Chicago Bulls,2025-12-18T01:10:00Z,1,0.93,0.93,2025-12-17T16:59:46Z,2025-12-17T16:59:46Z,2025-12-17 12:00:41 ET,0.93,False,,False
Kevin Huerter,player_points_rebounds_assists,13.5,100.0,bovada,0.5,-130.0,bovada,0.5652173913043478,1.0652173913043477,-6.122448979591821,False,,,,,,,Don't bet - bookmaker has edge,Cleveland Cavaliers @ Chicago Bulls,2025-12-18T01:10:00Z,2,0.93,0.93,2025-12-17T16:59:46Z,2025-12-17T16:59:46Z,2025-12-17 12:00:41 ET,0.93,False,,False
Lonzo Ball,player_points_rebounds_assists,14.5,-130.0,bovada,0.5652173913043478,100.0,bovada,0.5,1.0652173913043477,-6.122448979591821,False,,,,,,,Don't bet - bookmaker has edge,Cleveland Cavaliers @ Chicago Bulls,2025-12-18T01:10:00Z,2,0.93,0.93,2025-12-17T16:59:46Z,2025-12-17T16:59:46Z,2025-12-17 12:00:41 ET,0.93,False,,False
Ayo Dosunmu,player_points_rebounds_assists,15.5,-130.0,bovada,0.5652173913043478,100.0,bovada,0.5,1.0652173913043477,-6.122448979591821,False,,,,,,,Don't bet - bookmaker has edge,Cleveland Cavaliers @ Chicago Bulls,2025-12-18T01:10:00Z,1,0.93,0.93,2025-12-17T16:59:46Z,2025-12-17T16:59:46Z,2025-12-17 12:00:41 ET,0.93,False,,False
Jarrett Allen,player_points_rebounds_assists,26.5,100.0,bovada,0.5,-130.0,bovada,0.5652173913043478,1.0652173913043477,-6.122448979591821,False,,,,,,,Don't bet - bookmaker has edge,Cleveland Cavaliers @ Chicago Bulls,2025-12-18T01:10:00Z,1,0.93,0.93,2025-12-17T16:59:46Z,2025-12-17T16:59:46Z,2025-12-17 12:00:41 ET,0.93,False,,False
Donte DiVincenzo,player_points_rebounds_assists,23.5,100.0,bovada,0.5,-130.0,bovada,0.5652173913043478,1.0652173913043477,-6.122448979591821,False,,,,,,,Don't bet - bookmaker has edge,Memphis Grizzlies @ Minnesota Timberwolves,2025-12-18T01:10:00Z,1,0.7,0.7,2025-12-17T17:00:00Z,2025-12-17T17:00:00Z,2025-12-17 12:00:41 ET,0.7,False,,False
Kevin Huerter,player_points,8.5,-130.0,bovada,0.5652173913043478,100.0,bovada,0.5,1.0652173913043477,-6.122448979591821,False,,,,,,,Don't bet - bookmaker has edge,Cleveland Cavaliers @ Chicago Bulls,2025-12-18T01:10:00Z,1,0.93,0.93,2025-12-17T16:59:46Z,2025-12-17T16:59:46Z,2025-12-17 12:00:41 ET,0.93,False,,False
Patrick Williams,player_points_rebounds_assists,10.5,-130.0,betmgm,0.5652173913043478,100.0,betmgm,0.5,1.0652173913043477,-6.122448979591821,False,,,,,,,Don't bet - bookmaker has edge,Cleveland Cavaliers @ Chicago Bulls,2025-12-18T01:10:00Z,1,0.72,0.72,2025-12-17T16:59:59Z,2025-12-17T16:59:59Z,2025-12-17 12:00:41 ET,0.72,False,,False
Donte DiVincenzo,player_points,12.5,-157.0,betrivers,0.6108949416342413,120.0,bovada,0.45454545454545453,1.0654403961796959,-6.142098273572383,False,,,,,,,Don't bet - bookmaker has edge,Memphis Grizzlies @ Minnesota Timberwolves,2025-12-18T01:10:00Z,2,0.78,0.7,2025-12-17T16:59:55Z,2025-12-17T17:00:00Z,2025-12-17 12:00:41 ET,0.78,False,,False
Josh Giddey,player_steals,0.5,-199.0,draftkings,0.6655518394648829,150.0,bovada,0.4,1.065551839464883,-6.151914626490907,False,,,,,,,Don't bet - bookmaker has edge,Cleveland Cavaliers @ Chicago Bulls,2025-12-18T01:10:00Z,2,0.43,0.93,2025-12-17T17:00:16Z,2025-12-17T16:59:46Z,2025-12-17 12:00:41 ET,0.93,False,,False
Jaden McDaniels,player_points_rebounds_assists,20.5,-185.0,bovada,0.6491228070175439,140.0,bovada,0.4166666666666667,1.0657894736842106,-6.172839506172845,False,,,,,,,Don't bet - bookmaker has edge,Memphis Grizzlies @ Minnesota Timberwolves,2025-12-18T01:10:00Z,1,0.7,0.7,2025-12-17T17:00:00Z,2025-12-17T17:00:00Z,2025-12-17 12:00:41 ET,0.7,False,,False
Rudy Gobert,player_points,12.5,140.0,bovada,0.4166666666666667,-185.0,bovada,0.6491228070175439,1.0657894736842106,-6.172839506172845,False,,,,,,,Don't bet - bookmaker has edge,Memphis Grizzlies @ Minnesota Timberwolves,2025-12-18T01:10:00Z,1,0.7,0.7,2025-12-17T17:00:00Z,2025-12-17T17:00:00Z,2025-12-17 12:00:41 ET,0.7,False,,False
Donte DiVincenzo,player_points,15.5,140.0,bovada,0.4166666666666667,-185.0,bovada,0.6491228070175439,1.0657894736842106,-6.172839506172845,False,,,,,,,Don't bet - bookmaker has edge,Memphis Grizzlies @ Minnesota Timberwolves,2025-12-18T01:10:00Z,1,0.7,0.7,2025-12-17T17:00:00Z,2025-12-17T17:00:00Z,2025-12-17 12:00:41 ET,0.7,False,,False
Ja Morant,player_points,20.5,140.0,bovada,0.4166666666666667,-185.0,bovada,0.6491228070175439,1.0657894736842106,-6.172839506172845,False,,,,,,,Don't bet - bookmaker has edge,Memphis Grizzlies @ Minnesota Timberwolves,2025-12-18T01:10:00Z,1,0.7,0.7,2025-12-17T17:00:00Z,2025-12-17T17:00:00Z,2025-12-17 12:00:41 ET,0.7,False,,False
Donte DiVincenzo,player_threes,2.5,-185.0,bovada,0.6491228070175439,140.0,bovada,0.4166666666666667,1.0657894736842106,-6.172839506172845,False,,,,,,,Don't bet - bookmaker has edge,Memphis Grizzlies @ Minnesota Timberwolves,2025-12-18T01:10:00Z,1,0.7,0.7,2025-12-17T17:00:00Z,2025-12-17T17:00:00Z,2025-12-17 12:00:41 ET,0.7,False,,False
Jaren Jackson Jr,player_points_rebounds_assists,23.5,-185.0,bovada,0.6491228070175439,140.0,bovada,0.4166666666666667,1.0657894736842106,-6.172839506172845,False,,,,,,,Don't bet - bookmaker has edge,Memphis Grizzlies @ Minnesota Timberwolves,2025-12-18T01:10:00Z,1,0.7,0.7,2025-12-17T17:00:00Z,2025-12-17T17:00:00Z,2025-12-17 12:00:41 ET,0.7,False,,False
Jaylon Tyson,player_points,14.5,140.0,bovada,0.4166666666666667,-185.0,bovada,0.6491228070175439,1.0657894736842106,-6.172839506172845,False,,,,,,,Don't bet - bookmaker has edge,Cleveland Cavaliers @ Chicago Bulls,2025-12-18T01:10:00Z,1,0.93,0.93,2025-12-17T16:59:46Z,2025-12-17T16:59:46Z,2025-12-17 12:00:41 ET,0.93,False,,False
Tre Jones,player_points_rebounds_assists,13.5,-185.0,bovada,0.6491228070175439,140.0,bovada,0.4166666666666667,1.0657894736842106,-6.172839506172845,False,,,,,,,Don't bet - bookmaker has edge,Cleveland Cavaliers @ Chicago Bulls,2025-12-18T01:10:00Z,1,0.93,0.93,2025-12-17T16:59:46Z,2025-12-17T16:59:46Z,2025-12-17 12:00:41 ET,0.93,False,,False
Julius Randle,player_points,20.5,-185.0,bovada,0.6491228070175439,140.0,bovada,0.4166666666666667,1.0657894736842106,-6.172839506172845,False,,,,,,,Don't bet - bookmaker has edge,Memphis Grizzlies @ Minnesota Timberwolves,2025-12-18T01:10:00Z,1,0.7,0.7,2025-12-17T17:00:00Z,2025-12-17T17:00:00Z,2025-12-17 12:00:41 ET,0.7,False,,False
Julius Randle,player_steals,0.5,-185.0,bovada,0.6491228070175439,140.0,draftkings,0.4166666666666667,1.0657894736842106,-6.172839506172845,False,,,,,,,Don't bet - bookmaker has edge,Memphis Grizzlies @ Minnesota Timberwolves,2025-12-18T01:10:00Z,2,0.7,0.15,2025-12-17T17:00:00Z,2025-12-17T17:00:33Z,2025-12-17 12:00:41 ET,0.7,False,,False
Tre Jones,player_steals,0.5,-236.0,draftkings,0.7023809523809523,175.0,draftkings,0.36363636363636365,1.0660173160173159,-6.192893401015221,False,,,,,,,Don't bet - bookmaker has edge,Cleveland Cavaliers @ Chicago Bulls,2025-12-18T01:10:00Z,2,0.43,0.43,2025-12-17T17:00:16Z,2025-12-17T17:00:16Z,2025-12-17 12:00:41 ET,0.43,False,,False
Nikola Vucevic,player_rebounds,6.5,-290.0,bovada,0.7435897435897436,210.0,bovada,0.3225806451612903,1.0661703887510339,-6.206361520558568,False,,,,,,,Don't bet - bookmaker has edge,Cleveland Cavaliers @ Chicago Bulls,2025-12-18T01:10:00Z,1,0.93,0.93,2025-12-17T16:59:46Z,2025-12-17T16:59:46Z,2025-12-17 12:00:41 ET,0.93,False,,False
Jaylen Wells,player_points,10.5,-290.0,bovada,0.7435897435897436,210.0,bovada,0.3225806451612903,1.0661703887510339,-6.206361520558568,False,,,,,,,Don't bet - bookmaker has edge,Memphis Grizzlies @ Minnesota Timberwolves,2025-12-18T01:10:00Z,1,0.7,0.7,2025-12-17T17:00:00Z,2025-12-17T17:00:00Z,2025-12-17 12:00:41 ET,0.7,False,,False
Nikola Vucevic,player_points,11.5,-290.0,bovada,0.7435897435897436,210.0,bovada,0.3225806451612903,1.0661703887510339,-6.206361520558568,False,,,,,,,Don't bet - bookmaker has edge,Cleveland Cavaliers @ Chicago Bulls,2025-12-18T01:10:00Z,1,0.93,0.93,2025-12-17T16:59:46Z,2025-12-17T16:59:46Z,2025-12-17 12:00:41 ET,0.93,False,,False
Jaden McDaniels,player_points,18.5,210.0,bovada,0.3225806451612903,-290.0,bovada,0.7435897435897436,1.0661703887510339,-6.206361520558568,False,,,,,,,Don't bet - bookmaker has edge,Memphis Grizzlies @ Minnesota Timberwolves,2025-12-18T01:10:00Z,1,0.7,0.7,2025-12-17T17:00:00Z,2025-12-17T17:00:00Z,2025-12-17 12:00:41 ET,0.7,False,,False
Jarrett Allen,player_points,17.5,200.0,bovada,0.3333333333333333,-275.0,bovada,0.7333333333333333,1.0666666666666667,-6.25,False,,,,,,,Don't bet - bookmaker has edge,Cleveland Cavaliers @ Chicago Bulls,2025-12-18T01:10:00Z,1,0.93,0.93,2025-12-17T16:59:46Z,2025-12-17T16:59:46Z,2025-12-17 12:00:41 ET,0.93,False,,False
Kevin Huerter,player_points,7.5,-200.0,bovada,0.6666666666666666,150.0,bovada,0.4,1.0666666666666667,-6.25,False,,,,,,,Don't bet - bookmaker has edge,Cleveland Cavaliers @ Chicago Bulls,2025-12-18T01:10:00Z,1,0.93,0.93,2025-12-17T16:59:46Z,2025-12-17T16:59:46Z,2025-12-17 12:00:41 ET,0.93,False,,False
Rudy Gobert,player_rebounds,12.5,150.0,bovada,0.4,-200.0,bovada,0.6666666666666666,1.0666666666666667,-6.25,False,,,,,,,Don't bet - bookmaker has edge,Memphis Grizzlies @ Minnesota Timberwolves,2025-12-18T01:10:00Z,1,0.7,0.7,2025-12-17T17:00:00Z,2025-12-17T17:00:00Z,2025-12-17 12:00:41 ET,0.7,False,,False
Darius Garland,player_points,16.5,-275.0,bovada,0.7333333333333333,200.0,bovada,0.3333333333333333,1.0666666666666667,-6.25,False,,,,,,,Don't bet - bookmaker has edge,Cleveland Cavaliers @ Chicago Bulls,2025-12-18T01:10:00Z,1,0.93,0.93,2025-12-17T16:59:46Z,2025-12-17T16:59:46Z,2025-12-17 12:00:41 ET,0.93,False,,False
Coby White,player_points,25.5,200.0,bovada,0.3333333333333333,-275.0,bovada,0.7333333333333333,1.0666666666666667,-6.25,False,,,,,,,Don't bet - bookmaker has edge,Cleveland Cavaliers @ Chicago Bulls,2025-12-18T01:10:00Z,1,0.93,0.93,2025-12-17T16:59:46Z,2025-12-17T16:59:46Z,2025-12-17 12:00:41 ET,0.93,False,,False
De'Andre Hunter,player_points,16.5,150.0,bovada,0.4,-200.0,bovada,0.6666666666666666,1.0666666666666667,-6.25,False,,,,,,,Don't bet - bookmaker has edge,Cleveland Cavaliers @ Chicago Bulls,2025-12-18T01:10:00Z,1,0.93,0.93,2025-12-17T16:59:46Z,2025-12-17T16:59:46Z,2025-12-17 12:00:41 ET,0.93,False,,False
Naz Reid,player_points,16.5,150.0,bovada,0.4,-200.0,bovada,0.6666666666666666,1.0666666666666667,-6.25,False,,,,,,,Don't bet - bookmaker has edge,Memphis Grizzlies @ Minnesota Timberwolves,2025-12-18T01:10:00Z,1,0.7,0.7,2025-12-17T17:00:00Z,2025-12-17T17:00:00Z,2025-12-17 12:00:41 ET,0.7,False,,False
Julius Randle,player_points,25.5,150.0,bovada,0.4,-200.0,bovada,0.6666666666666666,1.0666666666666667,-6.25,False,,,,,,,Don't bet - bookmaker has edge,Memphis Grizzlies @ Minnesota Timberwolves,2025-12-18T01:10:00Z,1,0.7,0.7,2025-12-17T17:00:00Z,2025-12-17T17:00:00Z,2025-12-17 12:00:41 ET,0.7,False,,False
Josh Giddey,player_points,16.5,-200.0,bovada,0.6666666666666666,150.0,bovada,0.4,1.0666666666666667,-6.25,False,,,,,,,Don't bet - bookmaker has edge,Cleveland Cavaliers @ Chicago Bulls,2025-12-18T01:10:00Z,1,0.93,0.93,2025-12-17T16:59:46Z,2025-12-17T16:59:46Z,2025-12-17 12:00:41 ET,0.93,False,,False
Anthony Edwards,player_points,23.5,-275.0,bovada,0.7333333333333333,200.0,bovada,0.3333333333333333,1.0666666666666667,-6.25,False,,,,,,,Don't bet - bookmaker has edge,Memphis Grizzlies @ Minnesota Timberwolves,2025-12-18T01:10:00Z,1,0.7,0.7,2025-12-17T17:00:00Z,2025-12-17T17:00:00Z,2025-12-17 12:00:41 ET,0.7,False,,False
Cedric Coward,player_points,17.5,200.0,bovada,0.3333333333333333,-275.0,bovada,0.7333333333333333,1.0666666666666667,-6.25,False,,,,,,,Don't bet - bookmaker has edge,Memphis Grizzlies @ Minnesota Timberwolves,2025-12-18T01:10:00Z,1,0.7,0.7,2025-12-17T17:00:00Z,2025-12-17T17:00:00Z,2025-12-17 12:00:41 ET,0.7,False,,False
Ayo Dosunmu,player_points,13.5,200.0,bovada,0.3333333333333333,-275.0,bovada,0.7333333333333333,1.0666666666666667,-6.25,False,,,,,,,Don't bet - bookmaker has edge,Cleveland Cavaliers @ Chicago Bulls,2025-12-18T01:10:00Z,1,0.93,0.93,2025-12-17T16:59:46Z,2025-12-17T16:59:46Z,2025-12-17 12:00:41 ET,0.93,False,,False
Jarrett Allen,player_rebounds,7.5,-275.0,bovada,0.7333333333333333,200.0,bovada,0.3333333333333333,1.0666666666666667,-6.25,False,,,,,,,Don't bet - bookmaker has edge,Cleveland Cavaliers @ Chicago Bulls,2025-12-18T01:10:00Z,1,0.93,0.93,2025-12-17T16:59:46Z,2025-12-17T16:59:46Z,2025-12-17 12:00:41 ET,0.93,False,,False
Josh Giddey,player_rebounds,6.5,-275.0,bovada,0.7333333333333333,200.0,bovada,0.3333333333333333,1.0666666666666667,-6.25,False,,,,,,,Don't bet - bookmaker has edge,Cleveland Cavaliers @ Chicago Bulls,2025-12-18T01:10:00Z,1,0.93,0.93,2025-12-17T16:59:46Z,2025-12-17T16:59:46Z,2025-12-17 12:00:41 ET,0.93,False,,False
Cedric Coward,player_rebounds,7.5,150.0,bovada,0.4,-200.0,bovada,0.6666666666666666,1.0666666666666667,-6.25,False,,,,,,,Don't bet - bookmaker has edge,Memphis Grizzlies @ Minnesota Timberwolves,2025-12-18T01:10:00Z,1,0.7,0.7,2025-12-17T17:00:00Z,2025-12-17T17:00:00Z,2025-12-17 12:00:41 ET,0.7,False,,False
Donovan Mitchell,player_points,27.5,-275.0,bovada,0.7333333333333333,200.0,bovada,0.3333333333333333,1.0666666666666667,-6.25,False,,,,,,,Don't bet - bookmaker has edge,Cleveland Cavaliers @ Chicago Bulls,2025-12-18T01:10:00Z,1,0.93,0.93,2025-12-17T16:59:46Z,2025-12-17T16:59:46Z,2025-12-17 12:00:41 ET,0.93,False,,False
Cedric Coward,player_points_rebounds_assists,21.5,-200.0,bovada,0.6666666666666666,150.0,bovada,0.4,1.0666666666666667,-6.25,False,,,,,,,Don't bet - bookmaker has edge,Memphis Grizzlies @ Minnesota Timberwolves,2025-12-18T01:10:00Z,1,0.7,0.7,2025-12-17T17:00:00Z,2025-12-17T17:00:00Z,2025-12-17 12:00:41 ET,0.7,False,,False
Anthony Edwards,player_threes,2.5,-200.0,bovada,0.6666666666666666,150.0,bovada,0.4,1.0666666666666667,-6.25,False,,,,,,,Don't bet - bookmaker has edge,Memphis Grizzlies @ Minnesota Timberwolves,2025-12-18T01:10:00Z,1,0.7,0.7,2025-12-17T17:00:00Z,2025-12-17T17:00:00Z,2025-12-17 12:00:41 ET,0.7,False,,False
Santi Aldama,player_assists,2.5,-200.0,bovada,0.6666666666666666,150.0,bovada,0.4,1.0666666666666667,-6.25,False,,,,,,,Don't bet - bookmaker has edge,Memphis Grizzlies @ Minnesota Timberwolves,2025-12-18T01:10:00Z,1,0.7,0.7,2025-12-17T17:00:00Z,2025-12-17T17:00:00Z,2025-12-17 12:00:41 ET,0.7,False,,False
De'Andre Hunter,player_points_rebounds_assists,17.5,-200.0,bovada,0.6666666666666666,150.0,bovada,0.4,1.0666666666666667,-6.25,False,,,,,,,Don't bet - bookmaker has edge,Cleveland Cavaliers @ Chicago Bulls,2025-12-18T01:10:00Z,1,0.93,0.93,2025-12-17T16:59:46Z,2025-12-17T16:59:46Z,2025-12-17 12:00:41 ET,0.93,False,,False
Jaren Jackson Jr,player_points,22.5,200.0,bovada,0.3333333333333333,-275.0,bovada,0.7333333333333333,1.0666666666666667,-6.25,False,,,,,,,Don't bet - bookmaker has edge,Memphis Grizzlies @ Minnesota Timberwolves,2025-12-18T01:10:00Z,1,0.7,0.7,2025-12-17T17:00:00Z,2025-12-17T17:00:00Z,2025-12-17 12:00:41 ET,0.7,False,,False
Donovan Mitchell,player_assists,6.5,200.0,bovada,0.3333333333333333,-275.0,bovada,0.7333333333333333,1.0666666666666667,-6.25,False,,,,,,,Don't bet - bookmaker has edge,Cleveland Cavaliers @ Chicago Bulls,2025-12-18T01:10:00Z,1,0.93,0.93,2025-12-17T16:59:46Z,2025-12-17T16:59:46Z,2025-12-17 12:00:41 ET,0.93,False,,False
Josh Giddey,player_points,15.5,-275.0,bovada,0.7333333333333333,200.0,bovada,0.3333333333333333,1.0666666666666667,-6.25,False,,,,,,,Don't bet - bookmaker has edge,Cleveland Cavaliers @ Chicago Bulls,2025-12-18T01:10:00Z,1,0.93,0.93,2025-12-17T16:59:46Z,2025-12-17T16:59:46Z,2025-12-17 12:00:41 ET,0.93,False,,False
Santi Aldama,player_points,18.5,200.0,bovada,0.3333333333333333,-275.0,bovada,0.7333333333333333,1.0666666666666667,-6.25,False,,,,,,,Don't bet - bookmaker has edge,Memphis Grizzlies @ Minnesota Timberwolves,2025-12-18T01:10:00Z,1,0.7,0.7,2025-12-17T17:00:00Z,2025-12-17T17:00:00Z,2025-12-17 12:00:41 ET,0.7,False,,False
Lonzo Ball,player_rebounds,3.5,-162.0,betrivers,0.6183206106870229,123.0,betrivers,0.4484304932735426,1.0667511039605655,-6.257420659114976,False,,,,,,,Don't bet - bookmaker has edge,Cleveland Cavaliers @ Chicago Bulls,2025-12-18T01:10:00Z,1,0.5,0.5,2025-12-17T17:00:12Z,2025-12-17T17:00:12Z,2025-12-17 12:00:41 ET,0.5,False,,False
Darius Garland,player_assists,8.5,190.0,bovada,0.3448275862068966,-260.0,bovada,0.7222222222222222,1.0670498084291187,-6.283662477558338,False,,,,,,,Don't bet - bookmaker has edge,Cleveland Cavaliers @ Chicago Bulls,2025-12-18T01:10:00Z,1,0.93,0.93,2025-12-17T16:59:46Z,2025-12-17T16:59:46Z,2025-12-17 12:00:41 ET,0.93,False,,False
Anthony Edwards,player_assists,5.5,190.0,bovada,0.3448275862068966,-260.0,bovada,0.7222222222222222,1.0670498084291187,-6.283662477558338,False,,,,,,,Don't bet - bookmaker has edge,Memphis Grizzlies @ Minnesota Timberwolves,2025-12-18T01:10:00Z,1,0.7,0.7,2025-12-17T17:00:00Z,2025-12-17T17:00:00Z,2025-12-17 12:00:41 ET,0.7,False,,False
Dean Wade,player_points_rebounds_assists,10.5,-260.0,bovada,0.7222222222222222,190.0,bovada,0.3448275862068966,1.0670498084291187,-6.283662477558338,False,,,,,,,Don't bet - bookmaker has edge,Cleveland Cavaliers @ Chicago Bulls,2025-12-18T01:10:00Z,1,0.93,0.93,2025-12-17T16:59:46Z,2025-12-17T16:59:46Z,2025-12-17 12:00:41 ET,0.93,False,,False
De'Andre Hunter,player_points,11.5,-260.0,bovada,0.7222222222222222,190.0,bovada,0.3448275862068966,1.0670498084291187,-6.283662477558338,False,,,,,,,Don't bet - bookmaker has edge,Cleveland Cavaliers @ Chicago Bulls,2025-12-18T01:10:00Z,1,0.93,0.93,2025-12-17T16:59:46Z,2025-12-17T16:59:46Z,2025-12-17 12:00:41 ET,0.93,False,,False
Josh Giddey,player_points,22.5,190.0,bovada,0.3448275862068966,-260.0,bovada,0.7222222222222222,1.0670498084291187,-6.283662477558338,False,,,,,,,Don't bet - bookmaker has edge,Cleveland Cavaliers @ Chicago Bulls,2025-12-18T01:10:00Z,1,0.93,0.93,2025-12-17T16:59:46Z,2025-12-17T16:59:46Z,2025-12-17 12:00:41 ET,0.93,False,,False
Tre Jones,player_points,6.5,-260.0,bovada,0.7222222222222222,190.0,bovada,0.3448275862068966,1.0670498084291187,-6.283662477558338,False,,,,,,,Don't bet - bookmaker has edge,Cleveland Cavaliers @ Chicago Bulls,2025-12-18T01:10:00Z,1,0.93,0.93,2025-12-17T16:59:46Z,2025-12-17T16:59:46Z,2025-12-17 12:00:41 ET,0.93,False,,False
Matas Buzelis,player_points,9.5,-260.0,bovada,0.7222222222222222,190.0,bovada,0.3448275862068966,1.0670498084291187,-6.283662477558338,False,,,,,,,Don't bet - bookmaker has edge,Cleveland Cavaliers @ Chicago Bulls,2025-12-18T01:10:00Z,1,0.93,0.93,2025-12-17T16:59:46Z,2025-12-17T16:59:46Z,2025-12-17 12:00:41 ET,0.93,False,,False
Anthony Edwards,player_rebounds,6.5,190.0,bovada,0.3448275862068966,-260.0,bovada,0.7222222222222222,1.0670498084291187,-6.283662477558338,False,,,,,,,Don't bet - bookmaker has edge,Memphis Grizzlies @ Minnesota Timberwolves,2025-12-18T01:10:00Z,1,0.7,0.7,2025-12-17T17:00:00Z,2025-12-17T17:00:00Z,2025-12-17 12:00:41 ET,0.7,False,,False
Naz Reid,player_points,11.5,-260.0,bovada,0.7222222222222222,190.0,bovada,0.3448275862068966,1.0670498084291187,-6.283662477558338,False,,,,,,,Don't bet - bookmaker has edge,Memphis Grizzlies @ Minnesota Timberwolves,2025-12-18T01:10:00Z,1,0.7,0.7,2025-12-17T17:00:00Z,2025-12-17T17:00:00Z,2025-12-17 12:00:41 ET,0.7,False,,False
Julius Randle,player_points,24.5,125.0,bovada,0.4444444444444444,-165.0,bovada,0.6226415094339622,1.0670859538784065,-6.286836935166984,False,,,,,,,Don't bet - bookmaker has edge,Memphis Grizzlies @ Minnesota Timberwolves,2025-12-18T01:10:00Z,1,0.7,0.7,2025-12-17T17:00:00Z,2025-12-17T17:00:00Z,2025-12-17 12:00:41 ET,0.7,False,,False
Josh Giddey,player_points,20.5,125.0,bovada,0.4444444444444444,-165.0,betrivers,0.6226415094339622,1.0670859538784065,-6.286836935166984,False,,,,,,,Don't bet - bookmaker has edge,Cleveland Cavaliers @ Chicago Bulls,2025-12-18T01:10:00Z,2,0.93,0.5,2025-12-17T16:59:46Z,2025-12-17T17:00:12Z,2025-12-17 12:00:41 ET,0.93,False,,False
Josh Giddey,player_assists,7.5,-165.0,bovada,0.6226415094339622,125.0,bovada,0.4444444444444444,1.0670859538784065,-6.286836935166984,False,,,,,,,Don't bet - bookmaker has edge,Cleveland Cavaliers @ Chicago Bulls,2025-12-18T01:10:00Z,1,0.93,0.93,2025-12-17T16:59:46Z,2025-12-17T16:59:46Z,2025-12-17 12:00:41 ET,0.93,False,,False
Ayo Dosunmu,player_points_rebounds_assists,14.5,-165.0,bovada,0.6226415094339622,125.0,bovada,0.4444444444444444,1.0670859538784065,-6.286836935166984,False,,,,,,,Don't bet - bookmaker has edge,Cleveland Cavaliers @ Chicago Bulls,2025-12-18T01:10:00Z,1,0.93,0.93,2025-12-17T16:59:46Z,2025-12-17T16:59:46Z,2025-12-17 12:00:41 ET,0.93,False,,False
Jaden McDaniels,player_points_rebounds_assists,24.5,125.0,bovada,0.4444444444444444,-165.0,bovada,0.6226415094339622,1.0670859538784065,-6.286836935166984,False,,,,,,,Don't bet - bookmaker has edge,Memphis Grizzlies @ Minnesota Timberwolves,2025-12-18T01:10:00Z,1,0.7,0.7,2025-12-17T17:00:00Z,2025-12-17T17:00:00Z,2025-12-17 12:00:41 ET,0.7,False,,False
Jaden McDaniels,player_points,13.5,-165.0,bovada,0.6226415094339622,125.0,bovada,0.4444444444444444,1.0670859538784065,-6.286836935166984,False,,,,,,,Don't bet - bookmaker has edge,Memphis Grizzlies @ Minnesota Timberwolves,2025-12-18T01:10:00Z,1,0.7,0.7,2025-12-17T17:00:00Z,2025-12-17T17:00:00Z,2025-12-17 12:00:41 ET,0.7,False,,False
Jaylon Tyson,player_points_rebounds_assists,20.5,-165.0,bovada,0.6226415094339622,125.0,bovada,0.4444444444444444,1.0670859538784065,-6.286836935166984,False,,,,,,,Don't bet - bookmaker has edge,Cleveland Cavaliers @ Chicago Bulls,2025-12-18T01:10:00Z,1,0.93,0.93,2025-12-17T16:59:46Z,2025-12-17T16:59:46Z,2025-12-17 12:00:41 ET,0.93,False,,False
Donte DiVincenzo,player_points_rebounds_assists,24.5,125.0,bovada,0.4444444444444444,-165.0,bovada,0.6226415094339622,1.0670859538784065,-6.286836935166984,False,,,,,,,Don't bet - bookmaker has edge,Memphis Grizzlies @ Minnesota Timberwolves,2025-12-18T01:10:00Z,1,0.7,0.7,2025-12-17T17:00:00Z,2025-12-17T17:00:00Z,2025-12-17 12:00:41 ET,0.7,False,,False
Jock Landale,player_points,10.5,125.0,bovada,0.4444444444444444,-165.0,bovada,0.6226415094339622,1.0670859538784065,-6.286836935166984,False,,,,,,,Don't bet - bookmaker has edge,Memphis Grizzlies @ Minnesota Timberwolves,2025-12-18T01:10:00Z,1,0.7,0.7,2025-12-17T17:00:00Z,2025-12-17T17:00:00Z,2025-12-17 12:00:41 ET,0.7,False,,False
Santi Aldama,player_points,16.5,125.0,bovada,0.4444444444444444,-165.0,bovada,0.6226415094339622,1.0670859538784065,-6.286836935166984,False,,,,,,,Don't bet - bookmaker has edge,Memphis Grizzlies @ Minnesota Timberwolves,2025-12-18T01:10:00Z,1,0.7,0.7,2025-12-17T17:00:00Z,2025-12-17T17:00:00Z,2025-12-17 12:00:41 ET,0.7,False,,False
Ayo Dosunmu,player_points_rebounds_assists,17.5,125.0,bovada,0.4444444444444444,-165.0,bovada,0.6226415094339622,1.0670859538784065,-6.286836935166984,False,,,,,,,Don't bet - bookmaker has edge,Cleveland Cavaliers @ Chicago Bulls,2025-12-18T01:10:00Z,1,0.93,0.93,2025-12-17T16:59:46Z,2025-12-17T16:59:46Z,2025-12-17 12:00:41 ET,0.93,False,,False
Julius Randle,player_points_rebounds_assists,33.5,-165.0,bovada,0.6226415094339622,125.0,bovada,0.4444444444444444,1.0670859538784065,-6.286836935166984,False,,,,,,,Don't bet - bookmaker has edge,Memphis Grizzlies @ Minnesota Timberwolves,2025-12-18T01:10:00Z,1,0.7,0.7,2025-12-17T17:00:00Z,2025-12-17T17:00:00Z,2025-12-17 12:00:41 ET,0.7,False,,False
Naz Reid,player_points_rebounds_assists,25.5,125.0,bovada,0.4444444444444444,-165.0,bovada,0.6226415094339622,1.0670859538784065,-6.286836935166984,False,,,,,,,Don't bet - bookmaker has edge,Memphis Grizzlies @ Minnesota Timberwolves,2025-12-18T01:10:00Z,1,0.7,0.7,2025-12-17T17:00:00Z,2025-12-17T17:00:00Z,2025-12-17 12:00:41 ET,0.7,False,,False
Jaylen Wells,player_rebounds,4.5,125.0,betmgm,0.4444444444444444,-165.0,betmgm,0.6226415094339622,1.0670859538784065,-6.286836935166984,False,,,,,,,Don't bet - bookmaker has edge,Memphis Grizzlies @ Minnesota Timberwolves,2025-12-18T01:10:00Z,1,0.82,0.82,2025-12-17T16:59:53Z,2025-12-17T16:59:53Z,2025-12-17 12:00:41 ET,0.82,False,,False
Julius Randle,player_rebounds,6.5,-165.0,bovada,0.6226415094339622,125.0,bovada,0.4444444444444444,1.0670859538784065,-6.286836935166984,False,,,,,,,Don't bet - bookmaker has edge,Memphis Grizzlies @ Minnesota Timberwolves,2025-12-18T01:10:00Z,1,0.7,0.7,2025-12-17T17:00:00Z,2025-12-17T17:00:00Z,2025-12-17 12:00:41 ET,0.7,False,,False
Lonzo Ball,player_points_rebounds_assists,16.5,125.0,bovada,0.4444444444444444,-165.0,bovada,0.6226415094339622,1.0670859538784065,-6.286836935166984,False,,,,,,,Don't bet - bookmaker has edge,Cleveland Cavaliers @ Chicago Bulls,2025-12-18T01:10:00Z,1,0.93,0.93,2025-12-17T16:59:46Z,2025-12-17T16:59:46Z,2025-12-17 12:00:41 ET,0.93,False,,False
Darius Garland,player_points,18.5,-165.0,bovada,0.6226415094339622,125.0,bovada,0.4444444444444444,1.0670859538784065,-6.286836935166984,False,,,,,,,Don't bet - bookmaker has edge,Cleveland Cavaliers @ Chicago Bulls,2025-12-18T01:10:00Z,1,0.93,0.93,2025-12-17T16:59:46Z,2025-12-17T16:59:46Z,2025-12-17 12:00:41 ET,0.93,False,,False
Santi Aldama,player_points,17.5,160.0,bovada,0.38461538461538464,-215.0,bovada,0.6825396825396826,1.0671550671550671,-6.292906178489699,False,,,,,,,Don't bet - bookmaker has edge,Memphis Grizzlies @ Minnesota Timberwolves,2025-12-18T01:10:00Z,1,0.7,0.7,2025-12-17T17:00:00Z,2025-12-17T17:00:00Z,2025-12-17 12:00:41 ET,0.7,False,,False
Jaren Jackson Jr,player_points,21.5,160.0,bovada,0.38461538461538464,-215.0,bovada,0.6825396825396826,1.0671550671550671,-6.292906178489699,False,,,,,,,Don't bet - bookmaker has edge,Memphis Grizzlies @ Minnesota Timberwolves,2025-12-18T01:10:00Z,1,0.7,0.7,2025-12-17T17:00:00Z,2025-12-17T17:00:00Z,2025-12-17 12:00:41 ET,0.7,False,,False
Donovan Mitchell,player_points,35.5,160.0,bovada,0.38461538461538464,-215.0,bovada,0.6825396825396826,1.0671550671550671,-6.292906178489699,False,,,,,,,Don't bet - bookmaker has edge,Cleveland Cavaliers @ Chicago Bulls,2025-12-18T01:10:00Z,1,0.93,0.93,2025-12-17T16:59:46Z,2025-12-17T16:59:46Z,2025-12-17 12:00:41 ET,0.93,False,,False
Donte DiVincenzo,player_points,11.5,-215.0,bovada,0.6825396825396826,160.0,bovada,0.38461538461538464,1.0671550671550671,-6.292906178489699,False,,,,,,,Don't bet - bookmaker has edge,Memphis Grizzlies @ Minnesota Timberwolves,2025-12-18T01:10:00Z,1,0.7,0.7,2025-12-17T17:00:00Z,2025-12-17T17:00:00Z,2025-12-17 12:00:41 ET,0.7,False,,False
Darius Garland,player_points,17.5,-215.0,bovada,0.6825396825396826,160.0,bovada,0.38461538461538464,1.0671550671550671,-6.292906178489699,False,,,,,,,Don't bet - bookmaker has edge,Cleveland Cavaliers @ Chicago Bulls,2025-12-18T01:10:00Z,1,0.93,0.93,2025-12-17T16:59:46Z,2025-12-17T16:59:46Z,2025-12-17 12:00:41 ET,0.93,False,,False
Matas Buzelis,player_points,14.5,160.0,bovada,0.38461538461538464,-215.0,bovada,0.6825396825396826,1.0671550671550671,-6.292906178489699,False,,,,,,,Don't bet - bookmaker has edge,Cleveland Cavaliers @ Chicago Bulls,2025-12-18T01:10:00Z,1,0.93,0.93,2025-12-17T16:59:46Z,2025-12-17T16:59:46Z,2025-12-17 12:00:41 ET,0.93,False,,False
Cedric Coward,player_points,11.5,-245.0,bovada,0.7101449275362319,180.0,bovada,0.35714285714285715,1.0672877846790891,-6.304558680892347,False,,,,,,,Don't bet - bookmaker has edge,Memphis Grizzlies @ Minnesota Timberwolves,2025-12-18T01:10:00Z,1,0.7,0.7,2025-12-17T17:00:00Z,2025-12-17T17:00:00Z,2025-12-17 12:00:41 ET,0.7,False,,False
Patrick Williams,player_threes,0.5,-245.0,bovada,0.7101449275362319,180.0,bovada,0.35714285714285715,1.0672877846790891,-6.304558680892347,False,,,,,,,Don't bet - bookmaker has edge,Cleveland Cavaliers @ Chicago Bulls,2025-12-18T01:10:00Z,1,0.93,0.93,2025-12-17T16:59:46Z,2025-12-17T16:59:46Z,2025-12-17 12:00:41 ET,0.93,False,,False
Jaylon Tyson,player_points,15.5,180.0,bovada,0.35714285714285715,-245.0,bovada,0.7101449275362319,1.0672877846790891,-6.304558680892347,False,,,,,,,Don't bet - bookmaker has edge,Cleveland Cavaliers @ Chicago Bulls,2025-12-18T01:10:00Z,1,0.93,0.93,2025-12-17T16:59:46Z,2025-12-17T16:59:46Z,2025-12-17 12:00:41 ET,0.93,False,,False
Jaylen Wells,player_points,16.5,180.0,bovada,0.35714285714285715,-245.0,bovada,0.7101449275362319,1.0672877846790891,-6.304558680892347,False,,,,,,,Don't bet - bookmaker has edge,Memphis Grizzlies @ Minnesota Timberwolves,2025-12-18T01:10:00Z,1,0.7,0.7,2025-12-17T17:00:00Z,2025-12-17T17:00:00Z,2025-12-17 12:00:41 ET,0.7,False,,False
Jarrett Allen,player_points,11.5,-245.0,bovada,0.7101449275362319,180.0,bovada,0.35714285714285715,1.0672877846790891,-6.304558680892347,False,,,,,,,Don't bet - bookmaker has edge,Cleveland Cavaliers @ Chicago Bulls,2025-12-18T01:10:00Z,1,0.93,0.93,2025-12-17T16:59:46Z,2025-12-17T16:59:46Z,2025-12-17 12:00:41 ET,0.93,False,,False
Rudy Gobert,player_points,13.5,180.0,bovada,0.35714285714285715,-245.0,bovada,0.7101449275362319,1.0672877846790891,-6.304558680892347,False,,,,,,,Don't bet - bookmaker has edge,Memphis Grizzlies @ Minnesota Timberwolves,2025-12-18T01:10:00Z,1,0.7,0.7,2025-12-17T17:00:00Z,2025-12-17T17:00:00Z,2025-12-17 12:00:41 ET,0.7,False,,False
Tre Jones,player_points_rebounds_assists,12.5,-245.0,bovada,0.7101449275362319,180.0,bovada,0.35714285714285715,1.0672877846790891,-6.304558680892347,False,,,,,,,Don't bet - bookmaker has edge,Cleveland Cavaliers @ Chicago Bulls,2025-12-18T01:10:00Z,1,0.93,0.93,2025-12-17T16:59:46Z,2025-12-17T16:59:46Z,2025-12-17 12:00:41 ET,0.93,False,,False
Kevin Huerter,player_points,11.5,180.0,bovada,0.35714285714285715,-245.0,bovada,0.7101449275362319,1.0672877846790891,-6.304558680892347,False,,,,,,,Don't bet - bookmaker has edge,Cleveland Cavaliers @ Chicago Bulls,2025-12-18T01:10:00Z,1,0.93,0.93,2025-12-17T16:59:46Z,2025-12-17T16:59:46Z,2025-12-17 12:00:41 ET,0.93,False,,False
Rudy Gobert,player_points,8.5,-245.0,bovada,0.7101449275362319,180.0,bovada,0.35714285714285715,1.0672877846790891,-6.304558680892347,False,,,,,,,Don't bet - bookmaker has edge,Memphis Grizzlies @ Minnesota Timberwolves,2025-12-18T01:10:00Z,1,0.7,0.7,2025-12-17T17:00:00Z,2025-12-17T17:00:00Z,2025-12-17 12:00:41 ET,0.7,False,,False
Josh Giddey,player_rebounds,9.5,180.0,bovada,0.35714285714285715,-245.0,bovada,0.7101449275362319,1.0672877846790891,-6.304558680892347,False,,,,,,,Don't bet - bookmaker has edge,Cleveland Cavaliers @ Chicago Bulls,2025-12-18T01:10:00Z,1,0.93,0.93,2025-12-17T16:59:46Z,2025-12-17T16:59:46Z,2025-12-17 12:00:41 ET,0.93,False,,False
Anthony Edwards,player_points,31.5,170.0,bovada,0.37037037037037035,-230.0,bovada,0.696969696969697,1.0673400673400675,-6.309148264984243,False,,,,,,,Don't bet - bookmaker has edge,Memphis Grizzlies @ Minnesota Timberwolves,2025-12-18T01:10:00Z,1,0.7,0.7,2025-12-17T17:00:00Z,2025-12-17T17:00:00Z,2025-12-17 12:00:41 ET,0.7,False,,False
Jaylon Tyson,player_rebounds,7.5,170.0,bovada,0.37037037037037035,-230.0,bovada,0.696969696969697,1.0673400673400675,-6.309148264984243,False,,,,,,,Don't bet - bookmaker has edge,Cleveland Cavaliers @ Chicago Bulls,2025-12-18T01:10:00Z,1,0.93,0.93,2025-12-17T16:59:46Z,2025-12-17T16:59:46Z,2025-12-17 12:00:41 ET,0.93,False,,False
Nikola Vucevic,player_rebounds,9.5,170.0,bovada,0.37037037037037035,-230.0,bovada,0.696969696969697,1.0673400673400675,-6.309148264984243,False,,,,,,,Don't bet - bookmaker has edge,Cleveland Cavaliers @ Chicago Bulls,2025-12-18T01:10:00Z,1,0.93,0.93,2025-12-17T16:59:46Z,2025-12-17T16:59:46Z,2025-12-17 12:00:41 ET,0.93,False,,False
Julius Randle,player_assists,4.5,-230.0,bovada,0.696969696969697,170.0,bovada,0.37037037037037035,1.0673400673400675,-6.309148264984243,False,,,,,,,Don't bet - bookmaker has edge,Memphis Grizzlies @ Minnesota Timberwolves,2025-12-18T01:10:00Z,1,0.7,0.7,2025-12-17T17:00:00Z,2025-12-17T17:00:00Z,2025-12-17 12:00:41 ET,0.7,False,,False
Ja Morant,player_points,15.5,-230.0,bovada,0.696969696969697,170.0,bovada,0.37037037037037035,1.0673400673400675,-6.309148264984243,False,,,,,,,Don't bet - bookmaker has edge,Memphis Grizzlies @ Minnesota Timberwolves,2025-12-18T01:10:00Z,1,0.7,0.7,2025-12-17T17:00:00Z,2025-12-17T17:00:00Z,2025-12-17 12:00:41 ET,0.7,False,,False
Jock Landale,player_points_rebounds_assists,14.5,-230.0,bovada,0.696969696969697,170.0,bovada,0.37037037037037035,1.0673400673400675,-6.309148264984243,False,,,,,,,Don't bet - bookmaker has edge,Memphis Grizzlies @ Minnesota Timberwolves,2025-12-18T01:10:00Z,1,0.7,0.7,2025-12-17T17:00:00Z,2025-12-17T17:00:00Z,2025-12-17 12:00:41 ET,0.7,False,,False
Santi Aldama,player_points,12.5,-230.0,bovada,0.696969696969697,170.0,bovada,0.37037037037037035,1.0673400673400675,-6.309148264984243,False,,,,,,,Don't bet - bookmaker has edge,Memphis Grizzlies @ Minnesota Timberwolves,2025-12-18T01:10:00Z,1,0.7,0.7,2025-12-17T17:00:00Z,2025-12-17T17:00:00Z,2025-12-17 12:00:41 ET,0.7,False,,False
Nikola Vucevic,player_points,17.5,170.0,bovada,0.37037037037037035,-230.0,bovada,0.696969696969697,1.0673400673400675,-6.309148264984243,False,,,,,,,Don't bet - bookmaker has edge,Cleveland Cavaliers @ Chicago Bulls,2025-12-18T01:10:00Z,1,0.93,0.93,2025-12-17T16:59:46Z,2025-12-17T16:59:46Z,2025-12-17 12:00:41 ET,0.93,False,,False
Anthony Edwards,player_assists,3.5,-230.0,bovada,0.696969696969697,170.0,bovada,0.37037037037037035,1.0673400673400675,-6.309148264984243,False,,,,,,,Don't bet - bookmaker has edge,Memphis Grizzlies @ Minnesota Timberwolves,2025-12-18T01:10:00Z,1,0.7,0.7,2025-12-17T17:00:00Z,2025-12-17T17:00:00Z,2025-12-17 12:00:41 ET,0.7,False,,False
Donte DiVincenzo,player_points,10.5,-300.0,bovada,0.75,215.0,bovada,0.31746031746031744,1.0674603174603174,-6.319702602230482,False,,,,,,,Don't bet - bookmaker has edge,Memphis Grizzlies @ Minnesota Timberwolves,2025-12-18T01:10:00Z,1,0.7,0.7,2025-12-17T17:00:00Z,2025-12-17T17:00:00Z,2025-12-17 12:00:41 ET,0.7,False,,False
Jock Landale,player_rebounds,4.5,-300.0,bovada,0.75,215.0,bovada,0.31746031746031744,1.0674603174603174,-6.319702602230482,False,,,,,,,Don't bet - bookmaker has edge,Memphis Grizzlies @ Minnesota Timberwolves,2025-12-18T01:10:00Z,1,0.7,0.7,2025-12-17T17:00:00Z,2025-12-17T17:00:00Z,2025-12-17 12:00:41 ET,0.7,False,,False
Kevin Huerter,player_points,6.5,-300.0,bovada,0.75,215.0,bovada,0.31746031746031744,1.0674603174603174,-6.319702602230482,False,,,,,,,Don't bet - bookmaker has edge,Cleveland Cavaliers @ Chicago Bulls,2025-12-18T01:10:00Z,1,0.93,0.93,2025-12-17T16:59:46Z,2025-12-17T16:59:46Z,2025-12-17 12:00:41 ET,0.93,False,,False
Tre Jones,player_steals,1.5,215.0,bovada,0.31746031746031744,-300.0,bovada,0.75,1.0674603174603174,-6.319702602230482,False,,,,,,,Don't bet - bookmaker has edge,Cleveland Cavaliers @ Chicago Bulls,2025-12-18T01:10:00Z,1,0.93,0.93,2025-12-17T16:59:46Z,2025-12-17T16:59:46Z,2025-12-17 12:00:41 ET,0.93,False,,False
Jaren Jackson Jr,player_points_rebounds_assists,25.5,-125.0,bovada,0.5555555555555556,-105.0,bovada,0.5121951219512195,1.067750677506775,-6.345177664974622,False,,,,,,,Don't bet - bookmaker has edge,Memphis Grizzlies @ Minnesota Timberwolves,2025-12-18T01:10:00Z,2,0.7,0.7,2025-12-17T17:00:00Z,2025-12-17T17:00:00Z,2025-12-17 12:00:41 ET,0.7,False,,False
Santi Aldama,player_points_rebounds_assists,24.5,-125.0,bovada,0.5555555555555556,-105.0,bovada,0.5121951219512195,1.067750677506775,-6.345177664974622,False,,,,,,,Don't bet - bookmaker has edge,Memphis Grizzlies @ Minnesota Timberwolves,2025-12-18T01:10:00Z,1,0.7,0.7,2025-12-17T17:00:00Z,2025-12-17T17:00:00Z,2025-12-17 12:00:41 ET,0.7,False,,False
Rudy Gobert,player_points_rebounds_assists,23.5,-125.0,bovada,0.5555555555555556,-105.0,bovada,0.5121951219512195,1.067750677506775,-6.345177664974622,False,,,,,,,Don't bet - bookmaker has edge,Memphis Grizzlies @ Minnesota Timberwolves,2025-12-18T01:10:00Z,2,0.7,0.7,2025-12-17T17:00:00Z,2025-12-17T17:00:00Z,2025-12-17 12:00:41 ET,0.7,False,,False
Coby White,player_steals,0.5,-160.0,bovada,0.6153846153846154,121.0,draftkings,0.45248868778280543,1.0678733031674208,-6.355932203389825,False,,,,,,,Don't bet - bookmaker has edge,Cleveland Cavaliers @ Chicago Bulls,2025-12-18T01:10:00Z,2,0.93,0.43,2025-12-17T16:59:46Z,2025-12-17T17:00:16Z,2025-12-17 12:00:41 ET,0.93,False,,False
Jarrett Allen,player_points_rebounds_assists,24.5,-145.0,bovada,0.5918367346938775,110.0,bovada,0.47619047619047616,1.0680272108843538,-6.369426751592366,False,,,,,,,Don't bet - bookmaker has edge,Cleveland Cavaliers @ Chicago Bulls,2025-12-18T01:10:00Z,1,0.93,0.93,2025-12-17T16:59:46Z,2025-12-17T16:59:46Z,2025-12-17 12:00:41 ET,0.93,False,,False
Jaylen Wells,player_points_rebounds_assists,21.5,110.0,bovada,0.47619047619047616,-145.0,bovada,0.5918367346938775,1.0680272108843538,-6.369426751592366,False,,,,,,,Don't bet - bookmaker has edge,Memphis Grizzlies @ Minnesota Timberwolves,2025-12-18T01:10:00Z,1,0.7,0.7,2025-12-17T17:00:00Z,2025-12-17T17:00:00Z,2025-12-17 12:00:41 ET,0.7,False,,False
Dean Wade,player_points_rebounds_assists,12.5,-145.0,bovada,0.5918367346938775,110.0,bovada,0.47619047619047616,1.0680272108843538,-6.369426751592366,False,,,,,,,Don't bet - bookmaker has edge,Cleveland Cavaliers @ Chicago Bulls,2025-12-18T01:10:00Z,1,0.93,0.93,2025-12-17T16:59:46Z,2025-12-17T16:59:46Z,2025-12-17 12:00:41 ET,0.93,False,,False
Naz Reid,player_points_rebounds_assists,22.5,-145.0,bovada,0.5918367346938775,110.0,bovada,0.47619047619047616,1.0680272108843538,-6.369426751592366,False,,,,,,,Don't bet - bookmaker has edge,Memphis Grizzlies @ Minnesota Timberwolves,2025-12-18T01:10:00Z,1,0.7,0.7,2025-12-17T17:00:00Z,2025-12-17T17:00:00Z,2025-12-17 12:00:41 ET,0.7,False,,False
Anthony Edwards,player_points,26.5,-145.0,bovada,0.5918367346938775,110.0,betrivers,0.47619047619047616,1.0680272108843538,-6.369426751592366,False,,,,,,,Don't bet - bookmaker has edge,Memphis Grizzlies @ Minnesota Timberwolves,2025-12-18T01:10:00Z,2,0.7,0.78,2025-12-17T17:00:00Z,2025-12-17T16:59:55Z,2025-12-17 12:00:41 ET,0.78,False,,False
Tre Jones,player_points_rebounds_assists,14.5,-145.0,bovada,0.5918367346938775,110.0,bovada,0.47619047619047616,1.0680272108843538,-6.369426751592366,False,,,,,,,Don't bet - bookmaker has edge,Cleveland Cavaliers @ Chicago Bulls,2025-12-18T01:10:00Z,1,0.93,0.93,2025-12-17T16:59:46Z,2025-12-17T16:59:46Z,2025-12-17 12:00:41 ET,0.93,False,,False
Donovan Mitchell,player_threes,4.5,135.0,bovada,0.425531914893617,-180.0,bovada,0.6428571428571429,1.06838905775076,-6.401137980085359,False,,,,,,,Don't bet - bookmaker has edge,Cleveland Cavaliers @ Chicago Bulls,2025-12-18T01:10:00Z,1,0.93,0.93,2025-12-17T16:59:46Z,2025-12-17T16:59:46Z,2025-12-17 12:00:41 ET,0.93,False,,False
Jaylon Tyson,player_rebounds,5.5,-180.0,bovada,0.6428571428571429,135.0,bovada,0.425531914893617,1.06838905775076,-6.401137980085359,False,,,,,,,Don't bet - bookmaker has edge,Cleveland Cavaliers @ Chicago Bulls,2025-12-18T01:10:00Z,1,0.93,0.93,2025-12-17T16:59:46Z,2025-12-17T16:59:46Z,2025-12-17 12:00:41 ET,0.93,False,,False
Kevin Huerter,player_points,10.5,135.0,bovada,0.425531914893617,-180.0,bovada,0.6428571428571429,1.06838905775076,-6.401137980085359,False,,,,,,,Don't bet - bookmaker has edge,Cleveland Cavaliers @ Chicago Bulls,2025-12-18T01:10:00Z,1,0.93,0.93,2025-12-17T16:59:46Z,2025-12-17T16:59:46Z,2025-12-17 12:00:41 ET,0.93,False,,False
Cedric Coward,player_points,12.5,-180.0,bovada,0.6428571428571429,135.0,bovada,0.425531914893617,1.06838905775076,-6.401137980085359,False,,,,,,,Don't bet - bookmaker has edge,Memphis Grizzlies @ Minnesota Timberwolves,2025-12-18T01:10:00Z,1,0.7,0.7,2025-12-17T17:00:00Z,2025-12-17T17:00:00Z,2025-12-17 12:00:41 ET,0.7,False,,False
Anthony Edwards,player_points,25.5,-180.0,bovada,0.6428571428571429,135.0,bovada,0.425531914893617,1.06838905775076,-6.401137980085359,False,,,,,,,Don't bet - bookmaker has edge,Memphis Grizzlies @ Minnesota Timberwolves,2025-12-18T01:10:00Z,1,0.7,0.7,2025-12-17T17:00:00Z,2025-12-17T17:00:00Z,2025-12-17 12:00:41 ET,0.7,False,,False
Kevin Huerter,player_points_rebounds_assists,11.5,-180.0,bovada,0.6428571428571429,135.0,bovada,0.425531914893617,1.06838905775076,-6.401137980085359,False,,,,,,,Don't bet - bookmaker has edge,Cleveland Cavaliers @ Chicago Bulls,2025-12-18T01:10:00Z,1,0.93,0.93,2025-12-17T16:59:46Z,2025-12-17T16:59:46Z,2025-12-17 12:00:41 ET,0.93,False,,False
Nikola Vucevic,player_points,16.5,135.0,bovada,0.425531914893617,-180.0,bovada,0.6428571428571429,1.06838905775076,-6.401137980085359,False,,,,,,,Don't bet - bookmaker has edge,Cleveland Cavaliers @ Chicago Bulls,2025-12-18T01:10:00Z,1,0.93,0.93,2025-12-17T16:59:46Z,2025-12-17T16:59:46Z,2025-12-17 12:00:41 ET,0.93,False,,False
Donovan Mitchell,player_points,34.5,135.0,bovada,0.425531914893617,-180.0,bovada,0.6428571428571429,1.06838905775076,-6.401137980085359,False,,,,,,,Don't bet - bookmaker has edge,Cleveland Cavaliers @ Chicago Bulls,2025-12-18T01:10:00Z,1,0.93,0.93,2025-12-17T16:59:46Z,2025-12-17T16:59:46Z,2025-12-17 12:00:41 ET,0.93,False,,False
Naz Reid,player_points_rebounds_assists,21.5,-180.0,bovada,0.6428571428571429,135.0,bovada,0.425531914893617,1.06838905775076,-6.401137980085359,False,,,,,,,Don't bet - bookmaker has edge,Memphis Grizzlies @ Minnesota Timberwolves,2025-12-18T01:10:00Z,1,0.7,0.7,2025-12-17T17:00:00Z,2025-12-17T17:00:00Z,2025-12-17 12:00:41 ET,0.7,False,,False
Coby White,player_points,23.5,135.0,bovada,0.425531914893617,-180.0,bovada,0.6428571428571429,1.06838905775076,-6.401137980085359,False,,,,,,,Don't bet - bookmaker has edge,Cleveland Cavaliers @ Chicago Bulls,2025-12-18T01:10:00Z,1,0.93,0.93,2025-12-17T16:59:46Z,2025-12-17T16:59:46Z,2025-12-17 12:00:41 ET,0.93,False,,False
Jarrett Allen,player_points_rebounds_assists,23.5,-180.0,bovada,0.6428571428571429,135.0,bovada,0.425531914893617,1.06838905775076,-6.401137980085359,False,,,,,,,Don't bet - bookmaker has edge,Cleveland Cavaliers @ Chicago Bulls,2025-12-18T01:10:00Z,1,0.93,0.93,2025-12-17T16:59:46Z,2025-12-17T16:59:46Z,2025-12-17 12:00:41 ET,0.93,False,,False
Jarrett Allen,player_points,12.5,-180.0,bovada,0.6428571428571429,135.0,bovada,0.425531914893617,1.06838905775076,-6.401137980085359,False,,,,,,,Don't bet - bookmaker has edge,Cleveland Cavaliers @ Chicago Bulls,2025-12-18T01:10:00Z,1,0.93,0.93,2025-12-17T16:59:46Z,2025-12-17T16:59:46Z,2025-12-17 12:00:41 ET,0.93,False,,False
Tre Jones,player_points,7.5,-180.0,bovada,0.6428571428571429,135.0,bovada,0.425531914893617,1.06838905775076,-6.401137980085359,False,,,,,,,Don't bet - bookmaker has edge,Cleveland Cavaliers @ Chicago Bulls,2025-12-18T01:10:00Z,1,0.93,0.93,2025-12-17T16:59:46Z,2025-12-17T16:59:46Z,2025-12-17 12:00:41 ET,0.93,False,,False
Nikola Vucevic,player_steals,0.5,-159.0,draftkings,0.6138996138996139,120.0,bovada,0.45454545454545453,1.0684450684450684,-6.406044678055189,False,,,,,,,Don't bet - bookmaker has edge,Cleveland Cavaliers @ Chicago Bulls,2025-12-18T01:10:00Z,2,0.43,0.93,2025-12-17T17:00:16Z,2025-12-17T16:59:46Z,2025-12-17 12:00:41 ET,0.93,False,,False
Jaden McDaniels,player_blocks,0.5,-159.0,draftkings,0.6138996138996139,120.0,bovada,0.45454545454545453,1.0684450684450684,-6.406044678055189,False,,,,,,,Don't bet - bookmaker has edge,Memphis Grizzlies @ Minnesota Timberwolves,2025-12-18T01:10:00Z,3,0.15,0.7,2025-12-17T17:00:33Z,2025-12-17T17:00:00Z,2025-12-17 12:00:41 ET,0.7,False,,False
Nikola Vucevic,player_points,13.5,-159.0,betrivers,0.6138996138996139,120.0,bovada,0.45454545454545453,1.0684450684450684,-6.406044678055189,False,,,,,,,Don't bet - bookmaker has edge,Cleveland Cavaliers @ Chicago Bulls,2025-12-18T01:10:00Z,2,0.5,0.93,2025-12-17T17:00:12Z,2025-12-17T16:59:46Z,2025-12-17 12:00:41 ET,0.93,False,,False
Jock Landale,player_assists,1.5,-110.0,betmgm,0.5238095238095238,-120.0,betmgm,0.5454545454545454,1.0692640692640691,-6.477732793522262,False,,,,,,,Don't bet - bookmaker has edge,Memphis Grizzlies @ Minnesota Timberwolves,2025-12-18T01:10:00Z,1,0.82,0.82,2025-12-17T16:59:53Z,2025-12-17T16:59:53Z,2025-12-17 12:00:41 ET,0.82,False,,False
Kevin Huerter,player_assists,1.5,-110.0,betmgm,0.5238095238095238,-120.0,betmgm,0.5454545454545454,1.0692640692640691,-6.477732793522262,False,,,,,,,Don't bet - bookmaker has edge,Cleveland Cavaliers @ Chicago Bulls,2025-12-18T01:10:00Z,1,0.72,0.72,2025-12-17T16:59:59Z,2025-12-17T16:59:59Z,2025-12-17 12:00:41 ET,0.72,False,,False
Ja Morant,player_points,21.5,175.0,bovada,0.36363636363636365,-240.0,bovada,0.7058823529411765,1.0695187165775402,-6.500000000000005,False,,,,,,,Don't bet - bookmaker has edge,Memphis Grizzlies @ Minnesota Timberwolves,2025-12-18T01:10:00Z,1,0.7,0.7,2025-12-17T17:00:00Z,2025-12-17T17:00:00Z,2025-12-17 12:00:41 ET,0.7,False,,False
Donte DiVincenzo,player_points,16.5,175.0,bovada,0.36363636363636365,-240.0,bovada,0.7058823529411765,1.0695187165775402,-6.500000000000005,False,,,,,,,Don't bet - bookmaker has edge,Memphis Grizzlies @ Minnesota Timberwolves,2025-12-18T01:10:00Z,1,0.7,0.7,2025-12-17T17:00:00Z,2025-12-17T17:00:00Z,2025-12-17 12:00:41 ET,0.7,False,,False
Josh Giddey,player_assists,9.5,175.0,bovada,0.36363636363636365,-240.0,bovada,0.7058823529411765,1.0695187165775402,-6.500000000000005,False,,,,,,,Don't bet - bookmaker has edge,Cleveland Cavaliers @ Chicago Bulls,2025-12-18T01:10:00Z,1,0.93,0.93,2025-12-17T16:59:46Z,2025-12-17T16:59:46Z,2025-12-17 12:00:41 ET,0.93,False,,False
Darius Garland,player_points,23.5,175.0,bovada,0.36363636363636365,-240.0,bovada,0.7058823529411765,1.0695187165775402,-6.500000000000005,False,,,,,,,Don't bet - bookmaker has edge,Cleveland Cavaliers @ Chicago Bulls,2025-12-18T01:10:00Z,1,0.93,0.93,2025-12-17T16:59:46Z,2025-12-17T16:59:46Z,2025-12-17 12:00:41 ET,0.93,False,,False
Julius Randle,player_rebounds,8.5,175.0,bovada,0.36363636363636365,-240.0,bovada,0.7058823529411765,1.0695187165775402,-6.500000000000005,False,,,,,,,Don't bet - bookmaker has edge,Memphis Grizzlies @ Minnesota Timberwolves,2025-12-18T01:10:00Z,1,0.7,0.7,2025-12-17T17:00:00Z,2025-12-17T17:00:00Z,2025-12-17 12:00:41 ET,0.7,False,,False
Julius Randle,player_points,19.5,-240.0,bovada,0.7058823529411765,175.0,bovada,0.36363636363636365,1.0695187165775402,-6.500000000000005,False,,,,,,,Don't bet - bookmaker has edge,Memphis Grizzlies @ Minnesota Timberwolves,2025-12-18T01:10:00Z,1,0.7,0.7,2025-12-17T17:00:00Z,2025-12-17T17:00:00Z,2025-12-17 12:00:41 ET,0.7,False,,False
Santi Aldama,player_rebounds,5.5,-240.0,bovada,0.7058823529411765,175.0,bovada,0.36363636363636365,1.0695187165775402,-6.500000000000005,False,,,,,,,Don't bet - bookmaker has edge,Memphis Grizzlies @ Minnesota Timberwolves,2025-12-18T01:10:00Z,1,0.7,0.7,2025-12-17T17:00:00Z,2025-12-17T17:00:00Z,2025-12-17 12:00:41 ET,0.7,False,,False
Kevin Huerter,player_points_rebounds_assists,10.5,-240.0,bovada,0.7058823529411765,175.0,bovada,0.36363636363636365,1.0695187165775402,-6.500000000000005,False,,,,,,,Don't bet - bookmaker has edge,Cleveland Cavaliers @ Chicago Bulls,2025-12-18T01:10:00Z,1,0.93,0.93,2025-12-17T16:59:46Z,2025-12-17T16:59:46Z,2025-12-17 12:00:41 ET,0.93,False,,False
Jarrett Allen,player_points,16.5,155.0,bovada,0.39215686274509803,-210.0,bovada,0.6774193548387096,1.0695762175838077,-6.5050266114724975,False,,,,,,,Don't bet - bookmaker has edge,Cleveland Cavaliers @ Chicago Bulls,2025-12-18T01:10:00Z,1,0.93,0.93,2025-12-17T16:59:46Z,2025-12-17T16:59:46Z,2025-12-17 12:00:41 ET,0.93,False,,False
Jaylen Wells,player_points,11.5,-210.0,bovada,0.6774193548387096,155.0,bovada,0.39215686274509803,1.0695762175838077,-6.5050266114724975,False,,,,,,,Don't bet - bookmaker has edge,Memphis Grizzlies @ Minnesota Timberwolves,2025-12-18T01:10:00Z,1,0.7,0.7,2025-12-17T17:00:00Z,2025-12-17T17:00:00Z,2025-12-17 12:00:41 ET,0.7,False,,False
Jaylon Tyson,player_points_rebounds_assists,19.5,-210.0,bovada,0.6774193548387096,155.0,bovada,0.39215686274509803,1.0695762175838077,-6.5050266114724975,False,,,,,,,Don't bet - bookmaker has edge,Cleveland Cavaliers @ Chicago Bulls,2025-12-18T01:10:00Z,1,0.93,0.93,2025-12-17T16:59:46Z,2025-12-17T16:59:46Z,2025-12-17 12:00:41 ET,0.93,False,,False
Josh Giddey,player_points,21.5,155.0,bovada,0.39215686274509803,-210.0,bovada,0.6774193548387096,1.0695762175838077,-6.5050266114724975,False,,,,,,,Don't bet - bookmaker has edge,Cleveland Cavaliers @ Chicago Bulls,2025-12-18T01:10:00Z,1,0.93,0.93,2025-12-17T16:59:46Z,2025-12-17T16:59:46Z,2025-12-17 12:00:41 ET,0.93,False,,False
Cedric Coward,player_rebounds,5.5,-210.0,bovada,0.6774193548387096,155.0,bovada,0.39215686274509803,1.0695762175838077,-6.5050266114724975,False,,,,,,,Don't bet - bookmaker has edge,Memphis Grizzlies @ Minnesota Timberwolves,2025-12-18T01:10:00Z,1,0.7,0.7,2025-12-17T17:00:00Z,2025-12-17T17:00:00Z,2025-12-17 12:00:41 ET,0.7,False,,False
Cedric Coward,player_points,16.5,155.0,bovada,0.39215686274509803,-210.0,bovada,0.6774193548387096,1.0695762175838077,-6.5050266114724975,False,,,,,,,Don't bet - bookmaker has edge,Memphis Grizzlies @ Minnesota Timberwolves,2025-12-18T01:10:00Z,1,0.7,0.7,2025-12-17T17:00:00Z,2025-12-17T17:00:00Z,2025-12-17 12:00:41 ET,0.7,False,,False
Nikola Vucevic,player_points,12.5,-210.0,bovada,0.6774193548387096,155.0,bovada,0.39215686274509803,1.0695762175838077,-6.5050266114724975,False,,,,,,,Don't bet - bookmaker has edge,Cleveland Cavaliers @ Chicago Bulls,2025-12-18T01:10:00Z,1,0.93,0.93,2025-12-17T16:59:46Z,2025-12-17T16:59:46Z,2025-12-17 12:00:41 ET,0.93,False,,False
Ayo Dosunmu,player_points,12.5,155.0,bovada,0.39215686274509803,-210.0,bovada,0.6774193548387096,1.0695762175838077,-6.5050266114724975,False,,,,,,,Don't bet - bookmaker has edge,Cleveland Cavaliers @ Chicago Bulls,2025-12-18T01:10:00Z,1,0.93,0.93,2025-12-17T16:59:46Z,2025-12-17T16:59:46Z,2025-12-17 12:00:41 ET,0.93,False,,False
Tre Jones,player_threes,0.5,165.0,betmgm,0.37735849056603776,-225.0,betmgm,0.6923076923076923,1.0696661828737302,-6.512890094979662,False,,,,,,,Don't bet - bookmaker has edge,Cleveland Cavaliers @ Chicago Bulls,2025-12-18T01:10:00Z,1,0.72,0.72,2025-12-17T16:59:59Z,2025-12-17T16:59:59Z,2025-12-17 12:00:41 ET,0.72,False,,False
Anthony Edwards,player_steals,1.5,178.0,fanduel,0.3597122302158273,-245.0,fanduel,0.7101449275362319,1.0698571577520593,-6.52957801383881,False,,,,,,,Don't bet - bookmaker has edge,Memphis Grizzlies @ Minnesota Timberwolves,2025-12-18T01:10:00Z,1,1.28,1.28,2025-12-17T16:59:25Z,2025-12-17T16:59:25Z,2025-12-17 12:00:41 ET,1.28,False,,False
Jarrett Allen,player_blocks,1.5,178.0,fanduel,0.3597122302158273,-245.0,fanduel,0.7101449275362319,1.0698571577520593,-6.52957801383881,False,,,,,,,Don't bet - bookmaker has edge,Cleveland Cavaliers @ Chicago Bulls,2025-12-18T01:10:00Z,1,0.12,0.12,2025-12-17T17:00:35Z,2025-12-17T17:00:35Z,2025-12-17 12:00:41 ET,0.12,False,,False
Julius Randle,player_steals,1.5,194.0,fanduel,0.3401360544217687,-270.0,fanduel,0.7297297297297297,1.0698657841514985,-6.5303316721086135,False,,,,,,,Don't bet - bookmaker has edge,Memphis Grizzlies @ Minnesota Timberwolves,2025-12-18T01:10:00Z,1,1.28,1.28,2025-12-17T16:59:25Z,2025-12-17T16:59:25Z,2025-12-17 12:00:41 ET,1.28,False,,False
De'Andre Hunter,player_points_rebounds_assists,18.5,-160.0,bovada,0.6153846153846154,120.0,bovada,0.45454545454545453,1.06993006993007,-6.535947712418311,False,,,,,,,Don't bet - bookmaker has edge,Cleveland Cavaliers @ Chicago Bulls,2025-12-18T01:10:00Z,1,0.93,0.93,2025-12-17T16:59:46Z,2025-12-17T16:59:46Z,2025-12-17 12:00:41 ET,0.93,False,,False
Anthony Edwards,player_points_rebounds_assists,39.5,120.0,bovada,0.45454545454545453,-160.0,bovada,0.6153846153846154,1.06993006993007,-6.535947712418311,False,,,,,,,Don't bet - bookmaker has edge,Memphis Grizzlies @ Minnesota Timberwolves,2025-12-18T01:10:00Z,1,0.7,0.7,2025-12-17T17:00:00Z,2025-12-17T17:00:00Z,2025-12-17 12:00:41 ET,0.7,False,,False
Anthony Edwards,player_points_rebounds_assists,35.5,-160.0,bovada,0.6153846153846154,120.0,betrivers,0.45454545454545453,1.06993006993007,-6.535947712418311,False,,,,,,,Don't bet - bookmaker has edge,Memphis Grizzlies @ Minnesota Timberwolves,2025-12-18T01:10:00Z,2,0.7,0.78,2025-12-17T17:00:00Z,2025-12-17T16:59:55Z,2025-12-17 12:00:41 ET,0.78,False,,False
Darius Garland,player_points_rebounds_assists,28.5,-160.0,bovada,0.6153846153846154,120.0,bovada,0.45454545454545453,1.06993006993007,-6.535947712418311,False,,,,,,,Don't bet - bookmaker has edge,Cleveland Cavaliers @ Chicago Bulls,2025-12-18T01:10:00Z,1,0.93,0.93,2025-12-17T16:59:46Z,2025-12-17T16:59:46Z,2025-12-17 12:00:41 ET,0.93,False,,False
Josh Giddey,player_points,17.5,-160.0,bovada,0.6153846153846154,120.0,bovada,0.45454545454545453,1.06993006993007,-6.535947712418311,False,,,,,,,Don't bet - bookmaker has edge,Cleveland Cavaliers @ Chicago Bulls,2025-12-18T01:10:00Z,1,0.93,0.93,2025-12-17T16:59:46Z,2025-12-17T16:59:46Z,2025-12-17 12:00:41 ET,0.93,False,,False
Jarrett Allen,player_points_rebounds_assists,27.5,120.0,bovada,0.45454545454545453,-160.0,bovada,0.6153846153846154,1.06993006993007,-6.535947712418311,False,,,,,,,Don't bet - bookmaker has edge,Cleveland Cavaliers @ Chicago Bulls,2025-12-18T01:10:00Z,1,0.93,0.93,2025-12-17T16:59:46Z,2025-12-17T16:59:46Z,2025-12-17 12:00:41 ET,0.93,False,,False
Josh Giddey,player_points_rebounds_assists,33.5,-160.0,bovada,0.6153846153846154,120.0,bovada,0.45454545454545453,1.06993006993007,-6.535947712418311,False,,,,,,,Don't bet - bookmaker has edge,Cleveland Cavaliers @ Chicago Bulls,2025-12-18T01:10:00Z,1,0.93,0.93,2025-12-17T16:59:46Z,2025-12-17T16:59:46Z,2025-12-17 12:00:41 ET,0.93,False,,False
Dean Wade,player_points_rebounds_assists,14.5,120.0,bovada,0.45454545454545453,-160.0,bovada,0.6153846153846154,1.06993006993007,-6.535947712418311,False,,,,,,,Don't bet - bookmaker has edge,Cleveland Cavaliers @ Chicago Bulls,2025-12-18T01:10:00Z,1,0.93,0.93,2025-12-17T16:59:46Z,2025-12-17T16:59:46Z,2025-12-17 12:00:41 ET,0.93,False,,False
Coby White,player_points_rebounds_assists,27.5,-160.0,bovada,0.6153846153846154,120.0,bovada,0.45454545454545453,1.06993006993007,-6.535947712418311,False,,,,,,,Don't bet - bookmaker has edge,Cleveland Cavaliers @ Chicago Bulls,2025-12-18T01:10:00Z,2,0.93,0.93,2025-12-17T16:59:46Z,2025-12-17T16:59:46Z,2025-12-17 12:00:41 ET,0.93,False,,False
De'Andre Hunter,player_points_rebounds_assists,21.5,120.0,bovada,0.45454545454545453,-160.0,bovada,0.6153846153846154,1.06993006993007,-6.535947712418311,False,,,,,,,Don't bet - bookmaker has edge,Cleveland Cavaliers @ Chicago Bulls,2025-12-18T01:10:00Z,1,0.93,0.93,2025-12-17T16:59:46Z,2025-12-17T16:59:46Z,2025-12-17 12:00:41 ET,0.93,False,,False
Cedric Coward,player_points_rebounds_assists,22.5,-160.0,bovada,0.6153846153846154,120.0,bovada,0.45454545454545453,1.06993006993007,-6.535947712418311,False,,,,,,,Don't bet - bookmaker has edge,Memphis Grizzlies @ Minnesota Timberwolves,2025-12-18T01:10:00Z,1,0.7,0.7,2025-12-17T17:00:00Z,2025-12-17T17:00:00Z,2025-12-17 12:00:41 ET,0.7,False,,False
Ja Morant,player_points_rebounds_assists,31.5,120.0,bovada,0.45454545454545453,-160.0,bovada,0.6153846153846154,1.06993006993007,-6.535947712418311,False,,,,,,,Don't bet - bookmaker has edge,Memphis Grizzlies @ Minnesota Timberwolves,2025-12-18T01:10:00Z,1,0.7,0.7,2025-12-17T17:00:00Z,2025-12-17T17:00:00Z,2025-12-17 12:00:41 ET,0.7,False,,False
Jaylon Tyson,player_points,11.5,-160.0,bovada,0.6153846153846154,120.0,bovada,0.45454545454545453,1.06993006993007,-6.535947712418311,False,,,,,,,Don't bet - bookmaker has edge,Cleveland Cavaliers @ Chicago Bulls,2025-12-18T01:10:00Z,1,0.93,0.93,2025-12-17T16:59:46Z,2025-12-17T16:59:46Z,2025-12-17 12:00:41 ET,0.93,False,,False
Jaylen Wells,player_points,12.5,-160.0,bovada,0.6153846153846154,120.0,bovada,0.45454545454545453,1.06993006993007,-6.535947712418311,False,,,,,,,Don't bet - bookmaker has edge,Memphis Grizzlies @ Minnesota Timberwolves,2025-12-18T01:10:00Z,1,0.7,0.7,2025-12-17T17:00:00Z,2025-12-17T17:00:00Z,2025-12-17 12:00:41 ET,0.7,False,,False
Jock Landale,player_points_rebounds_assists,18.5,120.0,bovada,0.45454545454545453,-160.0,bovada,0.6153846153846154,1.06993006993007,-6.535947712418311,False,,,,,,,Don't bet - bookmaker has edge,Memphis Grizzlies @ Minnesota Timberwolves,2025-12-18T01:10:00Z,1,0.7,0.7,2025-12-17T17:00:00Z,2025-12-17T17:00:00Z,2025-12-17 12:00:41 ET,0.7,False,,False
Santi Aldama,player_points_rebounds_assists,23.5,-160.0,bovada,0.6153846153846154,120.0,bovada,0.45454545454545453,1.06993006993007,-6.535947712418311,False,,,,,,,Don't bet - bookmaker has edge,Memphis Grizzlies @ Minnesota Timberwolves,2025-12-18T01:10:00Z,1,0.7,0.7,2025-12-17T17:00:00Z,2025-12-17T17:00:00Z,2025-12-17 12:00:41 ET,0.7,False,,False
Rudy Gobert,player_points_rebounds_assists,25.5,120.0,bovada,0.45454545454545453,-160.0,bovada,0.6153846153846154,1.06993006993007,-6.535947712418311,False,,,,,,,Don't bet - bookmaker has edge,Memphis Grizzlies @ Minnesota Timberwolves,2025-12-18T01:10:00Z,1,0.7,0.7,2025-12-17T17:00:00Z,2025-12-17T17:00:00Z,2025-12-17 12:00:41 ET,0.7,False,,False
Nikola Vucevic,player_points_rebounds_assists,24.5,-160.0,bovada,0.6153846153846154,120.0,bovada,0.45454545454545453,1.06993006993007,-6.535947712418311,False,,,,,,,Don't bet - bookmaker has edge,Cleveland Cavaliers @ Chicago Bulls,2025-12-18T01:10:00Z,2,0.93,0.93,2025-12-17T16:59:46Z,2025-12-17T16:59:46Z,2025-12-17 12:00:41 ET,0.93,False,,False
Rudy Gobert,player_rebounds,10.5,-160.0,bovada,0.6153846153846154,120.0,bovada,0.45454545454545453,1.06993006993007,-6.535947712418311,False,,,,,,,Don't bet - bookmaker has edge,Memphis Grizzlies @ Minnesota Timberwolves,2025-12-18T01:10:00Z,1,0.7,0.7,2025-12-17T17:00:00Z,2025-12-17T17:00:00Z,2025-12-17 12:00:41 ET,0.7,False,,False
Ayo Dosunmu,player_points,9.5,-160.0,bovada,0.6153846153846154,120.0,bovada,0.45454545454545453,1.06993006993007,-6.535947712418311,False,,,,,,,Don't bet - bookmaker has edge,Cleveland Cavaliers @ Chicago Bulls,2025-12-18T01:10:00Z,1,0.93,0.93,2025-12-17T16:59:46Z,2025-12-17T16:59:46Z,2025-12-17 12:00:41 ET,0.93,False,,False
Anthony Edwards,player_points,29.5,120.0,bovada,0.45454545454545453,-160.0,bovada,0.6153846153846154,1.06993006993007,-6.535947712418311,False,,,,,,,Don't bet - bookmaker has edge,Memphis Grizzlies @ Minnesota Timberwolves,2025-12-18T01:10:00Z,1,0.7,0.7,2025-12-17T17:00:00Z,2025-12-17T17:00:00Z,2025-12-17 12:00:41 ET,0.7,False,,False
Tre Jones,player_rebounds,1.5,-190.0,betmgm,0.6551724137931034,140.0,betmgm,0.4166666666666667,1.0718390804597702,-6.702412868632712,False,,,,,,,Don't bet - bookmaker has edge,Cleveland Cavaliers @ Chicago Bulls,2025-12-18T01:10:00Z,1,0.72,0.72,2025-12-17T16:59:59Z,2025-12-17T16:59:59Z,2025-12-17 12:00:41 ET,0.72,False,,False
Jaren Jackson Jr,player_assists,1.5,-190.0,betmgm,0.6551724137931034,140.0,betmgm,0.4166666666666667,1.0718390804597702,-6.702412868632712,False,,,,,,,Don't bet - bookmaker has edge,Memphis Grizzlies @ Minnesota Timberwolves,2025-12-18T01:10:00Z,1,0.82,0.82,2025-12-17T16:59:53Z,2025-12-17T16:59:53Z,2025-12-17 12:00:41 ET,0.82,False,,False
Isaac Okoro,player_threes,0.5,-220.0,betmgm,0.6875,160.0,betmgm,0.38461538461538464,1.0721153846153846,-6.726457399103136,False,,,,,,,Don't bet - bookmaker has edge,Cleveland Cavaliers @ Chicago Bulls,2025-12-18T01:10:00Z,1,0.72,0.72,2025-12-17T16:59:59Z,2025-12-17T16:59:59Z,2025-12-17 12:00:41 ET,0.72,False,,False
Patrick Williams,player_rebounds,2.5,-155.0,betmgm,0.6078431372549019,115.0,betmgm,0.46511627906976744,1.0729594163246694,-6.7998300042498965,False,,,,,,,Don't bet - bookmaker has edge,Cleveland Cavaliers @ Chicago Bulls,2025-12-18T01:10:00Z,1,0.72,0.72,2025-12-17T16:59:59Z,2025-12-17T16:59:59Z,2025-12-17 12:00:41 ET,0.72,False,,False
Thomas Bryant,player_rebounds,4.5,100.0,betmgm,0.5,-135.0,betmgm,0.574468085106383,1.074468085106383,-6.930693069306937,False,,,,,,,Don't bet - bookmaker has edge,Cleveland Cavaliers @ Chicago Bulls,2025-12-18T01:10:00Z,1,0.72,0.72,2025-12-17T16:59:59Z,2025-12-17T16:59:59Z,2025-12-17 12:00:41 ET,0.72,False,,False
Isaac Okoro,player_assists,0.5,-200.0,betmgm,0.6666666666666666,145.0,betmgm,0.40816326530612246,1.074829931972789,-6.962025316455689,False,,,,,,,Don't bet - bookmaker has edge,Cleveland Cavaliers @ Chicago Bulls,2025-12-18T01:10:00Z,1,0.72,0.72,2025-12-17T16:59:59Z,2025-12-17T16:59:59Z,2025-12-17 12:00:41 ET,0.72,False,,False
Josh Giddey,player_blocks,0.5,145.0,betmgm,0.40816326530612246,-200.0,betmgm,0.6666666666666666,1.074829931972789,-6.962025316455689,False,,,,,,,Don't bet - bookmaker has edge,Cleveland Cavaliers @ Chicago Bulls,2025-12-18T01:10:00Z,1,0.72,0.72,2025-12-17T16:59:59Z,2025-12-17T16:59:59Z,2025-12-17 12:00:41 ET,0.72,False,,False
Patrick Williams,player_points,6.5,-115.0,betmgm,0.5348837209302325,-118.0,betmgm,0.5412844036697247,1.0761681245999573,-7.077716098334652,False,,,,,,,Don't bet - bookmaker has edge,Cleveland Cavaliers @ Chicago Bulls,2025-12-18T01:10:00Z,1,0.72,0.72,2025-12-17T16:59:59Z,2025-12-17T16:59:59Z,2025-12-17 12:00:41 ET,0.72,False,,False
Rudy Gobert,player_assists,1.5,-150.0,betmgm,0.6,110.0,betmgm,0.47619047619047616,1.0761904761904761,-7.079646017699115,False,,,,,,,Don't bet - bookmaker has edge,Memphis Grizzlies @ Minnesota Timberwolves,2025-12-18T01:10:00Z,1,0.82,0.82,2025-12-17T16:59:53Z,2025-12-17T16:59:53Z,2025-12-17 12:00:41 ET,0.82,False,,False
Lonzo Ball,player_points,7.5,116.0,betrivers,0.46296296296296297,-159.0,betrivers,0.6138996138996139,1.0768625768625768,-7.137640262930745,False,,,,,,,Don't bet - bookmaker has edge,Cleveland Cavaliers @ Chicago Bulls,2025-12-18T01:10:00Z,1,0.5,0.5,2025-12-17T17:00:12Z,2025-12-17T17:00:12Z,2025-12-17 12:00:41 ET,0.5,False,,False
Ja Morant,player_blocks,0.5,375.0,betmgm,0.21052631578947367,-650.0,betmgm,0.8666666666666667,1.0771929824561404,-7.166123778501632,False,,,,,,,Don't bet - bookmaker has edge,Memphis Grizzlies @ Minnesota Timberwolves,2025-12-18T01:10:00Z,1,0.82,0.82,2025-12-17T16:59:53Z,2025-12-17T16:59:53Z,2025-12-17 12:00:41 ET,0.82,False,,False
Thomas Bryant,player_threes,0.5,-105.0,betmgm,0.5121951219512195,-130.0,betmgm,0.5652173913043478,1.0774125132555672,-7.185039370078727,False,,,,,,,Don't bet - bookmaker has edge,Cleveland Cavaliers @ Chicago Bulls,2025-12-18T01:10:00Z,1,0.72,0.72,2025-12-17T16:59:59Z,2025-12-17T16:59:59Z,2025-12-17 12:00:41 ET,0.72,False,,False
Santi Aldama,player_blocks,0.5,-105.0,betmgm,0.5121951219512195,-130.0,betmgm,0.5652173913043478,1.0774125132555672,-7.185039370078727,False,,,,,,,Don't bet - bookmaker has edge,Memphis Grizzlies @ Minnesota Timberwolves,2025-12-18T01:10:00Z,1,0.82,0.82,2025-12-17T16:59:53Z,2025-12-17T16:59:53Z,2025-12-17 12:00:41 ET,0.82,False,,False
Thomas Bryant,player_points_rebounds_assists,11.5,-105.0,betmgm,0.5121951219512195,-130.0,betmgm,0.5652173913043478,1.0774125132555672,-7.185039370078727,False,,,,,,,Don't bet - bookmaker has edge,Cleveland Cavaliers @ Chicago Bulls,2025-12-18T01:10:00Z,1,0.72,0.72,2025-12-17T16:59:59Z,2025-12-17T16:59:59Z,2025-12-17 12:00:41 ET,0.72,False,,False
Isaac Okoro,player_blocks,0.5,175.0,betmgm,0.36363636363636365,-250.0,betmgm,0.7142857142857143,1.077922077922078,-7.2289156626506035,False,,,,,,,Don't bet - bookmaker has edge,Cleveland Cavaliers @ Chicago Bulls,2025-12-18T01:10:00Z,1,0.72,0.72,2025-12-17T16:59:59Z,2025-12-17T16:59:59Z,2025-12-17 12:00:41 ET,0.72,False,,False
Cedric Coward,player_blocks,0.5,195.0,betmgm,0.3389830508474576,-285.0,betmgm,0.7402597402597403,1.0792427911071978,-7.342443401998766,False,,,,,,,Don't bet - bookmaker has edge,Memphis Grizzlies @ Minnesota Timberwolves,2025-12-18T01:10:00Z,1,0.82,0.82,2025-12-17T16:59:53Z,2025-12-17T16:59:53Z,2025-12-17 12:00:41 ET,0.82,False,,False
Darius Garland,player_blocks,0.5,425.0,betmgm,0.19047619047619047,-800.0,betmgm,0.8888888888888888,1.0793650793650793,-7.352941176470584,False,,,,,,,Don't bet - bookmaker has edge,Cleveland Cavaliers @ Chicago Bulls,2025-12-18T01:10:00Z,1,0.72,0.72,2025-12-17T16:59:59Z,2025-12-17T16:59:59Z,2025-12-17 12:00:41 ET,0.72,False,,False
Coby White,player_blocks,0.5,425.0,betmgm,0.19047619047619047,-800.0,betmgm,0.8888888888888888,1.0793650793650793,-7.352941176470584,False,,,,,,,Don't bet - bookmaker has edge,Cleveland Cavaliers @ Chicago Bulls,2025-12-18T01:10:00Z,1,0.72,0.72,2025-12-17T16:59:59Z,2025-12-17T16:59:59Z,2025-12-17 12:00:41 ET,0.72,False,,False
Thomas Bryant,player_assists,0.5,105.0,betmgm,0.4878048780487805,-145.0,betmgm,0.5918367346938775,1.079641612742658,-7.376671277086211,False,,,,,,,Don't bet - bookmaker has edge,Cleveland Cavaliers @ Chicago Bulls,2025-12-18T01:10:00Z,1,0.72,0.72,2025-12-17T16:59:59Z,2025-12-17T16:59:59Z,2025-12-17 12:00:41 ET,0.72,False,,False
Dean Wade,player_blocks,0.5,135.0,betmgm,0.425531914893617,-190.0,betmgm,0.6551724137931034,1.0807043286867204,-7.467752885268153,False,,,,,,,Don't bet - bookmaker has edge,Cleveland Cavaliers @ Chicago Bulls,2025-12-18T01:10:00Z,1,0.72,0.72,2025-12-17T16:59:59Z,2025-12-17T16:59:59Z,2025-12-17 12:00:41 ET,0.72,False,,False
Donte DiVincenzo,player_blocks,0.5,125.0,betmgm,0.4444444444444444,-175.0,betmgm,0.6363636363636364,1.0808080808080809,-7.476635514018703,False,,,,,,,Don't bet - bookmaker has edge,Memphis Grizzlies @ Minnesota Timberwolves,2025-12-18T01:10:00Z,1,0.82,0.82,2025-12-17T16:59:53Z,2025-12-17T16:59:53Z,2025-12-17 12:00:41 ET,0.82,False,,False
Isaac Okoro,player_points,6.5,-165.0,betrivers,0.6226415094339622,118.0,betrivers,0.45871559633027525,1.0813571057642375,-7.52361133344005,False,,,,,,,Don't bet - bookmaker has edge,Cleveland Cavaliers @ Chicago Bulls,2025-12-18T01:10:00Z,1,0.5,0.5,2025-12-17T17:00:12Z,2025-12-17T17:00:12Z,2025-12-17 12:00:41 ET,0.5,False,,False
Jaylen Wells,player_blocks,0.5,525.0,betmgm,0.16,-1200.0,betmgm,0.9230769230769231,1.083076923076923,-7.670454545454541,False,,,,,,,Don't bet - bookmaker has edge,Memphis Grizzlies @ Minnesota Timberwolves,2025-12-18T01:10:00Z,1,0.82,0.82,2025-12-17T16:59:53Z,2025-12-17T16:59:53Z,2025-12-17 12:00:41 ET,0.82,False,,False
De'Andre Hunter,player_blocks,0.5,375.0,betmgm,0.21052631578947367,-700.0,betmgm,0.875,1.0855263157894737,-7.878787878787874,False,,,,,,,Don't bet - bookmaker has edge,Cleveland Cavaliers @ Chicago Bulls,2025-12-18T01:10:00Z,1,0.72,0.72,2025-12-17T16:59:59Z,2025-12-17T16:59:59Z,2025-12-17 12:00:41 ET,0.72,False,,False
Donovan Mitchell,player_blocks,0.5,210.0,betmgm,0.3225806451612903,-325.0,betmgm,0.7647058823529411,1.0872865275142314,-8.027923211169274,False,,,,,,,Don't bet - bookmaker has edge,Cleveland Cavaliers @ Chicago Bulls,2025-12-18T01:10:00Z,1,0.72,0.72,2025-12-17T16:59:59Z,2025-12-17T16:59:59Z,2025-12-17 12:00:41 ET,0.72,False,,False
Jarrett Allen,player_blocks,0.5,-220.0,betmgm,0.6875,150.0,betmgm,0.4,1.0875,-8.045977011494243,False,,,,,,,Don't bet - bookmaker has edge,Cleveland Cavaliers @ Chicago Bulls,2025-12-18T01:10:00Z,1,0.72,0.72,2025-12-17T16:59:59Z,2025-12-17T16:59:59Z,2025-12-17 12:00:41 ET,0.72,False,,False
