player,game,game_time,market,line,bookmaker,bookmaker_last_update,market_last_update,over_odds,under_odds
Mike Conley,Boston Celtics @ Minnesota Timberwolves,2025-11-29T22:10:00Z,player_assists,2.5,fanduel,2025-11-29T14:55:23Z,2025-11-29T14:56:29Z,-114.0,-114.0
Donte DiVincenzo,Boston Celtics @ Minnesota Timberwolves,2025-11-29T22:10:00Z,player_assists,3.5,fanduel,2025-11-29T14:55:23Z,2025-11-29T14:56:29Z,-104.0,-128.0
Anfernee Simons,Boston Celtics @ Minnesota Timberwolves,2025-11-29T22:10:00Z,player_assists,2.5,fanduel,2025-11-29T14:55:23Z,2025-11-29T14:56:29Z,-180.0,134.0
Julius Randle,Boston Celtics @ Minnesota Timberwolves,2025-11-29T22:10:00Z,player_assists,5.5,fanduel,2025-11-29T14:55:23Z,2025-11-29T14:56:29Z,118.0,-158.0
Anthony Edwards,Boston Celtics @ Minnesota Timberwolves,2025-11-29T22:10:00Z,player_assists,4.5,fanduel,2025-11-29T14:55:23Z,2025-11-29T14:56:29Z,116.0,-154.0
Derrick White,Boston Celtics @ Minnesota Timberwolves,2025-11-29T22:10:00Z,player_assists,4.5,fanduel,2025-11-29T14:55:23Z,2025-11-29T14:56:29Z,-158.0,118.0
Jaden McDaniels,Boston Celtics @ Minnesota Timberwolves,2025-11-29T22:10:00Z,player_assists,2.5,fanduel,2025-11-29T14:55:23Z,2025-11-29T14:56:29Z,-102.0,-130.0
Jaylen Brown,Boston Celtics @ Minnesota Timberwolves,2025-11-29T22:10:00Z,player_assists,4.5,fanduel,2025-11-29T14:55:23Z,2025-11-29T14:56:29Z,114.0,-152.0
Payton Pritchard,Boston Celtics @ Minnesota Timberwolves,2025-11-29T22:10:00Z,player_assists,4.5,fanduel,2025-11-29T14:55:23Z,2025-11-29T14:56:29Z,-136.0,102.0
Rudy Gobert,Boston Celtics @ Minnesota Timberwolves,2025-11-29T22:10:00Z,player_double_double,,fanduel,2025-11-29T14:55:23Z,2025-11-29T14:56:29Z,,
Julius Randle,Boston Celtics @ Minnesota Timberwolves,2025-11-29T22:10:00Z,player_double_double,,fanduel,2025-11-29T14:55:23Z,2025-11-29T14:56:29Z,,
Neemias Queta,Boston Celtics @ Minnesota Timberwolves,2025-11-29T22:10:00Z,player_double_double,,fanduel,2025-11-29T14:55:23Z,2025-11-29T14:56:29Z,,
Jaylen Brown,Boston Celtics @ Minnesota Timberwolves,2025-11-29T22:10:00Z,player_double_double,,fanduel,2025-11-29T14:55:23Z,2025-11-29T14:56:29Z,,
Naz Reid,Boston Celtics @ Minnesota Timberwolves,2025-11-29T22:10:00Z,player_double_double,,fanduel,2025-11-29T14:55:23Z,2025-11-29T14:56:29Z,,
Anthony Edwards,Boston Celtics @ Minnesota Timberwolves,2025-11-29T22:10:00Z,player_double_double,,fanduel,2025-11-29T14:55:23Z,2025-11-29T14:56:29Z,,
Derrick White,Boston Celtics @ Minnesota Timberwolves,2025-11-29T22:10:00Z,player_double_double,,fanduel,2025-11-29T14:55:23Z,2025-11-29T14:56:29Z,,
Payton Pritchard,Boston Celtics @ Minnesota Timberwolves,2025-11-29T22:10:00Z,player_double_double,,fanduel,2025-11-29T14:55:23Z,2025-11-29T14:56:29Z,,
Jaden McDaniels,Boston Celtics @ Minnesota Timberwolves,2025-11-29T22:10:00Z,player_double_double,,fanduel,2025-11-29T14:55:23Z,2025-11-29T14:56:29Z,,
Jordan Walsh,Boston Celtics @ Minnesota Timberwolves,2025-11-29T22:10:00Z,player_double_double,,fanduel,2025-11-29T14:55:23Z,2025-11-29T14:56:29Z,,
Donte DiVincenzo,Boston Celtics @ Minnesota Timberwolves,2025-11-29T22:10:00Z,player_double_double,,fanduel,2025-11-29T14:55:23Z,2025-11-29T14:56:29Z,,
Neemias Queta,Boston Celtics @ Minnesota Timberwolves,2025-11-29T22:10:00Z,player_points,8.5,fanduel,2025-11-29T14:55:23Z,2025-11-29T14:56:29Z,-136.0,102.0
Anthony Edwards,Boston Celtics @ Minnesota Timberwolves,2025-11-29T22:10:00Z,player_points,28.5,fanduel,2025-11-29T14:55:23Z,2025-11-29T14:56:29Z,-114.0,-114.0
Jaden McDaniels,Boston Celtics @ Minnesota Timberwolves,2025-11-29T22:10:00Z,player_points,14.5,fanduel,2025-11-29T14:55:23Z,2025-11-29T14:56:29Z,-106.0,-125.0
Rudy Gobert,Boston Celtics @ Minnesota Timberwolves,2025-11-29T22:10:00Z,player_points,9.5,fanduel,2025-11-29T14:55:23Z,2025-11-29T14:56:29Z,-132.0,100.0
Jaylen Brown,Boston Celtics @ Minnesota Timberwolves,2025-11-29T22:10:00Z,player_points,28.5,fanduel,2025-11-29T14:55:23Z,2025-11-29T14:56:29Z,-110.0,-120.0
Mike Conley,Boston Celtics @ Minnesota Timberwolves,2025-11-29T22:10:00Z,player_points,3.5,fanduel,2025-11-29T14:55:23Z,2025-11-29T14:56:29Z,-130.0,-102.0
Anfernee Simons,Boston Celtics @ Minnesota Timberwolves,2025-11-29T22:10:00Z,player_points,13.5,fanduel,2025-11-29T14:55:23Z,2025-11-29T14:56:29Z,-106.0,-125.0
Donte DiVincenzo,Boston Celtics @ Minnesota Timberwolves,2025-11-29T22:10:00Z,player_points,12.5,fanduel,2025-11-29T14:55:23Z,2025-11-29T14:56:29Z,-106.0,-125.0
Derrick White,Boston Celtics @ Minnesota Timberwolves,2025-11-29T22:10:00Z,player_points,18.5,fanduel,2025-11-29T14:55:23Z,2025-11-29T14:56:29Z,-112.0,-118.0
Naz Reid,Boston Celtics @ Minnesota Timberwolves,2025-11-29T22:10:00Z,player_points,13.5,fanduel,2025-11-29T14:55:23Z,2025-11-29T14:56:29Z,-104.0,-128.0
Payton Pritchard,Boston Celtics @ Minnesota Timberwolves,2025-11-29T22:10:00Z,player_points,17.5,fanduel,2025-11-29T14:55:23Z,2025-11-29T14:56:29Z,-122.0,-108.0
Jordan Walsh,Boston Celtics @ Minnesota Timberwolves,2025-11-29T22:10:00Z,player_points,5.5,fanduel,2025-11-29T14:55:23Z,2025-11-29T14:56:29Z,-125.0,-106.0
Julius Randle,Boston Celtics @ Minnesota Timberwolves,2025-11-29T22:10:00Z,player_points,20.5,fanduel,2025-11-29T14:55:23Z,2025-11-29T14:56:29Z,-118.0,-112.0
Julius Randle,Boston Celtics @ Minnesota Timberwolves,2025-11-29T22:10:00Z,player_points_rebounds_assists,33.5,fanduel,2025-11-29T14:55:23Z,2025-11-29T14:56:29Z,-106.0,-125.0
Jaylen Brown,Boston Celtics @ Minnesota Timberwolves,2025-11-29T22:10:00Z,player_points_rebounds_assists,38.5,fanduel,2025-11-29T14:55:23Z,2025-11-29T14:56:29Z,-120.0,-110.0
Payton Pritchard,Boston Celtics @ Minnesota Timberwolves,2025-11-29T22:10:00Z,player_points_rebounds_assists,27.5,fanduel,2025-11-29T14:55:23Z,2025-11-29T14:56:29Z,-104.0,-128.0
Jaden McDaniels,Boston Celtics @ Minnesota Timberwolves,2025-11-29T22:10:00Z,player_points_rebounds_assists,21.5,fanduel,2025-11-29T14:55:23Z,2025-11-29T14:56:29Z,-122.0,-108.0
Derrick White,Boston Celtics @ Minnesota Timberwolves,2025-11-29T22:10:00Z,player_points_rebounds_assists,27.5,fanduel,2025-11-29T14:55:23Z,2025-11-29T14:56:29Z,-125.0,-106.0
Anthony Edwards,Boston Celtics @ Minnesota Timberwolves,2025-11-29T22:10:00Z,player_points_rebounds_assists,38.5,fanduel,2025-11-29T14:55:23Z,2025-11-29T14:56:29Z,-122.0,-108.0
Donte DiVincenzo,Boston Celtics @ Minnesota Timberwolves,2025-11-29T22:10:00Z,player_points_rebounds_assists,20.5,fanduel,2025-11-29T14:55:23Z,2025-11-29T14:56:29Z,-106.0,-125.0
Rudy Gobert,Boston Celtics @ Minnesota Timberwolves,2025-11-29T22:10:00Z,player_rebounds,11.5,fanduel,2025-11-29T14:55:23Z,2025-11-29T14:56:29Z,102.0,-136.0
Donte DiVincenzo,Boston Celtics @ Minnesota Timberwolves,2025-11-29T22:10:00Z,player_rebounds,3.5,fanduel,2025-11-29T14:55:23Z,2025-11-29T14:56:29Z,-172.0,128.0
Jaden McDaniels,Boston Celtics @ Minnesota Timberwolves,2025-11-29T22:10:00Z,player_rebounds,4.5,fanduel,2025-11-29T14:55:23Z,2025-11-29T14:56:29Z,-136.0,102.0
Julius Randle,Boston Celtics @ Minnesota Timberwolves,2025-11-29T22:10:00Z,player_rebounds,7.5,fanduel,2025-11-29T14:55:23Z,2025-11-29T14:56:29Z,120.0,-160.0
Anthony Edwards,Boston Celtics @ Minnesota Timberwolves,2025-11-29T22:10:00Z,player_rebounds,5.5,fanduel,2025-11-29T14:55:23Z,2025-11-29T14:56:29Z,-112.0,-118.0
Neemias Queta,Boston Celtics @ Minnesota Timberwolves,2025-11-29T22:10:00Z,player_rebounds,7.5,fanduel,2025-11-29T14:55:23Z,2025-11-29T14:56:29Z,-138.0,104.0
Derrick White,Boston Celtics @ Minnesota Timberwolves,2025-11-29T22:10:00Z,player_rebounds,4.5,fanduel,2025-11-29T14:55:23Z,2025-11-29T14:56:29Z,122.0,-162.0
Naz Reid,Boston Celtics @ Minnesota Timberwolves,2025-11-29T22:10:00Z,player_rebounds,5.5,fanduel,2025-11-29T14:55:23Z,2025-11-29T14:56:29Z,-144.0,108.0
Jaylen Brown,Boston Celtics @ Minnesota Timberwolves,2025-11-29T22:10:00Z,player_rebounds,5.5,fanduel,2025-11-29T14:55:23Z,2025-11-29T14:56:29Z,-144.0,108.0
Payton Pritchard,Boston Celtics @ Minnesota Timberwolves,2025-11-29T22:10:00Z,player_rebounds,4.5,fanduel,2025-11-29T14:55:23Z,2025-11-29T14:56:29Z,114.0,-152.0
Jordan Walsh,Boston Celtics @ Minnesota Timberwolves,2025-11-29T22:10:00Z,player_rebounds,4.5,fanduel,2025-11-29T14:55:23Z,2025-11-29T14:56:29Z,-152.0,116.0
Anthony Edwards,Boston Celtics @ Minnesota Timberwolves,2025-11-29T22:10:00Z,player_threes,3.5,fanduel,2025-11-29T14:55:23Z,2025-11-29T14:56:29Z,110.0,-146.0
Naz Reid,Boston Celtics @ Minnesota Timberwolves,2025-11-29T22:10:00Z,player_threes,1.5,fanduel,2025-11-29T14:55:23Z,2025-11-29T14:56:29Z,-192.0,142.0
Julius Randle,Boston Celtics @ Minnesota Timberwolves,2025-11-29T22:10:00Z,player_threes,1.5,fanduel,2025-11-29T14:55:23Z,2025-11-29T14:56:29Z,-138.0,104.0
Donte DiVincenzo,Boston Celtics @ Minnesota Timberwolves,2025-11-29T22:10:00Z,player_threes,2.5,fanduel,2025-11-29T14:55:23Z,2025-11-29T14:56:29Z,-166.0,124.0
Payton Pritchard,Boston Celtics @ Minnesota Timberwolves,2025-11-29T22:10:00Z,player_threes,3.5,fanduel,2025-11-29T14:55:23Z,2025-11-29T14:56:29Z,122.0,-162.0
Jaden McDaniels,Boston Celtics @ Minnesota Timberwolves,2025-11-29T22:10:00Z,player_threes,1.5,fanduel,2025-11-29T14:55:23Z,2025-11-29T14:56:29Z,108.0,-144.0
Anfernee Simons,Boston Celtics @ Minnesota Timberwolves,2025-11-29T22:10:00Z,player_threes,2.5,fanduel,2025-11-29T14:55:23Z,2025-11-29T14:56:29Z,110.0,-146.0
Derrick White,Boston Celtics @ Minnesota Timberwolves,2025-11-29T22:10:00Z,player_threes,3.5,fanduel,2025-11-29T14:55:23Z,2025-11-29T14:56:29Z,136.0,-182.0
Jaylen Brown,Boston Celtics @ Minnesota Timberwolves,2025-11-29T22:10:00Z,player_threes,1.5,fanduel,2025-11-29T14:55:23Z,2025-11-29T14:56:29Z,-162.0,122.0
Julius Randle,Boston Celtics @ Minnesota Timberwolves,2025-11-29T22:10:00Z,player_triple_double,,fanduel,2025-11-29T14:55:23Z,2025-11-29T14:56:29Z,,
Julius Randle,Boston Celtics @ Minnesota Timberwolves,2025-11-29T22:10:00Z,player_assists,5.5,fanatics,2025-11-29T14:54:37Z,2025-11-29T14:56:11Z,120.0,-165.0
Derrick White,Boston Celtics @ Minnesota Timberwolves,2025-11-29T22:10:00Z,player_assists,4.5,fanatics,2025-11-29T14:54:37Z,2025-11-29T14:56:11Z,-150.0,115.0
Payton Pritchard,Boston Celtics @ Minnesota Timberwolves,2025-11-29T22:10:00Z,player_assists,4.5,fanatics,2025-11-29T14:54:37Z,2025-11-29T14:56:11Z,-145.0,110.0
Anthony Edwards,Boston Celtics @ Minnesota Timberwolves,2025-11-29T22:10:00Z,player_assists,4.5,fanatics,2025-11-29T14:54:37Z,2025-11-29T14:56:11Z,115.0,-150.0
Donte DiVincenzo,Boston Celtics @ Minnesota Timberwolves,2025-11-29T22:10:00Z,player_assists,3.5,fanatics,2025-11-29T14:54:37Z,2025-11-29T14:56:11Z,-115.0,-115.0
Jaylen Brown,Boston Celtics @ Minnesota Timberwolves,2025-11-29T22:10:00Z,player_assists,4.5,fanatics,2025-11-29T14:54:37Z,2025-11-29T14:56:11Z,110.0,-145.0
Mike Conley,Boston Celtics @ Minnesota Timberwolves,2025-11-29T22:10:00Z,player_assists,2.5,fanatics,2025-11-29T14:54:37Z,2025-11-29T14:56:11Z,-125.0,-105.0
Jaden McDaniels,Boston Celtics @ Minnesota Timberwolves,2025-11-29T22:10:00Z,player_assists,2.5,fanatics,2025-11-29T14:54:37Z,2025-11-29T14:56:11Z,100.0,-130.0
Anfernee Simons,Boston Celtics @ Minnesota Timberwolves,2025-11-29T22:10:00Z,player_assists,2.5,fanatics,2025-11-29T14:54:37Z,2025-11-29T14:56:11Z,-175.0,125.0
Naz Reid,Boston Celtics @ Minnesota Timberwolves,2025-11-29T22:10:00Z,player_assists,1.5,fanatics,2025-11-29T14:54:37Z,2025-11-29T14:56:11Z,-165.0,120.0
Neemias Queta,Boston Celtics @ Minnesota Timberwolves,2025-11-29T22:10:00Z,player_assists,1.5,fanatics,2025-11-29T14:54:37Z,2025-11-29T14:56:11Z,-145.0,110.0
Jordan Walsh,Boston Celtics @ Minnesota Timberwolves,2025-11-29T22:10:00Z,player_assists,1.5,fanatics,2025-11-29T14:54:37Z,2025-11-29T14:56:11Z,130.0,-190.0
Rudy Gobert,Boston Celtics @ Minnesota Timberwolves,2025-11-29T22:10:00Z,player_assists,1.5,fanatics,2025-11-29T14:54:37Z,2025-11-29T14:56:11Z,100.0,-130.0
Anthony Edwards,Boston Celtics @ Minnesota Timberwolves,2025-11-29T22:10:00Z,player_double_double,,fanatics,2025-11-29T14:54:37Z,2025-11-29T14:56:11Z,,
Julius Randle,Boston Celtics @ Minnesota Timberwolves,2025-11-29T22:10:00Z,player_double_double,,fanatics,2025-11-29T14:54:37Z,2025-11-29T14:56:11Z,,
Jaden McDaniels,Boston Celtics @ Minnesota Timberwolves,2025-11-29T22:10:00Z,player_double_double,,fanatics,2025-11-29T14:54:37Z,2025-11-29T14:56:11Z,,
Naz Reid,Boston Celtics @ Minnesota Timberwolves,2025-11-29T22:10:00Z,player_double_double,,fanatics,2025-11-29T14:54:37Z,2025-11-29T14:56:11Z,,
Donte DiVincenzo,Boston Celtics @ Minnesota Timberwolves,2025-11-29T22:10:00Z,player_double_double,,fanatics,2025-11-29T14:54:37Z,2025-11-29T14:56:11Z,,
Jaylen Brown,Boston Celtics @ Minnesota Timberwolves,2025-11-29T22:10:00Z,player_double_double,,fanatics,2025-11-29T14:54:37Z,2025-11-29T14:56:11Z,,
Derrick White,Boston Celtics @ Minnesota Timberwolves,2025-11-29T22:10:00Z,player_double_double,,fanatics,2025-11-29T14:54:37Z,2025-11-29T14:56:11Z,,
Payton Pritchard,Boston Celtics @ Minnesota Timberwolves,2025-11-29T22:10:00Z,player_double_double,,fanatics,2025-11-29T14:54:37Z,2025-11-29T14:56:11Z,,
Neemias Queta,Boston Celtics @ Minnesota Timberwolves,2025-11-29T22:10:00Z,player_double_double,,fanatics,2025-11-29T14:54:37Z,2025-11-29T14:56:11Z,,
Rudy Gobert,Boston Celtics @ Minnesota Timberwolves,2025-11-29T22:10:00Z,player_double_double,,fanatics,2025-11-29T14:54:37Z,2025-11-29T14:56:11Z,,
Anthony Edwards,Boston Celtics @ Minnesota Timberwolves,2025-11-29T22:10:00Z,player_points,28.5,fanatics,2025-11-29T14:54:37Z,2025-11-29T14:56:11Z,-115.0,-115.0
Neemias Queta,Boston Celtics @ Minnesota Timberwolves,2025-11-29T22:10:00Z,player_points,8.5,fanatics,2025-11-29T14:54:37Z,2025-11-29T14:56:11Z,-125.0,-105.0
Derrick White,Boston Celtics @ Minnesota Timberwolves,2025-11-29T22:10:00Z,player_points,18.5,fanatics,2025-11-29T14:54:37Z,2025-11-29T14:56:11Z,-115.0,-115.0
Jaden McDaniels,Boston Celtics @ Minnesota Timberwolves,2025-11-29T22:10:00Z,player_points,13.5,fanatics,2025-11-29T14:54:37Z,2025-11-29T14:56:11Z,-130.0,100.0
Donte DiVincenzo,Boston Celtics @ Minnesota Timberwolves,2025-11-29T22:10:00Z,player_points,12.5,fanatics,2025-11-29T14:54:37Z,2025-11-29T14:56:11Z,-110.0,-120.0
Naz Reid,Boston Celtics @ Minnesota Timberwolves,2025-11-29T22:10:00Z,player_points,13.5,fanatics,2025-11-29T14:54:37Z,2025-11-29T14:56:11Z,100.0,-130.0
Jaylen Brown,Boston Celtics @ Minnesota Timberwolves,2025-11-29T22:10:00Z,player_points,28.5,fanatics,2025-11-29T14:54:37Z,2025-11-29T14:56:11Z,-115.0,-115.0
Payton Pritchard,Boston Celtics @ Minnesota Timberwolves,2025-11-29T22:10:00Z,player_points,17.5,fanatics,2025-11-29T14:54:37Z,2025-11-29T14:56:11Z,-115.0,-115.0
Julius Randle,Boston Celtics @ Minnesota Timberwolves,2025-11-29T22:10:00Z,player_points,21.5,fanatics,2025-11-29T14:54:37Z,2025-11-29T14:56:11Z,-105.0,-125.0
Rudy Gobert,Boston Celtics @ Minnesota Timberwolves,2025-11-29T22:10:00Z,player_points,10.5,fanatics,2025-11-29T14:54:37Z,2025-11-29T14:56:11Z,100.0,-130.0
Jordan Walsh,Boston Celtics @ Minnesota Timberwolves,2025-11-29T22:10:00Z,player_points,5.5,fanatics,2025-11-29T14:54:37Z,2025-11-29T14:56:11Z,-115.0,-115.0
Mike Conley,Boston Celtics @ Minnesota Timberwolves,2025-11-29T22:10:00Z,player_points,3.5,fanatics,2025-11-29T14:54:37Z,2025-11-29T14:56:11Z,-130.0,100.0
Anfernee Simons,Boston Celtics @ Minnesota Timberwolves,2025-11-29T22:10:00Z,player_points,13.5,fanatics,2025-11-29T14:54:37Z,2025-11-29T14:56:11Z,-115.0,-115.0
Jaylen Brown,Boston Celtics @ Minnesota Timberwolves,2025-11-29T22:10:00Z,player_points_rebounds_assists,38.5,fanatics,2025-11-29T14:54:37Z,2025-11-29T14:56:11Z,-115.0,-115.0
Jaden McDaniels,Boston Celtics @ Minnesota Timberwolves,2025-11-29T22:10:00Z,player_points_rebounds_assists,21.5,fanatics,2025-11-29T14:54:37Z,2025-11-29T14:56:11Z,-115.0,-115.0
Donte DiVincenzo,Boston Celtics @ Minnesota Timberwolves,2025-11-29T22:10:00Z,player_points_rebounds_assists,20.5,fanatics,2025-11-29T14:54:37Z,2025-11-29T14:56:11Z,-105.0,-125.0
Julius Randle,Boston Celtics @ Minnesota Timberwolves,2025-11-29T22:10:00Z,player_points_rebounds_assists,33.5,fanatics,2025-11-29T14:54:37Z,2025-11-29T14:56:11Z,-120.0,-110.0
Derrick White,Boston Celtics @ Minnesota Timberwolves,2025-11-29T22:10:00Z,player_points_rebounds_assists,27.5,fanatics,2025-11-29T14:54:37Z,2025-11-29T14:56:11Z,-120.0,-110.0
Anthony Edwards,Boston Celtics @ Minnesota Timberwolves,2025-11-29T22:10:00Z,player_points_rebounds_assists,38.5,fanatics,2025-11-29T14:54:37Z,2025-11-29T14:56:11Z,-115.0,-115.0
Payton Pritchard,Boston Celtics @ Minnesota Timberwolves,2025-11-29T22:10:00Z,player_points_rebounds_assists,26.5,fanatics,2025-11-29T14:54:37Z,2025-11-29T14:56:11Z,-125.0,-105.0
Neemias Queta,Boston Celtics @ Minnesota Timberwolves,2025-11-29T22:10:00Z,player_points_rebounds_assists,19.5,fanatics,2025-11-29T14:54:37Z,2025-11-29T14:56:11Z,100.0,-130.0
Naz Reid,Boston Celtics @ Minnesota Timberwolves,2025-11-29T22:10:00Z,player_points_rebounds_assists,21.5,fanatics,2025-11-29T14:54:37Z,2025-11-29T14:56:11Z,-105.0,-125.0
Mike Conley,Boston Celtics @ Minnesota Timberwolves,2025-11-29T22:10:00Z,player_points_rebounds_assists,9.5,fanatics,2025-11-29T14:54:37Z,2025-11-29T14:56:11Z,120.0,-165.0
Jordan Walsh,Boston Celtics @ Minnesota Timberwolves,2025-11-29T22:10:00Z,player_points_rebounds_assists,12.5,fanatics,2025-11-29T14:54:37Z,2025-11-29T14:56:11Z,100.0,-130.0
Rudy Gobert,Boston Celtics @ Minnesota Timberwolves,2025-11-29T22:10:00Z,player_points_rebounds_assists,23.5,fanatics,2025-11-29T14:54:37Z,2025-11-29T14:56:11Z,-110.0,-120.0
Anfernee Simons,Boston Celtics @ Minnesota Timberwolves,2025-11-29T22:10:00Z,player_points_rebounds_assists,18.5,fanatics,2025-11-29T14:54:37Z,2025-11-29T14:56:11Z,-125.0,-105.0
Donte DiVincenzo,Boston Celtics @ Minnesota Timberwolves,2025-11-29T22:10:00Z,player_rebounds,4.5,fanatics,2025-11-29T14:54:37Z,2025-11-29T14:56:11Z,120.0,-165.0
Julius Randle,Boston Celtics @ Minnesota Timberwolves,2025-11-29T22:10:00Z,player_rebounds,7.5,fanatics,2025-11-29T14:54:37Z,2025-11-29T14:56:11Z,105.0,-140.0
Jordan Walsh,Boston Celtics @ Minnesota Timberwolves,2025-11-29T22:10:00Z,player_rebounds,4.5,fanatics,2025-11-29T14:54:37Z,2025-11-29T14:56:11Z,-150.0,115.0
Neemias Queta,Boston Celtics @ Minnesota Timberwolves,2025-11-29T22:10:00Z,player_rebounds,7.5,fanatics,2025-11-29T14:54:37Z,2025-11-29T14:56:11Z,-130.0,100.0
Derrick White,Boston Celtics @ Minnesota Timberwolves,2025-11-29T22:10:00Z,player_rebounds,4.5,fanatics,2025-11-29T14:54:37Z,2025-11-29T14:56:11Z,120.0,-165.0
Naz Reid,Boston Celtics @ Minnesota Timberwolves,2025-11-29T22:10:00Z,player_rebounds,5.5,fanatics,2025-11-29T14:54:37Z,2025-11-29T14:56:11Z,-145.0,110.0
Payton Pritchard,Boston Celtics @ Minnesota Timberwolves,2025-11-29T22:10:00Z,player_rebounds,4.5,fanatics,2025-11-29T14:54:37Z,2025-11-29T14:56:11Z,120.0,-165.0
Anthony Edwards,Boston Celtics @ Minnesota Timberwolves,2025-11-29T22:10:00Z,player_rebounds,5.5,fanatics,2025-11-29T14:54:37Z,2025-11-29T14:56:11Z,-115.0,-115.0
Rudy Gobert,Boston Celtics @ Minnesota Timberwolves,2025-11-29T22:10:00Z,player_rebounds,11.5,fanatics,2025-11-29T14:54:37Z,2025-11-29T14:56:11Z,-105.0,-125.0
Jaden McDaniels,Boston Celtics @ Minnesota Timberwolves,2025-11-29T22:10:00Z,player_rebounds,4.5,fanatics,2025-11-29T14:54:37Z,2025-11-29T14:56:11Z,-140.0,105.0
Jaylen Brown,Boston Celtics @ Minnesota Timberwolves,2025-11-29T22:10:00Z,player_rebounds,5.5,fanatics,2025-11-29T14:54:37Z,2025-11-29T14:56:11Z,-125.0,-105.0
Mike Conley,Boston Celtics @ Minnesota Timberwolves,2025-11-29T22:10:00Z,player_rebounds,1.5,fanatics,2025-11-29T14:54:37Z,2025-11-29T14:56:11Z,-125.0,-105.0
Anfernee Simons,Boston Celtics @ Minnesota Timberwolves,2025-11-29T22:10:00Z,player_rebounds,2.5,fanatics,2025-11-29T14:54:37Z,2025-11-29T14:56:11Z,125.0,-175.0
Julius Randle,Boston Celtics @ Minnesota Timberwolves,2025-11-29T22:10:00Z,player_threes,1.5,fanatics,2025-11-29T14:54:37Z,2025-11-29T14:56:11Z,-140.0,105.0
Anthony Edwards,Boston Celtics @ Minnesota Timberwolves,2025-11-29T22:10:00Z,player_threes,3.5,fanatics,2025-11-29T14:54:37Z,2025-11-29T14:56:11Z,110.0,-145.0
Donte DiVincenzo,Boston Celtics @ Minnesota Timberwolves,2025-11-29T22:10:00Z,player_threes,2.5,fanatics,2025-11-29T14:54:37Z,2025-11-29T14:56:11Z,-165.0,120.0
Jaylen Brown,Boston Celtics @ Minnesota Timberwolves,2025-11-29T22:10:00Z,player_threes,1.5,fanatics,2025-11-29T14:54:37Z,2025-11-29T14:56:11Z,-165.0,120.0
Jaden McDaniels,Boston Celtics @ Minnesota Timberwolves,2025-11-29T22:10:00Z,player_threes,1.5,fanatics,2025-11-29T14:54:37Z,2025-11-29T14:56:11Z,115.0,-150.0
Naz Reid,Boston Celtics @ Minnesota Timberwolves,2025-11-29T22:10:00Z,player_threes,1.5,fanatics,2025-11-29T14:54:37Z,2025-11-29T14:56:11Z,-210.0,135.0
Derrick White,Boston Celtics @ Minnesota Timberwolves,2025-11-29T22:10:00Z,player_threes,3.5,fanatics,2025-11-29T14:54:37Z,2025-11-29T14:56:11Z,130.0,-190.0
Jordan Walsh,Boston Celtics @ Minnesota Timberwolves,2025-11-29T22:10:00Z,player_threes,0.5,fanatics,2025-11-29T14:54:37Z,2025-11-29T14:56:11Z,-120.0,-110.0
Payton Pritchard,Boston Celtics @ Minnesota Timberwolves,2025-11-29T22:10:00Z,player_threes,3.5,fanatics,2025-11-29T14:54:37Z,2025-11-29T14:56:11Z,120.0,-165.0
Anfernee Simons,Boston Celtics @ Minnesota Timberwolves,2025-11-29T22:10:00Z,player_threes,2.5,fanatics,2025-11-29T14:54:37Z,2025-11-29T14:56:11Z,120.0,-165.0
Mike Conley,Boston Celtics @ Minnesota Timberwolves,2025-11-29T22:10:00Z,player_threes,0.5,fanatics,2025-11-29T14:54:37Z,2025-11-29T14:56:11Z,-240.0,150.0
Julius Randle,Boston Celtics @ Minnesota Timberwolves,2025-11-29T22:10:00Z,player_triple_double,,fanatics,2025-11-29T14:54:37Z,2025-11-29T14:56:11Z,,
Jaylen Brown,Boston Celtics @ Minnesota Timberwolves,2025-11-29T22:10:00Z,player_assists,4.5,betonlineag,2025-11-29T14:54:41Z,2025-11-29T14:55:55Z,113.0,-147.0
Jaden McDaniels,Boston Celtics @ Minnesota Timberwolves,2025-11-29T22:10:00Z,player_assists,2.5,betonlineag,2025-11-29T14:54:41Z,2025-11-29T14:55:55Z,110.0,-143.0
Payton Pritchard,Boston Celtics @ Minnesota Timberwolves,2025-11-29T22:10:00Z,player_assists,4.5,betonlineag,2025-11-29T14:54:41Z,2025-11-29T14:55:55Z,-133.0,103.0
Anthony Edwards,Boston Celtics @ Minnesota Timberwolves,2025-11-29T22:10:00Z,player_assists,4.5,betonlineag,2025-11-29T14:54:41Z,2025-11-29T14:55:55Z,118.0,-154.0
Derrick White,Boston Celtics @ Minnesota Timberwolves,2025-11-29T22:10:00Z,player_assists,4.5,betonlineag,2025-11-29T14:54:41Z,2025-11-29T14:55:55Z,-145.0,112.0
Mike Conley,Boston Celtics @ Minnesota Timberwolves,2025-11-29T22:10:00Z,player_assists,2.5,betonlineag,2025-11-29T14:54:41Z,2025-11-29T14:55:55Z,-127.0,-102.0
Julius Randle,Boston Celtics @ Minnesota Timberwolves,2025-11-29T22:10:00Z,player_assists,5.5,betonlineag,2025-11-29T14:54:41Z,2025-11-29T14:55:55Z,126.0,-164.0
Donte DiVincenzo,Boston Celtics @ Minnesota Timberwolves,2025-11-29T22:10:00Z,player_assists,3.5,betonlineag,2025-11-29T14:54:41Z,2025-11-29T14:55:55Z,-109.0,-119.0
Anfernee Simons,Boston Celtics @ Minnesota Timberwolves,2025-11-29T22:10:00Z,player_assists,2.5,betonlineag,2025-11-29T14:54:41Z,2025-11-29T14:55:55Z,-164.0,126.0
Payton Pritchard,Boston Celtics @ Minnesota Timberwolves,2025-11-29T22:10:00Z,player_points,17.5,betonlineag,2025-11-29T14:54:41Z,2025-11-29T14:55:55Z,-119.0,-109.0
Naz Reid,Boston Celtics @ Minnesota Timberwolves,2025-11-29T22:10:00Z,player_points,13.5,betonlineag,2025-11-29T14:54:41Z,2025-11-29T14:55:55Z,-103.0,-125.0
Derrick White,Boston Celtics @ Minnesota Timberwolves,2025-11-29T22:10:00Z,player_points,18.5,betonlineag,2025-11-29T14:54:41Z,2025-11-29T14:55:55Z,-110.0,-118.0
Anthony Edwards,Boston Celtics @ Minnesota Timberwolves,2025-11-29T22:10:00Z,player_points,28.5,betonlineag,2025-11-29T14:54:41Z,2025-11-29T14:55:55Z,-111.0,-116.0
Rudy Gobert,Boston Celtics @ Minnesota Timberwolves,2025-11-29T22:10:00Z,player_points,10.5,betonlineag,2025-11-29T14:54:41Z,2025-11-29T14:55:55Z,-105.0,-123.0
Julius Randle,Boston Celtics @ Minnesota Timberwolves,2025-11-29T22:10:00Z,player_points,20.5,betonlineag,2025-11-29T14:54:41Z,2025-11-29T14:55:55Z,-120.0,-108.0
Anfernee Simons,Boston Celtics @ Minnesota Timberwolves,2025-11-29T22:10:00Z,player_points,13.5,betonlineag,2025-11-29T14:54:41Z,2025-11-29T14:55:55Z,-103.0,-125.0
Neemias Queta,Boston Celtics @ Minnesota Timberwolves,2025-11-29T22:10:00Z,player_points,8.5,betonlineag,2025-11-29T14:54:41Z,2025-11-29T14:55:55Z,-116.0,-111.0
Donte DiVincenzo,Boston Celtics @ Minnesota Timberwolves,2025-11-29T22:10:00Z,player_points,12.5,betonlineag,2025-11-29T14:54:41Z,2025-11-29T14:55:55Z,-108.0,-120.0
Jaden McDaniels,Boston Celtics @ Minnesota Timberwolves,2025-11-29T22:10:00Z,player_points,13.5,betonlineag,2025-11-29T14:54:41Z,2025-11-29T14:55:55Z,-125.0,-103.0
Jordan Walsh,Boston Celtics @ Minnesota Timberwolves,2025-11-29T22:10:00Z,player_points,5.5,betonlineag,2025-11-29T14:54:41Z,2025-11-29T14:55:55Z,-114.0,-114.0
Mike Conley,Boston Celtics @ Minnesota Timberwolves,2025-11-29T22:10:00Z,player_points,3.5,betonlineag,2025-11-29T14:54:41Z,2025-11-29T14:55:55Z,-130.0,100.0
Jaylen Brown,Boston Celtics @ Minnesota Timberwolves,2025-11-29T22:10:00Z,player_points,27.5,betonlineag,2025-11-29T14:54:41Z,2025-11-29T14:55:55Z,-123.0,-105.0
Payton Pritchard,Boston Celtics @ Minnesota Timberwolves,2025-11-29T22:10:00Z,player_points_rebounds_assists,27.5,betonlineag,2025-11-29T14:54:41Z,2025-11-29T14:55:55Z,-105.0,-123.0
Naz Reid,Boston Celtics @ Minnesota Timberwolves,2025-11-29T22:10:00Z,player_points_rebounds_assists,21.5,betonlineag,2025-11-29T14:54:41Z,2025-11-29T14:55:55Z,-106.0,-122.0
Jaden McDaniels,Boston Celtics @ Minnesota Timberwolves,2025-11-29T22:10:00Z,player_points_rebounds_assists,21.5,betonlineag,2025-11-29T14:54:41Z,2025-11-29T14:55:55Z,-114.0,-114.0
Anthony Edwards,Boston Celtics @ Minnesota Timberwolves,2025-11-29T22:10:00Z,player_points_rebounds_assists,38.5,betonlineag,2025-11-29T14:54:41Z,2025-11-29T14:55:55Z,-115.0,-112.0
Derrick White,Boston Celtics @ Minnesota Timberwolves,2025-11-29T22:10:00Z,player_points_rebounds_assists,27.5,betonlineag,2025-11-29T14:54:41Z,2025-11-29T14:55:55Z,-115.0,-112.0
Jordan Walsh,Boston Celtics @ Minnesota Timberwolves,2025-11-29T22:10:00Z,player_points_rebounds_assists,12.5,betonlineag,2025-11-29T14:54:41Z,2025-11-29T14:55:55Z,-105.0,-123.0
Julius Randle,Boston Celtics @ Minnesota Timberwolves,2025-11-29T22:10:00Z,player_points_rebounds_assists,33.5,betonlineag,2025-11-29T14:54:41Z,2025-11-29T14:55:55Z,-112.0,-115.0
Neemias Queta,Boston Celtics @ Minnesota Timberwolves,2025-11-29T22:10:00Z,player_points_rebounds_assists,19.5,betonlineag,2025-11-29T14:54:41Z,2025-11-29T14:55:55Z,102.0,-132.0
Jaylen Brown,Boston Celtics @ Minnesota Timberwolves,2025-11-29T22:10:00Z,player_points_rebounds_assists,38.5,betonlineag,2025-11-29T14:54:41Z,2025-11-29T14:55:55Z,-116.0,-111.0
Rudy Gobert,Boston Celtics @ Minnesota Timberwolves,2025-11-29T22:10:00Z,player_points_rebounds_assists,23.5,betonlineag,2025-11-29T14:54:41Z,2025-11-29T14:55:55Z,-112.0,-115.0
Donte DiVincenzo,Boston Celtics @ Minnesota Timberwolves,2025-11-29T22:10:00Z,player_points_rebounds_assists,20.5,betonlineag,2025-11-29T14:54:41Z,2025-11-29T14:55:55Z,-114.0,-114.0
Anfernee Simons,Boston Celtics @ Minnesota Timberwolves,2025-11-29T22:10:00Z,player_points_rebounds_assists,18.5,betonlineag,2025-11-29T14:54:41Z,2025-11-29T14:55:55Z,-112.0,-115.0
Jaylen Brown,Boston Celtics @ Minnesota Timberwolves,2025-11-29T22:10:00Z,player_rebounds,5.5,betonlineag,2025-11-29T14:54:41Z,2025-11-29T14:55:55Z,-123.0,-104.0
Payton Pritchard,Boston Celtics @ Minnesota Timberwolves,2025-11-29T22:10:00Z,player_rebounds,4.5,betonlineag,2025-11-29T14:54:41Z,2025-11-29T14:55:55Z,120.0,-156.0
Naz Reid,Boston Celtics @ Minnesota Timberwolves,2025-11-29T22:10:00Z,player_rebounds,5.5,betonlineag,2025-11-29T14:54:41Z,2025-11-29T14:55:55Z,-139.0,107.0
Jaden McDaniels,Boston Celtics @ Minnesota Timberwolves,2025-11-29T22:10:00Z,player_rebounds,4.5,betonlineag,2025-11-29T14:54:41Z,2025-11-29T14:55:55Z,-133.0,103.0
Anthony Edwards,Boston Celtics @ Minnesota Timberwolves,2025-11-29T22:10:00Z,player_rebounds,5.5,betonlineag,2025-11-29T14:54:41Z,2025-11-29T14:55:55Z,-114.0,-114.0
Derrick White,Boston Celtics @ Minnesota Timberwolves,2025-11-29T22:10:00Z,player_rebounds,4.5,betonlineag,2025-11-29T14:54:41Z,2025-11-29T14:55:55Z,126.0,-164.0
Rudy Gobert,Boston Celtics @ Minnesota Timberwolves,2025-11-29T22:10:00Z,player_rebounds,11.5,betonlineag,2025-11-29T14:54:41Z,2025-11-29T14:55:55Z,-102.0,-127.0
Jordan Walsh,Boston Celtics @ Minnesota Timberwolves,2025-11-29T22:10:00Z,player_rebounds,4.5,betonlineag,2025-11-29T14:54:41Z,2025-11-29T14:55:55Z,-154.0,119.0
Julius Randle,Boston Celtics @ Minnesota Timberwolves,2025-11-29T22:10:00Z,player_rebounds,7.5,betonlineag,2025-11-29T14:54:41Z,2025-11-29T14:55:55Z,110.0,-143.0
Donte DiVincenzo,Boston Celtics @ Minnesota Timberwolves,2025-11-29T22:10:00Z,player_rebounds,4.5,betonlineag,2025-11-29T14:54:41Z,2025-11-29T14:55:55Z,120.0,-156.0
Neemias Queta,Boston Celtics @ Minnesota Timberwolves,2025-11-29T22:10:00Z,player_rebounds,7.5,betonlineag,2025-11-29T14:54:41Z,2025-11-29T14:55:55Z,-132.0,102.0
Jaylen Brown,Boston Celtics @ Minnesota Timberwolves,2025-11-29T22:10:00Z,player_threes,1.5,betonlineag,2025-11-29T14:54:41Z,2025-11-29T14:55:55Z,-154.0,119.0
Payton Pritchard,Boston Celtics @ Minnesota Timberwolves,2025-11-29T22:10:00Z,player_threes,3.5,betonlineag,2025-11-29T14:54:41Z,2025-11-29T14:55:55Z,128.0,-167.0
Jaden McDaniels,Boston Celtics @ Minnesota Timberwolves,2025-11-29T22:10:00Z,player_threes,1.5,betonlineag,2025-11-29T14:54:41Z,2025-11-29T14:55:55Z,115.0,-149.0
Naz Reid,Boston Celtics @ Minnesota Timberwolves,2025-11-29T22:10:00Z,player_threes,1.5,betonlineag,2025-11-29T14:54:41Z,2025-11-29T14:55:55Z,-179.0,136.0
Anthony Edwards,Boston Celtics @ Minnesota Timberwolves,2025-11-29T22:10:00Z,player_threes,3.5,betonlineag,2025-11-29T14:54:41Z,2025-11-29T14:55:55Z,113.0,-147.0
Jordan Walsh,Boston Celtics @ Minnesota Timberwolves,2025-11-29T22:10:00Z,player_threes,0.5,betonlineag,2025-11-29T14:54:41Z,2025-11-29T14:55:55Z,-132.0,102.0
Donte DiVincenzo,Boston Celtics @ Minnesota Timberwolves,2025-11-29T22:10:00Z,player_threes,2.5,betonlineag,2025-11-29T14:54:41Z,2025-11-29T14:55:55Z,-156.0,120.0
Julius Randle,Boston Celtics @ Minnesota Timberwolves,2025-11-29T22:10:00Z,player_threes,1.5,betonlineag,2025-11-29T14:54:41Z,2025-11-29T14:55:55Z,-135.0,104.0
Anfernee Simons,Boston Celtics @ Minnesota Timberwolves,2025-11-29T22:10:00Z,player_threes,2.5,betonlineag,2025-11-29T14:54:41Z,2025-11-29T14:55:55Z,124.0,-161.0
Derrick White,Boston Celtics @ Minnesota Timberwolves,2025-11-29T22:10:00Z,player_threes,3.5,betonlineag,2025-11-29T14:54:41Z,2025-11-29T14:55:55Z,146.0,-192.0
Mike Conley,Boston Celtics @ Minnesota Timberwolves,2025-11-29T22:10:00Z,player_assists,2.5,williamhill_us,2025-11-29T14:55:28Z,2025-11-29T14:56:24Z,-117.0,-115.0
Jaden McDaniels,Boston Celtics @ Minnesota Timberwolves,2025-11-29T22:10:00Z,player_assists,2.5,williamhill_us,2025-11-29T14:55:28Z,2025-11-29T14:56:24Z,-102.0,-132.0
Julius Randle,Boston Celtics @ Minnesota Timberwolves,2025-11-29T22:10:00Z,player_assists,5.5,williamhill_us,2025-11-29T14:55:28Z,2025-11-29T14:56:24Z,119.0,-159.0
Anthony Edwards,Boston Celtics @ Minnesota Timberwolves,2025-11-29T22:10:00Z,player_assists,4.5,williamhill_us,2025-11-29T14:55:28Z,2025-11-29T14:56:24Z,115.0,-154.0
Jaylen Brown,Boston Celtics @ Minnesota Timberwolves,2025-11-29T22:10:00Z,player_assists,4.5,williamhill_us,2025-11-29T14:55:28Z,2025-11-29T14:56:24Z,109.0,-145.0
Payton Pritchard,Boston Celtics @ Minnesota Timberwolves,2025-11-29T22:10:00Z,player_assists,4.5,williamhill_us,2025-11-29T14:55:28Z,2025-11-29T14:56:24Z,-139.0,105.0
Anfernee Simons,Boston Celtics @ Minnesota Timberwolves,2025-11-29T22:10:00Z,player_assists,2.5,williamhill_us,2025-11-29T14:55:28Z,2025-11-29T14:56:24Z,-170.0,127.0
Donte DiVincenzo,Boston Celtics @ Minnesota Timberwolves,2025-11-29T22:10:00Z,player_assists,3.5,williamhill_us,2025-11-29T14:55:28Z,2025-11-29T14:56:24Z,-114.0,-118.0
Naz Reid,Boston Celtics @ Minnesota Timberwolves,2025-11-29T22:10:00Z,player_assists,1.5,williamhill_us,2025-11-29T14:55:28Z,2025-11-29T14:56:24Z,-162.0,121.0
Rudy Gobert,Boston Celtics @ Minnesota Timberwolves,2025-11-29T22:10:00Z,player_assists,1.5,williamhill_us,2025-11-29T14:55:28Z,2025-11-29T14:56:24Z,-103.0,-130.0
Derrick White,Boston Celtics @ Minnesota Timberwolves,2025-11-29T22:10:00Z,player_assists,4.5,williamhill_us,2025-11-29T14:55:28Z,2025-11-29T14:56:24Z,-148.0,111.0
Rudy Gobert,Boston Celtics @ Minnesota Timberwolves,2025-11-29T22:10:00Z,player_double_double,,williamhill_us,2025-11-29T14:55:28Z,2025-11-29T14:56:24Z,,
Julius Randle,Boston Celtics @ Minnesota Timberwolves,2025-11-29T22:10:00Z,player_double_double,,williamhill_us,2025-11-29T14:55:28Z,2025-11-29T14:56:24Z,,
Neemias Queta,Boston Celtics @ Minnesota Timberwolves,2025-11-29T22:10:00Z,player_double_double,,williamhill_us,2025-11-29T14:55:28Z,2025-11-29T14:56:24Z,,
Jaylen Brown,Boston Celtics @ Minnesota Timberwolves,2025-11-29T22:10:00Z,player_double_double,,williamhill_us,2025-11-29T14:55:28Z,2025-11-29T14:56:24Z,,
Naz Reid,Boston Celtics @ Minnesota Timberwolves,2025-11-29T22:10:00Z,player_double_double,,williamhill_us,2025-11-29T14:55:28Z,2025-11-29T14:56:24Z,,
Anthony Edwards,Boston Celtics @ Minnesota Timberwolves,2025-11-29T22:10:00Z,player_double_double,,williamhill_us,2025-11-29T14:55:28Z,2025-11-29T14:56:24Z,,
Derrick White,Boston Celtics @ Minnesota Timberwolves,2025-11-29T22:10:00Z,player_double_double,,williamhill_us,2025-11-29T14:55:28Z,2025-11-29T14:56:24Z,,
Payton Pritchard,Boston Celtics @ Minnesota Timberwolves,2025-11-29T22:10:00Z,player_double_double,,williamhill_us,2025-11-29T14:55:28Z,2025-11-29T14:56:24Z,,
Jaden McDaniels,Boston Celtics @ Minnesota Timberwolves,2025-11-29T22:10:00Z,player_double_double,,williamhill_us,2025-11-29T14:55:28Z,2025-11-29T14:56:24Z,,
Donte DiVincenzo,Boston Celtics @ Minnesota Timberwolves,2025-11-29T22:10:00Z,player_double_double,,williamhill_us,2025-11-29T14:55:28Z,2025-11-29T14:56:24Z,,
Jordan Walsh,Boston Celtics @ Minnesota Timberwolves,2025-11-29T22:10:00Z,player_double_double,,williamhill_us,2025-11-29T14:55:28Z,2025-11-29T14:56:24Z,,
Julius Randle,Boston Celtics @ Minnesota Timberwolves,2025-11-29T22:10:00Z,player_points,20.5,williamhill_us,2025-11-29T14:55:28Z,2025-11-29T14:56:24Z,-124.0,-108.0
Mike Conley,Boston Celtics @ Minnesota Timberwolves,2025-11-29T22:10:00Z,player_points,3.5,williamhill_us,2025-11-29T14:55:28Z,2025-11-29T14:56:24Z,-132.0,100.0
Jordan Walsh,Boston Celtics @ Minnesota Timberwolves,2025-11-29T22:10:00Z,player_points,5.5,williamhill_us,2025-11-29T14:55:28Z,2025-11-29T14:56:24Z,-124.0,-107.0
Payton Pritchard,Boston Celtics @ Minnesota Timberwolves,2025-11-29T22:10:00Z,player_points,17.5,williamhill_us,2025-11-29T14:55:28Z,2025-11-29T14:56:24Z,-122.0,-109.0
Donte DiVincenzo,Boston Celtics @ Minnesota Timberwolves,2025-11-29T22:10:00Z,player_points,12.5,williamhill_us,2025-11-29T14:55:28Z,2025-11-29T14:56:24Z,-105.0,-127.0
Naz Reid,Boston Celtics @ Minnesota Timberwolves,2025-11-29T22:10:00Z,player_points,13.5,williamhill_us,2025-11-29T14:55:28Z,2025-11-29T14:56:24Z,-105.0,-128.0
Jaden McDaniels,Boston Celtics @ Minnesota Timberwolves,2025-11-29T22:10:00Z,player_points,13.5,williamhill_us,2025-11-29T14:55:28Z,2025-11-29T14:56:24Z,-128.0,-105.0
Jaylen Brown,Boston Celtics @ Minnesota Timberwolves,2025-11-29T22:10:00Z,player_points,28.5,williamhill_us,2025-11-29T14:55:28Z,2025-11-29T14:56:24Z,-112.0,-120.0
Rudy Gobert,Boston Celtics @ Minnesota Timberwolves,2025-11-29T22:10:00Z,player_points,10.5,williamhill_us,2025-11-29T14:55:28Z,2025-11-29T14:56:24Z,-107.0,-125.0
Anthony Edwards,Boston Celtics @ Minnesota Timberwolves,2025-11-29T22:10:00Z,player_points,28.5,williamhill_us,2025-11-29T14:55:28Z,2025-11-29T14:56:24Z,-114.0,-118.0
Neemias Queta,Boston Celtics @ Minnesota Timberwolves,2025-11-29T22:10:00Z,player_points,8.5,williamhill_us,2025-11-29T14:55:28Z,2025-11-29T14:56:24Z,-128.0,-105.0
Anfernee Simons,Boston Celtics @ Minnesota Timberwolves,2025-11-29T22:10:00Z,player_points,13.5,williamhill_us,2025-11-29T14:55:28Z,2025-11-29T14:56:24Z,-107.0,-124.0
Derrick White,Boston Celtics @ Minnesota Timberwolves,2025-11-29T22:10:00Z,player_points,18.5,williamhill_us,2025-11-29T14:55:28Z,2025-11-29T14:56:24Z,-114.0,-117.0
Payton Pritchard,Boston Celtics @ Minnesota Timberwolves,2025-11-29T22:10:00Z,player_rebounds,4.5,williamhill_us,2025-11-29T14:55:28Z,2025-11-29T14:56:24Z,115.0,-152.0
Rudy Gobert,Boston Celtics @ Minnesota Timberwolves,2025-11-29T22:10:00Z,player_rebounds,11.5,williamhill_us,2025-11-29T14:55:28Z,2025-11-29T14:56:24Z,-104.0,-129.0
Julius Randle,Boston Celtics @ Minnesota Timberwolves,2025-11-29T22:10:00Z,player_rebounds,7.5,williamhill_us,2025-11-29T14:55:28Z,2025-11-29T14:56:24Z,110.0,-145.0
Naz Reid,Boston Celtics @ Minnesota Timberwolves,2025-11-29T22:10:00Z,player_rebounds,5.5,williamhill_us,2025-11-29T14:55:28Z,2025-11-29T14:56:24Z,-143.0,107.0
Jaylen Brown,Boston Celtics @ Minnesota Timberwolves,2025-11-29T22:10:00Z,player_rebounds,5.5,williamhill_us,2025-11-29T14:55:28Z,2025-11-29T14:56:24Z,-130.0,-103.0
Neemias Queta,Boston Celtics @ Minnesota Timberwolves,2025-11-29T22:10:00Z,player_rebounds,7.5,williamhill_us,2025-11-29T14:55:28Z,2025-11-29T14:56:24Z,-136.0,102.0
Donte DiVincenzo,Boston Celtics @ Minnesota Timberwolves,2025-11-29T22:10:00Z,player_rebounds,4.5,williamhill_us,2025-11-29T14:55:28Z,2025-11-29T14:56:24Z,119.0,-159.0
Jaden McDaniels,Boston Celtics @ Minnesota Timberwolves,2025-11-29T22:10:00Z,player_rebounds,4.5,williamhill_us,2025-11-29T14:55:28Z,2025-11-29T14:56:24Z,-134.0,100.0
Anthony Edwards,Boston Celtics @ Minnesota Timberwolves,2025-11-29T22:10:00Z,player_rebounds,5.5,williamhill_us,2025-11-29T14:55:28Z,2025-11-29T14:56:24Z,-115.0,-115.0
Jordan Walsh,Boston Celtics @ Minnesota Timberwolves,2025-11-29T22:10:00Z,player_rebounds,4.5,williamhill_us,2025-11-29T14:55:28Z,2025-11-29T14:56:24Z,-154.0,115.0
Derrick White,Boston Celtics @ Minnesota Timberwolves,2025-11-29T22:10:00Z,player_rebounds,4.5,williamhill_us,2025-11-29T14:55:28Z,2025-11-29T14:56:24Z,119.0,-159.0
Julius Randle,Boston Celtics @ Minnesota Timberwolves,2025-11-29T22:10:00Z,player_threes,1.5,williamhill_us,2025-11-29T14:55:28Z,2025-11-29T14:56:24Z,-137.0,104.0
Naz Reid,Boston Celtics @ Minnesota Timberwolves,2025-11-29T22:10:00Z,player_threes,1.5,williamhill_us,2025-11-29T14:55:28Z,2025-11-29T14:56:24Z,-182.0,136.0
Anfernee Simons,Boston Celtics @ Minnesota Timberwolves,2025-11-29T22:10:00Z,player_threes,2.5,williamhill_us,2025-11-29T14:55:28Z,2025-11-29T14:56:24Z,117.0,-157.0
Derrick White,Boston Celtics @ Minnesota Timberwolves,2025-11-29T22:10:00Z,player_threes,2.5,williamhill_us,2025-11-29T14:55:28Z,2025-11-29T14:56:24Z,-170.0,124.0
Payton Pritchard,Boston Celtics @ Minnesota Timberwolves,2025-11-29T22:10:00Z,player_threes,3.5,williamhill_us,2025-11-29T14:55:28Z,2025-11-29T14:56:24Z,122.0,-162.0
Anthony Edwards,Boston Celtics @ Minnesota Timberwolves,2025-11-29T22:10:00Z,player_threes,3.5,williamhill_us,2025-11-29T14:55:28Z,2025-11-29T14:56:24Z,110.0,-148.0
Donte DiVincenzo,Boston Celtics @ Minnesota Timberwolves,2025-11-29T22:10:00Z,player_threes,2.5,williamhill_us,2025-11-29T14:55:28Z,2025-11-29T14:56:24Z,-157.0,117.0
Jaylen Brown,Boston Celtics @ Minnesota Timberwolves,2025-11-29T22:10:00Z,player_threes,1.5,williamhill_us,2025-11-29T14:55:28Z,2025-11-29T14:56:24Z,-157.0,118.0
Jaden McDaniels,Boston Celtics @ Minnesota Timberwolves,2025-11-29T22:10:00Z,player_threes,1.5,williamhill_us,2025-11-29T14:55:28Z,2025-11-29T14:56:24Z,112.0,-150.0
Julius Randle,Boston Celtics @ Minnesota Timberwolves,2025-11-29T22:10:00Z,player_triple_double,,williamhill_us,2025-11-29T14:55:28Z,2025-11-29T14:56:24Z,,
Julius Randle,Boston Celtics @ Minnesota Timberwolves,2025-11-29T22:10:00Z,player_assists,4.5,draftkings,2025-11-29T14:54:37Z,2025-11-29T14:56:03Z,-154.0,117.0
Derrick White,Boston Celtics @ Minnesota Timberwolves,2025-11-29T22:10:00Z,player_assists,4.5,draftkings,2025-11-29T14:54:37Z,2025-11-29T14:56:03Z,-144.0,109.0
Payton Pritchard,Boston Celtics @ Minnesota Timberwolves,2025-11-29T22:10:00Z,player_assists,4.5,draftkings,2025-11-29T14:54:37Z,2025-11-29T14:56:03Z,-141.0,107.0
Anthony Edwards,Boston Celtics @ Minnesota Timberwolves,2025-11-29T22:10:00Z,player_assists,4.5,draftkings,2025-11-29T14:54:37Z,2025-11-29T14:56:03Z,109.0,-144.0
Jaylen Brown,Boston Celtics @ Minnesota Timberwolves,2025-11-29T22:10:00Z,player_assists,4.5,draftkings,2025-11-29T14:54:37Z,2025-11-29T14:56:03Z,109.0,-144.0
Donte DiVincenzo,Boston Celtics @ Minnesota Timberwolves,2025-11-29T22:10:00Z,player_assists,3.5,draftkings,2025-11-29T14:54:37Z,2025-11-29T14:56:03Z,-108.0,-121.0
Anfernee Simons,Boston Celtics @ Minnesota Timberwolves,2025-11-29T22:10:00Z,player_assists,2.5,draftkings,2025-11-29T14:54:37Z,2025-11-29T14:56:03Z,-164.0,124.0
Jaden McDaniels,Boston Celtics @ Minnesota Timberwolves,2025-11-29T22:10:00Z,player_assists,2.5,draftkings,2025-11-29T14:54:37Z,2025-11-29T14:56:03Z,101.0,-133.0
Rudy Gobert,Boston Celtics @ Minnesota Timberwolves,2025-11-29T22:10:00Z,player_double_double,,draftkings,2025-11-29T14:54:37Z,2025-11-29T14:56:03Z,,
Julius Randle,Boston Celtics @ Minnesota Timberwolves,2025-11-29T22:10:00Z,player_double_double,,draftkings,2025-11-29T14:54:37Z,2025-11-29T14:56:03Z,,
Neemias Queta,Boston Celtics @ Minnesota Timberwolves,2025-11-29T22:10:00Z,player_double_double,,draftkings,2025-11-29T14:54:37Z,2025-11-29T14:56:03Z,,
Anthony Edwards,Boston Celtics @ Minnesota Timberwolves,2025-11-29T22:10:00Z,player_double_double,,draftkings,2025-11-29T14:54:37Z,2025-11-29T14:56:03Z,,
Naz Reid,Boston Celtics @ Minnesota Timberwolves,2025-11-29T22:10:00Z,player_double_double,,draftkings,2025-11-29T14:54:37Z,2025-11-29T14:56:03Z,,
Jaylen Brown,Boston Celtics @ Minnesota Timberwolves,2025-11-29T22:10:00Z,player_double_double,,draftkings,2025-11-29T14:54:37Z,2025-11-29T14:56:03Z,,
Payton Pritchard,Boston Celtics @ Minnesota Timberwolves,2025-11-29T22:10:00Z,player_double_double,,draftkings,2025-11-29T14:54:37Z,2025-11-29T14:56:03Z,,
Derrick White,Boston Celtics @ Minnesota Timberwolves,2025-11-29T22:10:00Z,player_double_double,,draftkings,2025-11-29T14:54:37Z,2025-11-29T14:56:03Z,,
Jaden McDaniels,Boston Celtics @ Minnesota Timberwolves,2025-11-29T22:10:00Z,player_double_double,,draftkings,2025-11-29T14:54:37Z,2025-11-29T14:56:03Z,,
Donte DiVincenzo,Boston Celtics @ Minnesota Timberwolves,2025-11-29T22:10:00Z,player_double_double,,draftkings,2025-11-29T14:54:37Z,2025-11-29T14:56:03Z,,
Jordan Walsh,Boston Celtics @ Minnesota Timberwolves,2025-11-29T22:10:00Z,player_double_double,,draftkings,2025-11-29T14:54:37Z,2025-11-29T14:56:03Z,,
Anthony Edwards,Boston Celtics @ Minnesota Timberwolves,2025-11-29T22:10:00Z,player_points,28.5,draftkings,2025-11-29T14:54:37Z,2025-11-29T14:56:03Z,-114.0,-111.0
Jaylen Brown,Boston Celtics @ Minnesota Timberwolves,2025-11-29T22:10:00Z,player_points,27.5,draftkings,2025-11-29T14:54:37Z,2025-11-29T14:56:03Z,-120.0,-106.0
Julius Randle,Boston Celtics @ Minnesota Timberwolves,2025-11-29T22:10:00Z,player_points,21.5,draftkings,2025-11-29T14:54:37Z,2025-11-29T14:56:03Z,-108.0,-118.0
Derrick White,Boston Celtics @ Minnesota Timberwolves,2025-11-29T22:10:00Z,player_points,17.5,draftkings,2025-11-29T14:54:37Z,2025-11-29T14:56:03Z,-117.0,-109.0
Payton Pritchard,Boston Celtics @ Minnesota Timberwolves,2025-11-29T22:10:00Z,player_points,17.5,draftkings,2025-11-29T14:54:37Z,2025-11-29T14:56:03Z,-108.0,-118.0
Jaden McDaniels,Boston Celtics @ Minnesota Timberwolves,2025-11-29T22:10:00Z,player_points,14.5,draftkings,2025-11-29T14:54:37Z,2025-11-29T14:56:03Z,100.0,-127.0
Anfernee Simons,Boston Celtics @ Minnesota Timberwolves,2025-11-29T22:10:00Z,player_points,13.5,draftkings,2025-11-29T14:54:37Z,2025-11-29T14:56:03Z,-110.0,-116.0
Naz Reid,Boston Celtics @ Minnesota Timberwolves,2025-11-29T22:10:00Z,player_points,13.5,draftkings,2025-11-29T14:54:37Z,2025-11-29T14:56:03Z,100.0,-128.0
Donte DiVincenzo,Boston Celtics @ Minnesota Timberwolves,2025-11-29T22:10:00Z,player_points,12.5,draftkings,2025-11-29T14:54:37Z,2025-11-29T14:56:03Z,-110.0,-116.0
Rudy Gobert,Boston Celtics @ Minnesota Timberwolves,2025-11-29T22:10:00Z,player_points,10.5,draftkings,2025-11-29T14:54:37Z,2025-11-29T14:56:03Z,-104.0,-123.0
Neemias Queta,Boston Celtics @ Minnesota Timberwolves,2025-11-29T22:10:00Z,player_points,8.5,draftkings,2025-11-29T14:54:37Z,2025-11-29T14:56:03Z,-118.0,-108.0
Jordan Walsh,Boston Celtics @ Minnesota Timberwolves,2025-11-29T22:10:00Z,player_points,5.5,draftkings,2025-11-29T14:54:37Z,2025-11-29T14:56:03Z,-116.0,-110.0
Anthony Edwards,Boston Celtics @ Minnesota Timberwolves,2025-11-29T22:10:00Z,player_points_rebounds_assists,39.5,draftkings,2025-11-29T14:54:37Z,2025-11-29T14:56:03Z,-107.0,-123.0
Jaylen Brown,Boston Celtics @ Minnesota Timberwolves,2025-11-29T22:10:00Z,player_points_rebounds_assists,38.5,draftkings,2025-11-29T14:54:37Z,2025-11-29T14:56:03Z,-110.0,-120.0
Julius Randle,Boston Celtics @ Minnesota Timberwolves,2025-11-29T22:10:00Z,player_points_rebounds_assists,33.5,draftkings,2025-11-29T14:54:37Z,2025-11-29T14:56:03Z,-119.0,-110.0
Derrick White,Boston Celtics @ Minnesota Timberwolves,2025-11-29T22:10:00Z,player_points_rebounds_assists,26.5,draftkings,2025-11-29T14:54:37Z,2025-11-29T14:56:03Z,-123.0,-107.0
Payton Pritchard,Boston Celtics @ Minnesota Timberwolves,2025-11-29T22:10:00Z,player_points_rebounds_assists,26.5,draftkings,2025-11-29T14:54:37Z,2025-11-29T14:56:03Z,-114.0,-115.0
Jaden McDaniels,Boston Celtics @ Minnesota Timberwolves,2025-11-29T22:10:00Z,player_points_rebounds_assists,21.5,draftkings,2025-11-29T14:54:37Z,2025-11-29T14:56:03Z,-116.0,-113.0
Donte DiVincenzo,Boston Celtics @ Minnesota Timberwolves,2025-11-29T22:10:00Z,player_points_rebounds_assists,20.5,draftkings,2025-11-29T14:54:37Z,2025-11-29T14:56:03Z,-112.0,-117.0
Rudy Gobert,Boston Celtics @ Minnesota Timberwolves,2025-11-29T22:10:00Z,player_rebounds,11.5,draftkings,2025-11-29T14:54:37Z,2025-11-29T14:56:03Z,-101.0,-130.0
Neemias Queta,Boston Celtics @ Minnesota Timberwolves,2025-11-29T22:10:00Z,player_rebounds,7.5,draftkings,2025-11-29T14:54:37Z,2025-11-29T14:56:03Z,-126.0,-104.0
Julius Randle,Boston Celtics @ Minnesota Timberwolves,2025-11-29T22:10:00Z,player_rebounds,7.5,draftkings,2025-11-29T14:54:37Z,2025-11-29T14:56:03Z,109.0,-144.0
Naz Reid,Boston Celtics @ Minnesota Timberwolves,2025-11-29T22:10:00Z,player_rebounds,6.5,draftkings,2025-11-29T14:54:37Z,2025-11-29T14:56:03Z,113.0,-149.0
Anthony Edwards,Boston Celtics @ Minnesota Timberwolves,2025-11-29T22:10:00Z,player_rebounds,5.5,draftkings,2025-11-29T14:54:37Z,2025-11-29T14:56:03Z,-121.0,-108.0
Jaylen Brown,Boston Celtics @ Minnesota Timberwolves,2025-11-29T22:10:00Z,player_rebounds,5.5,draftkings,2025-11-29T14:54:37Z,2025-11-29T14:56:03Z,-119.0,-111.0
Jordan Walsh,Boston Celtics @ Minnesota Timberwolves,2025-11-29T22:10:00Z,player_rebounds,4.5,draftkings,2025-11-29T14:54:37Z,2025-11-29T14:56:03Z,-158.0,120.0
Jaden McDaniels,Boston Celtics @ Minnesota Timberwolves,2025-11-29T22:10:00Z,player_rebounds,4.5,draftkings,2025-11-29T14:54:37Z,2025-11-29T14:56:03Z,-137.0,104.0
Donte DiVincenzo,Boston Celtics @ Minnesota Timberwolves,2025-11-29T22:10:00Z,player_rebounds,4.5,draftkings,2025-11-29T14:54:37Z,2025-11-29T14:56:03Z,113.0,-150.0
Payton Pritchard,Boston Celtics @ Minnesota Timberwolves,2025-11-29T22:10:00Z,player_rebounds,4.5,draftkings,2025-11-29T14:54:37Z,2025-11-29T14:56:03Z,117.0,-154.0
Derrick White,Boston Celtics @ Minnesota Timberwolves,2025-11-29T22:10:00Z,player_rebounds,4.5,draftkings,2025-11-29T14:54:37Z,2025-11-29T14:56:03Z,125.0,-165.0
Anthony Edwards,Boston Celtics @ Minnesota Timberwolves,2025-11-29T22:10:00Z,player_threes,3.5,draftkings,2025-11-29T14:54:37Z,2025-11-29T14:56:03Z,108.0,-143.0
Payton Pritchard,Boston Celtics @ Minnesota Timberwolves,2025-11-29T22:10:00Z,player_threes,3.5,draftkings,2025-11-29T14:54:37Z,2025-11-29T14:56:03Z,129.0,-171.0
Donte DiVincenzo,Boston Celtics @ Minnesota Timberwolves,2025-11-29T22:10:00Z,player_threes,2.5,draftkings,2025-11-29T14:54:37Z,2025-11-29T14:56:03Z,-172.0,130.0
Derrick White,Boston Celtics @ Minnesota Timberwolves,2025-11-29T22:10:00Z,player_threes,2.5,draftkings,2025-11-29T14:54:37Z,2025-11-29T14:56:03Z,-158.0,120.0
Anfernee Simons,Boston Celtics @ Minnesota Timberwolves,2025-11-29T22:10:00Z,player_threes,2.5,draftkings,2025-11-29T14:54:37Z,2025-11-29T14:56:03Z,117.0,-154.0
Naz Reid,Boston Celtics @ Minnesota Timberwolves,2025-11-29T22:10:00Z,player_threes,1.5,draftkings,2025-11-29T14:54:37Z,2025-11-29T14:56:03Z,-177.0,134.0
Jaylen Brown,Boston Celtics @ Minnesota Timberwolves,2025-11-29T22:10:00Z,player_threes,1.5,draftkings,2025-11-29T14:54:37Z,2025-11-29T14:56:03Z,-153.0,116.0
Julius Randle,Boston Celtics @ Minnesota Timberwolves,2025-11-29T22:10:00Z,player_threes,1.5,draftkings,2025-11-29T14:54:37Z,2025-11-29T14:56:03Z,-140.0,107.0
Jaden McDaniels,Boston Celtics @ Minnesota Timberwolves,2025-11-29T22:10:00Z,player_threes,1.5,draftkings,2025-11-29T14:54:37Z,2025-11-29T14:56:03Z,107.0,-141.0
Julius Randle,Boston Celtics @ Minnesota Timberwolves,2025-11-29T22:10:00Z,player_triple_double,,draftkings,2025-11-29T14:54:37Z,2025-11-29T14:56:03Z,,
Naz Reid,Boston Celtics @ Minnesota Timberwolves,2025-11-29T22:10:00Z,player_assists,1.5,betmgm,2025-11-29T14:54:38Z,2025-11-29T14:56:19Z,-160.0,120.0
Neemias Queta,Boston Celtics @ Minnesota Timberwolves,2025-11-29T22:10:00Z,player_assists,1.5,betmgm,2025-11-29T14:54:38Z,2025-11-29T14:56:19Z,-150.0,110.0
Anthony Edwards,Boston Celtics @ Minnesota Timberwolves,2025-11-29T22:10:00Z,player_assists,4.5,betmgm,2025-11-29T14:54:38Z,2025-11-29T14:56:19Z,115.0,-155.0
Derrick White,Boston Celtics @ Minnesota Timberwolves,2025-11-29T22:10:00Z,player_assists,4.5,betmgm,2025-11-29T14:54:38Z,2025-11-29T14:56:19Z,-150.0,110.0
Donte DiVincenzo,Boston Celtics @ Minnesota Timberwolves,2025-11-29T22:10:00Z,player_assists,3.5,betmgm,2025-11-29T14:54:38Z,2025-11-29T14:56:19Z,-118.0,-110.0
Jaden McDaniels,Boston Celtics @ Minnesota Timberwolves,2025-11-29T22:10:00Z,player_assists,2.5,betmgm,2025-11-29T14:54:38Z,2025-11-29T14:56:19Z,-105.0,-130.0
Jaylen Brown,Boston Celtics @ Minnesota Timberwolves,2025-11-29T22:10:00Z,player_assists,4.5,betmgm,2025-11-29T14:54:38Z,2025-11-29T14:56:19Z,110.0,-145.0
Mike Conley,Boston Celtics @ Minnesota Timberwolves,2025-11-29T22:10:00Z,player_assists,2.5,betmgm,2025-11-29T14:54:38Z,2025-11-29T14:56:19Z,-140.0,105.0
Jordan Walsh,Boston Celtics @ Minnesota Timberwolves,2025-11-29T22:10:00Z,player_assists,1.5,betmgm,2025-11-29T14:54:38Z,2025-11-29T14:56:19Z,130.0,-175.0
Julius Randle,Boston Celtics @ Minnesota Timberwolves,2025-11-29T22:10:00Z,player_assists,5.5,betmgm,2025-11-29T14:54:38Z,2025-11-29T14:56:19Z,115.0,-155.0
Anfernee Simons,Boston Celtics @ Minnesota Timberwolves,2025-11-29T22:10:00Z,player_assists,2.5,betmgm,2025-11-29T14:54:38Z,2025-11-29T14:56:19Z,-165.0,125.0
Payton Pritchard,Boston Celtics @ Minnesota Timberwolves,2025-11-29T22:10:00Z,player_assists,4.5,betmgm,2025-11-29T14:54:38Z,2025-11-29T14:56:19Z,-130.0,100.0
Rudy Gobert,Boston Celtics @ Minnesota Timberwolves,2025-11-29T22:10:00Z,player_assists,1.5,betmgm,2025-11-29T14:54:38Z,2025-11-29T14:56:19Z,100.0,-130.0
Anthony Edwards,Boston Celtics @ Minnesota Timberwolves,2025-11-29T22:10:00Z,player_blocks,0.5,betmgm,2025-11-29T14:54:38Z,2025-11-29T14:56:19Z,115.0,-160.0
Derrick White,Boston Celtics @ Minnesota Timberwolves,2025-11-29T22:10:00Z,player_blocks,0.5,betmgm,2025-11-29T14:54:38Z,2025-11-29T14:56:19Z,-250.0,175.0
Donte DiVincenzo,Boston Celtics @ Minnesota Timberwolves,2025-11-29T22:10:00Z,player_blocks,0.5,betmgm,2025-11-29T14:54:38Z,2025-11-29T14:56:19Z,200.0,-295.0
Jaden McDaniels,Boston Celtics @ Minnesota Timberwolves,2025-11-29T22:10:00Z,player_blocks,0.5,betmgm,2025-11-29T14:54:38Z,2025-11-29T14:56:19Z,-130.0,-105.0
Jaylen Brown,Boston Celtics @ Minnesota Timberwolves,2025-11-29T22:10:00Z,player_blocks,0.5,betmgm,2025-11-29T14:54:38Z,2025-11-29T14:56:19Z,200.0,-295.0
Jordan Walsh,Boston Celtics @ Minnesota Timberwolves,2025-11-29T22:10:00Z,player_blocks,0.5,betmgm,2025-11-29T14:54:38Z,2025-11-29T14:56:19Z,140.0,-200.0
Julius Randle,Boston Celtics @ Minnesota Timberwolves,2025-11-29T22:10:00Z,player_blocks,0.5,betmgm,2025-11-29T14:54:38Z,2025-11-29T14:56:19Z,300.0,-500.0
Payton Pritchard,Boston Celtics @ Minnesota Timberwolves,2025-11-29T22:10:00Z,player_blocks,0.5,betmgm,2025-11-29T14:54:38Z,2025-11-29T14:56:19Z,525.0,-1100.0
Rudy Gobert,Boston Celtics @ Minnesota Timberwolves,2025-11-29T22:10:00Z,player_blocks,1.5,betmgm,2025-11-29T14:54:38Z,2025-11-29T14:56:19Z,-110.0,-130.0
Neemias Queta,Boston Celtics @ Minnesota Timberwolves,2025-11-29T22:10:00Z,player_blocks,1.5,betmgm,2025-11-29T14:54:38Z,2025-11-29T14:56:19Z,175.0,-250.0
Neemias Queta,Boston Celtics @ Minnesota Timberwolves,2025-11-29T22:10:00Z,player_double_double,,betmgm,2025-11-29T14:54:38Z,2025-11-29T14:56:19Z,,
Anthony Edwards,Boston Celtics @ Minnesota Timberwolves,2025-11-29T22:10:00Z,player_double_double,,betmgm,2025-11-29T14:54:38Z,2025-11-29T14:56:19Z,,
Derrick White,Boston Celtics @ Minnesota Timberwolves,2025-11-29T22:10:00Z,player_double_double,,betmgm,2025-11-29T14:54:38Z,2025-11-29T14:56:19Z,,
Donte DiVincenzo,Boston Celtics @ Minnesota Timberwolves,2025-11-29T22:10:00Z,player_double_double,,betmgm,2025-11-29T14:54:38Z,2025-11-29T14:56:19Z,,
Jaden McDaniels,Boston Celtics @ Minnesota Timberwolves,2025-11-29T22:10:00Z,player_double_double,,betmgm,2025-11-29T14:54:38Z,2025-11-29T14:56:19Z,,
Jaylen Brown,Boston Celtics @ Minnesota Timberwolves,2025-11-29T22:10:00Z,player_double_double,,betmgm,2025-11-29T14:54:38Z,2025-11-29T14:56:19Z,,
Jordan Walsh,Boston Celtics @ Minnesota Timberwolves,2025-11-29T22:10:00Z,player_double_double,,betmgm,2025-11-29T14:54:38Z,2025-11-29T14:56:19Z,,
Julius Randle,Boston Celtics @ Minnesota Timberwolves,2025-11-29T22:10:00Z,player_double_double,,betmgm,2025-11-29T14:54:38Z,2025-11-29T14:56:19Z,,
Payton Pritchard,Boston Celtics @ Minnesota Timberwolves,2025-11-29T22:10:00Z,player_double_double,,betmgm,2025-11-29T14:54:38Z,2025-11-29T14:56:19Z,,
Rudy Gobert,Boston Celtics @ Minnesota Timberwolves,2025-11-29T22:10:00Z,player_double_double,,betmgm,2025-11-29T14:54:38Z,2025-11-29T14:56:19Z,,
Naz Reid,Boston Celtics @ Minnesota Timberwolves,2025-11-29T22:10:00Z,player_points,12.5,betmgm,2025-11-29T14:54:38Z,2025-11-29T14:56:19Z,-130.0,100.0
Neemias Queta,Boston Celtics @ Minnesota Timberwolves,2025-11-29T22:10:00Z,player_points,9.5,betmgm,2025-11-29T14:54:38Z,2025-11-29T14:56:19Z,-105.0,-130.0
Anthony Edwards,Boston Celtics @ Minnesota Timberwolves,2025-11-29T22:10:00Z,player_points,28.5,betmgm,2025-11-29T14:54:38Z,2025-11-29T14:56:19Z,-115.0,-118.0
Derrick White,Boston Celtics @ Minnesota Timberwolves,2025-11-29T22:10:00Z,player_points,18.5,betmgm,2025-11-29T14:54:38Z,2025-11-29T14:56:19Z,-115.0,-115.0
Donte DiVincenzo,Boston Celtics @ Minnesota Timberwolves,2025-11-29T22:10:00Z,player_points,11.5,betmgm,2025-11-29T14:54:38Z,2025-11-29T14:56:19Z,-130.0,-105.0
Jaden McDaniels,Boston Celtics @ Minnesota Timberwolves,2025-11-29T22:10:00Z,player_points,13.5,betmgm,2025-11-29T14:54:38Z,2025-11-29T14:56:19Z,-125.0,-105.0
Jaylen Brown,Boston Celtics @ Minnesota Timberwolves,2025-11-29T22:10:00Z,player_points,28.5,betmgm,2025-11-29T14:54:38Z,2025-11-29T14:56:19Z,-115.0,-115.0
Mike Conley,Boston Celtics @ Minnesota Timberwolves,2025-11-29T22:10:00Z,player_points,4.5,betmgm,2025-11-29T14:54:38Z,2025-11-29T14:56:19Z,110.0,-145.0
Jordan Walsh,Boston Celtics @ Minnesota Timberwolves,2025-11-29T22:10:00Z,player_points,5.5,betmgm,2025-11-29T14:54:38Z,2025-11-29T14:56:19Z,-130.0,-105.0
Julius Randle,Boston Celtics @ Minnesota Timberwolves,2025-11-29T22:10:00Z,player_points,20.5,betmgm,2025-11-29T14:54:38Z,2025-11-29T14:56:19Z,-125.0,-105.0
Rudy Gobert,Boston Celtics @ Minnesota Timberwolves,2025-11-29T22:10:00Z,player_points,10.5,betmgm,2025-11-29T14:54:38Z,2025-11-29T14:56:19Z,-115.0,-115.0
Payton Pritchard,Boston Celtics @ Minnesota Timberwolves,2025-11-29T22:10:00Z,player_points,17.5,betmgm,2025-11-29T14:54:38Z,2025-11-29T14:56:19Z,-125.0,-105.0
Anfernee Simons,Boston Celtics @ Minnesota Timberwolves,2025-11-29T22:10:00Z,player_points,13.5,betmgm,2025-11-29T14:54:38Z,2025-11-29T14:56:19Z,-110.0,-120.0
Neemias Queta,Boston Celtics @ Minnesota Timberwolves,2025-11-29T22:10:00Z,player_points_rebounds_assists,19.5,betmgm,2025-11-29T14:54:38Z,2025-11-29T14:56:19Z,-110.0,-120.0
Anthony Edwards,Boston Celtics @ Minnesota Timberwolves,2025-11-29T22:10:00Z,player_points_rebounds_assists,38.5,betmgm,2025-11-29T14:54:38Z,2025-11-29T14:56:19Z,-118.0,-115.0
Derrick White,Boston Celtics @ Minnesota Timberwolves,2025-11-29T22:10:00Z,player_points_rebounds_assists,27.5,betmgm,2025-11-29T14:54:38Z,2025-11-29T14:56:19Z,-118.0,-110.0
Donte DiVincenzo,Boston Celtics @ Minnesota Timberwolves,2025-11-29T22:10:00Z,player_points_rebounds_assists,19.5,betmgm,2025-11-29T14:54:38Z,2025-11-29T14:56:19Z,-140.0,105.0
Jaden McDaniels,Boston Celtics @ Minnesota Timberwolves,2025-11-29T22:10:00Z,player_points_rebounds_assists,21.5,betmgm,2025-11-29T14:54:38Z,2025-11-29T14:56:19Z,-115.0,-115.0
Jordan Walsh,Boston Celtics @ Minnesota Timberwolves,2025-11-29T22:10:00Z,player_points_rebounds_assists,12.5,betmgm,2025-11-29T14:54:38Z,2025-11-29T14:56:19Z,-105.0,-130.0
Julius Randle,Boston Celtics @ Minnesota Timberwolves,2025-11-29T22:10:00Z,player_points_rebounds_assists,33.5,betmgm,2025-11-29T14:54:38Z,2025-11-29T14:56:19Z,-118.0,-110.0
Anfernee Simons,Boston Celtics @ Minnesota Timberwolves,2025-11-29T22:10:00Z,player_points_rebounds_assists,18.5,betmgm,2025-11-29T14:54:38Z,2025-11-29T14:56:19Z,-120.0,-110.0
Payton Pritchard,Boston Celtics @ Minnesota Timberwolves,2025-11-29T22:10:00Z,player_points_rebounds_assists,27.5,betmgm,2025-11-29T14:54:38Z,2025-11-29T14:56:19Z,-105.0,-125.0
Rudy Gobert,Boston Celtics @ Minnesota Timberwolves,2025-11-29T22:10:00Z,player_points_rebounds_assists,23.5,betmgm,2025-11-29T14:54:38Z,2025-11-29T14:56:19Z,-118.0,-110.0
Jaylen Brown,Boston Celtics @ Minnesota Timberwolves,2025-11-29T22:10:00Z,player_points_rebounds_assists,38.5,betmgm,2025-11-29T14:54:38Z,2025-11-29T14:56:19Z,-125.0,-105.0
Naz Reid,Boston Celtics @ Minnesota Timberwolves,2025-11-29T22:10:00Z,player_points_rebounds_assists,21.5,betmgm,2025-11-29T14:54:38Z,2025-11-29T14:56:19Z,-105.0,-130.0
Mike Conley,Boston Celtics @ Minnesota Timberwolves,2025-11-29T22:10:00Z,player_points_rebounds_assists,9.5,betmgm,2025-11-29T14:54:38Z,2025-11-29T14:56:19Z,100.0,-135.0
Naz Reid,Boston Celtics @ Minnesota Timberwolves,2025-11-29T22:10:00Z,player_rebounds,5.5,betmgm,2025-11-29T14:54:38Z,2025-11-29T14:56:19Z,-140.0,105.0
Neemias Queta,Boston Celtics @ Minnesota Timberwolves,2025-11-29T22:10:00Z,player_rebounds,7.5,betmgm,2025-11-29T14:54:38Z,2025-11-29T14:56:19Z,-140.0,105.0
Anthony Edwards,Boston Celtics @ Minnesota Timberwolves,2025-11-29T22:10:00Z,player_rebounds,5.5,betmgm,2025-11-29T14:54:38Z,2025-11-29T14:56:19Z,-118.0,-110.0
Derrick White,Boston Celtics @ Minnesota Timberwolves,2025-11-29T22:10:00Z,player_rebounds,3.5,betmgm,2025-11-29T14:54:38Z,2025-11-29T14:56:19Z,-160.0,120.0
Donte DiVincenzo,Boston Celtics @ Minnesota Timberwolves,2025-11-29T22:10:00Z,player_rebounds,4.5,betmgm,2025-11-29T14:54:38Z,2025-11-29T14:56:19Z,120.0,-160.0
Jaden McDaniels,Boston Celtics @ Minnesota Timberwolves,2025-11-29T22:10:00Z,player_rebounds,4.5,betmgm,2025-11-29T14:54:38Z,2025-11-29T14:56:19Z,-135.0,100.0
Jaylen Brown,Boston Celtics @ Minnesota Timberwolves,2025-11-29T22:10:00Z,player_rebounds,5.5,betmgm,2025-11-29T14:54:38Z,2025-11-29T14:56:19Z,-135.0,100.0
Mike Conley,Boston Celtics @ Minnesota Timberwolves,2025-11-29T22:10:00Z,player_rebounds,1.5,betmgm,2025-11-29T14:54:38Z,2025-11-29T14:56:19Z,-125.0,-105.0
Jordan Walsh,Boston Celtics @ Minnesota Timberwolves,2025-11-29T22:10:00Z,player_rebounds,4.5,betmgm,2025-11-29T14:54:38Z,2025-11-29T14:56:19Z,-135.0,100.0
Julius Randle,Boston Celtics @ Minnesota Timberwolves,2025-11-29T22:10:00Z,player_rebounds,7.5,betmgm,2025-11-29T14:54:38Z,2025-11-29T14:56:19Z,100.0,-135.0
Anfernee Simons,Boston Celtics @ Minnesota Timberwolves,2025-11-29T22:10:00Z,player_rebounds,2.5,betmgm,2025-11-29T14:54:38Z,2025-11-29T14:56:19Z,130.0,-165.0
Payton Pritchard,Boston Celtics @ Minnesota Timberwolves,2025-11-29T22:10:00Z,player_rebounds,4.5,betmgm,2025-11-29T14:54:38Z,2025-11-29T14:56:19Z,110.0,-150.0
Rudy Gobert,Boston Celtics @ Minnesota Timberwolves,2025-11-29T22:10:00Z,player_rebounds,11.5,betmgm,2025-11-29T14:54:38Z,2025-11-29T14:56:19Z,-110.0,-120.0
Anthony Edwards,Boston Celtics @ Minnesota Timberwolves,2025-11-29T22:10:00Z,player_threes,3.5,betmgm,2025-11-29T14:54:38Z,2025-11-29T14:56:19Z,110.0,-150.0
Derrick White,Boston Celtics @ Minnesota Timberwolves,2025-11-29T22:10:00Z,player_threes,3.5,betmgm,2025-11-29T14:54:38Z,2025-11-29T14:56:19Z,135.0,-185.0
Donte DiVincenzo,Boston Celtics @ Minnesota Timberwolves,2025-11-29T22:10:00Z,player_threes,2.5,betmgm,2025-11-29T14:54:38Z,2025-11-29T14:56:19Z,-145.0,105.0
Jaden McDaniels,Boston Celtics @ Minnesota Timberwolves,2025-11-29T22:10:00Z,player_threes,1.5,betmgm,2025-11-29T14:54:38Z,2025-11-29T14:56:19Z,125.0,-165.0
Jaylen Brown,Boston Celtics @ Minnesota Timberwolves,2025-11-29T22:10:00Z,player_threes,1.5,betmgm,2025-11-29T14:54:38Z,2025-11-29T14:56:19Z,-150.0,115.0
Mike Conley,Boston Celtics @ Minnesota Timberwolves,2025-11-29T22:10:00Z,player_threes,0.5,betmgm,2025-11-29T14:54:38Z,2025-11-29T14:56:19Z,-200.0,150.0
Jordan Walsh,Boston Celtics @ Minnesota Timberwolves,2025-11-29T22:10:00Z,player_threes,0.5,betmgm,2025-11-29T14:54:38Z,2025-11-29T14:56:19Z,-130.0,100.0
Julius Randle,Boston Celtics @ Minnesota Timberwolves,2025-11-29T22:10:00Z,player_threes,1.5,betmgm,2025-11-29T14:54:38Z,2025-11-29T14:56:19Z,-140.0,105.0
Anfernee Simons,Boston Celtics @ Minnesota Timberwolves,2025-11-29T22:10:00Z,player_threes,2.5,betmgm,2025-11-29T14:54:38Z,2025-11-29T14:56:19Z,120.0,-160.0
Payton Pritchard,Boston Celtics @ Minnesota Timberwolves,2025-11-29T22:10:00Z,player_threes,3.5,betmgm,2025-11-29T14:54:38Z,2025-11-29T14:56:19Z,120.0,-160.0
Naz Reid,Boston Celtics @ Minnesota Timberwolves,2025-11-29T22:10:00Z,player_threes,2.5,betmgm,2025-11-29T14:54:38Z,2025-11-29T14:56:19Z,145.0,-200.0
Julius Randle,Boston Celtics @ Minnesota Timberwolves,2025-11-29T22:10:00Z,player_triple_double,,betmgm,2025-11-29T14:54:38Z,2025-11-29T14:56:19Z,,
Anthony Edwards,Boston Celtics @ Minnesota Timberwolves,2025-11-29T22:10:00Z,player_assists,3.5,bovada,2025-11-29T14:55:30Z,2025-11-29T14:56:08Z,120.0,-160.0
Derrick White,Boston Celtics @ Minnesota Timberwolves,2025-11-29T22:10:00Z,player_assists,4.5,bovada,2025-11-29T14:55:30Z,2025-11-29T14:56:08Z,130.0,-170.0
Donte DiVincenzo,Boston Celtics @ Minnesota Timberwolves,2025-11-29T22:10:00Z,player_assists,2.5,bovada,2025-11-29T14:55:30Z,2025-11-29T14:56:08Z,190.0,-260.0
Jaylen Brown,Boston Celtics @ Minnesota Timberwolves,2025-11-29T22:10:00Z,player_assists,3.5,bovada,2025-11-29T14:55:30Z,2025-11-29T14:56:08Z,200.0,-275.0
Julius Randle,Boston Celtics @ Minnesota Timberwolves,2025-11-29T22:10:00Z,player_assists,4.5,bovada,2025-11-29T14:55:30Z,2025-11-29T14:56:08Z,125.0,-165.0
Payton Pritchard,Boston Celtics @ Minnesota Timberwolves,2025-11-29T22:10:00Z,player_assists,3.5,bovada,2025-11-29T14:55:30Z,2025-11-29T14:56:08Z,-130.0,100.0
Rudy Gobert,Boston Celtics @ Minnesota Timberwolves,2025-11-29T22:10:00Z,player_double_double,,bovada,2025-11-29T14:55:30Z,2025-11-29T14:56:08Z,,
Julius Randle,Boston Celtics @ Minnesota Timberwolves,2025-11-29T22:10:00Z,player_double_double,,bovada,2025-11-29T14:55:30Z,2025-11-29T14:56:08Z,,
Neemias Queta,Boston Celtics @ Minnesota Timberwolves,2025-11-29T22:10:00Z,player_double_double,,bovada,2025-11-29T14:55:30Z,2025-11-29T14:56:08Z,,
Jaylen Brown,Boston Celtics @ Minnesota Timberwolves,2025-11-29T22:10:00Z,player_double_double,,bovada,2025-11-29T14:55:30Z,2025-11-29T14:56:08Z,,
Naz Reid,Boston Celtics @ Minnesota Timberwolves,2025-11-29T22:10:00Z,player_double_double,,bovada,2025-11-29T14:55:30Z,2025-11-29T14:56:08Z,,
Anthony Edwards,Boston Celtics @ Minnesota Timberwolves,2025-11-29T22:10:00Z,player_double_double,,bovada,2025-11-29T14:55:30Z,2025-11-29T14:56:08Z,,
Derrick White,Boston Celtics @ Minnesota Timberwolves,2025-11-29T22:10:00Z,player_double_double,,bovada,2025-11-29T14:55:30Z,2025-11-29T14:56:08Z,,
Payton Pritchard,Boston Celtics @ Minnesota Timberwolves,2025-11-29T22:10:00Z,player_double_double,,bovada,2025-11-29T14:55:30Z,2025-11-29T14:56:08Z,,
Jaden McDaniels,Boston Celtics @ Minnesota Timberwolves,2025-11-29T22:10:00Z,player_double_double,,bovada,2025-11-29T14:55:30Z,2025-11-29T14:56:08Z,,
Jordan Walsh,Boston Celtics @ Minnesota Timberwolves,2025-11-29T22:10:00Z,player_double_double,,bovada,2025-11-29T14:55:30Z,2025-11-29T14:56:08Z,,
Donte DiVincenzo,Boston Celtics @ Minnesota Timberwolves,2025-11-29T22:10:00Z,player_double_double,,bovada,2025-11-29T14:55:30Z,2025-11-29T14:56:08Z,,
Anfernee Simons,Boston Celtics @ Minnesota Timberwolves,2025-11-29T22:10:00Z,player_points,10.5,bovada,2025-11-29T14:55:30Z,2025-11-29T14:56:08Z,210.0,-290.0
Anthony Edwards,Boston Celtics @ Minnesota Timberwolves,2025-11-29T22:10:00Z,player_points,23.5,bovada,2025-11-29T14:55:30Z,2025-11-29T14:56:08Z,190.0,-260.0
Derrick White,Boston Celtics @ Minnesota Timberwolves,2025-11-29T22:10:00Z,player_points,18.5,bovada,2025-11-29T14:55:30Z,2025-11-29T14:56:08Z,-115.0,-115.0
Donte DiVincenzo,Boston Celtics @ Minnesota Timberwolves,2025-11-29T22:10:00Z,player_points,9.5,bovada,2025-11-29T14:55:30Z,2025-11-29T14:56:08Z,175.0,-240.0
Jaden McDaniels,Boston Celtics @ Minnesota Timberwolves,2025-11-29T22:10:00Z,player_points,11.5,bovada,2025-11-29T14:55:30Z,2025-11-29T14:56:08Z,215.0,-300.0
Jaylen Brown,Boston Celtics @ Minnesota Timberwolves,2025-11-29T22:10:00Z,player_points,23.5,bovada,2025-11-29T14:55:30Z,2025-11-29T14:56:08Z,190.0,-260.0
Julius Randle,Boston Celtics @ Minnesota Timberwolves,2025-11-29T22:10:00Z,player_points,17.5,bovada,2025-11-29T14:55:30Z,2025-11-29T14:56:08Z,180.0,-245.0
Naz Reid,Boston Celtics @ Minnesota Timberwolves,2025-11-29T22:10:00Z,player_points,10.5,bovada,2025-11-29T14:55:30Z,2025-11-29T14:56:08Z,190.0,-260.0
Neemias Queta,Boston Celtics @ Minnesota Timberwolves,2025-11-29T22:10:00Z,player_points,7.5,bovada,2025-11-29T14:55:30Z,2025-11-29T14:56:08Z,170.0,-230.0
Payton Pritchard,Boston Celtics @ Minnesota Timberwolves,2025-11-29T22:10:00Z,player_points,14.5,bovada,2025-11-29T14:55:30Z,2025-11-29T14:56:08Z,190.0,-260.0
Rudy Gobert,Boston Celtics @ Minnesota Timberwolves,2025-11-29T22:10:00Z,player_points,7.5,bovada,2025-11-29T14:55:30Z,2025-11-29T14:56:08Z,165.0,-220.0
Anfernee Simons,Boston Celtics @ Minnesota Timberwolves,2025-11-29T22:10:00Z,player_points_rebounds_assists,16.5,bovada,2025-11-29T14:55:30Z,2025-11-29T14:56:08Z,135.0,-180.0
Anthony Edwards,Boston Celtics @ Minnesota Timberwolves,2025-11-29T22:10:00Z,player_points_rebounds_assists,35.5,bovada,2025-11-29T14:55:30Z,2025-11-29T14:56:08Z,105.0,-135.0
Derrick White,Boston Celtics @ Minnesota Timberwolves,2025-11-29T22:10:00Z,player_points_rebounds_assists,25.5,bovada,2025-11-29T14:55:30Z,2025-11-29T14:56:08Z,125.0,-165.0
Donte DiVincenzo,Boston Celtics @ Minnesota Timberwolves,2025-11-29T22:10:00Z,player_points_rebounds_assists,17.5,bovada,2025-11-29T14:55:30Z,2025-11-29T14:56:08Z,120.0,-160.0
Jaden McDaniels,Boston Celtics @ Minnesota Timberwolves,2025-11-29T22:10:00Z,player_points_rebounds_assists,19.5,bovada,2025-11-29T14:55:30Z,2025-11-29T14:56:08Z,130.0,-170.0
Jaylen Brown,Boston Celtics @ Minnesota Timberwolves,2025-11-29T22:10:00Z,player_points_rebounds_assists,36.5,bovada,2025-11-29T14:55:30Z,2025-11-29T14:56:08Z,110.0,-145.0
Julius Randle,Boston Celtics @ Minnesota Timberwolves,2025-11-29T22:10:00Z,player_points_rebounds_assists,31.5,bovada,2025-11-29T14:55:30Z,2025-11-29T14:56:08Z,120.0,-160.0
Naz Reid,Boston Celtics @ Minnesota Timberwolves,2025-11-29T22:10:00Z,player_points_rebounds_assists,18.5,bovada,2025-11-29T14:55:30Z,2025-11-29T14:56:08Z,115.0,-150.0
Neemias Queta,Boston Celtics @ Minnesota Timberwolves,2025-11-29T22:10:00Z,player_points_rebounds_assists,16.5,bovada,2025-11-29T14:55:30Z,2025-11-29T14:56:08Z,120.0,-160.0
Payton Pritchard,Boston Celtics @ Minnesota Timberwolves,2025-11-29T22:10:00Z,player_points_rebounds_assists,24.5,bovada,2025-11-29T14:55:30Z,2025-11-29T14:56:08Z,110.0,-145.0
Rudy Gobert,Boston Celtics @ Minnesota Timberwolves,2025-11-29T22:10:00Z,player_points_rebounds_assists,21.5,bovada,2025-11-29T14:55:30Z,2025-11-29T14:56:08Z,125.0,-165.0
Anthony Edwards,Boston Celtics @ Minnesota Timberwolves,2025-11-29T22:10:00Z,player_rebounds,4.5,bovada,2025-11-29T14:55:30Z,2025-11-29T14:56:08Z,155.0,-210.0
Jaylen Brown,Boston Celtics @ Minnesota Timberwolves,2025-11-29T22:10:00Z,player_rebounds,5.5,bovada,2025-11-29T14:55:30Z,2025-11-29T14:56:08Z,-125.0,-105.0
Julius Randle,Boston Celtics @ Minnesota Timberwolves,2025-11-29T22:10:00Z,player_rebounds,6.5,bovada,2025-11-29T14:55:30Z,2025-11-29T14:56:08Z,175.0,-240.0
Naz Reid,Boston Celtics @ Minnesota Timberwolves,2025-11-29T22:10:00Z,player_rebounds,4.5,bovada,2025-11-29T14:55:30Z,2025-11-29T14:56:08Z,130.0,-170.0
Neemias Queta,Boston Celtics @ Minnesota Timberwolves,2025-11-29T22:10:00Z,player_rebounds,6.5,bovada,2025-11-29T14:55:30Z,2025-11-29T14:56:08Z,200.0,-275.0
Rudy Gobert,Boston Celtics @ Minnesota Timberwolves,2025-11-29T22:10:00Z,player_rebounds,9.5,bovada,2025-11-29T14:55:30Z,2025-11-29T14:56:08Z,210.0,-290.0
Anfernee Simons,Boston Celtics @ Minnesota Timberwolves,2025-11-29T22:10:00Z,player_threes,1.5,bovada,2025-11-29T14:55:30Z,2025-11-29T14:56:08Z,130.0,-170.0
Anthony Edwards,Boston Celtics @ Minnesota Timberwolves,2025-11-29T22:10:00Z,player_threes,2.5,bovada,2025-11-29T14:55:30Z,2025-11-29T14:56:08Z,115.0,-150.0
Derrick White,Boston Celtics @ Minnesota Timberwolves,2025-11-29T22:10:00Z,player_threes,2.5,bovada,2025-11-29T14:55:30Z,2025-11-29T14:56:08Z,140.0,-185.0
Donte DiVincenzo,Boston Celtics @ Minnesota Timberwolves,2025-11-29T22:10:00Z,player_threes,2.5,bovada,2025-11-29T14:55:30Z,2025-11-29T14:56:08Z,170.0,-230.0
Jaden McDaniels,Boston Celtics @ Minnesota Timberwolves,2025-11-29T22:10:00Z,player_threes,1.5,bovada,2025-11-29T14:55:30Z,2025-11-29T14:56:08Z,130.0,-170.0
Jaylen Brown,Boston Celtics @ Minnesota Timberwolves,2025-11-29T22:10:00Z,player_threes,1.5,bovada,2025-11-29T14:55:30Z,2025-11-29T14:56:08Z,190.0,-260.0
Julius Randle,Boston Celtics @ Minnesota Timberwolves,2025-11-29T22:10:00Z,player_threes,1.5,bovada,2025-11-29T14:55:30Z,2025-11-29T14:56:08Z,-135.0,105.0
Naz Reid,Boston Celtics @ Minnesota Timberwolves,2025-11-29T22:10:00Z,player_threes,1.5,bovada,2025-11-29T14:55:30Z,2025-11-29T14:56:08Z,155.0,-210.0
Payton Pritchard,Boston Celtics @ Minnesota Timberwolves,2025-11-29T22:10:00Z,player_threes,2.5,bovada,2025-11-29T14:55:30Z,2025-11-29T14:56:08Z,125.0,-165.0
Julius Randle,Boston Celtics @ Minnesota Timberwolves,2025-11-29T22:10:00Z,player_triple_double,,bovada,2025-11-29T14:55:30Z,2025-11-29T14:56:08Z,,
Payton Pritchard,Boston Celtics @ Minnesota Timberwolves,2025-11-29T22:10:00Z,player_assists,4.5,betrivers,2025-11-29T14:54:40Z,2025-11-29T14:55:43Z,-136.0,102.0
Mike Conley,Boston Celtics @ Minnesota Timberwolves,2025-11-29T22:10:00Z,player_assists,2.5,betrivers,2025-11-29T14:54:40Z,2025-11-29T14:55:43Z,-115.0,-115.0
Donte DiVincenzo,Boston Celtics @ Minnesota Timberwolves,2025-11-29T22:10:00Z,player_assists,3.5,betrivers,2025-11-29T14:54:40Z,2025-11-29T14:55:43Z,-106.0,-125.0
Derrick White,Boston Celtics @ Minnesota Timberwolves,2025-11-29T22:10:00Z,player_assists,5.5,betrivers,2025-11-29T14:54:40Z,2025-11-29T14:55:43Z,120.0,-159.0
Jaylen Brown,Boston Celtics @ Minnesota Timberwolves,2025-11-29T22:10:00Z,player_assists,4.5,betrivers,2025-11-29T14:54:40Z,2025-11-29T14:55:43Z,114.0,-152.0
Anfernee Simons,Boston Celtics @ Minnesota Timberwolves,2025-11-29T22:10:00Z,player_assists,3.5,betrivers,2025-11-29T14:54:40Z,2025-11-29T14:55:43Z,128.0,-175.0
Julius Randle,Boston Celtics @ Minnesota Timberwolves,2025-11-29T22:10:00Z,player_assists,5.5,betrivers,2025-11-29T14:54:40Z,2025-11-29T14:55:43Z,116.0,-155.0
Anthony Edwards,Boston Celtics @ Minnesota Timberwolves,2025-11-29T22:10:00Z,player_assists,4.5,betrivers,2025-11-29T14:54:40Z,2025-11-29T14:55:43Z,112.0,-148.0
Jaden McDaniels,Boston Celtics @ Minnesota Timberwolves,2025-11-29T22:10:00Z,player_assists,2.5,betrivers,2025-11-29T14:54:40Z,2025-11-29T14:55:43Z,-103.0,-132.0
Anthony Edwards,Boston Celtics @ Minnesota Timberwolves,2025-11-29T22:10:00Z,player_points,28.5,betrivers,2025-11-29T14:54:40Z,2025-11-29T14:55:43Z,-114.0,-117.0
Donte DiVincenzo,Boston Celtics @ Minnesota Timberwolves,2025-11-29T22:10:00Z,player_points,11.5,betrivers,2025-11-29T14:54:40Z,2025-11-29T14:55:43Z,-122.0,-109.0
Julius Randle,Boston Celtics @ Minnesota Timberwolves,2025-11-29T22:10:00Z,player_points,20.5,betrivers,2025-11-29T14:54:40Z,2025-11-29T14:55:43Z,-118.0,-113.0
Anfernee Simons,Boston Celtics @ Minnesota Timberwolves,2025-11-29T22:10:00Z,player_points,13.5,betrivers,2025-11-29T14:54:40Z,2025-11-29T14:55:43Z,-109.0,-122.0
Jordan Walsh,Boston Celtics @ Minnesota Timberwolves,2025-11-29T22:10:00Z,player_points,5.5,betrivers,2025-11-29T14:54:40Z,2025-11-29T14:55:43Z,-121.0,-110.0
Jaylen Brown,Boston Celtics @ Minnesota Timberwolves,2025-11-29T22:10:00Z,player_points,28.5,betrivers,2025-11-29T14:54:40Z,2025-11-29T14:55:43Z,-115.0,-115.0
Jaden McDaniels,Boston Celtics @ Minnesota Timberwolves,2025-11-29T22:10:00Z,player_points,14.5,betrivers,2025-11-29T14:54:40Z,2025-11-29T14:55:43Z,-108.0,-122.0
Rudy Gobert,Boston Celtics @ Minnesota Timberwolves,2025-11-29T22:10:00Z,player_points,9.5,betrivers,2025-11-29T14:54:40Z,2025-11-29T14:55:43Z,-129.0,-104.0
Mike Conley,Boston Celtics @ Minnesota Timberwolves,2025-11-29T22:10:00Z,player_points,3.5,betrivers,2025-11-29T14:54:40Z,2025-11-29T14:55:43Z,-125.0,-107.0
Neemias Queta,Boston Celtics @ Minnesota Timberwolves,2025-11-29T22:10:00Z,player_points,9.5,betrivers,2025-11-29T14:54:40Z,2025-11-29T14:55:43Z,-106.0,-125.0
Naz Reid,Boston Celtics @ Minnesota Timberwolves,2025-11-29T22:10:00Z,player_points,13.5,betrivers,2025-11-29T14:54:40Z,2025-11-29T14:55:43Z,-115.0,-115.0
Derrick White,Boston Celtics @ Minnesota Timberwolves,2025-11-29T22:10:00Z,player_points,18.5,betrivers,2025-11-29T14:54:40Z,2025-11-29T14:55:43Z,-117.0,-114.0
Payton Pritchard,Boston Celtics @ Minnesota Timberwolves,2025-11-29T22:10:00Z,player_points,17.5,betrivers,2025-11-29T14:54:40Z,2025-11-29T14:55:43Z,-125.0,-107.0
Jaylen Brown,Boston Celtics @ Minnesota Timberwolves,2025-11-29T22:10:00Z,player_points_rebounds_assists,39.5,betrivers,2025-11-29T14:54:40Z,2025-11-29T14:55:43Z,-115.0,-115.0
Julius Randle,Boston Celtics @ Minnesota Timberwolves,2025-11-29T22:10:00Z,player_points_rebounds_assists,33.5,betrivers,2025-11-29T14:54:40Z,2025-11-29T14:55:43Z,-115.0,-115.0
Anthony Edwards,Boston Celtics @ Minnesota Timberwolves,2025-11-29T22:10:00Z,player_points_rebounds_assists,38.5,betrivers,2025-11-29T14:54:40Z,2025-11-29T14:55:43Z,-122.0,-108.0
Jaden McDaniels,Boston Celtics @ Minnesota Timberwolves,2025-11-29T22:10:00Z,player_points_rebounds_assists,21.5,betrivers,2025-11-29T14:54:40Z,2025-11-29T14:55:43Z,-125.0,-107.0
Donte DiVincenzo,Boston Celtics @ Minnesota Timberwolves,2025-11-29T22:10:00Z,player_points_rebounds_assists,19.5,betrivers,2025-11-29T14:54:40Z,2025-11-29T14:55:43Z,-124.0,-108.0
Derrick White,Boston Celtics @ Minnesota Timberwolves,2025-11-29T22:10:00Z,player_points_rebounds_assists,28.5,betrivers,2025-11-29T14:54:40Z,2025-11-29T14:55:43Z,-114.0,-117.0
Payton Pritchard,Boston Celtics @ Minnesota Timberwolves,2025-11-29T22:10:00Z,player_points_rebounds_assists,27.5,betrivers,2025-11-29T14:54:40Z,2025-11-29T14:55:43Z,-118.0,-113.0
Anthony Edwards,Boston Celtics @ Minnesota Timberwolves,2025-11-29T22:10:00Z,player_rebounds,5.5,betrivers,2025-11-29T14:54:40Z,2025-11-29T14:55:43Z,-112.0,-120.0
Rudy Gobert,Boston Celtics @ Minnesota Timberwolves,2025-11-29T22:10:00Z,player_rebounds,11.5,betrivers,2025-11-29T14:54:40Z,2025-11-29T14:55:43Z,104.0,-137.0
Jaden McDaniels,Boston Celtics @ Minnesota Timberwolves,2025-11-29T22:10:00Z,player_rebounds,4.5,betrivers,2025-11-29T14:54:40Z,2025-11-29T14:55:43Z,-127.0,-105.0
Julius Randle,Boston Celtics @ Minnesota Timberwolves,2025-11-29T22:10:00Z,player_rebounds,6.5,betrivers,2025-11-29T14:54:40Z,2025-11-29T14:55:43Z,-148.0,110.0
Neemias Queta,Boston Celtics @ Minnesota Timberwolves,2025-11-29T22:10:00Z,player_rebounds,7.5,betrivers,2025-11-29T14:54:40Z,2025-11-29T14:55:43Z,-134.0,100.0
Jaylen Brown,Boston Celtics @ Minnesota Timberwolves,2025-11-29T22:10:00Z,player_rebounds,5.5,betrivers,2025-11-29T14:54:40Z,2025-11-29T14:55:43Z,-150.0,114.0
Payton Pritchard,Boston Celtics @ Minnesota Timberwolves,2025-11-29T22:10:00Z,player_rebounds,4.5,betrivers,2025-11-29T14:54:40Z,2025-11-29T14:55:43Z,114.0,-152.0
Naz Reid,Boston Celtics @ Minnesota Timberwolves,2025-11-29T22:10:00Z,player_rebounds,5.5,betrivers,2025-11-29T14:54:40Z,2025-11-29T14:55:43Z,-148.0,110.0
Jordan Walsh,Boston Celtics @ Minnesota Timberwolves,2025-11-29T22:10:00Z,player_rebounds,5.5,betrivers,2025-11-29T14:54:40Z,2025-11-29T14:55:43Z,112.0,-148.0
Donte DiVincenzo,Boston Celtics @ Minnesota Timberwolves,2025-11-29T22:10:00Z,player_rebounds,4.5,betrivers,2025-11-29T14:54:40Z,2025-11-29T14:55:43Z,117.0,-157.0
Derrick White,Boston Celtics @ Minnesota Timberwolves,2025-11-29T22:10:00Z,player_rebounds,4.5,betrivers,2025-11-29T14:54:40Z,2025-11-29T14:55:43Z,120.0,-159.0
Anfernee Simons,Boston Celtics @ Minnesota Timberwolves,2025-11-29T22:10:00Z,player_threes,2.5,betrivers,2025-11-29T14:54:40Z,2025-11-29T14:55:43Z,104.0,-137.0
Naz Reid,Boston Celtics @ Minnesota Timberwolves,2025-11-29T22:10:00Z,player_threes,1.5,betrivers,2025-11-29T14:54:40Z,2025-11-29T14:55:43Z,-177.0,132.0
Payton Pritchard,Boston Celtics @ Minnesota Timberwolves,2025-11-29T22:10:00Z,player_threes,3.5,betrivers,2025-11-29T14:54:40Z,2025-11-29T14:55:43Z,118.0,-159.0
Julius Randle,Boston Celtics @ Minnesota Timberwolves,2025-11-29T22:10:00Z,player_threes,1.5,betrivers,2025-11-29T14:54:40Z,2025-11-29T14:55:43Z,-141.0,106.0
Jaylen Brown,Boston Celtics @ Minnesota Timberwolves,2025-11-29T22:10:00Z,player_threes,1.5,betrivers,2025-11-29T14:54:40Z,2025-11-29T14:55:43Z,-167.0,125.0
Anthony Edwards,Boston Celtics @ Minnesota Timberwolves,2025-11-29T22:10:00Z,player_threes,3.5,betrivers,2025-11-29T14:54:40Z,2025-11-29T14:55:43Z,105.0,-139.0
Jaden McDaniels,Boston Celtics @ Minnesota Timberwolves,2025-11-29T22:10:00Z,player_threes,1.5,betrivers,2025-11-29T14:54:40Z,2025-11-29T14:55:43Z,102.0,-137.0
Donte DiVincenzo,Boston Celtics @ Minnesota Timberwolves,2025-11-29T22:10:00Z,player_threes,2.5,betrivers,2025-11-29T14:54:40Z,2025-11-29T14:55:43Z,-175.0,128.0
Derrick White,Boston Celtics @ Minnesota Timberwolves,2025-11-29T22:10:00Z,player_threes,2.5,betrivers,2025-11-29T14:54:40Z,2025-11-29T14:55:43Z,-177.0,132.0
Miles Bridges,Toronto Raptors @ Charlotte Hornets,2025-11-29T23:10:00Z,player_assists,3.5,fanduel,2025-11-29T14:55:23Z,2025-11-29T14:56:29Z,-138.0,104.0
Scottie Barnes,Toronto Raptors @ Charlotte Hornets,2025-11-29T23:10:00Z,player_assists,5.5,fanduel,2025-11-29T14:55:23Z,2025-11-29T14:56:29Z,-102.0,-130.0
Immanuel Quickley,Toronto Raptors @ Charlotte Hornets,2025-11-29T23:10:00Z,player_assists,6.5,fanduel,2025-11-29T14:55:23Z,2025-11-29T14:56:29Z,-118.0,-112.0
Brandon Ingram,Toronto Raptors @ Charlotte Hornets,2025-11-29T23:10:00Z,player_assists,3.5,fanduel,2025-11-29T14:55:23Z,2025-11-29T14:56:29Z,-158.0,118.0
Jamal Shead,Toronto Raptors @ Charlotte Hornets,2025-11-29T23:10:00Z,player_assists,5.5,fanduel,2025-11-29T14:55:23Z,2025-11-29T14:56:29Z,-114.0,-114.0
Brandon Miller,Toronto Raptors @ Charlotte Hornets,2025-11-29T23:10:00Z,player_assists,3.5,fanduel,2025-11-29T14:55:23Z,2025-11-29T14:56:29Z,108.0,-144.0
Kon Knueppel,Toronto Raptors @ Charlotte Hornets,2025-11-29T23:10:00Z,player_assists,3.5,fanduel,2025-11-29T14:55:23Z,2025-11-29T14:56:29Z,130.0,-174.0
Collin Sexton,Toronto Raptors @ Charlotte Hornets,2025-11-29T23:10:00Z,player_assists,4.5,fanduel,2025-11-29T14:55:23Z,2025-11-29T14:56:29Z,-138.0,104.0
Scottie Barnes,Toronto Raptors @ Charlotte Hornets,2025-11-29T23:10:00Z,player_double_double,,fanduel,2025-11-29T14:55:23Z,2025-11-29T14:56:29Z,,
Jakob Poeltl,Toronto Raptors @ Charlotte Hornets,2025-11-29T23:10:00Z,player_double_double,,fanduel,2025-11-29T14:55:23Z,2025-11-29T14:56:29Z,,
Miles Bridges,Toronto Raptors @ Charlotte Hornets,2025-11-29T23:10:00Z,player_double_double,,fanduel,2025-11-29T14:55:23Z,2025-11-29T14:56:29Z,,
Moussa Diabate,Toronto Raptors @ Charlotte Hornets,2025-11-29T23:10:00Z,player_double_double,,fanduel,2025-11-29T14:55:23Z,2025-11-29T14:56:29Z,,
Immanuel Quickley,Toronto Raptors @ Charlotte Hornets,2025-11-29T23:10:00Z,player_double_double,,fanduel,2025-11-29T14:55:23Z,2025-11-29T14:56:29Z,,
Brandon Ingram,Toronto Raptors @ Charlotte Hornets,2025-11-29T23:10:00Z,player_double_double,,fanduel,2025-11-29T14:55:23Z,2025-11-29T14:56:29Z,,
Ryan Kalkbrenner,Toronto Raptors @ Charlotte Hornets,2025-11-29T23:10:00Z,player_double_double,,fanduel,2025-11-29T14:55:23Z,2025-11-29T14:56:29Z,,
Sandro Mamukelashvili,Toronto Raptors @ Charlotte Hornets,2025-11-29T23:10:00Z,player_double_double,,fanduel,2025-11-29T14:55:23Z,2025-11-29T14:56:29Z,,
Kon Knueppel,Toronto Raptors @ Charlotte Hornets,2025-11-29T23:10:00Z,player_double_double,,fanduel,2025-11-29T14:55:23Z,2025-11-29T14:56:29Z,,
Jamal Shead,Toronto Raptors @ Charlotte Hornets,2025-11-29T23:10:00Z,player_double_double,,fanduel,2025-11-29T14:55:23Z,2025-11-29T14:56:29Z,,
Collin Sexton,Toronto Raptors @ Charlotte Hornets,2025-11-29T23:10:00Z,player_double_double,,fanduel,2025-11-29T14:55:23Z,2025-11-29T14:56:29Z,,
Brandon Miller,Toronto Raptors @ Charlotte Hornets,2025-11-29T23:10:00Z,player_double_double,,fanduel,2025-11-29T14:55:23Z,2025-11-29T14:56:29Z,,
Ryan Kalkbrenner,Toronto Raptors @ Charlotte Hornets,2025-11-29T23:10:00Z,player_points,8.5,fanduel,2025-11-29T14:55:23Z,2025-11-29T14:56:29Z,104.0,-138.0
Kon Knueppel,Toronto Raptors @ Charlotte Hornets,2025-11-29T23:10:00Z,player_points,17.5,fanduel,2025-11-29T14:55:23Z,2025-11-29T14:56:29Z,-110.0,-120.0
Scottie Barnes,Toronto Raptors @ Charlotte Hornets,2025-11-29T23:10:00Z,player_points,19.5,fanduel,2025-11-29T14:55:23Z,2025-11-29T14:56:29Z,-112.0,-118.0
Sandro Mamukelashvili,Toronto Raptors @ Charlotte Hornets,2025-11-29T23:10:00Z,player_points,10.5,fanduel,2025-11-29T14:55:23Z,2025-11-29T14:56:29Z,-114.0,-114.0
Miles Bridges,Toronto Raptors @ Charlotte Hornets,2025-11-29T23:10:00Z,player_points,22.5,fanduel,2025-11-29T14:55:23Z,2025-11-29T14:56:29Z,-118.0,-112.0
Brandon Miller,Toronto Raptors @ Charlotte Hornets,2025-11-29T23:10:00Z,player_points,19.5,fanduel,2025-11-29T14:55:23Z,2025-11-29T14:56:29Z,-120.0,-110.0
Collin Sexton,Toronto Raptors @ Charlotte Hornets,2025-11-29T23:10:00Z,player_points,16.5,fanduel,2025-11-29T14:55:23Z,2025-11-29T14:56:29Z,-122.0,-110.0
Moussa Diabate,Toronto Raptors @ Charlotte Hornets,2025-11-29T23:10:00Z,player_points,7.5,fanduel,2025-11-29T14:55:23Z,2025-11-29T14:56:29Z,-106.0,-125.0
Jakob Poeltl,Toronto Raptors @ Charlotte Hornets,2025-11-29T23:10:00Z,player_points,12.5,fanduel,2025-11-29T14:55:23Z,2025-11-29T14:56:29Z,-104.0,-128.0
Jamal Shead,Toronto Raptors @ Charlotte Hornets,2025-11-29T23:10:00Z,player_points,6.5,fanduel,2025-11-29T14:55:23Z,2025-11-29T14:56:29Z,-128.0,-104.0
Brandon Ingram,Toronto Raptors @ Charlotte Hornets,2025-11-29T23:10:00Z,player_points,24.5,fanduel,2025-11-29T14:55:23Z,2025-11-29T14:56:29Z,-114.0,-114.0
Immanuel Quickley,Toronto Raptors @ Charlotte Hornets,2025-11-29T23:10:00Z,player_points,16.5,fanduel,2025-11-29T14:55:23Z,2025-11-29T14:56:29Z,-128.0,-104.0
Brandon Ingram,Toronto Raptors @ Charlotte Hornets,2025-11-29T23:10:00Z,player_points_rebounds_assists,34.5,fanduel,2025-11-29T14:55:23Z,2025-11-29T14:56:29Z,-120.0,-110.0
Miles Bridges,Toronto Raptors @ Charlotte Hornets,2025-11-29T23:10:00Z,player_points_rebounds_assists,33.5,fanduel,2025-11-29T14:55:23Z,2025-11-29T14:56:29Z,-118.0,-112.0
Brandon Miller,Toronto Raptors @ Charlotte Hornets,2025-11-29T23:10:00Z,player_points_rebounds_assists,27.5,fanduel,2025-11-29T14:55:23Z,2025-11-29T14:56:29Z,-106.0,-125.0
Scottie Barnes,Toronto Raptors @ Charlotte Hornets,2025-11-29T23:10:00Z,player_points_rebounds_assists,33.5,fanduel,2025-11-29T14:55:23Z,2025-11-29T14:56:29Z,-108.0,-122.0
Collin Sexton,Toronto Raptors @ Charlotte Hornets,2025-11-29T23:10:00Z,player_points_rebounds_assists,24.5,fanduel,2025-11-29T14:55:23Z,2025-11-29T14:56:29Z,-114.0,-114.0
Immanuel Quickley,Toronto Raptors @ Charlotte Hornets,2025-11-29T23:10:00Z,player_points_rebounds_assists,28.5,fanduel,2025-11-29T14:55:23Z,2025-11-29T14:56:29Z,-104.0,-128.0
Kon Knueppel,Toronto Raptors @ Charlotte Hornets,2025-11-29T23:10:00Z,player_points_rebounds_assists,25.5,fanduel,2025-11-29T14:55:23Z,2025-11-29T14:56:29Z,-128.0,-104.0
Collin Sexton,Toronto Raptors @ Charlotte Hornets,2025-11-29T23:10:00Z,player_rebounds,2.5,fanduel,2025-11-29T14:55:23Z,2025-11-29T14:56:29Z,-108.0,-122.0
Brandon Miller,Toronto Raptors @ Charlotte Hornets,2025-11-29T23:10:00Z,player_rebounds,3.5,fanduel,2025-11-29T14:55:23Z,2025-11-29T14:56:29Z,-136.0,102.0
Immanuel Quickley,Toronto Raptors @ Charlotte Hornets,2025-11-29T23:10:00Z,player_rebounds,4.5,fanduel,2025-11-29T14:55:23Z,2025-11-29T14:56:29Z,122.0,-162.0
Moussa Diabate,Toronto Raptors @ Charlotte Hornets,2025-11-29T23:10:00Z,player_rebounds,7.5,fanduel,2025-11-29T14:55:23Z,2025-11-29T14:56:29Z,-138.0,104.0
Sandro Mamukelashvili,Toronto Raptors @ Charlotte Hornets,2025-11-29T23:10:00Z,player_rebounds,5.5,fanduel,2025-11-29T14:55:23Z,2025-11-29T14:56:29Z,128.0,-172.0
Kon Knueppel,Toronto Raptors @ Charlotte Hornets,2025-11-29T23:10:00Z,player_rebounds,5.5,fanduel,2025-11-29T14:55:23Z,2025-11-29T14:56:29Z,122.0,-162.0
Brandon Ingram,Toronto Raptors @ Charlotte Hornets,2025-11-29T23:10:00Z,player_rebounds,5.5,fanduel,2025-11-29T14:55:23Z,2025-11-29T14:56:29Z,-154.0,116.0
Scottie Barnes,Toronto Raptors @ Charlotte Hornets,2025-11-29T23:10:00Z,player_rebounds,8.5,fanduel,2025-11-29T14:55:23Z,2025-11-29T14:56:29Z,118.0,-158.0
Jakob Poeltl,Toronto Raptors @ Charlotte Hornets,2025-11-29T23:10:00Z,player_rebounds,9.5,fanduel,2025-11-29T14:55:23Z,2025-11-29T14:56:29Z,116.0,-154.0
Ryan Kalkbrenner,Toronto Raptors @ Charlotte Hornets,2025-11-29T23:10:00Z,player_rebounds,6.5,fanduel,2025-11-29T14:55:23Z,2025-11-29T14:56:29Z,-122.0,-108.0
Miles Bridges,Toronto Raptors @ Charlotte Hornets,2025-11-29T23:10:00Z,player_rebounds,6.5,fanduel,2025-11-29T14:55:23Z,2025-11-29T14:56:29Z,-128.0,-104.0
Scottie Barnes,Toronto Raptors @ Charlotte Hornets,2025-11-29T23:10:00Z,player_threes,1.5,fanduel,2025-11-29T14:55:23Z,2025-11-29T14:56:29Z,178.0,-245.0
Brandon Ingram,Toronto Raptors @ Charlotte Hornets,2025-11-29T23:10:00Z,player_threes,1.5,fanduel,2025-11-29T14:55:23Z,2025-11-29T14:56:29Z,-166.0,124.0
Miles Bridges,Toronto Raptors @ Charlotte Hornets,2025-11-29T23:10:00Z,player_threes,2.5,fanduel,2025-11-29T14:55:23Z,2025-11-29T14:56:29Z,-112.0,-118.0
Immanuel Quickley,Toronto Raptors @ Charlotte Hornets,2025-11-29T23:10:00Z,player_threes,2.5,fanduel,2025-11-29T14:55:23Z,2025-11-29T14:56:29Z,-120.0,-110.0
Collin Sexton,Toronto Raptors @ Charlotte Hornets,2025-11-29T23:10:00Z,player_threes,1.5,fanduel,2025-11-29T14:55:23Z,2025-11-29T14:56:29Z,104.0,-138.0
Kon Knueppel,Toronto Raptors @ Charlotte Hornets,2025-11-29T23:10:00Z,player_threes,3.5,fanduel,2025-11-29T14:55:23Z,2025-11-29T14:56:29Z,114.0,-152.0
Brandon Miller,Toronto Raptors @ Charlotte Hornets,2025-11-29T23:10:00Z,player_threes,2.5,fanduel,2025-11-29T14:55:23Z,2025-11-29T14:56:29Z,-144.0,108.0
Scottie Barnes,Toronto Raptors @ Charlotte Hornets,2025-11-29T23:10:00Z,player_triple_double,,fanduel,2025-11-29T14:55:23Z,2025-11-29T14:56:29Z,,
Jamal Shead,Toronto Raptors @ Charlotte Hornets,2025-11-29T23:10:00Z,player_assists,5.5,fanatics,2025-11-29T14:54:37Z,2025-11-29T14:55:27Z,-115.0,-115.0
Scottie Barnes,Toronto Raptors @ Charlotte Hornets,2025-11-29T23:10:00Z,player_assists,5.5,fanatics,2025-11-29T14:54:37Z,2025-11-29T14:55:27Z,100.0,-130.0
Miles Bridges,Toronto Raptors @ Charlotte Hornets,2025-11-29T23:10:00Z,player_assists,3.5,fanatics,2025-11-29T14:54:37Z,2025-11-29T14:55:27Z,-145.0,110.0
Immanuel Quickley,Toronto Raptors @ Charlotte Hornets,2025-11-29T23:10:00Z,player_assists,6.5,fanatics,2025-11-29T14:54:37Z,2025-11-29T14:55:27Z,100.0,-130.0
Brandon Ingram,Toronto Raptors @ Charlotte Hornets,2025-11-29T23:10:00Z,player_assists,3.5,fanatics,2025-11-29T14:54:37Z,2025-11-29T14:55:27Z,-165.0,120.0
Kon Knueppel,Toronto Raptors @ Charlotte Hornets,2025-11-29T23:10:00Z,player_assists,3.5,fanatics,2025-11-29T14:54:37Z,2025-11-29T14:55:27Z,125.0,-175.0
Collin Sexton,Toronto Raptors @ Charlotte Hornets,2025-11-29T23:10:00Z,player_assists,4.5,fanatics,2025-11-29T14:54:37Z,2025-11-29T14:55:27Z,-140.0,105.0
Brandon Miller,Toronto Raptors @ Charlotte Hornets,2025-11-29T23:10:00Z,player_assists,3.5,fanatics,2025-11-29T14:54:37Z,2025-11-29T14:55:27Z,105.0,-140.0
Jakob Poeltl,Toronto Raptors @ Charlotte Hornets,2025-11-29T23:10:00Z,player_assists,1.5,fanatics,2025-11-29T14:54:37Z,2025-11-29T14:55:27Z,-165.0,120.0
Moussa Diabate,Toronto Raptors @ Charlotte Hornets,2025-11-29T23:10:00Z,player_assists,1.5,fanatics,2025-11-29T14:54:37Z,2025-11-29T14:55:27Z,150.0,-240.0
Sandro Mamukelashvili,Toronto Raptors @ Charlotte Hornets,2025-11-29T23:10:00Z,player_assists,1.5,fanatics,2025-11-29T14:54:37Z,2025-11-29T14:55:27Z,-115.0,-115.0
Ryan Kalkbrenner,Toronto Raptors @ Charlotte Hornets,2025-11-29T23:10:00Z,player_assists,0.5,fanatics,2025-11-29T14:54:37Z,2025-11-29T14:55:27Z,-120.0,-110.0
Miles Bridges,Toronto Raptors @ Charlotte Hornets,2025-11-29T23:10:00Z,player_double_double,,fanatics,2025-11-29T14:54:37Z,2025-11-29T14:55:27Z,,
Kon Knueppel,Toronto Raptors @ Charlotte Hornets,2025-11-29T23:10:00Z,player_double_double,,fanatics,2025-11-29T14:54:37Z,2025-11-29T14:55:27Z,,
Collin Sexton,Toronto Raptors @ Charlotte Hornets,2025-11-29T23:10:00Z,player_double_double,,fanatics,2025-11-29T14:54:37Z,2025-11-29T14:55:27Z,,
Ryan Kalkbrenner,Toronto Raptors @ Charlotte Hornets,2025-11-29T23:10:00Z,player_double_double,,fanatics,2025-11-29T14:54:37Z,2025-11-29T14:55:27Z,,
Moussa Diabate,Toronto Raptors @ Charlotte Hornets,2025-11-29T23:10:00Z,player_double_double,,fanatics,2025-11-29T14:54:37Z,2025-11-29T14:55:27Z,,
Brandon Ingram,Toronto Raptors @ Charlotte Hornets,2025-11-29T23:10:00Z,player_double_double,,fanatics,2025-11-29T14:54:37Z,2025-11-29T14:55:27Z,,
Scottie Barnes,Toronto Raptors @ Charlotte Hornets,2025-11-29T23:10:00Z,player_double_double,,fanatics,2025-11-29T14:54:37Z,2025-11-29T14:55:27Z,,
Immanuel Quickley,Toronto Raptors @ Charlotte Hornets,2025-11-29T23:10:00Z,player_double_double,,fanatics,2025-11-29T14:54:37Z,2025-11-29T14:55:27Z,,
Jakob Poeltl,Toronto Raptors @ Charlotte Hornets,2025-11-29T23:10:00Z,player_double_double,,fanatics,2025-11-29T14:54:37Z,2025-11-29T14:55:27Z,,
Jamal Shead,Toronto Raptors @ Charlotte Hornets,2025-11-29T23:10:00Z,player_double_double,,fanatics,2025-11-29T14:54:37Z,2025-11-29T14:55:27Z,,
Sandro Mamukelashvili,Toronto Raptors @ Charlotte Hornets,2025-11-29T23:10:00Z,player_double_double,,fanatics,2025-11-29T14:54:37Z,2025-11-29T14:55:27Z,,
Brandon Miller,Toronto Raptors @ Charlotte Hornets,2025-11-29T23:10:00Z,player_double_double,,fanatics,2025-11-29T14:54:37Z,2025-11-29T14:55:27Z,,
Jakob Poeltl,Toronto Raptors @ Charlotte Hornets,2025-11-29T23:10:00Z,player_points,11.5,fanatics,2025-11-29T14:54:37Z,2025-11-29T14:55:27Z,-135.0,105.0
Brandon Ingram,Toronto Raptors @ Charlotte Hornets,2025-11-29T23:10:00Z,player_points,24.5,fanatics,2025-11-29T14:54:37Z,2025-11-29T14:55:27Z,-120.0,-110.0
Collin Sexton,Toronto Raptors @ Charlotte Hornets,2025-11-29T23:10:00Z,player_points,16.5,fanatics,2025-11-29T14:54:37Z,2025-11-29T14:55:27Z,-125.0,-105.0
Ryan Kalkbrenner,Toronto Raptors @ Charlotte Hornets,2025-11-29T23:10:00Z,player_points,7.5,fanatics,2025-11-29T14:54:37Z,2025-11-29T14:55:27Z,-140.0,105.0
Jamal Shead,Toronto Raptors @ Charlotte Hornets,2025-11-29T23:10:00Z,player_points,6.5,fanatics,2025-11-29T14:54:37Z,2025-11-29T14:55:27Z,-125.0,-105.0
Scottie Barnes,Toronto Raptors @ Charlotte Hornets,2025-11-29T23:10:00Z,player_points,19.5,fanatics,2025-11-29T14:54:37Z,2025-11-29T14:55:27Z,-110.0,-120.0
Immanuel Quickley,Toronto Raptors @ Charlotte Hornets,2025-11-29T23:10:00Z,player_points,16.5,fanatics,2025-11-29T14:54:37Z,2025-11-29T14:55:27Z,-125.0,-105.0
Kon Knueppel,Toronto Raptors @ Charlotte Hornets,2025-11-29T23:10:00Z,player_points,17.5,fanatics,2025-11-29T14:54:37Z,2025-11-29T14:55:27Z,-115.0,-115.0
Moussa Diabate,Toronto Raptors @ Charlotte Hornets,2025-11-29T23:10:00Z,player_points,7.5,fanatics,2025-11-29T14:54:37Z,2025-11-29T14:55:27Z,100.0,-130.0
Miles Bridges,Toronto Raptors @ Charlotte Hornets,2025-11-29T23:10:00Z,player_points,22.5,fanatics,2025-11-29T14:54:37Z,2025-11-29T14:55:27Z,-125.0,-105.0
Sandro Mamukelashvili,Toronto Raptors @ Charlotte Hornets,2025-11-29T23:10:00Z,player_points,10.5,fanatics,2025-11-29T14:54:37Z,2025-11-29T14:55:27Z,-115.0,-115.0
Brandon Miller,Toronto Raptors @ Charlotte Hornets,2025-11-29T23:10:00Z,player_points,19.5,fanatics,2025-11-29T14:54:37Z,2025-11-29T14:55:27Z,-125.0,-105.0
Jamal Shead,Toronto Raptors @ Charlotte Hornets,2025-11-29T23:10:00Z,player_points_rebounds_assists,14.5,fanatics,2025-11-29T14:54:37Z,2025-11-29T14:55:27Z,-105.0,-125.0
Jakob Poeltl,Toronto Raptors @ Charlotte Hornets,2025-11-29T23:10:00Z,player_points_rebounds_assists,23.5,fanatics,2025-11-29T14:54:37Z,2025-11-29T14:55:27Z,-105.0,-125.0
Immanuel Quickley,Toronto Raptors @ Charlotte Hornets,2025-11-29T23:10:00Z,player_points_rebounds_assists,27.5,fanatics,2025-11-29T14:54:37Z,2025-11-29T14:55:27Z,-115.0,-115.0
Kon Knueppel,Toronto Raptors @ Charlotte Hornets,2025-11-29T23:10:00Z,player_points_rebounds_assists,25.5,fanatics,2025-11-29T14:54:37Z,2025-11-29T14:55:27Z,-125.0,-105.0
Brandon Ingram,Toronto Raptors @ Charlotte Hornets,2025-11-29T23:10:00Z,player_points_rebounds_assists,34.5,fanatics,2025-11-29T14:54:37Z,2025-11-29T14:55:27Z,-125.0,-105.0
Scottie Barnes,Toronto Raptors @ Charlotte Hornets,2025-11-29T23:10:00Z,player_points_rebounds_assists,33.5,fanatics,2025-11-29T14:54:37Z,2025-11-29T14:55:27Z,-105.0,-125.0
Brandon Miller,Toronto Raptors @ Charlotte Hornets,2025-11-29T23:10:00Z,player_points_rebounds_assists,27.5,fanatics,2025-11-29T14:54:37Z,2025-11-29T14:55:27Z,-105.0,-125.0
Collin Sexton,Toronto Raptors @ Charlotte Hornets,2025-11-29T23:10:00Z,player_points_rebounds_assists,24.5,fanatics,2025-11-29T14:54:37Z,2025-11-29T14:55:27Z,-115.0,-115.0
Ryan Kalkbrenner,Toronto Raptors @ Charlotte Hornets,2025-11-29T23:10:00Z,player_points_rebounds_assists,15.5,fanatics,2025-11-29T14:54:37Z,2025-11-29T14:55:27Z,-115.0,-115.0
Moussa Diabate,Toronto Raptors @ Charlotte Hornets,2025-11-29T23:10:00Z,player_points_rebounds_assists,16.5,fanatics,2025-11-29T14:54:37Z,2025-11-29T14:55:27Z,-115.0,-115.0
Sandro Mamukelashvili,Toronto Raptors @ Charlotte Hornets,2025-11-29T23:10:00Z,player_points_rebounds_assists,17.5,fanatics,2025-11-29T14:54:37Z,2025-11-29T14:55:27Z,-115.0,-115.0
Miles Bridges,Toronto Raptors @ Charlotte Hornets,2025-11-29T23:10:00Z,player_points_rebounds_assists,33.5,fanatics,2025-11-29T14:54:37Z,2025-11-29T14:55:27Z,-120.0,-110.0
Jamal Shead,Toronto Raptors @ Charlotte Hornets,2025-11-29T23:10:00Z,player_rebounds,1.5,fanatics,2025-11-29T14:54:37Z,2025-11-29T14:55:27Z,-140.0,105.0
Collin Sexton,Toronto Raptors @ Charlotte Hornets,2025-11-29T23:10:00Z,player_rebounds,2.5,fanatics,2025-11-29T14:54:37Z,2025-11-29T14:55:27Z,-115.0,-115.0
Scottie Barnes,Toronto Raptors @ Charlotte Hornets,2025-11-29T23:10:00Z,player_rebounds,7.5,fanatics,2025-11-29T14:54:37Z,2025-11-29T14:55:27Z,-150.0,115.0
Brandon Ingram,Toronto Raptors @ Charlotte Hornets,2025-11-29T23:10:00Z,player_rebounds,5.5,fanatics,2025-11-29T14:54:37Z,2025-11-29T14:55:27Z,-150.0,115.0
Moussa Diabate,Toronto Raptors @ Charlotte Hornets,2025-11-29T23:10:00Z,player_rebounds,7.5,fanatics,2025-11-29T14:54:37Z,2025-11-29T14:55:27Z,-125.0,-105.0
Jakob Poeltl,Toronto Raptors @ Charlotte Hornets,2025-11-29T23:10:00Z,player_rebounds,9.5,fanatics,2025-11-29T14:54:37Z,2025-11-29T14:55:27Z,100.0,-130.0
Ryan Kalkbrenner,Toronto Raptors @ Charlotte Hornets,2025-11-29T23:10:00Z,player_rebounds,6.5,fanatics,2025-11-29T14:54:37Z,2025-11-29T14:55:27Z,-125.0,-105.0
Immanuel Quickley,Toronto Raptors @ Charlotte Hornets,2025-11-29T23:10:00Z,player_rebounds,4.5,fanatics,2025-11-29T14:54:37Z,2025-11-29T14:55:27Z,120.0,-165.0
Miles Bridges,Toronto Raptors @ Charlotte Hornets,2025-11-29T23:10:00Z,player_rebounds,6.5,fanatics,2025-11-29T14:54:37Z,2025-11-29T14:55:27Z,-125.0,-105.0
Kon Knueppel,Toronto Raptors @ Charlotte Hornets,2025-11-29T23:10:00Z,player_rebounds,5.5,fanatics,2025-11-29T14:54:37Z,2025-11-29T14:55:27Z,115.0,-150.0
Sandro Mamukelashvili,Toronto Raptors @ Charlotte Hornets,2025-11-29T23:10:00Z,player_rebounds,5.5,fanatics,2025-11-29T14:54:37Z,2025-11-29T14:55:27Z,120.0,-165.0
Brandon Miller,Toronto Raptors @ Charlotte Hornets,2025-11-29T23:10:00Z,player_rebounds,3.5,fanatics,2025-11-29T14:54:37Z,2025-11-29T14:55:27Z,-120.0,-110.0
Scottie Barnes,Toronto Raptors @ Charlotte Hornets,2025-11-29T23:10:00Z,player_threes,1.5,fanatics,2025-11-29T14:54:37Z,2025-11-29T14:55:27Z,150.0,-240.0
Miles Bridges,Toronto Raptors @ Charlotte Hornets,2025-11-29T23:10:00Z,player_threes,2.5,fanatics,2025-11-29T14:54:37Z,2025-11-29T14:55:27Z,-120.0,-110.0
Immanuel Quickley,Toronto Raptors @ Charlotte Hornets,2025-11-29T23:10:00Z,player_threes,2.5,fanatics,2025-11-29T14:54:37Z,2025-11-29T14:55:27Z,-115.0,-115.0
Brandon Ingram,Toronto Raptors @ Charlotte Hornets,2025-11-29T23:10:00Z,player_threes,1.5,fanatics,2025-11-29T14:54:37Z,2025-11-29T14:55:27Z,-165.0,120.0
Kon Knueppel,Toronto Raptors @ Charlotte Hornets,2025-11-29T23:10:00Z,player_threes,3.5,fanatics,2025-11-29T14:54:37Z,2025-11-29T14:55:27Z,115.0,-150.0
Collin Sexton,Toronto Raptors @ Charlotte Hornets,2025-11-29T23:10:00Z,player_threes,1.5,fanatics,2025-11-29T14:54:37Z,2025-11-29T14:55:27Z,100.0,-130.0
Jamal Shead,Toronto Raptors @ Charlotte Hornets,2025-11-29T23:10:00Z,player_threes,0.5,fanatics,2025-11-29T14:54:37Z,2025-11-29T14:55:27Z,-225.0,140.0
Sandro Mamukelashvili,Toronto Raptors @ Charlotte Hornets,2025-11-29T23:10:00Z,player_threes,1.5,fanatics,2025-11-29T14:54:37Z,2025-11-29T14:55:27Z,150.0,-240.0
Brandon Miller,Toronto Raptors @ Charlotte Hornets,2025-11-29T23:10:00Z,player_threes,2.5,fanatics,2025-11-29T14:54:37Z,2025-11-29T14:55:27Z,-145.0,110.0
Scottie Barnes,Toronto Raptors @ Charlotte Hornets,2025-11-29T23:10:00Z,player_triple_double,,fanatics,2025-11-29T14:54:37Z,2025-11-29T14:55:27Z,,
Miles Bridges,Toronto Raptors @ Charlotte Hornets,2025-11-29T23:10:00Z,player_assists,3.5,betonlineag,2025-11-29T14:54:41Z,2025-11-29T14:55:19Z,-145.0,111.0
Jakob Poeltl,Toronto Raptors @ Charlotte Hornets,2025-11-29T23:10:00Z,player_assists,2.5,betonlineag,2025-11-29T14:54:41Z,2025-11-29T14:55:19Z,171.0,-227.0
Brandon Miller,Toronto Raptors @ Charlotte Hornets,2025-11-29T23:10:00Z,player_assists,3.5,betonlineag,2025-11-29T14:54:41Z,2025-11-29T14:55:19Z,113.0,-147.0
Scottie Barnes,Toronto Raptors @ Charlotte Hornets,2025-11-29T23:10:00Z,player_assists,5.5,betonlineag,2025-11-29T14:54:41Z,2025-11-29T14:55:19Z,-101.0,-128.0
Immanuel Quickley,Toronto Raptors @ Charlotte Hornets,2025-11-29T23:10:00Z,player_assists,6.5,betonlineag,2025-11-29T14:54:41Z,2025-11-29T14:55:19Z,-102.0,-127.0
Jamal Shead,Toronto Raptors @ Charlotte Hornets,2025-11-29T23:10:00Z,player_assists,5.5,betonlineag,2025-11-29T14:54:41Z,2025-11-29T14:55:19Z,-114.0,-114.0
Kon Knueppel,Toronto Raptors @ Charlotte Hornets,2025-11-29T23:10:00Z,player_assists,3.5,betonlineag,2025-11-29T14:54:41Z,2025-11-29T14:55:19Z,132.0,-172.0
Collin Sexton,Toronto Raptors @ Charlotte Hornets,2025-11-29T23:10:00Z,player_assists,4.5,betonlineag,2025-11-29T14:54:41Z,2025-11-29T14:55:19Z,-141.0,108.0
Brandon Ingram,Toronto Raptors @ Charlotte Hornets,2025-11-29T23:10:00Z,player_assists,4.5,betonlineag,2025-11-29T14:54:41Z,2025-11-29T14:55:19Z,118.0,-154.0
Jakob Poeltl,Toronto Raptors @ Charlotte Hornets,2025-11-29T23:10:00Z,player_points,12.5,betonlineag,2025-11-29T14:54:41Z,2025-11-29T14:55:19Z,-101.0,-128.0
Brandon Miller,Toronto Raptors @ Charlotte Hornets,2025-11-29T23:10:00Z,player_points,19.5,betonlineag,2025-11-29T14:54:41Z,2025-11-29T14:55:19Z,-118.0,-110.0
Scottie Barnes,Toronto Raptors @ Charlotte Hornets,2025-11-29T23:10:00Z,player_points,19.5,betonlineag,2025-11-29T14:54:41Z,2025-11-29T14:55:19Z,-109.0,-119.0
Jamal Shead,Toronto Raptors @ Charlotte Hornets,2025-11-29T23:10:00Z,player_points,6.5,betonlineag,2025-11-29T14:54:41Z,2025-11-29T14:55:19Z,-125.0,-103.0
Brandon Ingram,Toronto Raptors @ Charlotte Hornets,2025-11-29T23:10:00Z,player_points,24.5,betonlineag,2025-11-29T14:54:41Z,2025-11-29T14:55:19Z,-115.0,-112.0
Moussa Diabate,Toronto Raptors @ Charlotte Hornets,2025-11-29T23:10:00Z,player_points,7.5,betonlineag,2025-11-29T14:54:41Z,2025-11-29T14:55:19Z,-102.0,-127.0
Kon Knueppel,Toronto Raptors @ Charlotte Hornets,2025-11-29T23:10:00Z,player_points,17.5,betonlineag,2025-11-29T14:54:41Z,2025-11-29T14:55:19Z,-112.0,-115.0
Ryan Kalkbrenner,Toronto Raptors @ Charlotte Hornets,2025-11-29T23:10:00Z,player_points,8.5,betonlineag,2025-11-29T14:54:41Z,2025-11-29T14:55:19Z,103.0,-133.0
Collin Sexton,Toronto Raptors @ Charlotte Hornets,2025-11-29T23:10:00Z,player_points,16.5,betonlineag,2025-11-29T14:54:41Z,2025-11-29T14:55:19Z,-119.0,-109.0
Sandro Mamukelashvili,Toronto Raptors @ Charlotte Hornets,2025-11-29T23:10:00Z,player_points,10.5,betonlineag,2025-11-29T14:54:41Z,2025-11-29T14:55:19Z,-114.0,-114.0
Miles Bridges,Toronto Raptors @ Charlotte Hornets,2025-11-29T23:10:00Z,player_points,22.5,betonlineag,2025-11-29T14:54:41Z,2025-11-29T14:55:19Z,-123.0,-105.0
Immanuel Quickley,Toronto Raptors @ Charlotte Hornets,2025-11-29T23:10:00Z,player_points,17.5,betonlineag,2025-11-29T14:54:41Z,2025-11-29T14:55:19Z,-105.0,-123.0
Scottie Barnes,Toronto Raptors @ Charlotte Hornets,2025-11-29T23:10:00Z,player_points_rebounds_assists,33.5,betonlineag,2025-11-29T14:54:41Z,2025-11-29T14:53:52Z,-106.0,-122.0
Brandon Miller,Toronto Raptors @ Charlotte Hornets,2025-11-29T23:10:00Z,player_points_rebounds_assists,27.5,betonlineag,2025-11-29T14:54:41Z,2025-11-29T14:53:52Z,-103.0,-125.0
Jamal Shead,Toronto Raptors @ Charlotte Hornets,2025-11-29T23:10:00Z,player_points_rebounds_assists,14.5,betonlineag,2025-11-29T14:54:41Z,2025-11-29T14:53:52Z,-106.0,-122.0
Brandon Ingram,Toronto Raptors @ Charlotte Hornets,2025-11-29T23:10:00Z,player_points_rebounds_assists,34.5,betonlineag,2025-11-29T14:54:41Z,2025-11-29T14:53:52Z,-122.0,-106.0
Immanuel Quickley,Toronto Raptors @ Charlotte Hornets,2025-11-29T23:10:00Z,player_points_rebounds_assists,27.5,betonlineag,2025-11-29T14:54:41Z,2025-11-29T14:53:52Z,-119.0,-109.0
Kon Knueppel,Toronto Raptors @ Charlotte Hornets,2025-11-29T23:10:00Z,player_points_rebounds_assists,26.5,betonlineag,2025-11-29T14:54:41Z,2025-11-29T14:53:52Z,-109.0,-119.0
Collin Sexton,Toronto Raptors @ Charlotte Hornets,2025-11-29T23:10:00Z,player_points_rebounds_assists,24.5,betonlineag,2025-11-29T14:54:41Z,2025-11-29T14:53:52Z,-112.0,-115.0
Jakob Poeltl,Toronto Raptors @ Charlotte Hornets,2025-11-29T23:10:00Z,player_points_rebounds_assists,23.5,betonlineag,2025-11-29T14:54:41Z,2025-11-29T14:53:52Z,-110.0,-118.0
Sandro Mamukelashvili,Toronto Raptors @ Charlotte Hornets,2025-11-29T23:10:00Z,player_points_rebounds_assists,17.5,betonlineag,2025-11-29T14:54:41Z,2025-11-29T14:53:52Z,-112.0,-115.0
Miles Bridges,Toronto Raptors @ Charlotte Hornets,2025-11-29T23:10:00Z,player_points_rebounds_assists,33.5,betonlineag,2025-11-29T14:54:41Z,2025-11-29T14:53:52Z,-119.0,-109.0
Jakob Poeltl,Toronto Raptors @ Charlotte Hornets,2025-11-29T23:10:00Z,player_rebounds,9.5,betonlineag,2025-11-29T14:54:41Z,2025-11-29T14:55:19Z,100.0,-130.0
Brandon Miller,Toronto Raptors @ Charlotte Hornets,2025-11-29T23:10:00Z,player_rebounds,3.5,betonlineag,2025-11-29T14:54:41Z,2025-11-29T14:55:19Z,-122.0,-106.0
Miles Bridges,Toronto Raptors @ Charlotte Hornets,2025-11-29T23:10:00Z,player_rebounds,6.5,betonlineag,2025-11-29T14:54:41Z,2025-11-29T14:55:19Z,-123.0,-105.0
Immanuel Quickley,Toronto Raptors @ Charlotte Hornets,2025-11-29T23:10:00Z,player_rebounds,4.5,betonlineag,2025-11-29T14:54:41Z,2025-11-29T14:55:19Z,126.0,-164.0
Jamal Shead,Toronto Raptors @ Charlotte Hornets,2025-11-29T23:10:00Z,player_rebounds,1.5,betonlineag,2025-11-29T14:54:41Z,2025-11-29T14:55:19Z,-143.0,110.0
Brandon Ingram,Toronto Raptors @ Charlotte Hornets,2025-11-29T23:10:00Z,player_rebounds,5.5,betonlineag,2025-11-29T14:54:41Z,2025-11-29T14:55:19Z,-147.0,114.0
Moussa Diabate,Toronto Raptors @ Charlotte Hornets,2025-11-29T23:10:00Z,player_rebounds,7.5,betonlineag,2025-11-29T14:54:41Z,2025-11-29T14:55:19Z,-130.0,100.0
Kon Knueppel,Toronto Raptors @ Charlotte Hornets,2025-11-29T23:10:00Z,player_rebounds,5.5,betonlineag,2025-11-29T14:54:41Z,2025-11-29T14:55:19Z,118.0,-154.0
Ryan Kalkbrenner,Toronto Raptors @ Charlotte Hornets,2025-11-29T23:10:00Z,player_rebounds,6.5,betonlineag,2025-11-29T14:54:41Z,2025-11-29T14:55:19Z,-119.0,-109.0
Sandro Mamukelashvili,Toronto Raptors @ Charlotte Hornets,2025-11-29T23:10:00Z,player_rebounds,5.5,betonlineag,2025-11-29T14:54:41Z,2025-11-29T14:55:19Z,124.0,-161.0
Collin Sexton,Toronto Raptors @ Charlotte Hornets,2025-11-29T23:10:00Z,player_rebounds,2.5,betonlineag,2025-11-29T14:54:41Z,2025-11-29T14:55:19Z,-111.0,-116.0
Scottie Barnes,Toronto Raptors @ Charlotte Hornets,2025-11-29T23:10:00Z,player_rebounds,7.5,betonlineag,2025-11-29T14:54:41Z,2025-11-29T14:55:19Z,-147.0,113.0
Miles Bridges,Toronto Raptors @ Charlotte Hornets,2025-11-29T23:10:00Z,player_threes,2.5,betonlineag,2025-11-29T14:54:41Z,2025-11-29T14:53:52Z,-122.0,-106.0
Brandon Miller,Toronto Raptors @ Charlotte Hornets,2025-11-29T23:10:00Z,player_threes,2.5,betonlineag,2025-11-29T14:54:41Z,2025-11-29T14:53:52Z,-143.0,110.0
Scottie Barnes,Toronto Raptors @ Charlotte Hornets,2025-11-29T23:10:00Z,player_threes,1.5,betonlineag,2025-11-29T14:54:41Z,2025-11-29T14:53:52Z,178.0,-238.0
Immanuel Quickley,Toronto Raptors @ Charlotte Hornets,2025-11-29T23:10:00Z,player_threes,2.5,betonlineag,2025-11-29T14:54:41Z,2025-11-29T14:53:52Z,-123.0,-105.0
Jamal Shead,Toronto Raptors @ Charlotte Hornets,2025-11-29T23:10:00Z,player_threes,0.5,betonlineag,2025-11-29T14:54:41Z,2025-11-29T14:53:52Z,-204.0,154.0
Brandon Ingram,Toronto Raptors @ Charlotte Hornets,2025-11-29T23:10:00Z,player_threes,1.5,betonlineag,2025-11-29T14:54:41Z,2025-11-29T14:53:52Z,-169.0,129.0
Kon Knueppel,Toronto Raptors @ Charlotte Hornets,2025-11-29T23:10:00Z,player_threes,3.5,betonlineag,2025-11-29T14:54:41Z,2025-11-29T14:53:52Z,118.0,-154.0
Sandro Mamukelashvili,Toronto Raptors @ Charlotte Hornets,2025-11-29T23:10:00Z,player_threes,1.5,betonlineag,2025-11-29T14:54:41Z,2025-11-29T14:53:52Z,167.0,-222.0
Collin Sexton,Toronto Raptors @ Charlotte Hornets,2025-11-29T23:10:00Z,player_threes,1.5,betonlineag,2025-11-29T14:54:41Z,2025-11-29T14:53:52Z,-101.0,-128.0
Immanuel Quickley,Toronto Raptors @ Charlotte Hornets,2025-11-29T23:10:00Z,player_assists,6.5,draftkings,2025-11-29T14:54:37Z,2025-11-29T14:56:25Z,-102.0,-130.0
Jamal Shead,Toronto Raptors @ Charlotte Hornets,2025-11-29T23:10:00Z,player_assists,5.5,draftkings,2025-11-29T14:54:37Z,2025-11-29T14:56:25Z,-110.0,-120.0
Scottie Barnes,Toronto Raptors @ Charlotte Hornets,2025-11-29T23:10:00Z,player_assists,5.5,draftkings,2025-11-29T14:54:37Z,2025-11-29T14:56:25Z,-104.0,-127.0
Collin Sexton,Toronto Raptors @ Charlotte Hornets,2025-11-29T23:10:00Z,player_assists,4.5,draftkings,2025-11-29T14:54:37Z,2025-11-29T14:56:25Z,-149.0,113.0
Brandon Ingram,Toronto Raptors @ Charlotte Hornets,2025-11-29T23:10:00Z,player_assists,3.5,draftkings,2025-11-29T14:54:37Z,2025-11-29T14:56:25Z,-154.0,116.0
Miles Bridges,Toronto Raptors @ Charlotte Hornets,2025-11-29T23:10:00Z,player_assists,3.5,draftkings,2025-11-29T14:54:37Z,2025-11-29T14:56:25Z,-143.0,109.0
Brandon Miller,Toronto Raptors @ Charlotte Hornets,2025-11-29T23:10:00Z,player_assists,3.5,draftkings,2025-11-29T14:54:37Z,2025-11-29T14:56:25Z,113.0,-149.0
Kon Knueppel,Toronto Raptors @ Charlotte Hornets,2025-11-29T23:10:00Z,player_assists,3.5,draftkings,2025-11-29T14:54:37Z,2025-11-29T14:56:25Z,125.0,-165.0
Ryan Kalkbrenner,Toronto Raptors @ Charlotte Hornets,2025-11-29T23:10:00Z,player_blocks,1.5,draftkings,2025-11-29T14:54:37Z,2025-11-29T14:56:25Z,-136.0,102.0
Jakob Poeltl,Toronto Raptors @ Charlotte Hornets,2025-11-29T23:10:00Z,player_blocks,0.5,draftkings,2025-11-29T14:54:37Z,2025-11-29T14:56:25Z,-138.0,104.0
Miles Bridges,Toronto Raptors @ Charlotte Hornets,2025-11-29T23:10:00Z,player_blocks,0.5,draftkings,2025-11-29T14:54:37Z,2025-11-29T14:56:25Z,-121.0,-109.0
Jakob Poeltl,Toronto Raptors @ Charlotte Hornets,2025-11-29T23:10:00Z,player_double_double,,draftkings,2025-11-29T14:54:37Z,2025-11-29T14:56:25Z,,
Scottie Barnes,Toronto Raptors @ Charlotte Hornets,2025-11-29T23:10:00Z,player_double_double,,draftkings,2025-11-29T14:54:37Z,2025-11-29T14:56:25Z,,
Miles Bridges,Toronto Raptors @ Charlotte Hornets,2025-11-29T23:10:00Z,player_double_double,,draftkings,2025-11-29T14:54:37Z,2025-11-29T14:56:25Z,,
Immanuel Quickley,Toronto Raptors @ Charlotte Hornets,2025-11-29T23:10:00Z,player_double_double,,draftkings,2025-11-29T14:54:37Z,2025-11-29T14:56:25Z,,
Brandon Ingram,Toronto Raptors @ Charlotte Hornets,2025-11-29T23:10:00Z,player_double_double,,draftkings,2025-11-29T14:54:37Z,2025-11-29T14:56:25Z,,
Moussa Diabate,Toronto Raptors @ Charlotte Hornets,2025-11-29T23:10:00Z,player_double_double,,draftkings,2025-11-29T14:54:37Z,2025-11-29T14:56:25Z,,
Ryan Kalkbrenner,Toronto Raptors @ Charlotte Hornets,2025-11-29T23:10:00Z,player_double_double,,draftkings,2025-11-29T14:54:37Z,2025-11-29T14:56:25Z,,
Kon Knueppel,Toronto Raptors @ Charlotte Hornets,2025-11-29T23:10:00Z,player_double_double,,draftkings,2025-11-29T14:54:37Z,2025-11-29T14:56:25Z,,
Sandro Mamukelashvili,Toronto Raptors @ Charlotte Hornets,2025-11-29T23:10:00Z,player_double_double,,draftkings,2025-11-29T14:54:37Z,2025-11-29T14:56:25Z,,
Collin Sexton,Toronto Raptors @ Charlotte Hornets,2025-11-29T23:10:00Z,player_double_double,,draftkings,2025-11-29T14:54:37Z,2025-11-29T14:56:25Z,,
Jamal Shead,Toronto Raptors @ Charlotte Hornets,2025-11-29T23:10:00Z,player_double_double,,draftkings,2025-11-29T14:54:37Z,2025-11-29T14:56:25Z,,
Brandon Ingram,Toronto Raptors @ Charlotte Hornets,2025-11-29T23:10:00Z,player_points,24.5,draftkings,2025-11-29T14:54:37Z,2025-11-29T14:56:25Z,-111.0,-114.0
Miles Bridges,Toronto Raptors @ Charlotte Hornets,2025-11-29T23:10:00Z,player_points,23.5,draftkings,2025-11-29T14:54:37Z,2025-11-29T14:56:25Z,-103.0,-124.0
Brandon Miller,Toronto Raptors @ Charlotte Hornets,2025-11-29T23:10:00Z,player_points,19.5,draftkings,2025-11-29T14:54:37Z,2025-11-29T14:56:25Z,-122.0,-104.0
Scottie Barnes,Toronto Raptors @ Charlotte Hornets,2025-11-29T23:10:00Z,player_points,19.5,draftkings,2025-11-29T14:54:37Z,2025-11-29T14:56:25Z,-101.0,-126.0
Kon Knueppel,Toronto Raptors @ Charlotte Hornets,2025-11-29T23:10:00Z,player_points,17.5,draftkings,2025-11-29T14:54:37Z,2025-11-29T14:56:25Z,-117.0,-109.0
Immanuel Quickley,Toronto Raptors @ Charlotte Hornets,2025-11-29T23:10:00Z,player_points,17.5,draftkings,2025-11-29T14:54:37Z,2025-11-29T14:56:25Z,-105.0,-121.0
Collin Sexton,Toronto Raptors @ Charlotte Hornets,2025-11-29T23:10:00Z,player_points,16.5,draftkings,2025-11-29T14:54:37Z,2025-11-29T14:56:25Z,-111.0,-115.0
Jakob Poeltl,Toronto Raptors @ Charlotte Hornets,2025-11-29T23:10:00Z,player_points,12.5,draftkings,2025-11-29T14:54:37Z,2025-11-29T14:56:25Z,103.0,-131.0
Sandro Mamukelashvili,Toronto Raptors @ Charlotte Hornets,2025-11-29T23:10:00Z,player_points,10.5,draftkings,2025-11-29T14:54:37Z,2025-11-29T14:56:25Z,-118.0,-108.0
Ryan Kalkbrenner,Toronto Raptors @ Charlotte Hornets,2025-11-29T23:10:00Z,player_points,8.5,draftkings,2025-11-29T14:54:37Z,2025-11-29T14:56:25Z,109.0,-139.0
Moussa Diabate,Toronto Raptors @ Charlotte Hornets,2025-11-29T23:10:00Z,player_points,7.5,draftkings,2025-11-29T14:54:37Z,2025-11-29T14:56:25Z,-102.0,-126.0
Jamal Shead,Toronto Raptors @ Charlotte Hornets,2025-11-29T23:10:00Z,player_points,6.5,draftkings,2025-11-29T14:54:37Z,2025-11-29T14:56:25Z,-127.0,100.0
Brandon Ingram,Toronto Raptors @ Charlotte Hornets,2025-11-29T23:10:00Z,player_points_rebounds_assists,34.5,draftkings,2025-11-29T14:54:37Z,2025-11-29T14:56:25Z,-123.0,-107.0
Miles Bridges,Toronto Raptors @ Charlotte Hornets,2025-11-29T23:10:00Z,player_points_rebounds_assists,33.5,draftkings,2025-11-29T14:54:37Z,2025-11-29T14:56:25Z,-123.0,-107.0
Scottie Barnes,Toronto Raptors @ Charlotte Hornets,2025-11-29T23:10:00Z,player_points_rebounds_assists,32.5,draftkings,2025-11-29T14:54:37Z,2025-11-29T14:56:25Z,-121.0,-109.0
Immanuel Quickley,Toronto Raptors @ Charlotte Hornets,2025-11-29T23:10:00Z,player_points_rebounds_assists,27.5,draftkings,2025-11-29T14:54:37Z,2025-11-29T14:56:25Z,-126.0,-105.0
Brandon Miller,Toronto Raptors @ Charlotte Hornets,2025-11-29T23:10:00Z,player_points_rebounds_assists,27.5,draftkings,2025-11-29T14:54:37Z,2025-11-29T14:56:25Z,-109.0,-121.0
Kon Knueppel,Toronto Raptors @ Charlotte Hornets,2025-11-29T23:10:00Z,player_points_rebounds_assists,26.5,draftkings,2025-11-29T14:54:37Z,2025-11-29T14:56:25Z,-113.0,-117.0
Collin Sexton,Toronto Raptors @ Charlotte Hornets,2025-11-29T23:10:00Z,player_points_rebounds_assists,24.5,draftkings,2025-11-29T14:54:37Z,2025-11-29T14:56:25Z,-108.0,-121.0
Jamal Shead,Toronto Raptors @ Charlotte Hornets,2025-11-29T23:10:00Z,player_points_rebounds_assists,14.5,draftkings,2025-11-29T14:54:37Z,2025-11-29T14:56:25Z,-113.0,-117.0
Jakob Poeltl,Toronto Raptors @ Charlotte Hornets,2025-11-29T23:10:00Z,player_rebounds,9.5,draftkings,2025-11-29T14:54:37Z,2025-11-29T14:56:25Z,-103.0,-128.0
Scottie Barnes,Toronto Raptors @ Charlotte Hornets,2025-11-29T23:10:00Z,player_rebounds,8.5,draftkings,2025-11-29T14:54:37Z,2025-11-29T14:56:25Z,112.0,-148.0
Moussa Diabate,Toronto Raptors @ Charlotte Hornets,2025-11-29T23:10:00Z,player_rebounds,7.5,draftkings,2025-11-29T14:54:37Z,2025-11-29T14:56:25Z,-136.0,103.0
Ryan Kalkbrenner,Toronto Raptors @ Charlotte Hornets,2025-11-29T23:10:00Z,player_rebounds,6.5,draftkings,2025-11-29T14:54:37Z,2025-11-29T14:56:25Z,-127.0,-103.0
Miles Bridges,Toronto Raptors @ Charlotte Hornets,2025-11-29T23:10:00Z,player_rebounds,6.5,draftkings,2025-11-29T14:54:37Z,2025-11-29T14:56:25Z,-125.0,-106.0
Brandon Ingram,Toronto Raptors @ Charlotte Hornets,2025-11-29T23:10:00Z,player_rebounds,6.5,draftkings,2025-11-29T14:54:37Z,2025-11-29T14:56:25Z,107.0,-141.0
Sandro Mamukelashvili,Toronto Raptors @ Charlotte Hornets,2025-11-29T23:10:00Z,player_rebounds,5.5,draftkings,2025-11-29T14:54:37Z,2025-11-29T14:56:25Z,111.0,-146.0
Kon Knueppel,Toronto Raptors @ Charlotte Hornets,2025-11-29T23:10:00Z,player_rebounds,5.5,draftkings,2025-11-29T14:54:37Z,2025-11-29T14:56:25Z,113.0,-149.0
Immanuel Quickley,Toronto Raptors @ Charlotte Hornets,2025-11-29T23:10:00Z,player_rebounds,4.5,draftkings,2025-11-29T14:54:37Z,2025-11-29T14:56:25Z,118.0,-156.0
Brandon Miller,Toronto Raptors @ Charlotte Hornets,2025-11-29T23:10:00Z,player_rebounds,3.5,draftkings,2025-11-29T14:54:37Z,2025-11-29T14:56:25Z,-118.0,-111.0
Collin Sexton,Toronto Raptors @ Charlotte Hornets,2025-11-29T23:10:00Z,player_rebounds,2.5,draftkings,2025-11-29T14:54:37Z,2025-11-29T14:56:25Z,-114.0,-115.0
Jamal Shead,Toronto Raptors @ Charlotte Hornets,2025-11-29T23:10:00Z,player_rebounds,1.5,draftkings,2025-11-29T14:54:37Z,2025-11-29T14:56:25Z,-151.0,115.0
Immanuel Quickley,Toronto Raptors @ Charlotte Hornets,2025-11-29T23:10:00Z,player_steals,1.5,draftkings,2025-11-29T14:54:37Z,2025-11-29T14:56:25Z,117.0,-156.0
Scottie Barnes,Toronto Raptors @ Charlotte Hornets,2025-11-29T23:10:00Z,player_steals,1.5,draftkings,2025-11-29T14:54:37Z,2025-11-29T14:56:25Z,124.0,-165.0
Brandon Ingram,Toronto Raptors @ Charlotte Hornets,2025-11-29T23:10:00Z,player_steals,1.5,draftkings,2025-11-29T14:54:37Z,2025-11-29T14:56:25Z,173.0,-235.0
Jakob Poeltl,Toronto Raptors @ Charlotte Hornets,2025-11-29T23:10:00Z,player_steals,0.5,draftkings,2025-11-29T14:54:37Z,2025-11-29T14:56:25Z,-172.0,129.0
Miles Bridges,Toronto Raptors @ Charlotte Hornets,2025-11-29T23:10:00Z,player_steals,0.5,draftkings,2025-11-29T14:54:37Z,2025-11-29T14:56:25Z,-142.0,107.0
Kon Knueppel,Toronto Raptors @ Charlotte Hornets,2025-11-29T23:10:00Z,player_threes,3.5,draftkings,2025-11-29T14:54:37Z,2025-11-29T14:56:25Z,121.0,-160.0
Brandon Miller,Toronto Raptors @ Charlotte Hornets,2025-11-29T23:10:00Z,player_threes,2.5,draftkings,2025-11-29T14:54:37Z,2025-11-29T14:56:25Z,-157.0,119.0
Immanuel Quickley,Toronto Raptors @ Charlotte Hornets,2025-11-29T23:10:00Z,player_threes,2.5,draftkings,2025-11-29T14:54:37Z,2025-11-29T14:56:25Z,-117.0,-112.0
Miles Bridges,Toronto Raptors @ Charlotte Hornets,2025-11-29T23:10:00Z,player_threes,2.5,draftkings,2025-11-29T14:54:37Z,2025-11-29T14:56:25Z,-113.0,-117.0
Brandon Ingram,Toronto Raptors @ Charlotte Hornets,2025-11-29T23:10:00Z,player_threes,1.5,draftkings,2025-11-29T14:54:37Z,2025-11-29T14:56:25Z,-169.0,128.0
Collin Sexton,Toronto Raptors @ Charlotte Hornets,2025-11-29T23:10:00Z,player_threes,1.5,draftkings,2025-11-29T14:54:37Z,2025-11-29T14:56:25Z,-106.0,-124.0
Scottie Barnes,Toronto Raptors @ Charlotte Hornets,2025-11-29T23:10:00Z,player_threes,1.5,draftkings,2025-11-29T14:54:37Z,2025-11-29T14:56:25Z,158.0,-211.0
Scottie Barnes,Toronto Raptors @ Charlotte Hornets,2025-11-29T23:10:00Z,player_triple_double,,draftkings,2025-11-29T14:54:37Z,2025-11-29T14:56:25Z,,
Immanuel Quickley,Toronto Raptors @ Charlotte Hornets,2025-11-29T23:10:00Z,player_assists,6.5,williamhill_us,2025-11-29T14:55:28Z,2025-11-29T14:55:40Z,-105.0,-127.0
Miles Bridges,Toronto Raptors @ Charlotte Hornets,2025-11-29T23:10:00Z,player_assists,3.5,williamhill_us,2025-11-29T14:55:28Z,2025-11-29T14:55:40Z,-150.0,112.0
Brandon Ingram,Toronto Raptors @ Charlotte Hornets,2025-11-29T23:10:00Z,player_assists,3.5,williamhill_us,2025-11-29T14:55:28Z,2025-11-29T14:55:40Z,-165.0,115.0
Collin Sexton,Toronto Raptors @ Charlotte Hornets,2025-11-29T23:10:00Z,player_assists,4.5,williamhill_us,2025-11-29T14:55:28Z,2025-11-29T14:55:40Z,-138.0,105.0
Scottie Barnes,Toronto Raptors @ Charlotte Hornets,2025-11-29T23:10:00Z,player_assists,5.5,williamhill_us,2025-11-29T14:55:28Z,2025-11-29T14:55:40Z,-102.0,-132.0
Kon Knueppel,Toronto Raptors @ Charlotte Hornets,2025-11-29T23:10:00Z,player_assists,3.5,williamhill_us,2025-11-29T14:55:28Z,2025-11-29T14:55:40Z,122.0,-162.0
Brandon Miller,Toronto Raptors @ Charlotte Hornets,2025-11-29T23:10:00Z,player_assists,3.5,williamhill_us,2025-11-29T14:55:28Z,2025-11-29T14:55:40Z,104.0,-139.0
Jamal Shead,Toronto Raptors @ Charlotte Hornets,2025-11-29T23:10:00Z,player_assists,5.5,williamhill_us,2025-11-29T14:55:28Z,2025-11-29T14:55:40Z,-115.0,-117.0
Jakob Poeltl,Toronto Raptors @ Charlotte Hornets,2025-11-29T23:10:00Z,player_double_double,,williamhill_us,2025-11-29T14:55:28Z,2025-11-29T14:55:40Z,,
Scottie Barnes,Toronto Raptors @ Charlotte Hornets,2025-11-29T23:10:00Z,player_double_double,,williamhill_us,2025-11-29T14:55:28Z,2025-11-29T14:55:40Z,,
Miles Bridges,Toronto Raptors @ Charlotte Hornets,2025-11-29T23:10:00Z,player_double_double,,williamhill_us,2025-11-29T14:55:28Z,2025-11-29T14:55:40Z,,
Moussa Diabate,Toronto Raptors @ Charlotte Hornets,2025-11-29T23:10:00Z,player_double_double,,williamhill_us,2025-11-29T14:55:28Z,2025-11-29T14:55:40Z,,
Immanuel Quickley,Toronto Raptors @ Charlotte Hornets,2025-11-29T23:10:00Z,player_double_double,,williamhill_us,2025-11-29T14:55:28Z,2025-11-29T14:55:40Z,,
Brandon Ingram,Toronto Raptors @ Charlotte Hornets,2025-11-29T23:10:00Z,player_double_double,,williamhill_us,2025-11-29T14:55:28Z,2025-11-29T14:55:40Z,,
Ryan Kalkbrenner,Toronto Raptors @ Charlotte Hornets,2025-11-29T23:10:00Z,player_double_double,,williamhill_us,2025-11-29T14:55:28Z,2025-11-29T14:55:40Z,,
Sandro Mamukelashvili,Toronto Raptors @ Charlotte Hornets,2025-11-29T23:10:00Z,player_double_double,,williamhill_us,2025-11-29T14:55:28Z,2025-11-29T14:55:40Z,,
Kon Knueppel,Toronto Raptors @ Charlotte Hornets,2025-11-29T23:10:00Z,player_double_double,,williamhill_us,2025-11-29T14:55:28Z,2025-11-29T14:55:40Z,,
Jamal Shead,Toronto Raptors @ Charlotte Hornets,2025-11-29T23:10:00Z,player_double_double,,williamhill_us,2025-11-29T14:55:28Z,2025-11-29T14:55:40Z,,
Collin Sexton,Toronto Raptors @ Charlotte Hornets,2025-11-29T23:10:00Z,player_double_double,,williamhill_us,2025-11-29T14:55:28Z,2025-11-29T14:55:40Z,,
Scottie Barnes,Toronto Raptors @ Charlotte Hornets,2025-11-29T23:10:00Z,player_points,19.5,williamhill_us,2025-11-29T14:55:28Z,2025-11-29T14:55:40Z,-114.0,-117.0
Kon Knueppel,Toronto Raptors @ Charlotte Hornets,2025-11-29T23:10:00Z,player_points,17.5,williamhill_us,2025-11-29T14:55:28Z,2025-11-29T14:55:40Z,-114.0,-117.0
Moussa Diabate,Toronto Raptors @ Charlotte Hornets,2025-11-29T23:10:00Z,player_points,7.5,williamhill_us,2025-11-29T14:55:28Z,2025-11-29T14:55:40Z,-107.0,-125.0
Jamal Shead,Toronto Raptors @ Charlotte Hornets,2025-11-29T23:10:00Z,player_points,6.5,williamhill_us,2025-11-29T14:55:28Z,2025-11-29T14:55:40Z,-132.0,-102.0
Ryan Kalkbrenner,Toronto Raptors @ Charlotte Hornets,2025-11-29T23:10:00Z,player_points,8.5,williamhill_us,2025-11-29T14:55:28Z,2025-11-29T14:55:40Z,102.0,-136.0
Miles Bridges,Toronto Raptors @ Charlotte Hornets,2025-11-29T23:10:00Z,player_points,23.5,williamhill_us,2025-11-29T14:55:28Z,2025-11-29T14:55:40Z,108.0,-140.0
Sandro Mamukelashvili,Toronto Raptors @ Charlotte Hornets,2025-11-29T23:10:00Z,player_points,10.5,williamhill_us,2025-11-29T14:55:28Z,2025-11-29T14:55:40Z,-117.0,-114.0
Immanuel Quickley,Toronto Raptors @ Charlotte Hornets,2025-11-29T23:10:00Z,player_points,16.5,williamhill_us,2025-11-29T14:55:28Z,2025-11-29T14:55:40Z,-135.0,102.0
Brandon Miller,Toronto Raptors @ Charlotte Hornets,2025-11-29T23:10:00Z,player_points,19.5,williamhill_us,2025-11-29T14:55:28Z,2025-11-29T14:55:40Z,-118.0,-113.0
Collin Sexton,Toronto Raptors @ Charlotte Hornets,2025-11-29T23:10:00Z,player_points,16.5,williamhill_us,2025-11-29T14:55:28Z,2025-11-29T14:55:40Z,-124.0,-108.0
Jakob Poeltl,Toronto Raptors @ Charlotte Hornets,2025-11-29T23:10:00Z,player_points,12.5,williamhill_us,2025-11-29T14:55:28Z,2025-11-29T14:55:40Z,-108.0,-124.0
Brandon Ingram,Toronto Raptors @ Charlotte Hornets,2025-11-29T23:10:00Z,player_points,24.5,williamhill_us,2025-11-29T14:55:28Z,2025-11-29T14:55:40Z,-122.0,-109.0
Kon Knueppel,Toronto Raptors @ Charlotte Hornets,2025-11-29T23:10:00Z,player_rebounds,5.5,williamhill_us,2025-11-29T14:55:28Z,2025-11-29T14:55:40Z,116.0,-154.0
Brandon Ingram,Toronto Raptors @ Charlotte Hornets,2025-11-29T23:10:00Z,player_rebounds,5.5,williamhill_us,2025-11-29T14:55:28Z,2025-11-29T14:55:40Z,-145.0,109.0
Collin Sexton,Toronto Raptors @ Charlotte Hornets,2025-11-29T23:10:00Z,player_rebounds,2.5,williamhill_us,2025-11-29T14:55:28Z,2025-11-29T14:55:40Z,-110.0,-121.0
Moussa Diabate,Toronto Raptors @ Charlotte Hornets,2025-11-29T23:10:00Z,player_rebounds,7.5,williamhill_us,2025-11-29T14:55:28Z,2025-11-29T14:55:40Z,-136.0,101.0
Miles Bridges,Toronto Raptors @ Charlotte Hornets,2025-11-29T23:10:00Z,player_rebounds,6.5,williamhill_us,2025-11-29T14:55:28Z,2025-11-29T14:55:40Z,-124.0,-108.0
Immanuel Quickley,Toronto Raptors @ Charlotte Hornets,2025-11-29T23:10:00Z,player_rebounds,4.5,williamhill_us,2025-11-29T14:55:28Z,2025-11-29T14:55:40Z,116.0,-154.0
Scottie Barnes,Toronto Raptors @ Charlotte Hornets,2025-11-29T23:10:00Z,player_rebounds,7.5,williamhill_us,2025-11-29T14:55:28Z,2025-11-29T14:55:40Z,-145.0,110.0
Ryan Kalkbrenner,Toronto Raptors @ Charlotte Hornets,2025-11-29T23:10:00Z,player_rebounds,6.5,williamhill_us,2025-11-29T14:55:28Z,2025-11-29T14:55:40Z,-122.0,-109.0
Brandon Miller,Toronto Raptors @ Charlotte Hornets,2025-11-29T23:10:00Z,player_rebounds,3.5,williamhill_us,2025-11-29T14:55:28Z,2025-11-29T14:55:40Z,-132.0,100.0
Jakob Poeltl,Toronto Raptors @ Charlotte Hornets,2025-11-29T23:10:00Z,player_rebounds,9.5,williamhill_us,2025-11-29T14:55:28Z,2025-11-29T14:55:40Z,-104.0,-129.0
Sandro Mamukelashvili,Toronto Raptors @ Charlotte Hornets,2025-11-29T23:10:00Z,player_rebounds,5.5,williamhill_us,2025-11-29T14:55:28Z,2025-11-29T14:55:40Z,120.0,-159.0
Immanuel Quickley,Toronto Raptors @ Charlotte Hornets,2025-11-29T23:10:00Z,player_threes,2.5,williamhill_us,2025-11-29T14:55:28Z,2025-11-29T14:55:40Z,-120.0,-112.0
Brandon Miller,Toronto Raptors @ Charlotte Hornets,2025-11-29T23:10:00Z,player_threes,2.5,williamhill_us,2025-11-29T14:55:28Z,2025-11-29T14:55:40Z,-148.0,110.0
Miles Bridges,Toronto Raptors @ Charlotte Hornets,2025-11-29T23:10:00Z,player_threes,2.5,williamhill_us,2025-11-29T14:55:28Z,2025-11-29T14:55:40Z,-122.0,-109.0
Kon Knueppel,Toronto Raptors @ Charlotte Hornets,2025-11-29T23:10:00Z,player_threes,3.5,williamhill_us,2025-11-29T14:55:28Z,2025-11-29T14:55:40Z,116.0,-154.0
Brandon Ingram,Toronto Raptors @ Charlotte Hornets,2025-11-29T23:10:00Z,player_threes,1.5,williamhill_us,2025-11-29T14:55:28Z,2025-11-29T14:55:40Z,-170.0,125.0
Collin Sexton,Toronto Raptors @ Charlotte Hornets,2025-11-29T23:10:00Z,player_threes,1.5,williamhill_us,2025-11-29T14:55:28Z,2025-11-29T14:55:40Z,-104.0,-129.0
Scottie Barnes,Toronto Raptors @ Charlotte Hornets,2025-11-29T23:10:00Z,player_threes,1.5,williamhill_us,2025-11-29T14:55:28Z,2025-11-29T14:55:40Z,169.0,-235.0
Sandro Mamukelashvili,Toronto Raptors @ Charlotte Hornets,2025-11-29T23:10:00Z,player_threes,0.5,williamhill_us,2025-11-29T14:55:28Z,2025-11-29T14:55:40Z,-260.0,184.0
Scottie Barnes,Toronto Raptors @ Charlotte Hornets,2025-11-29T23:10:00Z,player_triple_double,,williamhill_us,2025-11-29T14:55:28Z,2025-11-29T14:55:40Z,,
Brandon Ingram,Toronto Raptors @ Charlotte Hornets,2025-11-29T23:10:00Z,player_assists,3.5,betmgm,2025-11-29T14:54:38Z,2025-11-29T14:56:10Z,-135.0,100.0
Immanuel Quickley,Toronto Raptors @ Charlotte Hornets,2025-11-29T23:10:00Z,player_assists,6.5,betmgm,2025-11-29T14:54:38Z,2025-11-29T14:56:10Z,100.0,-135.0
Jamal Shead,Toronto Raptors @ Charlotte Hornets,2025-11-29T23:10:00Z,player_assists,5.5,betmgm,2025-11-29T14:54:38Z,2025-11-29T14:56:10Z,-118.0,-110.0
Moussa Diabate,Toronto Raptors @ Charlotte Hornets,2025-11-29T23:10:00Z,player_assists,1.5,betmgm,2025-11-29T14:54:38Z,2025-11-29T14:56:10Z,170.0,-225.0
Sandro Mamukelashvili,Toronto Raptors @ Charlotte Hornets,2025-11-29T23:10:00Z,player_assists,1.5,betmgm,2025-11-29T14:54:38Z,2025-11-29T14:56:10Z,-118.0,-115.0
Ryan Kalkbrenner,Toronto Raptors @ Charlotte Hornets,2025-11-29T23:10:00Z,player_assists,0.5,betmgm,2025-11-29T14:54:38Z,2025-11-29T14:56:10Z,-125.0,-105.0
Jakob Poeltl,Toronto Raptors @ Charlotte Hornets,2025-11-29T23:10:00Z,player_assists,1.5,betmgm,2025-11-29T14:54:38Z,2025-11-29T14:56:10Z,-160.0,120.0
Miles Bridges,Toronto Raptors @ Charlotte Hornets,2025-11-29T23:10:00Z,player_assists,3.5,betmgm,2025-11-29T14:54:38Z,2025-11-29T14:56:10Z,-160.0,120.0
Kon Knueppel,Toronto Raptors @ Charlotte Hornets,2025-11-29T23:10:00Z,player_assists,3.5,betmgm,2025-11-29T14:54:38Z,2025-11-29T14:56:10Z,120.0,-160.0
Scottie Barnes,Toronto Raptors @ Charlotte Hornets,2025-11-29T23:10:00Z,player_assists,4.5,betmgm,2025-11-29T14:54:38Z,2025-11-29T14:56:10Z,-155.0,115.0
Collin Sexton,Toronto Raptors @ Charlotte Hornets,2025-11-29T23:10:00Z,player_assists,4.5,betmgm,2025-11-29T14:54:38Z,2025-11-29T14:56:10Z,-145.0,105.0
Brandon Ingram,Toronto Raptors @ Charlotte Hornets,2025-11-29T23:10:00Z,player_blocks,0.5,betmgm,2025-11-29T14:54:38Z,2025-11-29T14:56:10Z,-115.0,-120.0
Immanuel Quickley,Toronto Raptors @ Charlotte Hornets,2025-11-29T23:10:00Z,player_blocks,0.5,betmgm,2025-11-29T14:54:38Z,2025-11-29T14:56:10Z,525.0,-1100.0
Ryan Kalkbrenner,Toronto Raptors @ Charlotte Hornets,2025-11-29T23:10:00Z,player_blocks,1.5,betmgm,2025-11-29T14:54:38Z,2025-11-29T14:56:10Z,-135.0,-105.0
Jakob Poeltl,Toronto Raptors @ Charlotte Hornets,2025-11-29T23:10:00Z,player_blocks,0.5,betmgm,2025-11-29T14:54:38Z,2025-11-29T14:56:10Z,-150.0,110.0
Miles Bridges,Toronto Raptors @ Charlotte Hornets,2025-11-29T23:10:00Z,player_blocks,0.5,betmgm,2025-11-29T14:54:38Z,2025-11-29T14:56:10Z,-125.0,-110.0
Kon Knueppel,Toronto Raptors @ Charlotte Hornets,2025-11-29T23:10:00Z,player_blocks,0.5,betmgm,2025-11-29T14:54:38Z,2025-11-29T14:56:10Z,225.0,-325.0
Scottie Barnes,Toronto Raptors @ Charlotte Hornets,2025-11-29T23:10:00Z,player_blocks,1.5,betmgm,2025-11-29T14:54:38Z,2025-11-29T14:56:10Z,105.0,-145.0
Collin Sexton,Toronto Raptors @ Charlotte Hornets,2025-11-29T23:10:00Z,player_blocks,0.5,betmgm,2025-11-29T14:54:38Z,2025-11-29T14:56:10Z,475.0,-1000.0
Brandon Ingram,Toronto Raptors @ Charlotte Hornets,2025-11-29T23:10:00Z,player_double_double,,betmgm,2025-11-29T14:54:38Z,2025-11-29T14:56:10Z,,
Immanuel Quickley,Toronto Raptors @ Charlotte Hornets,2025-11-29T23:10:00Z,player_double_double,,betmgm,2025-11-29T14:54:38Z,2025-11-29T14:56:10Z,,
Ryan Kalkbrenner,Toronto Raptors @ Charlotte Hornets,2025-11-29T23:10:00Z,player_double_double,,betmgm,2025-11-29T14:54:38Z,2025-11-29T14:56:10Z,,
Jakob Poeltl,Toronto Raptors @ Charlotte Hornets,2025-11-29T23:10:00Z,player_double_double,,betmgm,2025-11-29T14:54:38Z,2025-11-29T14:56:10Z,,
Miles Bridges,Toronto Raptors @ Charlotte Hornets,2025-11-29T23:10:00Z,player_double_double,,betmgm,2025-11-29T14:54:38Z,2025-11-29T14:56:10Z,,
Kon Knueppel,Toronto Raptors @ Charlotte Hornets,2025-11-29T23:10:00Z,player_double_double,,betmgm,2025-11-29T14:54:38Z,2025-11-29T14:56:10Z,,
Scottie Barnes,Toronto Raptors @ Charlotte Hornets,2025-11-29T23:10:00Z,player_double_double,,betmgm,2025-11-29T14:54:38Z,2025-11-29T14:56:10Z,,
Collin Sexton,Toronto Raptors @ Charlotte Hornets,2025-11-29T23:10:00Z,player_double_double,,betmgm,2025-11-29T14:54:38Z,2025-11-29T14:56:10Z,,
Immanuel Quickley,Toronto Raptors @ Charlotte Hornets,2025-11-29T23:10:00Z,player_points,16.5,betmgm,2025-11-29T14:54:38Z,2025-11-29T14:56:10Z,-120.0,-110.0
Jamal Shead,Toronto Raptors @ Charlotte Hornets,2025-11-29T23:10:00Z,player_points,6.5,betmgm,2025-11-29T14:54:38Z,2025-11-29T14:56:10Z,-135.0,100.0
Moussa Diabate,Toronto Raptors @ Charlotte Hornets,2025-11-29T23:10:00Z,player_points,7.5,betmgm,2025-11-29T14:54:38Z,2025-11-29T14:56:10Z,100.0,-130.0
Sandro Mamukelashvili,Toronto Raptors @ Charlotte Hornets,2025-11-29T23:10:00Z,player_points,10.5,betmgm,2025-11-29T14:54:38Z,2025-11-29T14:56:10Z,-110.0,-118.0
Ryan Kalkbrenner,Toronto Raptors @ Charlotte Hornets,2025-11-29T23:10:00Z,player_points,7.5,betmgm,2025-11-29T14:54:38Z,2025-11-29T14:56:10Z,-130.0,-105.0
Jakob Poeltl,Toronto Raptors @ Charlotte Hornets,2025-11-29T23:10:00Z,player_points,11.5,betmgm,2025-11-29T14:54:38Z,2025-11-29T14:56:10Z,-140.0,105.0
Miles Bridges,Toronto Raptors @ Charlotte Hornets,2025-11-29T23:10:00Z,player_points,23.5,betmgm,2025-11-29T14:54:38Z,2025-11-29T14:56:10Z,-110.0,-118.0
Kon Knueppel,Toronto Raptors @ Charlotte Hornets,2025-11-29T23:10:00Z,player_points,17.5,betmgm,2025-11-29T14:54:38Z,2025-11-29T14:56:10Z,-120.0,-110.0
Scottie Barnes,Toronto Raptors @ Charlotte Hornets,2025-11-29T23:10:00Z,player_points,19.5,betmgm,2025-11-29T14:54:38Z,2025-11-29T14:56:10Z,-115.0,-115.0
Collin Sexton,Toronto Raptors @ Charlotte Hornets,2025-11-29T23:10:00Z,player_points,17.5,betmgm,2025-11-29T14:54:38Z,2025-11-29T14:56:10Z,-105.0,-125.0
Brandon Ingram,Toronto Raptors @ Charlotte Hornets,2025-11-29T23:10:00Z,player_points,25.5,betmgm,2025-11-29T14:54:38Z,2025-11-29T14:56:10Z,-110.0,-120.0
Immanuel Quickley,Toronto Raptors @ Charlotte Hornets,2025-11-29T23:10:00Z,player_points_rebounds_assists,27.5,betmgm,2025-11-29T14:54:38Z,2025-11-29T14:56:10Z,-118.0,-110.0
Jamal Shead,Toronto Raptors @ Charlotte Hornets,2025-11-29T23:10:00Z,player_points_rebounds_assists,14.5,betmgm,2025-11-29T14:54:38Z,2025-11-29T14:56:10Z,-110.0,-125.0
Moussa Diabate,Toronto Raptors @ Charlotte Hornets,2025-11-29T23:10:00Z,player_points_rebounds_assists,16.5,betmgm,2025-11-29T14:54:38Z,2025-11-29T14:56:10Z,-110.0,-120.0
Sandro Mamukelashvili,Toronto Raptors @ Charlotte Hornets,2025-11-29T23:10:00Z,player_points_rebounds_assists,17.5,betmgm,2025-11-29T14:54:38Z,2025-11-29T14:56:10Z,-110.0,-125.0
Ryan Kalkbrenner,Toronto Raptors @ Charlotte Hornets,2025-11-29T23:10:00Z,player_points_rebounds_assists,14.5,betmgm,2025-11-29T14:54:38Z,2025-11-29T14:56:10Z,-130.0,100.0
Jakob Poeltl,Toronto Raptors @ Charlotte Hornets,2025-11-29T23:10:00Z,player_points_rebounds_assists,23.5,betmgm,2025-11-29T14:54:38Z,2025-11-29T14:56:10Z,-118.0,-110.0
Miles Bridges,Toronto Raptors @ Charlotte Hornets,2025-11-29T23:10:00Z,player_points_rebounds_assists,34.5,betmgm,2025-11-29T14:54:38Z,2025-11-29T14:56:10Z,-115.0,-115.0
Kon Knueppel,Toronto Raptors @ Charlotte Hornets,2025-11-29T23:10:00Z,player_points_rebounds_assists,26.5,betmgm,2025-11-29T14:54:38Z,2025-11-29T14:56:10Z,-105.0,-125.0
Scottie Barnes,Toronto Raptors @ Charlotte Hornets,2025-11-29T23:10:00Z,player_points_rebounds_assists,32.5,betmgm,2025-11-29T14:54:38Z,2025-11-29T14:56:10Z,-125.0,-110.0
Collin Sexton,Toronto Raptors @ Charlotte Hornets,2025-11-29T23:10:00Z,player_points_rebounds_assists,24.5,betmgm,2025-11-29T14:54:38Z,2025-11-29T14:56:10Z,-118.0,-110.0
Brandon Ingram,Toronto Raptors @ Charlotte Hornets,2025-11-29T23:10:00Z,player_points_rebounds_assists,35.5,betmgm,2025-11-29T14:54:38Z,2025-11-29T14:56:10Z,-105.0,-125.0
Brandon Ingram,Toronto Raptors @ Charlotte Hornets,2025-11-29T23:10:00Z,player_rebounds,5.5,betmgm,2025-11-29T14:54:38Z,2025-11-29T14:56:10Z,-145.0,110.0
Immanuel Quickley,Toronto Raptors @ Charlotte Hornets,2025-11-29T23:10:00Z,player_rebounds,4.5,betmgm,2025-11-29T14:54:38Z,2025-11-29T14:56:10Z,100.0,-135.0
Jamal Shead,Toronto Raptors @ Charlotte Hornets,2025-11-29T23:10:00Z,player_rebounds,1.5,betmgm,2025-11-29T14:54:38Z,2025-11-29T14:56:10Z,-115.0,-118.0
Moussa Diabate,Toronto Raptors @ Charlotte Hornets,2025-11-29T23:10:00Z,player_rebounds,7.5,betmgm,2025-11-29T14:54:38Z,2025-11-29T14:56:10Z,-130.0,-105.0
Sandro Mamukelashvili,Toronto Raptors @ Charlotte Hornets,2025-11-29T23:10:00Z,player_rebounds,4.5,betmgm,2025-11-29T14:54:38Z,2025-11-29T14:56:10Z,-150.0,115.0
Ryan Kalkbrenner,Toronto Raptors @ Charlotte Hornets,2025-11-29T23:10:00Z,player_rebounds,6.5,betmgm,2025-11-29T14:54:38Z,2025-11-29T14:56:10Z,-105.0,-130.0
Jakob Poeltl,Toronto Raptors @ Charlotte Hornets,2025-11-29T23:10:00Z,player_rebounds,9.5,betmgm,2025-11-29T14:54:38Z,2025-11-29T14:56:10Z,-115.0,-118.0
Miles Bridges,Toronto Raptors @ Charlotte Hornets,2025-11-29T23:10:00Z,player_rebounds,6.5,betmgm,2025-11-29T14:54:38Z,2025-11-29T14:56:10Z,-125.0,-105.0
Kon Knueppel,Toronto Raptors @ Charlotte Hornets,2025-11-29T23:10:00Z,player_rebounds,4.5,betmgm,2025-11-29T14:54:38Z,2025-11-29T14:56:10Z,-150.0,110.0
Scottie Barnes,Toronto Raptors @ Charlotte Hornets,2025-11-29T23:10:00Z,player_rebounds,7.5,betmgm,2025-11-29T14:54:38Z,2025-11-29T14:56:10Z,-145.0,105.0
Collin Sexton,Toronto Raptors @ Charlotte Hornets,2025-11-29T23:10:00Z,player_rebounds,2.5,betmgm,2025-11-29T14:54:38Z,2025-11-29T14:56:10Z,105.0,-140.0
Brandon Ingram,Toronto Raptors @ Charlotte Hornets,2025-11-29T23:10:00Z,player_threes,1.5,betmgm,2025-11-29T14:54:38Z,2025-11-29T14:56:10Z,-200.0,150.0
Immanuel Quickley,Toronto Raptors @ Charlotte Hornets,2025-11-29T23:10:00Z,player_threes,2.5,betmgm,2025-11-29T14:54:38Z,2025-11-29T14:56:10Z,-130.0,-105.0
Jamal Shead,Toronto Raptors @ Charlotte Hornets,2025-11-29T23:10:00Z,player_threes,0.5,betmgm,2025-11-29T14:54:38Z,2025-11-29T14:56:10Z,-210.0,155.0
Sandro Mamukelashvili,Toronto Raptors @ Charlotte Hornets,2025-11-29T23:10:00Z,player_threes,0.5,betmgm,2025-11-29T14:54:38Z,2025-11-29T14:56:10Z,-235.0,170.0
Miles Bridges,Toronto Raptors @ Charlotte Hornets,2025-11-29T23:10:00Z,player_threes,2.5,betmgm,2025-11-29T14:54:38Z,2025-11-29T14:56:10Z,-140.0,105.0
Kon Knueppel,Toronto Raptors @ Charlotte Hornets,2025-11-29T23:10:00Z,player_threes,3.5,betmgm,2025-11-29T14:54:38Z,2025-11-29T14:56:10Z,115.0,-155.0
Scottie Barnes,Toronto Raptors @ Charlotte Hornets,2025-11-29T23:10:00Z,player_threes,1.5,betmgm,2025-11-29T14:54:38Z,2025-11-29T14:56:10Z,170.0,-235.0
Collin Sexton,Toronto Raptors @ Charlotte Hornets,2025-11-29T23:10:00Z,player_threes,1.5,betmgm,2025-11-29T14:54:38Z,2025-11-29T14:56:10Z,-105.0,-125.0
Miles Bridges,Toronto Raptors @ Charlotte Hornets,2025-11-29T23:10:00Z,player_triple_double,,betmgm,2025-11-29T14:54:38Z,2025-11-29T14:56:10Z,,
Scottie Barnes,Toronto Raptors @ Charlotte Hornets,2025-11-29T23:10:00Z,player_triple_double,,betmgm,2025-11-29T14:54:38Z,2025-11-29T14:56:10Z,,
Brandon Ingram,Toronto Raptors @ Charlotte Hornets,2025-11-29T23:10:00Z,player_assists,3.5,bovada,2025-11-29T14:50:40Z,2025-11-29T14:56:01Z,165.0,-220.0
Collin Sexton,Toronto Raptors @ Charlotte Hornets,2025-11-29T23:10:00Z,player_assists,4.5,bovada,2025-11-29T14:50:40Z,2025-11-29T14:56:01Z,135.0,-180.0
Immanuel Quickley,Toronto Raptors @ Charlotte Hornets,2025-11-29T23:10:00Z,player_assists,5.5,bovada,2025-11-29T14:50:40Z,2025-11-29T14:56:01Z,180.0,-245.0
Jamal Shead,Toronto Raptors @ Charlotte Hornets,2025-11-29T23:10:00Z,player_assists,4.5,bovada,2025-11-29T14:50:40Z,2025-11-29T14:56:01Z,155.0,-210.0
Kon Knueppel,Toronto Raptors @ Charlotte Hornets,2025-11-29T23:10:00Z,player_assists,2.5,bovada,2025-11-29T14:50:40Z,2025-11-29T14:56:01Z,125.0,-165.0
Miles Bridges,Toronto Raptors @ Charlotte Hornets,2025-11-29T23:10:00Z,player_assists,3.5,bovada,2025-11-29T14:50:40Z,2025-11-29T14:56:01Z,135.0,-180.0
Scottie Barnes,Toronto Raptors @ Charlotte Hornets,2025-11-29T23:10:00Z,player_assists,4.5,bovada,2025-11-29T14:50:40Z,2025-11-29T14:56:01Z,125.0,-165.0
Scottie Barnes,Toronto Raptors @ Charlotte Hornets,2025-11-29T23:10:00Z,player_double_double,,bovada,2025-11-29T14:50:40Z,2025-11-29T14:51:31Z,,
Jakob Poeltl,Toronto Raptors @ Charlotte Hornets,2025-11-29T23:10:00Z,player_double_double,,bovada,2025-11-29T14:50:40Z,2025-11-29T14:51:31Z,,
Miles Bridges,Toronto Raptors @ Charlotte Hornets,2025-11-29T23:10:00Z,player_double_double,,bovada,2025-11-29T14:50:40Z,2025-11-29T14:51:31Z,,
Moussa Diabate,Toronto Raptors @ Charlotte Hornets,2025-11-29T23:10:00Z,player_double_double,,bovada,2025-11-29T14:50:40Z,2025-11-29T14:51:31Z,,
Immanuel Quickley,Toronto Raptors @ Charlotte Hornets,2025-11-29T23:10:00Z,player_double_double,,bovada,2025-11-29T14:50:40Z,2025-11-29T14:51:31Z,,
Brandon Ingram,Toronto Raptors @ Charlotte Hornets,2025-11-29T23:10:00Z,player_double_double,,bovada,2025-11-29T14:50:40Z,2025-11-29T14:51:31Z,,
Ryan Kalkbrenner,Toronto Raptors @ Charlotte Hornets,2025-11-29T23:10:00Z,player_double_double,,bovada,2025-11-29T14:50:40Z,2025-11-29T14:51:31Z,,
Sandro Mamukelashvili,Toronto Raptors @ Charlotte Hornets,2025-11-29T23:10:00Z,player_double_double,,bovada,2025-11-29T14:50:40Z,2025-11-29T14:51:31Z,,
Kon Knueppel,Toronto Raptors @ Charlotte Hornets,2025-11-29T23:10:00Z,player_double_double,,bovada,2025-11-29T14:50:40Z,2025-11-29T14:51:31Z,,
Jamal Shead,Toronto Raptors @ Charlotte Hornets,2025-11-29T23:10:00Z,player_double_double,,bovada,2025-11-29T14:50:40Z,2025-11-29T14:51:31Z,,
Collin Sexton,Toronto Raptors @ Charlotte Hornets,2025-11-29T23:10:00Z,player_double_double,,bovada,2025-11-29T14:50:40Z,2025-11-29T14:51:31Z,,
Brandon Miller,Toronto Raptors @ Charlotte Hornets,2025-11-29T23:10:00Z,player_double_double,,bovada,2025-11-29T14:50:40Z,2025-11-29T14:51:31Z,,
Brandon Ingram,Toronto Raptors @ Charlotte Hornets,2025-11-29T23:10:00Z,player_points,21.5,bovada,2025-11-29T14:50:40Z,2025-11-29T14:51:31Z,190.0,-260.0
Collin Sexton,Toronto Raptors @ Charlotte Hornets,2025-11-29T23:10:00Z,player_points,14.5,bovada,2025-11-29T14:50:40Z,2025-11-29T14:51:31Z,185.0,-250.0
Immanuel Quickley,Toronto Raptors @ Charlotte Hornets,2025-11-29T23:10:00Z,player_points,14.5,bovada,2025-11-29T14:50:40Z,2025-11-29T14:51:31Z,205.0,-280.0
Jakob Poeltl,Toronto Raptors @ Charlotte Hornets,2025-11-29T23:10:00Z,player_points,9.5,bovada,2025-11-29T14:50:40Z,2025-11-29T14:51:31Z,190.0,-260.0
Kon Knueppel,Toronto Raptors @ Charlotte Hornets,2025-11-29T23:10:00Z,player_points,14.5,bovada,2025-11-29T14:50:40Z,2025-11-29T14:51:31Z,205.0,-280.0
Miles Bridges,Toronto Raptors @ Charlotte Hornets,2025-11-29T23:10:00Z,player_points,19.5,bovada,2025-11-29T14:50:40Z,2025-11-29T14:51:31Z,180.0,-245.0
Sandro Mamukelashvili,Toronto Raptors @ Charlotte Hornets,2025-11-29T23:10:00Z,player_points,8.5,bovada,2025-11-29T14:50:40Z,2025-11-29T14:51:31Z,210.0,-290.0
Scottie Barnes,Toronto Raptors @ Charlotte Hornets,2025-11-29T23:10:00Z,player_points,16.5,bovada,2025-11-29T14:50:40Z,2025-11-29T14:51:31Z,205.0,-280.0
Brandon Ingram,Toronto Raptors @ Charlotte Hornets,2025-11-29T23:10:00Z,player_rebounds,4.5,bovada,2025-11-29T14:50:40Z,2025-11-29T14:51:31Z,210.0,-290.0
Jakob Poeltl,Toronto Raptors @ Charlotte Hornets,2025-11-29T23:10:00Z,player_rebounds,8.5,bovada,2025-11-29T14:50:40Z,2025-11-29T14:51:31Z,210.0,-290.0
Miles Bridges,Toronto Raptors @ Charlotte Hornets,2025-11-29T23:10:00Z,player_rebounds,5.5,bovada,2025-11-29T14:50:40Z,2025-11-29T14:51:31Z,140.0,-185.0
Moussa Diabate,Toronto Raptors @ Charlotte Hornets,2025-11-29T23:10:00Z,player_rebounds,6.5,bovada,2025-11-29T14:50:40Z,2025-11-29T14:51:31Z,205.0,-280.0
Ryan Kalkbrenner,Toronto Raptors @ Charlotte Hornets,2025-11-29T23:10:00Z,player_rebounds,5.5,bovada,2025-11-29T14:50:40Z,2025-11-29T14:51:31Z,165.0,-220.0
Scottie Barnes,Toronto Raptors @ Charlotte Hornets,2025-11-29T23:10:00Z,player_rebounds,6.5,bovada,2025-11-29T14:50:40Z,2025-11-29T14:51:31Z,185.0,-250.0
Brandon Ingram,Toronto Raptors @ Charlotte Hornets,2025-11-29T23:10:00Z,player_threes,1.5,bovada,2025-11-29T14:50:40Z,2025-11-29T14:56:01Z,165.0,-220.0
Collin Sexton,Toronto Raptors @ Charlotte Hornets,2025-11-29T23:10:00Z,player_threes,1.5,bovada,2025-11-29T14:50:40Z,2025-11-29T14:56:01Z,-105.0,-125.0
Immanuel Quickley,Toronto Raptors @ Charlotte Hornets,2025-11-29T23:10:00Z,player_threes,2.5,bovada,2025-11-29T14:50:40Z,2025-11-29T14:56:01Z,190.0,-260.0
Kon Knueppel,Toronto Raptors @ Charlotte Hornets,2025-11-29T23:10:00Z,player_threes,2.5,bovada,2025-11-29T14:50:40Z,2025-11-29T14:56:01Z,120.0,-160.0
Miles Bridges,Toronto Raptors @ Charlotte Hornets,2025-11-29T23:10:00Z,player_threes,2.5,bovada,2025-11-29T14:50:40Z,2025-11-29T14:56:01Z,180.0,-245.0
Sandro Mamukelashvili,Toronto Raptors @ Charlotte Hornets,2025-11-29T23:10:00Z,player_threes,0.5,bovada,2025-11-29T14:50:40Z,2025-11-29T14:56:01Z,185.0,-250.0
Scottie Barnes,Toronto Raptors @ Charlotte Hornets,2025-11-29T23:10:00Z,player_threes,0.5,bovada,2025-11-29T14:50:40Z,2025-11-29T14:56:01Z,185.0,-250.0
Scottie Barnes,Toronto Raptors @ Charlotte Hornets,2025-11-29T23:10:00Z,player_triple_double,,bovada,2025-11-29T14:50:40Z,2025-11-29T14:51:31Z,,
Kon Knueppel,Toronto Raptors @ Charlotte Hornets,2025-11-29T23:10:00Z,player_assists,3.5,betrivers,2025-11-29T14:54:40Z,2025-11-29T14:56:26Z,128.0,-167.0
Brandon Miller,Toronto Raptors @ Charlotte Hornets,2025-11-29T23:10:00Z,player_assists,3.5,betrivers,2025-11-29T14:54:40Z,2025-11-29T14:56:26Z,105.0,-139.0
Collin Sexton,Toronto Raptors @ Charlotte Hornets,2025-11-29T23:10:00Z,player_assists,4.5,betrivers,2025-11-29T14:54:40Z,2025-11-29T14:56:26Z,-143.0,108.0
Miles Bridges,Toronto Raptors @ Charlotte Hornets,2025-11-29T23:10:00Z,player_assists,3.5,betrivers,2025-11-29T14:54:40Z,2025-11-29T14:56:26Z,-137.0,104.0
Brandon Ingram,Toronto Raptors @ Charlotte Hornets,2025-11-29T23:10:00Z,player_assists,3.5,betrivers,2025-11-29T14:54:40Z,2025-11-29T14:56:26Z,-130.0,-103.0
Scottie Barnes,Toronto Raptors @ Charlotte Hornets,2025-11-29T23:10:00Z,player_assists,5.5,betrivers,2025-11-29T14:54:40Z,2025-11-29T14:56:26Z,100.0,-134.0
Immanuel Quickley,Toronto Raptors @ Charlotte Hornets,2025-11-29T23:10:00Z,player_assists,6.5,betrivers,2025-11-29T14:54:40Z,2025-11-29T14:56:26Z,-120.0,-112.0
Jamal Shead,Toronto Raptors @ Charlotte Hornets,2025-11-29T23:10:00Z,player_assists,5.5,betrivers,2025-11-29T14:54:40Z,2025-11-29T14:56:26Z,-113.0,-117.0
Brandon Ingram,Toronto Raptors @ Charlotte Hornets,2025-11-29T23:10:00Z,player_points,24.5,betrivers,2025-11-29T14:54:40Z,2025-11-29T14:56:26Z,-122.0,-109.0
Miles Bridges,Toronto Raptors @ Charlotte Hornets,2025-11-29T23:10:00Z,player_points,23.5,betrivers,2025-11-29T14:54:40Z,2025-11-29T14:56:26Z,-115.0,-115.0
Kon Knueppel,Toronto Raptors @ Charlotte Hornets,2025-11-29T23:10:00Z,player_points,17.5,betrivers,2025-11-29T14:54:40Z,2025-11-29T14:56:26Z,-105.0,-127.0
Collin Sexton,Toronto Raptors @ Charlotte Hornets,2025-11-29T23:10:00Z,player_points,15.5,betrivers,2025-11-29T14:54:40Z,2025-11-29T14:56:26Z,-125.0,-107.0
Brandon Miller,Toronto Raptors @ Charlotte Hornets,2025-11-29T23:10:00Z,player_points,19.5,betrivers,2025-11-29T14:54:40Z,2025-11-29T14:56:26Z,-115.0,-115.0
Ryan Kalkbrenner,Toronto Raptors @ Charlotte Hornets,2025-11-29T23:10:00Z,player_points,7.5,betrivers,2025-11-29T14:54:40Z,2025-11-29T14:56:26Z,-136.0,102.0
Sandro Mamukelashvili,Toronto Raptors @ Charlotte Hornets,2025-11-29T23:10:00Z,player_points,10.5,betrivers,2025-11-29T14:54:40Z,2025-11-29T14:56:26Z,-117.0,-114.0
Moussa Diabate,Toronto Raptors @ Charlotte Hornets,2025-11-29T23:10:00Z,player_points,7.5,betrivers,2025-11-29T14:54:40Z,2025-11-29T14:56:26Z,-110.0,-121.0
Jakob Poeltl,Toronto Raptors @ Charlotte Hornets,2025-11-29T23:10:00Z,player_points,12.5,betrivers,2025-11-29T14:54:40Z,2025-11-29T14:56:26Z,-106.0,-125.0
Immanuel Quickley,Toronto Raptors @ Charlotte Hornets,2025-11-29T23:10:00Z,player_points,16.5,betrivers,2025-11-29T14:54:40Z,2025-11-29T14:56:26Z,-124.0,-108.0
Jamal Shead,Toronto Raptors @ Charlotte Hornets,2025-11-29T23:10:00Z,player_points,6.5,betrivers,2025-11-29T14:54:40Z,2025-11-29T14:56:26Z,-124.0,-107.0
Scottie Barnes,Toronto Raptors @ Charlotte Hornets,2025-11-29T23:10:00Z,player_points,19.5,betrivers,2025-11-29T14:54:40Z,2025-11-29T14:56:26Z,-114.0,-117.0
Brandon Miller,Toronto Raptors @ Charlotte Hornets,2025-11-29T23:10:00Z,player_points_rebounds_assists,27.5,betrivers,2025-11-29T14:54:40Z,2025-11-29T14:56:26Z,-110.0,-121.0
Kon Knueppel,Toronto Raptors @ Charlotte Hornets,2025-11-29T23:10:00Z,player_points_rebounds_assists,25.5,betrivers,2025-11-29T14:54:40Z,2025-11-29T14:56:26Z,-122.0,-109.0
Immanuel Quickley,Toronto Raptors @ Charlotte Hornets,2025-11-29T23:10:00Z,player_points_rebounds_assists,28.5,betrivers,2025-11-29T14:54:40Z,2025-11-29T14:56:26Z,-114.0,-117.0
Miles Bridges,Toronto Raptors @ Charlotte Hornets,2025-11-29T23:10:00Z,player_points_rebounds_assists,34.5,betrivers,2025-11-29T14:54:40Z,2025-11-29T14:56:26Z,-121.0,-109.0
Brandon Ingram,Toronto Raptors @ Charlotte Hornets,2025-11-29T23:10:00Z,player_points_rebounds_assists,35.5,betrivers,2025-11-29T14:54:40Z,2025-11-29T14:56:26Z,-114.0,-117.0
Scottie Barnes,Toronto Raptors @ Charlotte Hornets,2025-11-29T23:10:00Z,player_points_rebounds_assists,33.5,betrivers,2025-11-29T14:54:40Z,2025-11-29T14:56:26Z,-120.0,-112.0
Collin Sexton,Toronto Raptors @ Charlotte Hornets,2025-11-29T23:10:00Z,player_points_rebounds_assists,23.5,betrivers,2025-11-29T14:54:40Z,2025-11-29T14:56:26Z,-122.0,-108.0
Kon Knueppel,Toronto Raptors @ Charlotte Hornets,2025-11-29T23:10:00Z,player_rebounds,5.5,betrivers,2025-11-29T14:54:40Z,2025-11-29T14:56:26Z,114.0,-152.0
Scottie Barnes,Toronto Raptors @ Charlotte Hornets,2025-11-29T23:10:00Z,player_rebounds,7.5,betrivers,2025-11-29T14:54:40Z,2025-11-29T14:56:26Z,-143.0,108.0
Collin Sexton,Toronto Raptors @ Charlotte Hornets,2025-11-29T23:10:00Z,player_rebounds,2.5,betrivers,2025-11-29T14:54:40Z,2025-11-29T14:56:26Z,-109.0,-122.0
Immanuel Quickley,Toronto Raptors @ Charlotte Hornets,2025-11-29T23:10:00Z,player_rebounds,4.5,betrivers,2025-11-29T14:54:40Z,2025-11-29T14:56:26Z,112.0,-150.0
Brandon Miller,Toronto Raptors @ Charlotte Hornets,2025-11-29T23:10:00Z,player_rebounds,3.5,betrivers,2025-11-29T14:54:40Z,2025-11-29T14:56:26Z,-132.0,100.0
Brandon Ingram,Toronto Raptors @ Charlotte Hornets,2025-11-29T23:10:00Z,player_rebounds,6.5,betrivers,2025-11-29T14:54:40Z,2025-11-29T14:56:26Z,108.0,-143.0
Sandro Mamukelashvili,Toronto Raptors @ Charlotte Hornets,2025-11-29T23:10:00Z,player_rebounds,4.5,betrivers,2025-11-29T14:54:40Z,2025-11-29T14:56:26Z,-139.0,104.0
Ryan Kalkbrenner,Toronto Raptors @ Charlotte Hornets,2025-11-29T23:10:00Z,player_rebounds,6.5,betrivers,2025-11-29T14:54:40Z,2025-11-29T14:56:26Z,-120.0,-110.0
Moussa Diabate,Toronto Raptors @ Charlotte Hornets,2025-11-29T23:10:00Z,player_rebounds,7.5,betrivers,2025-11-29T14:54:40Z,2025-11-29T14:56:26Z,-130.0,-103.0
Miles Bridges,Toronto Raptors @ Charlotte Hornets,2025-11-29T23:10:00Z,player_rebounds,6.5,betrivers,2025-11-29T14:54:40Z,2025-11-29T14:56:26Z,-127.0,-105.0
Jakob Poeltl,Toronto Raptors @ Charlotte Hornets,2025-11-29T23:10:00Z,player_rebounds,9.5,betrivers,2025-11-29T14:54:40Z,2025-11-29T14:56:26Z,106.0,-139.0
Scottie Barnes,Toronto Raptors @ Charlotte Hornets,2025-11-29T23:10:00Z,player_threes,1.5,betrivers,2025-11-29T14:54:40Z,2025-11-29T14:56:26Z,180.0,-250.0
Immanuel Quickley,Toronto Raptors @ Charlotte Hornets,2025-11-29T23:10:00Z,player_threes,2.5,betrivers,2025-11-29T14:54:40Z,2025-11-29T14:56:26Z,-122.0,-109.0
Brandon Ingram,Toronto Raptors @ Charlotte Hornets,2025-11-29T23:10:00Z,player_threes,1.5,betrivers,2025-11-29T14:54:40Z,2025-11-29T14:56:26Z,-162.0,120.0
Collin Sexton,Toronto Raptors @ Charlotte Hornets,2025-11-29T23:10:00Z,player_threes,1.5,betrivers,2025-11-29T14:54:40Z,2025-11-29T14:56:26Z,112.0,-150.0
Miles Bridges,Toronto Raptors @ Charlotte Hornets,2025-11-29T23:10:00Z,player_threes,2.5,betrivers,2025-11-29T14:54:40Z,2025-11-29T14:56:26Z,-118.0,-113.0
Brandon Miller,Toronto Raptors @ Charlotte Hornets,2025-11-29T23:10:00Z,player_threes,2.5,betrivers,2025-11-29T14:54:40Z,2025-11-29T14:56:26Z,-124.0,-107.0
Kon Knueppel,Toronto Raptors @ Charlotte Hornets,2025-11-29T23:10:00Z,player_threes,3.5,betrivers,2025-11-29T14:54:40Z,2025-11-29T14:56:26Z,125.0,-167.0
Kevin Huerter,Chicago Bulls @ Indiana Pacers,2025-11-30T00:40:00Z,player_assists,2.5,fanduel,2025-11-29T14:55:23Z,2025-11-29T14:55:52Z,-102.0,-130.0
Ben Sheppard,Chicago Bulls @ Indiana Pacers,2025-11-30T00:40:00Z,player_assists,2.5,fanduel,2025-11-29T14:55:23Z,2025-11-29T14:55:52Z,108.0,-144.0
Pascal Siakam,Chicago Bulls @ Indiana Pacers,2025-11-30T00:40:00Z,player_assists,5.5,fanduel,2025-11-29T14:55:23Z,2025-11-29T14:55:52Z,128.0,-172.0
Coby White,Chicago Bulls @ Indiana Pacers,2025-11-30T00:40:00Z,player_assists,5.5,fanduel,2025-11-29T14:55:23Z,2025-11-29T14:55:52Z,124.0,-166.0
Josh Giddey,Chicago Bulls @ Indiana Pacers,2025-11-30T00:40:00Z,player_assists,8.5,fanduel,2025-11-29T14:55:23Z,2025-11-29T14:55:52Z,-130.0,-102.0
Nikola Vucevic,Chicago Bulls @ Indiana Pacers,2025-11-30T00:40:00Z,player_assists,2.5,fanduel,2025-11-29T14:55:23Z,2025-11-29T14:55:52Z,-154.0,116.0
Bennedict Mathurin,Chicago Bulls @ Indiana Pacers,2025-11-30T00:40:00Z,player_assists,2.5,fanduel,2025-11-29T14:55:23Z,2025-11-29T14:55:52Z,-104.0,-128.0
Josh Giddey,Chicago Bulls @ Indiana Pacers,2025-11-30T00:40:00Z,player_double_double,,fanduel,2025-11-29T14:55:23Z,2025-11-29T14:55:52Z,,
Nikola Vucevic,Chicago Bulls @ Indiana Pacers,2025-11-30T00:40:00Z,player_double_double,,fanduel,2025-11-29T14:55:23Z,2025-11-29T14:55:52Z,,
Pascal Siakam,Chicago Bulls @ Indiana Pacers,2025-11-30T00:40:00Z,player_double_double,,fanduel,2025-11-29T14:55:23Z,2025-11-29T14:55:52Z,,
Bennedict Mathurin,Chicago Bulls @ Indiana Pacers,2025-11-30T00:40:00Z,player_double_double,,fanduel,2025-11-29T14:55:23Z,2025-11-29T14:55:52Z,,
Coby White,Chicago Bulls @ Indiana Pacers,2025-11-30T00:40:00Z,player_double_double,,fanduel,2025-11-29T14:55:23Z,2025-11-29T14:55:52Z,,
Matas Buzelis,Chicago Bulls @ Indiana Pacers,2025-11-30T00:40:00Z,player_double_double,,fanduel,2025-11-29T14:55:23Z,2025-11-29T14:55:52Z,,
Ben Sheppard,Chicago Bulls @ Indiana Pacers,2025-11-30T00:40:00Z,player_double_double,,fanduel,2025-11-29T14:55:23Z,2025-11-29T14:55:52Z,,
Kevin Huerter,Chicago Bulls @ Indiana Pacers,2025-11-30T00:40:00Z,player_points,11.5,fanduel,2025-11-29T14:55:23Z,2025-11-29T14:55:52Z,-110.0,-120.0
Matas Buzelis,Chicago Bulls @ Indiana Pacers,2025-11-30T00:40:00Z,player_points,12.5,fanduel,2025-11-29T14:55:23Z,2025-11-29T14:55:52Z,-128.0,-104.0
Pascal Siakam,Chicago Bulls @ Indiana Pacers,2025-11-30T00:40:00Z,player_points,24.5,fanduel,2025-11-29T14:55:23Z,2025-11-29T14:55:52Z,-122.0,-108.0
Nikola Vucevic,Chicago Bulls @ Indiana Pacers,2025-11-30T00:40:00Z,player_points,17.5,fanduel,2025-11-29T14:55:23Z,2025-11-29T14:55:52Z,-122.0,-108.0
Josh Giddey,Chicago Bulls @ Indiana Pacers,2025-11-30T00:40:00Z,player_points,19.5,fanduel,2025-11-29T14:55:23Z,2025-11-29T14:55:52Z,-108.0,-122.0
Ben Sheppard,Chicago Bulls @ Indiana Pacers,2025-11-30T00:40:00Z,player_points,7.5,fanduel,2025-11-29T14:55:23Z,2025-11-29T14:55:52Z,-118.0,-112.0
Coby White,Chicago Bulls @ Indiana Pacers,2025-11-30T00:40:00Z,player_points,22.5,fanduel,2025-11-29T14:55:23Z,2025-11-29T14:55:52Z,-110.0,-120.0
Bennedict Mathurin,Chicago Bulls @ Indiana Pacers,2025-11-30T00:40:00Z,player_points,24.5,fanduel,2025-11-29T14:55:23Z,2025-11-29T14:55:52Z,-102.0,-130.0
Kevin Huerter,Chicago Bulls @ Indiana Pacers,2025-11-30T00:40:00Z,player_points_rebounds_assists,17.5,fanduel,2025-11-29T14:55:23Z,2025-11-29T14:55:52Z,-102.0,-130.0
Nikola Vucevic,Chicago Bulls @ Indiana Pacers,2025-11-30T00:40:00Z,player_points_rebounds_assists,30.5,fanduel,2025-11-29T14:55:23Z,2025-11-29T14:55:52Z,-122.0,-108.0
Josh Giddey,Chicago Bulls @ Indiana Pacers,2025-11-30T00:40:00Z,player_points_rebounds_assists,37.5,fanduel,2025-11-29T14:55:23Z,2025-11-29T14:55:52Z,-118.0,-112.0
Ben Sheppard,Chicago Bulls @ Indiana Pacers,2025-11-30T00:40:00Z,player_points_rebounds_assists,15.5,fanduel,2025-11-29T14:55:23Z,2025-11-29T14:55:52Z,-112.0,-118.0
Coby White,Chicago Bulls @ Indiana Pacers,2025-11-30T00:40:00Z,player_points_rebounds_assists,30.5,fanduel,2025-11-29T14:55:23Z,2025-11-29T14:55:52Z,-128.0,-104.0
Pascal Siakam,Chicago Bulls @ Indiana Pacers,2025-11-30T00:40:00Z,player_points_rebounds_assists,37.5,fanduel,2025-11-29T14:55:23Z,2025-11-29T14:55:52Z,-114.0,-114.0
Bennedict Mathurin,Chicago Bulls @ Indiana Pacers,2025-11-30T00:40:00Z,player_points_rebounds_assists,32.5,fanduel,2025-11-29T14:55:23Z,2025-11-29T14:55:52Z,-122.0,-108.0
Kevin Huerter,Chicago Bulls @ Indiana Pacers,2025-11-30T00:40:00Z,player_rebounds,2.5,fanduel,2025-11-29T14:55:23Z,2025-11-29T14:55:52Z,-162.0,122.0
Matas Buzelis,Chicago Bulls @ Indiana Pacers,2025-11-30T00:40:00Z,player_rebounds,4.5,fanduel,2025-11-29T14:55:23Z,2025-11-29T14:55:52Z,-120.0,-110.0
Ben Sheppard,Chicago Bulls @ Indiana Pacers,2025-11-30T00:40:00Z,player_rebounds,5.5,fanduel,2025-11-29T14:55:23Z,2025-11-29T14:55:52Z,122.0,-162.0
Pascal Siakam,Chicago Bulls @ Indiana Pacers,2025-11-30T00:40:00Z,player_rebounds,7.5,fanduel,2025-11-29T14:55:23Z,2025-11-29T14:55:52Z,104.0,-138.0
Coby White,Chicago Bulls @ Indiana Pacers,2025-11-30T00:40:00Z,player_rebounds,3.5,fanduel,2025-11-29T14:55:23Z,2025-11-29T14:55:52Z,122.0,-162.0
Bennedict Mathurin,Chicago Bulls @ Indiana Pacers,2025-11-30T00:40:00Z,player_rebounds,5.5,fanduel,2025-11-29T14:55:23Z,2025-11-29T14:55:52Z,-158.0,118.0
Nikola Vucevic,Chicago Bulls @ Indiana Pacers,2025-11-30T00:40:00Z,player_rebounds,10.5,fanduel,2025-11-29T14:55:23Z,2025-11-29T14:55:52Z,116.0,-154.0
Josh Giddey,Chicago Bulls @ Indiana Pacers,2025-11-30T00:40:00Z,player_rebounds,8.5,fanduel,2025-11-29T14:55:23Z,2025-11-29T14:55:52Z,-136.0,104.0
Kevin Huerter,Chicago Bulls @ Indiana Pacers,2025-11-30T00:40:00Z,player_threes,1.5,fanduel,2025-11-29T14:55:23Z,2025-11-29T14:55:52Z,-108.0,-122.0
Nikola Vucevic,Chicago Bulls @ Indiana Pacers,2025-11-30T00:40:00Z,player_threes,1.5,fanduel,2025-11-29T14:55:23Z,2025-11-29T14:55:52Z,102.0,-136.0
Matas Buzelis,Chicago Bulls @ Indiana Pacers,2025-11-30T00:40:00Z,player_threes,1.5,fanduel,2025-11-29T14:55:23Z,2025-11-29T14:55:52Z,-106.0,-122.0
Pascal Siakam,Chicago Bulls @ Indiana Pacers,2025-11-30T00:40:00Z,player_threes,1.5,fanduel,2025-11-29T14:55:23Z,2025-11-29T14:55:52Z,-114.0,-114.0
Josh Giddey,Chicago Bulls @ Indiana Pacers,2025-11-30T00:40:00Z,player_threes,1.5,fanduel,2025-11-29T14:55:23Z,2025-11-29T14:55:52Z,-114.0,-114.0
Coby White,Chicago Bulls @ Indiana Pacers,2025-11-30T00:40:00Z,player_threes,2.5,fanduel,2025-11-29T14:55:23Z,2025-11-29T14:55:52Z,-174.0,130.0
Bennedict Mathurin,Chicago Bulls @ Indiana Pacers,2025-11-30T00:40:00Z,player_threes,2.5,fanduel,2025-11-29T14:55:23Z,2025-11-29T14:55:52Z,116.0,-154.0
Josh Giddey,Chicago Bulls @ Indiana Pacers,2025-11-30T00:40:00Z,player_triple_double,,fanduel,2025-11-29T14:55:23Z,2025-11-29T14:55:52Z,,
Pascal Siakam,Chicago Bulls @ Indiana Pacers,2025-11-30T00:40:00Z,player_triple_double,,fanduel,2025-11-29T14:55:23Z,2025-11-29T14:55:52Z,,
Coby White,Chicago Bulls @ Indiana Pacers,2025-11-30T00:40:00Z,player_assists,5.5,fanatics,2025-11-29T14:54:37Z,2025-11-29T14:56:17Z,120.0,-165.0
Josh Giddey,Chicago Bulls @ Indiana Pacers,2025-11-30T00:40:00Z,player_assists,8.5,fanatics,2025-11-29T14:54:37Z,2025-11-29T14:56:17Z,-130.0,100.0
Pascal Siakam,Chicago Bulls @ Indiana Pacers,2025-11-30T00:40:00Z,player_assists,4.5,fanatics,2025-11-29T14:54:37Z,2025-11-29T14:56:17Z,-140.0,105.0
Nikola Vucevic,Chicago Bulls @ Indiana Pacers,2025-11-30T00:40:00Z,player_assists,2.5,fanatics,2025-11-29T14:54:37Z,2025-11-29T14:56:17Z,-165.0,120.0
Bennedict Mathurin,Chicago Bulls @ Indiana Pacers,2025-11-30T00:40:00Z,player_assists,2.5,fanatics,2025-11-29T14:54:37Z,2025-11-29T14:56:17Z,105.0,-140.0
Andrew Nembhard,Chicago Bulls @ Indiana Pacers,2025-11-30T00:40:00Z,player_assists,6.5,fanatics,2025-11-29T14:54:37Z,2025-11-29T14:56:17Z,-125.0,-105.0
Ben Sheppard,Chicago Bulls @ Indiana Pacers,2025-11-30T00:40:00Z,player_assists,2.5,fanatics,2025-11-29T14:54:37Z,2025-11-29T14:56:17Z,105.0,-140.0
Kevin Huerter,Chicago Bulls @ Indiana Pacers,2025-11-30T00:40:00Z,player_assists,2.5,fanatics,2025-11-29T14:54:37Z,2025-11-29T14:56:17Z,100.0,-130.0
Matas Buzelis,Chicago Bulls @ Indiana Pacers,2025-11-30T00:40:00Z,player_assists,1.5,fanatics,2025-11-29T14:54:37Z,2025-11-29T14:56:17Z,140.0,-225.0
Coby White,Chicago Bulls @ Indiana Pacers,2025-11-30T00:40:00Z,player_double_double,,fanatics,2025-11-29T14:54:37Z,2025-11-29T14:56:17Z,,
Josh Giddey,Chicago Bulls @ Indiana Pacers,2025-11-30T00:40:00Z,player_double_double,,fanatics,2025-11-29T14:54:37Z,2025-11-29T14:56:17Z,,
Nikola Vucevic,Chicago Bulls @ Indiana Pacers,2025-11-30T00:40:00Z,player_double_double,,fanatics,2025-11-29T14:54:37Z,2025-11-29T14:56:17Z,,
Pascal Siakam,Chicago Bulls @ Indiana Pacers,2025-11-30T00:40:00Z,player_double_double,,fanatics,2025-11-29T14:54:37Z,2025-11-29T14:56:17Z,,
Bennedict Mathurin,Chicago Bulls @ Indiana Pacers,2025-11-30T00:40:00Z,player_double_double,,fanatics,2025-11-29T14:54:37Z,2025-11-29T14:56:17Z,,
Andrew Nembhard,Chicago Bulls @ Indiana Pacers,2025-11-30T00:40:00Z,player_double_double,,fanatics,2025-11-29T14:54:37Z,2025-11-29T14:56:17Z,,
Matas Buzelis,Chicago Bulls @ Indiana Pacers,2025-11-30T00:40:00Z,player_double_double,,fanatics,2025-11-29T14:54:37Z,2025-11-29T14:56:17Z,,
Ben Sheppard,Chicago Bulls @ Indiana Pacers,2025-11-30T00:40:00Z,player_double_double,,fanatics,2025-11-29T14:54:37Z,2025-11-29T14:56:17Z,,
Josh Giddey,Chicago Bulls @ Indiana Pacers,2025-11-30T00:40:00Z,player_points,19.5,fanatics,2025-11-29T14:54:37Z,2025-11-29T14:56:17Z,-115.0,-115.0
Nikola Vucevic,Chicago Bulls @ Indiana Pacers,2025-11-30T00:40:00Z,player_points,17.5,fanatics,2025-11-29T14:54:37Z,2025-11-29T14:56:17Z,-120.0,-110.0
Coby White,Chicago Bulls @ Indiana Pacers,2025-11-30T00:40:00Z,player_points,22.5,fanatics,2025-11-29T14:54:37Z,2025-11-29T14:56:17Z,-115.0,-115.0
Bennedict Mathurin,Chicago Bulls @ Indiana Pacers,2025-11-30T00:40:00Z,player_points,23.5,fanatics,2025-11-29T14:54:37Z,2025-11-29T14:56:17Z,-125.0,-105.0
Pascal Siakam,Chicago Bulls @ Indiana Pacers,2025-11-30T00:40:00Z,player_points,24.5,fanatics,2025-11-29T14:54:37Z,2025-11-29T14:56:17Z,-115.0,-115.0
Andrew Nembhard,Chicago Bulls @ Indiana Pacers,2025-11-30T00:40:00Z,player_points,17.5,fanatics,2025-11-29T14:54:37Z,2025-11-29T14:56:17Z,-120.0,-110.0
Matas Buzelis,Chicago Bulls @ Indiana Pacers,2025-11-30T00:40:00Z,player_points,12.5,fanatics,2025-11-29T14:54:37Z,2025-11-29T14:56:17Z,-130.0,100.0
Ben Sheppard,Chicago Bulls @ Indiana Pacers,2025-11-30T00:40:00Z,player_points,7.5,fanatics,2025-11-29T14:54:37Z,2025-11-29T14:56:17Z,-115.0,-115.0
Kevin Huerter,Chicago Bulls @ Indiana Pacers,2025-11-30T00:40:00Z,player_points,11.5,fanatics,2025-11-29T14:54:37Z,2025-11-29T14:56:17Z,-110.0,-120.0
Coby White,Chicago Bulls @ Indiana Pacers,2025-11-30T00:40:00Z,player_points_rebounds_assists,31.5,fanatics,2025-11-29T14:54:37Z,2025-11-29T14:56:17Z,-105.0,-125.0
Josh Giddey,Chicago Bulls @ Indiana Pacers,2025-11-30T00:40:00Z,player_points_rebounds_assists,37.5,fanatics,2025-11-29T14:54:37Z,2025-11-29T14:56:17Z,-115.0,-115.0
Bennedict Mathurin,Chicago Bulls @ Indiana Pacers,2025-11-30T00:40:00Z,player_points_rebounds_assists,32.5,fanatics,2025-11-29T14:54:37Z,2025-11-29T14:56:17Z,-115.0,-115.0
Ben Sheppard,Chicago Bulls @ Indiana Pacers,2025-11-30T00:40:00Z,player_points_rebounds_assists,15.5,fanatics,2025-11-29T14:54:37Z,2025-11-29T14:56:17Z,-105.0,-125.0
Kevin Huerter,Chicago Bulls @ Indiana Pacers,2025-11-30T00:40:00Z,player_points_rebounds_assists,17.5,fanatics,2025-11-29T14:54:37Z,2025-11-29T14:56:17Z,100.0,-130.0
Pascal Siakam,Chicago Bulls @ Indiana Pacers,2025-11-30T00:40:00Z,player_points_rebounds_assists,36.5,fanatics,2025-11-29T14:54:37Z,2025-11-29T14:56:17Z,-120.0,-110.0
Nikola Vucevic,Chicago Bulls @ Indiana Pacers,2025-11-30T00:40:00Z,player_points_rebounds_assists,30.5,fanatics,2025-11-29T14:54:37Z,2025-11-29T14:56:17Z,-125.0,-105.0
Andrew Nembhard,Chicago Bulls @ Indiana Pacers,2025-11-30T00:40:00Z,player_points_rebounds_assists,27.5,fanatics,2025-11-29T14:54:37Z,2025-11-29T14:56:17Z,-110.0,-120.0
Matas Buzelis,Chicago Bulls @ Indiana Pacers,2025-11-30T00:40:00Z,player_points_rebounds_assists,19.5,fanatics,2025-11-29T14:54:37Z,2025-11-29T14:56:17Z,100.0,-130.0
Coby White,Chicago Bulls @ Indiana Pacers,2025-11-30T00:40:00Z,player_rebounds,3.5,fanatics,2025-11-29T14:54:37Z,2025-11-29T14:56:17Z,115.0,-150.0
Josh Giddey,Chicago Bulls @ Indiana Pacers,2025-11-30T00:40:00Z,player_rebounds,8.5,fanatics,2025-11-29T14:54:37Z,2025-11-29T14:56:17Z,-140.0,105.0
Bennedict Mathurin,Chicago Bulls @ Indiana Pacers,2025-11-30T00:40:00Z,player_rebounds,5.5,fanatics,2025-11-29T14:54:37Z,2025-11-29T14:56:17Z,-140.0,105.0
Pascal Siakam,Chicago Bulls @ Indiana Pacers,2025-11-30T00:40:00Z,player_rebounds,7.5,fanatics,2025-11-29T14:54:37Z,2025-11-29T14:56:17Z,110.0,-145.0
Nikola Vucevic,Chicago Bulls @ Indiana Pacers,2025-11-30T00:40:00Z,player_rebounds,9.5,fanatics,2025-11-29T14:54:37Z,2025-11-29T14:56:17Z,-140.0,105.0
Matas Buzelis,Chicago Bulls @ Indiana Pacers,2025-11-30T00:40:00Z,player_rebounds,4.5,fanatics,2025-11-29T14:54:37Z,2025-11-29T14:56:17Z,-125.0,-105.0
Andrew Nembhard,Chicago Bulls @ Indiana Pacers,2025-11-30T00:40:00Z,player_rebounds,2.5,fanatics,2025-11-29T14:54:37Z,2025-11-29T14:56:17Z,-120.0,-110.0
Ben Sheppard,Chicago Bulls @ Indiana Pacers,2025-11-30T00:40:00Z,player_rebounds,4.5,fanatics,2025-11-29T14:54:37Z,2025-11-29T14:56:17Z,-150.0,115.0
Kevin Huerter,Chicago Bulls @ Indiana Pacers,2025-11-30T00:40:00Z,player_rebounds,2.5,fanatics,2025-11-29T14:54:37Z,2025-11-29T14:56:17Z,-165.0,120.0
Josh Giddey,Chicago Bulls @ Indiana Pacers,2025-11-30T00:40:00Z,player_threes,1.5,fanatics,2025-11-29T14:54:37Z,2025-11-29T14:56:17Z,-115.0,-115.0
Coby White,Chicago Bulls @ Indiana Pacers,2025-11-30T00:40:00Z,player_threes,2.5,fanatics,2025-11-29T14:54:37Z,2025-11-29T14:56:17Z,-165.0,120.0
Nikola Vucevic,Chicago Bulls @ Indiana Pacers,2025-11-30T00:40:00Z,player_threes,1.5,fanatics,2025-11-29T14:54:37Z,2025-11-29T14:56:17Z,-115.0,-115.0
Pascal Siakam,Chicago Bulls @ Indiana Pacers,2025-11-30T00:40:00Z,player_threes,1.5,fanatics,2025-11-29T14:54:37Z,2025-11-29T14:56:17Z,-105.0,-125.0
Bennedict Mathurin,Chicago Bulls @ Indiana Pacers,2025-11-30T00:40:00Z,player_threes,2.5,fanatics,2025-11-29T14:54:37Z,2025-11-29T14:56:17Z,125.0,-175.0
Matas Buzelis,Chicago Bulls @ Indiana Pacers,2025-11-30T00:40:00Z,player_threes,1.5,fanatics,2025-11-29T14:54:37Z,2025-11-29T14:56:17Z,-105.0,-125.0
Kevin Huerter,Chicago Bulls @ Indiana Pacers,2025-11-30T00:40:00Z,player_threes,1.5,fanatics,2025-11-29T14:54:37Z,2025-11-29T14:56:17Z,-115.0,-115.0
Andrew Nembhard,Chicago Bulls @ Indiana Pacers,2025-11-30T00:40:00Z,player_threes,1.5,fanatics,2025-11-29T14:54:37Z,2025-11-29T14:56:17Z,-130.0,100.0
Ben Sheppard,Chicago Bulls @ Indiana Pacers,2025-11-30T00:40:00Z,player_threes,1.5,fanatics,2025-11-29T14:54:37Z,2025-11-29T14:56:17Z,125.0,-175.0
Josh Giddey,Chicago Bulls @ Indiana Pacers,2025-11-30T00:40:00Z,player_triple_double,,fanatics,2025-11-29T14:54:37Z,2025-11-29T14:56:17Z,,
Andrew Nembhard,Chicago Bulls @ Indiana Pacers,2025-11-30T00:40:00Z,player_assists,6.5,betonlineag,2025-11-29T14:54:41Z,2025-11-29T14:53:17Z,-125.0,-103.0
Bennedict Mathurin,Chicago Bulls @ Indiana Pacers,2025-11-30T00:40:00Z,player_assists,2.5,betonlineag,2025-11-29T14:54:41Z,2025-11-29T14:53:17Z,102.0,-132.0
Nikola Vucevic,Chicago Bulls @ Indiana Pacers,2025-11-30T00:40:00Z,player_assists,2.5,betonlineag,2025-11-29T14:54:41Z,2025-11-29T14:53:17Z,-152.0,117.0
Pascal Siakam,Chicago Bulls @ Indiana Pacers,2025-11-30T00:40:00Z,player_assists,4.5,betonlineag,2025-11-29T14:54:41Z,2025-11-29T14:53:17Z,-132.0,102.0
Josh Giddey,Chicago Bulls @ Indiana Pacers,2025-11-30T00:40:00Z,player_assists,8.5,betonlineag,2025-11-29T14:54:41Z,2025-11-29T14:53:17Z,-123.0,-105.0
Coby White,Chicago Bulls @ Indiana Pacers,2025-11-30T00:40:00Z,player_assists,4.5,betonlineag,2025-11-29T14:54:41Z,2025-11-29T14:53:17Z,-154.0,119.0
Ben Sheppard,Chicago Bulls @ Indiana Pacers,2025-11-30T00:40:00Z,player_assists,2.5,betonlineag,2025-11-29T14:54:41Z,2025-11-29T14:53:17Z,112.0,-145.0
Kevin Huerter,Chicago Bulls @ Indiana Pacers,2025-11-30T00:40:00Z,player_assists,2.5,betonlineag,2025-11-29T14:54:41Z,2025-11-29T14:53:17Z,100.0,-130.0
Coby White,Chicago Bulls @ Indiana Pacers,2025-11-30T00:40:00Z,player_points,22.5,betonlineag,2025-11-29T14:54:41Z,2025-11-29T14:53:17Z,-112.0,-115.0
Nikola Vucevic,Chicago Bulls @ Indiana Pacers,2025-11-30T00:40:00Z,player_points,17.5,betonlineag,2025-11-29T14:54:41Z,2025-11-29T14:53:17Z,-116.0,-111.0
Bennedict Mathurin,Chicago Bulls @ Indiana Pacers,2025-11-30T00:40:00Z,player_points,23.5,betonlineag,2025-11-29T14:54:41Z,2025-11-29T14:53:17Z,-120.0,-108.0
Pascal Siakam,Chicago Bulls @ Indiana Pacers,2025-11-30T00:40:00Z,player_points,24.5,betonlineag,2025-11-29T14:54:41Z,2025-11-29T14:53:17Z,-115.0,-112.0
Matas Buzelis,Chicago Bulls @ Indiana Pacers,2025-11-30T00:40:00Z,player_points,12.5,betonlineag,2025-11-29T14:54:41Z,2025-11-29T14:53:17Z,-123.0,-105.0
Josh Giddey,Chicago Bulls @ Indiana Pacers,2025-11-30T00:40:00Z,player_points,19.5,betonlineag,2025-11-29T14:54:41Z,2025-11-29T14:53:17Z,-109.0,-119.0
Ben Sheppard,Chicago Bulls @ Indiana Pacers,2025-11-30T00:40:00Z,player_points,7.5,betonlineag,2025-11-29T14:54:41Z,2025-11-29T14:53:17Z,-116.0,-111.0
Kevin Huerter,Chicago Bulls @ Indiana Pacers,2025-11-30T00:40:00Z,player_points,11.5,betonlineag,2025-11-29T14:54:41Z,2025-11-29T14:53:17Z,-106.0,-122.0
Andrew Nembhard,Chicago Bulls @ Indiana Pacers,2025-11-30T00:40:00Z,player_points,17.5,betonlineag,2025-11-29T14:54:41Z,2025-11-29T14:53:17Z,-119.0,-109.0
Bennedict Mathurin,Chicago Bulls @ Indiana Pacers,2025-11-30T00:40:00Z,player_points_rebounds_assists,32.5,betonlineag,2025-11-29T14:54:41Z,2025-11-29T14:53:17Z,-110.0,-118.0
Josh Giddey,Chicago Bulls @ Indiana Pacers,2025-11-30T00:40:00Z,player_points_rebounds_assists,37.5,betonlineag,2025-11-29T14:54:41Z,2025-11-29T14:53:17Z,-115.0,-112.0
Matas Buzelis,Chicago Bulls @ Indiana Pacers,2025-11-30T00:40:00Z,player_points_rebounds_assists,19.5,betonlineag,2025-11-29T14:54:41Z,2025-11-29T14:53:17Z,-103.0,-125.0
Ben Sheppard,Chicago Bulls @ Indiana Pacers,2025-11-30T00:40:00Z,player_points_rebounds_assists,15.5,betonlineag,2025-11-29T14:54:41Z,2025-11-29T14:53:17Z,-106.0,-122.0
Nikola Vucevic,Chicago Bulls @ Indiana Pacers,2025-11-30T00:40:00Z,player_points_rebounds_assists,30.5,betonlineag,2025-11-29T14:54:41Z,2025-11-29T14:53:17Z,-116.0,-111.0
Pascal Siakam,Chicago Bulls @ Indiana Pacers,2025-11-30T00:40:00Z,player_points_rebounds_assists,36.5,betonlineag,2025-11-29T14:54:41Z,2025-11-29T14:53:17Z,-114.0,-114.0
Coby White,Chicago Bulls @ Indiana Pacers,2025-11-30T00:40:00Z,player_points_rebounds_assists,31.5,betonlineag,2025-11-29T14:54:41Z,2025-11-29T14:53:17Z,-106.0,-122.0
Andrew Nembhard,Chicago Bulls @ Indiana Pacers,2025-11-30T00:40:00Z,player_points_rebounds_assists,27.5,betonlineag,2025-11-29T14:54:41Z,2025-11-29T14:53:17Z,-108.0,-120.0
Kevin Huerter,Chicago Bulls @ Indiana Pacers,2025-11-30T00:40:00Z,player_points_rebounds_assists,16.5,betonlineag,2025-11-29T14:54:41Z,2025-11-29T14:53:17Z,-118.0,-110.0
Coby White,Chicago Bulls @ Indiana Pacers,2025-11-30T00:40:00Z,player_rebounds,3.5,betonlineag,2025-11-29T14:54:41Z,2025-11-29T14:53:17Z,100.0,-130.0
Nikola Vucevic,Chicago Bulls @ Indiana Pacers,2025-11-30T00:40:00Z,player_rebounds,9.5,betonlineag,2025-11-29T14:54:41Z,2025-11-29T14:53:17Z,-133.0,103.0
Bennedict Mathurin,Chicago Bulls @ Indiana Pacers,2025-11-30T00:40:00Z,player_rebounds,5.5,betonlineag,2025-11-29T14:54:41Z,2025-11-29T14:53:17Z,-143.0,110.0
Andrew Nembhard,Chicago Bulls @ Indiana Pacers,2025-11-30T00:40:00Z,player_rebounds,2.5,betonlineag,2025-11-29T14:54:41Z,2025-11-29T14:53:17Z,-116.0,-111.0
Matas Buzelis,Chicago Bulls @ Indiana Pacers,2025-11-30T00:40:00Z,player_rebounds,4.5,betonlineag,2025-11-29T14:54:41Z,2025-11-29T14:53:17Z,-123.0,-104.0
Pascal Siakam,Chicago Bulls @ Indiana Pacers,2025-11-30T00:40:00Z,player_rebounds,7.5,betonlineag,2025-11-29T14:54:41Z,2025-11-29T14:53:17Z,109.0,-141.0
Ben Sheppard,Chicago Bulls @ Indiana Pacers,2025-11-30T00:40:00Z,player_rebounds,5.5,betonlineag,2025-11-29T14:54:41Z,2025-11-29T14:53:17Z,122.0,-159.0
Kevin Huerter,Chicago Bulls @ Indiana Pacers,2025-11-30T00:40:00Z,player_rebounds,2.5,betonlineag,2025-11-29T14:54:41Z,2025-11-29T14:53:17Z,-156.0,120.0
Josh Giddey,Chicago Bulls @ Indiana Pacers,2025-11-30T00:40:00Z,player_rebounds,8.5,betonlineag,2025-11-29T14:54:41Z,2025-11-29T14:53:17Z,-137.0,106.0
Coby White,Chicago Bulls @ Indiana Pacers,2025-11-30T00:40:00Z,player_threes,2.5,betonlineag,2025-11-29T14:54:41Z,2025-11-29T14:53:17Z,-164.0,125.0
Bennedict Mathurin,Chicago Bulls @ Indiana Pacers,2025-11-30T00:40:00Z,player_threes,2.5,betonlineag,2025-11-29T14:54:41Z,2025-11-29T14:53:17Z,128.0,-167.0
Nikola Vucevic,Chicago Bulls @ Indiana Pacers,2025-11-30T00:40:00Z,player_threes,1.5,betonlineag,2025-11-29T14:54:41Z,2025-11-29T14:53:17Z,103.0,-133.0
Andrew Nembhard,Chicago Bulls @ Indiana Pacers,2025-11-30T00:40:00Z,player_threes,1.5,betonlineag,2025-11-29T14:54:41Z,2025-11-29T14:53:17Z,-130.0,100.0
Pascal Siakam,Chicago Bulls @ Indiana Pacers,2025-11-30T00:40:00Z,player_threes,1.5,betonlineag,2025-11-29T14:54:41Z,2025-11-29T14:53:17Z,-103.0,-125.0
Matas Buzelis,Chicago Bulls @ Indiana Pacers,2025-11-30T00:40:00Z,player_threes,1.5,betonlineag,2025-11-29T14:54:41Z,2025-11-29T14:53:17Z,-103.0,-125.0
Josh Giddey,Chicago Bulls @ Indiana Pacers,2025-11-30T00:40:00Z,player_threes,1.5,betonlineag,2025-11-29T14:54:41Z,2025-11-29T14:53:17Z,-114.0,-114.0
Kevin Huerter,Chicago Bulls @ Indiana Pacers,2025-11-30T00:40:00Z,player_threes,1.5,betonlineag,2025-11-29T14:54:41Z,2025-11-29T14:53:17Z,-110.0,-118.0
Josh Giddey,Chicago Bulls @ Indiana Pacers,2025-11-30T00:40:00Z,player_assists,8.5,williamhill_us,2025-11-29T14:55:28Z,2025-11-29T14:55:56Z,-125.0,-107.0
Bennedict Mathurin,Chicago Bulls @ Indiana Pacers,2025-11-30T00:40:00Z,player_assists,2.5,williamhill_us,2025-11-29T14:55:28Z,2025-11-29T14:55:56Z,103.0,-137.0
Andrew Nembhard,Chicago Bulls @ Indiana Pacers,2025-11-30T00:40:00Z,player_assists,6.5,williamhill_us,2025-11-29T14:55:28Z,2025-11-29T14:55:56Z,-130.0,-103.0
Coby White,Chicago Bulls @ Indiana Pacers,2025-11-30T00:40:00Z,player_assists,4.5,williamhill_us,2025-11-29T14:55:28Z,2025-11-29T14:55:56Z,-162.0,120.0
Ben Sheppard,Chicago Bulls @ Indiana Pacers,2025-11-30T00:40:00Z,player_assists,2.5,williamhill_us,2025-11-29T14:55:28Z,2025-11-29T14:55:56Z,110.0,-148.0
Kevin Huerter,Chicago Bulls @ Indiana Pacers,2025-11-30T00:40:00Z,player_assists,2.5,williamhill_us,2025-11-29T14:55:28Z,2025-11-29T14:55:56Z,-103.0,-130.0
Pascal Siakam,Chicago Bulls @ Indiana Pacers,2025-11-30T00:40:00Z,player_assists,4.5,williamhill_us,2025-11-29T14:55:28Z,2025-11-29T14:55:56Z,-141.0,106.0
Nikola Vucevic,Chicago Bulls @ Indiana Pacers,2025-11-30T00:40:00Z,player_assists,2.5,williamhill_us,2025-11-29T14:55:28Z,2025-11-29T14:55:56Z,-154.0,115.0
Josh Giddey,Chicago Bulls @ Indiana Pacers,2025-11-30T00:40:00Z,player_double_double,,williamhill_us,2025-11-29T14:55:28Z,2025-11-29T14:55:56Z,,
Nikola Vucevic,Chicago Bulls @ Indiana Pacers,2025-11-30T00:40:00Z,player_double_double,,williamhill_us,2025-11-29T14:55:28Z,2025-11-29T14:55:56Z,,
Pascal Siakam,Chicago Bulls @ Indiana Pacers,2025-11-30T00:40:00Z,player_double_double,,williamhill_us,2025-11-29T14:55:28Z,2025-11-29T14:55:56Z,,
Andrew Nembhard,Chicago Bulls @ Indiana Pacers,2025-11-30T00:40:00Z,player_double_double,,williamhill_us,2025-11-29T14:55:28Z,2025-11-29T14:55:56Z,,
Bennedict Mathurin,Chicago Bulls @ Indiana Pacers,2025-11-30T00:40:00Z,player_double_double,,williamhill_us,2025-11-29T14:55:28Z,2025-11-29T14:55:56Z,,
Coby White,Chicago Bulls @ Indiana Pacers,2025-11-30T00:40:00Z,player_double_double,,williamhill_us,2025-11-29T14:55:28Z,2025-11-29T14:55:56Z,,
Matas Buzelis,Chicago Bulls @ Indiana Pacers,2025-11-30T00:40:00Z,player_double_double,,williamhill_us,2025-11-29T14:55:28Z,2025-11-29T14:55:56Z,,
Ben Sheppard,Chicago Bulls @ Indiana Pacers,2025-11-30T00:40:00Z,player_double_double,,williamhill_us,2025-11-29T14:55:28Z,2025-11-29T14:55:56Z,,
Kevin Huerter,Chicago Bulls @ Indiana Pacers,2025-11-30T00:40:00Z,player_points,11.5,williamhill_us,2025-11-29T14:55:28Z,2025-11-29T14:55:56Z,-109.0,-122.0
Matas Buzelis,Chicago Bulls @ Indiana Pacers,2025-11-30T00:40:00Z,player_points,12.5,williamhill_us,2025-11-29T14:55:28Z,2025-11-29T14:55:56Z,-127.0,-105.0
Bennedict Mathurin,Chicago Bulls @ Indiana Pacers,2025-11-30T00:40:00Z,player_points,23.5,williamhill_us,2025-11-29T14:55:28Z,2025-11-29T14:55:56Z,-118.0,-113.0
Coby White,Chicago Bulls @ Indiana Pacers,2025-11-30T00:40:00Z,player_points,22.5,williamhill_us,2025-11-29T14:55:28Z,2025-11-29T14:55:56Z,-114.0,-117.0
Ben Sheppard,Chicago Bulls @ Indiana Pacers,2025-11-30T00:40:00Z,player_points,7.5,williamhill_us,2025-11-29T14:55:28Z,2025-11-29T14:55:56Z,-121.0,-110.0
Andrew Nembhard,Chicago Bulls @ Indiana Pacers,2025-11-30T00:40:00Z,player_points,17.5,williamhill_us,2025-11-29T14:55:28Z,2025-11-29T14:55:56Z,-117.0,-114.0
Josh Giddey,Chicago Bulls @ Indiana Pacers,2025-11-30T00:40:00Z,player_points,19.5,williamhill_us,2025-11-29T14:55:28Z,2025-11-29T14:55:56Z,-118.0,-113.0
Pascal Siakam,Chicago Bulls @ Indiana Pacers,2025-11-30T00:40:00Z,player_points,24.5,williamhill_us,2025-11-29T14:55:28Z,2025-11-29T14:55:56Z,-118.0,-113.0
Nikola Vucevic,Chicago Bulls @ Indiana Pacers,2025-11-30T00:40:00Z,player_points,17.5,williamhill_us,2025-11-29T14:55:28Z,2025-11-29T14:55:56Z,-118.0,-113.0
Matas Buzelis,Chicago Bulls @ Indiana Pacers,2025-11-30T00:40:00Z,player_rebounds,4.5,williamhill_us,2025-11-29T14:55:28Z,2025-11-29T14:55:56Z,-121.0,-110.0
Josh Giddey,Chicago Bulls @ Indiana Pacers,2025-11-30T00:40:00Z,player_rebounds,9.5,williamhill_us,2025-11-29T14:55:28Z,2025-11-29T14:55:56Z,112.0,-150.0
Pascal Siakam,Chicago Bulls @ Indiana Pacers,2025-11-30T00:40:00Z,player_rebounds,7.5,williamhill_us,2025-11-29T14:55:28Z,2025-11-29T14:55:56Z,105.0,-139.0
Ben Sheppard,Chicago Bulls @ Indiana Pacers,2025-11-30T00:40:00Z,player_rebounds,5.5,williamhill_us,2025-11-29T14:55:28Z,2025-11-29T14:55:56Z,122.0,-175.0
Nikola Vucevic,Chicago Bulls @ Indiana Pacers,2025-11-30T00:40:00Z,player_rebounds,9.5,williamhill_us,2025-11-29T14:55:28Z,2025-11-29T14:55:56Z,-132.0,-102.0
Bennedict Mathurin,Chicago Bulls @ Indiana Pacers,2025-11-30T00:40:00Z,player_rebounds,5.5,williamhill_us,2025-11-29T14:55:28Z,2025-11-29T14:55:56Z,-139.0,105.0
Kevin Huerter,Chicago Bulls @ Indiana Pacers,2025-11-30T00:40:00Z,player_rebounds,2.5,williamhill_us,2025-11-29T14:55:28Z,2025-11-29T14:55:56Z,-152.0,114.0
Coby White,Chicago Bulls @ Indiana Pacers,2025-11-30T00:40:00Z,player_rebounds,3.5,williamhill_us,2025-11-29T14:55:28Z,2025-11-29T14:55:56Z,120.0,-159.0
Bennedict Mathurin,Chicago Bulls @ Indiana Pacers,2025-11-30T00:40:00Z,player_threes,2.5,williamhill_us,2025-11-29T14:55:28Z,2025-11-29T14:55:56Z,125.0,-170.0
Josh Giddey,Chicago Bulls @ Indiana Pacers,2025-11-30T00:40:00Z,player_threes,1.5,williamhill_us,2025-11-29T14:55:28Z,2025-11-29T14:55:56Z,-115.0,-115.0
Kevin Huerter,Chicago Bulls @ Indiana Pacers,2025-11-30T00:40:00Z,player_threes,1.5,williamhill_us,2025-11-29T14:55:28Z,2025-11-29T14:55:56Z,-117.0,-114.0
Andrew Nembhard,Chicago Bulls @ Indiana Pacers,2025-11-30T00:40:00Z,player_threes,1.5,williamhill_us,2025-11-29T14:55:28Z,2025-11-29T14:55:56Z,-134.0,100.0
Nikola Vucevic,Chicago Bulls @ Indiana Pacers,2025-11-30T00:40:00Z,player_threes,1.5,williamhill_us,2025-11-29T14:55:28Z,2025-11-29T14:55:56Z,100.0,-135.0
Pascal Siakam,Chicago Bulls @ Indiana Pacers,2025-11-30T00:40:00Z,player_threes,1.5,williamhill_us,2025-11-29T14:55:28Z,2025-11-29T14:55:56Z,-106.0,-125.0
Ben Sheppard,Chicago Bulls @ Indiana Pacers,2025-11-30T00:40:00Z,player_threes,1.5,williamhill_us,2025-11-29T14:55:28Z,2025-11-29T14:55:56Z,138.0,-190.0
Matas Buzelis,Chicago Bulls @ Indiana Pacers,2025-11-30T00:40:00Z,player_threes,1.5,williamhill_us,2025-11-29T14:55:28Z,2025-11-29T14:55:56Z,-105.0,-127.0
Coby White,Chicago Bulls @ Indiana Pacers,2025-11-30T00:40:00Z,player_threes,2.5,williamhill_us,2025-11-29T14:55:28Z,2025-11-29T14:55:56Z,-164.0,122.0
Josh Giddey,Chicago Bulls @ Indiana Pacers,2025-11-30T00:40:00Z,player_triple_double,,williamhill_us,2025-11-29T14:55:28Z,2025-11-29T14:55:56Z,,
Pascal Siakam,Chicago Bulls @ Indiana Pacers,2025-11-30T00:40:00Z,player_triple_double,,williamhill_us,2025-11-29T14:55:28Z,2025-11-29T14:55:56Z,,
Josh Giddey,Chicago Bulls @ Indiana Pacers,2025-11-30T00:40:00Z,player_assists,8.5,draftkings,2025-11-29T14:54:37Z,2025-11-29T14:56:22Z,-129.0,-102.0
Coby White,Chicago Bulls @ Indiana Pacers,2025-11-30T00:40:00Z,player_assists,5.5,draftkings,2025-11-29T14:54:37Z,2025-11-29T14:56:22Z,116.0,-153.0
Pascal Siakam,Chicago Bulls @ Indiana Pacers,2025-11-30T00:40:00Z,player_assists,4.5,draftkings,2025-11-29T14:54:37Z,2025-11-29T14:56:22Z,-134.0,101.0
Nikola Vucevic,Chicago Bulls @ Indiana Pacers,2025-11-30T00:40:00Z,player_assists,2.5,draftkings,2025-11-29T14:54:37Z,2025-11-29T14:56:22Z,-152.0,115.0
Kevin Huerter,Chicago Bulls @ Indiana Pacers,2025-11-30T00:40:00Z,player_assists,2.5,draftkings,2025-11-29T14:54:37Z,2025-11-29T14:56:22Z,100.0,-131.0
Bennedict Mathurin,Chicago Bulls @ Indiana Pacers,2025-11-30T00:40:00Z,player_assists,2.5,draftkings,2025-11-29T14:54:37Z,2025-11-29T14:56:22Z,108.0,-142.0
Ben Sheppard,Chicago Bulls @ Indiana Pacers,2025-11-30T00:40:00Z,player_assists,2.5,draftkings,2025-11-29T14:54:37Z,2025-11-29T14:56:22Z,111.0,-146.0
Pascal Siakam,Chicago Bulls @ Indiana Pacers,2025-11-30T00:40:00Z,player_blocks,0.5,draftkings,2025-11-29T14:54:37Z,2025-11-29T14:56:22Z,125.0,-167.0
Nikola Vucevic,Chicago Bulls @ Indiana Pacers,2025-11-30T00:40:00Z,player_blocks,0.5,draftkings,2025-11-29T14:54:37Z,2025-11-29T14:56:22Z,177.0,-239.0
Josh Giddey,Chicago Bulls @ Indiana Pacers,2025-11-30T00:40:00Z,player_double_double,,draftkings,2025-11-29T14:54:37Z,2025-11-29T14:56:22Z,,
Nikola Vucevic,Chicago Bulls @ Indiana Pacers,2025-11-30T00:40:00Z,player_double_double,,draftkings,2025-11-29T14:54:37Z,2025-11-29T14:56:22Z,,
Pascal Siakam,Chicago Bulls @ Indiana Pacers,2025-11-30T00:40:00Z,player_double_double,,draftkings,2025-11-29T14:54:37Z,2025-11-29T14:56:22Z,,
Andrew Nembhard,Chicago Bulls @ Indiana Pacers,2025-11-30T00:40:00Z,player_double_double,,draftkings,2025-11-29T14:54:37Z,2025-11-29T14:56:22Z,,
Bennedict Mathurin,Chicago Bulls @ Indiana Pacers,2025-11-30T00:40:00Z,player_double_double,,draftkings,2025-11-29T14:54:37Z,2025-11-29T14:56:22Z,,
Coby White,Chicago Bulls @ Indiana Pacers,2025-11-30T00:40:00Z,player_double_double,,draftkings,2025-11-29T14:54:37Z,2025-11-29T14:56:22Z,,
Matas Buzelis,Chicago Bulls @ Indiana Pacers,2025-11-30T00:40:00Z,player_double_double,,draftkings,2025-11-29T14:54:37Z,2025-11-29T14:56:22Z,,
Pascal Siakam,Chicago Bulls @ Indiana Pacers,2025-11-30T00:40:00Z,player_points,24.5,draftkings,2025-11-29T14:54:37Z,2025-11-29T14:56:22Z,-110.0,-116.0
Bennedict Mathurin,Chicago Bulls @ Indiana Pacers,2025-11-30T00:40:00Z,player_points,23.5,draftkings,2025-11-29T14:54:37Z,2025-11-29T14:56:22Z,-118.0,-108.0
Coby White,Chicago Bulls @ Indiana Pacers,2025-11-30T00:40:00Z,player_points,22.5,draftkings,2025-11-29T14:54:37Z,2025-11-29T14:56:22Z,-118.0,-108.0
Josh Giddey,Chicago Bulls @ Indiana Pacers,2025-11-30T00:40:00Z,player_points,19.5,draftkings,2025-11-29T14:54:37Z,2025-11-29T14:56:22Z,-113.0,-113.0
Nikola Vucevic,Chicago Bulls @ Indiana Pacers,2025-11-30T00:40:00Z,player_points,17.5,draftkings,2025-11-29T14:54:37Z,2025-11-29T14:56:22Z,-110.0,-115.0
Kevin Huerter,Chicago Bulls @ Indiana Pacers,2025-11-30T00:40:00Z,player_points,11.5,draftkings,2025-11-29T14:54:37Z,2025-11-29T14:56:22Z,-105.0,-122.0
Ben Sheppard,Chicago Bulls @ Indiana Pacers,2025-11-30T00:40:00Z,player_points,7.5,draftkings,2025-11-29T14:54:37Z,2025-11-29T14:56:22Z,-119.0,-107.0
Josh Giddey,Chicago Bulls @ Indiana Pacers,2025-11-30T00:40:00Z,player_points_rebounds_assists,37.5,draftkings,2025-11-29T14:54:37Z,2025-11-29T14:56:22Z,-119.0,-111.0
Pascal Siakam,Chicago Bulls @ Indiana Pacers,2025-11-30T00:40:00Z,player_points_rebounds_assists,36.5,draftkings,2025-11-29T14:54:37Z,2025-11-29T14:56:22Z,-119.0,-111.0
Bennedict Mathurin,Chicago Bulls @ Indiana Pacers,2025-11-30T00:40:00Z,player_points_rebounds_assists,32.5,draftkings,2025-11-29T14:54:37Z,2025-11-29T14:56:22Z,-116.0,-114.0
Coby White,Chicago Bulls @ Indiana Pacers,2025-11-30T00:40:00Z,player_points_rebounds_assists,31.5,draftkings,2025-11-29T14:54:37Z,2025-11-29T14:56:22Z,-112.0,-117.0
Nikola Vucevic,Chicago Bulls @ Indiana Pacers,2025-11-30T00:40:00Z,player_points_rebounds_assists,30.5,draftkings,2025-11-29T14:54:37Z,2025-11-29T14:56:22Z,-121.0,-109.0
Kevin Huerter,Chicago Bulls @ Indiana Pacers,2025-11-30T00:40:00Z,player_points_rebounds_assists,16.5,draftkings,2025-11-29T14:54:37Z,2025-11-29T14:56:22Z,-127.0,-104.0
Ben Sheppard,Chicago Bulls @ Indiana Pacers,2025-11-30T00:40:00Z,player_points_rebounds_assists,15.5,draftkings,2025-11-29T14:54:37Z,2025-11-29T14:56:22Z,-106.0,-124.0
Nikola Vucevic,Chicago Bulls @ Indiana Pacers,2025-11-30T00:40:00Z,player_rebounds,10.5,draftkings,2025-11-29T14:54:37Z,2025-11-29T14:56:22Z,108.0,-142.0
Josh Giddey,Chicago Bulls @ Indiana Pacers,2025-11-30T00:40:00Z,player_rebounds,8.5,draftkings,2025-11-29T14:54:37Z,2025-11-29T14:56:22Z,-139.0,106.0
Pascal Siakam,Chicago Bulls @ Indiana Pacers,2025-11-30T00:40:00Z,player_rebounds,7.5,draftkings,2025-11-29T14:54:37Z,2025-11-29T14:56:22Z,107.0,-141.0
Bennedict Mathurin,Chicago Bulls @ Indiana Pacers,2025-11-30T00:40:00Z,player_rebounds,5.5,draftkings,2025-11-29T14:54:37Z,2025-11-29T14:56:22Z,-144.0,109.0
Ben Sheppard,Chicago Bulls @ Indiana Pacers,2025-11-30T00:40:00Z,player_rebounds,5.5,draftkings,2025-11-29T14:54:37Z,2025-11-29T14:56:22Z,118.0,-156.0
Coby White,Chicago Bulls @ Indiana Pacers,2025-11-30T00:40:00Z,player_rebounds,3.5,draftkings,2025-11-29T14:54:37Z,2025-11-29T14:56:22Z,121.0,-160.0
Kevin Huerter,Chicago Bulls @ Indiana Pacers,2025-11-30T00:40:00Z,player_rebounds,2.5,draftkings,2025-11-29T14:54:37Z,2025-11-29T14:56:22Z,-151.0,114.0
Pascal Siakam,Chicago Bulls @ Indiana Pacers,2025-11-30T00:40:00Z,player_steals,1.5,draftkings,2025-11-29T14:54:37Z,2025-11-29T14:56:22Z,120.0,-160.0
Josh Giddey,Chicago Bulls @ Indiana Pacers,2025-11-30T00:40:00Z,player_steals,0.5,draftkings,2025-11-29T14:54:37Z,2025-11-29T14:56:22Z,-214.0,159.0
Coby White,Chicago Bulls @ Indiana Pacers,2025-11-30T00:40:00Z,player_steals,0.5,draftkings,2025-11-29T14:54:37Z,2025-11-29T14:56:22Z,-164.0,123.0
Nikola Vucevic,Chicago Bulls @ Indiana Pacers,2025-11-30T00:40:00Z,player_steals,0.5,draftkings,2025-11-29T14:54:37Z,2025-11-29T14:56:22Z,-146.0,110.0
Coby White,Chicago Bulls @ Indiana Pacers,2025-11-30T00:40:00Z,player_threes,2.5,draftkings,2025-11-29T14:54:37Z,2025-11-29T14:55:11Z,-168.0,127.0
Bennedict Mathurin,Chicago Bulls @ Indiana Pacers,2025-11-30T00:40:00Z,player_threes,2.5,draftkings,2025-11-29T14:54:37Z,2025-11-29T14:55:11Z,124.0,-164.0
Josh Giddey,Chicago Bulls @ Indiana Pacers,2025-11-30T00:40:00Z,player_threes,1.5,draftkings,2025-11-29T14:54:37Z,2025-11-29T14:55:11Z,-115.0,-114.0
Pascal Siakam,Chicago Bulls @ Indiana Pacers,2025-11-30T00:40:00Z,player_threes,1.5,draftkings,2025-11-29T14:54:37Z,2025-11-29T14:55:11Z,-103.0,-127.0
Kevin Huerter,Chicago Bulls @ Indiana Pacers,2025-11-30T00:40:00Z,player_threes,1.5,draftkings,2025-11-29T14:54:37Z,2025-11-29T14:55:11Z,-102.0,-129.0
Nikola Vucevic,Chicago Bulls @ Indiana Pacers,2025-11-30T00:40:00Z,player_threes,1.5,draftkings,2025-11-29T14:54:37Z,2025-11-29T14:55:11Z,101.0,-133.0
Josh Giddey,Chicago Bulls @ Indiana Pacers,2025-11-30T00:40:00Z,player_triple_double,,draftkings,2025-11-29T14:54:37Z,2025-11-29T14:56:22Z,,
Pascal Siakam,Chicago Bulls @ Indiana Pacers,2025-11-30T00:40:00Z,player_triple_double,,draftkings,2025-11-29T14:54:37Z,2025-11-29T14:56:22Z,,
Josh Giddey,Chicago Bulls @ Indiana Pacers,2025-11-30T00:40:00Z,player_assists,8.5,betmgm,2025-11-29T14:54:38Z,2025-11-29T14:55:43Z,-118.0,-110.0
Pascal Siakam,Chicago Bulls @ Indiana Pacers,2025-11-30T00:40:00Z,player_assists,4.5,betmgm,2025-11-29T14:54:38Z,2025-11-29T14:55:43Z,-125.0,-105.0
Bennedict Mathurin,Chicago Bulls @ Indiana Pacers,2025-11-30T00:40:00Z,player_assists,2.5,betmgm,2025-11-29T14:54:38Z,2025-11-29T14:55:43Z,115.0,-150.0
Coby White,Chicago Bulls @ Indiana Pacers,2025-11-30T00:40:00Z,player_assists,4.5,betmgm,2025-11-29T14:54:38Z,2025-11-29T14:55:43Z,-155.0,115.0
Nikola Vucevic,Chicago Bulls @ Indiana Pacers,2025-11-30T00:40:00Z,player_assists,2.5,betmgm,2025-11-29T14:54:38Z,2025-11-29T14:55:43Z,-165.0,125.0
Matas Buzelis,Chicago Bulls @ Indiana Pacers,2025-11-30T00:40:00Z,player_assists,1.5,betmgm,2025-11-29T14:54:38Z,2025-11-29T14:55:43Z,160.0,-220.0
Andrew Nembhard,Chicago Bulls @ Indiana Pacers,2025-11-30T00:40:00Z,player_assists,6.5,betmgm,2025-11-29T14:54:38Z,2025-11-29T14:55:43Z,-130.0,100.0
Kevin Huerter,Chicago Bulls @ Indiana Pacers,2025-11-30T00:40:00Z,player_assists,2.5,betmgm,2025-11-29T14:54:38Z,2025-11-29T14:55:43Z,-105.0,-130.0
Ben Sheppard,Chicago Bulls @ Indiana Pacers,2025-11-30T00:40:00Z,player_assists,2.5,betmgm,2025-11-29T14:54:38Z,2025-11-29T14:55:43Z,105.0,-145.0
Josh Giddey,Chicago Bulls @ Indiana Pacers,2025-11-30T00:40:00Z,player_blocks,0.5,betmgm,2025-11-29T14:54:38Z,2025-11-29T14:55:43Z,140.0,-200.0
Pascal Siakam,Chicago Bulls @ Indiana Pacers,2025-11-30T00:40:00Z,player_blocks,0.5,betmgm,2025-11-29T14:54:38Z,2025-11-29T14:55:43Z,130.0,-185.0
Bennedict Mathurin,Chicago Bulls @ Indiana Pacers,2025-11-30T00:40:00Z,player_blocks,0.5,betmgm,2025-11-29T14:54:38Z,2025-11-29T14:55:43Z,220.0,-325.0
Coby White,Chicago Bulls @ Indiana Pacers,2025-11-30T00:40:00Z,player_blocks,0.5,betmgm,2025-11-29T14:54:38Z,2025-11-29T14:55:43Z,375.0,-650.0
Nikola Vucevic,Chicago Bulls @ Indiana Pacers,2025-11-30T00:40:00Z,player_blocks,0.5,betmgm,2025-11-29T14:54:38Z,2025-11-29T14:55:43Z,165.0,-235.0
Matas Buzelis,Chicago Bulls @ Indiana Pacers,2025-11-30T00:40:00Z,player_blocks,0.5,betmgm,2025-11-29T14:54:38Z,2025-11-29T14:55:43Z,-225.0,160.0
Andrew Nembhard,Chicago Bulls @ Indiana Pacers,2025-11-30T00:40:00Z,player_blocks,0.5,betmgm,2025-11-29T14:54:38Z,2025-11-29T14:55:43Z,270.0,-450.0
Josh Giddey,Chicago Bulls @ Indiana Pacers,2025-11-30T00:40:00Z,player_double_double,,betmgm,2025-11-29T14:54:38Z,2025-11-29T14:55:43Z,,
Pascal Siakam,Chicago Bulls @ Indiana Pacers,2025-11-30T00:40:00Z,player_double_double,,betmgm,2025-11-29T14:54:38Z,2025-11-29T14:55:43Z,,
Bennedict Mathurin,Chicago Bulls @ Indiana Pacers,2025-11-30T00:40:00Z,player_double_double,,betmgm,2025-11-29T14:54:38Z,2025-11-29T14:55:43Z,,
Coby White,Chicago Bulls @ Indiana Pacers,2025-11-30T00:40:00Z,player_double_double,,betmgm,2025-11-29T14:54:38Z,2025-11-29T14:55:43Z,,
Nikola Vucevic,Chicago Bulls @ Indiana Pacers,2025-11-30T00:40:00Z,player_double_double,,betmgm,2025-11-29T14:54:38Z,2025-11-29T14:55:43Z,,
Matas Buzelis,Chicago Bulls @ Indiana Pacers,2025-11-30T00:40:00Z,player_double_double,,betmgm,2025-11-29T14:54:38Z,2025-11-29T14:55:43Z,,
Andrew Nembhard,Chicago Bulls @ Indiana Pacers,2025-11-30T00:40:00Z,player_double_double,,betmgm,2025-11-29T14:54:38Z,2025-11-29T14:55:43Z,,
Josh Giddey,Chicago Bulls @ Indiana Pacers,2025-11-30T00:40:00Z,player_points,20.5,betmgm,2025-11-29T14:54:38Z,2025-11-29T14:55:43Z,-110.0,-120.0
Pascal Siakam,Chicago Bulls @ Indiana Pacers,2025-11-30T00:40:00Z,player_points,24.5,betmgm,2025-11-29T14:54:38Z,2025-11-29T14:55:43Z,-115.0,-115.0
Bennedict Mathurin,Chicago Bulls @ Indiana Pacers,2025-11-30T00:40:00Z,player_points,23.5,betmgm,2025-11-29T14:54:38Z,2025-11-29T14:55:43Z,-125.0,-110.0
Coby White,Chicago Bulls @ Indiana Pacers,2025-11-30T00:40:00Z,player_points,22.5,betmgm,2025-11-29T14:54:38Z,2025-11-29T14:55:43Z,-118.0,-110.0
Nikola Vucevic,Chicago Bulls @ Indiana Pacers,2025-11-30T00:40:00Z,player_points,17.5,betmgm,2025-11-29T14:54:38Z,2025-11-29T14:55:43Z,-110.0,-120.0
Matas Buzelis,Chicago Bulls @ Indiana Pacers,2025-11-30T00:40:00Z,player_points,12.5,betmgm,2025-11-29T14:54:38Z,2025-11-29T14:55:43Z,-118.0,-110.0
Andrew Nembhard,Chicago Bulls @ Indiana Pacers,2025-11-30T00:40:00Z,player_points,17.5,betmgm,2025-11-29T14:54:38Z,2025-11-29T14:55:43Z,-120.0,-110.0
Kevin Huerter,Chicago Bulls @ Indiana Pacers,2025-11-30T00:40:00Z,player_points,11.5,betmgm,2025-11-29T14:54:38Z,2025-11-29T14:55:43Z,100.0,-130.0
Ben Sheppard,Chicago Bulls @ Indiana Pacers,2025-11-30T00:40:00Z,player_points,7.5,betmgm,2025-11-29T14:54:38Z,2025-11-29T14:55:43Z,-118.0,-115.0
Coby White,Chicago Bulls @ Indiana Pacers,2025-11-30T00:40:00Z,player_points_rebounds_assists,31.5,betmgm,2025-11-29T14:54:38Z,2025-11-29T14:55:43Z,-105.0,-130.0
Nikola Vucevic,Chicago Bulls @ Indiana Pacers,2025-11-30T00:40:00Z,player_points_rebounds_assists,30.5,betmgm,2025-11-29T14:54:38Z,2025-11-29T14:55:43Z,-110.0,-120.0
Matas Buzelis,Chicago Bulls @ Indiana Pacers,2025-11-30T00:40:00Z,player_points_rebounds_assists,18.5,betmgm,2025-11-29T14:54:38Z,2025-11-29T14:55:43Z,-115.0,-115.0
Kevin Huerter,Chicago Bulls @ Indiana Pacers,2025-11-30T00:40:00Z,player_points_rebounds_assists,16.5,betmgm,2025-11-29T14:54:38Z,2025-11-29T14:55:43Z,-110.0,-120.0
Pascal Siakam,Chicago Bulls @ Indiana Pacers,2025-11-30T00:40:00Z,player_points_rebounds_assists,36.5,betmgm,2025-11-29T14:54:38Z,2025-11-29T14:55:43Z,-110.0,-118.0
Josh Giddey,Chicago Bulls @ Indiana Pacers,2025-11-30T00:40:00Z,player_points_rebounds_assists,38.5,betmgm,2025-11-29T14:54:38Z,2025-11-29T14:55:43Z,-120.0,-110.0
Bennedict Mathurin,Chicago Bulls @ Indiana Pacers,2025-11-30T00:40:00Z,player_points_rebounds_assists,32.5,betmgm,2025-11-29T14:54:38Z,2025-11-29T14:55:43Z,-110.0,-120.0
Andrew Nembhard,Chicago Bulls @ Indiana Pacers,2025-11-30T00:40:00Z,player_points_rebounds_assists,27.5,betmgm,2025-11-29T14:54:38Z,2025-11-29T14:55:43Z,-110.0,-120.0
Ben Sheppard,Chicago Bulls @ Indiana Pacers,2025-11-30T00:40:00Z,player_points_rebounds_assists,14.5,betmgm,2025-11-29T14:54:38Z,2025-11-29T14:55:43Z,-118.0,-115.0
Josh Giddey,Chicago Bulls @ Indiana Pacers,2025-11-30T00:40:00Z,player_rebounds,9.5,betmgm,2025-11-29T14:54:38Z,2025-11-29T14:55:43Z,110.0,-145.0
Pascal Siakam,Chicago Bulls @ Indiana Pacers,2025-11-30T00:40:00Z,player_rebounds,6.5,betmgm,2025-11-29T14:54:38Z,2025-11-29T14:55:43Z,-135.0,100.0
Bennedict Mathurin,Chicago Bulls @ Indiana Pacers,2025-11-30T00:40:00Z,player_rebounds,5.5,betmgm,2025-11-29T14:54:38Z,2025-11-29T14:55:43Z,-135.0,100.0
Coby White,Chicago Bulls @ Indiana Pacers,2025-11-30T00:40:00Z,player_rebounds,3.5,betmgm,2025-11-29T14:54:38Z,2025-11-29T14:55:43Z,125.0,-165.0
Nikola Vucevic,Chicago Bulls @ Indiana Pacers,2025-11-30T00:40:00Z,player_rebounds,9.5,betmgm,2025-11-29T14:54:38Z,2025-11-29T14:55:43Z,-115.0,-115.0
Matas Buzelis,Chicago Bulls @ Indiana Pacers,2025-11-30T00:40:00Z,player_rebounds,4.5,betmgm,2025-11-29T14:54:38Z,2025-11-29T14:55:43Z,-110.0,-120.0
Andrew Nembhard,Chicago Bulls @ Indiana Pacers,2025-11-30T00:40:00Z,player_rebounds,2.5,betmgm,2025-11-29T14:54:38Z,2025-11-29T14:55:43Z,-110.0,-118.0
Kevin Huerter,Chicago Bulls @ Indiana Pacers,2025-11-30T00:40:00Z,player_rebounds,2.5,betmgm,2025-11-29T14:54:38Z,2025-11-29T14:55:43Z,-130.0,100.0
Ben Sheppard,Chicago Bulls @ Indiana Pacers,2025-11-30T00:40:00Z,player_rebounds,4.5,betmgm,2025-11-29T14:54:38Z,2025-11-29T14:55:43Z,-105.0,-125.0
Josh Giddey,Chicago Bulls @ Indiana Pacers,2025-11-30T00:40:00Z,player_threes,1.5,betmgm,2025-11-29T14:54:38Z,2025-11-29T14:55:43Z,-118.0,-115.0
Pascal Siakam,Chicago Bulls @ Indiana Pacers,2025-11-30T00:40:00Z,player_threes,1.5,betmgm,2025-11-29T14:54:38Z,2025-11-29T14:55:43Z,100.0,-135.0
Bennedict Mathurin,Chicago Bulls @ Indiana Pacers,2025-11-30T00:40:00Z,player_threes,1.5,betmgm,2025-11-29T14:54:38Z,2025-11-29T14:55:43Z,-190.0,140.0
Coby White,Chicago Bulls @ Indiana Pacers,2025-11-30T00:40:00Z,player_threes,2.5,betmgm,2025-11-29T14:54:38Z,2025-11-29T14:55:43Z,-160.0,120.0
Nikola Vucevic,Chicago Bulls @ Indiana Pacers,2025-11-30T00:40:00Z,player_threes,1.5,betmgm,2025-11-29T14:54:38Z,2025-11-29T14:55:43Z,-115.0,-115.0
Matas Buzelis,Chicago Bulls @ Indiana Pacers,2025-11-30T00:40:00Z,player_threes,1.5,betmgm,2025-11-29T14:54:38Z,2025-11-29T14:55:43Z,-105.0,-130.0
Andrew Nembhard,Chicago Bulls @ Indiana Pacers,2025-11-30T00:40:00Z,player_threes,1.5,betmgm,2025-11-29T14:54:38Z,2025-11-29T14:55:43Z,-130.0,100.0
Kevin Huerter,Chicago Bulls @ Indiana Pacers,2025-11-30T00:40:00Z,player_threes,1.5,betmgm,2025-11-29T14:54:38Z,2025-11-29T14:55:43Z,-125.0,-105.0
Ben Sheppard,Chicago Bulls @ Indiana Pacers,2025-11-30T00:40:00Z,player_threes,1.5,betmgm,2025-11-29T14:54:38Z,2025-11-29T14:55:43Z,135.0,-185.0
Josh Giddey,Chicago Bulls @ Indiana Pacers,2025-11-30T00:40:00Z,player_triple_double,,betmgm,2025-11-29T14:54:38Z,2025-11-29T14:55:43Z,,
Pascal Siakam,Chicago Bulls @ Indiana Pacers,2025-11-30T00:40:00Z,player_triple_double,,betmgm,2025-11-29T14:54:38Z,2025-11-29T14:55:43Z,,
Josh Giddey,Chicago Bulls @ Indiana Pacers,2025-11-30T00:40:00Z,player_double_double,,bovada,2025-11-29T14:55:30Z,2025-11-29T14:55:41Z,,
Nikola Vucevic,Chicago Bulls @ Indiana Pacers,2025-11-30T00:40:00Z,player_double_double,,bovada,2025-11-29T14:55:30Z,2025-11-29T14:55:41Z,,
Pascal Siakam,Chicago Bulls @ Indiana Pacers,2025-11-30T00:40:00Z,player_double_double,,bovada,2025-11-29T14:55:30Z,2025-11-29T14:55:41Z,,
Bennedict Mathurin,Chicago Bulls @ Indiana Pacers,2025-11-30T00:40:00Z,player_double_double,,bovada,2025-11-29T14:55:30Z,2025-11-29T14:55:41Z,,
Coby White,Chicago Bulls @ Indiana Pacers,2025-11-30T00:40:00Z,player_double_double,,bovada,2025-11-29T14:55:30Z,2025-11-29T14:55:41Z,,
Josh Giddey,Chicago Bulls @ Indiana Pacers,2025-11-30T00:40:00Z,player_triple_double,,bovada,2025-11-29T14:55:30Z,2025-11-29T14:55:41Z,,
Pascal Siakam,Chicago Bulls @ Indiana Pacers,2025-11-30T00:40:00Z,player_triple_double,,bovada,2025-11-29T14:55:30Z,2025-11-29T14:55:41Z,,
Josh Giddey,Chicago Bulls @ Indiana Pacers,2025-11-30T00:40:00Z,player_assists,8.5,betrivers,2025-11-29T14:54:40Z,2025-11-29T14:56:31Z,-129.0,-103.0
Coby White,Chicago Bulls @ Indiana Pacers,2025-11-30T00:40:00Z,player_assists,4.5,betrivers,2025-11-29T14:54:40Z,2025-11-29T14:56:31Z,-152.0,115.0
Pascal Siakam,Chicago Bulls @ Indiana Pacers,2025-11-30T00:40:00Z,player_assists,4.5,betrivers,2025-11-29T14:54:40Z,2025-11-29T14:56:31Z,-150.0,114.0
Nikola Vucevic,Chicago Bulls @ Indiana Pacers,2025-11-30T00:40:00Z,player_assists,2.5,betrivers,2025-11-29T14:54:40Z,2025-11-29T14:56:31Z,-150.0,112.0
Ben Sheppard,Chicago Bulls @ Indiana Pacers,2025-11-30T00:40:00Z,player_assists,2.5,betrivers,2025-11-29T14:54:40Z,2025-11-29T14:56:31Z,108.0,-143.0
Bennedict Mathurin,Chicago Bulls @ Indiana Pacers,2025-11-30T00:40:00Z,player_assists,2.5,betrivers,2025-11-29T14:54:40Z,2025-11-29T14:56:31Z,100.0,-132.0
Ben Sheppard,Chicago Bulls @ Indiana Pacers,2025-11-30T00:40:00Z,player_points,7.5,betrivers,2025-11-29T14:54:40Z,2025-11-29T14:56:31Z,-127.0,-105.0
Nikola Vucevic,Chicago Bulls @ Indiana Pacers,2025-11-30T00:40:00Z,player_points,18.5,betrivers,2025-11-29T14:54:40Z,2025-11-29T14:56:31Z,-106.0,-125.0
Pascal Siakam,Chicago Bulls @ Indiana Pacers,2025-11-30T00:40:00Z,player_points,24.5,betrivers,2025-11-29T14:54:40Z,2025-11-29T14:56:31Z,-121.0,-110.0
Matas Buzelis,Chicago Bulls @ Indiana Pacers,2025-11-30T00:40:00Z,player_points,12.5,betrivers,2025-11-29T14:54:40Z,2025-11-29T14:56:31Z,-122.0,-108.0
Coby White,Chicago Bulls @ Indiana Pacers,2025-11-30T00:40:00Z,player_points,22.5,betrivers,2025-11-29T14:54:40Z,2025-11-29T14:56:31Z,-109.0,-122.0
Josh Giddey,Chicago Bulls @ Indiana Pacers,2025-11-30T00:40:00Z,player_points,19.5,betrivers,2025-11-29T14:54:40Z,2025-11-29T14:56:31Z,-106.0,-125.0
Bennedict Mathurin,Chicago Bulls @ Indiana Pacers,2025-11-30T00:40:00Z,player_points,23.5,betrivers,2025-11-29T14:54:40Z,2025-11-29T14:56:31Z,-121.0,-109.0
Nikola Vucevic,Chicago Bulls @ Indiana Pacers,2025-11-30T00:40:00Z,player_points_rebounds_assists,31.5,betrivers,2025-11-29T14:54:40Z,2025-11-29T14:56:31Z,-117.0,-114.0
Pascal Siakam,Chicago Bulls @ Indiana Pacers,2025-11-30T00:40:00Z,player_points_rebounds_assists,37.5,betrivers,2025-11-29T14:54:40Z,2025-11-29T14:56:31Z,-118.0,-113.0
Josh Giddey,Chicago Bulls @ Indiana Pacers,2025-11-30T00:40:00Z,player_points_rebounds_assists,37.5,betrivers,2025-11-29T14:54:40Z,2025-11-29T14:56:31Z,-120.0,-112.0
Coby White,Chicago Bulls @ Indiana Pacers,2025-11-30T00:40:00Z,player_points_rebounds_assists,30.5,betrivers,2025-11-29T14:54:40Z,2025-11-29T14:56:31Z,-124.0,-108.0
Bennedict Mathurin,Chicago Bulls @ Indiana Pacers,2025-11-30T00:40:00Z,player_points_rebounds_assists,32.5,betrivers,2025-11-29T14:54:40Z,2025-11-29T14:56:31Z,-121.0,-110.0
Ben Sheppard,Chicago Bulls @ Indiana Pacers,2025-11-30T00:40:00Z,player_points_rebounds_assists,15.5,betrivers,2025-11-29T14:54:40Z,2025-11-29T14:56:31Z,-113.0,-118.0
Ben Sheppard,Chicago Bulls @ Indiana Pacers,2025-11-30T00:40:00Z,player_rebounds,4.5,betrivers,2025-11-29T14:54:40Z,2025-11-29T14:56:31Z,-137.0,104.0
Josh Giddey,Chicago Bulls @ Indiana Pacers,2025-11-30T00:40:00Z,player_rebounds,8.5,betrivers,2025-11-29T14:54:40Z,2025-11-29T14:56:31Z,-129.0,-104.0
Pascal Siakam,Chicago Bulls @ Indiana Pacers,2025-11-30T00:40:00Z,player_rebounds,7.5,betrivers,2025-11-29T14:54:40Z,2025-11-29T14:56:31Z,106.0,-141.0
Nikola Vucevic,Chicago Bulls @ Indiana Pacers,2025-11-30T00:40:00Z,player_rebounds,9.5,betrivers,2025-11-29T14:54:40Z,2025-11-29T14:56:31Z,-132.0,100.0
Bennedict Mathurin,Chicago Bulls @ Indiana Pacers,2025-11-30T00:40:00Z,player_rebounds,5.5,betrivers,2025-11-29T14:54:40Z,2025-11-29T14:56:31Z,-143.0,108.0
Matas Buzelis,Chicago Bulls @ Indiana Pacers,2025-11-30T00:40:00Z,player_rebounds,4.5,betrivers,2025-11-29T14:54:40Z,2025-11-29T14:56:31Z,-120.0,-112.0
Coby White,Chicago Bulls @ Indiana Pacers,2025-11-30T00:40:00Z,player_rebounds,3.5,betrivers,2025-11-29T14:54:40Z,2025-11-29T14:56:31Z,132.0,-177.0
Josh Giddey,Chicago Bulls @ Indiana Pacers,2025-11-30T00:40:00Z,player_threes,1.5,betrivers,2025-11-29T14:54:40Z,2025-11-29T14:56:31Z,-115.0,-115.0
Nikola Vucevic,Chicago Bulls @ Indiana Pacers,2025-11-30T00:40:00Z,player_threes,1.5,betrivers,2025-11-29T14:54:40Z,2025-11-29T14:56:31Z,-114.0,-117.0
Coby White,Chicago Bulls @ Indiana Pacers,2025-11-30T00:40:00Z,player_threes,2.5,betrivers,2025-11-29T14:54:40Z,2025-11-29T14:56:31Z,-162.0,123.0
Bennedict Mathurin,Chicago Bulls @ Indiana Pacers,2025-11-30T00:40:00Z,player_threes,2.5,betrivers,2025-11-29T14:54:40Z,2025-11-29T14:56:31Z,123.0,-165.0
Pascal Siakam,Chicago Bulls @ Indiana Pacers,2025-11-30T00:40:00Z,player_threes,1.5,betrivers,2025-11-29T14:54:40Z,2025-11-29T14:56:31Z,-113.0,-118.0
Matas Buzelis,Chicago Bulls @ Indiana Pacers,2025-11-30T00:40:00Z,player_threes,1.5,betrivers,2025-11-29T14:54:40Z,2025-11-29T14:56:31Z,-105.0,-127.0
Terance Mann,Brooklyn Nets @ Milwaukee Bucks,2025-11-30T01:10:00Z,player_assists,3.5,fanduel,2025-11-29T14:55:23Z,2025-11-29T14:55:33Z,-178.0,132.0
Giannis Antetokounmpo,Brooklyn Nets @ Milwaukee Bucks,2025-11-30T01:10:00Z,player_assists,6.5,fanduel,2025-11-29T14:55:23Z,2025-11-29T14:55:33Z,-132.0,100.0
Nicolas Claxton,Brooklyn Nets @ Milwaukee Bucks,2025-11-30T01:10:00Z,player_assists,3.5,fanduel,2025-11-29T14:55:23Z,2025-11-29T14:55:33Z,-104.0,-128.0
Michael Porter Jr,Brooklyn Nets @ Milwaukee Bucks,2025-11-30T01:10:00Z,player_assists,2.5,fanduel,2025-11-29T14:55:23Z,2025-11-29T14:55:33Z,116.0,-154.0
Egor Demin,Brooklyn Nets @ Milwaukee Bucks,2025-11-30T01:10:00Z,player_assists,4.5,fanduel,2025-11-29T14:55:23Z,2025-11-29T14:55:33Z,-138.0,104.0
Ryan Rollins,Brooklyn Nets @ Milwaukee Bucks,2025-11-30T01:10:00Z,player_assists,6.5,fanduel,2025-11-29T14:55:23Z,2025-11-29T14:55:33Z,124.0,-166.0
Giannis Antetokounmpo,Brooklyn Nets @ Milwaukee Bucks,2025-11-30T01:10:00Z,player_double_double,,fanduel,2025-11-29T14:55:23Z,2025-11-29T14:55:33Z,,
Nicolas Claxton,Brooklyn Nets @ Milwaukee Bucks,2025-11-30T01:10:00Z,player_double_double,,fanduel,2025-11-29T14:55:23Z,2025-11-29T14:55:33Z,,
Michael Porter Jr,Brooklyn Nets @ Milwaukee Bucks,2025-11-30T01:10:00Z,player_double_double,,fanduel,2025-11-29T14:55:23Z,2025-11-29T14:55:33Z,,
Myles Turner,Brooklyn Nets @ Milwaukee Bucks,2025-11-30T01:10:00Z,player_double_double,,fanduel,2025-11-29T14:55:23Z,2025-11-29T14:55:33Z,,
Ryan Rollins,Brooklyn Nets @ Milwaukee Bucks,2025-11-30T01:10:00Z,player_double_double,,fanduel,2025-11-29T14:55:23Z,2025-11-29T14:55:33Z,,
Bobby Portis,Brooklyn Nets @ Milwaukee Bucks,2025-11-30T01:10:00Z,player_double_double,,fanduel,2025-11-29T14:55:23Z,2025-11-29T14:55:33Z,,
Noah Clowney,Brooklyn Nets @ Milwaukee Bucks,2025-11-30T01:10:00Z,player_double_double,,fanduel,2025-11-29T14:55:23Z,2025-11-29T14:55:33Z,,
Egor Demin,Brooklyn Nets @ Milwaukee Bucks,2025-11-30T01:10:00Z,player_double_double,,fanduel,2025-11-29T14:55:23Z,2025-11-29T14:55:33Z,,
Kyle Kuzma,Brooklyn Nets @ Milwaukee Bucks,2025-11-30T01:10:00Z,player_double_double,,fanduel,2025-11-29T14:55:23Z,2025-11-29T14:55:33Z,,
Terance Mann,Brooklyn Nets @ Milwaukee Bucks,2025-11-30T01:10:00Z,player_double_double,,fanduel,2025-11-29T14:55:23Z,2025-11-29T14:55:33Z,,
Egor Demin,Brooklyn Nets @ Milwaukee Bucks,2025-11-30T01:10:00Z,player_points,11.5,fanduel,2025-11-29T14:55:23Z,2025-11-29T14:55:33Z,-110.0,-120.0
Kyle Kuzma,Brooklyn Nets @ Milwaukee Bucks,2025-11-30T01:10:00Z,player_points,12.5,fanduel,2025-11-29T14:55:23Z,2025-11-29T14:55:33Z,-108.0,-122.0
Terance Mann,Brooklyn Nets @ Milwaukee Bucks,2025-11-30T01:10:00Z,player_points,9.5,fanduel,2025-11-29T14:55:23Z,2025-11-29T14:55:33Z,-118.0,-112.0
Bobby Portis,Brooklyn Nets @ Milwaukee Bucks,2025-11-30T01:10:00Z,player_points,8.5,fanduel,2025-11-29T14:55:23Z,2025-11-29T14:55:33Z,-112.0,-118.0
Gary Trent Jr,Brooklyn Nets @ Milwaukee Bucks,2025-11-30T01:10:00Z,player_points,8.5,fanduel,2025-11-29T14:55:23Z,2025-11-29T14:55:33Z,-112.0,-118.0
Gary Harris,Brooklyn Nets @ Milwaukee Bucks,2025-11-30T01:10:00Z,player_points,3.5,fanduel,2025-11-29T14:55:23Z,2025-11-29T14:55:33Z,-114.0,-114.0
A.J. Green,Brooklyn Nets @ Milwaukee Bucks,2025-11-30T01:10:00Z,player_points,11.5,fanduel,2025-11-29T14:55:23Z,2025-11-29T14:55:33Z,-102.0,-130.0
Noah Clowney,Brooklyn Nets @ Milwaukee Bucks,2025-11-30T01:10:00Z,player_points,17.5,fanduel,2025-11-29T14:55:23Z,2025-11-29T14:55:33Z,-106.0,-125.0
Michael Porter Jr,Brooklyn Nets @ Milwaukee Bucks,2025-11-30T01:10:00Z,player_points,23.5,fanduel,2025-11-29T14:55:23Z,2025-11-29T14:55:33Z,102.0,-136.0
Giannis Antetokounmpo,Brooklyn Nets @ Milwaukee Bucks,2025-11-30T01:10:00Z,player_points,28.5,fanduel,2025-11-29T14:55:23Z,2025-11-29T14:55:33Z,-130.0,-102.0
Ryan Rollins,Brooklyn Nets @ Milwaukee Bucks,2025-11-30T01:10:00Z,player_points,16.5,fanduel,2025-11-29T14:55:23Z,2025-11-29T14:55:33Z,-122.0,-108.0
Nicolas Claxton,Brooklyn Nets @ Milwaukee Bucks,2025-11-30T01:10:00Z,player_points,13.5,fanduel,2025-11-29T14:55:23Z,2025-11-29T14:55:33Z,-130.0,-102.0
Myles Turner,Brooklyn Nets @ Milwaukee Bucks,2025-11-30T01:10:00Z,player_points,13.5,fanduel,2025-11-29T14:55:23Z,2025-11-29T14:55:33Z,-102.0,-130.0
Egor Demin,Brooklyn Nets @ Milwaukee Bucks,2025-11-30T01:10:00Z,player_points_rebounds_assists,20.5,fanduel,2025-11-29T14:55:23Z,2025-11-29T14:55:33Z,-108.0,-122.0
Giannis Antetokounmpo,Brooklyn Nets @ Milwaukee Bucks,2025-11-30T01:10:00Z,player_points_rebounds_assists,46.5,fanduel,2025-11-29T14:55:23Z,2025-11-29T14:55:33Z,-120.0,-110.0
Ryan Rollins,Brooklyn Nets @ Milwaukee Bucks,2025-11-30T01:10:00Z,player_points_rebounds_assists,27.5,fanduel,2025-11-29T14:55:23Z,2025-11-29T14:55:33Z,-106.0,-125.0
Terance Mann,Brooklyn Nets @ Milwaukee Bucks,2025-11-30T01:10:00Z,player_points_rebounds_assists,17.5,fanduel,2025-11-29T14:55:23Z,2025-11-29T14:55:33Z,-130.0,-102.0
Nicolas Claxton,Brooklyn Nets @ Milwaukee Bucks,2025-11-30T01:10:00Z,player_points_rebounds_assists,26.5,fanduel,2025-11-29T14:55:23Z,2025-11-29T14:55:33Z,-118.0,-112.0
Michael Porter Jr,Brooklyn Nets @ Milwaukee Bucks,2025-11-30T01:10:00Z,player_points_rebounds_assists,31.5,fanduel,2025-11-29T14:55:23Z,2025-11-29T14:55:33Z,-118.0,-112.0
Giannis Antetokounmpo,Brooklyn Nets @ Milwaukee Bucks,2025-11-30T01:10:00Z,player_rebounds,10.5,fanduel,2025-11-29T14:55:23Z,2025-11-29T14:55:33Z,-122.0,-108.0
Ryan Rollins,Brooklyn Nets @ Milwaukee Bucks,2025-11-30T01:10:00Z,player_rebounds,4.5,fanduel,2025-11-29T14:55:23Z,2025-11-29T14:55:33Z,134.0,-180.0
Myles Turner,Brooklyn Nets @ Milwaukee Bucks,2025-11-30T01:10:00Z,player_rebounds,6.5,fanduel,2025-11-29T14:55:23Z,2025-11-29T14:55:33Z,100.0,-132.0
Egor Demin,Brooklyn Nets @ Milwaukee Bucks,2025-11-30T01:10:00Z,player_rebounds,3.5,fanduel,2025-11-29T14:55:23Z,2025-11-29T14:55:33Z,-125.0,-106.0
Michael Porter Jr,Brooklyn Nets @ Milwaukee Bucks,2025-11-30T01:10:00Z,player_rebounds,6.5,fanduel,2025-11-29T14:55:23Z,2025-11-29T14:55:33Z,112.0,-148.0
Noah Clowney,Brooklyn Nets @ Milwaukee Bucks,2025-11-30T01:10:00Z,player_rebounds,4.5,fanduel,2025-11-29T14:55:23Z,2025-11-29T14:55:33Z,-144.0,108.0
A.J. Green,Brooklyn Nets @ Milwaukee Bucks,2025-11-30T01:10:00Z,player_rebounds,3.5,fanduel,2025-11-29T14:55:23Z,2025-11-29T14:55:33Z,128.0,-172.0
Nicolas Claxton,Brooklyn Nets @ Milwaukee Bucks,2025-11-30T01:10:00Z,player_rebounds,8.5,fanduel,2025-11-29T14:55:23Z,2025-11-29T14:55:33Z,-136.0,102.0
Kyle Kuzma,Brooklyn Nets @ Milwaukee Bucks,2025-11-30T01:10:00Z,player_rebounds,4.5,fanduel,2025-11-29T14:55:23Z,2025-11-29T14:55:33Z,-104.0,-128.0
Terance Mann,Brooklyn Nets @ Milwaukee Bucks,2025-11-30T01:10:00Z,player_rebounds,3.5,fanduel,2025-11-29T14:55:23Z,2025-11-29T14:55:33Z,-154.0,116.0
Bobby Portis,Brooklyn Nets @ Milwaukee Bucks,2025-11-30T01:10:00Z,player_rebounds,5.5,fanduel,2025-11-29T14:55:23Z,2025-11-29T14:55:33Z,102.0,-136.0
Terance Mann,Brooklyn Nets @ Milwaukee Bucks,2025-11-30T01:10:00Z,player_threes,1.5,fanduel,2025-11-29T14:55:23Z,2025-11-29T14:55:33Z,164.0,-225.0
Ryan Rollins,Brooklyn Nets @ Milwaukee Bucks,2025-11-30T01:10:00Z,player_threes,2.5,fanduel,2025-11-29T14:55:23Z,2025-11-29T14:55:33Z,130.0,-174.0
Gary Trent Jr,Brooklyn Nets @ Milwaukee Bucks,2025-11-30T01:10:00Z,player_threes,1.5,fanduel,2025-11-29T14:55:23Z,2025-11-29T14:55:33Z,-158.0,118.0
Egor Demin,Brooklyn Nets @ Milwaukee Bucks,2025-11-30T01:10:00Z,player_threes,2.5,fanduel,2025-11-29T14:55:23Z,2025-11-29T14:55:33Z,118.0,-158.0
Michael Porter Jr,Brooklyn Nets @ Milwaukee Bucks,2025-11-30T01:10:00Z,player_threes,3.5,fanduel,2025-11-29T14:55:23Z,2025-11-29T14:55:33Z,130.0,-174.0
Noah Clowney,Brooklyn Nets @ Milwaukee Bucks,2025-11-30T01:10:00Z,player_threes,2.5,fanduel,2025-11-29T14:55:23Z,2025-11-29T14:55:33Z,-154.0,116.0
A.J. Green,Brooklyn Nets @ Milwaukee Bucks,2025-11-30T01:10:00Z,player_threes,3.5,fanduel,2025-11-29T14:55:23Z,2025-11-29T14:55:33Z,134.0,-180.0
Myles Turner,Brooklyn Nets @ Milwaukee Bucks,2025-11-30T01:10:00Z,player_threes,1.5,fanduel,2025-11-29T14:55:23Z,2025-11-29T14:55:33Z,-200.0,148.0
Giannis Antetokounmpo,Brooklyn Nets @ Milwaukee Bucks,2025-11-30T01:10:00Z,player_triple_double,,fanduel,2025-11-29T14:55:23Z,2025-11-29T14:55:33Z,,
Giannis Antetokounmpo,Brooklyn Nets @ Milwaukee Bucks,2025-11-30T01:10:00Z,player_assists,6.5,fanatics,2025-11-29T14:54:37Z,2025-11-29T14:55:43Z,-130.0,100.0
Nicolas Claxton,Brooklyn Nets @ Milwaukee Bucks,2025-11-30T01:10:00Z,player_assists,3.5,fanatics,2025-11-29T14:54:37Z,2025-11-29T14:55:43Z,-115.0,-115.0
Ryan Rollins,Brooklyn Nets @ Milwaukee Bucks,2025-11-30T01:10:00Z,player_assists,5.5,fanatics,2025-11-29T14:54:37Z,2025-11-29T14:55:43Z,-145.0,110.0
Terance Mann,Brooklyn Nets @ Milwaukee Bucks,2025-11-30T01:10:00Z,player_assists,4.5,fanatics,2025-11-29T14:54:37Z,2025-11-29T14:55:43Z,120.0,-165.0
Michael Porter Jr,Brooklyn Nets @ Milwaukee Bucks,2025-11-30T01:10:00Z,player_assists,2.5,fanatics,2025-11-29T14:54:37Z,2025-11-29T14:55:43Z,105.0,-140.0
Egor Demin,Brooklyn Nets @ Milwaukee Bucks,2025-11-30T01:10:00Z,player_assists,4.5,fanatics,2025-11-29T14:54:37Z,2025-11-29T14:55:43Z,-140.0,105.0
A.J. Green,Brooklyn Nets @ Milwaukee Bucks,2025-11-30T01:10:00Z,player_assists,2.5,fanatics,2025-11-29T14:54:37Z,2025-11-29T14:55:43Z,-105.0,-125.0
Kyle Kuzma,Brooklyn Nets @ Milwaukee Bucks,2025-11-30T01:10:00Z,player_assists,2.5,fanatics,2025-11-29T14:54:37Z,2025-11-29T14:55:43Z,125.0,-175.0
Noah Clowney,Brooklyn Nets @ Milwaukee Bucks,2025-11-30T01:10:00Z,player_assists,1.5,fanatics,2025-11-29T14:54:37Z,2025-11-29T14:55:43Z,-130.0,100.0
Bobby Portis,Brooklyn Nets @ Milwaukee Bucks,2025-11-30T01:10:00Z,player_assists,1.5,fanatics,2025-11-29T14:54:37Z,2025-11-29T14:55:43Z,150.0,-240.0
Myles Turner,Brooklyn Nets @ Milwaukee Bucks,2025-11-30T01:10:00Z,player_assists,1.5,fanatics,2025-11-29T14:54:37Z,2025-11-29T14:55:43Z,115.0,-150.0
Gary Harris,Brooklyn Nets @ Milwaukee Bucks,2025-11-30T01:10:00Z,player_assists,0.5,fanatics,2025-11-29T14:54:37Z,2025-11-29T14:55:43Z,-240.0,150.0
Gary Trent Jr,Brooklyn Nets @ Milwaukee Bucks,2025-11-30T01:10:00Z,player_assists,1.5,fanatics,2025-11-29T14:54:37Z,2025-11-29T14:55:43Z,115.0,-150.0
Michael Porter Jr,Brooklyn Nets @ Milwaukee Bucks,2025-11-30T01:10:00Z,player_double_double,,fanatics,2025-11-29T14:54:37Z,2025-11-29T14:55:43Z,,
Giannis Antetokounmpo,Brooklyn Nets @ Milwaukee Bucks,2025-11-30T01:10:00Z,player_double_double,,fanatics,2025-11-29T14:54:37Z,2025-11-29T14:55:43Z,,
Myles Turner,Brooklyn Nets @ Milwaukee Bucks,2025-11-30T01:10:00Z,player_double_double,,fanatics,2025-11-29T14:54:37Z,2025-11-29T14:55:43Z,,
Nicolas Claxton,Brooklyn Nets @ Milwaukee Bucks,2025-11-30T01:10:00Z,player_double_double,,fanatics,2025-11-29T14:54:37Z,2025-11-29T14:55:43Z,,
Ryan Rollins,Brooklyn Nets @ Milwaukee Bucks,2025-11-30T01:10:00Z,player_double_double,,fanatics,2025-11-29T14:54:37Z,2025-11-29T14:55:43Z,,
Kyle Kuzma,Brooklyn Nets @ Milwaukee Bucks,2025-11-30T01:10:00Z,player_double_double,,fanatics,2025-11-29T14:54:37Z,2025-11-29T14:55:43Z,,
Egor Demin,Brooklyn Nets @ Milwaukee Bucks,2025-11-30T01:10:00Z,player_double_double,,fanatics,2025-11-29T14:54:37Z,2025-11-29T14:55:43Z,,
Terance Mann,Brooklyn Nets @ Milwaukee Bucks,2025-11-30T01:10:00Z,player_double_double,,fanatics,2025-11-29T14:54:37Z,2025-11-29T14:55:43Z,,
Noah Clowney,Brooklyn Nets @ Milwaukee Bucks,2025-11-30T01:10:00Z,player_double_double,,fanatics,2025-11-29T14:54:37Z,2025-11-29T14:55:43Z,,
Bobby Portis,Brooklyn Nets @ Milwaukee Bucks,2025-11-30T01:10:00Z,player_double_double,,fanatics,2025-11-29T14:54:37Z,2025-11-29T14:55:43Z,,
Michael Porter Jr,Brooklyn Nets @ Milwaukee Bucks,2025-11-30T01:10:00Z,player_points,23.5,fanatics,2025-11-29T14:54:37Z,2025-11-29T14:55:43Z,-105.0,-125.0
Giannis Antetokounmpo,Brooklyn Nets @ Milwaukee Bucks,2025-11-30T01:10:00Z,player_points,29.5,fanatics,2025-11-29T14:54:37Z,2025-11-29T14:55:43Z,-105.0,-125.0
Myles Turner,Brooklyn Nets @ Milwaukee Bucks,2025-11-30T01:10:00Z,player_points,13.5,fanatics,2025-11-29T14:54:37Z,2025-11-29T14:55:43Z,-110.0,-120.0
Nicolas Claxton,Brooklyn Nets @ Milwaukee Bucks,2025-11-30T01:10:00Z,player_points,13.5,fanatics,2025-11-29T14:54:37Z,2025-11-29T14:55:43Z,-130.0,100.0
A.J. Green,Brooklyn Nets @ Milwaukee Bucks,2025-11-30T01:10:00Z,player_points,11.5,fanatics,2025-11-29T14:54:37Z,2025-11-29T14:55:43Z,-105.0,-125.0
Ryan Rollins,Brooklyn Nets @ Milwaukee Bucks,2025-11-30T01:10:00Z,player_points,16.5,fanatics,2025-11-29T14:54:37Z,2025-11-29T14:55:43Z,-115.0,-115.0
Kyle Kuzma,Brooklyn Nets @ Milwaukee Bucks,2025-11-30T01:10:00Z,player_points,12.5,fanatics,2025-11-29T14:54:37Z,2025-11-29T14:55:43Z,-105.0,-125.0
Gary Trent Jr,Brooklyn Nets @ Milwaukee Bucks,2025-11-30T01:10:00Z,player_points,8.5,fanatics,2025-11-29T14:54:37Z,2025-11-29T14:55:43Z,-110.0,-120.0
Gary Harris,Brooklyn Nets @ Milwaukee Bucks,2025-11-30T01:10:00Z,player_points,3.5,fanatics,2025-11-29T14:54:37Z,2025-11-29T14:55:43Z,-125.0,-105.0
Terance Mann,Brooklyn Nets @ Milwaukee Bucks,2025-11-30T01:10:00Z,player_points,9.5,fanatics,2025-11-29T14:54:37Z,2025-11-29T14:55:43Z,-125.0,-105.0
Egor Demin,Brooklyn Nets @ Milwaukee Bucks,2025-11-30T01:10:00Z,player_points,11.5,fanatics,2025-11-29T14:54:37Z,2025-11-29T14:55:43Z,-115.0,-115.0
Noah Clowney,Brooklyn Nets @ Milwaukee Bucks,2025-11-30T01:10:00Z,player_points,17.5,fanatics,2025-11-29T14:54:37Z,2025-11-29T14:55:43Z,-110.0,-120.0
Bobby Portis,Brooklyn Nets @ Milwaukee Bucks,2025-11-30T01:10:00Z,player_points,8.5,fanatics,2025-11-29T14:54:37Z,2025-11-29T14:55:43Z,-115.0,-115.0
Gary Harris,Brooklyn Nets @ Milwaukee Bucks,2025-11-30T01:10:00Z,player_points_rebounds_assists,7.5,fanatics,2025-11-29T14:54:37Z,2025-11-29T14:55:43Z,115.0,-150.0
Gary Trent Jr,Brooklyn Nets @ Milwaukee Bucks,2025-11-30T01:10:00Z,player_points_rebounds_assists,12.5,fanatics,2025-11-29T14:54:37Z,2025-11-29T14:55:43Z,110.0,-145.0
Bobby Portis,Brooklyn Nets @ Milwaukee Bucks,2025-11-30T01:10:00Z,player_points_rebounds_assists,15.5,fanatics,2025-11-29T14:54:37Z,2025-11-29T14:55:43Z,100.0,-130.0
Nicolas Claxton,Brooklyn Nets @ Milwaukee Bucks,2025-11-30T01:10:00Z,player_points_rebounds_assists,26.5,fanatics,2025-11-29T14:54:37Z,2025-11-29T14:55:43Z,-125.0,-105.0
Giannis Antetokounmpo,Brooklyn Nets @ Milwaukee Bucks,2025-11-30T01:10:00Z,player_points_rebounds_assists,47.5,fanatics,2025-11-29T14:54:37Z,2025-11-29T14:55:43Z,-115.0,-115.0
A.J. Green,Brooklyn Nets @ Milwaukee Bucks,2025-11-30T01:10:00Z,player_points_rebounds_assists,17.5,fanatics,2025-11-29T14:54:37Z,2025-11-29T14:55:43Z,100.0,-130.0
Egor Demin,Brooklyn Nets @ Milwaukee Bucks,2025-11-30T01:10:00Z,player_points_rebounds_assists,20.5,fanatics,2025-11-29T14:54:37Z,2025-11-29T14:55:43Z,-115.0,-115.0
Ryan Rollins,Brooklyn Nets @ Milwaukee Bucks,2025-11-30T01:10:00Z,player_points_rebounds_assists,27.5,fanatics,2025-11-29T14:54:37Z,2025-11-29T14:55:43Z,100.0,-130.0
Terance Mann,Brooklyn Nets @ Milwaukee Bucks,2025-11-30T01:10:00Z,player_points_rebounds_assists,18.5,fanatics,2025-11-29T14:54:37Z,2025-11-29T14:55:43Z,-105.0,-125.0
Myles Turner,Brooklyn Nets @ Milwaukee Bucks,2025-11-30T01:10:00Z,player_points_rebounds_assists,21.5,fanatics,2025-11-29T14:54:37Z,2025-11-29T14:55:43Z,-115.0,-115.0
Noah Clowney,Brooklyn Nets @ Milwaukee Bucks,2025-11-30T01:10:00Z,player_points_rebounds_assists,24.5,fanatics,2025-11-29T14:54:37Z,2025-11-29T14:55:43Z,-105.0,-125.0
Michael Porter Jr,Brooklyn Nets @ Milwaukee Bucks,2025-11-30T01:10:00Z,player_points_rebounds_assists,32.5,fanatics,2025-11-29T14:54:37Z,2025-11-29T14:55:43Z,-110.0,-120.0
Kyle Kuzma,Brooklyn Nets @ Milwaukee Bucks,2025-11-30T01:10:00Z,player_points_rebounds_assists,19.5,fanatics,2025-11-29T14:54:37Z,2025-11-29T14:55:43Z,-105.0,-125.0
Michael Porter Jr,Brooklyn Nets @ Milwaukee Bucks,2025-11-30T01:10:00Z,player_rebounds,6.5,fanatics,2025-11-29T14:54:37Z,2025-11-29T14:55:43Z,100.0,-130.0
Myles Turner,Brooklyn Nets @ Milwaukee Bucks,2025-11-30T01:10:00Z,player_rebounds,6.5,fanatics,2025-11-29T14:54:37Z,2025-11-29T14:55:43Z,-115.0,-115.0
Giannis Antetokounmpo,Brooklyn Nets @ Milwaukee Bucks,2025-11-30T01:10:00Z,player_rebounds,10.5,fanatics,2025-11-29T14:54:37Z,2025-11-29T14:55:43Z,-120.0,-110.0
Nicolas Claxton,Brooklyn Nets @ Milwaukee Bucks,2025-11-30T01:10:00Z,player_rebounds,9.5,fanatics,2025-11-29T14:54:37Z,2025-11-29T14:55:43Z,110.0,-145.0
A.J. Green,Brooklyn Nets @ Milwaukee Bucks,2025-11-30T01:10:00Z,player_rebounds,3.5,fanatics,2025-11-29T14:54:37Z,2025-11-29T14:55:43Z,125.0,-175.0
Ryan Rollins,Brooklyn Nets @ Milwaukee Bucks,2025-11-30T01:10:00Z,player_rebounds,3.5,fanatics,2025-11-29T14:54:37Z,2025-11-29T14:55:43Z,-175.0,125.0
Egor Demin,Brooklyn Nets @ Milwaukee Bucks,2025-11-30T01:10:00Z,player_rebounds,3.5,fanatics,2025-11-29T14:54:37Z,2025-11-29T14:55:43Z,-130.0,100.0
Terance Mann,Brooklyn Nets @ Milwaukee Bucks,2025-11-30T01:10:00Z,player_rebounds,3.5,fanatics,2025-11-29T14:54:37Z,2025-11-29T14:55:43Z,-165.0,120.0
Bobby Portis,Brooklyn Nets @ Milwaukee Bucks,2025-11-30T01:10:00Z,player_rebounds,5.5,fanatics,2025-11-29T14:54:37Z,2025-11-29T14:55:43Z,105.0,-140.0
Kyle Kuzma,Brooklyn Nets @ Milwaukee Bucks,2025-11-30T01:10:00Z,player_rebounds,4.5,fanatics,2025-11-29T14:54:37Z,2025-11-29T14:55:43Z,-115.0,-115.0
Noah Clowney,Brooklyn Nets @ Milwaukee Bucks,2025-11-30T01:10:00Z,player_rebounds,4.5,fanatics,2025-11-29T14:54:37Z,2025-11-29T14:55:43Z,-150.0,115.0
Gary Trent Jr,Brooklyn Nets @ Milwaukee Bucks,2025-11-30T01:10:00Z,player_rebounds,1.5,fanatics,2025-11-29T14:54:37Z,2025-11-29T14:55:43Z,-130.0,100.0
Gary Harris,Brooklyn Nets @ Milwaukee Bucks,2025-11-30T01:10:00Z,player_rebounds,1.5,fanatics,2025-11-29T14:54:37Z,2025-11-29T14:55:43Z,-130.0,100.0
Michael Porter Jr,Brooklyn Nets @ Milwaukee Bucks,2025-11-30T01:10:00Z,player_threes,3.5,fanatics,2025-11-29T14:54:37Z,2025-11-29T14:55:43Z,125.0,-175.0
A.J. Green,Brooklyn Nets @ Milwaukee Bucks,2025-11-30T01:10:00Z,player_threes,2.5,fanatics,2025-11-29T14:54:37Z,2025-11-29T14:55:43Z,-175.0,125.0
Ryan Rollins,Brooklyn Nets @ Milwaukee Bucks,2025-11-30T01:10:00Z,player_threes,2.5,fanatics,2025-11-29T14:54:37Z,2025-11-29T14:55:43Z,125.0,-175.0
Gary Trent Jr,Brooklyn Nets @ Milwaukee Bucks,2025-11-30T01:10:00Z,player_threes,1.5,fanatics,2025-11-29T14:54:37Z,2025-11-29T14:55:43Z,-165.0,120.0
Egor Demin,Brooklyn Nets @ Milwaukee Bucks,2025-11-30T01:10:00Z,player_threes,2.5,fanatics,2025-11-29T14:54:37Z,2025-11-29T14:55:43Z,120.0,-165.0
Noah Clowney,Brooklyn Nets @ Milwaukee Bucks,2025-11-30T01:10:00Z,player_threes,2.5,fanatics,2025-11-29T14:54:37Z,2025-11-29T14:55:43Z,-175.0,125.0
Myles Turner,Brooklyn Nets @ Milwaukee Bucks,2025-11-30T01:10:00Z,player_threes,1.5,fanatics,2025-11-29T14:54:37Z,2025-11-29T14:55:43Z,-210.0,135.0
Terance Mann,Brooklyn Nets @ Milwaukee Bucks,2025-11-30T01:10:00Z,player_threes,1.5,fanatics,2025-11-29T14:54:37Z,2025-11-29T14:55:43Z,140.0,-225.0
Kyle Kuzma,Brooklyn Nets @ Milwaukee Bucks,2025-11-30T01:10:00Z,player_threes,1.5,fanatics,2025-11-29T14:54:37Z,2025-11-29T14:55:43Z,155.0,-250.0
Bobby Portis,Brooklyn Nets @ Milwaukee Bucks,2025-11-30T01:10:00Z,player_threes,0.5,fanatics,2025-11-29T14:54:37Z,2025-11-29T14:55:43Z,-225.0,140.0
Gary Harris,Brooklyn Nets @ Milwaukee Bucks,2025-11-30T01:10:00Z,player_threes,0.5,fanatics,2025-11-29T14:54:37Z,2025-11-29T14:55:43Z,-175.0,125.0
Giannis Antetokounmpo,Brooklyn Nets @ Milwaukee Bucks,2025-11-30T01:10:00Z,player_threes,0.5,fanatics,2025-11-29T14:54:37Z,2025-11-29T14:55:43Z,140.0,-225.0
Giannis Antetokounmpo,Brooklyn Nets @ Milwaukee Bucks,2025-11-30T01:10:00Z,player_triple_double,,fanatics,2025-11-29T14:54:37Z,2025-11-29T14:55:43Z,,
Giannis Antetokounmpo,Brooklyn Nets @ Milwaukee Bucks,2025-11-30T01:10:00Z,player_assists,6.5,draftkings,2025-11-29T14:54:37Z,2025-11-29T14:56:32Z,-139.0,106.0
Ryan Rollins,Brooklyn Nets @ Milwaukee Bucks,2025-11-30T01:10:00Z,player_assists,5.5,draftkings,2025-11-29T14:54:37Z,2025-11-29T14:56:32Z,-146.0,111.0
Egor Demin,Brooklyn Nets @ Milwaukee Bucks,2025-11-30T01:10:00Z,player_assists,4.5,draftkings,2025-11-29T14:54:37Z,2025-11-29T14:56:32Z,-143.0,109.0
Terance Mann,Brooklyn Nets @ Milwaukee Bucks,2025-11-30T01:10:00Z,player_assists,4.5,draftkings,2025-11-29T14:54:37Z,2025-11-29T14:56:32Z,103.0,-136.0
Nicolas Claxton,Brooklyn Nets @ Milwaukee Bucks,2025-11-30T01:10:00Z,player_assists,3.5,draftkings,2025-11-29T14:54:37Z,2025-11-29T14:56:32Z,-121.0,-109.0
Michael Porter Jr,Brooklyn Nets @ Milwaukee Bucks,2025-11-30T01:10:00Z,player_assists,2.5,draftkings,2025-11-29T14:54:37Z,2025-11-29T14:56:32Z,-101.0,-130.0
Myles Turner,Brooklyn Nets @ Milwaukee Bucks,2025-11-30T01:10:00Z,player_blocks,1.5,draftkings,2025-11-29T14:54:37Z,2025-11-29T14:56:32Z,-122.0,-109.0
Nicolas Claxton,Brooklyn Nets @ Milwaukee Bucks,2025-11-30T01:10:00Z,player_blocks,1.5,draftkings,2025-11-29T14:54:37Z,2025-11-29T14:56:32Z,132.0,-176.0
Giannis Antetokounmpo,Brooklyn Nets @ Milwaukee Bucks,2025-11-30T01:10:00Z,player_blocks,0.5,draftkings,2025-11-29T14:54:37Z,2025-11-29T14:56:32Z,-159.0,120.0
Michael Porter Jr,Brooklyn Nets @ Milwaukee Bucks,2025-11-30T01:10:00Z,player_blocks,0.5,draftkings,2025-11-29T14:54:37Z,2025-11-29T14:56:32Z,272.0,-381.0
Giannis Antetokounmpo,Brooklyn Nets @ Milwaukee Bucks,2025-11-30T01:10:00Z,player_double_double,,draftkings,2025-11-29T14:54:37Z,2025-11-29T14:56:32Z,,
Nicolas Claxton,Brooklyn Nets @ Milwaukee Bucks,2025-11-30T01:10:00Z,player_double_double,,draftkings,2025-11-29T14:54:37Z,2025-11-29T14:56:32Z,,
Michael Porter Jr,Brooklyn Nets @ Milwaukee Bucks,2025-11-30T01:10:00Z,player_double_double,,draftkings,2025-11-29T14:54:37Z,2025-11-29T14:56:32Z,,
Myles Turner,Brooklyn Nets @ Milwaukee Bucks,2025-11-30T01:10:00Z,player_double_double,,draftkings,2025-11-29T14:54:37Z,2025-11-29T14:56:32Z,,
Ryan Rollins,Brooklyn Nets @ Milwaukee Bucks,2025-11-30T01:10:00Z,player_double_double,,draftkings,2025-11-29T14:54:37Z,2025-11-29T14:56:32Z,,
Egor Demin,Brooklyn Nets @ Milwaukee Bucks,2025-11-30T01:10:00Z,player_double_double,,draftkings,2025-11-29T14:54:37Z,2025-11-29T14:56:32Z,,
Noah Clowney,Brooklyn Nets @ Milwaukee Bucks,2025-11-30T01:10:00Z,player_double_double,,draftkings,2025-11-29T14:54:37Z,2025-11-29T14:56:32Z,,
Bobby Portis,Brooklyn Nets @ Milwaukee Bucks,2025-11-30T01:10:00Z,player_double_double,,draftkings,2025-11-29T14:54:37Z,2025-11-29T14:56:32Z,,
Terance Mann,Brooklyn Nets @ Milwaukee Bucks,2025-11-30T01:10:00Z,player_double_double,,draftkings,2025-11-29T14:54:37Z,2025-11-29T14:56:32Z,,
Kyle Kuzma,Brooklyn Nets @ Milwaukee Bucks,2025-11-30T01:10:00Z,player_double_double,,draftkings,2025-11-29T14:54:37Z,2025-11-29T14:56:32Z,,
Giannis Antetokounmpo,Brooklyn Nets @ Milwaukee Bucks,2025-11-30T01:10:00Z,player_points,28.5,draftkings,2025-11-29T14:54:37Z,2025-11-29T14:56:32Z,-119.0,-107.0
Michael Porter Jr,Brooklyn Nets @ Milwaukee Bucks,2025-11-30T01:10:00Z,player_points,23.5,draftkings,2025-11-29T14:54:37Z,2025-11-29T14:56:32Z,-108.0,-118.0
Noah Clowney,Brooklyn Nets @ Milwaukee Bucks,2025-11-30T01:10:00Z,player_points,17.5,draftkings,2025-11-29T14:54:37Z,2025-11-29T14:56:32Z,-102.0,-125.0
Ryan Rollins,Brooklyn Nets @ Milwaukee Bucks,2025-11-30T01:10:00Z,player_points,16.5,draftkings,2025-11-29T14:54:37Z,2025-11-29T14:56:32Z,-122.0,-105.0
Nicolas Claxton,Brooklyn Nets @ Milwaukee Bucks,2025-11-30T01:10:00Z,player_points,13.5,draftkings,2025-11-29T14:54:37Z,2025-11-29T14:56:32Z,-120.0,-107.0
Myles Turner,Brooklyn Nets @ Milwaukee Bucks,2025-11-30T01:10:00Z,player_points,13.5,draftkings,2025-11-29T14:54:37Z,2025-11-29T14:56:32Z,-110.0,-116.0
Kyle Kuzma,Brooklyn Nets @ Milwaukee Bucks,2025-11-30T01:10:00Z,player_points,12.5,draftkings,2025-11-29T14:54:37Z,2025-11-29T14:56:32Z,-105.0,-122.0
Egor Demin,Brooklyn Nets @ Milwaukee Bucks,2025-11-30T01:10:00Z,player_points,11.5,draftkings,2025-11-29T14:54:37Z,2025-11-29T14:56:32Z,-126.0,-101.0
A.J. Green,Brooklyn Nets @ Milwaukee Bucks,2025-11-30T01:10:00Z,player_points,11.5,draftkings,2025-11-29T14:54:37Z,2025-11-29T14:56:32Z,-102.0,-124.0
Terance Mann,Brooklyn Nets @ Milwaukee Bucks,2025-11-30T01:10:00Z,player_points,9.5,draftkings,2025-11-29T14:54:37Z,2025-11-29T14:56:32Z,-112.0,-114.0
Bobby Portis,Brooklyn Nets @ Milwaukee Bucks,2025-11-30T01:10:00Z,player_points,8.5,draftkings,2025-11-29T14:54:37Z,2025-11-29T14:56:32Z,-120.0,-106.0
Gary Trent Jr,Brooklyn Nets @ Milwaukee Bucks,2025-11-30T01:10:00Z,player_points,8.5,draftkings,2025-11-29T14:54:37Z,2025-11-29T14:56:32Z,-104.0,-123.0
Giannis Antetokounmpo,Brooklyn Nets @ Milwaukee Bucks,2025-11-30T01:10:00Z,player_points_rebounds_assists,46.5,draftkings,2025-11-29T14:54:37Z,2025-11-29T14:56:32Z,-118.0,-112.0
Michael Porter Jr,Brooklyn Nets @ Milwaukee Bucks,2025-11-30T01:10:00Z,player_points_rebounds_assists,32.5,draftkings,2025-11-29T14:54:37Z,2025-11-29T14:56:32Z,-114.0,-116.0
Ryan Rollins,Brooklyn Nets @ Milwaukee Bucks,2025-11-30T01:10:00Z,player_points_rebounds_assists,27.5,draftkings,2025-11-29T14:54:37Z,2025-11-29T14:56:32Z,-107.0,-123.0
Nicolas Claxton,Brooklyn Nets @ Milwaukee Bucks,2025-11-30T01:10:00Z,player_points_rebounds_assists,26.5,draftkings,2025-11-29T14:54:37Z,2025-11-29T14:56:32Z,-122.0,-108.0
Egor Demin,Brooklyn Nets @ Milwaukee Bucks,2025-11-30T01:10:00Z,player_points_rebounds_assists,20.5,draftkings,2025-11-29T14:54:37Z,2025-11-29T14:56:32Z,-128.0,-103.0
Terance Mann,Brooklyn Nets @ Milwaukee Bucks,2025-11-30T01:10:00Z,player_points_rebounds_assists,18.5,draftkings,2025-11-29T14:54:37Z,2025-11-29T14:56:32Z,-106.0,-124.0
Giannis Antetokounmpo,Brooklyn Nets @ Milwaukee Bucks,2025-11-30T01:10:00Z,player_rebounds,10.5,draftkings,2025-11-29T14:54:37Z,2025-11-29T14:56:32Z,-119.0,-110.0
Nicolas Claxton,Brooklyn Nets @ Milwaukee Bucks,2025-11-30T01:10:00Z,player_rebounds,9.5,draftkings,2025-11-29T14:54:37Z,2025-11-29T14:56:32Z,108.0,-143.0
Myles Turner,Brooklyn Nets @ Milwaukee Bucks,2025-11-30T01:10:00Z,player_rebounds,6.5,draftkings,2025-11-29T14:54:37Z,2025-11-29T14:56:32Z,-114.0,-115.0
Michael Porter Jr,Brooklyn Nets @ Milwaukee Bucks,2025-11-30T01:10:00Z,player_rebounds,6.5,draftkings,2025-11-29T14:54:37Z,2025-11-29T14:56:32Z,-106.0,-124.0
Bobby Portis,Brooklyn Nets @ Milwaukee Bucks,2025-11-30T01:10:00Z,player_rebounds,5.5,draftkings,2025-11-29T14:54:37Z,2025-11-29T14:56:32Z,101.0,-133.0
Noah Clowney,Brooklyn Nets @ Milwaukee Bucks,2025-11-30T01:10:00Z,player_rebounds,4.5,draftkings,2025-11-29T14:54:37Z,2025-11-29T14:56:32Z,-153.0,116.0
Kyle Kuzma,Brooklyn Nets @ Milwaukee Bucks,2025-11-30T01:10:00Z,player_rebounds,4.5,draftkings,2025-11-29T14:54:37Z,2025-11-29T14:56:32Z,-104.0,-126.0
Terance Mann,Brooklyn Nets @ Milwaukee Bucks,2025-11-30T01:10:00Z,player_rebounds,4.5,draftkings,2025-11-29T14:54:37Z,2025-11-29T14:56:32Z,122.0,-161.0
Ryan Rollins,Brooklyn Nets @ Milwaukee Bucks,2025-11-30T01:10:00Z,player_rebounds,4.5,draftkings,2025-11-29T14:54:37Z,2025-11-29T14:56:32Z,123.0,-162.0
Egor Demin,Brooklyn Nets @ Milwaukee Bucks,2025-11-30T01:10:00Z,player_rebounds,3.5,draftkings,2025-11-29T14:54:37Z,2025-11-29T14:56:32Z,-138.0,105.0
A.J. Green,Brooklyn Nets @ Milwaukee Bucks,2025-11-30T01:10:00Z,player_rebounds,3.5,draftkings,2025-11-29T14:54:37Z,2025-11-29T14:56:32Z,122.0,-161.0
Ryan Rollins,Brooklyn Nets @ Milwaukee Bucks,2025-11-30T01:10:00Z,player_steals,1.5,draftkings,2025-11-29T14:54:37Z,2025-11-29T14:56:32Z,109.0,-144.0
Gary Trent Jr,Brooklyn Nets @ Milwaukee Bucks,2025-11-30T01:10:00Z,player_steals,0.5,draftkings,2025-11-29T14:54:37Z,2025-11-29T14:56:32Z,-180.0,135.0
Giannis Antetokounmpo,Brooklyn Nets @ Milwaukee Bucks,2025-11-30T01:10:00Z,player_steals,0.5,draftkings,2025-11-29T14:54:37Z,2025-11-29T14:56:32Z,-180.0,135.0
Nicolas Claxton,Brooklyn Nets @ Milwaukee Bucks,2025-11-30T01:10:00Z,player_steals,0.5,draftkings,2025-11-29T14:54:37Z,2025-11-29T14:56:32Z,-173.0,130.0
Michael Porter Jr,Brooklyn Nets @ Milwaukee Bucks,2025-11-30T01:10:00Z,player_steals,0.5,draftkings,2025-11-29T14:54:37Z,2025-11-29T14:56:32Z,-136.0,103.0
Michael Porter Jr,Brooklyn Nets @ Milwaukee Bucks,2025-11-30T01:10:00Z,player_threes,3.5,draftkings,2025-11-29T14:54:37Z,2025-11-29T14:56:32Z,117.0,-154.0
A.J. Green,Brooklyn Nets @ Milwaukee Bucks,2025-11-30T01:10:00Z,player_threes,3.5,draftkings,2025-11-29T14:54:37Z,2025-11-29T14:56:32Z,133.0,-176.0
Noah Clowney,Brooklyn Nets @ Milwaukee Bucks,2025-11-30T01:10:00Z,player_threes,2.5,draftkings,2025-11-29T14:54:37Z,2025-11-29T14:56:32Z,-141.0,107.0
Egor Demin,Brooklyn Nets @ Milwaukee Bucks,2025-11-30T01:10:00Z,player_threes,2.5,draftkings,2025-11-29T14:54:37Z,2025-11-29T14:56:32Z,113.0,-150.0
Ryan Rollins,Brooklyn Nets @ Milwaukee Bucks,2025-11-30T01:10:00Z,player_threes,2.5,draftkings,2025-11-29T14:54:37Z,2025-11-29T14:56:32Z,120.0,-159.0
Myles Turner,Brooklyn Nets @ Milwaukee Bucks,2025-11-30T01:10:00Z,player_threes,1.5,draftkings,2025-11-29T14:54:37Z,2025-11-29T14:56:32Z,-183.0,138.0
Gary Trent Jr,Brooklyn Nets @ Milwaukee Bucks,2025-11-30T01:10:00Z,player_threes,1.5,draftkings,2025-11-29T14:54:37Z,2025-11-29T14:56:32Z,-163.0,124.0
Terance Mann,Brooklyn Nets @ Milwaukee Bucks,2025-11-30T01:10:00Z,player_threes,1.5,draftkings,2025-11-29T14:54:37Z,2025-11-29T14:56:32Z,149.0,-198.0
Kyle Kuzma,Brooklyn Nets @ Milwaukee Bucks,2025-11-30T01:10:00Z,player_threes,1.5,draftkings,2025-11-29T14:54:37Z,2025-11-29T14:56:32Z,168.0,-225.0
Giannis Antetokounmpo,Brooklyn Nets @ Milwaukee Bucks,2025-11-30T01:10:00Z,player_triple_double,,draftkings,2025-11-29T14:54:37Z,2025-11-29T14:56:32Z,,
Terance Mann,Brooklyn Nets @ Milwaukee Bucks,2025-11-30T01:10:00Z,player_assists,4.5,williamhill_us,2025-11-29T14:55:28Z,2025-11-29T14:56:23Z,121.0,-175.0
Nicolas Claxton,Brooklyn Nets @ Milwaukee Bucks,2025-11-30T01:10:00Z,player_assists,3.5,williamhill_us,2025-11-29T14:55:28Z,2025-11-29T14:56:23Z,-118.0,-113.0
Egor Demin,Brooklyn Nets @ Milwaukee Bucks,2025-11-30T01:10:00Z,player_assists,4.5,williamhill_us,2025-11-29T14:55:28Z,2025-11-29T14:56:23Z,-143.0,107.0
Giannis Antetokounmpo,Brooklyn Nets @ Milwaukee Bucks,2025-11-30T01:10:00Z,player_assists,6.5,williamhill_us,2025-11-29T14:55:28Z,2025-11-29T14:56:23Z,-130.0,-103.0
Michael Porter Jr,Brooklyn Nets @ Milwaukee Bucks,2025-11-30T01:10:00Z,player_assists,2.5,williamhill_us,2025-11-29T14:55:28Z,2025-11-29T14:56:23Z,108.0,-145.0
Ryan Rollins,Brooklyn Nets @ Milwaukee Bucks,2025-11-30T01:10:00Z,player_assists,6.5,williamhill_us,2025-11-29T14:55:28Z,2025-11-29T14:56:23Z,116.0,-154.0
Giannis Antetokounmpo,Brooklyn Nets @ Milwaukee Bucks,2025-11-30T01:10:00Z,player_double_double,,williamhill_us,2025-11-29T14:55:28Z,2025-11-29T14:56:23Z,,
Nicolas Claxton,Brooklyn Nets @ Milwaukee Bucks,2025-11-30T01:10:00Z,player_double_double,,williamhill_us,2025-11-29T14:55:28Z,2025-11-29T14:56:23Z,,
Michael Porter Jr,Brooklyn Nets @ Milwaukee Bucks,2025-11-30T01:10:00Z,player_double_double,,williamhill_us,2025-11-29T14:55:28Z,2025-11-29T14:56:23Z,,
Myles Turner,Brooklyn Nets @ Milwaukee Bucks,2025-11-30T01:10:00Z,player_double_double,,williamhill_us,2025-11-29T14:55:28Z,2025-11-29T14:56:23Z,,
Ryan Rollins,Brooklyn Nets @ Milwaukee Bucks,2025-11-30T01:10:00Z,player_double_double,,williamhill_us,2025-11-29T14:55:28Z,2025-11-29T14:56:23Z,,
Bobby Portis,Brooklyn Nets @ Milwaukee Bucks,2025-11-30T01:10:00Z,player_double_double,,williamhill_us,2025-11-29T14:55:28Z,2025-11-29T14:56:23Z,,
Egor Demin,Brooklyn Nets @ Milwaukee Bucks,2025-11-30T01:10:00Z,player_double_double,,williamhill_us,2025-11-29T14:55:28Z,2025-11-29T14:56:23Z,,
Noah Clowney,Brooklyn Nets @ Milwaukee Bucks,2025-11-30T01:10:00Z,player_double_double,,williamhill_us,2025-11-29T14:55:28Z,2025-11-29T14:56:23Z,,
Terance Mann,Brooklyn Nets @ Milwaukee Bucks,2025-11-30T01:10:00Z,player_double_double,,williamhill_us,2025-11-29T14:55:28Z,2025-11-29T14:56:23Z,,
Kyle Kuzma,Brooklyn Nets @ Milwaukee Bucks,2025-11-30T01:10:00Z,player_double_double,,williamhill_us,2025-11-29T14:55:28Z,2025-11-29T14:56:23Z,,
Kyle Kuzma,Brooklyn Nets @ Milwaukee Bucks,2025-11-30T01:10:00Z,player_points,12.5,williamhill_us,2025-11-29T14:55:28Z,2025-11-29T14:56:23Z,-115.0,-117.0
Terance Mann,Brooklyn Nets @ Milwaukee Bucks,2025-11-30T01:10:00Z,player_points,9.5,williamhill_us,2025-11-29T14:55:28Z,2025-11-29T14:56:23Z,-120.0,-112.0
Bobby Portis,Brooklyn Nets @ Milwaukee Bucks,2025-11-30T01:10:00Z,player_points,8.5,williamhill_us,2025-11-29T14:55:28Z,2025-11-29T14:56:23Z,-121.0,-111.0
Ryan Rollins,Brooklyn Nets @ Milwaukee Bucks,2025-11-30T01:10:00Z,player_points,16.5,williamhill_us,2025-11-29T14:55:28Z,2025-11-29T14:56:23Z,-122.0,-109.0
A.J. Green,Brooklyn Nets @ Milwaukee Bucks,2025-11-30T01:10:00Z,player_points,11.5,williamhill_us,2025-11-29T14:55:28Z,2025-11-29T14:56:23Z,-109.0,-122.0
Gary Harris,Brooklyn Nets @ Milwaukee Bucks,2025-11-30T01:10:00Z,player_points,3.5,williamhill_us,2025-11-29T14:55:28Z,2025-11-29T14:56:23Z,-118.0,-113.0
Michael Porter Jr,Brooklyn Nets @ Milwaukee Bucks,2025-11-30T01:10:00Z,player_points,23.5,williamhill_us,2025-11-29T14:55:28Z,2025-11-29T14:56:23Z,-107.0,-125.0
Noah Clowney,Brooklyn Nets @ Milwaukee Bucks,2025-11-30T01:10:00Z,player_points,16.5,williamhill_us,2025-11-29T14:55:28Z,2025-11-29T14:56:23Z,-129.0,-105.0
Nicolas Claxton,Brooklyn Nets @ Milwaukee Bucks,2025-11-30T01:10:00Z,player_points,13.5,williamhill_us,2025-11-29T14:55:28Z,2025-11-29T14:56:23Z,-134.0,100.0
Gary Trent Jr,Brooklyn Nets @ Milwaukee Bucks,2025-11-30T01:10:00Z,player_points,8.5,williamhill_us,2025-11-29T14:55:28Z,2025-11-29T14:56:23Z,-113.0,-118.0
Egor Demin,Brooklyn Nets @ Milwaukee Bucks,2025-11-30T01:10:00Z,player_points,11.5,williamhill_us,2025-11-29T14:55:28Z,2025-11-29T14:56:23Z,-113.0,-118.0
Myles Turner,Brooklyn Nets @ Milwaukee Bucks,2025-11-30T01:10:00Z,player_points,13.5,williamhill_us,2025-11-29T14:55:28Z,2025-11-29T14:56:23Z,-107.0,-125.0
Giannis Antetokounmpo,Brooklyn Nets @ Milwaukee Bucks,2025-11-30T01:10:00Z,player_points,29.5,williamhill_us,2025-11-29T14:55:28Z,2025-11-29T14:56:23Z,-105.0,-128.0
Noah Clowney,Brooklyn Nets @ Milwaukee Bucks,2025-11-30T01:10:00Z,player_rebounds,4.5,williamhill_us,2025-11-29T14:55:28Z,2025-11-29T14:56:23Z,-143.0,108.0
Giannis Antetokounmpo,Brooklyn Nets @ Milwaukee Bucks,2025-11-30T01:10:00Z,player_rebounds,10.5,williamhill_us,2025-11-29T14:55:28Z,2025-11-29T14:56:23Z,-122.0,-109.0
Terance Mann,Brooklyn Nets @ Milwaukee Bucks,2025-11-30T01:10:00Z,player_rebounds,3.5,williamhill_us,2025-11-29T14:55:28Z,2025-11-29T14:56:23Z,-154.0,116.0
Kyle Kuzma,Brooklyn Nets @ Milwaukee Bucks,2025-11-30T01:10:00Z,player_rebounds,4.5,williamhill_us,2025-11-29T14:55:28Z,2025-11-29T14:56:23Z,-107.0,-124.0
Ryan Rollins,Brooklyn Nets @ Milwaukee Bucks,2025-11-30T01:10:00Z,player_rebounds,4.5,williamhill_us,2025-11-29T14:55:28Z,2025-11-29T14:56:23Z,126.0,-170.0
Michael Porter Jr,Brooklyn Nets @ Milwaukee Bucks,2025-11-30T01:10:00Z,player_rebounds,6.5,williamhill_us,2025-11-29T14:55:28Z,2025-11-29T14:56:23Z,-105.0,-127.0
Egor Demin,Brooklyn Nets @ Milwaukee Bucks,2025-11-30T01:10:00Z,player_rebounds,3.5,williamhill_us,2025-11-29T14:55:28Z,2025-11-29T14:56:23Z,-136.0,101.0
Bobby Portis,Brooklyn Nets @ Milwaukee Bucks,2025-11-30T01:10:00Z,player_rebounds,5.5,williamhill_us,2025-11-29T14:55:28Z,2025-11-29T14:56:23Z,100.0,-134.0
Myles Turner,Brooklyn Nets @ Milwaukee Bucks,2025-11-30T01:10:00Z,player_rebounds,6.5,williamhill_us,2025-11-29T14:55:28Z,2025-11-29T14:56:23Z,-112.0,-120.0
Nicolas Claxton,Brooklyn Nets @ Milwaukee Bucks,2025-11-30T01:10:00Z,player_rebounds,9.5,williamhill_us,2025-11-29T14:55:28Z,2025-11-29T14:56:23Z,117.0,-157.0
A.J. Green,Brooklyn Nets @ Milwaukee Bucks,2025-11-30T01:10:00Z,player_rebounds,3.5,williamhill_us,2025-11-29T14:55:28Z,2025-11-29T14:56:23Z,127.0,-170.0
Michael Porter Jr,Brooklyn Nets @ Milwaukee Bucks,2025-11-30T01:10:00Z,player_threes,3.5,williamhill_us,2025-11-29T14:55:28Z,2025-11-29T14:56:23Z,120.0,-162.0
Kyle Kuzma,Brooklyn Nets @ Milwaukee Bucks,2025-11-30T01:10:00Z,player_threes,1.5,williamhill_us,2025-11-29T14:55:28Z,2025-11-29T14:56:23Z,177.0,-245.0
Terance Mann,Brooklyn Nets @ Milwaukee Bucks,2025-11-30T01:10:00Z,player_threes,1.5,williamhill_us,2025-11-29T14:55:28Z,2025-11-29T14:56:23Z,167.0,-230.0
Myles Turner,Brooklyn Nets @ Milwaukee Bucks,2025-11-30T01:10:00Z,player_threes,2.5,williamhill_us,2025-11-29T14:55:28Z,2025-11-29T14:56:23Z,143.0,-193.0
Gary Trent Jr,Brooklyn Nets @ Milwaukee Bucks,2025-11-30T01:10:00Z,player_threes,1.5,williamhill_us,2025-11-29T14:55:28Z,2025-11-29T14:56:23Z,-159.0,120.0
Ryan Rollins,Brooklyn Nets @ Milwaukee Bucks,2025-11-30T01:10:00Z,player_threes,2.5,williamhill_us,2025-11-29T14:55:28Z,2025-11-29T14:56:23Z,127.0,-170.0
Noah Clowney,Brooklyn Nets @ Milwaukee Bucks,2025-11-30T01:10:00Z,player_threes,2.5,williamhill_us,2025-11-29T14:55:28Z,2025-11-29T14:56:23Z,-152.0,114.0
Egor Demin,Brooklyn Nets @ Milwaukee Bucks,2025-11-30T01:10:00Z,player_threes,2.5,williamhill_us,2025-11-29T14:55:28Z,2025-11-29T14:56:23Z,120.0,-165.0
A.J. Green,Brooklyn Nets @ Milwaukee Bucks,2025-11-30T01:10:00Z,player_threes,3.5,williamhill_us,2025-11-29T14:55:28Z,2025-11-29T14:56:23Z,129.0,-173.0
Bobby Portis,Brooklyn Nets @ Milwaukee Bucks,2025-11-30T01:10:00Z,player_threes,0.5,williamhill_us,2025-11-29T14:55:28Z,2025-11-29T14:56:23Z,-197.0,145.0
Giannis Antetokounmpo,Brooklyn Nets @ Milwaukee Bucks,2025-11-30T01:10:00Z,player_triple_double,,williamhill_us,2025-11-29T14:55:28Z,2025-11-29T14:56:23Z,,
Nicolas Claxton,Brooklyn Nets @ Milwaukee Bucks,2025-11-30T01:10:00Z,player_assists,3.5,betonlineag,2025-11-29T14:54:41Z,2025-11-29T14:56:17Z,-118.0,-110.0
Giannis Antetokounmpo,Brooklyn Nets @ Milwaukee Bucks,2025-11-30T01:10:00Z,player_assists,6.5,betonlineag,2025-11-29T14:54:41Z,2025-11-29T14:56:17Z,-133.0,103.0
Ryan Rollins,Brooklyn Nets @ Milwaukee Bucks,2025-11-30T01:10:00Z,player_assists,6.5,betonlineag,2025-11-29T14:54:41Z,2025-11-29T14:56:17Z,115.0,-149.0
A.J. Green,Brooklyn Nets @ Milwaukee Bucks,2025-11-30T01:10:00Z,player_assists,2.5,betonlineag,2025-11-29T14:54:41Z,2025-11-29T14:56:17Z,102.0,-132.0
Kyle Kuzma,Brooklyn Nets @ Milwaukee Bucks,2025-11-30T01:10:00Z,player_assists,2.5,betonlineag,2025-11-29T14:54:41Z,2025-11-29T14:56:17Z,130.0,-169.0
Terance Mann,Brooklyn Nets @ Milwaukee Bucks,2025-11-30T01:10:00Z,player_assists,4.5,betonlineag,2025-11-29T14:54:41Z,2025-11-29T14:56:17Z,110.0,-143.0
Egor Demin,Brooklyn Nets @ Milwaukee Bucks,2025-11-30T01:10:00Z,player_assists,4.5,betonlineag,2025-11-29T14:54:41Z,2025-11-29T14:56:17Z,-145.0,111.0
Michael Porter Jr,Brooklyn Nets @ Milwaukee Bucks,2025-11-30T01:10:00Z,player_assists,2.5,betonlineag,2025-11-29T14:54:41Z,2025-11-29T14:56:17Z,110.0,-143.0
Nicolas Claxton,Brooklyn Nets @ Milwaukee Bucks,2025-11-30T01:10:00Z,player_points,13.5,betonlineag,2025-11-29T14:54:41Z,2025-11-29T14:56:17Z,-130.0,100.0
Noah Clowney,Brooklyn Nets @ Milwaukee Bucks,2025-11-30T01:10:00Z,player_points,17.5,betonlineag,2025-11-29T14:54:41Z,2025-11-29T14:56:17Z,-108.0,-120.0
Bobby Portis,Brooklyn Nets @ Milwaukee Bucks,2025-11-30T01:10:00Z,player_points,8.5,betonlineag,2025-11-29T14:54:41Z,2025-11-29T14:56:17Z,-114.0,-114.0
Gary Trent Jr,Brooklyn Nets @ Milwaukee Bucks,2025-11-30T01:10:00Z,player_points,8.5,betonlineag,2025-11-29T14:54:41Z,2025-11-29T14:56:17Z,-109.0,-119.0
A.J. Green,Brooklyn Nets @ Milwaukee Bucks,2025-11-30T01:10:00Z,player_points,11.5,betonlineag,2025-11-29T14:54:41Z,2025-11-29T14:56:17Z,-106.0,-122.0
Ryan Rollins,Brooklyn Nets @ Milwaukee Bucks,2025-11-30T01:10:00Z,player_points,16.5,betonlineag,2025-11-29T14:54:41Z,2025-11-29T14:56:17Z,-119.0,-109.0
Kyle Kuzma,Brooklyn Nets @ Milwaukee Bucks,2025-11-30T01:10:00Z,player_points,12.5,betonlineag,2025-11-29T14:54:41Z,2025-11-29T14:56:17Z,-108.0,-120.0
Terance Mann,Brooklyn Nets @ Milwaukee Bucks,2025-11-30T01:10:00Z,player_points,9.5,betonlineag,2025-11-29T14:54:41Z,2025-11-29T14:56:17Z,-119.0,-109.0
Egor Demin,Brooklyn Nets @ Milwaukee Bucks,2025-11-30T01:10:00Z,player_points,11.5,betonlineag,2025-11-29T14:54:41Z,2025-11-29T14:56:17Z,-112.0,-115.0
Michael Porter Jr,Brooklyn Nets @ Milwaukee Bucks,2025-11-30T01:10:00Z,player_points,23.5,betonlineag,2025-11-29T14:54:41Z,2025-11-29T14:56:17Z,-106.0,-122.0
Myles Turner,Brooklyn Nets @ Milwaukee Bucks,2025-11-30T01:10:00Z,player_points,13.5,betonlineag,2025-11-29T14:54:41Z,2025-11-29T14:56:17Z,-108.0,-120.0
Giannis Antetokounmpo,Brooklyn Nets @ Milwaukee Bucks,2025-11-30T01:10:00Z,player_points,28.5,betonlineag,2025-11-29T14:54:41Z,2025-11-29T14:56:17Z,-123.0,-105.0
Ryan Rollins,Brooklyn Nets @ Milwaukee Bucks,2025-11-30T01:10:00Z,player_points_rebounds_assists,27.5,betonlineag,2025-11-29T14:54:41Z,2025-11-29T14:56:17Z,-105.0,-123.0
Terance Mann,Brooklyn Nets @ Milwaukee Bucks,2025-11-30T01:10:00Z,player_points_rebounds_assists,18.5,betonlineag,2025-11-29T14:54:41Z,2025-11-29T14:56:17Z,-108.0,-120.0
Egor Demin,Brooklyn Nets @ Milwaukee Bucks,2025-11-30T01:10:00Z,player_points_rebounds_assists,20.5,betonlineag,2025-11-29T14:54:41Z,2025-11-29T14:56:17Z,-112.0,-115.0
Noah Clowney,Brooklyn Nets @ Milwaukee Bucks,2025-11-30T01:10:00Z,player_points_rebounds_assists,24.5,betonlineag,2025-11-29T14:54:41Z,2025-11-29T14:56:17Z,-106.0,-122.0
Myles Turner,Brooklyn Nets @ Milwaukee Bucks,2025-11-30T01:10:00Z,player_points_rebounds_assists,21.5,betonlineag,2025-11-29T14:54:41Z,2025-11-29T14:56:17Z,-115.0,-112.0
Kyle Kuzma,Brooklyn Nets @ Milwaukee Bucks,2025-11-30T01:10:00Z,player_points_rebounds_assists,19.5,betonlineag,2025-11-29T14:54:41Z,2025-11-29T14:56:17Z,-111.0,-116.0
Gary Trent Jr,Brooklyn Nets @ Milwaukee Bucks,2025-11-30T01:10:00Z,player_points_rebounds_assists,11.5,betonlineag,2025-11-29T14:54:41Z,2025-11-29T14:56:17Z,-116.0,-111.0
Bobby Portis,Brooklyn Nets @ Milwaukee Bucks,2025-11-30T01:10:00Z,player_points_rebounds_assists,15.5,betonlineag,2025-11-29T14:54:41Z,2025-11-29T14:56:17Z,-110.0,-118.0
Giannis Antetokounmpo,Brooklyn Nets @ Milwaukee Bucks,2025-11-30T01:10:00Z,player_points_rebounds_assists,46.5,betonlineag,2025-11-29T14:54:41Z,2025-11-29T14:56:17Z,-119.0,-109.0
Michael Porter Jr,Brooklyn Nets @ Milwaukee Bucks,2025-11-30T01:10:00Z,player_points_rebounds_assists,32.5,betonlineag,2025-11-29T14:54:41Z,2025-11-29T14:56:17Z,-114.0,-114.0
A.J. Green,Brooklyn Nets @ Milwaukee Bucks,2025-11-30T01:10:00Z,player_points_rebounds_assists,17.5,betonlineag,2025-11-29T14:54:41Z,2025-11-29T14:56:17Z,-111.0,-116.0
Nicolas Claxton,Brooklyn Nets @ Milwaukee Bucks,2025-11-30T01:10:00Z,player_points_rebounds_assists,27.5,betonlineag,2025-11-29T14:54:41Z,2025-11-29T14:56:17Z,-103.0,-125.0
Giannis Antetokounmpo,Brooklyn Nets @ Milwaukee Bucks,2025-11-30T01:10:00Z,player_rebounds,10.5,betonlineag,2025-11-29T14:54:41Z,2025-11-29T14:56:17Z,-122.0,-106.0
Ryan Rollins,Brooklyn Nets @ Milwaukee Bucks,2025-11-30T01:10:00Z,player_rebounds,4.5,betonlineag,2025-11-29T14:54:41Z,2025-11-29T14:56:17Z,128.0,-167.0
A.J. Green,Brooklyn Nets @ Milwaukee Bucks,2025-11-30T01:10:00Z,player_rebounds,3.5,betonlineag,2025-11-29T14:54:41Z,2025-11-29T14:56:17Z,130.0,-169.0
Noah Clowney,Brooklyn Nets @ Milwaukee Bucks,2025-11-30T01:10:00Z,player_rebounds,4.5,betonlineag,2025-11-29T14:54:41Z,2025-11-29T14:56:17Z,-149.0,115.0
Bobby Portis,Brooklyn Nets @ Milwaukee Bucks,2025-11-30T01:10:00Z,player_rebounds,5.5,betonlineag,2025-11-29T14:54:41Z,2025-11-29T14:56:17Z,100.0,-130.0
Gary Trent Jr,Brooklyn Nets @ Milwaukee Bucks,2025-11-30T01:10:00Z,player_rebounds,1.5,betonlineag,2025-11-29T14:54:41Z,2025-11-29T14:56:17Z,-132.0,102.0
Kyle Kuzma,Brooklyn Nets @ Milwaukee Bucks,2025-11-30T01:10:00Z,player_rebounds,4.5,betonlineag,2025-11-29T14:54:41Z,2025-11-29T14:56:17Z,-103.0,-125.0
Egor Demin,Brooklyn Nets @ Milwaukee Bucks,2025-11-30T01:10:00Z,player_rebounds,3.5,betonlineag,2025-11-29T14:54:41Z,2025-11-29T14:56:17Z,-130.0,100.0
Terance Mann,Brooklyn Nets @ Milwaukee Bucks,2025-11-30T01:10:00Z,player_rebounds,3.5,betonlineag,2025-11-29T14:54:41Z,2025-11-29T14:56:17Z,-154.0,119.0
Michael Porter Jr,Brooklyn Nets @ Milwaukee Bucks,2025-11-30T01:10:00Z,player_rebounds,6.5,betonlineag,2025-11-29T14:54:41Z,2025-11-29T14:56:17Z,100.0,-130.0
Myles Turner,Brooklyn Nets @ Milwaukee Bucks,2025-11-30T01:10:00Z,player_rebounds,6.5,betonlineag,2025-11-29T14:54:41Z,2025-11-29T14:56:17Z,-109.0,-119.0
Nicolas Claxton,Brooklyn Nets @ Milwaukee Bucks,2025-11-30T01:10:00Z,player_rebounds,9.5,betonlineag,2025-11-29T14:54:41Z,2025-11-29T14:56:17Z,109.0,-141.0
Gary Harris,Brooklyn Nets @ Milwaukee Bucks,2025-11-30T01:10:00Z,player_rebounds,1.5,betonlineag,2025-11-29T14:54:41Z,2025-11-29T14:56:17Z,-127.0,-102.0
Giannis Antetokounmpo,Brooklyn Nets @ Milwaukee Bucks,2025-11-30T01:10:00Z,player_threes,0.5,betonlineag,2025-11-29T14:54:41Z,2025-11-29T14:56:17Z,152.0,-200.0
Noah Clowney,Brooklyn Nets @ Milwaukee Bucks,2025-11-30T01:10:00Z,player_threes,2.5,betonlineag,2025-11-29T14:54:41Z,2025-11-29T14:56:17Z,-159.0,122.0
Gary Trent Jr,Brooklyn Nets @ Milwaukee Bucks,2025-11-30T01:10:00Z,player_threes,1.5,betonlineag,2025-11-29T14:54:41Z,2025-11-29T14:56:17Z,-159.0,122.0
Ryan Rollins,Brooklyn Nets @ Milwaukee Bucks,2025-11-30T01:10:00Z,player_threes,2.5,betonlineag,2025-11-29T14:54:41Z,2025-11-29T14:56:17Z,132.0,-172.0
A.J. Green,Brooklyn Nets @ Milwaukee Bucks,2025-11-30T01:10:00Z,player_threes,3.5,betonlineag,2025-11-29T14:54:41Z,2025-11-29T14:56:17Z,134.0,-175.0
Bobby Portis,Brooklyn Nets @ Milwaukee Bucks,2025-11-30T01:10:00Z,player_threes,0.5,betonlineag,2025-11-29T14:54:41Z,2025-11-29T14:56:17Z,-192.0,147.0
Kyle Kuzma,Brooklyn Nets @ Milwaukee Bucks,2025-11-30T01:10:00Z,player_threes,1.5,betonlineag,2025-11-29T14:54:41Z,2025-11-29T14:56:17Z,182.0,-244.0
Terance Mann,Brooklyn Nets @ Milwaukee Bucks,2025-11-30T01:10:00Z,player_threes,1.5,betonlineag,2025-11-29T14:54:41Z,2025-11-29T14:56:17Z,167.0,-222.0
Egor Demin,Brooklyn Nets @ Milwaukee Bucks,2025-11-30T01:10:00Z,player_threes,2.5,betonlineag,2025-11-29T14:54:41Z,2025-11-29T14:56:17Z,118.0,-154.0
Myles Turner,Brooklyn Nets @ Milwaukee Bucks,2025-11-30T01:10:00Z,player_threes,1.5,betonlineag,2025-11-29T14:54:41Z,2025-11-29T14:56:17Z,-185.0,140.0
Michael Porter Jr,Brooklyn Nets @ Milwaukee Bucks,2025-11-30T01:10:00Z,player_threes,3.5,betonlineag,2025-11-29T14:54:41Z,2025-11-29T14:56:17Z,122.0,-159.0
Gary Harris,Brooklyn Nets @ Milwaukee Bucks,2025-11-30T01:10:00Z,player_threes,0.5,betonlineag,2025-11-29T14:54:41Z,2025-11-29T14:56:17Z,-172.0,131.0
Ryan Rollins,Brooklyn Nets @ Milwaukee Bucks,2025-11-30T01:10:00Z,player_assists,6.5,betmgm,2025-11-29T14:54:38Z,2025-11-29T14:56:08Z,105.0,-145.0
Noah Clowney,Brooklyn Nets @ Milwaukee Bucks,2025-11-30T01:10:00Z,player_assists,1.5,betmgm,2025-11-29T14:54:38Z,2025-11-29T14:56:08Z,-125.0,-105.0
Bobby Portis,Brooklyn Nets @ Milwaukee Bucks,2025-11-30T01:10:00Z,player_assists,1.5,betmgm,2025-11-29T14:54:38Z,2025-11-29T14:56:08Z,155.0,-210.0
Myles Turner,Brooklyn Nets @ Milwaukee Bucks,2025-11-30T01:10:00Z,player_assists,1.5,betmgm,2025-11-29T14:54:38Z,2025-11-29T14:56:08Z,115.0,-150.0
Nicolas Claxton,Brooklyn Nets @ Milwaukee Bucks,2025-11-30T01:10:00Z,player_assists,3.5,betmgm,2025-11-29T14:54:38Z,2025-11-29T14:56:08Z,-130.0,-105.0
A.J. Green,Brooklyn Nets @ Milwaukee Bucks,2025-11-30T01:10:00Z,player_assists,2.5,betmgm,2025-11-29T14:54:38Z,2025-11-29T14:56:08Z,100.0,-135.0
Gary Harris,Brooklyn Nets @ Milwaukee Bucks,2025-11-30T01:10:00Z,player_assists,0.5,betmgm,2025-11-29T14:54:38Z,2025-11-29T14:56:08Z,-220.0,160.0
Terance Mann,Brooklyn Nets @ Milwaukee Bucks,2025-11-30T01:10:00Z,player_assists,4.5,betmgm,2025-11-29T14:54:38Z,2025-11-29T14:56:08Z,110.0,-145.0
Michael Porter Jr,Brooklyn Nets @ Milwaukee Bucks,2025-11-30T01:10:00Z,player_assists,2.5,betmgm,2025-11-29T14:54:38Z,2025-11-29T14:56:08Z,105.0,-140.0
Giannis Antetokounmpo,Brooklyn Nets @ Milwaukee Bucks,2025-11-30T01:10:00Z,player_assists,6.5,betmgm,2025-11-29T14:54:38Z,2025-11-29T14:56:08Z,-130.0,100.0
Egor Demin,Brooklyn Nets @ Milwaukee Bucks,2025-11-30T01:10:00Z,player_assists,4.5,betmgm,2025-11-29T14:54:38Z,2025-11-29T14:56:08Z,-150.0,110.0
Gary Trent Jr,Brooklyn Nets @ Milwaukee Bucks,2025-11-30T01:10:00Z,player_assists,1.5,betmgm,2025-11-29T14:54:38Z,2025-11-29T14:56:08Z,110.0,-150.0
Kyle Kuzma,Brooklyn Nets @ Milwaukee Bucks,2025-11-30T01:10:00Z,player_assists,2.5,betmgm,2025-11-29T14:54:38Z,2025-11-29T14:56:08Z,130.0,-175.0
Ryan Rollins,Brooklyn Nets @ Milwaukee Bucks,2025-11-30T01:10:00Z,player_blocks,0.5,betmgm,2025-11-29T14:54:38Z,2025-11-29T14:56:08Z,200.0,-300.0
Noah Clowney,Brooklyn Nets @ Milwaukee Bucks,2025-11-30T01:10:00Z,player_blocks,0.5,betmgm,2025-11-29T14:54:38Z,2025-11-29T14:56:08Z,-120.0,-115.0
Myles Turner,Brooklyn Nets @ Milwaukee Bucks,2025-11-30T01:10:00Z,player_blocks,1.5,betmgm,2025-11-29T14:54:38Z,2025-11-29T14:56:08Z,-110.0,-130.0
Nicolas Claxton,Brooklyn Nets @ Milwaukee Bucks,2025-11-30T01:10:00Z,player_blocks,1.5,betmgm,2025-11-29T14:54:38Z,2025-11-29T14:56:08Z,145.0,-210.0
A.J. Green,Brooklyn Nets @ Milwaukee Bucks,2025-11-30T01:10:00Z,player_blocks,0.5,betmgm,2025-11-29T14:54:38Z,2025-11-29T14:56:08Z,450.0,-900.0
Terance Mann,Brooklyn Nets @ Milwaukee Bucks,2025-11-30T01:10:00Z,player_blocks,0.5,betmgm,2025-11-29T14:54:38Z,2025-11-29T14:56:08Z,375.0,-650.0
Michael Porter Jr,Brooklyn Nets @ Milwaukee Bucks,2025-11-30T01:10:00Z,player_blocks,0.5,betmgm,2025-11-29T14:54:38Z,2025-11-29T14:56:08Z,290.0,-450.0
Giannis Antetokounmpo,Brooklyn Nets @ Milwaukee Bucks,2025-11-30T01:10:00Z,player_blocks,0.5,betmgm,2025-11-29T14:54:38Z,2025-11-29T14:56:08Z,-175.0,125.0
Egor Demin,Brooklyn Nets @ Milwaukee Bucks,2025-11-30T01:10:00Z,player_blocks,0.5,betmgm,2025-11-29T14:54:38Z,2025-11-29T14:56:08Z,250.0,-400.0
Ryan Rollins,Brooklyn Nets @ Milwaukee Bucks,2025-11-30T01:10:00Z,player_double_double,,betmgm,2025-11-29T14:54:38Z,2025-11-29T14:56:08Z,,
Noah Clowney,Brooklyn Nets @ Milwaukee Bucks,2025-11-30T01:10:00Z,player_double_double,,betmgm,2025-11-29T14:54:38Z,2025-11-29T14:56:08Z,,
Myles Turner,Brooklyn Nets @ Milwaukee Bucks,2025-11-30T01:10:00Z,player_double_double,,betmgm,2025-11-29T14:54:38Z,2025-11-29T14:56:08Z,,
Nicolas Claxton,Brooklyn Nets @ Milwaukee Bucks,2025-11-30T01:10:00Z,player_double_double,,betmgm,2025-11-29T14:54:38Z,2025-11-29T14:56:08Z,,
Terance Mann,Brooklyn Nets @ Milwaukee Bucks,2025-11-30T01:10:00Z,player_double_double,,betmgm,2025-11-29T14:54:38Z,2025-11-29T14:56:08Z,,
Michael Porter Jr,Brooklyn Nets @ Milwaukee Bucks,2025-11-30T01:10:00Z,player_double_double,,betmgm,2025-11-29T14:54:38Z,2025-11-29T14:56:08Z,,
Giannis Antetokounmpo,Brooklyn Nets @ Milwaukee Bucks,2025-11-30T01:10:00Z,player_double_double,,betmgm,2025-11-29T14:54:38Z,2025-11-29T14:56:08Z,,
Egor Demin,Brooklyn Nets @ Milwaukee Bucks,2025-11-30T01:10:00Z,player_double_double,,betmgm,2025-11-29T14:54:38Z,2025-11-29T14:56:08Z,,
Bobby Portis,Brooklyn Nets @ Milwaukee Bucks,2025-11-30T01:10:00Z,player_points,8.5,betmgm,2025-11-29T14:54:38Z,2025-11-29T14:56:08Z,-115.0,-118.0
Nicolas Claxton,Brooklyn Nets @ Milwaukee Bucks,2025-11-30T01:10:00Z,player_points,14.5,betmgm,2025-11-29T14:54:38Z,2025-11-29T14:56:08Z,-105.0,-125.0
A.J. Green,Brooklyn Nets @ Milwaukee Bucks,2025-11-30T01:10:00Z,player_points,11.5,betmgm,2025-11-29T14:54:38Z,2025-11-29T14:56:08Z,-120.0,-110.0
Gary Harris,Brooklyn Nets @ Milwaukee Bucks,2025-11-30T01:10:00Z,player_points,3.5,betmgm,2025-11-29T14:54:38Z,2025-11-29T14:56:08Z,-120.0,-110.0
Terance Mann,Brooklyn Nets @ Milwaukee Bucks,2025-11-30T01:10:00Z,player_points,9.5,betmgm,2025-11-29T14:54:38Z,2025-11-29T14:56:08Z,-118.0,-115.0
Michael Porter Jr,Brooklyn Nets @ Milwaukee Bucks,2025-11-30T01:10:00Z,player_points,23.5,betmgm,2025-11-29T14:54:38Z,2025-11-29T14:56:08Z,-105.0,-125.0
Giannis Antetokounmpo,Brooklyn Nets @ Milwaukee Bucks,2025-11-30T01:10:00Z,player_points,29.5,betmgm,2025-11-29T14:54:38Z,2025-11-29T14:56:08Z,100.0,-135.0
Egor Demin,Brooklyn Nets @ Milwaukee Bucks,2025-11-30T01:10:00Z,player_points,11.5,betmgm,2025-11-29T14:54:38Z,2025-11-29T14:56:08Z,-110.0,-118.0
Gary Trent Jr,Brooklyn Nets @ Milwaukee Bucks,2025-11-30T01:10:00Z,player_points,8.5,betmgm,2025-11-29T14:54:38Z,2025-11-29T14:56:08Z,-110.0,-120.0
Kyle Kuzma,Brooklyn Nets @ Milwaukee Bucks,2025-11-30T01:10:00Z,player_points,12.5,betmgm,2025-11-29T14:54:38Z,2025-11-29T14:56:08Z,-118.0,-110.0
Noah Clowney,Brooklyn Nets @ Milwaukee Bucks,2025-11-30T01:10:00Z,player_points,16.5,betmgm,2025-11-29T14:54:38Z,2025-11-29T14:56:08Z,-120.0,-110.0
Ryan Rollins,Brooklyn Nets @ Milwaukee Bucks,2025-11-30T01:10:00Z,player_points,16.5,betmgm,2025-11-29T14:54:38Z,2025-11-29T14:56:08Z,-120.0,-110.0
Myles Turner,Brooklyn Nets @ Milwaukee Bucks,2025-11-30T01:10:00Z,player_points,13.5,betmgm,2025-11-29T14:54:38Z,2025-11-29T14:56:08Z,-110.0,-120.0
Noah Clowney,Brooklyn Nets @ Milwaukee Bucks,2025-11-30T01:10:00Z,player_points_rebounds_assists,23.5,betmgm,2025-11-29T14:54:38Z,2025-11-29T14:56:08Z,-115.0,-118.0
Bobby Portis,Brooklyn Nets @ Milwaukee Bucks,2025-11-30T01:10:00Z,player_points_rebounds_assists,15.5,betmgm,2025-11-29T14:54:38Z,2025-11-29T14:56:08Z,-120.0,-110.0
Myles Turner,Brooklyn Nets @ Milwaukee Bucks,2025-11-30T01:10:00Z,player_points_rebounds_assists,21.5,betmgm,2025-11-29T14:54:38Z,2025-11-29T14:56:08Z,-118.0,-110.0
Nicolas Claxton,Brooklyn Nets @ Milwaukee Bucks,2025-11-30T01:10:00Z,player_points_rebounds_assists,27.5,betmgm,2025-11-29T14:54:38Z,2025-11-29T14:56:08Z,-118.0,-115.0
A.J. Green,Brooklyn Nets @ Milwaukee Bucks,2025-11-30T01:10:00Z,player_points_rebounds_assists,17.5,betmgm,2025-11-29T14:54:38Z,2025-11-29T14:56:08Z,-130.0,-105.0
Gary Harris,Brooklyn Nets @ Milwaukee Bucks,2025-11-30T01:10:00Z,player_points_rebounds_assists,6.5,betmgm,2025-11-29T14:54:38Z,2025-11-29T14:56:08Z,-135.0,100.0
Terance Mann,Brooklyn Nets @ Milwaukee Bucks,2025-11-30T01:10:00Z,player_points_rebounds_assists,18.5,betmgm,2025-11-29T14:54:38Z,2025-11-29T14:56:08Z,100.0,-130.0
Michael Porter Jr,Brooklyn Nets @ Milwaukee Bucks,2025-11-30T01:10:00Z,player_points_rebounds_assists,32.5,betmgm,2025-11-29T14:54:38Z,2025-11-29T14:56:08Z,-115.0,-115.0
Egor Demin,Brooklyn Nets @ Milwaukee Bucks,2025-11-30T01:10:00Z,player_points_rebounds_assists,21.5,betmgm,2025-11-29T14:54:38Z,2025-11-29T14:56:08Z,-110.0,-120.0
Gary Trent Jr,Brooklyn Nets @ Milwaukee Bucks,2025-11-30T01:10:00Z,player_points_rebounds_assists,11.5,betmgm,2025-11-29T14:54:38Z,2025-11-29T14:56:08Z,-120.0,-110.0
Giannis Antetokounmpo,Brooklyn Nets @ Milwaukee Bucks,2025-11-30T01:10:00Z,player_points_rebounds_assists,47.5,betmgm,2025-11-29T14:54:38Z,2025-11-29T14:56:08Z,-115.0,-118.0
Ryan Rollins,Brooklyn Nets @ Milwaukee Bucks,2025-11-30T01:10:00Z,player_points_rebounds_assists,27.5,betmgm,2025-11-29T14:54:38Z,2025-11-29T14:56:08Z,-118.0,-115.0
Kyle Kuzma,Brooklyn Nets @ Milwaukee Bucks,2025-11-30T01:10:00Z,player_points_rebounds_assists,19.5,betmgm,2025-11-29T14:54:38Z,2025-11-29T14:56:08Z,-125.0,-105.0
Ryan Rollins,Brooklyn Nets @ Milwaukee Bucks,2025-11-30T01:10:00Z,player_rebounds,4.5,betmgm,2025-11-29T14:54:38Z,2025-11-29T14:56:08Z,120.0,-160.0
Noah Clowney,Brooklyn Nets @ Milwaukee Bucks,2025-11-30T01:10:00Z,player_rebounds,4.5,betmgm,2025-11-29T14:54:38Z,2025-11-29T14:56:08Z,-135.0,100.0
Bobby Portis,Brooklyn Nets @ Milwaukee Bucks,2025-11-30T01:10:00Z,player_rebounds,5.5,betmgm,2025-11-29T14:54:38Z,2025-11-29T14:56:08Z,-110.0,-120.0
Myles Turner,Brooklyn Nets @ Milwaukee Bucks,2025-11-30T01:10:00Z,player_rebounds,6.5,betmgm,2025-11-29T14:54:38Z,2025-11-29T14:56:08Z,-120.0,-110.0
Nicolas Claxton,Brooklyn Nets @ Milwaukee Bucks,2025-11-30T01:10:00Z,player_rebounds,9.5,betmgm,2025-11-29T14:54:38Z,2025-11-29T14:56:08Z,105.0,-140.0
A.J. Green,Brooklyn Nets @ Milwaukee Bucks,2025-11-30T01:10:00Z,player_rebounds,3.5,betmgm,2025-11-29T14:54:38Z,2025-11-29T14:56:08Z,120.0,-160.0
Gary Harris,Brooklyn Nets @ Milwaukee Bucks,2025-11-30T01:10:00Z,player_rebounds,1.5,betmgm,2025-11-29T14:54:38Z,2025-11-29T14:56:08Z,-135.0,100.0
Terance Mann,Brooklyn Nets @ Milwaukee Bucks,2025-11-30T01:10:00Z,player_rebounds,3.5,betmgm,2025-11-29T14:54:38Z,2025-11-29T14:56:08Z,-150.0,110.0
Michael Porter Jr,Brooklyn Nets @ Milwaukee Bucks,2025-11-30T01:10:00Z,player_rebounds,6.5,betmgm,2025-11-29T14:54:38Z,2025-11-29T14:56:08Z,-110.0,-120.0
Giannis Antetokounmpo,Brooklyn Nets @ Milwaukee Bucks,2025-11-30T01:10:00Z,player_rebounds,10.5,betmgm,2025-11-29T14:54:38Z,2025-11-29T14:56:08Z,-130.0,-105.0
Egor Demin,Brooklyn Nets @ Milwaukee Bucks,2025-11-30T01:10:00Z,player_rebounds,4.5,betmgm,2025-11-29T14:54:38Z,2025-11-29T14:56:08Z,105.0,-140.0
Gary Trent Jr,Brooklyn Nets @ Milwaukee Bucks,2025-11-30T01:10:00Z,player_rebounds,1.5,betmgm,2025-11-29T14:54:38Z,2025-11-29T14:56:08Z,-130.0,100.0
Kyle Kuzma,Brooklyn Nets @ Milwaukee Bucks,2025-11-30T01:10:00Z,player_rebounds,4.5,betmgm,2025-11-29T14:54:38Z,2025-11-29T14:56:08Z,-110.0,-120.0
Ryan Rollins,Brooklyn Nets @ Milwaukee Bucks,2025-11-30T01:10:00Z,player_threes,2.5,betmgm,2025-11-29T14:54:38Z,2025-11-29T14:56:08Z,135.0,-185.0
Noah Clowney,Brooklyn Nets @ Milwaukee Bucks,2025-11-30T01:10:00Z,player_threes,2.5,betmgm,2025-11-29T14:54:38Z,2025-11-29T14:56:08Z,-155.0,115.0
Bobby Portis,Brooklyn Nets @ Milwaukee Bucks,2025-11-30T01:10:00Z,player_threes,0.5,betmgm,2025-11-29T14:54:38Z,2025-11-29T14:56:08Z,-200.0,145.0
A.J. Green,Brooklyn Nets @ Milwaukee Bucks,2025-11-30T01:10:00Z,player_threes,2.5,betmgm,2025-11-29T14:54:38Z,2025-11-29T14:56:08Z,-155.0,115.0
Gary Harris,Brooklyn Nets @ Milwaukee Bucks,2025-11-30T01:10:00Z,player_threes,0.5,betmgm,2025-11-29T14:54:38Z,2025-11-29T14:56:08Z,-160.0,120.0
Terance Mann,Brooklyn Nets @ Milwaukee Bucks,2025-11-30T01:10:00Z,player_threes,1.5,betmgm,2025-11-29T14:54:38Z,2025-11-29T14:56:08Z,165.0,-225.0
Michael Porter Jr,Brooklyn Nets @ Milwaukee Bucks,2025-11-30T01:10:00Z,player_threes,3.5,betmgm,2025-11-29T14:54:38Z,2025-11-29T14:56:08Z,125.0,-165.0
Giannis Antetokounmpo,Brooklyn Nets @ Milwaukee Bucks,2025-11-30T01:10:00Z,player_threes,0.5,betmgm,2025-11-29T14:54:38Z,2025-11-29T14:56:08Z,155.0,-210.0
Egor Demin,Brooklyn Nets @ Milwaukee Bucks,2025-11-30T01:10:00Z,player_threes,2.5,betmgm,2025-11-29T14:54:38Z,2025-11-29T14:56:08Z,115.0,-155.0
Gary Trent Jr,Brooklyn Nets @ Milwaukee Bucks,2025-11-30T01:10:00Z,player_threes,1.5,betmgm,2025-11-29T14:54:38Z,2025-11-29T14:56:08Z,-160.0,120.0
Kyle Kuzma,Brooklyn Nets @ Milwaukee Bucks,2025-11-30T01:10:00Z,player_threes,0.5,betmgm,2025-11-29T14:54:38Z,2025-11-29T14:56:08Z,-220.0,165.0
Myles Turner,Brooklyn Nets @ Milwaukee Bucks,2025-11-30T01:10:00Z,player_threes,2.5,betmgm,2025-11-29T14:54:38Z,2025-11-29T14:56:08Z,135.0,-185.0
Nicolas Claxton,Brooklyn Nets @ Milwaukee Bucks,2025-11-30T01:10:00Z,player_triple_double,,betmgm,2025-11-29T14:54:38Z,2025-11-29T14:56:08Z,,
Giannis Antetokounmpo,Brooklyn Nets @ Milwaukee Bucks,2025-11-30T01:10:00Z,player_triple_double,,betmgm,2025-11-29T14:54:38Z,2025-11-29T14:56:08Z,,
Giannis Antetokounmpo,Brooklyn Nets @ Milwaukee Bucks,2025-11-30T01:10:00Z,player_double_double,,bovada,2025-11-29T14:55:30Z,2025-11-29T14:56:03Z,,
Nicolas Claxton,Brooklyn Nets @ Milwaukee Bucks,2025-11-30T01:10:00Z,player_double_double,,bovada,2025-11-29T14:55:30Z,2025-11-29T14:56:03Z,,
Michael Porter Jr,Brooklyn Nets @ Milwaukee Bucks,2025-11-30T01:10:00Z,player_double_double,,bovada,2025-11-29T14:55:30Z,2025-11-29T14:56:03Z,,
Myles Turner,Brooklyn Nets @ Milwaukee Bucks,2025-11-30T01:10:00Z,player_double_double,,bovada,2025-11-29T14:55:30Z,2025-11-29T14:56:03Z,,
Ryan Rollins,Brooklyn Nets @ Milwaukee Bucks,2025-11-30T01:10:00Z,player_double_double,,bovada,2025-11-29T14:55:30Z,2025-11-29T14:56:03Z,,
Bobby Portis,Brooklyn Nets @ Milwaukee Bucks,2025-11-30T01:10:00Z,player_double_double,,bovada,2025-11-29T14:55:30Z,2025-11-29T14:56:03Z,,
Egor Demin,Brooklyn Nets @ Milwaukee Bucks,2025-11-30T01:10:00Z,player_double_double,,bovada,2025-11-29T14:55:30Z,2025-11-29T14:56:03Z,,
Noah Clowney,Brooklyn Nets @ Milwaukee Bucks,2025-11-30T01:10:00Z,player_double_double,,bovada,2025-11-29T14:55:30Z,2025-11-29T14:56:03Z,,
Terance Mann,Brooklyn Nets @ Milwaukee Bucks,2025-11-30T01:10:00Z,player_double_double,,bovada,2025-11-29T14:55:30Z,2025-11-29T14:56:03Z,,
Kyle Kuzma,Brooklyn Nets @ Milwaukee Bucks,2025-11-30T01:10:00Z,player_double_double,,bovada,2025-11-29T14:55:30Z,2025-11-29T14:56:03Z,,
Giannis Antetokounmpo,Brooklyn Nets @ Milwaukee Bucks,2025-11-30T01:10:00Z,player_triple_double,,bovada,2025-11-29T14:55:30Z,2025-11-29T14:56:03Z,,
Nicolas Claxton,Brooklyn Nets @ Milwaukee Bucks,2025-11-30T01:10:00Z,player_assists,3.5,betrivers,2025-11-29T14:54:40Z,2025-11-29T14:55:42Z,-113.0,-118.0
Michael Porter Jr,Brooklyn Nets @ Milwaukee Bucks,2025-11-30T01:10:00Z,player_assists,2.5,betrivers,2025-11-29T14:54:40Z,2025-11-29T14:55:42Z,116.0,-155.0
Terance Mann,Brooklyn Nets @ Milwaukee Bucks,2025-11-30T01:10:00Z,player_assists,4.5,betrivers,2025-11-29T14:54:40Z,2025-11-29T14:55:42Z,114.0,-152.0
Giannis Antetokounmpo,Brooklyn Nets @ Milwaukee Bucks,2025-11-30T01:10:00Z,player_assists,6.5,betrivers,2025-11-29T14:54:40Z,2025-11-29T14:55:42Z,-134.0,100.0
Ryan Rollins,Brooklyn Nets @ Milwaukee Bucks,2025-11-30T01:10:00Z,player_assists,5.5,betrivers,2025-11-29T14:54:40Z,2025-11-29T14:55:42Z,-152.0,114.0
Egor Demin,Brooklyn Nets @ Milwaukee Bucks,2025-11-30T01:10:00Z,player_assists,4.5,betrivers,2025-11-29T14:54:40Z,2025-11-29T14:55:42Z,-139.0,105.0
Nicolas Claxton,Brooklyn Nets @ Milwaukee Bucks,2025-11-30T01:10:00Z,player_points,14.5,betrivers,2025-11-29T14:54:40Z,2025-11-29T14:55:42Z,-107.0,-124.0
Michael Porter Jr,Brooklyn Nets @ Milwaukee Bucks,2025-11-30T01:10:00Z,player_points,23.5,betrivers,2025-11-29T14:54:40Z,2025-11-29T14:55:42Z,-110.0,-121.0
Egor Demin,Brooklyn Nets @ Milwaukee Bucks,2025-11-30T01:10:00Z,player_points,11.5,betrivers,2025-11-29T14:54:40Z,2025-11-29T14:55:42Z,-120.0,-112.0
Terance Mann,Brooklyn Nets @ Milwaukee Bucks,2025-11-30T01:10:00Z,player_points,9.5,betrivers,2025-11-29T14:54:40Z,2025-11-29T14:55:42Z,-124.0,-108.0
Noah Clowney,Brooklyn Nets @ Milwaukee Bucks,2025-11-30T01:10:00Z,player_points,17.5,betrivers,2025-11-29T14:54:40Z,2025-11-29T14:55:42Z,-108.0,-122.0
Giannis Antetokounmpo,Brooklyn Nets @ Milwaukee Bucks,2025-11-30T01:10:00Z,player_points,29.5,betrivers,2025-11-29T14:54:40Z,2025-11-29T14:55:42Z,-109.0,-122.0
Myles Turner,Brooklyn Nets @ Milwaukee Bucks,2025-11-30T01:10:00Z,player_points,12.5,betrivers,2025-11-29T14:54:40Z,2025-11-29T14:55:42Z,-127.0,-105.0
Gary Trent Jr,Brooklyn Nets @ Milwaukee Bucks,2025-11-30T01:10:00Z,player_points,8.5,betrivers,2025-11-29T14:54:40Z,2025-11-29T14:55:42Z,-113.0,-118.0
A.J. Green,Brooklyn Nets @ Milwaukee Bucks,2025-11-30T01:10:00Z,player_points,11.5,betrivers,2025-11-29T14:54:40Z,2025-11-29T14:55:42Z,-105.0,-127.0
Kyle Kuzma,Brooklyn Nets @ Milwaukee Bucks,2025-11-30T01:10:00Z,player_points,12.5,betrivers,2025-11-29T14:54:40Z,2025-11-29T14:55:42Z,-115.0,-115.0
Ryan Rollins,Brooklyn Nets @ Milwaukee Bucks,2025-11-30T01:10:00Z,player_points,16.5,betrivers,2025-11-29T14:54:40Z,2025-11-29T14:55:42Z,-125.0,-106.0
Giannis Antetokounmpo,Brooklyn Nets @ Milwaukee Bucks,2025-11-30T01:10:00Z,player_points_rebounds_assists,47.5,betrivers,2025-11-29T14:54:40Z,2025-11-29T14:55:42Z,-117.0,-114.0
Egor Demin,Brooklyn Nets @ Milwaukee Bucks,2025-11-30T01:10:00Z,player_points_rebounds_assists,20.5,betrivers,2025-11-29T14:54:40Z,2025-11-29T14:55:42Z,-122.0,-109.0
Nicolas Claxton,Brooklyn Nets @ Milwaukee Bucks,2025-11-30T01:10:00Z,player_points_rebounds_assists,27.5,betrivers,2025-11-29T14:54:40Z,2025-11-29T14:55:42Z,-113.0,-118.0
Terance Mann,Brooklyn Nets @ Milwaukee Bucks,2025-11-30T01:10:00Z,player_points_rebounds_assists,18.5,betrivers,2025-11-29T14:54:40Z,2025-11-29T14:55:42Z,-117.0,-114.0
Ryan Rollins,Brooklyn Nets @ Milwaukee Bucks,2025-11-30T01:10:00Z,player_points_rebounds_assists,27.5,betrivers,2025-11-29T14:54:40Z,2025-11-29T14:55:42Z,-121.0,-110.0
Michael Porter Jr,Brooklyn Nets @ Milwaukee Bucks,2025-11-30T01:10:00Z,player_points_rebounds_assists,32.5,betrivers,2025-11-29T14:54:40Z,2025-11-29T14:55:42Z,-112.0,-120.0
Myles Turner,Brooklyn Nets @ Milwaukee Bucks,2025-11-30T01:10:00Z,player_rebounds,6.5,betrivers,2025-11-29T14:54:40Z,2025-11-29T14:55:42Z,-105.0,-127.0
Giannis Antetokounmpo,Brooklyn Nets @ Milwaukee Bucks,2025-11-30T01:10:00Z,player_rebounds,10.5,betrivers,2025-11-29T14:54:40Z,2025-11-29T14:55:42Z,-120.0,-112.0
Egor Demin,Brooklyn Nets @ Milwaukee Bucks,2025-11-30T01:10:00Z,player_rebounds,3.5,betrivers,2025-11-29T14:54:40Z,2025-11-29T14:55:42Z,-122.0,-108.0
Nicolas Claxton,Brooklyn Nets @ Milwaukee Bucks,2025-11-30T01:10:00Z,player_rebounds,8.5,betrivers,2025-11-29T14:54:40Z,2025-11-29T14:55:42Z,-130.0,-103.0
Terance Mann,Brooklyn Nets @ Milwaukee Bucks,2025-11-30T01:10:00Z,player_rebounds,4.5,betrivers,2025-11-29T14:54:40Z,2025-11-29T14:55:42Z,118.0,-157.0
Noah Clowney,Brooklyn Nets @ Milwaukee Bucks,2025-11-30T01:10:00Z,player_rebounds,4.5,betrivers,2025-11-29T14:54:40Z,2025-11-29T14:55:42Z,-139.0,105.0
Michael Porter Jr,Brooklyn Nets @ Milwaukee Bucks,2025-11-30T01:10:00Z,player_rebounds,6.5,betrivers,2025-11-29T14:54:40Z,2025-11-29T14:55:42Z,110.0,-148.0
Kyle Kuzma,Brooklyn Nets @ Milwaukee Bucks,2025-11-30T01:10:00Z,player_rebounds,4.5,betrivers,2025-11-29T14:54:40Z,2025-11-29T14:55:42Z,-106.0,-125.0
Ryan Rollins,Brooklyn Nets @ Milwaukee Bucks,2025-11-30T01:10:00Z,player_rebounds,3.5,betrivers,2025-11-29T14:54:40Z,2025-11-29T14:55:42Z,-162.0,120.0
A.J. Green,Brooklyn Nets @ Milwaukee Bucks,2025-11-30T01:10:00Z,player_rebounds,3.5,betrivers,2025-11-29T14:54:40Z,2025-11-29T14:55:42Z,120.0,-162.0
Myles Turner,Brooklyn Nets @ Milwaukee Bucks,2025-11-30T01:10:00Z,player_threes,1.5,betrivers,2025-11-29T14:54:40Z,2025-11-29T14:55:42Z,-200.0,148.0
A.J. Green,Brooklyn Nets @ Milwaukee Bucks,2025-11-30T01:10:00Z,player_threes,2.5,betrivers,2025-11-29T14:54:40Z,2025-11-29T14:55:42Z,-167.0,125.0
Egor Demin,Brooklyn Nets @ Milwaukee Bucks,2025-11-30T01:10:00Z,player_threes,2.5,betrivers,2025-11-29T14:54:40Z,2025-11-29T14:55:42Z,100.0,-134.0
Terance Mann,Brooklyn Nets @ Milwaukee Bucks,2025-11-30T01:10:00Z,player_threes,1.5,betrivers,2025-11-29T14:54:40Z,2025-11-29T14:55:42Z,163.0,-225.0
Michael Porter Jr,Brooklyn Nets @ Milwaukee Bucks,2025-11-30T01:10:00Z,player_threes,3.5,betrivers,2025-11-29T14:54:40Z,2025-11-29T14:55:42Z,125.0,-167.0
Gary Trent Jr,Brooklyn Nets @ Milwaukee Bucks,2025-11-30T01:10:00Z,player_threes,1.5,betrivers,2025-11-29T14:54:40Z,2025-11-29T14:55:42Z,-159.0,120.0
Ryan Rollins,Brooklyn Nets @ Milwaukee Bucks,2025-11-30T01:10:00Z,player_threes,2.5,betrivers,2025-11-29T14:54:40Z,2025-11-29T14:55:42Z,125.0,-167.0
Noah Clowney,Brooklyn Nets @ Milwaukee Bucks,2025-11-30T01:10:00Z,player_threes,2.5,betrivers,2025-11-29T14:54:40Z,2025-11-29T14:55:42Z,-137.0,104.0
Davion Mitchell,Detroit Pistons @ Miami Heat,2025-11-30T01:10:00Z,player_assists,6.5,fanduel,2025-11-29T14:55:23Z,2025-11-29T14:55:36Z,114.0,-152.0
Cade Cunningham,Detroit Pistons @ Miami Heat,2025-11-30T01:10:00Z,player_assists,9.5,fanduel,2025-11-29T14:55:23Z,2025-11-29T14:55:36Z,-130.0,-102.0
Tyler Herro,Detroit Pistons @ Miami Heat,2025-11-30T01:10:00Z,player_assists,4.5,fanduel,2025-11-29T14:55:23Z,2025-11-29T14:55:36Z,-125.0,-106.0
Bam Adebayo,Detroit Pistons @ Miami Heat,2025-11-30T01:10:00Z,player_assists,2.5,fanduel,2025-11-29T14:55:23Z,2025-11-29T14:55:36Z,-160.0,120.0
Tobias Harris,Detroit Pistons @ Miami Heat,2025-11-30T01:10:00Z,player_assists,2.5,fanduel,2025-11-29T14:55:23Z,2025-11-29T14:55:36Z,140.0,-188.0
Jalen Duren,Detroit Pistons @ Miami Heat,2025-11-30T01:10:00Z,player_double_double,,fanduel,2025-11-29T14:55:23Z,2025-11-29T14:55:36Z,,
Cade Cunningham,Detroit Pistons @ Miami Heat,2025-11-30T01:10:00Z,player_double_double,,fanduel,2025-11-29T14:55:23Z,2025-11-29T14:55:36Z,,
Kel'el Ware,Detroit Pistons @ Miami Heat,2025-11-30T01:10:00Z,player_double_double,,fanduel,2025-11-29T14:55:23Z,2025-11-29T14:55:36Z,,
Bam Adebayo,Detroit Pistons @ Miami Heat,2025-11-30T01:10:00Z,player_double_double,,fanduel,2025-11-29T14:55:23Z,2025-11-29T14:55:36Z,,
Tyler Herro,Detroit Pistons @ Miami Heat,2025-11-30T01:10:00Z,player_double_double,,fanduel,2025-11-29T14:55:23Z,2025-11-29T14:55:36Z,,
Davion Mitchell,Detroit Pistons @ Miami Heat,2025-11-30T01:10:00Z,player_double_double,,fanduel,2025-11-29T14:55:23Z,2025-11-29T14:55:36Z,,
Ausar Thompson,Detroit Pistons @ Miami Heat,2025-11-30T01:10:00Z,player_double_double,,fanduel,2025-11-29T14:55:23Z,2025-11-29T14:55:36Z,,
Tobias Harris,Detroit Pistons @ Miami Heat,2025-11-30T01:10:00Z,player_double_double,,fanduel,2025-11-29T14:55:23Z,2025-11-29T14:55:36Z,,
Andrew Wiggins,Detroit Pistons @ Miami Heat,2025-11-30T01:10:00Z,player_double_double,,fanduel,2025-11-29T14:55:23Z,2025-11-29T14:55:36Z,,
Norman Powell,Detroit Pistons @ Miami Heat,2025-11-30T01:10:00Z,player_points,18.5,fanduel,2025-11-29T14:55:23Z,2025-11-29T14:55:36Z,-130.0,-102.0
Tyler Herro,Detroit Pistons @ Miami Heat,2025-11-30T01:10:00Z,player_points,21.5,fanduel,2025-11-29T14:55:23Z,2025-11-29T14:55:36Z,-106.0,-122.0
Kel'el Ware,Detroit Pistons @ Miami Heat,2025-11-30T01:10:00Z,player_points,10.5,fanduel,2025-11-29T14:55:23Z,2025-11-29T14:55:36Z,-130.0,-102.0
Duncan Robinson,Detroit Pistons @ Miami Heat,2025-11-30T01:10:00Z,player_points,11.5,fanduel,2025-11-29T14:55:23Z,2025-11-29T14:55:36Z,-120.0,-110.0
Andrew Wiggins,Detroit Pistons @ Miami Heat,2025-11-30T01:10:00Z,player_points,15.5,fanduel,2025-11-29T14:55:23Z,2025-11-29T14:55:36Z,-102.0,-130.0
Davion Mitchell,Detroit Pistons @ Miami Heat,2025-11-30T01:10:00Z,player_points,8.5,fanduel,2025-11-29T14:55:23Z,2025-11-29T14:55:36Z,-102.0,-130.0
Caris LeVert,Detroit Pistons @ Miami Heat,2025-11-30T01:10:00Z,player_points,8.5,fanduel,2025-11-29T14:55:23Z,2025-11-29T14:55:36Z,-106.0,-125.0
Cade Cunningham,Detroit Pistons @ Miami Heat,2025-11-30T01:10:00Z,player_points,28.5,fanduel,2025-11-29T14:55:23Z,2025-11-29T14:55:36Z,-108.0,-122.0
Ausar Thompson,Detroit Pistons @ Miami Heat,2025-11-30T01:10:00Z,player_points,11.5,fanduel,2025-11-29T14:55:23Z,2025-11-29T14:55:36Z,-102.0,-130.0
Jaden Ivey,Detroit Pistons @ Miami Heat,2025-11-30T01:10:00Z,player_points,7.5,fanduel,2025-11-29T14:55:23Z,2025-11-29T14:55:36Z,-130.0,-102.0
Bam Adebayo,Detroit Pistons @ Miami Heat,2025-11-30T01:10:00Z,player_points,18.5,fanduel,2025-11-29T14:55:23Z,2025-11-29T14:55:36Z,-114.0,-114.0
Tobias Harris,Detroit Pistons @ Miami Heat,2025-11-30T01:10:00Z,player_points,12.5,fanduel,2025-11-29T14:55:23Z,2025-11-29T14:55:36Z,-106.0,-125.0
Jalen Duren,Detroit Pistons @ Miami Heat,2025-11-30T01:10:00Z,player_points,17.5,fanduel,2025-11-29T14:55:23Z,2025-11-29T14:55:36Z,-128.0,-104.0
Ausar Thompson,Detroit Pistons @ Miami Heat,2025-11-30T01:10:00Z,player_points_rebounds_assists,19.5,fanduel,2025-11-29T14:55:23Z,2025-11-29T14:55:36Z,-108.0,-122.0
Davion Mitchell,Detroit Pistons @ Miami Heat,2025-11-30T01:10:00Z,player_points_rebounds_assists,17.5,fanduel,2025-11-29T14:55:23Z,2025-11-29T14:55:36Z,-110.0,-120.0
Norman Powell,Detroit Pistons @ Miami Heat,2025-11-30T01:10:00Z,player_points_rebounds_assists,24.5,fanduel,2025-11-29T14:55:23Z,2025-11-29T14:55:36Z,-114.0,-114.0
Bam Adebayo,Detroit Pistons @ Miami Heat,2025-11-30T01:10:00Z,player_points_rebounds_assists,30.5,fanduel,2025-11-29T14:55:23Z,2025-11-29T14:55:36Z,-108.0,-122.0
Tyler Herro,Detroit Pistons @ Miami Heat,2025-11-30T01:10:00Z,player_points_rebounds_assists,30.5,fanduel,2025-11-29T14:55:23Z,2025-11-29T14:55:36Z,-125.0,-106.0
Duncan Robinson,Detroit Pistons @ Miami Heat,2025-11-30T01:10:00Z,player_points_rebounds_assists,16.5,fanduel,2025-11-29T14:55:23Z,2025-11-29T14:55:36Z,-106.0,-125.0
Cade Cunningham,Detroit Pistons @ Miami Heat,2025-11-30T01:10:00Z,player_points_rebounds_assists,44.5,fanduel,2025-11-29T14:55:23Z,2025-11-29T14:55:36Z,-122.0,-108.0
Andrew Wiggins,Detroit Pistons @ Miami Heat,2025-11-30T01:10:00Z,player_points_rebounds_assists,22.5,fanduel,2025-11-29T14:55:23Z,2025-11-29T14:55:36Z,-104.0,-128.0
Tobias Harris,Detroit Pistons @ Miami Heat,2025-11-30T01:10:00Z,player_points_rebounds_assists,19.5,fanduel,2025-11-29T14:55:23Z,2025-11-29T14:55:36Z,-112.0,-118.0
Jalen Duren,Detroit Pistons @ Miami Heat,2025-11-30T01:10:00Z,player_points_rebounds_assists,31.5,fanduel,2025-11-29T14:55:23Z,2025-11-29T14:55:36Z,-112.0,-118.0
Cade Cunningham,Detroit Pistons @ Miami Heat,2025-11-30T01:10:00Z,player_rebounds,6.5,fanduel,2025-11-29T14:55:23Z,2025-11-29T14:55:36Z,-102.0,-130.0
Norman Powell,Detroit Pistons @ Miami Heat,2025-11-30T01:10:00Z,player_rebounds,2.5,fanduel,2025-11-29T14:55:23Z,2025-11-29T14:55:36Z,-182.0,136.0
Davion Mitchell,Detroit Pistons @ Miami Heat,2025-11-30T01:10:00Z,player_rebounds,2.5,fanduel,2025-11-29T14:55:23Z,2025-11-29T14:55:36Z,-128.0,-104.0
Kel'el Ware,Detroit Pistons @ Miami Heat,2025-11-30T01:10:00Z,player_rebounds,10.5,fanduel,2025-11-29T14:55:23Z,2025-11-29T14:55:36Z,114.0,-152.0
Tobias Harris,Detroit Pistons @ Miami Heat,2025-11-30T01:10:00Z,player_rebounds,4.5,fanduel,2025-11-29T14:55:23Z,2025-11-29T14:55:36Z,-120.0,-110.0
Andrew Wiggins,Detroit Pistons @ Miami Heat,2025-11-30T01:10:00Z,player_rebounds,4.5,fanduel,2025-11-29T14:55:23Z,2025-11-29T14:55:36Z,106.0,-140.0
Ausar Thompson,Detroit Pistons @ Miami Heat,2025-11-30T01:10:00Z,player_rebounds,5.5,fanduel,2025-11-29T14:55:23Z,2025-11-29T14:55:36Z,102.0,-136.0
Duncan Robinson,Detroit Pistons @ Miami Heat,2025-11-30T01:10:00Z,player_rebounds,2.5,fanduel,2025-11-29T14:55:23Z,2025-11-29T14:55:36Z,108.0,-144.0
Bam Adebayo,Detroit Pistons @ Miami Heat,2025-11-30T01:10:00Z,player_rebounds,8.5,fanduel,2025-11-29T14:55:23Z,2025-11-29T14:55:36Z,-102.0,-130.0
Tyler Herro,Detroit Pistons @ Miami Heat,2025-11-30T01:10:00Z,player_rebounds,4.5,fanduel,2025-11-29T14:55:23Z,2025-11-29T14:55:36Z,-130.0,-102.0
Jalen Duren,Detroit Pistons @ Miami Heat,2025-11-30T01:10:00Z,player_rebounds,10.5,fanduel,2025-11-29T14:55:23Z,2025-11-29T14:55:36Z,-146.0,110.0
Norman Powell,Detroit Pistons @ Miami Heat,2025-11-30T01:10:00Z,player_threes,2.5,fanduel,2025-11-29T14:55:23Z,2025-11-29T14:55:36Z,-108.0,-122.0
Cade Cunningham,Detroit Pistons @ Miami Heat,2025-11-30T01:10:00Z,player_threes,2.5,fanduel,2025-11-29T14:55:23Z,2025-11-29T14:55:36Z,124.0,-166.0
Jaden Ivey,Detroit Pistons @ Miami Heat,2025-11-30T01:10:00Z,player_threes,1.5,fanduel,2025-11-29T14:55:23Z,2025-11-29T14:55:36Z,154.0,-210.0
Caris LeVert,Detroit Pistons @ Miami Heat,2025-11-30T01:10:00Z,player_threes,1.5,fanduel,2025-11-29T14:55:23Z,2025-11-29T14:55:36Z,154.0,-210.0
Bam Adebayo,Detroit Pistons @ Miami Heat,2025-11-30T01:10:00Z,player_threes,1.5,fanduel,2025-11-29T14:55:23Z,2025-11-29T14:55:36Z,108.0,-144.0
Tobias Harris,Detroit Pistons @ Miami Heat,2025-11-30T01:10:00Z,player_threes,1.5,fanduel,2025-11-29T14:55:23Z,2025-11-29T14:55:36Z,118.0,-158.0
Duncan Robinson,Detroit Pistons @ Miami Heat,2025-11-30T01:10:00Z,player_threes,2.5,fanduel,2025-11-29T14:55:23Z,2025-11-29T14:55:36Z,-132.0,100.0
Andrew Wiggins,Detroit Pistons @ Miami Heat,2025-11-30T01:10:00Z,player_threes,1.5,fanduel,2025-11-29T14:55:23Z,2025-11-29T14:55:36Z,102.0,-136.0
Tyler Herro,Detroit Pistons @ Miami Heat,2025-11-30T01:10:00Z,player_threes,1.5,fanduel,2025-11-29T14:55:23Z,2025-11-29T14:55:36Z,-166.0,124.0
Cade Cunningham,Detroit Pistons @ Miami Heat,2025-11-30T01:10:00Z,player_triple_double,,fanduel,2025-11-29T14:55:23Z,2025-11-29T14:55:36Z,,
Cade Cunningham,Detroit Pistons @ Miami Heat,2025-11-30T01:10:00Z,player_assists,9.5,fanatics,2025-11-29T14:54:37Z,2025-11-29T14:56:23Z,-130.0,100.0
Davion Mitchell,Detroit Pistons @ Miami Heat,2025-11-30T01:10:00Z,player_assists,6.5,fanatics,2025-11-29T14:54:37Z,2025-11-29T14:56:23Z,115.0,-150.0
Bam Adebayo,Detroit Pistons @ Miami Heat,2025-11-30T01:10:00Z,player_assists,2.5,fanatics,2025-11-29T14:54:37Z,2025-11-29T14:56:23Z,-165.0,120.0
Tobias Harris,Detroit Pistons @ Miami Heat,2025-11-30T01:10:00Z,player_assists,2.5,fanatics,2025-11-29T14:54:37Z,2025-11-29T14:56:23Z,130.0,-190.0
Tyler Herro,Detroit Pistons @ Miami Heat,2025-11-30T01:10:00Z,player_assists,4.5,fanatics,2025-11-29T14:54:37Z,2025-11-29T14:56:23Z,-125.0,-105.0
Ausar Thompson,Detroit Pistons @ Miami Heat,2025-11-30T01:10:00Z,player_assists,2.5,fanatics,2025-11-29T14:54:37Z,2025-11-29T14:56:23Z,115.0,-150.0
Caris LeVert,Detroit Pistons @ Miami Heat,2025-11-30T01:10:00Z,player_assists,2.5,fanatics,2025-11-29T14:54:37Z,2025-11-29T14:56:23Z,-130.0,100.0
Andrew Wiggins,Detroit Pistons @ Miami Heat,2025-11-30T01:10:00Z,player_assists,2.5,fanatics,2025-11-29T14:54:37Z,2025-11-29T14:56:23Z,100.0,-130.0
Jalen Duren,Detroit Pistons @ Miami Heat,2025-11-30T01:10:00Z,player_assists,1.5,fanatics,2025-11-29T14:54:37Z,2025-11-29T14:56:23Z,-210.0,135.0
Norman Powell,Detroit Pistons @ Miami Heat,2025-11-30T01:10:00Z,player_assists,1.5,fanatics,2025-11-29T14:54:37Z,2025-11-29T14:56:23Z,-175.0,125.0
Duncan Robinson,Detroit Pistons @ Miami Heat,2025-11-30T01:10:00Z,player_assists,1.5,fanatics,2025-11-29T14:54:37Z,2025-11-29T14:56:23Z,-140.0,105.0
Davion Mitchell,Detroit Pistons @ Miami Heat,2025-11-30T01:10:00Z,player_double_double,,fanatics,2025-11-29T14:54:37Z,2025-11-29T14:56:23Z,,
Cade Cunningham,Detroit Pistons @ Miami Heat,2025-11-30T01:10:00Z,player_double_double,,fanatics,2025-11-29T14:54:37Z,2025-11-29T14:56:23Z,,
Ausar Thompson,Detroit Pistons @ Miami Heat,2025-11-30T01:10:00Z,player_double_double,,fanatics,2025-11-29T14:54:37Z,2025-11-29T14:56:23Z,,
Tyler Herro,Detroit Pistons @ Miami Heat,2025-11-30T01:10:00Z,player_double_double,,fanatics,2025-11-29T14:54:37Z,2025-11-29T14:56:23Z,,
Bam Adebayo,Detroit Pistons @ Miami Heat,2025-11-30T01:10:00Z,player_double_double,,fanatics,2025-11-29T14:54:37Z,2025-11-29T14:56:23Z,,
Andrew Wiggins,Detroit Pistons @ Miami Heat,2025-11-30T01:10:00Z,player_double_double,,fanatics,2025-11-29T14:54:37Z,2025-11-29T14:56:23Z,,
Jalen Duren,Detroit Pistons @ Miami Heat,2025-11-30T01:10:00Z,player_double_double,,fanatics,2025-11-29T14:54:37Z,2025-11-29T14:56:23Z,,
Tobias Harris,Detroit Pistons @ Miami Heat,2025-11-30T01:10:00Z,player_double_double,,fanatics,2025-11-29T14:54:37Z,2025-11-29T14:56:23Z,,
Norman Powell,Detroit Pistons @ Miami Heat,2025-11-30T01:10:00Z,player_points,19.5,fanatics,2025-11-29T14:54:37Z,2025-11-29T14:56:23Z,-105.0,-125.0
Ausar Thompson,Detroit Pistons @ Miami Heat,2025-11-30T01:10:00Z,player_points,11.5,fanatics,2025-11-29T14:54:37Z,2025-11-29T14:56:23Z,-115.0,-115.0
Kel'el Ware,Detroit Pistons @ Miami Heat,2025-11-30T01:10:00Z,player_points,10.5,fanatics,2025-11-29T14:54:37Z,2025-11-29T14:56:23Z,-115.0,-115.0
Jaden Ivey,Detroit Pistons @ Miami Heat,2025-11-30T01:10:00Z,player_points,7.5,fanatics,2025-11-29T14:54:37Z,2025-11-29T14:56:23Z,-130.0,100.0
Davion Mitchell,Detroit Pistons @ Miami Heat,2025-11-30T01:10:00Z,player_points,8.5,fanatics,2025-11-29T14:54:37Z,2025-11-29T14:56:23Z,-105.0,-125.0
Cade Cunningham,Detroit Pistons @ Miami Heat,2025-11-30T01:10:00Z,player_points,27.5,fanatics,2025-11-29T14:54:37Z,2025-11-29T14:56:23Z,-125.0,-105.0
Andrew Wiggins,Detroit Pistons @ Miami Heat,2025-11-30T01:10:00Z,player_points,15.5,fanatics,2025-11-29T14:54:37Z,2025-11-29T14:56:23Z,100.0,-130.0
Tobias Harris,Detroit Pistons @ Miami Heat,2025-11-30T01:10:00Z,player_points,12.5,fanatics,2025-11-29T14:54:37Z,2025-11-29T14:56:23Z,-105.0,-125.0
Bam Adebayo,Detroit Pistons @ Miami Heat,2025-11-30T01:10:00Z,player_points,18.5,fanatics,2025-11-29T14:54:37Z,2025-11-29T14:56:23Z,-115.0,-115.0
Duncan Robinson,Detroit Pistons @ Miami Heat,2025-11-30T01:10:00Z,player_points,11.5,fanatics,2025-11-29T14:54:37Z,2025-11-29T14:56:23Z,-115.0,-115.0
Jalen Duren,Detroit Pistons @ Miami Heat,2025-11-30T01:10:00Z,player_points,17.5,fanatics,2025-11-29T14:54:37Z,2025-11-29T14:56:23Z,-115.0,-115.0
Tyler Herro,Detroit Pistons @ Miami Heat,2025-11-30T01:10:00Z,player_points,21.5,fanatics,2025-11-29T14:54:37Z,2025-11-29T14:56:23Z,-115.0,-115.0
Caris LeVert,Detroit Pistons @ Miami Heat,2025-11-30T01:10:00Z,player_points,8.5,fanatics,2025-11-29T14:54:37Z,2025-11-29T14:56:23Z,-115.0,-115.0
Isaiah Stewart II,Detroit Pistons @ Miami Heat,2025-11-30T01:10:00Z,player_points,8.5,fanatics,2025-11-29T14:54:37Z,2025-11-29T14:56:23Z,-130.0,100.0
Duncan Robinson,Detroit Pistons @ Miami Heat,2025-11-30T01:10:00Z,player_points_rebounds_assists,16.5,fanatics,2025-11-29T14:54:37Z,2025-11-29T14:56:23Z,100.0,-130.0
Ausar Thompson,Detroit Pistons @ Miami Heat,2025-11-30T01:10:00Z,player_points_rebounds_assists,19.5,fanatics,2025-11-29T14:54:37Z,2025-11-29T14:56:23Z,-110.0,-120.0
Tyler Herro,Detroit Pistons @ Miami Heat,2025-11-30T01:10:00Z,player_points_rebounds_assists,31.5,fanatics,2025-11-29T14:54:37Z,2025-11-29T14:56:23Z,-110.0,-120.0
Tobias Harris,Detroit Pistons @ Miami Heat,2025-11-30T01:10:00Z,player_points_rebounds_assists,19.5,fanatics,2025-11-29T14:54:37Z,2025-11-29T14:56:23Z,-110.0,-120.0
Jalen Duren,Detroit Pistons @ Miami Heat,2025-11-30T01:10:00Z,player_points_rebounds_assists,31.5,fanatics,2025-11-29T14:54:37Z,2025-11-29T14:56:23Z,-105.0,-125.0
Andrew Wiggins,Detroit Pistons @ Miami Heat,2025-11-30T01:10:00Z,player_points_rebounds_assists,22.5,fanatics,2025-11-29T14:54:37Z,2025-11-29T14:56:23Z,100.0,-130.0
Caris LeVert,Detroit Pistons @ Miami Heat,2025-11-30T01:10:00Z,player_points_rebounds_assists,14.5,fanatics,2025-11-29T14:54:37Z,2025-11-29T14:56:23Z,105.0,-140.0
Bam Adebayo,Detroit Pistons @ Miami Heat,2025-11-30T01:10:00Z,player_points_rebounds_assists,30.5,fanatics,2025-11-29T14:54:37Z,2025-11-29T14:56:23Z,-110.0,-120.0
Norman Powell,Detroit Pistons @ Miami Heat,2025-11-30T01:10:00Z,player_points_rebounds_assists,24.5,fanatics,2025-11-29T14:54:37Z,2025-11-29T14:56:23Z,-110.0,-120.0
Cade Cunningham,Detroit Pistons @ Miami Heat,2025-11-30T01:10:00Z,player_points_rebounds_assists,44.5,fanatics,2025-11-29T14:54:37Z,2025-11-29T14:56:23Z,-115.0,-115.0
Davion Mitchell,Detroit Pistons @ Miami Heat,2025-11-30T01:10:00Z,player_points_rebounds_assists,17.5,fanatics,2025-11-29T14:54:37Z,2025-11-29T14:56:23Z,-115.0,-115.0
Cade Cunningham,Detroit Pistons @ Miami Heat,2025-11-30T01:10:00Z,player_rebounds,6.5,fanatics,2025-11-29T14:54:37Z,2025-11-29T14:56:23Z,105.0,-140.0
Ausar Thompson,Detroit Pistons @ Miami Heat,2025-11-30T01:10:00Z,player_rebounds,5.5,fanatics,2025-11-29T14:54:37Z,2025-11-29T14:56:23Z,100.0,-130.0
Davion Mitchell,Detroit Pistons @ Miami Heat,2025-11-30T01:10:00Z,player_rebounds,2.5,fanatics,2025-11-29T14:54:37Z,2025-11-29T14:56:23Z,-125.0,-105.0
Norman Powell,Detroit Pistons @ Miami Heat,2025-11-30T01:10:00Z,player_rebounds,2.5,fanatics,2025-11-29T14:54:37Z,2025-11-29T14:56:23Z,-165.0,120.0
Kel'el Ware,Detroit Pistons @ Miami Heat,2025-11-30T01:10:00Z,player_rebounds,10.5,fanatics,2025-11-29T14:54:37Z,2025-11-29T14:56:23Z,105.0,-140.0
Jalen Duren,Detroit Pistons @ Miami Heat,2025-11-30T01:10:00Z,player_rebounds,11.5,fanatics,2025-11-29T14:54:37Z,2025-11-29T14:56:23Z,110.0,-145.0
Tobias Harris,Detroit Pistons @ Miami Heat,2025-11-30T01:10:00Z,player_rebounds,4.5,fanatics,2025-11-29T14:54:37Z,2025-11-29T14:56:23Z,-115.0,-115.0
Bam Adebayo,Detroit Pistons @ Miami Heat,2025-11-30T01:10:00Z,player_rebounds,8.5,fanatics,2025-11-29T14:54:37Z,2025-11-29T14:56:23Z,-115.0,-115.0
Andrew Wiggins,Detroit Pistons @ Miami Heat,2025-11-30T01:10:00Z,player_rebounds,4.5,fanatics,2025-11-29T14:54:37Z,2025-11-29T14:56:23Z,105.0,-140.0
Tyler Herro,Detroit Pistons @ Miami Heat,2025-11-30T01:10:00Z,player_rebounds,4.5,fanatics,2025-11-29T14:54:37Z,2025-11-29T14:56:23Z,-130.0,100.0
Duncan Robinson,Detroit Pistons @ Miami Heat,2025-11-30T01:10:00Z,player_rebounds,2.5,fanatics,2025-11-29T14:54:37Z,2025-11-29T14:56:23Z,105.0,-140.0
Caris LeVert,Detroit Pistons @ Miami Heat,2025-11-30T01:10:00Z,player_rebounds,2.5,fanatics,2025-11-29T14:54:37Z,2025-11-29T14:56:23Z,110.0,-145.0
Cade Cunningham,Detroit Pistons @ Miami Heat,2025-11-30T01:10:00Z,player_threes,2.5,fanatics,2025-11-29T14:54:37Z,2025-11-29T14:56:23Z,125.0,-175.0
Jaden Ivey,Detroit Pistons @ Miami Heat,2025-11-30T01:10:00Z,player_threes,1.5,fanatics,2025-11-29T14:54:37Z,2025-11-29T14:56:23Z,140.0,-225.0
Norman Powell,Detroit Pistons @ Miami Heat,2025-11-30T01:10:00Z,player_threes,2.5,fanatics,2025-11-29T14:54:37Z,2025-11-29T14:56:23Z,-110.0,-120.0
Tyler Herro,Detroit Pistons @ Miami Heat,2025-11-30T01:10:00Z,player_threes,1.5,fanatics,2025-11-29T14:54:37Z,2025-11-29T14:56:23Z,-175.0,125.0
Tobias Harris,Detroit Pistons @ Miami Heat,2025-11-30T01:10:00Z,player_threes,1.5,fanatics,2025-11-29T14:54:37Z,2025-11-29T14:56:23Z,120.0,-165.0
Duncan Robinson,Detroit Pistons @ Miami Heat,2025-11-30T01:10:00Z,player_threes,2.5,fanatics,2025-11-29T14:54:37Z,2025-11-29T14:56:23Z,-145.0,110.0
Caris LeVert,Detroit Pistons @ Miami Heat,2025-11-30T01:10:00Z,player_threes,1.5,fanatics,2025-11-29T14:54:37Z,2025-11-29T14:56:23Z,140.0,-225.0
Bam Adebayo,Detroit Pistons @ Miami Heat,2025-11-30T01:10:00Z,player_threes,1.5,fanatics,2025-11-29T14:54:37Z,2025-11-29T14:56:23Z,115.0,-150.0
Andrew Wiggins,Detroit Pistons @ Miami Heat,2025-11-30T01:10:00Z,player_threes,1.5,fanatics,2025-11-29T14:54:37Z,2025-11-29T14:56:23Z,100.0,-130.0
Davion Mitchell,Detroit Pistons @ Miami Heat,2025-11-30T01:10:00Z,player_threes,0.5,fanatics,2025-11-29T14:54:37Z,2025-11-29T14:56:23Z,-225.0,140.0
Ausar Thompson,Detroit Pistons @ Miami Heat,2025-11-30T01:10:00Z,player_threes,0.5,fanatics,2025-11-29T14:54:37Z,2025-11-29T14:56:23Z,210.0,-350.0
Cade Cunningham,Detroit Pistons @ Miami Heat,2025-11-30T01:10:00Z,player_triple_double,,fanatics,2025-11-29T14:54:37Z,2025-11-29T14:56:23Z,,
Tobias Harris,Detroit Pistons @ Miami Heat,2025-11-30T01:10:00Z,player_assists,2.5,betonlineag,2025-11-29T14:54:41Z,2025-11-29T14:55:34Z,146.0,-192.0
Bam Adebayo,Detroit Pistons @ Miami Heat,2025-11-30T01:10:00Z,player_assists,2.5,betonlineag,2025-11-29T14:54:41Z,2025-11-29T14:55:34Z,-156.0,121.0
Cade Cunningham,Detroit Pistons @ Miami Heat,2025-11-30T01:10:00Z,player_assists,9.5,betonlineag,2025-11-29T14:54:41Z,2025-11-29T14:55:34Z,-132.0,102.0
Tyler Herro,Detroit Pistons @ Miami Heat,2025-11-30T01:10:00Z,player_assists,4.5,betonlineag,2025-11-29T14:54:41Z,2025-11-29T14:55:34Z,-123.0,-105.0
Ausar Thompson,Detroit Pistons @ Miami Heat,2025-11-30T01:10:00Z,player_assists,2.5,betonlineag,2025-11-29T14:54:41Z,2025-11-29T14:55:34Z,112.0,-145.0
Davion Mitchell,Detroit Pistons @ Miami Heat,2025-11-30T01:10:00Z,player_assists,6.5,betonlineag,2025-11-29T14:54:41Z,2025-11-29T14:55:34Z,118.0,-154.0
Andrew Wiggins,Detroit Pistons @ Miami Heat,2025-11-30T01:10:00Z,player_assists,2.5,betonlineag,2025-11-29T14:54:41Z,2025-11-29T14:55:34Z,-105.0,-123.0
Caris LeVert,Detroit Pistons @ Miami Heat,2025-11-30T01:10:00Z,player_assists,2.5,betonlineag,2025-11-29T14:54:41Z,2025-11-29T14:55:34Z,-127.0,-102.0
Jalen Duren,Detroit Pistons @ Miami Heat,2025-11-30T01:10:00Z,player_assists,2.5,betonlineag,2025-11-29T14:54:41Z,2025-11-29T14:55:34Z,149.0,-196.0
Tobias Harris,Detroit Pistons @ Miami Heat,2025-11-30T01:10:00Z,player_points,12.5,betonlineag,2025-11-29T14:54:41Z,2025-11-29T14:55:34Z,-106.0,-122.0
Bam Adebayo,Detroit Pistons @ Miami Heat,2025-11-30T01:10:00Z,player_points,18.5,betonlineag,2025-11-29T14:54:41Z,2025-11-29T14:55:34Z,-112.0,-115.0
Tyler Herro,Detroit Pistons @ Miami Heat,2025-11-30T01:10:00Z,player_points,21.5,betonlineag,2025-11-29T14:54:41Z,2025-11-29T14:55:34Z,-112.0,-115.0
Jalen Duren,Detroit Pistons @ Miami Heat,2025-11-30T01:10:00Z,player_points,17.5,betonlineag,2025-11-29T14:54:41Z,2025-11-29T14:55:34Z,-119.0,-109.0
Isaiah Stewart II,Detroit Pistons @ Miami Heat,2025-11-30T01:10:00Z,player_points,8.5,betonlineag,2025-11-29T14:54:41Z,2025-11-29T14:55:34Z,-122.0,-106.0
Andrew Wiggins,Detroit Pistons @ Miami Heat,2025-11-30T01:10:00Z,player_points,15.5,betonlineag,2025-11-29T14:54:41Z,2025-11-29T14:55:34Z,-101.0,-128.0
Davion Mitchell,Detroit Pistons @ Miami Heat,2025-11-30T01:10:00Z,player_points,8.5,betonlineag,2025-11-29T14:54:41Z,2025-11-29T14:55:34Z,-110.0,-118.0
Caris LeVert,Detroit Pistons @ Miami Heat,2025-11-30T01:10:00Z,player_points,8.5,betonlineag,2025-11-29T14:54:41Z,2025-11-29T14:55:34Z,-112.0,-115.0
Duncan Robinson,Detroit Pistons @ Miami Heat,2025-11-30T01:10:00Z,player_points,11.5,betonlineag,2025-11-29T14:54:41Z,2025-11-29T14:55:34Z,-116.0,-111.0
Norman Powell,Detroit Pistons @ Miami Heat,2025-11-30T01:10:00Z,player_points,19.5,betonlineag,2025-11-29T14:54:41Z,2025-11-29T14:55:34Z,-111.0,-116.0
Kel'el Ware,Detroit Pistons @ Miami Heat,2025-11-30T01:10:00Z,player_points,10.5,betonlineag,2025-11-29T14:54:41Z,2025-11-29T14:55:34Z,-103.0,-125.0
Jaden Ivey,Detroit Pistons @ Miami Heat,2025-11-30T01:10:00Z,player_points,7.5,betonlineag,2025-11-29T14:54:41Z,2025-11-29T14:55:34Z,-130.0,100.0
Ausar Thompson,Detroit Pistons @ Miami Heat,2025-11-30T01:10:00Z,player_points,11.5,betonlineag,2025-11-29T14:54:41Z,2025-11-29T14:55:34Z,-106.0,-122.0
Cade Cunningham,Detroit Pistons @ Miami Heat,2025-11-30T01:10:00Z,player_points,27.5,betonlineag,2025-11-29T14:54:41Z,2025-11-29T14:55:34Z,-123.0,-105.0
Tobias Harris,Detroit Pistons @ Miami Heat,2025-11-30T01:10:00Z,player_points_rebounds_assists,19.5,betonlineag,2025-11-29T14:54:41Z,2025-11-29T14:55:34Z,-105.0,-123.0
Bam Adebayo,Detroit Pistons @ Miami Heat,2025-11-30T01:10:00Z,player_points_rebounds_assists,30.5,betonlineag,2025-11-29T14:54:41Z,2025-11-29T14:55:34Z,-106.0,-122.0
Cade Cunningham,Detroit Pistons @ Miami Heat,2025-11-30T01:10:00Z,player_points_rebounds_assists,44.5,betonlineag,2025-11-29T14:54:41Z,2025-11-29T14:55:34Z,-114.0,-114.0
Tyler Herro,Detroit Pistons @ Miami Heat,2025-11-30T01:10:00Z,player_points_rebounds_assists,31.5,betonlineag,2025-11-29T14:54:41Z,2025-11-29T14:55:34Z,-112.0,-115.0
Andrew Wiggins,Detroit Pistons @ Miami Heat,2025-11-30T01:10:00Z,player_points_rebounds_assists,22.5,betonlineag,2025-11-29T14:54:41Z,2025-11-29T14:55:34Z,-103.0,-125.0
Caris LeVert,Detroit Pistons @ Miami Heat,2025-11-30T01:10:00Z,player_points_rebounds_assists,14.5,betonlineag,2025-11-29T14:54:41Z,2025-11-29T14:55:34Z,104.0,-135.0
Norman Powell,Detroit Pistons @ Miami Heat,2025-11-30T01:10:00Z,player_points_rebounds_assists,24.5,betonlineag,2025-11-29T14:54:41Z,2025-11-29T14:55:34Z,-114.0,-114.0
Davion Mitchell,Detroit Pistons @ Miami Heat,2025-11-30T01:10:00Z,player_points_rebounds_assists,17.5,betonlineag,2025-11-29T14:54:41Z,2025-11-29T14:55:34Z,-114.0,-114.0
Duncan Robinson,Detroit Pistons @ Miami Heat,2025-11-30T01:10:00Z,player_points_rebounds_assists,16.5,betonlineag,2025-11-29T14:54:41Z,2025-11-29T14:55:34Z,-103.0,-125.0
Jalen Duren,Detroit Pistons @ Miami Heat,2025-11-30T01:10:00Z,player_points_rebounds_assists,31.5,betonlineag,2025-11-29T14:54:41Z,2025-11-29T14:55:34Z,-106.0,-122.0
Ausar Thompson,Detroit Pistons @ Miami Heat,2025-11-30T01:10:00Z,player_points_rebounds_assists,19.5,betonlineag,2025-11-29T14:54:41Z,2025-11-29T14:55:34Z,-105.0,-123.0
Tobias Harris,Detroit Pistons @ Miami Heat,2025-11-30T01:10:00Z,player_rebounds,4.5,betonlineag,2025-11-29T14:54:41Z,2025-11-29T14:55:34Z,-119.0,-109.0
Tyler Herro,Detroit Pistons @ Miami Heat,2025-11-30T01:10:00Z,player_rebounds,4.5,betonlineag,2025-11-29T14:54:41Z,2025-11-29T14:55:34Z,-135.0,105.0
Cade Cunningham,Detroit Pistons @ Miami Heat,2025-11-30T01:10:00Z,player_rebounds,6.5,betonlineag,2025-11-29T14:54:41Z,2025-11-29T14:55:34Z,104.0,-135.0
Bam Adebayo,Detroit Pistons @ Miami Heat,2025-11-30T01:10:00Z,player_rebounds,8.5,betonlineag,2025-11-29T14:54:41Z,2025-11-29T14:55:34Z,-114.0,-114.0
Ausar Thompson,Detroit Pistons @ Miami Heat,2025-11-30T01:10:00Z,player_rebounds,5.5,betonlineag,2025-11-29T14:54:41Z,2025-11-29T14:55:34Z,104.0,-135.0
Kel'el Ware,Detroit Pistons @ Miami Heat,2025-11-30T01:10:00Z,player_rebounds,10.5,betonlineag,2025-11-29T14:54:41Z,2025-11-29T14:55:34Z,109.0,-141.0
Andrew Wiggins,Detroit Pistons @ Miami Heat,2025-11-30T01:10:00Z,player_rebounds,4.5,betonlineag,2025-11-29T14:54:41Z,2025-11-29T14:55:34Z,109.0,-141.0
Davion Mitchell,Detroit Pistons @ Miami Heat,2025-11-30T01:10:00Z,player_rebounds,2.5,betonlineag,2025-11-29T14:54:41Z,2025-11-29T14:55:34Z,-128.0,-101.0
Caris LeVert,Detroit Pistons @ Miami Heat,2025-11-30T01:10:00Z,player_rebounds,2.5,betonlineag,2025-11-29T14:54:41Z,2025-11-29T14:55:34Z,110.0,-143.0
Duncan Robinson,Detroit Pistons @ Miami Heat,2025-11-30T01:10:00Z,player_rebounds,2.5,betonlineag,2025-11-29T14:54:41Z,2025-11-29T14:55:34Z,110.0,-143.0
Norman Powell,Detroit Pistons @ Miami Heat,2025-11-30T01:10:00Z,player_rebounds,2.5,betonlineag,2025-11-29T14:54:41Z,2025-11-29T14:55:34Z,-169.0,130.0
Jalen Duren,Detroit Pistons @ Miami Heat,2025-11-30T01:10:00Z,player_rebounds,11.5,betonlineag,2025-11-29T14:54:41Z,2025-11-29T14:55:34Z,109.0,-141.0
Tobias Harris,Detroit Pistons @ Miami Heat,2025-11-30T01:10:00Z,player_threes,1.5,betonlineag,2025-11-29T14:54:41Z,2025-11-29T14:55:34Z,126.0,-164.0
Cade Cunningham,Detroit Pistons @ Miami Heat,2025-11-30T01:10:00Z,player_threes,2.5,betonlineag,2025-11-29T14:54:41Z,2025-11-29T14:55:34Z,139.0,-182.0
Bam Adebayo,Detroit Pistons @ Miami Heat,2025-11-30T01:10:00Z,player_threes,1.5,betonlineag,2025-11-29T14:54:41Z,2025-11-29T14:55:34Z,120.0,-156.0
Tyler Herro,Detroit Pistons @ Miami Heat,2025-11-30T01:10:00Z,player_threes,1.5,betonlineag,2025-11-29T14:54:41Z,2025-11-29T14:55:34Z,-172.0,131.0
Jaden Ivey,Detroit Pistons @ Miami Heat,2025-11-30T01:10:00Z,player_threes,1.5,betonlineag,2025-11-29T14:54:41Z,2025-11-29T14:55:34Z,158.0,-208.0
Andrew Wiggins,Detroit Pistons @ Miami Heat,2025-11-30T01:10:00Z,player_threes,1.5,betonlineag,2025-11-29T14:54:41Z,2025-11-29T14:55:34Z,-106.0,-122.0
Davion Mitchell,Detroit Pistons @ Miami Heat,2025-11-30T01:10:00Z,player_threes,0.5,betonlineag,2025-11-29T14:54:41Z,2025-11-29T14:55:34Z,-196.0,150.0
Norman Powell,Detroit Pistons @ Miami Heat,2025-11-30T01:10:00Z,player_threes,2.5,betonlineag,2025-11-29T14:54:41Z,2025-11-29T14:55:34Z,-112.0,-115.0
Caris LeVert,Detroit Pistons @ Miami Heat,2025-11-30T01:10:00Z,player_threes,1.5,betonlineag,2025-11-29T14:54:41Z,2025-11-29T14:55:34Z,158.0,-208.0
Duncan Robinson,Detroit Pistons @ Miami Heat,2025-11-30T01:10:00Z,player_threes,2.5,betonlineag,2025-11-29T14:54:41Z,2025-11-29T14:55:34Z,-145.0,112.0
Cade Cunningham,Detroit Pistons @ Miami Heat,2025-11-30T01:10:00Z,player_assists,9.5,draftkings,2025-11-29T14:54:37Z,2025-11-29T14:55:59Z,-134.0,102.0
Davion Mitchell,Detroit Pistons @ Miami Heat,2025-11-30T01:10:00Z,player_assists,6.5,draftkings,2025-11-29T14:54:37Z,2025-11-29T14:55:59Z,105.0,-139.0
Tyler Herro,Detroit Pistons @ Miami Heat,2025-11-30T01:10:00Z,player_assists,4.5,draftkings,2025-11-29T14:54:37Z,2025-11-29T14:55:59Z,-120.0,-110.0
Bam Adebayo,Detroit Pistons @ Miami Heat,2025-11-30T01:10:00Z,player_assists,2.5,draftkings,2025-11-29T14:54:37Z,2025-11-29T14:55:59Z,-157.0,119.0
Tobias Harris,Detroit Pistons @ Miami Heat,2025-11-30T01:10:00Z,player_assists,1.5,draftkings,2025-11-29T14:54:37Z,2025-11-29T14:55:59Z,-184.0,139.0
Jalen Duren,Detroit Pistons @ Miami Heat,2025-11-30T01:10:00Z,player_blocks,0.5,draftkings,2025-11-29T14:54:37Z,2025-11-29T14:55:59Z,-202.0,151.0
Andrew Wiggins,Detroit Pistons @ Miami Heat,2025-11-30T01:10:00Z,player_blocks,0.5,draftkings,2025-11-29T14:54:37Z,2025-11-29T14:55:59Z,-191.0,142.0
Bam Adebayo,Detroit Pistons @ Miami Heat,2025-11-30T01:10:00Z,player_blocks,0.5,draftkings,2025-11-29T14:54:37Z,2025-11-29T14:55:59Z,-168.0,126.0
Ausar Thompson,Detroit Pistons @ Miami Heat,2025-11-30T01:10:00Z,player_blocks,0.5,draftkings,2025-11-29T14:54:37Z,2025-11-29T14:55:59Z,-126.0,-105.0
Cade Cunningham,Detroit Pistons @ Miami Heat,2025-11-30T01:10:00Z,player_blocks,0.5,draftkings,2025-11-29T14:54:37Z,2025-11-29T14:55:59Z,110.0,-147.0
Jalen Duren,Detroit Pistons @ Miami Heat,2025-11-30T01:10:00Z,player_double_double,,draftkings,2025-11-29T14:54:37Z,2025-11-29T14:55:59Z,,
Cade Cunningham,Detroit Pistons @ Miami Heat,2025-11-30T01:10:00Z,player_double_double,,draftkings,2025-11-29T14:54:37Z,2025-11-29T14:55:59Z,,
Kel'el Ware,Detroit Pistons @ Miami Heat,2025-11-30T01:10:00Z,player_double_double,,draftkings,2025-11-29T14:54:37Z,2025-11-29T14:55:59Z,,
Bam Adebayo,Detroit Pistons @ Miami Heat,2025-11-30T01:10:00Z,player_double_double,,draftkings,2025-11-29T14:54:37Z,2025-11-29T14:55:59Z,,
Davion Mitchell,Detroit Pistons @ Miami Heat,2025-11-30T01:10:00Z,player_double_double,,draftkings,2025-11-29T14:54:37Z,2025-11-29T14:55:59Z,,
Tyler Herro,Detroit Pistons @ Miami Heat,2025-11-30T01:10:00Z,player_double_double,,draftkings,2025-11-29T14:54:37Z,2025-11-29T14:55:59Z,,
Ausar Thompson,Detroit Pistons @ Miami Heat,2025-11-30T01:10:00Z,player_double_double,,draftkings,2025-11-29T14:54:37Z,2025-11-29T14:55:59Z,,
Tobias Harris,Detroit Pistons @ Miami Heat,2025-11-30T01:10:00Z,player_double_double,,draftkings,2025-11-29T14:54:37Z,2025-11-29T14:55:59Z,,
Andrew Wiggins,Detroit Pistons @ Miami Heat,2025-11-30T01:10:00Z,player_double_double,,draftkings,2025-11-29T14:54:37Z,2025-11-29T14:55:59Z,,
Cade Cunningham,Detroit Pistons @ Miami Heat,2025-11-30T01:10:00Z,player_points,27.5,draftkings,2025-11-29T14:54:37Z,2025-11-29T14:55:59Z,-123.0,-104.0
Tyler Herro,Detroit Pistons @ Miami Heat,2025-11-30T01:10:00Z,player_points,21.5,draftkings,2025-11-29T14:54:37Z,2025-11-29T14:55:59Z,-123.0,-103.0
Norman Powell,Detroit Pistons @ Miami Heat,2025-11-30T01:10:00Z,player_points,19.5,draftkings,2025-11-29T14:54:37Z,2025-11-29T14:55:59Z,-111.0,-115.0
Bam Adebayo,Detroit Pistons @ Miami Heat,2025-11-30T01:10:00Z,player_points,18.5,draftkings,2025-11-29T14:54:37Z,2025-11-29T14:55:59Z,-110.0,-116.0
Jalen Duren,Detroit Pistons @ Miami Heat,2025-11-30T01:10:00Z,player_points,17.5,draftkings,2025-11-29T14:54:37Z,2025-11-29T14:55:59Z,-119.0,-107.0
Andrew Wiggins,Detroit Pistons @ Miami Heat,2025-11-30T01:10:00Z,player_points,15.5,draftkings,2025-11-29T14:54:37Z,2025-11-29T14:55:59Z,-103.0,-124.0
Tobias Harris,Detroit Pistons @ Miami Heat,2025-11-30T01:10:00Z,player_points,12.5,draftkings,2025-11-29T14:54:37Z,2025-11-29T14:55:59Z,-110.0,-116.0
Duncan Robinson,Detroit Pistons @ Miami Heat,2025-11-30T01:10:00Z,player_points,11.5,draftkings,2025-11-29T14:54:37Z,2025-11-29T14:55:59Z,-121.0,-106.0
Ausar Thompson,Detroit Pistons @ Miami Heat,2025-11-30T01:10:00Z,player_points,11.5,draftkings,2025-11-29T14:54:37Z,2025-11-29T14:55:59Z,-112.0,-114.0
Kel'el Ware,Detroit Pistons @ Miami Heat,2025-11-30T01:10:00Z,player_points,10.5,draftkings,2025-11-29T14:54:37Z,2025-11-29T14:55:59Z,-117.0,-109.0
Davion Mitchell,Detroit Pistons @ Miami Heat,2025-11-30T01:10:00Z,player_points,8.5,draftkings,2025-11-29T14:54:37Z,2025-11-29T14:55:59Z,-116.0,-110.0
Caris LeVert,Detroit Pistons @ Miami Heat,2025-11-30T01:10:00Z,player_points,8.5,draftkings,2025-11-29T14:54:37Z,2025-11-29T14:55:59Z,-115.0,-111.0
Jaden Ivey,Detroit Pistons @ Miami Heat,2025-11-30T01:10:00Z,player_points,8.5,draftkings,2025-11-29T14:54:37Z,2025-11-29T14:55:59Z,-104.0,-123.0
Cade Cunningham,Detroit Pistons @ Miami Heat,2025-11-30T01:10:00Z,player_points_rebounds_assists,44.5,draftkings,2025-11-29T14:54:37Z,2025-11-29T14:55:59Z,-114.0,-115.0
Tyler Herro,Detroit Pistons @ Miami Heat,2025-11-30T01:10:00Z,player_points_rebounds_assists,31.5,draftkings,2025-11-29T14:54:37Z,2025-11-29T14:55:59Z,-121.0,-109.0
Jalen Duren,Detroit Pistons @ Miami Heat,2025-11-30T01:10:00Z,player_points_rebounds_assists,31.5,draftkings,2025-11-29T14:54:37Z,2025-11-29T14:55:59Z,-105.0,-125.0
Bam Adebayo,Detroit Pistons @ Miami Heat,2025-11-30T01:10:00Z,player_points_rebounds_assists,30.5,draftkings,2025-11-29T14:54:37Z,2025-11-29T14:55:59Z,-109.0,-121.0
Norman Powell,Detroit Pistons @ Miami Heat,2025-11-30T01:10:00Z,player_points_rebounds_assists,24.5,draftkings,2025-11-29T14:54:37Z,2025-11-29T14:55:59Z,-116.0,-113.0
Andrew Wiggins,Detroit Pistons @ Miami Heat,2025-11-30T01:10:00Z,player_points_rebounds_assists,22.5,draftkings,2025-11-29T14:54:37Z,2025-11-29T14:55:59Z,-105.0,-126.0
Ausar Thompson,Detroit Pistons @ Miami Heat,2025-11-30T01:10:00Z,player_points_rebounds_assists,19.5,draftkings,2025-11-29T14:54:37Z,2025-11-29T14:55:59Z,-108.0,-122.0
Tobias Harris,Detroit Pistons @ Miami Heat,2025-11-30T01:10:00Z,player_points_rebounds_assists,19.5,draftkings,2025-11-29T14:54:37Z,2025-11-29T14:55:59Z,-108.0,-122.0
Davion Mitchell,Detroit Pistons @ Miami Heat,2025-11-30T01:10:00Z,player_points_rebounds_assists,17.5,draftkings,2025-11-29T14:54:37Z,2025-11-29T14:55:59Z,-120.0,-110.0
Duncan Robinson,Detroit Pistons @ Miami Heat,2025-11-30T01:10:00Z,player_points_rebounds_assists,16.5,draftkings,2025-11-29T14:54:37Z,2025-11-29T14:55:59Z,-108.0,-122.0
Jalen Duren,Detroit Pistons @ Miami Heat,2025-11-30T01:10:00Z,player_rebounds,11.5,draftkings,2025-11-29T14:54:37Z,2025-11-29T14:55:59Z,106.0,-140.0
Kel'el Ware,Detroit Pistons @ Miami Heat,2025-11-30T01:10:00Z,player_rebounds,10.5,draftkings,2025-11-29T14:54:37Z,2025-11-29T14:55:59Z,106.0,-139.0
Bam Adebayo,Detroit Pistons @ Miami Heat,2025-11-30T01:10:00Z,player_rebounds,8.5,draftkings,2025-11-29T14:54:37Z,2025-11-29T14:55:59Z,-113.0,-116.0
Cade Cunningham,Detroit Pistons @ Miami Heat,2025-11-30T01:10:00Z,player_rebounds,6.5,draftkings,2025-11-29T14:54:37Z,2025-11-29T14:55:59Z,105.0,-138.0
Ausar Thompson,Detroit Pistons @ Miami Heat,2025-11-30T01:10:00Z,player_rebounds,5.5,draftkings,2025-11-29T14:54:37Z,2025-11-29T14:55:59Z,105.0,-139.0
Tyler Herro,Detroit Pistons @ Miami Heat,2025-11-30T01:10:00Z,player_rebounds,4.5,draftkings,2025-11-29T14:54:37Z,2025-11-29T14:55:59Z,-144.0,109.0
Tobias Harris,Detroit Pistons @ Miami Heat,2025-11-30T01:10:00Z,player_rebounds,4.5,draftkings,2025-11-29T14:54:37Z,2025-11-29T14:55:59Z,-118.0,-111.0
Andrew Wiggins,Detroit Pistons @ Miami Heat,2025-11-30T01:10:00Z,player_rebounds,4.5,draftkings,2025-11-29T14:54:37Z,2025-11-29T14:55:59Z,107.0,-141.0
Norman Powell,Detroit Pistons @ Miami Heat,2025-11-30T01:10:00Z,player_rebounds,2.5,draftkings,2025-11-29T14:54:37Z,2025-11-29T14:55:59Z,-163.0,123.0
Davion Mitchell,Detroit Pistons @ Miami Heat,2025-11-30T01:10:00Z,player_rebounds,2.5,draftkings,2025-11-29T14:54:37Z,2025-11-29T14:55:59Z,-124.0,-106.0
Duncan Robinson,Detroit Pistons @ Miami Heat,2025-11-30T01:10:00Z,player_rebounds,2.5,draftkings,2025-11-29T14:54:37Z,2025-11-29T14:55:59Z,108.0,-142.0
Ausar Thompson,Detroit Pistons @ Miami Heat,2025-11-30T01:10:00Z,player_steals,1.5,draftkings,2025-11-29T14:54:37Z,2025-11-29T14:55:59Z,134.0,-179.0
Davion Mitchell,Detroit Pistons @ Miami Heat,2025-11-30T01:10:00Z,player_steals,1.5,draftkings,2025-11-29T14:54:37Z,2025-11-29T14:55:59Z,149.0,-201.0
Tyler Herro,Detroit Pistons @ Miami Heat,2025-11-30T01:10:00Z,player_steals,1.5,draftkings,2025-11-29T14:54:37Z,2025-11-29T14:55:59Z,153.0,-205.0
Andrew Wiggins,Detroit Pistons @ Miami Heat,2025-11-30T01:10:00Z,player_steals,1.5,draftkings,2025-11-29T14:54:37Z,2025-11-29T14:55:59Z,158.0,-213.0
Norman Powell,Detroit Pistons @ Miami Heat,2025-11-30T01:10:00Z,player_steals,1.5,draftkings,2025-11-29T14:54:37Z,2025-11-29T14:55:59Z,163.0,-219.0
Cade Cunningham,Detroit Pistons @ Miami Heat,2025-11-30T01:10:00Z,player_steals,1.5,draftkings,2025-11-29T14:54:37Z,2025-11-29T14:55:59Z,164.0,-221.0
Bam Adebayo,Detroit Pistons @ Miami Heat,2025-11-30T01:10:00Z,player_steals,0.5,draftkings,2025-11-29T14:54:37Z,2025-11-29T14:55:59Z,-232.0,172.0
Duncan Robinson,Detroit Pistons @ Miami Heat,2025-11-30T01:10:00Z,player_threes,2.5,draftkings,2025-11-29T14:54:37Z,2025-11-29T14:55:59Z,-147.0,111.0
Norman Powell,Detroit Pistons @ Miami Heat,2025-11-30T01:10:00Z,player_threes,2.5,draftkings,2025-11-29T14:54:37Z,2025-11-29T14:55:59Z,-107.0,-123.0
Cade Cunningham,Detroit Pistons @ Miami Heat,2025-11-30T01:10:00Z,player_threes,2.5,draftkings,2025-11-29T14:54:37Z,2025-11-29T14:55:59Z,139.0,-184.0
Tyler Herro,Detroit Pistons @ Miami Heat,2025-11-30T01:10:00Z,player_threes,1.5,draftkings,2025-11-29T14:54:37Z,2025-11-29T14:55:59Z,-169.0,128.0
Andrew Wiggins,Detroit Pistons @ Miami Heat,2025-11-30T01:10:00Z,player_threes,1.5,draftkings,2025-11-29T14:54:37Z,2025-11-29T14:55:59Z,-108.0,-122.0
Bam Adebayo,Detroit Pistons @ Miami Heat,2025-11-30T01:10:00Z,player_threes,1.5,draftkings,2025-11-29T14:54:37Z,2025-11-29T14:55:59Z,130.0,-172.0
Tobias Harris,Detroit Pistons @ Miami Heat,2025-11-30T01:10:00Z,player_threes,1.5,draftkings,2025-11-29T14:54:37Z,2025-11-29T14:55:59Z,130.0,-172.0
Jaden Ivey,Detroit Pistons @ Miami Heat,2025-11-30T01:10:00Z,player_threes,1.5,draftkings,2025-11-29T14:54:37Z,2025-11-29T14:55:59Z,152.0,-203.0
Caris LeVert,Detroit Pistons @ Miami Heat,2025-11-30T01:10:00Z,player_threes,1.5,draftkings,2025-11-29T14:54:37Z,2025-11-29T14:55:59Z,158.0,-211.0
Cade Cunningham,Detroit Pistons @ Miami Heat,2025-11-30T01:10:00Z,player_triple_double,,draftkings,2025-11-29T14:54:37Z,2025-11-29T14:55:59Z,,
Jalen Duren,Detroit Pistons @ Miami Heat,2025-11-30T01:10:00Z,player_assists,1.5,williamhill_us,2025-11-29T14:55:28Z,2025-11-29T14:55:30Z,-182.0,136.0
Davion Mitchell,Detroit Pistons @ Miami Heat,2025-11-30T01:10:00Z,player_assists,6.5,williamhill_us,2025-11-29T14:55:28Z,2025-11-29T14:55:30Z,109.0,-145.0
Tobias Harris,Detroit Pistons @ Miami Heat,2025-11-30T01:10:00Z,player_assists,2.5,williamhill_us,2025-11-29T14:55:28Z,2025-11-29T14:55:30Z,148.0,-200.0
Andrew Wiggins,Detroit Pistons @ Miami Heat,2025-11-30T01:10:00Z,player_assists,2.5,williamhill_us,2025-11-29T14:55:28Z,2025-11-29T14:55:30Z,105.0,-139.0
Duncan Robinson,Detroit Pistons @ Miami Heat,2025-11-30T01:10:00Z,player_assists,1.5,williamhill_us,2025-11-29T14:55:28Z,2025-11-29T14:55:30Z,-143.0,107.0
Tyler Herro,Detroit Pistons @ Miami Heat,2025-11-30T01:10:00Z,player_assists,4.5,williamhill_us,2025-11-29T14:55:28Z,2025-11-29T14:55:30Z,-122.0,-109.0
Norman Powell,Detroit Pistons @ Miami Heat,2025-11-30T01:10:00Z,player_assists,1.5,williamhill_us,2025-11-29T14:55:28Z,2025-11-29T14:55:30Z,-176.0,131.0
Bam Adebayo,Detroit Pistons @ Miami Heat,2025-11-30T01:10:00Z,player_assists,2.5,williamhill_us,2025-11-29T14:55:28Z,2025-11-29T14:55:30Z,-154.0,115.0
Ausar Thompson,Detroit Pistons @ Miami Heat,2025-11-30T01:10:00Z,player_assists,2.5,williamhill_us,2025-11-29T14:55:28Z,2025-11-29T14:55:30Z,112.0,-150.0
Cade Cunningham,Detroit Pistons @ Miami Heat,2025-11-30T01:10:00Z,player_assists,9.5,williamhill_us,2025-11-29T14:55:28Z,2025-11-29T14:55:30Z,-137.0,100.0
Jalen Duren,Detroit Pistons @ Miami Heat,2025-11-30T01:10:00Z,player_double_double,,williamhill_us,2025-11-29T14:55:28Z,2025-11-29T14:55:30Z,,
Cade Cunningham,Detroit Pistons @ Miami Heat,2025-11-30T01:10:00Z,player_double_double,,williamhill_us,2025-11-29T14:55:28Z,2025-11-29T14:55:30Z,,
Bam Adebayo,Detroit Pistons @ Miami Heat,2025-11-30T01:10:00Z,player_double_double,,williamhill_us,2025-11-29T14:55:28Z,2025-11-29T14:55:30Z,,
Kel'el Ware,Detroit Pistons @ Miami Heat,2025-11-30T01:10:00Z,player_double_double,,williamhill_us,2025-11-29T14:55:28Z,2025-11-29T14:55:30Z,,
Davion Mitchell,Detroit Pistons @ Miami Heat,2025-11-30T01:10:00Z,player_double_double,,williamhill_us,2025-11-29T14:55:28Z,2025-11-29T14:55:30Z,,
Tyler Herro,Detroit Pistons @ Miami Heat,2025-11-30T01:10:00Z,player_double_double,,williamhill_us,2025-11-29T14:55:28Z,2025-11-29T14:55:30Z,,
Ausar Thompson,Detroit Pistons @ Miami Heat,2025-11-30T01:10:00Z,player_double_double,,williamhill_us,2025-11-29T14:55:28Z,2025-11-29T14:55:30Z,,
Tobias Harris,Detroit Pistons @ Miami Heat,2025-11-30T01:10:00Z,player_double_double,,williamhill_us,2025-11-29T14:55:28Z,2025-11-29T14:55:30Z,,
Andrew Wiggins,Detroit Pistons @ Miami Heat,2025-11-30T01:10:00Z,player_double_double,,williamhill_us,2025-11-29T14:55:28Z,2025-11-29T14:55:30Z,,
Cade Cunningham,Detroit Pistons @ Miami Heat,2025-11-30T01:10:00Z,player_points,28.5,williamhill_us,2025-11-29T14:55:28Z,2025-11-29T14:55:30Z,-109.0,-122.0
Andrew Wiggins,Detroit Pistons @ Miami Heat,2025-11-30T01:10:00Z,player_points,15.5,williamhill_us,2025-11-29T14:55:28Z,2025-11-29T14:55:30Z,-109.0,-121.0
Caris LeVert,Detroit Pistons @ Miami Heat,2025-11-30T01:10:00Z,player_points,8.5,williamhill_us,2025-11-29T14:55:28Z,2025-11-29T14:55:30Z,-121.0,-110.0
Bam Adebayo,Detroit Pistons @ Miami Heat,2025-11-30T01:10:00Z,player_points,18.5,williamhill_us,2025-11-29T14:55:28Z,2025-11-29T14:55:30Z,-115.0,-117.0
Tobias Harris,Detroit Pistons @ Miami Heat,2025-11-30T01:10:00Z,player_points,12.5,williamhill_us,2025-11-29T14:55:28Z,2025-11-29T14:55:30Z,-112.0,-120.0
Jalen Duren,Detroit Pistons @ Miami Heat,2025-11-30T01:10:00Z,player_points,17.5,williamhill_us,2025-11-29T14:55:28Z,2025-11-29T14:55:30Z,-117.0,-114.0
Ausar Thompson,Detroit Pistons @ Miami Heat,2025-11-30T01:10:00Z,player_points,11.5,williamhill_us,2025-11-29T14:55:28Z,2025-11-29T14:55:30Z,-110.0,-122.0
Davion Mitchell,Detroit Pistons @ Miami Heat,2025-11-30T01:10:00Z,player_points,8.5,williamhill_us,2025-11-29T14:55:28Z,2025-11-29T14:55:30Z,-113.0,-118.0
Tyler Herro,Detroit Pistons @ Miami Heat,2025-11-30T01:10:00Z,player_points,21.5,williamhill_us,2025-11-29T14:55:28Z,2025-11-29T14:55:30Z,-117.0,-114.0
Jaden Ivey,Detroit Pistons @ Miami Heat,2025-11-30T01:10:00Z,player_points,7.5,williamhill_us,2025-11-29T14:55:28Z,2025-11-29T14:55:30Z,-135.0,-102.0
Norman Powell,Detroit Pistons @ Miami Heat,2025-11-30T01:10:00Z,player_points,18.5,williamhill_us,2025-11-29T14:55:28Z,2025-11-29T14:55:30Z,-130.0,-103.0
Duncan Robinson,Detroit Pistons @ Miami Heat,2025-11-30T01:10:00Z,player_points,11.5,williamhill_us,2025-11-29T14:55:28Z,2025-11-29T14:55:30Z,-117.0,-114.0
Kel'el Ware,Detroit Pistons @ Miami Heat,2025-11-30T01:10:00Z,player_points,10.5,williamhill_us,2025-11-29T14:55:28Z,2025-11-29T14:55:30Z,-115.0,-113.0
Jalen Duren,Detroit Pistons @ Miami Heat,2025-11-30T01:10:00Z,player_rebounds,11.5,williamhill_us,2025-11-29T14:55:28Z,2025-11-29T14:55:30Z,109.0,-145.0
Tyler Herro,Detroit Pistons @ Miami Heat,2025-11-30T01:10:00Z,player_rebounds,4.5,williamhill_us,2025-11-29T14:55:28Z,2025-11-29T14:55:30Z,-129.0,-104.0
Cade Cunningham,Detroit Pistons @ Miami Heat,2025-11-30T01:10:00Z,player_rebounds,6.5,williamhill_us,2025-11-29T14:55:28Z,2025-11-29T14:55:30Z,106.0,-141.0
Bam Adebayo,Detroit Pistons @ Miami Heat,2025-11-30T01:10:00Z,player_rebounds,8.5,williamhill_us,2025-11-29T14:55:28Z,2025-11-29T14:55:30Z,-113.0,-118.0
Andrew Wiggins,Detroit Pistons @ Miami Heat,2025-11-30T01:10:00Z,player_rebounds,4.5,williamhill_us,2025-11-29T14:55:28Z,2025-11-29T14:55:30Z,104.0,-139.0
Duncan Robinson,Detroit Pistons @ Miami Heat,2025-11-30T01:10:00Z,player_rebounds,2.5,williamhill_us,2025-11-29T14:55:28Z,2025-11-29T14:55:30Z,108.0,-143.0
Norman Powell,Detroit Pistons @ Miami Heat,2025-11-30T01:10:00Z,player_rebounds,2.5,williamhill_us,2025-11-29T14:55:28Z,2025-11-29T14:55:30Z,-170.0,126.0
Ausar Thompson,Detroit Pistons @ Miami Heat,2025-11-30T01:10:00Z,player_rebounds,5.5,williamhill_us,2025-11-29T14:55:28Z,2025-11-29T14:55:30Z,107.0,-143.0
Davion Mitchell,Detroit Pistons @ Miami Heat,2025-11-30T01:10:00Z,player_rebounds,2.5,williamhill_us,2025-11-29T14:55:28Z,2025-11-29T14:55:30Z,-132.0,-102.0
Kel'el Ware,Detroit Pistons @ Miami Heat,2025-11-30T01:10:00Z,player_rebounds,10.5,williamhill_us,2025-11-29T14:55:28Z,2025-11-29T14:55:30Z,100.0,-132.0
Tobias Harris,Detroit Pistons @ Miami Heat,2025-11-30T01:10:00Z,player_rebounds,4.5,williamhill_us,2025-11-29T14:55:28Z,2025-11-29T14:55:30Z,-117.0,-114.0
Bam Adebayo,Detroit Pistons @ Miami Heat,2025-11-30T01:10:00Z,player_threes,1.5,williamhill_us,2025-11-29T14:55:28Z,2025-11-29T14:55:30Z,114.0,-152.0
Andrew Wiggins,Detroit Pistons @ Miami Heat,2025-11-30T01:10:00Z,player_threes,1.5,williamhill_us,2025-11-29T14:55:28Z,2025-11-29T14:55:30Z,-108.0,-124.0
Jaden Ivey,Detroit Pistons @ Miami Heat,2025-11-30T01:10:00Z,player_threes,1.5,williamhill_us,2025-11-29T14:55:28Z,2025-11-29T14:55:30Z,152.0,-205.0
Tobias Harris,Detroit Pistons @ Miami Heat,2025-11-30T01:10:00Z,player_threes,1.5,williamhill_us,2025-11-29T14:55:28Z,2025-11-29T14:55:30Z,122.0,-162.0
Norman Powell,Detroit Pistons @ Miami Heat,2025-11-30T01:10:00Z,player_threes,2.5,williamhill_us,2025-11-29T14:55:28Z,2025-11-29T14:55:30Z,-110.0,-121.0
Duncan Robinson,Detroit Pistons @ Miami Heat,2025-11-30T01:10:00Z,player_threes,2.5,williamhill_us,2025-11-29T14:55:28Z,2025-11-29T14:55:30Z,-141.0,107.0
Caris LeVert,Detroit Pistons @ Miami Heat,2025-11-30T01:10:00Z,player_threes,1.5,williamhill_us,2025-11-29T14:55:28Z,2025-11-29T14:55:30Z,149.0,-200.0
Cade Cunningham,Detroit Pistons @ Miami Heat,2025-11-30T01:10:00Z,player_threes,2.5,williamhill_us,2025-11-29T14:55:28Z,2025-11-29T14:55:30Z,135.0,-182.0
Tyler Herro,Detroit Pistons @ Miami Heat,2025-11-30T01:10:00Z,player_threes,1.5,williamhill_us,2025-11-29T14:55:28Z,2025-11-29T14:55:30Z,-170.0,124.0
Davion Mitchell,Detroit Pistons @ Miami Heat,2025-11-30T01:10:00Z,player_threes,0.5,williamhill_us,2025-11-29T14:55:28Z,2025-11-29T14:55:30Z,-205.0,152.0
Cade Cunningham,Detroit Pistons @ Miami Heat,2025-11-30T01:10:00Z,player_triple_double,,williamhill_us,2025-11-29T14:55:28Z,2025-11-29T14:55:30Z,,
Andrew Wiggins,Detroit Pistons @ Miami Heat,2025-11-30T01:10:00Z,player_assists,2.5,betmgm,2025-11-29T14:54:38Z,2025-11-29T14:56:08Z,100.0,-135.0
Ausar Thompson,Detroit Pistons @ Miami Heat,2025-11-30T01:10:00Z,player_assists,2.5,betmgm,2025-11-29T14:54:38Z,2025-11-29T14:56:08Z,110.0,-150.0
Norman Powell,Detroit Pistons @ Miami Heat,2025-11-30T01:10:00Z,player_assists,1.5,betmgm,2025-11-29T14:54:38Z,2025-11-29T14:56:08Z,-175.0,130.0
Jalen Duren,Detroit Pistons @ Miami Heat,2025-11-30T01:10:00Z,player_assists,1.5,betmgm,2025-11-29T14:54:38Z,2025-11-29T14:56:08Z,-165.0,125.0
Caris LeVert,Detroit Pistons @ Miami Heat,2025-11-30T01:10:00Z,player_assists,2.5,betmgm,2025-11-29T14:54:38Z,2025-11-29T14:56:08Z,-135.0,100.0
Tobias Harris,Detroit Pistons @ Miami Heat,2025-11-30T01:10:00Z,player_assists,1.5,betmgm,2025-11-29T14:54:38Z,2025-11-29T14:56:08Z,-160.0,120.0
Cade Cunningham,Detroit Pistons @ Miami Heat,2025-11-30T01:10:00Z,player_assists,9.5,betmgm,2025-11-29T14:54:38Z,2025-11-29T14:56:08Z,-118.0,-110.0
Bam Adebayo,Detroit Pistons @ Miami Heat,2025-11-30T01:10:00Z,player_assists,2.5,betmgm,2025-11-29T14:54:38Z,2025-11-29T14:56:08Z,-145.0,105.0
Tyler Herro,Detroit Pistons @ Miami Heat,2025-11-30T01:10:00Z,player_assists,4.5,betmgm,2025-11-29T14:54:38Z,2025-11-29T14:56:08Z,-120.0,-110.0
Duncan Robinson,Detroit Pistons @ Miami Heat,2025-11-30T01:10:00Z,player_assists,1.5,betmgm,2025-11-29T14:54:38Z,2025-11-29T14:56:08Z,-130.0,-105.0
Davion Mitchell,Detroit Pistons @ Miami Heat,2025-11-30T01:10:00Z,player_assists,6.5,betmgm,2025-11-29T14:54:38Z,2025-11-29T14:56:08Z,115.0,-150.0
Kel'el Ware,Detroit Pistons @ Miami Heat,2025-11-30T01:10:00Z,player_assists,0.5,betmgm,2025-11-29T14:54:38Z,2025-11-29T14:56:08Z,-120.0,-110.0
Andrew Wiggins,Detroit Pistons @ Miami Heat,2025-11-30T01:10:00Z,player_blocks,0.5,betmgm,2025-11-29T14:54:38Z,2025-11-29T14:56:08Z,-220.0,150.0
Ausar Thompson,Detroit Pistons @ Miami Heat,2025-11-30T01:10:00Z,player_blocks,0.5,betmgm,2025-11-29T14:54:38Z,2025-11-29T14:56:08Z,-125.0,-110.0
Norman Powell,Detroit Pistons @ Miami Heat,2025-11-30T01:10:00Z,player_blocks,0.5,betmgm,2025-11-29T14:54:38Z,2025-11-29T14:56:08Z,270.0,-400.0
Jalen Duren,Detroit Pistons @ Miami Heat,2025-11-30T01:10:00Z,player_blocks,0.5,betmgm,2025-11-29T14:54:38Z,2025-11-29T14:56:08Z,-225.0,160.0
Tobias Harris,Detroit Pistons @ Miami Heat,2025-11-30T01:10:00Z,player_blocks,0.5,betmgm,2025-11-29T14:54:38Z,2025-11-29T14:56:08Z,155.0,-220.0
Cade Cunningham,Detroit Pistons @ Miami Heat,2025-11-30T01:10:00Z,player_blocks,0.5,betmgm,2025-11-29T14:54:38Z,2025-11-29T14:56:08Z,110.0,-150.0
Bam Adebayo,Detroit Pistons @ Miami Heat,2025-11-30T01:10:00Z,player_blocks,0.5,betmgm,2025-11-29T14:54:38Z,2025-11-29T14:56:08Z,-175.0,125.0
Tyler Herro,Detroit Pistons @ Miami Heat,2025-11-30T01:10:00Z,player_blocks,0.5,betmgm,2025-11-29T14:54:38Z,2025-11-29T14:56:08Z,180.0,-275.0
Duncan Robinson,Detroit Pistons @ Miami Heat,2025-11-30T01:10:00Z,player_blocks,0.5,betmgm,2025-11-29T14:54:38Z,2025-11-29T14:56:08Z,250.0,-375.0
Davion Mitchell,Detroit Pistons @ Miami Heat,2025-11-30T01:10:00Z,player_blocks,0.5,betmgm,2025-11-29T14:54:38Z,2025-11-29T14:56:08Z,475.0,-1000.0
Andrew Wiggins,Detroit Pistons @ Miami Heat,2025-11-30T01:10:00Z,player_double_double,,betmgm,2025-11-29T14:54:38Z,2025-11-29T14:56:08Z,,
Ausar Thompson,Detroit Pistons @ Miami Heat,2025-11-30T01:10:00Z,player_double_double,,betmgm,2025-11-29T14:54:38Z,2025-11-29T14:56:08Z,,
Jalen Duren,Detroit Pistons @ Miami Heat,2025-11-30T01:10:00Z,player_double_double,,betmgm,2025-11-29T14:54:38Z,2025-11-29T14:56:08Z,,
Tobias Harris,Detroit Pistons @ Miami Heat,2025-11-30T01:10:00Z,player_double_double,,betmgm,2025-11-29T14:54:38Z,2025-11-29T14:56:08Z,,
Cade Cunningham,Detroit Pistons @ Miami Heat,2025-11-30T01:10:00Z,player_double_double,,betmgm,2025-11-29T14:54:38Z,2025-11-29T14:56:08Z,,
Bam Adebayo,Detroit Pistons @ Miami Heat,2025-11-30T01:10:00Z,player_double_double,,betmgm,2025-11-29T14:54:38Z,2025-11-29T14:56:08Z,,
Tyler Herro,Detroit Pistons @ Miami Heat,2025-11-30T01:10:00Z,player_double_double,,betmgm,2025-11-29T14:54:38Z,2025-11-29T14:56:08Z,,
Davion Mitchell,Detroit Pistons @ Miami Heat,2025-11-30T01:10:00Z,player_double_double,,betmgm,2025-11-29T14:54:38Z,2025-11-29T14:56:08Z,,
Ausar Thompson,Detroit Pistons @ Miami Heat,2025-11-30T01:10:00Z,player_points,10.5,betmgm,2025-11-29T14:54:38Z,2025-11-29T14:56:08Z,-130.0,-105.0
Norman Powell,Detroit Pistons @ Miami Heat,2025-11-30T01:10:00Z,player_points,18.5,betmgm,2025-11-29T14:54:38Z,2025-11-29T14:56:08Z,-120.0,-110.0
Jalen Duren,Detroit Pistons @ Miami Heat,2025-11-30T01:10:00Z,player_points,17.5,betmgm,2025-11-29T14:54:38Z,2025-11-29T14:56:08Z,-110.0,-120.0
Caris LeVert,Detroit Pistons @ Miami Heat,2025-11-30T01:10:00Z,player_points,8.5,betmgm,2025-11-29T14:54:38Z,2025-11-29T14:56:08Z,-135.0,100.0
Tobias Harris,Detroit Pistons @ Miami Heat,2025-11-30T01:10:00Z,player_points,12.5,betmgm,2025-11-29T14:54:38Z,2025-11-29T14:56:08Z,-110.0,-120.0
Cade Cunningham,Detroit Pistons @ Miami Heat,2025-11-30T01:10:00Z,player_points,28.5,betmgm,2025-11-29T14:54:38Z,2025-11-29T14:56:08Z,-110.0,-120.0
Bam Adebayo,Detroit Pistons @ Miami Heat,2025-11-30T01:10:00Z,player_points,18.5,betmgm,2025-11-29T14:54:38Z,2025-11-29T14:56:08Z,-110.0,-118.0
Duncan Robinson,Detroit Pistons @ Miami Heat,2025-11-30T01:10:00Z,player_points,11.5,betmgm,2025-11-29T14:54:38Z,2025-11-29T14:56:08Z,-110.0,-118.0
Davion Mitchell,Detroit Pistons @ Miami Heat,2025-11-30T01:10:00Z,player_points,8.5,betmgm,2025-11-29T14:54:38Z,2025-11-29T14:56:08Z,-120.0,-110.0
Kel'el Ware,Detroit Pistons @ Miami Heat,2025-11-30T01:10:00Z,player_points,10.5,betmgm,2025-11-29T14:54:38Z,2025-11-29T14:56:08Z,-120.0,-110.0
Tyler Herro,Detroit Pistons @ Miami Heat,2025-11-30T01:10:00Z,player_points,21.5,betmgm,2025-11-29T14:54:38Z,2025-11-29T14:56:08Z,-125.0,-105.0
Andrew Wiggins,Detroit Pistons @ Miami Heat,2025-11-30T01:10:00Z,player_points,15.5,betmgm,2025-11-29T14:54:38Z,2025-11-29T14:56:08Z,-105.0,-130.0
Andrew Wiggins,Detroit Pistons @ Miami Heat,2025-11-30T01:10:00Z,player_points_rebounds_assists,22.5,betmgm,2025-11-29T14:54:38Z,2025-11-29T14:56:08Z,-110.0,-120.0
Ausar Thompson,Detroit Pistons @ Miami Heat,2025-11-30T01:10:00Z,player_points_rebounds_assists,18.5,betmgm,2025-11-29T14:54:38Z,2025-11-29T14:56:08Z,-120.0,-110.0
Norman Powell,Detroit Pistons @ Miami Heat,2025-11-30T01:10:00Z,player_points_rebounds_assists,23.5,betmgm,2025-11-29T14:54:38Z,2025-11-29T14:56:08Z,-120.0,-110.0
Jalen Duren,Detroit Pistons @ Miami Heat,2025-11-30T01:10:00Z,player_points_rebounds_assists,30.5,betmgm,2025-11-29T14:54:38Z,2025-11-29T14:56:08Z,-118.0,-110.0
Caris LeVert,Detroit Pistons @ Miami Heat,2025-11-30T01:10:00Z,player_points_rebounds_assists,14.5,betmgm,2025-11-29T14:54:38Z,2025-11-29T14:56:08Z,-105.0,-130.0
Tobias Harris,Detroit Pistons @ Miami Heat,2025-11-30T01:10:00Z,player_points_rebounds_assists,18.5,betmgm,2025-11-29T14:54:38Z,2025-11-29T14:56:08Z,-130.0,-105.0
Cade Cunningham,Detroit Pistons @ Miami Heat,2025-11-30T01:10:00Z,player_points_rebounds_assists,44.5,betmgm,2025-11-29T14:54:38Z,2025-11-29T14:56:08Z,-115.0,-115.0
Bam Adebayo,Detroit Pistons @ Miami Heat,2025-11-30T01:10:00Z,player_points_rebounds_assists,30.5,betmgm,2025-11-29T14:54:38Z,2025-11-29T14:56:08Z,-110.0,-120.0
Tyler Herro,Detroit Pistons @ Miami Heat,2025-11-30T01:10:00Z,player_points_rebounds_assists,31.5,betmgm,2025-11-29T14:54:38Z,2025-11-29T14:56:08Z,-110.0,-118.0
Duncan Robinson,Detroit Pistons @ Miami Heat,2025-11-30T01:10:00Z,player_points_rebounds_assists,15.5,betmgm,2025-11-29T14:54:38Z,2025-11-29T14:56:08Z,-118.0,-110.0
Davion Mitchell,Detroit Pistons @ Miami Heat,2025-11-30T01:10:00Z,player_points_rebounds_assists,18.5,betmgm,2025-11-29T14:54:38Z,2025-11-29T14:56:08Z,-110.0,-120.0
Kel'el Ware,Detroit Pistons @ Miami Heat,2025-11-30T01:10:00Z,player_points_rebounds_assists,21.5,betmgm,2025-11-29T14:54:38Z,2025-11-29T14:56:08Z,-125.0,-105.0
Andrew Wiggins,Detroit Pistons @ Miami Heat,2025-11-30T01:10:00Z,player_rebounds,4.5,betmgm,2025-11-29T14:54:38Z,2025-11-29T14:56:08Z,-110.0,-120.0
Ausar Thompson,Detroit Pistons @ Miami Heat,2025-11-30T01:10:00Z,player_rebounds,5.5,betmgm,2025-11-29T14:54:38Z,2025-11-29T14:56:08Z,105.0,-145.0
Norman Powell,Detroit Pistons @ Miami Heat,2025-11-30T01:10:00Z,player_rebounds,2.5,betmgm,2025-11-29T14:54:38Z,2025-11-29T14:56:08Z,-165.0,125.0
Caris LeVert,Detroit Pistons @ Miami Heat,2025-11-30T01:10:00Z,player_rebounds,2.5,betmgm,2025-11-29T14:54:38Z,2025-11-29T14:56:08Z,130.0,-175.0
Tobias Harris,Detroit Pistons @ Miami Heat,2025-11-30T01:10:00Z,player_rebounds,4.5,betmgm,2025-11-29T14:54:38Z,2025-11-29T14:56:08Z,-110.0,-120.0
Cade Cunningham,Detroit Pistons @ Miami Heat,2025-11-30T01:10:00Z,player_rebounds,6.5,betmgm,2025-11-29T14:54:38Z,2025-11-29T14:56:08Z,115.0,-155.0
Bam Adebayo,Detroit Pistons @ Miami Heat,2025-11-30T01:10:00Z,player_rebounds,8.5,betmgm,2025-11-29T14:54:38Z,2025-11-29T14:56:08Z,-135.0,100.0
Tyler Herro,Detroit Pistons @ Miami Heat,2025-11-30T01:10:00Z,player_rebounds,4.5,betmgm,2025-11-29T14:54:38Z,2025-11-29T14:56:08Z,-130.0,-105.0
Duncan Robinson,Detroit Pistons @ Miami Heat,2025-11-30T01:10:00Z,player_rebounds,2.5,betmgm,2025-11-29T14:54:38Z,2025-11-29T14:56:08Z,115.0,-150.0
Davion Mitchell,Detroit Pistons @ Miami Heat,2025-11-30T01:10:00Z,player_rebounds,2.5,betmgm,2025-11-29T14:54:38Z,2025-11-29T14:56:08Z,-135.0,100.0
Kel'el Ware,Detroit Pistons @ Miami Heat,2025-11-30T01:10:00Z,player_rebounds,10.5,betmgm,2025-11-29T14:54:38Z,2025-11-29T14:56:08Z,100.0,-130.0
Jalen Duren,Detroit Pistons @ Miami Heat,2025-11-30T01:10:00Z,player_rebounds,11.5,betmgm,2025-11-29T14:54:38Z,2025-11-29T14:56:08Z,105.0,-140.0
Andrew Wiggins,Detroit Pistons @ Miami Heat,2025-11-30T01:10:00Z,player_threes,1.5,betmgm,2025-11-29T14:54:38Z,2025-11-29T14:56:08Z,-110.0,-118.0
Ausar Thompson,Detroit Pistons @ Miami Heat,2025-11-30T01:10:00Z,player_threes,0.5,betmgm,2025-11-29T14:54:38Z,2025-11-29T14:56:08Z,230.0,-325.0
Norman Powell,Detroit Pistons @ Miami Heat,2025-11-30T01:10:00Z,player_threes,2.5,betmgm,2025-11-29T14:54:38Z,2025-11-29T14:56:08Z,-115.0,-115.0
Caris LeVert,Detroit Pistons @ Miami Heat,2025-11-30T01:10:00Z,player_threes,1.5,betmgm,2025-11-29T14:54:38Z,2025-11-29T14:56:08Z,145.0,-200.0
Tobias Harris,Detroit Pistons @ Miami Heat,2025-11-30T01:10:00Z,player_threes,1.5,betmgm,2025-11-29T14:54:38Z,2025-11-29T14:56:08Z,115.0,-155.0
Cade Cunningham,Detroit Pistons @ Miami Heat,2025-11-30T01:10:00Z,player_threes,2.5,betmgm,2025-11-29T14:54:38Z,2025-11-29T14:56:08Z,150.0,-200.0
Bam Adebayo,Detroit Pistons @ Miami Heat,2025-11-30T01:10:00Z,player_threes,1.5,betmgm,2025-11-29T14:54:38Z,2025-11-29T14:56:08Z,120.0,-160.0
Tyler Herro,Detroit Pistons @ Miami Heat,2025-11-30T01:10:00Z,player_threes,1.5,betmgm,2025-11-29T14:54:38Z,2025-11-29T14:56:08Z,-175.0,130.0
Duncan Robinson,Detroit Pistons @ Miami Heat,2025-11-30T01:10:00Z,player_threes,2.5,betmgm,2025-11-29T14:54:38Z,2025-11-29T14:56:08Z,-150.0,110.0
Davion Mitchell,Detroit Pistons @ Miami Heat,2025-11-30T01:10:00Z,player_threes,0.5,betmgm,2025-11-29T14:54:38Z,2025-11-29T14:56:08Z,-190.0,140.0
Kel'el Ware,Detroit Pistons @ Miami Heat,2025-11-30T01:10:00Z,player_threes,0.5,betmgm,2025-11-29T14:54:38Z,2025-11-29T14:56:08Z,-150.0,115.0
Cade Cunningham,Detroit Pistons @ Miami Heat,2025-11-30T01:10:00Z,player_triple_double,,betmgm,2025-11-29T14:54:38Z,2025-11-29T14:56:08Z,,
Jalen Duren,Detroit Pistons @ Miami Heat,2025-11-30T01:10:00Z,player_double_double,,bovada,2025-11-29T14:55:30Z,2025-11-29T14:56:22Z,,
Cade Cunningham,Detroit Pistons @ Miami Heat,2025-11-30T01:10:00Z,player_double_double,,bovada,2025-11-29T14:55:30Z,2025-11-29T14:56:22Z,,
Bam Adebayo,Detroit Pistons @ Miami Heat,2025-11-30T01:10:00Z,player_double_double,,bovada,2025-11-29T14:55:30Z,2025-11-29T14:56:22Z,,
Kel'el Ware,Detroit Pistons @ Miami Heat,2025-11-30T01:10:00Z,player_double_double,,bovada,2025-11-29T14:55:30Z,2025-11-29T14:56:22Z,,
Tyler Herro,Detroit Pistons @ Miami Heat,2025-11-30T01:10:00Z,player_double_double,,bovada,2025-11-29T14:55:30Z,2025-11-29T14:56:22Z,,
Davion Mitchell,Detroit Pistons @ Miami Heat,2025-11-30T01:10:00Z,player_double_double,,bovada,2025-11-29T14:55:30Z,2025-11-29T14:56:22Z,,
Ausar Thompson,Detroit Pistons @ Miami Heat,2025-11-30T01:10:00Z,player_double_double,,bovada,2025-11-29T14:55:30Z,2025-11-29T14:56:22Z,,
Tobias Harris,Detroit Pistons @ Miami Heat,2025-11-30T01:10:00Z,player_double_double,,bovada,2025-11-29T14:55:30Z,2025-11-29T14:56:22Z,,
Andrew Wiggins,Detroit Pistons @ Miami Heat,2025-11-30T01:10:00Z,player_double_double,,bovada,2025-11-29T14:55:30Z,2025-11-29T14:56:22Z,,
Cade Cunningham,Detroit Pistons @ Miami Heat,2025-11-30T01:10:00Z,player_triple_double,,bovada,2025-11-29T14:55:30Z,2025-11-29T14:56:22Z,,
Bam Adebayo,Detroit Pistons @ Miami Heat,2025-11-30T01:10:00Z,player_assists,2.5,betrivers,2025-11-29T14:54:40Z,2025-11-29T14:56:02Z,-148.0,110.0
Tyler Herro,Detroit Pistons @ Miami Heat,2025-11-30T01:10:00Z,player_assists,4.5,betrivers,2025-11-29T14:54:40Z,2025-11-29T14:56:02Z,-120.0,-112.0
Davion Mitchell,Detroit Pistons @ Miami Heat,2025-11-30T01:10:00Z,player_assists,6.5,betrivers,2025-11-29T14:54:40Z,2025-11-29T14:56:02Z,100.0,-134.0
Cade Cunningham,Detroit Pistons @ Miami Heat,2025-11-30T01:10:00Z,player_assists,9.5,betrivers,2025-11-29T14:54:40Z,2025-11-29T14:56:02Z,-129.0,-104.0
Duncan Robinson,Detroit Pistons @ Miami Heat,2025-11-30T01:10:00Z,player_points,11.5,betrivers,2025-11-29T14:54:40Z,2025-11-29T14:56:02Z,-127.0,-105.0
Norman Powell,Detroit Pistons @ Miami Heat,2025-11-30T01:10:00Z,player_points,18.5,betrivers,2025-11-29T14:54:40Z,2025-11-29T14:56:02Z,-124.0,-108.0
Cade Cunningham,Detroit Pistons @ Miami Heat,2025-11-30T01:10:00Z,player_points,28.5,betrivers,2025-11-29T14:54:40Z,2025-11-29T14:56:02Z,-110.0,-121.0
Ausar Thompson,Detroit Pistons @ Miami Heat,2025-11-30T01:10:00Z,player_points,10.5,betrivers,2025-11-29T14:54:40Z,2025-11-29T14:56:02Z,-122.0,-108.0
Kel'el Ware,Detroit Pistons @ Miami Heat,2025-11-30T01:10:00Z,player_points,11.5,betrivers,2025-11-29T14:54:40Z,2025-11-29T14:56:02Z,-104.0,-129.0
Tobias Harris,Detroit Pistons @ Miami Heat,2025-11-30T01:10:00Z,player_points,12.5,betrivers,2025-11-29T14:54:40Z,2025-11-29T14:56:02Z,-110.0,-121.0
Andrew Wiggins,Detroit Pistons @ Miami Heat,2025-11-30T01:10:00Z,player_points,15.5,betrivers,2025-11-29T14:54:40Z,2025-11-29T14:56:02Z,-108.0,-122.0
Tyler Herro,Detroit Pistons @ Miami Heat,2025-11-30T01:10:00Z,player_points,21.5,betrivers,2025-11-29T14:54:40Z,2025-11-29T14:56:02Z,-115.0,-115.0
Davion Mitchell,Detroit Pistons @ Miami Heat,2025-11-30T01:10:00Z,player_points,8.5,betrivers,2025-11-29T14:54:40Z,2025-11-29T14:56:02Z,-112.0,-120.0
Bam Adebayo,Detroit Pistons @ Miami Heat,2025-11-30T01:10:00Z,player_points,18.5,betrivers,2025-11-29T14:54:40Z,2025-11-29T14:56:02Z,-121.0,-110.0
Jalen Duren,Detroit Pistons @ Miami Heat,2025-11-30T01:10:00Z,player_points,17.5,betrivers,2025-11-29T14:54:40Z,2025-11-29T14:56:02Z,-129.0,-104.0
Tyler Herro,Detroit Pistons @ Miami Heat,2025-11-30T01:10:00Z,player_points_rebounds_assists,31.5,betrivers,2025-11-29T14:54:40Z,2025-11-29T14:56:02Z,-117.0,-114.0
Bam Adebayo,Detroit Pistons @ Miami Heat,2025-11-30T01:10:00Z,player_points_rebounds_assists,30.5,betrivers,2025-11-29T14:54:40Z,2025-11-29T14:56:02Z,-121.0,-110.0
Cade Cunningham,Detroit Pistons @ Miami Heat,2025-11-30T01:10:00Z,player_points_rebounds_assists,45.5,betrivers,2025-11-29T14:54:40Z,2025-11-29T14:56:02Z,-112.0,-120.0
Davion Mitchell,Detroit Pistons @ Miami Heat,2025-11-30T01:10:00Z,player_points_rebounds_assists,17.5,betrivers,2025-11-29T14:54:40Z,2025-11-29T14:56:02Z,-122.0,-108.0
Jalen Duren,Detroit Pistons @ Miami Heat,2025-11-30T01:10:00Z,player_rebounds,10.5,betrivers,2025-11-29T14:54:40Z,2025-11-29T14:56:02Z,-137.0,104.0
Ausar Thompson,Detroit Pistons @ Miami Heat,2025-11-30T01:10:00Z,player_rebounds,5.5,betrivers,2025-11-29T14:54:40Z,2025-11-29T14:56:02Z,104.0,-137.0
Davion Mitchell,Detroit Pistons @ Miami Heat,2025-11-30T01:10:00Z,player_rebounds,2.5,betrivers,2025-11-29T14:54:40Z,2025-11-29T14:56:02Z,-130.0,-103.0
Tyler Herro,Detroit Pistons @ Miami Heat,2025-11-30T01:10:00Z,player_rebounds,4.5,betrivers,2025-11-29T14:54:40Z,2025-11-29T14:56:02Z,-125.0,-107.0
Andrew Wiggins,Detroit Pistons @ Miami Heat,2025-11-30T01:10:00Z,player_rebounds,4.5,betrivers,2025-11-29T14:54:40Z,2025-11-29T14:56:02Z,102.0,-136.0
Bam Adebayo,Detroit Pistons @ Miami Heat,2025-11-30T01:10:00Z,player_rebounds,8.5,betrivers,2025-11-29T14:54:40Z,2025-11-29T14:56:02Z,-114.0,-117.0
Kel'el Ware,Detroit Pistons @ Miami Heat,2025-11-30T01:10:00Z,player_rebounds,10.5,betrivers,2025-11-29T14:54:40Z,2025-11-29T14:56:02Z,102.0,-136.0
Tobias Harris,Detroit Pistons @ Miami Heat,2025-11-30T01:10:00Z,player_rebounds,4.5,betrivers,2025-11-29T14:54:40Z,2025-11-29T14:56:02Z,-117.0,-114.0
Cade Cunningham,Detroit Pistons @ Miami Heat,2025-11-30T01:10:00Z,player_rebounds,6.5,betrivers,2025-11-29T14:54:40Z,2025-11-29T14:56:02Z,110.0,-148.0
Cade Cunningham,Detroit Pistons @ Miami Heat,2025-11-30T01:10:00Z,player_threes,2.5,betrivers,2025-11-29T14:54:40Z,2025-11-29T14:56:02Z,128.0,-167.0
Tobias Harris,Detroit Pistons @ Miami Heat,2025-11-30T01:10:00Z,player_threes,1.5,betrivers,2025-11-29T14:54:40Z,2025-11-29T14:56:02Z,120.0,-162.0
Duncan Robinson,Detroit Pistons @ Miami Heat,2025-11-30T01:10:00Z,player_threes,2.5,betrivers,2025-11-29T14:54:40Z,2025-11-29T14:56:02Z,-150.0,112.0
Bam Adebayo,Detroit Pistons @ Miami Heat,2025-11-30T01:10:00Z,player_threes,1.5,betrivers,2025-11-29T14:54:40Z,2025-11-29T14:56:02Z,106.0,-141.0
Andrew Wiggins,Detroit Pistons @ Miami Heat,2025-11-30T01:10:00Z,player_threes,1.5,betrivers,2025-11-29T14:54:40Z,2025-11-29T14:56:02Z,-103.0,-130.0
Norman Powell,Detroit Pistons @ Miami Heat,2025-11-30T01:10:00Z,player_threes,2.5,betrivers,2025-11-29T14:54:40Z,2025-11-29T14:56:02Z,-110.0,-121.0
Tyler Herro,Detroit Pistons @ Miami Heat,2025-11-30T01:10:00Z,player_threes,1.5,betrivers,2025-11-29T14:54:40Z,2025-11-29T14:56:02Z,-162.0,123.0
Draymond Green,New Orleans Pelicans @ Golden State Warriors,2025-11-30T01:40:00Z,player_assists,5.5,fanduel,2025-11-29T14:55:23Z,2025-11-29T14:56:28Z,-144.0,108.0
Jimmy Butler,New Orleans Pelicans @ Golden State Warriors,2025-11-30T01:40:00Z,player_assists,5.5,fanduel,2025-11-29T14:55:23Z,2025-11-29T14:56:28Z,-138.0,104.0
Jose Alvarado,New Orleans Pelicans @ Golden State Warriors,2025-11-30T01:40:00Z,player_assists,3.5,fanduel,2025-11-29T14:55:23Z,2025-11-29T14:56:28Z,102.0,-136.0
Zion Williamson,New Orleans Pelicans @ Golden State Warriors,2025-11-30T01:40:00Z,player_assists,4.5,fanduel,2025-11-29T14:55:23Z,2025-11-29T14:56:28Z,134.0,-180.0
Derik Queen,New Orleans Pelicans @ Golden State Warriors,2025-11-30T01:40:00Z,player_assists,4.5,fanduel,2025-11-29T14:55:23Z,2025-11-29T14:56:28Z,100.0,-132.0
Saddiq Bey,New Orleans Pelicans @ Golden State Warriors,2025-11-30T01:40:00Z,player_assists,2.5,fanduel,2025-11-29T14:55:23Z,2025-11-29T14:56:28Z,140.0,-188.0
Brandin Podziemski,New Orleans Pelicans @ Golden State Warriors,2025-11-30T01:40:00Z,player_assists,3.5,fanduel,2025-11-29T14:55:23Z,2025-11-29T14:56:28Z,-152.0,114.0
Jeremiah Fears,New Orleans Pelicans @ Golden State Warriors,2025-11-30T01:40:00Z,player_assists,2.5,fanduel,2025-11-29T14:55:23Z,2025-11-29T14:56:28Z,-138.0,104.0
Trey Murphy III,New Orleans Pelicans @ Golden State Warriors,2025-11-30T01:40:00Z,player_assists,3.5,fanduel,2025-11-29T14:55:23Z,2025-11-29T14:56:28Z,130.0,-174.0
Derik Queen,New Orleans Pelicans @ Golden State Warriors,2025-11-30T01:40:00Z,player_double_double,,fanduel,2025-11-29T14:55:23Z,2025-11-29T14:56:28Z,,
Jimmy Butler,New Orleans Pelicans @ Golden State Warriors,2025-11-30T01:40:00Z,player_double_double,,fanduel,2025-11-29T14:55:23Z,2025-11-29T14:56:28Z,,
Draymond Green,New Orleans Pelicans @ Golden State Warriors,2025-11-30T01:40:00Z,player_double_double,,fanduel,2025-11-29T14:55:23Z,2025-11-29T14:56:28Z,,
Saddiq Bey,New Orleans Pelicans @ Golden State Warriors,2025-11-30T01:40:00Z,player_double_double,,fanduel,2025-11-29T14:55:23Z,2025-11-29T14:56:28Z,,
Zion Williamson,New Orleans Pelicans @ Golden State Warriors,2025-11-30T01:40:00Z,player_double_double,,fanduel,2025-11-29T14:55:23Z,2025-11-29T14:56:28Z,,
Trey Murphy III,New Orleans Pelicans @ Golden State Warriors,2025-11-30T01:40:00Z,player_double_double,,fanduel,2025-11-29T14:55:23Z,2025-11-29T14:56:28Z,,
Yves Missi,New Orleans Pelicans @ Golden State Warriors,2025-11-30T01:40:00Z,player_double_double,,fanduel,2025-11-29T14:55:23Z,2025-11-29T14:56:28Z,,
Brandin Podziemski,New Orleans Pelicans @ Golden State Warriors,2025-11-30T01:40:00Z,player_double_double,,fanduel,2025-11-29T14:55:23Z,2025-11-29T14:56:28Z,,
Quinten Post,New Orleans Pelicans @ Golden State Warriors,2025-11-30T01:40:00Z,player_double_double,,fanduel,2025-11-29T14:55:23Z,2025-11-29T14:56:28Z,,
Moses Moody,New Orleans Pelicans @ Golden State Warriors,2025-11-30T01:40:00Z,player_double_double,,fanduel,2025-11-29T14:55:23Z,2025-11-29T14:56:28Z,,
Saddiq Bey,New Orleans Pelicans @ Golden State Warriors,2025-11-30T01:40:00Z,player_points,13.5,fanduel,2025-11-29T14:55:23Z,2025-11-29T14:56:28Z,-130.0,-102.0
Jimmy Butler,New Orleans Pelicans @ Golden State Warriors,2025-11-30T01:40:00Z,player_points,20.5,fanduel,2025-11-29T14:55:23Z,2025-11-29T14:56:28Z,-122.0,-108.0
Buddy Hield,New Orleans Pelicans @ Golden State Warriors,2025-11-30T01:40:00Z,player_points,9.5,fanduel,2025-11-29T14:55:23Z,2025-11-29T14:56:28Z,-122.0,-108.0
Derik Queen,New Orleans Pelicans @ Golden State Warriors,2025-11-30T01:40:00Z,player_points,12.5,fanduel,2025-11-29T14:55:23Z,2025-11-29T14:56:28Z,104.0,-138.0
Jeremiah Fears,New Orleans Pelicans @ Golden State Warriors,2025-11-30T01:40:00Z,player_points,13.5,fanduel,2025-11-29T14:55:23Z,2025-11-29T14:56:28Z,-114.0,-114.0
Draymond Green,New Orleans Pelicans @ Golden State Warriors,2025-11-30T01:40:00Z,player_points,9.5,fanduel,2025-11-29T14:55:23Z,2025-11-29T14:56:28Z,-114.0,-118.0
Trey Murphy III,New Orleans Pelicans @ Golden State Warriors,2025-11-30T01:40:00Z,player_points,18.5,fanduel,2025-11-29T14:55:23Z,2025-11-29T14:56:28Z,-106.0,-125.0
Jose Alvarado,New Orleans Pelicans @ Golden State Warriors,2025-11-30T01:40:00Z,player_points,10.5,fanduel,2025-11-29T14:55:23Z,2025-11-29T14:56:28Z,-102.0,-130.0
Will Richard,New Orleans Pelicans @ Golden State Warriors,2025-11-30T01:40:00Z,player_points,9.5,fanduel,2025-11-29T14:55:23Z,2025-11-29T14:56:28Z,-118.0,-112.0
Quinten Post,New Orleans Pelicans @ Golden State Warriors,2025-11-30T01:40:00Z,player_points,8.5,fanduel,2025-11-29T14:55:23Z,2025-11-29T14:56:28Z,100.0,-132.0
Moses Moody,New Orleans Pelicans @ Golden State Warriors,2025-11-30T01:40:00Z,player_points,14.5,fanduel,2025-11-29T14:55:23Z,2025-11-29T14:56:28Z,-114.0,-114.0
Zion Williamson,New Orleans Pelicans @ Golden State Warriors,2025-11-30T01:40:00Z,player_points,21.5,fanduel,2025-11-29T14:55:23Z,2025-11-29T14:56:28Z,-102.0,-130.0
Brandin Podziemski,New Orleans Pelicans @ Golden State Warriors,2025-11-30T01:40:00Z,player_points,14.5,fanduel,2025-11-29T14:55:23Z,2025-11-29T14:56:28Z,-110.0,-120.0
Yves Missi,New Orleans Pelicans @ Golden State Warriors,2025-11-30T01:40:00Z,player_points,6.5,fanduel,2025-11-29T14:55:23Z,2025-11-29T14:56:28Z,-118.0,-112.0
Jose Alvarado,New Orleans Pelicans @ Golden State Warriors,2025-11-30T01:40:00Z,player_points_rebounds_assists,17.5,fanduel,2025-11-29T14:55:23Z,2025-11-29T14:56:28Z,-102.0,-130.0
Jimmy Butler,New Orleans Pelicans @ Golden State Warriors,2025-11-30T01:40:00Z,player_points_rebounds_assists,32.5,fanduel,2025-11-29T14:55:23Z,2025-11-29T14:56:28Z,-125.0,-106.0
Draymond Green,New Orleans Pelicans @ Golden State Warriors,2025-11-30T01:40:00Z,player_points_rebounds_assists,22.5,fanduel,2025-11-29T14:55:23Z,2025-11-29T14:56:28Z,-114.0,-114.0
Derik Queen,New Orleans Pelicans @ Golden State Warriors,2025-11-30T01:40:00Z,player_points_rebounds_assists,23.5,fanduel,2025-11-29T14:55:23Z,2025-11-29T14:56:28Z,-120.0,-110.0
Trey Murphy III,New Orleans Pelicans @ Golden State Warriors,2025-11-30T01:40:00Z,player_points_rebounds_assists,27.5,fanduel,2025-11-29T14:55:23Z,2025-11-29T14:56:28Z,-104.0,-128.0
Saddiq Bey,New Orleans Pelicans @ Golden State Warriors,2025-11-30T01:40:00Z,player_points_rebounds_assists,22.5,fanduel,2025-11-29T14:55:23Z,2025-11-29T14:56:28Z,-125.0,-106.0
Zion Williamson,New Orleans Pelicans @ Golden State Warriors,2025-11-30T01:40:00Z,player_points_rebounds_assists,31.5,fanduel,2025-11-29T14:55:23Z,2025-11-29T14:56:28Z,-112.0,-118.0
Brandin Podziemski,New Orleans Pelicans @ Golden State Warriors,2025-11-30T01:40:00Z,player_points_rebounds_assists,23.5,fanduel,2025-11-29T14:55:23Z,2025-11-29T14:56:28Z,-118.0,-112.0
Jeremiah Fears,New Orleans Pelicans @ Golden State Warriors,2025-11-30T01:40:00Z,player_points_rebounds_assists,19.5,fanduel,2025-11-29T14:55:23Z,2025-11-29T14:56:28Z,-122.0,-108.0
Zion Williamson,New Orleans Pelicans @ Golden State Warriors,2025-11-30T01:40:00Z,player_rebounds,5.5,fanduel,2025-11-29T14:55:23Z,2025-11-29T14:56:28Z,-148.0,112.0
Quinten Post,New Orleans Pelicans @ Golden State Warriors,2025-11-30T01:40:00Z,player_rebounds,3.5,fanduel,2025-11-29T14:55:23Z,2025-11-29T14:56:28Z,-172.0,128.0
Trey Murphy III,New Orleans Pelicans @ Golden State Warriors,2025-11-30T01:40:00Z,player_rebounds,5.5,fanduel,2025-11-29T14:55:23Z,2025-11-29T14:56:28Z,-106.0,-125.0
Moses Moody,New Orleans Pelicans @ Golden State Warriors,2025-11-30T01:40:00Z,player_rebounds,3.5,fanduel,2025-11-29T14:55:23Z,2025-11-29T14:56:28Z,-158.0,118.0
Jose Alvarado,New Orleans Pelicans @ Golden State Warriors,2025-11-30T01:40:00Z,player_rebounds,3.5,fanduel,2025-11-29T14:55:23Z,2025-11-29T14:56:28Z,128.0,-172.0
Jeremiah Fears,New Orleans Pelicans @ Golden State Warriors,2025-11-30T01:40:00Z,player_rebounds,3.5,fanduel,2025-11-29T14:55:23Z,2025-11-29T14:56:28Z,122.0,-162.0
Derik Queen,New Orleans Pelicans @ Golden State Warriors,2025-11-30T01:40:00Z,player_rebounds,6.5,fanduel,2025-11-29T14:55:23Z,2025-11-29T14:56:28Z,-152.0,114.0
Yves Missi,New Orleans Pelicans @ Golden State Warriors,2025-11-30T01:40:00Z,player_rebounds,5.5,fanduel,2025-11-29T14:55:23Z,2025-11-29T14:56:28Z,-118.0,-112.0
Brandin Podziemski,New Orleans Pelicans @ Golden State Warriors,2025-11-30T01:40:00Z,player_rebounds,5.5,fanduel,2025-11-29T14:55:23Z,2025-11-29T14:56:28Z,128.0,-172.0
Jimmy Butler,New Orleans Pelicans @ Golden State Warriors,2025-11-30T01:40:00Z,player_rebounds,5.5,fanduel,2025-11-29T14:55:23Z,2025-11-29T14:56:28Z,-144.0,108.0
Draymond Green,New Orleans Pelicans @ Golden State Warriors,2025-11-30T01:40:00Z,player_rebounds,6.5,fanduel,2025-11-29T14:55:23Z,2025-11-29T14:56:28Z,-136.0,102.0
Saddiq Bey,New Orleans Pelicans @ Golden State Warriors,2025-11-30T01:40:00Z,player_rebounds,6.5,fanduel,2025-11-29T14:55:23Z,2025-11-29T14:56:28Z,100.0,-132.0
Will Richard,New Orleans Pelicans @ Golden State Warriors,2025-11-30T01:40:00Z,player_rebounds,3.5,fanduel,2025-11-29T14:55:23Z,2025-11-29T14:56:28Z,142.0,-192.0
Brandin Podziemski,New Orleans Pelicans @ Golden State Warriors,2025-11-30T01:40:00Z,player_threes,2.5,fanduel,2025-11-29T14:55:23Z,2025-11-29T14:56:28Z,130.0,-174.0
Trey Murphy III,New Orleans Pelicans @ Golden State Warriors,2025-11-30T01:40:00Z,player_threes,2.5,fanduel,2025-11-29T14:55:23Z,2025-11-29T14:56:28Z,-138.0,104.0
Jimmy Butler,New Orleans Pelicans @ Golden State Warriors,2025-11-30T01:40:00Z,player_threes,0.5,fanduel,2025-11-29T14:55:23Z,2025-11-29T14:56:28Z,-144.0,108.0
Quinten Post,New Orleans Pelicans @ Golden State Warriors,2025-11-30T01:40:00Z,player_threes,1.5,fanduel,2025-11-29T14:55:23Z,2025-11-29T14:56:28Z,-108.0,-122.0
Saddiq Bey,New Orleans Pelicans @ Golden State Warriors,2025-11-30T01:40:00Z,player_threes,1.5,fanduel,2025-11-29T14:55:23Z,2025-11-29T14:56:28Z,-174.0,130.0
Jeremiah Fears,New Orleans Pelicans @ Golden State Warriors,2025-11-30T01:40:00Z,player_threes,1.5,fanduel,2025-11-29T14:55:23Z,2025-11-29T14:56:28Z,168.0,-230.0
Moses Moody,New Orleans Pelicans @ Golden State Warriors,2025-11-30T01:40:00Z,player_threes,2.5,fanduel,2025-11-29T14:55:23Z,2025-11-29T14:56:28Z,-158.0,118.0
Will Richard,New Orleans Pelicans @ Golden State Warriors,2025-11-30T01:40:00Z,player_threes,1.5,fanduel,2025-11-29T14:55:23Z,2025-11-29T14:56:28Z,-114.0,-114.0
Buddy Hield,New Orleans Pelicans @ Golden State Warriors,2025-11-30T01:40:00Z,player_threes,1.5,fanduel,2025-11-29T14:55:23Z,2025-11-29T14:56:28Z,-200.0,148.0
Draymond Green,New Orleans Pelicans @ Golden State Warriors,2025-11-30T01:40:00Z,player_threes,1.5,fanduel,2025-11-29T14:55:23Z,2025-11-29T14:56:28Z,108.0,-144.0
Jose Alvarado,New Orleans Pelicans @ Golden State Warriors,2025-11-30T01:40:00Z,player_threes,1.5,fanduel,2025-11-29T14:55:23Z,2025-11-29T14:56:28Z,-198.0,146.0
Draymond Green,New Orleans Pelicans @ Golden State Warriors,2025-11-30T01:40:00Z,player_triple_double,,fanduel,2025-11-29T14:55:23Z,2025-11-29T14:56:28Z,,
Jimmy Butler,New Orleans Pelicans @ Golden State Warriors,2025-11-30T01:40:00Z,player_triple_double,,fanduel,2025-11-29T14:55:23Z,2025-11-29T14:56:28Z,,
Derik Queen,New Orleans Pelicans @ Golden State Warriors,2025-11-30T01:40:00Z,player_triple_double,,fanduel,2025-11-29T14:55:23Z,2025-11-29T14:56:28Z,,
Zion Williamson,New Orleans Pelicans @ Golden State Warriors,2025-11-30T01:40:00Z,player_assists,3.5,fanatics,2025-11-29T14:54:37Z,2025-11-29T14:55:34Z,-130.0,100.0
Derik Queen,New Orleans Pelicans @ Golden State Warriors,2025-11-30T01:40:00Z,player_assists,4.5,fanatics,2025-11-29T14:54:37Z,2025-11-29T14:55:34Z,105.0,-140.0
Trey Murphy III,New Orleans Pelicans @ Golden State Warriors,2025-11-30T01:40:00Z,player_assists,2.5,fanatics,2025-11-29T14:54:37Z,2025-11-29T14:55:34Z,-175.0,125.0
Saddiq Bey,New Orleans Pelicans @ Golden State Warriors,2025-11-30T01:40:00Z,player_assists,2.5,fanatics,2025-11-29T14:54:37Z,2025-11-29T14:55:34Z,135.0,-210.0
Jeremiah Fears,New Orleans Pelicans @ Golden State Warriors,2025-11-30T01:40:00Z,player_assists,2.5,fanatics,2025-11-29T14:54:37Z,2025-11-29T14:55:34Z,-120.0,-110.0
Draymond Green,New Orleans Pelicans @ Golden State Warriors,2025-11-30T01:40:00Z,player_assists,5.5,fanatics,2025-11-29T14:54:37Z,2025-11-29T14:55:34Z,-150.0,115.0
Jimmy Butler,New Orleans Pelicans @ Golden State Warriors,2025-11-30T01:40:00Z,player_assists,5.5,fanatics,2025-11-29T14:54:37Z,2025-11-29T14:55:34Z,-140.0,105.0
Brandin Podziemski,New Orleans Pelicans @ Golden State Warriors,2025-11-30T01:40:00Z,player_assists,3.5,fanatics,2025-11-29T14:54:37Z,2025-11-29T14:55:34Z,-140.0,105.0
Moses Moody,New Orleans Pelicans @ Golden State Warriors,2025-11-30T01:40:00Z,player_assists,1.5,fanatics,2025-11-29T14:54:37Z,2025-11-29T14:55:34Z,-190.0,130.0
Jose Alvarado,New Orleans Pelicans @ Golden State Warriors,2025-11-30T01:40:00Z,player_assists,3.5,fanatics,2025-11-29T14:54:37Z,2025-11-29T14:55:34Z,100.0,-130.0
Jonathan Kuminga,New Orleans Pelicans @ Golden State Warriors,2025-11-30T01:40:00Z,player_assists,2.5,fanatics,2025-11-29T14:54:37Z,2025-11-29T14:55:34Z,120.0,-165.0
Will Richard,New Orleans Pelicans @ Golden State Warriors,2025-11-30T01:40:00Z,player_assists,1.5,fanatics,2025-11-29T14:54:37Z,2025-11-29T14:55:34Z,130.0,-190.0
Quinten Post,New Orleans Pelicans @ Golden State Warriors,2025-11-30T01:40:00Z,player_assists,1.5,fanatics,2025-11-29T14:54:37Z,2025-11-29T14:55:34Z,105.0,-140.0
Yves Missi,New Orleans Pelicans @ Golden State Warriors,2025-11-30T01:40:00Z,player_assists,1.5,fanatics,2025-11-29T14:54:37Z,2025-11-29T14:55:34Z,135.0,-210.0
Buddy Hield,New Orleans Pelicans @ Golden State Warriors,2025-11-30T01:40:00Z,player_assists,1.5,fanatics,2025-11-29T14:54:37Z,2025-11-29T14:55:34Z,-125.0,-105.0
Zion Williamson,New Orleans Pelicans @ Golden State Warriors,2025-11-30T01:40:00Z,player_double_double,,fanatics,2025-11-29T14:54:37Z,2025-11-29T14:55:34Z,,
Trey Murphy III,New Orleans Pelicans @ Golden State Warriors,2025-11-30T01:40:00Z,player_double_double,,fanatics,2025-11-29T14:54:37Z,2025-11-29T14:55:34Z,,
Saddiq Bey,New Orleans Pelicans @ Golden State Warriors,2025-11-30T01:40:00Z,player_double_double,,fanatics,2025-11-29T14:54:37Z,2025-11-29T14:55:34Z,,
Derik Queen,New Orleans Pelicans @ Golden State Warriors,2025-11-30T01:40:00Z,player_double_double,,fanatics,2025-11-29T14:54:37Z,2025-11-29T14:55:34Z,,
Jimmy Butler,New Orleans Pelicans @ Golden State Warriors,2025-11-30T01:40:00Z,player_double_double,,fanatics,2025-11-29T14:54:37Z,2025-11-29T14:55:34Z,,
Moses Moody,New Orleans Pelicans @ Golden State Warriors,2025-11-30T01:40:00Z,player_double_double,,fanatics,2025-11-29T14:54:37Z,2025-11-29T14:55:34Z,,
Brandin Podziemski,New Orleans Pelicans @ Golden State Warriors,2025-11-30T01:40:00Z,player_double_double,,fanatics,2025-11-29T14:54:37Z,2025-11-29T14:55:34Z,,
Draymond Green,New Orleans Pelicans @ Golden State Warriors,2025-11-30T01:40:00Z,player_double_double,,fanatics,2025-11-29T14:54:37Z,2025-11-29T14:55:34Z,,
Quinten Post,New Orleans Pelicans @ Golden State Warriors,2025-11-30T01:40:00Z,player_double_double,,fanatics,2025-11-29T14:54:37Z,2025-11-29T14:55:34Z,,
Yves Missi,New Orleans Pelicans @ Golden State Warriors,2025-11-30T01:40:00Z,player_double_double,,fanatics,2025-11-29T14:54:37Z,2025-11-29T14:55:34Z,,
Jonathan Kuminga,New Orleans Pelicans @ Golden State Warriors,2025-11-30T01:40:00Z,player_double_double,,fanatics,2025-11-29T14:54:37Z,2025-11-29T14:55:34Z,,
Zion Williamson,New Orleans Pelicans @ Golden State Warriors,2025-11-30T01:40:00Z,player_points,20.5,fanatics,2025-11-29T14:54:37Z,2025-11-29T14:55:34Z,-130.0,100.0
Saddiq Bey,New Orleans Pelicans @ Golden State Warriors,2025-11-30T01:40:00Z,player_points,13.5,fanatics,2025-11-29T14:54:37Z,2025-11-29T14:55:34Z,-120.0,-110.0
Jeremiah Fears,New Orleans Pelicans @ Golden State Warriors,2025-11-30T01:40:00Z,player_points,13.5,fanatics,2025-11-29T14:54:37Z,2025-11-29T14:55:34Z,-115.0,-115.0
Trey Murphy III,New Orleans Pelicans @ Golden State Warriors,2025-11-30T01:40:00Z,player_points,18.5,fanatics,2025-11-29T14:54:37Z,2025-11-29T14:55:34Z,-120.0,-110.0
Derik Queen,New Orleans Pelicans @ Golden State Warriors,2025-11-30T01:40:00Z,player_points,12.5,fanatics,2025-11-29T14:54:37Z,2025-11-29T14:55:34Z,-110.0,-120.0
Will Richard,New Orleans Pelicans @ Golden State Warriors,2025-11-30T01:40:00Z,player_points,9.5,fanatics,2025-11-29T14:54:37Z,2025-11-29T14:55:34Z,-105.0,-125.0
Brandin Podziemski,New Orleans Pelicans @ Golden State Warriors,2025-11-30T01:40:00Z,player_points,14.5,fanatics,2025-11-29T14:54:37Z,2025-11-29T14:55:34Z,-115.0,-115.0
Jimmy Butler,New Orleans Pelicans @ Golden State Warriors,2025-11-30T01:40:00Z,player_points,20.5,fanatics,2025-11-29T14:54:37Z,2025-11-29T14:55:34Z,-120.0,-110.0
Moses Moody,New Orleans Pelicans @ Golden State Warriors,2025-11-30T01:40:00Z,player_points,14.5,fanatics,2025-11-29T14:54:37Z,2025-11-29T14:55:34Z,-115.0,-115.0
Draymond Green,New Orleans Pelicans @ Golden State Warriors,2025-11-30T01:40:00Z,player_points,9.5,fanatics,2025-11-29T14:54:37Z,2025-11-29T14:55:34Z,-115.0,-115.0
Jose Alvarado,New Orleans Pelicans @ Golden State Warriors,2025-11-30T01:40:00Z,player_points,9.5,fanatics,2025-11-29T14:54:37Z,2025-11-29T14:55:34Z,-125.0,-105.0
Quinten Post,New Orleans Pelicans @ Golden State Warriors,2025-11-30T01:40:00Z,player_points,8.5,fanatics,2025-11-29T14:54:37Z,2025-11-29T14:55:34Z,-105.0,-125.0
Yves Missi,New Orleans Pelicans @ Golden State Warriors,2025-11-30T01:40:00Z,player_points,6.5,fanatics,2025-11-29T14:54:37Z,2025-11-29T14:55:34Z,-120.0,-110.0
Buddy Hield,New Orleans Pelicans @ Golden State Warriors,2025-11-30T01:40:00Z,player_points,9.5,fanatics,2025-11-29T14:54:37Z,2025-11-29T14:55:34Z,-125.0,-105.0
Jonathan Kuminga,New Orleans Pelicans @ Golden State Warriors,2025-11-30T01:40:00Z,player_points,15.5,fanatics,2025-11-29T14:54:37Z,2025-11-29T14:55:34Z,-105.0,-125.0
Yves Missi,New Orleans Pelicans @ Golden State Warriors,2025-11-30T01:40:00Z,player_points_rebounds_assists,14.5,fanatics,2025-11-29T14:54:37Z,2025-11-29T14:55:34Z,100.0,-130.0
Moses Moody,New Orleans Pelicans @ Golden State Warriors,2025-11-30T01:40:00Z,player_points_rebounds_assists,21.5,fanatics,2025-11-29T14:54:37Z,2025-11-29T14:55:34Z,100.0,-130.0
Saddiq Bey,New Orleans Pelicans @ Golden State Warriors,2025-11-30T01:40:00Z,player_points_rebounds_assists,22.5,fanatics,2025-11-29T14:54:37Z,2025-11-29T14:55:34Z,-115.0,-115.0
Draymond Green,New Orleans Pelicans @ Golden State Warriors,2025-11-30T01:40:00Z,player_points_rebounds_assists,22.5,fanatics,2025-11-29T14:54:37Z,2025-11-29T14:55:34Z,-115.0,-115.0
Jimmy Butler,New Orleans Pelicans @ Golden State Warriors,2025-11-30T01:40:00Z,player_points_rebounds_assists,32.5,fanatics,2025-11-29T14:54:37Z,2025-11-29T14:55:34Z,-125.0,-105.0
Will Richard,New Orleans Pelicans @ Golden State Warriors,2025-11-30T01:40:00Z,player_points_rebounds_assists,14.5,fanatics,2025-11-29T14:54:37Z,2025-11-29T14:55:34Z,105.0,-140.0
Trey Murphy III,New Orleans Pelicans @ Golden State Warriors,2025-11-30T01:40:00Z,player_points_rebounds_assists,27.5,fanatics,2025-11-29T14:54:37Z,2025-11-29T14:55:34Z,-115.0,-115.0
Jonathan Kuminga,New Orleans Pelicans @ Golden State Warriors,2025-11-30T01:40:00Z,player_points_rebounds_assists,22.5,fanatics,2025-11-29T14:54:37Z,2025-11-29T14:55:34Z,-125.0,-105.0
Brandin Podziemski,New Orleans Pelicans @ Golden State Warriors,2025-11-30T01:40:00Z,player_points_rebounds_assists,23.5,fanatics,2025-11-29T14:54:37Z,2025-11-29T14:55:34Z,-125.0,-105.0
Jeremiah Fears,New Orleans Pelicans @ Golden State Warriors,2025-11-30T01:40:00Z,player_points_rebounds_assists,19.5,fanatics,2025-11-29T14:54:37Z,2025-11-29T14:55:34Z,-120.0,-110.0
Zion Williamson,New Orleans Pelicans @ Golden State Warriors,2025-11-30T01:40:00Z,player_points_rebounds_assists,30.5,fanatics,2025-11-29T14:54:37Z,2025-11-29T14:55:34Z,-125.0,-105.0
Quinten Post,New Orleans Pelicans @ Golden State Warriors,2025-11-30T01:40:00Z,player_points_rebounds_assists,14.5,fanatics,2025-11-29T14:54:37Z,2025-11-29T14:55:34Z,-105.0,-125.0
Derik Queen,New Orleans Pelicans @ Golden State Warriors,2025-11-30T01:40:00Z,player_points_rebounds_assists,24.5,fanatics,2025-11-29T14:54:37Z,2025-11-29T14:55:34Z,-105.0,-125.0
Jose Alvarado,New Orleans Pelicans @ Golden State Warriors,2025-11-30T01:40:00Z,player_points_rebounds_assists,16.5,fanatics,2025-11-29T14:54:37Z,2025-11-29T14:55:34Z,-115.0,-115.0
Buddy Hield,New Orleans Pelicans @ Golden State Warriors,2025-11-30T01:40:00Z,player_points_rebounds_assists,15.5,fanatics,2025-11-29T14:54:37Z,2025-11-29T14:55:34Z,105.0,-140.0
Saddiq Bey,New Orleans Pelicans @ Golden State Warriors,2025-11-30T01:40:00Z,player_rebounds,6.5,fanatics,2025-11-29T14:54:37Z,2025-11-29T14:55:34Z,105.0,-140.0
Trey Murphy III,New Orleans Pelicans @ Golden State Warriors,2025-11-30T01:40:00Z,player_rebounds,5.5,fanatics,2025-11-29T14:54:37Z,2025-11-29T14:55:34Z,100.0,-130.0
Derik Queen,New Orleans Pelicans @ Golden State Warriors,2025-11-30T01:40:00Z,player_rebounds,6.5,fanatics,2025-11-29T14:54:37Z,2025-11-29T14:55:34Z,-145.0,110.0
Jeremiah Fears,New Orleans Pelicans @ Golden State Warriors,2025-11-30T01:40:00Z,player_rebounds,3.5,fanatics,2025-11-29T14:54:37Z,2025-11-29T14:55:34Z,120.0,-165.0
Zion Williamson,New Orleans Pelicans @ Golden State Warriors,2025-11-30T01:40:00Z,player_rebounds,5.5,fanatics,2025-11-29T14:54:37Z,2025-11-29T14:55:34Z,-150.0,115.0
Will Richard,New Orleans Pelicans @ Golden State Warriors,2025-11-30T01:40:00Z,player_rebounds,2.5,fanatics,2025-11-29T14:54:37Z,2025-11-29T14:55:34Z,-165.0,120.0
Jimmy Butler,New Orleans Pelicans @ Golden State Warriors,2025-11-30T01:40:00Z,player_rebounds,5.5,fanatics,2025-11-29T14:54:37Z,2025-11-29T14:55:34Z,-165.0,120.0
Brandin Podziemski,New Orleans Pelicans @ Golden State Warriors,2025-11-30T01:40:00Z,player_rebounds,5.5,fanatics,2025-11-29T14:54:37Z,2025-11-29T14:55:34Z,110.0,-145.0
Moses Moody,New Orleans Pelicans @ Golden State Warriors,2025-11-30T01:40:00Z,player_rebounds,3.5,fanatics,2025-11-29T14:54:37Z,2025-11-29T14:55:34Z,-165.0,120.0
Draymond Green,New Orleans Pelicans @ Golden State Warriors,2025-11-30T01:40:00Z,player_rebounds,6.5,fanatics,2025-11-29T14:54:37Z,2025-11-29T14:55:34Z,-150.0,115.0
Jose Alvarado,New Orleans Pelicans @ Golden State Warriors,2025-11-30T01:40:00Z,player_rebounds,2.5,fanatics,2025-11-29T14:54:37Z,2025-11-29T14:55:34Z,-165.0,120.0
Quinten Post,New Orleans Pelicans @ Golden State Warriors,2025-11-30T01:40:00Z,player_rebounds,4.5,fanatics,2025-11-29T14:54:37Z,2025-11-29T14:55:34Z,105.0,-140.0
Yves Missi,New Orleans Pelicans @ Golden State Warriors,2025-11-30T01:40:00Z,player_rebounds,5.5,fanatics,2025-11-29T14:54:37Z,2025-11-29T14:55:34Z,-135.0,100.0
Jonathan Kuminga,New Orleans Pelicans @ Golden State Warriors,2025-11-30T01:40:00Z,player_rebounds,5.5,fanatics,2025-11-29T14:54:37Z,2025-11-29T14:55:34Z,115.0,-155.0
Buddy Hield,New Orleans Pelicans @ Golden State Warriors,2025-11-30T01:40:00Z,player_rebounds,2.5,fanatics,2025-11-29T14:54:37Z,2025-11-29T14:55:34Z,-175.0,125.0
Trey Murphy III,New Orleans Pelicans @ Golden State Warriors,2025-11-30T01:40:00Z,player_threes,2.5,fanatics,2025-11-29T14:54:37Z,2025-11-29T14:55:34Z,-130.0,100.0
Saddiq Bey,New Orleans Pelicans @ Golden State Warriors,2025-11-30T01:40:00Z,player_threes,1.5,fanatics,2025-11-29T14:54:37Z,2025-11-29T14:55:34Z,-175.0,125.0
Moses Moody,New Orleans Pelicans @ Golden State Warriors,2025-11-30T01:40:00Z,player_threes,2.5,fanatics,2025-11-29T14:54:37Z,2025-11-29T14:55:34Z,-165.0,120.0
Draymond Green,New Orleans Pelicans @ Golden State Warriors,2025-11-30T01:40:00Z,player_threes,1.5,fanatics,2025-11-29T14:54:37Z,2025-11-29T14:55:34Z,-105.0,-125.0
Will Richard,New Orleans Pelicans @ Golden State Warriors,2025-11-30T01:40:00Z,player_threes,1.5,fanatics,2025-11-29T14:54:37Z,2025-11-29T14:55:34Z,-115.0,-115.0
Brandin Podziemski,New Orleans Pelicans @ Golden State Warriors,2025-11-30T01:40:00Z,player_threes,2.5,fanatics,2025-11-29T14:54:37Z,2025-11-29T14:55:34Z,120.0,-165.0
Jimmy Butler,New Orleans Pelicans @ Golden State Warriors,2025-11-30T01:40:00Z,player_threes,0.5,fanatics,2025-11-29T14:54:37Z,2025-11-29T14:55:34Z,-150.0,115.0
Jose Alvarado,New Orleans Pelicans @ Golden State Warriors,2025-11-30T01:40:00Z,player_threes,1.5,fanatics,2025-11-29T14:54:37Z,2025-11-29T14:55:34Z,-190.0,130.0
Jeremiah Fears,New Orleans Pelicans @ Golden State Warriors,2025-11-30T01:40:00Z,player_threes,1.5,fanatics,2025-11-29T14:54:37Z,2025-11-29T14:55:34Z,155.0,-250.0
Quinten Post,New Orleans Pelicans @ Golden State Warriors,2025-11-30T01:40:00Z,player_threes,1.5,fanatics,2025-11-29T14:54:37Z,2025-11-29T14:55:34Z,-120.0,-110.0
Buddy Hield,New Orleans Pelicans @ Golden State Warriors,2025-11-30T01:40:00Z,player_threes,1.5,fanatics,2025-11-29T14:54:37Z,2025-11-29T14:55:34Z,-190.0,130.0
Jonathan Kuminga,New Orleans Pelicans @ Golden State Warriors,2025-11-30T01:40:00Z,player_threes,1.5,fanatics,2025-11-29T14:54:37Z,2025-11-29T14:55:34Z,155.0,-250.0
Derik Queen,New Orleans Pelicans @ Golden State Warriors,2025-11-30T01:40:00Z,player_threes,0.5,fanatics,2025-11-29T14:54:37Z,2025-11-29T14:55:34Z,190.0,-325.0
Draymond Green,New Orleans Pelicans @ Golden State Warriors,2025-11-30T01:40:00Z,player_triple_double,,fanatics,2025-11-29T14:54:37Z,2025-11-29T14:55:34Z,,
Draymond Green,New Orleans Pelicans @ Golden State Warriors,2025-11-30T01:40:00Z,player_assists,5.5,betonlineag,2025-11-29T14:54:41Z,2025-11-29T14:56:32Z,-143.0,110.0
Moses Moody,New Orleans Pelicans @ Golden State Warriors,2025-11-30T01:40:00Z,player_assists,2.5,betonlineag,2025-11-29T14:54:41Z,2025-11-29T14:56:32Z,149.0,-196.0
Trey Murphy III,New Orleans Pelicans @ Golden State Warriors,2025-11-30T01:40:00Z,player_assists,3.5,betonlineag,2025-11-29T14:54:41Z,2025-11-29T14:56:32Z,134.0,-175.0
Jose Alvarado,New Orleans Pelicans @ Golden State Warriors,2025-11-30T01:40:00Z,player_assists,3.5,betonlineag,2025-11-29T14:54:41Z,2025-11-29T14:56:32Z,104.0,-135.0
Brandin Podziemski,New Orleans Pelicans @ Golden State Warriors,2025-11-30T01:40:00Z,player_assists,3.5,betonlineag,2025-11-29T14:54:41Z,2025-11-29T14:56:32Z,-135.0,104.0
Jimmy Butler,New Orleans Pelicans @ Golden State Warriors,2025-11-30T01:40:00Z,player_assists,5.5,betonlineag,2025-11-29T14:54:41Z,2025-11-29T14:56:32Z,-139.0,107.0
Saddiq Bey,New Orleans Pelicans @ Golden State Warriors,2025-11-30T01:40:00Z,player_assists,2.5,betonlineag,2025-11-29T14:54:41Z,2025-11-29T14:56:32Z,144.0,-189.0
Derik Queen,New Orleans Pelicans @ Golden State Warriors,2025-11-30T01:40:00Z,player_assists,4.5,betonlineag,2025-11-29T14:54:41Z,2025-11-29T14:56:32Z,128.0,-167.0
Jeremiah Fears,New Orleans Pelicans @ Golden State Warriors,2025-11-30T01:40:00Z,player_assists,2.5,betonlineag,2025-11-29T14:54:41Z,2025-11-29T14:56:32Z,-130.0,101.0
Zion Williamson,New Orleans Pelicans @ Golden State Warriors,2025-11-30T01:40:00Z,player_assists,3.5,betonlineag,2025-11-29T14:54:41Z,2025-11-29T14:56:32Z,-128.0,-101.0
Jonathan Kuminga,New Orleans Pelicans @ Golden State Warriors,2025-11-30T01:40:00Z,player_assists,2.5,betonlineag,2025-11-29T14:54:41Z,2025-11-29T14:56:32Z,126.0,-164.0
Draymond Green,New Orleans Pelicans @ Golden State Warriors,2025-11-30T01:40:00Z,player_points,9.5,betonlineag,2025-11-29T14:54:41Z,2025-11-29T14:56:32Z,-115.0,-112.0
Zion Williamson,New Orleans Pelicans @ Golden State Warriors,2025-11-30T01:40:00Z,player_points,21.5,betonlineag,2025-11-29T14:54:41Z,2025-11-29T14:56:32Z,-105.0,-123.0
Trey Murphy III,New Orleans Pelicans @ Golden State Warriors,2025-11-30T01:40:00Z,player_points,18.5,betonlineag,2025-11-29T14:54:41Z,2025-11-29T14:56:32Z,-109.0,-119.0
Moses Moody,New Orleans Pelicans @ Golden State Warriors,2025-11-30T01:40:00Z,player_points,14.5,betonlineag,2025-11-29T14:54:41Z,2025-11-29T14:56:32Z,-115.0,-112.0
Quinten Post,New Orleans Pelicans @ Golden State Warriors,2025-11-30T01:40:00Z,player_points,8.5,betonlineag,2025-11-29T14:54:41Z,2025-11-29T14:56:32Z,-102.0,-127.0
Brandin Podziemski,New Orleans Pelicans @ Golden State Warriors,2025-11-30T01:40:00Z,player_points,14.5,betonlineag,2025-11-29T14:54:41Z,2025-11-29T14:56:32Z,-114.0,-114.0
Yves Missi,New Orleans Pelicans @ Golden State Warriors,2025-11-30T01:40:00Z,player_points,6.5,betonlineag,2025-11-29T14:54:41Z,2025-11-29T14:56:32Z,-112.0,-115.0
Buddy Hield,New Orleans Pelicans @ Golden State Warriors,2025-11-30T01:40:00Z,player_points,9.5,betonlineag,2025-11-29T14:54:41Z,2025-11-29T14:56:32Z,-120.0,-108.0
Saddiq Bey,New Orleans Pelicans @ Golden State Warriors,2025-11-30T01:40:00Z,player_points,13.5,betonlineag,2025-11-29T14:54:41Z,2025-11-29T14:56:32Z,-127.0,-102.0
Jeremiah Fears,New Orleans Pelicans @ Golden State Warriors,2025-11-30T01:40:00Z,player_points,13.5,betonlineag,2025-11-29T14:54:41Z,2025-11-29T14:56:32Z,-118.0,-110.0
Will Richard,New Orleans Pelicans @ Golden State Warriors,2025-11-30T01:40:00Z,player_points,9.5,betonlineag,2025-11-29T14:54:41Z,2025-11-29T14:56:32Z,-111.0,-116.0
Derik Queen,New Orleans Pelicans @ Golden State Warriors,2025-11-30T01:40:00Z,player_points,12.5,betonlineag,2025-11-29T14:54:41Z,2025-11-29T14:56:32Z,-103.0,-125.0
Jimmy Butler,New Orleans Pelicans @ Golden State Warriors,2025-11-30T01:40:00Z,player_points,21.5,betonlineag,2025-11-29T14:54:41Z,2025-11-29T14:56:32Z,-114.0,-114.0
Jonathan Kuminga,New Orleans Pelicans @ Golden State Warriors,2025-11-30T01:40:00Z,player_points,15.5,betonlineag,2025-11-29T14:54:41Z,2025-11-29T14:56:32Z,-105.0,-123.0
Jose Alvarado,New Orleans Pelicans @ Golden State Warriors,2025-11-30T01:40:00Z,player_points,9.5,betonlineag,2025-11-29T14:54:41Z,2025-11-29T14:56:32Z,-123.0,-105.0
Draymond Green,New Orleans Pelicans @ Golden State Warriors,2025-11-30T01:40:00Z,player_points_rebounds_assists,22.5,betonlineag,2025-11-29T14:54:41Z,2025-11-29T14:56:32Z,-118.0,-110.0
Moses Moody,New Orleans Pelicans @ Golden State Warriors,2025-11-30T01:40:00Z,player_points_rebounds_assists,21.5,betonlineag,2025-11-29T14:54:41Z,2025-11-29T14:56:32Z,-103.0,-125.0
Zion Williamson,New Orleans Pelicans @ Golden State Warriors,2025-11-30T01:40:00Z,player_points_rebounds_assists,31.5,betonlineag,2025-11-29T14:54:41Z,2025-11-29T14:56:32Z,-109.0,-119.0
Trey Murphy III,New Orleans Pelicans @ Golden State Warriors,2025-11-30T01:40:00Z,player_points_rebounds_assists,27.5,betonlineag,2025-11-29T14:54:41Z,2025-11-29T14:56:32Z,-110.0,-118.0
Brandin Podziemski,New Orleans Pelicans @ Golden State Warriors,2025-11-30T01:40:00Z,player_points_rebounds_assists,23.5,betonlineag,2025-11-29T14:54:41Z,2025-11-29T14:56:32Z,-115.0,-112.0
Saddiq Bey,New Orleans Pelicans @ Golden State Warriors,2025-11-30T01:40:00Z,player_points_rebounds_assists,22.5,betonlineag,2025-11-29T14:54:41Z,2025-11-29T14:56:32Z,-114.0,-114.0
Derik Queen,New Orleans Pelicans @ Golden State Warriors,2025-11-30T01:40:00Z,player_points_rebounds_assists,23.5,betonlineag,2025-11-29T14:54:41Z,2025-11-29T14:56:32Z,-120.0,-108.0
Jeremiah Fears,New Orleans Pelicans @ Golden State Warriors,2025-11-30T01:40:00Z,player_points_rebounds_assists,19.5,betonlineag,2025-11-29T14:54:41Z,2025-11-29T14:56:32Z,-122.0,-106.0
Will Richard,New Orleans Pelicans @ Golden State Warriors,2025-11-30T01:40:00Z,player_points_rebounds_assists,14.5,betonlineag,2025-11-29T14:54:41Z,2025-11-29T14:56:32Z,112.0,-145.0
Yves Missi,New Orleans Pelicans @ Golden State Warriors,2025-11-30T01:40:00Z,player_points_rebounds_assists,14.5,betonlineag,2025-11-29T14:54:41Z,2025-11-29T14:56:32Z,-101.0,-128.0
Jonathan Kuminga,New Orleans Pelicans @ Golden State Warriors,2025-11-30T01:40:00Z,player_points_rebounds_assists,22.5,betonlineag,2025-11-29T14:54:41Z,2025-11-29T14:56:32Z,-120.0,-108.0
Quinten Post,New Orleans Pelicans @ Golden State Warriors,2025-11-30T01:40:00Z,player_points_rebounds_assists,14.5,betonlineag,2025-11-29T14:54:41Z,2025-11-29T14:56:32Z,-112.0,-115.0
Jose Alvarado,New Orleans Pelicans @ Golden State Warriors,2025-11-30T01:40:00Z,player_points_rebounds_assists,16.5,betonlineag,2025-11-29T14:54:41Z,2025-11-29T14:56:32Z,-110.0,-118.0
Jimmy Butler,New Orleans Pelicans @ Golden State Warriors,2025-11-30T01:40:00Z,player_points_rebounds_assists,33.5,betonlineag,2025-11-29T14:54:41Z,2025-11-29T14:56:32Z,-110.0,-118.0
Moses Moody,New Orleans Pelicans @ Golden State Warriors,2025-11-30T01:40:00Z,player_rebounds,3.5,betonlineag,2025-11-29T14:54:41Z,2025-11-29T14:56:32Z,-152.0,117.0
Zion Williamson,New Orleans Pelicans @ Golden State Warriors,2025-11-30T01:40:00Z,player_rebounds,5.5,betonlineag,2025-11-29T14:54:41Z,2025-11-29T14:56:32Z,-145.0,112.0
Draymond Green,New Orleans Pelicans @ Golden State Warriors,2025-11-30T01:40:00Z,player_rebounds,6.5,betonlineag,2025-11-29T14:54:41Z,2025-11-29T14:56:32Z,-145.0,111.0
Trey Murphy III,New Orleans Pelicans @ Golden State Warriors,2025-11-30T01:40:00Z,player_rebounds,5.5,betonlineag,2025-11-29T14:54:41Z,2025-11-29T14:56:32Z,-101.0,-128.0
Brandin Podziemski,New Orleans Pelicans @ Golden State Warriors,2025-11-30T01:40:00Z,player_rebounds,5.5,betonlineag,2025-11-29T14:54:41Z,2025-11-29T14:56:32Z,117.0,-152.0
Quinten Post,New Orleans Pelicans @ Golden State Warriors,2025-11-30T01:40:00Z,player_rebounds,4.5,betonlineag,2025-11-29T14:54:41Z,2025-11-29T14:56:32Z,109.0,-141.0
Saddiq Bey,New Orleans Pelicans @ Golden State Warriors,2025-11-30T01:40:00Z,player_rebounds,6.5,betonlineag,2025-11-29T14:54:41Z,2025-11-29T14:56:32Z,103.0,-133.0
Derik Queen,New Orleans Pelicans @ Golden State Warriors,2025-11-30T01:40:00Z,player_rebounds,6.5,betonlineag,2025-11-29T14:54:41Z,2025-11-29T14:56:32Z,-147.0,113.0
Jeremiah Fears,New Orleans Pelicans @ Golden State Warriors,2025-11-30T01:40:00Z,player_rebounds,3.5,betonlineag,2025-11-29T14:54:41Z,2025-11-29T14:56:32Z,126.0,-164.0
Will Richard,New Orleans Pelicans @ Golden State Warriors,2025-11-30T01:40:00Z,player_rebounds,2.5,betonlineag,2025-11-29T14:54:41Z,2025-11-29T14:56:32Z,-159.0,122.0
Jonathan Kuminga,New Orleans Pelicans @ Golden State Warriors,2025-11-30T01:40:00Z,player_rebounds,5.5,betonlineag,2025-11-29T14:54:41Z,2025-11-29T14:56:32Z,112.0,-145.0
Jose Alvarado,New Orleans Pelicans @ Golden State Warriors,2025-11-30T01:40:00Z,player_rebounds,2.5,betonlineag,2025-11-29T14:54:41Z,2025-11-29T14:56:32Z,-169.0,129.0
Yves Missi,New Orleans Pelicans @ Golden State Warriors,2025-11-30T01:40:00Z,player_rebounds,6.5,betonlineag,2025-11-29T14:54:41Z,2025-11-29T14:56:32Z,100.0,-130.0
Jimmy Butler,New Orleans Pelicans @ Golden State Warriors,2025-11-30T01:40:00Z,player_rebounds,6.5,betonlineag,2025-11-29T14:54:41Z,2025-11-29T14:56:32Z,118.0,-154.0
Draymond Green,New Orleans Pelicans @ Golden State Warriors,2025-11-30T01:40:00Z,player_threes,1.5,betonlineag,2025-11-29T14:54:41Z,2025-11-29T14:56:32Z,100.0,-130.0
Moses Moody,New Orleans Pelicans @ Golden State Warriors,2025-11-30T01:40:00Z,player_threes,2.5,betonlineag,2025-11-29T14:54:41Z,2025-11-29T14:56:32Z,-161.0,123.0
Trey Murphy III,New Orleans Pelicans @ Golden State Warriors,2025-11-30T01:40:00Z,player_threes,2.5,betonlineag,2025-11-29T14:54:41Z,2025-11-29T14:56:32Z,-135.0,105.0
Quinten Post,New Orleans Pelicans @ Golden State Warriors,2025-11-30T01:40:00Z,player_threes,1.5,betonlineag,2025-11-29T14:54:41Z,2025-11-29T14:56:32Z,-115.0,-112.0
Brandin Podziemski,New Orleans Pelicans @ Golden State Warriors,2025-11-30T01:40:00Z,player_threes,2.5,betonlineag,2025-11-29T14:54:41Z,2025-11-29T14:56:32Z,132.0,-172.0
Jose Alvarado,New Orleans Pelicans @ Golden State Warriors,2025-11-30T01:40:00Z,player_threes,1.5,betonlineag,2025-11-29T14:54:41Z,2025-11-29T14:56:32Z,-175.0,135.0
Jimmy Butler,New Orleans Pelicans @ Golden State Warriors,2025-11-30T01:40:00Z,player_threes,0.5,betonlineag,2025-11-29T14:54:41Z,2025-11-29T14:56:32Z,-147.0,113.0
Saddiq Bey,New Orleans Pelicans @ Golden State Warriors,2025-11-30T01:40:00Z,player_threes,1.5,betonlineag,2025-11-29T14:54:41Z,2025-11-29T14:56:32Z,-169.0,129.0
Will Richard,New Orleans Pelicans @ Golden State Warriors,2025-11-30T01:40:00Z,player_threes,1.5,betonlineag,2025-11-29T14:54:41Z,2025-11-29T14:56:32Z,-116.0,-111.0
Jeremiah Fears,New Orleans Pelicans @ Golden State Warriors,2025-11-30T01:40:00Z,player_threes,1.5,betonlineag,2025-11-29T14:54:41Z,2025-11-29T14:56:32Z,171.0,-227.0
Derik Queen,New Orleans Pelicans @ Golden State Warriors,2025-11-30T01:40:00Z,player_threes,0.5,betonlineag,2025-11-29T14:54:41Z,2025-11-29T14:56:32Z,199.0,-270.0
Jonathan Kuminga,New Orleans Pelicans @ Golden State Warriors,2025-11-30T01:40:00Z,player_threes,1.5,betonlineag,2025-11-29T14:54:41Z,2025-11-29T14:56:32Z,171.0,-227.0
Buddy Hield,New Orleans Pelicans @ Golden State Warriors,2025-11-30T01:40:00Z,player_threes,2.5,betonlineag,2025-11-29T14:54:41Z,2025-11-29T14:56:32Z,144.0,-189.0
Draymond Green,New Orleans Pelicans @ Golden State Warriors,2025-11-30T01:40:00Z,player_assists,6.5,draftkings,2025-11-29T14:54:37Z,2025-11-29T14:56:09Z,114.0,-150.0
Jimmy Butler,New Orleans Pelicans @ Golden State Warriors,2025-11-30T01:40:00Z,player_assists,5.5,draftkings,2025-11-29T14:54:37Z,2025-11-29T14:56:09Z,-137.0,104.0
Derik Queen,New Orleans Pelicans @ Golden State Warriors,2025-11-30T01:40:00Z,player_assists,4.5,draftkings,2025-11-29T14:54:37Z,2025-11-29T14:56:09Z,104.0,-137.0
Brandin Podziemski,New Orleans Pelicans @ Golden State Warriors,2025-11-30T01:40:00Z,player_assists,3.5,draftkings,2025-11-29T14:54:37Z,2025-11-29T14:56:09Z,-132.0,100.0
Zion Williamson,New Orleans Pelicans @ Golden State Warriors,2025-11-30T01:40:00Z,player_assists,3.5,draftkings,2025-11-29T14:54:37Z,2025-11-29T14:56:09Z,-126.0,-105.0
Jose Alvarado,New Orleans Pelicans @ Golden State Warriors,2025-11-30T01:40:00Z,player_assists,3.5,draftkings,2025-11-29T14:54:37Z,2025-11-29T14:56:09Z,104.0,-138.0
Trey Murphy III,New Orleans Pelicans @ Golden State Warriors,2025-11-30T01:40:00Z,player_assists,3.5,draftkings,2025-11-29T14:54:37Z,2025-11-29T14:56:09Z,123.0,-163.0
Jeremiah Fears,New Orleans Pelicans @ Golden State Warriors,2025-11-30T01:40:00Z,player_assists,2.5,draftkings,2025-11-29T14:54:37Z,2025-11-29T14:56:09Z,-114.0,-116.0
Saddiq Bey,New Orleans Pelicans @ Golden State Warriors,2025-11-30T01:40:00Z,player_assists,2.5,draftkings,2025-11-29T14:54:37Z,2025-11-29T14:56:09Z,140.0,-186.0
Moses Moody,New Orleans Pelicans @ Golden State Warriors,2025-11-30T01:40:00Z,player_assists,1.5,draftkings,2025-11-29T14:54:37Z,2025-11-29T14:56:09Z,-160.0,121.0
Draymond Green,New Orleans Pelicans @ Golden State Warriors,2025-11-30T01:40:00Z,player_blocks,0.5,draftkings,2025-11-29T14:54:37Z,2025-11-29T14:56:09Z,-227.0,168.0
Derik Queen,New Orleans Pelicans @ Golden State Warriors,2025-11-30T01:40:00Z,player_blocks,0.5,draftkings,2025-11-29T14:54:37Z,2025-11-29T14:56:09Z,-197.0,147.0
Zion Williamson,New Orleans Pelicans @ Golden State Warriors,2025-11-30T01:40:00Z,player_blocks,0.5,draftkings,2025-11-29T14:54:37Z,2025-11-29T14:56:09Z,-110.0,-121.0
Jimmy Butler,New Orleans Pelicans @ Golden State Warriors,2025-11-30T01:40:00Z,player_blocks,0.5,draftkings,2025-11-29T14:54:37Z,2025-11-29T14:56:09Z,143.0,-192.0
Trey Murphy III,New Orleans Pelicans @ Golden State Warriors,2025-11-30T01:40:00Z,player_blocks,0.5,draftkings,2025-11-29T14:54:37Z,2025-11-29T14:56:09Z,198.0,-270.0
Jimmy Butler,New Orleans Pelicans @ Golden State Warriors,2025-11-30T01:40:00Z,player_double_double,,draftkings,2025-11-29T14:54:37Z,2025-11-29T14:56:09Z,,
Derik Queen,New Orleans Pelicans @ Golden State Warriors,2025-11-30T01:40:00Z,player_double_double,,draftkings,2025-11-29T14:54:37Z,2025-11-29T14:56:09Z,,
Draymond Green,New Orleans Pelicans @ Golden State Warriors,2025-11-30T01:40:00Z,player_double_double,,draftkings,2025-11-29T14:54:37Z,2025-11-29T14:56:09Z,,
Saddiq Bey,New Orleans Pelicans @ Golden State Warriors,2025-11-30T01:40:00Z,player_double_double,,draftkings,2025-11-29T14:54:37Z,2025-11-29T14:56:09Z,,
Zion Williamson,New Orleans Pelicans @ Golden State Warriors,2025-11-30T01:40:00Z,player_double_double,,draftkings,2025-11-29T14:54:37Z,2025-11-29T14:56:09Z,,
Yves Missi,New Orleans Pelicans @ Golden State Warriors,2025-11-30T01:40:00Z,player_double_double,,draftkings,2025-11-29T14:54:37Z,2025-11-29T14:56:09Z,,
Trey Murphy III,New Orleans Pelicans @ Golden State Warriors,2025-11-30T01:40:00Z,player_double_double,,draftkings,2025-11-29T14:54:37Z,2025-11-29T14:56:09Z,,
Brandin Podziemski,New Orleans Pelicans @ Golden State Warriors,2025-11-30T01:40:00Z,player_double_double,,draftkings,2025-11-29T14:54:37Z,2025-11-29T14:56:09Z,,
Quinten Post,New Orleans Pelicans @ Golden State Warriors,2025-11-30T01:40:00Z,player_double_double,,draftkings,2025-11-29T14:54:37Z,2025-11-29T14:56:09Z,,
Moses Moody,New Orleans Pelicans @ Golden State Warriors,2025-11-30T01:40:00Z,player_double_double,,draftkings,2025-11-29T14:54:37Z,2025-11-29T14:56:09Z,,
Jimmy Butler,New Orleans Pelicans @ Golden State Warriors,2025-11-30T01:40:00Z,player_points,21.5,draftkings,2025-11-29T14:54:37Z,2025-11-29T14:56:09Z,-105.0,-122.0
Zion Williamson,New Orleans Pelicans @ Golden State Warriors,2025-11-30T01:40:00Z,player_points,20.5,draftkings,2025-11-29T14:54:37Z,2025-11-29T14:56:09Z,-118.0,-108.0
Trey Murphy III,New Orleans Pelicans @ Golden State Warriors,2025-11-30T01:40:00Z,player_points,18.5,draftkings,2025-11-29T14:54:37Z,2025-11-29T14:56:09Z,-116.0,-110.0
Moses Moody,New Orleans Pelicans @ Golden State Warriors,2025-11-30T01:40:00Z,player_points,14.5,draftkings,2025-11-29T14:54:37Z,2025-11-29T14:56:09Z,-112.0,-114.0
Brandin Podziemski,New Orleans Pelicans @ Golden State Warriors,2025-11-30T01:40:00Z,player_points,14.5,draftkings,2025-11-29T14:54:37Z,2025-11-29T14:56:09Z,-104.0,-123.0
Saddiq Bey,New Orleans Pelicans @ Golden State Warriors,2025-11-30T01:40:00Z,player_points,13.5,draftkings,2025-11-29T14:54:37Z,2025-11-29T14:56:09Z,-126.0,-101.0
Jeremiah Fears,New Orleans Pelicans @ Golden State Warriors,2025-11-30T01:40:00Z,player_points,13.5,draftkings,2025-11-29T14:54:37Z,2025-11-29T14:56:09Z,-118.0,-108.0
Derik Queen,New Orleans Pelicans @ Golden State Warriors,2025-11-30T01:40:00Z,player_points,12.5,draftkings,2025-11-29T14:54:37Z,2025-11-29T14:56:09Z,-116.0,-110.0
Jose Alvarado,New Orleans Pelicans @ Golden State Warriors,2025-11-30T01:40:00Z,player_points,9.5,draftkings,2025-11-29T14:54:37Z,2025-11-29T14:56:09Z,-123.0,-104.0
Buddy Hield,New Orleans Pelicans @ Golden State Warriors,2025-11-30T01:40:00Z,player_points,9.5,draftkings,2025-11-29T14:54:37Z,2025-11-29T14:56:09Z,-122.0,-105.0
Draymond Green,New Orleans Pelicans @ Golden State Warriors,2025-11-30T01:40:00Z,player_points,9.5,draftkings,2025-11-29T14:54:37Z,2025-11-29T14:56:09Z,-108.0,-118.0
Will Richard,New Orleans Pelicans @ Golden State Warriors,2025-11-30T01:40:00Z,player_points,9.5,draftkings,2025-11-29T14:54:37Z,2025-11-29T14:56:09Z,-103.0,-124.0
Quinten Post,New Orleans Pelicans @ Golden State Warriors,2025-11-30T01:40:00Z,player_points,8.5,draftkings,2025-11-29T14:54:37Z,2025-11-29T14:56:09Z,-103.0,-124.0
Yves Missi,New Orleans Pelicans @ Golden State Warriors,2025-11-30T01:40:00Z,player_points,6.5,draftkings,2025-11-29T14:54:37Z,2025-11-29T14:56:09Z,-105.0,-122.0
Jimmy Butler,New Orleans Pelicans @ Golden State Warriors,2025-11-30T01:40:00Z,player_points_rebounds_assists,33.5,draftkings,2025-11-29T14:54:37Z,2025-11-29T14:56:09Z,-115.0,-115.0
Zion Williamson,New Orleans Pelicans @ Golden State Warriors,2025-11-30T01:40:00Z,player_points_rebounds_assists,30.5,draftkings,2025-11-29T14:54:37Z,2025-11-29T14:56:09Z,-121.0,-109.0
Trey Murphy III,New Orleans Pelicans @ Golden State Warriors,2025-11-30T01:40:00Z,player_points_rebounds_assists,27.5,draftkings,2025-11-29T14:54:37Z,2025-11-29T14:56:09Z,-110.0,-120.0
Derik Queen,New Orleans Pelicans @ Golden State Warriors,2025-11-30T01:40:00Z,player_points_rebounds_assists,24.5,draftkings,2025-11-29T14:54:37Z,2025-11-29T14:56:09Z,-109.0,-121.0
Brandin Podziemski,New Orleans Pelicans @ Golden State Warriors,2025-11-30T01:40:00Z,player_points_rebounds_assists,23.5,draftkings,2025-11-29T14:54:37Z,2025-11-29T14:56:09Z,-110.0,-119.0
Draymond Green,New Orleans Pelicans @ Golden State Warriors,2025-11-30T01:40:00Z,player_points_rebounds_assists,22.5,draftkings,2025-11-29T14:54:37Z,2025-11-29T14:56:09Z,-124.0,-106.0
Saddiq Bey,New Orleans Pelicans @ Golden State Warriors,2025-11-30T01:40:00Z,player_points_rebounds_assists,22.5,draftkings,2025-11-29T14:54:37Z,2025-11-29T14:56:09Z,-117.0,-112.0
Moses Moody,New Orleans Pelicans @ Golden State Warriors,2025-11-30T01:40:00Z,player_points_rebounds_assists,20.5,draftkings,2025-11-29T14:54:37Z,2025-11-29T14:56:09Z,-117.0,-113.0
Jeremiah Fears,New Orleans Pelicans @ Golden State Warriors,2025-11-30T01:40:00Z,player_points_rebounds_assists,19.5,draftkings,2025-11-29T14:54:37Z,2025-11-29T14:56:09Z,-121.0,-108.0
Jose Alvarado,New Orleans Pelicans @ Golden State Warriors,2025-11-30T01:40:00Z,player_points_rebounds_assists,16.5,draftkings,2025-11-29T14:54:37Z,2025-11-29T14:56:09Z,-111.0,-119.0
Derik Queen,New Orleans Pelicans @ Golden State Warriors,2025-11-30T01:40:00Z,player_rebounds,7.5,draftkings,2025-11-29T14:54:37Z,2025-11-29T14:56:09Z,113.0,-149.0
Draymond Green,New Orleans Pelicans @ Golden State Warriors,2025-11-30T01:40:00Z,player_rebounds,6.5,draftkings,2025-11-29T14:54:37Z,2025-11-29T14:56:09Z,-149.0,113.0
Saddiq Bey,New Orleans Pelicans @ Golden State Warriors,2025-11-30T01:40:00Z,player_rebounds,6.5,draftkings,2025-11-29T14:54:37Z,2025-11-29T14:56:09Z,105.0,-138.0
Yves Missi,New Orleans Pelicans @ Golden State Warriors,2025-11-30T01:40:00Z,player_rebounds,6.5,draftkings,2025-11-29T14:54:37Z,2025-11-29T14:56:09Z,110.0,-145.0
Jimmy Butler,New Orleans Pelicans @ Golden State Warriors,2025-11-30T01:40:00Z,player_rebounds,6.5,draftkings,2025-11-29T14:54:37Z,2025-11-29T14:56:09Z,111.0,-146.0
Zion Williamson,New Orleans Pelicans @ Golden State Warriors,2025-11-30T01:40:00Z,player_rebounds,5.5,draftkings,2025-11-29T14:54:37Z,2025-11-29T14:56:09Z,-151.0,115.0
Trey Murphy III,New Orleans Pelicans @ Golden State Warriors,2025-11-30T01:40:00Z,player_rebounds,5.5,draftkings,2025-11-29T14:54:37Z,2025-11-29T14:56:09Z,103.0,-136.0
Brandin Podziemski,New Orleans Pelicans @ Golden State Warriors,2025-11-30T01:40:00Z,player_rebounds,5.5,draftkings,2025-11-29T14:54:37Z,2025-11-29T14:56:09Z,113.0,-149.0
Quinten Post,New Orleans Pelicans @ Golden State Warriors,2025-11-30T01:40:00Z,player_rebounds,4.5,draftkings,2025-11-29T14:54:37Z,2025-11-29T14:56:09Z,-104.0,-126.0
Moses Moody,New Orleans Pelicans @ Golden State Warriors,2025-11-30T01:40:00Z,player_rebounds,3.5,draftkings,2025-11-29T14:54:37Z,2025-11-29T14:56:09Z,-156.0,118.0
Jeremiah Fears,New Orleans Pelicans @ Golden State Warriors,2025-11-30T01:40:00Z,player_rebounds,3.5,draftkings,2025-11-29T14:54:37Z,2025-11-29T14:56:09Z,121.0,-160.0
Jose Alvarado,New Orleans Pelicans @ Golden State Warriors,2025-11-30T01:40:00Z,player_rebounds,2.5,draftkings,2025-11-29T14:54:37Z,2025-11-29T14:56:09Z,-171.0,129.0
Will Richard,New Orleans Pelicans @ Golden State Warriors,2025-11-30T01:40:00Z,player_rebounds,2.5,draftkings,2025-11-29T14:54:37Z,2025-11-29T14:56:09Z,-164.0,124.0
Trey Murphy III,New Orleans Pelicans @ Golden State Warriors,2025-11-30T01:40:00Z,player_steals,1.5,draftkings,2025-11-29T14:54:37Z,2025-11-29T14:56:09Z,-113.0,-118.0
Jimmy Butler,New Orleans Pelicans @ Golden State Warriors,2025-11-30T01:40:00Z,player_steals,1.5,draftkings,2025-11-29T14:54:37Z,2025-11-29T14:56:09Z,115.0,-153.0
Zion Williamson,New Orleans Pelicans @ Golden State Warriors,2025-11-30T01:40:00Z,player_steals,1.5,draftkings,2025-11-29T14:54:37Z,2025-11-29T14:56:09Z,136.0,-182.0
Draymond Green,New Orleans Pelicans @ Golden State Warriors,2025-11-30T01:40:00Z,player_steals,0.5,draftkings,2025-11-29T14:54:37Z,2025-11-29T14:56:09Z,-227.0,168.0
Moses Moody,New Orleans Pelicans @ Golden State Warriors,2025-11-30T01:40:00Z,player_threes,2.5,draftkings,2025-11-29T14:54:37Z,2025-11-29T14:56:09Z,-172.0,130.0
Trey Murphy III,New Orleans Pelicans @ Golden State Warriors,2025-11-30T01:40:00Z,player_threes,2.5,draftkings,2025-11-29T14:54:37Z,2025-11-29T14:56:09Z,-122.0,-108.0
Brandin Podziemski,New Orleans Pelicans @ Golden State Warriors,2025-11-30T01:40:00Z,player_threes,2.5,draftkings,2025-11-29T14:54:37Z,2025-11-29T14:56:09Z,129.0,-170.0
Buddy Hield,New Orleans Pelicans @ Golden State Warriors,2025-11-30T01:40:00Z,player_threes,1.5,draftkings,2025-11-29T14:54:37Z,2025-11-29T14:56:09Z,-188.0,141.0
Jose Alvarado,New Orleans Pelicans @ Golden State Warriors,2025-11-30T01:40:00Z,player_threes,1.5,draftkings,2025-11-29T14:54:37Z,2025-11-29T14:56:09Z,-181.0,137.0
Saddiq Bey,New Orleans Pelicans @ Golden State Warriors,2025-11-30T01:40:00Z,player_threes,1.5,draftkings,2025-11-29T14:54:37Z,2025-11-29T14:56:09Z,-166.0,125.0
Will Richard,New Orleans Pelicans @ Golden State Warriors,2025-11-30T01:40:00Z,player_threes,1.5,draftkings,2025-11-29T14:54:37Z,2025-11-29T14:56:09Z,-120.0,-109.0
Quinten Post,New Orleans Pelicans @ Golden State Warriors,2025-11-30T01:40:00Z,player_threes,1.5,draftkings,2025-11-29T14:54:37Z,2025-11-29T14:56:09Z,-109.0,-121.0
Draymond Green,New Orleans Pelicans @ Golden State Warriors,2025-11-30T01:40:00Z,player_threes,1.5,draftkings,2025-11-29T14:54:37Z,2025-11-29T14:56:09Z,-102.0,-130.0
Jeremiah Fears,New Orleans Pelicans @ Golden State Warriors,2025-11-30T01:40:00Z,player_threes,1.5,draftkings,2025-11-29T14:54:37Z,2025-11-29T14:56:09Z,178.0,-238.0
Jimmy Butler,New Orleans Pelicans @ Golden State Warriors,2025-11-30T01:40:00Z,player_threes,0.5,draftkings,2025-11-29T14:54:37Z,2025-11-29T14:56:09Z,-145.0,110.0
Draymond Green,New Orleans Pelicans @ Golden State Warriors,2025-11-30T01:40:00Z,player_triple_double,,draftkings,2025-11-29T14:54:37Z,2025-11-29T14:56:09Z,,
Jimmy Butler,New Orleans Pelicans @ Golden State Warriors,2025-11-30T01:40:00Z,player_triple_double,,draftkings,2025-11-29T14:54:37Z,2025-11-29T14:56:09Z,,
Derik Queen,New Orleans Pelicans @ Golden State Warriors,2025-11-30T01:40:00Z,player_triple_double,,draftkings,2025-11-29T14:54:37Z,2025-11-29T14:56:09Z,,
Brandin Podziemski,New Orleans Pelicans @ Golden State Warriors,2025-11-30T01:40:00Z,player_assists,3.5,williamhill_us,2025-11-29T14:55:28Z,2025-11-29T14:55:48Z,-137.0,103.0
Jeremiah Fears,New Orleans Pelicans @ Golden State Warriors,2025-11-30T01:40:00Z,player_assists,2.5,williamhill_us,2025-11-29T14:55:28Z,2025-11-29T14:55:48Z,-129.0,-104.0
Trey Murphy III,New Orleans Pelicans @ Golden State Warriors,2025-11-30T01:40:00Z,player_assists,3.5,williamhill_us,2025-11-29T14:55:28Z,2025-11-29T14:55:48Z,129.0,-173.0
Derik Queen,New Orleans Pelicans @ Golden State Warriors,2025-11-30T01:40:00Z,player_assists,4.5,williamhill_us,2025-11-29T14:55:28Z,2025-11-29T14:55:48Z,106.0,-141.0
Moses Moody,New Orleans Pelicans @ Golden State Warriors,2025-11-30T01:40:00Z,player_assists,1.5,williamhill_us,2025-11-29T14:55:28Z,2025-11-29T14:55:48Z,-170.0,127.0
Saddiq Bey,New Orleans Pelicans @ Golden State Warriors,2025-11-30T01:40:00Z,player_assists,2.5,williamhill_us,2025-11-29T14:55:28Z,2025-11-29T14:55:48Z,136.0,-182.0
Jimmy Butler,New Orleans Pelicans @ Golden State Warriors,2025-11-30T01:40:00Z,player_assists,5.5,williamhill_us,2025-11-29T14:55:28Z,2025-11-29T14:55:48Z,-137.0,103.0
Jose Alvarado,New Orleans Pelicans @ Golden State Warriors,2025-11-30T01:40:00Z,player_assists,3.5,williamhill_us,2025-11-29T14:55:28Z,2025-11-29T14:55:48Z,104.0,-139.0
Draymond Green,New Orleans Pelicans @ Golden State Warriors,2025-11-30T01:40:00Z,player_assists,5.5,williamhill_us,2025-11-29T14:55:28Z,2025-11-29T14:55:48Z,-141.0,106.0
Zion Williamson,New Orleans Pelicans @ Golden State Warriors,2025-11-30T01:40:00Z,player_assists,3.5,williamhill_us,2025-11-29T14:55:28Z,2025-11-29T14:55:48Z,-141.0,106.0
Derik Queen,New Orleans Pelicans @ Golden State Warriors,2025-11-30T01:40:00Z,player_double_double,,williamhill_us,2025-11-29T14:55:28Z,2025-11-29T14:55:48Z,,
Jimmy Butler,New Orleans Pelicans @ Golden State Warriors,2025-11-30T01:40:00Z,player_double_double,,williamhill_us,2025-11-29T14:55:28Z,2025-11-29T14:55:48Z,,
Draymond Green,New Orleans Pelicans @ Golden State Warriors,2025-11-30T01:40:00Z,player_double_double,,williamhill_us,2025-11-29T14:55:28Z,2025-11-29T14:55:48Z,,
Saddiq Bey,New Orleans Pelicans @ Golden State Warriors,2025-11-30T01:40:00Z,player_double_double,,williamhill_us,2025-11-29T14:55:28Z,2025-11-29T14:55:48Z,,
Zion Williamson,New Orleans Pelicans @ Golden State Warriors,2025-11-30T01:40:00Z,player_double_double,,williamhill_us,2025-11-29T14:55:28Z,2025-11-29T14:55:48Z,,
Yves Missi,New Orleans Pelicans @ Golden State Warriors,2025-11-30T01:40:00Z,player_double_double,,williamhill_us,2025-11-29T14:55:28Z,2025-11-29T14:55:48Z,,
Trey Murphy III,New Orleans Pelicans @ Golden State Warriors,2025-11-30T01:40:00Z,player_double_double,,williamhill_us,2025-11-29T14:55:28Z,2025-11-29T14:55:48Z,,
Brandin Podziemski,New Orleans Pelicans @ Golden State Warriors,2025-11-30T01:40:00Z,player_double_double,,williamhill_us,2025-11-29T14:55:28Z,2025-11-29T14:55:48Z,,
Will Richard,New Orleans Pelicans @ Golden State Warriors,2025-11-30T01:40:00Z,player_points,9.5,williamhill_us,2025-11-29T14:55:28Z,2025-11-29T14:55:48Z,-112.0,-120.0
Jonathan Kuminga,New Orleans Pelicans @ Golden State Warriors,2025-11-30T01:40:00Z,player_points,15.5,williamhill_us,2025-11-29T14:55:28Z,2025-11-29T14:55:48Z,-107.0,-125.0
Jose Alvarado,New Orleans Pelicans @ Golden State Warriors,2025-11-30T01:40:00Z,player_points,9.5,williamhill_us,2025-11-29T14:55:28Z,2025-11-29T14:55:48Z,-130.0,-102.0
Jeremiah Fears,New Orleans Pelicans @ Golden State Warriors,2025-11-30T01:40:00Z,player_points,13.5,williamhill_us,2025-11-29T14:55:28Z,2025-11-29T14:55:48Z,-120.0,-112.0
Derik Queen,New Orleans Pelicans @ Golden State Warriors,2025-11-30T01:40:00Z,player_points,12.5,williamhill_us,2025-11-29T14:55:28Z,2025-11-29T14:55:48Z,-109.0,-122.0
Zion Williamson,New Orleans Pelicans @ Golden State Warriors,2025-11-30T01:40:00Z,player_points,21.5,williamhill_us,2025-11-29T14:55:28Z,2025-11-29T14:55:48Z,-109.0,-122.0
Quinten Post,New Orleans Pelicans @ Golden State Warriors,2025-11-30T01:40:00Z,player_points,8.5,williamhill_us,2025-11-29T14:55:28Z,2025-11-29T14:55:48Z,-108.0,-124.0
Moses Moody,New Orleans Pelicans @ Golden State Warriors,2025-11-30T01:40:00Z,player_points,14.5,williamhill_us,2025-11-29T14:55:28Z,2025-11-29T14:55:48Z,-121.0,-110.0
Brandin Podziemski,New Orleans Pelicans @ Golden State Warriors,2025-11-30T01:40:00Z,player_points,14.5,williamhill_us,2025-11-29T14:55:28Z,2025-11-29T14:55:48Z,-114.0,-117.0
Saddiq Bey,New Orleans Pelicans @ Golden State Warriors,2025-11-30T01:40:00Z,player_points,13.5,williamhill_us,2025-11-29T14:55:28Z,2025-11-29T14:55:48Z,-125.0,-107.0
Yves Missi,New Orleans Pelicans @ Golden State Warriors,2025-11-30T01:40:00Z,player_points,6.5,williamhill_us,2025-11-29T14:55:28Z,2025-11-29T14:55:48Z,-117.0,-114.0
Draymond Green,New Orleans Pelicans @ Golden State Warriors,2025-11-30T01:40:00Z,player_points,9.5,williamhill_us,2025-11-29T14:55:28Z,2025-11-29T14:55:48Z,-118.0,-113.0
Trey Murphy III,New Orleans Pelicans @ Golden State Warriors,2025-11-30T01:40:00Z,player_points,18.5,williamhill_us,2025-11-29T14:55:28Z,2025-11-29T14:55:48Z,-115.0,-115.0
Jimmy Butler,New Orleans Pelicans @ Golden State Warriors,2025-11-30T01:40:00Z,player_points,20.5,williamhill_us,2025-11-29T14:55:28Z,2025-11-29T14:55:48Z,-132.0,-102.0
Buddy Hield,New Orleans Pelicans @ Golden State Warriors,2025-11-30T01:40:00Z,player_points,9.5,williamhill_us,2025-11-29T14:55:28Z,2025-11-29T14:55:48Z,-121.0,-110.0
Jonathan Kuminga,New Orleans Pelicans @ Golden State Warriors,2025-11-30T01:40:00Z,player_rebounds,5.5,williamhill_us,2025-11-29T14:55:28Z,2025-11-29T14:55:48Z,115.0,-154.0
Saddiq Bey,New Orleans Pelicans @ Golden State Warriors,2025-11-30T01:40:00Z,player_rebounds,6.5,williamhill_us,2025-11-29T14:55:28Z,2025-11-29T14:55:48Z,102.0,-136.0
Moses Moody,New Orleans Pelicans @ Golden State Warriors,2025-11-30T01:40:00Z,player_rebounds,3.5,williamhill_us,2025-11-29T14:55:28Z,2025-11-29T14:55:48Z,-152.0,113.0
Yves Missi,New Orleans Pelicans @ Golden State Warriors,2025-11-30T01:40:00Z,player_rebounds,6.5,williamhill_us,2025-11-29T14:55:28Z,2025-11-29T14:55:48Z,121.0,-162.0
Jose Alvarado,New Orleans Pelicans @ Golden State Warriors,2025-11-30T01:40:00Z,player_rebounds,2.5,williamhill_us,2025-11-29T14:55:28Z,2025-11-29T14:55:48Z,-179.0,133.0
Jeremiah Fears,New Orleans Pelicans @ Golden State Warriors,2025-11-30T01:40:00Z,player_rebounds,3.5,williamhill_us,2025-11-29T14:55:28Z,2025-11-29T14:55:48Z,119.0,-159.0
Will Richard,New Orleans Pelicans @ Golden State Warriors,2025-11-30T01:40:00Z,player_rebounds,2.5,williamhill_us,2025-11-29T14:55:28Z,2025-11-29T14:55:48Z,-170.0,125.0
Brandin Podziemski,New Orleans Pelicans @ Golden State Warriors,2025-11-30T01:40:00Z,player_rebounds,5.5,williamhill_us,2025-11-29T14:55:28Z,2025-11-29T14:55:48Z,113.0,-150.0
Trey Murphy III,New Orleans Pelicans @ Golden State Warriors,2025-11-30T01:40:00Z,player_rebounds,5.5,williamhill_us,2025-11-29T14:55:28Z,2025-11-29T14:55:48Z,-106.0,-127.0
Quinten Post,New Orleans Pelicans @ Golden State Warriors,2025-11-30T01:40:00Z,player_rebounds,4.5,williamhill_us,2025-11-29T14:55:28Z,2025-11-29T14:55:48Z,100.0,-138.0
Jimmy Butler,New Orleans Pelicans @ Golden State Warriors,2025-11-30T01:40:00Z,player_rebounds,5.5,williamhill_us,2025-11-29T14:55:28Z,2025-11-29T14:55:48Z,-157.0,117.0
Draymond Green,New Orleans Pelicans @ Golden State Warriors,2025-11-30T01:40:00Z,player_rebounds,6.5,williamhill_us,2025-11-29T14:55:28Z,2025-11-29T14:55:48Z,-141.0,106.0
Derik Queen,New Orleans Pelicans @ Golden State Warriors,2025-11-30T01:40:00Z,player_rebounds,6.5,williamhill_us,2025-11-29T14:55:28Z,2025-11-29T14:55:48Z,-143.0,108.0
Zion Williamson,New Orleans Pelicans @ Golden State Warriors,2025-11-30T01:40:00Z,player_rebounds,5.5,williamhill_us,2025-11-29T14:55:28Z,2025-11-29T14:55:48Z,-150.0,108.0
Trey Murphy III,New Orleans Pelicans @ Golden State Warriors,2025-11-30T01:40:00Z,player_threes,2.5,williamhill_us,2025-11-29T14:55:28Z,2025-11-29T14:55:48Z,-139.0,105.0
Jimmy Butler,New Orleans Pelicans @ Golden State Warriors,2025-11-30T01:40:00Z,player_threes,0.5,williamhill_us,2025-11-29T14:55:28Z,2025-11-29T14:55:48Z,-145.0,109.0
Brandin Podziemski,New Orleans Pelicans @ Golden State Warriors,2025-11-30T01:40:00Z,player_threes,2.5,williamhill_us,2025-11-29T14:55:28Z,2025-11-29T14:55:48Z,129.0,-173.0
Jose Alvarado,New Orleans Pelicans @ Golden State Warriors,2025-11-30T01:40:00Z,player_threes,1.5,williamhill_us,2025-11-29T14:55:28Z,2025-11-29T14:55:48Z,-190.0,137.0
Will Richard,New Orleans Pelicans @ Golden State Warriors,2025-11-30T01:40:00Z,player_threes,1.5,williamhill_us,2025-11-29T14:55:28Z,2025-11-29T14:55:48Z,-118.0,-113.0
Jeremiah Fears,New Orleans Pelicans @ Golden State Warriors,2025-11-30T01:40:00Z,player_threes,1.5,williamhill_us,2025-11-29T14:55:28Z,2025-11-29T14:55:48Z,167.0,-230.0
Draymond Green,New Orleans Pelicans @ Golden State Warriors,2025-11-30T01:40:00Z,player_threes,1.5,williamhill_us,2025-11-29T14:55:28Z,2025-11-29T14:55:48Z,-102.0,-132.0
Quinten Post,New Orleans Pelicans @ Golden State Warriors,2025-11-30T01:40:00Z,player_threes,1.5,williamhill_us,2025-11-29T14:55:28Z,2025-11-29T14:55:48Z,-118.0,-113.0
Moses Moody,New Orleans Pelicans @ Golden State Warriors,2025-11-30T01:40:00Z,player_threes,2.5,williamhill_us,2025-11-29T14:55:28Z,2025-11-29T14:55:48Z,-155.0,120.0
Buddy Hield,New Orleans Pelicans @ Golden State Warriors,2025-11-30T01:40:00Z,player_threes,2.5,williamhill_us,2025-11-29T14:55:28Z,2025-11-29T14:55:48Z,136.0,-182.0
Saddiq Bey,New Orleans Pelicans @ Golden State Warriors,2025-11-30T01:40:00Z,player_threes,1.5,williamhill_us,2025-11-29T14:55:28Z,2025-11-29T14:55:48Z,-173.0,129.0
Derik Queen,New Orleans Pelicans @ Golden State Warriors,2025-11-30T01:40:00Z,player_triple_double,,williamhill_us,2025-11-29T14:55:28Z,2025-11-29T14:55:48Z,,
Jimmy Butler,New Orleans Pelicans @ Golden State Warriors,2025-11-30T01:40:00Z,player_triple_double,,williamhill_us,2025-11-29T14:55:28Z,2025-11-29T14:55:48Z,,
Draymond Green,New Orleans Pelicans @ Golden State Warriors,2025-11-30T01:40:00Z,player_triple_double,,williamhill_us,2025-11-29T14:55:28Z,2025-11-29T14:55:48Z,,
Brandin Podziemski,New Orleans Pelicans @ Golden State Warriors,2025-11-30T01:40:00Z,player_assists,3.5,betmgm,2025-11-29T14:54:38Z,2025-11-29T14:56:32Z,-135.0,100.0
Will Richard,New Orleans Pelicans @ Golden State Warriors,2025-11-30T01:40:00Z,player_assists,1.5,betmgm,2025-11-29T14:54:38Z,2025-11-29T14:56:32Z,140.0,-190.0
Draymond Green,New Orleans Pelicans @ Golden State Warriors,2025-11-30T01:40:00Z,player_assists,5.5,betmgm,2025-11-29T14:54:38Z,2025-11-29T14:56:32Z,-145.0,110.0
Jimmy Butler,New Orleans Pelicans @ Golden State Warriors,2025-11-30T01:40:00Z,player_assists,5.5,betmgm,2025-11-29T14:54:38Z,2025-11-29T14:56:32Z,-130.0,100.0
Trey Murphy III,New Orleans Pelicans @ Golden State Warriors,2025-11-30T01:40:00Z,player_assists,3.5,betmgm,2025-11-29T14:54:38Z,2025-11-29T14:56:32Z,130.0,-175.0
Zion Williamson,New Orleans Pelicans @ Golden State Warriors,2025-11-30T01:40:00Z,player_assists,3.5,betmgm,2025-11-29T14:54:38Z,2025-11-29T14:56:32Z,-135.0,100.0
Moses Moody,New Orleans Pelicans @ Golden State Warriors,2025-11-30T01:40:00Z,player_assists,1.5,betmgm,2025-11-29T14:54:38Z,2025-11-29T14:56:32Z,-185.0,135.0
Jonathan Kuminga,New Orleans Pelicans @ Golden State Warriors,2025-11-30T01:40:00Z,player_assists,2.5,betmgm,2025-11-29T14:54:38Z,2025-11-29T14:56:32Z,125.0,-165.0
Derik Queen,New Orleans Pelicans @ Golden State Warriors,2025-11-30T01:40:00Z,player_assists,4.5,betmgm,2025-11-29T14:54:38Z,2025-11-29T14:56:32Z,115.0,-155.0
Saddiq Bey,New Orleans Pelicans @ Golden State Warriors,2025-11-30T01:40:00Z,player_assists,1.5,betmgm,2025-11-29T14:54:38Z,2025-11-29T14:56:32Z,-200.0,145.0
Yves Missi,New Orleans Pelicans @ Golden State Warriors,2025-11-30T01:40:00Z,player_assists,1.5,betmgm,2025-11-29T14:54:38Z,2025-11-29T14:56:32Z,155.0,-210.0
Jose Alvarado,New Orleans Pelicans @ Golden State Warriors,2025-11-30T01:40:00Z,player_assists,2.5,betmgm,2025-11-29T14:54:38Z,2025-11-29T14:56:32Z,-160.0,120.0
Quinten Post,New Orleans Pelicans @ Golden State Warriors,2025-11-30T01:40:00Z,player_assists,1.5,betmgm,2025-11-29T14:54:38Z,2025-11-29T14:56:32Z,100.0,-135.0
Jeremiah Fears,New Orleans Pelicans @ Golden State Warriors,2025-11-30T01:40:00Z,player_assists,2.5,betmgm,2025-11-29T14:54:38Z,2025-11-29T14:56:32Z,-120.0,-110.0
Buddy Hield,New Orleans Pelicans @ Golden State Warriors,2025-11-30T01:40:00Z,player_assists,1.5,betmgm,2025-11-29T14:54:38Z,2025-11-29T14:56:32Z,-120.0,-110.0
Brandin Podziemski,New Orleans Pelicans @ Golden State Warriors,2025-11-30T01:40:00Z,player_blocks,0.5,betmgm,2025-11-29T14:54:38Z,2025-11-29T14:56:32Z,180.0,-250.0
Will Richard,New Orleans Pelicans @ Golden State Warriors,2025-11-30T01:40:00Z,player_blocks,0.5,betmgm,2025-11-29T14:54:38Z,2025-11-29T14:56:32Z,360.0,-625.0
Draymond Green,New Orleans Pelicans @ Golden State Warriors,2025-11-30T01:40:00Z,player_blocks,0.5,betmgm,2025-11-29T14:54:38Z,2025-11-29T14:56:32Z,-220.0,150.0
Jimmy Butler,New Orleans Pelicans @ Golden State Warriors,2025-11-30T01:40:00Z,player_blocks,0.5,betmgm,2025-11-29T14:54:38Z,2025-11-29T14:56:32Z,155.0,-220.0
Trey Murphy III,New Orleans Pelicans @ Golden State Warriors,2025-11-30T01:40:00Z,player_blocks,0.5,betmgm,2025-11-29T14:54:38Z,2025-11-29T14:56:32Z,210.0,-300.0
Zion Williamson,New Orleans Pelicans @ Golden State Warriors,2025-11-30T01:40:00Z,player_blocks,0.5,betmgm,2025-11-29T14:54:38Z,2025-11-29T14:56:32Z,-110.0,-125.0
Moses Moody,New Orleans Pelicans @ Golden State Warriors,2025-11-30T01:40:00Z,player_blocks,0.5,betmgm,2025-11-29T14:54:38Z,2025-11-29T14:56:32Z,-135.0,-105.0
Derik Queen,New Orleans Pelicans @ Golden State Warriors,2025-11-30T01:40:00Z,player_blocks,0.5,betmgm,2025-11-29T14:54:38Z,2025-11-29T14:56:32Z,-200.0,140.0
Saddiq Bey,New Orleans Pelicans @ Golden State Warriors,2025-11-30T01:40:00Z,player_blocks,0.5,betmgm,2025-11-29T14:54:38Z,2025-11-29T14:56:32Z,400.0,-700.0
Jeremiah Fears,New Orleans Pelicans @ Golden State Warriors,2025-11-30T01:40:00Z,player_blocks,0.5,betmgm,2025-11-29T14:54:38Z,2025-11-29T14:56:32Z,360.0,-625.0
Brandin Podziemski,New Orleans Pelicans @ Golden State Warriors,2025-11-30T01:40:00Z,player_double_double,,betmgm,2025-11-29T14:54:38Z,2025-11-29T14:56:32Z,,
Draymond Green,New Orleans Pelicans @ Golden State Warriors,2025-11-30T01:40:00Z,player_double_double,,betmgm,2025-11-29T14:54:38Z,2025-11-29T14:56:32Z,,
Jimmy Butler,New Orleans Pelicans @ Golden State Warriors,2025-11-30T01:40:00Z,player_double_double,,betmgm,2025-11-29T14:54:38Z,2025-11-29T14:56:32Z,,
Trey Murphy III,New Orleans Pelicans @ Golden State Warriors,2025-11-30T01:40:00Z,player_double_double,,betmgm,2025-11-29T14:54:38Z,2025-11-29T14:56:32Z,,
Zion Williamson,New Orleans Pelicans @ Golden State Warriors,2025-11-30T01:40:00Z,player_double_double,,betmgm,2025-11-29T14:54:38Z,2025-11-29T14:56:32Z,,
Moses Moody,New Orleans Pelicans @ Golden State Warriors,2025-11-30T01:40:00Z,player_double_double,,betmgm,2025-11-29T14:54:38Z,2025-11-29T14:56:32Z,,
Derik Queen,New Orleans Pelicans @ Golden State Warriors,2025-11-30T01:40:00Z,player_double_double,,betmgm,2025-11-29T14:54:38Z,2025-11-29T14:56:32Z,,
Saddiq Bey,New Orleans Pelicans @ Golden State Warriors,2025-11-30T01:40:00Z,player_double_double,,betmgm,2025-11-29T14:54:38Z,2025-11-29T14:56:32Z,,
Jeremiah Fears,New Orleans Pelicans @ Golden State Warriors,2025-11-30T01:40:00Z,player_double_double,,betmgm,2025-11-29T14:54:38Z,2025-11-29T14:56:32Z,,
Brandin Podziemski,New Orleans Pelicans @ Golden State Warriors,2025-11-30T01:40:00Z,player_points,14.5,betmgm,2025-11-29T14:54:38Z,2025-11-29T14:56:32Z,-130.0,100.0
Will Richard,New Orleans Pelicans @ Golden State Warriors,2025-11-30T01:40:00Z,player_points,9.5,betmgm,2025-11-29T14:54:38Z,2025-11-29T14:56:32Z,-110.0,-120.0
Draymond Green,New Orleans Pelicans @ Golden State Warriors,2025-11-30T01:40:00Z,player_points,9.5,betmgm,2025-11-29T14:54:38Z,2025-11-29T14:56:32Z,-130.0,-105.0
Jimmy Butler,New Orleans Pelicans @ Golden State Warriors,2025-11-30T01:40:00Z,player_points,21.5,betmgm,2025-11-29T14:54:38Z,2025-11-29T14:56:32Z,-105.0,-125.0
Trey Murphy III,New Orleans Pelicans @ Golden State Warriors,2025-11-30T01:40:00Z,player_points,19.5,betmgm,2025-11-29T14:54:38Z,2025-11-29T14:56:32Z,-105.0,-130.0
Zion Williamson,New Orleans Pelicans @ Golden State Warriors,2025-11-30T01:40:00Z,player_points,21.5,betmgm,2025-11-29T14:54:38Z,2025-11-29T14:56:32Z,-110.0,-118.0
Derik Queen,New Orleans Pelicans @ Golden State Warriors,2025-11-30T01:40:00Z,player_points,12.5,betmgm,2025-11-29T14:54:38Z,2025-11-29T14:56:32Z,-110.0,-120.0
Yves Missi,New Orleans Pelicans @ Golden State Warriors,2025-11-30T01:40:00Z,player_points,6.5,betmgm,2025-11-29T14:54:38Z,2025-11-29T14:56:32Z,-120.0,-110.0
Jose Alvarado,New Orleans Pelicans @ Golden State Warriors,2025-11-30T01:40:00Z,player_points,9.5,betmgm,2025-11-29T14:54:38Z,2025-11-29T14:56:32Z,-125.0,-105.0
Quinten Post,New Orleans Pelicans @ Golden State Warriors,2025-11-30T01:40:00Z,player_points,8.5,betmgm,2025-11-29T14:54:38Z,2025-11-29T14:56:32Z,-115.0,-115.0
Jeremiah Fears,New Orleans Pelicans @ Golden State Warriors,2025-11-30T01:40:00Z,player_points,13.5,betmgm,2025-11-29T14:54:38Z,2025-11-29T14:56:32Z,-125.0,-105.0
Saddiq Bey,New Orleans Pelicans @ Golden State Warriors,2025-11-30T01:40:00Z,player_points,13.5,betmgm,2025-11-29T14:54:38Z,2025-11-29T14:56:32Z,-130.0,-105.0
Jonathan Kuminga,New Orleans Pelicans @ Golden State Warriors,2025-11-30T01:40:00Z,player_points,15.5,betmgm,2025-11-29T14:54:38Z,2025-11-29T14:56:32Z,-110.0,-120.0
Moses Moody,New Orleans Pelicans @ Golden State Warriors,2025-11-30T01:40:00Z,player_points,15.5,betmgm,2025-11-29T14:54:38Z,2025-11-29T14:56:32Z,100.0,-130.0
Buddy Hield,New Orleans Pelicans @ Golden State Warriors,2025-11-30T01:40:00Z,player_points,10.5,betmgm,2025-11-29T14:54:38Z,2025-11-29T14:56:32Z,-105.0,-130.0
Brandin Podziemski,New Orleans Pelicans @ Golden State Warriors,2025-11-30T01:40:00Z,player_points_rebounds_assists,24.5,betmgm,2025-11-29T14:54:38Z,2025-11-29T14:56:32Z,-110.0,-118.0
Zion Williamson,New Orleans Pelicans @ Golden State Warriors,2025-11-30T01:40:00Z,player_points_rebounds_assists,31.5,betmgm,2025-11-29T14:54:38Z,2025-11-29T14:56:32Z,-110.0,-118.0
Moses Moody,New Orleans Pelicans @ Golden State Warriors,2025-11-30T01:40:00Z,player_points_rebounds_assists,21.5,betmgm,2025-11-29T14:54:38Z,2025-11-29T14:56:32Z,-110.0,-120.0
Jonathan Kuminga,New Orleans Pelicans @ Golden State Warriors,2025-11-30T01:40:00Z,player_points_rebounds_assists,22.5,betmgm,2025-11-29T14:54:38Z,2025-11-29T14:56:32Z,-120.0,-110.0
Saddiq Bey,New Orleans Pelicans @ Golden State Warriors,2025-11-30T01:40:00Z,player_points_rebounds_assists,22.5,betmgm,2025-11-29T14:54:38Z,2025-11-29T14:56:32Z,-110.0,-120.0
Yves Missi,New Orleans Pelicans @ Golden State Warriors,2025-11-30T01:40:00Z,player_points_rebounds_assists,14.5,betmgm,2025-11-29T14:54:38Z,2025-11-29T14:56:32Z,-105.0,-130.0
Jose Alvarado,New Orleans Pelicans @ Golden State Warriors,2025-11-30T01:40:00Z,player_points_rebounds_assists,15.5,betmgm,2025-11-29T14:54:38Z,2025-11-29T14:56:32Z,-125.0,-105.0
Quinten Post,New Orleans Pelicans @ Golden State Warriors,2025-11-30T01:40:00Z,player_points_rebounds_assists,15.5,betmgm,2025-11-29T14:54:38Z,2025-11-29T14:56:32Z,-105.0,-125.0
Jeremiah Fears,New Orleans Pelicans @ Golden State Warriors,2025-11-30T01:40:00Z,player_points_rebounds_assists,20.5,betmgm,2025-11-29T14:54:38Z,2025-11-29T14:56:32Z,-105.0,-125.0
Trey Murphy III,New Orleans Pelicans @ Golden State Warriors,2025-11-30T01:40:00Z,player_points_rebounds_assists,27.5,betmgm,2025-11-29T14:54:38Z,2025-11-29T14:56:32Z,-125.0,-105.0
Will Richard,New Orleans Pelicans @ Golden State Warriors,2025-11-30T01:40:00Z,player_points_rebounds_assists,13.5,betmgm,2025-11-29T14:54:38Z,2025-11-29T14:56:32Z,-130.0,100.0
Jimmy Butler,New Orleans Pelicans @ Golden State Warriors,2025-11-30T01:40:00Z,player_points_rebounds_assists,33.5,betmgm,2025-11-29T14:54:38Z,2025-11-29T14:56:32Z,-110.0,-118.0
Draymond Green,New Orleans Pelicans @ Golden State Warriors,2025-11-30T01:40:00Z,player_points_rebounds_assists,23.5,betmgm,2025-11-29T14:54:38Z,2025-11-29T14:56:32Z,-105.0,-125.0
Derik Queen,New Orleans Pelicans @ Golden State Warriors,2025-11-30T01:40:00Z,player_points_rebounds_assists,23.5,betmgm,2025-11-29T14:54:38Z,2025-11-29T14:56:32Z,-120.0,-110.0
Buddy Hield,New Orleans Pelicans @ Golden State Warriors,2025-11-30T01:40:00Z,player_points_rebounds_assists,14.5,betmgm,2025-11-29T14:54:38Z,2025-11-29T14:56:32Z,-130.0,100.0
Brandin Podziemski,New Orleans Pelicans @ Golden State Warriors,2025-11-30T01:40:00Z,player_rebounds,5.5,betmgm,2025-11-29T14:54:38Z,2025-11-29T14:56:32Z,105.0,-140.0
Will Richard,New Orleans Pelicans @ Golden State Warriors,2025-11-30T01:40:00Z,player_rebounds,3.5,betmgm,2025-11-29T14:54:38Z,2025-11-29T14:56:32Z,125.0,-165.0
Draymond Green,New Orleans Pelicans @ Golden State Warriors,2025-11-30T01:40:00Z,player_rebounds,6.5,betmgm,2025-11-29T14:54:38Z,2025-11-29T14:56:32Z,-145.0,110.0
Jimmy Butler,New Orleans Pelicans @ Golden State Warriors,2025-11-30T01:40:00Z,player_rebounds,5.5,betmgm,2025-11-29T14:54:38Z,2025-11-29T14:56:32Z,-160.0,120.0
Trey Murphy III,New Orleans Pelicans @ Golden State Warriors,2025-11-30T01:40:00Z,player_rebounds,5.5,betmgm,2025-11-29T14:54:38Z,2025-11-29T14:56:32Z,-105.0,-125.0
Zion Williamson,New Orleans Pelicans @ Golden State Warriors,2025-11-30T01:40:00Z,player_rebounds,5.5,betmgm,2025-11-29T14:54:38Z,2025-11-29T14:56:32Z,-135.0,100.0
Moses Moody,New Orleans Pelicans @ Golden State Warriors,2025-11-30T01:40:00Z,player_rebounds,3.5,betmgm,2025-11-29T14:54:38Z,2025-11-29T14:56:32Z,-150.0,115.0
Jonathan Kuminga,New Orleans Pelicans @ Golden State Warriors,2025-11-30T01:40:00Z,player_rebounds,5.5,betmgm,2025-11-29T14:54:38Z,2025-11-29T14:56:32Z,115.0,-150.0
Yves Missi,New Orleans Pelicans @ Golden State Warriors,2025-11-30T01:40:00Z,player_rebounds,6.5,betmgm,2025-11-29T14:54:38Z,2025-11-29T14:56:32Z,105.0,-145.0
Jose Alvarado,New Orleans Pelicans @ Golden State Warriors,2025-11-30T01:40:00Z,player_rebounds,2.5,betmgm,2025-11-29T14:54:38Z,2025-11-29T14:56:32Z,-145.0,110.0
Quinten Post,New Orleans Pelicans @ Golden State Warriors,2025-11-30T01:40:00Z,player_rebounds,4.5,betmgm,2025-11-29T14:54:38Z,2025-11-29T14:56:32Z,-105.0,-125.0
Jeremiah Fears,New Orleans Pelicans @ Golden State Warriors,2025-11-30T01:40:00Z,player_rebounds,3.5,betmgm,2025-11-29T14:54:38Z,2025-11-29T14:56:32Z,115.0,-155.0
Saddiq Bey,New Orleans Pelicans @ Golden State Warriors,2025-11-30T01:40:00Z,player_rebounds,5.5,betmgm,2025-11-29T14:54:38Z,2025-11-29T14:56:32Z,-150.0,110.0
Derik Queen,New Orleans Pelicans @ Golden State Warriors,2025-11-30T01:40:00Z,player_rebounds,6.5,betmgm,2025-11-29T14:54:38Z,2025-11-29T14:56:32Z,-140.0,105.0
Buddy Hield,New Orleans Pelicans @ Golden State Warriors,2025-11-30T01:40:00Z,player_rebounds,2.5,betmgm,2025-11-29T14:54:38Z,2025-11-29T14:56:32Z,-165.0,125.0
Brandin Podziemski,New Orleans Pelicans @ Golden State Warriors,2025-11-30T01:40:00Z,player_threes,2.5,betmgm,2025-11-29T14:54:38Z,2025-11-29T14:56:32Z,125.0,-165.0
Will Richard,New Orleans Pelicans @ Golden State Warriors,2025-11-30T01:40:00Z,player_threes,1.5,betmgm,2025-11-29T14:54:38Z,2025-11-29T14:56:32Z,-118.0,-110.0
Draymond Green,New Orleans Pelicans @ Golden State Warriors,2025-11-30T01:40:00Z,player_threes,1.5,betmgm,2025-11-29T14:54:38Z,2025-11-29T14:56:32Z,105.0,-140.0
Jimmy Butler,New Orleans Pelicans @ Golden State Warriors,2025-11-30T01:40:00Z,player_threes,0.5,betmgm,2025-11-29T14:54:38Z,2025-11-29T14:56:32Z,-155.0,115.0
Trey Murphy III,New Orleans Pelicans @ Golden State Warriors,2025-11-30T01:40:00Z,player_threes,2.5,betmgm,2025-11-29T14:54:38Z,2025-11-29T14:56:32Z,-150.0,115.0
Jonathan Kuminga,New Orleans Pelicans @ Golden State Warriors,2025-11-30T01:40:00Z,player_threes,1.5,betmgm,2025-11-29T14:54:38Z,2025-11-29T14:56:32Z,160.0,-220.0
Derik Queen,New Orleans Pelicans @ Golden State Warriors,2025-11-30T01:40:00Z,player_threes,0.5,betmgm,2025-11-29T14:54:38Z,2025-11-29T14:56:32Z,200.0,-285.0
Saddiq Bey,New Orleans Pelicans @ Golden State Warriors,2025-11-30T01:40:00Z,player_threes,1.5,betmgm,2025-11-29T14:54:38Z,2025-11-29T14:56:32Z,-175.0,130.0
Jose Alvarado,New Orleans Pelicans @ Golden State Warriors,2025-11-30T01:40:00Z,player_threes,1.5,betmgm,2025-11-29T14:54:38Z,2025-11-29T14:56:32Z,-185.0,135.0
Quinten Post,New Orleans Pelicans @ Golden State Warriors,2025-11-30T01:40:00Z,player_threes,1.5,betmgm,2025-11-29T14:54:38Z,2025-11-29T14:56:32Z,-145.0,105.0
Jeremiah Fears,New Orleans Pelicans @ Golden State Warriors,2025-11-30T01:40:00Z,player_threes,0.5,betmgm,2025-11-29T14:54:38Z,2025-11-29T14:56:32Z,-235.0,175.0
Moses Moody,New Orleans Pelicans @ Golden State Warriors,2025-11-30T01:40:00Z,player_threes,3.5,betmgm,2025-11-29T14:54:38Z,2025-11-29T14:56:32Z,135.0,-185.0
Buddy Hield,New Orleans Pelicans @ Golden State Warriors,2025-11-30T01:40:00Z,player_threes,2.5,betmgm,2025-11-29T14:54:38Z,2025-11-29T14:56:32Z,120.0,-155.0
Draymond Green,New Orleans Pelicans @ Golden State Warriors,2025-11-30T01:40:00Z,player_triple_double,,betmgm,2025-11-29T14:54:38Z,2025-11-29T14:56:32Z,,
Jimmy Butler,New Orleans Pelicans @ Golden State Warriors,2025-11-30T01:40:00Z,player_triple_double,,betmgm,2025-11-29T14:54:38Z,2025-11-29T14:56:32Z,,
Derik Queen,New Orleans Pelicans @ Golden State Warriors,2025-11-30T01:40:00Z,player_triple_double,,betmgm,2025-11-29T14:54:38Z,2025-11-29T14:56:32Z,,
Derik Queen,New Orleans Pelicans @ Golden State Warriors,2025-11-30T01:40:00Z,player_double_double,,bovada,2025-11-29T14:55:30Z,2025-11-29T14:56:11Z,,
Jimmy Butler,New Orleans Pelicans @ Golden State Warriors,2025-11-30T01:40:00Z,player_double_double,,bovada,2025-11-29T14:55:30Z,2025-11-29T14:56:11Z,,
Draymond Green,New Orleans Pelicans @ Golden State Warriors,2025-11-30T01:40:00Z,player_double_double,,bovada,2025-11-29T14:55:30Z,2025-11-29T14:56:11Z,,
Saddiq Bey,New Orleans Pelicans @ Golden State Warriors,2025-11-30T01:40:00Z,player_double_double,,bovada,2025-11-29T14:55:30Z,2025-11-29T14:56:11Z,,
Zion Williamson,New Orleans Pelicans @ Golden State Warriors,2025-11-30T01:40:00Z,player_double_double,,bovada,2025-11-29T14:55:30Z,2025-11-29T14:56:11Z,,
Trey Murphy III,New Orleans Pelicans @ Golden State Warriors,2025-11-30T01:40:00Z,player_double_double,,bovada,2025-11-29T14:55:30Z,2025-11-29T14:56:11Z,,
Brandin Podziemski,New Orleans Pelicans @ Golden State Warriors,2025-11-30T01:40:00Z,player_double_double,,bovada,2025-11-29T14:55:30Z,2025-11-29T14:56:11Z,,
Yves Missi,New Orleans Pelicans @ Golden State Warriors,2025-11-30T01:40:00Z,player_double_double,,bovada,2025-11-29T14:55:30Z,2025-11-29T14:56:11Z,,
Quinten Post,New Orleans Pelicans @ Golden State Warriors,2025-11-30T01:40:00Z,player_double_double,,bovada,2025-11-29T14:55:30Z,2025-11-29T14:56:11Z,,
Moses Moody,New Orleans Pelicans @ Golden State Warriors,2025-11-30T01:40:00Z,player_double_double,,bovada,2025-11-29T14:55:30Z,2025-11-29T14:56:11Z,,
Draymond Green,New Orleans Pelicans @ Golden State Warriors,2025-11-30T01:40:00Z,player_triple_double,,bovada,2025-11-29T14:55:30Z,2025-11-29T14:56:11Z,,
Jimmy Butler,New Orleans Pelicans @ Golden State Warriors,2025-11-30T01:40:00Z,player_triple_double,,bovada,2025-11-29T14:55:30Z,2025-11-29T14:56:11Z,,
Derik Queen,New Orleans Pelicans @ Golden State Warriors,2025-11-30T01:40:00Z,player_triple_double,,bovada,2025-11-29T14:55:30Z,2025-11-29T14:56:11Z,,
Zion Williamson,New Orleans Pelicans @ Golden State Warriors,2025-11-30T01:40:00Z,player_assists,3.5,betrivers,2025-11-29T14:54:40Z,2025-11-29T14:55:43Z,-152.0,114.0
Derik Queen,New Orleans Pelicans @ Golden State Warriors,2025-11-30T01:40:00Z,player_assists,4.5,betrivers,2025-11-29T14:54:40Z,2025-11-29T14:55:43Z,102.0,-136.0
Trey Murphy III,New Orleans Pelicans @ Golden State Warriors,2025-11-30T01:40:00Z,player_assists,3.5,betrivers,2025-11-29T14:54:40Z,2025-11-29T14:55:43Z,125.0,-167.0
Draymond Green,New Orleans Pelicans @ Golden State Warriors,2025-11-30T01:40:00Z,player_assists,5.5,betrivers,2025-11-29T14:54:40Z,2025-11-29T14:55:43Z,-143.0,110.0
Jeremiah Fears,New Orleans Pelicans @ Golden State Warriors,2025-11-30T01:40:00Z,player_assists,2.5,betrivers,2025-11-29T14:54:40Z,2025-11-29T14:55:43Z,-130.0,-103.0
Jose Alvarado,New Orleans Pelicans @ Golden State Warriors,2025-11-30T01:40:00Z,player_assists,3.5,betrivers,2025-11-29T14:54:40Z,2025-11-29T14:55:43Z,100.0,-134.0
Brandin Podziemski,New Orleans Pelicans @ Golden State Warriors,2025-11-30T01:40:00Z,player_assists,3.5,betrivers,2025-11-29T14:54:40Z,2025-11-29T14:55:43Z,-130.0,-103.0
Jimmy Butler,New Orleans Pelicans @ Golden State Warriors,2025-11-30T01:40:00Z,player_assists,5.5,betrivers,2025-11-29T14:54:40Z,2025-11-29T14:55:43Z,-136.0,102.0
Zion Williamson,New Orleans Pelicans @ Golden State Warriors,2025-11-30T01:40:00Z,player_points,20.5,betrivers,2025-11-29T14:54:40Z,2025-11-29T14:55:43Z,-125.0,-107.0
Trey Murphy III,New Orleans Pelicans @ Golden State Warriors,2025-11-30T01:40:00Z,player_points,18.5,betrivers,2025-11-29T14:54:40Z,2025-11-29T14:55:43Z,-112.0,-120.0
Jose Alvarado,New Orleans Pelicans @ Golden State Warriors,2025-11-30T01:40:00Z,player_points,9.5,betrivers,2025-11-29T14:54:40Z,2025-11-29T14:55:43Z,-129.0,-104.0
Brandin Podziemski,New Orleans Pelicans @ Golden State Warriors,2025-11-30T01:40:00Z,player_points,14.5,betrivers,2025-11-29T14:54:40Z,2025-11-29T14:55:43Z,-113.0,-118.0
Saddiq Bey,New Orleans Pelicans @ Golden State Warriors,2025-11-30T01:40:00Z,player_points,13.5,betrivers,2025-11-29T14:54:40Z,2025-11-29T14:55:43Z,-120.0,-112.0
Jeremiah Fears,New Orleans Pelicans @ Golden State Warriors,2025-11-30T01:40:00Z,player_points,13.5,betrivers,2025-11-29T14:54:40Z,2025-11-29T14:55:43Z,-110.0,-121.0
Derik Queen,New Orleans Pelicans @ Golden State Warriors,2025-11-30T01:40:00Z,player_points,12.5,betrivers,2025-11-29T14:54:40Z,2025-11-29T14:55:43Z,-105.0,-127.0
Draymond Green,New Orleans Pelicans @ Golden State Warriors,2025-11-30T01:40:00Z,player_points,9.5,betrivers,2025-11-29T14:54:40Z,2025-11-29T14:55:43Z,-117.0,-114.0
Jimmy Butler,New Orleans Pelicans @ Golden State Warriors,2025-11-30T01:40:00Z,player_points,20.5,betrivers,2025-11-29T14:54:40Z,2025-11-29T14:55:43Z,-125.0,-106.0
Moses Moody,New Orleans Pelicans @ Golden State Warriors,2025-11-30T01:40:00Z,player_points,14.5,betrivers,2025-11-29T14:54:40Z,2025-11-29T14:55:43Z,-114.0,-117.0
Buddy Hield,New Orleans Pelicans @ Golden State Warriors,2025-11-30T01:40:00Z,player_points,9.5,betrivers,2025-11-29T14:54:40Z,2025-11-29T14:55:43Z,-124.0,-108.0
Derik Queen,New Orleans Pelicans @ Golden State Warriors,2025-11-30T01:40:00Z,player_points_rebounds_assists,24.5,betrivers,2025-11-29T14:54:40Z,2025-11-29T14:55:43Z,-112.0,-120.0
Jeremiah Fears,New Orleans Pelicans @ Golden State Warriors,2025-11-30T01:40:00Z,player_points_rebounds_assists,19.5,betrivers,2025-11-29T14:54:40Z,2025-11-29T14:55:43Z,-118.0,-113.0
Jimmy Butler,New Orleans Pelicans @ Golden State Warriors,2025-11-30T01:40:00Z,player_points_rebounds_assists,33.5,betrivers,2025-11-29T14:54:40Z,2025-11-29T14:55:43Z,-118.0,-113.0
Zion Williamson,New Orleans Pelicans @ Golden State Warriors,2025-11-30T01:40:00Z,player_points_rebounds_assists,31.5,betrivers,2025-11-29T14:54:40Z,2025-11-29T14:55:43Z,-114.0,-117.0
Jose Alvarado,New Orleans Pelicans @ Golden State Warriors,2025-11-30T01:40:00Z,player_points_rebounds_assists,16.5,betrivers,2025-11-29T14:54:40Z,2025-11-29T14:55:43Z,-122.0,-109.0
Brandin Podziemski,New Orleans Pelicans @ Golden State Warriors,2025-11-30T01:40:00Z,player_points_rebounds_assists,24.5,betrivers,2025-11-29T14:54:40Z,2025-11-29T14:55:43Z,-107.0,-125.0
Trey Murphy III,New Orleans Pelicans @ Golden State Warriors,2025-11-30T01:40:00Z,player_points_rebounds_assists,27.5,betrivers,2025-11-29T14:54:40Z,2025-11-29T14:55:43Z,-115.0,-115.0
Draymond Green,New Orleans Pelicans @ Golden State Warriors,2025-11-30T01:40:00Z,player_points_rebounds_assists,23.5,betrivers,2025-11-29T14:54:40Z,2025-11-29T14:55:43Z,-109.0,-121.0
Trey Murphy III,New Orleans Pelicans @ Golden State Warriors,2025-11-30T01:40:00Z,player_rebounds,5.5,betrivers,2025-11-29T14:54:40Z,2025-11-29T14:55:43Z,-104.0,-129.0
Zion Williamson,New Orleans Pelicans @ Golden State Warriors,2025-11-30T01:40:00Z,player_rebounds,5.5,betrivers,2025-11-29T14:54:40Z,2025-11-29T14:55:43Z,-139.0,104.0
Jeremiah Fears,New Orleans Pelicans @ Golden State Warriors,2025-11-30T01:40:00Z,player_rebounds,3.5,betrivers,2025-11-29T14:54:40Z,2025-11-29T14:55:43Z,123.0,-165.0
Jimmy Butler,New Orleans Pelicans @ Golden State Warriors,2025-11-30T01:40:00Z,player_rebounds,5.5,betrivers,2025-11-29T14:54:40Z,2025-11-29T14:55:43Z,-143.0,108.0
Draymond Green,New Orleans Pelicans @ Golden State Warriors,2025-11-30T01:40:00Z,player_rebounds,6.5,betrivers,2025-11-29T14:54:40Z,2025-11-29T14:55:43Z,-141.0,107.0
Brandin Podziemski,New Orleans Pelicans @ Golden State Warriors,2025-11-30T01:40:00Z,player_rebounds,5.5,betrivers,2025-11-29T14:54:40Z,2025-11-29T14:55:43Z,112.0,-150.0
Saddiq Bey,New Orleans Pelicans @ Golden State Warriors,2025-11-30T01:40:00Z,player_rebounds,6.5,betrivers,2025-11-29T14:54:40Z,2025-11-29T14:55:43Z,105.0,-139.0
Jose Alvarado,New Orleans Pelicans @ Golden State Warriors,2025-11-30T01:40:00Z,player_rebounds,3.5,betrivers,2025-11-29T14:54:40Z,2025-11-29T14:55:43Z,125.0,-167.0
Derik Queen,New Orleans Pelicans @ Golden State Warriors,2025-11-30T01:40:00Z,player_rebounds,7.5,betrivers,2025-11-29T14:54:40Z,2025-11-29T14:55:43Z,108.0,-143.0
Jose Alvarado,New Orleans Pelicans @ Golden State Warriors,2025-11-30T01:40:00Z,player_threes,1.5,betrivers,2025-11-29T14:54:40Z,2025-11-29T14:55:43Z,-190.0,140.0
Trey Murphy III,New Orleans Pelicans @ Golden State Warriors,2025-11-30T01:40:00Z,player_threes,2.5,betrivers,2025-11-29T14:54:40Z,2025-11-29T14:55:43Z,-122.0,-109.0
Brandin Podziemski,New Orleans Pelicans @ Golden State Warriors,2025-11-30T01:40:00Z,player_threes,2.5,betrivers,2025-11-29T14:54:40Z,2025-11-29T14:55:43Z,130.0,-175.0
Saddiq Bey,New Orleans Pelicans @ Golden State Warriors,2025-11-30T01:40:00Z,player_threes,1.5,betrivers,2025-11-29T14:54:40Z,2025-11-29T14:55:43Z,-175.0,128.0
Draymond Green,New Orleans Pelicans @ Golden State Warriors,2025-11-30T01:40:00Z,player_threes,1.5,betrivers,2025-11-29T14:54:40Z,2025-11-29T14:55:43Z,105.0,-139.0
Moses Moody,New Orleans Pelicans @ Golden State Warriors,2025-11-30T01:40:00Z,player_threes,3.5,betrivers,2025-11-29T14:54:40Z,2025-11-29T14:55:43Z,123.0,-165.0
Buddy Hield,New Orleans Pelicans @ Golden State Warriors,2025-11-30T01:40:00Z,player_threes,1.5,betrivers,2025-11-29T14:54:40Z,2025-11-29T14:55:43Z,-180.0,135.0
Cameron Johnson,Denver Nuggets @ Phoenix Suns,2025-11-30T02:10:00Z,player_assists,2.5,fanduel,2025-11-29T14:55:23Z,2025-11-29T14:55:30Z,102.0,-136.0
Jamal Murray,Denver Nuggets @ Phoenix Suns,2025-11-30T02:10:00Z,player_assists,6.5,fanduel,2025-11-29T14:55:23Z,2025-11-29T14:55:30Z,-104.0,-128.0
Collin Gillespie,Denver Nuggets @ Phoenix Suns,2025-11-30T02:10:00Z,player_assists,4.5,fanduel,2025-11-29T14:55:23Z,2025-11-29T14:55:30Z,-148.0,112.0
Nikola Jokic,Denver Nuggets @ Phoenix Suns,2025-11-30T02:10:00Z,player_assists,10.5,fanduel,2025-11-29T14:55:23Z,2025-11-29T14:55:30Z,-114.0,-114.0
Royce O'Neale,Denver Nuggets @ Phoenix Suns,2025-11-30T02:10:00Z,player_assists,2.5,fanduel,2025-11-29T14:55:23Z,2025-11-29T14:55:30Z,122.0,-162.0
Bruce Brown,Denver Nuggets @ Phoenix Suns,2025-11-30T02:10:00Z,player_assists,1.5,fanduel,2025-11-29T14:55:23Z,2025-11-29T14:55:30Z,-200.0,148.0
Devin Booker,Denver Nuggets @ Phoenix Suns,2025-11-30T02:10:00Z,player_assists,6.5,fanduel,2025-11-29T14:55:23Z,2025-11-29T14:55:30Z,-120.0,-110.0
Nikola Jokic,Denver Nuggets @ Phoenix Suns,2025-11-30T02:10:00Z,player_double_double,,fanduel,2025-11-29T14:55:23Z,2025-11-29T14:55:30Z,,
Devin Booker,Denver Nuggets @ Phoenix Suns,2025-11-30T02:10:00Z,player_double_double,,fanduel,2025-11-29T14:55:23Z,2025-11-29T14:55:30Z,,
Jamal Murray,Denver Nuggets @ Phoenix Suns,2025-11-30T02:10:00Z,player_double_double,,fanduel,2025-11-29T14:55:23Z,2025-11-29T14:55:30Z,,
Peyton Watson,Denver Nuggets @ Phoenix Suns,2025-11-30T02:10:00Z,player_double_double,,fanduel,2025-11-29T14:55:23Z,2025-11-29T14:55:30Z,,
Collin Gillespie,Denver Nuggets @ Phoenix Suns,2025-11-30T02:10:00Z,player_double_double,,fanduel,2025-11-29T14:55:23Z,2025-11-29T14:55:30Z,,
Royce O'Neale,Denver Nuggets @ Phoenix Suns,2025-11-30T02:10:00Z,player_double_double,,fanduel,2025-11-29T14:55:23Z,2025-11-29T14:55:30Z,,
Cameron Johnson,Denver Nuggets @ Phoenix Suns,2025-11-30T02:10:00Z,player_double_double,,fanduel,2025-11-29T14:55:23Z,2025-11-29T14:55:30Z,,
Cameron Johnson,Denver Nuggets @ Phoenix Suns,2025-11-30T02:10:00Z,player_points,14.5,fanduel,2025-11-29T14:55:23Z,2025-11-29T14:55:30Z,-104.0,-128.0
Collin Gillespie,Denver Nuggets @ Phoenix Suns,2025-11-30T02:10:00Z,player_points,14.5,fanduel,2025-11-29T14:55:23Z,2025-11-29T14:55:30Z,-108.0,-122.0
Bruce Brown,Denver Nuggets @ Phoenix Suns,2025-11-30T02:10:00Z,player_points,7.5,fanduel,2025-11-29T14:55:23Z,2025-11-29T14:55:30Z,-125.0,-106.0
Jamal Murray,Denver Nuggets @ Phoenix Suns,2025-11-30T02:10:00Z,player_points,23.5,fanduel,2025-11-29T14:55:23Z,2025-11-29T14:55:30Z,-112.0,-118.0
Peyton Watson,Denver Nuggets @ Phoenix Suns,2025-11-30T02:10:00Z,player_points,12.5,fanduel,2025-11-29T14:55:23Z,2025-11-29T14:55:30Z,-118.0,-112.0
Dillon Brooks,Denver Nuggets @ Phoenix Suns,2025-11-30T02:10:00Z,player_points,19.5,fanduel,2025-11-29T14:55:23Z,2025-11-29T14:55:30Z,-122.0,-108.0
Royce O'Neale,Denver Nuggets @ Phoenix Suns,2025-11-30T02:10:00Z,player_points,11.5,fanduel,2025-11-29T14:55:23Z,2025-11-29T14:55:30Z,-106.0,-125.0
Devin Booker,Denver Nuggets @ Phoenix Suns,2025-11-30T02:10:00Z,player_points,24.5,fanduel,2025-11-29T14:55:23Z,2025-11-29T14:55:30Z,-130.0,-102.0
Nikola Jokic,Denver Nuggets @ Phoenix Suns,2025-11-30T02:10:00Z,player_points,30.5,fanduel,2025-11-29T14:55:23Z,2025-11-29T14:55:30Z,-104.0,-128.0
Cameron Johnson,Denver Nuggets @ Phoenix Suns,2025-11-30T02:10:00Z,player_points_rebounds_assists,21.5,fanduel,2025-11-29T14:55:23Z,2025-11-29T14:55:30Z,-102.0,-130.0
Jamal Murray,Denver Nuggets @ Phoenix Suns,2025-11-30T02:10:00Z,player_points_rebounds_assists,34.5,fanduel,2025-11-29T14:55:23Z,2025-11-29T14:55:30Z,-110.0,-120.0
Nikola Jokic,Denver Nuggets @ Phoenix Suns,2025-11-30T02:10:00Z,player_points_rebounds_assists,53.5,fanduel,2025-11-29T14:55:23Z,2025-11-29T14:55:30Z,-112.0,-118.0
Devin Booker,Denver Nuggets @ Phoenix Suns,2025-11-30T02:10:00Z,player_points_rebounds_assists,36.5,fanduel,2025-11-29T14:55:23Z,2025-11-29T14:55:30Z,-108.0,-122.0
Bruce Brown,Denver Nuggets @ Phoenix Suns,2025-11-30T02:10:00Z,player_points_rebounds_assists,13.5,fanduel,2025-11-29T14:55:23Z,2025-11-29T14:55:30Z,-125.0,-106.0
Collin Gillespie,Denver Nuggets @ Phoenix Suns,2025-11-30T02:10:00Z,player_points_rebounds_assists,23.5,fanduel,2025-11-29T14:55:23Z,2025-11-29T14:55:30Z,-122.0,-108.0
Royce O'Neale,Denver Nuggets @ Phoenix Suns,2025-11-30T02:10:00Z,player_points_rebounds_assists,19.5,fanduel,2025-11-29T14:55:23Z,2025-11-29T14:55:30Z,-102.0,-130.0
Bruce Brown,Denver Nuggets @ Phoenix Suns,2025-11-30T02:10:00Z,player_rebounds,3.5,fanduel,2025-11-29T14:55:23Z,2025-11-29T14:55:30Z,-120.0,-110.0
Cameron Johnson,Denver Nuggets @ Phoenix Suns,2025-11-30T02:10:00Z,player_rebounds,4.5,fanduel,2025-11-29T14:55:23Z,2025-11-29T14:55:30Z,122.0,-162.0
Peyton Watson,Denver Nuggets @ Phoenix Suns,2025-11-30T02:10:00Z,player_rebounds,5.5,fanduel,2025-11-29T14:55:23Z,2025-11-29T14:55:30Z,-114.0,-114.0
Collin Gillespie,Denver Nuggets @ Phoenix Suns,2025-11-30T02:10:00Z,player_rebounds,4.5,fanduel,2025-11-29T14:55:23Z,2025-11-29T14:55:30Z,118.0,-158.0
Dillon Brooks,Denver Nuggets @ Phoenix Suns,2025-11-30T02:10:00Z,player_rebounds,3.5,fanduel,2025-11-29T14:55:23Z,2025-11-29T14:55:30Z,112.0,-148.0
Jamal Murray,Denver Nuggets @ Phoenix Suns,2025-11-30T02:10:00Z,player_rebounds,3.5,fanduel,2025-11-29T14:55:23Z,2025-11-29T14:55:30Z,-172.0,128.0
Royce O'Neale,Denver Nuggets @ Phoenix Suns,2025-11-30T02:10:00Z,player_rebounds,5.5,fanduel,2025-11-29T14:55:23Z,2025-11-29T14:55:30Z,104.0,-138.0
Devin Booker,Denver Nuggets @ Phoenix Suns,2025-11-30T02:10:00Z,player_rebounds,3.5,fanduel,2025-11-29T14:55:23Z,2025-11-29T14:55:30Z,-172.0,128.0
Nikola Jokic,Denver Nuggets @ Phoenix Suns,2025-11-30T02:10:00Z,player_rebounds,12.5,fanduel,2025-11-29T14:55:23Z,2025-11-29T14:55:30Z,-110.0,-120.0
Dillon Brooks,Denver Nuggets @ Phoenix Suns,2025-11-30T02:10:00Z,player_threes,2.5,fanduel,2025-11-29T14:55:23Z,2025-11-29T14:55:30Z,-132.0,100.0
Peyton Watson,Denver Nuggets @ Phoenix Suns,2025-11-30T02:10:00Z,player_threes,1.5,fanduel,2025-11-29T14:55:23Z,2025-11-29T14:55:30Z,126.0,-168.0
Jamal Murray,Denver Nuggets @ Phoenix Suns,2025-11-30T02:10:00Z,player_threes,2.5,fanduel,2025-11-29T14:55:23Z,2025-11-29T14:55:30Z,-114.0,-114.0
Cameron Johnson,Denver Nuggets @ Phoenix Suns,2025-11-30T02:10:00Z,player_threes,1.5,fanduel,2025-11-29T14:55:23Z,2025-11-29T14:55:30Z,-158.0,118.0
Collin Gillespie,Denver Nuggets @ Phoenix Suns,2025-11-30T02:10:00Z,player_threes,2.5,fanduel,2025-11-29T14:55:23Z,2025-11-29T14:55:30Z,-120.0,-110.0
Royce O'Neale,Denver Nuggets @ Phoenix Suns,2025-11-30T02:10:00Z,player_threes,3.5,fanduel,2025-11-29T14:55:23Z,2025-11-29T14:55:30Z,134.0,-180.0
Nikola Jokic,Denver Nuggets @ Phoenix Suns,2025-11-30T02:10:00Z,player_threes,1.5,fanduel,2025-11-29T14:55:23Z,2025-11-29T14:55:30Z,-192.0,142.0
Devin Booker,Denver Nuggets @ Phoenix Suns,2025-11-30T02:10:00Z,player_threes,2.5,fanduel,2025-11-29T14:55:23Z,2025-11-29T14:55:30Z,148.0,-200.0
Nikola Jokic,Denver Nuggets @ Phoenix Suns,2025-11-30T02:10:00Z,player_triple_double,,fanduel,2025-11-29T14:55:23Z,2025-11-29T14:55:30Z,,
Devin Booker,Denver Nuggets @ Phoenix Suns,2025-11-30T02:10:00Z,player_triple_double,,fanduel,2025-11-29T14:55:23Z,2025-11-29T14:55:30Z,,
Jamal Murray,Denver Nuggets @ Phoenix Suns,2025-11-30T02:10:00Z,player_triple_double,,fanduel,2025-11-29T14:55:23Z,2025-11-29T14:55:30Z,,
Jamal Murray,Denver Nuggets @ Phoenix Suns,2025-11-30T02:10:00Z,player_assists,6.5,fanatics,2025-11-29T14:54:37Z,2025-11-29T14:56:21Z,-110.0,-120.0
Nikola Jokic,Denver Nuggets @ Phoenix Suns,2025-11-30T02:10:00Z,player_assists,10.5,fanatics,2025-11-29T14:54:37Z,2025-11-29T14:56:21Z,-115.0,-115.0
Devin Booker,Denver Nuggets @ Phoenix Suns,2025-11-30T02:10:00Z,player_assists,6.5,fanatics,2025-11-29T14:54:37Z,2025-11-29T14:56:21Z,-140.0,105.0
Bruce Brown,Denver Nuggets @ Phoenix Suns,2025-11-30T02:10:00Z,player_assists,1.5,fanatics,2025-11-29T14:54:37Z,2025-11-29T14:56:21Z,-190.0,130.0
Cameron Johnson,Denver Nuggets @ Phoenix Suns,2025-11-30T02:10:00Z,player_assists,2.5,fanatics,2025-11-29T14:54:37Z,2025-11-29T14:56:21Z,115.0,-150.0
Collin Gillespie,Denver Nuggets @ Phoenix Suns,2025-11-30T02:10:00Z,player_assists,4.5,fanatics,2025-11-29T14:54:37Z,2025-11-29T14:56:21Z,-150.0,115.0
Royce O'Neale,Denver Nuggets @ Phoenix Suns,2025-11-30T02:10:00Z,player_assists,2.5,fanatics,2025-11-29T14:54:37Z,2025-11-29T14:56:21Z,110.0,-145.0
Oso Ighodaro,Denver Nuggets @ Phoenix Suns,2025-11-30T02:10:00Z,player_assists,1.5,fanatics,2025-11-29T14:54:37Z,2025-11-29T14:56:21Z,-140.0,105.0
Tim Hardaway Jr,Denver Nuggets @ Phoenix Suns,2025-11-30T02:10:00Z,player_assists,1.5,fanatics,2025-11-29T14:54:37Z,2025-11-29T14:56:21Z,105.0,-140.0
Nick Richards,Denver Nuggets @ Phoenix Suns,2025-11-30T02:10:00Z,player_assists,0.5,fanatics,2025-11-29T14:54:37Z,2025-11-29T14:56:21Z,-110.0,-120.0
Dillon Brooks,Denver Nuggets @ Phoenix Suns,2025-11-30T02:10:00Z,player_assists,1.5,fanatics,2025-11-29T14:54:37Z,2025-11-29T14:56:21Z,-125.0,-105.0
Jamal Murray,Denver Nuggets @ Phoenix Suns,2025-11-30T02:10:00Z,player_double_double,,fanatics,2025-11-29T14:54:37Z,2025-11-29T14:56:21Z,,
Nikola Jokic,Denver Nuggets @ Phoenix Suns,2025-11-30T02:10:00Z,player_double_double,,fanatics,2025-11-29T14:54:37Z,2025-11-29T14:56:21Z,,
Devin Booker,Denver Nuggets @ Phoenix Suns,2025-11-30T02:10:00Z,player_double_double,,fanatics,2025-11-29T14:54:37Z,2025-11-29T14:56:21Z,,
Cameron Johnson,Denver Nuggets @ Phoenix Suns,2025-11-30T02:10:00Z,player_double_double,,fanatics,2025-11-29T14:54:37Z,2025-11-29T14:56:21Z,,
Collin Gillespie,Denver Nuggets @ Phoenix Suns,2025-11-30T02:10:00Z,player_double_double,,fanatics,2025-11-29T14:54:37Z,2025-11-29T14:56:21Z,,
Royce O'Neale,Denver Nuggets @ Phoenix Suns,2025-11-30T02:10:00Z,player_double_double,,fanatics,2025-11-29T14:54:37Z,2025-11-29T14:56:21Z,,
Oso Ighodaro,Denver Nuggets @ Phoenix Suns,2025-11-30T02:10:00Z,player_double_double,,fanatics,2025-11-29T14:54:37Z,2025-11-29T14:56:21Z,,
Nick Richards,Denver Nuggets @ Phoenix Suns,2025-11-30T02:10:00Z,player_double_double,,fanatics,2025-11-29T14:54:37Z,2025-11-29T14:56:21Z,,
Jamal Murray,Denver Nuggets @ Phoenix Suns,2025-11-30T02:10:00Z,player_points,23.5,fanatics,2025-11-29T14:54:37Z,2025-11-29T14:56:21Z,-115.0,-115.0
Nikola Jokic,Denver Nuggets @ Phoenix Suns,2025-11-30T02:10:00Z,player_points,30.5,fanatics,2025-11-29T14:54:37Z,2025-11-29T14:56:21Z,-115.0,-115.0
Devin Booker,Denver Nuggets @ Phoenix Suns,2025-11-30T02:10:00Z,player_points,25.5,fanatics,2025-11-29T14:54:37Z,2025-11-29T14:56:21Z,-115.0,-115.0
Bruce Brown,Denver Nuggets @ Phoenix Suns,2025-11-30T02:10:00Z,player_points,8.5,fanatics,2025-11-29T14:54:37Z,2025-11-29T14:56:21Z,105.0,-140.0
Cameron Johnson,Denver Nuggets @ Phoenix Suns,2025-11-30T02:10:00Z,player_points,14.5,fanatics,2025-11-29T14:54:37Z,2025-11-29T14:56:21Z,-105.0,-125.0
Peyton Watson,Denver Nuggets @ Phoenix Suns,2025-11-30T02:10:00Z,player_points,12.5,fanatics,2025-11-29T14:54:37Z,2025-11-29T14:56:21Z,-115.0,-115.0
Dillon Brooks,Denver Nuggets @ Phoenix Suns,2025-11-30T02:10:00Z,player_points,19.5,fanatics,2025-11-29T14:54:37Z,2025-11-29T14:56:21Z,-125.0,-105.0
Collin Gillespie,Denver Nuggets @ Phoenix Suns,2025-11-30T02:10:00Z,player_points,14.5,fanatics,2025-11-29T14:54:37Z,2025-11-29T14:56:21Z,-110.0,-120.0
Royce O'Neale,Denver Nuggets @ Phoenix Suns,2025-11-30T02:10:00Z,player_points,11.5,fanatics,2025-11-29T14:54:37Z,2025-11-29T14:56:21Z,-105.0,-125.0
Tim Hardaway Jr,Denver Nuggets @ Phoenix Suns,2025-11-30T02:10:00Z,player_points,11.5,fanatics,2025-11-29T14:54:37Z,2025-11-29T14:56:21Z,-105.0,-125.0
Oso Ighodaro,Denver Nuggets @ Phoenix Suns,2025-11-30T02:10:00Z,player_points,7.5,fanatics,2025-11-29T14:54:37Z,2025-11-29T14:56:21Z,-115.0,-115.0
Nick Richards,Denver Nuggets @ Phoenix Suns,2025-11-30T02:10:00Z,player_points,7.5,fanatics,2025-11-29T14:54:37Z,2025-11-29T14:56:21Z,-115.0,-115.0
Tim Hardaway Jr,Denver Nuggets @ Phoenix Suns,2025-11-30T02:10:00Z,player_points_rebounds_assists,15.5,fanatics,2025-11-29T14:54:37Z,2025-11-29T14:56:21Z,-105.0,-125.0
Dillon Brooks,Denver Nuggets @ Phoenix Suns,2025-11-30T02:10:00Z,player_points_rebounds_assists,25.5,fanatics,2025-11-29T14:54:37Z,2025-11-29T14:56:21Z,-105.0,-125.0
Collin Gillespie,Denver Nuggets @ Phoenix Suns,2025-11-30T02:10:00Z,player_points_rebounds_assists,24.5,fanatics,2025-11-29T14:54:37Z,2025-11-29T14:56:21Z,100.0,-130.0
Royce O'Neale,Denver Nuggets @ Phoenix Suns,2025-11-30T02:10:00Z,player_points_rebounds_assists,19.5,fanatics,2025-11-29T14:54:37Z,2025-11-29T14:56:21Z,-105.0,-125.0
Nick Richards,Denver Nuggets @ Phoenix Suns,2025-11-30T02:10:00Z,player_points_rebounds_assists,16.5,fanatics,2025-11-29T14:54:37Z,2025-11-29T14:56:21Z,-115.0,-115.0
Oso Ighodaro,Denver Nuggets @ Phoenix Suns,2025-11-30T02:10:00Z,player_points_rebounds_assists,14.5,fanatics,2025-11-29T14:54:37Z,2025-11-29T14:56:21Z,-110.0,-120.0
Jamal Murray,Denver Nuggets @ Phoenix Suns,2025-11-30T02:10:00Z,player_points_rebounds_assists,34.5,fanatics,2025-11-29T14:54:37Z,2025-11-29T14:56:21Z,-115.0,-115.0
Cameron Johnson,Denver Nuggets @ Phoenix Suns,2025-11-30T02:10:00Z,player_points_rebounds_assists,20.5,fanatics,2025-11-29T14:54:37Z,2025-11-29T14:56:21Z,-125.0,-105.0
Devin Booker,Denver Nuggets @ Phoenix Suns,2025-11-30T02:10:00Z,player_points_rebounds_assists,36.5,fanatics,2025-11-29T14:54:37Z,2025-11-29T14:56:21Z,-120.0,-110.0
Bruce Brown,Denver Nuggets @ Phoenix Suns,2025-11-30T02:10:00Z,player_points_rebounds_assists,13.5,fanatics,2025-11-29T14:54:37Z,2025-11-29T14:56:21Z,-125.0,-105.0
Nikola Jokic,Denver Nuggets @ Phoenix Suns,2025-11-30T02:10:00Z,player_points_rebounds_assists,53.5,fanatics,2025-11-29T14:54:37Z,2025-11-29T14:56:21Z,-115.0,-115.0
Nikola Jokic,Denver Nuggets @ Phoenix Suns,2025-11-30T02:10:00Z,player_rebounds,12.5,fanatics,2025-11-29T14:54:37Z,2025-11-29T14:56:21Z,-115.0,-115.0
Jamal Murray,Denver Nuggets @ Phoenix Suns,2025-11-30T02:10:00Z,player_rebounds,3.5,fanatics,2025-11-29T14:54:37Z,2025-11-29T14:56:21Z,-165.0,120.0
Devin Booker,Denver Nuggets @ Phoenix Suns,2025-11-30T02:10:00Z,player_rebounds,3.5,fanatics,2025-11-29T14:54:37Z,2025-11-29T14:56:21Z,-175.0,125.0
Bruce Brown,Denver Nuggets @ Phoenix Suns,2025-11-30T02:10:00Z,player_rebounds,3.5,fanatics,2025-11-29T14:54:37Z,2025-11-29T14:56:21Z,-115.0,-115.0
Cameron Johnson,Denver Nuggets @ Phoenix Suns,2025-11-30T02:10:00Z,player_rebounds,4.5,fanatics,2025-11-29T14:54:37Z,2025-11-29T14:56:21Z,120.0,-165.0
Peyton Watson,Denver Nuggets @ Phoenix Suns,2025-11-30T02:10:00Z,player_rebounds,5.5,fanatics,2025-11-29T14:54:37Z,2025-11-29T14:56:21Z,-105.0,-125.0
Dillon Brooks,Denver Nuggets @ Phoenix Suns,2025-11-30T02:10:00Z,player_rebounds,3.5,fanatics,2025-11-29T14:54:37Z,2025-11-29T14:56:21Z,115.0,-150.0
Collin Gillespie,Denver Nuggets @ Phoenix Suns,2025-11-30T02:10:00Z,player_rebounds,4.5,fanatics,2025-11-29T14:54:37Z,2025-11-29T14:56:21Z,115.0,-150.0
Royce O'Neale,Denver Nuggets @ Phoenix Suns,2025-11-30T02:10:00Z,player_rebounds,5.5,fanatics,2025-11-29T14:54:37Z,2025-11-29T14:56:21Z,100.0,-130.0
Tim Hardaway Jr,Denver Nuggets @ Phoenix Suns,2025-11-30T02:10:00Z,player_rebounds,2.5,fanatics,2025-11-29T14:54:37Z,2025-11-29T14:56:21Z,120.0,-165.0
Oso Ighodaro,Denver Nuggets @ Phoenix Suns,2025-11-30T02:10:00Z,player_rebounds,4.5,fanatics,2025-11-29T14:54:37Z,2025-11-29T14:56:21Z,-150.0,115.0
Nick Richards,Denver Nuggets @ Phoenix Suns,2025-11-30T02:10:00Z,player_rebounds,8.5,fanatics,2025-11-29T14:54:37Z,2025-11-29T14:56:21Z,105.0,-140.0
Nikola Jokic,Denver Nuggets @ Phoenix Suns,2025-11-30T02:10:00Z,player_threes,1.5,fanatics,2025-11-29T14:54:37Z,2025-11-29T14:56:21Z,-175.0,125.0
Jamal Murray,Denver Nuggets @ Phoenix Suns,2025-11-30T02:10:00Z,player_threes,2.5,fanatics,2025-11-29T14:54:37Z,2025-11-29T14:56:21Z,-115.0,-115.0
Devin Booker,Denver Nuggets @ Phoenix Suns,2025-11-30T02:10:00Z,player_threes,2.5,fanatics,2025-11-29T14:54:37Z,2025-11-29T14:56:21Z,130.0,-190.0
Cameron Johnson,Denver Nuggets @ Phoenix Suns,2025-11-30T02:10:00Z,player_threes,1.5,fanatics,2025-11-29T14:54:37Z,2025-11-29T14:56:21Z,-165.0,120.0
Peyton Watson,Denver Nuggets @ Phoenix Suns,2025-11-30T02:10:00Z,player_threes,1.5,fanatics,2025-11-29T14:54:37Z,2025-11-29T14:56:21Z,125.0,-175.0
Collin Gillespie,Denver Nuggets @ Phoenix Suns,2025-11-30T02:10:00Z,player_threes,2.5,fanatics,2025-11-29T14:54:37Z,2025-11-29T14:56:21Z,-125.0,-105.0
Dillon Brooks,Denver Nuggets @ Phoenix Suns,2025-11-30T02:10:00Z,player_threes,2.5,fanatics,2025-11-29T14:54:37Z,2025-11-29T14:56:21Z,-140.0,105.0
Royce O'Neale,Denver Nuggets @ Phoenix Suns,2025-11-30T02:10:00Z,player_threes,3.5,fanatics,2025-11-29T14:54:37Z,2025-11-29T14:56:21Z,125.0,-175.0
Tim Hardaway Jr,Denver Nuggets @ Phoenix Suns,2025-11-30T02:10:00Z,player_threes,2.5,fanatics,2025-11-29T14:54:37Z,2025-11-29T14:56:21Z,120.0,-165.0
Bruce Brown,Denver Nuggets @ Phoenix Suns,2025-11-30T02:10:00Z,player_threes,0.5,fanatics,2025-11-29T14:54:37Z,2025-11-29T14:56:21Z,-125.0,-105.0
Nikola Jokic,Denver Nuggets @ Phoenix Suns,2025-11-30T02:10:00Z,player_triple_double,,fanatics,2025-11-29T14:54:37Z,2025-11-29T14:56:21Z,,
Devin Booker,Denver Nuggets @ Phoenix Suns,2025-11-30T02:10:00Z,player_assists,6.5,betonlineag,2025-11-29T14:54:41Z,2025-11-29T14:56:24Z,-130.0,101.0
Jamal Murray,Denver Nuggets @ Phoenix Suns,2025-11-30T02:10:00Z,player_assists,6.5,betonlineag,2025-11-29T14:54:41Z,2025-11-29T14:56:24Z,-106.0,-122.0
Nikola Jokic,Denver Nuggets @ Phoenix Suns,2025-11-30T02:10:00Z,player_assists,10.5,betonlineag,2025-11-29T14:54:41Z,2025-11-29T14:56:24Z,-114.0,-114.0
Royce O'Neale,Denver Nuggets @ Phoenix Suns,2025-11-30T02:10:00Z,player_assists,2.5,betonlineag,2025-11-29T14:54:41Z,2025-11-29T14:56:24Z,115.0,-149.0
Collin Gillespie,Denver Nuggets @ Phoenix Suns,2025-11-30T02:10:00Z,player_assists,4.5,betonlineag,2025-11-29T14:54:41Z,2025-11-29T14:56:24Z,-154.0,119.0
Cameron Johnson,Denver Nuggets @ Phoenix Suns,2025-11-30T02:10:00Z,player_assists,2.5,betonlineag,2025-11-29T14:54:41Z,2025-11-29T14:56:24Z,115.0,-149.0
Nikola Jokic,Denver Nuggets @ Phoenix Suns,2025-11-30T02:10:00Z,player_points,30.5,betonlineag,2025-11-29T14:54:41Z,2025-11-29T14:56:24Z,-108.0,-120.0
Peyton Watson,Denver Nuggets @ Phoenix Suns,2025-11-30T02:10:00Z,player_points,12.5,betonlineag,2025-11-29T14:54:41Z,2025-11-29T14:56:24Z,-119.0,-109.0
Jamal Murray,Denver Nuggets @ Phoenix Suns,2025-11-30T02:10:00Z,player_points,23.5,betonlineag,2025-11-29T14:54:41Z,2025-11-29T14:56:24Z,-108.0,-120.0
Collin Gillespie,Denver Nuggets @ Phoenix Suns,2025-11-30T02:10:00Z,player_points,14.5,betonlineag,2025-11-29T14:54:41Z,2025-11-29T14:56:24Z,-112.0,-115.0
Royce O'Neale,Denver Nuggets @ Phoenix Suns,2025-11-30T02:10:00Z,player_points,11.5,betonlineag,2025-11-29T14:54:41Z,2025-11-29T14:56:24Z,-108.0,-120.0
Cameron Johnson,Denver Nuggets @ Phoenix Suns,2025-11-30T02:10:00Z,player_points,14.5,betonlineag,2025-11-29T14:54:41Z,2025-11-29T14:56:24Z,-105.0,-123.0
Dillon Brooks,Denver Nuggets @ Phoenix Suns,2025-11-30T02:10:00Z,player_points,19.5,betonlineag,2025-11-29T14:54:41Z,2025-11-29T14:56:24Z,-118.0,-110.0
Tim Hardaway Jr,Denver Nuggets @ Phoenix Suns,2025-11-30T02:10:00Z,player_points,11.5,betonlineag,2025-11-29T14:54:41Z,2025-11-29T14:56:24Z,100.0,-130.0
Oso Ighodaro,Denver Nuggets @ Phoenix Suns,2025-11-30T02:10:00Z,player_points,7.5,betonlineag,2025-11-29T14:54:41Z,2025-11-29T14:56:24Z,-116.0,-111.0
Nick Richards,Denver Nuggets @ Phoenix Suns,2025-11-30T02:10:00Z,player_points,7.5,betonlineag,2025-11-29T14:54:41Z,2025-11-29T14:56:24Z,-115.0,-112.0
Devin Booker,Denver Nuggets @ Phoenix Suns,2025-11-30T02:10:00Z,player_points,25.5,betonlineag,2025-11-29T14:54:41Z,2025-11-29T14:56:24Z,-108.0,-120.0
Bruce Brown,Denver Nuggets @ Phoenix Suns,2025-11-30T02:10:00Z,player_points,8.5,betonlineag,2025-11-29T14:54:41Z,2025-11-29T14:56:24Z,103.0,-133.0
Nikola Jokic,Denver Nuggets @ Phoenix Suns,2025-11-30T02:10:00Z,player_points_rebounds_assists,53.5,betonlineag,2025-11-29T14:54:41Z,2025-11-29T14:56:24Z,-112.0,-118.0
Devin Booker,Denver Nuggets @ Phoenix Suns,2025-11-30T02:10:00Z,player_points_rebounds_assists,36.5,betonlineag,2025-11-29T14:54:41Z,2025-11-29T14:56:24Z,-109.0,-119.0
Jamal Murray,Denver Nuggets @ Phoenix Suns,2025-11-30T02:10:00Z,player_points_rebounds_assists,34.5,betonlineag,2025-11-29T14:54:41Z,2025-11-29T14:56:24Z,-112.0,-116.0
Bruce Brown,Denver Nuggets @ Phoenix Suns,2025-11-30T02:10:00Z,player_points_rebounds_assists,13.5,betonlineag,2025-11-29T14:54:41Z,2025-11-29T14:56:24Z,-118.0,-110.0
Royce O'Neale,Denver Nuggets @ Phoenix Suns,2025-11-30T02:10:00Z,player_points_rebounds_assists,19.5,betonlineag,2025-11-29T14:54:41Z,2025-11-29T14:56:24Z,-109.0,-119.0
Cameron Johnson,Denver Nuggets @ Phoenix Suns,2025-11-30T02:10:00Z,player_points_rebounds_assists,20.5,betonlineag,2025-11-29T14:54:41Z,2025-11-29T14:56:24Z,-119.0,-109.0
Collin Gillespie,Denver Nuggets @ Phoenix Suns,2025-11-30T02:10:00Z,player_points_rebounds_assists,24.5,betonlineag,2025-11-29T14:54:41Z,2025-11-29T14:56:24Z,-106.0,-122.0
Dillon Brooks,Denver Nuggets @ Phoenix Suns,2025-11-30T02:10:00Z,player_points_rebounds_assists,25.5,betonlineag,2025-11-29T14:54:41Z,2025-11-29T14:56:24Z,-102.0,-127.0
Tim Hardaway Jr,Denver Nuggets @ Phoenix Suns,2025-11-30T02:10:00Z,player_points_rebounds_assists,15.5,betonlineag,2025-11-29T14:54:41Z,2025-11-29T14:56:24Z,-101.0,-128.0
Oso Ighodaro,Denver Nuggets @ Phoenix Suns,2025-11-30T02:10:00Z,player_points_rebounds_assists,14.5,betonlineag,2025-11-29T14:54:41Z,2025-11-29T14:56:24Z,-111.0,-116.0
Nick Richards,Denver Nuggets @ Phoenix Suns,2025-11-30T02:10:00Z,player_points_rebounds_assists,16.5,betonlineag,2025-11-29T14:54:41Z,2025-11-29T14:56:24Z,-112.0,-115.0
Peyton Watson,Denver Nuggets @ Phoenix Suns,2025-11-30T02:10:00Z,player_points_rebounds_assists,20.5,betonlineag,2025-11-29T14:54:41Z,2025-11-29T14:56:24Z,-105.0,-123.0
Nikola Jokic,Denver Nuggets @ Phoenix Suns,2025-11-30T02:10:00Z,player_rebounds,12.5,betonlineag,2025-11-29T14:54:41Z,2025-11-29T14:56:24Z,-112.0,-115.0
Jamal Murray,Denver Nuggets @ Phoenix Suns,2025-11-30T02:10:00Z,player_rebounds,3.5,betonlineag,2025-11-29T14:54:41Z,2025-11-29T14:56:24Z,-164.0,125.0
Peyton Watson,Denver Nuggets @ Phoenix Suns,2025-11-30T02:10:00Z,player_rebounds,5.5,betonlineag,2025-11-29T14:54:41Z,2025-11-29T14:56:24Z,-108.0,-120.0
Devin Booker,Denver Nuggets @ Phoenix Suns,2025-11-30T02:10:00Z,player_rebounds,3.5,betonlineag,2025-11-29T14:54:41Z,2025-11-29T14:56:24Z,-156.0,121.0
Bruce Brown,Denver Nuggets @ Phoenix Suns,2025-11-30T02:10:00Z,player_rebounds,3.5,betonlineag,2025-11-29T14:54:41Z,2025-11-29T14:56:24Z,-115.0,-112.0
Royce O'Neale,Denver Nuggets @ Phoenix Suns,2025-11-30T02:10:00Z,player_rebounds,5.5,betonlineag,2025-11-29T14:54:41Z,2025-11-29T14:56:24Z,103.0,-133.0
Cameron Johnson,Denver Nuggets @ Phoenix Suns,2025-11-30T02:10:00Z,player_rebounds,4.5,betonlineag,2025-11-29T14:54:41Z,2025-11-29T14:56:24Z,126.0,-164.0
Dillon Brooks,Denver Nuggets @ Phoenix Suns,2025-11-30T02:10:00Z,player_rebounds,3.5,betonlineag,2025-11-29T14:54:41Z,2025-11-29T14:56:24Z,117.0,-152.0
Collin Gillespie,Denver Nuggets @ Phoenix Suns,2025-11-30T02:10:00Z,player_rebounds,4.5,betonlineag,2025-11-29T14:54:41Z,2025-11-29T14:56:24Z,117.0,-149.0
Tim Hardaway Jr,Denver Nuggets @ Phoenix Suns,2025-11-30T02:10:00Z,player_rebounds,2.5,betonlineag,2025-11-29T14:54:41Z,2025-11-29T14:56:24Z,124.0,-161.0
Oso Ighodaro,Denver Nuggets @ Phoenix Suns,2025-11-30T02:10:00Z,player_rebounds,4.5,betonlineag,2025-11-29T14:54:41Z,2025-11-29T14:56:24Z,-149.0,115.0
Nick Richards,Denver Nuggets @ Phoenix Suns,2025-11-30T02:10:00Z,player_rebounds,8.5,betonlineag,2025-11-29T14:54:41Z,2025-11-29T14:56:24Z,109.0,-141.0
Nikola Jokic,Denver Nuggets @ Phoenix Suns,2025-11-30T02:10:00Z,player_threes,1.5,betonlineag,2025-11-29T14:54:41Z,2025-11-29T14:56:24Z,-167.0,128.0
Jamal Murray,Denver Nuggets @ Phoenix Suns,2025-11-30T02:10:00Z,player_threes,2.5,betonlineag,2025-11-29T14:54:41Z,2025-11-29T14:56:24Z,-110.0,-118.0
Bruce Brown,Denver Nuggets @ Phoenix Suns,2025-11-30T02:10:00Z,player_threes,0.5,betonlineag,2025-11-29T14:54:41Z,2025-11-29T14:56:24Z,-122.0,-106.0
Peyton Watson,Denver Nuggets @ Phoenix Suns,2025-11-30T02:10:00Z,player_threes,1.5,betonlineag,2025-11-29T14:54:41Z,2025-11-29T14:56:24Z,132.0,-172.0
Devin Booker,Denver Nuggets @ Phoenix Suns,2025-11-30T02:10:00Z,player_threes,2.5,betonlineag,2025-11-29T14:54:41Z,2025-11-29T14:56:24Z,141.0,-185.0
Royce O'Neale,Denver Nuggets @ Phoenix Suns,2025-11-30T02:10:00Z,player_threes,3.5,betonlineag,2025-11-29T14:54:41Z,2025-11-29T14:56:24Z,136.0,-179.0
Collin Gillespie,Denver Nuggets @ Phoenix Suns,2025-11-30T02:10:00Z,player_threes,2.5,betonlineag,2025-11-29T14:54:41Z,2025-11-29T14:56:24Z,-128.0,-101.0
Dillon Brooks,Denver Nuggets @ Phoenix Suns,2025-11-30T02:10:00Z,player_threes,2.5,betonlineag,2025-11-29T14:54:41Z,2025-11-29T14:56:24Z,-135.0,105.0
Cameron Johnson,Denver Nuggets @ Phoenix Suns,2025-11-30T02:10:00Z,player_threes,1.5,betonlineag,2025-11-29T14:54:41Z,2025-11-29T14:56:24Z,-149.0,115.0
Tim Hardaway Jr,Denver Nuggets @ Phoenix Suns,2025-11-30T02:10:00Z,player_threes,2.5,betonlineag,2025-11-29T14:54:41Z,2025-11-29T14:56:24Z,124.0,-161.0
Collin Gillespie,Denver Nuggets @ Phoenix Suns,2025-11-30T02:10:00Z,player_assists,4.5,williamhill_us,2025-11-29T14:55:28Z,2025-11-29T14:56:09Z,-154.0,115.0
Devin Booker,Denver Nuggets @ Phoenix Suns,2025-11-30T02:10:00Z,player_assists,6.5,williamhill_us,2025-11-29T14:55:28Z,2025-11-29T14:56:09Z,-130.0,-103.0
Royce O'Neale,Denver Nuggets @ Phoenix Suns,2025-11-30T02:10:00Z,player_assists,2.5,williamhill_us,2025-11-29T14:55:28Z,2025-11-29T14:56:09Z,113.0,-150.0
Jamal Murray,Denver Nuggets @ Phoenix Suns,2025-11-30T02:10:00Z,player_assists,6.5,williamhill_us,2025-11-29T14:55:28Z,2025-11-29T14:56:09Z,-105.0,-127.0
Cameron Johnson,Denver Nuggets @ Phoenix Suns,2025-11-30T02:10:00Z,player_assists,2.5,williamhill_us,2025-11-29T14:55:28Z,2025-11-29T14:56:09Z,106.0,-141.0
Nikola Jokic,Denver Nuggets @ Phoenix Suns,2025-11-30T02:10:00Z,player_assists,10.5,williamhill_us,2025-11-29T14:55:28Z,2025-11-29T14:56:09Z,-117.0,-115.0
Bruce Brown,Denver Nuggets @ Phoenix Suns,2025-11-30T02:10:00Z,player_assists,1.5,williamhill_us,2025-11-29T14:55:28Z,2025-11-29T14:56:09Z,-173.0,128.0
Nikola Jokic,Denver Nuggets @ Phoenix Suns,2025-11-30T02:10:00Z,player_double_double,,williamhill_us,2025-11-29T14:55:28Z,2025-11-29T14:56:09Z,,
Devin Booker,Denver Nuggets @ Phoenix Suns,2025-11-30T02:10:00Z,player_double_double,,williamhill_us,2025-11-29T14:55:28Z,2025-11-29T14:56:09Z,,
Jamal Murray,Denver Nuggets @ Phoenix Suns,2025-11-30T02:10:00Z,player_double_double,,williamhill_us,2025-11-29T14:55:28Z,2025-11-29T14:56:09Z,,
Nick Richards,Denver Nuggets @ Phoenix Suns,2025-11-30T02:10:00Z,player_double_double,,williamhill_us,2025-11-29T14:55:28Z,2025-11-29T14:56:09Z,,
Peyton Watson,Denver Nuggets @ Phoenix Suns,2025-11-30T02:10:00Z,player_double_double,,williamhill_us,2025-11-29T14:55:28Z,2025-11-29T14:56:09Z,,
Collin Gillespie,Denver Nuggets @ Phoenix Suns,2025-11-30T02:10:00Z,player_double_double,,williamhill_us,2025-11-29T14:55:28Z,2025-11-29T14:56:09Z,,
Royce O'Neale,Denver Nuggets @ Phoenix Suns,2025-11-30T02:10:00Z,player_double_double,,williamhill_us,2025-11-29T14:55:28Z,2025-11-29T14:56:09Z,,
Dillon Brooks,Denver Nuggets @ Phoenix Suns,2025-11-30T02:10:00Z,player_points,19.5,williamhill_us,2025-11-29T14:55:28Z,2025-11-29T14:56:09Z,-120.0,-112.0
Jamal Murray,Denver Nuggets @ Phoenix Suns,2025-11-30T02:10:00Z,player_points,23.5,williamhill_us,2025-11-29T14:55:28Z,2025-11-29T14:56:09Z,-111.0,-122.0
Bruce Brown,Denver Nuggets @ Phoenix Suns,2025-11-30T02:10:00Z,player_points,7.5,williamhill_us,2025-11-29T14:55:28Z,2025-11-29T14:56:09Z,-130.0,-103.0
Devin Booker,Denver Nuggets @ Phoenix Suns,2025-11-30T02:10:00Z,player_points,24.5,williamhill_us,2025-11-29T14:55:28Z,2025-11-29T14:56:09Z,-134.0,101.0
Nikola Jokic,Denver Nuggets @ Phoenix Suns,2025-11-30T02:10:00Z,player_points,30.5,williamhill_us,2025-11-29T14:55:28Z,2025-11-29T14:56:09Z,-107.0,-125.0
Cameron Johnson,Denver Nuggets @ Phoenix Suns,2025-11-30T02:10:00Z,player_points,14.5,williamhill_us,2025-11-29T14:55:28Z,2025-11-29T14:56:09Z,-109.0,-122.0
Peyton Watson,Denver Nuggets @ Phoenix Suns,2025-11-30T02:10:00Z,player_points,12.5,williamhill_us,2025-11-29T14:55:28Z,2025-11-29T14:56:09Z,-118.0,-113.0
Collin Gillespie,Denver Nuggets @ Phoenix Suns,2025-11-30T02:10:00Z,player_points,14.5,williamhill_us,2025-11-29T14:55:28Z,2025-11-29T14:56:09Z,-118.0,-113.0
Royce O'Neale,Denver Nuggets @ Phoenix Suns,2025-11-30T02:10:00Z,player_points,11.5,williamhill_us,2025-11-29T14:55:28Z,2025-11-29T14:56:09Z,-107.0,-125.0
Royce O'Neale,Denver Nuggets @ Phoenix Suns,2025-11-30T02:10:00Z,player_rebounds,5.5,williamhill_us,2025-11-29T14:55:28Z,2025-11-29T14:56:09Z,105.0,-138.0
Nick Richards,Denver Nuggets @ Phoenix Suns,2025-11-30T02:10:00Z,player_rebounds,8.5,williamhill_us,2025-11-29T14:55:28Z,2025-11-29T14:56:09Z,107.0,-143.0
Bruce Brown,Denver Nuggets @ Phoenix Suns,2025-11-30T02:10:00Z,player_rebounds,3.5,williamhill_us,2025-11-29T14:55:28Z,2025-11-29T14:56:09Z,-120.0,-112.0
Peyton Watson,Denver Nuggets @ Phoenix Suns,2025-11-30T02:10:00Z,player_rebounds,5.5,williamhill_us,2025-11-29T14:55:28Z,2025-11-29T14:56:09Z,-113.0,-118.0
Jamal Murray,Denver Nuggets @ Phoenix Suns,2025-11-30T02:10:00Z,player_rebounds,3.5,williamhill_us,2025-11-29T14:55:28Z,2025-11-29T14:56:09Z,-162.0,120.0
Collin Gillespie,Denver Nuggets @ Phoenix Suns,2025-11-30T02:10:00Z,player_rebounds,4.5,williamhill_us,2025-11-29T14:55:28Z,2025-11-29T14:56:09Z,112.0,-150.0
Devin Booker,Denver Nuggets @ Phoenix Suns,2025-11-30T02:10:00Z,player_rebounds,3.5,williamhill_us,2025-11-29T14:55:28Z,2025-11-29T14:56:09Z,-164.0,122.0
Cameron Johnson,Denver Nuggets @ Phoenix Suns,2025-11-30T02:10:00Z,player_rebounds,4.5,williamhill_us,2025-11-29T14:55:28Z,2025-11-29T14:56:09Z,118.0,-159.0
Nikola Jokic,Denver Nuggets @ Phoenix Suns,2025-11-30T02:10:00Z,player_rebounds,12.5,williamhill_us,2025-11-29T14:55:28Z,2025-11-29T14:56:09Z,-115.0,-115.0
Dillon Brooks,Denver Nuggets @ Phoenix Suns,2025-11-30T02:10:00Z,player_rebounds,3.5,williamhill_us,2025-11-29T14:55:28Z,2025-11-29T14:56:09Z,112.0,-150.0
Collin Gillespie,Denver Nuggets @ Phoenix Suns,2025-11-30T02:10:00Z,player_threes,2.5,williamhill_us,2025-11-29T14:55:28Z,2025-11-29T14:56:09Z,-129.0,-104.0
Cameron Johnson,Denver Nuggets @ Phoenix Suns,2025-11-30T02:10:00Z,player_threes,1.5,williamhill_us,2025-11-29T14:55:28Z,2025-11-29T14:56:09Z,-152.0,114.0
Royce O'Neale,Denver Nuggets @ Phoenix Suns,2025-11-30T02:10:00Z,player_threes,3.5,williamhill_us,2025-11-29T14:55:28Z,2025-11-29T14:56:09Z,130.0,-176.0
Tim Hardaway Jr,Denver Nuggets @ Phoenix Suns,2025-11-30T02:10:00Z,player_threes,2.5,williamhill_us,2025-11-29T14:55:28Z,2025-11-29T14:56:09Z,125.0,-170.0
Nikola Jokic,Denver Nuggets @ Phoenix Suns,2025-11-30T02:10:00Z,player_threes,1.5,williamhill_us,2025-11-29T14:55:28Z,2025-11-29T14:56:09Z,-173.0,128.0
Peyton Watson,Denver Nuggets @ Phoenix Suns,2025-11-30T02:10:00Z,player_threes,1.5,williamhill_us,2025-11-29T14:55:28Z,2025-11-29T14:56:09Z,126.0,-170.0
Devin Booker,Denver Nuggets @ Phoenix Suns,2025-11-30T02:10:00Z,player_threes,2.5,williamhill_us,2025-11-29T14:55:28Z,2025-11-29T14:56:09Z,139.0,-190.0
Dillon Brooks,Denver Nuggets @ Phoenix Suns,2025-11-30T02:10:00Z,player_threes,2.5,williamhill_us,2025-11-29T14:55:28Z,2025-11-29T14:56:09Z,-141.0,106.0
Jamal Murray,Denver Nuggets @ Phoenix Suns,2025-11-30T02:10:00Z,player_threes,2.5,williamhill_us,2025-11-29T14:55:28Z,2025-11-29T14:56:09Z,-118.0,-113.0
Nikola Jokic,Denver Nuggets @ Phoenix Suns,2025-11-30T02:10:00Z,player_triple_double,,williamhill_us,2025-11-29T14:55:28Z,2025-11-29T14:56:09Z,,
Nikola Jokic,Denver Nuggets @ Phoenix Suns,2025-11-30T02:10:00Z,player_assists,10.5,draftkings,2025-11-29T14:54:37Z,2025-11-29T14:55:58Z,-116.0,-114.0
Devin Booker,Denver Nuggets @ Phoenix Suns,2025-11-30T02:10:00Z,player_assists,6.5,draftkings,2025-11-29T14:54:37Z,2025-11-29T14:55:58Z,-138.0,105.0
Jamal Murray,Denver Nuggets @ Phoenix Suns,2025-11-30T02:10:00Z,player_assists,6.5,draftkings,2025-11-29T14:54:37Z,2025-11-29T14:55:58Z,-102.0,-129.0
Collin Gillespie,Denver Nuggets @ Phoenix Suns,2025-11-30T02:10:00Z,player_assists,4.5,draftkings,2025-11-29T14:54:37Z,2025-11-29T14:55:58Z,-149.0,113.0
Royce O'Neale,Denver Nuggets @ Phoenix Suns,2025-11-30T02:10:00Z,player_assists,2.5,draftkings,2025-11-29T14:54:37Z,2025-11-29T14:55:58Z,106.0,-139.0
Cameron Johnson,Denver Nuggets @ Phoenix Suns,2025-11-30T02:10:00Z,player_assists,2.5,draftkings,2025-11-29T14:54:37Z,2025-11-29T14:55:58Z,122.0,-161.0
Nikola Jokic,Denver Nuggets @ Phoenix Suns,2025-11-30T02:10:00Z,player_blocks,0.5,draftkings,2025-11-29T14:54:37Z,2025-11-29T14:55:58Z,-101.0,-131.0
Nikola Jokic,Denver Nuggets @ Phoenix Suns,2025-11-30T02:10:00Z,player_double_double,,draftkings,2025-11-29T14:54:37Z,2025-11-29T14:55:58Z,,
Devin Booker,Denver Nuggets @ Phoenix Suns,2025-11-30T02:10:00Z,player_double_double,,draftkings,2025-11-29T14:54:37Z,2025-11-29T14:55:58Z,,
Jamal Murray,Denver Nuggets @ Phoenix Suns,2025-11-30T02:10:00Z,player_double_double,,draftkings,2025-11-29T14:54:37Z,2025-11-29T14:55:58Z,,
Nick Richards,Denver Nuggets @ Phoenix Suns,2025-11-30T02:10:00Z,player_double_double,,draftkings,2025-11-29T14:54:37Z,2025-11-29T14:55:58Z,,
Peyton Watson,Denver Nuggets @ Phoenix Suns,2025-11-30T02:10:00Z,player_double_double,,draftkings,2025-11-29T14:54:37Z,2025-11-29T14:55:58Z,,
Collin Gillespie,Denver Nuggets @ Phoenix Suns,2025-11-30T02:10:00Z,player_double_double,,draftkings,2025-11-29T14:54:37Z,2025-11-29T14:55:58Z,,
Royce O'Neale,Denver Nuggets @ Phoenix Suns,2025-11-30T02:10:00Z,player_double_double,,draftkings,2025-11-29T14:54:37Z,2025-11-29T14:55:58Z,,
Cameron Johnson,Denver Nuggets @ Phoenix Suns,2025-11-30T02:10:00Z,player_double_double,,draftkings,2025-11-29T14:54:37Z,2025-11-29T14:55:58Z,,
Nikola Jokic,Denver Nuggets @ Phoenix Suns,2025-11-30T02:10:00Z,player_points,30.5,draftkings,2025-11-29T14:54:37Z,2025-11-29T14:55:58Z,-114.0,-112.0
Devin Booker,Denver Nuggets @ Phoenix Suns,2025-11-30T02:10:00Z,player_points,25.5,draftkings,2025-11-29T14:54:37Z,2025-11-29T14:55:58Z,-106.0,-121.0
Jamal Murray,Denver Nuggets @ Phoenix Suns,2025-11-30T02:10:00Z,player_points,22.5,draftkings,2025-11-29T14:54:37Z,2025-11-29T14:55:58Z,-117.0,-109.0
Dillon Brooks,Denver Nuggets @ Phoenix Suns,2025-11-30T02:10:00Z,player_points,19.5,draftkings,2025-11-29T14:54:37Z,2025-11-29T14:55:58Z,-119.0,-108.0
Collin Gillespie,Denver Nuggets @ Phoenix Suns,2025-11-30T02:10:00Z,player_points,14.5,draftkings,2025-11-29T14:54:37Z,2025-11-29T14:55:58Z,-115.0,-111.0
Cameron Johnson,Denver Nuggets @ Phoenix Suns,2025-11-30T02:10:00Z,player_points,14.5,draftkings,2025-11-29T14:54:37Z,2025-11-29T14:55:58Z,-105.0,-121.0
Peyton Watson,Denver Nuggets @ Phoenix Suns,2025-11-30T02:10:00Z,player_points,12.5,draftkings,2025-11-29T14:54:37Z,2025-11-29T14:55:58Z,-127.0,-101.0
Royce O'Neale,Denver Nuggets @ Phoenix Suns,2025-11-30T02:10:00Z,player_points,11.5,draftkings,2025-11-29T14:54:37Z,2025-11-29T14:55:58Z,-114.0,-112.0
Bruce Brown,Denver Nuggets @ Phoenix Suns,2025-11-30T02:10:00Z,player_points,8.5,draftkings,2025-11-29T14:54:37Z,2025-11-29T14:55:58Z,-102.0,-126.0
Nikola Jokic,Denver Nuggets @ Phoenix Suns,2025-11-30T02:10:00Z,player_points_rebounds_assists,54.5,draftkings,2025-11-29T14:54:37Z,2025-11-29T14:55:58Z,-109.0,-120.0
Devin Booker,Denver Nuggets @ Phoenix Suns,2025-11-30T02:10:00Z,player_points_rebounds_assists,36.5,draftkings,2025-11-29T14:54:37Z,2025-11-29T14:55:58Z,-112.0,-117.0
Jamal Murray,Denver Nuggets @ Phoenix Suns,2025-11-30T02:10:00Z,player_points_rebounds_assists,33.5,draftkings,2025-11-29T14:54:37Z,2025-11-29T14:55:58Z,-109.0,-121.0
Collin Gillespie,Denver Nuggets @ Phoenix Suns,2025-11-30T02:10:00Z,player_points_rebounds_assists,24.5,draftkings,2025-11-29T14:54:37Z,2025-11-29T14:55:58Z,-105.0,-125.0
Cameron Johnson,Denver Nuggets @ Phoenix Suns,2025-11-30T02:10:00Z,player_points_rebounds_assists,20.5,draftkings,2025-11-29T14:54:37Z,2025-11-29T14:55:58Z,-125.0,-105.0
Royce O'Neale,Denver Nuggets @ Phoenix Suns,2025-11-30T02:10:00Z,player_points_rebounds_assists,19.5,draftkings,2025-11-29T14:54:37Z,2025-11-29T14:55:58Z,-112.0,-117.0
Nikola Jokic,Denver Nuggets @ Phoenix Suns,2025-11-30T02:10:00Z,player_rebounds,12.5,draftkings,2025-11-29T14:54:37Z,2025-11-29T14:55:58Z,-111.0,-119.0
Peyton Watson,Denver Nuggets @ Phoenix Suns,2025-11-30T02:10:00Z,player_rebounds,5.5,draftkings,2025-11-29T14:54:37Z,2025-11-29T14:55:58Z,-105.0,-125.0
Royce O'Neale,Denver Nuggets @ Phoenix Suns,2025-11-30T02:10:00Z,player_rebounds,5.5,draftkings,2025-11-29T14:54:37Z,2025-11-29T14:55:58Z,101.0,-133.0
Collin Gillespie,Denver Nuggets @ Phoenix Suns,2025-11-30T02:10:00Z,player_rebounds,4.5,draftkings,2025-11-29T14:54:37Z,2025-11-29T14:55:58Z,109.0,-144.0
Cameron Johnson,Denver Nuggets @ Phoenix Suns,2025-11-30T02:10:00Z,player_rebounds,4.5,draftkings,2025-11-29T14:54:37Z,2025-11-29T14:55:58Z,119.0,-157.0
Jamal Murray,Denver Nuggets @ Phoenix Suns,2025-11-30T02:10:00Z,player_rebounds,3.5,draftkings,2025-11-29T14:54:37Z,2025-11-29T14:55:58Z,-158.0,120.0
Devin Booker,Denver Nuggets @ Phoenix Suns,2025-11-30T02:10:00Z,player_rebounds,3.5,draftkings,2025-11-29T14:54:37Z,2025-11-29T14:55:58Z,-152.0,115.0
Bruce Brown,Denver Nuggets @ Phoenix Suns,2025-11-30T02:10:00Z,player_rebounds,3.5,draftkings,2025-11-29T14:54:37Z,2025-11-29T14:55:58Z,-115.0,-114.0
Dillon Brooks,Denver Nuggets @ Phoenix Suns,2025-11-30T02:10:00Z,player_rebounds,3.5,draftkings,2025-11-29T14:54:37Z,2025-11-29T14:55:58Z,117.0,-155.0
Nikola Jokic,Denver Nuggets @ Phoenix Suns,2025-11-30T02:10:00Z,player_steals,1.5,draftkings,2025-11-29T14:54:37Z,2025-11-29T14:55:58Z,-125.0,-106.0
Dillon Brooks,Denver Nuggets @ Phoenix Suns,2025-11-30T02:10:00Z,player_steals,1.5,draftkings,2025-11-29T14:54:37Z,2025-11-29T14:55:58Z,153.0,-205.0
Jamal Murray,Denver Nuggets @ Phoenix Suns,2025-11-30T02:10:00Z,player_steals,1.5,draftkings,2025-11-29T14:54:37Z,2025-11-29T14:55:58Z,163.0,-219.0
Devin Booker,Denver Nuggets @ Phoenix Suns,2025-11-30T02:10:00Z,player_steals,0.5,draftkings,2025-11-29T14:54:37Z,2025-11-29T14:55:58Z,-205.0,152.0
Royce O'Neale,Denver Nuggets @ Phoenix Suns,2025-11-30T02:10:00Z,player_threes,3.5,draftkings,2025-11-29T14:54:37Z,2025-11-29T14:55:58Z,123.0,-162.0
Dillon Brooks,Denver Nuggets @ Phoenix Suns,2025-11-30T02:10:00Z,player_threes,2.5,draftkings,2025-11-29T14:54:37Z,2025-11-29T14:55:58Z,-137.0,104.0
Collin Gillespie,Denver Nuggets @ Phoenix Suns,2025-11-30T02:10:00Z,player_threes,2.5,draftkings,2025-11-29T14:54:37Z,2025-11-29T14:55:58Z,-124.0,-106.0
Jamal Murray,Denver Nuggets @ Phoenix Suns,2025-11-30T02:10:00Z,player_threes,2.5,draftkings,2025-11-29T14:54:37Z,2025-11-29T14:55:58Z,100.0,-131.0
Devin Booker,Denver Nuggets @ Phoenix Suns,2025-11-30T02:10:00Z,player_threes,2.5,draftkings,2025-11-29T14:54:37Z,2025-11-29T14:55:58Z,131.0,-174.0
Nikola Jokic,Denver Nuggets @ Phoenix Suns,2025-11-30T02:10:00Z,player_threes,1.5,draftkings,2025-11-29T14:54:37Z,2025-11-29T14:55:58Z,-167.0,126.0
Cameron Johnson,Denver Nuggets @ Phoenix Suns,2025-11-30T02:10:00Z,player_threes,1.5,draftkings,2025-11-29T14:54:37Z,2025-11-29T14:55:58Z,-146.0,111.0
Peyton Watson,Denver Nuggets @ Phoenix Suns,2025-11-30T02:10:00Z,player_threes,1.5,draftkings,2025-11-29T14:54:37Z,2025-11-29T14:55:58Z,138.0,-183.0
Nikola Jokic,Denver Nuggets @ Phoenix Suns,2025-11-30T02:10:00Z,player_triple_double,,draftkings,2025-11-29T14:54:37Z,2025-11-29T14:55:58Z,,
Devin Booker,Denver Nuggets @ Phoenix Suns,2025-11-30T02:10:00Z,player_triple_double,,draftkings,2025-11-29T14:54:37Z,2025-11-29T14:55:58Z,,
Nikola Jokic,Denver Nuggets @ Phoenix Suns,2025-11-30T02:10:00Z,player_double_double,,bovada,2025-11-29T14:55:30Z,2025-11-29T14:55:41Z,,
Devin Booker,Denver Nuggets @ Phoenix Suns,2025-11-30T02:10:00Z,player_double_double,,bovada,2025-11-29T14:55:30Z,2025-11-29T14:55:41Z,,
Jamal Murray,Denver Nuggets @ Phoenix Suns,2025-11-30T02:10:00Z,player_double_double,,bovada,2025-11-29T14:55:30Z,2025-11-29T14:55:41Z,,
Nikola Jokic,Denver Nuggets @ Phoenix Suns,2025-11-30T02:10:00Z,player_triple_double,,bovada,2025-11-29T14:55:30Z,2025-11-29T14:55:41Z,,
Devin Booker,Denver Nuggets @ Phoenix Suns,2025-11-30T02:10:00Z,player_triple_double,,bovada,2025-11-29T14:55:30Z,2025-11-29T14:55:41Z,,
Royce O'Neale,Denver Nuggets @ Phoenix Suns,2025-11-30T02:10:00Z,player_assists,2.5,betrivers,2025-11-29T14:54:40Z,2025-11-29T14:55:44Z,123.0,-165.0
Collin Gillespie,Denver Nuggets @ Phoenix Suns,2025-11-30T02:10:00Z,player_assists,4.5,betrivers,2025-11-29T14:54:40Z,2025-11-29T14:55:44Z,-148.0,110.0
Devin Booker,Denver Nuggets @ Phoenix Suns,2025-11-30T02:10:00Z,player_assists,6.5,betrivers,2025-11-29T14:54:40Z,2025-11-29T14:55:44Z,-121.0,-109.0
Nikola Jokic,Denver Nuggets @ Phoenix Suns,2025-11-30T02:10:00Z,player_assists,10.5,betrivers,2025-11-29T14:54:40Z,2025-11-29T14:55:44Z,-124.0,-108.0
Bruce Brown,Denver Nuggets @ Phoenix Suns,2025-11-30T02:10:00Z,player_assists,2.5,betrivers,2025-11-29T14:54:40Z,2025-11-29T14:55:44Z,138.0,-182.0
Cameron Johnson,Denver Nuggets @ Phoenix Suns,2025-11-30T02:10:00Z,player_assists,2.5,betrivers,2025-11-29T14:54:40Z,2025-11-29T14:55:44Z,105.0,-139.0
Jamal Murray,Denver Nuggets @ Phoenix Suns,2025-11-30T02:10:00Z,player_assists,6.5,betrivers,2025-11-29T14:54:40Z,2025-11-29T14:55:44Z,100.0,-132.0
Devin Booker,Denver Nuggets @ Phoenix Suns,2025-11-30T02:10:00Z,player_points,24.5,betrivers,2025-11-29T14:54:40Z,2025-11-29T14:55:44Z,-125.0,-107.0
Collin Gillespie,Denver Nuggets @ Phoenix Suns,2025-11-30T02:10:00Z,player_points,14.5,betrivers,2025-11-29T14:54:40Z,2025-11-29T14:55:44Z,-118.0,-113.0
Nikola Jokic,Denver Nuggets @ Phoenix Suns,2025-11-30T02:10:00Z,player_points,30.5,betrivers,2025-11-29T14:54:40Z,2025-11-29T14:55:44Z,-107.0,-124.0
Bruce Brown,Denver Nuggets @ Phoenix Suns,2025-11-30T02:10:00Z,player_points,7.5,betrivers,2025-11-29T14:54:40Z,2025-11-29T14:55:44Z,-130.0,-103.0
Jamal Murray,Denver Nuggets @ Phoenix Suns,2025-11-30T02:10:00Z,player_points,23.5,betrivers,2025-11-29T14:54:40Z,2025-11-29T14:55:44Z,-122.0,-109.0
Peyton Watson,Denver Nuggets @ Phoenix Suns,2025-11-30T02:10:00Z,player_points,12.5,betrivers,2025-11-29T14:54:40Z,2025-11-29T14:55:44Z,-118.0,-113.0
Cameron Johnson,Denver Nuggets @ Phoenix Suns,2025-11-30T02:10:00Z,player_points,14.5,betrivers,2025-11-29T14:54:40Z,2025-11-29T14:55:44Z,-108.0,-124.0
Royce O'Neale,Denver Nuggets @ Phoenix Suns,2025-11-30T02:10:00Z,player_points,11.5,betrivers,2025-11-29T14:54:40Z,2025-11-29T14:55:44Z,-107.0,-124.0
Dillon Brooks,Denver Nuggets @ Phoenix Suns,2025-11-30T02:10:00Z,player_points,19.5,betrivers,2025-11-29T14:54:40Z,2025-11-29T14:55:44Z,-120.0,-112.0
Devin Booker,Denver Nuggets @ Phoenix Suns,2025-11-30T02:10:00Z,player_points_rebounds_assists,36.5,betrivers,2025-11-29T14:54:40Z,2025-11-29T14:55:44Z,-113.0,-118.0
Collin Gillespie,Denver Nuggets @ Phoenix Suns,2025-11-30T02:10:00Z,player_points_rebounds_assists,24.5,betrivers,2025-11-29T14:54:40Z,2025-11-29T14:55:44Z,-112.0,-120.0
Royce O'Neale,Denver Nuggets @ Phoenix Suns,2025-11-30T02:10:00Z,player_points_rebounds_assists,19.5,betrivers,2025-11-29T14:54:40Z,2025-11-29T14:55:44Z,-109.0,-121.0
Nikola Jokic,Denver Nuggets @ Phoenix Suns,2025-11-30T02:10:00Z,player_points_rebounds_assists,54.5,betrivers,2025-11-29T14:54:40Z,2025-11-29T14:55:44Z,-112.0,-120.0
Jamal Murray,Denver Nuggets @ Phoenix Suns,2025-11-30T02:10:00Z,player_points_rebounds_assists,35.5,betrivers,2025-11-29T14:54:40Z,2025-11-29T14:55:44Z,-108.0,-124.0
Cameron Johnson,Denver Nuggets @ Phoenix Suns,2025-11-30T02:10:00Z,player_points_rebounds_assists,21.5,betrivers,2025-11-29T14:54:40Z,2025-11-29T14:55:44Z,-109.0,-122.0
Bruce Brown,Denver Nuggets @ Phoenix Suns,2025-11-30T02:10:00Z,player_points_rebounds_assists,13.5,betrivers,2025-11-29T14:54:40Z,2025-11-29T14:55:44Z,-124.0,-108.0
Devin Booker,Denver Nuggets @ Phoenix Suns,2025-11-30T02:10:00Z,player_rebounds,4.5,betrivers,2025-11-29T14:54:40Z,2025-11-29T14:55:44Z,123.0,-165.0
Royce O'Neale,Denver Nuggets @ Phoenix Suns,2025-11-30T02:10:00Z,player_rebounds,5.5,betrivers,2025-11-29T14:54:40Z,2025-11-29T14:55:44Z,-106.0,-127.0
Bruce Brown,Denver Nuggets @ Phoenix Suns,2025-11-30T02:10:00Z,player_rebounds,3.5,betrivers,2025-11-29T14:54:40Z,2025-11-29T14:55:44Z,-117.0,-114.0
Nikola Jokic,Denver Nuggets @ Phoenix Suns,2025-11-30T02:10:00Z,player_rebounds,12.5,betrivers,2025-11-29T14:54:40Z,2025-11-29T14:55:44Z,-108.0,-124.0
Jamal Murray,Denver Nuggets @ Phoenix Suns,2025-11-30T02:10:00Z,player_rebounds,4.5,betrivers,2025-11-29T14:54:40Z,2025-11-29T14:55:44Z,123.0,-165.0
Peyton Watson,Denver Nuggets @ Phoenix Suns,2025-11-30T02:10:00Z,player_rebounds,5.5,betrivers,2025-11-29T14:54:40Z,2025-11-29T14:55:44Z,-117.0,-114.0
Collin Gillespie,Denver Nuggets @ Phoenix Suns,2025-11-30T02:10:00Z,player_rebounds,3.5,betrivers,2025-11-29T14:54:40Z,2025-11-29T14:55:44Z,-159.0,118.0
Cameron Johnson,Denver Nuggets @ Phoenix Suns,2025-11-30T02:10:00Z,player_rebounds,4.5,betrivers,2025-11-29T14:54:40Z,2025-11-29T14:55:44Z,123.0,-165.0
Dillon Brooks,Denver Nuggets @ Phoenix Suns,2025-11-30T02:10:00Z,player_rebounds,3.5,betrivers,2025-11-29T14:54:40Z,2025-11-29T14:55:44Z,112.0,-150.0
Cameron Johnson,Denver Nuggets @ Phoenix Suns,2025-11-30T02:10:00Z,player_threes,1.5,betrivers,2025-11-29T14:54:40Z,2025-11-29T14:55:44Z,-150.0,112.0
Jamal Murray,Denver Nuggets @ Phoenix Suns,2025-11-30T02:10:00Z,player_threes,2.5,betrivers,2025-11-29T14:54:40Z,2025-11-29T14:55:44Z,-109.0,-122.0
Peyton Watson,Denver Nuggets @ Phoenix Suns,2025-11-30T02:10:00Z,player_threes,1.5,betrivers,2025-11-29T14:54:40Z,2025-11-29T14:55:44Z,130.0,-175.0
Collin Gillespie,Denver Nuggets @ Phoenix Suns,2025-11-30T02:10:00Z,player_threes,2.5,betrivers,2025-11-29T14:54:40Z,2025-11-29T14:55:44Z,-129.0,-104.0
Royce O'Neale,Denver Nuggets @ Phoenix Suns,2025-11-30T02:10:00Z,player_threes,2.5,betrivers,2025-11-29T14:54:40Z,2025-11-29T14:55:44Z,-165.0,123.0
Devin Booker,Denver Nuggets @ Phoenix Suns,2025-11-30T02:10:00Z,player_threes,2.5,betrivers,2025-11-29T14:54:40Z,2025-11-29T14:55:44Z,143.0,-195.0
Dillon Brooks,Denver Nuggets @ Phoenix Suns,2025-11-30T02:10:00Z,player_threes,2.5,betrivers,2025-11-29T14:54:40Z,2025-11-29T14:55:44Z,-132.0,100.0
Nikola Jokic,Denver Nuggets @ Phoenix Suns,2025-11-30T02:10:00Z,player_threes,1.5,betrivers,2025-11-29T14:54:40Z,2025-11-29T14:55:44Z,-175.0,130.0
Tim Hardaway Jr,Denver Nuggets @ Phoenix Suns,2025-11-30T02:10:00Z,player_assists,1.5,betmgm,2025-11-29T14:54:38Z,2025-11-29T14:56:25Z,105.0,-140.0
Oso Ighodaro,Denver Nuggets @ Phoenix Suns,2025-11-30T02:10:00Z,player_assists,1.5,betmgm,2025-11-29T14:54:38Z,2025-11-29T14:56:25Z,-150.0,110.0
Bruce Brown,Denver Nuggets @ Phoenix Suns,2025-11-30T02:10:00Z,player_assists,1.5,betmgm,2025-11-29T14:54:38Z,2025-11-29T14:56:25Z,-150.0,110.0
Royce O'Neale,Denver Nuggets @ Phoenix Suns,2025-11-30T02:10:00Z,player_assists,2.5,betmgm,2025-11-29T14:54:38Z,2025-11-29T14:56:25Z,115.0,-155.0
Nick Richards,Denver Nuggets @ Phoenix Suns,2025-11-30T02:10:00Z,player_assists,0.5,betmgm,2025-11-29T14:54:38Z,2025-11-29T14:56:25Z,-110.0,-125.0
Nikola Jokic,Denver Nuggets @ Phoenix Suns,2025-11-30T02:10:00Z,player_assists,9.5,betmgm,2025-11-29T14:54:38Z,2025-11-29T14:56:25Z,-145.0,105.0
Devin Booker,Denver Nuggets @ Phoenix Suns,2025-11-30T02:10:00Z,player_assists,6.5,betmgm,2025-11-29T14:54:38Z,2025-11-29T14:56:25Z,-135.0,100.0
Cameron Johnson,Denver Nuggets @ Phoenix Suns,2025-11-30T02:10:00Z,player_assists,2.5,betmgm,2025-11-29T14:54:38Z,2025-11-29T14:56:25Z,105.0,-140.0
Dillon Brooks,Denver Nuggets @ Phoenix Suns,2025-11-30T02:10:00Z,player_assists,1.5,betmgm,2025-11-29T14:54:38Z,2025-11-29T14:56:25Z,-125.0,-105.0
Jamal Murray,Denver Nuggets @ Phoenix Suns,2025-11-30T02:10:00Z,player_assists,6.5,betmgm,2025-11-29T14:54:38Z,2025-11-29T14:56:25Z,-110.0,-120.0
Collin Gillespie,Denver Nuggets @ Phoenix Suns,2025-11-30T02:10:00Z,player_assists,4.5,betmgm,2025-11-29T14:54:38Z,2025-11-29T14:56:25Z,-160.0,120.0
Royce O'Neale,Denver Nuggets @ Phoenix Suns,2025-11-30T02:10:00Z,player_blocks,0.5,betmgm,2025-11-29T14:54:38Z,2025-11-29T14:56:25Z,240.0,-350.0
Collin Gillespie,Denver Nuggets @ Phoenix Suns,2025-11-30T02:10:00Z,player_blocks,0.5,betmgm,2025-11-29T14:54:38Z,2025-11-29T14:56:25Z,230.0,-350.0
Nick Richards,Denver Nuggets @ Phoenix Suns,2025-11-30T02:10:00Z,player_blocks,0.5,betmgm,2025-11-29T14:54:38Z,2025-11-29T14:56:25Z,-190.0,135.0
Nikola Jokic,Denver Nuggets @ Phoenix Suns,2025-11-30T02:10:00Z,player_blocks,0.5,betmgm,2025-11-29T14:54:38Z,2025-11-29T14:56:25Z,-105.0,-135.0
Devin Booker,Denver Nuggets @ Phoenix Suns,2025-11-30T02:10:00Z,player_blocks,0.5,betmgm,2025-11-29T14:54:38Z,2025-11-29T14:56:25Z,185.0,-275.0
Cameron Johnson,Denver Nuggets @ Phoenix Suns,2025-11-30T02:10:00Z,player_blocks,0.5,betmgm,2025-11-29T14:54:38Z,2025-11-29T14:56:25Z,230.0,-350.0
Dillon Brooks,Denver Nuggets @ Phoenix Suns,2025-11-30T02:10:00Z,player_blocks,0.5,betmgm,2025-11-29T14:54:38Z,2025-11-29T14:56:25Z,350.0,-625.0
Jamal Murray,Denver Nuggets @ Phoenix Suns,2025-11-30T02:10:00Z,player_blocks,0.5,betmgm,2025-11-29T14:54:38Z,2025-11-29T14:56:25Z,230.0,-350.0
Royce O'Neale,Denver Nuggets @ Phoenix Suns,2025-11-30T02:10:00Z,player_double_double,,betmgm,2025-11-29T14:54:38Z,2025-11-29T14:56:25Z,,
Collin Gillespie,Denver Nuggets @ Phoenix Suns,2025-11-30T02:10:00Z,player_double_double,,betmgm,2025-11-29T14:54:38Z,2025-11-29T14:56:25Z,,
Nick Richards,Denver Nuggets @ Phoenix Suns,2025-11-30T02:10:00Z,player_double_double,,betmgm,2025-11-29T14:54:38Z,2025-11-29T14:56:25Z,,
Nikola Jokic,Denver Nuggets @ Phoenix Suns,2025-11-30T02:10:00Z,player_double_double,,betmgm,2025-11-29T14:54:38Z,2025-11-29T14:56:25Z,,
Devin Booker,Denver Nuggets @ Phoenix Suns,2025-11-30T02:10:00Z,player_double_double,,betmgm,2025-11-29T14:54:38Z,2025-11-29T14:56:25Z,,
Cameron Johnson,Denver Nuggets @ Phoenix Suns,2025-11-30T02:10:00Z,player_double_double,,betmgm,2025-11-29T14:54:38Z,2025-11-29T14:56:25Z,,
Jamal Murray,Denver Nuggets @ Phoenix Suns,2025-11-30T02:10:00Z,player_double_double,,betmgm,2025-11-29T14:54:38Z,2025-11-29T14:56:25Z,,
Tim Hardaway Jr,Denver Nuggets @ Phoenix Suns,2025-11-30T02:10:00Z,player_points,10.5,betmgm,2025-11-29T14:54:38Z,2025-11-29T14:56:25Z,-118.0,-110.0
Oso Ighodaro,Denver Nuggets @ Phoenix Suns,2025-11-30T02:10:00Z,player_points,7.5,betmgm,2025-11-29T14:54:38Z,2025-11-29T14:56:25Z,-105.0,-130.0
Bruce Brown,Denver Nuggets @ Phoenix Suns,2025-11-30T02:10:00Z,player_points,7.5,betmgm,2025-11-29T14:54:38Z,2025-11-29T14:56:25Z,-135.0,100.0
Royce O'Neale,Denver Nuggets @ Phoenix Suns,2025-11-30T02:10:00Z,player_points,11.5,betmgm,2025-11-29T14:54:38Z,2025-11-29T14:56:25Z,-105.0,-125.0
Collin Gillespie,Denver Nuggets @ Phoenix Suns,2025-11-30T02:10:00Z,player_points,14.5,betmgm,2025-11-29T14:54:38Z,2025-11-29T14:56:25Z,-130.0,-105.0
Nick Richards,Denver Nuggets @ Phoenix Suns,2025-11-30T02:10:00Z,player_points,7.5,betmgm,2025-11-29T14:54:38Z,2025-11-29T14:56:25Z,-110.0,-120.0
Devin Booker,Denver Nuggets @ Phoenix Suns,2025-11-30T02:10:00Z,player_points,26.5,betmgm,2025-11-29T14:54:38Z,2025-11-29T14:56:25Z,-105.0,-125.0
Cameron Johnson,Denver Nuggets @ Phoenix Suns,2025-11-30T02:10:00Z,player_points,14.5,betmgm,2025-11-29T14:54:38Z,2025-11-29T14:56:25Z,-105.0,-130.0
Dillon Brooks,Denver Nuggets @ Phoenix Suns,2025-11-30T02:10:00Z,player_points,19.5,betmgm,2025-11-29T14:54:38Z,2025-11-29T14:56:25Z,-120.0,-110.0
Jamal Murray,Denver Nuggets @ Phoenix Suns,2025-11-30T02:10:00Z,player_points,23.5,betmgm,2025-11-29T14:54:38Z,2025-11-29T14:56:25Z,-110.0,-118.0
Nikola Jokic,Denver Nuggets @ Phoenix Suns,2025-11-30T02:10:00Z,player_points,30.5,betmgm,2025-11-29T14:54:38Z,2025-11-29T14:56:25Z,-105.0,-125.0
Tim Hardaway Jr,Denver Nuggets @ Phoenix Suns,2025-11-30T02:10:00Z,player_points_rebounds_assists,14.5,betmgm,2025-11-29T14:54:38Z,2025-11-29T14:56:25Z,-115.0,-118.0
Oso Ighodaro,Denver Nuggets @ Phoenix Suns,2025-11-30T02:10:00Z,player_points_rebounds_assists,14.5,betmgm,2025-11-29T14:54:38Z,2025-11-29T14:56:25Z,-105.0,-130.0
Bruce Brown,Denver Nuggets @ Phoenix Suns,2025-11-30T02:10:00Z,player_points_rebounds_assists,13.5,betmgm,2025-11-29T14:54:38Z,2025-11-29T14:56:25Z,-115.0,-118.0
Royce O'Neale,Denver Nuggets @ Phoenix Suns,2025-11-30T02:10:00Z,player_points_rebounds_assists,19.5,betmgm,2025-11-29T14:54:38Z,2025-11-29T14:56:25Z,-115.0,-115.0
Collin Gillespie,Denver Nuggets @ Phoenix Suns,2025-11-30T02:10:00Z,player_points_rebounds_assists,24.5,betmgm,2025-11-29T14:54:38Z,2025-11-29T14:56:25Z,-118.0,-115.0
Nick Richards,Denver Nuggets @ Phoenix Suns,2025-11-30T02:10:00Z,player_points_rebounds_assists,16.5,betmgm,2025-11-29T14:54:38Z,2025-11-29T14:56:25Z,-105.0,-125.0
Devin Booker,Denver Nuggets @ Phoenix Suns,2025-11-30T02:10:00Z,player_points_rebounds_assists,37.5,betmgm,2025-11-29T14:54:38Z,2025-11-29T14:56:25Z,-110.0,-120.0
Cameron Johnson,Denver Nuggets @ Phoenix Suns,2025-11-30T02:10:00Z,player_points_rebounds_assists,20.5,betmgm,2025-11-29T14:54:38Z,2025-11-29T14:56:25Z,-125.0,-105.0
Dillon Brooks,Denver Nuggets @ Phoenix Suns,2025-11-30T02:10:00Z,player_points_rebounds_assists,24.5,betmgm,2025-11-29T14:54:38Z,2025-11-29T14:56:25Z,-120.0,-110.0
Jamal Murray,Denver Nuggets @ Phoenix Suns,2025-11-30T02:10:00Z,player_points_rebounds_assists,34.5,betmgm,2025-11-29T14:54:38Z,2025-11-29T14:56:25Z,-118.0,-110.0
Nikola Jokic,Denver Nuggets @ Phoenix Suns,2025-11-30T02:10:00Z,player_points_rebounds_assists,53.5,betmgm,2025-11-29T14:54:38Z,2025-11-29T14:56:25Z,-110.0,-120.0
Tim Hardaway Jr,Denver Nuggets @ Phoenix Suns,2025-11-30T02:10:00Z,player_rebounds,2.5,betmgm,2025-11-29T14:54:38Z,2025-11-29T14:56:25Z,125.0,-165.0
Oso Ighodaro,Denver Nuggets @ Phoenix Suns,2025-11-30T02:10:00Z,player_rebounds,4.5,betmgm,2025-11-29T14:54:38Z,2025-11-29T14:56:25Z,-150.0,115.0
Bruce Brown,Denver Nuggets @ Phoenix Suns,2025-11-30T02:10:00Z,player_rebounds,3.5,betmgm,2025-11-29T14:54:38Z,2025-11-29T14:56:25Z,-110.0,-120.0
Royce O'Neale,Denver Nuggets @ Phoenix Suns,2025-11-30T02:10:00Z,player_rebounds,5.5,betmgm,2025-11-29T14:54:38Z,2025-11-29T14:56:25Z,-105.0,-125.0
Collin Gillespie,Denver Nuggets @ Phoenix Suns,2025-11-30T02:10:00Z,player_rebounds,4.5,betmgm,2025-11-29T14:54:38Z,2025-11-29T14:56:25Z,105.0,-140.0
Nick Richards,Denver Nuggets @ Phoenix Suns,2025-11-30T02:10:00Z,player_rebounds,8.5,betmgm,2025-11-29T14:54:38Z,2025-11-29T14:56:25Z,105.0,-140.0
Nikola Jokic,Denver Nuggets @ Phoenix Suns,2025-11-30T02:10:00Z,player_rebounds,12.5,betmgm,2025-11-29T14:54:38Z,2025-11-29T14:56:25Z,-115.0,-115.0
Devin Booker,Denver Nuggets @ Phoenix Suns,2025-11-30T02:10:00Z,player_rebounds,4.5,betmgm,2025-11-29T14:54:38Z,2025-11-29T14:56:25Z,100.0,-135.0
Cameron Johnson,Denver Nuggets @ Phoenix Suns,2025-11-30T02:10:00Z,player_rebounds,4.5,betmgm,2025-11-29T14:54:38Z,2025-11-29T14:56:25Z,105.0,-140.0
Dillon Brooks,Denver Nuggets @ Phoenix Suns,2025-11-30T02:10:00Z,player_rebounds,3.5,betmgm,2025-11-29T14:54:38Z,2025-11-29T14:56:25Z,115.0,-155.0
Jamal Murray,Denver Nuggets @ Phoenix Suns,2025-11-30T02:10:00Z,player_rebounds,3.5,betmgm,2025-11-29T14:54:38Z,2025-11-29T14:56:25Z,-150.0,110.0
Tim Hardaway Jr,Denver Nuggets @ Phoenix Suns,2025-11-30T02:10:00Z,player_threes,2.5,betmgm,2025-11-29T14:54:38Z,2025-11-29T14:56:25Z,125.0,-165.0
Bruce Brown,Denver Nuggets @ Phoenix Suns,2025-11-30T02:10:00Z,player_threes,0.5,betmgm,2025-11-29T14:54:38Z,2025-11-29T14:56:25Z,-125.0,-105.0
Royce O'Neale,Denver Nuggets @ Phoenix Suns,2025-11-30T02:10:00Z,player_threes,3.5,betmgm,2025-11-29T14:54:38Z,2025-11-29T14:56:25Z,130.0,-175.0
Collin Gillespie,Denver Nuggets @ Phoenix Suns,2025-11-30T02:10:00Z,player_threes,2.5,betmgm,2025-11-29T14:54:38Z,2025-11-29T14:56:25Z,-135.0,100.0
Nikola Jokic,Denver Nuggets @ Phoenix Suns,2025-11-30T02:10:00Z,player_threes,1.5,betmgm,2025-11-29T14:54:38Z,2025-11-29T14:56:25Z,-155.0,115.0
Devin Booker,Denver Nuggets @ Phoenix Suns,2025-11-30T02:10:00Z,player_threes,2.5,betmgm,2025-11-29T14:54:38Z,2025-11-29T14:56:25Z,145.0,-190.0
Cameron Johnson,Denver Nuggets @ Phoenix Suns,2025-11-30T02:10:00Z,player_threes,2.5,betmgm,2025-11-29T14:54:38Z,2025-11-29T14:56:25Z,160.0,-220.0
Dillon Brooks,Denver Nuggets @ Phoenix Suns,2025-11-30T02:10:00Z,player_threes,2.5,betmgm,2025-11-29T14:54:38Z,2025-11-29T14:56:25Z,-145.0,110.0
Jamal Murray,Denver Nuggets @ Phoenix Suns,2025-11-30T02:10:00Z,player_threes,2.5,betmgm,2025-11-29T14:54:38Z,2025-11-29T14:56:25Z,-125.0,-105.0
Nikola Jokic,Denver Nuggets @ Phoenix Suns,2025-11-30T02:10:00Z,player_triple_double,,betmgm,2025-11-29T14:54:38Z,2025-11-29T14:56:25Z,,
Devin Booker,Denver Nuggets @ Phoenix Suns,2025-11-30T02:10:00Z,player_triple_double,,betmgm,2025-11-29T14:54:38Z,2025-11-29T14:56:25Z,,
Jamal Murray,Denver Nuggets @ Phoenix Suns,2025-11-30T02:10:00Z,player_triple_double,,betmgm,2025-11-29T14:54:38Z,2025-11-29T14:56:25Z,,
Max Christie,Dallas Mavericks @ Los Angeles Clippers,2025-11-30T03:10:00Z,player_assists,2.5,fanduel,2025-11-29T14:55:23Z,2025-11-29T14:55:51Z,130.0,-174.0
Kris Dunn,Dallas Mavericks @ Los Angeles Clippers,2025-11-30T03:10:00Z,player_assists,2.5,fanduel,2025-11-29T14:55:23Z,2025-11-29T14:55:51Z,-174.0,130.0
Brandon Williams,Dallas Mavericks @ Los Angeles Clippers,2025-11-30T03:10:00Z,player_assists,4.5,fanduel,2025-11-29T14:55:23Z,2025-11-29T14:55:51Z,116.0,-154.0
P.J. Washington,Dallas Mavericks @ Los Angeles Clippers,2025-11-30T03:10:00Z,player_assists,2.5,fanduel,2025-11-29T14:55:23Z,2025-11-29T14:55:51Z,140.0,-188.0
Kawhi Leonard,Dallas Mavericks @ Los Angeles Clippers,2025-11-30T03:10:00Z,player_assists,2.5,fanduel,2025-11-29T14:55:23Z,2025-11-29T14:55:51Z,-132.0,100.0
James Harden,Dallas Mavericks @ Los Angeles Clippers,2025-11-30T03:10:00Z,player_assists,8.5,fanduel,2025-11-29T14:55:23Z,2025-11-29T14:55:51Z,-114.0,-114.0
Cooper Flagg,Dallas Mavericks @ Los Angeles Clippers,2025-11-30T03:10:00Z,player_assists,3.5,fanduel,2025-11-29T14:55:23Z,2025-11-29T14:55:51Z,128.0,-172.0
Ivica Zubac,Dallas Mavericks @ Los Angeles Clippers,2025-11-30T03:10:00Z,player_assists,2.5,fanduel,2025-11-29T14:55:23Z,2025-11-29T14:55:51Z,110.0,-146.0
Ivica Zubac,Dallas Mavericks @ Los Angeles Clippers,2025-11-30T03:10:00Z,player_double_double,,fanduel,2025-11-29T14:55:23Z,2025-11-29T14:55:51Z,,
James Harden,Dallas Mavericks @ Los Angeles Clippers,2025-11-30T03:10:00Z,player_double_double,,fanduel,2025-11-29T14:55:23Z,2025-11-29T14:55:51Z,,
P.J. Washington,Dallas Mavericks @ Los Angeles Clippers,2025-11-30T03:10:00Z,player_double_double,,fanduel,2025-11-29T14:55:23Z,2025-11-29T14:55:51Z,,
Cooper Flagg,Dallas Mavericks @ Los Angeles Clippers,2025-11-30T03:10:00Z,player_double_double,,fanduel,2025-11-29T14:55:23Z,2025-11-29T14:55:51Z,,
Daniel Gafford,Dallas Mavericks @ Los Angeles Clippers,2025-11-30T03:10:00Z,player_double_double,,fanduel,2025-11-29T14:55:23Z,2025-11-29T14:55:51Z,,
John Collins,Dallas Mavericks @ Los Angeles Clippers,2025-11-30T03:10:00Z,player_double_double,,fanduel,2025-11-29T14:55:23Z,2025-11-29T14:55:51Z,,
Kawhi Leonard,Dallas Mavericks @ Los Angeles Clippers,2025-11-30T03:10:00Z,player_double_double,,fanduel,2025-11-29T14:55:23Z,2025-11-29T14:55:51Z,,
Brandon Williams,Dallas Mavericks @ Los Angeles Clippers,2025-11-30T03:10:00Z,player_double_double,,fanduel,2025-11-29T14:55:23Z,2025-11-29T14:55:51Z,,
John Collins,Dallas Mavericks @ Los Angeles Clippers,2025-11-30T03:10:00Z,player_points,11.5,fanduel,2025-11-29T14:55:23Z,2025-11-29T14:55:51Z,-128.0,-104.0
Daniel Gafford,Dallas Mavericks @ Los Angeles Clippers,2025-11-30T03:10:00Z,player_points,10.5,fanduel,2025-11-29T14:55:23Z,2025-11-29T14:55:51Z,-110.0,-122.0
Kris Dunn,Dallas Mavericks @ Los Angeles Clippers,2025-11-30T03:10:00Z,player_points,8.5,fanduel,2025-11-29T14:55:23Z,2025-11-29T14:55:51Z,-120.0,-110.0
Max Christie,Dallas Mavericks @ Los Angeles Clippers,2025-11-30T03:10:00Z,player_points,10.5,fanduel,2025-11-29T14:55:23Z,2025-11-29T14:55:51Z,-118.0,-112.0
Brandon Williams,Dallas Mavericks @ Los Angeles Clippers,2025-11-30T03:10:00Z,player_points,11.5,fanduel,2025-11-29T14:55:23Z,2025-11-29T14:55:51Z,-132.0,100.0
P.J. Washington,Dallas Mavericks @ Los Angeles Clippers,2025-11-30T03:10:00Z,player_points,16.5,fanduel,2025-11-29T14:55:23Z,2025-11-29T14:55:51Z,-102.0,-130.0
James Harden,Dallas Mavericks @ Los Angeles Clippers,2025-11-30T03:10:00Z,player_points,26.5,fanduel,2025-11-29T14:55:23Z,2025-11-29T14:55:51Z,-114.0,-114.0
Kawhi Leonard,Dallas Mavericks @ Los Angeles Clippers,2025-11-30T03:10:00Z,player_points,21.5,fanduel,2025-11-29T14:55:23Z,2025-11-29T14:55:51Z,-108.0,-122.0
Cooper Flagg,Dallas Mavericks @ Los Angeles Clippers,2025-11-30T03:10:00Z,player_points,16.5,fanduel,2025-11-29T14:55:23Z,2025-11-29T14:55:51Z,-106.0,-125.0
Ivica Zubac,Dallas Mavericks @ Los Angeles Clippers,2025-11-30T03:10:00Z,player_points,16.5,fanduel,2025-11-29T14:55:23Z,2025-11-29T14:55:51Z,-112.0,-118.0
Brandon Williams,Dallas Mavericks @ Los Angeles Clippers,2025-11-30T03:10:00Z,player_points_rebounds_assists,19.5,fanduel,2025-11-29T14:55:23Z,2025-11-29T14:55:51Z,-120.0,-110.0
Cooper Flagg,Dallas Mavericks @ Los Angeles Clippers,2025-11-30T03:10:00Z,player_points_rebounds_assists,26.5,fanduel,2025-11-29T14:55:23Z,2025-11-29T14:55:51Z,-110.0,-120.0
Max Christie,Dallas Mavericks @ Los Angeles Clippers,2025-11-30T03:10:00Z,player_points_rebounds_assists,16.5,fanduel,2025-11-29T14:55:23Z,2025-11-29T14:55:51Z,-110.0,-120.0
Kris Dunn,Dallas Mavericks @ Los Angeles Clippers,2025-11-30T03:10:00Z,player_points_rebounds_assists,14.5,fanduel,2025-11-29T14:55:23Z,2025-11-29T14:55:51Z,-128.0,-104.0
Ivica Zubac,Dallas Mavericks @ Los Angeles Clippers,2025-11-30T03:10:00Z,player_points_rebounds_assists,30.5,fanduel,2025-11-29T14:55:23Z,2025-11-29T14:55:51Z,-110.0,-120.0
James Harden,Dallas Mavericks @ Los Angeles Clippers,2025-11-30T03:10:00Z,player_points_rebounds_assists,41.5,fanduel,2025-11-29T14:55:23Z,2025-11-29T14:55:51Z,-106.0,-125.0
Kawhi Leonard,Dallas Mavericks @ Los Angeles Clippers,2025-11-30T03:10:00Z,player_points_rebounds_assists,29.5,fanduel,2025-11-29T14:55:23Z,2025-11-29T14:55:51Z,-104.0,-128.0
P.J. Washington,Dallas Mavericks @ Los Angeles Clippers,2025-11-30T03:10:00Z,player_points_rebounds_assists,25.5,fanduel,2025-11-29T14:55:23Z,2025-11-29T14:55:51Z,-128.0,-104.0
Daniel Gafford,Dallas Mavericks @ Los Angeles Clippers,2025-11-30T03:10:00Z,player_rebounds,7.5,fanduel,2025-11-29T14:55:23Z,2025-11-29T14:55:51Z,114.0,-152.0
John Collins,Dallas Mavericks @ Los Angeles Clippers,2025-11-30T03:10:00Z,player_rebounds,5.5,fanduel,2025-11-29T14:55:23Z,2025-11-29T14:55:51Z,-132.0,100.0
Kris Dunn,Dallas Mavericks @ Los Angeles Clippers,2025-11-30T03:10:00Z,player_rebounds,2.5,fanduel,2025-11-29T14:55:23Z,2025-11-29T14:55:51Z,-174.0,130.0
Max Christie,Dallas Mavericks @ Los Angeles Clippers,2025-11-30T03:10:00Z,player_rebounds,3.5,fanduel,2025-11-29T14:55:23Z,2025-11-29T14:55:51Z,122.0,-162.0
Ivica Zubac,Dallas Mavericks @ Los Angeles Clippers,2025-11-30T03:10:00Z,player_rebounds,11.5,fanduel,2025-11-29T14:55:23Z,2025-11-29T14:55:51Z,-106.0,-125.0
Brandon Williams,Dallas Mavericks @ Los Angeles Clippers,2025-11-30T03:10:00Z,player_rebounds,3.5,fanduel,2025-11-29T14:55:23Z,2025-11-29T14:55:51Z,122.0,-162.0
Kawhi Leonard,Dallas Mavericks @ Los Angeles Clippers,2025-11-30T03:10:00Z,player_rebounds,4.5,fanduel,2025-11-29T14:55:23Z,2025-11-29T14:55:51Z,-136.0,102.0
Cooper Flagg,Dallas Mavericks @ Los Angeles Clippers,2025-11-30T03:10:00Z,player_rebounds,6.5,fanduel,2025-11-29T14:55:23Z,2025-11-29T14:55:51Z,-112.0,-118.0
P.J. Washington,Dallas Mavericks @ Los Angeles Clippers,2025-11-30T03:10:00Z,player_rebounds,7.5,fanduel,2025-11-29T14:55:23Z,2025-11-29T14:55:51Z,102.0,-136.0
James Harden,Dallas Mavericks @ Los Angeles Clippers,2025-11-30T03:10:00Z,player_rebounds,5.5,fanduel,2025-11-29T14:55:23Z,2025-11-29T14:55:51Z,-114.0,-114.0
P.J. Washington,Dallas Mavericks @ Los Angeles Clippers,2025-11-30T03:10:00Z,player_threes,1.5,fanduel,2025-11-29T14:55:23Z,2025-11-29T14:55:51Z,-138.0,104.0
Max Christie,Dallas Mavericks @ Los Angeles Clippers,2025-11-30T03:10:00Z,player_threes,1.5,fanduel,2025-11-29T14:55:23Z,2025-11-29T14:55:51Z,-178.0,132.0
Cooper Flagg,Dallas Mavericks @ Los Angeles Clippers,2025-11-30T03:10:00Z,player_threes,1.5,fanduel,2025-11-29T14:55:23Z,2025-11-29T14:55:51Z,148.0,-200.0
Kawhi Leonard,Dallas Mavericks @ Los Angeles Clippers,2025-11-30T03:10:00Z,player_threes,1.5,fanduel,2025-11-29T14:55:23Z,2025-11-29T14:55:51Z,-154.0,116.0
James Harden,Dallas Mavericks @ Los Angeles Clippers,2025-11-30T03:10:00Z,player_threes,3.5,fanduel,2025-11-29T14:55:23Z,2025-11-29T14:55:51Z,100.0,-132.0
James Harden,Dallas Mavericks @ Los Angeles Clippers,2025-11-30T03:10:00Z,player_triple_double,,fanduel,2025-11-29T14:55:23Z,2025-11-29T14:55:51Z,,
Max Christie,Dallas Mavericks @ Los Angeles Clippers,2025-11-30T03:10:00Z,player_assists,2.5,fanatics,2025-11-29T14:54:37Z,2025-11-29T14:56:22Z,125.0,-175.0
Cooper Flagg,Dallas Mavericks @ Los Angeles Clippers,2025-11-30T03:10:00Z,player_assists,3.5,fanatics,2025-11-29T14:54:37Z,2025-11-29T14:56:22Z,120.0,-165.0
P.J. Washington,Dallas Mavericks @ Los Angeles Clippers,2025-11-30T03:10:00Z,player_assists,2.5,fanatics,2025-11-29T14:54:37Z,2025-11-29T14:56:22Z,130.0,-190.0
Daniel Gafford,Dallas Mavericks @ Los Angeles Clippers,2025-11-30T03:10:00Z,player_assists,1.5,fanatics,2025-11-29T14:54:37Z,2025-11-29T14:56:22Z,115.0,-150.0
Kris Dunn,Dallas Mavericks @ Los Angeles Clippers,2025-11-30T03:10:00Z,player_assists,2.5,fanatics,2025-11-29T14:54:37Z,2025-11-29T14:56:22Z,-175.0,125.0
Ivica Zubac,Dallas Mavericks @ Los Angeles Clippers,2025-11-30T03:10:00Z,player_assists,2.5,fanatics,2025-11-29T14:54:37Z,2025-11-29T14:56:22Z,120.0,-165.0
James Harden,Dallas Mavericks @ Los Angeles Clippers,2025-11-30T03:10:00Z,player_assists,8.5,fanatics,2025-11-29T14:54:37Z,2025-11-29T14:56:22Z,-115.0,-115.0
Kawhi Leonard,Dallas Mavericks @ Los Angeles Clippers,2025-11-30T03:10:00Z,player_assists,2.5,fanatics,2025-11-29T14:54:37Z,2025-11-29T14:56:22Z,-130.0,100.0
Brandon Williams,Dallas Mavericks @ Los Angeles Clippers,2025-11-30T03:10:00Z,player_assists,4.5,fanatics,2025-11-29T14:54:37Z,2025-11-29T14:56:22Z,120.0,-165.0
John Collins,Dallas Mavericks @ Los Angeles Clippers,2025-11-30T03:10:00Z,player_assists,0.5,fanatics,2025-11-29T14:54:37Z,2025-11-29T14:56:22Z,110.0,-145.0
Cooper Flagg,Dallas Mavericks @ Los Angeles Clippers,2025-11-30T03:10:00Z,player_double_double,,fanatics,2025-11-29T14:54:37Z,2025-11-29T14:56:22Z,,
P.J. Washington,Dallas Mavericks @ Los Angeles Clippers,2025-11-30T03:10:00Z,player_double_double,,fanatics,2025-11-29T14:54:37Z,2025-11-29T14:56:22Z,,
Ivica Zubac,Dallas Mavericks @ Los Angeles Clippers,2025-11-30T03:10:00Z,player_double_double,,fanatics,2025-11-29T14:54:37Z,2025-11-29T14:56:22Z,,
John Collins,Dallas Mavericks @ Los Angeles Clippers,2025-11-30T03:10:00Z,player_double_double,,fanatics,2025-11-29T14:54:37Z,2025-11-29T14:56:22Z,,
Daniel Gafford,Dallas Mavericks @ Los Angeles Clippers,2025-11-30T03:10:00Z,player_double_double,,fanatics,2025-11-29T14:54:37Z,2025-11-29T14:56:22Z,,
James Harden,Dallas Mavericks @ Los Angeles Clippers,2025-11-30T03:10:00Z,player_double_double,,fanatics,2025-11-29T14:54:37Z,2025-11-29T14:56:22Z,,
Kawhi Leonard,Dallas Mavericks @ Los Angeles Clippers,2025-11-30T03:10:00Z,player_double_double,,fanatics,2025-11-29T14:54:37Z,2025-11-29T14:56:22Z,,
Brandon Williams,Dallas Mavericks @ Los Angeles Clippers,2025-11-30T03:10:00Z,player_double_double,,fanatics,2025-11-29T14:54:37Z,2025-11-29T14:56:22Z,,
Max Christie,Dallas Mavericks @ Los Angeles Clippers,2025-11-30T03:10:00Z,player_points,10.5,fanatics,2025-11-29T14:54:37Z,2025-11-29T14:56:22Z,-115.0,-115.0
Cooper Flagg,Dallas Mavericks @ Los Angeles Clippers,2025-11-30T03:10:00Z,player_points,16.5,fanatics,2025-11-29T14:54:37Z,2025-11-29T14:56:22Z,-115.0,-115.0
P.J. Washington,Dallas Mavericks @ Los Angeles Clippers,2025-11-30T03:10:00Z,player_points,16.5,fanatics,2025-11-29T14:54:37Z,2025-11-29T14:56:22Z,-115.0,-115.0
Kris Dunn,Dallas Mavericks @ Los Angeles Clippers,2025-11-30T03:10:00Z,player_points,8.5,fanatics,2025-11-29T14:54:37Z,2025-11-29T14:56:22Z,-115.0,-115.0
Ivica Zubac,Dallas Mavericks @ Los Angeles Clippers,2025-11-30T03:10:00Z,player_points,16.5,fanatics,2025-11-29T14:54:37Z,2025-11-29T14:56:22Z,-115.0,-115.0
Daniel Gafford,Dallas Mavericks @ Los Angeles Clippers,2025-11-30T03:10:00Z,player_points,10.5,fanatics,2025-11-29T14:54:37Z,2025-11-29T14:56:22Z,-115.0,-115.0
John Collins,Dallas Mavericks @ Los Angeles Clippers,2025-11-30T03:10:00Z,player_points,12.5,fanatics,2025-11-29T14:54:37Z,2025-11-29T14:56:22Z,100.0,-130.0
Kawhi Leonard,Dallas Mavericks @ Los Angeles Clippers,2025-11-30T03:10:00Z,player_points,21.5,fanatics,2025-11-29T14:54:37Z,2025-11-29T14:56:22Z,-105.0,-125.0
James Harden,Dallas Mavericks @ Los Angeles Clippers,2025-11-30T03:10:00Z,player_points,26.5,fanatics,2025-11-29T14:54:37Z,2025-11-29T14:56:22Z,-125.0,-105.0
Brandon Williams,Dallas Mavericks @ Los Angeles Clippers,2025-11-30T03:10:00Z,player_points,11.5,fanatics,2025-11-29T14:54:37Z,2025-11-29T14:56:22Z,-130.0,100.0
Cooper Flagg,Dallas Mavericks @ Los Angeles Clippers,2025-11-30T03:10:00Z,player_rebounds,6.5,fanatics,2025-11-29T14:54:37Z,2025-11-29T14:56:22Z,-115.0,-115.0
Max Christie,Dallas Mavericks @ Los Angeles Clippers,2025-11-30T03:10:00Z,player_rebounds,3.5,fanatics,2025-11-29T14:54:37Z,2025-11-29T14:56:22Z,120.0,-165.0
P.J. Washington,Dallas Mavericks @ Los Angeles Clippers,2025-11-30T03:10:00Z,player_rebounds,7.5,fanatics,2025-11-29T14:54:37Z,2025-11-29T14:56:22Z,-105.0,-125.0
Ivica Zubac,Dallas Mavericks @ Los Angeles Clippers,2025-11-30T03:10:00Z,player_rebounds,11.5,fanatics,2025-11-29T14:54:37Z,2025-11-29T14:56:22Z,-105.0,-125.0
Kris Dunn,Dallas Mavericks @ Los Angeles Clippers,2025-11-30T03:10:00Z,player_rebounds,2.5,fanatics,2025-11-29T14:54:37Z,2025-11-29T14:56:22Z,-175.0,125.0
James Harden,Dallas Mavericks @ Los Angeles Clippers,2025-11-30T03:10:00Z,player_rebounds,5.5,fanatics,2025-11-29T14:54:37Z,2025-11-29T14:56:22Z,-110.0,-120.0
Kawhi Leonard,Dallas Mavericks @ Los Angeles Clippers,2025-11-30T03:10:00Z,player_rebounds,4.5,fanatics,2025-11-29T14:54:37Z,2025-11-29T14:56:22Z,-145.0,110.0
Daniel Gafford,Dallas Mavericks @ Los Angeles Clippers,2025-11-30T03:10:00Z,player_rebounds,7.5,fanatics,2025-11-29T14:54:37Z,2025-11-29T14:56:22Z,115.0,-150.0
Brandon Williams,Dallas Mavericks @ Los Angeles Clippers,2025-11-30T03:10:00Z,player_rebounds,3.5,fanatics,2025-11-29T14:54:37Z,2025-11-29T14:56:22Z,120.0,-165.0
John Collins,Dallas Mavericks @ Los Angeles Clippers,2025-11-30T03:10:00Z,player_rebounds,5.5,fanatics,2025-11-29T14:54:37Z,2025-11-29T14:56:22Z,-125.0,-105.0
Max Christie,Dallas Mavericks @ Los Angeles Clippers,2025-11-30T03:10:00Z,player_threes,1.5,fanatics,2025-11-29T14:54:37Z,2025-11-29T14:56:22Z,-190.0,130.0
Cooper Flagg,Dallas Mavericks @ Los Angeles Clippers,2025-11-30T03:10:00Z,player_threes,1.5,fanatics,2025-11-29T14:54:37Z,2025-11-29T14:56:22Z,140.0,-225.0
P.J. Washington,Dallas Mavericks @ Los Angeles Clippers,2025-11-30T03:10:00Z,player_threes,1.5,fanatics,2025-11-29T14:54:37Z,2025-11-29T14:56:22Z,-145.0,110.0
Kawhi Leonard,Dallas Mavericks @ Los Angeles Clippers,2025-11-30T03:10:00Z,player_threes,1.5,fanatics,2025-11-29T14:54:37Z,2025-11-29T14:56:22Z,-150.0,115.0
James Harden,Dallas Mavericks @ Los Angeles Clippers,2025-11-30T03:10:00Z,player_threes,3.5,fanatics,2025-11-29T14:54:37Z,2025-11-29T14:56:22Z,-105.0,-125.0
John Collins,Dallas Mavericks @ Los Angeles Clippers,2025-11-30T03:10:00Z,player_threes,0.5,fanatics,2025-11-29T14:54:37Z,2025-11-29T14:56:22Z,-210.0,135.0
Kris Dunn,Dallas Mavericks @ Los Angeles Clippers,2025-11-30T03:10:00Z,player_threes,0.5,fanatics,2025-11-29T14:54:37Z,2025-11-29T14:56:22Z,-240.0,150.0
James Harden,Dallas Mavericks @ Los Angeles Clippers,2025-11-30T03:10:00Z,player_triple_double,,fanatics,2025-11-29T14:54:37Z,2025-11-29T14:56:22Z,,
Kawhi Leonard,Dallas Mavericks @ Los Angeles Clippers,2025-11-30T03:10:00Z,player_assists,2.5,betmgm,2025-11-29T14:54:38Z,2025-11-29T14:55:36Z,100.0,-130.0
Daniel Gafford,Dallas Mavericks @ Los Angeles Clippers,2025-11-30T03:10:00Z,player_assists,1.5,betmgm,2025-11-29T14:54:38Z,2025-11-29T14:55:36Z,135.0,-185.0
Max Christie,Dallas Mavericks @ Los Angeles Clippers,2025-11-30T03:10:00Z,player_assists,2.5,betmgm,2025-11-29T14:54:38Z,2025-11-29T14:55:36Z,135.0,-185.0
James Harden,Dallas Mavericks @ Los Angeles Clippers,2025-11-30T03:10:00Z,player_assists,8.5,betmgm,2025-11-29T14:54:38Z,2025-11-29T14:55:36Z,-110.0,-118.0
P.J. Washington,Dallas Mavericks @ Los Angeles Clippers,2025-11-30T03:10:00Z,player_assists,1.5,betmgm,2025-11-29T14:54:38Z,2025-11-29T14:55:36Z,-185.0,135.0
John Collins,Dallas Mavericks @ Los Angeles Clippers,2025-11-30T03:10:00Z,player_assists,0.5,betmgm,2025-11-29T14:54:38Z,2025-11-29T14:55:36Z,115.0,-155.0
Cooper Flagg,Dallas Mavericks @ Los Angeles Clippers,2025-11-30T03:10:00Z,player_assists,3.5,betmgm,2025-11-29T14:54:38Z,2025-11-29T14:55:36Z,110.0,-145.0
Ivica Zubac,Dallas Mavericks @ Los Angeles Clippers,2025-11-30T03:10:00Z,player_assists,2.5,betmgm,2025-11-29T14:54:38Z,2025-11-29T14:55:36Z,115.0,-150.0
Kris Dunn,Dallas Mavericks @ Los Angeles Clippers,2025-11-30T03:10:00Z,player_assists,2.5,betmgm,2025-11-29T14:54:38Z,2025-11-29T14:55:36Z,-155.0,115.0
Kawhi Leonard,Dallas Mavericks @ Los Angeles Clippers,2025-11-30T03:10:00Z,player_blocks,0.5,betmgm,2025-11-29T14:54:38Z,2025-11-29T14:55:36Z,170.0,-250.0
Daniel Gafford,Dallas Mavericks @ Los Angeles Clippers,2025-11-30T03:10:00Z,player_blocks,1.5,betmgm,2025-11-29T14:54:38Z,2025-11-29T14:55:36Z,120.0,-165.0
Max Christie,Dallas Mavericks @ Los Angeles Clippers,2025-11-30T03:10:00Z,player_blocks,0.5,betmgm,2025-11-29T14:54:38Z,2025-11-29T14:55:36Z,190.0,-275.0
James Harden,Dallas Mavericks @ Los Angeles Clippers,2025-11-30T03:10:00Z,player_blocks,0.5,betmgm,2025-11-29T14:54:38Z,2025-11-29T14:55:36Z,165.0,-235.0
Ivica Zubac,Dallas Mavericks @ Los Angeles Clippers,2025-11-30T03:10:00Z,player_blocks,0.5,betmgm,2025-11-29T14:54:38Z,2025-11-29T14:55:36Z,-220.0,155.0
P.J. Washington,Dallas Mavericks @ Los Angeles Clippers,2025-11-30T03:10:00Z,player_blocks,0.5,betmgm,2025-11-29T14:54:38Z,2025-11-29T14:55:36Z,-165.0,120.0
John Collins,Dallas Mavericks @ Los Angeles Clippers,2025-11-30T03:10:00Z,player_blocks,0.5,betmgm,2025-11-29T14:54:38Z,2025-11-29T14:55:36Z,-150.0,110.0
Cooper Flagg,Dallas Mavericks @ Los Angeles Clippers,2025-11-30T03:10:00Z,player_blocks,0.5,betmgm,2025-11-29T14:54:38Z,2025-11-29T14:55:36Z,180.0,-250.0
Kris Dunn,Dallas Mavericks @ Los Angeles Clippers,2025-11-30T03:10:00Z,player_blocks,0.5,betmgm,2025-11-29T14:54:38Z,2025-11-29T14:55:36Z,185.0,-275.0
Kawhi Leonard,Dallas Mavericks @ Los Angeles Clippers,2025-11-30T03:10:00Z,player_double_double,,betmgm,2025-11-29T14:54:38Z,2025-11-29T14:55:36Z,,
Daniel Gafford,Dallas Mavericks @ Los Angeles Clippers,2025-11-30T03:10:00Z,player_double_double,,betmgm,2025-11-29T14:54:38Z,2025-11-29T14:55:36Z,,
James Harden,Dallas Mavericks @ Los Angeles Clippers,2025-11-30T03:10:00Z,player_double_double,,betmgm,2025-11-29T14:54:38Z,2025-11-29T14:55:36Z,,
Ivica Zubac,Dallas Mavericks @ Los Angeles Clippers,2025-11-30T03:10:00Z,player_double_double,,betmgm,2025-11-29T14:54:38Z,2025-11-29T14:55:36Z,,
P.J. Washington,Dallas Mavericks @ Los Angeles Clippers,2025-11-30T03:10:00Z,player_double_double,,betmgm,2025-11-29T14:54:38Z,2025-11-29T14:55:36Z,,
John Collins,Dallas Mavericks @ Los Angeles Clippers,2025-11-30T03:10:00Z,player_double_double,,betmgm,2025-11-29T14:54:38Z,2025-11-29T14:55:36Z,,
Cooper Flagg,Dallas Mavericks @ Los Angeles Clippers,2025-11-30T03:10:00Z,player_double_double,,betmgm,2025-11-29T14:54:38Z,2025-11-29T14:55:36Z,,
Kawhi Leonard,Dallas Mavericks @ Los Angeles Clippers,2025-11-30T03:10:00Z,player_points,21.5,betmgm,2025-11-29T14:54:38Z,2025-11-29T14:55:36Z,-110.0,-120.0
Daniel Gafford,Dallas Mavericks @ Los Angeles Clippers,2025-11-30T03:10:00Z,player_points,9.5,betmgm,2025-11-29T14:54:38Z,2025-11-29T14:55:36Z,-130.0,100.0
Max Christie,Dallas Mavericks @ Los Angeles Clippers,2025-11-30T03:10:00Z,player_points,10.5,betmgm,2025-11-29T14:54:38Z,2025-11-29T14:55:36Z,-120.0,-110.0
James Harden,Dallas Mavericks @ Los Angeles Clippers,2025-11-30T03:10:00Z,player_points,26.5,betmgm,2025-11-29T14:54:38Z,2025-11-29T14:55:36Z,-120.0,-110.0
P.J. Washington,Dallas Mavericks @ Los Angeles Clippers,2025-11-30T03:10:00Z,player_points,16.5,betmgm,2025-11-29T14:54:38Z,2025-11-29T14:55:36Z,-120.0,-110.0
John Collins,Dallas Mavericks @ Los Angeles Clippers,2025-11-30T03:10:00Z,player_points,12.5,betmgm,2025-11-29T14:54:38Z,2025-11-29T14:55:36Z,-110.0,-120.0
Cooper Flagg,Dallas Mavericks @ Los Angeles Clippers,2025-11-30T03:10:00Z,player_points,16.5,betmgm,2025-11-29T14:54:38Z,2025-11-29T14:55:36Z,-110.0,-118.0
Ivica Zubac,Dallas Mavericks @ Los Angeles Clippers,2025-11-30T03:10:00Z,player_points,16.5,betmgm,2025-11-29T14:54:38Z,2025-11-29T14:55:36Z,-105.0,-130.0
Kris Dunn,Dallas Mavericks @ Los Angeles Clippers,2025-11-30T03:10:00Z,player_points,7.5,betmgm,2025-11-29T14:54:38Z,2025-11-29T14:55:36Z,-125.0,-105.0
Kawhi Leonard,Dallas Mavericks @ Los Angeles Clippers,2025-11-30T03:10:00Z,player_points_rebounds_assists,28.5,betmgm,2025-11-29T14:54:38Z,2025-11-29T14:55:36Z,-115.0,-115.0
Daniel Gafford,Dallas Mavericks @ Los Angeles Clippers,2025-11-30T03:10:00Z,player_points_rebounds_assists,18.5,betmgm,2025-11-29T14:54:38Z,2025-11-29T14:55:36Z,-105.0,-125.0
James Harden,Dallas Mavericks @ Los Angeles Clippers,2025-11-30T03:10:00Z,player_points_rebounds_assists,40.5,betmgm,2025-11-29T14:54:38Z,2025-11-29T14:55:36Z,-125.0,-105.0
Ivica Zubac,Dallas Mavericks @ Los Angeles Clippers,2025-11-30T03:10:00Z,player_points_rebounds_assists,29.5,betmgm,2025-11-29T14:54:38Z,2025-11-29T14:55:36Z,-125.0,-105.0
P.J. Washington,Dallas Mavericks @ Los Angeles Clippers,2025-11-30T03:10:00Z,player_points_rebounds_assists,25.5,betmgm,2025-11-29T14:54:38Z,2025-11-29T14:55:36Z,-125.0,-105.0
John Collins,Dallas Mavericks @ Los Angeles Clippers,2025-11-30T03:10:00Z,player_points_rebounds_assists,18.5,betmgm,2025-11-29T14:54:38Z,2025-11-29T14:55:36Z,-115.0,-115.0
Cooper Flagg,Dallas Mavericks @ Los Angeles Clippers,2025-11-30T03:10:00Z,player_points_rebounds_assists,26.5,betmgm,2025-11-29T14:54:38Z,2025-11-29T14:55:36Z,-115.0,-115.0
Max Christie,Dallas Mavericks @ Los Angeles Clippers,2025-11-30T03:10:00Z,player_points_rebounds_assists,16.5,betmgm,2025-11-29T14:54:38Z,2025-11-29T14:55:36Z,100.0,-130.0
Kris Dunn,Dallas Mavericks @ Los Angeles Clippers,2025-11-30T03:10:00Z,player_points_rebounds_assists,13.5,betmgm,2025-11-29T14:54:38Z,2025-11-29T14:55:36Z,-135.0,100.0
Kawhi Leonard,Dallas Mavericks @ Los Angeles Clippers,2025-11-30T03:10:00Z,player_rebounds,4.5,betmgm,2025-11-29T14:54:38Z,2025-11-29T14:55:36Z,-115.0,-115.0
Daniel Gafford,Dallas Mavericks @ Los Angeles Clippers,2025-11-30T03:10:00Z,player_rebounds,6.5,betmgm,2025-11-29T14:54:38Z,2025-11-29T14:55:36Z,-130.0,-105.0
Max Christie,Dallas Mavericks @ Los Angeles Clippers,2025-11-30T03:10:00Z,player_rebounds,2.5,betmgm,2025-11-29T14:54:38Z,2025-11-29T14:55:36Z,-175.0,130.0
James Harden,Dallas Mavericks @ Los Angeles Clippers,2025-11-30T03:10:00Z,player_rebounds,5.5,betmgm,2025-11-29T14:54:38Z,2025-11-29T14:55:36Z,110.0,-145.0
Ivica Zubac,Dallas Mavericks @ Los Angeles Clippers,2025-11-30T03:10:00Z,player_rebounds,11.5,betmgm,2025-11-29T14:54:38Z,2025-11-29T14:55:36Z,-105.0,-125.0
P.J. Washington,Dallas Mavericks @ Los Angeles Clippers,2025-11-30T03:10:00Z,player_rebounds,6.5,betmgm,2025-11-29T14:54:38Z,2025-11-29T14:55:36Z,-145.0,110.0
John Collins,Dallas Mavericks @ Los Angeles Clippers,2025-11-30T03:10:00Z,player_rebounds,5.5,betmgm,2025-11-29T14:54:38Z,2025-11-29T14:55:36Z,-105.0,-125.0
Cooper Flagg,Dallas Mavericks @ Los Angeles Clippers,2025-11-30T03:10:00Z,player_rebounds,6.5,betmgm,2025-11-29T14:54:38Z,2025-11-29T14:55:36Z,-110.0,-118.0
Kris Dunn,Dallas Mavericks @ Los Angeles Clippers,2025-11-30T03:10:00Z,player_rebounds,2.5,betmgm,2025-11-29T14:54:38Z,2025-11-29T14:55:36Z,-160.0,120.0
Kawhi Leonard,Dallas Mavericks @ Los Angeles Clippers,2025-11-30T03:10:00Z,player_threes,1.5,betmgm,2025-11-29T14:54:38Z,2025-11-29T14:55:36Z,-165.0,125.0
Max Christie,Dallas Mavericks @ Los Angeles Clippers,2025-11-30T03:10:00Z,player_threes,2.5,betmgm,2025-11-29T14:54:38Z,2025-11-29T14:55:36Z,135.0,-185.0
James Harden,Dallas Mavericks @ Los Angeles Clippers,2025-11-30T03:10:00Z,player_threes,3.5,betmgm,2025-11-29T14:54:38Z,2025-11-29T14:55:36Z,-110.0,-120.0
P.J. Washington,Dallas Mavericks @ Los Angeles Clippers,2025-11-30T03:10:00Z,player_threes,1.5,betmgm,2025-11-29T14:54:38Z,2025-11-29T14:55:36Z,-150.0,110.0
John Collins,Dallas Mavericks @ Los Angeles Clippers,2025-11-30T03:10:00Z,player_threes,0.5,betmgm,2025-11-29T14:54:38Z,2025-11-29T14:55:36Z,-210.0,155.0
Cooper Flagg,Dallas Mavericks @ Los Angeles Clippers,2025-11-30T03:10:00Z,player_threes,1.5,betmgm,2025-11-29T14:54:38Z,2025-11-29T14:55:36Z,170.0,-225.0
Kris Dunn,Dallas Mavericks @ Los Angeles Clippers,2025-11-30T03:10:00Z,player_threes,0.5,betmgm,2025-11-29T14:54:38Z,2025-11-29T14:55:36Z,-220.0,160.0
James Harden,Dallas Mavericks @ Los Angeles Clippers,2025-11-30T03:10:00Z,player_triple_double,,betmgm,2025-11-29T14:54:38Z,2025-11-29T14:55:36Z,,
James Harden,Dallas Mavericks @ Los Angeles Clippers,2025-11-30T03:10:00Z,player_assists,8.5,draftkings,2025-11-29T14:54:37Z,2025-11-29T14:56:06Z,-110.0,-120.0
Brandon Williams,Dallas Mavericks @ Los Angeles Clippers,2025-11-30T03:10:00Z,player_assists,4.5,draftkings,2025-11-29T14:54:37Z,2025-11-29T14:56:06Z,115.0,-151.0
Cooper Flagg,Dallas Mavericks @ Los Angeles Clippers,2025-11-30T03:10:00Z,player_assists,3.5,draftkings,2025-11-29T14:54:37Z,2025-11-29T14:56:06Z,122.0,-162.0
Kris Dunn,Dallas Mavericks @ Los Angeles Clippers,2025-11-30T03:10:00Z,player_assists,2.5,draftkings,2025-11-29T14:54:37Z,2025-11-29T14:56:06Z,-168.0,127.0
Kawhi Leonard,Dallas Mavericks @ Los Angeles Clippers,2025-11-30T03:10:00Z,player_assists,2.5,draftkings,2025-11-29T14:54:37Z,2025-11-29T14:56:06Z,-131.0,100.0
Ivica Zubac,Dallas Mavericks @ Los Angeles Clippers,2025-11-30T03:10:00Z,player_assists,2.5,draftkings,2025-11-29T14:54:37Z,2025-11-29T14:56:06Z,117.0,-155.0
P.J. Washington,Dallas Mavericks @ Los Angeles Clippers,2025-11-30T03:10:00Z,player_assists,2.5,draftkings,2025-11-29T14:54:37Z,2025-11-29T14:56:06Z,120.0,-158.0
Max Christie,Dallas Mavericks @ Los Angeles Clippers,2025-11-30T03:10:00Z,player_assists,2.5,draftkings,2025-11-29T14:54:37Z,2025-11-29T14:56:06Z,126.0,-167.0
Ivica Zubac,Dallas Mavericks @ Los Angeles Clippers,2025-11-30T03:10:00Z,player_double_double,,draftkings,2025-11-29T14:54:37Z,2025-11-29T14:56:06Z,,
James Harden,Dallas Mavericks @ Los Angeles Clippers,2025-11-30T03:10:00Z,player_double_double,,draftkings,2025-11-29T14:54:37Z,2025-11-29T14:56:06Z,,
P.J. Washington,Dallas Mavericks @ Los Angeles Clippers,2025-11-30T03:10:00Z,player_double_double,,draftkings,2025-11-29T14:54:37Z,2025-11-29T14:56:06Z,,
Cooper Flagg,Dallas Mavericks @ Los Angeles Clippers,2025-11-30T03:10:00Z,player_double_double,,draftkings,2025-11-29T14:54:37Z,2025-11-29T14:56:06Z,,
Daniel Gafford,Dallas Mavericks @ Los Angeles Clippers,2025-11-30T03:10:00Z,player_double_double,,draftkings,2025-11-29T14:54:37Z,2025-11-29T14:56:06Z,,
John Collins,Dallas Mavericks @ Los Angeles Clippers,2025-11-30T03:10:00Z,player_double_double,,draftkings,2025-11-29T14:54:37Z,2025-11-29T14:56:06Z,,
Kawhi Leonard,Dallas Mavericks @ Los Angeles Clippers,2025-11-30T03:10:00Z,player_double_double,,draftkings,2025-11-29T14:54:37Z,2025-11-29T14:56:06Z,,
Brandon Williams,Dallas Mavericks @ Los Angeles Clippers,2025-11-30T03:10:00Z,player_double_double,,draftkings,2025-11-29T14:54:37Z,2025-11-29T14:56:06Z,,
James Harden,Dallas Mavericks @ Los Angeles Clippers,2025-11-30T03:10:00Z,player_points,26.5,draftkings,2025-11-29T14:54:37Z,2025-11-29T14:55:58Z,-123.0,-104.0
Kawhi Leonard,Dallas Mavericks @ Los Angeles Clippers,2025-11-30T03:10:00Z,player_points,20.5,draftkings,2025-11-29T14:54:37Z,2025-11-29T14:55:58Z,-123.0,-104.0
Ivica Zubac,Dallas Mavericks @ Los Angeles Clippers,2025-11-30T03:10:00Z,player_points,16.5,draftkings,2025-11-29T14:54:37Z,2025-11-29T14:55:58Z,-115.0,-111.0
P.J. Washington,Dallas Mavericks @ Los Angeles Clippers,2025-11-30T03:10:00Z,player_points,16.5,draftkings,2025-11-29T14:54:37Z,2025-11-29T14:55:58Z,-113.0,-113.0
Cooper Flagg,Dallas Mavericks @ Los Angeles Clippers,2025-11-30T03:10:00Z,player_points,16.5,draftkings,2025-11-29T14:54:37Z,2025-11-29T14:55:58Z,100.0,-127.0
John Collins,Dallas Mavericks @ Los Angeles Clippers,2025-11-30T03:10:00Z,player_points,11.5,draftkings,2025-11-29T14:54:37Z,2025-11-29T14:55:58Z,-129.0,101.0
Brandon Williams,Dallas Mavericks @ Los Angeles Clippers,2025-11-30T03:10:00Z,player_points,11.5,draftkings,2025-11-29T14:54:37Z,2025-11-29T14:55:58Z,-127.0,100.0
Max Christie,Dallas Mavericks @ Los Angeles Clippers,2025-11-30T03:10:00Z,player_points,10.5,draftkings,2025-11-29T14:54:37Z,2025-11-29T14:55:58Z,-125.0,-102.0
Daniel Gafford,Dallas Mavericks @ Los Angeles Clippers,2025-11-30T03:10:00Z,player_points,10.5,draftkings,2025-11-29T14:54:37Z,2025-11-29T14:55:58Z,-110.0,-116.0
Kris Dunn,Dallas Mavericks @ Los Angeles Clippers,2025-11-30T03:10:00Z,player_points,8.5,draftkings,2025-11-29T14:54:37Z,2025-11-29T14:55:58Z,-119.0,-107.0
James Harden,Dallas Mavericks @ Los Angeles Clippers,2025-11-30T03:10:00Z,player_points_rebounds_assists,41.5,draftkings,2025-11-29T14:54:37Z,2025-11-29T14:56:06Z,-115.0,-114.0
Ivica Zubac,Dallas Mavericks @ Los Angeles Clippers,2025-11-30T03:10:00Z,player_points_rebounds_assists,30.5,draftkings,2025-11-29T14:54:37Z,2025-11-29T14:56:06Z,-118.0,-112.0
Kawhi Leonard,Dallas Mavericks @ Los Angeles Clippers,2025-11-30T03:10:00Z,player_points_rebounds_assists,28.5,draftkings,2025-11-29T14:54:37Z,2025-11-29T14:56:06Z,-122.0,-108.0
P.J. Washington,Dallas Mavericks @ Los Angeles Clippers,2025-11-30T03:10:00Z,player_points_rebounds_assists,26.5,draftkings,2025-11-29T14:54:37Z,2025-11-29T14:56:06Z,-112.0,-118.0
Cooper Flagg,Dallas Mavericks @ Los Angeles Clippers,2025-11-30T03:10:00Z,player_points_rebounds_assists,26.5,draftkings,2025-11-29T14:54:37Z,2025-11-29T14:56:06Z,-106.0,-124.0
Brandon Williams,Dallas Mavericks @ Los Angeles Clippers,2025-11-30T03:10:00Z,player_points_rebounds_assists,19.5,draftkings,2025-11-29T14:54:37Z,2025-11-29T14:56:06Z,-110.0,-119.0
Max Christie,Dallas Mavericks @ Los Angeles Clippers,2025-11-30T03:10:00Z,player_points_rebounds_assists,16.5,draftkings,2025-11-29T14:54:37Z,2025-11-29T14:56:06Z,-115.0,-114.0
Kris Dunn,Dallas Mavericks @ Los Angeles Clippers,2025-11-30T03:10:00Z,player_points_rebounds_assists,14.5,draftkings,2025-11-29T14:54:37Z,2025-11-29T14:56:06Z,-127.0,-104.0
Ivica Zubac,Dallas Mavericks @ Los Angeles Clippers,2025-11-30T03:10:00Z,player_rebounds,11.5,draftkings,2025-11-29T14:54:37Z,2025-11-29T14:56:06Z,-103.0,-127.0
P.J. Washington,Dallas Mavericks @ Los Angeles Clippers,2025-11-30T03:10:00Z,player_rebounds,7.5,draftkings,2025-11-29T14:54:37Z,2025-11-29T14:56:06Z,-102.0,-129.0
Daniel Gafford,Dallas Mavericks @ Los Angeles Clippers,2025-11-30T03:10:00Z,player_rebounds,7.5,draftkings,2025-11-29T14:54:37Z,2025-11-29T14:56:06Z,114.0,-150.0
Cooper Flagg,Dallas Mavericks @ Los Angeles Clippers,2025-11-30T03:10:00Z,player_rebounds,6.5,draftkings,2025-11-29T14:54:37Z,2025-11-29T14:56:06Z,-114.0,-115.0
John Collins,Dallas Mavericks @ Los Angeles Clippers,2025-11-30T03:10:00Z,player_rebounds,5.5,draftkings,2025-11-29T14:54:37Z,2025-11-29T14:56:06Z,-119.0,-110.0
James Harden,Dallas Mavericks @ Los Angeles Clippers,2025-11-30T03:10:00Z,player_rebounds,5.5,draftkings,2025-11-29T14:54:37Z,2025-11-29T14:56:06Z,-113.0,-116.0
Kawhi Leonard,Dallas Mavericks @ Los Angeles Clippers,2025-11-30T03:10:00Z,player_rebounds,4.5,draftkings,2025-11-29T14:54:37Z,2025-11-29T14:56:06Z,-148.0,112.0
Max Christie,Dallas Mavericks @ Los Angeles Clippers,2025-11-30T03:10:00Z,player_rebounds,3.5,draftkings,2025-11-29T14:54:37Z,2025-11-29T14:56:06Z,116.0,-154.0
Brandon Williams,Dallas Mavericks @ Los Angeles Clippers,2025-11-30T03:10:00Z,player_rebounds,3.5,draftkings,2025-11-29T14:54:37Z,2025-11-29T14:56:06Z,123.0,-162.0
Kris Dunn,Dallas Mavericks @ Los Angeles Clippers,2025-11-30T03:10:00Z,player_rebounds,2.5,draftkings,2025-11-29T14:54:37Z,2025-11-29T14:56:06Z,-168.0,127.0
James Harden,Dallas Mavericks @ Los Angeles Clippers,2025-11-30T03:10:00Z,player_threes,3.5,draftkings,2025-11-29T14:54:37Z,2025-11-29T14:56:06Z,101.0,-133.0
Max Christie,Dallas Mavericks @ Los Angeles Clippers,2025-11-30T03:10:00Z,player_threes,1.5,draftkings,2025-11-29T14:54:37Z,2025-11-29T14:56:06Z,-186.0,140.0
Kawhi Leonard,Dallas Mavericks @ Los Angeles Clippers,2025-11-30T03:10:00Z,player_threes,1.5,draftkings,2025-11-29T14:54:37Z,2025-11-29T14:56:06Z,-146.0,111.0
P.J. Washington,Dallas Mavericks @ Los Angeles Clippers,2025-11-30T03:10:00Z,player_threes,1.5,draftkings,2025-11-29T14:54:37Z,2025-11-29T14:56:06Z,-144.0,109.0
Cooper Flagg,Dallas Mavericks @ Los Angeles Clippers,2025-11-30T03:10:00Z,player_threes,1.5,draftkings,2025-11-29T14:54:37Z,2025-11-29T14:56:06Z,156.0,-208.0
James Harden,Dallas Mavericks @ Los Angeles Clippers,2025-11-30T03:10:00Z,player_triple_double,,draftkings,2025-11-29T14:54:37Z,2025-11-29T14:56:06Z,,
Kris Dunn,Dallas Mavericks @ Los Angeles Clippers,2025-11-30T03:10:00Z,player_assists,2.5,williamhill_us,2025-11-29T14:55:28Z,2025-11-29T14:56:17Z,-170.0,125.0
Cooper Flagg,Dallas Mavericks @ Los Angeles Clippers,2025-11-30T03:10:00Z,player_assists,3.5,williamhill_us,2025-11-29T14:55:28Z,2025-11-29T14:56:17Z,124.0,-170.0
Ivica Zubac,Dallas Mavericks @ Los Angeles Clippers,2025-11-30T03:10:00Z,player_assists,2.5,williamhill_us,2025-11-29T14:55:28Z,2025-11-29T14:56:17Z,116.0,-154.0
Max Christie,Dallas Mavericks @ Los Angeles Clippers,2025-11-30T03:10:00Z,player_assists,2.5,williamhill_us,2025-11-29T14:55:28Z,2025-11-29T14:56:17Z,131.0,-176.0
P.J. Washington,Dallas Mavericks @ Los Angeles Clippers,2025-11-30T03:10:00Z,player_assists,2.5,williamhill_us,2025-11-29T14:55:28Z,2025-11-29T14:56:17Z,137.0,-190.0
Kawhi Leonard,Dallas Mavericks @ Los Angeles Clippers,2025-11-30T03:10:00Z,player_assists,2.5,williamhill_us,2025-11-29T14:55:28Z,2025-11-29T14:56:17Z,-136.0,101.0
James Harden,Dallas Mavericks @ Los Angeles Clippers,2025-11-30T03:10:00Z,player_assists,8.5,williamhill_us,2025-11-29T14:55:28Z,2025-11-29T14:56:17Z,-115.0,-115.0
Brandon Williams,Dallas Mavericks @ Los Angeles Clippers,2025-11-30T03:10:00Z,player_assists,4.5,williamhill_us,2025-11-29T14:55:28Z,2025-11-29T14:56:17Z,118.0,-157.0
Ivica Zubac,Dallas Mavericks @ Los Angeles Clippers,2025-11-30T03:10:00Z,player_double_double,,williamhill_us,2025-11-29T14:55:28Z,2025-11-29T14:56:17Z,,
James Harden,Dallas Mavericks @ Los Angeles Clippers,2025-11-30T03:10:00Z,player_double_double,,williamhill_us,2025-11-29T14:55:28Z,2025-11-29T14:56:17Z,,
P.J. Washington,Dallas Mavericks @ Los Angeles Clippers,2025-11-30T03:10:00Z,player_double_double,,williamhill_us,2025-11-29T14:55:28Z,2025-11-29T14:56:17Z,,
Daniel Gafford,Dallas Mavericks @ Los Angeles Clippers,2025-11-30T03:10:00Z,player_double_double,,williamhill_us,2025-11-29T14:55:28Z,2025-11-29T14:56:17Z,,
Cooper Flagg,Dallas Mavericks @ Los Angeles Clippers,2025-11-30T03:10:00Z,player_double_double,,williamhill_us,2025-11-29T14:55:28Z,2025-11-29T14:56:17Z,,
John Collins,Dallas Mavericks @ Los Angeles Clippers,2025-11-30T03:10:00Z,player_double_double,,williamhill_us,2025-11-29T14:55:28Z,2025-11-29T14:56:17Z,,
Kawhi Leonard,Dallas Mavericks @ Los Angeles Clippers,2025-11-30T03:10:00Z,player_double_double,,williamhill_us,2025-11-29T14:55:28Z,2025-11-29T14:56:17Z,,
Brandon Williams,Dallas Mavericks @ Los Angeles Clippers,2025-11-30T03:10:00Z,player_double_double,,williamhill_us,2025-11-29T14:55:28Z,2025-11-29T14:56:17Z,,
James Harden,Dallas Mavericks @ Los Angeles Clippers,2025-11-30T03:10:00Z,player_points,26.5,williamhill_us,2025-11-29T14:55:28Z,2025-11-29T14:56:17Z,-120.0,-112.0
Max Christie,Dallas Mavericks @ Los Angeles Clippers,2025-11-30T03:10:00Z,player_points,10.5,williamhill_us,2025-11-29T14:55:28Z,2025-11-29T14:56:17Z,-122.0,-109.0
John Collins,Dallas Mavericks @ Los Angeles Clippers,2025-11-30T03:10:00Z,player_points,12.5,williamhill_us,2025-11-29T14:55:28Z,2025-11-29T14:56:17Z,-103.0,-130.0
Cooper Flagg,Dallas Mavericks @ Los Angeles Clippers,2025-11-30T03:10:00Z,player_points,16.5,williamhill_us,2025-11-29T14:55:28Z,2025-11-29T14:56:17Z,-108.0,-124.0
Kris Dunn,Dallas Mavericks @ Los Angeles Clippers,2025-11-30T03:10:00Z,player_points,8.5,williamhill_us,2025-11-29T14:55:28Z,2025-11-29T14:56:17Z,-122.0,-109.0
Kawhi Leonard,Dallas Mavericks @ Los Angeles Clippers,2025-11-30T03:10:00Z,player_points,21.5,williamhill_us,2025-11-29T14:55:28Z,2025-11-29T14:56:17Z,-110.0,-121.0
Ivica Zubac,Dallas Mavericks @ Los Angeles Clippers,2025-11-30T03:10:00Z,player_points,16.5,williamhill_us,2025-11-29T14:55:28Z,2025-11-29T14:56:17Z,-110.0,-121.0
Brandon Williams,Dallas Mavericks @ Los Angeles Clippers,2025-11-30T03:10:00Z,player_points,11.5,williamhill_us,2025-11-29T14:55:28Z,2025-11-29T14:56:17Z,-129.0,-104.0
Daniel Gafford,Dallas Mavericks @ Los Angeles Clippers,2025-11-30T03:10:00Z,player_points,10.5,williamhill_us,2025-11-29T14:55:28Z,2025-11-29T14:56:17Z,-106.0,-127.0
P.J. Washington,Dallas Mavericks @ Los Angeles Clippers,2025-11-30T03:10:00Z,player_points,16.5,williamhill_us,2025-11-29T14:55:28Z,2025-11-29T14:56:17Z,-114.0,-117.0
P.J. Washington,Dallas Mavericks @ Los Angeles Clippers,2025-11-30T03:10:00Z,player_rebounds,7.5,williamhill_us,2025-11-29T14:55:28Z,2025-11-29T14:56:17Z,101.0,-136.0
John Collins,Dallas Mavericks @ Los Angeles Clippers,2025-11-30T03:10:00Z,player_rebounds,5.5,williamhill_us,2025-11-29T14:55:28Z,2025-11-29T14:56:17Z,-124.0,-108.0
Brandon Williams,Dallas Mavericks @ Los Angeles Clippers,2025-11-30T03:10:00Z,player_rebounds,3.5,williamhill_us,2025-11-29T14:55:28Z,2025-11-29T14:56:17Z,123.0,-164.0
Max Christie,Dallas Mavericks @ Los Angeles Clippers,2025-11-30T03:10:00Z,player_rebounds,3.5,williamhill_us,2025-11-29T14:55:28Z,2025-11-29T14:56:17Z,122.0,-162.0
Daniel Gafford,Dallas Mavericks @ Los Angeles Clippers,2025-11-30T03:10:00Z,player_rebounds,7.5,williamhill_us,2025-11-29T14:55:28Z,2025-11-29T14:56:17Z,117.0,-157.0
Kawhi Leonard,Dallas Mavericks @ Los Angeles Clippers,2025-11-30T03:10:00Z,player_rebounds,4.5,williamhill_us,2025-11-29T14:55:28Z,2025-11-29T14:56:17Z,-136.0,102.0
Cooper Flagg,Dallas Mavericks @ Los Angeles Clippers,2025-11-30T03:10:00Z,player_rebounds,6.5,williamhill_us,2025-11-29T14:55:28Z,2025-11-29T14:56:17Z,-112.0,-120.0
Kris Dunn,Dallas Mavericks @ Los Angeles Clippers,2025-11-30T03:10:00Z,player_rebounds,2.5,williamhill_us,2025-11-29T14:55:28Z,2025-11-29T14:56:17Z,-170.0,127.0
James Harden,Dallas Mavericks @ Los Angeles Clippers,2025-11-30T03:10:00Z,player_rebounds,5.5,williamhill_us,2025-11-29T14:55:28Z,2025-11-29T14:56:17Z,-112.0,-120.0
Ivica Zubac,Dallas Mavericks @ Los Angeles Clippers,2025-11-30T03:10:00Z,player_rebounds,11.5,williamhill_us,2025-11-29T14:55:28Z,2025-11-29T14:56:17Z,-106.0,-127.0
P.J. Washington,Dallas Mavericks @ Los Angeles Clippers,2025-11-30T03:10:00Z,player_threes,1.5,williamhill_us,2025-11-29T14:55:28Z,2025-11-29T14:56:17Z,-139.0,105.0
Max Christie,Dallas Mavericks @ Los Angeles Clippers,2025-11-30T03:10:00Z,player_threes,2.5,williamhill_us,2025-11-29T14:55:28Z,2025-11-29T14:56:17Z,149.0,-205.0
James Harden,Dallas Mavericks @ Los Angeles Clippers,2025-11-30T03:10:00Z,player_threes,3.5,williamhill_us,2025-11-29T14:55:28Z,2025-11-29T14:56:17Z,-107.0,-125.0
Kawhi Leonard,Dallas Mavericks @ Los Angeles Clippers,2025-11-30T03:10:00Z,player_threes,1.5,williamhill_us,2025-11-29T14:55:28Z,2025-11-29T14:56:17Z,-154.0,116.0
Cooper Flagg,Dallas Mavericks @ Los Angeles Clippers,2025-11-30T03:10:00Z,player_threes,1.5,williamhill_us,2025-11-29T14:55:28Z,2025-11-29T14:56:17Z,157.0,-213.0
James Harden,Dallas Mavericks @ Los Angeles Clippers,2025-11-30T03:10:00Z,player_triple_double,,williamhill_us,2025-11-29T14:55:28Z,2025-11-29T14:56:17Z,,
Ivica Zubac,Dallas Mavericks @ Los Angeles Clippers,2025-11-30T03:10:00Z,player_assists,2.5,betonlineag,2025-11-29T14:54:41Z,2025-11-29T14:55:26Z,115.0,-149.0
Kawhi Leonard,Dallas Mavericks @ Los Angeles Clippers,2025-11-30T03:10:00Z,player_assists,2.5,betonlineag,2025-11-29T14:54:41Z,2025-11-29T14:55:26Z,-132.0,102.0
James Harden,Dallas Mavericks @ Los Angeles Clippers,2025-11-30T03:10:00Z,player_assists,8.5,betonlineag,2025-11-29T14:54:41Z,2025-11-29T14:55:26Z,-112.0,-115.0
P.J. Washington,Dallas Mavericks @ Los Angeles Clippers,2025-11-30T03:10:00Z,player_assists,2.5,betonlineag,2025-11-29T14:54:41Z,2025-11-29T14:55:26Z,136.0,-179.0
Kris Dunn,Dallas Mavericks @ Los Angeles Clippers,2025-11-30T03:10:00Z,player_assists,2.5,betonlineag,2025-11-29T14:54:41Z,2025-11-29T14:55:26Z,-167.0,127.0
Cooper Flagg,Dallas Mavericks @ Los Angeles Clippers,2025-11-30T03:10:00Z,player_assists,3.5,betonlineag,2025-11-29T14:54:41Z,2025-11-29T14:55:26Z,124.0,-161.0
Brandon Williams,Dallas Mavericks @ Los Angeles Clippers,2025-11-30T03:10:00Z,player_assists,4.5,betonlineag,2025-11-29T14:54:41Z,2025-11-29T14:55:26Z,118.0,-154.0
Max Christie,Dallas Mavericks @ Los Angeles Clippers,2025-11-30T03:10:00Z,player_assists,2.5,betonlineag,2025-11-29T14:54:41Z,2025-11-29T14:55:26Z,134.0,-175.0
Ivica Zubac,Dallas Mavericks @ Los Angeles Clippers,2025-11-30T03:10:00Z,player_points,16.5,betonlineag,2025-11-29T14:54:41Z,2025-11-29T14:55:26Z,-111.0,-116.0
Kawhi Leonard,Dallas Mavericks @ Los Angeles Clippers,2025-11-30T03:10:00Z,player_points,21.5,betonlineag,2025-11-29T14:54:41Z,2025-11-29T14:55:26Z,-105.0,-123.0
P.J. Washington,Dallas Mavericks @ Los Angeles Clippers,2025-11-30T03:10:00Z,player_points,16.5,betonlineag,2025-11-29T14:54:41Z,2025-11-29T14:55:26Z,-109.0,-119.0
James Harden,Dallas Mavericks @ Los Angeles Clippers,2025-11-30T03:10:00Z,player_points,26.5,betonlineag,2025-11-29T14:54:41Z,2025-11-29T14:55:26Z,-118.0,-110.0
Max Christie,Dallas Mavericks @ Los Angeles Clippers,2025-11-30T03:10:00Z,player_points,10.5,betonlineag,2025-11-29T14:54:41Z,2025-11-29T14:55:26Z,-118.0,-110.0
Cooper Flagg,Dallas Mavericks @ Los Angeles Clippers,2025-11-30T03:10:00Z,player_points,16.5,betonlineag,2025-11-29T14:54:41Z,2025-11-29T14:55:26Z,-103.0,-125.0
Kris Dunn,Dallas Mavericks @ Los Angeles Clippers,2025-11-30T03:10:00Z,player_points,8.5,betonlineag,2025-11-29T14:54:41Z,2025-11-29T14:55:26Z,-119.0,-109.0
Brandon Williams,Dallas Mavericks @ Los Angeles Clippers,2025-11-30T03:10:00Z,player_points,11.5,betonlineag,2025-11-29T14:54:41Z,2025-11-29T14:55:26Z,-127.0,-102.0
John Collins,Dallas Mavericks @ Los Angeles Clippers,2025-11-30T03:10:00Z,player_points,11.5,betonlineag,2025-11-29T14:54:41Z,2025-11-29T14:55:26Z,-125.0,-103.0
Daniel Gafford,Dallas Mavericks @ Los Angeles Clippers,2025-11-30T03:10:00Z,player_points,10.5,betonlineag,2025-11-29T14:54:41Z,2025-11-29T14:55:26Z,-118.0,-110.0
Ivica Zubac,Dallas Mavericks @ Los Angeles Clippers,2025-11-30T03:10:00Z,player_points_rebounds_assists,30.5,betonlineag,2025-11-29T14:54:41Z,2025-11-29T14:55:26Z,-114.0,-114.0
James Harden,Dallas Mavericks @ Los Angeles Clippers,2025-11-30T03:10:00Z,player_points_rebounds_assists,41.5,betonlineag,2025-11-29T14:54:41Z,2025-11-29T14:55:26Z,-109.0,-119.0
Brandon Williams,Dallas Mavericks @ Los Angeles Clippers,2025-11-30T03:10:00Z,player_points_rebounds_assists,19.5,betonlineag,2025-11-29T14:54:41Z,2025-11-29T14:55:26Z,-115.0,-112.0
Max Christie,Dallas Mavericks @ Los Angeles Clippers,2025-11-30T03:10:00Z,player_points_rebounds_assists,16.5,betonlineag,2025-11-29T14:54:41Z,2025-11-29T14:55:26Z,-108.0,-120.0
Cooper Flagg,Dallas Mavericks @ Los Angeles Clippers,2025-11-30T03:10:00Z,player_points_rebounds_assists,26.5,betonlineag,2025-11-29T14:54:41Z,2025-11-29T14:55:26Z,-109.0,-119.0
Kris Dunn,Dallas Mavericks @ Los Angeles Clippers,2025-11-30T03:10:00Z,player_points_rebounds_assists,14.5,betonlineag,2025-11-29T14:54:41Z,2025-11-29T14:55:26Z,-123.0,-104.0
John Collins,Dallas Mavericks @ Los Angeles Clippers,2025-11-30T03:10:00Z,player_points_rebounds_assists,19.5,betonlineag,2025-11-29T14:54:41Z,2025-11-29T14:55:26Z,-105.0,-123.0
P.J. Washington,Dallas Mavericks @ Los Angeles Clippers,2025-11-30T03:10:00Z,player_points_rebounds_assists,26.5,betonlineag,2025-11-29T14:54:41Z,2025-11-29T14:55:26Z,-109.0,-119.0
Daniel Gafford,Dallas Mavericks @ Los Angeles Clippers,2025-11-30T03:10:00Z,player_points_rebounds_assists,18.5,betonlineag,2025-11-29T14:54:41Z,2025-11-29T14:55:26Z,-116.0,-111.0
Kawhi Leonard,Dallas Mavericks @ Los Angeles Clippers,2025-11-30T03:10:00Z,player_points_rebounds_assists,28.5,betonlineag,2025-11-29T14:54:41Z,2025-11-29T14:55:26Z,-116.0,-111.0
Kawhi Leonard,Dallas Mavericks @ Los Angeles Clippers,2025-11-30T03:10:00Z,player_rebounds,4.5,betonlineag,2025-11-29T14:54:41Z,2025-11-29T14:53:56Z,-133.0,106.0
Ivica Zubac,Dallas Mavericks @ Los Angeles Clippers,2025-11-30T03:10:00Z,player_rebounds,11.5,betonlineag,2025-11-29T14:54:41Z,2025-11-29T14:53:56Z,-102.0,-127.0
James Harden,Dallas Mavericks @ Los Angeles Clippers,2025-11-30T03:10:00Z,player_rebounds,5.5,betonlineag,2025-11-29T14:54:41Z,2025-11-29T14:53:56Z,-109.0,-120.0
P.J. Washington,Dallas Mavericks @ Los Angeles Clippers,2025-11-30T03:10:00Z,player_rebounds,7.5,betonlineag,2025-11-29T14:54:41Z,2025-11-29T14:53:56Z,100.0,-130.0
Cooper Flagg,Dallas Mavericks @ Los Angeles Clippers,2025-11-30T03:10:00Z,player_rebounds,6.5,betonlineag,2025-11-29T14:54:41Z,2025-11-29T14:53:56Z,-110.0,-118.0
Brandon Williams,Dallas Mavericks @ Los Angeles Clippers,2025-11-30T03:10:00Z,player_rebounds,3.5,betonlineag,2025-11-29T14:54:41Z,2025-11-29T14:53:56Z,128.0,-167.0
Kris Dunn,Dallas Mavericks @ Los Angeles Clippers,2025-11-30T03:10:00Z,player_rebounds,2.5,betonlineag,2025-11-29T14:54:41Z,2025-11-29T14:53:56Z,-167.0,127.0
Max Christie,Dallas Mavericks @ Los Angeles Clippers,2025-11-30T03:10:00Z,player_rebounds,3.5,betonlineag,2025-11-29T14:54:41Z,2025-11-29T14:53:56Z,126.0,-164.0
John Collins,Dallas Mavericks @ Los Angeles Clippers,2025-11-30T03:10:00Z,player_rebounds,5.5,betonlineag,2025-11-29T14:54:41Z,2025-11-29T14:53:56Z,-120.0,-109.0
Daniel Gafford,Dallas Mavericks @ Los Angeles Clippers,2025-11-30T03:10:00Z,player_rebounds,7.5,betonlineag,2025-11-29T14:54:41Z,2025-11-29T14:53:56Z,115.0,-149.0
Kawhi Leonard,Dallas Mavericks @ Los Angeles Clippers,2025-11-30T03:10:00Z,player_threes,1.5,betonlineag,2025-11-29T14:54:41Z,2025-11-29T14:55:26Z,-154.0,118.0
P.J. Washington,Dallas Mavericks @ Los Angeles Clippers,2025-11-30T03:10:00Z,player_threes,1.5,betonlineag,2025-11-29T14:54:41Z,2025-11-29T14:55:26Z,-141.0,109.0
James Harden,Dallas Mavericks @ Los Angeles Clippers,2025-11-30T03:10:00Z,player_threes,3.5,betonlineag,2025-11-29T14:54:41Z,2025-11-29T14:55:26Z,-105.0,-123.0
Cooper Flagg,Dallas Mavericks @ Los Angeles Clippers,2025-11-30T03:10:00Z,player_threes,1.5,betonlineag,2025-11-29T14:54:41Z,2025-11-29T14:55:26Z,171.0,-227.0
Max Christie,Dallas Mavericks @ Los Angeles Clippers,2025-11-30T03:10:00Z,player_threes,1.5,betonlineag,2025-11-29T14:54:41Z,2025-11-29T14:55:26Z,-175.0,134.0
John Collins,Dallas Mavericks @ Los Angeles Clippers,2025-11-30T03:10:00Z,player_threes,0.5,betonlineag,2025-11-29T14:54:41Z,2025-11-29T14:55:26Z,-192.0,145.0
