player,game,game_time,market,line,bookmaker,bookmaker_last_update,market_last_update,over_odds,under_odds
Dylan Harper,Brooklyn Nets @ San Antonio Spurs,2025-10-26T18:10:00Z,player_assists,3.5,fanduel,2025-10-26T14:55:09Z,2025-10-26T14:54:28Z,-104.0,-122.0
Cam Thomas,Brooklyn Nets @ San Antonio Spurs,2025-10-26T18:10:00Z,player_assists,4.5,fanduel,2025-10-26T14:55:09Z,2025-10-26T14:54:28Z,-104.0,-122.0
Nicolas Claxton,Brooklyn Nets @ San Antonio Spurs,2025-10-26T18:10:00Z,player_assists,2.5,fanduel,2025-10-26T14:55:09Z,2025-10-26T14:54:28Z,-146.0,114.0
Stephon Castle,Brooklyn Nets @ San Antonio Spurs,2025-10-26T18:10:00Z,player_assists,6.5,fanduel,2025-10-26T14:55:09Z,2025-10-26T14:54:28Z,102.0,-130.0
Victor Wembanyama,Brooklyn Nets @ San Antonio Spurs,2025-10-26T18:10:00Z,player_assists,3.5,fanduel,2025-10-26T14:55:09Z,2025-10-26T14:54:28Z,-128.0,100.0
Michael Porter Jr,Brooklyn Nets @ San Antonio Spurs,2025-10-26T18:10:00Z,player_assists,2.5,fanduel,2025-10-26T14:55:09Z,2025-10-26T14:54:28Z,126.0,-162.0
Devin Vassell,Brooklyn Nets @ San Antonio Spurs,2025-10-26T18:10:00Z,player_assists,3.5,fanduel,2025-10-26T14:55:09Z,2025-10-26T14:54:28Z,124.0,-160.0
Nicolas Claxton,Brooklyn Nets @ San Antonio Spurs,2025-10-26T18:10:00Z,player_blocks,1.5,fanduel,2025-10-26T14:55:09Z,2025-10-26T14:54:37Z,138.0,-186.0
Victor Wembanyama,Brooklyn Nets @ San Antonio Spurs,2025-10-26T18:10:00Z,player_blocks,3.5,fanduel,2025-10-26T14:55:09Z,2025-10-26T14:54:37Z,-162.0,122.0
Victor Wembanyama,Brooklyn Nets @ San Antonio Spurs,2025-10-26T18:10:00Z,player_double_double,,fanduel,2025-10-26T14:55:09Z,2025-10-26T14:54:37Z,,
Nicolas Claxton,Brooklyn Nets @ San Antonio Spurs,2025-10-26T18:10:00Z,player_double_double,,fanduel,2025-10-26T14:55:09Z,2025-10-26T14:54:37Z,,
Stephon Castle,Brooklyn Nets @ San Antonio Spurs,2025-10-26T18:10:00Z,player_double_double,,fanduel,2025-10-26T14:55:09Z,2025-10-26T14:54:37Z,,
Michael Porter Jr,Brooklyn Nets @ San Antonio Spurs,2025-10-26T18:10:00Z,player_double_double,,fanduel,2025-10-26T14:55:09Z,2025-10-26T14:54:37Z,,
Keldon Johnson,Brooklyn Nets @ San Antonio Spurs,2025-10-26T18:10:00Z,player_double_double,,fanduel,2025-10-26T14:55:09Z,2025-10-26T14:54:37Z,,
Julian Champagnie,Brooklyn Nets @ San Antonio Spurs,2025-10-26T18:10:00Z,player_double_double,,fanduel,2025-10-26T14:55:09Z,2025-10-26T14:54:37Z,,
Cam Thomas,Brooklyn Nets @ San Antonio Spurs,2025-10-26T18:10:00Z,player_double_double,,fanduel,2025-10-26T14:55:09Z,2025-10-26T14:54:37Z,,
Devin Vassell,Brooklyn Nets @ San Antonio Spurs,2025-10-26T18:10:00Z,player_double_double,,fanduel,2025-10-26T14:55:09Z,2025-10-26T14:54:37Z,,
Dylan Harper,Brooklyn Nets @ San Antonio Spurs,2025-10-26T18:10:00Z,player_double_double,,fanduel,2025-10-26T14:55:09Z,2025-10-26T14:54:37Z,,
Stephon Castle,Brooklyn Nets @ San Antonio Spurs,2025-10-26T18:10:00Z,player_points,17.5,fanduel,2025-10-26T14:55:09Z,2025-10-26T14:54:37Z,-115.0,-111.0
Julian Champagnie,Brooklyn Nets @ San Antonio Spurs,2025-10-26T18:10:00Z,player_points,9.5,fanduel,2025-10-26T14:55:09Z,2025-10-26T14:54:37Z,-125.0,-102.0
Michael Porter Jr,Brooklyn Nets @ San Antonio Spurs,2025-10-26T18:10:00Z,player_points,19.5,fanduel,2025-10-26T14:55:09Z,2025-10-26T14:54:37Z,102.0,-130.0
Keldon Johnson,Brooklyn Nets @ San Antonio Spurs,2025-10-26T18:10:00Z,player_points,11.5,fanduel,2025-10-26T14:55:09Z,2025-10-26T14:54:37Z,-102.0,-125.0
Devin Vassell,Brooklyn Nets @ San Antonio Spurs,2025-10-26T18:10:00Z,player_points,16.5,fanduel,2025-10-26T14:55:09Z,2025-10-26T14:54:37Z,-120.0,-106.0
Harrison Barnes,Brooklyn Nets @ San Antonio Spurs,2025-10-26T18:10:00Z,player_points,9.5,fanduel,2025-10-26T14:55:09Z,2025-10-26T14:54:37Z,-128.0,100.0
Cam Thomas,Brooklyn Nets @ San Antonio Spurs,2025-10-26T18:10:00Z,player_points,22.5,fanduel,2025-10-26T14:55:09Z,2025-10-26T14:54:37Z,-120.0,-106.0
Dylan Harper,Brooklyn Nets @ San Antonio Spurs,2025-10-26T18:10:00Z,player_points,12.5,fanduel,2025-10-26T14:55:09Z,2025-10-26T14:54:37Z,-118.0,-108.0
Nicolas Claxton,Brooklyn Nets @ San Antonio Spurs,2025-10-26T18:10:00Z,player_points,10.5,fanduel,2025-10-26T14:55:09Z,2025-10-26T14:54:37Z,-111.0,-115.0
Victor Wembanyama,Brooklyn Nets @ San Antonio Spurs,2025-10-26T18:10:00Z,player_points,28.5,fanduel,2025-10-26T14:55:09Z,2025-10-26T14:54:37Z,-108.0,-118.0
Victor Wembanyama,Brooklyn Nets @ San Antonio Spurs,2025-10-26T18:10:00Z,player_points_rebounds_assists,44.5,fanduel,2025-10-26T14:55:09Z,2025-10-26T14:54:37Z,-115.0,-111.0
Stephon Castle,Brooklyn Nets @ San Antonio Spurs,2025-10-26T18:10:00Z,player_points_rebounds_assists,28.5,fanduel,2025-10-26T14:55:09Z,2025-10-26T14:54:37Z,-125.0,-102.0
Nicolas Claxton,Brooklyn Nets @ San Antonio Spurs,2025-10-26T18:10:00Z,player_points_rebounds_assists,21.5,fanduel,2025-10-26T14:55:09Z,2025-10-26T14:54:37Z,-108.0,-120.0
Dylan Harper,Brooklyn Nets @ San Antonio Spurs,2025-10-26T18:10:00Z,player_points_rebounds_assists,19.5,fanduel,2025-10-26T14:55:09Z,2025-10-26T14:54:37Z,-120.0,-106.0
Cam Thomas,Brooklyn Nets @ San Antonio Spurs,2025-10-26T18:10:00Z,player_points_rebounds_assists,30.5,fanduel,2025-10-26T14:55:09Z,2025-10-26T14:54:37Z,-113.0,-113.0
Devin Vassell,Brooklyn Nets @ San Antonio Spurs,2025-10-26T18:10:00Z,player_points_rebounds_assists,24.5,fanduel,2025-10-26T14:55:09Z,2025-10-26T14:54:37Z,-104.0,-122.0
Michael Porter Jr,Brooklyn Nets @ San Antonio Spurs,2025-10-26T18:10:00Z,player_points_rebounds_assists,27.5,fanduel,2025-10-26T14:55:09Z,2025-10-26T14:54:37Z,-113.0,-113.0
Victor Wembanyama,Brooklyn Nets @ San Antonio Spurs,2025-10-26T18:10:00Z,player_rebounds,12.5,fanduel,2025-10-26T14:55:09Z,2025-10-26T14:54:37Z,-104.0,-122.0
Julian Champagnie,Brooklyn Nets @ San Antonio Spurs,2025-10-26T18:10:00Z,player_rebounds,4.5,fanduel,2025-10-26T14:55:09Z,2025-10-26T14:54:37Z,-142.0,112.0
Devin Vassell,Brooklyn Nets @ San Antonio Spurs,2025-10-26T18:10:00Z,player_rebounds,3.5,fanduel,2025-10-26T14:55:09Z,2025-10-26T14:54:37Z,-154.0,120.0
Cam Thomas,Brooklyn Nets @ San Antonio Spurs,2025-10-26T18:10:00Z,player_rebounds,2.5,fanduel,2025-10-26T14:55:09Z,2025-10-26T14:54:37Z,-160.0,124.0
Nicolas Claxton,Brooklyn Nets @ San Antonio Spurs,2025-10-26T18:10:00Z,player_rebounds,7.5,fanduel,2025-10-26T14:55:09Z,2025-10-26T14:54:37Z,-113.0,-113.0
Keldon Johnson,Brooklyn Nets @ San Antonio Spurs,2025-10-26T18:10:00Z,player_rebounds,5.5,fanduel,2025-10-26T14:55:09Z,2025-10-26T14:54:37Z,122.0,-154.0
Dylan Harper,Brooklyn Nets @ San Antonio Spurs,2025-10-26T18:10:00Z,player_rebounds,3.5,fanduel,2025-10-26T14:55:09Z,2025-10-26T14:54:37Z,112.0,-142.0
Michael Porter Jr,Brooklyn Nets @ San Antonio Spurs,2025-10-26T18:10:00Z,player_rebounds,5.5,fanduel,2025-10-26T14:55:09Z,2025-10-26T14:54:37Z,-146.0,114.0
Stephon Castle,Brooklyn Nets @ San Antonio Spurs,2025-10-26T18:10:00Z,player_rebounds,4.5,fanduel,2025-10-26T14:55:09Z,2025-10-26T14:54:37Z,-113.0,-113.0
Victor Wembanyama,Brooklyn Nets @ San Antonio Spurs,2025-10-26T18:10:00Z,player_steals,1.5,fanduel,2025-10-26T14:55:09Z,2025-10-26T14:54:37Z,148.0,-200.0
Nicolas Claxton,Brooklyn Nets @ San Antonio Spurs,2025-10-26T18:10:00Z,player_steals,0.5,fanduel,2025-10-26T14:55:09Z,2025-10-26T14:54:37Z,-174.0,130.0
Harrison Barnes,Brooklyn Nets @ San Antonio Spurs,2025-10-26T18:10:00Z,player_threes,1.5,fanduel,2025-10-26T14:55:09Z,2025-10-26T14:54:37Z,108.0,-138.0
Julian Champagnie,Brooklyn Nets @ San Antonio Spurs,2025-10-26T18:10:00Z,player_threes,1.5,fanduel,2025-10-26T14:55:09Z,2025-10-26T14:54:37Z,-180.0,140.0
Michael Porter Jr,Brooklyn Nets @ San Antonio Spurs,2025-10-26T18:10:00Z,player_threes,2.5,fanduel,2025-10-26T14:55:09Z,2025-10-26T14:54:37Z,-160.0,124.0
Victor Wembanyama,Brooklyn Nets @ San Antonio Spurs,2025-10-26T18:10:00Z,player_threes,1.5,fanduel,2025-10-26T14:55:09Z,2025-10-26T14:54:37Z,-130.0,102.0
Devin Vassell,Brooklyn Nets @ San Antonio Spurs,2025-10-26T18:10:00Z,player_threes,2.5,fanduel,2025-10-26T14:55:09Z,2025-10-26T14:54:37Z,110.0,-140.0
Dylan Harper,Brooklyn Nets @ San Antonio Spurs,2025-10-26T18:10:00Z,player_threes,1.5,fanduel,2025-10-26T14:55:09Z,2025-10-26T14:54:37Z,162.0,-210.0
Cam Thomas,Brooklyn Nets @ San Antonio Spurs,2025-10-26T18:10:00Z,player_threes,2.5,fanduel,2025-10-26T14:55:09Z,2025-10-26T14:54:37Z,118.0,-150.0
Stephon Castle,Brooklyn Nets @ San Antonio Spurs,2025-10-26T18:10:00Z,player_threes,1.5,fanduel,2025-10-26T14:55:09Z,2025-10-26T14:54:37Z,134.0,-172.0
Victor Wembanyama,Brooklyn Nets @ San Antonio Spurs,2025-10-26T18:10:00Z,player_triple_double,,fanduel,2025-10-26T14:55:09Z,2025-10-26T14:54:37Z,,
Stephon Castle,Brooklyn Nets @ San Antonio Spurs,2025-10-26T18:10:00Z,player_triple_double,,fanduel,2025-10-26T14:55:09Z,2025-10-26T14:54:37Z,,
Devin Vassell,Brooklyn Nets @ San Antonio Spurs,2025-10-26T18:10:00Z,player_assists,3.5,betonlineag,2025-10-26T14:55:22Z,2025-10-26T14:54:52Z,122.0,-159.0
Nicolas Claxton,Brooklyn Nets @ San Antonio Spurs,2025-10-26T18:10:00Z,player_assists,2.5,betonlineag,2025-10-26T14:55:22Z,2025-10-26T14:54:52Z,-152.0,116.0
Cam Thomas,Brooklyn Nets @ San Antonio Spurs,2025-10-26T18:10:00Z,player_assists,4.5,betonlineag,2025-10-26T14:55:22Z,2025-10-26T14:54:52Z,-105.0,-123.0
Dylan Harper,Brooklyn Nets @ San Antonio Spurs,2025-10-26T18:10:00Z,player_assists,3.5,betonlineag,2025-10-26T14:55:22Z,2025-10-26T14:54:52Z,106.0,-137.0
Stephon Castle,Brooklyn Nets @ San Antonio Spurs,2025-10-26T18:10:00Z,player_assists,6.5,betonlineag,2025-10-26T14:55:22Z,2025-10-26T14:54:52Z,-103.0,-125.0
Victor Wembanyama,Brooklyn Nets @ San Antonio Spurs,2025-10-26T18:10:00Z,player_assists,3.5,betonlineag,2025-10-26T14:55:22Z,2025-10-26T14:54:52Z,-128.0,-101.0
Michael Porter Jr,Brooklyn Nets @ San Antonio Spurs,2025-10-26T18:10:00Z,player_assists,2.5,betonlineag,2025-10-26T14:55:22Z,2025-10-26T14:54:52Z,132.0,-172.0
Egor Demin,Brooklyn Nets @ San Antonio Spurs,2025-10-26T18:10:00Z,player_assists,3.5,betonlineag,2025-10-26T14:55:22Z,2025-10-26T14:54:52Z,-149.0,115.0
Cam Thomas,Brooklyn Nets @ San Antonio Spurs,2025-10-26T18:10:00Z,player_points,22.5,betonlineag,2025-10-26T14:55:22Z,2025-10-26T14:54:52Z,-112.0,-115.0
Devin Vassell,Brooklyn Nets @ San Antonio Spurs,2025-10-26T18:10:00Z,player_points,16.5,betonlineag,2025-10-26T14:55:22Z,2025-10-26T14:54:52Z,-133.0,103.0
Nicolas Claxton,Brooklyn Nets @ San Antonio Spurs,2025-10-26T18:10:00Z,player_points,10.5,betonlineag,2025-10-26T14:55:22Z,2025-10-26T14:54:52Z,-112.0,-115.0
Keldon Johnson,Brooklyn Nets @ San Antonio Spurs,2025-10-26T18:10:00Z,player_points,11.5,betonlineag,2025-10-26T14:55:22Z,2025-10-26T14:54:52Z,-106.0,-122.0
Stephon Castle,Brooklyn Nets @ San Antonio Spurs,2025-10-26T18:10:00Z,player_points,17.5,betonlineag,2025-10-26T14:55:22Z,2025-10-26T14:54:52Z,-118.0,-110.0
Dylan Harper,Brooklyn Nets @ San Antonio Spurs,2025-10-26T18:10:00Z,player_points,12.5,betonlineag,2025-10-26T14:55:22Z,2025-10-26T14:54:52Z,-115.0,-112.0
Harrison Barnes,Brooklyn Nets @ San Antonio Spurs,2025-10-26T18:10:00Z,player_points,9.5,betonlineag,2025-10-26T14:55:22Z,2025-10-26T14:54:52Z,-143.0,110.0
Michael Porter Jr,Brooklyn Nets @ San Antonio Spurs,2025-10-26T18:10:00Z,player_points,19.5,betonlineag,2025-10-26T14:55:22Z,2025-10-26T14:54:52Z,-109.0,-119.0
Egor Demin,Brooklyn Nets @ San Antonio Spurs,2025-10-26T18:10:00Z,player_points,8.5,betonlineag,2025-10-26T14:55:22Z,2025-10-26T14:54:52Z,-106.0,-122.0
Terance Mann,Brooklyn Nets @ San Antonio Spurs,2025-10-26T18:10:00Z,player_points,7.5,betonlineag,2025-10-26T14:55:22Z,2025-10-26T14:54:52Z,-114.0,-114.0
Ziaire Williams,Brooklyn Nets @ San Antonio Spurs,2025-10-26T18:10:00Z,player_points,9.5,betonlineag,2025-10-26T14:55:22Z,2025-10-26T14:54:52Z,-112.0,-115.0
Noah Clowney,Brooklyn Nets @ San Antonio Spurs,2025-10-26T18:10:00Z,player_points,8.5,betonlineag,2025-10-26T14:55:22Z,2025-10-26T14:54:52Z,-102.0,-127.0
Ben Saraf,Brooklyn Nets @ San Antonio Spurs,2025-10-26T18:10:00Z,player_points,6.5,betonlineag,2025-10-26T14:55:22Z,2025-10-26T14:54:52Z,-112.0,-115.0
Julian Champagnie,Brooklyn Nets @ San Antonio Spurs,2025-10-26T18:10:00Z,player_points,10.5,betonlineag,2025-10-26T14:55:22Z,2025-10-26T14:54:52Z,-101.0,-128.0
Victor Wembanyama,Brooklyn Nets @ San Antonio Spurs,2025-10-26T18:10:00Z,player_points,28.5,betonlineag,2025-10-26T14:55:22Z,2025-10-26T14:54:52Z,-109.0,-119.0
Nicolas Claxton,Brooklyn Nets @ San Antonio Spurs,2025-10-26T18:10:00Z,player_points_rebounds_assists,21.5,betonlineag,2025-10-26T14:55:22Z,2025-10-26T14:54:52Z,-114.0,-114.0
Cam Thomas,Brooklyn Nets @ San Antonio Spurs,2025-10-26T18:10:00Z,player_points_rebounds_assists,30.5,betonlineag,2025-10-26T14:55:22Z,2025-10-26T14:54:52Z,-110.0,-118.0
Dylan Harper,Brooklyn Nets @ San Antonio Spurs,2025-10-26T18:10:00Z,player_points_rebounds_assists,19.5,betonlineag,2025-10-26T14:55:22Z,2025-10-26T14:54:52Z,-120.0,-108.0
Harrison Barnes,Brooklyn Nets @ San Antonio Spurs,2025-10-26T18:10:00Z,player_points_rebounds_assists,16.5,betonlineag,2025-10-26T14:55:22Z,2025-10-26T14:54:52Z,-118.0,-110.0
Devin Vassell,Brooklyn Nets @ San Antonio Spurs,2025-10-26T18:10:00Z,player_points_rebounds_assists,24.5,betonlineag,2025-10-26T14:55:22Z,2025-10-26T14:54:52Z,-110.0,-118.0
Victor Wembanyama,Brooklyn Nets @ San Antonio Spurs,2025-10-26T18:10:00Z,player_points_rebounds_assists,45.5,betonlineag,2025-10-26T14:55:22Z,2025-10-26T14:54:52Z,-111.0,-116.0
Julian Champagnie,Brooklyn Nets @ San Antonio Spurs,2025-10-26T18:10:00Z,player_points_rebounds_assists,17.5,betonlineag,2025-10-26T14:55:22Z,2025-10-26T14:54:52Z,-114.0,-114.0
Michael Porter Jr,Brooklyn Nets @ San Antonio Spurs,2025-10-26T18:10:00Z,player_points_rebounds_assists,28.5,betonlineag,2025-10-26T14:55:22Z,2025-10-26T14:54:52Z,-108.0,-120.0
Stephon Castle,Brooklyn Nets @ San Antonio Spurs,2025-10-26T18:10:00Z,player_points_rebounds_assists,29.5,betonlineag,2025-10-26T14:55:22Z,2025-10-26T14:54:52Z,-111.0,-116.0
Ziaire Williams,Brooklyn Nets @ San Antonio Spurs,2025-10-26T18:10:00Z,player_points_rebounds_assists,15.5,betonlineag,2025-10-26T14:55:22Z,2025-10-26T14:54:52Z,100.0,-130.0
Keldon Johnson,Brooklyn Nets @ San Antonio Spurs,2025-10-26T18:10:00Z,player_points_rebounds_assists,18.5,betonlineag,2025-10-26T14:55:22Z,2025-10-26T14:54:52Z,-114.0,-114.0
Noah Clowney,Brooklyn Nets @ San Antonio Spurs,2025-10-26T18:10:00Z,player_points_rebounds_assists,13.5,betonlineag,2025-10-26T14:55:22Z,2025-10-26T14:54:52Z,-102.0,-127.0
Egor Demin,Brooklyn Nets @ San Antonio Spurs,2025-10-26T18:10:00Z,player_points_rebounds_assists,16.5,betonlineag,2025-10-26T14:55:22Z,2025-10-26T14:54:52Z,-111.0,-116.0
Cam Thomas,Brooklyn Nets @ San Antonio Spurs,2025-10-26T18:10:00Z,player_rebounds,2.5,betonlineag,2025-10-26T14:55:22Z,2025-10-26T14:54:52Z,-159.0,122.0
Keldon Johnson,Brooklyn Nets @ San Antonio Spurs,2025-10-26T18:10:00Z,player_rebounds,5.5,betonlineag,2025-10-26T14:55:22Z,2025-10-26T14:54:52Z,110.0,-143.0
Nicolas Claxton,Brooklyn Nets @ San Antonio Spurs,2025-10-26T18:10:00Z,player_rebounds,7.5,betonlineag,2025-10-26T14:55:22Z,2025-10-26T14:54:52Z,-119.0,-109.0
Devin Vassell,Brooklyn Nets @ San Antonio Spurs,2025-10-26T18:10:00Z,player_rebounds,3.5,betonlineag,2025-10-26T14:55:22Z,2025-10-26T14:54:52Z,-156.0,120.0
Stephon Castle,Brooklyn Nets @ San Antonio Spurs,2025-10-26T18:10:00Z,player_rebounds,4.5,betonlineag,2025-10-26T14:55:22Z,2025-10-26T14:54:52Z,-123.0,-105.0
Dylan Harper,Brooklyn Nets @ San Antonio Spurs,2025-10-26T18:10:00Z,player_rebounds,3.5,betonlineag,2025-10-26T14:55:22Z,2025-10-26T14:54:52Z,106.0,-137.0
Victor Wembanyama,Brooklyn Nets @ San Antonio Spurs,2025-10-26T18:10:00Z,player_rebounds,12.5,betonlineag,2025-10-26T14:55:22Z,2025-10-26T14:54:52Z,-112.0,-115.0
Michael Porter Jr,Brooklyn Nets @ San Antonio Spurs,2025-10-26T18:10:00Z,player_rebounds,5.5,betonlineag,2025-10-26T14:55:22Z,2025-10-26T14:54:52Z,-145.0,112.0
Julian Champagnie,Brooklyn Nets @ San Antonio Spurs,2025-10-26T18:10:00Z,player_rebounds,4.5,betonlineag,2025-10-26T14:55:22Z,2025-10-26T14:54:52Z,-152.0,116.0
Day'Ron Sharpe,Brooklyn Nets @ San Antonio Spurs,2025-10-26T18:10:00Z,player_rebounds,4.5,betonlineag,2025-10-26T14:55:22Z,2025-10-26T14:54:52Z,-130.0,100.0
Noah Clowney,Brooklyn Nets @ San Antonio Spurs,2025-10-26T18:10:00Z,player_rebounds,3.5,betonlineag,2025-10-26T14:55:22Z,2025-10-26T14:54:52Z,-105.0,-123.0
Ziaire Williams,Brooklyn Nets @ San Antonio Spurs,2025-10-26T18:10:00Z,player_rebounds,3.5,betonlineag,2025-10-26T14:55:22Z,2025-10-26T14:54:52Z,-132.0,102.0
Harrison Barnes,Brooklyn Nets @ San Antonio Spurs,2025-10-26T18:10:00Z,player_rebounds,3.5,betonlineag,2025-10-26T14:55:22Z,2025-10-26T14:54:52Z,-156.0,120.0
Egor Demin,Brooklyn Nets @ San Antonio Spurs,2025-10-26T18:10:00Z,player_rebounds,3.5,betonlineag,2025-10-26T14:55:22Z,2025-10-26T14:54:52Z,-149.0,115.0
Keldon Johnson,Brooklyn Nets @ San Antonio Spurs,2025-10-26T18:10:00Z,player_threes,0.5,betonlineag,2025-10-26T14:55:22Z,2025-10-26T14:54:52Z,-169.0,129.0
Devin Vassell,Brooklyn Nets @ San Antonio Spurs,2025-10-26T18:10:00Z,player_threes,2.5,betonlineag,2025-10-26T14:55:22Z,2025-10-26T14:54:52Z,104.0,-135.0
Cam Thomas,Brooklyn Nets @ San Antonio Spurs,2025-10-26T18:10:00Z,player_threes,2.5,betonlineag,2025-10-26T14:55:22Z,2025-10-26T14:54:52Z,122.0,-159.0
Harrison Barnes,Brooklyn Nets @ San Antonio Spurs,2025-10-26T18:10:00Z,player_threes,1.5,betonlineag,2025-10-26T14:55:22Z,2025-10-26T14:54:52Z,112.0,-145.0
Stephon Castle,Brooklyn Nets @ San Antonio Spurs,2025-10-26T18:10:00Z,player_threes,1.5,betonlineag,2025-10-26T14:55:22Z,2025-10-26T14:54:52Z,126.0,-164.0
Victor Wembanyama,Brooklyn Nets @ San Antonio Spurs,2025-10-26T18:10:00Z,player_threes,1.5,betonlineag,2025-10-26T14:55:22Z,2025-10-26T14:54:52Z,-115.0,-112.0
Dylan Harper,Brooklyn Nets @ San Antonio Spurs,2025-10-26T18:10:00Z,player_threes,1.5,betonlineag,2025-10-26T14:55:22Z,2025-10-26T14:54:52Z,146.0,-192.0
Michael Porter Jr,Brooklyn Nets @ San Antonio Spurs,2025-10-26T18:10:00Z,player_threes,2.5,betonlineag,2025-10-26T14:55:22Z,2025-10-26T14:54:52Z,-156.0,121.0
Julian Champagnie,Brooklyn Nets @ San Antonio Spurs,2025-10-26T18:10:00Z,player_threes,1.5,betonlineag,2025-10-26T14:55:22Z,2025-10-26T14:54:52Z,-185.0,142.0
Ziaire Williams,Brooklyn Nets @ San Antonio Spurs,2025-10-26T18:10:00Z,player_threes,1.5,betonlineag,2025-10-26T14:55:22Z,2025-10-26T14:54:52Z,-156.0,120.0
Noah Clowney,Brooklyn Nets @ San Antonio Spurs,2025-10-26T18:10:00Z,player_threes,1.5,betonlineag,2025-10-26T14:55:22Z,2025-10-26T14:54:52Z,107.0,-139.0
Egor Demin,Brooklyn Nets @ San Antonio Spurs,2025-10-26T18:10:00Z,player_threes,1.5,betonlineag,2025-10-26T14:55:22Z,2025-10-26T14:54:52Z,-112.0,-115.0
Victor Wembanyama,Brooklyn Nets @ San Antonio Spurs,2025-10-26T18:10:00Z,player_assists,3.5,fanatics,2025-10-26T14:55:12Z,2025-10-26T14:56:10Z,-130.0,100.0
Michael Porter Jr,Brooklyn Nets @ San Antonio Spurs,2025-10-26T18:10:00Z,player_assists,2.5,fanatics,2025-10-26T14:55:12Z,2025-10-26T14:56:10Z,125.0,-175.0
Devin Vassell,Brooklyn Nets @ San Antonio Spurs,2025-10-26T18:10:00Z,player_assists,3.5,fanatics,2025-10-26T14:55:12Z,2025-10-26T14:56:10Z,115.0,-150.0
Stephon Castle,Brooklyn Nets @ San Antonio Spurs,2025-10-26T18:10:00Z,player_assists,6.5,fanatics,2025-10-26T14:55:12Z,2025-10-26T14:56:10Z,-105.0,-125.0
Cam Thomas,Brooklyn Nets @ San Antonio Spurs,2025-10-26T18:10:00Z,player_assists,4.5,fanatics,2025-10-26T14:55:12Z,2025-10-26T14:56:10Z,100.0,-130.0
Dylan Harper,Brooklyn Nets @ San Antonio Spurs,2025-10-26T18:10:00Z,player_assists,3.5,fanatics,2025-10-26T14:55:12Z,2025-10-26T14:56:10Z,105.0,-140.0
Nicolas Claxton,Brooklyn Nets @ San Antonio Spurs,2025-10-26T18:10:00Z,player_assists,2.5,fanatics,2025-10-26T14:55:12Z,2025-10-26T14:56:10Z,-150.0,115.0
Noah Clowney,Brooklyn Nets @ San Antonio Spurs,2025-10-26T18:10:00Z,player_assists,1.5,fanatics,2025-10-26T14:55:12Z,2025-10-26T14:56:10Z,140.0,-225.0
Ziaire Williams,Brooklyn Nets @ San Antonio Spurs,2025-10-26T18:10:00Z,player_assists,1.5,fanatics,2025-10-26T14:55:12Z,2025-10-26T14:56:10Z,110.0,-145.0
Ben Saraf,Brooklyn Nets @ San Antonio Spurs,2025-10-26T18:10:00Z,player_assists,2.5,fanatics,2025-10-26T14:55:12Z,2025-10-26T14:56:10Z,130.0,-190.0
Julian Champagnie,Brooklyn Nets @ San Antonio Spurs,2025-10-26T18:10:00Z,player_assists,2.5,fanatics,2025-10-26T14:55:12Z,2025-10-26T14:56:10Z,120.0,-165.0
Harrison Barnes,Brooklyn Nets @ San Antonio Spurs,2025-10-26T18:10:00Z,player_assists,2.5,fanatics,2025-10-26T14:55:12Z,2025-10-26T14:56:10Z,125.0,-175.0
Terance Mann,Brooklyn Nets @ San Antonio Spurs,2025-10-26T18:10:00Z,player_assists,1.5,fanatics,2025-10-26T14:55:12Z,2025-10-26T14:56:10Z,-165.0,120.0
Keldon Johnson,Brooklyn Nets @ San Antonio Spurs,2025-10-26T18:10:00Z,player_assists,2.5,fanatics,2025-10-26T14:55:12Z,2025-10-26T14:56:10Z,125.0,-175.0
Egor Demin,Brooklyn Nets @ San Antonio Spurs,2025-10-26T18:10:00Z,player_assists,3.5,fanatics,2025-10-26T14:55:12Z,2025-10-26T14:56:10Z,-150.0,115.0
Day'Ron Sharpe,Brooklyn Nets @ San Antonio Spurs,2025-10-26T18:10:00Z,player_assists,1.5,fanatics,2025-10-26T14:55:12Z,2025-10-26T14:56:10Z,-130.0,100.0
Victor Wembanyama,Brooklyn Nets @ San Antonio Spurs,2025-10-26T18:10:00Z,player_double_double,,fanatics,2025-10-26T14:55:12Z,2025-10-26T14:56:10Z,,
Stephon Castle,Brooklyn Nets @ San Antonio Spurs,2025-10-26T18:10:00Z,player_double_double,,fanatics,2025-10-26T14:55:12Z,2025-10-26T14:56:10Z,,
Devin Vassell,Brooklyn Nets @ San Antonio Spurs,2025-10-26T18:10:00Z,player_double_double,,fanatics,2025-10-26T14:55:12Z,2025-10-26T14:56:10Z,,
Cam Thomas,Brooklyn Nets @ San Antonio Spurs,2025-10-26T18:10:00Z,player_double_double,,fanatics,2025-10-26T14:55:12Z,2025-10-26T14:56:10Z,,
Michael Porter Jr,Brooklyn Nets @ San Antonio Spurs,2025-10-26T18:10:00Z,player_double_double,,fanatics,2025-10-26T14:55:12Z,2025-10-26T14:56:10Z,,
Nicolas Claxton,Brooklyn Nets @ San Antonio Spurs,2025-10-26T18:10:00Z,player_double_double,,fanatics,2025-10-26T14:55:12Z,2025-10-26T14:56:10Z,,
Dylan Harper,Brooklyn Nets @ San Antonio Spurs,2025-10-26T18:10:00Z,player_double_double,,fanatics,2025-10-26T14:55:12Z,2025-10-26T14:56:10Z,,
Keldon Johnson,Brooklyn Nets @ San Antonio Spurs,2025-10-26T18:10:00Z,player_double_double,,fanatics,2025-10-26T14:55:12Z,2025-10-26T14:56:10Z,,
Harrison Barnes,Brooklyn Nets @ San Antonio Spurs,2025-10-26T18:10:00Z,player_double_double,,fanatics,2025-10-26T14:55:12Z,2025-10-26T14:56:10Z,,
Julian Champagnie,Brooklyn Nets @ San Antonio Spurs,2025-10-26T18:10:00Z,player_double_double,,fanatics,2025-10-26T14:55:12Z,2025-10-26T14:56:10Z,,
Egor Demin,Brooklyn Nets @ San Antonio Spurs,2025-10-26T18:10:00Z,player_double_double,,fanatics,2025-10-26T14:55:12Z,2025-10-26T14:56:10Z,,
Day'Ron Sharpe,Brooklyn Nets @ San Antonio Spurs,2025-10-26T18:10:00Z,player_double_double,,fanatics,2025-10-26T14:55:12Z,2025-10-26T14:56:10Z,,
Nicolas Claxton,Brooklyn Nets @ San Antonio Spurs,2025-10-26T18:10:00Z,player_points,10.5,fanatics,2025-10-26T14:55:12Z,2025-10-26T14:56:10Z,-120.0,-110.0
Victor Wembanyama,Brooklyn Nets @ San Antonio Spurs,2025-10-26T18:10:00Z,player_points,28.5,fanatics,2025-10-26T14:55:12Z,2025-10-26T14:56:10Z,-115.0,-115.0
Michael Porter Jr,Brooklyn Nets @ San Antonio Spurs,2025-10-26T18:10:00Z,player_points,19.5,fanatics,2025-10-26T14:55:12Z,2025-10-26T14:56:10Z,-105.0,-125.0
Stephon Castle,Brooklyn Nets @ San Antonio Spurs,2025-10-26T18:10:00Z,player_points,17.5,fanatics,2025-10-26T14:55:12Z,2025-10-26T14:56:10Z,-115.0,-115.0
Devin Vassell,Brooklyn Nets @ San Antonio Spurs,2025-10-26T18:10:00Z,player_points,16.5,fanatics,2025-10-26T14:55:12Z,2025-10-26T14:56:10Z,-130.0,100.0
Cam Thomas,Brooklyn Nets @ San Antonio Spurs,2025-10-26T18:10:00Z,player_points,22.5,fanatics,2025-10-26T14:55:12Z,2025-10-26T14:56:10Z,-125.0,-105.0
Harrison Barnes,Brooklyn Nets @ San Antonio Spurs,2025-10-26T18:10:00Z,player_points,9.5,fanatics,2025-10-26T14:55:12Z,2025-10-26T14:56:10Z,-125.0,-105.0
Dylan Harper,Brooklyn Nets @ San Antonio Spurs,2025-10-26T18:10:00Z,player_points,12.5,fanatics,2025-10-26T14:55:12Z,2025-10-26T14:56:10Z,-115.0,-115.0
Keldon Johnson,Brooklyn Nets @ San Antonio Spurs,2025-10-26T18:10:00Z,player_points,11.5,fanatics,2025-10-26T14:55:12Z,2025-10-26T14:56:10Z,-110.0,-120.0
Julian Champagnie,Brooklyn Nets @ San Antonio Spurs,2025-10-26T18:10:00Z,player_points,9.5,fanatics,2025-10-26T14:55:12Z,2025-10-26T14:56:10Z,-130.0,100.0
Noah Clowney,Brooklyn Nets @ San Antonio Spurs,2025-10-26T18:10:00Z,player_points,8.5,fanatics,2025-10-26T14:55:12Z,2025-10-26T14:56:10Z,-105.0,-125.0
Ziaire Williams,Brooklyn Nets @ San Antonio Spurs,2025-10-26T18:10:00Z,player_points,9.5,fanatics,2025-10-26T14:55:12Z,2025-10-26T14:56:10Z,-115.0,-115.0
Ben Saraf,Brooklyn Nets @ San Antonio Spurs,2025-10-26T18:10:00Z,player_points,6.5,fanatics,2025-10-26T14:55:12Z,2025-10-26T14:56:10Z,-115.0,-115.0
Terance Mann,Brooklyn Nets @ San Antonio Spurs,2025-10-26T18:10:00Z,player_points,7.5,fanatics,2025-10-26T14:55:12Z,2025-10-26T14:56:10Z,-115.0,-115.0
Egor Demin,Brooklyn Nets @ San Antonio Spurs,2025-10-26T18:10:00Z,player_points,8.5,fanatics,2025-10-26T14:55:12Z,2025-10-26T14:56:10Z,-105.0,-125.0
Day'Ron Sharpe,Brooklyn Nets @ San Antonio Spurs,2025-10-26T18:10:00Z,player_points,5.5,fanatics,2025-10-26T14:55:12Z,2025-10-26T14:56:10Z,-125.0,-105.0
Stephon Castle,Brooklyn Nets @ San Antonio Spurs,2025-10-26T18:10:00Z,player_points_rebounds_assists,29.5,fanatics,2025-10-26T14:55:12Z,2025-10-26T14:56:10Z,-105.0,-125.0
Dylan Harper,Brooklyn Nets @ San Antonio Spurs,2025-10-26T18:10:00Z,player_points_rebounds_assists,19.5,fanatics,2025-10-26T14:55:12Z,2025-10-26T14:56:10Z,-115.0,-115.0
Nicolas Claxton,Brooklyn Nets @ San Antonio Spurs,2025-10-26T18:10:00Z,player_points_rebounds_assists,21.5,fanatics,2025-10-26T14:55:12Z,2025-10-26T14:56:10Z,-115.0,-115.0
Michael Porter Jr,Brooklyn Nets @ San Antonio Spurs,2025-10-26T18:10:00Z,player_points_rebounds_assists,27.5,fanatics,2025-10-26T14:55:12Z,2025-10-26T14:56:10Z,-115.0,-115.0
Devin Vassell,Brooklyn Nets @ San Antonio Spurs,2025-10-26T18:10:00Z,player_points_rebounds_assists,24.5,fanatics,2025-10-26T14:55:12Z,2025-10-26T14:56:10Z,-115.0,-115.0
Cam Thomas,Brooklyn Nets @ San Antonio Spurs,2025-10-26T18:10:00Z,player_points_rebounds_assists,30.5,fanatics,2025-10-26T14:55:12Z,2025-10-26T14:56:10Z,-115.0,-115.0
Victor Wembanyama,Brooklyn Nets @ San Antonio Spurs,2025-10-26T18:10:00Z,player_points_rebounds_assists,45.5,fanatics,2025-10-26T14:55:12Z,2025-10-26T14:56:10Z,-110.0,-120.0
Noah Clowney,Brooklyn Nets @ San Antonio Spurs,2025-10-26T18:10:00Z,player_points_rebounds_assists,13.5,fanatics,2025-10-26T14:55:12Z,2025-10-26T14:56:10Z,100.0,-130.0
Ziaire Williams,Brooklyn Nets @ San Antonio Spurs,2025-10-26T18:10:00Z,player_points_rebounds_assists,15.5,fanatics,2025-10-26T14:55:12Z,2025-10-26T14:56:10Z,100.0,-130.0
Ben Saraf,Brooklyn Nets @ San Antonio Spurs,2025-10-26T18:10:00Z,player_points_rebounds_assists,11.5,fanatics,2025-10-26T14:55:12Z,2025-10-26T14:56:10Z,-120.0,-110.0
Harrison Barnes,Brooklyn Nets @ San Antonio Spurs,2025-10-26T18:10:00Z,player_points_rebounds_assists,16.5,fanatics,2025-10-26T14:55:12Z,2025-10-26T14:56:10Z,-105.0,-125.0
Julian Champagnie,Brooklyn Nets @ San Antonio Spurs,2025-10-26T18:10:00Z,player_points_rebounds_assists,17.5,fanatics,2025-10-26T14:55:12Z,2025-10-26T14:56:10Z,-115.0,-115.0
Terance Mann,Brooklyn Nets @ San Antonio Spurs,2025-10-26T18:10:00Z,player_points_rebounds_assists,12.5,fanatics,2025-10-26T14:55:12Z,2025-10-26T14:56:10Z,-115.0,-115.0
Keldon Johnson,Brooklyn Nets @ San Antonio Spurs,2025-10-26T18:10:00Z,player_points_rebounds_assists,19.5,fanatics,2025-10-26T14:55:12Z,2025-10-26T14:56:10Z,100.0,-130.0
Day'Ron Sharpe,Brooklyn Nets @ San Antonio Spurs,2025-10-26T18:10:00Z,player_points_rebounds_assists,12.5,fanatics,2025-10-26T14:55:12Z,2025-10-26T14:56:10Z,-105.0,-125.0
Egor Demin,Brooklyn Nets @ San Antonio Spurs,2025-10-26T18:10:00Z,player_points_rebounds_assists,16.5,fanatics,2025-10-26T14:55:12Z,2025-10-26T14:56:10Z,-110.0,-120.0
Victor Wembanyama,Brooklyn Nets @ San Antonio Spurs,2025-10-26T18:10:00Z,player_rebounds,12.5,fanatics,2025-10-26T14:55:12Z,2025-10-26T14:56:10Z,-115.0,-115.0
Devin Vassell,Brooklyn Nets @ San Antonio Spurs,2025-10-26T18:10:00Z,player_rebounds,3.5,fanatics,2025-10-26T14:55:12Z,2025-10-26T14:56:10Z,-165.0,120.0
Nicolas Claxton,Brooklyn Nets @ San Antonio Spurs,2025-10-26T18:10:00Z,player_rebounds,7.5,fanatics,2025-10-26T14:55:12Z,2025-10-26T14:56:10Z,-120.0,-110.0
Dylan Harper,Brooklyn Nets @ San Antonio Spurs,2025-10-26T18:10:00Z,player_rebounds,3.5,fanatics,2025-10-26T14:55:12Z,2025-10-26T14:56:10Z,105.0,-140.0
Cam Thomas,Brooklyn Nets @ San Antonio Spurs,2025-10-26T18:10:00Z,player_rebounds,2.5,fanatics,2025-10-26T14:55:12Z,2025-10-26T14:56:10Z,-165.0,120.0
Stephon Castle,Brooklyn Nets @ San Antonio Spurs,2025-10-26T18:10:00Z,player_rebounds,4.5,fanatics,2025-10-26T14:55:12Z,2025-10-26T14:56:10Z,-130.0,100.0
Keldon Johnson,Brooklyn Nets @ San Antonio Spurs,2025-10-26T18:10:00Z,player_rebounds,5.5,fanatics,2025-10-26T14:55:12Z,2025-10-26T14:56:10Z,110.0,-145.0
Michael Porter Jr,Brooklyn Nets @ San Antonio Spurs,2025-10-26T18:10:00Z,player_rebounds,5.5,fanatics,2025-10-26T14:55:12Z,2025-10-26T14:56:10Z,-145.0,110.0
Julian Champagnie,Brooklyn Nets @ San Antonio Spurs,2025-10-26T18:10:00Z,player_rebounds,4.5,fanatics,2025-10-26T14:55:12Z,2025-10-26T14:56:10Z,-150.0,115.0
Noah Clowney,Brooklyn Nets @ San Antonio Spurs,2025-10-26T18:10:00Z,player_rebounds,3.5,fanatics,2025-10-26T14:55:12Z,2025-10-26T14:56:10Z,-105.0,-125.0
Ben Saraf,Brooklyn Nets @ San Antonio Spurs,2025-10-26T18:10:00Z,player_rebounds,2.5,fanatics,2025-10-26T14:55:12Z,2025-10-26T14:56:10Z,-145.0,110.0
Ziaire Williams,Brooklyn Nets @ San Antonio Spurs,2025-10-26T18:10:00Z,player_rebounds,3.5,fanatics,2025-10-26T14:55:12Z,2025-10-26T14:56:10Z,-130.0,100.0
Harrison Barnes,Brooklyn Nets @ San Antonio Spurs,2025-10-26T18:10:00Z,player_rebounds,3.5,fanatics,2025-10-26T14:55:12Z,2025-10-26T14:56:10Z,-165.0,120.0
Terance Mann,Brooklyn Nets @ San Antonio Spurs,2025-10-26T18:10:00Z,player_rebounds,2.5,fanatics,2025-10-26T14:55:12Z,2025-10-26T14:56:10Z,-175.0,125.0
Day'Ron Sharpe,Brooklyn Nets @ San Antonio Spurs,2025-10-26T18:10:00Z,player_rebounds,4.5,fanatics,2025-10-26T14:55:12Z,2025-10-26T14:56:10Z,-130.0,100.0
Egor Demin,Brooklyn Nets @ San Antonio Spurs,2025-10-26T18:10:00Z,player_rebounds,3.5,fanatics,2025-10-26T14:55:12Z,2025-10-26T14:56:10Z,-150.0,115.0
Victor Wembanyama,Brooklyn Nets @ San Antonio Spurs,2025-10-26T18:10:00Z,player_threes,1.5,fanatics,2025-10-26T14:55:12Z,2025-10-26T14:56:10Z,-120.0,-110.0
Cam Thomas,Brooklyn Nets @ San Antonio Spurs,2025-10-26T18:10:00Z,player_threes,2.5,fanatics,2025-10-26T14:55:12Z,2025-10-26T14:56:10Z,120.0,-165.0
Devin Vassell,Brooklyn Nets @ San Antonio Spurs,2025-10-26T18:10:00Z,player_threes,2.5,fanatics,2025-10-26T14:55:12Z,2025-10-26T14:56:10Z,105.0,-140.0
Stephon Castle,Brooklyn Nets @ San Antonio Spurs,2025-10-26T18:10:00Z,player_threes,1.5,fanatics,2025-10-26T14:55:12Z,2025-10-26T14:56:10Z,125.0,-175.0
Michael Porter Jr,Brooklyn Nets @ San Antonio Spurs,2025-10-26T18:10:00Z,player_threes,2.5,fanatics,2025-10-26T14:55:12Z,2025-10-26T14:56:10Z,-150.0,115.0
Harrison Barnes,Brooklyn Nets @ San Antonio Spurs,2025-10-26T18:10:00Z,player_threes,1.5,fanatics,2025-10-26T14:55:12Z,2025-10-26T14:56:10Z,105.0,-140.0
Dylan Harper,Brooklyn Nets @ San Antonio Spurs,2025-10-26T18:10:00Z,player_threes,1.5,fanatics,2025-10-26T14:55:12Z,2025-10-26T14:56:10Z,140.0,-225.0
Julian Champagnie,Brooklyn Nets @ San Antonio Spurs,2025-10-26T18:10:00Z,player_threes,1.5,fanatics,2025-10-26T14:55:12Z,2025-10-26T14:56:10Z,-190.0,130.0
Ziaire Williams,Brooklyn Nets @ San Antonio Spurs,2025-10-26T18:10:00Z,player_threes,1.5,fanatics,2025-10-26T14:55:12Z,2025-10-26T14:56:10Z,-145.0,110.0
Ben Saraf,Brooklyn Nets @ San Antonio Spurs,2025-10-26T18:10:00Z,player_threes,0.5,fanatics,2025-10-26T14:55:12Z,2025-10-26T14:56:10Z,120.0,-165.0
Noah Clowney,Brooklyn Nets @ San Antonio Spurs,2025-10-26T18:10:00Z,player_threes,1.5,fanatics,2025-10-26T14:55:12Z,2025-10-26T14:56:10Z,105.0,-140.0
Egor Demin,Brooklyn Nets @ San Antonio Spurs,2025-10-26T18:10:00Z,player_threes,1.5,fanatics,2025-10-26T14:55:12Z,2025-10-26T14:56:10Z,-115.0,-115.0
Keldon Johnson,Brooklyn Nets @ San Antonio Spurs,2025-10-26T18:10:00Z,player_threes,0.5,fanatics,2025-10-26T14:55:12Z,2025-10-26T14:56:10Z,-190.0,130.0
Terance Mann,Brooklyn Nets @ San Antonio Spurs,2025-10-26T18:10:00Z,player_threes,0.5,fanatics,2025-10-26T14:55:12Z,2025-10-26T14:56:10Z,-175.0,125.0
Day'Ron Sharpe,Brooklyn Nets @ San Antonio Spurs,2025-10-26T18:10:00Z,player_threes,0.5,fanatics,2025-10-26T14:55:12Z,2025-10-26T14:56:10Z,290.0,-525.0
Victor Wembanyama,Brooklyn Nets @ San Antonio Spurs,2025-10-26T18:10:00Z,player_triple_double,,fanatics,2025-10-26T14:55:12Z,2025-10-26T14:56:10Z,,
Stephon Castle,Brooklyn Nets @ San Antonio Spurs,2025-10-26T18:10:00Z,player_assists,6.5,draftkings,2025-10-26T14:55:22Z,2025-10-26T14:56:18Z,100.0,-130.0
Cam Thomas,Brooklyn Nets @ San Antonio Spurs,2025-10-26T18:10:00Z,player_assists,4.5,draftkings,2025-10-26T14:55:22Z,2025-10-26T14:56:18Z,102.0,-133.0
Victor Wembanyama,Brooklyn Nets @ San Antonio Spurs,2025-10-26T18:10:00Z,player_assists,3.5,draftkings,2025-10-26T14:55:22Z,2025-10-26T14:56:18Z,-134.0,103.0
Dylan Harper,Brooklyn Nets @ San Antonio Spurs,2025-10-26T18:10:00Z,player_assists,3.5,draftkings,2025-10-26T14:55:22Z,2025-10-26T14:56:18Z,103.0,-133.0
Devin Vassell,Brooklyn Nets @ San Antonio Spurs,2025-10-26T18:10:00Z,player_assists,3.5,draftkings,2025-10-26T14:55:22Z,2025-10-26T14:56:18Z,111.0,-144.0
Nicolas Claxton,Brooklyn Nets @ San Antonio Spurs,2025-10-26T18:10:00Z,player_assists,2.5,draftkings,2025-10-26T14:55:22Z,2025-10-26T14:56:18Z,-139.0,107.0
Michael Porter Jr,Brooklyn Nets @ San Antonio Spurs,2025-10-26T18:10:00Z,player_assists,2.5,draftkings,2025-10-26T14:55:22Z,2025-10-26T14:56:18Z,122.0,-158.0
Victor Wembanyama,Brooklyn Nets @ San Antonio Spurs,2025-10-26T18:10:00Z,player_blocks,4.5,draftkings,2025-10-26T14:55:22Z,2025-10-26T14:56:18Z,125.0,-166.0
Nicolas Claxton,Brooklyn Nets @ San Antonio Spurs,2025-10-26T18:10:00Z,player_blocks,1.5,draftkings,2025-10-26T14:55:22Z,2025-10-26T14:56:18Z,151.0,-202.0
Michael Porter Jr,Brooklyn Nets @ San Antonio Spurs,2025-10-26T18:10:00Z,player_blocks,0.5,draftkings,2025-10-26T14:55:22Z,2025-10-26T14:56:18Z,207.0,-283.0
Victor Wembanyama,Brooklyn Nets @ San Antonio Spurs,2025-10-26T18:10:00Z,player_double_double,,draftkings,2025-10-26T14:55:22Z,2025-10-26T14:56:18Z,,
Nicolas Claxton,Brooklyn Nets @ San Antonio Spurs,2025-10-26T18:10:00Z,player_double_double,,draftkings,2025-10-26T14:55:22Z,2025-10-26T14:56:18Z,,
Stephon Castle,Brooklyn Nets @ San Antonio Spurs,2025-10-26T18:10:00Z,player_double_double,,draftkings,2025-10-26T14:55:22Z,2025-10-26T14:56:18Z,,
Michael Porter Jr,Brooklyn Nets @ San Antonio Spurs,2025-10-26T18:10:00Z,player_double_double,,draftkings,2025-10-26T14:55:22Z,2025-10-26T14:56:18Z,,
Cam Thomas,Brooklyn Nets @ San Antonio Spurs,2025-10-26T18:10:00Z,player_double_double,,draftkings,2025-10-26T14:55:22Z,2025-10-26T14:56:18Z,,
Victor Wembanyama,Brooklyn Nets @ San Antonio Spurs,2025-10-26T18:10:00Z,player_points,28.5,draftkings,2025-10-26T14:55:22Z,2025-10-26T14:56:13Z,-107.0,-119.0
Cam Thomas,Brooklyn Nets @ San Antonio Spurs,2025-10-26T18:10:00Z,player_points,22.5,draftkings,2025-10-26T14:55:22Z,2025-10-26T14:56:13Z,-118.0,-108.0
Michael Porter Jr,Brooklyn Nets @ San Antonio Spurs,2025-10-26T18:10:00Z,player_points,19.5,draftkings,2025-10-26T14:55:22Z,2025-10-26T14:56:13Z,-117.0,-109.0
Stephon Castle,Brooklyn Nets @ San Antonio Spurs,2025-10-26T18:10:00Z,player_points,17.5,draftkings,2025-10-26T14:55:22Z,2025-10-26T14:56:13Z,-118.0,-108.0
Devin Vassell,Brooklyn Nets @ San Antonio Spurs,2025-10-26T18:10:00Z,player_points,16.5,draftkings,2025-10-26T14:55:22Z,2025-10-26T14:56:13Z,-122.0,-105.0
Dylan Harper,Brooklyn Nets @ San Antonio Spurs,2025-10-26T18:10:00Z,player_points,12.5,draftkings,2025-10-26T14:55:22Z,2025-10-26T14:56:13Z,-122.0,-105.0
Keldon Johnson,Brooklyn Nets @ San Antonio Spurs,2025-10-26T18:10:00Z,player_points,11.5,draftkings,2025-10-26T14:55:22Z,2025-10-26T14:56:13Z,-112.0,-113.0
Nicolas Claxton,Brooklyn Nets @ San Antonio Spurs,2025-10-26T18:10:00Z,player_points,10.5,draftkings,2025-10-26T14:55:22Z,2025-10-26T14:56:13Z,-121.0,-105.0
Julian Champagnie,Brooklyn Nets @ San Antonio Spurs,2025-10-26T18:10:00Z,player_points,10.5,draftkings,2025-10-26T14:55:22Z,2025-10-26T14:56:13Z,101.0,-129.0
Harrison Barnes,Brooklyn Nets @ San Antonio Spurs,2025-10-26T18:10:00Z,player_points,9.5,draftkings,2025-10-26T14:55:22Z,2025-10-26T14:56:13Z,-119.0,-107.0
Victor Wembanyama,Brooklyn Nets @ San Antonio Spurs,2025-10-26T18:10:00Z,player_points_rebounds_assists,44.5,draftkings,2025-10-26T14:55:22Z,2025-10-26T14:56:18Z,-122.0,-106.0
Cam Thomas,Brooklyn Nets @ San Antonio Spurs,2025-10-26T18:10:00Z,player_points_rebounds_assists,30.5,draftkings,2025-10-26T14:55:22Z,2025-10-26T14:56:18Z,-113.0,-115.0
Stephon Castle,Brooklyn Nets @ San Antonio Spurs,2025-10-26T18:10:00Z,player_points_rebounds_assists,29.5,draftkings,2025-10-26T14:55:22Z,2025-10-26T14:56:18Z,-109.0,-119.0
Michael Porter Jr,Brooklyn Nets @ San Antonio Spurs,2025-10-26T18:10:00Z,player_points_rebounds_assists,28.5,draftkings,2025-10-26T14:55:22Z,2025-10-26T14:56:18Z,-105.0,-123.0
Devin Vassell,Brooklyn Nets @ San Antonio Spurs,2025-10-26T18:10:00Z,player_points_rebounds_assists,24.5,draftkings,2025-10-26T14:55:22Z,2025-10-26T14:56:18Z,-113.0,-115.0
Nicolas Claxton,Brooklyn Nets @ San Antonio Spurs,2025-10-26T18:10:00Z,player_points_rebounds_assists,21.5,draftkings,2025-10-26T14:55:22Z,2025-10-26T14:56:18Z,-111.0,-116.0
Dylan Harper,Brooklyn Nets @ San Antonio Spurs,2025-10-26T18:10:00Z,player_points_rebounds_assists,19.5,draftkings,2025-10-26T14:55:22Z,2025-10-26T14:56:18Z,-124.0,-104.0
Victor Wembanyama,Brooklyn Nets @ San Antonio Spurs,2025-10-26T18:10:00Z,player_rebounds,12.5,draftkings,2025-10-26T14:55:22Z,2025-10-26T14:56:18Z,-106.0,-122.0
Nicolas Claxton,Brooklyn Nets @ San Antonio Spurs,2025-10-26T18:10:00Z,player_rebounds,7.5,draftkings,2025-10-26T14:55:22Z,2025-10-26T14:56:18Z,-114.0,-114.0
Michael Porter Jr,Brooklyn Nets @ San Antonio Spurs,2025-10-26T18:10:00Z,player_rebounds,5.5,draftkings,2025-10-26T14:55:22Z,2025-10-26T14:56:18Z,-139.0,108.0
Keldon Johnson,Brooklyn Nets @ San Antonio Spurs,2025-10-26T18:10:00Z,player_rebounds,5.5,draftkings,2025-10-26T14:55:22Z,2025-10-26T14:56:18Z,111.0,-143.0
Julian Champagnie,Brooklyn Nets @ San Antonio Spurs,2025-10-26T18:10:00Z,player_rebounds,5.5,draftkings,2025-10-26T14:55:22Z,2025-10-26T14:56:18Z,118.0,-153.0
Stephon Castle,Brooklyn Nets @ San Antonio Spurs,2025-10-26T18:10:00Z,player_rebounds,4.5,draftkings,2025-10-26T14:55:22Z,2025-10-26T14:56:18Z,-131.0,101.0
Devin Vassell,Brooklyn Nets @ San Antonio Spurs,2025-10-26T18:10:00Z,player_rebounds,3.5,draftkings,2025-10-26T14:55:22Z,2025-10-26T14:56:18Z,-153.0,118.0
Dylan Harper,Brooklyn Nets @ San Antonio Spurs,2025-10-26T18:10:00Z,player_rebounds,3.5,draftkings,2025-10-26T14:55:22Z,2025-10-26T14:56:18Z,-108.0,-120.0
Cam Thomas,Brooklyn Nets @ San Antonio Spurs,2025-10-26T18:10:00Z,player_rebounds,2.5,draftkings,2025-10-26T14:55:22Z,2025-10-26T14:56:18Z,-160.0,123.0
Devin Vassell,Brooklyn Nets @ San Antonio Spurs,2025-10-26T18:10:00Z,player_steals,1.5,draftkings,2025-10-26T14:55:22Z,2025-10-26T14:56:18Z,114.0,-152.0
Victor Wembanyama,Brooklyn Nets @ San Antonio Spurs,2025-10-26T18:10:00Z,player_steals,1.5,draftkings,2025-10-26T14:55:22Z,2025-10-26T14:56:18Z,139.0,-186.0
Stephon Castle,Brooklyn Nets @ San Antonio Spurs,2025-10-26T18:10:00Z,player_steals,1.5,draftkings,2025-10-26T14:55:22Z,2025-10-26T14:56:18Z,173.0,-233.0
Nicolas Claxton,Brooklyn Nets @ San Antonio Spurs,2025-10-26T18:10:00Z,player_steals,0.5,draftkings,2025-10-26T14:55:22Z,2025-10-26T14:56:18Z,-174.0,130.0
Michael Porter Jr,Brooklyn Nets @ San Antonio Spurs,2025-10-26T18:10:00Z,player_steals,0.5,draftkings,2025-10-26T14:55:22Z,2025-10-26T14:56:18Z,-171.0,129.0
Cam Thomas,Brooklyn Nets @ San Antonio Spurs,2025-10-26T18:10:00Z,player_steals,0.5,draftkings,2025-10-26T14:55:22Z,2025-10-26T14:56:18Z,-120.0,-110.0
Michael Porter Jr,Brooklyn Nets @ San Antonio Spurs,2025-10-26T18:10:00Z,player_threes,2.5,draftkings,2025-10-26T14:55:22Z,2025-10-26T14:56:18Z,-144.0,111.0
Devin Vassell,Brooklyn Nets @ San Antonio Spurs,2025-10-26T18:10:00Z,player_threes,2.5,draftkings,2025-10-26T14:55:22Z,2025-10-26T14:56:18Z,113.0,-147.0
Cam Thomas,Brooklyn Nets @ San Antonio Spurs,2025-10-26T18:10:00Z,player_threes,2.5,draftkings,2025-10-26T14:55:22Z,2025-10-26T14:56:18Z,119.0,-154.0
Julian Champagnie,Brooklyn Nets @ San Antonio Spurs,2025-10-26T18:10:00Z,player_threes,1.5,draftkings,2025-10-26T14:55:22Z,2025-10-26T14:56:18Z,-193.0,147.0
Victor Wembanyama,Brooklyn Nets @ San Antonio Spurs,2025-10-26T18:10:00Z,player_threes,1.5,draftkings,2025-10-26T14:55:22Z,2025-10-26T14:56:18Z,-113.0,-115.0
Harrison Barnes,Brooklyn Nets @ San Antonio Spurs,2025-10-26T18:10:00Z,player_threes,1.5,draftkings,2025-10-26T14:55:22Z,2025-10-26T14:56:18Z,113.0,-146.0
Stephon Castle,Brooklyn Nets @ San Antonio Spurs,2025-10-26T18:10:00Z,player_threes,1.5,draftkings,2025-10-26T14:55:22Z,2025-10-26T14:56:18Z,129.0,-168.0
Dylan Harper,Brooklyn Nets @ San Antonio Spurs,2025-10-26T18:10:00Z,player_threes,1.5,draftkings,2025-10-26T14:55:22Z,2025-10-26T14:56:18Z,147.0,-192.0
Victor Wembanyama,Brooklyn Nets @ San Antonio Spurs,2025-10-26T18:10:00Z,player_triple_double,,draftkings,2025-10-26T14:55:22Z,2025-10-26T14:56:18Z,,
Stephon Castle,Brooklyn Nets @ San Antonio Spurs,2025-10-26T18:10:00Z,player_triple_double,,draftkings,2025-10-26T14:55:22Z,2025-10-26T14:56:18Z,,
Devin Vassell,Brooklyn Nets @ San Antonio Spurs,2025-10-26T18:10:00Z,player_assists,3.5,williamhill_us,2025-10-26T14:54:39Z,2025-10-26T14:55:53Z,115.0,-159.0
Victor Wembanyama,Brooklyn Nets @ San Antonio Spurs,2025-10-26T18:10:00Z,player_assists,3.5,williamhill_us,2025-10-26T14:54:39Z,2025-10-26T14:55:53Z,-136.0,100.0
Julian Champagnie,Brooklyn Nets @ San Antonio Spurs,2025-10-26T18:10:00Z,player_assists,2.5,williamhill_us,2025-10-26T14:54:39Z,2025-10-26T14:55:53Z,130.0,-179.0
Egor Demin,Brooklyn Nets @ San Antonio Spurs,2025-10-26T18:10:00Z,player_assists,3.5,williamhill_us,2025-10-26T14:54:39Z,2025-10-26T14:55:53Z,-154.0,115.0
Nicolas Claxton,Brooklyn Nets @ San Antonio Spurs,2025-10-26T18:10:00Z,player_assists,2.5,williamhill_us,2025-10-26T14:54:39Z,2025-10-26T14:55:53Z,-152.0,110.0
Ben Saraf,Brooklyn Nets @ San Antonio Spurs,2025-10-26T18:10:00Z,player_assists,2.5,williamhill_us,2025-10-26T14:54:39Z,2025-10-26T14:55:53Z,135.0,-190.0
Dylan Harper,Brooklyn Nets @ San Antonio Spurs,2025-10-26T18:10:00Z,player_assists,3.5,williamhill_us,2025-10-26T14:54:39Z,2025-10-26T14:55:53Z,100.0,-139.0
Michael Porter Jr,Brooklyn Nets @ San Antonio Spurs,2025-10-26T18:10:00Z,player_assists,2.5,williamhill_us,2025-10-26T14:54:39Z,2025-10-26T14:55:53Z,115.0,-159.0
Stephon Castle,Brooklyn Nets @ San Antonio Spurs,2025-10-26T18:10:00Z,player_assists,6.5,williamhill_us,2025-10-26T14:54:39Z,2025-10-26T14:55:53Z,-103.0,-132.0
Cam Thomas,Brooklyn Nets @ San Antonio Spurs,2025-10-26T18:10:00Z,player_assists,4.5,williamhill_us,2025-10-26T14:54:39Z,2025-10-26T14:55:53Z,-103.0,-132.0
Victor Wembanyama,Brooklyn Nets @ San Antonio Spurs,2025-10-26T18:10:00Z,player_double_double,,williamhill_us,2025-10-26T14:54:39Z,2025-10-26T14:55:53Z,,
Nicolas Claxton,Brooklyn Nets @ San Antonio Spurs,2025-10-26T18:10:00Z,player_double_double,,williamhill_us,2025-10-26T14:54:39Z,2025-10-26T14:55:53Z,,
Stephon Castle,Brooklyn Nets @ San Antonio Spurs,2025-10-26T18:10:00Z,player_double_double,,williamhill_us,2025-10-26T14:54:39Z,2025-10-26T14:55:53Z,,
Michael Porter Jr,Brooklyn Nets @ San Antonio Spurs,2025-10-26T18:10:00Z,player_double_double,,williamhill_us,2025-10-26T14:54:39Z,2025-10-26T14:55:53Z,,
Keldon Johnson,Brooklyn Nets @ San Antonio Spurs,2025-10-26T18:10:00Z,player_double_double,,williamhill_us,2025-10-26T14:54:39Z,2025-10-26T14:55:53Z,,
Julian Champagnie,Brooklyn Nets @ San Antonio Spurs,2025-10-26T18:10:00Z,player_double_double,,williamhill_us,2025-10-26T14:54:39Z,2025-10-26T14:55:53Z,,
Cam Thomas,Brooklyn Nets @ San Antonio Spurs,2025-10-26T18:10:00Z,player_double_double,,williamhill_us,2025-10-26T14:54:39Z,2025-10-26T14:55:53Z,,
Cam Thomas,Brooklyn Nets @ San Antonio Spurs,2025-10-26T18:10:00Z,player_points,22.5,williamhill_us,2025-10-26T14:54:39Z,2025-10-26T14:55:53Z,-113.0,-120.0
Keldon Johnson,Brooklyn Nets @ San Antonio Spurs,2025-10-26T18:10:00Z,player_points,10.5,williamhill_us,2025-10-26T14:54:39Z,2025-10-26T14:55:53Z,-137.0,100.0
Egor Demin,Brooklyn Nets @ San Antonio Spurs,2025-10-26T18:10:00Z,player_points,8.5,williamhill_us,2025-10-26T14:54:39Z,2025-10-26T14:55:53Z,-109.0,-124.0
Victor Wembanyama,Brooklyn Nets @ San Antonio Spurs,2025-10-26T18:10:00Z,player_points,28.5,williamhill_us,2025-10-26T14:54:39Z,2025-10-26T14:55:53Z,-122.0,-110.0
Stephon Castle,Brooklyn Nets @ San Antonio Spurs,2025-10-26T18:10:00Z,player_points,17.5,williamhill_us,2025-10-26T14:54:39Z,2025-10-26T14:55:53Z,-121.0,-112.0
Ziaire Williams,Brooklyn Nets @ San Antonio Spurs,2025-10-26T18:10:00Z,player_points,9.5,williamhill_us,2025-10-26T14:54:39Z,2025-10-26T14:55:53Z,-112.0,-121.0
Dylan Harper,Brooklyn Nets @ San Antonio Spurs,2025-10-26T18:10:00Z,player_points,12.5,williamhill_us,2025-10-26T14:54:39Z,2025-10-26T14:55:53Z,-122.0,-112.0
Noah Clowney,Brooklyn Nets @ San Antonio Spurs,2025-10-26T18:10:00Z,player_points,8.5,williamhill_us,2025-10-26T14:54:39Z,2025-10-26T14:55:53Z,-108.0,-125.0
Michael Porter Jr,Brooklyn Nets @ San Antonio Spurs,2025-10-26T18:10:00Z,player_points,19.5,williamhill_us,2025-10-26T14:54:39Z,2025-10-26T14:55:53Z,-112.0,-121.0
Harrison Barnes,Brooklyn Nets @ San Antonio Spurs,2025-10-26T18:10:00Z,player_points,9.5,williamhill_us,2025-10-26T14:54:39Z,2025-10-26T14:55:53Z,-122.0,-110.0
Nicolas Claxton,Brooklyn Nets @ San Antonio Spurs,2025-10-26T18:10:00Z,player_points,10.5,williamhill_us,2025-10-26T14:54:39Z,2025-10-26T14:55:53Z,-120.0,-113.0
Devin Vassell,Brooklyn Nets @ San Antonio Spurs,2025-10-26T18:10:00Z,player_points,16.5,williamhill_us,2025-10-26T14:54:39Z,2025-10-26T14:55:53Z,-121.0,-112.0
Julian Champagnie,Brooklyn Nets @ San Antonio Spurs,2025-10-26T18:10:00Z,player_points,9.5,williamhill_us,2025-10-26T14:54:39Z,2025-10-26T14:55:53Z,-125.0,-111.0
Day'Ron Sharpe,Brooklyn Nets @ San Antonio Spurs,2025-10-26T18:10:00Z,player_points,5.5,williamhill_us,2025-10-26T14:54:39Z,2025-10-26T14:55:53Z,-120.0,-114.0
Harrison Barnes,Brooklyn Nets @ San Antonio Spurs,2025-10-26T18:10:00Z,player_rebounds,3.5,williamhill_us,2025-10-26T14:54:39Z,2025-10-26T14:55:53Z,-159.0,115.0
Day'Ron Sharpe,Brooklyn Nets @ San Antonio Spurs,2025-10-26T18:10:00Z,player_rebounds,4.5,williamhill_us,2025-10-26T14:54:39Z,2025-10-26T14:55:53Z,-136.0,100.0
Julian Champagnie,Brooklyn Nets @ San Antonio Spurs,2025-10-26T18:10:00Z,player_rebounds,5.5,williamhill_us,2025-10-26T14:54:39Z,2025-10-26T14:55:53Z,120.0,-170.0
Devin Vassell,Brooklyn Nets @ San Antonio Spurs,2025-10-26T18:10:00Z,player_rebounds,3.5,williamhill_us,2025-10-26T14:54:39Z,2025-10-26T14:55:53Z,-154.0,110.0
Keldon Johnson,Brooklyn Nets @ San Antonio Spurs,2025-10-26T18:10:00Z,player_rebounds,5.5,williamhill_us,2025-10-26T14:54:39Z,2025-10-26T14:55:53Z,105.0,-145.0
Ziaire Williams,Brooklyn Nets @ San Antonio Spurs,2025-10-26T18:10:00Z,player_rebounds,3.5,williamhill_us,2025-10-26T14:54:39Z,2025-10-26T14:55:53Z,-137.0,100.0
Egor Demin,Brooklyn Nets @ San Antonio Spurs,2025-10-26T18:10:00Z,player_rebounds,3.5,williamhill_us,2025-10-26T14:54:39Z,2025-10-26T14:55:53Z,-159.0,115.0
Stephon Castle,Brooklyn Nets @ San Antonio Spurs,2025-10-26T18:10:00Z,player_rebounds,4.5,williamhill_us,2025-10-26T14:54:39Z,2025-10-26T14:55:53Z,-125.0,-108.0
Dylan Harper,Brooklyn Nets @ San Antonio Spurs,2025-10-26T18:10:00Z,player_rebounds,3.5,williamhill_us,2025-10-26T14:54:39Z,2025-10-26T14:55:53Z,105.0,-148.0
Noah Clowney,Brooklyn Nets @ San Antonio Spurs,2025-10-26T18:10:00Z,player_rebounds,3.5,williamhill_us,2025-10-26T14:54:39Z,2025-10-26T14:55:53Z,-108.0,-125.0
Victor Wembanyama,Brooklyn Nets @ San Antonio Spurs,2025-10-26T18:10:00Z,player_rebounds,12.5,williamhill_us,2025-10-26T14:54:39Z,2025-10-26T14:55:53Z,-114.0,-118.0
Cam Thomas,Brooklyn Nets @ San Antonio Spurs,2025-10-26T18:10:00Z,player_rebounds,2.5,williamhill_us,2025-10-26T14:54:39Z,2025-10-26T14:55:53Z,-164.0,120.0
Michael Porter Jr,Brooklyn Nets @ San Antonio Spurs,2025-10-26T18:10:00Z,player_rebounds,5.5,williamhill_us,2025-10-26T14:54:39Z,2025-10-26T14:55:53Z,-160.0,110.0
Nicolas Claxton,Brooklyn Nets @ San Antonio Spurs,2025-10-26T18:10:00Z,player_rebounds,7.5,williamhill_us,2025-10-26T14:54:39Z,2025-10-26T14:55:53Z,-120.0,-113.0
Julian Champagnie,Brooklyn Nets @ San Antonio Spurs,2025-10-26T18:10:00Z,player_threes,1.5,williamhill_us,2025-10-26T14:54:39Z,2025-10-26T14:55:53Z,-197.0,140.0
Ziaire Williams,Brooklyn Nets @ San Antonio Spurs,2025-10-26T18:10:00Z,player_threes,1.5,williamhill_us,2025-10-26T14:54:39Z,2025-10-26T14:55:53Z,-162.0,115.0
Michael Porter Jr,Brooklyn Nets @ San Antonio Spurs,2025-10-26T18:10:00Z,player_threes,2.5,williamhill_us,2025-10-26T14:54:39Z,2025-10-26T14:55:53Z,-170.0,120.0
Noah Clowney,Brooklyn Nets @ San Antonio Spurs,2025-10-26T18:10:00Z,player_threes,1.5,williamhill_us,2025-10-26T14:54:39Z,2025-10-26T14:55:53Z,100.0,-139.0
Egor Demin,Brooklyn Nets @ San Antonio Spurs,2025-10-26T18:10:00Z,player_threes,1.5,williamhill_us,2025-10-26T14:54:39Z,2025-10-26T14:55:53Z,-117.0,-115.0
Ben Saraf,Brooklyn Nets @ San Antonio Spurs,2025-10-26T18:10:00Z,player_threes,0.5,williamhill_us,2025-10-26T14:54:39Z,2025-10-26T14:55:53Z,120.0,-164.0
Cam Thomas,Brooklyn Nets @ San Antonio Spurs,2025-10-26T18:10:00Z,player_threes,2.5,williamhill_us,2025-10-26T14:54:39Z,2025-10-26T14:55:53Z,115.0,-159.0
Victor Wembanyama,Brooklyn Nets @ San Antonio Spurs,2025-10-26T18:10:00Z,player_threes,1.5,williamhill_us,2025-10-26T14:54:39Z,2025-10-26T14:55:53Z,-125.0,-110.0
Dylan Harper,Brooklyn Nets @ San Antonio Spurs,2025-10-26T18:10:00Z,player_threes,1.5,williamhill_us,2025-10-26T14:54:39Z,2025-10-26T14:55:53Z,135.0,-190.0
Stephon Castle,Brooklyn Nets @ San Antonio Spurs,2025-10-26T18:10:00Z,player_threes,1.5,williamhill_us,2025-10-26T14:54:39Z,2025-10-26T14:55:53Z,125.0,-173.0
Devin Vassell,Brooklyn Nets @ San Antonio Spurs,2025-10-26T18:10:00Z,player_threes,2.5,williamhill_us,2025-10-26T14:54:39Z,2025-10-26T14:55:53Z,100.0,-137.0
Harrison Barnes,Brooklyn Nets @ San Antonio Spurs,2025-10-26T18:10:00Z,player_threes,1.5,williamhill_us,2025-10-26T14:54:39Z,2025-10-26T14:55:53Z,110.0,-150.0
Keldon Johnson,Brooklyn Nets @ San Antonio Spurs,2025-10-26T18:10:00Z,player_threes,0.5,williamhill_us,2025-10-26T14:54:39Z,2025-10-26T14:55:53Z,-176.0,130.0
Terance Mann,Brooklyn Nets @ San Antonio Spurs,2025-10-26T18:10:00Z,player_threes,0.5,williamhill_us,2025-10-26T14:54:39Z,2025-10-26T14:55:53Z,-179.0,130.0
Victor Wembanyama,Brooklyn Nets @ San Antonio Spurs,2025-10-26T18:10:00Z,player_triple_double,,williamhill_us,2025-10-26T14:54:39Z,2025-10-26T14:55:53Z,,
Dylan Harper,Brooklyn Nets @ San Antonio Spurs,2025-10-26T18:10:00Z,player_assists,3.5,betrivers,2025-10-26T14:55:09Z,2025-10-26T14:55:30Z,106.0,-141.0
Stephon Castle,Brooklyn Nets @ San Antonio Spurs,2025-10-26T18:10:00Z,player_assists,6.5,betrivers,2025-10-26T14:55:09Z,2025-10-26T14:55:30Z,104.0,-139.0
Michael Porter Jr,Brooklyn Nets @ San Antonio Spurs,2025-10-26T18:10:00Z,player_assists,2.5,betrivers,2025-10-26T14:55:09Z,2025-10-26T14:55:30Z,104.0,-139.0
Victor Wembanyama,Brooklyn Nets @ San Antonio Spurs,2025-10-26T18:10:00Z,player_assists,3.5,betrivers,2025-10-26T14:55:09Z,2025-10-26T14:55:30Z,-165.0,123.0
Cam Thomas,Brooklyn Nets @ San Antonio Spurs,2025-10-26T18:10:00Z,player_assists,4.5,betrivers,2025-10-26T14:55:09Z,2025-10-26T14:55:30Z,-106.0,-125.0
Nicolas Claxton,Brooklyn Nets @ San Antonio Spurs,2025-10-26T18:10:00Z,player_assists,2.5,betrivers,2025-10-26T14:55:09Z,2025-10-26T14:55:30Z,-139.0,105.0
Devin Vassell,Brooklyn Nets @ San Antonio Spurs,2025-10-26T18:10:00Z,player_assists,3.5,betrivers,2025-10-26T14:55:09Z,2025-10-26T14:55:30Z,123.0,-165.0
Victor Wembanyama,Brooklyn Nets @ San Antonio Spurs,2025-10-26T18:10:00Z,player_points,30.5,betrivers,2025-10-26T14:55:09Z,2025-10-26T14:55:30Z,104.0,-137.0
Devin Vassell,Brooklyn Nets @ San Antonio Spurs,2025-10-26T18:10:00Z,player_points,17.5,betrivers,2025-10-26T14:55:09Z,2025-10-26T14:55:30Z,-148.0,108.0
Keldon Johnson,Brooklyn Nets @ San Antonio Spurs,2025-10-26T18:10:00Z,player_points,10.5,betrivers,2025-10-26T14:55:09Z,2025-10-26T14:55:30Z,120.0,-167.0
Stephon Castle,Brooklyn Nets @ San Antonio Spurs,2025-10-26T18:10:00Z,player_points,18.5,betrivers,2025-10-26T14:55:09Z,2025-10-26T14:55:30Z,-107.0,-124.0
Nicolas Claxton,Brooklyn Nets @ San Antonio Spurs,2025-10-26T18:10:00Z,player_points,11.5,betrivers,2025-10-26T14:55:09Z,2025-10-26T14:55:30Z,-165.0,118.0
Dylan Harper,Brooklyn Nets @ San Antonio Spurs,2025-10-26T18:10:00Z,player_points,13.5,betrivers,2025-10-26T14:55:09Z,2025-10-26T14:55:30Z,-125.0,-106.0
Michael Porter Jr,Brooklyn Nets @ San Antonio Spurs,2025-10-26T18:10:00Z,player_points,20.5,betrivers,2025-10-26T14:55:09Z,2025-10-26T14:55:30Z,-125.0,-106.0
Cam Thomas,Brooklyn Nets @ San Antonio Spurs,2025-10-26T18:10:00Z,player_points,23.5,betrivers,2025-10-26T14:55:09Z,2025-10-26T14:55:30Z,-122.0,-108.0
Harrison Barnes,Brooklyn Nets @ San Antonio Spurs,2025-10-26T18:10:00Z,player_points,10.5,betrivers,2025-10-26T14:55:09Z,2025-10-26T14:55:30Z,-127.0,-106.0
Julian Champagnie,Brooklyn Nets @ San Antonio Spurs,2025-10-26T18:10:00Z,player_points,10.5,betrivers,2025-10-26T14:55:09Z,2025-10-26T14:55:30Z,-103.0,-130.0
Devin Vassell,Brooklyn Nets @ San Antonio Spurs,2025-10-26T18:10:00Z,player_points_rebounds_assists,22.5,betrivers,2025-10-26T14:55:09Z,2025-10-26T14:55:30Z,-114.0,-117.0
Stephon Castle,Brooklyn Nets @ San Antonio Spurs,2025-10-26T18:10:00Z,player_points_rebounds_assists,30.5,betrivers,2025-10-26T14:55:09Z,2025-10-26T14:55:30Z,-167.0,120.0
Nicolas Claxton,Brooklyn Nets @ San Antonio Spurs,2025-10-26T18:10:00Z,player_points_rebounds_assists,22.5,betrivers,2025-10-26T14:55:09Z,2025-10-26T14:55:30Z,-115.0,-115.0
Michael Porter Jr,Brooklyn Nets @ San Antonio Spurs,2025-10-26T18:10:00Z,player_points_rebounds_assists,26.5,betrivers,2025-10-26T14:55:09Z,2025-10-26T14:55:30Z,-124.0,-108.0
Dylan Harper,Brooklyn Nets @ San Antonio Spurs,2025-10-26T18:10:00Z,player_points_rebounds_assists,16.5,betrivers,2025-10-26T14:55:09Z,2025-10-26T14:55:30Z,-122.0,-108.0
Victor Wembanyama,Brooklyn Nets @ San Antonio Spurs,2025-10-26T18:10:00Z,player_points_rebounds_assists,44.5,betrivers,2025-10-26T14:55:09Z,2025-10-26T14:55:30Z,-162.0,118.0
Cam Thomas,Brooklyn Nets @ San Antonio Spurs,2025-10-26T18:10:00Z,player_points_rebounds_assists,32.5,betrivers,2025-10-26T14:55:09Z,2025-10-26T14:55:30Z,-122.0,-108.0
Julian Champagnie,Brooklyn Nets @ San Antonio Spurs,2025-10-26T18:10:00Z,player_rebounds,4.5,betrivers,2025-10-26T14:55:09Z,2025-10-26T14:55:30Z,-141.0,106.0
Keldon Johnson,Brooklyn Nets @ San Antonio Spurs,2025-10-26T18:10:00Z,player_rebounds,4.5,betrivers,2025-10-26T14:55:09Z,2025-10-26T14:55:30Z,-148.0,112.0
Michael Porter Jr,Brooklyn Nets @ San Antonio Spurs,2025-10-26T18:10:00Z,player_rebounds,5.5,betrivers,2025-10-26T14:55:09Z,2025-10-26T14:55:30Z,-143.0,108.0
Nicolas Claxton,Brooklyn Nets @ San Antonio Spurs,2025-10-26T18:10:00Z,player_rebounds,7.5,betrivers,2025-10-26T14:55:09Z,2025-10-26T14:55:30Z,-115.0,-115.0
Cam Thomas,Brooklyn Nets @ San Antonio Spurs,2025-10-26T18:10:00Z,player_rebounds,2.5,betrivers,2025-10-26T14:55:09Z,2025-10-26T14:55:30Z,-165.0,123.0
Devin Vassell,Brooklyn Nets @ San Antonio Spurs,2025-10-26T18:10:00Z,player_rebounds,3.5,betrivers,2025-10-26T14:55:09Z,2025-10-26T14:55:30Z,-162.0,123.0
Victor Wembanyama,Brooklyn Nets @ San Antonio Spurs,2025-10-26T18:10:00Z,player_rebounds,12.5,betrivers,2025-10-26T14:55:09Z,2025-10-26T14:55:30Z,-120.0,-112.0
Dylan Harper,Brooklyn Nets @ San Antonio Spurs,2025-10-26T18:10:00Z,player_rebounds,3.5,betrivers,2025-10-26T14:55:09Z,2025-10-26T14:55:30Z,102.0,-136.0
Stephon Castle,Brooklyn Nets @ San Antonio Spurs,2025-10-26T18:10:00Z,player_rebounds,4.5,betrivers,2025-10-26T14:55:09Z,2025-10-26T14:55:30Z,-113.0,-118.0
Cam Thomas,Brooklyn Nets @ San Antonio Spurs,2025-10-26T18:10:00Z,player_threes,2.5,betrivers,2025-10-26T14:55:09Z,2025-10-26T14:55:30Z,110.0,-148.0
Michael Porter Jr,Brooklyn Nets @ San Antonio Spurs,2025-10-26T18:10:00Z,player_threes,2.5,betrivers,2025-10-26T14:55:09Z,2025-10-26T14:55:30Z,-159.0,118.0
Devin Vassell,Brooklyn Nets @ San Antonio Spurs,2025-10-26T18:10:00Z,player_threes,2.5,betrivers,2025-10-26T14:55:09Z,2025-10-26T14:55:30Z,104.0,-137.0
Julian Champagnie,Brooklyn Nets @ San Antonio Spurs,2025-10-26T18:10:00Z,player_threes,1.5,betrivers,2025-10-26T14:55:09Z,2025-10-26T14:55:30Z,-177.0,130.0
Harrison Barnes,Brooklyn Nets @ San Antonio Spurs,2025-10-26T18:10:00Z,player_threes,1.5,betrivers,2025-10-26T14:55:09Z,2025-10-26T14:55:30Z,107.0,-143.0
Dylan Harper,Brooklyn Nets @ San Antonio Spurs,2025-10-26T18:10:00Z,player_threes,1.5,betrivers,2025-10-26T14:55:09Z,2025-10-26T14:55:30Z,160.0,-220.0
Victor Wembanyama,Brooklyn Nets @ San Antonio Spurs,2025-10-26T18:10:00Z,player_threes,1.5,betrivers,2025-10-26T14:55:09Z,2025-10-26T14:55:30Z,-114.0,-117.0
Stephon Castle,Brooklyn Nets @ San Antonio Spurs,2025-10-26T18:10:00Z,player_threes,1.5,betrivers,2025-10-26T14:55:09Z,2025-10-26T14:55:30Z,133.0,-180.0
Noah Clowney,Brooklyn Nets @ San Antonio Spurs,2025-10-26T18:10:00Z,player_assists,1.5,betmgm,2025-10-26T14:55:22Z,2025-10-26T14:55:24Z,155.0,-210.0
Ben Saraf,Brooklyn Nets @ San Antonio Spurs,2025-10-26T18:10:00Z,player_assists,2.5,betmgm,2025-10-26T14:55:22Z,2025-10-26T14:55:24Z,135.0,-185.0
Ziaire Williams,Brooklyn Nets @ San Antonio Spurs,2025-10-26T18:10:00Z,player_assists,1.5,betmgm,2025-10-26T14:55:22Z,2025-10-26T14:55:24Z,110.0,-150.0
Stephon Castle,Brooklyn Nets @ San Antonio Spurs,2025-10-26T18:10:00Z,player_assists,6.5,betmgm,2025-10-26T14:55:22Z,2025-10-26T14:55:24Z,100.0,-135.0
Julian Champagnie,Brooklyn Nets @ San Antonio Spurs,2025-10-26T18:10:00Z,player_assists,2.5,betmgm,2025-10-26T14:55:22Z,2025-10-26T14:55:24Z,135.0,-185.0
Harrison Barnes,Brooklyn Nets @ San Antonio Spurs,2025-10-26T18:10:00Z,player_assists,2.5,betmgm,2025-10-26T14:55:22Z,2025-10-26T14:55:24Z,140.0,-190.0
Victor Wembanyama,Brooklyn Nets @ San Antonio Spurs,2025-10-26T18:10:00Z,player_assists,3.5,betmgm,2025-10-26T14:55:22Z,2025-10-26T14:55:24Z,-125.0,-105.0
Terance Mann,Brooklyn Nets @ San Antonio Spurs,2025-10-26T18:10:00Z,player_assists,1.5,betmgm,2025-10-26T14:55:22Z,2025-10-26T14:55:24Z,-155.0,115.0
Michael Porter Jr,Brooklyn Nets @ San Antonio Spurs,2025-10-26T18:10:00Z,player_assists,2.5,betmgm,2025-10-26T14:55:22Z,2025-10-26T14:55:24Z,115.0,-155.0
Keldon Johnson,Brooklyn Nets @ San Antonio Spurs,2025-10-26T18:10:00Z,player_assists,2.5,betmgm,2025-10-26T14:55:22Z,2025-10-26T14:55:24Z,135.0,-185.0
Egor Demin,Brooklyn Nets @ San Antonio Spurs,2025-10-26T18:10:00Z,player_assists,3.5,betmgm,2025-10-26T14:55:22Z,2025-10-26T14:55:24Z,-150.0,110.0
Day'Ron Sharpe,Brooklyn Nets @ San Antonio Spurs,2025-10-26T18:10:00Z,player_assists,1.5,betmgm,2025-10-26T14:55:22Z,2025-10-26T14:55:24Z,-135.0,100.0
Dylan Harper,Brooklyn Nets @ San Antonio Spurs,2025-10-26T18:10:00Z,player_assists,3.5,betmgm,2025-10-26T14:55:22Z,2025-10-26T14:55:24Z,110.0,-150.0
Devin Vassell,Brooklyn Nets @ San Antonio Spurs,2025-10-26T18:10:00Z,player_assists,3.5,betmgm,2025-10-26T14:55:22Z,2025-10-26T14:55:24Z,110.0,-145.0
Cam Thomas,Brooklyn Nets @ San Antonio Spurs,2025-10-26T18:10:00Z,player_assists,4.5,betmgm,2025-10-26T14:55:22Z,2025-10-26T14:55:24Z,110.0,-145.0
Nicolas Claxton,Brooklyn Nets @ San Antonio Spurs,2025-10-26T18:10:00Z,player_assists,2.5,betmgm,2025-10-26T14:55:22Z,2025-10-26T14:55:24Z,-150.0,110.0
Ben Saraf,Brooklyn Nets @ San Antonio Spurs,2025-10-26T18:10:00Z,player_blocks,0.5,betmgm,2025-10-26T14:55:22Z,2025-10-26T14:55:24Z,333.0,-550.0
Stephon Castle,Brooklyn Nets @ San Antonio Spurs,2025-10-26T18:10:00Z,player_blocks,0.5,betmgm,2025-10-26T14:55:22Z,2025-10-26T14:55:24Z,333.0,-550.0
Julian Champagnie,Brooklyn Nets @ San Antonio Spurs,2025-10-26T18:10:00Z,player_blocks,0.5,betmgm,2025-10-26T14:55:22Z,2025-10-26T14:55:24Z,175.0,-250.0
Harrison Barnes,Brooklyn Nets @ San Antonio Spurs,2025-10-26T18:10:00Z,player_blocks,0.5,betmgm,2025-10-26T14:55:22Z,2025-10-26T14:55:24Z,350.0,-600.0
Nicolas Claxton,Brooklyn Nets @ San Antonio Spurs,2025-10-26T18:10:00Z,player_blocks,1.5,betmgm,2025-10-26T14:55:22Z,2025-10-26T14:55:24Z,140.0,-200.0
Victor Wembanyama,Brooklyn Nets @ San Antonio Spurs,2025-10-26T18:10:00Z,player_blocks,4.5,betmgm,2025-10-26T14:55:22Z,2025-10-26T14:55:24Z,120.0,-160.0
Terance Mann,Brooklyn Nets @ San Antonio Spurs,2025-10-26T18:10:00Z,player_blocks,0.5,betmgm,2025-10-26T14:55:22Z,2025-10-26T14:55:24Z,360.0,-625.0
Michael Porter Jr,Brooklyn Nets @ San Antonio Spurs,2025-10-26T18:10:00Z,player_blocks,0.5,betmgm,2025-10-26T14:55:22Z,2025-10-26T14:55:24Z,195.0,-285.0
Devin Vassell,Brooklyn Nets @ San Antonio Spurs,2025-10-26T18:10:00Z,player_blocks,0.5,betmgm,2025-10-26T14:55:22Z,2025-10-26T14:55:24Z,230.0,-350.0
Cam Thomas,Brooklyn Nets @ San Antonio Spurs,2025-10-26T18:10:00Z,player_blocks,0.5,betmgm,2025-10-26T14:55:22Z,2025-10-26T14:55:24Z,425.0,-800.0
Stephon Castle,Brooklyn Nets @ San Antonio Spurs,2025-10-26T18:10:00Z,player_double_double,,betmgm,2025-10-26T14:55:22Z,2025-10-26T14:55:24Z,,
Julian Champagnie,Brooklyn Nets @ San Antonio Spurs,2025-10-26T18:10:00Z,player_double_double,,betmgm,2025-10-26T14:55:22Z,2025-10-26T14:55:24Z,,
Harrison Barnes,Brooklyn Nets @ San Antonio Spurs,2025-10-26T18:10:00Z,player_double_double,,betmgm,2025-10-26T14:55:22Z,2025-10-26T14:55:24Z,,
Nicolas Claxton,Brooklyn Nets @ San Antonio Spurs,2025-10-26T18:10:00Z,player_double_double,,betmgm,2025-10-26T14:55:22Z,2025-10-26T14:55:24Z,,
Victor Wembanyama,Brooklyn Nets @ San Antonio Spurs,2025-10-26T18:10:00Z,player_double_double,,betmgm,2025-10-26T14:55:22Z,2025-10-26T14:55:24Z,,
Michael Porter Jr,Brooklyn Nets @ San Antonio Spurs,2025-10-26T18:10:00Z,player_double_double,,betmgm,2025-10-26T14:55:22Z,2025-10-26T14:55:24Z,,
Devin Vassell,Brooklyn Nets @ San Antonio Spurs,2025-10-26T18:10:00Z,player_double_double,,betmgm,2025-10-26T14:55:22Z,2025-10-26T14:55:24Z,,
Cam Thomas,Brooklyn Nets @ San Antonio Spurs,2025-10-26T18:10:00Z,player_double_double,,betmgm,2025-10-26T14:55:22Z,2025-10-26T14:55:24Z,,
Noah Clowney,Brooklyn Nets @ San Antonio Spurs,2025-10-26T18:10:00Z,player_points,8.5,betmgm,2025-10-26T14:55:22Z,2025-10-26T14:55:24Z,-105.0,-130.0
Ben Saraf,Brooklyn Nets @ San Antonio Spurs,2025-10-26T18:10:00Z,player_points,5.5,betmgm,2025-10-26T14:55:22Z,2025-10-26T14:55:24Z,100.0,-130.0
Ziaire Williams,Brooklyn Nets @ San Antonio Spurs,2025-10-26T18:10:00Z,player_points,9.5,betmgm,2025-10-26T14:55:22Z,2025-10-26T14:55:24Z,100.0,-135.0
Stephon Castle,Brooklyn Nets @ San Antonio Spurs,2025-10-26T18:10:00Z,player_points,17.5,betmgm,2025-10-26T14:55:22Z,2025-10-26T14:55:24Z,-118.0,-110.0
Julian Champagnie,Brooklyn Nets @ San Antonio Spurs,2025-10-26T18:10:00Z,player_points,9.5,betmgm,2025-10-26T14:55:22Z,2025-10-26T14:55:24Z,-118.0,-110.0
Harrison Barnes,Brooklyn Nets @ San Antonio Spurs,2025-10-26T18:10:00Z,player_points,9.5,betmgm,2025-10-26T14:55:22Z,2025-10-26T14:55:24Z,-118.0,-115.0
Nicolas Claxton,Brooklyn Nets @ San Antonio Spurs,2025-10-26T18:10:00Z,player_points,10.5,betmgm,2025-10-26T14:55:22Z,2025-10-26T14:55:24Z,-115.0,-115.0
Victor Wembanyama,Brooklyn Nets @ San Antonio Spurs,2025-10-26T18:10:00Z,player_points,29.5,betmgm,2025-10-26T14:55:22Z,2025-10-26T14:55:24Z,-110.0,-120.0
Michael Porter Jr,Brooklyn Nets @ San Antonio Spurs,2025-10-26T18:10:00Z,player_points,19.5,betmgm,2025-10-26T14:55:22Z,2025-10-26T14:55:24Z,-105.0,-125.0
Keldon Johnson,Brooklyn Nets @ San Antonio Spurs,2025-10-26T18:10:00Z,player_points,10.5,betmgm,2025-10-26T14:55:22Z,2025-10-26T14:55:24Z,-125.0,-105.0
Egor Demin,Brooklyn Nets @ San Antonio Spurs,2025-10-26T18:10:00Z,player_points,8.5,betmgm,2025-10-26T14:55:22Z,2025-10-26T14:55:24Z,-110.0,-120.0
Day'Ron Sharpe,Brooklyn Nets @ San Antonio Spurs,2025-10-26T18:10:00Z,player_points,5.5,betmgm,2025-10-26T14:55:22Z,2025-10-26T14:55:24Z,-125.0,-105.0
Dylan Harper,Brooklyn Nets @ San Antonio Spurs,2025-10-26T18:10:00Z,player_points,12.5,betmgm,2025-10-26T14:55:22Z,2025-10-26T14:55:24Z,-110.0,-120.0
Devin Vassell,Brooklyn Nets @ San Antonio Spurs,2025-10-26T18:10:00Z,player_points,16.5,betmgm,2025-10-26T14:55:22Z,2025-10-26T14:55:24Z,-125.0,-105.0
Terance Mann,Brooklyn Nets @ San Antonio Spurs,2025-10-26T18:10:00Z,player_points,6.5,betmgm,2025-10-26T14:55:22Z,2025-10-26T14:55:24Z,-140.0,105.0
Cam Thomas,Brooklyn Nets @ San Antonio Spurs,2025-10-26T18:10:00Z,player_points,22.5,betmgm,2025-10-26T14:55:22Z,2025-10-26T14:55:24Z,-105.0,-125.0
Noah Clowney,Brooklyn Nets @ San Antonio Spurs,2025-10-26T18:10:00Z,player_points_rebounds_assists,13.5,betmgm,2025-10-26T14:55:22Z,2025-10-26T14:55:24Z,-105.0,-125.0
Ben Saraf,Brooklyn Nets @ San Antonio Spurs,2025-10-26T18:10:00Z,player_points_rebounds_assists,10.5,betmgm,2025-10-26T14:55:22Z,2025-10-26T14:55:24Z,-115.0,-118.0
Ziaire Williams,Brooklyn Nets @ San Antonio Spurs,2025-10-26T18:10:00Z,player_points_rebounds_assists,15.5,betmgm,2025-10-26T14:55:22Z,2025-10-26T14:55:24Z,-105.0,-130.0
Stephon Castle,Brooklyn Nets @ San Antonio Spurs,2025-10-26T18:10:00Z,player_points_rebounds_assists,29.5,betmgm,2025-10-26T14:55:22Z,2025-10-26T14:55:24Z,100.0,-130.0
Julian Champagnie,Brooklyn Nets @ San Antonio Spurs,2025-10-26T18:10:00Z,player_points_rebounds_assists,16.5,betmgm,2025-10-26T14:55:22Z,2025-10-26T14:55:24Z,-120.0,-110.0
Terance Mann,Brooklyn Nets @ San Antonio Spurs,2025-10-26T18:10:00Z,player_points_rebounds_assists,12.5,betmgm,2025-10-26T14:55:22Z,2025-10-26T14:55:24Z,100.0,-135.0
Michael Porter Jr,Brooklyn Nets @ San Antonio Spurs,2025-10-26T18:10:00Z,player_points_rebounds_assists,28.5,betmgm,2025-10-26T14:55:22Z,2025-10-26T14:55:24Z,105.0,-140.0
Keldon Johnson,Brooklyn Nets @ San Antonio Spurs,2025-10-26T18:10:00Z,player_points_rebounds_assists,18.5,betmgm,2025-10-26T14:55:22Z,2025-10-26T14:55:24Z,-115.0,-115.0
Egor Demin,Brooklyn Nets @ San Antonio Spurs,2025-10-26T18:10:00Z,player_points_rebounds_assists,16.5,betmgm,2025-10-26T14:55:22Z,2025-10-26T14:55:24Z,-118.0,-115.0
Day'Ron Sharpe,Brooklyn Nets @ San Antonio Spurs,2025-10-26T18:10:00Z,player_points_rebounds_assists,12.5,betmgm,2025-10-26T14:55:22Z,2025-10-26T14:55:24Z,100.0,-130.0
Dylan Harper,Brooklyn Nets @ San Antonio Spurs,2025-10-26T18:10:00Z,player_points_rebounds_assists,18.5,betmgm,2025-10-26T14:55:22Z,2025-10-26T14:55:24Z,-125.0,-105.0
Devin Vassell,Brooklyn Nets @ San Antonio Spurs,2025-10-26T18:10:00Z,player_points_rebounds_assists,24.5,betmgm,2025-10-26T14:55:22Z,2025-10-26T14:55:24Z,100.0,-130.0
Cam Thomas,Brooklyn Nets @ San Antonio Spurs,2025-10-26T18:10:00Z,player_points_rebounds_assists,29.5,betmgm,2025-10-26T14:55:22Z,2025-10-26T14:55:24Z,-125.0,-105.0
Harrison Barnes,Brooklyn Nets @ San Antonio Spurs,2025-10-26T18:10:00Z,player_points_rebounds_assists,15.5,betmgm,2025-10-26T14:55:22Z,2025-10-26T14:55:24Z,-125.0,-105.0
Nicolas Claxton,Brooklyn Nets @ San Antonio Spurs,2025-10-26T18:10:00Z,player_points_rebounds_assists,21.5,betmgm,2025-10-26T14:55:22Z,2025-10-26T14:55:24Z,-125.0,-110.0
Victor Wembanyama,Brooklyn Nets @ San Antonio Spurs,2025-10-26T18:10:00Z,player_points_rebounds_assists,45.5,betmgm,2025-10-26T14:55:22Z,2025-10-26T14:55:24Z,-125.0,-105.0
Noah Clowney,Brooklyn Nets @ San Antonio Spurs,2025-10-26T18:10:00Z,player_rebounds,3.5,betmgm,2025-10-26T14:55:22Z,2025-10-26T14:55:24Z,-105.0,-125.0
Ben Saraf,Brooklyn Nets @ San Antonio Spurs,2025-10-26T18:10:00Z,player_rebounds,2.5,betmgm,2025-10-26T14:55:22Z,2025-10-26T14:55:24Z,-150.0,115.0
Ziaire Williams,Brooklyn Nets @ San Antonio Spurs,2025-10-26T18:10:00Z,player_rebounds,3.5,betmgm,2025-10-26T14:55:22Z,2025-10-26T14:55:24Z,-135.0,100.0
Stephon Castle,Brooklyn Nets @ San Antonio Spurs,2025-10-26T18:10:00Z,player_rebounds,4.5,betmgm,2025-10-26T14:55:22Z,2025-10-26T14:55:24Z,-130.0,-105.0
Harrison Barnes,Brooklyn Nets @ San Antonio Spurs,2025-10-26T18:10:00Z,player_rebounds,3.5,betmgm,2025-10-26T14:55:22Z,2025-10-26T14:55:24Z,-150.0,115.0
Victor Wembanyama,Brooklyn Nets @ San Antonio Spurs,2025-10-26T18:10:00Z,player_rebounds,12.5,betmgm,2025-10-26T14:55:22Z,2025-10-26T14:55:24Z,-115.0,-115.0
Terance Mann,Brooklyn Nets @ San Antonio Spurs,2025-10-26T18:10:00Z,player_rebounds,2.5,betmgm,2025-10-26T14:55:22Z,2025-10-26T14:55:24Z,-175.0,130.0
Michael Porter Jr,Brooklyn Nets @ San Antonio Spurs,2025-10-26T18:10:00Z,player_rebounds,6.5,betmgm,2025-10-26T14:55:22Z,2025-10-26T14:55:24Z,115.0,-155.0
Keldon Johnson,Brooklyn Nets @ San Antonio Spurs,2025-10-26T18:10:00Z,player_rebounds,5.5,betmgm,2025-10-26T14:55:22Z,2025-10-26T14:55:24Z,100.0,-135.0
Egor Demin,Brooklyn Nets @ San Antonio Spurs,2025-10-26T18:10:00Z,player_rebounds,3.5,betmgm,2025-10-26T14:55:22Z,2025-10-26T14:55:24Z,-160.0,120.0
Day'Ron Sharpe,Brooklyn Nets @ San Antonio Spurs,2025-10-26T18:10:00Z,player_rebounds,4.5,betmgm,2025-10-26T14:55:22Z,2025-10-26T14:55:24Z,-135.0,100.0
Dylan Harper,Brooklyn Nets @ San Antonio Spurs,2025-10-26T18:10:00Z,player_rebounds,3.5,betmgm,2025-10-26T14:55:22Z,2025-10-26T14:55:24Z,110.0,-150.0
Devin Vassell,Brooklyn Nets @ San Antonio Spurs,2025-10-26T18:10:00Z,player_rebounds,4.5,betmgm,2025-10-26T14:55:22Z,2025-10-26T14:55:24Z,125.0,-165.0
Nicolas Claxton,Brooklyn Nets @ San Antonio Spurs,2025-10-26T18:10:00Z,player_rebounds,7.5,betmgm,2025-10-26T14:55:22Z,2025-10-26T14:55:24Z,-125.0,-105.0
Cam Thomas,Brooklyn Nets @ San Antonio Spurs,2025-10-26T18:10:00Z,player_rebounds,3.5,betmgm,2025-10-26T14:55:22Z,2025-10-26T14:55:24Z,135.0,-185.0
Julian Champagnie,Brooklyn Nets @ San Antonio Spurs,2025-10-26T18:10:00Z,player_rebounds,5.5,betmgm,2025-10-26T14:55:22Z,2025-10-26T14:55:24Z,120.0,-160.0
Noah Clowney,Brooklyn Nets @ San Antonio Spurs,2025-10-26T18:10:00Z,player_threes,1.5,betmgm,2025-10-26T14:55:22Z,2025-10-26T14:55:24Z,105.0,-140.0
Ben Saraf,Brooklyn Nets @ San Antonio Spurs,2025-10-26T18:10:00Z,player_threes,0.5,betmgm,2025-10-26T14:55:22Z,2025-10-26T14:55:24Z,125.0,-165.0
Ziaire Williams,Brooklyn Nets @ San Antonio Spurs,2025-10-26T18:10:00Z,player_threes,1.5,betmgm,2025-10-26T14:55:22Z,2025-10-26T14:55:24Z,-145.0,110.0
Stephon Castle,Brooklyn Nets @ San Antonio Spurs,2025-10-26T18:10:00Z,player_threes,1.5,betmgm,2025-10-26T14:55:22Z,2025-10-26T14:55:24Z,125.0,-165.0
Julian Champagnie,Brooklyn Nets @ San Antonio Spurs,2025-10-26T18:10:00Z,player_threes,1.5,betmgm,2025-10-26T14:55:22Z,2025-10-26T14:55:24Z,-200.0,150.0
Harrison Barnes,Brooklyn Nets @ San Antonio Spurs,2025-10-26T18:10:00Z,player_threes,1.5,betmgm,2025-10-26T14:55:22Z,2025-10-26T14:55:24Z,110.0,-150.0
Victor Wembanyama,Brooklyn Nets @ San Antonio Spurs,2025-10-26T18:10:00Z,player_threes,1.5,betmgm,2025-10-26T14:55:22Z,2025-10-26T14:55:24Z,-110.0,-120.0
Terance Mann,Brooklyn Nets @ San Antonio Spurs,2025-10-26T18:10:00Z,player_threes,0.5,betmgm,2025-10-26T14:55:22Z,2025-10-26T14:55:24Z,-175.0,130.0
Keldon Johnson,Brooklyn Nets @ San Antonio Spurs,2025-10-26T18:10:00Z,player_threes,0.5,betmgm,2025-10-26T14:55:22Z,2025-10-26T14:55:24Z,-175.0,130.0
Egor Demin,Brooklyn Nets @ San Antonio Spurs,2025-10-26T18:10:00Z,player_threes,1.5,betmgm,2025-10-26T14:55:22Z,2025-10-26T14:55:24Z,-115.0,-118.0
Dylan Harper,Brooklyn Nets @ San Antonio Spurs,2025-10-26T18:10:00Z,player_threes,1.5,betmgm,2025-10-26T14:55:22Z,2025-10-26T14:55:24Z,130.0,-175.0
Devin Vassell,Brooklyn Nets @ San Antonio Spurs,2025-10-26T18:10:00Z,player_threes,2.5,betmgm,2025-10-26T14:55:22Z,2025-10-26T14:55:24Z,-105.0,-125.0
Cam Thomas,Brooklyn Nets @ San Antonio Spurs,2025-10-26T18:10:00Z,player_threes,2.5,betmgm,2025-10-26T14:55:22Z,2025-10-26T14:55:24Z,120.0,-160.0
Michael Porter Jr,Brooklyn Nets @ San Antonio Spurs,2025-10-26T18:10:00Z,player_threes,2.5,betmgm,2025-10-26T14:55:22Z,2025-10-26T14:55:24Z,-165.0,125.0
Stephon Castle,Brooklyn Nets @ San Antonio Spurs,2025-10-26T18:10:00Z,player_triple_double,,betmgm,2025-10-26T14:55:22Z,2025-10-26T14:55:24Z,,
Victor Wembanyama,Brooklyn Nets @ San Antonio Spurs,2025-10-26T18:10:00Z,player_triple_double,,betmgm,2025-10-26T14:55:22Z,2025-10-26T14:55:24Z,,
Cam Thomas,Brooklyn Nets @ San Antonio Spurs,2025-10-26T18:10:00Z,player_assists,3.5,bovada,2025-10-26T14:54:59Z,2025-10-26T14:55:30Z,175.0,-240.0
Devin Vassell,Brooklyn Nets @ San Antonio Spurs,2025-10-26T18:10:00Z,player_assists,2.5,bovada,2025-10-26T14:54:59Z,2025-10-26T14:55:30Z,130.0,-170.0
Dylan Harper,Brooklyn Nets @ San Antonio Spurs,2025-10-26T18:10:00Z,player_assists,2.5,bovada,2025-10-26T14:54:59Z,2025-10-26T14:55:30Z,115.0,-150.0
Egor Demin,Brooklyn Nets @ San Antonio Spurs,2025-10-26T18:10:00Z,player_assists,3.5,bovada,2025-10-26T14:54:59Z,2025-10-26T14:55:30Z,145.0,-190.0
Nicolas Claxton,Brooklyn Nets @ San Antonio Spurs,2025-10-26T18:10:00Z,player_assists,2.5,bovada,2025-10-26T14:54:59Z,2025-10-26T14:55:30Z,145.0,-190.0
Stephon Castle,Brooklyn Nets @ San Antonio Spurs,2025-10-26T18:10:00Z,player_assists,5.5,bovada,2025-10-26T14:54:59Z,2025-10-26T14:55:30Z,170.0,-230.0
Victor Wembanyama,Brooklyn Nets @ San Antonio Spurs,2025-10-26T18:10:00Z,player_assists,3.5,bovada,2025-10-26T14:54:59Z,2025-10-26T14:55:30Z,170.0,-230.0
Victor Wembanyama,Brooklyn Nets @ San Antonio Spurs,2025-10-26T18:10:00Z,player_double_double,,bovada,2025-10-26T14:54:59Z,2025-10-26T14:55:30Z,,
Nicolas Claxton,Brooklyn Nets @ San Antonio Spurs,2025-10-26T18:10:00Z,player_double_double,,bovada,2025-10-26T14:54:59Z,2025-10-26T14:55:30Z,,
Stephon Castle,Brooklyn Nets @ San Antonio Spurs,2025-10-26T18:10:00Z,player_double_double,,bovada,2025-10-26T14:54:59Z,2025-10-26T14:55:30Z,,
Michael Porter Jr,Brooklyn Nets @ San Antonio Spurs,2025-10-26T18:10:00Z,player_double_double,,bovada,2025-10-26T14:54:59Z,2025-10-26T14:55:30Z,,
Keldon Johnson,Brooklyn Nets @ San Antonio Spurs,2025-10-26T18:10:00Z,player_double_double,,bovada,2025-10-26T14:54:59Z,2025-10-26T14:55:30Z,,
Cam Thomas,Brooklyn Nets @ San Antonio Spurs,2025-10-26T18:10:00Z,player_double_double,,bovada,2025-10-26T14:54:59Z,2025-10-26T14:55:30Z,,
Devin Vassell,Brooklyn Nets @ San Antonio Spurs,2025-10-26T18:10:00Z,player_double_double,,bovada,2025-10-26T14:54:59Z,2025-10-26T14:55:30Z,,
Dylan Harper,Brooklyn Nets @ San Antonio Spurs,2025-10-26T18:10:00Z,player_double_double,,bovada,2025-10-26T14:54:59Z,2025-10-26T14:55:30Z,,
Cam Thomas,Brooklyn Nets @ San Antonio Spurs,2025-10-26T18:10:00Z,player_points,18.5,bovada,2025-10-26T14:54:59Z,2025-10-26T14:55:30Z,210.0,-290.0
Devin Vassell,Brooklyn Nets @ San Antonio Spurs,2025-10-26T18:10:00Z,player_points,13.5,bovada,2025-10-26T14:54:59Z,2025-10-26T14:55:30Z,205.0,-280.0
Dylan Harper,Brooklyn Nets @ San Antonio Spurs,2025-10-26T18:10:00Z,player_points,9.5,bovada,2025-10-26T14:54:59Z,2025-10-26T14:55:30Z,200.0,-275.0
Egor Demin,Brooklyn Nets @ San Antonio Spurs,2025-10-26T18:10:00Z,player_points,6.5,bovada,2025-10-26T14:54:59Z,2025-10-26T14:55:30Z,170.0,-230.0
Harrison Barnes,Brooklyn Nets @ San Antonio Spurs,2025-10-26T18:10:00Z,player_points,7.5,bovada,2025-10-26T14:54:59Z,2025-10-26T14:55:30Z,205.0,-280.0
Julian Champagnie,Brooklyn Nets @ San Antonio Spurs,2025-10-26T18:10:00Z,player_points,7.5,bovada,2025-10-26T14:54:59Z,2025-10-26T14:55:30Z,170.0,-230.0
Keldon Johnson,Brooklyn Nets @ San Antonio Spurs,2025-10-26T18:10:00Z,player_points,8.5,bovada,2025-10-26T14:54:59Z,2025-10-26T14:55:30Z,180.0,-245.0
Michael Porter Jr,Brooklyn Nets @ San Antonio Spurs,2025-10-26T18:10:00Z,player_points,16.5,bovada,2025-10-26T14:54:59Z,2025-10-26T14:55:30Z,205.0,-280.0
Nicolas Claxton,Brooklyn Nets @ San Antonio Spurs,2025-10-26T18:10:00Z,player_points,8.5,bovada,2025-10-26T14:54:59Z,2025-10-26T14:55:30Z,210.0,-290.0
Noah Clowney,Brooklyn Nets @ San Antonio Spurs,2025-10-26T18:10:00Z,player_points,6.5,bovada,2025-10-26T14:54:59Z,2025-10-26T14:55:30Z,175.0,-240.0
Stephon Castle,Brooklyn Nets @ San Antonio Spurs,2025-10-26T18:10:00Z,player_points,14.5,bovada,2025-10-26T14:54:59Z,2025-10-26T14:55:30Z,190.0,-260.0
Victor Wembanyama,Brooklyn Nets @ San Antonio Spurs,2025-10-26T18:10:00Z,player_points,25.5,bovada,2025-10-26T14:54:59Z,2025-10-26T14:55:30Z,185.0,-250.0
Ziaire Williams,Brooklyn Nets @ San Antonio Spurs,2025-10-26T18:10:00Z,player_points,7.5,bovada,2025-10-26T14:54:59Z,2025-10-26T14:55:30Z,205.0,-280.0
Cam Thomas,Brooklyn Nets @ San Antonio Spurs,2025-10-26T18:10:00Z,player_points_rebounds_assists,25.5,bovada,2025-10-26T14:54:59Z,2025-10-26T14:55:30Z,185.0,-250.0
Devin Vassell,Brooklyn Nets @ San Antonio Spurs,2025-10-26T18:10:00Z,player_points_rebounds_assists,20.5,bovada,2025-10-26T14:54:59Z,2025-10-26T14:55:30Z,180.0,-245.0
Dylan Harper,Brooklyn Nets @ San Antonio Spurs,2025-10-26T18:10:00Z,player_points_rebounds_assists,15.5,bovada,2025-10-26T14:54:59Z,2025-10-26T14:55:30Z,185.0,-250.0
Egor Demin,Brooklyn Nets @ San Antonio Spurs,2025-10-26T18:10:00Z,player_points_rebounds_assists,13.5,bovada,2025-10-26T14:54:59Z,2025-10-26T14:55:30Z,210.0,-290.0
Harrison Barnes,Brooklyn Nets @ San Antonio Spurs,2025-10-26T18:10:00Z,player_points_rebounds_assists,12.5,bovada,2025-10-26T14:54:59Z,2025-10-26T14:55:30Z,200.0,-275.0
Julian Champagnie,Brooklyn Nets @ San Antonio Spurs,2025-10-26T18:10:00Z,player_points_rebounds_assists,13.5,bovada,2025-10-26T14:54:59Z,2025-10-26T14:55:30Z,205.0,-280.0
Keldon Johnson,Brooklyn Nets @ San Antonio Spurs,2025-10-26T18:10:00Z,player_points_rebounds_assists,15.5,bovada,2025-10-26T14:54:59Z,2025-10-26T14:55:30Z,200.0,-275.0
Michael Porter Jr,Brooklyn Nets @ San Antonio Spurs,2025-10-26T18:10:00Z,player_points_rebounds_assists,24.5,bovada,2025-10-26T14:54:59Z,2025-10-26T14:55:30Z,185.0,-250.0
Nicolas Claxton,Brooklyn Nets @ San Antonio Spurs,2025-10-26T18:10:00Z,player_points_rebounds_assists,18.5,bovada,2025-10-26T14:54:59Z,2025-10-26T14:55:30Z,215.0,-300.0
Noah Clowney,Brooklyn Nets @ San Antonio Spurs,2025-10-26T18:10:00Z,player_points_rebounds_assists,10.5,bovada,2025-10-26T14:54:59Z,2025-10-26T14:55:30Z,200.0,-275.0
Stephon Castle,Brooklyn Nets @ San Antonio Spurs,2025-10-26T18:10:00Z,player_points_rebounds_assists,25.5,bovada,2025-10-26T14:54:59Z,2025-10-26T14:55:30Z,200.0,-275.0
Victor Wembanyama,Brooklyn Nets @ San Antonio Spurs,2025-10-26T18:10:00Z,player_points_rebounds_assists,40.5,bovada,2025-10-26T14:54:59Z,2025-10-26T14:55:30Z,210.0,-290.0
Ziaire Williams,Brooklyn Nets @ San Antonio Spurs,2025-10-26T18:10:00Z,player_points_rebounds_assists,12.5,bovada,2025-10-26T14:54:59Z,2025-10-26T14:55:30Z,200.0,-275.0
Keldon Johnson,Brooklyn Nets @ San Antonio Spurs,2025-10-26T18:10:00Z,player_rebounds,4.5,bovada,2025-10-26T14:54:59Z,2025-10-26T14:55:30Z,190.0,-260.0
Michael Porter Jr,Brooklyn Nets @ San Antonio Spurs,2025-10-26T18:10:00Z,player_rebounds,4.5,bovada,2025-10-26T14:54:59Z,2025-10-26T14:55:30Z,210.0,-290.0
Nicolas Claxton,Brooklyn Nets @ San Antonio Spurs,2025-10-26T18:10:00Z,player_rebounds,6.5,bovada,2025-10-26T14:54:59Z,2025-10-26T14:55:30Z,205.0,-280.0
Victor Wembanyama,Brooklyn Nets @ San Antonio Spurs,2025-10-26T18:10:00Z,player_rebounds,11.5,bovada,2025-10-26T14:54:59Z,2025-10-26T14:55:30Z,175.0,-240.0
Cam Thomas,Brooklyn Nets @ San Antonio Spurs,2025-10-26T18:10:00Z,player_threes,1.5,bovada,2025-10-26T14:54:59Z,2025-10-26T14:55:30Z,125.0,-165.0
Devin Vassell,Brooklyn Nets @ San Antonio Spurs,2025-10-26T18:10:00Z,player_threes,2.5,bovada,2025-10-26T14:54:59Z,2025-10-26T14:55:30Z,-105.0,-125.0
Dylan Harper,Brooklyn Nets @ San Antonio Spurs,2025-10-26T18:10:00Z,player_threes,1.5,bovada,2025-10-26T14:54:59Z,2025-10-26T14:55:30Z,130.0,-170.0
Egor Demin,Brooklyn Nets @ San Antonio Spurs,2025-10-26T18:10:00Z,player_threes,1.5,bovada,2025-10-26T14:54:59Z,2025-10-26T14:55:30Z,-115.0,-115.0
Harrison Barnes,Brooklyn Nets @ San Antonio Spurs,2025-10-26T18:10:00Z,player_threes,1.5,bovada,2025-10-26T14:54:59Z,2025-10-26T14:55:30Z,115.0,-150.0
Julian Champagnie,Brooklyn Nets @ San Antonio Spurs,2025-10-26T18:10:00Z,player_threes,1.5,bovada,2025-10-26T14:54:59Z,2025-10-26T14:55:30Z,145.0,-190.0
Michael Porter Jr,Brooklyn Nets @ San Antonio Spurs,2025-10-26T18:10:00Z,player_threes,2.5,bovada,2025-10-26T14:54:59Z,2025-10-26T14:55:30Z,150.0,-200.0
Noah Clowney,Brooklyn Nets @ San Antonio Spurs,2025-10-26T18:10:00Z,player_threes,1.5,bovada,2025-10-26T14:54:59Z,2025-10-26T14:55:30Z,105.0,-135.0
Stephon Castle,Brooklyn Nets @ San Antonio Spurs,2025-10-26T18:10:00Z,player_threes,1.5,bovada,2025-10-26T14:54:59Z,2025-10-26T14:55:30Z,110.0,-145.0
Victor Wembanyama,Brooklyn Nets @ San Antonio Spurs,2025-10-26T18:10:00Z,player_threes,1.5,bovada,2025-10-26T14:54:59Z,2025-10-26T14:55:30Z,-110.0,-120.0
Ziaire Williams,Brooklyn Nets @ San Antonio Spurs,2025-10-26T18:10:00Z,player_threes,1.5,bovada,2025-10-26T14:54:59Z,2025-10-26T14:55:30Z,185.0,-250.0
Victor Wembanyama,Brooklyn Nets @ San Antonio Spurs,2025-10-26T18:10:00Z,player_triple_double,,bovada,2025-10-26T14:54:59Z,2025-10-26T14:55:30Z,,
Stephon Castle,Brooklyn Nets @ San Antonio Spurs,2025-10-26T18:10:00Z,player_triple_double,,bovada,2025-10-26T14:54:59Z,2025-10-26T14:55:30Z,,
Cade Cunningham,Boston Celtics @ Detroit Pistons,2025-10-26T19:30:00Z,player_assists,9.5,draftkings,2025-10-26T14:55:22Z,2025-10-26T14:55:24Z,108.0,-140.0
Derrick White,Boston Celtics @ Detroit Pistons,2025-10-26T19:30:00Z,player_assists,5.5,draftkings,2025-10-26T14:55:22Z,2025-10-26T14:55:24Z,114.0,-148.0
Jaylen Brown,Boston Celtics @ Detroit Pistons,2025-10-26T19:30:00Z,player_assists,4.5,draftkings,2025-10-26T14:55:22Z,2025-10-26T14:55:24Z,-127.0,-102.0
Payton Pritchard,Boston Celtics @ Detroit Pistons,2025-10-26T19:30:00Z,player_assists,4.5,draftkings,2025-10-26T14:55:22Z,2025-10-26T14:55:24Z,106.0,-138.0
Anfernee Simons,Boston Celtics @ Detroit Pistons,2025-10-26T19:30:00Z,player_assists,3.5,draftkings,2025-10-26T14:55:22Z,2025-10-26T14:55:24Z,-144.0,111.0
Derrick White,Boston Celtics @ Detroit Pistons,2025-10-26T19:30:00Z,player_blocks,0.5,draftkings,2025-10-26T14:55:22Z,2025-10-26T14:55:20Z,-215.0,160.0
Ausar Thompson,Boston Celtics @ Detroit Pistons,2025-10-26T19:30:00Z,player_blocks,0.5,draftkings,2025-10-26T14:55:22Z,2025-10-26T14:55:20Z,-157.0,118.0
Cade Cunningham,Boston Celtics @ Detroit Pistons,2025-10-26T19:30:00Z,player_blocks,0.5,draftkings,2025-10-26T14:55:22Z,2025-10-26T14:55:20Z,106.0,-140.0
Jaylen Brown,Boston Celtics @ Detroit Pistons,2025-10-26T19:30:00Z,player_blocks,0.5,draftkings,2025-10-26T14:55:22Z,2025-10-26T14:55:20Z,200.0,-273.0
Cade Cunningham,Boston Celtics @ Detroit Pistons,2025-10-26T19:30:00Z,player_double_double,,draftkings,2025-10-26T14:55:22Z,2025-10-26T14:55:24Z,,
Jalen Duren,Boston Celtics @ Detroit Pistons,2025-10-26T19:30:00Z,player_double_double,,draftkings,2025-10-26T14:55:22Z,2025-10-26T14:55:24Z,,
Jaylen Brown,Boston Celtics @ Detroit Pistons,2025-10-26T19:30:00Z,player_double_double,,draftkings,2025-10-26T14:55:22Z,2025-10-26T14:55:24Z,,
Neemias Queta,Boston Celtics @ Detroit Pistons,2025-10-26T19:30:00Z,player_double_double,,draftkings,2025-10-26T14:55:22Z,2025-10-26T14:55:24Z,,
Tobias Harris,Boston Celtics @ Detroit Pistons,2025-10-26T19:30:00Z,player_double_double,,draftkings,2025-10-26T14:55:22Z,2025-10-26T14:55:24Z,,
Derrick White,Boston Celtics @ Detroit Pistons,2025-10-26T19:30:00Z,player_double_double,,draftkings,2025-10-26T14:55:22Z,2025-10-26T14:55:24Z,,
Payton Pritchard,Boston Celtics @ Detroit Pistons,2025-10-26T19:30:00Z,player_double_double,,draftkings,2025-10-26T14:55:22Z,2025-10-26T14:55:24Z,,
Cade Cunningham,Boston Celtics @ Detroit Pistons,2025-10-26T19:30:00Z,player_points,26.5,draftkings,2025-10-26T14:55:22Z,2025-10-26T14:55:24Z,-118.0,-108.0
Jaylen Brown,Boston Celtics @ Detroit Pistons,2025-10-26T19:30:00Z,player_points,22.5,draftkings,2025-10-26T14:55:22Z,2025-10-26T14:55:24Z,-118.0,-108.0
Derrick White,Boston Celtics @ Detroit Pistons,2025-10-26T19:30:00Z,player_points,20.5,draftkings,2025-10-26T14:55:22Z,2025-10-26T14:55:24Z,-119.0,-107.0
Payton Pritchard,Boston Celtics @ Detroit Pistons,2025-10-26T19:30:00Z,player_points,16.5,draftkings,2025-10-26T14:55:22Z,2025-10-26T14:55:24Z,-102.0,-125.0
Anfernee Simons,Boston Celtics @ Detroit Pistons,2025-10-26T19:30:00Z,player_points,14.5,draftkings,2025-10-26T14:55:22Z,2025-10-26T14:55:24Z,-114.0,-112.0
Tobias Harris,Boston Celtics @ Detroit Pistons,2025-10-26T19:30:00Z,player_points,14.5,draftkings,2025-10-26T14:55:22Z,2025-10-26T14:55:24Z,-102.0,-126.0
Jalen Duren,Boston Celtics @ Detroit Pistons,2025-10-26T19:30:00Z,player_points,13.5,draftkings,2025-10-26T14:55:22Z,2025-10-26T14:55:24Z,-102.0,-125.0
Ausar Thompson,Boston Celtics @ Detroit Pistons,2025-10-26T19:30:00Z,player_points,12.5,draftkings,2025-10-26T14:55:22Z,2025-10-26T14:55:24Z,-129.0,101.0
Duncan Robinson,Boston Celtics @ Detroit Pistons,2025-10-26T19:30:00Z,player_points,11.5,draftkings,2025-10-26T14:55:22Z,2025-10-26T14:55:24Z,-115.0,-111.0
Sam Hauser,Boston Celtics @ Detroit Pistons,2025-10-26T19:30:00Z,player_points,10.5,draftkings,2025-10-26T14:55:22Z,2025-10-26T14:55:24Z,-112.0,-114.0
Neemias Queta,Boston Celtics @ Detroit Pistons,2025-10-26T19:30:00Z,player_points,8.5,draftkings,2025-10-26T14:55:22Z,2025-10-26T14:55:24Z,100.0,-128.0
Cade Cunningham,Boston Celtics @ Detroit Pistons,2025-10-26T19:30:00Z,player_points_rebounds_assists,42.5,draftkings,2025-10-26T14:55:22Z,2025-10-26T14:55:24Z,-109.0,-119.0
Jaylen Brown,Boston Celtics @ Detroit Pistons,2025-10-26T19:30:00Z,player_points_rebounds_assists,33.5,draftkings,2025-10-26T14:55:22Z,2025-10-26T14:55:24Z,-109.0,-118.0
Derrick White,Boston Celtics @ Detroit Pistons,2025-10-26T19:30:00Z,player_points_rebounds_assists,30.5,draftkings,2025-10-26T14:55:22Z,2025-10-26T14:55:24Z,-122.0,-107.0
Jalen Duren,Boston Celtics @ Detroit Pistons,2025-10-26T19:30:00Z,player_points_rebounds_assists,26.5,draftkings,2025-10-26T14:55:22Z,2025-10-26T14:55:24Z,-106.0,-122.0
Payton Pritchard,Boston Celtics @ Detroit Pistons,2025-10-26T19:30:00Z,player_points_rebounds_assists,24.5,draftkings,2025-10-26T14:55:22Z,2025-10-26T14:55:24Z,-124.0,-105.0
Ausar Thompson,Boston Celtics @ Detroit Pistons,2025-10-26T19:30:00Z,player_points_rebounds_assists,22.5,draftkings,2025-10-26T14:55:22Z,2025-10-26T14:55:24Z,-121.0,-107.0
Tobias Harris,Boston Celtics @ Detroit Pistons,2025-10-26T19:30:00Z,player_points_rebounds_assists,22.5,draftkings,2025-10-26T14:55:22Z,2025-10-26T14:55:24Z,-121.0,-107.0
Neemias Queta,Boston Celtics @ Detroit Pistons,2025-10-26T19:30:00Z,player_points_rebounds_assists,16.5,draftkings,2025-10-26T14:55:22Z,2025-10-26T14:55:24Z,-129.0,-101.0
Sam Hauser,Boston Celtics @ Detroit Pistons,2025-10-26T19:30:00Z,player_points_rebounds_assists,15.5,draftkings,2025-10-26T14:55:22Z,2025-10-26T14:55:24Z,-104.0,-125.0
Jalen Duren,Boston Celtics @ Detroit Pistons,2025-10-26T19:30:00Z,player_rebounds,10.5,draftkings,2025-10-26T14:55:22Z,2025-10-26T14:55:24Z,-105.0,-124.0
Neemias Queta,Boston Celtics @ Detroit Pistons,2025-10-26T19:30:00Z,player_rebounds,6.5,draftkings,2025-10-26T14:55:22Z,2025-10-26T14:55:24Z,-130.0,100.0
Ausar Thompson,Boston Celtics @ Detroit Pistons,2025-10-26T19:30:00Z,player_rebounds,6.5,draftkings,2025-10-26T14:55:22Z,2025-10-26T14:55:24Z,-110.0,-118.0
Cade Cunningham,Boston Celtics @ Detroit Pistons,2025-10-26T19:30:00Z,player_rebounds,5.5,draftkings,2025-10-26T14:55:22Z,2025-10-26T14:55:24Z,-141.0,108.0
Tobias Harris,Boston Celtics @ Detroit Pistons,2025-10-26T19:30:00Z,player_rebounds,5.5,draftkings,2025-10-26T14:55:22Z,2025-10-26T14:55:24Z,-140.0,108.0
Jaylen Brown,Boston Celtics @ Detroit Pistons,2025-10-26T19:30:00Z,player_rebounds,5.5,draftkings,2025-10-26T14:55:22Z,2025-10-26T14:55:24Z,-114.0,-113.0
Derrick White,Boston Celtics @ Detroit Pistons,2025-10-26T19:30:00Z,player_rebounds,4.5,draftkings,2025-10-26T14:55:22Z,2025-10-26T14:55:24Z,-106.0,-122.0
Payton Pritchard,Boston Celtics @ Detroit Pistons,2025-10-26T19:30:00Z,player_rebounds,4.5,draftkings,2025-10-26T14:55:22Z,2025-10-26T14:55:24Z,113.0,-147.0
Sam Hauser,Boston Celtics @ Detroit Pistons,2025-10-26T19:30:00Z,player_rebounds,3.5,draftkings,2025-10-26T14:55:22Z,2025-10-26T14:55:24Z,107.0,-139.0
Ausar Thompson,Boston Celtics @ Detroit Pistons,2025-10-26T19:30:00Z,player_steals,1.5,draftkings,2025-10-26T14:55:22Z,2025-10-26T14:55:20Z,132.0,-176.0
Payton Pritchard,Boston Celtics @ Detroit Pistons,2025-10-26T19:30:00Z,player_steals,1.5,draftkings,2025-10-26T14:55:22Z,2025-10-26T14:55:20Z,132.0,-176.0
Jaylen Brown,Boston Celtics @ Detroit Pistons,2025-10-26T19:30:00Z,player_steals,1.5,draftkings,2025-10-26T14:55:22Z,2025-10-26T14:55:20Z,154.0,-207.0
Derrick White,Boston Celtics @ Detroit Pistons,2025-10-26T19:30:00Z,player_steals,1.5,draftkings,2025-10-26T14:55:22Z,2025-10-26T14:55:20Z,155.0,-208.0
Cade Cunningham,Boston Celtics @ Detroit Pistons,2025-10-26T19:30:00Z,player_steals,0.5,draftkings,2025-10-26T14:55:22Z,2025-10-26T14:55:20Z,-203.0,151.0
Derrick White,Boston Celtics @ Detroit Pistons,2025-10-26T19:30:00Z,player_threes,3.5,draftkings,2025-10-26T14:55:22Z,2025-10-26T14:55:20Z,-141.0,109.0
Payton Pritchard,Boston Celtics @ Detroit Pistons,2025-10-26T19:30:00Z,player_threes,3.5,draftkings,2025-10-26T14:55:22Z,2025-10-26T14:55:20Z,119.0,-154.0
Duncan Robinson,Boston Celtics @ Detroit Pistons,2025-10-26T19:30:00Z,player_threes,2.5,draftkings,2025-10-26T14:55:22Z,2025-10-26T14:55:20Z,-145.0,112.0
Sam Hauser,Boston Celtics @ Detroit Pistons,2025-10-26T19:30:00Z,player_threes,2.5,draftkings,2025-10-26T14:55:22Z,2025-10-26T14:55:20Z,-142.0,109.0
Cade Cunningham,Boston Celtics @ Detroit Pistons,2025-10-26T19:30:00Z,player_threes,2.5,draftkings,2025-10-26T14:55:22Z,2025-10-26T14:55:20Z,138.0,-180.0
Jaylen Brown,Boston Celtics @ Detroit Pistons,2025-10-26T19:30:00Z,player_threes,1.5,draftkings,2025-10-26T14:55:22Z,2025-10-26T14:55:20Z,-169.0,130.0
Tobias Harris,Boston Celtics @ Detroit Pistons,2025-10-26T19:30:00Z,player_threes,1.5,draftkings,2025-10-26T14:55:22Z,2025-10-26T14:55:20Z,129.0,-168.0
Cade Cunningham,Boston Celtics @ Detroit Pistons,2025-10-26T19:30:00Z,player_triple_double,,draftkings,2025-10-26T14:55:22Z,2025-10-26T14:55:24Z,,
Jaylen Brown,Boston Celtics @ Detroit Pistons,2025-10-26T19:30:00Z,player_triple_double,,draftkings,2025-10-26T14:55:22Z,2025-10-26T14:55:24Z,,
Tobias Harris,Boston Celtics @ Detroit Pistons,2025-10-26T19:30:00Z,player_assists,2.5,betonlineag,2025-10-26T14:55:22Z,2025-10-26T14:55:31Z,-103.0,-125.0
Payton Pritchard,Boston Celtics @ Detroit Pistons,2025-10-26T19:30:00Z,player_assists,4.5,betonlineag,2025-10-26T14:55:22Z,2025-10-26T14:55:31Z,-114.0,-114.0
Jaylen Brown,Boston Celtics @ Detroit Pistons,2025-10-26T19:30:00Z,player_assists,4.5,betonlineag,2025-10-26T14:55:22Z,2025-10-26T14:55:31Z,-123.0,-104.0
Anfernee Simons,Boston Celtics @ Detroit Pistons,2025-10-26T19:30:00Z,player_assists,3.5,betonlineag,2025-10-26T14:55:22Z,2025-10-26T14:55:31Z,-141.0,109.0
Derrick White,Boston Celtics @ Detroit Pistons,2025-10-26T19:30:00Z,player_assists,5.5,betonlineag,2025-10-26T14:55:22Z,2025-10-26T14:55:31Z,124.0,-161.0
Jalen Duren,Boston Celtics @ Detroit Pistons,2025-10-26T19:30:00Z,player_assists,2.5,betonlineag,2025-10-26T14:55:22Z,2025-10-26T14:55:31Z,-102.0,-127.0
Ausar Thompson,Boston Celtics @ Detroit Pistons,2025-10-26T19:30:00Z,player_assists,3.5,betonlineag,2025-10-26T14:55:22Z,2025-10-26T14:55:31Z,149.0,-196.0
Cade Cunningham,Boston Celtics @ Detroit Pistons,2025-10-26T19:30:00Z,player_assists,9.5,betonlineag,2025-10-26T14:55:22Z,2025-10-26T14:55:31Z,112.0,-145.0
Tobias Harris,Boston Celtics @ Detroit Pistons,2025-10-26T19:30:00Z,player_points,14.5,betonlineag,2025-10-26T14:55:22Z,2025-10-26T14:55:31Z,-101.0,-128.0
Anfernee Simons,Boston Celtics @ Detroit Pistons,2025-10-26T19:30:00Z,player_points,14.5,betonlineag,2025-10-26T14:55:22Z,2025-10-26T14:55:31Z,-115.0,-112.0
Neemias Queta,Boston Celtics @ Detroit Pistons,2025-10-26T19:30:00Z,player_points,8.5,betonlineag,2025-10-26T14:55:22Z,2025-10-26T14:55:31Z,-103.0,-125.0
Sam Hauser,Boston Celtics @ Detroit Pistons,2025-10-26T19:30:00Z,player_points,10.5,betonlineag,2025-10-26T14:55:22Z,2025-10-26T14:55:31Z,-108.0,-120.0
Jalen Duren,Boston Celtics @ Detroit Pistons,2025-10-26T19:30:00Z,player_points,13.5,betonlineag,2025-10-26T14:55:22Z,2025-10-26T14:55:31Z,-103.0,-125.0
Derrick White,Boston Celtics @ Detroit Pistons,2025-10-26T19:30:00Z,player_points,20.5,betonlineag,2025-10-26T14:55:22Z,2025-10-26T14:55:31Z,-120.0,-108.0
Duncan Robinson,Boston Celtics @ Detroit Pistons,2025-10-26T19:30:00Z,player_points,11.5,betonlineag,2025-10-26T14:55:22Z,2025-10-26T14:55:31Z,-112.0,-115.0
Payton Pritchard,Boston Celtics @ Detroit Pistons,2025-10-26T19:30:00Z,player_points,16.5,betonlineag,2025-10-26T14:55:22Z,2025-10-26T14:55:31Z,-105.0,-123.0
Cade Cunningham,Boston Celtics @ Detroit Pistons,2025-10-26T19:30:00Z,player_points,27.5,betonlineag,2025-10-26T14:55:22Z,2025-10-26T14:55:31Z,-105.0,-123.0
Ausar Thompson,Boston Celtics @ Detroit Pistons,2025-10-26T19:30:00Z,player_points,13.5,betonlineag,2025-10-26T14:55:22Z,2025-10-26T14:55:31Z,-109.0,-119.0
Jaylen Brown,Boston Celtics @ Detroit Pistons,2025-10-26T19:30:00Z,player_points,23.5,betonlineag,2025-10-26T14:55:22Z,2025-10-26T14:55:31Z,-111.0,-116.0
Derrick White,Boston Celtics @ Detroit Pistons,2025-10-26T19:30:00Z,player_points_rebounds_assists,30.5,betonlineag,2025-10-26T14:55:22Z,2025-10-26T14:55:31Z,-116.0,-111.0
Tobias Harris,Boston Celtics @ Detroit Pistons,2025-10-26T19:30:00Z,player_points_rebounds_assists,22.5,betonlineag,2025-10-26T14:55:22Z,2025-10-26T14:55:31Z,-119.0,-109.0
Jaylen Brown,Boston Celtics @ Detroit Pistons,2025-10-26T19:30:00Z,player_points_rebounds_assists,33.5,betonlineag,2025-10-26T14:55:22Z,2025-10-26T14:55:31Z,-112.0,-115.0
Ausar Thompson,Boston Celtics @ Detroit Pistons,2025-10-26T19:30:00Z,player_points_rebounds_assists,22.5,betonlineag,2025-10-26T14:55:22Z,2025-10-26T14:55:31Z,-120.0,-108.0
Jalen Duren,Boston Celtics @ Detroit Pistons,2025-10-26T19:30:00Z,player_points_rebounds_assists,26.5,betonlineag,2025-10-26T14:55:22Z,2025-10-26T14:55:31Z,-109.0,-119.0
Neemias Queta,Boston Celtics @ Detroit Pistons,2025-10-26T19:30:00Z,player_points_rebounds_assists,16.5,betonlineag,2025-10-26T14:55:22Z,2025-10-26T14:55:31Z,-120.0,-108.0
Anfernee Simons,Boston Celtics @ Detroit Pistons,2025-10-26T19:30:00Z,player_points_rebounds_assists,21.5,betonlineag,2025-10-26T14:55:22Z,2025-10-26T14:55:31Z,-105.0,-123.0
Payton Pritchard,Boston Celtics @ Detroit Pistons,2025-10-26T19:30:00Z,player_points_rebounds_assists,25.5,betonlineag,2025-10-26T14:55:22Z,2025-10-26T14:55:31Z,-109.0,-119.0
Cade Cunningham,Boston Celtics @ Detroit Pistons,2025-10-26T19:30:00Z,player_points_rebounds_assists,42.5,betonlineag,2025-10-26T14:55:22Z,2025-10-26T14:55:31Z,-111.0,-116.0
Duncan Robinson,Boston Celtics @ Detroit Pistons,2025-10-26T19:30:00Z,player_points_rebounds_assists,16.5,betonlineag,2025-10-26T14:55:22Z,2025-10-26T14:55:31Z,-111.0,-116.0
Sam Hauser,Boston Celtics @ Detroit Pistons,2025-10-26T19:30:00Z,player_points_rebounds_assists,14.5,betonlineag,2025-10-26T14:55:22Z,2025-10-26T14:55:31Z,-119.0,-109.0
Tobias Harris,Boston Celtics @ Detroit Pistons,2025-10-26T19:30:00Z,player_rebounds,5.5,betonlineag,2025-10-26T14:55:22Z,2025-10-26T14:55:31Z,-145.0,112.0
Payton Pritchard,Boston Celtics @ Detroit Pistons,2025-10-26T19:30:00Z,player_rebounds,4.5,betonlineag,2025-10-26T14:55:22Z,2025-10-26T14:55:31Z,117.0,-152.0
Jaylen Brown,Boston Celtics @ Detroit Pistons,2025-10-26T19:30:00Z,player_rebounds,5.5,betonlineag,2025-10-26T14:55:22Z,2025-10-26T14:55:31Z,-118.0,-110.0
Sam Hauser,Boston Celtics @ Detroit Pistons,2025-10-26T19:30:00Z,player_rebounds,3.5,betonlineag,2025-10-26T14:55:22Z,2025-10-26T14:55:31Z,107.0,-139.0
Anfernee Simons,Boston Celtics @ Detroit Pistons,2025-10-26T19:30:00Z,player_rebounds,2.5,betonlineag,2025-10-26T14:55:22Z,2025-10-26T14:55:31Z,100.0,-130.0
Neemias Queta,Boston Celtics @ Detroit Pistons,2025-10-26T19:30:00Z,player_rebounds,6.5,betonlineag,2025-10-26T14:55:22Z,2025-10-26T14:55:31Z,-135.0,104.0
Ausar Thompson,Boston Celtics @ Detroit Pistons,2025-10-26T19:30:00Z,player_rebounds,6.5,betonlineag,2025-10-26T14:55:22Z,2025-10-26T14:55:31Z,-108.0,-120.0
Duncan Robinson,Boston Celtics @ Detroit Pistons,2025-10-26T19:30:00Z,player_rebounds,2.5,betonlineag,2025-10-26T14:55:22Z,2025-10-26T14:55:31Z,-103.0,-125.0
Cade Cunningham,Boston Celtics @ Detroit Pistons,2025-10-26T19:30:00Z,player_rebounds,5.5,betonlineag,2025-10-26T14:55:22Z,2025-10-26T14:55:31Z,-135.0,104.0
Derrick White,Boston Celtics @ Detroit Pistons,2025-10-26T19:30:00Z,player_rebounds,4.5,betonlineag,2025-10-26T14:55:22Z,2025-10-26T14:55:31Z,-106.0,-122.0
Jalen Duren,Boston Celtics @ Detroit Pistons,2025-10-26T19:30:00Z,player_rebounds,10.5,betonlineag,2025-10-26T14:55:22Z,2025-10-26T14:55:31Z,-105.0,-123.0
Jaylen Brown,Boston Celtics @ Detroit Pistons,2025-10-26T19:30:00Z,player_threes,1.5,betonlineag,2025-10-26T14:55:22Z,2025-10-26T14:55:31Z,-164.0,125.0
Tobias Harris,Boston Celtics @ Detroit Pistons,2025-10-26T19:30:00Z,player_threes,1.5,betonlineag,2025-10-26T14:55:22Z,2025-10-26T14:55:31Z,132.0,-172.0
Payton Pritchard,Boston Celtics @ Detroit Pistons,2025-10-26T19:30:00Z,player_threes,3.5,betonlineag,2025-10-26T14:55:22Z,2025-10-26T14:55:31Z,128.0,-167.0
Duncan Robinson,Boston Celtics @ Detroit Pistons,2025-10-26T19:30:00Z,player_threes,2.5,betonlineag,2025-10-26T14:55:22Z,2025-10-26T14:55:31Z,-141.0,109.0
Cade Cunningham,Boston Celtics @ Detroit Pistons,2025-10-26T19:30:00Z,player_threes,2.5,betonlineag,2025-10-26T14:55:22Z,2025-10-26T14:55:31Z,139.0,-182.0
Sam Hauser,Boston Celtics @ Detroit Pistons,2025-10-26T19:30:00Z,player_threes,2.5,betonlineag,2025-10-26T14:55:22Z,2025-10-26T14:55:31Z,-145.0,111.0
Derrick White,Boston Celtics @ Detroit Pistons,2025-10-26T19:30:00Z,player_threes,3.5,betonlineag,2025-10-26T14:55:22Z,2025-10-26T14:55:31Z,-135.0,104.0
Anfernee Simons,Boston Celtics @ Detroit Pistons,2025-10-26T19:30:00Z,player_assists,3.5,williamhill_us,2025-10-26T14:54:39Z,2025-10-26T14:56:06Z,-141.0,105.0
Jalen Duren,Boston Celtics @ Detroit Pistons,2025-10-26T19:30:00Z,player_assists,2.5,williamhill_us,2025-10-26T14:54:39Z,2025-10-26T14:56:06Z,105.0,-141.0
Ausar Thompson,Boston Celtics @ Detroit Pistons,2025-10-26T19:30:00Z,player_assists,3.5,williamhill_us,2025-10-26T14:54:39Z,2025-10-26T14:56:06Z,135.0,-190.0
Derrick White,Boston Celtics @ Detroit Pistons,2025-10-26T19:30:00Z,player_assists,5.5,williamhill_us,2025-10-26T14:54:39Z,2025-10-26T14:56:06Z,120.0,-164.0
Cade Cunningham,Boston Celtics @ Detroit Pistons,2025-10-26T19:30:00Z,player_assists,9.5,williamhill_us,2025-10-26T14:54:39Z,2025-10-26T14:56:06Z,110.0,-152.0
Payton Pritchard,Boston Celtics @ Detroit Pistons,2025-10-26T19:30:00Z,player_assists,4.5,williamhill_us,2025-10-26T14:54:39Z,2025-10-26T14:56:06Z,-102.0,-132.0
Jaylen Brown,Boston Celtics @ Detroit Pistons,2025-10-26T19:30:00Z,player_assists,4.5,williamhill_us,2025-10-26T14:54:39Z,2025-10-26T14:56:06Z,-132.0,-102.0
Jalen Duren,Boston Celtics @ Detroit Pistons,2025-10-26T19:30:00Z,player_double_double,,williamhill_us,2025-10-26T14:54:39Z,2025-10-26T14:56:06Z,,
Cade Cunningham,Boston Celtics @ Detroit Pistons,2025-10-26T19:30:00Z,player_double_double,,williamhill_us,2025-10-26T14:54:39Z,2025-10-26T14:56:06Z,,
Ausar Thompson,Boston Celtics @ Detroit Pistons,2025-10-26T19:30:00Z,player_double_double,,williamhill_us,2025-10-26T14:54:39Z,2025-10-26T14:56:06Z,,
Neemias Queta,Boston Celtics @ Detroit Pistons,2025-10-26T19:30:00Z,player_double_double,,williamhill_us,2025-10-26T14:54:39Z,2025-10-26T14:56:06Z,,
Jaylen Brown,Boston Celtics @ Detroit Pistons,2025-10-26T19:30:00Z,player_double_double,,williamhill_us,2025-10-26T14:54:39Z,2025-10-26T14:56:06Z,,
Tobias Harris,Boston Celtics @ Detroit Pistons,2025-10-26T19:30:00Z,player_double_double,,williamhill_us,2025-10-26T14:54:39Z,2025-10-26T14:56:06Z,,
Derrick White,Boston Celtics @ Detroit Pistons,2025-10-26T19:30:00Z,player_double_double,,williamhill_us,2025-10-26T14:54:39Z,2025-10-26T14:56:06Z,,
Payton Pritchard,Boston Celtics @ Detroit Pistons,2025-10-26T19:30:00Z,player_double_double,,williamhill_us,2025-10-26T14:54:39Z,2025-10-26T14:56:06Z,,
Cade Cunningham,Boston Celtics @ Detroit Pistons,2025-10-26T19:30:00Z,player_points,27.5,williamhill_us,2025-10-26T14:54:39Z,2025-10-26T14:56:06Z,-112.0,-121.0
Duncan Robinson,Boston Celtics @ Detroit Pistons,2025-10-26T19:30:00Z,player_points,11.5,williamhill_us,2025-10-26T14:54:39Z,2025-10-26T14:56:06Z,-115.0,-117.0
Jalen Duren,Boston Celtics @ Detroit Pistons,2025-10-26T19:30:00Z,player_points,13.5,williamhill_us,2025-10-26T14:54:39Z,2025-10-26T14:56:06Z,-107.0,-127.0
Ausar Thompson,Boston Celtics @ Detroit Pistons,2025-10-26T19:30:00Z,player_points,12.5,williamhill_us,2025-10-26T14:54:39Z,2025-10-26T14:56:06Z,-137.0,100.0
Payton Pritchard,Boston Celtics @ Detroit Pistons,2025-10-26T19:30:00Z,player_points,16.5,williamhill_us,2025-10-26T14:54:39Z,2025-10-26T14:56:06Z,-112.0,-121.0
Anfernee Simons,Boston Celtics @ Detroit Pistons,2025-10-26T19:30:00Z,player_points,14.5,williamhill_us,2025-10-26T14:54:39Z,2025-10-26T14:56:06Z,-117.0,-115.0
Jaylen Brown,Boston Celtics @ Detroit Pistons,2025-10-26T19:30:00Z,player_points,23.5,williamhill_us,2025-10-26T14:54:39Z,2025-10-26T14:56:06Z,-105.0,-129.0
Derrick White,Boston Celtics @ Detroit Pistons,2025-10-26T19:30:00Z,player_points,20.5,williamhill_us,2025-10-26T14:54:39Z,2025-10-26T14:56:06Z,-129.0,-106.0
Tobias Harris,Boston Celtics @ Detroit Pistons,2025-10-26T19:30:00Z,player_points,14.5,williamhill_us,2025-10-26T14:54:39Z,2025-10-26T14:56:06Z,-108.0,-125.0
Neemias Queta,Boston Celtics @ Detroit Pistons,2025-10-26T19:30:00Z,player_points,8.5,williamhill_us,2025-10-26T14:54:39Z,2025-10-26T14:56:06Z,-106.0,-129.0
Sam Hauser,Boston Celtics @ Detroit Pistons,2025-10-26T19:30:00Z,player_points,10.5,williamhill_us,2025-10-26T14:54:39Z,2025-10-26T14:56:06Z,-114.0,-120.0
Anfernee Simons,Boston Celtics @ Detroit Pistons,2025-10-26T19:30:00Z,player_rebounds,2.5,williamhill_us,2025-10-26T14:54:39Z,2025-10-26T14:56:06Z,-102.0,-134.0
Jaylen Brown,Boston Celtics @ Detroit Pistons,2025-10-26T19:30:00Z,player_rebounds,5.5,williamhill_us,2025-10-26T14:54:39Z,2025-10-26T14:56:06Z,-120.0,-113.0
Payton Pritchard,Boston Celtics @ Detroit Pistons,2025-10-26T19:30:00Z,player_rebounds,4.5,williamhill_us,2025-10-26T14:54:39Z,2025-10-26T14:56:06Z,110.0,-150.0
Duncan Robinson,Boston Celtics @ Detroit Pistons,2025-10-26T19:30:00Z,player_rebounds,2.5,williamhill_us,2025-10-26T14:54:39Z,2025-10-26T14:56:06Z,-105.0,-129.0
Jalen Duren,Boston Celtics @ Detroit Pistons,2025-10-26T19:30:00Z,player_rebounds,10.5,williamhill_us,2025-10-26T14:54:39Z,2025-10-26T14:56:06Z,-108.0,-125.0
Ausar Thompson,Boston Celtics @ Detroit Pistons,2025-10-26T19:30:00Z,player_rebounds,6.5,williamhill_us,2025-10-26T14:54:39Z,2025-10-26T14:56:06Z,-107.0,-127.0
Isaiah Stewart II,Boston Celtics @ Detroit Pistons,2025-10-26T19:30:00Z,player_rebounds,5.5,williamhill_us,2025-10-26T14:54:39Z,2025-10-26T14:56:06Z,-127.0,-107.0
Sam Hauser,Boston Celtics @ Detroit Pistons,2025-10-26T19:30:00Z,player_rebounds,3.5,williamhill_us,2025-10-26T14:54:39Z,2025-10-26T14:56:06Z,105.0,-143.0
Derrick White,Boston Celtics @ Detroit Pistons,2025-10-26T19:30:00Z,player_rebounds,4.5,williamhill_us,2025-10-26T14:54:39Z,2025-10-26T14:56:06Z,-107.0,-125.0
Tobias Harris,Boston Celtics @ Detroit Pistons,2025-10-26T19:30:00Z,player_rebounds,5.5,williamhill_us,2025-10-26T14:54:39Z,2025-10-26T14:56:06Z,-150.0,110.0
Neemias Queta,Boston Celtics @ Detroit Pistons,2025-10-26T19:30:00Z,player_rebounds,6.5,williamhill_us,2025-10-26T14:54:39Z,2025-10-26T14:56:06Z,-139.0,100.0
Cade Cunningham,Boston Celtics @ Detroit Pistons,2025-10-26T19:30:00Z,player_rebounds,5.5,williamhill_us,2025-10-26T14:54:39Z,2025-10-26T14:56:06Z,-137.0,100.0
Duncan Robinson,Boston Celtics @ Detroit Pistons,2025-10-26T19:30:00Z,player_threes,2.5,williamhill_us,2025-10-26T14:54:39Z,2025-10-26T14:56:06Z,-141.0,105.0
Payton Pritchard,Boston Celtics @ Detroit Pistons,2025-10-26T19:30:00Z,player_threes,3.5,williamhill_us,2025-10-26T14:54:39Z,2025-10-26T14:56:06Z,120.0,-170.0
Derrick White,Boston Celtics @ Detroit Pistons,2025-10-26T19:30:00Z,player_threes,3.5,williamhill_us,2025-10-26T14:54:39Z,2025-10-26T14:56:06Z,-143.0,105.0
Ausar Thompson,Boston Celtics @ Detroit Pistons,2025-10-26T19:30:00Z,player_threes,0.5,williamhill_us,2025-10-26T14:54:39Z,2025-10-26T14:56:06Z,170.0,-240.0
Jaylen Brown,Boston Celtics @ Detroit Pistons,2025-10-26T19:30:00Z,player_threes,1.5,williamhill_us,2025-10-26T14:54:39Z,2025-10-26T14:56:06Z,-170.0,120.0
Anfernee Simons,Boston Celtics @ Detroit Pistons,2025-10-26T19:30:00Z,player_threes,2.5,williamhill_us,2025-10-26T14:54:39Z,2025-10-26T14:56:06Z,130.0,-179.0
Sam Hauser,Boston Celtics @ Detroit Pistons,2025-10-26T19:30:00Z,player_threes,2.5,williamhill_us,2025-10-26T14:54:39Z,2025-10-26T14:56:06Z,-150.0,110.0
Tobias Harris,Boston Celtics @ Detroit Pistons,2025-10-26T19:30:00Z,player_threes,1.5,williamhill_us,2025-10-26T14:54:39Z,2025-10-26T14:56:06Z,125.0,-173.0
Cade Cunningham,Boston Celtics @ Detroit Pistons,2025-10-26T19:30:00Z,player_threes,2.5,williamhill_us,2025-10-26T14:54:39Z,2025-10-26T14:56:06Z,130.0,-182.0
Cade Cunningham,Boston Celtics @ Detroit Pistons,2025-10-26T19:30:00Z,player_triple_double,,williamhill_us,2025-10-26T14:54:39Z,2025-10-26T14:56:06Z,,
Sam Hauser,Boston Celtics @ Detroit Pistons,2025-10-26T19:30:00Z,player_assists,0.5,fanatics,2025-10-26T14:55:12Z,2025-10-26T14:55:33Z,-175.0,125.0
Jaylen Brown,Boston Celtics @ Detroit Pistons,2025-10-26T19:30:00Z,player_assists,4.5,fanatics,2025-10-26T14:55:12Z,2025-10-26T14:55:33Z,-140.0,105.0
Derrick White,Boston Celtics @ Detroit Pistons,2025-10-26T19:30:00Z,player_assists,5.5,fanatics,2025-10-26T14:55:12Z,2025-10-26T14:55:33Z,120.0,-165.0
Payton Pritchard,Boston Celtics @ Detroit Pistons,2025-10-26T19:30:00Z,player_assists,4.5,fanatics,2025-10-26T14:55:12Z,2025-10-26T14:55:33Z,100.0,-130.0
Jalen Duren,Boston Celtics @ Detroit Pistons,2025-10-26T19:30:00Z,player_assists,2.5,fanatics,2025-10-26T14:55:12Z,2025-10-26T14:55:33Z,-105.0,-125.0
Ausar Thompson,Boston Celtics @ Detroit Pistons,2025-10-26T19:30:00Z,player_assists,2.5,fanatics,2025-10-26T14:55:12Z,2025-10-26T14:55:33Z,-165.0,120.0
Cade Cunningham,Boston Celtics @ Detroit Pistons,2025-10-26T19:30:00Z,player_assists,9.5,fanatics,2025-10-26T14:55:12Z,2025-10-26T14:55:33Z,115.0,-150.0
Tobias Harris,Boston Celtics @ Detroit Pistons,2025-10-26T19:30:00Z,player_assists,2.5,fanatics,2025-10-26T14:55:12Z,2025-10-26T14:55:33Z,100.0,-130.0
Anfernee Simons,Boston Celtics @ Detroit Pistons,2025-10-26T19:30:00Z,player_assists,3.5,fanatics,2025-10-26T14:55:12Z,2025-10-26T14:55:33Z,-145.0,110.0
Duncan Robinson,Boston Celtics @ Detroit Pistons,2025-10-26T19:30:00Z,player_assists,1.5,fanatics,2025-10-26T14:55:12Z,2025-10-26T14:55:33Z,-130.0,100.0
Neemias Queta,Boston Celtics @ Detroit Pistons,2025-10-26T19:30:00Z,player_assists,1.5,fanatics,2025-10-26T14:55:12Z,2025-10-26T14:55:33Z,130.0,-190.0
Isaiah Stewart II,Boston Celtics @ Detroit Pistons,2025-10-26T19:30:00Z,player_assists,1.5,fanatics,2025-10-26T14:55:12Z,2025-10-26T14:55:33Z,125.0,-175.0
Jaylen Brown,Boston Celtics @ Detroit Pistons,2025-10-26T19:30:00Z,player_double_double,,fanatics,2025-10-26T14:55:12Z,2025-10-26T14:55:33Z,,
Derrick White,Boston Celtics @ Detroit Pistons,2025-10-26T19:30:00Z,player_double_double,,fanatics,2025-10-26T14:55:12Z,2025-10-26T14:55:33Z,,
Payton Pritchard,Boston Celtics @ Detroit Pistons,2025-10-26T19:30:00Z,player_double_double,,fanatics,2025-10-26T14:55:12Z,2025-10-26T14:55:33Z,,
Neemias Queta,Boston Celtics @ Detroit Pistons,2025-10-26T19:30:00Z,player_double_double,,fanatics,2025-10-26T14:55:12Z,2025-10-26T14:55:33Z,,
Cade Cunningham,Boston Celtics @ Detroit Pistons,2025-10-26T19:30:00Z,player_double_double,,fanatics,2025-10-26T14:55:12Z,2025-10-26T14:55:33Z,,
Tobias Harris,Boston Celtics @ Detroit Pistons,2025-10-26T19:30:00Z,player_double_double,,fanatics,2025-10-26T14:55:12Z,2025-10-26T14:55:33Z,,
Ausar Thompson,Boston Celtics @ Detroit Pistons,2025-10-26T19:30:00Z,player_double_double,,fanatics,2025-10-26T14:55:12Z,2025-10-26T14:55:33Z,,
Jalen Duren,Boston Celtics @ Detroit Pistons,2025-10-26T19:30:00Z,player_double_double,,fanatics,2025-10-26T14:55:12Z,2025-10-26T14:55:33Z,,
Isaiah Stewart II,Boston Celtics @ Detroit Pistons,2025-10-26T19:30:00Z,player_double_double,,fanatics,2025-10-26T14:55:12Z,2025-10-26T14:55:33Z,,
Neemias Queta,Boston Celtics @ Detroit Pistons,2025-10-26T19:30:00Z,player_points,8.5,fanatics,2025-10-26T14:55:12Z,2025-10-26T14:55:33Z,100.0,-130.0
Payton Pritchard,Boston Celtics @ Detroit Pistons,2025-10-26T19:30:00Z,player_points,16.5,fanatics,2025-10-26T14:55:12Z,2025-10-26T14:55:33Z,-105.0,-125.0
Derrick White,Boston Celtics @ Detroit Pistons,2025-10-26T19:30:00Z,player_points,20.5,fanatics,2025-10-26T14:55:12Z,2025-10-26T14:55:33Z,-125.0,-105.0
Sam Hauser,Boston Celtics @ Detroit Pistons,2025-10-26T19:30:00Z,player_points,10.5,fanatics,2025-10-26T14:55:12Z,2025-10-26T14:55:33Z,-110.0,-120.0
Jaylen Brown,Boston Celtics @ Detroit Pistons,2025-10-26T19:30:00Z,player_points,23.5,fanatics,2025-10-26T14:55:12Z,2025-10-26T14:55:33Z,-105.0,-125.0
Cade Cunningham,Boston Celtics @ Detroit Pistons,2025-10-26T19:30:00Z,player_points,26.5,fanatics,2025-10-26T14:55:12Z,2025-10-26T14:55:33Z,-125.0,-105.0
Duncan Robinson,Boston Celtics @ Detroit Pistons,2025-10-26T19:30:00Z,player_points,11.5,fanatics,2025-10-26T14:55:12Z,2025-10-26T14:55:33Z,-115.0,-115.0
Tobias Harris,Boston Celtics @ Detroit Pistons,2025-10-26T19:30:00Z,player_points,14.5,fanatics,2025-10-26T14:55:12Z,2025-10-26T14:55:33Z,-105.0,-125.0
Jalen Duren,Boston Celtics @ Detroit Pistons,2025-10-26T19:30:00Z,player_points,13.5,fanatics,2025-10-26T14:55:12Z,2025-10-26T14:55:33Z,100.0,-130.0
Ausar Thompson,Boston Celtics @ Detroit Pistons,2025-10-26T19:30:00Z,player_points,13.5,fanatics,2025-10-26T14:55:12Z,2025-10-26T14:55:33Z,-105.0,-125.0
Anfernee Simons,Boston Celtics @ Detroit Pistons,2025-10-26T19:30:00Z,player_points,14.5,fanatics,2025-10-26T14:55:12Z,2025-10-26T14:55:33Z,-120.0,-110.0
Isaiah Stewart II,Boston Celtics @ Detroit Pistons,2025-10-26T19:30:00Z,player_points,7.5,fanatics,2025-10-26T14:55:12Z,2025-10-26T14:55:33Z,100.0,-130.0
Ausar Thompson,Boston Celtics @ Detroit Pistons,2025-10-26T19:30:00Z,player_points_rebounds_assists,22.5,fanatics,2025-10-26T14:55:12Z,2025-10-26T14:55:33Z,-125.0,-105.0
Anfernee Simons,Boston Celtics @ Detroit Pistons,2025-10-26T19:30:00Z,player_points_rebounds_assists,21.5,fanatics,2025-10-26T14:55:12Z,2025-10-26T14:55:33Z,-115.0,-115.0
Payton Pritchard,Boston Celtics @ Detroit Pistons,2025-10-26T19:30:00Z,player_points_rebounds_assists,25.5,fanatics,2025-10-26T14:55:12Z,2025-10-26T14:55:33Z,-105.0,-125.0
Jalen Duren,Boston Celtics @ Detroit Pistons,2025-10-26T19:30:00Z,player_points_rebounds_assists,26.5,fanatics,2025-10-26T14:55:12Z,2025-10-26T14:55:33Z,-115.0,-115.0
Cade Cunningham,Boston Celtics @ Detroit Pistons,2025-10-26T19:30:00Z,player_points_rebounds_assists,42.5,fanatics,2025-10-26T14:55:12Z,2025-10-26T14:55:33Z,-110.0,-120.0
Jaylen Brown,Boston Celtics @ Detroit Pistons,2025-10-26T19:30:00Z,player_points_rebounds_assists,33.5,fanatics,2025-10-26T14:55:12Z,2025-10-26T14:55:33Z,-125.0,-105.0
Tobias Harris,Boston Celtics @ Detroit Pistons,2025-10-26T19:30:00Z,player_points_rebounds_assists,22.5,fanatics,2025-10-26T14:55:12Z,2025-10-26T14:55:33Z,-125.0,-105.0
Derrick White,Boston Celtics @ Detroit Pistons,2025-10-26T19:30:00Z,player_points_rebounds_assists,30.5,fanatics,2025-10-26T14:55:12Z,2025-10-26T14:55:33Z,-120.0,-110.0
Duncan Robinson,Boston Celtics @ Detroit Pistons,2025-10-26T19:30:00Z,player_points_rebounds_assists,16.5,fanatics,2025-10-26T14:55:12Z,2025-10-26T14:55:33Z,100.0,-130.0
Neemias Queta,Boston Celtics @ Detroit Pistons,2025-10-26T19:30:00Z,player_points_rebounds_assists,16.5,fanatics,2025-10-26T14:55:12Z,2025-10-26T14:55:33Z,-115.0,-115.0
Sam Hauser,Boston Celtics @ Detroit Pistons,2025-10-26T19:30:00Z,player_points_rebounds_assists,14.5,fanatics,2025-10-26T14:55:12Z,2025-10-26T14:55:33Z,-115.0,-115.0
Isaiah Stewart II,Boston Celtics @ Detroit Pistons,2025-10-26T19:30:00Z,player_points_rebounds_assists,14.5,fanatics,2025-10-26T14:55:12Z,2025-10-26T14:55:33Z,-110.0,-120.0
Sam Hauser,Boston Celtics @ Detroit Pistons,2025-10-26T19:30:00Z,player_rebounds,3.5,fanatics,2025-10-26T14:55:12Z,2025-10-26T14:55:33Z,110.0,-145.0
Payton Pritchard,Boston Celtics @ Detroit Pistons,2025-10-26T19:30:00Z,player_rebounds,4.5,fanatics,2025-10-26T14:55:12Z,2025-10-26T14:55:33Z,110.0,-145.0
Derrick White,Boston Celtics @ Detroit Pistons,2025-10-26T19:30:00Z,player_rebounds,4.5,fanatics,2025-10-26T14:55:12Z,2025-10-26T14:55:33Z,-115.0,-115.0
Jaylen Brown,Boston Celtics @ Detroit Pistons,2025-10-26T19:30:00Z,player_rebounds,5.5,fanatics,2025-10-26T14:55:12Z,2025-10-26T14:55:33Z,-115.0,-115.0
Neemias Queta,Boston Celtics @ Detroit Pistons,2025-10-26T19:30:00Z,player_rebounds,6.5,fanatics,2025-10-26T14:55:12Z,2025-10-26T14:55:33Z,-140.0,105.0
Ausar Thompson,Boston Celtics @ Detroit Pistons,2025-10-26T19:30:00Z,player_rebounds,6.5,fanatics,2025-10-26T14:55:12Z,2025-10-26T14:55:33Z,-115.0,-115.0
Jalen Duren,Boston Celtics @ Detroit Pistons,2025-10-26T19:30:00Z,player_rebounds,10.5,fanatics,2025-10-26T14:55:12Z,2025-10-26T14:55:33Z,-115.0,-115.0
Cade Cunningham,Boston Celtics @ Detroit Pistons,2025-10-26T19:30:00Z,player_rebounds,5.5,fanatics,2025-10-26T14:55:12Z,2025-10-26T14:55:33Z,-140.0,105.0
Tobias Harris,Boston Celtics @ Detroit Pistons,2025-10-26T19:30:00Z,player_rebounds,5.5,fanatics,2025-10-26T14:55:12Z,2025-10-26T14:55:33Z,-145.0,110.0
Duncan Robinson,Boston Celtics @ Detroit Pistons,2025-10-26T19:30:00Z,player_rebounds,2.5,fanatics,2025-10-26T14:55:12Z,2025-10-26T14:55:33Z,-110.0,-120.0
Anfernee Simons,Boston Celtics @ Detroit Pistons,2025-10-26T19:30:00Z,player_rebounds,2.5,fanatics,2025-10-26T14:55:12Z,2025-10-26T14:55:33Z,100.0,-130.0
Isaiah Stewart II,Boston Celtics @ Detroit Pistons,2025-10-26T19:30:00Z,player_rebounds,5.5,fanatics,2025-10-26T14:55:12Z,2025-10-26T14:55:33Z,-120.0,-110.0
Jaylen Brown,Boston Celtics @ Detroit Pistons,2025-10-26T19:30:00Z,player_threes,1.5,fanatics,2025-10-26T14:55:12Z,2025-10-26T14:55:33Z,-175.0,125.0
Payton Pritchard,Boston Celtics @ Detroit Pistons,2025-10-26T19:30:00Z,player_threes,3.5,fanatics,2025-10-26T14:55:12Z,2025-10-26T14:55:33Z,120.0,-165.0
Sam Hauser,Boston Celtics @ Detroit Pistons,2025-10-26T19:30:00Z,player_threes,2.5,fanatics,2025-10-26T14:55:12Z,2025-10-26T14:55:33Z,-140.0,105.0
Derrick White,Boston Celtics @ Detroit Pistons,2025-10-26T19:30:00Z,player_threes,3.5,fanatics,2025-10-26T14:55:12Z,2025-10-26T14:55:33Z,-145.0,110.0
Ausar Thompson,Boston Celtics @ Detroit Pistons,2025-10-26T19:30:00Z,player_threes,0.5,fanatics,2025-10-26T14:55:12Z,2025-10-26T14:55:33Z,160.0,-275.0
Duncan Robinson,Boston Celtics @ Detroit Pistons,2025-10-26T19:30:00Z,player_threes,2.5,fanatics,2025-10-26T14:55:12Z,2025-10-26T14:55:33Z,-145.0,110.0
Tobias Harris,Boston Celtics @ Detroit Pistons,2025-10-26T19:30:00Z,player_threes,1.5,fanatics,2025-10-26T14:55:12Z,2025-10-26T14:55:33Z,125.0,-175.0
Cade Cunningham,Boston Celtics @ Detroit Pistons,2025-10-26T19:30:00Z,player_threes,2.5,fanatics,2025-10-26T14:55:12Z,2025-10-26T14:55:33Z,125.0,-175.0
Anfernee Simons,Boston Celtics @ Detroit Pistons,2025-10-26T19:30:00Z,player_threes,2.5,fanatics,2025-10-26T14:55:12Z,2025-10-26T14:55:33Z,125.0,-175.0
Isaiah Stewart II,Boston Celtics @ Detroit Pistons,2025-10-26T19:30:00Z,player_threes,0.5,fanatics,2025-10-26T14:55:12Z,2025-10-26T14:55:33Z,115.0,-150.0
Cade Cunningham,Boston Celtics @ Detroit Pistons,2025-10-26T19:30:00Z,player_triple_double,,fanatics,2025-10-26T14:55:12Z,2025-10-26T14:55:33Z,,
Anfernee Simons,Boston Celtics @ Detroit Pistons,2025-10-26T19:30:00Z,player_assists,3.5,fanduel,2025-10-26T14:55:09Z,2025-10-26T14:53:15Z,-130.0,-102.0
Cade Cunningham,Boston Celtics @ Detroit Pistons,2025-10-26T19:30:00Z,player_assists,9.5,fanduel,2025-10-26T14:55:09Z,2025-10-26T14:53:15Z,116.0,-154.0
Payton Pritchard,Boston Celtics @ Detroit Pistons,2025-10-26T19:30:00Z,player_assists,4.5,fanduel,2025-10-26T14:55:09Z,2025-10-26T14:53:15Z,-102.0,-130.0
Derrick White,Boston Celtics @ Detroit Pistons,2025-10-26T19:30:00Z,player_assists,5.5,fanduel,2025-10-26T14:55:09Z,2025-10-26T14:53:15Z,126.0,-172.0
Jaylen Brown,Boston Celtics @ Detroit Pistons,2025-10-26T19:30:00Z,player_assists,4.5,fanduel,2025-10-26T14:55:09Z,2025-10-26T14:53:15Z,-140.0,106.0
Jalen Duren,Boston Celtics @ Detroit Pistons,2025-10-26T19:30:00Z,player_double_double,,fanduel,2025-10-26T14:55:09Z,2025-10-26T14:55:34Z,,
Cade Cunningham,Boston Celtics @ Detroit Pistons,2025-10-26T19:30:00Z,player_double_double,,fanduel,2025-10-26T14:55:09Z,2025-10-26T14:55:34Z,,
Ausar Thompson,Boston Celtics @ Detroit Pistons,2025-10-26T19:30:00Z,player_double_double,,fanduel,2025-10-26T14:55:09Z,2025-10-26T14:55:34Z,,
Jaylen Brown,Boston Celtics @ Detroit Pistons,2025-10-26T19:30:00Z,player_double_double,,fanduel,2025-10-26T14:55:09Z,2025-10-26T14:55:34Z,,
Neemias Queta,Boston Celtics @ Detroit Pistons,2025-10-26T19:30:00Z,player_double_double,,fanduel,2025-10-26T14:55:09Z,2025-10-26T14:55:34Z,,
Tobias Harris,Boston Celtics @ Detroit Pistons,2025-10-26T19:30:00Z,player_double_double,,fanduel,2025-10-26T14:55:09Z,2025-10-26T14:55:34Z,,
Derrick White,Boston Celtics @ Detroit Pistons,2025-10-26T19:30:00Z,player_double_double,,fanduel,2025-10-26T14:55:09Z,2025-10-26T14:55:34Z,,
Payton Pritchard,Boston Celtics @ Detroit Pistons,2025-10-26T19:30:00Z,player_double_double,,fanduel,2025-10-26T14:55:09Z,2025-10-26T14:55:34Z,,
Duncan Robinson,Boston Celtics @ Detroit Pistons,2025-10-26T19:30:00Z,player_points,11.5,fanduel,2025-10-26T14:55:09Z,2025-10-26T14:55:34Z,-122.0,-108.0
Anfernee Simons,Boston Celtics @ Detroit Pistons,2025-10-26T19:30:00Z,player_points,14.5,fanduel,2025-10-26T14:55:09Z,2025-10-26T14:55:34Z,-122.0,-108.0
Derrick White,Boston Celtics @ Detroit Pistons,2025-10-26T19:30:00Z,player_points,20.5,fanduel,2025-10-26T14:55:09Z,2025-10-26T14:55:34Z,-114.0,-114.0
Sam Hauser,Boston Celtics @ Detroit Pistons,2025-10-26T19:30:00Z,player_points,10.5,fanduel,2025-10-26T14:55:09Z,2025-10-26T14:55:34Z,100.0,-132.0
Payton Pritchard,Boston Celtics @ Detroit Pistons,2025-10-26T19:30:00Z,player_points,16.5,fanduel,2025-10-26T14:55:09Z,2025-10-26T14:55:34Z,-104.0,-128.0
Tobias Harris,Boston Celtics @ Detroit Pistons,2025-10-26T19:30:00Z,player_points,14.5,fanduel,2025-10-26T14:55:09Z,2025-10-26T14:55:34Z,100.0,-132.0
Jaylen Brown,Boston Celtics @ Detroit Pistons,2025-10-26T19:30:00Z,player_points,23.5,fanduel,2025-10-26T14:55:09Z,2025-10-26T14:55:34Z,-104.0,-128.0
Jalen Duren,Boston Celtics @ Detroit Pistons,2025-10-26T19:30:00Z,player_points,13.5,fanduel,2025-10-26T14:55:09Z,2025-10-26T14:55:34Z,-108.0,-122.0
Cade Cunningham,Boston Celtics @ Detroit Pistons,2025-10-26T19:30:00Z,player_points,27.5,fanduel,2025-10-26T14:55:09Z,2025-10-26T14:55:34Z,-104.0,-128.0
Neemias Queta,Boston Celtics @ Detroit Pistons,2025-10-26T19:30:00Z,player_points,8.5,fanduel,2025-10-26T14:55:09Z,2025-10-26T14:55:34Z,-102.0,-130.0
Ausar Thompson,Boston Celtics @ Detroit Pistons,2025-10-26T19:30:00Z,player_points,12.5,fanduel,2025-10-26T14:55:09Z,2025-10-26T14:55:34Z,-128.0,-104.0
Jaylen Brown,Boston Celtics @ Detroit Pistons,2025-10-26T19:30:00Z,player_points_rebounds_assists,33.5,fanduel,2025-10-26T14:55:09Z,2025-10-26T14:55:34Z,-122.0,-108.0
Anfernee Simons,Boston Celtics @ Detroit Pistons,2025-10-26T19:30:00Z,player_points_rebounds_assists,21.5,fanduel,2025-10-26T14:55:09Z,2025-10-26T14:55:34Z,-108.0,-122.0
Payton Pritchard,Boston Celtics @ Detroit Pistons,2025-10-26T19:30:00Z,player_points_rebounds_assists,25.5,fanduel,2025-10-26T14:55:09Z,2025-10-26T14:55:34Z,-104.0,-128.0
Ausar Thompson,Boston Celtics @ Detroit Pistons,2025-10-26T19:30:00Z,player_points_rebounds_assists,22.5,fanduel,2025-10-26T14:55:09Z,2025-10-26T14:55:34Z,-114.0,-114.0
Derrick White,Boston Celtics @ Detroit Pistons,2025-10-26T19:30:00Z,player_points_rebounds_assists,30.5,fanduel,2025-10-26T14:55:09Z,2025-10-26T14:55:34Z,-114.0,-114.0
Cade Cunningham,Boston Celtics @ Detroit Pistons,2025-10-26T19:30:00Z,player_points_rebounds_assists,42.5,fanduel,2025-10-26T14:55:09Z,2025-10-26T14:55:34Z,-112.0,-118.0
Jalen Duren,Boston Celtics @ Detroit Pistons,2025-10-26T19:30:00Z,player_points_rebounds_assists,26.5,fanduel,2025-10-26T14:55:09Z,2025-10-26T14:55:34Z,-110.0,-120.0
Tobias Harris,Boston Celtics @ Detroit Pistons,2025-10-26T19:30:00Z,player_points_rebounds_assists,22.5,fanduel,2025-10-26T14:55:09Z,2025-10-26T14:55:34Z,-122.0,-108.0
Neemias Queta,Boston Celtics @ Detroit Pistons,2025-10-26T19:30:00Z,player_rebounds,6.5,fanduel,2025-10-26T14:55:09Z,2025-10-26T14:55:34Z,-136.0,102.0
Tobias Harris,Boston Celtics @ Detroit Pistons,2025-10-26T19:30:00Z,player_rebounds,5.5,fanduel,2025-10-26T14:55:09Z,2025-10-26T14:55:34Z,-158.0,118.0
Sam Hauser,Boston Celtics @ Detroit Pistons,2025-10-26T19:30:00Z,player_rebounds,3.5,fanduel,2025-10-26T14:55:09Z,2025-10-26T14:55:34Z,104.0,-138.0
Derrick White,Boston Celtics @ Detroit Pistons,2025-10-26T19:30:00Z,player_rebounds,4.5,fanduel,2025-10-26T14:55:09Z,2025-10-26T14:55:34Z,-110.0,-120.0
Anfernee Simons,Boston Celtics @ Detroit Pistons,2025-10-26T19:30:00Z,player_rebounds,2.5,fanduel,2025-10-26T14:55:09Z,2025-10-26T14:55:34Z,-102.0,-130.0
Ausar Thompson,Boston Celtics @ Detroit Pistons,2025-10-26T19:30:00Z,player_rebounds,6.5,fanduel,2025-10-26T14:55:09Z,2025-10-26T14:55:34Z,-106.0,-125.0
Payton Pritchard,Boston Celtics @ Detroit Pistons,2025-10-26T19:30:00Z,player_rebounds,4.5,fanduel,2025-10-26T14:55:09Z,2025-10-26T14:55:34Z,108.0,-144.0
Jaylen Brown,Boston Celtics @ Detroit Pistons,2025-10-26T19:30:00Z,player_rebounds,5.5,fanduel,2025-10-26T14:55:09Z,2025-10-26T14:55:34Z,-125.0,-106.0
Cade Cunningham,Boston Celtics @ Detroit Pistons,2025-10-26T19:30:00Z,player_rebounds,5.5,fanduel,2025-10-26T14:55:09Z,2025-10-26T14:55:34Z,-148.0,112.0
Jalen Duren,Boston Celtics @ Detroit Pistons,2025-10-26T19:30:00Z,player_rebounds,10.5,fanduel,2025-10-26T14:55:09Z,2025-10-26T14:55:34Z,-106.0,-125.0
Sam Hauser,Boston Celtics @ Detroit Pistons,2025-10-26T19:30:00Z,player_threes,2.5,fanduel,2025-10-26T14:55:09Z,2025-10-26T14:55:34Z,-138.0,104.0
Tobias Harris,Boston Celtics @ Detroit Pistons,2025-10-26T19:30:00Z,player_threes,1.5,fanduel,2025-10-26T14:55:09Z,2025-10-26T14:55:34Z,138.0,-186.0
Cade Cunningham,Boston Celtics @ Detroit Pistons,2025-10-26T19:30:00Z,player_threes,2.5,fanduel,2025-10-26T14:55:09Z,2025-10-26T14:55:34Z,138.0,-186.0
Duncan Robinson,Boston Celtics @ Detroit Pistons,2025-10-26T19:30:00Z,player_threes,2.5,fanduel,2025-10-26T14:55:09Z,2025-10-26T14:55:34Z,-148.0,112.0
Jaylen Brown,Boston Celtics @ Detroit Pistons,2025-10-26T19:30:00Z,player_threes,1.5,fanduel,2025-10-26T14:55:09Z,2025-10-26T14:55:34Z,-154.0,116.0
Payton Pritchard,Boston Celtics @ Detroit Pistons,2025-10-26T19:30:00Z,player_threes,3.5,fanduel,2025-10-26T14:55:09Z,2025-10-26T14:55:34Z,130.0,-174.0
Derrick White,Boston Celtics @ Detroit Pistons,2025-10-26T19:30:00Z,player_threes,3.5,fanduel,2025-10-26T14:55:09Z,2025-10-26T14:55:34Z,-128.0,-104.0
Cade Cunningham,Boston Celtics @ Detroit Pistons,2025-10-26T19:30:00Z,player_triple_double,,fanduel,2025-10-26T14:55:09Z,2025-10-26T14:55:34Z,,
Jaylen Brown,Boston Celtics @ Detroit Pistons,2025-10-26T19:30:00Z,player_triple_double,,fanduel,2025-10-26T14:55:09Z,2025-10-26T14:55:34Z,,
Payton Pritchard,Boston Celtics @ Detroit Pistons,2025-10-26T19:30:00Z,player_assists,4.5,betrivers,2025-10-26T14:55:09Z,2025-10-26T14:56:03Z,-104.0,-129.0
Jalen Duren,Boston Celtics @ Detroit Pistons,2025-10-26T19:30:00Z,player_assists,2.5,betrivers,2025-10-26T14:55:09Z,2025-10-26T14:56:03Z,104.0,-137.0
Derrick White,Boston Celtics @ Detroit Pistons,2025-10-26T19:30:00Z,player_assists,5.5,betrivers,2025-10-26T14:55:09Z,2025-10-26T14:56:03Z,115.0,-152.0
Ausar Thompson,Boston Celtics @ Detroit Pistons,2025-10-26T19:30:00Z,player_assists,2.5,betrivers,2025-10-26T14:55:09Z,2025-10-26T14:56:03Z,-167.0,125.0
Anfernee Simons,Boston Celtics @ Detroit Pistons,2025-10-26T19:30:00Z,player_assists,3.5,betrivers,2025-10-26T14:55:09Z,2025-10-26T14:56:03Z,-130.0,-103.0
Jaylen Brown,Boston Celtics @ Detroit Pistons,2025-10-26T19:30:00Z,player_assists,4.5,betrivers,2025-10-26T14:55:09Z,2025-10-26T14:56:03Z,-112.0,-120.0
Cade Cunningham,Boston Celtics @ Detroit Pistons,2025-10-26T19:30:00Z,player_assists,8.5,betrivers,2025-10-26T14:55:09Z,2025-10-26T14:56:03Z,-141.0,107.0
Sam Hauser,Boston Celtics @ Detroit Pistons,2025-10-26T19:30:00Z,player_points,10.5,betrivers,2025-10-26T14:55:09Z,2025-10-26T14:56:03Z,112.0,-155.0
Tobias Harris,Boston Celtics @ Detroit Pistons,2025-10-26T19:30:00Z,player_points,13.5,betrivers,2025-10-26T14:55:09Z,2025-10-26T14:56:03Z,102.0,-136.0
Cade Cunningham,Boston Celtics @ Detroit Pistons,2025-10-26T19:30:00Z,player_points,24.5,betrivers,2025-10-26T14:55:09Z,2025-10-26T14:56:03Z,120.0,-167.0
Ausar Thompson,Boston Celtics @ Detroit Pistons,2025-10-26T19:30:00Z,player_points,14.5,betrivers,2025-10-26T14:55:09Z,2025-10-26T14:56:03Z,-108.0,-122.0
Duncan Robinson,Boston Celtics @ Detroit Pistons,2025-10-26T19:30:00Z,player_points,11.5,betrivers,2025-10-26T14:55:09Z,2025-10-26T14:56:03Z,117.0,-162.0
Payton Pritchard,Boston Celtics @ Detroit Pistons,2025-10-26T19:30:00Z,player_points,16.5,betrivers,2025-10-26T14:55:09Z,2025-10-26T14:56:03Z,-127.0,-106.0
Neemias Queta,Boston Celtics @ Detroit Pistons,2025-10-26T19:30:00Z,player_points,8.5,betrivers,2025-10-26T14:55:09Z,2025-10-26T14:56:03Z,-143.0,107.0
Jaylen Brown,Boston Celtics @ Detroit Pistons,2025-10-26T19:30:00Z,player_points,21.5,betrivers,2025-10-26T14:55:09Z,2025-10-26T14:56:03Z,-103.0,-130.0
Derrick White,Boston Celtics @ Detroit Pistons,2025-10-26T19:30:00Z,player_points,19.5,betrivers,2025-10-26T14:55:09Z,2025-10-26T14:56:03Z,-106.0,-125.0
Jalen Duren,Boston Celtics @ Detroit Pistons,2025-10-26T19:30:00Z,player_points,12.5,betrivers,2025-10-26T14:55:09Z,2025-10-26T14:56:03Z,-103.0,-130.0
Anfernee Simons,Boston Celtics @ Detroit Pistons,2025-10-26T19:30:00Z,player_points,13.5,betrivers,2025-10-26T14:55:09Z,2025-10-26T14:56:03Z,115.0,-157.0
Cade Cunningham,Boston Celtics @ Detroit Pistons,2025-10-26T19:30:00Z,player_points_rebounds_assists,43.5,betrivers,2025-10-26T14:55:09Z,2025-10-26T14:56:03Z,114.0,-157.0
Derrick White,Boston Celtics @ Detroit Pistons,2025-10-26T19:30:00Z,player_points_rebounds_assists,32.5,betrivers,2025-10-26T14:55:09Z,2025-10-26T14:56:03Z,120.0,-167.0
Jaylen Brown,Boston Celtics @ Detroit Pistons,2025-10-26T19:30:00Z,player_points_rebounds_assists,32.5,betrivers,2025-10-26T14:55:09Z,2025-10-26T14:56:03Z,-143.0,107.0
Jalen Duren,Boston Celtics @ Detroit Pistons,2025-10-26T19:30:00Z,player_points_rebounds_assists,24.5,betrivers,2025-10-26T14:55:09Z,2025-10-26T14:56:03Z,-112.0,-120.0
Ausar Thompson,Boston Celtics @ Detroit Pistons,2025-10-26T19:30:00Z,player_points_rebounds_assists,24.5,betrivers,2025-10-26T14:55:09Z,2025-10-26T14:56:03Z,-159.0,115.0
Payton Pritchard,Boston Celtics @ Detroit Pistons,2025-10-26T19:30:00Z,player_points_rebounds_assists,26.5,betrivers,2025-10-26T14:55:09Z,2025-10-26T14:56:03Z,-112.0,-120.0
Derrick White,Boston Celtics @ Detroit Pistons,2025-10-26T19:30:00Z,player_rebounds,4.5,betrivers,2025-10-26T14:55:09Z,2025-10-26T14:56:03Z,-109.0,-122.0
Jaylen Brown,Boston Celtics @ Detroit Pistons,2025-10-26T19:30:00Z,player_rebounds,5.5,betrivers,2025-10-26T14:55:09Z,2025-10-26T14:56:03Z,-122.0,-109.0
Payton Pritchard,Boston Celtics @ Detroit Pistons,2025-10-26T19:30:00Z,player_rebounds,4.5,betrivers,2025-10-26T14:55:09Z,2025-10-26T14:56:03Z,107.0,-141.0
Ausar Thompson,Boston Celtics @ Detroit Pistons,2025-10-26T19:30:00Z,player_rebounds,6.5,betrivers,2025-10-26T14:55:09Z,2025-10-26T14:56:03Z,-109.0,-122.0
Tobias Harris,Boston Celtics @ Detroit Pistons,2025-10-26T19:30:00Z,player_rebounds,5.5,betrivers,2025-10-26T14:55:09Z,2025-10-26T14:56:03Z,-141.0,106.0
Cade Cunningham,Boston Celtics @ Detroit Pistons,2025-10-26T19:30:00Z,player_rebounds,5.5,betrivers,2025-10-26T14:55:09Z,2025-10-26T14:56:03Z,-141.0,106.0
Jalen Duren,Boston Celtics @ Detroit Pistons,2025-10-26T19:30:00Z,player_rebounds,10.5,betrivers,2025-10-26T14:55:09Z,2025-10-26T14:56:03Z,-104.0,-129.0
Neemias Queta,Boston Celtics @ Detroit Pistons,2025-10-26T19:30:00Z,player_rebounds,6.5,betrivers,2025-10-26T14:55:09Z,2025-10-26T14:56:03Z,-136.0,102.0
Cade Cunningham,Boston Celtics @ Detroit Pistons,2025-10-26T19:30:00Z,player_threes,2.5,betrivers,2025-10-26T14:55:09Z,2025-10-26T14:56:03Z,132.0,-180.0
Payton Pritchard,Boston Celtics @ Detroit Pistons,2025-10-26T19:30:00Z,player_threes,3.5,betrivers,2025-10-26T14:55:09Z,2025-10-26T14:56:03Z,123.0,-165.0
Duncan Robinson,Boston Celtics @ Detroit Pistons,2025-10-26T19:30:00Z,player_threes,2.5,betrivers,2025-10-26T14:55:09Z,2025-10-26T14:56:03Z,-130.0,-103.0
Derrick White,Boston Celtics @ Detroit Pistons,2025-10-26T19:30:00Z,player_threes,3.5,betrivers,2025-10-26T14:55:09Z,2025-10-26T14:56:03Z,-148.0,112.0
Sam Hauser,Boston Celtics @ Detroit Pistons,2025-10-26T19:30:00Z,player_threes,2.5,betrivers,2025-10-26T14:55:09Z,2025-10-26T14:56:03Z,-136.0,102.0
Jaylen Brown,Boston Celtics @ Detroit Pistons,2025-10-26T19:30:00Z,player_threes,1.5,betrivers,2025-10-26T14:55:09Z,2025-10-26T14:56:03Z,-155.0,116.0
Tobias Harris,Boston Celtics @ Detroit Pistons,2025-10-26T19:30:00Z,player_threes,1.5,betrivers,2025-10-26T14:55:09Z,2025-10-26T14:56:03Z,133.0,-180.0
Jaylen Brown,Boston Celtics @ Detroit Pistons,2025-10-26T19:30:00Z,player_assists,4.5,betmgm,2025-10-26T14:55:22Z,2025-10-26T14:55:56Z,-130.0,-105.0
Ausar Thompson,Boston Celtics @ Detroit Pistons,2025-10-26T19:30:00Z,player_assists,3.5,betmgm,2025-10-26T14:55:22Z,2025-10-26T14:55:56Z,135.0,-175.0
Jalen Duren,Boston Celtics @ Detroit Pistons,2025-10-26T19:30:00Z,player_assists,2.5,betmgm,2025-10-26T14:55:22Z,2025-10-26T14:55:56Z,105.0,-140.0
Duncan Robinson,Boston Celtics @ Detroit Pistons,2025-10-26T19:30:00Z,player_assists,1.5,betmgm,2025-10-26T14:55:22Z,2025-10-26T14:55:56Z,-125.0,-105.0
Neemias Queta,Boston Celtics @ Detroit Pistons,2025-10-26T19:30:00Z,player_assists,1.5,betmgm,2025-10-26T14:55:22Z,2025-10-26T14:55:56Z,135.0,-185.0
Cade Cunningham,Boston Celtics @ Detroit Pistons,2025-10-26T19:30:00Z,player_assists,8.5,betmgm,2025-10-26T14:55:22Z,2025-10-26T14:55:56Z,-120.0,-110.0
Tobias Harris,Boston Celtics @ Detroit Pistons,2025-10-26T19:30:00Z,player_assists,2.5,betmgm,2025-10-26T14:55:22Z,2025-10-26T14:55:56Z,115.0,-155.0
Sam Hauser,Boston Celtics @ Detroit Pistons,2025-10-26T19:30:00Z,player_assists,0.5,betmgm,2025-10-26T14:55:22Z,2025-10-26T14:55:56Z,-175.0,130.0
Payton Pritchard,Boston Celtics @ Detroit Pistons,2025-10-26T19:30:00Z,player_assists,4.5,betmgm,2025-10-26T14:55:22Z,2025-10-26T14:55:56Z,-118.0,-110.0
Anfernee Simons,Boston Celtics @ Detroit Pistons,2025-10-26T19:30:00Z,player_assists,4.5,betmgm,2025-10-26T14:55:22Z,2025-10-26T14:55:56Z,125.0,-165.0
Ron Holland,Boston Celtics @ Detroit Pistons,2025-10-26T19:30:00Z,player_assists,1.5,betmgm,2025-10-26T14:55:22Z,2025-10-26T14:55:56Z,-140.0,105.0
Derrick White,Boston Celtics @ Detroit Pistons,2025-10-26T19:30:00Z,player_assists,5.5,betmgm,2025-10-26T14:55:22Z,2025-10-26T14:55:56Z,120.0,-160.0
Isaiah Stewart II,Boston Celtics @ Detroit Pistons,2025-10-26T19:30:00Z,player_assists,1.5,betmgm,2025-10-26T14:55:22Z,2025-10-26T14:55:56Z,125.0,-165.0
Jaylen Brown,Boston Celtics @ Detroit Pistons,2025-10-26T19:30:00Z,player_blocks,0.5,betmgm,2025-10-26T14:55:22Z,2025-10-26T14:55:56Z,195.0,-285.0
Ausar Thompson,Boston Celtics @ Detroit Pistons,2025-10-26T19:30:00Z,player_blocks,0.5,betmgm,2025-10-26T14:55:22Z,2025-10-26T14:55:56Z,-160.0,115.0
Jalen Duren,Boston Celtics @ Detroit Pistons,2025-10-26T19:30:00Z,player_blocks,1.5,betmgm,2025-10-26T14:55:22Z,2025-10-26T14:55:56Z,145.0,-200.0
Duncan Robinson,Boston Celtics @ Detroit Pistons,2025-10-26T19:30:00Z,player_blocks,0.5,betmgm,2025-10-26T14:55:22Z,2025-10-26T14:55:56Z,320.0,-525.0
Neemias Queta,Boston Celtics @ Detroit Pistons,2025-10-26T19:30:00Z,player_blocks,1.5,betmgm,2025-10-26T14:55:22Z,2025-10-26T14:55:56Z,105.0,-145.0
Cade Cunningham,Boston Celtics @ Detroit Pistons,2025-10-26T19:30:00Z,player_blocks,0.5,betmgm,2025-10-26T14:55:22Z,2025-10-26T14:55:56Z,115.0,-160.0
Derrick White,Boston Celtics @ Detroit Pistons,2025-10-26T19:30:00Z,player_blocks,0.5,betmgm,2025-10-26T14:55:22Z,2025-10-26T14:55:56Z,-225.0,160.0
Tobias Harris,Boston Celtics @ Detroit Pistons,2025-10-26T19:30:00Z,player_blocks,0.5,betmgm,2025-10-26T14:55:22Z,2025-10-26T14:55:56Z,120.0,-165.0
Sam Hauser,Boston Celtics @ Detroit Pistons,2025-10-26T19:30:00Z,player_blocks,0.5,betmgm,2025-10-26T14:55:22Z,2025-10-26T14:55:56Z,200.0,-295.0
Payton Pritchard,Boston Celtics @ Detroit Pistons,2025-10-26T19:30:00Z,player_blocks,0.5,betmgm,2025-10-26T14:55:22Z,2025-10-26T14:55:56Z,290.0,-450.0
Jaylen Brown,Boston Celtics @ Detroit Pistons,2025-10-26T19:30:00Z,player_double_double,,betmgm,2025-10-26T14:55:22Z,2025-10-26T14:55:56Z,,
Ausar Thompson,Boston Celtics @ Detroit Pistons,2025-10-26T19:30:00Z,player_double_double,,betmgm,2025-10-26T14:55:22Z,2025-10-26T14:55:56Z,,
Jalen Duren,Boston Celtics @ Detroit Pistons,2025-10-26T19:30:00Z,player_double_double,,betmgm,2025-10-26T14:55:22Z,2025-10-26T14:55:56Z,,
Neemias Queta,Boston Celtics @ Detroit Pistons,2025-10-26T19:30:00Z,player_double_double,,betmgm,2025-10-26T14:55:22Z,2025-10-26T14:55:56Z,,
Cade Cunningham,Boston Celtics @ Detroit Pistons,2025-10-26T19:30:00Z,player_double_double,,betmgm,2025-10-26T14:55:22Z,2025-10-26T14:55:56Z,,
Derrick White,Boston Celtics @ Detroit Pistons,2025-10-26T19:30:00Z,player_double_double,,betmgm,2025-10-26T14:55:22Z,2025-10-26T14:55:56Z,,
Tobias Harris,Boston Celtics @ Detroit Pistons,2025-10-26T19:30:00Z,player_double_double,,betmgm,2025-10-26T14:55:22Z,2025-10-26T14:55:56Z,,
Payton Pritchard,Boston Celtics @ Detroit Pistons,2025-10-26T19:30:00Z,player_double_double,,betmgm,2025-10-26T14:55:22Z,2025-10-26T14:55:56Z,,
Jaylen Brown,Boston Celtics @ Detroit Pistons,2025-10-26T19:30:00Z,player_points,23.5,betmgm,2025-10-26T14:55:22Z,2025-10-26T14:55:56Z,100.0,-135.0
Ausar Thompson,Boston Celtics @ Detroit Pistons,2025-10-26T19:30:00Z,player_points,13.5,betmgm,2025-10-26T14:55:22Z,2025-10-26T14:55:56Z,-105.0,-130.0
Neemias Queta,Boston Celtics @ Detroit Pistons,2025-10-26T19:30:00Z,player_points,8.5,betmgm,2025-10-26T14:55:22Z,2025-10-26T14:55:56Z,100.0,-130.0
Cade Cunningham,Boston Celtics @ Detroit Pistons,2025-10-26T19:30:00Z,player_points,27.5,betmgm,2025-10-26T14:55:22Z,2025-10-26T14:55:56Z,-110.0,-120.0
Tobias Harris,Boston Celtics @ Detroit Pistons,2025-10-26T19:30:00Z,player_points,14.5,betmgm,2025-10-26T14:55:22Z,2025-10-26T14:55:56Z,-105.0,-125.0
Sam Hauser,Boston Celtics @ Detroit Pistons,2025-10-26T19:30:00Z,player_points,10.5,betmgm,2025-10-26T14:55:22Z,2025-10-26T14:55:56Z,-115.0,-115.0
Anfernee Simons,Boston Celtics @ Detroit Pistons,2025-10-26T19:30:00Z,player_points,14.5,betmgm,2025-10-26T14:55:22Z,2025-10-26T14:55:56Z,-120.0,-110.0
Payton Pritchard,Boston Celtics @ Detroit Pistons,2025-10-26T19:30:00Z,player_points,16.5,betmgm,2025-10-26T14:55:22Z,2025-10-26T14:55:56Z,-120.0,-110.0
Derrick White,Boston Celtics @ Detroit Pistons,2025-10-26T19:30:00Z,player_points,21.5,betmgm,2025-10-26T14:55:22Z,2025-10-26T14:55:56Z,-110.0,-120.0
Duncan Robinson,Boston Celtics @ Detroit Pistons,2025-10-26T19:30:00Z,player_points,11.5,betmgm,2025-10-26T14:55:22Z,2025-10-26T14:55:56Z,-105.0,-130.0
Jalen Duren,Boston Celtics @ Detroit Pistons,2025-10-26T19:30:00Z,player_points,13.5,betmgm,2025-10-26T14:55:22Z,2025-10-26T14:55:56Z,-105.0,-125.0
Isaiah Stewart II,Boston Celtics @ Detroit Pistons,2025-10-26T19:30:00Z,player_points,7.5,betmgm,2025-10-26T14:55:22Z,2025-10-26T14:55:56Z,100.0,-135.0
Ron Holland,Boston Celtics @ Detroit Pistons,2025-10-26T19:30:00Z,player_points,11.5,betmgm,2025-10-26T14:55:22Z,2025-10-26T14:55:56Z,100.0,-130.0
Jaylen Brown,Boston Celtics @ Detroit Pistons,2025-10-26T19:30:00Z,player_points_rebounds_assists,33.5,betmgm,2025-10-26T14:55:22Z,2025-10-26T14:55:56Z,-110.0,-120.0
Ausar Thompson,Boston Celtics @ Detroit Pistons,2025-10-26T19:30:00Z,player_points_rebounds_assists,23.5,betmgm,2025-10-26T14:55:22Z,2025-10-26T14:55:56Z,-105.0,-125.0
Duncan Robinson,Boston Celtics @ Detroit Pistons,2025-10-26T19:30:00Z,player_points_rebounds_assists,15.5,betmgm,2025-10-26T14:55:22Z,2025-10-26T14:55:56Z,-120.0,-110.0
Neemias Queta,Boston Celtics @ Detroit Pistons,2025-10-26T19:30:00Z,player_points_rebounds_assists,17.5,betmgm,2025-10-26T14:55:22Z,2025-10-26T14:55:56Z,-110.0,-120.0
Cade Cunningham,Boston Celtics @ Detroit Pistons,2025-10-26T19:30:00Z,player_points_rebounds_assists,42.5,betmgm,2025-10-26T14:55:22Z,2025-10-26T14:55:56Z,-118.0,-115.0
Tobias Harris,Boston Celtics @ Detroit Pistons,2025-10-26T19:30:00Z,player_points_rebounds_assists,22.5,betmgm,2025-10-26T14:55:22Z,2025-10-26T14:55:56Z,-118.0,-115.0
Sam Hauser,Boston Celtics @ Detroit Pistons,2025-10-26T19:30:00Z,player_points_rebounds_assists,14.5,betmgm,2025-10-26T14:55:22Z,2025-10-26T14:55:56Z,-120.0,-110.0
Payton Pritchard,Boston Celtics @ Detroit Pistons,2025-10-26T19:30:00Z,player_points_rebounds_assists,25.5,betmgm,2025-10-26T14:55:22Z,2025-10-26T14:55:56Z,-120.0,-110.0
Anfernee Simons,Boston Celtics @ Detroit Pistons,2025-10-26T19:30:00Z,player_points_rebounds_assists,21.5,betmgm,2025-10-26T14:55:22Z,2025-10-26T14:55:56Z,-105.0,-125.0
Jalen Duren,Boston Celtics @ Detroit Pistons,2025-10-26T19:30:00Z,player_points_rebounds_assists,26.5,betmgm,2025-10-26T14:55:22Z,2025-10-26T14:55:56Z,-110.0,-120.0
Ron Holland,Boston Celtics @ Detroit Pistons,2025-10-26T19:30:00Z,player_points_rebounds_assists,17.5,betmgm,2025-10-26T14:55:22Z,2025-10-26T14:55:56Z,-115.0,-115.0
Isaiah Stewart II,Boston Celtics @ Detroit Pistons,2025-10-26T19:30:00Z,player_points_rebounds_assists,14.5,betmgm,2025-10-26T14:55:22Z,2025-10-26T14:55:56Z,-105.0,-125.0
Derrick White,Boston Celtics @ Detroit Pistons,2025-10-26T19:30:00Z,player_points_rebounds_assists,30.5,betmgm,2025-10-26T14:55:22Z,2025-10-26T14:55:56Z,-120.0,-110.0
Jaylen Brown,Boston Celtics @ Detroit Pistons,2025-10-26T19:30:00Z,player_rebounds,5.5,betmgm,2025-10-26T14:55:22Z,2025-10-26T14:55:56Z,-120.0,-110.0
Ausar Thompson,Boston Celtics @ Detroit Pistons,2025-10-26T19:30:00Z,player_rebounds,6.5,betmgm,2025-10-26T14:55:22Z,2025-10-26T14:55:56Z,-110.0,-118.0
Jalen Duren,Boston Celtics @ Detroit Pistons,2025-10-26T19:30:00Z,player_rebounds,10.5,betmgm,2025-10-26T14:55:22Z,2025-10-26T14:55:56Z,-110.0,-120.0
Duncan Robinson,Boston Celtics @ Detroit Pistons,2025-10-26T19:30:00Z,player_rebounds,2.5,betmgm,2025-10-26T14:55:22Z,2025-10-26T14:55:56Z,-105.0,-125.0
Neemias Queta,Boston Celtics @ Detroit Pistons,2025-10-26T19:30:00Z,player_rebounds,6.5,betmgm,2025-10-26T14:55:22Z,2025-10-26T14:55:56Z,-140.0,105.0
Cade Cunningham,Boston Celtics @ Detroit Pistons,2025-10-26T19:30:00Z,player_rebounds,5.5,betmgm,2025-10-26T14:55:22Z,2025-10-26T14:55:56Z,-125.0,-105.0
Derrick White,Boston Celtics @ Detroit Pistons,2025-10-26T19:30:00Z,player_rebounds,4.5,betmgm,2025-10-26T14:55:22Z,2025-10-26T14:55:56Z,-105.0,-130.0
Tobias Harris,Boston Celtics @ Detroit Pistons,2025-10-26T19:30:00Z,player_rebounds,5.5,betmgm,2025-10-26T14:55:22Z,2025-10-26T14:55:56Z,-150.0,110.0
Sam Hauser,Boston Celtics @ Detroit Pistons,2025-10-26T19:30:00Z,player_rebounds,3.5,betmgm,2025-10-26T14:55:22Z,2025-10-26T14:55:56Z,125.0,-165.0
Anfernee Simons,Boston Celtics @ Detroit Pistons,2025-10-26T19:30:00Z,player_rebounds,2.5,betmgm,2025-10-26T14:55:22Z,2025-10-26T14:55:56Z,110.0,-150.0
Payton Pritchard,Boston Celtics @ Detroit Pistons,2025-10-26T19:30:00Z,player_rebounds,4.5,betmgm,2025-10-26T14:55:22Z,2025-10-26T14:55:56Z,115.0,-155.0
Ron Holland,Boston Celtics @ Detroit Pistons,2025-10-26T19:30:00Z,player_rebounds,4.5,betmgm,2025-10-26T14:55:22Z,2025-10-26T14:55:56Z,100.0,-130.0
Isaiah Stewart II,Boston Celtics @ Detroit Pistons,2025-10-26T19:30:00Z,player_rebounds,5.5,betmgm,2025-10-26T14:55:22Z,2025-10-26T14:55:56Z,-125.0,-105.0
Jaylen Brown,Boston Celtics @ Detroit Pistons,2025-10-26T19:30:00Z,player_threes,1.5,betmgm,2025-10-26T14:55:22Z,2025-10-26T14:55:56Z,-185.0,135.0
Ausar Thompson,Boston Celtics @ Detroit Pistons,2025-10-26T19:30:00Z,player_threes,0.5,betmgm,2025-10-26T14:55:22Z,2025-10-26T14:55:56Z,180.0,-250.0
Duncan Robinson,Boston Celtics @ Detroit Pistons,2025-10-26T19:30:00Z,player_threes,2.5,betmgm,2025-10-26T14:55:22Z,2025-10-26T14:55:56Z,-140.0,105.0
Cade Cunningham,Boston Celtics @ Detroit Pistons,2025-10-26T19:30:00Z,player_threes,2.5,betmgm,2025-10-26T14:55:22Z,2025-10-26T14:55:56Z,130.0,-175.0
Derrick White,Boston Celtics @ Detroit Pistons,2025-10-26T19:30:00Z,player_threes,4.5,betmgm,2025-10-26T14:55:22Z,2025-10-26T14:55:56Z,140.0,-190.0
Tobias Harris,Boston Celtics @ Detroit Pistons,2025-10-26T19:30:00Z,player_threes,1.5,betmgm,2025-10-26T14:55:22Z,2025-10-26T14:55:56Z,120.0,-160.0
Anfernee Simons,Boston Celtics @ Detroit Pistons,2025-10-26T19:30:00Z,player_threes,2.5,betmgm,2025-10-26T14:55:22Z,2025-10-26T14:55:56Z,130.0,-175.0
Payton Pritchard,Boston Celtics @ Detroit Pistons,2025-10-26T19:30:00Z,player_threes,3.5,betmgm,2025-10-26T14:55:22Z,2025-10-26T14:55:56Z,120.0,-160.0
Sam Hauser,Boston Celtics @ Detroit Pistons,2025-10-26T19:30:00Z,player_threes,2.5,betmgm,2025-10-26T14:55:22Z,2025-10-26T14:55:56Z,-140.0,105.0
Ron Holland,Boston Celtics @ Detroit Pistons,2025-10-26T19:30:00Z,player_threes,0.5,betmgm,2025-10-26T14:55:22Z,2025-10-26T14:55:56Z,-250.0,180.0
Isaiah Stewart II,Boston Celtics @ Detroit Pistons,2025-10-26T19:30:00Z,player_threes,0.5,betmgm,2025-10-26T14:55:22Z,2025-10-26T14:55:56Z,120.0,-155.0
Jaylen Brown,Boston Celtics @ Detroit Pistons,2025-10-26T19:30:00Z,player_triple_double,,betmgm,2025-10-26T14:55:22Z,2025-10-26T14:55:56Z,,
Cade Cunningham,Boston Celtics @ Detroit Pistons,2025-10-26T19:30:00Z,player_triple_double,,betmgm,2025-10-26T14:55:22Z,2025-10-26T14:55:56Z,,
Cade Cunningham,Boston Celtics @ Detroit Pistons,2025-10-26T19:30:00Z,player_assists,7.5,bovada,2025-10-26T14:54:59Z,2025-10-26T14:55:16Z,180.0,-245.0
Derrick White,Boston Celtics @ Detroit Pistons,2025-10-26T19:30:00Z,player_assists,4.5,bovada,2025-10-26T14:54:59Z,2025-10-26T14:55:16Z,120.0,-160.0
Payton Pritchard,Boston Celtics @ Detroit Pistons,2025-10-26T19:30:00Z,player_assists,3.5,bovada,2025-10-26T14:54:59Z,2025-10-26T14:55:16Z,210.0,-290.0
Jalen Duren,Boston Celtics @ Detroit Pistons,2025-10-26T19:30:00Z,player_double_double,,bovada,2025-10-26T14:54:59Z,2025-10-26T14:55:16Z,,
Cade Cunningham,Boston Celtics @ Detroit Pistons,2025-10-26T19:30:00Z,player_double_double,,bovada,2025-10-26T14:54:59Z,2025-10-26T14:55:16Z,,
Jaylen Brown,Boston Celtics @ Detroit Pistons,2025-10-26T19:30:00Z,player_double_double,,bovada,2025-10-26T14:54:59Z,2025-10-26T14:55:16Z,,
Ausar Thompson,Boston Celtics @ Detroit Pistons,2025-10-26T19:30:00Z,player_double_double,,bovada,2025-10-26T14:54:59Z,2025-10-26T14:55:16Z,,
Neemias Queta,Boston Celtics @ Detroit Pistons,2025-10-26T19:30:00Z,player_double_double,,bovada,2025-10-26T14:54:59Z,2025-10-26T14:55:16Z,,
Tobias Harris,Boston Celtics @ Detroit Pistons,2025-10-26T19:30:00Z,player_double_double,,bovada,2025-10-26T14:54:59Z,2025-10-26T14:55:16Z,,
Derrick White,Boston Celtics @ Detroit Pistons,2025-10-26T19:30:00Z,player_double_double,,bovada,2025-10-26T14:54:59Z,2025-10-26T14:55:16Z,,
Payton Pritchard,Boston Celtics @ Detroit Pistons,2025-10-26T19:30:00Z,player_double_double,,bovada,2025-10-26T14:54:59Z,2025-10-26T14:55:16Z,,
Anfernee Simons,Boston Celtics @ Detroit Pistons,2025-10-26T19:30:00Z,player_points,11.5,bovada,2025-10-26T14:54:59Z,2025-10-26T14:55:16Z,170.0,-230.0
Cade Cunningham,Boston Celtics @ Detroit Pistons,2025-10-26T19:30:00Z,player_points,23.5,bovada,2025-10-26T14:54:59Z,2025-10-26T14:55:16Z,200.0,-275.0
Derrick White,Boston Celtics @ Detroit Pistons,2025-10-26T19:30:00Z,player_points,17.5,bovada,2025-10-26T14:54:59Z,2025-10-26T14:55:16Z,200.0,-275.0
Duncan Robinson,Boston Celtics @ Detroit Pistons,2025-10-26T19:30:00Z,player_points,9.5,bovada,2025-10-26T14:54:59Z,2025-10-26T14:55:16Z,185.0,-250.0
Jalen Duren,Boston Celtics @ Detroit Pistons,2025-10-26T19:30:00Z,player_points,10.5,bovada,2025-10-26T14:54:59Z,2025-10-26T14:55:16Z,190.0,-260.0
Jaylen Brown,Boston Celtics @ Detroit Pistons,2025-10-26T19:30:00Z,player_points,19.5,bovada,2025-10-26T14:54:59Z,2025-10-26T14:55:16Z,205.0,-280.0
Neemias Queta,Boston Celtics @ Detroit Pistons,2025-10-26T19:30:00Z,player_points,6.5,bovada,2025-10-26T14:54:59Z,2025-10-26T14:55:16Z,190.0,-260.0
Sam Hauser,Boston Celtics @ Detroit Pistons,2025-10-26T19:30:00Z,player_points,7.5,bovada,2025-10-26T14:54:59Z,2025-10-26T14:55:16Z,175.0,-240.0
Anfernee Simons,Boston Celtics @ Detroit Pistons,2025-10-26T19:30:00Z,player_points_rebounds_assists,17.5,bovada,2025-10-26T14:54:59Z,2025-10-26T14:55:16Z,200.0,-275.0
Ausar Thompson,Boston Celtics @ Detroit Pistons,2025-10-26T19:30:00Z,player_points_rebounds_assists,18.5,bovada,2025-10-26T14:54:59Z,2025-10-26T14:55:16Z,185.0,-250.0
Cade Cunningham,Boston Celtics @ Detroit Pistons,2025-10-26T19:30:00Z,player_points_rebounds_assists,37.5,bovada,2025-10-26T14:54:59Z,2025-10-26T14:55:16Z,205.0,-280.0
Derrick White,Boston Celtics @ Detroit Pistons,2025-10-26T19:30:00Z,player_points_rebounds_assists,26.5,bovada,2025-10-26T14:54:59Z,2025-10-26T14:55:16Z,200.0,-275.0
Jalen Duren,Boston Celtics @ Detroit Pistons,2025-10-26T19:30:00Z,player_points_rebounds_assists,22.5,bovada,2025-10-26T14:54:59Z,2025-10-26T14:55:16Z,185.0,-250.0
Jaylen Brown,Boston Celtics @ Detroit Pistons,2025-10-26T19:30:00Z,player_points_rebounds_assists,29.5,bovada,2025-10-26T14:54:59Z,2025-10-26T14:55:16Z,185.0,-250.0
Payton Pritchard,Boston Celtics @ Detroit Pistons,2025-10-26T19:30:00Z,player_points_rebounds_assists,20.5,bovada,2025-10-26T14:54:59Z,2025-10-26T14:55:16Z,180.0,-245.0
Tobias Harris,Boston Celtics @ Detroit Pistons,2025-10-26T19:30:00Z,player_points_rebounds_assists,19.5,bovada,2025-10-26T14:54:59Z,2025-10-26T14:55:16Z,180.0,-245.0
Jaylen Brown,Boston Celtics @ Detroit Pistons,2025-10-26T19:30:00Z,player_rebounds,4.5,bovada,2025-10-26T14:54:59Z,2025-10-26T14:55:16Z,130.0,-170.0
Cade Cunningham,Boston Celtics @ Detroit Pistons,2025-10-26T19:30:00Z,player_threes,1.5,bovada,2025-10-26T14:54:59Z,2025-10-26T14:55:16Z,140.0,-185.0
Derrick White,Boston Celtics @ Detroit Pistons,2025-10-26T19:30:00Z,player_threes,4.5,bovada,2025-10-26T14:54:59Z,2025-10-26T14:55:16Z,160.0,-215.0
Jaylen Brown,Boston Celtics @ Detroit Pistons,2025-10-26T19:30:00Z,player_threes,1.5,bovada,2025-10-26T14:54:59Z,2025-10-26T14:55:16Z,210.0,-290.0
Sam Hauser,Boston Celtics @ Detroit Pistons,2025-10-26T19:30:00Z,player_threes,3.5,bovada,2025-10-26T14:54:59Z,2025-10-26T14:55:16Z,170.0,-230.0
Cade Cunningham,Boston Celtics @ Detroit Pistons,2025-10-26T19:30:00Z,player_triple_double,,bovada,2025-10-26T14:54:59Z,2025-10-26T14:55:16Z,,
Jaylen Brown,Boston Celtics @ Detroit Pistons,2025-10-26T19:30:00Z,player_triple_double,,bovada,2025-10-26T14:54:59Z,2025-10-26T14:55:16Z,,
Giannis Antetokounmpo,Milwaukee Bucks @ Cleveland Cavaliers,2025-10-26T22:00:00Z,player_assists,6.5,draftkings,2025-10-26T14:55:22Z,2025-10-26T14:54:44Z,-148.0,114.0
Donovan Mitchell,Milwaukee Bucks @ Cleveland Cavaliers,2025-10-26T22:00:00Z,player_assists,5.5,draftkings,2025-10-26T14:55:22Z,2025-10-26T14:54:44Z,-139.0,107.0
Cole Anthony,Milwaukee Bucks @ Cleveland Cavaliers,2025-10-26T22:00:00Z,player_assists,4.5,draftkings,2025-10-26T14:55:22Z,2025-10-26T14:54:44Z,123.0,-160.0
Ryan Rollins,Milwaukee Bucks @ Cleveland Cavaliers,2025-10-26T22:00:00Z,player_assists,3.5,draftkings,2025-10-26T14:55:22Z,2025-10-26T14:54:44Z,-126.0,-103.0
Evan Mobley,Milwaukee Bucks @ Cleveland Cavaliers,2025-10-26T22:00:00Z,player_assists,3.5,draftkings,2025-10-26T14:55:22Z,2025-10-26T14:54:44Z,-118.0,-109.0
Sam Merrill,Milwaukee Bucks @ Cleveland Cavaliers,2025-10-26T22:00:00Z,player_assists,2.5,draftkings,2025-10-26T14:55:22Z,2025-10-26T14:54:44Z,-121.0,-107.0
Jarrett Allen,Milwaukee Bucks @ Cleveland Cavaliers,2025-10-26T22:00:00Z,player_assists,2.5,draftkings,2025-10-26T14:55:22Z,2025-10-26T14:54:44Z,143.0,-187.0
De'Andre Hunter,Milwaukee Bucks @ Cleveland Cavaliers,2025-10-26T22:00:00Z,player_assists,1.5,draftkings,2025-10-26T14:55:22Z,2025-10-26T14:54:44Z,-146.0,112.0
A.J. Green,Milwaukee Bucks @ Cleveland Cavaliers,2025-10-26T22:00:00Z,player_assists,1.5,draftkings,2025-10-26T14:55:22Z,2025-10-26T14:54:44Z,-123.0,-105.0
Myles Turner,Milwaukee Bucks @ Cleveland Cavaliers,2025-10-26T22:00:00Z,player_assists,1.5,draftkings,2025-10-26T14:55:22Z,2025-10-26T14:54:44Z,-115.0,-112.0
Gary Trent Jr,Milwaukee Bucks @ Cleveland Cavaliers,2025-10-26T22:00:00Z,player_assists,1.5,draftkings,2025-10-26T14:55:22Z,2025-10-26T14:54:44Z,-113.0,-115.0
Evan Mobley,Milwaukee Bucks @ Cleveland Cavaliers,2025-10-26T22:00:00Z,player_blocks,1.5,draftkings,2025-10-26T14:55:22Z,2025-10-26T14:54:44Z,139.0,-185.0
Giannis Antetokounmpo,Milwaukee Bucks @ Cleveland Cavaliers,2025-10-26T22:00:00Z,player_blocks,0.5,draftkings,2025-10-26T14:55:22Z,2025-10-26T14:54:44Z,-155.0,117.0
Jarrett Allen,Milwaukee Bucks @ Cleveland Cavaliers,2025-10-26T22:00:00Z,player_blocks,0.5,draftkings,2025-10-26T14:55:22Z,2025-10-26T14:54:44Z,-106.0,-126.0
Giannis Antetokounmpo,Milwaukee Bucks @ Cleveland Cavaliers,2025-10-26T22:00:00Z,player_double_double,,draftkings,2025-10-26T14:55:22Z,2025-10-26T14:54:44Z,,
Evan Mobley,Milwaukee Bucks @ Cleveland Cavaliers,2025-10-26T22:00:00Z,player_double_double,,draftkings,2025-10-26T14:55:22Z,2025-10-26T14:54:44Z,,
Jarrett Allen,Milwaukee Bucks @ Cleveland Cavaliers,2025-10-26T22:00:00Z,player_double_double,,draftkings,2025-10-26T14:55:22Z,2025-10-26T14:54:44Z,,
Donovan Mitchell,Milwaukee Bucks @ Cleveland Cavaliers,2025-10-26T22:00:00Z,player_double_double,,draftkings,2025-10-26T14:55:22Z,2025-10-26T14:54:44Z,,
Myles Turner,Milwaukee Bucks @ Cleveland Cavaliers,2025-10-26T22:00:00Z,player_double_double,,draftkings,2025-10-26T14:55:22Z,2025-10-26T14:54:44Z,,
Giannis Antetokounmpo,Milwaukee Bucks @ Cleveland Cavaliers,2025-10-26T22:00:00Z,player_points,30.5,draftkings,2025-10-26T14:55:22Z,2025-10-26T14:54:44Z,-118.0,-108.0
Donovan Mitchell,Milwaukee Bucks @ Cleveland Cavaliers,2025-10-26T22:00:00Z,player_points,28.5,draftkings,2025-10-26T14:55:22Z,2025-10-26T14:54:44Z,-116.0,-109.0
Evan Mobley,Milwaukee Bucks @ Cleveland Cavaliers,2025-10-26T22:00:00Z,player_points,19.5,draftkings,2025-10-26T14:55:22Z,2025-10-26T14:54:44Z,-104.0,-122.0
De'Andre Hunter,Milwaukee Bucks @ Cleveland Cavaliers,2025-10-26T22:00:00Z,player_points,14.5,draftkings,2025-10-26T14:55:22Z,2025-10-26T14:54:44Z,-116.0,-110.0
Jarrett Allen,Milwaukee Bucks @ Cleveland Cavaliers,2025-10-26T22:00:00Z,player_points,13.5,draftkings,2025-10-26T14:55:22Z,2025-10-26T14:54:44Z,-119.0,-107.0
Myles Turner,Milwaukee Bucks @ Cleveland Cavaliers,2025-10-26T22:00:00Z,player_points,13.5,draftkings,2025-10-26T14:55:22Z,2025-10-26T14:54:44Z,-119.0,-107.0
Gary Trent Jr,Milwaukee Bucks @ Cleveland Cavaliers,2025-10-26T22:00:00Z,player_points,13.5,draftkings,2025-10-26T14:55:22Z,2025-10-26T14:54:44Z,-118.0,-108.0
Cole Anthony,Milwaukee Bucks @ Cleveland Cavaliers,2025-10-26T22:00:00Z,player_points,11.5,draftkings,2025-10-26T14:55:22Z,2025-10-26T14:54:44Z,-104.0,-123.0
Sam Merrill,Milwaukee Bucks @ Cleveland Cavaliers,2025-10-26T22:00:00Z,player_points,11.5,draftkings,2025-10-26T14:55:22Z,2025-10-26T14:54:44Z,-102.0,-125.0
Ryan Rollins,Milwaukee Bucks @ Cleveland Cavaliers,2025-10-26T22:00:00Z,player_points,11.5,draftkings,2025-10-26T14:55:22Z,2025-10-26T14:54:44Z,101.0,-129.0
Bobby Portis,Milwaukee Bucks @ Cleveland Cavaliers,2025-10-26T22:00:00Z,player_points,10.5,draftkings,2025-10-26T14:55:22Z,2025-10-26T14:54:44Z,-127.0,-101.0
A.J. Green,Milwaukee Bucks @ Cleveland Cavaliers,2025-10-26T22:00:00Z,player_points,8.5,draftkings,2025-10-26T14:55:22Z,2025-10-26T14:54:44Z,-129.0,101.0
Giannis Antetokounmpo,Milwaukee Bucks @ Cleveland Cavaliers,2025-10-26T22:00:00Z,player_points_rebounds_assists,50.5,draftkings,2025-10-26T14:55:22Z,2025-10-26T14:54:44Z,-110.0,-118.0
Donovan Mitchell,Milwaukee Bucks @ Cleveland Cavaliers,2025-10-26T22:00:00Z,player_points_rebounds_assists,39.5,draftkings,2025-10-26T14:55:22Z,2025-10-26T14:54:44Z,-105.0,-123.0
Evan Mobley,Milwaukee Bucks @ Cleveland Cavaliers,2025-10-26T22:00:00Z,player_points_rebounds_assists,32.5,draftkings,2025-10-26T14:55:22Z,2025-10-26T14:54:44Z,-114.0,-113.0
Jarrett Allen,Milwaukee Bucks @ Cleveland Cavaliers,2025-10-26T22:00:00Z,player_points_rebounds_assists,25.5,draftkings,2025-10-26T14:55:22Z,2025-10-26T14:54:44Z,-114.0,-113.0
Myles Turner,Milwaukee Bucks @ Cleveland Cavaliers,2025-10-26T22:00:00Z,player_points_rebounds_assists,21.5,draftkings,2025-10-26T14:55:22Z,2025-10-26T14:54:44Z,-109.0,-119.0
De'Andre Hunter,Milwaukee Bucks @ Cleveland Cavaliers,2025-10-26T22:00:00Z,player_points_rebounds_assists,20.5,draftkings,2025-10-26T14:55:22Z,2025-10-26T14:54:44Z,-112.0,-115.0
Cole Anthony,Milwaukee Bucks @ Cleveland Cavaliers,2025-10-26T22:00:00Z,player_points_rebounds_assists,18.5,draftkings,2025-10-26T14:55:22Z,2025-10-26T14:54:44Z,-123.0,-106.0
Gary Trent Jr,Milwaukee Bucks @ Cleveland Cavaliers,2025-10-26T22:00:00Z,player_points_rebounds_assists,18.5,draftkings,2025-10-26T14:55:22Z,2025-10-26T14:54:44Z,-107.0,-121.0
Sam Merrill,Milwaukee Bucks @ Cleveland Cavaliers,2025-10-26T22:00:00Z,player_points_rebounds_assists,17.5,draftkings,2025-10-26T14:55:22Z,2025-10-26T14:54:44Z,-101.0,-128.0
A.J. Green,Milwaukee Bucks @ Cleveland Cavaliers,2025-10-26T22:00:00Z,player_points_rebounds_assists,13.5,draftkings,2025-10-26T14:55:22Z,2025-10-26T14:54:44Z,-104.0,-125.0
Giannis Antetokounmpo,Milwaukee Bucks @ Cleveland Cavaliers,2025-10-26T22:00:00Z,player_rebounds,11.5,draftkings,2025-10-26T14:55:22Z,2025-10-26T14:54:44Z,-134.0,103.0
Evan Mobley,Milwaukee Bucks @ Cleveland Cavaliers,2025-10-26T22:00:00Z,player_rebounds,9.5,draftkings,2025-10-26T14:55:22Z,2025-10-26T14:54:44Z,-107.0,-121.0
Jarrett Allen,Milwaukee Bucks @ Cleveland Cavaliers,2025-10-26T22:00:00Z,player_rebounds,9.5,draftkings,2025-10-26T14:55:22Z,2025-10-26T14:54:44Z,100.0,-130.0
Bobby Portis,Milwaukee Bucks @ Cleveland Cavaliers,2025-10-26T22:00:00Z,player_rebounds,6.5,draftkings,2025-10-26T14:55:22Z,2025-10-26T14:54:44Z,-122.0,-106.0
Myles Turner,Milwaukee Bucks @ Cleveland Cavaliers,2025-10-26T22:00:00Z,player_rebounds,5.5,draftkings,2025-10-26T14:55:22Z,2025-10-26T14:54:44Z,-137.0,106.0
Donovan Mitchell,Milwaukee Bucks @ Cleveland Cavaliers,2025-10-26T22:00:00Z,player_rebounds,4.5,draftkings,2025-10-26T14:55:22Z,2025-10-26T14:54:44Z,117.0,-152.0
De'Andre Hunter,Milwaukee Bucks @ Cleveland Cavaliers,2025-10-26T22:00:00Z,player_rebounds,3.5,draftkings,2025-10-26T14:55:22Z,2025-10-26T14:54:44Z,-136.0,105.0
Ryan Rollins,Milwaukee Bucks @ Cleveland Cavaliers,2025-10-26T22:00:00Z,player_rebounds,3.5,draftkings,2025-10-26T14:55:22Z,2025-10-26T14:54:44Z,-107.0,-121.0
Cole Anthony,Milwaukee Bucks @ Cleveland Cavaliers,2025-10-26T22:00:00Z,player_rebounds,3.5,draftkings,2025-10-26T14:55:22Z,2025-10-26T14:54:44Z,101.0,-131.0
Sam Merrill,Milwaukee Bucks @ Cleveland Cavaliers,2025-10-26T22:00:00Z,player_rebounds,2.5,draftkings,2025-10-26T14:55:22Z,2025-10-26T14:54:44Z,-159.0,122.0
Gary Trent Jr,Milwaukee Bucks @ Cleveland Cavaliers,2025-10-26T22:00:00Z,player_rebounds,2.5,draftkings,2025-10-26T14:55:22Z,2025-10-26T14:54:44Z,-137.0,106.0
A.J. Green,Milwaukee Bucks @ Cleveland Cavaliers,2025-10-26T22:00:00Z,player_rebounds,2.5,draftkings,2025-10-26T14:55:22Z,2025-10-26T14:54:44Z,100.0,-129.0
Donovan Mitchell,Milwaukee Bucks @ Cleveland Cavaliers,2025-10-26T22:00:00Z,player_steals,1.5,draftkings,2025-10-26T14:55:22Z,2025-10-26T14:54:44Z,124.0,-166.0
Gary Trent Jr,Milwaukee Bucks @ Cleveland Cavaliers,2025-10-26T22:00:00Z,player_steals,1.5,draftkings,2025-10-26T14:55:22Z,2025-10-26T14:54:44Z,128.0,-170.0
Evan Mobley,Milwaukee Bucks @ Cleveland Cavaliers,2025-10-26T22:00:00Z,player_steals,0.5,draftkings,2025-10-26T14:55:22Z,2025-10-26T14:54:44Z,-176.0,132.0
Giannis Antetokounmpo,Milwaukee Bucks @ Cleveland Cavaliers,2025-10-26T22:00:00Z,player_steals,0.5,draftkings,2025-10-26T14:55:22Z,2025-10-26T14:54:44Z,-150.0,113.0
Donovan Mitchell,Milwaukee Bucks @ Cleveland Cavaliers,2025-10-26T22:00:00Z,player_threes,3.5,draftkings,2025-10-26T14:55:22Z,2025-10-26T14:54:44Z,-129.0,100.0
Gary Trent Jr,Milwaukee Bucks @ Cleveland Cavaliers,2025-10-26T22:00:00Z,player_threes,3.5,draftkings,2025-10-26T14:55:22Z,2025-10-26T14:54:44Z,111.0,-144.0
Sam Merrill,Milwaukee Bucks @ Cleveland Cavaliers,2025-10-26T22:00:00Z,player_threes,2.5,draftkings,2025-10-26T14:55:22Z,2025-10-26T14:54:44Z,-166.0,127.0
A.J. Green,Milwaukee Bucks @ Cleveland Cavaliers,2025-10-26T22:00:00Z,player_threes,2.5,draftkings,2025-10-26T14:55:22Z,2025-10-26T14:54:44Z,107.0,-138.0
De'Andre Hunter,Milwaukee Bucks @ Cleveland Cavaliers,2025-10-26T22:00:00Z,player_threes,1.5,draftkings,2025-10-26T14:55:22Z,2025-10-26T14:54:44Z,-196.0,150.0
Myles Turner,Milwaukee Bucks @ Cleveland Cavaliers,2025-10-26T22:00:00Z,player_threes,1.5,draftkings,2025-10-26T14:55:22Z,2025-10-26T14:54:44Z,-152.0,117.0
Ryan Rollins,Milwaukee Bucks @ Cleveland Cavaliers,2025-10-26T22:00:00Z,player_threes,1.5,draftkings,2025-10-26T14:55:22Z,2025-10-26T14:54:44Z,-122.0,-107.0
Cole Anthony,Milwaukee Bucks @ Cleveland Cavaliers,2025-10-26T22:00:00Z,player_threes,1.5,draftkings,2025-10-26T14:55:22Z,2025-10-26T14:54:44Z,-107.0,-121.0
Evan Mobley,Milwaukee Bucks @ Cleveland Cavaliers,2025-10-26T22:00:00Z,player_threes,1.5,draftkings,2025-10-26T14:55:22Z,2025-10-26T14:54:44Z,100.0,-129.0
Giannis Antetokounmpo,Milwaukee Bucks @ Cleveland Cavaliers,2025-10-26T22:00:00Z,player_threes,0.5,draftkings,2025-10-26T14:55:22Z,2025-10-26T14:54:44Z,-108.0,-120.0
Giannis Antetokounmpo,Milwaukee Bucks @ Cleveland Cavaliers,2025-10-26T22:00:00Z,player_triple_double,,draftkings,2025-10-26T14:55:22Z,2025-10-26T14:54:44Z,,
Evan Mobley,Milwaukee Bucks @ Cleveland Cavaliers,2025-10-26T22:00:00Z,player_triple_double,,draftkings,2025-10-26T14:55:22Z,2025-10-26T14:54:44Z,,
Giannis Antetokounmpo,Milwaukee Bucks @ Cleveland Cavaliers,2025-10-26T22:00:00Z,player_assists,7.5,betonlineag,2025-10-26T14:55:22Z,2025-10-26T14:55:44Z,104.0,-135.0
Jarrett Allen,Milwaukee Bucks @ Cleveland Cavaliers,2025-10-26T22:00:00Z,player_assists,2.5,betonlineag,2025-10-26T14:55:22Z,2025-10-26T14:55:44Z,144.0,-189.0
Evan Mobley,Milwaukee Bucks @ Cleveland Cavaliers,2025-10-26T22:00:00Z,player_assists,3.5,betonlineag,2025-10-26T14:55:22Z,2025-10-26T14:55:44Z,-118.0,-110.0
Sam Merrill,Milwaukee Bucks @ Cleveland Cavaliers,2025-10-26T22:00:00Z,player_assists,2.5,betonlineag,2025-10-26T14:55:22Z,2025-10-26T14:55:44Z,-116.0,-111.0
Ryan Rollins,Milwaukee Bucks @ Cleveland Cavaliers,2025-10-26T22:00:00Z,player_assists,3.5,betonlineag,2025-10-26T14:55:22Z,2025-10-26T14:55:44Z,-123.0,-104.0
Donovan Mitchell,Milwaukee Bucks @ Cleveland Cavaliers,2025-10-26T22:00:00Z,player_assists,6.5,betonlineag,2025-10-26T14:55:22Z,2025-10-26T14:55:44Z,100.0,-130.0
Giannis Antetokounmpo,Milwaukee Bucks @ Cleveland Cavaliers,2025-10-26T22:00:00Z,player_points,30.5,betonlineag,2025-10-26T14:55:22Z,2025-10-26T14:55:44Z,-114.0,-114.0
Jarrett Allen,Milwaukee Bucks @ Cleveland Cavaliers,2025-10-26T22:00:00Z,player_points,13.5,betonlineag,2025-10-26T14:55:22Z,2025-10-26T14:55:44Z,-118.0,-110.0
A.J. Green,Milwaukee Bucks @ Cleveland Cavaliers,2025-10-26T22:00:00Z,player_points,8.5,betonlineag,2025-10-26T14:55:22Z,2025-10-26T14:55:44Z,-123.0,-105.0
Sam Merrill,Milwaukee Bucks @ Cleveland Cavaliers,2025-10-26T22:00:00Z,player_points,11.5,betonlineag,2025-10-26T14:55:22Z,2025-10-26T14:55:44Z,-109.0,-119.0
Gary Trent Jr,Milwaukee Bucks @ Cleveland Cavaliers,2025-10-26T22:00:00Z,player_points,13.5,betonlineag,2025-10-26T14:55:22Z,2025-10-26T14:55:44Z,-112.0,-115.0
De'Andre Hunter,Milwaukee Bucks @ Cleveland Cavaliers,2025-10-26T22:00:00Z,player_points,14.5,betonlineag,2025-10-26T14:55:22Z,2025-10-26T14:55:44Z,-115.0,-112.0
Ryan Rollins,Milwaukee Bucks @ Cleveland Cavaliers,2025-10-26T22:00:00Z,player_points,10.5,betonlineag,2025-10-26T14:55:22Z,2025-10-26T14:55:44Z,-118.0,-110.0
Myles Turner,Milwaukee Bucks @ Cleveland Cavaliers,2025-10-26T22:00:00Z,player_points,13.5,betonlineag,2025-10-26T14:55:22Z,2025-10-26T14:55:44Z,-123.0,-105.0
Donovan Mitchell,Milwaukee Bucks @ Cleveland Cavaliers,2025-10-26T22:00:00Z,player_points,28.5,betonlineag,2025-10-26T14:55:22Z,2025-10-26T14:55:44Z,-114.0,-114.0
Evan Mobley,Milwaukee Bucks @ Cleveland Cavaliers,2025-10-26T22:00:00Z,player_points,18.5,betonlineag,2025-10-26T14:55:22Z,2025-10-26T14:55:44Z,-139.0,107.0
Bobby Portis,Milwaukee Bucks @ Cleveland Cavaliers,2025-10-26T22:00:00Z,player_points,11.5,betonlineag,2025-10-26T14:55:22Z,2025-10-26T14:55:44Z,-101.0,-128.0
Giannis Antetokounmpo,Milwaukee Bucks @ Cleveland Cavaliers,2025-10-26T22:00:00Z,player_points_rebounds_assists,50.5,betonlineag,2025-10-26T14:55:22Z,2025-10-26T14:55:44Z,-112.0,-115.0
Jarrett Allen,Milwaukee Bucks @ Cleveland Cavaliers,2025-10-26T22:00:00Z,player_points_rebounds_assists,25.5,betonlineag,2025-10-26T14:55:22Z,2025-10-26T14:55:44Z,-112.0,-115.0
Evan Mobley,Milwaukee Bucks @ Cleveland Cavaliers,2025-10-26T22:00:00Z,player_points_rebounds_assists,32.5,betonlineag,2025-10-26T14:55:22Z,2025-10-26T14:55:44Z,-110.0,-118.0
A.J. Green,Milwaukee Bucks @ Cleveland Cavaliers,2025-10-26T22:00:00Z,player_points_rebounds_assists,13.5,betonlineag,2025-10-26T14:55:22Z,2025-10-26T14:55:44Z,-105.0,-123.0
Sam Merrill,Milwaukee Bucks @ Cleveland Cavaliers,2025-10-26T22:00:00Z,player_points_rebounds_assists,17.5,betonlineag,2025-10-26T14:55:22Z,2025-10-26T14:55:44Z,-106.0,-122.0
Gary Trent Jr,Milwaukee Bucks @ Cleveland Cavaliers,2025-10-26T22:00:00Z,player_points_rebounds_assists,18.5,betonlineag,2025-10-26T14:55:22Z,2025-10-26T14:55:44Z,-110.0,-118.0
Myles Turner,Milwaukee Bucks @ Cleveland Cavaliers,2025-10-26T22:00:00Z,player_points_rebounds_assists,21.5,betonlineag,2025-10-26T14:55:22Z,2025-10-26T14:55:44Z,-115.0,-112.0
Donovan Mitchell,Milwaukee Bucks @ Cleveland Cavaliers,2025-10-26T22:00:00Z,player_points_rebounds_assists,39.5,betonlineag,2025-10-26T14:55:22Z,2025-10-26T14:55:44Z,-109.0,-119.0
De'Andre Hunter,Milwaukee Bucks @ Cleveland Cavaliers,2025-10-26T22:00:00Z,player_points_rebounds_assists,20.5,betonlineag,2025-10-26T14:55:22Z,2025-10-26T14:55:44Z,-110.0,-118.0
Ryan Rollins,Milwaukee Bucks @ Cleveland Cavaliers,2025-10-26T22:00:00Z,player_points_rebounds_assists,18.5,betonlineag,2025-10-26T14:55:22Z,2025-10-26T14:55:44Z,-106.0,-122.0
Bobby Portis,Milwaukee Bucks @ Cleveland Cavaliers,2025-10-26T22:00:00Z,player_points_rebounds_assists,20.5,betonlineag,2025-10-26T14:55:22Z,2025-10-26T14:55:44Z,-102.0,-127.0
Bobby Portis,Milwaukee Bucks @ Cleveland Cavaliers,2025-10-26T22:00:00Z,player_rebounds,6.5,betonlineag,2025-10-26T14:55:22Z,2025-10-26T14:55:44Z,-123.0,-105.0
Jarrett Allen,Milwaukee Bucks @ Cleveland Cavaliers,2025-10-26T22:00:00Z,player_rebounds,9.5,betonlineag,2025-10-26T14:55:22Z,2025-10-26T14:55:44Z,-109.0,-119.0
Evan Mobley,Milwaukee Bucks @ Cleveland Cavaliers,2025-10-26T22:00:00Z,player_rebounds,9.5,betonlineag,2025-10-26T14:55:22Z,2025-10-26T14:55:44Z,-103.0,-125.0
A.J. Green,Milwaukee Bucks @ Cleveland Cavaliers,2025-10-26T22:00:00Z,player_rebounds,2.5,betonlineag,2025-10-26T14:55:22Z,2025-10-26T14:55:44Z,-102.0,-127.0
Sam Merrill,Milwaukee Bucks @ Cleveland Cavaliers,2025-10-26T22:00:00Z,player_rebounds,2.5,betonlineag,2025-10-26T14:55:22Z,2025-10-26T14:55:44Z,-156.0,121.0
De'Andre Hunter,Milwaukee Bucks @ Cleveland Cavaliers,2025-10-26T22:00:00Z,player_rebounds,3.5,betonlineag,2025-10-26T14:55:22Z,2025-10-26T14:55:44Z,-139.0,107.0
Gary Trent Jr,Milwaukee Bucks @ Cleveland Cavaliers,2025-10-26T22:00:00Z,player_rebounds,2.5,betonlineag,2025-10-26T14:55:22Z,2025-10-26T14:55:44Z,-132.0,102.0
Ryan Rollins,Milwaukee Bucks @ Cleveland Cavaliers,2025-10-26T22:00:00Z,player_rebounds,3.5,betonlineag,2025-10-26T14:55:22Z,2025-10-26T14:55:44Z,-109.0,-119.0
Myles Turner,Milwaukee Bucks @ Cleveland Cavaliers,2025-10-26T22:00:00Z,player_rebounds,5.5,betonlineag,2025-10-26T14:55:22Z,2025-10-26T14:55:44Z,-132.0,102.0
Giannis Antetokounmpo,Milwaukee Bucks @ Cleveland Cavaliers,2025-10-26T22:00:00Z,player_rebounds,11.5,betonlineag,2025-10-26T14:55:22Z,2025-10-26T14:55:44Z,-135.0,105.0
Donovan Mitchell,Milwaukee Bucks @ Cleveland Cavaliers,2025-10-26T22:00:00Z,player_rebounds,4.5,betonlineag,2025-10-26T14:55:22Z,2025-10-26T14:55:44Z,124.0,-161.0
Giannis Antetokounmpo,Milwaukee Bucks @ Cleveland Cavaliers,2025-10-26T22:00:00Z,player_threes,0.5,betonlineag,2025-10-26T14:55:22Z,2025-10-26T14:55:42Z,-103.0,-125.0
Evan Mobley,Milwaukee Bucks @ Cleveland Cavaliers,2025-10-26T22:00:00Z,player_threes,1.5,betonlineag,2025-10-26T14:55:22Z,2025-10-26T14:55:42Z,107.0,-139.0
A.J. Green,Milwaukee Bucks @ Cleveland Cavaliers,2025-10-26T22:00:00Z,player_threes,2.5,betonlineag,2025-10-26T14:55:22Z,2025-10-26T14:55:42Z,112.0,-145.0
Donovan Mitchell,Milwaukee Bucks @ Cleveland Cavaliers,2025-10-26T22:00:00Z,player_threes,3.5,betonlineag,2025-10-26T14:55:22Z,2025-10-26T14:55:42Z,-130.0,100.0
Ryan Rollins,Milwaukee Bucks @ Cleveland Cavaliers,2025-10-26T22:00:00Z,player_threes,1.5,betonlineag,2025-10-26T14:55:22Z,2025-10-26T14:55:42Z,-122.0,-106.0
De'Andre Hunter,Milwaukee Bucks @ Cleveland Cavaliers,2025-10-26T22:00:00Z,player_threes,1.5,betonlineag,2025-10-26T14:55:22Z,2025-10-26T14:55:42Z,-196.0,148.0
Myles Turner,Milwaukee Bucks @ Cleveland Cavaliers,2025-10-26T22:00:00Z,player_threes,1.5,betonlineag,2025-10-26T14:55:22Z,2025-10-26T14:55:42Z,-149.0,115.0
Gary Trent Jr,Milwaukee Bucks @ Cleveland Cavaliers,2025-10-26T22:00:00Z,player_threes,3.5,betonlineag,2025-10-26T14:55:22Z,2025-10-26T14:55:42Z,117.0,-152.0
Sam Merrill,Milwaukee Bucks @ Cleveland Cavaliers,2025-10-26T22:00:00Z,player_threes,2.5,betonlineag,2025-10-26T14:55:22Z,2025-10-26T14:55:42Z,-167.0,128.0
Bobby Portis,Milwaukee Bucks @ Cleveland Cavaliers,2025-10-26T22:00:00Z,player_threes,1.5,betonlineag,2025-10-26T14:55:22Z,2025-10-26T14:55:42Z,132.0,-172.0
Donovan Mitchell,Milwaukee Bucks @ Cleveland Cavaliers,2025-10-26T22:00:00Z,player_assists,5.5,fanatics,2025-10-26T14:55:12Z,2025-10-26T14:55:22Z,-145.0,110.0
Jarrett Allen,Milwaukee Bucks @ Cleveland Cavaliers,2025-10-26T22:00:00Z,player_assists,2.5,fanatics,2025-10-26T14:55:12Z,2025-10-26T14:55:22Z,130.0,-190.0
De'Andre Hunter,Milwaukee Bucks @ Cleveland Cavaliers,2025-10-26T22:00:00Z,player_assists,1.5,fanatics,2025-10-26T14:55:12Z,2025-10-26T14:55:22Z,-140.0,105.0
Sam Merrill,Milwaukee Bucks @ Cleveland Cavaliers,2025-10-26T22:00:00Z,player_assists,2.5,fanatics,2025-10-26T14:55:12Z,2025-10-26T14:55:22Z,-115.0,-115.0
Evan Mobley,Milwaukee Bucks @ Cleveland Cavaliers,2025-10-26T22:00:00Z,player_assists,3.5,fanatics,2025-10-26T14:55:12Z,2025-10-26T14:55:22Z,-125.0,-105.0
Ryan Rollins,Milwaukee Bucks @ Cleveland Cavaliers,2025-10-26T22:00:00Z,player_assists,3.5,fanatics,2025-10-26T14:55:12Z,2025-10-26T14:55:22Z,-125.0,-105.0
A.J. Green,Milwaukee Bucks @ Cleveland Cavaliers,2025-10-26T22:00:00Z,player_assists,1.5,fanatics,2025-10-26T14:55:12Z,2025-10-26T14:55:22Z,-125.0,-105.0
Myles Turner,Milwaukee Bucks @ Cleveland Cavaliers,2025-10-26T22:00:00Z,player_assists,1.5,fanatics,2025-10-26T14:55:12Z,2025-10-26T14:55:22Z,-130.0,100.0
Gary Trent Jr,Milwaukee Bucks @ Cleveland Cavaliers,2025-10-26T22:00:00Z,player_assists,1.5,fanatics,2025-10-26T14:55:12Z,2025-10-26T14:55:22Z,-125.0,-105.0
Giannis Antetokounmpo,Milwaukee Bucks @ Cleveland Cavaliers,2025-10-26T22:00:00Z,player_assists,7.5,fanatics,2025-10-26T14:55:12Z,2025-10-26T14:55:22Z,100.0,-130.0
Cole Anthony,Milwaukee Bucks @ Cleveland Cavaliers,2025-10-26T22:00:00Z,player_assists,3.5,fanatics,2025-10-26T14:55:12Z,2025-10-26T14:55:22Z,-145.0,110.0
Bobby Portis,Milwaukee Bucks @ Cleveland Cavaliers,2025-10-26T22:00:00Z,player_assists,1.5,fanatics,2025-10-26T14:55:12Z,2025-10-26T14:55:22Z,-130.0,100.0
Dean Wade,Milwaukee Bucks @ Cleveland Cavaliers,2025-10-26T22:00:00Z,player_assists,0.5,fanatics,2025-10-26T14:55:12Z,2025-10-26T14:55:22Z,-225.0,140.0
Lonzo Ball,Milwaukee Bucks @ Cleveland Cavaliers,2025-10-26T22:00:00Z,player_assists,4.5,fanatics,2025-10-26T14:55:12Z,2025-10-26T14:55:22Z,-150.0,115.0
Kyle Kuzma,Milwaukee Bucks @ Cleveland Cavaliers,2025-10-26T22:00:00Z,player_assists,1.5,fanatics,2025-10-26T14:55:12Z,2025-10-26T14:55:22Z,-190.0,130.0
Giannis Antetokounmpo,Milwaukee Bucks @ Cleveland Cavaliers,2025-10-26T22:00:00Z,player_double_double,,fanatics,2025-10-26T14:55:12Z,2025-10-26T14:55:22Z,,
Myles Turner,Milwaukee Bucks @ Cleveland Cavaliers,2025-10-26T22:00:00Z,player_double_double,,fanatics,2025-10-26T14:55:12Z,2025-10-26T14:55:22Z,,
Donovan Mitchell,Milwaukee Bucks @ Cleveland Cavaliers,2025-10-26T22:00:00Z,player_double_double,,fanatics,2025-10-26T14:55:12Z,2025-10-26T14:55:22Z,,
Evan Mobley,Milwaukee Bucks @ Cleveland Cavaliers,2025-10-26T22:00:00Z,player_double_double,,fanatics,2025-10-26T14:55:12Z,2025-10-26T14:55:22Z,,
De'Andre Hunter,Milwaukee Bucks @ Cleveland Cavaliers,2025-10-26T22:00:00Z,player_double_double,,fanatics,2025-10-26T14:55:12Z,2025-10-26T14:55:22Z,,
Jarrett Allen,Milwaukee Bucks @ Cleveland Cavaliers,2025-10-26T22:00:00Z,player_double_double,,fanatics,2025-10-26T14:55:12Z,2025-10-26T14:55:22Z,,
Bobby Portis,Milwaukee Bucks @ Cleveland Cavaliers,2025-10-26T22:00:00Z,player_double_double,,fanatics,2025-10-26T14:55:12Z,2025-10-26T14:55:22Z,,
Cole Anthony,Milwaukee Bucks @ Cleveland Cavaliers,2025-10-26T22:00:00Z,player_double_double,,fanatics,2025-10-26T14:55:12Z,2025-10-26T14:55:22Z,,
Lonzo Ball,Milwaukee Bucks @ Cleveland Cavaliers,2025-10-26T22:00:00Z,player_double_double,,fanatics,2025-10-26T14:55:12Z,2025-10-26T14:55:22Z,,
Kyle Kuzma,Milwaukee Bucks @ Cleveland Cavaliers,2025-10-26T22:00:00Z,player_double_double,,fanatics,2025-10-26T14:55:12Z,2025-10-26T14:55:22Z,,
Ryan Rollins,Milwaukee Bucks @ Cleveland Cavaliers,2025-10-26T22:00:00Z,player_points,10.5,fanatics,2025-10-26T14:55:12Z,2025-10-26T14:55:22Z,-115.0,-115.0
A.J. Green,Milwaukee Bucks @ Cleveland Cavaliers,2025-10-26T22:00:00Z,player_points,8.5,fanatics,2025-10-26T14:55:12Z,2025-10-26T14:55:22Z,-115.0,-115.0
Myles Turner,Milwaukee Bucks @ Cleveland Cavaliers,2025-10-26T22:00:00Z,player_points,13.5,fanatics,2025-10-26T14:55:12Z,2025-10-26T14:55:22Z,-125.0,-105.0
Gary Trent Jr,Milwaukee Bucks @ Cleveland Cavaliers,2025-10-26T22:00:00Z,player_points,13.5,fanatics,2025-10-26T14:55:12Z,2025-10-26T14:55:22Z,-115.0,-115.0
Giannis Antetokounmpo,Milwaukee Bucks @ Cleveland Cavaliers,2025-10-26T22:00:00Z,player_points,30.5,fanatics,2025-10-26T14:55:12Z,2025-10-26T14:55:22Z,-120.0,-110.0
De'Andre Hunter,Milwaukee Bucks @ Cleveland Cavaliers,2025-10-26T22:00:00Z,player_points,14.5,fanatics,2025-10-26T14:55:12Z,2025-10-26T14:55:22Z,-115.0,-115.0
Jarrett Allen,Milwaukee Bucks @ Cleveland Cavaliers,2025-10-26T22:00:00Z,player_points,13.5,fanatics,2025-10-26T14:55:12Z,2025-10-26T14:55:22Z,-115.0,-115.0
Sam Merrill,Milwaukee Bucks @ Cleveland Cavaliers,2025-10-26T22:00:00Z,player_points,11.5,fanatics,2025-10-26T14:55:12Z,2025-10-26T14:55:22Z,-105.0,-125.0
Donovan Mitchell,Milwaukee Bucks @ Cleveland Cavaliers,2025-10-26T22:00:00Z,player_points,28.5,fanatics,2025-10-26T14:55:12Z,2025-10-26T14:55:22Z,-125.0,-105.0
Evan Mobley,Milwaukee Bucks @ Cleveland Cavaliers,2025-10-26T22:00:00Z,player_points,19.5,fanatics,2025-10-26T14:55:12Z,2025-10-26T14:55:22Z,-105.0,-125.0
Bobby Portis,Milwaukee Bucks @ Cleveland Cavaliers,2025-10-26T22:00:00Z,player_points,11.5,fanatics,2025-10-26T14:55:12Z,2025-10-26T14:55:22Z,100.0,-130.0
Cole Anthony,Milwaukee Bucks @ Cleveland Cavaliers,2025-10-26T22:00:00Z,player_points,11.5,fanatics,2025-10-26T14:55:12Z,2025-10-26T14:55:22Z,-105.0,-125.0
Dean Wade,Milwaukee Bucks @ Cleveland Cavaliers,2025-10-26T22:00:00Z,player_points,6.5,fanatics,2025-10-26T14:55:12Z,2025-10-26T14:55:22Z,115.0,-150.0
Lonzo Ball,Milwaukee Bucks @ Cleveland Cavaliers,2025-10-26T22:00:00Z,player_points,6.5,fanatics,2025-10-26T14:55:12Z,2025-10-26T14:55:22Z,-115.0,-115.0
Kyle Kuzma,Milwaukee Bucks @ Cleveland Cavaliers,2025-10-26T22:00:00Z,player_points,10.5,fanatics,2025-10-26T14:55:12Z,2025-10-26T14:55:22Z,100.0,-130.0
De'Andre Hunter,Milwaukee Bucks @ Cleveland Cavaliers,2025-10-26T22:00:00Z,player_points_rebounds_assists,20.5,fanatics,2025-10-26T14:55:12Z,2025-10-26T14:55:22Z,-115.0,-115.0
Myles Turner,Milwaukee Bucks @ Cleveland Cavaliers,2025-10-26T22:00:00Z,player_points_rebounds_assists,21.5,fanatics,2025-10-26T14:55:12Z,2025-10-26T14:55:22Z,-115.0,-115.0
Giannis Antetokounmpo,Milwaukee Bucks @ Cleveland Cavaliers,2025-10-26T22:00:00Z,player_points_rebounds_assists,50.5,fanatics,2025-10-26T14:55:12Z,2025-10-26T14:55:22Z,-115.0,-115.0
Donovan Mitchell,Milwaukee Bucks @ Cleveland Cavaliers,2025-10-26T22:00:00Z,player_points_rebounds_assists,39.5,fanatics,2025-10-26T14:55:12Z,2025-10-26T14:55:22Z,-115.0,-115.0
Gary Trent Jr,Milwaukee Bucks @ Cleveland Cavaliers,2025-10-26T22:00:00Z,player_points_rebounds_assists,18.5,fanatics,2025-10-26T14:55:12Z,2025-10-26T14:55:22Z,-110.0,-120.0
Ryan Rollins,Milwaukee Bucks @ Cleveland Cavaliers,2025-10-26T22:00:00Z,player_points_rebounds_assists,17.5,fanatics,2025-10-26T14:55:12Z,2025-10-26T14:55:22Z,-125.0,-105.0
Cole Anthony,Milwaukee Bucks @ Cleveland Cavaliers,2025-10-26T22:00:00Z,player_points_rebounds_assists,19.5,fanatics,2025-10-26T14:55:12Z,2025-10-26T14:55:22Z,105.0,-140.0
Sam Merrill,Milwaukee Bucks @ Cleveland Cavaliers,2025-10-26T22:00:00Z,player_points_rebounds_assists,17.5,fanatics,2025-10-26T14:55:12Z,2025-10-26T14:55:22Z,100.0,-130.0
Jarrett Allen,Milwaukee Bucks @ Cleveland Cavaliers,2025-10-26T22:00:00Z,player_points_rebounds_assists,25.5,fanatics,2025-10-26T14:55:12Z,2025-10-26T14:55:22Z,-115.0,-115.0
Evan Mobley,Milwaukee Bucks @ Cleveland Cavaliers,2025-10-26T22:00:00Z,player_points_rebounds_assists,32.5,fanatics,2025-10-26T14:55:12Z,2025-10-26T14:55:22Z,-115.0,-115.0
Bobby Portis,Milwaukee Bucks @ Cleveland Cavaliers,2025-10-26T22:00:00Z,player_points_rebounds_assists,19.5,fanatics,2025-10-26T14:55:12Z,2025-10-26T14:55:22Z,-120.0,-110.0
Lonzo Ball,Milwaukee Bucks @ Cleveland Cavaliers,2025-10-26T22:00:00Z,player_points_rebounds_assists,15.5,fanatics,2025-10-26T14:55:12Z,2025-10-26T14:55:22Z,100.0,-130.0
A.J. Green,Milwaukee Bucks @ Cleveland Cavaliers,2025-10-26T22:00:00Z,player_points_rebounds_assists,12.5,fanatics,2025-10-26T14:55:12Z,2025-10-26T14:55:22Z,-120.0,-110.0
Dean Wade,Milwaukee Bucks @ Cleveland Cavaliers,2025-10-26T22:00:00Z,player_points_rebounds_assists,11.5,fanatics,2025-10-26T14:55:12Z,2025-10-26T14:55:22Z,-115.0,-115.0
Kyle Kuzma,Milwaukee Bucks @ Cleveland Cavaliers,2025-10-26T22:00:00Z,player_points_rebounds_assists,16.5,fanatics,2025-10-26T14:55:12Z,2025-10-26T14:55:22Z,-115.0,-115.0
Ryan Rollins,Milwaukee Bucks @ Cleveland Cavaliers,2025-10-26T22:00:00Z,player_rebounds,3.5,fanatics,2025-10-26T14:55:12Z,2025-10-26T14:55:22Z,-110.0,-120.0
Giannis Antetokounmpo,Milwaukee Bucks @ Cleveland Cavaliers,2025-10-26T22:00:00Z,player_rebounds,12.5,fanatics,2025-10-26T14:55:12Z,2025-10-26T14:55:22Z,105.0,-140.0
A.J. Green,Milwaukee Bucks @ Cleveland Cavaliers,2025-10-26T22:00:00Z,player_rebounds,2.5,fanatics,2025-10-26T14:55:12Z,2025-10-26T14:55:22Z,-105.0,-125.0
Myles Turner,Milwaukee Bucks @ Cleveland Cavaliers,2025-10-26T22:00:00Z,player_rebounds,5.5,fanatics,2025-10-26T14:55:12Z,2025-10-26T14:55:22Z,-140.0,105.0
Gary Trent Jr,Milwaukee Bucks @ Cleveland Cavaliers,2025-10-26T22:00:00Z,player_rebounds,2.5,fanatics,2025-10-26T14:55:12Z,2025-10-26T14:55:22Z,-130.0,100.0
Donovan Mitchell,Milwaukee Bucks @ Cleveland Cavaliers,2025-10-26T22:00:00Z,player_rebounds,4.5,fanatics,2025-10-26T14:55:12Z,2025-10-26T14:55:22Z,120.0,-165.0
De'Andre Hunter,Milwaukee Bucks @ Cleveland Cavaliers,2025-10-26T22:00:00Z,player_rebounds,3.5,fanatics,2025-10-26T14:55:12Z,2025-10-26T14:55:22Z,-140.0,105.0
Jarrett Allen,Milwaukee Bucks @ Cleveland Cavaliers,2025-10-26T22:00:00Z,player_rebounds,9.5,fanatics,2025-10-26T14:55:12Z,2025-10-26T14:55:22Z,-115.0,-115.0
Evan Mobley,Milwaukee Bucks @ Cleveland Cavaliers,2025-10-26T22:00:00Z,player_rebounds,9.5,fanatics,2025-10-26T14:55:12Z,2025-10-26T14:55:22Z,-105.0,-125.0
Sam Merrill,Milwaukee Bucks @ Cleveland Cavaliers,2025-10-26T22:00:00Z,player_rebounds,2.5,fanatics,2025-10-26T14:55:12Z,2025-10-26T14:55:22Z,-165.0,120.0
Bobby Portis,Milwaukee Bucks @ Cleveland Cavaliers,2025-10-26T22:00:00Z,player_rebounds,6.5,fanatics,2025-10-26T14:55:12Z,2025-10-26T14:55:22Z,-115.0,-115.0
Cole Anthony,Milwaukee Bucks @ Cleveland Cavaliers,2025-10-26T22:00:00Z,player_rebounds,3.5,fanatics,2025-10-26T14:55:12Z,2025-10-26T14:55:22Z,100.0,-130.0
Dean Wade,Milwaukee Bucks @ Cleveland Cavaliers,2025-10-26T22:00:00Z,player_rebounds,4.5,fanatics,2025-10-26T14:55:12Z,2025-10-26T14:55:22Z,105.0,-140.0
Lonzo Ball,Milwaukee Bucks @ Cleveland Cavaliers,2025-10-26T22:00:00Z,player_rebounds,3.5,fanatics,2025-10-26T14:55:12Z,2025-10-26T14:55:22Z,120.0,-165.0
Kyle Kuzma,Milwaukee Bucks @ Cleveland Cavaliers,2025-10-26T22:00:00Z,player_rebounds,3.5,fanatics,2025-10-26T14:55:12Z,2025-10-26T14:55:22Z,-150.0,115.0
Gary Trent Jr,Milwaukee Bucks @ Cleveland Cavaliers,2025-10-26T22:00:00Z,player_threes,3.5,fanatics,2025-10-26T14:55:12Z,2025-10-26T14:55:22Z,110.0,-145.0
Giannis Antetokounmpo,Milwaukee Bucks @ Cleveland Cavaliers,2025-10-26T22:00:00Z,player_threes,0.5,fanatics,2025-10-26T14:55:12Z,2025-10-26T14:55:22Z,100.0,-130.0
A.J. Green,Milwaukee Bucks @ Cleveland Cavaliers,2025-10-26T22:00:00Z,player_threes,2.5,fanatics,2025-10-26T14:55:12Z,2025-10-26T14:55:22Z,110.0,-145.0
Ryan Rollins,Milwaukee Bucks @ Cleveland Cavaliers,2025-10-26T22:00:00Z,player_threes,1.5,fanatics,2025-10-26T14:55:12Z,2025-10-26T14:55:22Z,-115.0,-115.0
Myles Turner,Milwaukee Bucks @ Cleveland Cavaliers,2025-10-26T22:00:00Z,player_threes,1.5,fanatics,2025-10-26T14:55:12Z,2025-10-26T14:55:22Z,-150.0,115.0
De'Andre Hunter,Milwaukee Bucks @ Cleveland Cavaliers,2025-10-26T22:00:00Z,player_threes,2.5,fanatics,2025-10-26T14:55:12Z,2025-10-26T14:55:22Z,130.0,-190.0
Evan Mobley,Milwaukee Bucks @ Cleveland Cavaliers,2025-10-26T22:00:00Z,player_threes,1.5,fanatics,2025-10-26T14:55:12Z,2025-10-26T14:55:22Z,100.0,-130.0
Sam Merrill,Milwaukee Bucks @ Cleveland Cavaliers,2025-10-26T22:00:00Z,player_threes,2.5,fanatics,2025-10-26T14:55:12Z,2025-10-26T14:55:22Z,-175.0,125.0
Donovan Mitchell,Milwaukee Bucks @ Cleveland Cavaliers,2025-10-26T22:00:00Z,player_threes,3.5,fanatics,2025-10-26T14:55:12Z,2025-10-26T14:55:22Z,-130.0,100.0
Cole Anthony,Milwaukee Bucks @ Cleveland Cavaliers,2025-10-26T22:00:00Z,player_threes,1.5,fanatics,2025-10-26T14:55:12Z,2025-10-26T14:55:22Z,100.0,-130.0
Bobby Portis,Milwaukee Bucks @ Cleveland Cavaliers,2025-10-26T22:00:00Z,player_threes,1.5,fanatics,2025-10-26T14:55:12Z,2025-10-26T14:55:22Z,125.0,-175.0
Dean Wade,Milwaukee Bucks @ Cleveland Cavaliers,2025-10-26T22:00:00Z,player_threes,1.5,fanatics,2025-10-26T14:55:12Z,2025-10-26T14:55:22Z,-120.0,-110.0
Lonzo Ball,Milwaukee Bucks @ Cleveland Cavaliers,2025-10-26T22:00:00Z,player_threes,1.5,fanatics,2025-10-26T14:55:12Z,2025-10-26T14:55:22Z,105.0,-140.0
Kyle Kuzma,Milwaukee Bucks @ Cleveland Cavaliers,2025-10-26T22:00:00Z,player_threes,0.5,fanatics,2025-10-26T14:55:12Z,2025-10-26T14:55:22Z,-190.0,130.0
Giannis Antetokounmpo,Milwaukee Bucks @ Cleveland Cavaliers,2025-10-26T22:00:00Z,player_triple_double,,fanatics,2025-10-26T14:55:12Z,2025-10-26T14:55:22Z,,
A.J. Green,Milwaukee Bucks @ Cleveland Cavaliers,2025-10-26T22:00:00Z,player_assists,1.5,williamhill_us,2025-10-26T14:54:39Z,2025-10-26T14:55:53Z,-132.0,-103.0
De'Andre Hunter,Milwaukee Bucks @ Cleveland Cavaliers,2025-10-26T22:00:00Z,player_assists,1.5,williamhill_us,2025-10-26T14:54:39Z,2025-10-26T14:55:53Z,-136.0,100.0
Sam Merrill,Milwaukee Bucks @ Cleveland Cavaliers,2025-10-26T22:00:00Z,player_assists,2.5,williamhill_us,2025-10-26T14:54:39Z,2025-10-26T14:55:53Z,-117.0,-115.0
Lonzo Ball,Milwaukee Bucks @ Cleveland Cavaliers,2025-10-26T22:00:00Z,player_assists,4.5,williamhill_us,2025-10-26T14:54:39Z,2025-10-26T14:55:53Z,-145.0,105.0
Gary Trent Jr,Milwaukee Bucks @ Cleveland Cavaliers,2025-10-26T22:00:00Z,player_assists,1.5,williamhill_us,2025-10-26T14:54:39Z,2025-10-26T14:55:53Z,-129.0,-106.0
Giannis Antetokounmpo,Milwaukee Bucks @ Cleveland Cavaliers,2025-10-26T22:00:00Z,player_assists,7.5,williamhill_us,2025-10-26T14:54:39Z,2025-10-26T14:55:53Z,100.0,-141.0
Cole Anthony,Milwaukee Bucks @ Cleveland Cavaliers,2025-10-26T22:00:00Z,player_assists,3.5,williamhill_us,2025-10-26T14:54:39Z,2025-10-26T14:55:53Z,-162.0,120.0
Evan Mobley,Milwaukee Bucks @ Cleveland Cavaliers,2025-10-26T22:00:00Z,player_assists,3.5,williamhill_us,2025-10-26T14:54:39Z,2025-10-26T14:55:53Z,-120.0,-113.0
Myles Turner,Milwaukee Bucks @ Cleveland Cavaliers,2025-10-26T22:00:00Z,player_assists,1.5,williamhill_us,2025-10-26T14:54:39Z,2025-10-26T14:55:53Z,-124.0,-109.0
Jarrett Allen,Milwaukee Bucks @ Cleveland Cavaliers,2025-10-26T22:00:00Z,player_assists,2.5,williamhill_us,2025-10-26T14:54:39Z,2025-10-26T14:55:53Z,140.0,-193.0
Donovan Mitchell,Milwaukee Bucks @ Cleveland Cavaliers,2025-10-26T22:00:00Z,player_assists,5.5,williamhill_us,2025-10-26T14:54:39Z,2025-10-26T14:55:53Z,-141.0,105.0
Ryan Rollins,Milwaukee Bucks @ Cleveland Cavaliers,2025-10-26T22:00:00Z,player_assists,3.5,williamhill_us,2025-10-26T14:54:39Z,2025-10-26T14:55:53Z,-125.0,-108.0
Giannis Antetokounmpo,Milwaukee Bucks @ Cleveland Cavaliers,2025-10-26T22:00:00Z,player_double_double,,williamhill_us,2025-10-26T14:54:39Z,2025-10-26T14:55:53Z,,
Evan Mobley,Milwaukee Bucks @ Cleveland Cavaliers,2025-10-26T22:00:00Z,player_double_double,,williamhill_us,2025-10-26T14:54:39Z,2025-10-26T14:55:53Z,,
Jarrett Allen,Milwaukee Bucks @ Cleveland Cavaliers,2025-10-26T22:00:00Z,player_double_double,,williamhill_us,2025-10-26T14:54:39Z,2025-10-26T14:55:53Z,,
Bobby Portis,Milwaukee Bucks @ Cleveland Cavaliers,2025-10-26T22:00:00Z,player_double_double,,williamhill_us,2025-10-26T14:54:39Z,2025-10-26T14:55:53Z,,
Donovan Mitchell,Milwaukee Bucks @ Cleveland Cavaliers,2025-10-26T22:00:00Z,player_double_double,,williamhill_us,2025-10-26T14:54:39Z,2025-10-26T14:55:53Z,,
Myles Turner,Milwaukee Bucks @ Cleveland Cavaliers,2025-10-26T22:00:00Z,player_double_double,,williamhill_us,2025-10-26T14:54:39Z,2025-10-26T14:55:53Z,,
Sam Merrill,Milwaukee Bucks @ Cleveland Cavaliers,2025-10-26T22:00:00Z,player_points,11.5,williamhill_us,2025-10-26T14:54:39Z,2025-10-26T14:55:53Z,-113.0,-120.0
Myles Turner,Milwaukee Bucks @ Cleveland Cavaliers,2025-10-26T22:00:00Z,player_points,13.5,williamhill_us,2025-10-26T14:54:39Z,2025-10-26T14:55:53Z,-124.0,-108.0
Kyle Kuzma,Milwaukee Bucks @ Cleveland Cavaliers,2025-10-26T22:00:00Z,player_points,10.5,williamhill_us,2025-10-26T14:54:39Z,2025-10-26T14:55:53Z,-104.0,-130.0
Jarrett Allen,Milwaukee Bucks @ Cleveland Cavaliers,2025-10-26T22:00:00Z,player_points,13.5,williamhill_us,2025-10-26T14:54:39Z,2025-10-26T14:55:53Z,-121.0,-112.0
De'Andre Hunter,Milwaukee Bucks @ Cleveland Cavaliers,2025-10-26T22:00:00Z,player_points,14.5,williamhill_us,2025-10-26T14:54:39Z,2025-10-26T14:55:53Z,-122.0,-110.0
Ryan Rollins,Milwaukee Bucks @ Cleveland Cavaliers,2025-10-26T22:00:00Z,player_points,10.5,williamhill_us,2025-10-26T14:54:39Z,2025-10-26T14:55:53Z,-125.0,-107.0
Donovan Mitchell,Milwaukee Bucks @ Cleveland Cavaliers,2025-10-26T22:00:00Z,player_points,28.5,williamhill_us,2025-10-26T14:54:39Z,2025-10-26T14:55:53Z,-122.0,-110.0
Evan Mobley,Milwaukee Bucks @ Cleveland Cavaliers,2025-10-26T22:00:00Z,player_points,19.5,williamhill_us,2025-10-26T14:54:39Z,2025-10-26T14:55:53Z,-115.0,-117.0
Gary Trent Jr,Milwaukee Bucks @ Cleveland Cavaliers,2025-10-26T22:00:00Z,player_points,13.5,williamhill_us,2025-10-26T14:54:39Z,2025-10-26T14:55:53Z,-120.0,-113.0
Giannis Antetokounmpo,Milwaukee Bucks @ Cleveland Cavaliers,2025-10-26T22:00:00Z,player_points,30.5,williamhill_us,2025-10-26T14:54:39Z,2025-10-26T14:55:53Z,-115.0,-118.0
Bobby Portis,Milwaukee Bucks @ Cleveland Cavaliers,2025-10-26T22:00:00Z,player_points,11.5,williamhill_us,2025-10-26T14:54:39Z,2025-10-26T14:55:53Z,-104.0,-130.0
A.J. Green,Milwaukee Bucks @ Cleveland Cavaliers,2025-10-26T22:00:00Z,player_points,8.5,williamhill_us,2025-10-26T14:54:39Z,2025-10-26T14:55:53Z,-125.0,-108.0
Cole Anthony,Milwaukee Bucks @ Cleveland Cavaliers,2025-10-26T22:00:00Z,player_points,11.5,williamhill_us,2025-10-26T14:54:39Z,2025-10-26T14:55:53Z,-113.0,-120.0
Myles Turner,Milwaukee Bucks @ Cleveland Cavaliers,2025-10-26T22:00:00Z,player_rebounds,5.5,williamhill_us,2025-10-26T14:54:39Z,2025-10-26T14:55:53Z,-136.0,100.0
Dean Wade,Milwaukee Bucks @ Cleveland Cavaliers,2025-10-26T22:00:00Z,player_rebounds,4.5,williamhill_us,2025-10-26T14:54:39Z,2025-10-26T14:55:53Z,100.0,-139.0
Bobby Portis,Milwaukee Bucks @ Cleveland Cavaliers,2025-10-26T22:00:00Z,player_rebounds,6.5,williamhill_us,2025-10-26T14:54:39Z,2025-10-26T14:55:53Z,-124.0,-109.0
Donovan Mitchell,Milwaukee Bucks @ Cleveland Cavaliers,2025-10-26T22:00:00Z,player_rebounds,3.5,williamhill_us,2025-10-26T14:54:39Z,2025-10-26T14:55:53Z,-173.0,125.0
Gary Trent Jr,Milwaukee Bucks @ Cleveland Cavaliers,2025-10-26T22:00:00Z,player_rebounds,2.5,williamhill_us,2025-10-26T14:54:39Z,2025-10-26T14:55:53Z,-125.0,-107.0
Cole Anthony,Milwaukee Bucks @ Cleveland Cavaliers,2025-10-26T22:00:00Z,player_rebounds,3.5,williamhill_us,2025-10-26T14:54:39Z,2025-10-26T14:55:53Z,100.0,-139.0
Evan Mobley,Milwaukee Bucks @ Cleveland Cavaliers,2025-10-26T22:00:00Z,player_rebounds,9.5,williamhill_us,2025-10-26T14:54:39Z,2025-10-26T14:55:53Z,-107.0,-127.0
Ryan Rollins,Milwaukee Bucks @ Cleveland Cavaliers,2025-10-26T22:00:00Z,player_rebounds,3.5,williamhill_us,2025-10-26T14:54:39Z,2025-10-26T14:55:53Z,-106.0,-127.0
Lonzo Ball,Milwaukee Bucks @ Cleveland Cavaliers,2025-10-26T22:00:00Z,player_rebounds,3.5,williamhill_us,2025-10-26T14:54:39Z,2025-10-26T14:55:53Z,115.0,-162.0
A.J. Green,Milwaukee Bucks @ Cleveland Cavaliers,2025-10-26T22:00:00Z,player_rebounds,2.5,williamhill_us,2025-10-26T14:54:39Z,2025-10-26T14:55:53Z,-110.0,-122.0
Giannis Antetokounmpo,Milwaukee Bucks @ Cleveland Cavaliers,2025-10-26T22:00:00Z,player_rebounds,11.5,williamhill_us,2025-10-26T14:54:39Z,2025-10-26T14:55:53Z,-139.0,100.0
Jarrett Allen,Milwaukee Bucks @ Cleveland Cavaliers,2025-10-26T22:00:00Z,player_rebounds,9.5,williamhill_us,2025-10-26T14:54:39Z,2025-10-26T14:55:53Z,-108.0,-125.0
De'Andre Hunter,Milwaukee Bucks @ Cleveland Cavaliers,2025-10-26T22:00:00Z,player_rebounds,3.5,williamhill_us,2025-10-26T14:54:39Z,2025-10-26T14:55:53Z,-141.0,100.0
Sam Merrill,Milwaukee Bucks @ Cleveland Cavaliers,2025-10-26T22:00:00Z,player_rebounds,2.5,williamhill_us,2025-10-26T14:54:39Z,2025-10-26T14:55:53Z,-157.0,115.0
Kyle Kuzma,Milwaukee Bucks @ Cleveland Cavaliers,2025-10-26T22:00:00Z,player_rebounds,3.5,williamhill_us,2025-10-26T14:54:39Z,2025-10-26T14:55:53Z,-150.0,110.0
Cole Anthony,Milwaukee Bucks @ Cleveland Cavaliers,2025-10-26T22:00:00Z,player_threes,1.5,williamhill_us,2025-10-26T14:54:39Z,2025-10-26T14:55:53Z,100.0,-136.0
Dean Wade,Milwaukee Bucks @ Cleveland Cavaliers,2025-10-26T22:00:00Z,player_threes,1.5,williamhill_us,2025-10-26T14:54:39Z,2025-10-26T14:55:53Z,-118.0,-114.0
Gary Trent Jr,Milwaukee Bucks @ Cleveland Cavaliers,2025-10-26T22:00:00Z,player_threes,3.5,williamhill_us,2025-10-26T14:54:39Z,2025-10-26T14:55:53Z,110.0,-154.0
A.J. Green,Milwaukee Bucks @ Cleveland Cavaliers,2025-10-26T22:00:00Z,player_threes,2.5,williamhill_us,2025-10-26T14:54:39Z,2025-10-26T14:55:53Z,105.0,-148.0
Lonzo Ball,Milwaukee Bucks @ Cleveland Cavaliers,2025-10-26T22:00:00Z,player_threes,1.5,williamhill_us,2025-10-26T14:54:39Z,2025-10-26T14:55:53Z,100.0,-139.0
Donovan Mitchell,Milwaukee Bucks @ Cleveland Cavaliers,2025-10-26T22:00:00Z,player_threes,3.5,williamhill_us,2025-10-26T14:54:39Z,2025-10-26T14:55:53Z,-132.0,-103.0
Bobby Portis,Milwaukee Bucks @ Cleveland Cavaliers,2025-10-26T22:00:00Z,player_threes,1.5,williamhill_us,2025-10-26T14:54:39Z,2025-10-26T14:55:53Z,125.0,-173.0
De'Andre Hunter,Milwaukee Bucks @ Cleveland Cavaliers,2025-10-26T22:00:00Z,player_threes,1.5,williamhill_us,2025-10-26T14:54:39Z,2025-10-26T14:55:53Z,-200.0,145.0
Evan Mobley,Milwaukee Bucks @ Cleveland Cavaliers,2025-10-26T22:00:00Z,player_threes,1.5,williamhill_us,2025-10-26T14:54:39Z,2025-10-26T14:55:53Z,105.0,-141.0
Sam Merrill,Milwaukee Bucks @ Cleveland Cavaliers,2025-10-26T22:00:00Z,player_threes,2.5,williamhill_us,2025-10-26T14:54:39Z,2025-10-26T14:55:53Z,-160.0,121.0
Ryan Rollins,Milwaukee Bucks @ Cleveland Cavaliers,2025-10-26T22:00:00Z,player_threes,1.5,williamhill_us,2025-10-26T14:54:39Z,2025-10-26T14:55:53Z,-125.0,-108.0
Kyle Kuzma,Milwaukee Bucks @ Cleveland Cavaliers,2025-10-26T22:00:00Z,player_threes,0.5,williamhill_us,2025-10-26T14:54:39Z,2025-10-26T14:55:53Z,-190.0,135.0
Giannis Antetokounmpo,Milwaukee Bucks @ Cleveland Cavaliers,2025-10-26T22:00:00Z,player_threes,0.5,williamhill_us,2025-10-26T14:54:39Z,2025-10-26T14:55:53Z,-107.0,-127.0
Myles Turner,Milwaukee Bucks @ Cleveland Cavaliers,2025-10-26T22:00:00Z,player_threes,1.5,williamhill_us,2025-10-26T14:54:39Z,2025-10-26T14:55:53Z,-152.0,110.0
Giannis Antetokounmpo,Milwaukee Bucks @ Cleveland Cavaliers,2025-10-26T22:00:00Z,player_triple_double,,williamhill_us,2025-10-26T14:54:39Z,2025-10-26T14:55:53Z,,
Giannis Antetokounmpo,Milwaukee Bucks @ Cleveland Cavaliers,2025-10-26T22:00:00Z,player_assists,7.5,fanduel,2025-10-26T14:55:09Z,2025-10-26T14:56:06Z,104.0,-138.0
Donovan Mitchell,Milwaukee Bucks @ Cleveland Cavaliers,2025-10-26T22:00:00Z,player_assists,5.5,fanduel,2025-10-26T14:55:09Z,2025-10-26T14:56:06Z,-148.0,112.0
Ryan Rollins,Milwaukee Bucks @ Cleveland Cavaliers,2025-10-26T22:00:00Z,player_assists,3.5,fanduel,2025-10-26T14:55:09Z,2025-10-26T14:56:06Z,-136.0,102.0
Evan Mobley,Milwaukee Bucks @ Cleveland Cavaliers,2025-10-26T22:00:00Z,player_assists,3.5,fanduel,2025-10-26T14:55:09Z,2025-10-26T14:56:06Z,-125.0,-106.0
Giannis Antetokounmpo,Milwaukee Bucks @ Cleveland Cavaliers,2025-10-26T22:00:00Z,player_double_double,,fanduel,2025-10-26T14:55:09Z,2025-10-26T14:56:06Z,,
Evan Mobley,Milwaukee Bucks @ Cleveland Cavaliers,2025-10-26T22:00:00Z,player_double_double,,fanduel,2025-10-26T14:55:09Z,2025-10-26T14:56:06Z,,
Jarrett Allen,Milwaukee Bucks @ Cleveland Cavaliers,2025-10-26T22:00:00Z,player_double_double,,fanduel,2025-10-26T14:55:09Z,2025-10-26T14:56:06Z,,
Bobby Portis,Milwaukee Bucks @ Cleveland Cavaliers,2025-10-26T22:00:00Z,player_double_double,,fanduel,2025-10-26T14:55:09Z,2025-10-26T14:56:06Z,,
Donovan Mitchell,Milwaukee Bucks @ Cleveland Cavaliers,2025-10-26T22:00:00Z,player_double_double,,fanduel,2025-10-26T14:55:09Z,2025-10-26T14:56:06Z,,
Myles Turner,Milwaukee Bucks @ Cleveland Cavaliers,2025-10-26T22:00:00Z,player_double_double,,fanduel,2025-10-26T14:55:09Z,2025-10-26T14:56:06Z,,
De'Andre Hunter,Milwaukee Bucks @ Cleveland Cavaliers,2025-10-26T22:00:00Z,player_double_double,,fanduel,2025-10-26T14:55:09Z,2025-10-26T14:56:06Z,,
Ryan Rollins,Milwaukee Bucks @ Cleveland Cavaliers,2025-10-26T22:00:00Z,player_double_double,,fanduel,2025-10-26T14:55:09Z,2025-10-26T14:56:06Z,,
De'Andre Hunter,Milwaukee Bucks @ Cleveland Cavaliers,2025-10-26T22:00:00Z,player_points,14.5,fanduel,2025-10-26T14:55:09Z,2025-10-26T14:56:06Z,-118.0,-112.0
Bobby Portis,Milwaukee Bucks @ Cleveland Cavaliers,2025-10-26T22:00:00Z,player_points,10.5,fanduel,2025-10-26T14:55:09Z,2025-10-26T14:56:06Z,-130.0,-102.0
A.J. Green,Milwaukee Bucks @ Cleveland Cavaliers,2025-10-26T22:00:00Z,player_points,8.5,fanduel,2025-10-26T14:55:09Z,2025-10-26T14:56:06Z,-130.0,-102.0
Donovan Mitchell,Milwaukee Bucks @ Cleveland Cavaliers,2025-10-26T22:00:00Z,player_points,28.5,fanduel,2025-10-26T14:55:09Z,2025-10-26T14:56:06Z,-104.0,-128.0
Gary Trent Jr,Milwaukee Bucks @ Cleveland Cavaliers,2025-10-26T22:00:00Z,player_points,13.5,fanduel,2025-10-26T14:55:09Z,2025-10-26T14:56:06Z,-102.0,-130.0
Jarrett Allen,Milwaukee Bucks @ Cleveland Cavaliers,2025-10-26T22:00:00Z,player_points,13.5,fanduel,2025-10-26T14:55:09Z,2025-10-26T14:56:06Z,-108.0,-122.0
Ryan Rollins,Milwaukee Bucks @ Cleveland Cavaliers,2025-10-26T22:00:00Z,player_points,11.5,fanduel,2025-10-26T14:55:09Z,2025-10-26T14:56:06Z,102.0,-136.0
Myles Turner,Milwaukee Bucks @ Cleveland Cavaliers,2025-10-26T22:00:00Z,player_points,13.5,fanduel,2025-10-26T14:55:09Z,2025-10-26T14:56:06Z,-122.0,-108.0
Evan Mobley,Milwaukee Bucks @ Cleveland Cavaliers,2025-10-26T22:00:00Z,player_points,18.5,fanduel,2025-10-26T14:55:09Z,2025-10-26T14:56:06Z,-130.0,-102.0
Giannis Antetokounmpo,Milwaukee Bucks @ Cleveland Cavaliers,2025-10-26T22:00:00Z,player_points,30.5,fanduel,2025-10-26T14:55:09Z,2025-10-26T14:56:06Z,-112.0,-118.0
Sam Merrill,Milwaukee Bucks @ Cleveland Cavaliers,2025-10-26T22:00:00Z,player_points,11.5,fanduel,2025-10-26T14:55:09Z,2025-10-26T14:56:06Z,-104.0,-128.0
Ryan Rollins,Milwaukee Bucks @ Cleveland Cavaliers,2025-10-26T22:00:00Z,player_points_rebounds_assists,18.5,fanduel,2025-10-26T14:55:09Z,2025-10-26T14:56:06Z,-118.0,-112.0
Evan Mobley,Milwaukee Bucks @ Cleveland Cavaliers,2025-10-26T22:00:00Z,player_points_rebounds_assists,32.5,fanduel,2025-10-26T14:55:09Z,2025-10-26T14:56:06Z,-104.0,-128.0
Donovan Mitchell,Milwaukee Bucks @ Cleveland Cavaliers,2025-10-26T22:00:00Z,player_points_rebounds_assists,38.5,fanduel,2025-10-26T14:55:09Z,2025-10-26T14:56:06Z,-114.0,-114.0
Giannis Antetokounmpo,Milwaukee Bucks @ Cleveland Cavaliers,2025-10-26T22:00:00Z,player_points_rebounds_assists,50.5,fanduel,2025-10-26T14:55:09Z,2025-10-26T14:56:06Z,-110.0,-120.0
Giannis Antetokounmpo,Milwaukee Bucks @ Cleveland Cavaliers,2025-10-26T22:00:00Z,player_rebounds,11.5,fanduel,2025-10-26T14:55:09Z,2025-10-26T14:56:06Z,-146.0,110.0
Bobby Portis,Milwaukee Bucks @ Cleveland Cavaliers,2025-10-26T22:00:00Z,player_rebounds,6.5,fanduel,2025-10-26T14:55:09Z,2025-10-26T14:56:06Z,-118.0,-112.0
Evan Mobley,Milwaukee Bucks @ Cleveland Cavaliers,2025-10-26T22:00:00Z,player_rebounds,9.5,fanduel,2025-10-26T14:55:09Z,2025-10-26T14:56:06Z,102.0,-136.0
De'Andre Hunter,Milwaukee Bucks @ Cleveland Cavaliers,2025-10-26T22:00:00Z,player_rebounds,3.5,fanduel,2025-10-26T14:55:09Z,2025-10-26T14:56:06Z,-152.0,114.0
Myles Turner,Milwaukee Bucks @ Cleveland Cavaliers,2025-10-26T22:00:00Z,player_rebounds,5.5,fanduel,2025-10-26T14:55:09Z,2025-10-26T14:56:06Z,-132.0,100.0
Jarrett Allen,Milwaukee Bucks @ Cleveland Cavaliers,2025-10-26T22:00:00Z,player_rebounds,8.5,fanduel,2025-10-26T14:55:09Z,2025-10-26T14:56:06Z,-152.0,114.0
Ryan Rollins,Milwaukee Bucks @ Cleveland Cavaliers,2025-10-26T22:00:00Z,player_rebounds,3.5,fanduel,2025-10-26T14:55:09Z,2025-10-26T14:56:06Z,-114.0,-114.0
Gary Trent Jr,Milwaukee Bucks @ Cleveland Cavaliers,2025-10-26T22:00:00Z,player_rebounds,2.5,fanduel,2025-10-26T14:55:09Z,2025-10-26T14:56:06Z,-140.0,106.0
Donovan Mitchell,Milwaukee Bucks @ Cleveland Cavaliers,2025-10-26T22:00:00Z,player_rebounds,3.5,fanduel,2025-10-26T14:55:09Z,2025-10-26T14:56:06Z,-166.0,124.0
Donovan Mitchell,Milwaukee Bucks @ Cleveland Cavaliers,2025-10-26T22:00:00Z,player_threes,3.5,fanduel,2025-10-26T14:55:09Z,2025-10-26T14:56:06Z,-114.0,-114.0
Myles Turner,Milwaukee Bucks @ Cleveland Cavaliers,2025-10-26T22:00:00Z,player_threes,1.5,fanduel,2025-10-26T14:55:09Z,2025-10-26T14:56:06Z,-146.0,110.0
Gary Trent Jr,Milwaukee Bucks @ Cleveland Cavaliers,2025-10-26T22:00:00Z,player_threes,3.5,fanduel,2025-10-26T14:55:09Z,2025-10-26T14:56:06Z,122.0,-162.0
A.J. Green,Milwaukee Bucks @ Cleveland Cavaliers,2025-10-26T22:00:00Z,player_threes,2.5,fanduel,2025-10-26T14:55:09Z,2025-10-26T14:56:06Z,110.0,-146.0
Ryan Rollins,Milwaukee Bucks @ Cleveland Cavaliers,2025-10-26T22:00:00Z,player_threes,1.5,fanduel,2025-10-26T14:55:09Z,2025-10-26T14:56:06Z,-114.0,-114.0
Evan Mobley,Milwaukee Bucks @ Cleveland Cavaliers,2025-10-26T22:00:00Z,player_threes,1.5,fanduel,2025-10-26T14:55:09Z,2025-10-26T14:56:06Z,108.0,-144.0
De'Andre Hunter,Milwaukee Bucks @ Cleveland Cavaliers,2025-10-26T22:00:00Z,player_threes,1.5,fanduel,2025-10-26T14:55:09Z,2025-10-26T14:56:06Z,-200.0,148.0
Sam Merrill,Milwaukee Bucks @ Cleveland Cavaliers,2025-10-26T22:00:00Z,player_threes,2.5,fanduel,2025-10-26T14:55:09Z,2025-10-26T14:56:06Z,-172.0,128.0
Giannis Antetokounmpo,Milwaukee Bucks @ Cleveland Cavaliers,2025-10-26T22:00:00Z,player_triple_double,,fanduel,2025-10-26T14:55:09Z,2025-10-26T14:56:06Z,,
Evan Mobley,Milwaukee Bucks @ Cleveland Cavaliers,2025-10-26T22:00:00Z,player_triple_double,,fanduel,2025-10-26T14:55:09Z,2025-10-26T14:56:06Z,,
Ryan Rollins,Milwaukee Bucks @ Cleveland Cavaliers,2025-10-26T22:00:00Z,player_assists,3.5,betrivers,2025-10-26T14:55:09Z,2025-10-26T14:55:32Z,100.0,-134.0
Giannis Antetokounmpo,Milwaukee Bucks @ Cleveland Cavaliers,2025-10-26T22:00:00Z,player_assists,6.5,betrivers,2025-10-26T14:55:09Z,2025-10-26T14:55:32Z,-141.0,107.0
Donovan Mitchell,Milwaukee Bucks @ Cleveland Cavaliers,2025-10-26T22:00:00Z,player_assists,5.5,betrivers,2025-10-26T14:55:09Z,2025-10-26T14:55:32Z,-125.0,-107.0
Evan Mobley,Milwaukee Bucks @ Cleveland Cavaliers,2025-10-26T22:00:00Z,player_assists,3.5,betrivers,2025-10-26T14:55:09Z,2025-10-26T14:55:32Z,-125.0,-106.0
Ryan Rollins,Milwaukee Bucks @ Cleveland Cavaliers,2025-10-26T22:00:00Z,player_points,10.5,betrivers,2025-10-26T14:55:09Z,2025-10-26T14:55:32Z,-112.0,-120.0
De'Andre Hunter,Milwaukee Bucks @ Cleveland Cavaliers,2025-10-26T22:00:00Z,player_points,14.5,betrivers,2025-10-26T14:55:09Z,2025-10-26T14:55:32Z,-121.0,-109.0
Myles Turner,Milwaukee Bucks @ Cleveland Cavaliers,2025-10-26T22:00:00Z,player_points,13.5,betrivers,2025-10-26T14:55:09Z,2025-10-26T14:55:32Z,-117.0,-114.0
Bobby Portis,Milwaukee Bucks @ Cleveland Cavaliers,2025-10-26T22:00:00Z,player_points,10.5,betrivers,2025-10-26T14:55:09Z,2025-10-26T14:55:32Z,-122.0,-109.0
Giannis Antetokounmpo,Milwaukee Bucks @ Cleveland Cavaliers,2025-10-26T22:00:00Z,player_points,30.5,betrivers,2025-10-26T14:55:09Z,2025-10-26T14:55:32Z,-117.0,-114.0
Jarrett Allen,Milwaukee Bucks @ Cleveland Cavaliers,2025-10-26T22:00:00Z,player_points,13.5,betrivers,2025-10-26T14:55:09Z,2025-10-26T14:55:32Z,-110.0,-121.0
Sam Merrill,Milwaukee Bucks @ Cleveland Cavaliers,2025-10-26T22:00:00Z,player_points,11.5,betrivers,2025-10-26T14:55:09Z,2025-10-26T14:55:32Z,-109.0,-121.0
Donovan Mitchell,Milwaukee Bucks @ Cleveland Cavaliers,2025-10-26T22:00:00Z,player_points,28.5,betrivers,2025-10-26T14:55:09Z,2025-10-26T14:55:32Z,-121.0,-110.0
Evan Mobley,Milwaukee Bucks @ Cleveland Cavaliers,2025-10-26T22:00:00Z,player_points,18.5,betrivers,2025-10-26T14:55:09Z,2025-10-26T14:55:32Z,-122.0,-109.0
A.J. Green,Milwaukee Bucks @ Cleveland Cavaliers,2025-10-26T22:00:00Z,player_points,8.5,betrivers,2025-10-26T14:55:09Z,2025-10-26T14:55:32Z,-121.0,-110.0
Gary Trent Jr,Milwaukee Bucks @ Cleveland Cavaliers,2025-10-26T22:00:00Z,player_points,13.5,betrivers,2025-10-26T14:55:09Z,2025-10-26T14:55:32Z,-110.0,-121.0
Evan Mobley,Milwaukee Bucks @ Cleveland Cavaliers,2025-10-26T22:00:00Z,player_points_rebounds_assists,32.5,betrivers,2025-10-26T14:55:09Z,2025-10-26T14:55:32Z,-114.0,-117.0
Ryan Rollins,Milwaukee Bucks @ Cleveland Cavaliers,2025-10-26T22:00:00Z,player_points_rebounds_assists,17.5,betrivers,2025-10-26T14:55:09Z,2025-10-26T14:55:32Z,-118.0,-113.0
Donovan Mitchell,Milwaukee Bucks @ Cleveland Cavaliers,2025-10-26T22:00:00Z,player_points_rebounds_assists,39.5,betrivers,2025-10-26T14:55:09Z,2025-10-26T14:55:32Z,-109.0,-121.0
Giannis Antetokounmpo,Milwaukee Bucks @ Cleveland Cavaliers,2025-10-26T22:00:00Z,player_points_rebounds_assists,50.5,betrivers,2025-10-26T14:55:09Z,2025-10-26T14:55:32Z,-114.0,-117.0
Jarrett Allen,Milwaukee Bucks @ Cleveland Cavaliers,2025-10-26T22:00:00Z,player_rebounds,8.5,betrivers,2025-10-26T14:55:09Z,2025-10-26T14:55:32Z,-139.0,105.0
Bobby Portis,Milwaukee Bucks @ Cleveland Cavaliers,2025-10-26T22:00:00Z,player_rebounds,6.5,betrivers,2025-10-26T14:55:09Z,2025-10-26T14:55:32Z,-122.0,-109.0
Ryan Rollins,Milwaukee Bucks @ Cleveland Cavaliers,2025-10-26T22:00:00Z,player_rebounds,3.5,betrivers,2025-10-26T14:55:09Z,2025-10-26T14:55:32Z,100.0,-132.0
Gary Trent Jr,Milwaukee Bucks @ Cleveland Cavaliers,2025-10-26T22:00:00Z,player_rebounds,2.5,betrivers,2025-10-26T14:55:09Z,2025-10-26T14:55:32Z,-115.0,-115.0
Donovan Mitchell,Milwaukee Bucks @ Cleveland Cavaliers,2025-10-26T22:00:00Z,player_rebounds,3.5,betrivers,2025-10-26T14:55:09Z,2025-10-26T14:55:32Z,-143.0,110.0
Evan Mobley,Milwaukee Bucks @ Cleveland Cavaliers,2025-10-26T22:00:00Z,player_rebounds,9.5,betrivers,2025-10-26T14:55:09Z,2025-10-26T14:55:32Z,100.0,-134.0
Giannis Antetokounmpo,Milwaukee Bucks @ Cleveland Cavaliers,2025-10-26T22:00:00Z,player_rebounds,11.5,betrivers,2025-10-26T14:55:09Z,2025-10-26T14:55:32Z,-137.0,104.0
Myles Turner,Milwaukee Bucks @ Cleveland Cavaliers,2025-10-26T22:00:00Z,player_rebounds,5.5,betrivers,2025-10-26T14:55:09Z,2025-10-26T14:55:32Z,-150.0,112.0
De'Andre Hunter,Milwaukee Bucks @ Cleveland Cavaliers,2025-10-26T22:00:00Z,player_rebounds,3.5,betrivers,2025-10-26T14:55:09Z,2025-10-26T14:55:32Z,-157.0,118.0
Donovan Mitchell,Milwaukee Bucks @ Cleveland Cavaliers,2025-10-26T22:00:00Z,player_threes,3.5,betrivers,2025-10-26T14:55:09Z,2025-10-26T14:55:32Z,-115.0,-115.0
Myles Turner,Milwaukee Bucks @ Cleveland Cavaliers,2025-10-26T22:00:00Z,player_threes,1.5,betrivers,2025-10-26T14:55:09Z,2025-10-26T14:55:32Z,-129.0,-104.0
Evan Mobley,Milwaukee Bucks @ Cleveland Cavaliers,2025-10-26T22:00:00Z,player_threes,1.5,betrivers,2025-10-26T14:55:09Z,2025-10-26T14:55:32Z,107.0,-141.0
Sam Merrill,Milwaukee Bucks @ Cleveland Cavaliers,2025-10-26T22:00:00Z,player_threes,2.5,betrivers,2025-10-26T14:55:09Z,2025-10-26T14:55:32Z,-167.0,125.0
A.J. Green,Milwaukee Bucks @ Cleveland Cavaliers,2025-10-26T22:00:00Z,player_threes,2.5,betrivers,2025-10-26T14:55:09Z,2025-10-26T14:55:32Z,115.0,-152.0
Ryan Rollins,Milwaukee Bucks @ Cleveland Cavaliers,2025-10-26T22:00:00Z,player_threes,1.5,betrivers,2025-10-26T14:55:09Z,2025-10-26T14:55:32Z,-108.0,-124.0
De'Andre Hunter,Milwaukee Bucks @ Cleveland Cavaliers,2025-10-26T22:00:00Z,player_threes,1.5,betrivers,2025-10-26T14:55:09Z,2025-10-26T14:55:32Z,-186.0,138.0
Gary Trent Jr,Milwaukee Bucks @ Cleveland Cavaliers,2025-10-26T22:00:00Z,player_threes,3.5,betrivers,2025-10-26T14:55:09Z,2025-10-26T14:55:32Z,125.0,-167.0
Myles Turner,Milwaukee Bucks @ Cleveland Cavaliers,2025-10-26T22:00:00Z,player_assists,1.5,betmgm,2025-10-26T14:55:22Z,2025-10-26T14:55:27Z,-125.0,-105.0
Ryan Rollins,Milwaukee Bucks @ Cleveland Cavaliers,2025-10-26T22:00:00Z,player_assists,3.5,betmgm,2025-10-26T14:55:22Z,2025-10-26T14:55:27Z,-105.0,-130.0
Sam Merrill,Milwaukee Bucks @ Cleveland Cavaliers,2025-10-26T22:00:00Z,player_assists,2.5,betmgm,2025-10-26T14:55:22Z,2025-10-26T14:55:27Z,-110.0,-120.0
A.J. Green,Milwaukee Bucks @ Cleveland Cavaliers,2025-10-26T22:00:00Z,player_assists,1.5,betmgm,2025-10-26T14:55:22Z,2025-10-26T14:55:27Z,-135.0,100.0
Giannis Antetokounmpo,Milwaukee Bucks @ Cleveland Cavaliers,2025-10-26T22:00:00Z,player_assists,7.5,betmgm,2025-10-26T14:55:22Z,2025-10-26T14:55:27Z,100.0,-135.0
Evan Mobley,Milwaukee Bucks @ Cleveland Cavaliers,2025-10-26T22:00:00Z,player_assists,3.5,betmgm,2025-10-26T14:55:22Z,2025-10-26T14:55:27Z,-110.0,-118.0
De'Andre Hunter,Milwaukee Bucks @ Cleveland Cavaliers,2025-10-26T22:00:00Z,player_assists,1.5,betmgm,2025-10-26T14:55:22Z,2025-10-26T14:55:27Z,-120.0,-110.0
Gary Trent Jr,Milwaukee Bucks @ Cleveland Cavaliers,2025-10-26T22:00:00Z,player_assists,1.5,betmgm,2025-10-26T14:55:22Z,2025-10-26T14:55:27Z,-140.0,105.0
Donovan Mitchell,Milwaukee Bucks @ Cleveland Cavaliers,2025-10-26T22:00:00Z,player_assists,5.5,betmgm,2025-10-26T14:55:22Z,2025-10-26T14:55:27Z,-140.0,105.0
Bobby Portis,Milwaukee Bucks @ Cleveland Cavaliers,2025-10-26T22:00:00Z,player_assists,1.5,betmgm,2025-10-26T14:55:22Z,2025-10-26T14:55:27Z,-135.0,100.0
Cole Anthony,Milwaukee Bucks @ Cleveland Cavaliers,2025-10-26T22:00:00Z,player_assists,3.5,betmgm,2025-10-26T14:55:22Z,2025-10-26T14:55:27Z,-140.0,105.0
Dean Wade,Milwaukee Bucks @ Cleveland Cavaliers,2025-10-26T22:00:00Z,player_assists,0.5,betmgm,2025-10-26T14:55:22Z,2025-10-26T14:55:27Z,-210.0,155.0
Lonzo Ball,Milwaukee Bucks @ Cleveland Cavaliers,2025-10-26T22:00:00Z,player_assists,4.5,betmgm,2025-10-26T14:55:22Z,2025-10-26T14:55:27Z,-140.0,105.0
Jarrett Allen,Milwaukee Bucks @ Cleveland Cavaliers,2025-10-26T22:00:00Z,player_assists,2.5,betmgm,2025-10-26T14:55:22Z,2025-10-26T14:55:27Z,135.0,-185.0
Kyle Kuzma,Milwaukee Bucks @ Cleveland Cavaliers,2025-10-26T22:00:00Z,player_assists,1.5,betmgm,2025-10-26T14:55:22Z,2025-10-26T14:55:27Z,-175.0,130.0
Jarrett Allen,Milwaukee Bucks @ Cleveland Cavaliers,2025-10-26T22:00:00Z,player_blocks,0.5,betmgm,2025-10-26T14:55:22Z,2025-10-26T14:55:27Z,-110.0,-125.0
Myles Turner,Milwaukee Bucks @ Cleveland Cavaliers,2025-10-26T22:00:00Z,player_blocks,2.5,betmgm,2025-10-26T14:55:22Z,2025-10-26T14:55:27Z,125.0,-175.0
Ryan Rollins,Milwaukee Bucks @ Cleveland Cavaliers,2025-10-26T22:00:00Z,player_blocks,0.5,betmgm,2025-10-26T14:55:22Z,2025-10-26T14:55:27Z,210.0,-325.0
Sam Merrill,Milwaukee Bucks @ Cleveland Cavaliers,2025-10-26T22:00:00Z,player_blocks,0.5,betmgm,2025-10-26T14:55:22Z,2025-10-26T14:55:27Z,400.0,-700.0
A.J. Green,Milwaukee Bucks @ Cleveland Cavaliers,2025-10-26T22:00:00Z,player_blocks,0.5,betmgm,2025-10-26T14:55:22Z,2025-10-26T14:55:27Z,600.0,-1400.0
Giannis Antetokounmpo,Milwaukee Bucks @ Cleveland Cavaliers,2025-10-26T22:00:00Z,player_blocks,0.5,betmgm,2025-10-26T14:55:22Z,2025-10-26T14:55:27Z,-150.0,110.0
Evan Mobley,Milwaukee Bucks @ Cleveland Cavaliers,2025-10-26T22:00:00Z,player_blocks,1.5,betmgm,2025-10-26T14:55:22Z,2025-10-26T14:55:27Z,130.0,-185.0
De'Andre Hunter,Milwaukee Bucks @ Cleveland Cavaliers,2025-10-26T22:00:00Z,player_blocks,0.5,betmgm,2025-10-26T14:55:22Z,2025-10-26T14:55:27Z,400.0,-700.0
Gary Trent Jr,Milwaukee Bucks @ Cleveland Cavaliers,2025-10-26T22:00:00Z,player_blocks,0.5,betmgm,2025-10-26T14:55:22Z,2025-10-26T14:55:27Z,625.0,-1600.0
Donovan Mitchell,Milwaukee Bucks @ Cleveland Cavaliers,2025-10-26T22:00:00Z,player_blocks,0.5,betmgm,2025-10-26T14:55:22Z,2025-10-26T14:55:27Z,325.0,-525.0
Jarrett Allen,Milwaukee Bucks @ Cleveland Cavaliers,2025-10-26T22:00:00Z,player_double_double,,betmgm,2025-10-26T14:55:22Z,2025-10-26T14:55:27Z,,
Myles Turner,Milwaukee Bucks @ Cleveland Cavaliers,2025-10-26T22:00:00Z,player_double_double,,betmgm,2025-10-26T14:55:22Z,2025-10-26T14:55:27Z,,
Ryan Rollins,Milwaukee Bucks @ Cleveland Cavaliers,2025-10-26T22:00:00Z,player_double_double,,betmgm,2025-10-26T14:55:22Z,2025-10-26T14:55:27Z,,
Giannis Antetokounmpo,Milwaukee Bucks @ Cleveland Cavaliers,2025-10-26T22:00:00Z,player_double_double,,betmgm,2025-10-26T14:55:22Z,2025-10-26T14:55:27Z,,
Evan Mobley,Milwaukee Bucks @ Cleveland Cavaliers,2025-10-26T22:00:00Z,player_double_double,,betmgm,2025-10-26T14:55:22Z,2025-10-26T14:55:27Z,,
De'Andre Hunter,Milwaukee Bucks @ Cleveland Cavaliers,2025-10-26T22:00:00Z,player_double_double,,betmgm,2025-10-26T14:55:22Z,2025-10-26T14:55:27Z,,
Donovan Mitchell,Milwaukee Bucks @ Cleveland Cavaliers,2025-10-26T22:00:00Z,player_double_double,,betmgm,2025-10-26T14:55:22Z,2025-10-26T14:55:27Z,,
Jarrett Allen,Milwaukee Bucks @ Cleveland Cavaliers,2025-10-26T22:00:00Z,player_points,13.5,betmgm,2025-10-26T14:55:22Z,2025-10-26T14:55:27Z,-130.0,-105.0
Myles Turner,Milwaukee Bucks @ Cleveland Cavaliers,2025-10-26T22:00:00Z,player_points,13.5,betmgm,2025-10-26T14:55:22Z,2025-10-26T14:55:27Z,-115.0,-115.0
Ryan Rollins,Milwaukee Bucks @ Cleveland Cavaliers,2025-10-26T22:00:00Z,player_points,10.5,betmgm,2025-10-26T14:55:22Z,2025-10-26T14:55:27Z,-105.0,-125.0
A.J. Green,Milwaukee Bucks @ Cleveland Cavaliers,2025-10-26T22:00:00Z,player_points,8.5,betmgm,2025-10-26T14:55:22Z,2025-10-26T14:55:27Z,-115.0,-115.0
Giannis Antetokounmpo,Milwaukee Bucks @ Cleveland Cavaliers,2025-10-26T22:00:00Z,player_points,30.5,betmgm,2025-10-26T14:55:22Z,2025-10-26T14:55:27Z,-118.0,-110.0
Evan Mobley,Milwaukee Bucks @ Cleveland Cavaliers,2025-10-26T22:00:00Z,player_points,19.5,betmgm,2025-10-26T14:55:22Z,2025-10-26T14:55:27Z,-105.0,-125.0
De'Andre Hunter,Milwaukee Bucks @ Cleveland Cavaliers,2025-10-26T22:00:00Z,player_points,14.5,betmgm,2025-10-26T14:55:22Z,2025-10-26T14:55:27Z,-120.0,-110.0
Gary Trent Jr,Milwaukee Bucks @ Cleveland Cavaliers,2025-10-26T22:00:00Z,player_points,13.5,betmgm,2025-10-26T14:55:22Z,2025-10-26T14:55:27Z,-120.0,-110.0
Donovan Mitchell,Milwaukee Bucks @ Cleveland Cavaliers,2025-10-26T22:00:00Z,player_points,29.5,betmgm,2025-10-26T14:55:22Z,2025-10-26T14:55:27Z,105.0,-140.0
Sam Merrill,Milwaukee Bucks @ Cleveland Cavaliers,2025-10-26T22:00:00Z,player_points,11.5,betmgm,2025-10-26T14:55:22Z,2025-10-26T14:55:27Z,-120.0,-110.0
Cole Anthony,Milwaukee Bucks @ Cleveland Cavaliers,2025-10-26T22:00:00Z,player_points,11.5,betmgm,2025-10-26T14:55:22Z,2025-10-26T14:55:27Z,-110.0,-120.0
Dean Wade,Milwaukee Bucks @ Cleveland Cavaliers,2025-10-26T22:00:00Z,player_points,6.5,betmgm,2025-10-26T14:55:22Z,2025-10-26T14:55:27Z,110.0,-150.0
Lonzo Ball,Milwaukee Bucks @ Cleveland Cavaliers,2025-10-26T22:00:00Z,player_points,6.5,betmgm,2025-10-26T14:55:22Z,2025-10-26T14:55:27Z,-110.0,-120.0
Bobby Portis,Milwaukee Bucks @ Cleveland Cavaliers,2025-10-26T22:00:00Z,player_points,11.5,betmgm,2025-10-26T14:55:22Z,2025-10-26T14:55:27Z,-105.0,-125.0
Kyle Kuzma,Milwaukee Bucks @ Cleveland Cavaliers,2025-10-26T22:00:00Z,player_points,10.5,betmgm,2025-10-26T14:55:22Z,2025-10-26T14:55:27Z,100.0,-135.0
Ryan Rollins,Milwaukee Bucks @ Cleveland Cavaliers,2025-10-26T22:00:00Z,player_points_rebounds_assists,17.5,betmgm,2025-10-26T14:55:22Z,2025-10-26T14:55:27Z,-125.0,-105.0
Sam Merrill,Milwaukee Bucks @ Cleveland Cavaliers,2025-10-26T22:00:00Z,player_points_rebounds_assists,17.5,betmgm,2025-10-26T14:55:22Z,2025-10-26T14:55:27Z,-115.0,-115.0
A.J. Green,Milwaukee Bucks @ Cleveland Cavaliers,2025-10-26T22:00:00Z,player_points_rebounds_assists,12.5,betmgm,2025-10-26T14:55:22Z,2025-10-26T14:55:27Z,-125.0,-105.0
Giannis Antetokounmpo,Milwaukee Bucks @ Cleveland Cavaliers,2025-10-26T22:00:00Z,player_points_rebounds_assists,50.5,betmgm,2025-10-26T14:55:22Z,2025-10-26T14:55:27Z,-118.0,-115.0
Evan Mobley,Milwaukee Bucks @ Cleveland Cavaliers,2025-10-26T22:00:00Z,player_points_rebounds_assists,33.5,betmgm,2025-10-26T14:55:22Z,2025-10-26T14:55:27Z,105.0,-140.0
Gary Trent Jr,Milwaukee Bucks @ Cleveland Cavaliers,2025-10-26T22:00:00Z,player_points_rebounds_assists,18.5,betmgm,2025-10-26T14:55:22Z,2025-10-26T14:55:27Z,-105.0,-125.0
De'Andre Hunter,Milwaukee Bucks @ Cleveland Cavaliers,2025-10-26T22:00:00Z,player_points_rebounds_assists,20.5,betmgm,2025-10-26T14:55:22Z,2025-10-26T14:55:27Z,-110.0,-120.0
Bobby Portis,Milwaukee Bucks @ Cleveland Cavaliers,2025-10-26T22:00:00Z,player_points_rebounds_assists,19.5,betmgm,2025-10-26T14:55:22Z,2025-10-26T14:55:27Z,-130.0,-105.0
Cole Anthony,Milwaukee Bucks @ Cleveland Cavaliers,2025-10-26T22:00:00Z,player_points_rebounds_assists,18.5,betmgm,2025-10-26T14:55:22Z,2025-10-26T14:55:27Z,-125.0,-105.0
Donovan Mitchell,Milwaukee Bucks @ Cleveland Cavaliers,2025-10-26T22:00:00Z,player_points_rebounds_assists,39.5,betmgm,2025-10-26T14:55:22Z,2025-10-26T14:55:27Z,-115.0,-118.0
Dean Wade,Milwaukee Bucks @ Cleveland Cavaliers,2025-10-26T22:00:00Z,player_points_rebounds_assists,11.5,betmgm,2025-10-26T14:55:22Z,2025-10-26T14:55:27Z,-120.0,-110.0
Lonzo Ball,Milwaukee Bucks @ Cleveland Cavaliers,2025-10-26T22:00:00Z,player_points_rebounds_assists,14.5,betmgm,2025-10-26T14:55:22Z,2025-10-26T14:55:27Z,-130.0,-105.0
Jarrett Allen,Milwaukee Bucks @ Cleveland Cavaliers,2025-10-26T22:00:00Z,player_points_rebounds_assists,25.5,betmgm,2025-10-26T14:55:22Z,2025-10-26T14:55:27Z,-120.0,-110.0
Myles Turner,Milwaukee Bucks @ Cleveland Cavaliers,2025-10-26T22:00:00Z,player_points_rebounds_assists,21.5,betmgm,2025-10-26T14:55:22Z,2025-10-26T14:55:27Z,-105.0,-125.0
Kyle Kuzma,Milwaukee Bucks @ Cleveland Cavaliers,2025-10-26T22:00:00Z,player_points_rebounds_assists,16.5,betmgm,2025-10-26T14:55:22Z,2025-10-26T14:55:27Z,-105.0,-125.0
Jarrett Allen,Milwaukee Bucks @ Cleveland Cavaliers,2025-10-26T22:00:00Z,player_rebounds,9.5,betmgm,2025-10-26T14:55:22Z,2025-10-26T14:55:27Z,-110.0,-120.0
Myles Turner,Milwaukee Bucks @ Cleveland Cavaliers,2025-10-26T22:00:00Z,player_rebounds,5.5,betmgm,2025-10-26T14:55:22Z,2025-10-26T14:55:27Z,-145.0,105.0
Ryan Rollins,Milwaukee Bucks @ Cleveland Cavaliers,2025-10-26T22:00:00Z,player_rebounds,3.5,betmgm,2025-10-26T14:55:22Z,2025-10-26T14:55:27Z,110.0,-145.0
Sam Merrill,Milwaukee Bucks @ Cleveland Cavaliers,2025-10-26T22:00:00Z,player_rebounds,2.5,betmgm,2025-10-26T14:55:22Z,2025-10-26T14:55:27Z,-155.0,115.0
A.J. Green,Milwaukee Bucks @ Cleveland Cavaliers,2025-10-26T22:00:00Z,player_rebounds,2.5,betmgm,2025-10-26T14:55:22Z,2025-10-26T14:55:27Z,-118.0,-115.0
Evan Mobley,Milwaukee Bucks @ Cleveland Cavaliers,2025-10-26T22:00:00Z,player_rebounds,9.5,betmgm,2025-10-26T14:55:22Z,2025-10-26T14:55:27Z,-115.0,-118.0
De'Andre Hunter,Milwaukee Bucks @ Cleveland Cavaliers,2025-10-26T22:00:00Z,player_rebounds,3.5,betmgm,2025-10-26T14:55:22Z,2025-10-26T14:55:27Z,-145.0,110.0
Gary Trent Jr,Milwaukee Bucks @ Cleveland Cavaliers,2025-10-26T22:00:00Z,player_rebounds,2.5,betmgm,2025-10-26T14:55:22Z,2025-10-26T14:55:27Z,-115.0,-115.0
Giannis Antetokounmpo,Milwaukee Bucks @ Cleveland Cavaliers,2025-10-26T22:00:00Z,player_rebounds,11.5,betmgm,2025-10-26T14:55:22Z,2025-10-26T14:55:27Z,-150.0,110.0
Bobby Portis,Milwaukee Bucks @ Cleveland Cavaliers,2025-10-26T22:00:00Z,player_rebounds,6.5,betmgm,2025-10-26T14:55:22Z,2025-10-26T14:55:27Z,-130.0,-105.0
Cole Anthony,Milwaukee Bucks @ Cleveland Cavaliers,2025-10-26T22:00:00Z,player_rebounds,3.5,betmgm,2025-10-26T14:55:22Z,2025-10-26T14:55:27Z,105.0,-140.0
Donovan Mitchell,Milwaukee Bucks @ Cleveland Cavaliers,2025-10-26T22:00:00Z,player_rebounds,3.5,betmgm,2025-10-26T14:55:22Z,2025-10-26T14:55:27Z,-165.0,125.0
Dean Wade,Milwaukee Bucks @ Cleveland Cavaliers,2025-10-26T22:00:00Z,player_rebounds,4.5,betmgm,2025-10-26T14:55:22Z,2025-10-26T14:55:27Z,105.0,-140.0
Lonzo Ball,Milwaukee Bucks @ Cleveland Cavaliers,2025-10-26T22:00:00Z,player_rebounds,3.5,betmgm,2025-10-26T14:55:22Z,2025-10-26T14:55:27Z,125.0,-165.0
Kyle Kuzma,Milwaukee Bucks @ Cleveland Cavaliers,2025-10-26T22:00:00Z,player_rebounds,3.5,betmgm,2025-10-26T14:55:22Z,2025-10-26T14:55:27Z,-150.0,110.0
Myles Turner,Milwaukee Bucks @ Cleveland Cavaliers,2025-10-26T22:00:00Z,player_threes,1.5,betmgm,2025-10-26T14:55:22Z,2025-10-26T14:55:27Z,-145.0,110.0
Ryan Rollins,Milwaukee Bucks @ Cleveland Cavaliers,2025-10-26T22:00:00Z,player_threes,1.5,betmgm,2025-10-26T14:55:22Z,2025-10-26T14:55:27Z,-135.0,100.0
Sam Merrill,Milwaukee Bucks @ Cleveland Cavaliers,2025-10-26T22:00:00Z,player_threes,3.5,betmgm,2025-10-26T14:55:22Z,2025-10-26T14:55:27Z,130.0,-175.0
A.J. Green,Milwaukee Bucks @ Cleveland Cavaliers,2025-10-26T22:00:00Z,player_threes,2.5,betmgm,2025-10-26T14:55:22Z,2025-10-26T14:55:27Z,115.0,-150.0
Giannis Antetokounmpo,Milwaukee Bucks @ Cleveland Cavaliers,2025-10-26T22:00:00Z,player_threes,0.5,betmgm,2025-10-26T14:55:22Z,2025-10-26T14:55:27Z,100.0,-135.0
Evan Mobley,Milwaukee Bucks @ Cleveland Cavaliers,2025-10-26T22:00:00Z,player_threes,1.5,betmgm,2025-10-26T14:55:22Z,2025-10-26T14:55:27Z,100.0,-135.0
De'Andre Hunter,Milwaukee Bucks @ Cleveland Cavaliers,2025-10-26T22:00:00Z,player_threes,1.5,betmgm,2025-10-26T14:55:22Z,2025-10-26T14:55:27Z,-200.0,150.0
Gary Trent Jr,Milwaukee Bucks @ Cleveland Cavaliers,2025-10-26T22:00:00Z,player_threes,3.5,betmgm,2025-10-26T14:55:22Z,2025-10-26T14:55:27Z,105.0,-140.0
Donovan Mitchell,Milwaukee Bucks @ Cleveland Cavaliers,2025-10-26T22:00:00Z,player_threes,3.5,betmgm,2025-10-26T14:55:22Z,2025-10-26T14:55:27Z,-125.0,-110.0
Bobby Portis,Milwaukee Bucks @ Cleveland Cavaliers,2025-10-26T22:00:00Z,player_threes,1.5,betmgm,2025-10-26T14:55:22Z,2025-10-26T14:55:27Z,125.0,-165.0
Cole Anthony,Milwaukee Bucks @ Cleveland Cavaliers,2025-10-26T22:00:00Z,player_threes,1.5,betmgm,2025-10-26T14:55:22Z,2025-10-26T14:55:27Z,105.0,-140.0
Dean Wade,Milwaukee Bucks @ Cleveland Cavaliers,2025-10-26T22:00:00Z,player_threes,1.5,betmgm,2025-10-26T14:55:22Z,2025-10-26T14:55:27Z,-120.0,-110.0
Lonzo Ball,Milwaukee Bucks @ Cleveland Cavaliers,2025-10-26T22:00:00Z,player_threes,1.5,betmgm,2025-10-26T14:55:22Z,2025-10-26T14:55:27Z,105.0,-140.0
Kyle Kuzma,Milwaukee Bucks @ Cleveland Cavaliers,2025-10-26T22:00:00Z,player_threes,0.5,betmgm,2025-10-26T14:55:22Z,2025-10-26T14:55:27Z,-190.0,140.0
Giannis Antetokounmpo,Milwaukee Bucks @ Cleveland Cavaliers,2025-10-26T22:00:00Z,player_triple_double,,betmgm,2025-10-26T14:55:22Z,2025-10-26T14:55:27Z,,
Evan Mobley,Milwaukee Bucks @ Cleveland Cavaliers,2025-10-26T22:00:00Z,player_triple_double,,betmgm,2025-10-26T14:55:22Z,2025-10-26T14:55:27Z,,
Cole Anthony,Milwaukee Bucks @ Cleveland Cavaliers,2025-10-26T22:00:00Z,player_assists,3.5,bovada,2025-10-26T14:54:59Z,2025-10-26T14:56:12Z,135.0,-180.0
Donovan Mitchell,Milwaukee Bucks @ Cleveland Cavaliers,2025-10-26T22:00:00Z,player_assists,5.5,bovada,2025-10-26T14:54:59Z,2025-10-26T14:56:12Z,125.0,-165.0
Evan Mobley,Milwaukee Bucks @ Cleveland Cavaliers,2025-10-26T22:00:00Z,player_assists,2.5,bovada,2025-10-26T14:54:59Z,2025-10-26T14:56:12Z,190.0,-260.0
Giannis Antetokounmpo,Milwaukee Bucks @ Cleveland Cavaliers,2025-10-26T22:00:00Z,player_assists,6.5,bovada,2025-10-26T14:54:59Z,2025-10-26T14:56:12Z,180.0,-245.0
Lonzo Ball,Milwaukee Bucks @ Cleveland Cavaliers,2025-10-26T22:00:00Z,player_assists,4.5,bovada,2025-10-26T14:54:59Z,2025-10-26T14:56:12Z,145.0,-190.0
Ryan Rollins,Milwaukee Bucks @ Cleveland Cavaliers,2025-10-26T22:00:00Z,player_assists,3.5,bovada,2025-10-26T14:54:59Z,2025-10-26T14:56:12Z,170.0,-230.0
Giannis Antetokounmpo,Milwaukee Bucks @ Cleveland Cavaliers,2025-10-26T22:00:00Z,player_double_double,,bovada,2025-10-26T14:54:59Z,2025-10-26T14:56:12Z,,
Evan Mobley,Milwaukee Bucks @ Cleveland Cavaliers,2025-10-26T22:00:00Z,player_double_double,,bovada,2025-10-26T14:54:59Z,2025-10-26T14:56:12Z,,
Jarrett Allen,Milwaukee Bucks @ Cleveland Cavaliers,2025-10-26T22:00:00Z,player_double_double,,bovada,2025-10-26T14:54:59Z,2025-10-26T14:56:12Z,,
Bobby Portis,Milwaukee Bucks @ Cleveland Cavaliers,2025-10-26T22:00:00Z,player_double_double,,bovada,2025-10-26T14:54:59Z,2025-10-26T14:56:12Z,,
Myles Turner,Milwaukee Bucks @ Cleveland Cavaliers,2025-10-26T22:00:00Z,player_double_double,,bovada,2025-10-26T14:54:59Z,2025-10-26T14:56:12Z,,
Donovan Mitchell,Milwaukee Bucks @ Cleveland Cavaliers,2025-10-26T22:00:00Z,player_double_double,,bovada,2025-10-26T14:54:59Z,2025-10-26T14:56:12Z,,
Cole Anthony,Milwaukee Bucks @ Cleveland Cavaliers,2025-10-26T22:00:00Z,player_double_double,,bovada,2025-10-26T14:54:59Z,2025-10-26T14:56:12Z,,
De'Andre Hunter,Milwaukee Bucks @ Cleveland Cavaliers,2025-10-26T22:00:00Z,player_double_double,,bovada,2025-10-26T14:54:59Z,2025-10-26T14:56:12Z,,
A.J. Green,Milwaukee Bucks @ Cleveland Cavaliers,2025-10-26T22:00:00Z,player_points,6.5,bovada,2025-10-26T14:54:59Z,2025-10-26T14:56:12Z,200.0,-275.0
Bobby Portis,Milwaukee Bucks @ Cleveland Cavaliers,2025-10-26T22:00:00Z,player_points,8.5,bovada,2025-10-26T14:54:59Z,2025-10-26T14:56:12Z,210.0,-290.0
Cole Anthony,Milwaukee Bucks @ Cleveland Cavaliers,2025-10-26T22:00:00Z,player_points,8.5,bovada,2025-10-26T14:54:59Z,2025-10-26T14:56:12Z,200.0,-275.0
De'Andre Hunter,Milwaukee Bucks @ Cleveland Cavaliers,2025-10-26T22:00:00Z,player_points,11.5,bovada,2025-10-26T14:54:59Z,2025-10-26T14:56:12Z,170.0,-230.0
Donovan Mitchell,Milwaukee Bucks @ Cleveland Cavaliers,2025-10-26T22:00:00Z,player_points,25.5,bovada,2025-10-26T14:54:59Z,2025-10-26T14:56:12Z,185.0,-250.0
Evan Mobley,Milwaukee Bucks @ Cleveland Cavaliers,2025-10-26T22:00:00Z,player_points,16.5,bovada,2025-10-26T14:54:59Z,2025-10-26T14:56:12Z,190.0,-260.0
Gary Trent Jr,Milwaukee Bucks @ Cleveland Cavaliers,2025-10-26T22:00:00Z,player_points,10.5,bovada,2025-10-26T14:54:59Z,2025-10-26T14:56:12Z,185.0,-250.0
Giannis Antetokounmpo,Milwaukee Bucks @ Cleveland Cavaliers,2025-10-26T22:00:00Z,player_points,26.5,bovada,2025-10-26T14:54:59Z,2025-10-26T14:56:12Z,205.0,-280.0
Jarrett Allen,Milwaukee Bucks @ Cleveland Cavaliers,2025-10-26T22:00:00Z,player_points,11.5,bovada,2025-10-26T14:54:59Z,2025-10-26T14:56:12Z,215.0,-300.0
Kyle Kuzma,Milwaukee Bucks @ Cleveland Cavaliers,2025-10-26T22:00:00Z,player_points,7.5,bovada,2025-10-26T14:54:59Z,2025-10-26T14:56:12Z,175.0,-240.0
Myles Turner,Milwaukee Bucks @ Cleveland Cavaliers,2025-10-26T22:00:00Z,player_points,11.5,bovada,2025-10-26T14:54:59Z,2025-10-26T14:56:12Z,215.0,-300.0
Ryan Rollins,Milwaukee Bucks @ Cleveland Cavaliers,2025-10-26T22:00:00Z,player_points,8.5,bovada,2025-10-26T14:54:59Z,2025-10-26T14:56:12Z,190.0,-260.0
Sam Merrill,Milwaukee Bucks @ Cleveland Cavaliers,2025-10-26T22:00:00Z,player_points,9.5,bovada,2025-10-26T14:54:59Z,2025-10-26T14:56:12Z,185.0,-250.0
A.J. Green,Milwaukee Bucks @ Cleveland Cavaliers,2025-10-26T22:00:00Z,player_points_rebounds_assists,10.5,bovada,2025-10-26T14:54:59Z,2025-10-26T14:56:12Z,190.0,-260.0
Bobby Portis,Milwaukee Bucks @ Cleveland Cavaliers,2025-10-26T22:00:00Z,player_points_rebounds_assists,16.5,bovada,2025-10-26T14:54:59Z,2025-10-26T14:56:12Z,215.0,-300.0
Cole Anthony,Milwaukee Bucks @ Cleveland Cavaliers,2025-10-26T22:00:00Z,player_points_rebounds_assists,15.5,bovada,2025-10-26T14:54:59Z,2025-10-26T14:56:12Z,185.0,-250.0
De'Andre Hunter,Milwaukee Bucks @ Cleveland Cavaliers,2025-10-26T22:00:00Z,player_points_rebounds_assists,16.5,bovada,2025-10-26T14:54:59Z,2025-10-26T14:56:12Z,205.0,-280.0
Donovan Mitchell,Milwaukee Bucks @ Cleveland Cavaliers,2025-10-26T22:00:00Z,player_points_rebounds_assists,34.5,bovada,2025-10-26T14:54:59Z,2025-10-26T14:56:12Z,210.0,-290.0
Evan Mobley,Milwaukee Bucks @ Cleveland Cavaliers,2025-10-26T22:00:00Z,player_points_rebounds_assists,27.5,bovada,2025-10-26T14:54:59Z,2025-10-26T14:56:12Z,200.0,-275.0
Gary Trent Jr,Milwaukee Bucks @ Cleveland Cavaliers,2025-10-26T22:00:00Z,player_points_rebounds_assists,15.5,bovada,2025-10-26T14:54:59Z,2025-10-26T14:56:12Z,190.0,-260.0
Giannis Antetokounmpo,Milwaukee Bucks @ Cleveland Cavaliers,2025-10-26T22:00:00Z,player_points_rebounds_assists,44.5,bovada,2025-10-26T14:54:59Z,2025-10-26T14:56:12Z,190.0,-260.0
Jarrett Allen,Milwaukee Bucks @ Cleveland Cavaliers,2025-10-26T22:00:00Z,player_points_rebounds_assists,21.5,bovada,2025-10-26T14:54:59Z,2025-10-26T14:56:12Z,215.0,-300.0
Kyle Kuzma,Milwaukee Bucks @ Cleveland Cavaliers,2025-10-26T22:00:00Z,player_points_rebounds_assists,13.5,bovada,2025-10-26T14:54:59Z,2025-10-26T14:56:12Z,185.0,-250.0
Lonzo Ball,Milwaukee Bucks @ Cleveland Cavaliers,2025-10-26T22:00:00Z,player_points_rebounds_assists,12.5,bovada,2025-10-26T14:54:59Z,2025-10-26T14:56:12Z,200.0,-275.0
Myles Turner,Milwaukee Bucks @ Cleveland Cavaliers,2025-10-26T22:00:00Z,player_points_rebounds_assists,18.5,bovada,2025-10-26T14:54:59Z,2025-10-26T14:56:12Z,185.0,-250.0
Ryan Rollins,Milwaukee Bucks @ Cleveland Cavaliers,2025-10-26T22:00:00Z,player_points_rebounds_assists,14.5,bovada,2025-10-26T14:54:59Z,2025-10-26T14:56:12Z,180.0,-245.0
Sam Merrill,Milwaukee Bucks @ Cleveland Cavaliers,2025-10-26T22:00:00Z,player_points_rebounds_assists,14.5,bovada,2025-10-26T14:54:59Z,2025-10-26T14:56:12Z,205.0,-280.0
Bobby Portis,Milwaukee Bucks @ Cleveland Cavaliers,2025-10-26T22:00:00Z,player_rebounds,5.5,bovada,2025-10-26T14:54:59Z,2025-10-26T14:56:12Z,210.0,-290.0
Evan Mobley,Milwaukee Bucks @ Cleveland Cavaliers,2025-10-26T22:00:00Z,player_rebounds,8.5,bovada,2025-10-26T14:54:59Z,2025-10-26T14:56:12Z,145.0,-190.0
Giannis Antetokounmpo,Milwaukee Bucks @ Cleveland Cavaliers,2025-10-26T22:00:00Z,player_rebounds,10.5,bovada,2025-10-26T14:54:59Z,2025-10-26T14:56:12Z,165.0,-220.0
Jarrett Allen,Milwaukee Bucks @ Cleveland Cavaliers,2025-10-26T22:00:00Z,player_rebounds,8.5,bovada,2025-10-26T14:54:59Z,2025-10-26T14:56:12Z,210.0,-290.0
Myles Turner,Milwaukee Bucks @ Cleveland Cavaliers,2025-10-26T22:00:00Z,player_rebounds,4.5,bovada,2025-10-26T14:54:59Z,2025-10-26T14:56:12Z,135.0,-180.0
A.J. Green,Milwaukee Bucks @ Cleveland Cavaliers,2025-10-26T22:00:00Z,player_threes,1.5,bovada,2025-10-26T14:54:59Z,2025-10-26T14:56:12Z,110.0,-145.0
Bobby Portis,Milwaukee Bucks @ Cleveland Cavaliers,2025-10-26T22:00:00Z,player_threes,1.5,bovada,2025-10-26T14:54:59Z,2025-10-26T14:56:12Z,130.0,-170.0
Cole Anthony,Milwaukee Bucks @ Cleveland Cavaliers,2025-10-26T22:00:00Z,player_threes,1.5,bovada,2025-10-26T14:54:59Z,2025-10-26T14:56:12Z,105.0,-135.0
De'Andre Hunter,Milwaukee Bucks @ Cleveland Cavaliers,2025-10-26T22:00:00Z,player_threes,1.5,bovada,2025-10-26T14:54:59Z,2025-10-26T14:56:12Z,145.0,-190.0
Dean Wade,Milwaukee Bucks @ Cleveland Cavaliers,2025-10-26T22:00:00Z,player_threes,1.5,bovada,2025-10-26T14:54:59Z,2025-10-26T14:56:12Z,-115.0,-115.0
Donovan Mitchell,Milwaukee Bucks @ Cleveland Cavaliers,2025-10-26T22:00:00Z,player_threes,3.5,bovada,2025-10-26T14:54:59Z,2025-10-26T14:56:12Z,160.0,-215.0
Evan Mobley,Milwaukee Bucks @ Cleveland Cavaliers,2025-10-26T22:00:00Z,player_threes,1.5,bovada,2025-10-26T14:54:59Z,2025-10-26T14:56:12Z,110.0,-145.0
Gary Trent Jr,Milwaukee Bucks @ Cleveland Cavaliers,2025-10-26T22:00:00Z,player_threes,2.5,bovada,2025-10-26T14:54:59Z,2025-10-26T14:56:12Z,110.0,-145.0
Lonzo Ball,Milwaukee Bucks @ Cleveland Cavaliers,2025-10-26T22:00:00Z,player_threes,1.5,bovada,2025-10-26T14:54:59Z,2025-10-26T14:56:12Z,105.0,-135.0
Myles Turner,Milwaukee Bucks @ Cleveland Cavaliers,2025-10-26T22:00:00Z,player_threes,1.5,bovada,2025-10-26T14:54:59Z,2025-10-26T14:56:12Z,190.0,-260.0
Ryan Rollins,Milwaukee Bucks @ Cleveland Cavaliers,2025-10-26T22:00:00Z,player_threes,1.5,bovada,2025-10-26T14:54:59Z,2025-10-26T14:56:12Z,-130.0,100.0
Sam Merrill,Milwaukee Bucks @ Cleveland Cavaliers,2025-10-26T22:00:00Z,player_threes,2.5,bovada,2025-10-26T14:54:59Z,2025-10-26T14:56:12Z,140.0,-185.0
Giannis Antetokounmpo,Milwaukee Bucks @ Cleveland Cavaliers,2025-10-26T22:00:00Z,player_triple_double,,bovada,2025-10-26T14:54:59Z,2025-10-26T14:56:12Z,,
Evan Mobley,Milwaukee Bucks @ Cleveland Cavaliers,2025-10-26T22:00:00Z,player_triple_double,,bovada,2025-10-26T14:54:59Z,2025-10-26T14:56:12Z,,
Davion Mitchell,New York Knicks @ Miami Heat,2025-10-26T22:00:00Z,player_assists,6.5,draftkings,2025-10-26T14:55:22Z,2025-10-26T14:55:46Z,-138.0,106.0
Jalen Brunson,New York Knicks @ Miami Heat,2025-10-26T22:00:00Z,player_assists,6.5,draftkings,2025-10-26T14:55:22Z,2025-10-26T14:55:46Z,-120.0,-108.0
Josh Hart,New York Knicks @ Miami Heat,2025-10-26T22:00:00Z,player_assists,3.5,draftkings,2025-10-26T14:55:22Z,2025-10-26T14:55:46Z,-155.0,120.0
Bam Adebayo,New York Knicks @ Miami Heat,2025-10-26T22:00:00Z,player_assists,3.5,draftkings,2025-10-26T14:55:22Z,2025-10-26T14:55:46Z,-134.0,103.0
Mikal Bridges,New York Knicks @ Miami Heat,2025-10-26T22:00:00Z,player_assists,3.5,draftkings,2025-10-26T14:55:22Z,2025-10-26T14:55:46Z,111.0,-144.0
Andrew Wiggins,New York Knicks @ Miami Heat,2025-10-26T22:00:00Z,player_assists,2.5,draftkings,2025-10-26T14:55:22Z,2025-10-26T14:55:46Z,-149.0,115.0
Karl-Anthony Towns,New York Knicks @ Miami Heat,2025-10-26T22:00:00Z,player_assists,2.5,draftkings,2025-10-26T14:55:22Z,2025-10-26T14:55:46Z,-115.0,-113.0
OG Anunoby,New York Knicks @ Miami Heat,2025-10-26T22:00:00Z,player_blocks,0.5,draftkings,2025-10-26T14:55:22Z,2025-10-26T14:55:46Z,-164.0,123.0
Mikal Bridges,New York Knicks @ Miami Heat,2025-10-26T22:00:00Z,player_blocks,0.5,draftkings,2025-10-26T14:55:22Z,2025-10-26T14:55:46Z,-146.0,110.0
Andrew Wiggins,New York Knicks @ Miami Heat,2025-10-26T22:00:00Z,player_blocks,0.5,draftkings,2025-10-26T14:55:22Z,2025-10-26T14:55:46Z,-139.0,105.0
Bam Adebayo,New York Knicks @ Miami Heat,2025-10-26T22:00:00Z,player_blocks,0.5,draftkings,2025-10-26T14:55:22Z,2025-10-26T14:55:46Z,111.0,-147.0
Karl-Anthony Towns,New York Knicks @ Miami Heat,2025-10-26T22:00:00Z,player_blocks,0.5,draftkings,2025-10-26T14:55:22Z,2025-10-26T14:55:46Z,120.0,-160.0
Karl-Anthony Towns,New York Knicks @ Miami Heat,2025-10-26T22:00:00Z,player_double_double,,draftkings,2025-10-26T14:55:22Z,2025-10-26T14:55:46Z,,
Bam Adebayo,New York Knicks @ Miami Heat,2025-10-26T22:00:00Z,player_double_double,,draftkings,2025-10-26T14:55:22Z,2025-10-26T14:55:46Z,,
Jalen Brunson,New York Knicks @ Miami Heat,2025-10-26T22:00:00Z,player_double_double,,draftkings,2025-10-26T14:55:22Z,2025-10-26T14:55:46Z,,
OG Anunoby,New York Knicks @ Miami Heat,2025-10-26T22:00:00Z,player_double_double,,draftkings,2025-10-26T14:55:22Z,2025-10-26T14:55:46Z,,
Andrew Wiggins,New York Knicks @ Miami Heat,2025-10-26T22:00:00Z,player_double_double,,draftkings,2025-10-26T14:55:22Z,2025-10-26T14:55:46Z,,
Mikal Bridges,New York Knicks @ Miami Heat,2025-10-26T22:00:00Z,player_double_double,,draftkings,2025-10-26T14:55:22Z,2025-10-26T14:55:46Z,,
Jalen Brunson,New York Knicks @ Miami Heat,2025-10-26T22:00:00Z,player_points,26.5,draftkings,2025-10-26T14:55:22Z,2025-10-26T14:55:46Z,-114.0,-112.0
Karl-Anthony Towns,New York Knicks @ Miami Heat,2025-10-26T22:00:00Z,player_points,22.5,draftkings,2025-10-26T14:55:22Z,2025-10-26T14:55:46Z,-102.0,-125.0
Norman Powell,New York Knicks @ Miami Heat,2025-10-26T22:00:00Z,player_points,20.5,draftkings,2025-10-26T14:55:22Z,2025-10-26T14:55:46Z,-119.0,-107.0
Bam Adebayo,New York Knicks @ Miami Heat,2025-10-26T22:00:00Z,player_points,18.5,draftkings,2025-10-26T14:55:22Z,2025-10-26T14:55:46Z,-118.0,-108.0
OG Anunoby,New York Knicks @ Miami Heat,2025-10-26T22:00:00Z,player_points,16.5,draftkings,2025-10-26T14:55:22Z,2025-10-26T14:55:46Z,-108.0,-118.0
Andrew Wiggins,New York Knicks @ Miami Heat,2025-10-26T22:00:00Z,player_points,16.5,draftkings,2025-10-26T14:55:22Z,2025-10-26T14:55:46Z,-105.0,-121.0
Mikal Bridges,New York Knicks @ Miami Heat,2025-10-26T22:00:00Z,player_points,15.5,draftkings,2025-10-26T14:55:22Z,2025-10-26T14:55:46Z,-105.0,-122.0
Kel'el Ware,New York Knicks @ Miami Heat,2025-10-26T22:00:00Z,player_points,10.5,draftkings,2025-10-26T14:55:22Z,2025-10-26T14:55:46Z,-115.0,-111.0
Miles McBride,New York Knicks @ Miami Heat,2025-10-26T22:00:00Z,player_points,10.5,draftkings,2025-10-26T14:55:22Z,2025-10-26T14:55:46Z,-106.0,-120.0
Jaime Jaquez Jr,New York Knicks @ Miami Heat,2025-10-26T22:00:00Z,player_points,10.5,draftkings,2025-10-26T14:55:22Z,2025-10-26T14:55:46Z,102.0,-130.0
Nikola Jovic,New York Knicks @ Miami Heat,2025-10-26T22:00:00Z,player_points,9.5,draftkings,2025-10-26T14:55:22Z,2025-10-26T14:55:46Z,-126.0,-101.0
Davion Mitchell,New York Knicks @ Miami Heat,2025-10-26T22:00:00Z,player_points,9.5,draftkings,2025-10-26T14:55:22Z,2025-10-26T14:55:46Z,-113.0,-112.0
Jalen Brunson,New York Knicks @ Miami Heat,2025-10-26T22:00:00Z,player_points_rebounds_assists,36.5,draftkings,2025-10-26T14:55:22Z,2025-10-26T14:55:46Z,-116.0,-111.0
Karl-Anthony Towns,New York Knicks @ Miami Heat,2025-10-26T22:00:00Z,player_points_rebounds_assists,36.5,draftkings,2025-10-26T14:55:22Z,2025-10-26T14:55:46Z,-113.0,-115.0
Bam Adebayo,New York Knicks @ Miami Heat,2025-10-26T22:00:00Z,player_points_rebounds_assists,31.5,draftkings,2025-10-26T14:55:22Z,2025-10-26T14:55:46Z,-123.0,-106.0
Norman Powell,New York Knicks @ Miami Heat,2025-10-26T22:00:00Z,player_points_rebounds_assists,25.5,draftkings,2025-10-26T14:55:22Z,2025-10-26T14:55:46Z,-122.0,-107.0
Andrew Wiggins,New York Knicks @ Miami Heat,2025-10-26T22:00:00Z,player_points_rebounds_assists,24.5,draftkings,2025-10-26T14:55:22Z,2025-10-26T14:55:46Z,-102.0,-127.0
OG Anunoby,New York Knicks @ Miami Heat,2025-10-26T22:00:00Z,player_points_rebounds_assists,23.5,draftkings,2025-10-26T14:55:22Z,2025-10-26T14:55:46Z,-117.0,-110.0
Mikal Bridges,New York Knicks @ Miami Heat,2025-10-26T22:00:00Z,player_points_rebounds_assists,22.5,draftkings,2025-10-26T14:55:22Z,2025-10-26T14:55:46Z,-115.0,-113.0
Karl-Anthony Towns,New York Knicks @ Miami Heat,2025-10-26T22:00:00Z,player_rebounds,11.5,draftkings,2025-10-26T14:55:22Z,2025-10-26T14:55:46Z,-115.0,-113.0
Bam Adebayo,New York Knicks @ Miami Heat,2025-10-26T22:00:00Z,player_rebounds,8.5,draftkings,2025-10-26T14:55:22Z,2025-10-26T14:55:46Z,-136.0,105.0
Kel'el Ware,New York Knicks @ Miami Heat,2025-10-26T22:00:00Z,player_rebounds,8.5,draftkings,2025-10-26T14:55:22Z,2025-10-26T14:55:46Z,112.0,-145.0
Josh Hart,New York Knicks @ Miami Heat,2025-10-26T22:00:00Z,player_rebounds,6.5,draftkings,2025-10-26T14:55:22Z,2025-10-26T14:55:46Z,-110.0,-118.0
OG Anunoby,New York Knicks @ Miami Heat,2025-10-26T22:00:00Z,player_rebounds,4.5,draftkings,2025-10-26T14:55:22Z,2025-10-26T14:55:46Z,-148.0,114.0
Jaime Jaquez Jr,New York Knicks @ Miami Heat,2025-10-26T22:00:00Z,player_rebounds,4.5,draftkings,2025-10-26T14:55:22Z,2025-10-26T14:55:46Z,-132.0,102.0
Andrew Wiggins,New York Knicks @ Miami Heat,2025-10-26T22:00:00Z,player_rebounds,4.5,draftkings,2025-10-26T14:55:22Z,2025-10-26T14:55:46Z,-115.0,-113.0
Nikola Jovic,New York Knicks @ Miami Heat,2025-10-26T22:00:00Z,player_rebounds,4.5,draftkings,2025-10-26T14:55:22Z,2025-10-26T14:55:46Z,112.0,-146.0
Mikal Bridges,New York Knicks @ Miami Heat,2025-10-26T22:00:00Z,player_rebounds,3.5,draftkings,2025-10-26T14:55:22Z,2025-10-26T14:55:46Z,-127.0,-102.0
Jalen Brunson,New York Knicks @ Miami Heat,2025-10-26T22:00:00Z,player_rebounds,3.5,draftkings,2025-10-26T14:55:22Z,2025-10-26T14:55:46Z,122.0,-158.0
Norman Powell,New York Knicks @ Miami Heat,2025-10-26T22:00:00Z,player_rebounds,2.5,draftkings,2025-10-26T14:55:22Z,2025-10-26T14:55:46Z,-165.0,127.0
OG Anunoby,New York Knicks @ Miami Heat,2025-10-26T22:00:00Z,player_steals,1.5,draftkings,2025-10-26T14:55:22Z,2025-10-26T14:55:46Z,-106.0,-125.0
Mikal Bridges,New York Knicks @ Miami Heat,2025-10-26T22:00:00Z,player_steals,1.5,draftkings,2025-10-26T14:55:22Z,2025-10-26T14:55:46Z,154.0,-207.0
Davion Mitchell,New York Knicks @ Miami Heat,2025-10-26T22:00:00Z,player_steals,1.5,draftkings,2025-10-26T14:55:22Z,2025-10-26T14:55:46Z,164.0,-221.0
Bam Adebayo,New York Knicks @ Miami Heat,2025-10-26T22:00:00Z,player_steals,0.5,draftkings,2025-10-26T14:55:22Z,2025-10-26T14:55:46Z,-210.0,156.0
Andrew Wiggins,New York Knicks @ Miami Heat,2025-10-26T22:00:00Z,player_steals,0.5,draftkings,2025-10-26T14:55:22Z,2025-10-26T14:55:46Z,-168.0,126.0
Karl-Anthony Towns,New York Knicks @ Miami Heat,2025-10-26T22:00:00Z,player_steals,0.5,draftkings,2025-10-26T14:55:22Z,2025-10-26T14:55:46Z,-153.0,115.0
Jalen Brunson,New York Knicks @ Miami Heat,2025-10-26T22:00:00Z,player_steals,0.5,draftkings,2025-10-26T14:55:22Z,2025-10-26T14:55:46Z,-142.0,107.0
Norman Powell,New York Knicks @ Miami Heat,2025-10-26T22:00:00Z,player_threes,2.5,draftkings,2025-10-26T14:55:22Z,2025-10-26T14:55:46Z,-148.0,114.0
Jalen Brunson,New York Knicks @ Miami Heat,2025-10-26T22:00:00Z,player_threes,2.5,draftkings,2025-10-26T14:55:22Z,2025-10-26T14:55:46Z,114.0,-148.0
OG Anunoby,New York Knicks @ Miami Heat,2025-10-26T22:00:00Z,player_threes,2.5,draftkings,2025-10-26T14:55:22Z,2025-10-26T14:55:46Z,119.0,-155.0
Miles McBride,New York Knicks @ Miami Heat,2025-10-26T22:00:00Z,player_threes,2.5,draftkings,2025-10-26T14:55:22Z,2025-10-26T14:55:46Z,136.0,-178.0
Karl-Anthony Towns,New York Knicks @ Miami Heat,2025-10-26T22:00:00Z,player_threes,1.5,draftkings,2025-10-26T14:55:22Z,2025-10-26T14:55:46Z,-177.0,136.0
Mikal Bridges,New York Knicks @ Miami Heat,2025-10-26T22:00:00Z,player_threes,1.5,draftkings,2025-10-26T14:55:22Z,2025-10-26T14:55:46Z,-140.0,108.0
Andrew Wiggins,New York Knicks @ Miami Heat,2025-10-26T22:00:00Z,player_threes,1.5,draftkings,2025-10-26T14:55:22Z,2025-10-26T14:55:46Z,-136.0,105.0
Nikola Jovic,New York Knicks @ Miami Heat,2025-10-26T22:00:00Z,player_threes,1.5,draftkings,2025-10-26T14:55:22Z,2025-10-26T14:55:46Z,-132.0,102.0
Bam Adebayo,New York Knicks @ Miami Heat,2025-10-26T22:00:00Z,player_threes,1.5,draftkings,2025-10-26T14:55:22Z,2025-10-26T14:55:46Z,141.0,-184.0
Davion Mitchell,New York Knicks @ Miami Heat,2025-10-26T22:00:00Z,player_threes,1.5,draftkings,2025-10-26T14:55:22Z,2025-10-26T14:55:46Z,141.0,-183.0
Bam Adebayo,New York Knicks @ Miami Heat,2025-10-26T22:00:00Z,player_triple_double,,draftkings,2025-10-26T14:55:22Z,2025-10-26T14:55:46Z,,
Mikal Bridges,New York Knicks @ Miami Heat,2025-10-26T22:00:00Z,player_assists,3.5,fanatics,2025-10-26T14:55:12Z,2025-10-26T14:56:02Z,110.0,-145.0
Jalen Brunson,New York Knicks @ Miami Heat,2025-10-26T22:00:00Z,player_assists,6.5,fanatics,2025-10-26T14:55:12Z,2025-10-26T14:56:02Z,-115.0,-115.0
Bam Adebayo,New York Knicks @ Miami Heat,2025-10-26T22:00:00Z,player_assists,3.5,fanatics,2025-10-26T14:55:12Z,2025-10-26T14:56:02Z,-140.0,105.0
Davion Mitchell,New York Knicks @ Miami Heat,2025-10-26T22:00:00Z,player_assists,6.5,fanatics,2025-10-26T14:55:12Z,2025-10-26T14:56:02Z,-130.0,100.0
Karl-Anthony Towns,New York Knicks @ Miami Heat,2025-10-26T22:00:00Z,player_assists,2.5,fanatics,2025-10-26T14:55:12Z,2025-10-26T14:56:02Z,-120.0,-110.0
Andrew Wiggins,New York Knicks @ Miami Heat,2025-10-26T22:00:00Z,player_assists,2.5,fanatics,2025-10-26T14:55:12Z,2025-10-26T14:56:02Z,-140.0,105.0
Josh Hart,New York Knicks @ Miami Heat,2025-10-26T22:00:00Z,player_assists,3.5,fanatics,2025-10-26T14:55:12Z,2025-10-26T14:56:02Z,-150.0,115.0
Jaime Jaquez Jr,New York Knicks @ Miami Heat,2025-10-26T22:00:00Z,player_assists,2.5,fanatics,2025-10-26T14:55:12Z,2025-10-26T14:56:02Z,-145.0,110.0
OG Anunoby,New York Knicks @ Miami Heat,2025-10-26T22:00:00Z,player_assists,1.5,fanatics,2025-10-26T14:55:12Z,2025-10-26T14:56:02Z,-210.0,135.0
Norman Powell,New York Knicks @ Miami Heat,2025-10-26T22:00:00Z,player_assists,1.5,fanatics,2025-10-26T14:55:12Z,2025-10-26T14:56:02Z,-120.0,-110.0
Miles McBride,New York Knicks @ Miami Heat,2025-10-26T22:00:00Z,player_assists,2.5,fanatics,2025-10-26T14:55:12Z,2025-10-26T14:56:02Z,110.0,-145.0
Simone Fontecchio,New York Knicks @ Miami Heat,2025-10-26T22:00:00Z,player_assists,0.5,fanatics,2025-10-26T14:55:12Z,2025-10-26T14:56:02Z,-165.0,120.0
Nikola Jovic,New York Knicks @ Miami Heat,2025-10-26T22:00:00Z,player_assists,2.5,fanatics,2025-10-26T14:55:12Z,2025-10-26T14:56:02Z,-115.0,-115.0
Bam Adebayo,New York Knicks @ Miami Heat,2025-10-26T22:00:00Z,player_double_double,,fanatics,2025-10-26T14:55:12Z,2025-10-26T14:56:02Z,,
Andrew Wiggins,New York Knicks @ Miami Heat,2025-10-26T22:00:00Z,player_double_double,,fanatics,2025-10-26T14:55:12Z,2025-10-26T14:56:02Z,,
Davion Mitchell,New York Knicks @ Miami Heat,2025-10-26T22:00:00Z,player_double_double,,fanatics,2025-10-26T14:55:12Z,2025-10-26T14:56:02Z,,
Jalen Brunson,New York Knicks @ Miami Heat,2025-10-26T22:00:00Z,player_double_double,,fanatics,2025-10-26T14:55:12Z,2025-10-26T14:56:02Z,,
Karl-Anthony Towns,New York Knicks @ Miami Heat,2025-10-26T22:00:00Z,player_double_double,,fanatics,2025-10-26T14:55:12Z,2025-10-26T14:56:02Z,,
OG Anunoby,New York Knicks @ Miami Heat,2025-10-26T22:00:00Z,player_double_double,,fanatics,2025-10-26T14:55:12Z,2025-10-26T14:56:02Z,,
Jaime Jaquez Jr,New York Knicks @ Miami Heat,2025-10-26T22:00:00Z,player_double_double,,fanatics,2025-10-26T14:55:12Z,2025-10-26T14:56:02Z,,
Nikola Jovic,New York Knicks @ Miami Heat,2025-10-26T22:00:00Z,player_double_double,,fanatics,2025-10-26T14:55:12Z,2025-10-26T14:56:02Z,,
Josh Hart,New York Knicks @ Miami Heat,2025-10-26T22:00:00Z,player_double_double,,fanatics,2025-10-26T14:55:12Z,2025-10-26T14:56:02Z,,
Davion Mitchell,New York Knicks @ Miami Heat,2025-10-26T22:00:00Z,player_points,9.5,fanatics,2025-10-26T14:55:12Z,2025-10-26T14:56:02Z,-110.0,-120.0
Mikal Bridges,New York Knicks @ Miami Heat,2025-10-26T22:00:00Z,player_points,15.5,fanatics,2025-10-26T14:55:12Z,2025-10-26T14:56:02Z,100.0,-130.0
OG Anunoby,New York Knicks @ Miami Heat,2025-10-26T22:00:00Z,player_points,16.5,fanatics,2025-10-26T14:55:12Z,2025-10-26T14:56:02Z,-105.0,-125.0
Bam Adebayo,New York Knicks @ Miami Heat,2025-10-26T22:00:00Z,player_points,18.5,fanatics,2025-10-26T14:55:12Z,2025-10-26T14:56:02Z,-125.0,-105.0
Karl-Anthony Towns,New York Knicks @ Miami Heat,2025-10-26T22:00:00Z,player_points,21.5,fanatics,2025-10-26T14:55:12Z,2025-10-26T14:56:02Z,-120.0,-110.0
Norman Powell,New York Knicks @ Miami Heat,2025-10-26T22:00:00Z,player_points,20.5,fanatics,2025-10-26T14:55:12Z,2025-10-26T14:56:02Z,-125.0,-105.0
Jalen Brunson,New York Knicks @ Miami Heat,2025-10-26T22:00:00Z,player_points,26.5,fanatics,2025-10-26T14:55:12Z,2025-10-26T14:56:02Z,-105.0,-125.0
Andrew Wiggins,New York Knicks @ Miami Heat,2025-10-26T22:00:00Z,player_points,16.5,fanatics,2025-10-26T14:55:12Z,2025-10-26T14:56:02Z,100.0,-130.0
Miles McBride,New York Knicks @ Miami Heat,2025-10-26T22:00:00Z,player_points,10.5,fanatics,2025-10-26T14:55:12Z,2025-10-26T14:56:02Z,100.0,-130.0
Josh Hart,New York Knicks @ Miami Heat,2025-10-26T22:00:00Z,player_points,8.5,fanatics,2025-10-26T14:55:12Z,2025-10-26T14:56:02Z,-105.0,-125.0
Nikola Jovic,New York Knicks @ Miami Heat,2025-10-26T22:00:00Z,player_points,9.5,fanatics,2025-10-26T14:55:12Z,2025-10-26T14:56:02Z,-130.0,100.0
Jaime Jaquez Jr,New York Knicks @ Miami Heat,2025-10-26T22:00:00Z,player_points,10.5,fanatics,2025-10-26T14:55:12Z,2025-10-26T14:56:02Z,-105.0,-125.0
Kel'el Ware,New York Knicks @ Miami Heat,2025-10-26T22:00:00Z,player_points,10.5,fanatics,2025-10-26T14:55:12Z,2025-10-26T14:56:02Z,-120.0,-110.0
Simone Fontecchio,New York Knicks @ Miami Heat,2025-10-26T22:00:00Z,player_points,5.5,fanatics,2025-10-26T14:55:12Z,2025-10-26T14:56:02Z,-120.0,-110.0
Jalen Brunson,New York Knicks @ Miami Heat,2025-10-26T22:00:00Z,player_points_rebounds_assists,36.5,fanatics,2025-10-26T14:55:12Z,2025-10-26T14:56:02Z,-110.0,-120.0
Jaime Jaquez Jr,New York Knicks @ Miami Heat,2025-10-26T22:00:00Z,player_points_rebounds_assists,18.5,fanatics,2025-10-26T14:55:12Z,2025-10-26T14:56:02Z,100.0,-130.0
Bam Adebayo,New York Knicks @ Miami Heat,2025-10-26T22:00:00Z,player_points_rebounds_assists,32.5,fanatics,2025-10-26T14:55:12Z,2025-10-26T14:56:02Z,-105.0,-125.0
OG Anunoby,New York Knicks @ Miami Heat,2025-10-26T22:00:00Z,player_points_rebounds_assists,23.5,fanatics,2025-10-26T14:55:12Z,2025-10-26T14:56:02Z,-115.0,-115.0
Davion Mitchell,New York Knicks @ Miami Heat,2025-10-26T22:00:00Z,player_points_rebounds_assists,18.5,fanatics,2025-10-26T14:55:12Z,2025-10-26T14:56:02Z,-125.0,-105.0
Josh Hart,New York Knicks @ Miami Heat,2025-10-26T22:00:00Z,player_points_rebounds_assists,19.5,fanatics,2025-10-26T14:55:12Z,2025-10-26T14:56:02Z,100.0,-130.0
Mikal Bridges,New York Knicks @ Miami Heat,2025-10-26T22:00:00Z,player_points_rebounds_assists,22.5,fanatics,2025-10-26T14:55:12Z,2025-10-26T14:56:02Z,-105.0,-125.0
Karl-Anthony Towns,New York Knicks @ Miami Heat,2025-10-26T22:00:00Z,player_points_rebounds_assists,36.5,fanatics,2025-10-26T14:55:12Z,2025-10-26T14:56:02Z,-115.0,-115.0
Andrew Wiggins,New York Knicks @ Miami Heat,2025-10-26T22:00:00Z,player_points_rebounds_assists,23.5,fanatics,2025-10-26T14:55:12Z,2025-10-26T14:56:02Z,-115.0,-115.0
Norman Powell,New York Knicks @ Miami Heat,2025-10-26T22:00:00Z,player_points_rebounds_assists,25.5,fanatics,2025-10-26T14:55:12Z,2025-10-26T14:56:02Z,-120.0,-110.0
Miles McBride,New York Knicks @ Miami Heat,2025-10-26T22:00:00Z,player_points_rebounds_assists,15.5,fanatics,2025-10-26T14:55:12Z,2025-10-26T14:56:02Z,-105.0,-125.0
Simone Fontecchio,New York Knicks @ Miami Heat,2025-10-26T22:00:00Z,player_points_rebounds_assists,9.5,fanatics,2025-10-26T14:55:12Z,2025-10-26T14:56:02Z,105.0,-140.0
Nikola Jovic,New York Knicks @ Miami Heat,2025-10-26T22:00:00Z,player_points_rebounds_assists,17.5,fanatics,2025-10-26T14:55:12Z,2025-10-26T14:56:02Z,-105.0,-125.0
Mikal Bridges,New York Knicks @ Miami Heat,2025-10-26T22:00:00Z,player_rebounds,3.5,fanatics,2025-10-26T14:55:12Z,2025-10-26T14:56:02Z,-115.0,-115.0
Norman Powell,New York Knicks @ Miami Heat,2025-10-26T22:00:00Z,player_rebounds,3.5,fanatics,2025-10-26T14:55:12Z,2025-10-26T14:56:02Z,125.0,-175.0
Bam Adebayo,New York Knicks @ Miami Heat,2025-10-26T22:00:00Z,player_rebounds,8.5,fanatics,2025-10-26T14:55:12Z,2025-10-26T14:56:02Z,-145.0,110.0
Andrew Wiggins,New York Knicks @ Miami Heat,2025-10-26T22:00:00Z,player_rebounds,4.5,fanatics,2025-10-26T14:55:12Z,2025-10-26T14:56:02Z,-105.0,-125.0
Jalen Brunson,New York Knicks @ Miami Heat,2025-10-26T22:00:00Z,player_rebounds,3.5,fanatics,2025-10-26T14:55:12Z,2025-10-26T14:56:02Z,120.0,-165.0
OG Anunoby,New York Knicks @ Miami Heat,2025-10-26T22:00:00Z,player_rebounds,4.5,fanatics,2025-10-26T14:55:12Z,2025-10-26T14:56:02Z,-140.0,105.0
Karl-Anthony Towns,New York Knicks @ Miami Heat,2025-10-26T22:00:00Z,player_rebounds,11.5,fanatics,2025-10-26T14:55:12Z,2025-10-26T14:56:02Z,-120.0,-110.0
Jaime Jaquez Jr,New York Knicks @ Miami Heat,2025-10-26T22:00:00Z,player_rebounds,4.5,fanatics,2025-10-26T14:55:12Z,2025-10-26T14:56:02Z,-140.0,105.0
Nikola Jovic,New York Knicks @ Miami Heat,2025-10-26T22:00:00Z,player_rebounds,4.5,fanatics,2025-10-26T14:55:12Z,2025-10-26T14:56:02Z,115.0,-150.0
Josh Hart,New York Knicks @ Miami Heat,2025-10-26T22:00:00Z,player_rebounds,6.5,fanatics,2025-10-26T14:55:12Z,2025-10-26T14:56:02Z,-115.0,-115.0
Kel'el Ware,New York Knicks @ Miami Heat,2025-10-26T22:00:00Z,player_rebounds,8.5,fanatics,2025-10-26T14:55:12Z,2025-10-26T14:56:02Z,105.0,-140.0
Davion Mitchell,New York Knicks @ Miami Heat,2025-10-26T22:00:00Z,player_rebounds,2.5,fanatics,2025-10-26T14:55:12Z,2025-10-26T14:56:02Z,125.0,-175.0
Miles McBride,New York Knicks @ Miami Heat,2025-10-26T22:00:00Z,player_rebounds,2.5,fanatics,2025-10-26T14:55:12Z,2025-10-26T14:56:02Z,100.0,-130.0
Simone Fontecchio,New York Knicks @ Miami Heat,2025-10-26T22:00:00Z,player_rebounds,2.5,fanatics,2025-10-26T14:55:12Z,2025-10-26T14:56:02Z,115.0,-150.0
Jalen Brunson,New York Knicks @ Miami Heat,2025-10-26T22:00:00Z,player_threes,2.5,fanatics,2025-10-26T14:55:12Z,2025-10-26T14:56:02Z,110.0,-145.0
OG Anunoby,New York Knicks @ Miami Heat,2025-10-26T22:00:00Z,player_threes,2.5,fanatics,2025-10-26T14:55:12Z,2025-10-26T14:56:02Z,130.0,-190.0
Davion Mitchell,New York Knicks @ Miami Heat,2025-10-26T22:00:00Z,player_threes,1.5,fanatics,2025-10-26T14:55:12Z,2025-10-26T14:56:02Z,135.0,-210.0
Bam Adebayo,New York Knicks @ Miami Heat,2025-10-26T22:00:00Z,player_threes,1.5,fanatics,2025-10-26T14:55:12Z,2025-10-26T14:56:02Z,125.0,-175.0
Mikal Bridges,New York Knicks @ Miami Heat,2025-10-26T22:00:00Z,player_threes,1.5,fanatics,2025-10-26T14:55:12Z,2025-10-26T14:56:02Z,-145.0,110.0
Andrew Wiggins,New York Knicks @ Miami Heat,2025-10-26T22:00:00Z,player_threes,1.5,fanatics,2025-10-26T14:55:12Z,2025-10-26T14:56:02Z,-140.0,105.0
Norman Powell,New York Knicks @ Miami Heat,2025-10-26T22:00:00Z,player_threes,2.5,fanatics,2025-10-26T14:55:12Z,2025-10-26T14:56:02Z,-145.0,110.0
Karl-Anthony Towns,New York Knicks @ Miami Heat,2025-10-26T22:00:00Z,player_threes,1.5,fanatics,2025-10-26T14:55:12Z,2025-10-26T14:56:02Z,-175.0,125.0
Miles McBride,New York Knicks @ Miami Heat,2025-10-26T22:00:00Z,player_threes,2.5,fanatics,2025-10-26T14:55:12Z,2025-10-26T14:56:02Z,135.0,-210.0
Nikola Jovic,New York Knicks @ Miami Heat,2025-10-26T22:00:00Z,player_threes,1.5,fanatics,2025-10-26T14:55:12Z,2025-10-26T14:56:02Z,-130.0,100.0
Jaime Jaquez Jr,New York Knicks @ Miami Heat,2025-10-26T22:00:00Z,player_threes,0.5,fanatics,2025-10-26T14:55:12Z,2025-10-26T14:56:02Z,120.0,-165.0
Simone Fontecchio,New York Knicks @ Miami Heat,2025-10-26T22:00:00Z,player_threes,1.5,fanatics,2025-10-26T14:55:12Z,2025-10-26T14:56:02Z,150.0,-240.0
Josh Hart,New York Knicks @ Miami Heat,2025-10-26T22:00:00Z,player_threes,0.5,fanatics,2025-10-26T14:55:12Z,2025-10-26T14:56:02Z,-165.0,120.0
Jaime Jaquez Jr,New York Knicks @ Miami Heat,2025-10-26T22:00:00Z,player_assists,2.5,fanduel,2025-10-26T14:55:09Z,2025-10-26T14:54:41Z,-138.0,104.0
Mikal Bridges,New York Knicks @ Miami Heat,2025-10-26T22:00:00Z,player_assists,3.5,fanduel,2025-10-26T14:55:09Z,2025-10-26T14:54:41Z,106.0,-140.0
Josh Hart,New York Knicks @ Miami Heat,2025-10-26T22:00:00Z,player_assists,3.5,fanduel,2025-10-26T14:55:09Z,2025-10-26T14:54:41Z,-152.0,114.0
Jalen Brunson,New York Knicks @ Miami Heat,2025-10-26T22:00:00Z,player_assists,6.5,fanduel,2025-10-26T14:55:09Z,2025-10-26T14:54:41Z,-114.0,-114.0
Davion Mitchell,New York Knicks @ Miami Heat,2025-10-26T22:00:00Z,player_assists,6.5,fanduel,2025-10-26T14:55:09Z,2025-10-26T14:54:41Z,-128.0,-104.0
Bam Adebayo,New York Knicks @ Miami Heat,2025-10-26T22:00:00Z,player_assists,3.5,fanduel,2025-10-26T14:55:09Z,2025-10-26T14:54:41Z,-152.0,114.0
Karl-Anthony Towns,New York Knicks @ Miami Heat,2025-10-26T22:00:00Z,player_assists,2.5,fanduel,2025-10-26T14:55:09Z,2025-10-26T14:54:41Z,-140.0,106.0
Karl-Anthony Towns,New York Knicks @ Miami Heat,2025-10-26T22:00:00Z,player_double_double,,fanduel,2025-10-26T14:55:09Z,2025-10-26T14:54:41Z,,
Bam Adebayo,New York Knicks @ Miami Heat,2025-10-26T22:00:00Z,player_double_double,,fanduel,2025-10-26T14:55:09Z,2025-10-26T14:54:41Z,,
Kel'el Ware,New York Knicks @ Miami Heat,2025-10-26T22:00:00Z,player_double_double,,fanduel,2025-10-26T14:55:09Z,2025-10-26T14:54:41Z,,
Jalen Brunson,New York Knicks @ Miami Heat,2025-10-26T22:00:00Z,player_double_double,,fanduel,2025-10-26T14:55:09Z,2025-10-26T14:54:41Z,,
Josh Hart,New York Knicks @ Miami Heat,2025-10-26T22:00:00Z,player_double_double,,fanduel,2025-10-26T14:55:09Z,2025-10-26T14:54:41Z,,
Davion Mitchell,New York Knicks @ Miami Heat,2025-10-26T22:00:00Z,player_double_double,,fanduel,2025-10-26T14:55:09Z,2025-10-26T14:54:41Z,,
OG Anunoby,New York Knicks @ Miami Heat,2025-10-26T22:00:00Z,player_double_double,,fanduel,2025-10-26T14:55:09Z,2025-10-26T14:54:41Z,,
Jaime Jaquez Jr,New York Knicks @ Miami Heat,2025-10-26T22:00:00Z,player_double_double,,fanduel,2025-10-26T14:55:09Z,2025-10-26T14:54:41Z,,
Andrew Wiggins,New York Knicks @ Miami Heat,2025-10-26T22:00:00Z,player_double_double,,fanduel,2025-10-26T14:55:09Z,2025-10-26T14:54:41Z,,
Nikola Jovic,New York Knicks @ Miami Heat,2025-10-26T22:00:00Z,player_double_double,,fanduel,2025-10-26T14:55:09Z,2025-10-26T14:54:41Z,,
Jaime Jaquez Jr,New York Knicks @ Miami Heat,2025-10-26T22:00:00Z,player_points,10.5,fanduel,2025-10-26T14:55:09Z,2025-10-26T14:54:41Z,-110.0,-120.0
Andrew Wiggins,New York Knicks @ Miami Heat,2025-10-26T22:00:00Z,player_points,16.5,fanduel,2025-10-26T14:55:09Z,2025-10-26T14:54:41Z,100.0,-132.0
OG Anunoby,New York Knicks @ Miami Heat,2025-10-26T22:00:00Z,player_points,16.5,fanduel,2025-10-26T14:55:09Z,2025-10-26T14:54:41Z,-106.0,-125.0
Bam Adebayo,New York Knicks @ Miami Heat,2025-10-26T22:00:00Z,player_points,18.5,fanduel,2025-10-26T14:55:09Z,2025-10-26T14:54:41Z,-122.0,-108.0
Mikal Bridges,New York Knicks @ Miami Heat,2025-10-26T22:00:00Z,player_points,15.5,fanduel,2025-10-26T14:55:09Z,2025-10-26T14:54:41Z,-112.0,-118.0
Kel'el Ware,New York Knicks @ Miami Heat,2025-10-26T22:00:00Z,player_points,10.5,fanduel,2025-10-26T14:55:09Z,2025-10-26T14:54:41Z,-118.0,-112.0
Josh Hart,New York Knicks @ Miami Heat,2025-10-26T22:00:00Z,player_points,8.5,fanduel,2025-10-26T14:55:09Z,2025-10-26T14:54:41Z,-106.0,-125.0
Miles McBride,New York Knicks @ Miami Heat,2025-10-26T22:00:00Z,player_points,10.5,fanduel,2025-10-26T14:55:09Z,2025-10-26T14:54:41Z,-112.0,-118.0
Jalen Brunson,New York Knicks @ Miami Heat,2025-10-26T22:00:00Z,player_points,25.5,fanduel,2025-10-26T14:55:09Z,2025-10-26T14:54:41Z,-114.0,-114.0
Nikola Jovic,New York Knicks @ Miami Heat,2025-10-26T22:00:00Z,player_points,9.5,fanduel,2025-10-26T14:55:09Z,2025-10-26T14:54:41Z,-132.0,100.0
Davion Mitchell,New York Knicks @ Miami Heat,2025-10-26T22:00:00Z,player_points,9.5,fanduel,2025-10-26T14:55:09Z,2025-10-26T14:54:41Z,-118.0,-112.0
Karl-Anthony Towns,New York Knicks @ Miami Heat,2025-10-26T22:00:00Z,player_points,21.5,fanduel,2025-10-26T14:55:09Z,2025-10-26T14:54:41Z,-122.0,-110.0
Norman Powell,New York Knicks @ Miami Heat,2025-10-26T22:00:00Z,player_points,21.5,fanduel,2025-10-26T14:55:09Z,2025-10-26T14:54:41Z,-122.0,-110.0
Karl-Anthony Towns,New York Knicks @ Miami Heat,2025-10-26T22:00:00Z,player_points_rebounds_assists,36.5,fanduel,2025-10-26T14:55:09Z,2025-10-26T14:54:41Z,-114.0,-114.0
Bam Adebayo,New York Knicks @ Miami Heat,2025-10-26T22:00:00Z,player_points_rebounds_assists,31.5,fanduel,2025-10-26T14:55:09Z,2025-10-26T14:54:41Z,-125.0,-106.0
Jaime Jaquez Jr,New York Knicks @ Miami Heat,2025-10-26T22:00:00Z,player_points_rebounds_assists,18.5,fanduel,2025-10-26T14:55:09Z,2025-10-26T14:54:41Z,-110.0,-120.0
Josh Hart,New York Knicks @ Miami Heat,2025-10-26T22:00:00Z,player_points_rebounds_assists,19.5,fanduel,2025-10-26T14:55:09Z,2025-10-26T14:54:41Z,-108.0,-122.0
Jalen Brunson,New York Knicks @ Miami Heat,2025-10-26T22:00:00Z,player_points_rebounds_assists,35.5,fanduel,2025-10-26T14:55:09Z,2025-10-26T14:54:41Z,-118.0,-112.0
Mikal Bridges,New York Knicks @ Miami Heat,2025-10-26T22:00:00Z,player_points_rebounds_assists,22.5,fanduel,2025-10-26T14:55:09Z,2025-10-26T14:54:41Z,-118.0,-112.0
Josh Hart,New York Knicks @ Miami Heat,2025-10-26T22:00:00Z,player_rebounds,6.5,fanduel,2025-10-26T14:55:09Z,2025-10-26T14:54:41Z,-114.0,-114.0
Mikal Bridges,New York Knicks @ Miami Heat,2025-10-26T22:00:00Z,player_rebounds,3.5,fanduel,2025-10-26T14:55:09Z,2025-10-26T14:54:41Z,-110.0,-120.0
Andrew Wiggins,New York Knicks @ Miami Heat,2025-10-26T22:00:00Z,player_rebounds,4.5,fanduel,2025-10-26T14:55:09Z,2025-10-26T14:54:41Z,-106.0,-125.0
Nikola Jovic,New York Knicks @ Miami Heat,2025-10-26T22:00:00Z,player_rebounds,3.5,fanduel,2025-10-26T14:55:09Z,2025-10-26T14:54:41Z,-162.0,122.0
Kel'el Ware,New York Knicks @ Miami Heat,2025-10-26T22:00:00Z,player_rebounds,8.5,fanduel,2025-10-26T14:55:09Z,2025-10-26T14:54:41Z,104.0,-138.0
OG Anunoby,New York Knicks @ Miami Heat,2025-10-26T22:00:00Z,player_rebounds,4.5,fanduel,2025-10-26T14:55:09Z,2025-10-26T14:54:41Z,-144.0,108.0
Jaime Jaquez Jr,New York Knicks @ Miami Heat,2025-10-26T22:00:00Z,player_rebounds,4.5,fanduel,2025-10-26T14:55:09Z,2025-10-26T14:54:41Z,-136.0,102.0
Norman Powell,New York Knicks @ Miami Heat,2025-10-26T22:00:00Z,player_rebounds,3.5,fanduel,2025-10-26T14:55:09Z,2025-10-26T14:54:41Z,128.0,-172.0
Karl-Anthony Towns,New York Knicks @ Miami Heat,2025-10-26T22:00:00Z,player_rebounds,11.5,fanduel,2025-10-26T14:55:09Z,2025-10-26T14:54:41Z,-128.0,-104.0
Jalen Brunson,New York Knicks @ Miami Heat,2025-10-26T22:00:00Z,player_rebounds,3.5,fanduel,2025-10-26T14:55:09Z,2025-10-26T14:54:41Z,128.0,-172.0
Bam Adebayo,New York Knicks @ Miami Heat,2025-10-26T22:00:00Z,player_rebounds,9.5,fanduel,2025-10-26T14:55:09Z,2025-10-26T14:54:41Z,110.0,-146.0
Mikal Bridges,New York Knicks @ Miami Heat,2025-10-26T22:00:00Z,player_threes,1.5,fanduel,2025-10-26T14:55:09Z,2025-10-26T14:54:41Z,-152.0,114.0
OG Anunoby,New York Knicks @ Miami Heat,2025-10-26T22:00:00Z,player_threes,2.5,fanduel,2025-10-26T14:55:09Z,2025-10-26T14:54:41Z,134.0,-180.0
Jalen Brunson,New York Knicks @ Miami Heat,2025-10-26T22:00:00Z,player_threes,2.5,fanduel,2025-10-26T14:55:09Z,2025-10-26T14:54:41Z,112.0,-148.0
Nikola Jovic,New York Knicks @ Miami Heat,2025-10-26T22:00:00Z,player_threes,1.5,fanduel,2025-10-26T14:55:09Z,2025-10-26T14:54:41Z,-130.0,-102.0
Davion Mitchell,New York Knicks @ Miami Heat,2025-10-26T22:00:00Z,player_threes,1.5,fanduel,2025-10-26T14:55:09Z,2025-10-26T14:54:41Z,148.0,-200.0
Karl-Anthony Towns,New York Knicks @ Miami Heat,2025-10-26T22:00:00Z,player_threes,1.5,fanduel,2025-10-26T14:55:09Z,2025-10-26T14:54:41Z,-166.0,124.0
Miles McBride,New York Knicks @ Miami Heat,2025-10-26T22:00:00Z,player_threes,2.5,fanduel,2025-10-26T14:55:09Z,2025-10-26T14:54:41Z,154.0,-210.0
Bam Adebayo,New York Knicks @ Miami Heat,2025-10-26T22:00:00Z,player_threes,1.5,fanduel,2025-10-26T14:55:09Z,2025-10-26T14:54:41Z,124.0,-166.0
Norman Powell,New York Knicks @ Miami Heat,2025-10-26T22:00:00Z,player_threes,2.5,fanduel,2025-10-26T14:55:09Z,2025-10-26T14:54:41Z,-140.0,106.0
Andrew Wiggins,New York Knicks @ Miami Heat,2025-10-26T22:00:00Z,player_threes,1.5,fanduel,2025-10-26T14:55:09Z,2025-10-26T14:54:41Z,-122.0,-108.0
Bam Adebayo,New York Knicks @ Miami Heat,2025-10-26T22:00:00Z,player_triple_double,,fanduel,2025-10-26T14:55:09Z,2025-10-26T14:54:41Z,,
Jaime Jaquez Jr,New York Knicks @ Miami Heat,2025-10-26T22:00:00Z,player_assists,2.5,betrivers,2025-10-26T14:55:09Z,2025-10-26T14:56:09Z,-137.0,104.0
Bam Adebayo,New York Knicks @ Miami Heat,2025-10-26T22:00:00Z,player_assists,3.5,betrivers,2025-10-26T14:55:09Z,2025-10-26T14:56:09Z,-148.0,110.0
Davion Mitchell,New York Knicks @ Miami Heat,2025-10-26T22:00:00Z,player_assists,6.5,betrivers,2025-10-26T14:55:09Z,2025-10-26T14:56:09Z,-141.0,107.0
Jalen Brunson,New York Knicks @ Miami Heat,2025-10-26T22:00:00Z,player_assists,6.5,betrivers,2025-10-26T14:55:09Z,2025-10-26T14:56:09Z,-114.0,-117.0
Josh Hart,New York Knicks @ Miami Heat,2025-10-26T22:00:00Z,player_assists,4.5,betrivers,2025-10-26T14:55:09Z,2025-10-26T14:56:09Z,114.0,-152.0
Karl-Anthony Towns,New York Knicks @ Miami Heat,2025-10-26T22:00:00Z,player_assists,2.5,betrivers,2025-10-26T14:55:09Z,2025-10-26T14:56:09Z,-139.0,105.0
Mikal Bridges,New York Knicks @ Miami Heat,2025-10-26T22:00:00Z,player_assists,3.5,betrivers,2025-10-26T14:55:09Z,2025-10-26T14:56:09Z,104.0,-139.0
Andrew Wiggins,New York Knicks @ Miami Heat,2025-10-26T22:00:00Z,player_points,15.5,betrivers,2025-10-26T14:55:09Z,2025-10-26T14:56:09Z,-129.0,-104.0
Norman Powell,New York Knicks @ Miami Heat,2025-10-26T22:00:00Z,player_points,20.5,betrivers,2025-10-26T14:55:09Z,2025-10-26T14:56:09Z,-110.0,-121.0
Jalen Brunson,New York Knicks @ Miami Heat,2025-10-26T22:00:00Z,player_points,25.5,betrivers,2025-10-26T14:55:09Z,2025-10-26T14:56:09Z,-125.0,-106.0
Karl-Anthony Towns,New York Knicks @ Miami Heat,2025-10-26T22:00:00Z,player_points,21.5,betrivers,2025-10-26T14:55:09Z,2025-10-26T14:56:09Z,-120.0,-112.0
OG Anunoby,New York Knicks @ Miami Heat,2025-10-26T22:00:00Z,player_points,16.5,betrivers,2025-10-26T14:55:09Z,2025-10-26T14:56:09Z,-105.0,-127.0
Kel'el Ware,New York Knicks @ Miami Heat,2025-10-26T22:00:00Z,player_points,10.5,betrivers,2025-10-26T14:55:09Z,2025-10-26T14:56:09Z,-121.0,-110.0
Davion Mitchell,New York Knicks @ Miami Heat,2025-10-26T22:00:00Z,player_points,9.5,betrivers,2025-10-26T14:55:09Z,2025-10-26T14:56:09Z,-115.0,-115.0
Bam Adebayo,New York Knicks @ Miami Heat,2025-10-26T22:00:00Z,player_points,18.5,betrivers,2025-10-26T14:55:09Z,2025-10-26T14:56:09Z,-117.0,-113.0
Nikola Jovic,New York Knicks @ Miami Heat,2025-10-26T22:00:00Z,player_points,10.5,betrivers,2025-10-26T14:55:09Z,2025-10-26T14:56:09Z,-108.0,-122.0
Jaime Jaquez Jr,New York Knicks @ Miami Heat,2025-10-26T22:00:00Z,player_points,10.5,betrivers,2025-10-26T14:55:09Z,2025-10-26T14:56:09Z,-109.0,-122.0
Mikal Bridges,New York Knicks @ Miami Heat,2025-10-26T22:00:00Z,player_points,15.5,betrivers,2025-10-26T14:55:09Z,2025-10-26T14:56:09Z,-113.0,-118.0
Josh Hart,New York Knicks @ Miami Heat,2025-10-26T22:00:00Z,player_points,8.5,betrivers,2025-10-26T14:55:09Z,2025-10-26T14:56:09Z,-124.0,-108.0
Karl-Anthony Towns,New York Knicks @ Miami Heat,2025-10-26T22:00:00Z,player_points_rebounds_assists,37.5,betrivers,2025-10-26T14:55:09Z,2025-10-26T14:56:09Z,-108.0,-122.0
Josh Hart,New York Knicks @ Miami Heat,2025-10-26T22:00:00Z,player_points_rebounds_assists,20.5,betrivers,2025-10-26T14:55:09Z,2025-10-26T14:56:09Z,-107.0,-125.0
Jalen Brunson,New York Knicks @ Miami Heat,2025-10-26T22:00:00Z,player_points_rebounds_assists,36.5,betrivers,2025-10-26T14:55:09Z,2025-10-26T14:56:09Z,-115.0,-115.0
Bam Adebayo,New York Knicks @ Miami Heat,2025-10-26T22:00:00Z,player_points_rebounds_assists,32.5,betrivers,2025-10-26T14:55:09Z,2025-10-26T14:56:09Z,-113.0,-118.0
Mikal Bridges,New York Knicks @ Miami Heat,2025-10-26T22:00:00Z,player_points_rebounds_assists,23.5,betrivers,2025-10-26T14:55:09Z,2025-10-26T14:56:09Z,-106.0,-127.0
Jaime Jaquez Jr,New York Knicks @ Miami Heat,2025-10-26T22:00:00Z,player_points_rebounds_assists,18.5,betrivers,2025-10-26T14:55:09Z,2025-10-26T14:56:09Z,-114.0,-117.0
Jalen Brunson,New York Knicks @ Miami Heat,2025-10-26T22:00:00Z,player_rebounds,3.5,betrivers,2025-10-26T14:55:09Z,2025-10-26T14:56:09Z,120.0,-162.0
Kel'el Ware,New York Knicks @ Miami Heat,2025-10-26T22:00:00Z,player_rebounds,7.5,betrivers,2025-10-26T14:55:09Z,2025-10-26T14:56:09Z,-134.0,100.0
Karl-Anthony Towns,New York Knicks @ Miami Heat,2025-10-26T22:00:00Z,player_rebounds,11.5,betrivers,2025-10-26T14:55:09Z,2025-10-26T14:56:09Z,-122.0,-109.0
Norman Powell,New York Knicks @ Miami Heat,2025-10-26T22:00:00Z,player_rebounds,3.5,betrivers,2025-10-26T14:55:09Z,2025-10-26T14:56:09Z,128.0,-175.0
Nikola Jovic,New York Knicks @ Miami Heat,2025-10-26T22:00:00Z,player_rebounds,3.5,betrivers,2025-10-26T14:55:09Z,2025-10-26T14:56:09Z,-150.0,112.0
Andrew Wiggins,New York Knicks @ Miami Heat,2025-10-26T22:00:00Z,player_rebounds,4.5,betrivers,2025-10-26T14:55:09Z,2025-10-26T14:56:09Z,-103.0,-130.0
Jaime Jaquez Jr,New York Knicks @ Miami Heat,2025-10-26T22:00:00Z,player_rebounds,4.5,betrivers,2025-10-26T14:55:09Z,2025-10-26T14:56:09Z,-134.0,102.0
Bam Adebayo,New York Knicks @ Miami Heat,2025-10-26T22:00:00Z,player_rebounds,9.5,betrivers,2025-10-26T14:55:09Z,2025-10-26T14:56:09Z,107.0,-141.0
Josh Hart,New York Knicks @ Miami Heat,2025-10-26T22:00:00Z,player_rebounds,6.5,betrivers,2025-10-26T14:55:09Z,2025-10-26T14:56:09Z,-121.0,-110.0
Mikal Bridges,New York Knicks @ Miami Heat,2025-10-26T22:00:00Z,player_rebounds,3.5,betrivers,2025-10-26T14:55:09Z,2025-10-26T14:56:09Z,-122.0,-109.0
OG Anunoby,New York Knicks @ Miami Heat,2025-10-26T22:00:00Z,player_rebounds,4.5,betrivers,2025-10-26T14:55:09Z,2025-10-26T14:56:09Z,-148.0,110.0
Nikola Jovic,New York Knicks @ Miami Heat,2025-10-26T22:00:00Z,player_threes,1.5,betrivers,2025-10-26T14:55:09Z,2025-10-26T14:56:09Z,-117.0,-114.0
Davion Mitchell,New York Knicks @ Miami Heat,2025-10-26T22:00:00Z,player_threes,1.5,betrivers,2025-10-26T14:55:09Z,2025-10-26T14:56:09Z,145.0,-200.0
Jalen Brunson,New York Knicks @ Miami Heat,2025-10-26T22:00:00Z,player_threes,2.5,betrivers,2025-10-26T14:55:09Z,2025-10-26T14:56:09Z,118.0,-159.0
Andrew Wiggins,New York Knicks @ Miami Heat,2025-10-26T22:00:00Z,player_threes,1.5,betrivers,2025-10-26T14:55:09Z,2025-10-26T14:56:09Z,-124.0,-108.0
Norman Powell,New York Knicks @ Miami Heat,2025-10-26T22:00:00Z,player_threes,2.5,betrivers,2025-10-26T14:55:09Z,2025-10-26T14:56:09Z,-127.0,-106.0
Karl-Anthony Towns,New York Knicks @ Miami Heat,2025-10-26T22:00:00Z,player_threes,1.5,betrivers,2025-10-26T14:55:09Z,2025-10-26T14:56:09Z,-175.0,128.0
Mikal Bridges,New York Knicks @ Miami Heat,2025-10-26T22:00:00Z,player_threes,1.5,betrivers,2025-10-26T14:55:09Z,2025-10-26T14:56:09Z,-155.0,116.0
OG Anunoby,New York Knicks @ Miami Heat,2025-10-26T22:00:00Z,player_threes,1.5,betrivers,2025-10-26T14:55:09Z,2025-10-26T14:56:09Z,-195.0,145.0
Davion Mitchell,New York Knicks @ Miami Heat,2025-10-26T22:00:00Z,player_assists,6.5,williamhill_us,2025-10-26T14:54:39Z,2025-10-26T14:56:22Z,-134.0,-102.0
Mikal Bridges,New York Knicks @ Miami Heat,2025-10-26T22:00:00Z,player_assists,3.5,williamhill_us,2025-10-26T14:54:39Z,2025-10-26T14:56:22Z,115.0,-157.0
Bam Adebayo,New York Knicks @ Miami Heat,2025-10-26T22:00:00Z,player_assists,3.5,williamhill_us,2025-10-26T14:54:39Z,2025-10-26T14:56:22Z,-139.0,100.0
Andrew Wiggins,New York Knicks @ Miami Heat,2025-10-26T22:00:00Z,player_assists,2.5,williamhill_us,2025-10-26T14:54:39Z,2025-10-26T14:56:22Z,-150.0,110.0
Karl-Anthony Towns,New York Knicks @ Miami Heat,2025-10-26T22:00:00Z,player_assists,2.5,williamhill_us,2025-10-26T14:54:39Z,2025-10-26T14:56:22Z,-127.0,-106.0
Miles McBride,New York Knicks @ Miami Heat,2025-10-26T22:00:00Z,player_assists,2.5,williamhill_us,2025-10-26T14:54:39Z,2025-10-26T14:56:22Z,120.0,-164.0
Nikola Jovic,New York Knicks @ Miami Heat,2025-10-26T22:00:00Z,player_assists,2.5,williamhill_us,2025-10-26T14:54:39Z,2025-10-26T14:56:22Z,-124.0,-109.0
Jalen Brunson,New York Knicks @ Miami Heat,2025-10-26T22:00:00Z,player_assists,6.5,williamhill_us,2025-10-26T14:54:39Z,2025-10-26T14:56:22Z,-121.0,-112.0
Jaime Jaquez Jr,New York Knicks @ Miami Heat,2025-10-26T22:00:00Z,player_assists,2.5,williamhill_us,2025-10-26T14:54:39Z,2025-10-26T14:56:22Z,-141.0,105.0
Josh Hart,New York Knicks @ Miami Heat,2025-10-26T22:00:00Z,player_assists,3.5,williamhill_us,2025-10-26T14:54:39Z,2025-10-26T14:56:22Z,-154.0,110.0
Karl-Anthony Towns,New York Knicks @ Miami Heat,2025-10-26T22:00:00Z,player_double_double,,williamhill_us,2025-10-26T14:54:39Z,2025-10-26T14:56:22Z,,
Bam Adebayo,New York Knicks @ Miami Heat,2025-10-26T22:00:00Z,player_double_double,,williamhill_us,2025-10-26T14:54:39Z,2025-10-26T14:56:22Z,,
Kel'el Ware,New York Knicks @ Miami Heat,2025-10-26T22:00:00Z,player_double_double,,williamhill_us,2025-10-26T14:54:39Z,2025-10-26T14:56:22Z,,
Jalen Brunson,New York Knicks @ Miami Heat,2025-10-26T22:00:00Z,player_double_double,,williamhill_us,2025-10-26T14:54:39Z,2025-10-26T14:56:22Z,,
Davion Mitchell,New York Knicks @ Miami Heat,2025-10-26T22:00:00Z,player_double_double,,williamhill_us,2025-10-26T14:54:39Z,2025-10-26T14:56:22Z,,
Josh Hart,New York Knicks @ Miami Heat,2025-10-26T22:00:00Z,player_double_double,,williamhill_us,2025-10-26T14:54:39Z,2025-10-26T14:56:22Z,,
OG Anunoby,New York Knicks @ Miami Heat,2025-10-26T22:00:00Z,player_double_double,,williamhill_us,2025-10-26T14:54:39Z,2025-10-26T14:56:22Z,,
Jaime Jaquez Jr,New York Knicks @ Miami Heat,2025-10-26T22:00:00Z,player_double_double,,williamhill_us,2025-10-26T14:54:39Z,2025-10-26T14:56:22Z,,
Andrew Wiggins,New York Knicks @ Miami Heat,2025-10-26T22:00:00Z,player_double_double,,williamhill_us,2025-10-26T14:54:39Z,2025-10-26T14:56:22Z,,
Mikal Bridges,New York Knicks @ Miami Heat,2025-10-26T22:00:00Z,player_double_double,,williamhill_us,2025-10-26T14:54:39Z,2025-10-26T14:56:22Z,,
Bam Adebayo,New York Knicks @ Miami Heat,2025-10-26T22:00:00Z,player_points,18.5,williamhill_us,2025-10-26T14:54:39Z,2025-10-26T14:56:22Z,-134.0,100.0
Josh Hart,New York Knicks @ Miami Heat,2025-10-26T22:00:00Z,player_points,8.5,williamhill_us,2025-10-26T14:54:39Z,2025-10-26T14:56:22Z,-115.0,-117.0
Jaime Jaquez Jr,New York Knicks @ Miami Heat,2025-10-26T22:00:00Z,player_points,10.5,williamhill_us,2025-10-26T14:54:39Z,2025-10-26T14:56:22Z,-103.0,-132.0
Jalen Brunson,New York Knicks @ Miami Heat,2025-10-26T22:00:00Z,player_points,26.5,williamhill_us,2025-10-26T14:54:39Z,2025-10-26T14:56:22Z,-112.0,-121.0
Karl-Anthony Towns,New York Knicks @ Miami Heat,2025-10-26T22:00:00Z,player_points,22.5,williamhill_us,2025-10-26T14:54:39Z,2025-10-26T14:56:22Z,-107.0,-125.0
Mikal Bridges,New York Knicks @ Miami Heat,2025-10-26T22:00:00Z,player_points,14.5,williamhill_us,2025-10-26T14:54:39Z,2025-10-26T14:56:22Z,-130.0,-104.0
Davion Mitchell,New York Knicks @ Miami Heat,2025-10-26T22:00:00Z,player_points,9.5,williamhill_us,2025-10-26T14:54:39Z,2025-10-26T14:56:22Z,-117.0,-115.0
Miles McBride,New York Knicks @ Miami Heat,2025-10-26T22:00:00Z,player_points,9.5,williamhill_us,2025-10-26T14:54:39Z,2025-10-26T14:56:22Z,-134.0,100.0
Nikola Jovic,New York Knicks @ Miami Heat,2025-10-26T22:00:00Z,player_points,9.5,williamhill_us,2025-10-26T14:54:39Z,2025-10-26T14:56:22Z,-138.0,100.0
Kel'el Ware,New York Knicks @ Miami Heat,2025-10-26T22:00:00Z,player_points,10.5,williamhill_us,2025-10-26T14:54:39Z,2025-10-26T14:56:22Z,-115.0,-117.0
Andrew Wiggins,New York Knicks @ Miami Heat,2025-10-26T22:00:00Z,player_points,15.5,williamhill_us,2025-10-26T14:54:39Z,2025-10-26T14:56:22Z,-137.0,100.0
Norman Powell,New York Knicks @ Miami Heat,2025-10-26T22:00:00Z,player_points,21.5,williamhill_us,2025-10-26T14:54:39Z,2025-10-26T14:56:22Z,-117.0,-115.0
OG Anunoby,New York Knicks @ Miami Heat,2025-10-26T22:00:00Z,player_points,16.5,williamhill_us,2025-10-26T14:54:39Z,2025-10-26T14:56:22Z,-108.0,-125.0
Mikal Bridges,New York Knicks @ Miami Heat,2025-10-26T22:00:00Z,player_rebounds,3.5,williamhill_us,2025-10-26T14:54:39Z,2025-10-26T14:56:22Z,-120.0,-114.0
Kel'el Ware,New York Knicks @ Miami Heat,2025-10-26T22:00:00Z,player_rebounds,8.5,williamhill_us,2025-10-26T14:54:39Z,2025-10-26T14:56:22Z,100.0,-138.0
Josh Hart,New York Knicks @ Miami Heat,2025-10-26T22:00:00Z,player_rebounds,6.5,williamhill_us,2025-10-26T14:54:39Z,2025-10-26T14:56:22Z,-118.0,-114.0
Simone Fontecchio,New York Knicks @ Miami Heat,2025-10-26T22:00:00Z,player_rebounds,2.5,williamhill_us,2025-10-26T14:54:39Z,2025-10-26T14:56:22Z,110.0,-150.0
Norman Powell,New York Knicks @ Miami Heat,2025-10-26T22:00:00Z,player_rebounds,3.5,williamhill_us,2025-10-26T14:54:39Z,2025-10-26T14:56:22Z,120.0,-170.0
Nikola Jovic,New York Knicks @ Miami Heat,2025-10-26T22:00:00Z,player_rebounds,4.5,williamhill_us,2025-10-26T14:54:39Z,2025-10-26T14:56:22Z,110.0,-152.0
Jalen Brunson,New York Knicks @ Miami Heat,2025-10-26T22:00:00Z,player_rebounds,3.5,williamhill_us,2025-10-26T14:54:39Z,2025-10-26T14:56:22Z,115.0,-159.0
Jaime Jaquez Jr,New York Knicks @ Miami Heat,2025-10-26T22:00:00Z,player_rebounds,4.5,williamhill_us,2025-10-26T14:54:39Z,2025-10-26T14:56:22Z,-137.0,100.0
OG Anunoby,New York Knicks @ Miami Heat,2025-10-26T22:00:00Z,player_rebounds,4.5,williamhill_us,2025-10-26T14:54:39Z,2025-10-26T14:56:22Z,-145.0,105.0
Karl-Anthony Towns,New York Knicks @ Miami Heat,2025-10-26T22:00:00Z,player_rebounds,11.5,williamhill_us,2025-10-26T14:54:39Z,2025-10-26T14:56:22Z,-122.0,-110.0
Miles McBride,New York Knicks @ Miami Heat,2025-10-26T22:00:00Z,player_rebounds,2.5,williamhill_us,2025-10-26T14:54:39Z,2025-10-26T14:56:22Z,-102.0,-132.0
Bam Adebayo,New York Knicks @ Miami Heat,2025-10-26T22:00:00Z,player_rebounds,9.5,williamhill_us,2025-10-26T14:54:39Z,2025-10-26T14:56:22Z,100.0,-139.0
Andrew Wiggins,New York Knicks @ Miami Heat,2025-10-26T22:00:00Z,player_rebounds,4.5,williamhill_us,2025-10-26T14:54:39Z,2025-10-26T14:56:22Z,-109.0,-124.0
Miles McBride,New York Knicks @ Miami Heat,2025-10-26T22:00:00Z,player_threes,2.5,williamhill_us,2025-10-26T14:54:39Z,2025-10-26T14:56:22Z,135.0,-190.0
Karl-Anthony Towns,New York Knicks @ Miami Heat,2025-10-26T22:00:00Z,player_threes,1.5,williamhill_us,2025-10-26T14:54:39Z,2025-10-26T14:56:22Z,-170.0,125.0
Jaime Jaquez Jr,New York Knicks @ Miami Heat,2025-10-26T22:00:00Z,player_threes,0.5,williamhill_us,2025-10-26T14:54:39Z,2025-10-26T14:56:22Z,125.0,-170.0
Josh Hart,New York Knicks @ Miami Heat,2025-10-26T22:00:00Z,player_threes,0.5,williamhill_us,2025-10-26T14:54:39Z,2025-10-26T14:56:22Z,-170.0,120.0
Norman Powell,New York Knicks @ Miami Heat,2025-10-26T22:00:00Z,player_threes,2.5,williamhill_us,2025-10-26T14:54:39Z,2025-10-26T14:56:22Z,-148.0,105.0
Nikola Jovic,New York Knicks @ Miami Heat,2025-10-26T22:00:00Z,player_threes,1.5,williamhill_us,2025-10-26T14:54:39Z,2025-10-26T14:56:22Z,-137.0,100.0
Jalen Brunson,New York Knicks @ Miami Heat,2025-10-26T22:00:00Z,player_threes,2.5,williamhill_us,2025-10-26T14:54:39Z,2025-10-26T14:56:22Z,105.0,-148.0
OG Anunoby,New York Knicks @ Miami Heat,2025-10-26T22:00:00Z,player_threes,2.5,williamhill_us,2025-10-26T14:54:39Z,2025-10-26T14:56:22Z,125.0,-170.0
Andrew Wiggins,New York Knicks @ Miami Heat,2025-10-26T22:00:00Z,player_threes,1.5,williamhill_us,2025-10-26T14:54:39Z,2025-10-26T14:56:22Z,-136.0,100.0
Davion Mitchell,New York Knicks @ Miami Heat,2025-10-26T22:00:00Z,player_threes,1.5,williamhill_us,2025-10-26T14:54:39Z,2025-10-26T14:56:22Z,145.0,-205.0
Bam Adebayo,New York Knicks @ Miami Heat,2025-10-26T22:00:00Z,player_threes,1.5,williamhill_us,2025-10-26T14:54:39Z,2025-10-26T14:56:22Z,130.0,-176.0
Simone Fontecchio,New York Knicks @ Miami Heat,2025-10-26T22:00:00Z,player_threes,1.5,williamhill_us,2025-10-26T14:54:39Z,2025-10-26T14:56:22Z,155.0,-213.0
Mikal Bridges,New York Knicks @ Miami Heat,2025-10-26T22:00:00Z,player_threes,1.5,williamhill_us,2025-10-26T14:54:39Z,2025-10-26T14:56:22Z,-139.0,100.0
Jalen Brunson,New York Knicks @ Miami Heat,2025-10-26T22:00:00Z,player_assists,6.5,betonlineag,2025-10-26T14:55:22Z,2025-10-26T14:56:14Z,-114.0,-114.0
Bam Adebayo,New York Knicks @ Miami Heat,2025-10-26T22:00:00Z,player_assists,3.5,betonlineag,2025-10-26T14:55:22Z,2025-10-26T14:56:14Z,-135.0,105.0
Mikal Bridges,New York Knicks @ Miami Heat,2025-10-26T22:00:00Z,player_assists,3.5,betonlineag,2025-10-26T14:55:22Z,2025-10-26T14:56:14Z,118.0,-154.0
Jaime Jaquez Jr,New York Knicks @ Miami Heat,2025-10-26T22:00:00Z,player_assists,2.5,betonlineag,2025-10-26T14:55:22Z,2025-10-26T14:56:14Z,-141.0,108.0
OG Anunoby,New York Knicks @ Miami Heat,2025-10-26T22:00:00Z,player_assists,2.5,betonlineag,2025-10-26T14:55:22Z,2025-10-26T14:56:14Z,149.0,-196.0
Karl-Anthony Towns,New York Knicks @ Miami Heat,2025-10-26T22:00:00Z,player_assists,2.5,betonlineag,2025-10-26T14:55:22Z,2025-10-26T14:56:14Z,-122.0,-106.0
Davion Mitchell,New York Knicks @ Miami Heat,2025-10-26T22:00:00Z,player_assists,6.5,betonlineag,2025-10-26T14:55:22Z,2025-10-26T14:56:14Z,-135.0,105.0
Andrew Wiggins,New York Knicks @ Miami Heat,2025-10-26T22:00:00Z,player_assists,2.5,betonlineag,2025-10-26T14:55:22Z,2025-10-26T14:56:14Z,-143.0,110.0
Miles McBride,New York Knicks @ Miami Heat,2025-10-26T22:00:00Z,player_assists,2.5,betonlineag,2025-10-26T14:55:22Z,2025-10-26T14:56:14Z,100.0,-130.0
Josh Hart,New York Knicks @ Miami Heat,2025-10-26T22:00:00Z,player_assists,3.5,betonlineag,2025-10-26T14:55:22Z,2025-10-26T14:56:14Z,-145.0,112.0
Bam Adebayo,New York Knicks @ Miami Heat,2025-10-26T22:00:00Z,player_points,18.5,betonlineag,2025-10-26T14:55:22Z,2025-10-26T14:56:14Z,-122.0,-106.0
Miles McBride,New York Knicks @ Miami Heat,2025-10-26T22:00:00Z,player_points,10.5,betonlineag,2025-10-26T14:55:22Z,2025-10-26T14:56:14Z,-105.0,-123.0
Jalen Brunson,New York Knicks @ Miami Heat,2025-10-26T22:00:00Z,player_points,26.5,betonlineag,2025-10-26T14:55:22Z,2025-10-26T14:56:14Z,-108.0,-120.0
OG Anunoby,New York Knicks @ Miami Heat,2025-10-26T22:00:00Z,player_points,16.5,betonlineag,2025-10-26T14:55:22Z,2025-10-26T14:56:14Z,-103.0,-125.0
Josh Hart,New York Knicks @ Miami Heat,2025-10-26T22:00:00Z,player_points,8.5,betonlineag,2025-10-26T14:55:22Z,2025-10-26T14:56:14Z,-108.0,-120.0
Jaime Jaquez Jr,New York Knicks @ Miami Heat,2025-10-26T22:00:00Z,player_points,10.5,betonlineag,2025-10-26T14:55:22Z,2025-10-26T14:56:14Z,-102.0,-127.0
Mikal Bridges,New York Knicks @ Miami Heat,2025-10-26T22:00:00Z,player_points,15.5,betonlineag,2025-10-26T14:55:22Z,2025-10-26T14:56:14Z,-105.0,-123.0
Davion Mitchell,New York Knicks @ Miami Heat,2025-10-26T22:00:00Z,player_points,9.5,betonlineag,2025-10-26T14:55:22Z,2025-10-26T14:56:14Z,-125.0,-103.0
Kel'el Ware,New York Knicks @ Miami Heat,2025-10-26T22:00:00Z,player_points,10.5,betonlineag,2025-10-26T14:55:22Z,2025-10-26T14:56:14Z,-127.0,-102.0
Norman Powell,New York Knicks @ Miami Heat,2025-10-26T22:00:00Z,player_points,20.5,betonlineag,2025-10-26T14:55:22Z,2025-10-26T14:56:14Z,-130.0,101.0
Karl-Anthony Towns,New York Knicks @ Miami Heat,2025-10-26T22:00:00Z,player_points,22.5,betonlineag,2025-10-26T14:55:22Z,2025-10-26T14:56:14Z,-105.0,-123.0
Andrew Wiggins,New York Knicks @ Miami Heat,2025-10-26T22:00:00Z,player_points,16.5,betonlineag,2025-10-26T14:55:22Z,2025-10-26T14:56:14Z,-101.0,-128.0
Nikola Jovic,New York Knicks @ Miami Heat,2025-10-26T22:00:00Z,player_points,9.5,betonlineag,2025-10-26T14:55:22Z,2025-10-26T14:56:14Z,-130.0,100.0
Bam Adebayo,New York Knicks @ Miami Heat,2025-10-26T22:00:00Z,player_points_rebounds_assists,32.5,betonlineag,2025-10-26T14:55:22Z,2025-10-26T14:55:05Z,-108.0,-120.0
Jaime Jaquez Jr,New York Knicks @ Miami Heat,2025-10-26T22:00:00Z,player_points_rebounds_assists,18.5,betonlineag,2025-10-26T14:55:22Z,2025-10-26T14:55:05Z,-103.0,-125.0
Jalen Brunson,New York Knicks @ Miami Heat,2025-10-26T22:00:00Z,player_points_rebounds_assists,36.5,betonlineag,2025-10-26T14:55:22Z,2025-10-26T14:55:05Z,-110.0,-118.0
Josh Hart,New York Knicks @ Miami Heat,2025-10-26T22:00:00Z,player_points_rebounds_assists,19.5,betonlineag,2025-10-26T14:55:22Z,2025-10-26T14:55:05Z,-109.0,-119.0
Karl-Anthony Towns,New York Knicks @ Miami Heat,2025-10-26T22:00:00Z,player_points_rebounds_assists,36.5,betonlineag,2025-10-26T14:55:22Z,2025-10-26T14:55:05Z,-115.0,-112.0
Andrew Wiggins,New York Knicks @ Miami Heat,2025-10-26T22:00:00Z,player_points_rebounds_assists,23.5,betonlineag,2025-10-26T14:55:22Z,2025-10-26T14:55:05Z,-112.0,-115.0
Davion Mitchell,New York Knicks @ Miami Heat,2025-10-26T22:00:00Z,player_points_rebounds_assists,18.5,betonlineag,2025-10-26T14:55:22Z,2025-10-26T14:55:05Z,-123.0,-105.0
Norman Powell,New York Knicks @ Miami Heat,2025-10-26T22:00:00Z,player_points_rebounds_assists,25.5,betonlineag,2025-10-26T14:55:22Z,2025-10-26T14:55:05Z,-123.0,-105.0
OG Anunoby,New York Knicks @ Miami Heat,2025-10-26T22:00:00Z,player_points_rebounds_assists,23.5,betonlineag,2025-10-26T14:55:22Z,2025-10-26T14:55:05Z,-110.0,-118.0
Mikal Bridges,New York Knicks @ Miami Heat,2025-10-26T22:00:00Z,player_points_rebounds_assists,22.5,betonlineag,2025-10-26T14:55:22Z,2025-10-26T14:55:05Z,-111.0,-116.0
Jalen Brunson,New York Knicks @ Miami Heat,2025-10-26T22:00:00Z,player_rebounds,3.5,betonlineag,2025-10-26T14:55:22Z,2025-10-26T14:56:14Z,128.0,-167.0
Bam Adebayo,New York Knicks @ Miami Heat,2025-10-26T22:00:00Z,player_rebounds,9.5,betonlineag,2025-10-26T14:55:22Z,2025-10-26T14:56:14Z,109.0,-141.0
OG Anunoby,New York Knicks @ Miami Heat,2025-10-26T22:00:00Z,player_rebounds,4.5,betonlineag,2025-10-26T14:55:22Z,2025-10-26T14:56:14Z,-141.0,109.0
Jaime Jaquez Jr,New York Knicks @ Miami Heat,2025-10-26T22:00:00Z,player_rebounds,4.5,betonlineag,2025-10-26T14:55:22Z,2025-10-26T14:56:14Z,-135.0,104.0
Josh Hart,New York Knicks @ Miami Heat,2025-10-26T22:00:00Z,player_rebounds,6.5,betonlineag,2025-10-26T14:55:22Z,2025-10-26T14:56:14Z,-119.0,-109.0
Mikal Bridges,New York Knicks @ Miami Heat,2025-10-26T22:00:00Z,player_rebounds,3.5,betonlineag,2025-10-26T14:55:22Z,2025-10-26T14:56:14Z,-115.0,-112.0
Andrew Wiggins,New York Knicks @ Miami Heat,2025-10-26T22:00:00Z,player_rebounds,4.5,betonlineag,2025-10-26T14:55:22Z,2025-10-26T14:56:14Z,-108.0,-120.0
Karl-Anthony Towns,New York Knicks @ Miami Heat,2025-10-26T22:00:00Z,player_rebounds,11.5,betonlineag,2025-10-26T14:55:22Z,2025-10-26T14:56:14Z,-115.0,-112.0
Davion Mitchell,New York Knicks @ Miami Heat,2025-10-26T22:00:00Z,player_rebounds,2.5,betonlineag,2025-10-26T14:55:22Z,2025-10-26T14:56:14Z,136.0,-179.0
Norman Powell,New York Knicks @ Miami Heat,2025-10-26T22:00:00Z,player_rebounds,3.5,betonlineag,2025-10-26T14:55:22Z,2025-10-26T14:56:14Z,134.0,-175.0
Nikola Jovic,New York Knicks @ Miami Heat,2025-10-26T22:00:00Z,player_rebounds,4.5,betonlineag,2025-10-26T14:55:22Z,2025-10-26T14:56:14Z,117.0,-152.0
Kel'el Ware,New York Knicks @ Miami Heat,2025-10-26T22:00:00Z,player_rebounds,8.5,betonlineag,2025-10-26T14:55:22Z,2025-10-26T14:56:14Z,106.0,-137.0
Miles McBride,New York Knicks @ Miami Heat,2025-10-26T22:00:00Z,player_rebounds,2.5,betonlineag,2025-10-26T14:55:22Z,2025-10-26T14:56:14Z,100.0,-130.0
Jalen Brunson,New York Knicks @ Miami Heat,2025-10-26T22:00:00Z,player_threes,2.5,betonlineag,2025-10-26T14:55:22Z,2025-10-26T14:56:14Z,107.0,-139.0
Nikola Jovic,New York Knicks @ Miami Heat,2025-10-26T22:00:00Z,player_threes,1.5,betonlineag,2025-10-26T14:55:22Z,2025-10-26T14:56:14Z,-135.0,105.0
Bam Adebayo,New York Knicks @ Miami Heat,2025-10-26T22:00:00Z,player_threes,1.5,betonlineag,2025-10-26T14:55:22Z,2025-10-26T14:56:14Z,134.0,-175.0
Mikal Bridges,New York Knicks @ Miami Heat,2025-10-26T22:00:00Z,player_threes,1.5,betonlineag,2025-10-26T14:55:22Z,2025-10-26T14:56:14Z,-139.0,107.0
OG Anunoby,New York Knicks @ Miami Heat,2025-10-26T22:00:00Z,player_threes,2.5,betonlineag,2025-10-26T14:55:22Z,2025-10-26T14:56:14Z,132.0,-172.0
Andrew Wiggins,New York Knicks @ Miami Heat,2025-10-26T22:00:00Z,player_threes,1.5,betonlineag,2025-10-26T14:55:22Z,2025-10-26T14:56:14Z,-132.0,102.0
Davion Mitchell,New York Knicks @ Miami Heat,2025-10-26T22:00:00Z,player_threes,1.5,betonlineag,2025-10-26T14:55:22Z,2025-10-26T14:56:14Z,155.0,-204.0
Karl-Anthony Towns,New York Knicks @ Miami Heat,2025-10-26T22:00:00Z,player_threes,1.5,betonlineag,2025-10-26T14:55:22Z,2025-10-26T14:56:14Z,-164.0,126.0
Norman Powell,New York Knicks @ Miami Heat,2025-10-26T22:00:00Z,player_threes,2.5,betonlineag,2025-10-26T14:55:22Z,2025-10-26T14:56:14Z,-152.0,116.0
Miles McBride,New York Knicks @ Miami Heat,2025-10-26T22:00:00Z,player_threes,2.5,betonlineag,2025-10-26T14:55:22Z,2025-10-26T14:56:14Z,149.0,-196.0
Andrew Wiggins,New York Knicks @ Miami Heat,2025-10-26T22:00:00Z,player_assists,2.5,betmgm,2025-10-26T14:55:22Z,2025-10-26T14:54:43Z,-150.0,110.0
Norman Powell,New York Knicks @ Miami Heat,2025-10-26T22:00:00Z,player_assists,1.5,betmgm,2025-10-26T14:55:22Z,2025-10-26T14:54:43Z,-120.0,-110.0
OG Anunoby,New York Knicks @ Miami Heat,2025-10-26T22:00:00Z,player_assists,1.5,betmgm,2025-10-26T14:55:22Z,2025-10-26T14:54:43Z,-185.0,135.0
Miles McBride,New York Knicks @ Miami Heat,2025-10-26T22:00:00Z,player_assists,2.5,betmgm,2025-10-26T14:55:22Z,2025-10-26T14:54:43Z,135.0,-175.0
Mikal Bridges,New York Knicks @ Miami Heat,2025-10-26T22:00:00Z,player_assists,3.5,betmgm,2025-10-26T14:55:22Z,2025-10-26T14:54:43Z,125.0,-165.0
Jaime Jaquez Jr,New York Knicks @ Miami Heat,2025-10-26T22:00:00Z,player_assists,2.5,betmgm,2025-10-26T14:55:22Z,2025-10-26T14:54:43Z,-145.0,110.0
Bam Adebayo,New York Knicks @ Miami Heat,2025-10-26T22:00:00Z,player_assists,3.5,betmgm,2025-10-26T14:55:22Z,2025-10-26T14:54:43Z,-135.0,100.0
Jalen Brunson,New York Knicks @ Miami Heat,2025-10-26T22:00:00Z,player_assists,6.5,betmgm,2025-10-26T14:55:22Z,2025-10-26T14:54:43Z,-115.0,-115.0
Simone Fontecchio,New York Knicks @ Miami Heat,2025-10-26T22:00:00Z,player_assists,0.5,betmgm,2025-10-26T14:55:22Z,2025-10-26T14:54:43Z,-160.0,120.0
Karl-Anthony Towns,New York Knicks @ Miami Heat,2025-10-26T22:00:00Z,player_assists,2.5,betmgm,2025-10-26T14:55:22Z,2025-10-26T14:54:43Z,-125.0,-105.0
Nikola Jovic,New York Knicks @ Miami Heat,2025-10-26T22:00:00Z,player_assists,2.5,betmgm,2025-10-26T14:55:22Z,2025-10-26T14:54:43Z,-120.0,-110.0
Kel'el Ware,New York Knicks @ Miami Heat,2025-10-26T22:00:00Z,player_assists,0.5,betmgm,2025-10-26T14:55:22Z,2025-10-26T14:54:43Z,-200.0,150.0
Davion Mitchell,New York Knicks @ Miami Heat,2025-10-26T22:00:00Z,player_assists,6.5,betmgm,2025-10-26T14:55:22Z,2025-10-26T14:54:43Z,-125.0,-105.0
Josh Hart,New York Knicks @ Miami Heat,2025-10-26T22:00:00Z,player_assists,3.5,betmgm,2025-10-26T14:55:22Z,2025-10-26T14:54:43Z,-145.0,110.0
Andrew Wiggins,New York Knicks @ Miami Heat,2025-10-26T22:00:00Z,player_blocks,0.5,betmgm,2025-10-26T14:55:22Z,2025-10-26T14:54:43Z,-145.0,105.0
Norman Powell,New York Knicks @ Miami Heat,2025-10-26T22:00:00Z,player_blocks,0.5,betmgm,2025-10-26T14:55:22Z,2025-10-26T14:54:43Z,290.0,-450.0
OG Anunoby,New York Knicks @ Miami Heat,2025-10-26T22:00:00Z,player_blocks,0.5,betmgm,2025-10-26T14:55:22Z,2025-10-26T14:54:43Z,-175.0,125.0
Miles McBride,New York Knicks @ Miami Heat,2025-10-26T22:00:00Z,player_blocks,0.5,betmgm,2025-10-26T14:55:22Z,2025-10-26T14:54:43Z,230.0,-350.0
Mikal Bridges,New York Knicks @ Miami Heat,2025-10-26T22:00:00Z,player_blocks,0.5,betmgm,2025-10-26T14:55:22Z,2025-10-26T14:54:43Z,-140.0,100.0
Bam Adebayo,New York Knicks @ Miami Heat,2025-10-26T22:00:00Z,player_blocks,0.5,betmgm,2025-10-26T14:55:22Z,2025-10-26T14:54:43Z,115.0,-160.0
Jalen Brunson,New York Knicks @ Miami Heat,2025-10-26T22:00:00Z,player_blocks,0.5,betmgm,2025-10-26T14:55:22Z,2025-10-26T14:54:43Z,333.0,-550.0
Karl-Anthony Towns,New York Knicks @ Miami Heat,2025-10-26T22:00:00Z,player_blocks,0.5,betmgm,2025-10-26T14:55:22Z,2025-10-26T14:54:43Z,-105.0,-135.0
Kel'el Ware,New York Knicks @ Miami Heat,2025-10-26T22:00:00Z,player_blocks,0.5,betmgm,2025-10-26T14:55:22Z,2025-10-26T14:54:43Z,-235.0,165.0
Davion Mitchell,New York Knicks @ Miami Heat,2025-10-26T22:00:00Z,player_blocks,0.5,betmgm,2025-10-26T14:55:22Z,2025-10-26T14:54:43Z,270.0,-400.0
Andrew Wiggins,New York Knicks @ Miami Heat,2025-10-26T22:00:00Z,player_double_double,,betmgm,2025-10-26T14:55:22Z,2025-10-26T14:54:43Z,,
OG Anunoby,New York Knicks @ Miami Heat,2025-10-26T22:00:00Z,player_double_double,,betmgm,2025-10-26T14:55:22Z,2025-10-26T14:54:43Z,,
Mikal Bridges,New York Knicks @ Miami Heat,2025-10-26T22:00:00Z,player_double_double,,betmgm,2025-10-26T14:55:22Z,2025-10-26T14:54:43Z,,
Bam Adebayo,New York Knicks @ Miami Heat,2025-10-26T22:00:00Z,player_double_double,,betmgm,2025-10-26T14:55:22Z,2025-10-26T14:54:43Z,,
Jalen Brunson,New York Knicks @ Miami Heat,2025-10-26T22:00:00Z,player_double_double,,betmgm,2025-10-26T14:55:22Z,2025-10-26T14:54:43Z,,
Karl-Anthony Towns,New York Knicks @ Miami Heat,2025-10-26T22:00:00Z,player_double_double,,betmgm,2025-10-26T14:55:22Z,2025-10-26T14:54:43Z,,
Kel'el Ware,New York Knicks @ Miami Heat,2025-10-26T22:00:00Z,player_double_double,,betmgm,2025-10-26T14:55:22Z,2025-10-26T14:54:43Z,,
Davion Mitchell,New York Knicks @ Miami Heat,2025-10-26T22:00:00Z,player_double_double,,betmgm,2025-10-26T14:55:22Z,2025-10-26T14:54:43Z,,
Andrew Wiggins,New York Knicks @ Miami Heat,2025-10-26T22:00:00Z,player_points,15.5,betmgm,2025-10-26T14:55:22Z,2025-10-26T14:54:43Z,-135.0,100.0
Norman Powell,New York Knicks @ Miami Heat,2025-10-26T22:00:00Z,player_points,21.5,betmgm,2025-10-26T14:55:22Z,2025-10-26T14:54:43Z,-125.0,-105.0
Miles McBride,New York Knicks @ Miami Heat,2025-10-26T22:00:00Z,player_points,9.5,betmgm,2025-10-26T14:55:22Z,2025-10-26T14:54:43Z,-120.0,-110.0
Mikal Bridges,New York Knicks @ Miami Heat,2025-10-26T22:00:00Z,player_points,14.5,betmgm,2025-10-26T14:55:22Z,2025-10-26T14:54:43Z,-115.0,-115.0
Jaime Jaquez Jr,New York Knicks @ Miami Heat,2025-10-26T22:00:00Z,player_points,9.5,betmgm,2025-10-26T14:55:22Z,2025-10-26T14:54:43Z,-125.0,-105.0
Bam Adebayo,New York Knicks @ Miami Heat,2025-10-26T22:00:00Z,player_points,19.5,betmgm,2025-10-26T14:55:22Z,2025-10-26T14:54:43Z,-105.0,-130.0
Jalen Brunson,New York Knicks @ Miami Heat,2025-10-26T22:00:00Z,player_points,26.5,betmgm,2025-10-26T14:55:22Z,2025-10-26T14:54:43Z,-110.0,-120.0
Simone Fontecchio,New York Knicks @ Miami Heat,2025-10-26T22:00:00Z,player_points,5.5,betmgm,2025-10-26T14:55:22Z,2025-10-26T14:54:43Z,-125.0,-105.0
Karl-Anthony Towns,New York Knicks @ Miami Heat,2025-10-26T22:00:00Z,player_points,22.5,betmgm,2025-10-26T14:55:22Z,2025-10-26T14:54:43Z,-110.0,-120.0
Nikola Jovic,New York Knicks @ Miami Heat,2025-10-26T22:00:00Z,player_points,10.5,betmgm,2025-10-26T14:55:22Z,2025-10-26T14:54:43Z,-110.0,-120.0
Davion Mitchell,New York Knicks @ Miami Heat,2025-10-26T22:00:00Z,player_points,8.5,betmgm,2025-10-26T14:55:22Z,2025-10-26T14:54:43Z,-155.0,120.0
Josh Hart,New York Knicks @ Miami Heat,2025-10-26T22:00:00Z,player_points,8.5,betmgm,2025-10-26T14:55:22Z,2025-10-26T14:54:43Z,-115.0,-115.0
OG Anunoby,New York Knicks @ Miami Heat,2025-10-26T22:00:00Z,player_points,16.5,betmgm,2025-10-26T14:55:22Z,2025-10-26T14:54:43Z,-105.0,-130.0
Kel'el Ware,New York Knicks @ Miami Heat,2025-10-26T22:00:00Z,player_points,10.5,betmgm,2025-10-26T14:55:22Z,2025-10-26T14:54:43Z,-105.0,-130.0
Andrew Wiggins,New York Knicks @ Miami Heat,2025-10-26T22:00:00Z,player_points_rebounds_assists,23.5,betmgm,2025-10-26T14:55:22Z,2025-10-26T14:54:43Z,-105.0,-130.0
Norman Powell,New York Knicks @ Miami Heat,2025-10-26T22:00:00Z,player_points_rebounds_assists,26.5,betmgm,2025-10-26T14:55:22Z,2025-10-26T14:54:43Z,-105.0,-130.0
Miles McBride,New York Knicks @ Miami Heat,2025-10-26T22:00:00Z,player_points_rebounds_assists,14.5,betmgm,2025-10-26T14:55:22Z,2025-10-26T14:54:43Z,-115.0,-115.0
Mikal Bridges,New York Knicks @ Miami Heat,2025-10-26T22:00:00Z,player_points_rebounds_assists,21.5,betmgm,2025-10-26T14:55:22Z,2025-10-26T14:54:43Z,-125.0,-110.0
Jalen Brunson,New York Knicks @ Miami Heat,2025-10-26T22:00:00Z,player_points_rebounds_assists,36.5,betmgm,2025-10-26T14:55:22Z,2025-10-26T14:54:43Z,-115.0,-115.0
Simone Fontecchio,New York Knicks @ Miami Heat,2025-10-26T22:00:00Z,player_points_rebounds_assists,9.5,betmgm,2025-10-26T14:55:22Z,2025-10-26T14:54:43Z,-105.0,-125.0
Karl-Anthony Towns,New York Knicks @ Miami Heat,2025-10-26T22:00:00Z,player_points_rebounds_assists,36.5,betmgm,2025-10-26T14:55:22Z,2025-10-26T14:54:43Z,-120.0,-110.0
Davion Mitchell,New York Knicks @ Miami Heat,2025-10-26T22:00:00Z,player_points_rebounds_assists,18.5,betmgm,2025-10-26T14:55:22Z,2025-10-26T14:54:43Z,-115.0,-115.0
Jaime Jaquez Jr,New York Knicks @ Miami Heat,2025-10-26T22:00:00Z,player_points_rebounds_assists,17.5,betmgm,2025-10-26T14:55:22Z,2025-10-26T14:54:43Z,-105.0,-130.0
Bam Adebayo,New York Knicks @ Miami Heat,2025-10-26T22:00:00Z,player_points_rebounds_assists,32.5,betmgm,2025-10-26T14:55:22Z,2025-10-26T14:54:43Z,-105.0,-125.0
Josh Hart,New York Knicks @ Miami Heat,2025-10-26T22:00:00Z,player_points_rebounds_assists,19.5,betmgm,2025-10-26T14:55:22Z,2025-10-26T14:54:43Z,-120.0,-110.0
OG Anunoby,New York Knicks @ Miami Heat,2025-10-26T22:00:00Z,player_points_rebounds_assists,23.5,betmgm,2025-10-26T14:55:22Z,2025-10-26T14:54:43Z,-105.0,-125.0
Kel'el Ware,New York Knicks @ Miami Heat,2025-10-26T22:00:00Z,player_points_rebounds_assists,19.5,betmgm,2025-10-26T14:55:22Z,2025-10-26T14:54:43Z,-110.0,-120.0
Nikola Jovic,New York Knicks @ Miami Heat,2025-10-26T22:00:00Z,player_points_rebounds_assists,17.5,betmgm,2025-10-26T14:55:22Z,2025-10-26T14:54:43Z,-125.0,-105.0
Andrew Wiggins,New York Knicks @ Miami Heat,2025-10-26T22:00:00Z,player_rebounds,4.5,betmgm,2025-10-26T14:55:22Z,2025-10-26T14:54:43Z,100.0,-135.0
Norman Powell,New York Knicks @ Miami Heat,2025-10-26T22:00:00Z,player_rebounds,3.5,betmgm,2025-10-26T14:55:22Z,2025-10-26T14:54:43Z,115.0,-155.0
OG Anunoby,New York Knicks @ Miami Heat,2025-10-26T22:00:00Z,player_rebounds,4.5,betmgm,2025-10-26T14:55:22Z,2025-10-26T14:54:43Z,-135.0,100.0
Miles McBride,New York Knicks @ Miami Heat,2025-10-26T22:00:00Z,player_rebounds,2.5,betmgm,2025-10-26T14:55:22Z,2025-10-26T14:54:43Z,100.0,-130.0
Mikal Bridges,New York Knicks @ Miami Heat,2025-10-26T22:00:00Z,player_rebounds,3.5,betmgm,2025-10-26T14:55:22Z,2025-10-26T14:54:43Z,-118.0,-110.0
Jaime Jaquez Jr,New York Knicks @ Miami Heat,2025-10-26T22:00:00Z,player_rebounds,4.5,betmgm,2025-10-26T14:55:22Z,2025-10-26T14:54:43Z,-125.0,-105.0
Bam Adebayo,New York Knicks @ Miami Heat,2025-10-26T22:00:00Z,player_rebounds,9.5,betmgm,2025-10-26T14:55:22Z,2025-10-26T14:54:43Z,100.0,-130.0
Jalen Brunson,New York Knicks @ Miami Heat,2025-10-26T22:00:00Z,player_rebounds,3.5,betmgm,2025-10-26T14:55:22Z,2025-10-26T14:54:43Z,110.0,-145.0
Simone Fontecchio,New York Knicks @ Miami Heat,2025-10-26T22:00:00Z,player_rebounds,2.5,betmgm,2025-10-26T14:55:22Z,2025-10-26T14:54:43Z,110.0,-150.0
Karl-Anthony Towns,New York Knicks @ Miami Heat,2025-10-26T22:00:00Z,player_rebounds,11.5,betmgm,2025-10-26T14:55:22Z,2025-10-26T14:54:43Z,-115.0,-115.0
Nikola Jovic,New York Knicks @ Miami Heat,2025-10-26T22:00:00Z,player_rebounds,4.5,betmgm,2025-10-26T14:55:22Z,2025-10-26T14:54:43Z,115.0,-150.0
Kel'el Ware,New York Knicks @ Miami Heat,2025-10-26T22:00:00Z,player_rebounds,7.5,betmgm,2025-10-26T14:55:22Z,2025-10-26T14:54:43Z,-155.0,120.0
Davion Mitchell,New York Knicks @ Miami Heat,2025-10-26T22:00:00Z,player_rebounds,2.5,betmgm,2025-10-26T14:55:22Z,2025-10-26T14:54:43Z,120.0,-160.0
Josh Hart,New York Knicks @ Miami Heat,2025-10-26T22:00:00Z,player_rebounds,6.5,betmgm,2025-10-26T14:55:22Z,2025-10-26T14:54:43Z,-110.0,-120.0
Andrew Wiggins,New York Knicks @ Miami Heat,2025-10-26T22:00:00Z,player_threes,1.5,betmgm,2025-10-26T14:55:22Z,2025-10-26T14:54:43Z,-140.0,105.0
Norman Powell,New York Knicks @ Miami Heat,2025-10-26T22:00:00Z,player_threes,2.5,betmgm,2025-10-26T14:55:22Z,2025-10-26T14:54:43Z,-145.0,105.0
OG Anunoby,New York Knicks @ Miami Heat,2025-10-26T22:00:00Z,player_threes,2.5,betmgm,2025-10-26T14:55:22Z,2025-10-26T14:54:43Z,125.0,-165.0
Miles McBride,New York Knicks @ Miami Heat,2025-10-26T22:00:00Z,player_threes,2.5,betmgm,2025-10-26T14:55:22Z,2025-10-26T14:54:43Z,135.0,-185.0
Mikal Bridges,New York Knicks @ Miami Heat,2025-10-26T22:00:00Z,player_threes,1.5,betmgm,2025-10-26T14:55:22Z,2025-10-26T14:54:43Z,-135.0,100.0
Jaime Jaquez Jr,New York Knicks @ Miami Heat,2025-10-26T22:00:00Z,player_threes,0.5,betmgm,2025-10-26T14:55:22Z,2025-10-26T14:54:43Z,125.0,-165.0
Bam Adebayo,New York Knicks @ Miami Heat,2025-10-26T22:00:00Z,player_threes,1.5,betmgm,2025-10-26T14:55:22Z,2025-10-26T14:54:43Z,150.0,-200.0
Jalen Brunson,New York Knicks @ Miami Heat,2025-10-26T22:00:00Z,player_threes,2.5,betmgm,2025-10-26T14:55:22Z,2025-10-26T14:54:43Z,105.0,-145.0
Simone Fontecchio,New York Knicks @ Miami Heat,2025-10-26T22:00:00Z,player_threes,1.5,betmgm,2025-10-26T14:55:22Z,2025-10-26T14:54:43Z,150.0,-210.0
Karl-Anthony Towns,New York Knicks @ Miami Heat,2025-10-26T22:00:00Z,player_threes,1.5,betmgm,2025-10-26T14:55:22Z,2025-10-26T14:54:43Z,-160.0,120.0
Nikola Jovic,New York Knicks @ Miami Heat,2025-10-26T22:00:00Z,player_threes,1.5,betmgm,2025-10-26T14:55:22Z,2025-10-26T14:54:43Z,-135.0,100.0
Kel'el Ware,New York Knicks @ Miami Heat,2025-10-26T22:00:00Z,player_threes,0.5,betmgm,2025-10-26T14:55:22Z,2025-10-26T14:54:43Z,125.0,-165.0
Davion Mitchell,New York Knicks @ Miami Heat,2025-10-26T22:00:00Z,player_threes,1.5,betmgm,2025-10-26T14:55:22Z,2025-10-26T14:54:43Z,150.0,-200.0
Josh Hart,New York Knicks @ Miami Heat,2025-10-26T22:00:00Z,player_threes,0.5,betmgm,2025-10-26T14:55:22Z,2025-10-26T14:54:43Z,-165.0,125.0
Bam Adebayo,New York Knicks @ Miami Heat,2025-10-26T22:00:00Z,player_triple_double,,betmgm,2025-10-26T14:55:22Z,2025-10-26T14:54:43Z,,
Bam Adebayo,New York Knicks @ Miami Heat,2025-10-26T22:00:00Z,player_assists,3.5,bovada,2025-10-26T14:54:59Z,2025-10-26T14:55:42Z,165.0,-220.0
Davion Mitchell,New York Knicks @ Miami Heat,2025-10-26T22:00:00Z,player_assists,5.5,bovada,2025-10-26T14:54:59Z,2025-10-26T14:55:42Z,205.0,-280.0
Jalen Brunson,New York Knicks @ Miami Heat,2025-10-26T22:00:00Z,player_assists,5.5,bovada,2025-10-26T14:54:59Z,2025-10-26T14:55:42Z,155.0,-210.0
Josh Hart,New York Knicks @ Miami Heat,2025-10-26T22:00:00Z,player_assists,3.5,bovada,2025-10-26T14:54:59Z,2025-10-26T14:55:42Z,155.0,-210.0
Mikal Bridges,New York Knicks @ Miami Heat,2025-10-26T22:00:00Z,player_assists,2.5,bovada,2025-10-26T14:54:59Z,2025-10-26T14:55:42Z,125.0,-165.0
Karl-Anthony Towns,New York Knicks @ Miami Heat,2025-10-26T22:00:00Z,player_double_double,,bovada,2025-10-26T14:54:59Z,2025-10-26T14:55:42Z,,
Bam Adebayo,New York Knicks @ Miami Heat,2025-10-26T22:00:00Z,player_double_double,,bovada,2025-10-26T14:54:59Z,2025-10-26T14:55:42Z,,
Kel'el Ware,New York Knicks @ Miami Heat,2025-10-26T22:00:00Z,player_double_double,,bovada,2025-10-26T14:54:59Z,2025-10-26T14:55:42Z,,
Jalen Brunson,New York Knicks @ Miami Heat,2025-10-26T22:00:00Z,player_double_double,,bovada,2025-10-26T14:54:59Z,2025-10-26T14:55:42Z,,
Josh Hart,New York Knicks @ Miami Heat,2025-10-26T22:00:00Z,player_double_double,,bovada,2025-10-26T14:54:59Z,2025-10-26T14:55:42Z,,
OG Anunoby,New York Knicks @ Miami Heat,2025-10-26T22:00:00Z,player_double_double,,bovada,2025-10-26T14:54:59Z,2025-10-26T14:55:42Z,,
Jaime Jaquez Jr,New York Knicks @ Miami Heat,2025-10-26T22:00:00Z,player_double_double,,bovada,2025-10-26T14:54:59Z,2025-10-26T14:55:42Z,,
Andrew Wiggins,New York Knicks @ Miami Heat,2025-10-26T22:00:00Z,player_double_double,,bovada,2025-10-26T14:54:59Z,2025-10-26T14:55:42Z,,
Nikola Jovic,New York Knicks @ Miami Heat,2025-10-26T22:00:00Z,player_double_double,,bovada,2025-10-26T14:54:59Z,2025-10-26T14:55:42Z,,
Andrew Wiggins,New York Knicks @ Miami Heat,2025-10-26T22:00:00Z,player_points,13.5,bovada,2025-10-26T14:54:59Z,2025-10-26T14:55:42Z,190.0,-260.0
Bam Adebayo,New York Knicks @ Miami Heat,2025-10-26T22:00:00Z,player_points,16.5,bovada,2025-10-26T14:54:59Z,2025-10-26T14:55:42Z,205.0,-280.0
Davion Mitchell,New York Knicks @ Miami Heat,2025-10-26T22:00:00Z,player_points,6.5,bovada,2025-10-26T14:54:59Z,2025-10-26T14:55:42Z,190.0,-260.0
Jaime Jaquez Jr,New York Knicks @ Miami Heat,2025-10-26T22:00:00Z,player_points,7.5,bovada,2025-10-26T14:54:59Z,2025-10-26T14:55:42Z,190.0,-260.0
Jalen Brunson,New York Knicks @ Miami Heat,2025-10-26T22:00:00Z,player_points,26.5,bovada,2025-10-26T14:54:59Z,2025-10-26T14:55:42Z,-110.0,-120.0
Josh Hart,New York Knicks @ Miami Heat,2025-10-26T22:00:00Z,player_points,6.5,bovada,2025-10-26T14:54:59Z,2025-10-26T14:55:42Z,160.0,-215.0
Karl-Anthony Towns,New York Knicks @ Miami Heat,2025-10-26T22:00:00Z,player_points,18.5,bovada,2025-10-26T14:54:59Z,2025-10-26T14:55:42Z,200.0,-275.0
Kel'el Ware,New York Knicks @ Miami Heat,2025-10-26T22:00:00Z,player_points,7.5,bovada,2025-10-26T14:54:59Z,2025-10-26T14:55:42Z,175.0,-240.0
Mikal Bridges,New York Knicks @ Miami Heat,2025-10-26T22:00:00Z,player_points,11.5,bovada,2025-10-26T14:54:59Z,2025-10-26T14:55:42Z,180.0,-245.0
Miles McBride,New York Knicks @ Miami Heat,2025-10-26T22:00:00Z,player_points,7.5,bovada,2025-10-26T14:54:59Z,2025-10-26T14:55:42Z,200.0,-275.0
Nikola Jovic,New York Knicks @ Miami Heat,2025-10-26T22:00:00Z,player_points,8.5,bovada,2025-10-26T14:54:59Z,2025-10-26T14:55:42Z,200.0,-275.0
Norman Powell,New York Knicks @ Miami Heat,2025-10-26T22:00:00Z,player_points,18.5,bovada,2025-10-26T14:54:59Z,2025-10-26T14:55:42Z,200.0,-275.0
OG Anunoby,New York Knicks @ Miami Heat,2025-10-26T22:00:00Z,player_points,13.5,bovada,2025-10-26T14:54:59Z,2025-10-26T14:55:42Z,200.0,-275.0
Andrew Wiggins,New York Knicks @ Miami Heat,2025-10-26T22:00:00Z,player_points_rebounds_assists,19.5,bovada,2025-10-26T14:54:59Z,2025-10-26T14:55:42Z,200.0,-275.0
Bam Adebayo,New York Knicks @ Miami Heat,2025-10-26T22:00:00Z,player_points_rebounds_assists,28.5,bovada,2025-10-26T14:54:59Z,2025-10-26T14:55:42Z,205.0,-280.0
Davion Mitchell,New York Knicks @ Miami Heat,2025-10-26T22:00:00Z,player_points_rebounds_assists,15.5,bovada,2025-10-26T14:54:59Z,2025-10-26T14:55:42Z,185.0,-250.0
Jaime Jaquez Jr,New York Knicks @ Miami Heat,2025-10-26T22:00:00Z,player_points_rebounds_assists,14.5,bovada,2025-10-26T14:54:59Z,2025-10-26T14:55:42Z,180.0,-245.0
Jalen Brunson,New York Knicks @ Miami Heat,2025-10-26T22:00:00Z,player_points_rebounds_assists,31.5,bovada,2025-10-26T14:54:59Z,2025-10-26T14:55:42Z,185.0,-250.0
Josh Hart,New York Knicks @ Miami Heat,2025-10-26T22:00:00Z,player_points_rebounds_assists,16.5,bovada,2025-10-26T14:54:59Z,2025-10-26T14:55:42Z,185.0,-250.0
Karl-Anthony Towns,New York Knicks @ Miami Heat,2025-10-26T22:00:00Z,player_points_rebounds_assists,31.5,bovada,2025-10-26T14:54:59Z,2025-10-26T14:55:42Z,210.0,-290.0
Kel'el Ware,New York Knicks @ Miami Heat,2025-10-26T22:00:00Z,player_points_rebounds_assists,16.5,bovada,2025-10-26T14:54:59Z,2025-10-26T14:55:42Z,185.0,-250.0
Mikal Bridges,New York Knicks @ Miami Heat,2025-10-26T22:00:00Z,player_points_rebounds_assists,18.5,bovada,2025-10-26T14:54:59Z,2025-10-26T14:55:42Z,215.0,-300.0
Miles McBride,New York Knicks @ Miami Heat,2025-10-26T22:00:00Z,player_points_rebounds_assists,11.5,bovada,2025-10-26T14:54:59Z,2025-10-26T14:55:42Z,175.0,-240.0
Nikola Jovic,New York Knicks @ Miami Heat,2025-10-26T22:00:00Z,player_points_rebounds_assists,14.5,bovada,2025-10-26T14:54:59Z,2025-10-26T14:55:42Z,190.0,-260.0
Norman Powell,New York Knicks @ Miami Heat,2025-10-26T22:00:00Z,player_points_rebounds_assists,22.5,bovada,2025-10-26T14:54:59Z,2025-10-26T14:55:42Z,205.0,-280.0
OG Anunoby,New York Knicks @ Miami Heat,2025-10-26T22:00:00Z,player_points_rebounds_assists,19.5,bovada,2025-10-26T14:54:59Z,2025-10-26T14:55:42Z,200.0,-275.0
Bam Adebayo,New York Knicks @ Miami Heat,2025-10-26T22:00:00Z,player_rebounds,7.5,bovada,2025-10-26T14:54:59Z,2025-10-26T14:55:42Z,165.0,-220.0
Josh Hart,New York Knicks @ Miami Heat,2025-10-26T22:00:00Z,player_rebounds,5.5,bovada,2025-10-26T14:54:59Z,2025-10-26T14:55:42Z,210.0,-290.0
Karl-Anthony Towns,New York Knicks @ Miami Heat,2025-10-26T22:00:00Z,player_rebounds,10.5,bovada,2025-10-26T14:54:59Z,2025-10-26T14:55:42Z,190.0,-260.0
Kel'el Ware,New York Knicks @ Miami Heat,2025-10-26T22:00:00Z,player_rebounds,6.5,bovada,2025-10-26T14:54:59Z,2025-10-26T14:55:42Z,170.0,-230.0
Andrew Wiggins,New York Knicks @ Miami Heat,2025-10-26T22:00:00Z,player_threes,1.5,bovada,2025-10-26T14:54:59Z,2025-10-26T14:55:42Z,-135.0,105.0
Bam Adebayo,New York Knicks @ Miami Heat,2025-10-26T22:00:00Z,player_threes,1.5,bovada,2025-10-26T14:54:59Z,2025-10-26T14:55:42Z,130.0,-170.0
Davion Mitchell,New York Knicks @ Miami Heat,2025-10-26T22:00:00Z,player_threes,1.5,bovada,2025-10-26T14:54:59Z,2025-10-26T14:55:42Z,155.0,-210.0
Jalen Brunson,New York Knicks @ Miami Heat,2025-10-26T22:00:00Z,player_threes,2.5,bovada,2025-10-26T14:54:59Z,2025-10-26T14:55:42Z,-105.0,-125.0
Karl-Anthony Towns,New York Knicks @ Miami Heat,2025-10-26T22:00:00Z,player_threes,1.5,bovada,2025-10-26T14:54:59Z,2025-10-26T14:55:42Z,185.0,-250.0
Mikal Bridges,New York Knicks @ Miami Heat,2025-10-26T22:00:00Z,player_threes,1.5,bovada,2025-10-26T14:54:59Z,2025-10-26T14:55:42Z,-135.0,105.0
Miles McBride,New York Knicks @ Miami Heat,2025-10-26T22:00:00Z,player_threes,1.5,bovada,2025-10-26T14:54:59Z,2025-10-26T14:55:42Z,140.0,-185.0
Nikola Jovic,New York Knicks @ Miami Heat,2025-10-26T22:00:00Z,player_threes,1.5,bovada,2025-10-26T14:54:59Z,2025-10-26T14:55:42Z,190.0,-260.0
Norman Powell,New York Knicks @ Miami Heat,2025-10-26T22:00:00Z,player_threes,2.5,bovada,2025-10-26T14:54:59Z,2025-10-26T14:55:42Z,145.0,-190.0
OG Anunoby,New York Knicks @ Miami Heat,2025-10-26T22:00:00Z,player_threes,1.5,bovada,2025-10-26T14:54:59Z,2025-10-26T14:55:42Z,130.0,-170.0
Simone Fontecchio,New York Knicks @ Miami Heat,2025-10-26T22:00:00Z,player_threes,0.5,bovada,2025-10-26T14:54:59Z,2025-10-26T14:55:42Z,160.0,-215.0
Bam Adebayo,New York Knicks @ Miami Heat,2025-10-26T22:00:00Z,player_triple_double,,bovada,2025-10-26T14:54:59Z,2025-10-26T14:55:42Z,,
Josh Hart,New York Knicks @ Miami Heat,2025-10-26T22:00:00Z,player_triple_double,,bovada,2025-10-26T14:54:59Z,2025-10-26T14:55:42Z,,
Khris Middleton,Charlotte Hornets @ Washington Wizards,2025-10-26T22:10:00Z,player_assists,3.5,fanduel,2025-10-26T14:55:09Z,2025-10-26T14:54:58Z,-158.0,118.0
C.J. McCollum,Charlotte Hornets @ Washington Wizards,2025-10-26T22:10:00Z,player_assists,3.5,fanduel,2025-10-26T14:55:09Z,2025-10-26T14:54:58Z,-125.0,-106.0
Collin Sexton,Charlotte Hornets @ Washington Wizards,2025-10-26T22:10:00Z,player_assists,3.5,fanduel,2025-10-26T14:55:09Z,2025-10-26T14:54:58Z,-152.0,114.0
Miles Bridges,Charlotte Hornets @ Washington Wizards,2025-10-26T22:10:00Z,player_assists,4.5,fanduel,2025-10-26T14:55:09Z,2025-10-26T14:54:58Z,134.0,-180.0
LaMelo Ball,Charlotte Hornets @ Washington Wizards,2025-10-26T22:10:00Z,player_assists,7.5,fanduel,2025-10-26T14:55:09Z,2025-10-26T14:54:58Z,-138.0,104.0
Kyshawn George,Charlotte Hornets @ Washington Wizards,2025-10-26T22:10:00Z,player_assists,3.5,fanduel,2025-10-26T14:55:09Z,2025-10-26T14:54:58Z,128.0,-172.0
Tre Johnson,Charlotte Hornets @ Washington Wizards,2025-10-26T22:10:00Z,player_assists,2.5,fanduel,2025-10-26T14:55:09Z,2025-10-26T14:54:58Z,102.0,-136.0
Alex Sarr,Charlotte Hornets @ Washington Wizards,2025-10-26T22:10:00Z,player_assists,2.5,fanduel,2025-10-26T14:55:09Z,2025-10-26T14:54:58Z,-148.0,112.0
Carlton Carrington,Charlotte Hornets @ Washington Wizards,2025-10-26T22:10:00Z,player_assists,4.5,fanduel,2025-10-26T14:55:09Z,2025-10-26T14:54:58Z,102.0,-136.0
LaMelo Ball,Charlotte Hornets @ Washington Wizards,2025-10-26T22:10:00Z,player_double_double,,fanduel,2025-10-26T14:55:09Z,2025-10-26T14:56:12Z,,
Miles Bridges,Charlotte Hornets @ Washington Wizards,2025-10-26T22:10:00Z,player_double_double,,fanduel,2025-10-26T14:55:09Z,2025-10-26T14:56:12Z,,
Alex Sarr,Charlotte Hornets @ Washington Wizards,2025-10-26T22:10:00Z,player_double_double,,fanduel,2025-10-26T14:55:09Z,2025-10-26T14:56:12Z,,
Ryan Kalkbrenner,Charlotte Hornets @ Washington Wizards,2025-10-26T22:10:00Z,player_double_double,,fanduel,2025-10-26T14:55:09Z,2025-10-26T14:56:12Z,,
Kyshawn George,Charlotte Hornets @ Washington Wizards,2025-10-26T22:10:00Z,player_double_double,,fanduel,2025-10-26T14:55:09Z,2025-10-26T14:56:12Z,,
Khris Middleton,Charlotte Hornets @ Washington Wizards,2025-10-26T22:10:00Z,player_double_double,,fanduel,2025-10-26T14:55:09Z,2025-10-26T14:56:12Z,,
Carlton Carrington,Charlotte Hornets @ Washington Wizards,2025-10-26T22:10:00Z,player_double_double,,fanduel,2025-10-26T14:55:09Z,2025-10-26T14:56:12Z,,
Cam Whitmore,Charlotte Hornets @ Washington Wizards,2025-10-26T22:10:00Z,player_double_double,,fanduel,2025-10-26T14:55:09Z,2025-10-26T14:56:12Z,,
C.J. McCollum,Charlotte Hornets @ Washington Wizards,2025-10-26T22:10:00Z,player_double_double,,fanduel,2025-10-26T14:55:09Z,2025-10-26T14:56:12Z,,
Collin Sexton,Charlotte Hornets @ Washington Wizards,2025-10-26T22:10:00Z,player_double_double,,fanduel,2025-10-26T14:55:09Z,2025-10-26T14:56:12Z,,
Kyshawn George,Charlotte Hornets @ Washington Wizards,2025-10-26T22:10:00Z,player_points,14.5,fanduel,2025-10-26T14:55:09Z,2025-10-26T14:56:12Z,-114.0,-114.0
Kon Knueppel,Charlotte Hornets @ Washington Wizards,2025-10-26T22:10:00Z,player_points,11.5,fanduel,2025-10-26T14:55:09Z,2025-10-26T14:56:12Z,-114.0,-114.0
Khris Middleton,Charlotte Hornets @ Washington Wizards,2025-10-26T22:10:00Z,player_points,14.5,fanduel,2025-10-26T14:55:09Z,2025-10-26T14:56:12Z,-102.0,-130.0
C.J. McCollum,Charlotte Hornets @ Washington Wizards,2025-10-26T22:10:00Z,player_points,17.5,fanduel,2025-10-26T14:55:09Z,2025-10-26T14:56:12Z,-110.0,-120.0
Collin Sexton,Charlotte Hornets @ Washington Wizards,2025-10-26T22:10:00Z,player_points,16.5,fanduel,2025-10-26T14:55:09Z,2025-10-26T14:56:12Z,-118.0,-112.0
Carlton Carrington,Charlotte Hornets @ Washington Wizards,2025-10-26T22:10:00Z,player_points,10.5,fanduel,2025-10-26T14:55:09Z,2025-10-26T14:56:12Z,-102.0,-130.0
Cam Whitmore,Charlotte Hornets @ Washington Wizards,2025-10-26T22:10:00Z,player_points,11.5,fanduel,2025-10-26T14:55:09Z,2025-10-26T14:56:12Z,-112.0,-118.0
LaMelo Ball,Charlotte Hornets @ Washington Wizards,2025-10-26T22:10:00Z,player_points,25.5,fanduel,2025-10-26T14:55:09Z,2025-10-26T14:56:12Z,-114.0,-114.0
Ryan Kalkbrenner,Charlotte Hornets @ Washington Wizards,2025-10-26T22:10:00Z,player_points,9.5,fanduel,2025-10-26T14:55:09Z,2025-10-26T14:56:12Z,-112.0,-118.0
Alex Sarr,Charlotte Hornets @ Washington Wizards,2025-10-26T22:10:00Z,player_points,13.5,fanduel,2025-10-26T14:55:09Z,2025-10-26T14:56:12Z,-102.0,-130.0
Tre Johnson,Charlotte Hornets @ Washington Wizards,2025-10-26T22:10:00Z,player_points,12.5,fanduel,2025-10-26T14:55:09Z,2025-10-26T14:56:12Z,-128.0,-102.0
Miles Bridges,Charlotte Hornets @ Washington Wizards,2025-10-26T22:10:00Z,player_points,21.5,fanduel,2025-10-26T14:55:09Z,2025-10-26T14:56:12Z,-106.0,-125.0
Corey Kispert,Charlotte Hornets @ Washington Wizards,2025-10-26T22:10:00Z,player_points,8.5,fanduel,2025-10-26T14:55:09Z,2025-10-26T14:56:12Z,-120.0,-110.0
C.J. McCollum,Charlotte Hornets @ Washington Wizards,2025-10-26T22:10:00Z,player_points_rebounds_assists,25.5,fanduel,2025-10-26T14:55:09Z,2025-10-26T14:56:12Z,-110.0,-120.0
LaMelo Ball,Charlotte Hornets @ Washington Wizards,2025-10-26T22:10:00Z,player_points_rebounds_assists,39.5,fanduel,2025-10-26T14:55:09Z,2025-10-26T14:56:12Z,-108.0,-122.0
Alex Sarr,Charlotte Hornets @ Washington Wizards,2025-10-26T22:10:00Z,player_points_rebounds_assists,23.5,fanduel,2025-10-26T14:55:09Z,2025-10-26T14:56:12Z,-114.0,-118.0
Miles Bridges,Charlotte Hornets @ Washington Wizards,2025-10-26T22:10:00Z,player_points_rebounds_assists,33.5,fanduel,2025-10-26T14:55:09Z,2025-10-26T14:56:12Z,-112.0,-118.0
Carlton Carrington,Charlotte Hornets @ Washington Wizards,2025-10-26T22:10:00Z,player_points_rebounds_assists,19.5,fanduel,2025-10-26T14:55:09Z,2025-10-26T14:56:12Z,-102.0,-130.0
Kyshawn George,Charlotte Hornets @ Washington Wizards,2025-10-26T22:10:00Z,player_points_rebounds_assists,24.5,fanduel,2025-10-26T14:55:09Z,2025-10-26T14:56:12Z,-120.0,-110.0
Tre Johnson,Charlotte Hornets @ Washington Wizards,2025-10-26T22:10:00Z,player_points_rebounds_assists,18.5,fanduel,2025-10-26T14:55:09Z,2025-10-26T14:56:12Z,-122.0,-108.0
Khris Middleton,Charlotte Hornets @ Washington Wizards,2025-10-26T22:10:00Z,player_points_rebounds_assists,22.5,fanduel,2025-10-26T14:55:09Z,2025-10-26T14:56:12Z,-125.0,-104.0
Ryan Kalkbrenner,Charlotte Hornets @ Washington Wizards,2025-10-26T22:10:00Z,player_rebounds,7.5,fanduel,2025-10-26T14:55:09Z,2025-10-26T14:56:12Z,-114.0,-114.0
LaMelo Ball,Charlotte Hornets @ Washington Wizards,2025-10-26T22:10:00Z,player_rebounds,4.5,fanduel,2025-10-26T14:55:09Z,2025-10-26T14:56:12Z,-162.0,122.0
Miles Bridges,Charlotte Hornets @ Washington Wizards,2025-10-26T22:10:00Z,player_rebounds,7.5,fanduel,2025-10-26T14:55:09Z,2025-10-26T14:56:12Z,-114.0,-114.0
C.J. McCollum,Charlotte Hornets @ Washington Wizards,2025-10-26T22:10:00Z,player_rebounds,3.5,fanduel,2025-10-26T14:55:09Z,2025-10-26T14:56:12Z,-136.0,102.0
Kon Knueppel,Charlotte Hornets @ Washington Wizards,2025-10-26T22:10:00Z,player_rebounds,3.5,fanduel,2025-10-26T14:55:09Z,2025-10-26T14:56:12Z,-125.0,-106.0
Cam Whitmore,Charlotte Hornets @ Washington Wizards,2025-10-26T22:10:00Z,player_rebounds,3.5,fanduel,2025-10-26T14:55:09Z,2025-10-26T14:56:12Z,-162.0,122.0
Tre Johnson,Charlotte Hornets @ Washington Wizards,2025-10-26T22:10:00Z,player_rebounds,3.5,fanduel,2025-10-26T14:55:09Z,2025-10-26T14:56:12Z,128.0,-172.0
Carlton Carrington,Charlotte Hornets @ Washington Wizards,2025-10-26T22:10:00Z,player_rebounds,4.5,fanduel,2025-10-26T14:55:09Z,2025-10-26T14:56:12Z,116.0,-158.0
Alex Sarr,Charlotte Hornets @ Washington Wizards,2025-10-26T22:10:00Z,player_rebounds,7.5,fanduel,2025-10-26T14:55:09Z,2025-10-26T14:56:12Z,114.0,-152.0
Kyshawn George,Charlotte Hornets @ Washington Wizards,2025-10-26T22:10:00Z,player_rebounds,6.5,fanduel,2025-10-26T14:55:09Z,2025-10-26T14:56:12Z,-118.0,-112.0
Khris Middleton,Charlotte Hornets @ Washington Wizards,2025-10-26T22:10:00Z,player_rebounds,4.5,fanduel,2025-10-26T14:55:09Z,2025-10-26T14:56:12Z,-114.0,-114.0
Khris Middleton,Charlotte Hornets @ Washington Wizards,2025-10-26T22:10:00Z,player_threes,1.5,fanduel,2025-10-26T14:55:09Z,2025-10-26T14:56:12Z,-108.0,-122.0
Collin Sexton,Charlotte Hornets @ Washington Wizards,2025-10-26T22:10:00Z,player_threes,1.5,fanduel,2025-10-26T14:55:09Z,2025-10-26T14:56:12Z,-108.0,-122.0
Kyshawn George,Charlotte Hornets @ Washington Wizards,2025-10-26T22:10:00Z,player_threes,2.5,fanduel,2025-10-26T14:55:09Z,2025-10-26T14:56:12Z,120.0,-160.0
Miles Bridges,Charlotte Hornets @ Washington Wizards,2025-10-26T22:10:00Z,player_threes,2.5,fanduel,2025-10-26T14:55:09Z,2025-10-26T14:56:12Z,-108.0,-122.0
Corey Kispert,Charlotte Hornets @ Washington Wizards,2025-10-26T22:10:00Z,player_threes,1.5,fanduel,2025-10-26T14:55:09Z,2025-10-26T14:56:12Z,-118.0,-112.0
LaMelo Ball,Charlotte Hornets @ Washington Wizards,2025-10-26T22:10:00Z,player_threes,3.5,fanduel,2025-10-26T14:55:09Z,2025-10-26T14:56:12Z,-138.0,104.0
Cam Whitmore,Charlotte Hornets @ Washington Wizards,2025-10-26T22:10:00Z,player_threes,1.5,fanduel,2025-10-26T14:55:09Z,2025-10-26T14:56:12Z,148.0,-200.0
C.J. McCollum,Charlotte Hornets @ Washington Wizards,2025-10-26T22:10:00Z,player_threes,2.5,fanduel,2025-10-26T14:55:09Z,2025-10-26T14:56:12Z,120.0,-160.0
Carlton Carrington,Charlotte Hornets @ Washington Wizards,2025-10-26T22:10:00Z,player_threes,1.5,fanduel,2025-10-26T14:55:09Z,2025-10-26T14:56:12Z,-125.0,-106.0
Kon Knueppel,Charlotte Hornets @ Washington Wizards,2025-10-26T22:10:00Z,player_threes,1.5,fanduel,2025-10-26T14:55:09Z,2025-10-26T14:56:12Z,-166.0,124.0
Tre Johnson,Charlotte Hornets @ Washington Wizards,2025-10-26T22:10:00Z,player_threes,2.5,fanduel,2025-10-26T14:55:09Z,2025-10-26T14:56:12Z,154.0,-210.0
LaMelo Ball,Charlotte Hornets @ Washington Wizards,2025-10-26T22:10:00Z,player_triple_double,,fanduel,2025-10-26T14:55:09Z,2025-10-26T14:56:12Z,,
Miles Bridges,Charlotte Hornets @ Washington Wizards,2025-10-26T22:10:00Z,player_triple_double,,fanduel,2025-10-26T14:55:09Z,2025-10-26T14:56:12Z,,
Khris Middleton,Charlotte Hornets @ Washington Wizards,2025-10-26T22:10:00Z,player_assists,3.5,fanatics,2025-10-26T14:55:12Z,2025-10-26T14:55:42Z,-150.0,115.0
Carlton Carrington,Charlotte Hornets @ Washington Wizards,2025-10-26T22:10:00Z,player_assists,4.5,fanatics,2025-10-26T14:55:12Z,2025-10-26T14:55:42Z,100.0,-130.0
Alex Sarr,Charlotte Hornets @ Washington Wizards,2025-10-26T22:10:00Z,player_assists,2.5,fanatics,2025-10-26T14:55:12Z,2025-10-26T14:55:42Z,-140.0,105.0
Miles Bridges,Charlotte Hornets @ Washington Wizards,2025-10-26T22:10:00Z,player_assists,4.5,fanatics,2025-10-26T14:55:12Z,2025-10-26T14:55:42Z,120.0,-165.0
C.J. McCollum,Charlotte Hornets @ Washington Wizards,2025-10-26T22:10:00Z,player_assists,3.5,fanatics,2025-10-26T14:55:12Z,2025-10-26T14:55:42Z,-130.0,100.0
Collin Sexton,Charlotte Hornets @ Washington Wizards,2025-10-26T22:10:00Z,player_assists,3.5,fanatics,2025-10-26T14:55:12Z,2025-10-26T14:55:42Z,-175.0,125.0
Kyshawn George,Charlotte Hornets @ Washington Wizards,2025-10-26T22:10:00Z,player_assists,3.5,fanatics,2025-10-26T14:55:12Z,2025-10-26T14:55:42Z,120.0,-165.0
LaMelo Ball,Charlotte Hornets @ Washington Wizards,2025-10-26T22:10:00Z,player_assists,7.5,fanatics,2025-10-26T14:55:12Z,2025-10-26T14:55:42Z,-140.0,105.0
Ryan Kalkbrenner,Charlotte Hornets @ Washington Wizards,2025-10-26T22:10:00Z,player_assists,1.5,fanatics,2025-10-26T14:55:12Z,2025-10-26T14:55:42Z,155.0,-250.0
Corey Kispert,Charlotte Hornets @ Washington Wizards,2025-10-26T22:10:00Z,player_assists,1.5,fanatics,2025-10-26T14:55:12Z,2025-10-26T14:55:42Z,-140.0,105.0
Cam Whitmore,Charlotte Hornets @ Washington Wizards,2025-10-26T22:10:00Z,player_assists,1.5,fanatics,2025-10-26T14:55:12Z,2025-10-26T14:55:42Z,115.0,-150.0
Kon Knueppel,Charlotte Hornets @ Washington Wizards,2025-10-26T22:10:00Z,player_assists,1.5,fanatics,2025-10-26T14:55:12Z,2025-10-26T14:55:42Z,100.0,-130.0
Tre Johnson,Charlotte Hornets @ Washington Wizards,2025-10-26T22:10:00Z,player_assists,2.5,fanatics,2025-10-26T14:55:12Z,2025-10-26T14:55:42Z,100.0,-130.0
C.J. McCollum,Charlotte Hornets @ Washington Wizards,2025-10-26T22:10:00Z,player_double_double,,fanatics,2025-10-26T14:55:12Z,2025-10-26T14:55:42Z,,
Khris Middleton,Charlotte Hornets @ Washington Wizards,2025-10-26T22:10:00Z,player_double_double,,fanatics,2025-10-26T14:55:12Z,2025-10-26T14:55:42Z,,
Alex Sarr,Charlotte Hornets @ Washington Wizards,2025-10-26T22:10:00Z,player_double_double,,fanatics,2025-10-26T14:55:12Z,2025-10-26T14:55:42Z,,
Carlton Carrington,Charlotte Hornets @ Washington Wizards,2025-10-26T22:10:00Z,player_double_double,,fanatics,2025-10-26T14:55:12Z,2025-10-26T14:55:42Z,,
Miles Bridges,Charlotte Hornets @ Washington Wizards,2025-10-26T22:10:00Z,player_double_double,,fanatics,2025-10-26T14:55:12Z,2025-10-26T14:55:42Z,,
Kyshawn George,Charlotte Hornets @ Washington Wizards,2025-10-26T22:10:00Z,player_double_double,,fanatics,2025-10-26T14:55:12Z,2025-10-26T14:55:42Z,,
Cam Whitmore,Charlotte Hornets @ Washington Wizards,2025-10-26T22:10:00Z,player_double_double,,fanatics,2025-10-26T14:55:12Z,2025-10-26T14:55:42Z,,
LaMelo Ball,Charlotte Hornets @ Washington Wizards,2025-10-26T22:10:00Z,player_double_double,,fanatics,2025-10-26T14:55:12Z,2025-10-26T14:55:42Z,,
Collin Sexton,Charlotte Hornets @ Washington Wizards,2025-10-26T22:10:00Z,player_double_double,,fanatics,2025-10-26T14:55:12Z,2025-10-26T14:55:42Z,,
Ryan Kalkbrenner,Charlotte Hornets @ Washington Wizards,2025-10-26T22:10:00Z,player_double_double,,fanatics,2025-10-26T14:55:12Z,2025-10-26T14:55:42Z,,
Khris Middleton,Charlotte Hornets @ Washington Wizards,2025-10-26T22:10:00Z,player_points,13.5,fanatics,2025-10-26T14:55:12Z,2025-10-26T14:55:42Z,-130.0,100.0
Corey Kispert,Charlotte Hornets @ Washington Wizards,2025-10-26T22:10:00Z,player_points,8.5,fanatics,2025-10-26T14:55:12Z,2025-10-26T14:55:42Z,-120.0,-110.0
Alex Sarr,Charlotte Hornets @ Washington Wizards,2025-10-26T22:10:00Z,player_points,12.5,fanatics,2025-10-26T14:55:12Z,2025-10-26T14:55:42Z,-130.0,100.0
Miles Bridges,Charlotte Hornets @ Washington Wizards,2025-10-26T22:10:00Z,player_points,21.5,fanatics,2025-10-26T14:55:12Z,2025-10-26T14:55:42Z,-115.0,-115.0
C.J. McCollum,Charlotte Hornets @ Washington Wizards,2025-10-26T22:10:00Z,player_points,17.5,fanatics,2025-10-26T14:55:12Z,2025-10-26T14:55:42Z,-115.0,-115.0
Carlton Carrington,Charlotte Hornets @ Washington Wizards,2025-10-26T22:10:00Z,player_points,10.5,fanatics,2025-10-26T14:55:12Z,2025-10-26T14:55:42Z,-110.0,-120.0
Kyshawn George,Charlotte Hornets @ Washington Wizards,2025-10-26T22:10:00Z,player_points,14.5,fanatics,2025-10-26T14:55:12Z,2025-10-26T14:55:42Z,-120.0,-110.0
LaMelo Ball,Charlotte Hornets @ Washington Wizards,2025-10-26T22:10:00Z,player_points,25.5,fanatics,2025-10-26T14:55:12Z,2025-10-26T14:55:42Z,-115.0,-115.0
Cam Whitmore,Charlotte Hornets @ Washington Wizards,2025-10-26T22:10:00Z,player_points,11.5,fanatics,2025-10-26T14:55:12Z,2025-10-26T14:55:42Z,100.0,-130.0
Collin Sexton,Charlotte Hornets @ Washington Wizards,2025-10-26T22:10:00Z,player_points,16.5,fanatics,2025-10-26T14:55:12Z,2025-10-26T14:55:42Z,-115.0,-115.0
Kon Knueppel,Charlotte Hornets @ Washington Wizards,2025-10-26T22:10:00Z,player_points,11.5,fanatics,2025-10-26T14:55:12Z,2025-10-26T14:55:42Z,-115.0,-115.0
Ryan Kalkbrenner,Charlotte Hornets @ Washington Wizards,2025-10-26T22:10:00Z,player_points,9.5,fanatics,2025-10-26T14:55:12Z,2025-10-26T14:55:42Z,-105.0,-125.0
Tre Johnson,Charlotte Hornets @ Washington Wizards,2025-10-26T22:10:00Z,player_points,12.5,fanatics,2025-10-26T14:55:12Z,2025-10-26T14:55:42Z,-125.0,-105.0
Alex Sarr,Charlotte Hornets @ Washington Wizards,2025-10-26T22:10:00Z,player_points_rebounds_assists,23.5,fanatics,2025-10-26T14:55:12Z,2025-10-26T14:55:42Z,-110.0,-120.0
Carlton Carrington,Charlotte Hornets @ Washington Wizards,2025-10-26T22:10:00Z,player_points_rebounds_assists,19.5,fanatics,2025-10-26T14:55:12Z,2025-10-26T14:55:42Z,-105.0,-125.0
Kyshawn George,Charlotte Hornets @ Washington Wizards,2025-10-26T22:10:00Z,player_points_rebounds_assists,24.5,fanatics,2025-10-26T14:55:12Z,2025-10-26T14:55:42Z,-125.0,-105.0
Khris Middleton,Charlotte Hornets @ Washington Wizards,2025-10-26T22:10:00Z,player_points_rebounds_assists,23.5,fanatics,2025-10-26T14:55:12Z,2025-10-26T14:55:42Z,100.0,-130.0
Miles Bridges,Charlotte Hornets @ Washington Wizards,2025-10-26T22:10:00Z,player_points_rebounds_assists,33.5,fanatics,2025-10-26T14:55:12Z,2025-10-26T14:55:42Z,-115.0,-115.0
LaMelo Ball,Charlotte Hornets @ Washington Wizards,2025-10-26T22:10:00Z,player_points_rebounds_assists,38.5,fanatics,2025-10-26T14:55:12Z,2025-10-26T14:55:42Z,-115.0,-115.0
C.J. McCollum,Charlotte Hornets @ Washington Wizards,2025-10-26T22:10:00Z,player_points_rebounds_assists,25.5,fanatics,2025-10-26T14:55:12Z,2025-10-26T14:55:42Z,-115.0,-115.0
Collin Sexton,Charlotte Hornets @ Washington Wizards,2025-10-26T22:10:00Z,player_points_rebounds_assists,23.5,fanatics,2025-10-26T14:55:12Z,2025-10-26T14:55:42Z,-115.0,-115.0
Ryan Kalkbrenner,Charlotte Hornets @ Washington Wizards,2025-10-26T22:10:00Z,player_points_rebounds_assists,18.5,fanatics,2025-10-26T14:55:12Z,2025-10-26T14:55:42Z,-110.0,-120.0
Corey Kispert,Charlotte Hornets @ Washington Wizards,2025-10-26T22:10:00Z,player_points_rebounds_assists,13.5,fanatics,2025-10-26T14:55:12Z,2025-10-26T14:55:42Z,-110.0,-120.0
Cam Whitmore,Charlotte Hornets @ Washington Wizards,2025-10-26T22:10:00Z,player_points_rebounds_assists,17.5,fanatics,2025-10-26T14:55:12Z,2025-10-26T14:55:42Z,110.0,-145.0
Kon Knueppel,Charlotte Hornets @ Washington Wizards,2025-10-26T22:10:00Z,player_points_rebounds_assists,16.5,fanatics,2025-10-26T14:55:12Z,2025-10-26T14:55:42Z,-130.0,100.0
Tre Johnson,Charlotte Hornets @ Washington Wizards,2025-10-26T22:10:00Z,player_points_rebounds_assists,18.5,fanatics,2025-10-26T14:55:12Z,2025-10-26T14:55:42Z,-115.0,-115.0
Khris Middleton,Charlotte Hornets @ Washington Wizards,2025-10-26T22:10:00Z,player_rebounds,4.5,fanatics,2025-10-26T14:55:12Z,2025-10-26T14:55:42Z,-115.0,-115.0
Alex Sarr,Charlotte Hornets @ Washington Wizards,2025-10-26T22:10:00Z,player_rebounds,7.5,fanatics,2025-10-26T14:55:12Z,2025-10-26T14:55:42Z,110.0,-145.0
C.J. McCollum,Charlotte Hornets @ Washington Wizards,2025-10-26T22:10:00Z,player_rebounds,3.5,fanatics,2025-10-26T14:55:12Z,2025-10-26T14:55:42Z,-145.0,110.0
Carlton Carrington,Charlotte Hornets @ Washington Wizards,2025-10-26T22:10:00Z,player_rebounds,4.5,fanatics,2025-10-26T14:55:12Z,2025-10-26T14:55:42Z,105.0,-140.0
Kon Knueppel,Charlotte Hornets @ Washington Wizards,2025-10-26T22:10:00Z,player_rebounds,3.5,fanatics,2025-10-26T14:55:12Z,2025-10-26T14:55:42Z,-125.0,-105.0
Ryan Kalkbrenner,Charlotte Hornets @ Washington Wizards,2025-10-26T22:10:00Z,player_rebounds,7.5,fanatics,2025-10-26T14:55:12Z,2025-10-26T14:55:42Z,-115.0,-115.0
Kyshawn George,Charlotte Hornets @ Washington Wizards,2025-10-26T22:10:00Z,player_rebounds,6.5,fanatics,2025-10-26T14:55:12Z,2025-10-26T14:55:42Z,-115.0,-115.0
Cam Whitmore,Charlotte Hornets @ Washington Wizards,2025-10-26T22:10:00Z,player_rebounds,3.5,fanatics,2025-10-26T14:55:12Z,2025-10-26T14:55:42Z,-165.0,120.0
LaMelo Ball,Charlotte Hornets @ Washington Wizards,2025-10-26T22:10:00Z,player_rebounds,4.5,fanatics,2025-10-26T14:55:12Z,2025-10-26T14:55:42Z,-165.0,120.0
Miles Bridges,Charlotte Hornets @ Washington Wizards,2025-10-26T22:10:00Z,player_rebounds,7.5,fanatics,2025-10-26T14:55:12Z,2025-10-26T14:55:42Z,-115.0,-115.0
Collin Sexton,Charlotte Hornets @ Washington Wizards,2025-10-26T22:10:00Z,player_rebounds,2.5,fanatics,2025-10-26T14:55:12Z,2025-10-26T14:55:42Z,-130.0,100.0
Corey Kispert,Charlotte Hornets @ Washington Wizards,2025-10-26T22:10:00Z,player_rebounds,2.5,fanatics,2025-10-26T14:55:12Z,2025-10-26T14:55:42Z,-125.0,-105.0
Tre Johnson,Charlotte Hornets @ Washington Wizards,2025-10-26T22:10:00Z,player_rebounds,3.5,fanatics,2025-10-26T14:55:12Z,2025-10-26T14:55:42Z,120.0,-165.0
Miles Bridges,Charlotte Hornets @ Washington Wizards,2025-10-26T22:10:00Z,player_threes,2.5,fanatics,2025-10-26T14:55:12Z,2025-10-26T14:55:42Z,-110.0,-120.0
Carlton Carrington,Charlotte Hornets @ Washington Wizards,2025-10-26T22:10:00Z,player_threes,1.5,fanatics,2025-10-26T14:55:12Z,2025-10-26T14:55:42Z,-125.0,-105.0
C.J. McCollum,Charlotte Hornets @ Washington Wizards,2025-10-26T22:10:00Z,player_threes,2.5,fanatics,2025-10-26T14:55:12Z,2025-10-26T14:55:42Z,120.0,-165.0
Khris Middleton,Charlotte Hornets @ Washington Wizards,2025-10-26T22:10:00Z,player_threes,1.5,fanatics,2025-10-26T14:55:12Z,2025-10-26T14:55:42Z,-115.0,-115.0
Corey Kispert,Charlotte Hornets @ Washington Wizards,2025-10-26T22:10:00Z,player_threes,1.5,fanatics,2025-10-26T14:55:12Z,2025-10-26T14:55:42Z,-115.0,-115.0
Cam Whitmore,Charlotte Hornets @ Washington Wizards,2025-10-26T22:10:00Z,player_threes,1.5,fanatics,2025-10-26T14:55:12Z,2025-10-26T14:55:42Z,130.0,-190.0
Kyshawn George,Charlotte Hornets @ Washington Wizards,2025-10-26T22:10:00Z,player_threes,2.5,fanatics,2025-10-26T14:55:12Z,2025-10-26T14:55:42Z,120.0,-165.0
LaMelo Ball,Charlotte Hornets @ Washington Wizards,2025-10-26T22:10:00Z,player_threes,3.5,fanatics,2025-10-26T14:55:12Z,2025-10-26T14:55:42Z,-130.0,100.0
Kon Knueppel,Charlotte Hornets @ Washington Wizards,2025-10-26T22:10:00Z,player_threes,1.5,fanatics,2025-10-26T14:55:12Z,2025-10-26T14:55:42Z,-190.0,130.0
Collin Sexton,Charlotte Hornets @ Washington Wizards,2025-10-26T22:10:00Z,player_threes,1.5,fanatics,2025-10-26T14:55:12Z,2025-10-26T14:55:42Z,105.0,-140.0
Alex Sarr,Charlotte Hornets @ Washington Wizards,2025-10-26T22:10:00Z,player_threes,1.5,fanatics,2025-10-26T14:55:12Z,2025-10-26T14:55:42Z,150.0,-240.0
Ryan Kalkbrenner,Charlotte Hornets @ Washington Wizards,2025-10-26T22:10:00Z,player_threes,0.5,fanatics,2025-10-26T14:55:12Z,2025-10-26T14:55:42Z,260.0,-450.0
Tre Johnson,Charlotte Hornets @ Washington Wizards,2025-10-26T22:10:00Z,player_threes,1.5,fanatics,2025-10-26T14:55:12Z,2025-10-26T14:55:42Z,-210.0,135.0
LaMelo Ball,Charlotte Hornets @ Washington Wizards,2025-10-26T22:10:00Z,player_triple_double,,fanatics,2025-10-26T14:55:12Z,2025-10-26T14:55:42Z,,
LaMelo Ball,Charlotte Hornets @ Washington Wizards,2025-10-26T22:10:00Z,player_assists,7.5,draftkings,2025-10-26T14:55:22Z,2025-10-26T14:54:43Z,-134.0,103.0
Carlton Carrington,Charlotte Hornets @ Washington Wizards,2025-10-26T22:10:00Z,player_assists,4.5,draftkings,2025-10-26T14:55:22Z,2025-10-26T14:54:43Z,102.0,-132.0
Miles Bridges,Charlotte Hornets @ Washington Wizards,2025-10-26T22:10:00Z,player_assists,4.5,draftkings,2025-10-26T14:55:22Z,2025-10-26T14:54:43Z,120.0,-155.0
Khris Middleton,Charlotte Hornets @ Washington Wizards,2025-10-26T22:10:00Z,player_assists,3.5,draftkings,2025-10-26T14:55:22Z,2025-10-26T14:54:43Z,-147.0,113.0
C.J. McCollum,Charlotte Hornets @ Washington Wizards,2025-10-26T22:10:00Z,player_assists,3.5,draftkings,2025-10-26T14:55:22Z,2025-10-26T14:54:43Z,-131.0,101.0
Kyshawn George,Charlotte Hornets @ Washington Wizards,2025-10-26T22:10:00Z,player_assists,3.5,draftkings,2025-10-26T14:55:22Z,2025-10-26T14:54:43Z,131.0,-170.0
Alex Sarr,Charlotte Hornets @ Washington Wizards,2025-10-26T22:10:00Z,player_assists,2.5,draftkings,2025-10-26T14:55:22Z,2025-10-26T14:54:43Z,-140.0,108.0
Alex Sarr,Charlotte Hornets @ Washington Wizards,2025-10-26T22:10:00Z,player_blocks,1.5,draftkings,2025-10-26T14:55:22Z,2025-10-26T14:54:43Z,109.0,-144.0
Miles Bridges,Charlotte Hornets @ Washington Wizards,2025-10-26T22:10:00Z,player_blocks,0.5,draftkings,2025-10-26T14:55:22Z,2025-10-26T14:54:43Z,114.0,-151.0
LaMelo Ball,Charlotte Hornets @ Washington Wizards,2025-10-26T22:10:00Z,player_double_double,,draftkings,2025-10-26T14:55:22Z,2025-10-26T14:54:43Z,,
Miles Bridges,Charlotte Hornets @ Washington Wizards,2025-10-26T22:10:00Z,player_double_double,,draftkings,2025-10-26T14:55:22Z,2025-10-26T14:54:43Z,,
Alex Sarr,Charlotte Hornets @ Washington Wizards,2025-10-26T22:10:00Z,player_double_double,,draftkings,2025-10-26T14:55:22Z,2025-10-26T14:54:43Z,,
Kyshawn George,Charlotte Hornets @ Washington Wizards,2025-10-26T22:10:00Z,player_double_double,,draftkings,2025-10-26T14:55:22Z,2025-10-26T14:54:43Z,,
Khris Middleton,Charlotte Hornets @ Washington Wizards,2025-10-26T22:10:00Z,player_double_double,,draftkings,2025-10-26T14:55:22Z,2025-10-26T14:54:43Z,,
Carlton Carrington,Charlotte Hornets @ Washington Wizards,2025-10-26T22:10:00Z,player_double_double,,draftkings,2025-10-26T14:55:22Z,2025-10-26T14:54:43Z,,
C.J. McCollum,Charlotte Hornets @ Washington Wizards,2025-10-26T22:10:00Z,player_double_double,,draftkings,2025-10-26T14:55:22Z,2025-10-26T14:54:43Z,,
LaMelo Ball,Charlotte Hornets @ Washington Wizards,2025-10-26T22:10:00Z,player_points,25.5,draftkings,2025-10-26T14:55:22Z,2025-10-26T14:54:43Z,-115.0,-111.0
Miles Bridges,Charlotte Hornets @ Washington Wizards,2025-10-26T22:10:00Z,player_points,21.5,draftkings,2025-10-26T14:55:22Z,2025-10-26T14:54:43Z,-106.0,-120.0
C.J. McCollum,Charlotte Hornets @ Washington Wizards,2025-10-26T22:10:00Z,player_points,16.5,draftkings,2025-10-26T14:55:22Z,2025-10-26T14:54:43Z,-128.0,100.0
Collin Sexton,Charlotte Hornets @ Washington Wizards,2025-10-26T22:10:00Z,player_points,16.5,draftkings,2025-10-26T14:55:22Z,2025-10-26T14:54:43Z,-121.0,-105.0
Kyshawn George,Charlotte Hornets @ Washington Wizards,2025-10-26T22:10:00Z,player_points,14.5,draftkings,2025-10-26T14:55:22Z,2025-10-26T14:54:43Z,-120.0,-107.0
Khris Middleton,Charlotte Hornets @ Washington Wizards,2025-10-26T22:10:00Z,player_points,14.5,draftkings,2025-10-26T14:55:22Z,2025-10-26T14:54:43Z,-105.0,-122.0
Alex Sarr,Charlotte Hornets @ Washington Wizards,2025-10-26T22:10:00Z,player_points,12.5,draftkings,2025-10-26T14:55:22Z,2025-10-26T14:54:43Z,-129.0,101.0
Tre Johnson,Charlotte Hornets @ Washington Wizards,2025-10-26T22:10:00Z,player_points,12.5,draftkings,2025-10-26T14:55:22Z,2025-10-26T14:54:43Z,-116.0,-110.0
Kon Knueppel,Charlotte Hornets @ Washington Wizards,2025-10-26T22:10:00Z,player_points,11.5,draftkings,2025-10-26T14:55:22Z,2025-10-26T14:54:43Z,-116.0,-110.0
Carlton Carrington,Charlotte Hornets @ Washington Wizards,2025-10-26T22:10:00Z,player_points,10.5,draftkings,2025-10-26T14:55:22Z,2025-10-26T14:54:43Z,-105.0,-121.0
Ryan Kalkbrenner,Charlotte Hornets @ Washington Wizards,2025-10-26T22:10:00Z,player_points,9.5,draftkings,2025-10-26T14:55:22Z,2025-10-26T14:54:43Z,-120.0,-106.0
LaMelo Ball,Charlotte Hornets @ Washington Wizards,2025-10-26T22:10:00Z,player_points_rebounds_assists,38.5,draftkings,2025-10-26T14:55:22Z,2025-10-26T14:54:43Z,-118.0,-110.0
Miles Bridges,Charlotte Hornets @ Washington Wizards,2025-10-26T22:10:00Z,player_points_rebounds_assists,33.5,draftkings,2025-10-26T14:55:22Z,2025-10-26T14:54:43Z,-111.0,-117.0
C.J. McCollum,Charlotte Hornets @ Washington Wizards,2025-10-26T22:10:00Z,player_points_rebounds_assists,25.5,draftkings,2025-10-26T14:55:22Z,2025-10-26T14:54:43Z,-106.0,-122.0
Kyshawn George,Charlotte Hornets @ Washington Wizards,2025-10-26T22:10:00Z,player_points_rebounds_assists,24.5,draftkings,2025-10-26T14:55:22Z,2025-10-26T14:54:43Z,-117.0,-110.0
Alex Sarr,Charlotte Hornets @ Washington Wizards,2025-10-26T22:10:00Z,player_points_rebounds_assists,23.5,draftkings,2025-10-26T14:55:22Z,2025-10-26T14:54:43Z,-110.0,-118.0
Khris Middleton,Charlotte Hornets @ Washington Wizards,2025-10-26T22:10:00Z,player_points_rebounds_assists,23.5,draftkings,2025-10-26T14:55:22Z,2025-10-26T14:54:43Z,-106.0,-122.0
Carlton Carrington,Charlotte Hornets @ Washington Wizards,2025-10-26T22:10:00Z,player_points_rebounds_assists,19.5,draftkings,2025-10-26T14:55:22Z,2025-10-26T14:54:43Z,-114.0,-114.0
Miles Bridges,Charlotte Hornets @ Washington Wizards,2025-10-26T22:10:00Z,player_rebounds,7.5,draftkings,2025-10-26T14:55:22Z,2025-10-26T14:54:43Z,-110.0,-118.0
Ryan Kalkbrenner,Charlotte Hornets @ Washington Wizards,2025-10-26T22:10:00Z,player_rebounds,7.5,draftkings,2025-10-26T14:55:22Z,2025-10-26T14:54:43Z,-101.0,-129.0
Alex Sarr,Charlotte Hornets @ Washington Wizards,2025-10-26T22:10:00Z,player_rebounds,7.5,draftkings,2025-10-26T14:55:22Z,2025-10-26T14:54:43Z,113.0,-147.0
Kyshawn George,Charlotte Hornets @ Washington Wizards,2025-10-26T22:10:00Z,player_rebounds,6.5,draftkings,2025-10-26T14:55:22Z,2025-10-26T14:54:43Z,-117.0,-111.0
LaMelo Ball,Charlotte Hornets @ Washington Wizards,2025-10-26T22:10:00Z,player_rebounds,4.5,draftkings,2025-10-26T14:55:22Z,2025-10-26T14:54:43Z,-146.0,113.0
Khris Middleton,Charlotte Hornets @ Washington Wizards,2025-10-26T22:10:00Z,player_rebounds,4.5,draftkings,2025-10-26T14:55:22Z,2025-10-26T14:54:43Z,-114.0,-114.0
Carlton Carrington,Charlotte Hornets @ Washington Wizards,2025-10-26T22:10:00Z,player_rebounds,4.5,draftkings,2025-10-26T14:55:22Z,2025-10-26T14:54:43Z,-107.0,-121.0
Cam Whitmore,Charlotte Hornets @ Washington Wizards,2025-10-26T22:10:00Z,player_rebounds,3.5,draftkings,2025-10-26T14:55:22Z,2025-10-26T14:54:43Z,-152.0,117.0
C.J. McCollum,Charlotte Hornets @ Washington Wizards,2025-10-26T22:10:00Z,player_rebounds,3.5,draftkings,2025-10-26T14:55:22Z,2025-10-26T14:54:43Z,-136.0,105.0
Kon Knueppel,Charlotte Hornets @ Washington Wizards,2025-10-26T22:10:00Z,player_rebounds,3.5,draftkings,2025-10-26T14:55:22Z,2025-10-26T14:54:43Z,-122.0,-106.0
Tre Johnson,Charlotte Hornets @ Washington Wizards,2025-10-26T22:10:00Z,player_rebounds,3.5,draftkings,2025-10-26T14:55:22Z,2025-10-26T14:54:43Z,127.0,-165.0
LaMelo Ball,Charlotte Hornets @ Washington Wizards,2025-10-26T22:10:00Z,player_steals,1.5,draftkings,2025-10-26T14:55:22Z,2025-10-26T14:54:43Z,138.0,-184.0
C.J. McCollum,Charlotte Hornets @ Washington Wizards,2025-10-26T22:10:00Z,player_steals,0.5,draftkings,2025-10-26T14:55:22Z,2025-10-26T14:54:43Z,-227.0,168.0
Miles Bridges,Charlotte Hornets @ Washington Wizards,2025-10-26T22:10:00Z,player_steals,0.5,draftkings,2025-10-26T14:55:22Z,2025-10-26T14:54:43Z,-157.0,118.0
Alex Sarr,Charlotte Hornets @ Washington Wizards,2025-10-26T22:10:00Z,player_steals,0.5,draftkings,2025-10-26T14:55:22Z,2025-10-26T14:54:43Z,-120.0,-110.0
LaMelo Ball,Charlotte Hornets @ Washington Wizards,2025-10-26T22:10:00Z,player_threes,3.5,draftkings,2025-10-26T14:55:22Z,2025-10-26T14:54:43Z,-116.0,-111.0
Miles Bridges,Charlotte Hornets @ Washington Wizards,2025-10-26T22:10:00Z,player_threes,2.5,draftkings,2025-10-26T14:55:22Z,2025-10-26T14:54:43Z,-104.0,-125.0
Kyshawn George,Charlotte Hornets @ Washington Wizards,2025-10-26T22:10:00Z,player_threes,2.5,draftkings,2025-10-26T14:55:22Z,2025-10-26T14:54:43Z,124.0,-162.0
C.J. McCollum,Charlotte Hornets @ Washington Wizards,2025-10-26T22:10:00Z,player_threes,2.5,draftkings,2025-10-26T14:55:22Z,2025-10-26T14:54:43Z,127.0,-166.0
Tre Johnson,Charlotte Hornets @ Washington Wizards,2025-10-26T22:10:00Z,player_threes,2.5,draftkings,2025-10-26T14:55:22Z,2025-10-26T14:54:43Z,145.0,-190.0
Kon Knueppel,Charlotte Hornets @ Washington Wizards,2025-10-26T22:10:00Z,player_threes,1.5,draftkings,2025-10-26T14:55:22Z,2025-10-26T14:54:43Z,-181.0,139.0
Carlton Carrington,Charlotte Hornets @ Washington Wizards,2025-10-26T22:10:00Z,player_threes,1.5,draftkings,2025-10-26T14:55:22Z,2025-10-26T14:54:43Z,-124.0,-105.0
Collin Sexton,Charlotte Hornets @ Washington Wizards,2025-10-26T22:10:00Z,player_threes,1.5,draftkings,2025-10-26T14:55:22Z,2025-10-26T14:54:43Z,-104.0,-125.0
Khris Middleton,Charlotte Hornets @ Washington Wizards,2025-10-26T22:10:00Z,player_threes,1.5,draftkings,2025-10-26T14:55:22Z,2025-10-26T14:54:43Z,-101.0,-128.0
LaMelo Ball,Charlotte Hornets @ Washington Wizards,2025-10-26T22:10:00Z,player_triple_double,,draftkings,2025-10-26T14:55:22Z,2025-10-26T14:54:43Z,,
LaMelo Ball,Charlotte Hornets @ Washington Wizards,2025-10-26T22:10:00Z,player_assists,7.5,betonlineag,2025-10-26T14:55:22Z,2025-10-26T14:55:33Z,-135.0,104.0
Kyshawn George,Charlotte Hornets @ Washington Wizards,2025-10-26T22:10:00Z,player_assists,3.5,betonlineag,2025-10-26T14:55:22Z,2025-10-26T14:55:33Z,124.0,-161.0
Alex Sarr,Charlotte Hornets @ Washington Wizards,2025-10-26T22:10:00Z,player_assists,2.5,betonlineag,2025-10-26T14:55:22Z,2025-10-26T14:55:33Z,-135.0,105.0
Khris Middleton,Charlotte Hornets @ Washington Wizards,2025-10-26T22:10:00Z,player_assists,3.5,betonlineag,2025-10-26T14:55:22Z,2025-10-26T14:55:33Z,-167.0,128.0
Carlton Carrington,Charlotte Hornets @ Washington Wizards,2025-10-26T22:10:00Z,player_assists,4.5,betonlineag,2025-10-26T14:55:22Z,2025-10-26T14:55:33Z,-102.0,-127.0
C.J. McCollum,Charlotte Hornets @ Washington Wizards,2025-10-26T22:10:00Z,player_assists,3.5,betonlineag,2025-10-26T14:55:22Z,2025-10-26T14:55:33Z,-127.0,-102.0
Miles Bridges,Charlotte Hornets @ Washington Wizards,2025-10-26T22:10:00Z,player_assists,4.5,betonlineag,2025-10-26T14:55:22Z,2025-10-26T14:55:33Z,126.0,-164.0
Collin Sexton,Charlotte Hornets @ Washington Wizards,2025-10-26T22:10:00Z,player_assists,4.5,betonlineag,2025-10-26T14:55:22Z,2025-10-26T14:55:33Z,120.0,-156.0
Tre Johnson,Charlotte Hornets @ Washington Wizards,2025-10-26T22:10:00Z,player_assists,2.5,betonlineag,2025-10-26T14:55:22Z,2025-10-26T14:55:33Z,102.0,-132.0
LaMelo Ball,Charlotte Hornets @ Washington Wizards,2025-10-26T22:10:00Z,player_points,25.5,betonlineag,2025-10-26T14:55:22Z,2025-10-26T14:55:33Z,-110.0,-118.0
Corey Kispert,Charlotte Hornets @ Washington Wizards,2025-10-26T22:10:00Z,player_points,8.5,betonlineag,2025-10-26T14:55:22Z,2025-10-26T14:55:33Z,-115.0,-112.0
Miles Bridges,Charlotte Hornets @ Washington Wizards,2025-10-26T22:10:00Z,player_points,21.5,betonlineag,2025-10-26T14:55:22Z,2025-10-26T14:55:33Z,-112.0,-115.0
Kyshawn George,Charlotte Hornets @ Washington Wizards,2025-10-26T22:10:00Z,player_points,14.5,betonlineag,2025-10-26T14:55:22Z,2025-10-26T14:55:33Z,-120.0,-108.0
Khris Middleton,Charlotte Hornets @ Washington Wizards,2025-10-26T22:10:00Z,player_points,14.5,betonlineag,2025-10-26T14:55:22Z,2025-10-26T14:55:33Z,-103.0,-125.0
Carlton Carrington,Charlotte Hornets @ Washington Wizards,2025-10-26T22:10:00Z,player_points,10.5,betonlineag,2025-10-26T14:55:22Z,2025-10-26T14:55:33Z,-102.0,-127.0
Kon Knueppel,Charlotte Hornets @ Washington Wizards,2025-10-26T22:10:00Z,player_points,11.5,betonlineag,2025-10-26T14:55:22Z,2025-10-26T14:55:33Z,-119.0,-109.0
Collin Sexton,Charlotte Hornets @ Washington Wizards,2025-10-26T22:10:00Z,player_points,16.5,betonlineag,2025-10-26T14:55:22Z,2025-10-26T14:55:33Z,-119.0,-109.0
Alex Sarr,Charlotte Hornets @ Washington Wizards,2025-10-26T22:10:00Z,player_points,13.5,betonlineag,2025-10-26T14:55:22Z,2025-10-26T14:55:33Z,-108.0,-120.0
Ryan Kalkbrenner,Charlotte Hornets @ Washington Wizards,2025-10-26T22:10:00Z,player_points,9.5,betonlineag,2025-10-26T14:55:22Z,2025-10-26T14:55:33Z,-112.0,-115.0
C.J. McCollum,Charlotte Hornets @ Washington Wizards,2025-10-26T22:10:00Z,player_points,17.5,betonlineag,2025-10-26T14:55:22Z,2025-10-26T14:55:33Z,-109.0,-119.0
Tre Johnson,Charlotte Hornets @ Washington Wizards,2025-10-26T22:10:00Z,player_points,12.5,betonlineag,2025-10-26T14:55:22Z,2025-10-26T14:55:33Z,-119.0,-109.0
Cam Whitmore,Charlotte Hornets @ Washington Wizards,2025-10-26T22:10:00Z,player_points,10.5,betonlineag,2025-10-26T14:55:22Z,2025-10-26T14:55:33Z,-127.0,-102.0
Kyshawn George,Charlotte Hornets @ Washington Wizards,2025-10-26T22:10:00Z,player_points_rebounds_assists,24.5,betonlineag,2025-10-26T14:55:22Z,2025-10-26T14:55:33Z,-116.0,-111.0
Miles Bridges,Charlotte Hornets @ Washington Wizards,2025-10-26T22:10:00Z,player_points_rebounds_assists,33.5,betonlineag,2025-10-26T14:55:22Z,2025-10-26T14:55:33Z,-111.0,-116.0
Carlton Carrington,Charlotte Hornets @ Washington Wizards,2025-10-26T22:10:00Z,player_points_rebounds_assists,19.5,betonlineag,2025-10-26T14:55:22Z,2025-10-26T14:55:33Z,-105.0,-123.0
Alex Sarr,Charlotte Hornets @ Washington Wizards,2025-10-26T22:10:00Z,player_points_rebounds_assists,23.5,betonlineag,2025-10-26T14:55:22Z,2025-10-26T14:55:33Z,-112.0,-115.0
Khris Middleton,Charlotte Hornets @ Washington Wizards,2025-10-26T22:10:00Z,player_points_rebounds_assists,23.5,betonlineag,2025-10-26T14:55:22Z,2025-10-26T14:55:33Z,-106.0,-122.0
C.J. McCollum,Charlotte Hornets @ Washington Wizards,2025-10-26T22:10:00Z,player_points_rebounds_assists,25.5,betonlineag,2025-10-26T14:55:22Z,2025-10-26T14:55:33Z,-125.0,-103.0
LaMelo Ball,Charlotte Hornets @ Washington Wizards,2025-10-26T22:10:00Z,player_points_rebounds_assists,39.5,betonlineag,2025-10-26T14:55:22Z,2025-10-26T14:55:33Z,-105.0,-123.0
Tre Johnson,Charlotte Hornets @ Washington Wizards,2025-10-26T22:10:00Z,player_points_rebounds_assists,18.5,betonlineag,2025-10-26T14:55:22Z,2025-10-26T14:55:33Z,-115.0,-112.0
Ryan Kalkbrenner,Charlotte Hornets @ Washington Wizards,2025-10-26T22:10:00Z,player_rebounds,7.5,betonlineag,2025-10-26T14:55:22Z,2025-10-26T14:55:33Z,-111.0,-116.0
Miles Bridges,Charlotte Hornets @ Washington Wizards,2025-10-26T22:10:00Z,player_rebounds,7.5,betonlineag,2025-10-26T14:55:22Z,2025-10-26T14:55:33Z,-114.0,-114.0
Kyshawn George,Charlotte Hornets @ Washington Wizards,2025-10-26T22:10:00Z,player_rebounds,6.5,betonlineag,2025-10-26T14:55:22Z,2025-10-26T14:55:33Z,-118.0,-110.0
LaMelo Ball,Charlotte Hornets @ Washington Wizards,2025-10-26T22:10:00Z,player_rebounds,4.5,betonlineag,2025-10-26T14:55:22Z,2025-10-26T14:55:33Z,-152.0,117.0
Carlton Carrington,Charlotte Hornets @ Washington Wizards,2025-10-26T22:10:00Z,player_rebounds,4.5,betonlineag,2025-10-26T14:55:22Z,2025-10-26T14:55:33Z,107.0,-139.0
Kon Knueppel,Charlotte Hornets @ Washington Wizards,2025-10-26T22:10:00Z,player_rebounds,3.5,betonlineag,2025-10-26T14:55:22Z,2025-10-26T14:55:33Z,-133.0,103.0
C.J. McCollum,Charlotte Hornets @ Washington Wizards,2025-10-26T22:10:00Z,player_rebounds,3.5,betonlineag,2025-10-26T14:55:22Z,2025-10-26T14:55:33Z,-133.0,103.0
Khris Middleton,Charlotte Hornets @ Washington Wizards,2025-10-26T22:10:00Z,player_rebounds,4.5,betonlineag,2025-10-26T14:55:22Z,2025-10-26T14:55:33Z,-114.0,-114.0
Cam Whitmore,Charlotte Hornets @ Washington Wizards,2025-10-26T22:10:00Z,player_rebounds,3.5,betonlineag,2025-10-26T14:55:22Z,2025-10-26T14:55:33Z,-152.0,117.0
Alex Sarr,Charlotte Hornets @ Washington Wizards,2025-10-26T22:10:00Z,player_rebounds,7.5,betonlineag,2025-10-26T14:55:22Z,2025-10-26T14:55:33Z,112.0,-145.0
Tre Johnson,Charlotte Hornets @ Washington Wizards,2025-10-26T22:10:00Z,player_rebounds,3.5,betonlineag,2025-10-26T14:55:22Z,2025-10-26T14:55:33Z,128.0,-167.0
LaMelo Ball,Charlotte Hornets @ Washington Wizards,2025-10-26T22:10:00Z,player_threes,3.5,betonlineag,2025-10-26T14:55:22Z,2025-10-26T14:55:33Z,-130.0,101.0
Corey Kispert,Charlotte Hornets @ Washington Wizards,2025-10-26T22:10:00Z,player_threes,1.5,betonlineag,2025-10-26T14:55:22Z,2025-10-26T14:55:33Z,-119.0,-109.0
Miles Bridges,Charlotte Hornets @ Washington Wizards,2025-10-26T22:10:00Z,player_threes,2.5,betonlineag,2025-10-26T14:55:22Z,2025-10-26T14:55:33Z,-108.0,-120.0
Kyshawn George,Charlotte Hornets @ Washington Wizards,2025-10-26T22:10:00Z,player_threes,2.5,betonlineag,2025-10-26T14:55:22Z,2025-10-26T14:55:33Z,120.0,-156.0
Carlton Carrington,Charlotte Hornets @ Washington Wizards,2025-10-26T22:10:00Z,player_threes,1.5,betonlineag,2025-10-26T14:55:22Z,2025-10-26T14:55:33Z,-118.0,-110.0
Khris Middleton,Charlotte Hornets @ Washington Wizards,2025-10-26T22:10:00Z,player_threes,1.5,betonlineag,2025-10-26T14:55:22Z,2025-10-26T14:55:33Z,-108.0,-120.0
C.J. McCollum,Charlotte Hornets @ Washington Wizards,2025-10-26T22:10:00Z,player_threes,2.5,betonlineag,2025-10-26T14:55:22Z,2025-10-26T14:55:33Z,124.0,-161.0
Collin Sexton,Charlotte Hornets @ Washington Wizards,2025-10-26T22:10:00Z,player_threes,1.5,betonlineag,2025-10-26T14:55:22Z,2025-10-26T14:55:33Z,-101.0,-128.0
Cam Whitmore,Charlotte Hornets @ Washington Wizards,2025-10-26T22:10:00Z,player_threes,1.5,betonlineag,2025-10-26T14:55:22Z,2025-10-26T14:55:33Z,144.0,-189.0
Kon Knueppel,Charlotte Hornets @ Washington Wizards,2025-10-26T22:10:00Z,player_threes,1.5,betonlineag,2025-10-26T14:55:22Z,2025-10-26T14:55:33Z,-172.0,132.0
Tre Johnson,Charlotte Hornets @ Washington Wizards,2025-10-26T22:10:00Z,player_threes,2.5,betonlineag,2025-10-26T14:55:22Z,2025-10-26T14:55:33Z,149.0,-196.0
LaMelo Ball,Charlotte Hornets @ Washington Wizards,2025-10-26T22:10:00Z,player_assists,7.5,williamhill_us,2025-10-26T14:54:39Z,2025-10-26T14:55:58Z,-137.0,100.0
C.J. McCollum,Charlotte Hornets @ Washington Wizards,2025-10-26T22:10:00Z,player_assists,3.5,williamhill_us,2025-10-26T14:54:39Z,2025-10-26T14:55:58Z,-130.0,-104.0
Alex Sarr,Charlotte Hornets @ Washington Wizards,2025-10-26T22:10:00Z,player_assists,2.5,williamhill_us,2025-10-26T14:54:39Z,2025-10-26T14:55:58Z,-137.0,100.0
Miles Bridges,Charlotte Hornets @ Washington Wizards,2025-10-26T22:10:00Z,player_assists,4.5,williamhill_us,2025-10-26T14:54:39Z,2025-10-26T14:55:58Z,120.0,-164.0
Carlton Carrington,Charlotte Hornets @ Washington Wizards,2025-10-26T22:10:00Z,player_assists,4.5,williamhill_us,2025-10-26T14:54:39Z,2025-10-26T14:55:58Z,-103.0,-132.0
Tre Johnson,Charlotte Hornets @ Washington Wizards,2025-10-26T22:10:00Z,player_assists,2.5,williamhill_us,2025-10-26T14:54:39Z,2025-10-26T14:55:58Z,-105.0,-129.0
Collin Sexton,Charlotte Hornets @ Washington Wizards,2025-10-26T22:10:00Z,player_assists,4.5,williamhill_us,2025-10-26T14:54:39Z,2025-10-26T14:55:58Z,110.0,-150.0
Kyshawn George,Charlotte Hornets @ Washington Wizards,2025-10-26T22:10:00Z,player_assists,3.5,williamhill_us,2025-10-26T14:54:39Z,2025-10-26T14:55:58Z,125.0,-170.0
Khris Middleton,Charlotte Hornets @ Washington Wizards,2025-10-26T22:10:00Z,player_assists,3.5,williamhill_us,2025-10-26T14:54:39Z,2025-10-26T14:55:58Z,-154.0,115.0
LaMelo Ball,Charlotte Hornets @ Washington Wizards,2025-10-26T22:10:00Z,player_double_double,,williamhill_us,2025-10-26T14:54:39Z,2025-10-26T14:55:58Z,,
Miles Bridges,Charlotte Hornets @ Washington Wizards,2025-10-26T22:10:00Z,player_double_double,,williamhill_us,2025-10-26T14:54:39Z,2025-10-26T14:55:58Z,,
Alex Sarr,Charlotte Hornets @ Washington Wizards,2025-10-26T22:10:00Z,player_double_double,,williamhill_us,2025-10-26T14:54:39Z,2025-10-26T14:55:58Z,,
Ryan Kalkbrenner,Charlotte Hornets @ Washington Wizards,2025-10-26T22:10:00Z,player_double_double,,williamhill_us,2025-10-26T14:54:39Z,2025-10-26T14:55:58Z,,
Kyshawn George,Charlotte Hornets @ Washington Wizards,2025-10-26T22:10:00Z,player_double_double,,williamhill_us,2025-10-26T14:54:39Z,2025-10-26T14:55:58Z,,
Khris Middleton,Charlotte Hornets @ Washington Wizards,2025-10-26T22:10:00Z,player_double_double,,williamhill_us,2025-10-26T14:54:39Z,2025-10-26T14:55:58Z,,
Carlton Carrington,Charlotte Hornets @ Washington Wizards,2025-10-26T22:10:00Z,player_double_double,,williamhill_us,2025-10-26T14:54:39Z,2025-10-26T14:55:58Z,,
C.J. McCollum,Charlotte Hornets @ Washington Wizards,2025-10-26T22:10:00Z,player_double_double,,williamhill_us,2025-10-26T14:54:39Z,2025-10-26T14:55:58Z,,
Collin Sexton,Charlotte Hornets @ Washington Wizards,2025-10-26T22:10:00Z,player_double_double,,williamhill_us,2025-10-26T14:54:39Z,2025-10-26T14:55:58Z,,
Cam Whitmore,Charlotte Hornets @ Washington Wizards,2025-10-26T22:10:00Z,player_double_double,,williamhill_us,2025-10-26T14:54:39Z,2025-10-26T14:55:58Z,,
Tre Johnson,Charlotte Hornets @ Washington Wizards,2025-10-26T22:10:00Z,player_points,12.5,williamhill_us,2025-10-26T14:54:39Z,2025-10-26T14:55:58Z,-121.0,-112.0
Miles Bridges,Charlotte Hornets @ Washington Wizards,2025-10-26T22:10:00Z,player_points,21.5,williamhill_us,2025-10-26T14:54:39Z,2025-10-26T14:55:58Z,-113.0,-120.0
C.J. McCollum,Charlotte Hornets @ Washington Wizards,2025-10-26T22:10:00Z,player_points,17.5,williamhill_us,2025-10-26T14:54:39Z,2025-10-26T14:55:58Z,-110.0,-122.0
Collin Sexton,Charlotte Hornets @ Washington Wizards,2025-10-26T22:10:00Z,player_points,16.5,williamhill_us,2025-10-26T14:54:39Z,2025-10-26T14:55:58Z,-124.0,-109.0
Kon Knueppel,Charlotte Hornets @ Washington Wizards,2025-10-26T22:10:00Z,player_points,11.5,williamhill_us,2025-10-26T14:54:39Z,2025-10-26T14:55:58Z,-121.0,-112.0
Khris Middleton,Charlotte Hornets @ Washington Wizards,2025-10-26T22:10:00Z,player_points,14.5,williamhill_us,2025-10-26T14:54:39Z,2025-10-26T14:55:58Z,-112.0,-121.0
Corey Kispert,Charlotte Hornets @ Washington Wizards,2025-10-26T22:10:00Z,player_points,8.5,williamhill_us,2025-10-26T14:54:39Z,2025-10-26T14:55:58Z,-120.0,-114.0
Cam Whitmore,Charlotte Hornets @ Washington Wizards,2025-10-26T22:10:00Z,player_points,10.5,williamhill_us,2025-10-26T14:54:39Z,2025-10-26T14:55:58Z,-132.0,-102.0
LaMelo Ball,Charlotte Hornets @ Washington Wizards,2025-10-26T22:10:00Z,player_points,25.5,williamhill_us,2025-10-26T14:54:39Z,2025-10-26T14:55:58Z,-113.0,-120.0
Carlton Carrington,Charlotte Hornets @ Washington Wizards,2025-10-26T22:10:00Z,player_points,10.5,williamhill_us,2025-10-26T14:54:39Z,2025-10-26T14:55:58Z,-109.0,-124.0
Alex Sarr,Charlotte Hornets @ Washington Wizards,2025-10-26T22:10:00Z,player_points,13.5,williamhill_us,2025-10-26T14:54:39Z,2025-10-26T14:55:58Z,-110.0,-122.0
Ryan Kalkbrenner,Charlotte Hornets @ Washington Wizards,2025-10-26T22:10:00Z,player_points,9.5,williamhill_us,2025-10-26T14:54:39Z,2025-10-26T14:55:58Z,-112.0,-121.0
Kyshawn George,Charlotte Hornets @ Washington Wizards,2025-10-26T22:10:00Z,player_points,14.5,williamhill_us,2025-10-26T14:54:39Z,2025-10-26T14:55:58Z,-122.0,-110.0
Ryan Kalkbrenner,Charlotte Hornets @ Washington Wizards,2025-10-26T22:10:00Z,player_rebounds,7.5,williamhill_us,2025-10-26T14:54:39Z,2025-10-26T14:55:58Z,-115.0,-117.0
LaMelo Ball,Charlotte Hornets @ Washington Wizards,2025-10-26T22:10:00Z,player_rebounds,4.5,williamhill_us,2025-10-26T14:54:39Z,2025-10-26T14:55:58Z,-162.0,115.0
C.J. McCollum,Charlotte Hornets @ Washington Wizards,2025-10-26T22:10:00Z,player_rebounds,3.5,williamhill_us,2025-10-26T14:54:39Z,2025-10-26T14:55:58Z,-136.0,100.0
Khris Middleton,Charlotte Hornets @ Washington Wizards,2025-10-26T22:10:00Z,player_rebounds,4.5,williamhill_us,2025-10-26T14:54:39Z,2025-10-26T14:55:58Z,-118.0,-114.0
Collin Sexton,Charlotte Hornets @ Washington Wizards,2025-10-26T22:10:00Z,player_rebounds,2.5,williamhill_us,2025-10-26T14:54:39Z,2025-10-26T14:55:58Z,-141.0,105.0
Corey Kispert,Charlotte Hornets @ Washington Wizards,2025-10-26T22:10:00Z,player_rebounds,2.5,williamhill_us,2025-10-26T14:54:39Z,2025-10-26T14:55:58Z,-127.0,-106.0
Kyshawn George,Charlotte Hornets @ Washington Wizards,2025-10-26T22:10:00Z,player_rebounds,6.5,williamhill_us,2025-10-26T14:54:39Z,2025-10-26T14:55:58Z,-121.0,-112.0
Tre Johnson,Charlotte Hornets @ Washington Wizards,2025-10-26T22:10:00Z,player_rebounds,3.5,williamhill_us,2025-10-26T14:54:39Z,2025-10-26T14:55:58Z,125.0,-170.0
Carlton Carrington,Charlotte Hornets @ Washington Wizards,2025-10-26T22:10:00Z,player_rebounds,4.5,williamhill_us,2025-10-26T14:54:39Z,2025-10-26T14:55:58Z,115.0,-157.0
Miles Bridges,Charlotte Hornets @ Washington Wizards,2025-10-26T22:10:00Z,player_rebounds,7.5,williamhill_us,2025-10-26T14:54:39Z,2025-10-26T14:55:58Z,-114.0,-118.0
Alex Sarr,Charlotte Hornets @ Washington Wizards,2025-10-26T22:10:00Z,player_rebounds,7.5,williamhill_us,2025-10-26T14:54:39Z,2025-10-26T14:55:58Z,105.0,-143.0
Kon Knueppel,Charlotte Hornets @ Washington Wizards,2025-10-26T22:10:00Z,player_rebounds,3.5,williamhill_us,2025-10-26T14:54:39Z,2025-10-26T14:55:58Z,-125.0,-107.0
Cam Whitmore,Charlotte Hornets @ Washington Wizards,2025-10-26T22:10:00Z,player_rebounds,3.5,williamhill_us,2025-10-26T14:54:39Z,2025-10-26T14:55:58Z,-157.0,115.0
Corey Kispert,Charlotte Hornets @ Washington Wizards,2025-10-26T22:10:00Z,player_threes,1.5,williamhill_us,2025-10-26T14:54:39Z,2025-10-26T14:55:58Z,-118.0,-114.0
Kon Knueppel,Charlotte Hornets @ Washington Wizards,2025-10-26T22:10:00Z,player_threes,1.5,williamhill_us,2025-10-26T14:54:39Z,2025-10-26T14:55:58Z,-179.0,130.0
Tre Johnson,Charlotte Hornets @ Washington Wizards,2025-10-26T22:10:00Z,player_threes,2.5,williamhill_us,2025-10-26T14:54:39Z,2025-10-26T14:55:58Z,140.0,-193.0
Khris Middleton,Charlotte Hornets @ Washington Wizards,2025-10-26T22:10:00Z,player_threes,1.5,williamhill_us,2025-10-26T14:54:39Z,2025-10-26T14:55:58Z,-118.0,-114.0
Cam Whitmore,Charlotte Hornets @ Washington Wizards,2025-10-26T22:10:00Z,player_threes,1.5,williamhill_us,2025-10-26T14:54:39Z,2025-10-26T14:55:58Z,130.0,-179.0
Alex Sarr,Charlotte Hornets @ Washington Wizards,2025-10-26T22:10:00Z,player_threes,1.5,williamhill_us,2025-10-26T14:54:39Z,2025-10-26T14:55:58Z,160.0,-225.0
Miles Bridges,Charlotte Hornets @ Washington Wizards,2025-10-26T22:10:00Z,player_threes,2.5,williamhill_us,2025-10-26T14:54:39Z,2025-10-26T14:55:58Z,-109.0,-124.0
Kyshawn George,Charlotte Hornets @ Washington Wizards,2025-10-26T22:10:00Z,player_threes,2.5,williamhill_us,2025-10-26T14:54:39Z,2025-10-26T14:55:58Z,115.0,-157.0
Carlton Carrington,Charlotte Hornets @ Washington Wizards,2025-10-26T22:10:00Z,player_threes,1.5,williamhill_us,2025-10-26T14:54:39Z,2025-10-26T14:55:58Z,-115.0,-117.0
Collin Sexton,Charlotte Hornets @ Washington Wizards,2025-10-26T22:10:00Z,player_threes,1.5,williamhill_us,2025-10-26T14:54:39Z,2025-10-26T14:55:58Z,-103.0,-132.0
C.J. McCollum,Charlotte Hornets @ Washington Wizards,2025-10-26T22:10:00Z,player_threes,2.5,williamhill_us,2025-10-26T14:54:39Z,2025-10-26T14:55:58Z,120.0,-164.0
LaMelo Ball,Charlotte Hornets @ Washington Wizards,2025-10-26T22:10:00Z,player_threes,3.5,williamhill_us,2025-10-26T14:54:39Z,2025-10-26T14:55:58Z,-134.0,100.0
LaMelo Ball,Charlotte Hornets @ Washington Wizards,2025-10-26T22:10:00Z,player_triple_double,,williamhill_us,2025-10-26T14:54:39Z,2025-10-26T14:55:58Z,,
Miles Bridges,Charlotte Hornets @ Washington Wizards,2025-10-26T22:10:00Z,player_triple_double,,williamhill_us,2025-10-26T14:54:39Z,2025-10-26T14:55:58Z,,
C.J. McCollum,Charlotte Hornets @ Washington Wizards,2025-10-26T22:10:00Z,player_assists,4.5,betmgm,2025-10-26T14:55:22Z,2025-10-26T14:55:58Z,115.0,-155.0
Kyshawn George,Charlotte Hornets @ Washington Wizards,2025-10-26T22:10:00Z,player_assists,3.5,betmgm,2025-10-26T14:55:22Z,2025-10-26T14:55:58Z,115.0,-155.0
Alex Sarr,Charlotte Hornets @ Washington Wizards,2025-10-26T22:10:00Z,player_assists,2.5,betmgm,2025-10-26T14:55:22Z,2025-10-26T14:55:58Z,-135.0,100.0
Collin Sexton,Charlotte Hornets @ Washington Wizards,2025-10-26T22:10:00Z,player_assists,4.5,betmgm,2025-10-26T14:55:22Z,2025-10-26T14:55:58Z,100.0,-135.0
Ryan Kalkbrenner,Charlotte Hornets @ Washington Wizards,2025-10-26T22:10:00Z,player_assists,1.5,betmgm,2025-10-26T14:55:22Z,2025-10-26T14:55:58Z,175.0,-235.0
Miles Bridges,Charlotte Hornets @ Washington Wizards,2025-10-26T22:10:00Z,player_assists,4.5,betmgm,2025-10-26T14:55:22Z,2025-10-26T14:55:58Z,120.0,-160.0
Cam Whitmore,Charlotte Hornets @ Washington Wizards,2025-10-26T22:10:00Z,player_assists,1.5,betmgm,2025-10-26T14:55:22Z,2025-10-26T14:55:58Z,110.0,-150.0
Corey Kispert,Charlotte Hornets @ Washington Wizards,2025-10-26T22:10:00Z,player_assists,1.5,betmgm,2025-10-26T14:55:22Z,2025-10-26T14:55:58Z,-140.0,105.0
Kon Knueppel,Charlotte Hornets @ Washington Wizards,2025-10-26T22:10:00Z,player_assists,1.5,betmgm,2025-10-26T14:55:22Z,2025-10-26T14:55:58Z,100.0,-135.0
Khris Middleton,Charlotte Hornets @ Washington Wizards,2025-10-26T22:10:00Z,player_assists,3.5,betmgm,2025-10-26T14:55:22Z,2025-10-26T14:55:58Z,-150.0,115.0
Carlton Carrington,Charlotte Hornets @ Washington Wizards,2025-10-26T22:10:00Z,player_assists,4.5,betmgm,2025-10-26T14:55:22Z,2025-10-26T14:55:58Z,100.0,-135.0
Tre Johnson,Charlotte Hornets @ Washington Wizards,2025-10-26T22:10:00Z,player_assists,2.5,betmgm,2025-10-26T14:55:22Z,2025-10-26T14:55:58Z,-110.0,-120.0
LaMelo Ball,Charlotte Hornets @ Washington Wizards,2025-10-26T22:10:00Z,player_assists,8.5,betmgm,2025-10-26T14:55:22Z,2025-10-26T14:55:58Z,110.0,-150.0
C.J. McCollum,Charlotte Hornets @ Washington Wizards,2025-10-26T22:10:00Z,player_blocks,0.5,betmgm,2025-10-26T14:55:22Z,2025-10-26T14:55:58Z,165.0,-235.0
LaMelo Ball,Charlotte Hornets @ Washington Wizards,2025-10-26T22:10:00Z,player_blocks,0.5,betmgm,2025-10-26T14:55:22Z,2025-10-26T14:55:58Z,270.0,-400.0
Kyshawn George,Charlotte Hornets @ Washington Wizards,2025-10-26T22:10:00Z,player_blocks,0.5,betmgm,2025-10-26T14:55:22Z,2025-10-26T14:55:58Z,-175.0,125.0
Alex Sarr,Charlotte Hornets @ Washington Wizards,2025-10-26T22:10:00Z,player_blocks,1.5,betmgm,2025-10-26T14:55:22Z,2025-10-26T14:55:58Z,100.0,-140.0
Ryan Kalkbrenner,Charlotte Hornets @ Washington Wizards,2025-10-26T22:10:00Z,player_blocks,1.5,betmgm,2025-10-26T14:55:22Z,2025-10-26T14:55:58Z,100.0,-140.0
Miles Bridges,Charlotte Hornets @ Washington Wizards,2025-10-26T22:10:00Z,player_blocks,0.5,betmgm,2025-10-26T14:55:22Z,2025-10-26T14:55:58Z,115.0,-155.0
Kon Knueppel,Charlotte Hornets @ Washington Wizards,2025-10-26T22:10:00Z,player_blocks,0.5,betmgm,2025-10-26T14:55:22Z,2025-10-26T14:55:58Z,175.0,-250.0
Khris Middleton,Charlotte Hornets @ Washington Wizards,2025-10-26T22:10:00Z,player_blocks,0.5,betmgm,2025-10-26T14:55:22Z,2025-10-26T14:55:58Z,225.0,-325.0
Carlton Carrington,Charlotte Hornets @ Washington Wizards,2025-10-26T22:10:00Z,player_blocks,0.5,betmgm,2025-10-26T14:55:22Z,2025-10-26T14:55:58Z,300.0,-500.0
C.J. McCollum,Charlotte Hornets @ Washington Wizards,2025-10-26T22:10:00Z,player_double_double,,betmgm,2025-10-26T14:55:22Z,2025-10-26T14:55:58Z,,
LaMelo Ball,Charlotte Hornets @ Washington Wizards,2025-10-26T22:10:00Z,player_double_double,,betmgm,2025-10-26T14:55:22Z,2025-10-26T14:55:58Z,,
Kyshawn George,Charlotte Hornets @ Washington Wizards,2025-10-26T22:10:00Z,player_double_double,,betmgm,2025-10-26T14:55:22Z,2025-10-26T14:55:58Z,,
Alex Sarr,Charlotte Hornets @ Washington Wizards,2025-10-26T22:10:00Z,player_double_double,,betmgm,2025-10-26T14:55:22Z,2025-10-26T14:55:58Z,,
Collin Sexton,Charlotte Hornets @ Washington Wizards,2025-10-26T22:10:00Z,player_double_double,,betmgm,2025-10-26T14:55:22Z,2025-10-26T14:55:58Z,,
Ryan Kalkbrenner,Charlotte Hornets @ Washington Wizards,2025-10-26T22:10:00Z,player_double_double,,betmgm,2025-10-26T14:55:22Z,2025-10-26T14:55:58Z,,
Miles Bridges,Charlotte Hornets @ Washington Wizards,2025-10-26T22:10:00Z,player_double_double,,betmgm,2025-10-26T14:55:22Z,2025-10-26T14:55:58Z,,
Kon Knueppel,Charlotte Hornets @ Washington Wizards,2025-10-26T22:10:00Z,player_double_double,,betmgm,2025-10-26T14:55:22Z,2025-10-26T14:55:58Z,,
Khris Middleton,Charlotte Hornets @ Washington Wizards,2025-10-26T22:10:00Z,player_double_double,,betmgm,2025-10-26T14:55:22Z,2025-10-26T14:55:58Z,,
Carlton Carrington,Charlotte Hornets @ Washington Wizards,2025-10-26T22:10:00Z,player_double_double,,betmgm,2025-10-26T14:55:22Z,2025-10-26T14:55:58Z,,
C.J. McCollum,Charlotte Hornets @ Washington Wizards,2025-10-26T22:10:00Z,player_points,17.5,betmgm,2025-10-26T14:55:22Z,2025-10-26T14:55:58Z,-115.0,-115.0
Kyshawn George,Charlotte Hornets @ Washington Wizards,2025-10-26T22:10:00Z,player_points,14.5,betmgm,2025-10-26T14:55:22Z,2025-10-26T14:55:58Z,-120.0,-110.0
Ryan Kalkbrenner,Charlotte Hornets @ Washington Wizards,2025-10-26T22:10:00Z,player_points,9.5,betmgm,2025-10-26T14:55:22Z,2025-10-26T14:55:58Z,-115.0,-118.0
Miles Bridges,Charlotte Hornets @ Washington Wizards,2025-10-26T22:10:00Z,player_points,21.5,betmgm,2025-10-26T14:55:22Z,2025-10-26T14:55:58Z,-115.0,-115.0
Cam Whitmore,Charlotte Hornets @ Washington Wizards,2025-10-26T22:10:00Z,player_points,10.5,betmgm,2025-10-26T14:55:22Z,2025-10-26T14:55:58Z,-118.0,-110.0
Corey Kispert,Charlotte Hornets @ Washington Wizards,2025-10-26T22:10:00Z,player_points,8.5,betmgm,2025-10-26T14:55:22Z,2025-10-26T14:55:58Z,-110.0,-118.0
Kon Knueppel,Charlotte Hornets @ Washington Wizards,2025-10-26T22:10:00Z,player_points,11.5,betmgm,2025-10-26T14:55:22Z,2025-10-26T14:55:58Z,-130.0,100.0
Alex Sarr,Charlotte Hornets @ Washington Wizards,2025-10-26T22:10:00Z,player_points,13.5,betmgm,2025-10-26T14:55:22Z,2025-10-26T14:55:58Z,-110.0,-120.0
Carlton Carrington,Charlotte Hornets @ Washington Wizards,2025-10-26T22:10:00Z,player_points,10.5,betmgm,2025-10-26T14:55:22Z,2025-10-26T14:55:58Z,-110.0,-120.0
Tre Johnson,Charlotte Hornets @ Washington Wizards,2025-10-26T22:10:00Z,player_points,12.5,betmgm,2025-10-26T14:55:22Z,2025-10-26T14:55:58Z,-115.0,-115.0
Khris Middleton,Charlotte Hornets @ Washington Wizards,2025-10-26T22:10:00Z,player_points,14.5,betmgm,2025-10-26T14:55:22Z,2025-10-26T14:55:58Z,-105.0,-125.0
LaMelo Ball,Charlotte Hornets @ Washington Wizards,2025-10-26T22:10:00Z,player_points,25.5,betmgm,2025-10-26T14:55:22Z,2025-10-26T14:55:58Z,-105.0,-125.0
Collin Sexton,Charlotte Hornets @ Washington Wizards,2025-10-26T22:10:00Z,player_points,17.5,betmgm,2025-10-26T14:55:22Z,2025-10-26T14:55:58Z,100.0,-130.0
C.J. McCollum,Charlotte Hornets @ Washington Wizards,2025-10-26T22:10:00Z,player_points_rebounds_assists,25.5,betmgm,2025-10-26T14:55:22Z,2025-10-26T14:55:58Z,-120.0,-110.0
Kyshawn George,Charlotte Hornets @ Washington Wizards,2025-10-26T22:10:00Z,player_points_rebounds_assists,25.5,betmgm,2025-10-26T14:55:22Z,2025-10-26T14:55:58Z,-110.0,-120.0
Alex Sarr,Charlotte Hornets @ Washington Wizards,2025-10-26T22:10:00Z,player_points_rebounds_assists,24.5,betmgm,2025-10-26T14:55:22Z,2025-10-26T14:55:58Z,-105.0,-130.0
Collin Sexton,Charlotte Hornets @ Washington Wizards,2025-10-26T22:10:00Z,player_points_rebounds_assists,24.5,betmgm,2025-10-26T14:55:22Z,2025-10-26T14:55:58Z,-115.0,-118.0
Ryan Kalkbrenner,Charlotte Hornets @ Washington Wizards,2025-10-26T22:10:00Z,player_points_rebounds_assists,18.5,betmgm,2025-10-26T14:55:22Z,2025-10-26T14:55:58Z,-130.0,-105.0
Miles Bridges,Charlotte Hornets @ Washington Wizards,2025-10-26T22:10:00Z,player_points_rebounds_assists,33.5,betmgm,2025-10-26T14:55:22Z,2025-10-26T14:55:58Z,-118.0,-110.0
Cam Whitmore,Charlotte Hornets @ Washington Wizards,2025-10-26T22:10:00Z,player_points_rebounds_assists,16.5,betmgm,2025-10-26T14:55:22Z,2025-10-26T14:55:58Z,-110.0,-120.0
Corey Kispert,Charlotte Hornets @ Washington Wizards,2025-10-26T22:10:00Z,player_points_rebounds_assists,13.5,betmgm,2025-10-26T14:55:22Z,2025-10-26T14:55:58Z,-105.0,-125.0
Kon Knueppel,Charlotte Hornets @ Washington Wizards,2025-10-26T22:10:00Z,player_points_rebounds_assists,17.5,betmgm,2025-10-26T14:55:22Z,2025-10-26T14:55:58Z,-125.0,-105.0
Khris Middleton,Charlotte Hornets @ Washington Wizards,2025-10-26T22:10:00Z,player_points_rebounds_assists,22.5,betmgm,2025-10-26T14:55:22Z,2025-10-26T14:55:58Z,-125.0,-105.0
Carlton Carrington,Charlotte Hornets @ Washington Wizards,2025-10-26T22:10:00Z,player_points_rebounds_assists,19.5,betmgm,2025-10-26T14:55:22Z,2025-10-26T14:55:58Z,110.0,-145.0
Tre Johnson,Charlotte Hornets @ Washington Wizards,2025-10-26T22:10:00Z,player_points_rebounds_assists,18.5,betmgm,2025-10-26T14:55:22Z,2025-10-26T14:55:58Z,-125.0,-110.0
LaMelo Ball,Charlotte Hornets @ Washington Wizards,2025-10-26T22:10:00Z,player_points_rebounds_assists,39.5,betmgm,2025-10-26T14:55:22Z,2025-10-26T14:55:58Z,-110.0,-120.0
C.J. McCollum,Charlotte Hornets @ Washington Wizards,2025-10-26T22:10:00Z,player_rebounds,3.5,betmgm,2025-10-26T14:55:22Z,2025-10-26T14:55:58Z,-155.0,115.0
LaMelo Ball,Charlotte Hornets @ Washington Wizards,2025-10-26T22:10:00Z,player_rebounds,5.5,betmgm,2025-10-26T14:55:22Z,2025-10-26T14:55:58Z,110.0,-150.0
Kyshawn George,Charlotte Hornets @ Washington Wizards,2025-10-26T22:10:00Z,player_rebounds,6.5,betmgm,2025-10-26T14:55:22Z,2025-10-26T14:55:58Z,-130.0,100.0
Alex Sarr,Charlotte Hornets @ Washington Wizards,2025-10-26T22:10:00Z,player_rebounds,7.5,betmgm,2025-10-26T14:55:22Z,2025-10-26T14:55:58Z,100.0,-135.0
Collin Sexton,Charlotte Hornets @ Washington Wizards,2025-10-26T22:10:00Z,player_rebounds,2.5,betmgm,2025-10-26T14:55:22Z,2025-10-26T14:55:58Z,-140.0,105.0
Ryan Kalkbrenner,Charlotte Hornets @ Washington Wizards,2025-10-26T22:10:00Z,player_rebounds,7.5,betmgm,2025-10-26T14:55:22Z,2025-10-26T14:55:58Z,-125.0,-105.0
Miles Bridges,Charlotte Hornets @ Washington Wizards,2025-10-26T22:10:00Z,player_rebounds,7.5,betmgm,2025-10-26T14:55:22Z,2025-10-26T14:55:58Z,-120.0,-110.0
Corey Kispert,Charlotte Hornets @ Washington Wizards,2025-10-26T22:10:00Z,player_rebounds,2.5,betmgm,2025-10-26T14:55:22Z,2025-10-26T14:55:58Z,-125.0,-105.0
Kon Knueppel,Charlotte Hornets @ Washington Wizards,2025-10-26T22:10:00Z,player_rebounds,4.5,betmgm,2025-10-26T14:55:22Z,2025-10-26T14:55:58Z,180.0,-250.0
Khris Middleton,Charlotte Hornets @ Washington Wizards,2025-10-26T22:10:00Z,player_rebounds,4.5,betmgm,2025-10-26T14:55:22Z,2025-10-26T14:55:58Z,-118.0,-110.0
Carlton Carrington,Charlotte Hornets @ Washington Wizards,2025-10-26T22:10:00Z,player_rebounds,4.5,betmgm,2025-10-26T14:55:22Z,2025-10-26T14:55:58Z,120.0,-160.0
Tre Johnson,Charlotte Hornets @ Washington Wizards,2025-10-26T22:10:00Z,player_rebounds,3.5,betmgm,2025-10-26T14:55:22Z,2025-10-26T14:55:58Z,105.0,-140.0
Cam Whitmore,Charlotte Hornets @ Washington Wizards,2025-10-26T22:10:00Z,player_rebounds,4.5,betmgm,2025-10-26T14:55:22Z,2025-10-26T14:55:58Z,120.0,-160.0
C.J. McCollum,Charlotte Hornets @ Washington Wizards,2025-10-26T22:10:00Z,player_threes,2.5,betmgm,2025-10-26T14:55:22Z,2025-10-26T14:55:58Z,135.0,-175.0
LaMelo Ball,Charlotte Hornets @ Washington Wizards,2025-10-26T22:10:00Z,player_threes,3.5,betmgm,2025-10-26T14:55:22Z,2025-10-26T14:55:58Z,-140.0,105.0
Kyshawn George,Charlotte Hornets @ Washington Wizards,2025-10-26T22:10:00Z,player_threes,2.5,betmgm,2025-10-26T14:55:22Z,2025-10-26T14:55:58Z,115.0,-155.0
Alex Sarr,Charlotte Hornets @ Washington Wizards,2025-10-26T22:10:00Z,player_threes,1.5,betmgm,2025-10-26T14:55:22Z,2025-10-26T14:55:58Z,160.0,-220.0
Collin Sexton,Charlotte Hornets @ Washington Wizards,2025-10-26T22:10:00Z,player_threes,1.5,betmgm,2025-10-26T14:55:22Z,2025-10-26T14:55:58Z,105.0,-140.0
Ryan Kalkbrenner,Charlotte Hornets @ Washington Wizards,2025-10-26T22:10:00Z,player_threes,0.5,betmgm,2025-10-26T14:55:22Z,2025-10-26T14:55:58Z,290.0,-450.0
Miles Bridges,Charlotte Hornets @ Washington Wizards,2025-10-26T22:10:00Z,player_threes,2.5,betmgm,2025-10-26T14:55:22Z,2025-10-26T14:55:58Z,-110.0,-120.0
Cam Whitmore,Charlotte Hornets @ Washington Wizards,2025-10-26T22:10:00Z,player_threes,1.5,betmgm,2025-10-26T14:55:22Z,2025-10-26T14:55:58Z,130.0,-175.0
Corey Kispert,Charlotte Hornets @ Washington Wizards,2025-10-26T22:10:00Z,player_threes,1.5,betmgm,2025-10-26T14:55:22Z,2025-10-26T14:55:58Z,-125.0,-105.0
Kon Knueppel,Charlotte Hornets @ Washington Wizards,2025-10-26T22:10:00Z,player_threes,1.5,betmgm,2025-10-26T14:55:22Z,2025-10-26T14:55:58Z,-190.0,140.0
Khris Middleton,Charlotte Hornets @ Washington Wizards,2025-10-26T22:10:00Z,player_threes,1.5,betmgm,2025-10-26T14:55:22Z,2025-10-26T14:55:58Z,-118.0,-110.0
Carlton Carrington,Charlotte Hornets @ Washington Wizards,2025-10-26T22:10:00Z,player_threes,1.5,betmgm,2025-10-26T14:55:22Z,2025-10-26T14:55:58Z,-105.0,-125.0
Tre Johnson,Charlotte Hornets @ Washington Wizards,2025-10-26T22:10:00Z,player_threes,2.5,betmgm,2025-10-26T14:55:22Z,2025-10-26T14:55:58Z,135.0,-185.0
LaMelo Ball,Charlotte Hornets @ Washington Wizards,2025-10-26T22:10:00Z,player_triple_double,,betmgm,2025-10-26T14:55:22Z,2025-10-26T14:55:58Z,,
Miles Bridges,Charlotte Hornets @ Washington Wizards,2025-10-26T22:10:00Z,player_triple_double,,betmgm,2025-10-26T14:55:22Z,2025-10-26T14:55:58Z,,
Miles Bridges,Charlotte Hornets @ Washington Wizards,2025-10-26T22:10:00Z,player_assists,3.5,betrivers,2025-10-26T14:55:09Z,2025-10-26T14:56:26Z,-162.0,120.0
Kyshawn George,Charlotte Hornets @ Washington Wizards,2025-10-26T22:10:00Z,player_assists,3.5,betrivers,2025-10-26T14:55:09Z,2025-10-26T14:56:26Z,120.0,-159.0
Khris Middleton,Charlotte Hornets @ Washington Wizards,2025-10-26T22:10:00Z,player_assists,3.5,betrivers,2025-10-26T14:55:09Z,2025-10-26T14:56:26Z,-152.0,114.0
Carlton Carrington,Charlotte Hornets @ Washington Wizards,2025-10-26T22:10:00Z,player_assists,4.5,betrivers,2025-10-26T14:55:09Z,2025-10-26T14:56:26Z,112.0,-148.0
C.J. McCollum,Charlotte Hornets @ Washington Wizards,2025-10-26T22:10:00Z,player_assists,3.5,betrivers,2025-10-26T14:55:09Z,2025-10-26T14:56:26Z,-136.0,102.0
Collin Sexton,Charlotte Hornets @ Washington Wizards,2025-10-26T22:10:00Z,player_assists,3.5,betrivers,2025-10-26T14:55:09Z,2025-10-26T14:56:26Z,-152.0,114.0
LaMelo Ball,Charlotte Hornets @ Washington Wizards,2025-10-26T22:10:00Z,player_assists,7.5,betrivers,2025-10-26T14:55:09Z,2025-10-26T14:56:26Z,-141.0,107.0
Miles Bridges,Charlotte Hornets @ Washington Wizards,2025-10-26T22:10:00Z,player_points,21.5,betrivers,2025-10-26T14:55:09Z,2025-10-26T14:56:26Z,-109.0,-121.0
LaMelo Ball,Charlotte Hornets @ Washington Wizards,2025-10-26T22:10:00Z,player_points,25.5,betrivers,2025-10-26T14:55:09Z,2025-10-26T14:56:26Z,-117.0,-114.0
Ryan Kalkbrenner,Charlotte Hornets @ Washington Wizards,2025-10-26T22:10:00Z,player_points,9.5,betrivers,2025-10-26T14:55:09Z,2025-10-26T14:56:26Z,-103.0,-130.0
Kyshawn George,Charlotte Hornets @ Washington Wizards,2025-10-26T22:10:00Z,player_points,14.5,betrivers,2025-10-26T14:55:09Z,2025-10-26T14:56:26Z,-121.0,-110.0
Carlton Carrington,Charlotte Hornets @ Washington Wizards,2025-10-26T22:10:00Z,player_points,10.5,betrivers,2025-10-26T14:55:09Z,2025-10-26T14:56:26Z,-115.0,-115.0
Alex Sarr,Charlotte Hornets @ Washington Wizards,2025-10-26T22:10:00Z,player_points,12.5,betrivers,2025-10-26T14:55:09Z,2025-10-26T14:56:26Z,-129.0,-103.0
Collin Sexton,Charlotte Hornets @ Washington Wizards,2025-10-26T22:10:00Z,player_points,16.5,betrivers,2025-10-26T14:55:09Z,2025-10-26T14:56:26Z,-109.0,-121.0
Khris Middleton,Charlotte Hornets @ Washington Wizards,2025-10-26T22:10:00Z,player_points,14.5,betrivers,2025-10-26T14:55:09Z,2025-10-26T14:56:26Z,-117.0,-114.0
C.J. McCollum,Charlotte Hornets @ Washington Wizards,2025-10-26T22:10:00Z,player_points,17.5,betrivers,2025-10-26T14:55:09Z,2025-10-26T14:56:26Z,-127.0,-106.0
Kon Knueppel,Charlotte Hornets @ Washington Wizards,2025-10-26T22:10:00Z,player_points,11.5,betrivers,2025-10-26T14:55:09Z,2025-10-26T14:56:26Z,-114.0,-117.0
C.J. McCollum,Charlotte Hornets @ Washington Wizards,2025-10-26T22:10:00Z,player_points_rebounds_assists,26.5,betrivers,2025-10-26T14:55:09Z,2025-10-26T14:56:26Z,-112.0,-120.0
Carlton Carrington,Charlotte Hornets @ Washington Wizards,2025-10-26T22:10:00Z,player_points_rebounds_assists,19.5,betrivers,2025-10-26T14:55:09Z,2025-10-26T14:56:26Z,-120.0,-110.0
Khris Middleton,Charlotte Hornets @ Washington Wizards,2025-10-26T22:10:00Z,player_points_rebounds_assists,23.5,betrivers,2025-10-26T14:55:09Z,2025-10-26T14:56:26Z,-121.0,-110.0
Kyshawn George,Charlotte Hornets @ Washington Wizards,2025-10-26T22:10:00Z,player_points_rebounds_assists,25.5,betrivers,2025-10-26T14:55:09Z,2025-10-26T14:56:26Z,-113.0,-118.0
Miles Bridges,Charlotte Hornets @ Washington Wizards,2025-10-26T22:10:00Z,player_points_rebounds_assists,33.5,betrivers,2025-10-26T14:55:09Z,2025-10-26T14:56:26Z,-121.0,-110.0
LaMelo Ball,Charlotte Hornets @ Washington Wizards,2025-10-26T22:10:00Z,player_points_rebounds_assists,39.5,betrivers,2025-10-26T14:55:09Z,2025-10-26T14:56:26Z,-112.0,-120.0
Kon Knueppel,Charlotte Hornets @ Washington Wizards,2025-10-26T22:10:00Z,player_rebounds,3.5,betrivers,2025-10-26T14:55:09Z,2025-10-26T14:56:26Z,-130.0,-103.0
LaMelo Ball,Charlotte Hornets @ Washington Wizards,2025-10-26T22:10:00Z,player_rebounds,4.5,betrivers,2025-10-26T14:55:09Z,2025-10-26T14:56:26Z,-130.0,-103.0
Ryan Kalkbrenner,Charlotte Hornets @ Washington Wizards,2025-10-26T22:10:00Z,player_rebounds,7.5,betrivers,2025-10-26T14:55:09Z,2025-10-26T14:56:26Z,-121.0,-109.0
Khris Middleton,Charlotte Hornets @ Washington Wizards,2025-10-26T22:10:00Z,player_rebounds,4.5,betrivers,2025-10-26T14:55:09Z,2025-10-26T14:56:26Z,-121.0,-110.0
C.J. McCollum,Charlotte Hornets @ Washington Wizards,2025-10-26T22:10:00Z,player_rebounds,3.5,betrivers,2025-10-26T14:55:09Z,2025-10-26T14:56:26Z,-148.0,110.0
Alex Sarr,Charlotte Hornets @ Washington Wizards,2025-10-26T22:10:00Z,player_rebounds,7.5,betrivers,2025-10-26T14:55:09Z,2025-10-26T14:56:26Z,108.0,-143.0
Kyshawn George,Charlotte Hornets @ Washington Wizards,2025-10-26T22:10:00Z,player_rebounds,6.5,betrivers,2025-10-26T14:55:09Z,2025-10-26T14:56:26Z,-125.0,-107.0
Carlton Carrington,Charlotte Hornets @ Washington Wizards,2025-10-26T22:10:00Z,player_rebounds,4.5,betrivers,2025-10-26T14:55:09Z,2025-10-26T14:56:26Z,-106.0,-125.0
Miles Bridges,Charlotte Hornets @ Washington Wizards,2025-10-26T22:10:00Z,player_rebounds,7.5,betrivers,2025-10-26T14:55:09Z,2025-10-26T14:56:26Z,-124.0,-108.0
C.J. McCollum,Charlotte Hornets @ Washington Wizards,2025-10-26T22:10:00Z,player_threes,2.5,betrivers,2025-10-26T14:55:09Z,2025-10-26T14:56:26Z,128.0,-175.0
Carlton Carrington,Charlotte Hornets @ Washington Wizards,2025-10-26T22:10:00Z,player_threes,1.5,betrivers,2025-10-26T14:55:09Z,2025-10-26T14:56:26Z,-125.0,-107.0
Khris Middleton,Charlotte Hornets @ Washington Wizards,2025-10-26T22:10:00Z,player_threes,1.5,betrivers,2025-10-26T14:55:09Z,2025-10-26T14:56:26Z,-108.0,-124.0
Miles Bridges,Charlotte Hornets @ Washington Wizards,2025-10-26T22:10:00Z,player_threes,2.5,betrivers,2025-10-26T14:55:09Z,2025-10-26T14:56:26Z,-113.0,-118.0
Kyshawn George,Charlotte Hornets @ Washington Wizards,2025-10-26T22:10:00Z,player_threes,2.5,betrivers,2025-10-26T14:55:09Z,2025-10-26T14:56:26Z,104.0,-137.0
LaMelo Ball,Charlotte Hornets @ Washington Wizards,2025-10-26T22:10:00Z,player_threes,3.5,betrivers,2025-10-26T14:55:09Z,2025-10-26T14:56:26Z,-143.0,110.0
Collin Sexton,Charlotte Hornets @ Washington Wizards,2025-10-26T22:10:00Z,player_threes,1.5,betrivers,2025-10-26T14:55:09Z,2025-10-26T14:56:26Z,-107.0,-125.0
Kon Knueppel,Charlotte Hornets @ Washington Wizards,2025-10-26T22:10:00Z,player_threes,1.5,betrivers,2025-10-26T14:55:09Z,2025-10-26T14:56:26Z,-175.0,130.0
LaMelo Ball,Charlotte Hornets @ Washington Wizards,2025-10-26T22:10:00Z,player_double_double,,bovada,2025-10-26T14:54:59Z,2025-10-26T14:55:45Z,,
Miles Bridges,Charlotte Hornets @ Washington Wizards,2025-10-26T22:10:00Z,player_double_double,,bovada,2025-10-26T14:54:59Z,2025-10-26T14:55:45Z,,
Alex Sarr,Charlotte Hornets @ Washington Wizards,2025-10-26T22:10:00Z,player_double_double,,bovada,2025-10-26T14:54:59Z,2025-10-26T14:55:45Z,,
Ryan Kalkbrenner,Charlotte Hornets @ Washington Wizards,2025-10-26T22:10:00Z,player_double_double,,bovada,2025-10-26T14:54:59Z,2025-10-26T14:55:45Z,,
Kyshawn George,Charlotte Hornets @ Washington Wizards,2025-10-26T22:10:00Z,player_double_double,,bovada,2025-10-26T14:54:59Z,2025-10-26T14:55:45Z,,
Khris Middleton,Charlotte Hornets @ Washington Wizards,2025-10-26T22:10:00Z,player_double_double,,bovada,2025-10-26T14:54:59Z,2025-10-26T14:55:45Z,,
Carlton Carrington,Charlotte Hornets @ Washington Wizards,2025-10-26T22:10:00Z,player_double_double,,bovada,2025-10-26T14:54:59Z,2025-10-26T14:55:45Z,,
C.J. McCollum,Charlotte Hornets @ Washington Wizards,2025-10-26T22:10:00Z,player_double_double,,bovada,2025-10-26T14:54:59Z,2025-10-26T14:55:45Z,,
Cam Whitmore,Charlotte Hornets @ Washington Wizards,2025-10-26T22:10:00Z,player_double_double,,bovada,2025-10-26T14:54:59Z,2025-10-26T14:55:45Z,,
Collin Sexton,Charlotte Hornets @ Washington Wizards,2025-10-26T22:10:00Z,player_double_double,,bovada,2025-10-26T14:54:59Z,2025-10-26T14:55:45Z,,
Cam Whitmore,Charlotte Hornets @ Washington Wizards,2025-10-26T22:10:00Z,player_points,8.5,bovada,2025-10-26T14:54:59Z,2025-10-26T14:55:45Z,200.0,-275.0
Kyshawn George,Charlotte Hornets @ Washington Wizards,2025-10-26T22:10:00Z,player_points,11.5,bovada,2025-10-26T14:54:59Z,2025-10-26T14:55:45Z,180.0,-245.0
Khris Middleton,Charlotte Hornets @ Washington Wizards,2025-10-26T22:10:00Z,player_points,11.5,bovada,2025-10-26T14:54:59Z,2025-10-26T14:55:45Z,215.0,-300.0
Miles Bridges,Charlotte Hornets @ Washington Wizards,2025-10-26T22:10:00Z,player_points,17.5,bovada,2025-10-26T14:54:59Z,2025-10-26T14:55:45Z,190.0,-260.0
Ryan Kalkbrenner,Charlotte Hornets @ Washington Wizards,2025-10-26T22:10:00Z,player_points,7.5,bovada,2025-10-26T14:54:59Z,2025-10-26T14:55:45Z,165.0,-220.0
Tre Johnson,Charlotte Hornets @ Washington Wizards,2025-10-26T22:10:00Z,player_points,10.5,bovada,2025-10-26T14:54:59Z,2025-10-26T14:55:45Z,200.0,-275.0
Alex Sarr,Charlotte Hornets @ Washington Wizards,2025-10-26T22:10:00Z,player_points_rebounds_assists,19.5,bovada,2025-10-26T14:54:59Z,2025-10-26T14:55:45Z,185.0,-250.0
Carlton Carrington,Charlotte Hornets @ Washington Wizards,2025-10-26T22:10:00Z,player_points_rebounds_assists,15.5,bovada,2025-10-26T14:54:59Z,2025-10-26T14:55:45Z,190.0,-260.0
Kyshawn George,Charlotte Hornets @ Washington Wizards,2025-10-26T22:10:00Z,player_points_rebounds_assists,20.5,bovada,2025-10-26T14:54:59Z,2025-10-26T14:55:45Z,210.0,-290.0
Khris Middleton,Charlotte Hornets @ Washington Wizards,2025-10-26T22:10:00Z,player_points_rebounds_assists,19.5,bovada,2025-10-26T14:54:59Z,2025-10-26T14:55:45Z,190.0,-260.0
LaMelo Ball,Charlotte Hornets @ Washington Wizards,2025-10-26T22:10:00Z,player_points_rebounds_assists,34.5,bovada,2025-10-26T14:54:59Z,2025-10-26T14:55:45Z,190.0,-260.0
Miles Bridges,Charlotte Hornets @ Washington Wizards,2025-10-26T22:10:00Z,player_points_rebounds_assists,28.5,bovada,2025-10-26T14:54:59Z,2025-10-26T14:55:45Z,205.0,-280.0
Tre Johnson,Charlotte Hornets @ Washington Wizards,2025-10-26T22:10:00Z,player_points_rebounds_assists,15.5,bovada,2025-10-26T14:54:59Z,2025-10-26T14:55:45Z,190.0,-260.0
LaMelo Ball,Charlotte Hornets @ Washington Wizards,2025-10-26T22:10:00Z,player_triple_double,,bovada,2025-10-26T14:54:59Z,2025-10-26T14:55:45Z,,
Miles Bridges,Charlotte Hornets @ Washington Wizards,2025-10-26T22:10:00Z,player_triple_double,,bovada,2025-10-26T14:54:59Z,2025-10-26T14:55:45Z,,
Anthony Edwards,Indiana Pacers @ Minnesota Timberwolves,2025-10-26T23:10:00Z,player_assists,4.5,fanduel,2025-10-26T14:55:09Z,2025-10-26T14:56:00Z,-140.0,106.0
Donte DiVincenzo,Indiana Pacers @ Minnesota Timberwolves,2025-10-26T23:10:00Z,player_assists,3.5,fanduel,2025-10-26T14:55:09Z,2025-10-26T14:56:00Z,-120.0,-110.0
Julius Randle,Indiana Pacers @ Minnesota Timberwolves,2025-10-26T23:10:00Z,player_assists,5.5,fanduel,2025-10-26T14:55:09Z,2025-10-26T14:56:00Z,120.0,-160.0
Pascal Siakam,Indiana Pacers @ Minnesota Timberwolves,2025-10-26T23:10:00Z,player_assists,4.5,fanduel,2025-10-26T14:55:09Z,2025-10-26T14:56:00Z,102.0,-136.0
Rudy Gobert,Indiana Pacers @ Minnesota Timberwolves,2025-10-26T23:10:00Z,player_double_double,,fanduel,2025-10-26T14:55:09Z,2025-10-26T14:56:00Z,,
Julius Randle,Indiana Pacers @ Minnesota Timberwolves,2025-10-26T23:10:00Z,player_double_double,,fanduel,2025-10-26T14:55:09Z,2025-10-26T14:56:00Z,,
Pascal Siakam,Indiana Pacers @ Minnesota Timberwolves,2025-10-26T23:10:00Z,player_double_double,,fanduel,2025-10-26T14:55:09Z,2025-10-26T14:56:00Z,,
Anthony Edwards,Indiana Pacers @ Minnesota Timberwolves,2025-10-26T23:10:00Z,player_double_double,,fanduel,2025-10-26T14:55:09Z,2025-10-26T14:56:00Z,,
Obi Toppin,Indiana Pacers @ Minnesota Timberwolves,2025-10-26T23:10:00Z,player_double_double,,fanduel,2025-10-26T14:55:09Z,2025-10-26T14:56:00Z,,
Naz Reid,Indiana Pacers @ Minnesota Timberwolves,2025-10-26T23:10:00Z,player_double_double,,fanduel,2025-10-26T14:55:09Z,2025-10-26T14:56:00Z,,
Jaden McDaniels,Indiana Pacers @ Minnesota Timberwolves,2025-10-26T23:10:00Z,player_double_double,,fanduel,2025-10-26T14:55:09Z,2025-10-26T14:56:00Z,,
Donte DiVincenzo,Indiana Pacers @ Minnesota Timberwolves,2025-10-26T23:10:00Z,player_double_double,,fanduel,2025-10-26T14:55:09Z,2025-10-26T14:56:00Z,,
Naz Reid,Indiana Pacers @ Minnesota Timberwolves,2025-10-26T23:10:00Z,player_points,10.5,fanduel,2025-10-26T14:55:09Z,2025-10-26T14:56:00Z,-110.0,-120.0
Obi Toppin,Indiana Pacers @ Minnesota Timberwolves,2025-10-26T23:10:00Z,player_points,14.5,fanduel,2025-10-26T14:55:09Z,2025-10-26T14:56:00Z,-108.0,-122.0
Pascal Siakam,Indiana Pacers @ Minnesota Timberwolves,2025-10-26T23:10:00Z,player_points,22.5,fanduel,2025-10-26T14:55:09Z,2025-10-26T14:56:00Z,-112.0,-118.0
Julius Randle,Indiana Pacers @ Minnesota Timberwolves,2025-10-26T23:10:00Z,player_points,21.5,fanduel,2025-10-26T14:55:09Z,2025-10-26T14:56:00Z,100.0,-132.0
Donte DiVincenzo,Indiana Pacers @ Minnesota Timberwolves,2025-10-26T23:10:00Z,player_points,12.5,fanduel,2025-10-26T14:55:09Z,2025-10-26T14:56:00Z,-112.0,-118.0
Anthony Edwards,Indiana Pacers @ Minnesota Timberwolves,2025-10-26T23:10:00Z,player_points,29.5,fanduel,2025-10-26T14:55:09Z,2025-10-26T14:56:00Z,-108.0,-122.0
Rudy Gobert,Indiana Pacers @ Minnesota Timberwolves,2025-10-26T23:10:00Z,player_points,10.5,fanduel,2025-10-26T14:55:09Z,2025-10-26T14:56:00Z,-114.0,-114.0
Jaden McDaniels,Indiana Pacers @ Minnesota Timberwolves,2025-10-26T23:10:00Z,player_points,12.5,fanduel,2025-10-26T14:55:09Z,2025-10-26T14:56:00Z,-118.0,-112.0
Anthony Edwards,Indiana Pacers @ Minnesota Timberwolves,2025-10-26T23:10:00Z,player_points_rebounds_assists,39.5,fanduel,2025-10-26T14:55:09Z,2025-10-26T14:56:00Z,-125.0,-106.0
Julius Randle,Indiana Pacers @ Minnesota Timberwolves,2025-10-26T23:10:00Z,player_points_rebounds_assists,33.5,fanduel,2025-10-26T14:55:09Z,2025-10-26T14:56:00Z,-118.0,-112.0
Pascal Siakam,Indiana Pacers @ Minnesota Timberwolves,2025-10-26T23:10:00Z,player_points_rebounds_assists,34.5,fanduel,2025-10-26T14:55:09Z,2025-10-26T14:56:00Z,-106.0,-125.0
Donte DiVincenzo,Indiana Pacers @ Minnesota Timberwolves,2025-10-26T23:10:00Z,player_points_rebounds_assists,19.5,fanduel,2025-10-26T14:55:09Z,2025-10-26T14:56:00Z,-128.0,-104.0
Rudy Gobert,Indiana Pacers @ Minnesota Timberwolves,2025-10-26T23:10:00Z,player_rebounds,9.5,fanduel,2025-10-26T14:55:09Z,2025-10-26T14:56:00Z,-138.0,104.0
Anthony Edwards,Indiana Pacers @ Minnesota Timberwolves,2025-10-26T23:10:00Z,player_rebounds,5.5,fanduel,2025-10-26T14:55:09Z,2025-10-26T14:56:00Z,-114.0,-114.0
Obi Toppin,Indiana Pacers @ Minnesota Timberwolves,2025-10-26T23:10:00Z,player_rebounds,5.5,fanduel,2025-10-26T14:55:09Z,2025-10-26T14:56:00Z,-106.0,-125.0
Pascal Siakam,Indiana Pacers @ Minnesota Timberwolves,2025-10-26T23:10:00Z,player_rebounds,6.5,fanduel,2025-10-26T14:55:09Z,2025-10-26T14:56:00Z,-132.0,100.0
Naz Reid,Indiana Pacers @ Minnesota Timberwolves,2025-10-26T23:10:00Z,player_rebounds,5.5,fanduel,2025-10-26T14:55:09Z,2025-10-26T14:56:00Z,104.0,-138.0
Julius Randle,Indiana Pacers @ Minnesota Timberwolves,2025-10-26T23:10:00Z,player_rebounds,7.5,fanduel,2025-10-26T14:55:09Z,2025-10-26T14:56:00Z,120.0,-160.0
Jaden McDaniels,Indiana Pacers @ Minnesota Timberwolves,2025-10-26T23:10:00Z,player_rebounds,4.5,fanduel,2025-10-26T14:55:09Z,2025-10-26T14:56:00Z,-130.0,-102.0
Donte DiVincenzo,Indiana Pacers @ Minnesota Timberwolves,2025-10-26T23:10:00Z,player_rebounds,3.5,fanduel,2025-10-26T14:55:09Z,2025-10-26T14:56:00Z,-114.0,-114.0
Naz Reid,Indiana Pacers @ Minnesota Timberwolves,2025-10-26T23:10:00Z,player_threes,1.5,fanduel,2025-10-26T14:55:09Z,2025-10-26T14:56:00Z,-102.0,-130.0
Anthony Edwards,Indiana Pacers @ Minnesota Timberwolves,2025-10-26T23:10:00Z,player_threes,3.5,fanduel,2025-10-26T14:55:09Z,2025-10-26T14:56:00Z,102.0,-136.0
Pascal Siakam,Indiana Pacers @ Minnesota Timberwolves,2025-10-26T23:10:00Z,player_threes,1.5,fanduel,2025-10-26T14:55:09Z,2025-10-26T14:56:00Z,116.0,-158.0
Jaden McDaniels,Indiana Pacers @ Minnesota Timberwolves,2025-10-26T23:10:00Z,player_threes,1.5,fanduel,2025-10-26T14:55:09Z,2025-10-26T14:56:00Z,158.0,-215.0
Julius Randle,Indiana Pacers @ Minnesota Timberwolves,2025-10-26T23:10:00Z,player_threes,1.5,fanduel,2025-10-26T14:55:09Z,2025-10-26T14:56:00Z,-168.0,126.0
Obi Toppin,Indiana Pacers @ Minnesota Timberwolves,2025-10-26T23:10:00Z,player_threes,1.5,fanduel,2025-10-26T14:55:09Z,2025-10-26T14:56:00Z,-146.0,110.0
Donte DiVincenzo,Indiana Pacers @ Minnesota Timberwolves,2025-10-26T23:10:00Z,player_threes,2.5,fanduel,2025-10-26T14:55:09Z,2025-10-26T14:56:00Z,-136.0,102.0
Julius Randle,Indiana Pacers @ Minnesota Timberwolves,2025-10-26T23:10:00Z,player_triple_double,,fanduel,2025-10-26T14:55:09Z,2025-10-26T14:56:00Z,,
Pascal Siakam,Indiana Pacers @ Minnesota Timberwolves,2025-10-26T23:10:00Z,player_triple_double,,fanduel,2025-10-26T14:55:09Z,2025-10-26T14:56:00Z,,
Anthony Edwards,Indiana Pacers @ Minnesota Timberwolves,2025-10-26T23:10:00Z,player_assists,4.5,fanatics,2025-10-26T14:55:12Z,2025-10-26T14:55:42Z,-140.0,105.0
Julius Randle,Indiana Pacers @ Minnesota Timberwolves,2025-10-26T23:10:00Z,player_assists,5.5,fanatics,2025-10-26T14:55:12Z,2025-10-26T14:55:42Z,105.0,-140.0
Donte DiVincenzo,Indiana Pacers @ Minnesota Timberwolves,2025-10-26T23:10:00Z,player_assists,3.5,fanatics,2025-10-26T14:55:12Z,2025-10-26T14:55:42Z,-125.0,-105.0
Pascal Siakam,Indiana Pacers @ Minnesota Timberwolves,2025-10-26T23:10:00Z,player_assists,4.5,fanatics,2025-10-26T14:55:12Z,2025-10-26T14:55:42Z,105.0,-140.0
Naz Reid,Indiana Pacers @ Minnesota Timberwolves,2025-10-26T23:10:00Z,player_assists,1.5,fanatics,2025-10-26T14:55:12Z,2025-10-26T14:55:42Z,-110.0,-120.0
Bennedict Mathurin,Indiana Pacers @ Minnesota Timberwolves,2025-10-26T23:10:00Z,player_assists,2.5,fanatics,2025-10-26T14:55:12Z,2025-10-26T14:55:42Z,-175.0,125.0
Jaden McDaniels,Indiana Pacers @ Minnesota Timberwolves,2025-10-26T23:10:00Z,player_assists,1.5,fanatics,2025-10-26T14:55:12Z,2025-10-26T14:55:42Z,-125.0,-105.0
Rudy Gobert,Indiana Pacers @ Minnesota Timberwolves,2025-10-26T23:10:00Z,player_assists,0.5,fanatics,2025-10-26T14:55:12Z,2025-10-26T14:55:42Z,-190.0,130.0
Jaylen Clark,Indiana Pacers @ Minnesota Timberwolves,2025-10-26T23:10:00Z,player_assists,0.5,fanatics,2025-10-26T14:55:12Z,2025-10-26T14:55:42Z,-165.0,120.0
Obi Toppin,Indiana Pacers @ Minnesota Timberwolves,2025-10-26T23:10:00Z,player_assists,2.5,fanatics,2025-10-26T14:55:12Z,2025-10-26T14:55:42Z,-125.0,-105.0
Anthony Edwards,Indiana Pacers @ Minnesota Timberwolves,2025-10-26T23:10:00Z,player_double_double,,fanatics,2025-10-26T14:55:12Z,2025-10-26T14:55:42Z,,
Julius Randle,Indiana Pacers @ Minnesota Timberwolves,2025-10-26T23:10:00Z,player_double_double,,fanatics,2025-10-26T14:55:12Z,2025-10-26T14:55:42Z,,
Jaden McDaniels,Indiana Pacers @ Minnesota Timberwolves,2025-10-26T23:10:00Z,player_double_double,,fanatics,2025-10-26T14:55:12Z,2025-10-26T14:55:42Z,,
Rudy Gobert,Indiana Pacers @ Minnesota Timberwolves,2025-10-26T23:10:00Z,player_double_double,,fanatics,2025-10-26T14:55:12Z,2025-10-26T14:55:42Z,,
Pascal Siakam,Indiana Pacers @ Minnesota Timberwolves,2025-10-26T23:10:00Z,player_double_double,,fanatics,2025-10-26T14:55:12Z,2025-10-26T14:55:42Z,,
Obi Toppin,Indiana Pacers @ Minnesota Timberwolves,2025-10-26T23:10:00Z,player_double_double,,fanatics,2025-10-26T14:55:12Z,2025-10-26T14:55:42Z,,
Naz Reid,Indiana Pacers @ Minnesota Timberwolves,2025-10-26T23:10:00Z,player_double_double,,fanatics,2025-10-26T14:55:12Z,2025-10-26T14:55:42Z,,
Bennedict Mathurin,Indiana Pacers @ Minnesota Timberwolves,2025-10-26T23:10:00Z,player_double_double,,fanatics,2025-10-26T14:55:12Z,2025-10-26T14:55:42Z,,
Anthony Edwards,Indiana Pacers @ Minnesota Timberwolves,2025-10-26T23:10:00Z,player_points,29.5,fanatics,2025-10-26T14:55:12Z,2025-10-26T14:55:42Z,-110.0,-120.0
Julius Randle,Indiana Pacers @ Minnesota Timberwolves,2025-10-26T23:10:00Z,player_points,20.5,fanatics,2025-10-26T14:55:12Z,2025-10-26T14:55:42Z,-125.0,-105.0
Rudy Gobert,Indiana Pacers @ Minnesota Timberwolves,2025-10-26T23:10:00Z,player_points,10.5,fanatics,2025-10-26T14:55:12Z,2025-10-26T14:55:42Z,-115.0,-115.0
Jaden McDaniels,Indiana Pacers @ Minnesota Timberwolves,2025-10-26T23:10:00Z,player_points,12.5,fanatics,2025-10-26T14:55:12Z,2025-10-26T14:55:42Z,-115.0,-115.0
Donte DiVincenzo,Indiana Pacers @ Minnesota Timberwolves,2025-10-26T23:10:00Z,player_points,12.5,fanatics,2025-10-26T14:55:12Z,2025-10-26T14:55:42Z,-115.0,-115.0
Pascal Siakam,Indiana Pacers @ Minnesota Timberwolves,2025-10-26T23:10:00Z,player_points,22.5,fanatics,2025-10-26T14:55:12Z,2025-10-26T14:55:42Z,-120.0,-110.0
Obi Toppin,Indiana Pacers @ Minnesota Timberwolves,2025-10-26T23:10:00Z,player_points,14.5,fanatics,2025-10-26T14:55:12Z,2025-10-26T14:55:42Z,-115.0,-115.0
Naz Reid,Indiana Pacers @ Minnesota Timberwolves,2025-10-26T23:10:00Z,player_points,10.5,fanatics,2025-10-26T14:55:12Z,2025-10-26T14:55:42Z,-115.0,-115.0
Bennedict Mathurin,Indiana Pacers @ Minnesota Timberwolves,2025-10-26T23:10:00Z,player_points,23.5,fanatics,2025-10-26T14:55:12Z,2025-10-26T14:55:42Z,-110.0,-120.0
Jaylen Clark,Indiana Pacers @ Minnesota Timberwolves,2025-10-26T23:10:00Z,player_points,4.5,fanatics,2025-10-26T14:55:12Z,2025-10-26T14:55:42Z,105.0,-140.0
Anthony Edwards,Indiana Pacers @ Minnesota Timberwolves,2025-10-26T23:10:00Z,player_points_rebounds_assists,40.5,fanatics,2025-10-26T14:55:12Z,2025-10-26T14:55:42Z,-110.0,-120.0
Julius Randle,Indiana Pacers @ Minnesota Timberwolves,2025-10-26T23:10:00Z,player_points_rebounds_assists,33.5,fanatics,2025-10-26T14:55:12Z,2025-10-26T14:55:42Z,-115.0,-115.0
Pascal Siakam,Indiana Pacers @ Minnesota Timberwolves,2025-10-26T23:10:00Z,player_points_rebounds_assists,34.5,fanatics,2025-10-26T14:55:12Z,2025-10-26T14:55:42Z,-110.0,-120.0
Naz Reid,Indiana Pacers @ Minnesota Timberwolves,2025-10-26T23:10:00Z,player_points_rebounds_assists,17.5,fanatics,2025-10-26T14:55:12Z,2025-10-26T14:55:42Z,-115.0,-115.0
Bennedict Mathurin,Indiana Pacers @ Minnesota Timberwolves,2025-10-26T23:10:00Z,player_points_rebounds_assists,33.5,fanatics,2025-10-26T14:55:12Z,2025-10-26T14:55:42Z,105.0,-140.0
Jaden McDaniels,Indiana Pacers @ Minnesota Timberwolves,2025-10-26T23:10:00Z,player_points_rebounds_assists,19.5,fanatics,2025-10-26T14:55:12Z,2025-10-26T14:55:42Z,-105.0,-125.0
Rudy Gobert,Indiana Pacers @ Minnesota Timberwolves,2025-10-26T23:10:00Z,player_points_rebounds_assists,21.5,fanatics,2025-10-26T14:55:12Z,2025-10-26T14:55:42Z,-125.0,-105.0
Jaylen Clark,Indiana Pacers @ Minnesota Timberwolves,2025-10-26T23:10:00Z,player_points_rebounds_assists,7.5,fanatics,2025-10-26T14:55:12Z,2025-10-26T14:55:42Z,100.0,-130.0
Donte DiVincenzo,Indiana Pacers @ Minnesota Timberwolves,2025-10-26T23:10:00Z,player_points_rebounds_assists,19.5,fanatics,2025-10-26T14:55:12Z,2025-10-26T14:55:42Z,-125.0,-105.0
Obi Toppin,Indiana Pacers @ Minnesota Timberwolves,2025-10-26T23:10:00Z,player_points_rebounds_assists,23.5,fanatics,2025-10-26T14:55:12Z,2025-10-26T14:55:42Z,100.0,-130.0
Anthony Edwards,Indiana Pacers @ Minnesota Timberwolves,2025-10-26T23:10:00Z,player_rebounds,5.5,fanatics,2025-10-26T14:55:12Z,2025-10-26T14:55:42Z,-125.0,-105.0
Rudy Gobert,Indiana Pacers @ Minnesota Timberwolves,2025-10-26T23:10:00Z,player_rebounds,9.5,fanatics,2025-10-26T14:55:12Z,2025-10-26T14:55:42Z,-140.0,105.0
Donte DiVincenzo,Indiana Pacers @ Minnesota Timberwolves,2025-10-26T23:10:00Z,player_rebounds,3.5,fanatics,2025-10-26T14:55:12Z,2025-10-26T14:55:42Z,-105.0,-125.0
Jaden McDaniels,Indiana Pacers @ Minnesota Timberwolves,2025-10-26T23:10:00Z,player_rebounds,4.5,fanatics,2025-10-26T14:55:12Z,2025-10-26T14:55:42Z,-125.0,-105.0
Pascal Siakam,Indiana Pacers @ Minnesota Timberwolves,2025-10-26T23:10:00Z,player_rebounds,6.5,fanatics,2025-10-26T14:55:12Z,2025-10-26T14:55:42Z,-140.0,105.0
Julius Randle,Indiana Pacers @ Minnesota Timberwolves,2025-10-26T23:10:00Z,player_rebounds,7.5,fanatics,2025-10-26T14:55:12Z,2025-10-26T14:55:42Z,110.0,-145.0
Obi Toppin,Indiana Pacers @ Minnesota Timberwolves,2025-10-26T23:10:00Z,player_rebounds,5.5,fanatics,2025-10-26T14:55:12Z,2025-10-26T14:55:42Z,100.0,-130.0
Naz Reid,Indiana Pacers @ Minnesota Timberwolves,2025-10-26T23:10:00Z,player_rebounds,5.5,fanatics,2025-10-26T14:55:12Z,2025-10-26T14:55:42Z,100.0,-130.0
Bennedict Mathurin,Indiana Pacers @ Minnesota Timberwolves,2025-10-26T23:10:00Z,player_rebounds,6.5,fanatics,2025-10-26T14:55:12Z,2025-10-26T14:55:42Z,110.0,-145.0
Jaylen Clark,Indiana Pacers @ Minnesota Timberwolves,2025-10-26T23:10:00Z,player_rebounds,2.5,fanatics,2025-10-26T14:55:12Z,2025-10-26T14:55:42Z,125.0,-175.0
Anthony Edwards,Indiana Pacers @ Minnesota Timberwolves,2025-10-26T23:10:00Z,player_threes,3.5,fanatics,2025-10-26T14:55:12Z,2025-10-26T14:55:42Z,100.0,-130.0
Donte DiVincenzo,Indiana Pacers @ Minnesota Timberwolves,2025-10-26T23:10:00Z,player_threes,2.5,fanatics,2025-10-26T14:55:12Z,2025-10-26T14:55:42Z,-140.0,105.0
Jaden McDaniels,Indiana Pacers @ Minnesota Timberwolves,2025-10-26T23:10:00Z,player_threes,1.5,fanatics,2025-10-26T14:55:12Z,2025-10-26T14:55:42Z,140.0,-225.0
Pascal Siakam,Indiana Pacers @ Minnesota Timberwolves,2025-10-26T23:10:00Z,player_threes,1.5,fanatics,2025-10-26T14:55:12Z,2025-10-26T14:55:42Z,120.0,-165.0
Julius Randle,Indiana Pacers @ Minnesota Timberwolves,2025-10-26T23:10:00Z,player_threes,1.5,fanatics,2025-10-26T14:55:12Z,2025-10-26T14:55:42Z,-175.0,125.0
Obi Toppin,Indiana Pacers @ Minnesota Timberwolves,2025-10-26T23:10:00Z,player_threes,1.5,fanatics,2025-10-26T14:55:12Z,2025-10-26T14:55:42Z,-150.0,115.0
Naz Reid,Indiana Pacers @ Minnesota Timberwolves,2025-10-26T23:10:00Z,player_threes,1.5,fanatics,2025-10-26T14:55:12Z,2025-10-26T14:55:42Z,105.0,-135.0
Bennedict Mathurin,Indiana Pacers @ Minnesota Timberwolves,2025-10-26T23:10:00Z,player_threes,1.5,fanatics,2025-10-26T14:55:12Z,2025-10-26T14:55:42Z,100.0,-130.0
Jaylen Clark,Indiana Pacers @ Minnesota Timberwolves,2025-10-26T23:10:00Z,player_threes,0.5,fanatics,2025-10-26T14:55:12Z,2025-10-26T14:55:42Z,125.0,-175.0
Julius Randle,Indiana Pacers @ Minnesota Timberwolves,2025-10-26T23:10:00Z,player_triple_double,,fanatics,2025-10-26T14:55:12Z,2025-10-26T14:51:26Z,,
Julius Randle,Indiana Pacers @ Minnesota Timberwolves,2025-10-26T23:10:00Z,player_assists,5.5,draftkings,2025-10-26T14:55:22Z,2025-10-26T14:56:05Z,114.0,-148.0
Anthony Edwards,Indiana Pacers @ Minnesota Timberwolves,2025-10-26T23:10:00Z,player_assists,4.5,draftkings,2025-10-26T14:55:22Z,2025-10-26T14:56:05Z,-147.0,113.0
Pascal Siakam,Indiana Pacers @ Minnesota Timberwolves,2025-10-26T23:10:00Z,player_assists,4.5,draftkings,2025-10-26T14:55:22Z,2025-10-26T14:56:05Z,100.0,-130.0
Donte DiVincenzo,Indiana Pacers @ Minnesota Timberwolves,2025-10-26T23:10:00Z,player_assists,3.5,draftkings,2025-10-26T14:55:22Z,2025-10-26T14:56:05Z,-125.0,-104.0
Rudy Gobert,Indiana Pacers @ Minnesota Timberwolves,2025-10-26T23:10:00Z,player_double_double,,draftkings,2025-10-26T14:55:22Z,2025-10-26T14:56:05Z,,
Julius Randle,Indiana Pacers @ Minnesota Timberwolves,2025-10-26T23:10:00Z,player_double_double,,draftkings,2025-10-26T14:55:22Z,2025-10-26T14:56:05Z,,
Pascal Siakam,Indiana Pacers @ Minnesota Timberwolves,2025-10-26T23:10:00Z,player_double_double,,draftkings,2025-10-26T14:55:22Z,2025-10-26T14:56:05Z,,
Anthony Edwards,Indiana Pacers @ Minnesota Timberwolves,2025-10-26T23:10:00Z,player_double_double,,draftkings,2025-10-26T14:55:22Z,2025-10-26T14:56:05Z,,
Obi Toppin,Indiana Pacers @ Minnesota Timberwolves,2025-10-26T23:10:00Z,player_double_double,,draftkings,2025-10-26T14:55:22Z,2025-10-26T14:56:05Z,,
Naz Reid,Indiana Pacers @ Minnesota Timberwolves,2025-10-26T23:10:00Z,player_double_double,,draftkings,2025-10-26T14:55:22Z,2025-10-26T14:56:05Z,,
Jaden McDaniels,Indiana Pacers @ Minnesota Timberwolves,2025-10-26T23:10:00Z,player_double_double,,draftkings,2025-10-26T14:55:22Z,2025-10-26T14:56:05Z,,
Donte DiVincenzo,Indiana Pacers @ Minnesota Timberwolves,2025-10-26T23:10:00Z,player_double_double,,draftkings,2025-10-26T14:55:22Z,2025-10-26T14:56:05Z,,
Anthony Edwards,Indiana Pacers @ Minnesota Timberwolves,2025-10-26T23:10:00Z,player_points,29.5,draftkings,2025-10-26T14:55:22Z,2025-10-26T14:56:05Z,-107.0,-119.0
Pascal Siakam,Indiana Pacers @ Minnesota Timberwolves,2025-10-26T23:10:00Z,player_points,23.5,draftkings,2025-10-26T14:55:22Z,2025-10-26T14:56:05Z,-103.0,-124.0
Julius Randle,Indiana Pacers @ Minnesota Timberwolves,2025-10-26T23:10:00Z,player_points,21.5,draftkings,2025-10-26T14:55:22Z,2025-10-26T14:56:05Z,-103.0,-124.0
Obi Toppin,Indiana Pacers @ Minnesota Timberwolves,2025-10-26T23:10:00Z,player_points,14.5,draftkings,2025-10-26T14:55:22Z,2025-10-26T14:56:05Z,-115.0,-111.0
Jaden McDaniels,Indiana Pacers @ Minnesota Timberwolves,2025-10-26T23:10:00Z,player_points,12.5,draftkings,2025-10-26T14:55:22Z,2025-10-26T14:56:05Z,-109.0,-117.0
Donte DiVincenzo,Indiana Pacers @ Minnesota Timberwolves,2025-10-26T23:10:00Z,player_points,12.5,draftkings,2025-10-26T14:55:22Z,2025-10-26T14:56:05Z,101.0,-129.0
Rudy Gobert,Indiana Pacers @ Minnesota Timberwolves,2025-10-26T23:10:00Z,player_points,10.5,draftkings,2025-10-26T14:55:22Z,2025-10-26T14:56:05Z,100.0,-127.0
Anthony Edwards,Indiana Pacers @ Minnesota Timberwolves,2025-10-26T23:10:00Z,player_points_rebounds_assists,40.5,draftkings,2025-10-26T14:55:22Z,2025-10-26T14:56:05Z,-109.0,-118.0
Pascal Siakam,Indiana Pacers @ Minnesota Timberwolves,2025-10-26T23:10:00Z,player_points_rebounds_assists,34.5,draftkings,2025-10-26T14:55:22Z,2025-10-26T14:56:05Z,-116.0,-112.0
Julius Randle,Indiana Pacers @ Minnesota Timberwolves,2025-10-26T23:10:00Z,player_points_rebounds_assists,33.5,draftkings,2025-10-26T14:55:22Z,2025-10-26T14:56:05Z,-118.0,-110.0
Donte DiVincenzo,Indiana Pacers @ Minnesota Timberwolves,2025-10-26T23:10:00Z,player_points_rebounds_assists,19.5,draftkings,2025-10-26T14:55:22Z,2025-10-26T14:56:05Z,-112.0,-116.0
Rudy Gobert,Indiana Pacers @ Minnesota Timberwolves,2025-10-26T23:10:00Z,player_rebounds,9.5,draftkings,2025-10-26T14:55:22Z,2025-10-26T14:56:05Z,-140.0,108.0
Julius Randle,Indiana Pacers @ Minnesota Timberwolves,2025-10-26T23:10:00Z,player_rebounds,7.5,draftkings,2025-10-26T14:55:22Z,2025-10-26T14:56:05Z,110.0,-142.0
Pascal Siakam,Indiana Pacers @ Minnesota Timberwolves,2025-10-26T23:10:00Z,player_rebounds,6.5,draftkings,2025-10-26T14:55:22Z,2025-10-26T14:56:05Z,-138.0,107.0
Anthony Edwards,Indiana Pacers @ Minnesota Timberwolves,2025-10-26T23:10:00Z,player_rebounds,5.5,draftkings,2025-10-26T14:55:22Z,2025-10-26T14:56:05Z,-131.0,101.0
Obi Toppin,Indiana Pacers @ Minnesota Timberwolves,2025-10-26T23:10:00Z,player_rebounds,5.5,draftkings,2025-10-26T14:55:22Z,2025-10-26T14:56:05Z,111.0,-145.0
Jaden McDaniels,Indiana Pacers @ Minnesota Timberwolves,2025-10-26T23:10:00Z,player_rebounds,4.5,draftkings,2025-10-26T14:55:22Z,2025-10-26T14:56:05Z,-122.0,-106.0
Donte DiVincenzo,Indiana Pacers @ Minnesota Timberwolves,2025-10-26T23:10:00Z,player_rebounds,3.5,draftkings,2025-10-26T14:55:22Z,2025-10-26T14:56:05Z,-107.0,-121.0
Anthony Edwards,Indiana Pacers @ Minnesota Timberwolves,2025-10-26T23:10:00Z,player_threes,3.5,draftkings,2025-10-26T14:55:22Z,2025-10-26T14:56:05Z,101.0,-131.0
Donte DiVincenzo,Indiana Pacers @ Minnesota Timberwolves,2025-10-26T23:10:00Z,player_threes,2.5,draftkings,2025-10-26T14:55:22Z,2025-10-26T14:56:05Z,-134.0,104.0
Obi Toppin,Indiana Pacers @ Minnesota Timberwolves,2025-10-26T23:10:00Z,player_threes,1.5,draftkings,2025-10-26T14:55:22Z,2025-10-26T14:56:05Z,-159.0,122.0
Julius Randle,Indiana Pacers @ Minnesota Timberwolves,2025-10-26T23:10:00Z,player_threes,1.5,draftkings,2025-10-26T14:55:22Z,2025-10-26T14:56:05Z,-144.0,111.0
Pascal Siakam,Indiana Pacers @ Minnesota Timberwolves,2025-10-26T23:10:00Z,player_threes,1.5,draftkings,2025-10-26T14:55:22Z,2025-10-26T14:56:05Z,119.0,-155.0
Jaden McDaniels,Indiana Pacers @ Minnesota Timberwolves,2025-10-26T23:10:00Z,player_threes,1.5,draftkings,2025-10-26T14:55:22Z,2025-10-26T14:56:05Z,160.0,-210.0
Julius Randle,Indiana Pacers @ Minnesota Timberwolves,2025-10-26T23:10:00Z,player_triple_double,,draftkings,2025-10-26T14:55:22Z,2025-10-26T14:56:05Z,,
Pascal Siakam,Indiana Pacers @ Minnesota Timberwolves,2025-10-26T23:10:00Z,player_triple_double,,draftkings,2025-10-26T14:55:22Z,2025-10-26T14:56:05Z,,
Julius Randle,Indiana Pacers @ Minnesota Timberwolves,2025-10-26T23:10:00Z,player_assists,4.5,betrivers,2025-10-26T14:55:09Z,2025-10-26T14:55:25Z,-155.0,115.0
Pascal Siakam,Indiana Pacers @ Minnesota Timberwolves,2025-10-26T23:10:00Z,player_assists,4.5,betrivers,2025-10-26T14:55:09Z,2025-10-26T14:55:25Z,102.0,-136.0
Anthony Edwards,Indiana Pacers @ Minnesota Timberwolves,2025-10-26T23:10:00Z,player_assists,4.5,betrivers,2025-10-26T14:55:09Z,2025-10-26T14:55:25Z,-141.0,106.0
Donte DiVincenzo,Indiana Pacers @ Minnesota Timberwolves,2025-10-26T23:10:00Z,player_assists,3.5,betrivers,2025-10-26T14:55:09Z,2025-10-26T14:55:25Z,-121.0,-110.0
Jaden McDaniels,Indiana Pacers @ Minnesota Timberwolves,2025-10-26T23:10:00Z,player_points,12.5,betrivers,2025-10-26T14:55:09Z,2025-10-26T14:55:25Z,-113.0,-118.0
Obi Toppin,Indiana Pacers @ Minnesota Timberwolves,2025-10-26T23:10:00Z,player_points,14.5,betrivers,2025-10-26T14:55:09Z,2025-10-26T14:55:25Z,-110.0,-121.0
Naz Reid,Indiana Pacers @ Minnesota Timberwolves,2025-10-26T23:10:00Z,player_points,9.5,betrivers,2025-10-26T14:55:09Z,2025-10-26T14:55:25Z,-130.0,-103.0
Julius Randle,Indiana Pacers @ Minnesota Timberwolves,2025-10-26T23:10:00Z,player_points,21.5,betrivers,2025-10-26T14:55:09Z,2025-10-26T14:55:25Z,-106.0,-125.0
Anthony Edwards,Indiana Pacers @ Minnesota Timberwolves,2025-10-26T23:10:00Z,player_points,28.5,betrivers,2025-10-26T14:55:09Z,2025-10-26T14:55:25Z,-125.0,-107.0
Pascal Siakam,Indiana Pacers @ Minnesota Timberwolves,2025-10-26T23:10:00Z,player_points,22.5,betrivers,2025-10-26T14:55:09Z,2025-10-26T14:55:25Z,-120.0,-112.0
Donte DiVincenzo,Indiana Pacers @ Minnesota Timberwolves,2025-10-26T23:10:00Z,player_points,12.5,betrivers,2025-10-26T14:55:09Z,2025-10-26T14:55:25Z,-118.0,-113.0
Rudy Gobert,Indiana Pacers @ Minnesota Timberwolves,2025-10-26T23:10:00Z,player_points,10.5,betrivers,2025-10-26T14:55:09Z,2025-10-26T14:55:25Z,-117.0,-114.0
Anthony Edwards,Indiana Pacers @ Minnesota Timberwolves,2025-10-26T23:10:00Z,player_points_rebounds_assists,40.5,betrivers,2025-10-26T14:55:09Z,2025-10-26T14:55:25Z,-118.0,-113.0
Pascal Siakam,Indiana Pacers @ Minnesota Timberwolves,2025-10-26T23:10:00Z,player_points_rebounds_assists,34.5,betrivers,2025-10-26T14:55:09Z,2025-10-26T14:55:25Z,-117.0,-114.0
Julius Randle,Indiana Pacers @ Minnesota Timberwolves,2025-10-26T23:10:00Z,player_points_rebounds_assists,33.5,betrivers,2025-10-26T14:55:09Z,2025-10-26T14:55:25Z,-122.0,-109.0
Donte DiVincenzo,Indiana Pacers @ Minnesota Timberwolves,2025-10-26T23:10:00Z,player_points_rebounds_assists,20.5,betrivers,2025-10-26T14:55:09Z,2025-10-26T14:55:25Z,-114.0,-117.0
Pascal Siakam,Indiana Pacers @ Minnesota Timberwolves,2025-10-26T23:10:00Z,player_rebounds,6.5,betrivers,2025-10-26T14:55:09Z,2025-10-26T14:55:25Z,-130.0,-103.0
Rudy Gobert,Indiana Pacers @ Minnesota Timberwolves,2025-10-26T23:10:00Z,player_rebounds,9.5,betrivers,2025-10-26T14:55:09Z,2025-10-26T14:55:25Z,-136.0,102.0
Julius Randle,Indiana Pacers @ Minnesota Timberwolves,2025-10-26T23:10:00Z,player_rebounds,6.5,betrivers,2025-10-26T14:55:09Z,2025-10-26T14:55:25Z,-148.0,112.0
Naz Reid,Indiana Pacers @ Minnesota Timberwolves,2025-10-26T23:10:00Z,player_rebounds,5.5,betrivers,2025-10-26T14:55:09Z,2025-10-26T14:55:25Z,102.0,-136.0
Jaden McDaniels,Indiana Pacers @ Minnesota Timberwolves,2025-10-26T23:10:00Z,player_rebounds,4.5,betrivers,2025-10-26T14:55:09Z,2025-10-26T14:55:25Z,-129.0,-104.0
Anthony Edwards,Indiana Pacers @ Minnesota Timberwolves,2025-10-26T23:10:00Z,player_rebounds,5.5,betrivers,2025-10-26T14:55:09Z,2025-10-26T14:55:25Z,-139.0,106.0
Obi Toppin,Indiana Pacers @ Minnesota Timberwolves,2025-10-26T23:10:00Z,player_rebounds,5.5,betrivers,2025-10-26T14:55:09Z,2025-10-26T14:55:25Z,112.0,-148.0
Donte DiVincenzo,Indiana Pacers @ Minnesota Timberwolves,2025-10-26T23:10:00Z,player_rebounds,3.5,betrivers,2025-10-26T14:55:09Z,2025-10-26T14:55:25Z,-115.0,-115.0
Anthony Edwards,Indiana Pacers @ Minnesota Timberwolves,2025-10-26T23:10:00Z,player_threes,3.5,betrivers,2025-10-26T14:55:09Z,2025-10-26T14:55:25Z,104.0,-137.0
Pascal Siakam,Indiana Pacers @ Minnesota Timberwolves,2025-10-26T23:10:00Z,player_threes,1.5,betrivers,2025-10-26T14:55:09Z,2025-10-26T14:55:25Z,120.0,-162.0
Obi Toppin,Indiana Pacers @ Minnesota Timberwolves,2025-10-26T23:10:00Z,player_threes,1.5,betrivers,2025-10-26T14:55:09Z,2025-10-26T14:55:25Z,-162.0,123.0
Naz Reid,Indiana Pacers @ Minnesota Timberwolves,2025-10-26T23:10:00Z,player_threes,1.5,betrivers,2025-10-26T14:55:09Z,2025-10-26T14:55:25Z,107.0,-141.0
Donte DiVincenzo,Indiana Pacers @ Minnesota Timberwolves,2025-10-26T23:10:00Z,player_threes,2.5,betrivers,2025-10-26T14:55:09Z,2025-10-26T14:55:25Z,-134.0,102.0
Julius Randle,Indiana Pacers @ Minnesota Timberwolves,2025-10-26T23:10:00Z,player_threes,1.5,betrivers,2025-10-26T14:55:09Z,2025-10-26T14:55:25Z,-148.0,110.0
Jaden McDaniels,Indiana Pacers @ Minnesota Timberwolves,2025-10-26T23:10:00Z,player_threes,1.5,betrivers,2025-10-26T14:55:09Z,2025-10-26T14:55:25Z,160.0,-220.0
Pascal Siakam,Indiana Pacers @ Minnesota Timberwolves,2025-10-26T23:10:00Z,player_assists,4.5,williamhill_us,2025-10-26T14:54:39Z,2025-10-26T14:55:57Z,-102.0,-134.0
Anthony Edwards,Indiana Pacers @ Minnesota Timberwolves,2025-10-26T23:10:00Z,player_assists,4.5,williamhill_us,2025-10-26T14:54:39Z,2025-10-26T14:55:57Z,-152.0,110.0
Donte DiVincenzo,Indiana Pacers @ Minnesota Timberwolves,2025-10-26T23:10:00Z,player_assists,3.5,williamhill_us,2025-10-26T14:54:39Z,2025-10-26T14:55:57Z,-134.0,-102.0
Obi Toppin,Indiana Pacers @ Minnesota Timberwolves,2025-10-26T23:10:00Z,player_assists,2.5,williamhill_us,2025-10-26T14:54:39Z,2025-10-26T14:55:57Z,-125.0,-107.0
Bennedict Mathurin,Indiana Pacers @ Minnesota Timberwolves,2025-10-26T23:10:00Z,player_assists,3.5,williamhill_us,2025-10-26T14:54:39Z,2025-10-26T14:55:57Z,135.0,-190.0
Julius Randle,Indiana Pacers @ Minnesota Timberwolves,2025-10-26T23:10:00Z,player_assists,5.5,williamhill_us,2025-10-26T14:54:39Z,2025-10-26T14:55:57Z,110.0,-152.0
Rudy Gobert,Indiana Pacers @ Minnesota Timberwolves,2025-10-26T23:10:00Z,player_double_double,,williamhill_us,2025-10-26T14:54:39Z,2025-10-26T14:55:57Z,,
Julius Randle,Indiana Pacers @ Minnesota Timberwolves,2025-10-26T23:10:00Z,player_double_double,,williamhill_us,2025-10-26T14:54:39Z,2025-10-26T14:55:57Z,,
Pascal Siakam,Indiana Pacers @ Minnesota Timberwolves,2025-10-26T23:10:00Z,player_double_double,,williamhill_us,2025-10-26T14:54:39Z,2025-10-26T14:55:57Z,,
Anthony Edwards,Indiana Pacers @ Minnesota Timberwolves,2025-10-26T23:10:00Z,player_double_double,,williamhill_us,2025-10-26T14:54:39Z,2025-10-26T14:55:57Z,,
Bennedict Mathurin,Indiana Pacers @ Minnesota Timberwolves,2025-10-26T23:10:00Z,player_double_double,,williamhill_us,2025-10-26T14:54:39Z,2025-10-26T14:55:57Z,,
Obi Toppin,Indiana Pacers @ Minnesota Timberwolves,2025-10-26T23:10:00Z,player_double_double,,williamhill_us,2025-10-26T14:54:39Z,2025-10-26T14:55:57Z,,
Naz Reid,Indiana Pacers @ Minnesota Timberwolves,2025-10-26T23:10:00Z,player_double_double,,williamhill_us,2025-10-26T14:54:39Z,2025-10-26T14:55:57Z,,
Jaden McDaniels,Indiana Pacers @ Minnesota Timberwolves,2025-10-26T23:10:00Z,player_double_double,,williamhill_us,2025-10-26T14:54:39Z,2025-10-26T14:55:57Z,,
Julius Randle,Indiana Pacers @ Minnesota Timberwolves,2025-10-26T23:10:00Z,player_points,20.5,williamhill_us,2025-10-26T14:54:39Z,2025-10-26T14:55:57Z,-129.0,-106.0
Pascal Siakam,Indiana Pacers @ Minnesota Timberwolves,2025-10-26T23:10:00Z,player_points,23.5,williamhill_us,2025-10-26T14:54:39Z,2025-10-26T14:55:57Z,-108.0,-125.0
Rudy Gobert,Indiana Pacers @ Minnesota Timberwolves,2025-10-26T23:10:00Z,player_points,10.5,williamhill_us,2025-10-26T14:54:39Z,2025-10-26T14:55:57Z,-113.0,-120.0
Jaylen Clark,Indiana Pacers @ Minnesota Timberwolves,2025-10-26T23:10:00Z,player_points,4.5,williamhill_us,2025-10-26T14:54:39Z,2025-10-26T14:55:57Z,105.0,-141.0
Anthony Edwards,Indiana Pacers @ Minnesota Timberwolves,2025-10-26T23:10:00Z,player_points,29.5,williamhill_us,2025-10-26T14:54:39Z,2025-10-26T14:55:57Z,-113.0,-120.0
Jaden McDaniels,Indiana Pacers @ Minnesota Timberwolves,2025-10-26T23:10:00Z,player_points,12.5,williamhill_us,2025-10-26T14:54:39Z,2025-10-26T14:55:57Z,-120.0,-114.0
Naz Reid,Indiana Pacers @ Minnesota Timberwolves,2025-10-26T23:10:00Z,player_points,10.5,williamhill_us,2025-10-26T14:54:39Z,2025-10-26T14:55:57Z,-106.0,-127.0
Obi Toppin,Indiana Pacers @ Minnesota Timberwolves,2025-10-26T23:10:00Z,player_points,14.5,williamhill_us,2025-10-26T14:54:39Z,2025-10-26T14:55:57Z,-118.0,-114.0
Bennedict Mathurin,Indiana Pacers @ Minnesota Timberwolves,2025-10-26T23:10:00Z,player_points,23.5,williamhill_us,2025-10-26T14:54:39Z,2025-10-26T14:55:57Z,-114.0,-118.0
Donte DiVincenzo,Indiana Pacers @ Minnesota Timberwolves,2025-10-26T23:10:00Z,player_points,12.5,williamhill_us,2025-10-26T14:54:39Z,2025-10-26T14:55:57Z,-110.0,-122.0
Anthony Edwards,Indiana Pacers @ Minnesota Timberwolves,2025-10-26T23:10:00Z,player_rebounds,5.5,williamhill_us,2025-10-26T14:54:39Z,2025-10-26T14:55:57Z,-129.0,-106.0
Pascal Siakam,Indiana Pacers @ Minnesota Timberwolves,2025-10-26T23:10:00Z,player_rebounds,6.5,williamhill_us,2025-10-26T14:54:39Z,2025-10-26T14:55:57Z,-139.0,100.0
Rudy Gobert,Indiana Pacers @ Minnesota Timberwolves,2025-10-26T23:10:00Z,player_rebounds,9.5,williamhill_us,2025-10-26T14:54:39Z,2025-10-26T14:55:57Z,-145.0,105.0
Obi Toppin,Indiana Pacers @ Minnesota Timberwolves,2025-10-26T23:10:00Z,player_rebounds,5.5,williamhill_us,2025-10-26T14:54:39Z,2025-10-26T14:55:57Z,100.0,-137.0
Julius Randle,Indiana Pacers @ Minnesota Timberwolves,2025-10-26T23:10:00Z,player_rebounds,7.5,williamhill_us,2025-10-26T14:54:39Z,2025-10-26T14:55:57Z,115.0,-154.0
Donte DiVincenzo,Indiana Pacers @ Minnesota Timberwolves,2025-10-26T23:10:00Z,player_rebounds,3.5,williamhill_us,2025-10-26T14:54:39Z,2025-10-26T14:55:57Z,-113.0,-121.0
Jaylen Clark,Indiana Pacers @ Minnesota Timberwolves,2025-10-26T23:10:00Z,player_rebounds,2.5,williamhill_us,2025-10-26T14:54:39Z,2025-10-26T14:55:57Z,125.0,-173.0
Bennedict Mathurin,Indiana Pacers @ Minnesota Timberwolves,2025-10-26T23:10:00Z,player_rebounds,6.5,williamhill_us,2025-10-26T14:54:39Z,2025-10-26T14:55:57Z,105.0,-148.0
Jaden McDaniels,Indiana Pacers @ Minnesota Timberwolves,2025-10-26T23:10:00Z,player_rebounds,4.5,williamhill_us,2025-10-26T14:54:39Z,2025-10-26T14:55:57Z,-122.0,-110.0
Naz Reid,Indiana Pacers @ Minnesota Timberwolves,2025-10-26T23:10:00Z,player_rebounds,5.5,williamhill_us,2025-10-26T14:54:39Z,2025-10-26T14:55:57Z,-117.0,-115.0
Jaden McDaniels,Indiana Pacers @ Minnesota Timberwolves,2025-10-26T23:10:00Z,player_threes,1.5,williamhill_us,2025-10-26T14:54:39Z,2025-10-26T14:55:57Z,155.0,-218.0
Jaylen Clark,Indiana Pacers @ Minnesota Timberwolves,2025-10-26T23:10:00Z,player_threes,0.5,williamhill_us,2025-10-26T14:54:39Z,2025-10-26T14:55:57Z,125.0,-173.0
Bennedict Mathurin,Indiana Pacers @ Minnesota Timberwolves,2025-10-26T23:10:00Z,player_threes,1.5,williamhill_us,2025-10-26T14:54:39Z,2025-10-26T14:55:57Z,100.0,-136.0
Julius Randle,Indiana Pacers @ Minnesota Timberwolves,2025-10-26T23:10:00Z,player_threes,1.5,williamhill_us,2025-10-26T14:54:39Z,2025-10-26T14:55:57Z,-164.0,120.0
Obi Toppin,Indiana Pacers @ Minnesota Timberwolves,2025-10-26T23:10:00Z,player_threes,1.5,williamhill_us,2025-10-26T14:54:39Z,2025-10-26T14:55:57Z,-159.0,115.0
Donte DiVincenzo,Indiana Pacers @ Minnesota Timberwolves,2025-10-26T23:10:00Z,player_threes,2.5,williamhill_us,2025-10-26T14:54:39Z,2025-10-26T14:55:57Z,-141.0,100.0
Naz Reid,Indiana Pacers @ Minnesota Timberwolves,2025-10-26T23:10:00Z,player_threes,1.5,williamhill_us,2025-10-26T14:54:39Z,2025-10-26T14:55:57Z,-102.0,-134.0
Anthony Edwards,Indiana Pacers @ Minnesota Timberwolves,2025-10-26T23:10:00Z,player_threes,3.5,williamhill_us,2025-10-26T14:54:39Z,2025-10-26T14:55:57Z,100.0,-139.0
Pascal Siakam,Indiana Pacers @ Minnesota Timberwolves,2025-10-26T23:10:00Z,player_threes,1.5,williamhill_us,2025-10-26T14:54:39Z,2025-10-26T14:55:57Z,115.0,-157.0
Julius Randle,Indiana Pacers @ Minnesota Timberwolves,2025-10-26T23:10:00Z,player_triple_double,,williamhill_us,2025-10-26T14:54:39Z,2025-10-26T14:55:57Z,,
Anthony Edwards,Indiana Pacers @ Minnesota Timberwolves,2025-10-26T23:10:00Z,player_triple_double,,williamhill_us,2025-10-26T14:54:39Z,2025-10-26T14:55:57Z,,
Pascal Siakam,Indiana Pacers @ Minnesota Timberwolves,2025-10-26T23:10:00Z,player_assists,4.5,betonlineag,2025-10-26T14:55:22Z,2025-10-26T14:55:38Z,102.0,-132.0
Anthony Edwards,Indiana Pacers @ Minnesota Timberwolves,2025-10-26T23:10:00Z,player_assists,4.5,betonlineag,2025-10-26T14:55:22Z,2025-10-26T14:55:38Z,-145.0,111.0
Julius Randle,Indiana Pacers @ Minnesota Timberwolves,2025-10-26T23:10:00Z,player_assists,5.5,betonlineag,2025-10-26T14:55:22Z,2025-10-26T14:55:38Z,113.0,-147.0
Donte DiVincenzo,Indiana Pacers @ Minnesota Timberwolves,2025-10-26T23:10:00Z,player_assists,3.5,betonlineag,2025-10-26T14:55:22Z,2025-10-26T14:55:38Z,-127.0,-102.0
Anthony Edwards,Indiana Pacers @ Minnesota Timberwolves,2025-10-26T23:10:00Z,player_points,29.5,betonlineag,2025-10-26T14:55:22Z,2025-10-26T14:55:38Z,-110.0,-118.0
Rudy Gobert,Indiana Pacers @ Minnesota Timberwolves,2025-10-26T23:10:00Z,player_points,10.5,betonlineag,2025-10-26T14:55:22Z,2025-10-26T14:55:38Z,-108.0,-120.0
Jaden McDaniels,Indiana Pacers @ Minnesota Timberwolves,2025-10-26T23:10:00Z,player_points,12.5,betonlineag,2025-10-26T14:55:22Z,2025-10-26T14:55:38Z,-114.0,-114.0
Donte DiVincenzo,Indiana Pacers @ Minnesota Timberwolves,2025-10-26T23:10:00Z,player_points,12.5,betonlineag,2025-10-26T14:55:22Z,2025-10-26T14:55:38Z,-110.0,-118.0
Obi Toppin,Indiana Pacers @ Minnesota Timberwolves,2025-10-26T23:10:00Z,player_points,14.5,betonlineag,2025-10-26T14:55:22Z,2025-10-26T14:55:38Z,-114.0,-114.0
Pascal Siakam,Indiana Pacers @ Minnesota Timberwolves,2025-10-26T23:10:00Z,player_points,22.5,betonlineag,2025-10-26T14:55:22Z,2025-10-26T14:55:38Z,-116.0,-111.0
Naz Reid,Indiana Pacers @ Minnesota Timberwolves,2025-10-26T23:10:00Z,player_points,10.5,betonlineag,2025-10-26T14:55:22Z,2025-10-26T14:55:38Z,-105.0,-123.0
Julius Randle,Indiana Pacers @ Minnesota Timberwolves,2025-10-26T23:10:00Z,player_points,20.5,betonlineag,2025-10-26T14:55:22Z,2025-10-26T14:55:38Z,-122.0,-106.0
Pascal Siakam,Indiana Pacers @ Minnesota Timberwolves,2025-10-26T23:10:00Z,player_points_rebounds_assists,34.5,betonlineag,2025-10-26T14:55:22Z,2025-10-26T14:55:38Z,-110.0,-118.0
Anthony Edwards,Indiana Pacers @ Minnesota Timberwolves,2025-10-26T23:10:00Z,player_points_rebounds_assists,40.5,betonlineag,2025-10-26T14:55:22Z,2025-10-26T14:55:38Z,-109.0,-119.0
Julius Randle,Indiana Pacers @ Minnesota Timberwolves,2025-10-26T23:10:00Z,player_points_rebounds_assists,33.5,betonlineag,2025-10-26T14:55:22Z,2025-10-26T14:55:38Z,-114.0,-114.0
Donte DiVincenzo,Indiana Pacers @ Minnesota Timberwolves,2025-10-26T23:10:00Z,player_points_rebounds_assists,19.5,betonlineag,2025-10-26T14:55:22Z,2025-10-26T14:55:38Z,-122.0,-106.0
Anthony Edwards,Indiana Pacers @ Minnesota Timberwolves,2025-10-26T23:10:00Z,player_rebounds,5.5,betonlineag,2025-10-26T14:55:22Z,2025-10-26T14:55:38Z,-123.0,-104.0
Jaden McDaniels,Indiana Pacers @ Minnesota Timberwolves,2025-10-26T23:10:00Z,player_rebounds,4.5,betonlineag,2025-10-26T14:55:22Z,2025-10-26T14:55:38Z,-122.0,-106.0
Pascal Siakam,Indiana Pacers @ Minnesota Timberwolves,2025-10-26T23:10:00Z,player_rebounds,6.5,betonlineag,2025-10-26T14:55:22Z,2025-10-26T14:55:38Z,-137.0,106.0
Rudy Gobert,Indiana Pacers @ Minnesota Timberwolves,2025-10-26T23:10:00Z,player_rebounds,9.5,betonlineag,2025-10-26T14:55:22Z,2025-10-26T14:55:38Z,-137.0,106.0
Donte DiVincenzo,Indiana Pacers @ Minnesota Timberwolves,2025-10-26T23:10:00Z,player_rebounds,3.5,betonlineag,2025-10-26T14:55:22Z,2025-10-26T14:55:38Z,-109.0,-119.0
Julius Randle,Indiana Pacers @ Minnesota Timberwolves,2025-10-26T23:10:00Z,player_rebounds,7.5,betonlineag,2025-10-26T14:55:22Z,2025-10-26T14:55:38Z,115.0,-149.0
Obi Toppin,Indiana Pacers @ Minnesota Timberwolves,2025-10-26T23:10:00Z,player_rebounds,5.5,betonlineag,2025-10-26T14:55:22Z,2025-10-26T14:55:38Z,-101.0,-128.0
Naz Reid,Indiana Pacers @ Minnesota Timberwolves,2025-10-26T23:10:00Z,player_rebounds,5.5,betonlineag,2025-10-26T14:55:22Z,2025-10-26T14:55:38Z,-105.0,-123.0
Jaden McDaniels,Indiana Pacers @ Minnesota Timberwolves,2025-10-26T23:10:00Z,player_threes,1.5,betonlineag,2025-10-26T14:55:22Z,2025-10-26T14:55:38Z,164.0,-217.0
Pascal Siakam,Indiana Pacers @ Minnesota Timberwolves,2025-10-26T23:10:00Z,player_threes,1.5,betonlineag,2025-10-26T14:55:22Z,2025-10-26T14:55:38Z,117.0,-152.0
Anthony Edwards,Indiana Pacers @ Minnesota Timberwolves,2025-10-26T23:10:00Z,player_threes,3.5,betonlineag,2025-10-26T14:55:22Z,2025-10-26T14:55:38Z,103.0,-133.0
Donte DiVincenzo,Indiana Pacers @ Minnesota Timberwolves,2025-10-26T23:10:00Z,player_threes,2.5,betonlineag,2025-10-26T14:55:22Z,2025-10-26T14:55:38Z,-137.0,106.0
Julius Randle,Indiana Pacers @ Minnesota Timberwolves,2025-10-26T23:10:00Z,player_threes,1.5,betonlineag,2025-10-26T14:55:22Z,2025-10-26T14:55:38Z,-156.0,121.0
Obi Toppin,Indiana Pacers @ Minnesota Timberwolves,2025-10-26T23:10:00Z,player_threes,1.5,betonlineag,2025-10-26T14:55:22Z,2025-10-26T14:55:38Z,-152.0,117.0
Naz Reid,Indiana Pacers @ Minnesota Timberwolves,2025-10-26T23:10:00Z,player_threes,1.5,betonlineag,2025-10-26T14:55:22Z,2025-10-26T14:55:38Z,100.0,-130.0
Naz Reid,Indiana Pacers @ Minnesota Timberwolves,2025-10-26T23:10:00Z,player_assists,1.5,betmgm,2025-10-26T14:55:22Z,2025-10-26T14:56:22Z,-110.0,-120.0
Pascal Siakam,Indiana Pacers @ Minnesota Timberwolves,2025-10-26T23:10:00Z,player_assists,4.5,betmgm,2025-10-26T14:55:22Z,2025-10-26T14:56:22Z,-105.0,-125.0
Bennedict Mathurin,Indiana Pacers @ Minnesota Timberwolves,2025-10-26T23:10:00Z,player_assists,3.5,betmgm,2025-10-26T14:55:22Z,2025-10-26T14:56:22Z,135.0,-185.0
Julius Randle,Indiana Pacers @ Minnesota Timberwolves,2025-10-26T23:10:00Z,player_assists,5.5,betmgm,2025-10-26T14:55:22Z,2025-10-26T14:56:22Z,105.0,-140.0
Anthony Edwards,Indiana Pacers @ Minnesota Timberwolves,2025-10-26T23:10:00Z,player_assists,4.5,betmgm,2025-10-26T14:55:22Z,2025-10-26T14:56:22Z,-160.0,120.0
Jaden McDaniels,Indiana Pacers @ Minnesota Timberwolves,2025-10-26T23:10:00Z,player_assists,1.5,betmgm,2025-10-26T14:55:22Z,2025-10-26T14:56:22Z,-125.0,-110.0
Rudy Gobert,Indiana Pacers @ Minnesota Timberwolves,2025-10-26T23:10:00Z,player_assists,0.5,betmgm,2025-10-26T14:55:22Z,2025-10-26T14:56:22Z,-190.0,140.0
Jaylen Clark,Indiana Pacers @ Minnesota Timberwolves,2025-10-26T23:10:00Z,player_assists,0.5,betmgm,2025-10-26T14:55:22Z,2025-10-26T14:56:22Z,-150.0,110.0
Donte DiVincenzo,Indiana Pacers @ Minnesota Timberwolves,2025-10-26T23:10:00Z,player_assists,3.5,betmgm,2025-10-26T14:55:22Z,2025-10-26T14:56:22Z,-135.0,100.0
Obi Toppin,Indiana Pacers @ Minnesota Timberwolves,2025-10-26T23:10:00Z,player_assists,2.5,betmgm,2025-10-26T14:55:22Z,2025-10-26T14:56:22Z,-125.0,-105.0
Pascal Siakam,Indiana Pacers @ Minnesota Timberwolves,2025-10-26T23:10:00Z,player_blocks,0.5,betmgm,2025-10-26T14:55:22Z,2025-10-26T14:56:22Z,105.0,-145.0
Bennedict Mathurin,Indiana Pacers @ Minnesota Timberwolves,2025-10-26T23:10:00Z,player_blocks,0.5,betmgm,2025-10-26T14:55:22Z,2025-10-26T14:56:22Z,190.0,-275.0
Julius Randle,Indiana Pacers @ Minnesota Timberwolves,2025-10-26T23:10:00Z,player_blocks,0.5,betmgm,2025-10-26T14:55:22Z,2025-10-26T14:56:22Z,250.0,-375.0
Anthony Edwards,Indiana Pacers @ Minnesota Timberwolves,2025-10-26T23:10:00Z,player_blocks,0.5,betmgm,2025-10-26T14:55:22Z,2025-10-26T14:56:22Z,-130.0,-110.0
Donte DiVincenzo,Indiana Pacers @ Minnesota Timberwolves,2025-10-26T23:10:00Z,player_blocks,0.5,betmgm,2025-10-26T14:55:22Z,2025-10-26T14:56:22Z,240.0,-375.0
Jaden McDaniels,Indiana Pacers @ Minnesota Timberwolves,2025-10-26T23:10:00Z,player_blocks,0.5,betmgm,2025-10-26T14:55:22Z,2025-10-26T14:56:22Z,-175.0,125.0
Rudy Gobert,Indiana Pacers @ Minnesota Timberwolves,2025-10-26T23:10:00Z,player_blocks,0.5,betmgm,2025-10-26T14:55:22Z,2025-10-26T14:56:22Z,-235.0,170.0
Pascal Siakam,Indiana Pacers @ Minnesota Timberwolves,2025-10-26T23:10:00Z,player_double_double,,betmgm,2025-10-26T14:55:22Z,2025-10-26T14:56:22Z,,
Bennedict Mathurin,Indiana Pacers @ Minnesota Timberwolves,2025-10-26T23:10:00Z,player_double_double,,betmgm,2025-10-26T14:55:22Z,2025-10-26T14:56:22Z,,
Julius Randle,Indiana Pacers @ Minnesota Timberwolves,2025-10-26T23:10:00Z,player_double_double,,betmgm,2025-10-26T14:55:22Z,2025-10-26T14:56:22Z,,
Anthony Edwards,Indiana Pacers @ Minnesota Timberwolves,2025-10-26T23:10:00Z,player_double_double,,betmgm,2025-10-26T14:55:22Z,2025-10-26T14:56:22Z,,
Donte DiVincenzo,Indiana Pacers @ Minnesota Timberwolves,2025-10-26T23:10:00Z,player_double_double,,betmgm,2025-10-26T14:55:22Z,2025-10-26T14:56:22Z,,
Jaden McDaniels,Indiana Pacers @ Minnesota Timberwolves,2025-10-26T23:10:00Z,player_double_double,,betmgm,2025-10-26T14:55:22Z,2025-10-26T14:56:22Z,,
Rudy Gobert,Indiana Pacers @ Minnesota Timberwolves,2025-10-26T23:10:00Z,player_double_double,,betmgm,2025-10-26T14:55:22Z,2025-10-26T14:56:22Z,,
Pascal Siakam,Indiana Pacers @ Minnesota Timberwolves,2025-10-26T23:10:00Z,player_points,23.5,betmgm,2025-10-26T14:55:22Z,2025-10-26T14:56:22Z,100.0,-135.0
Bennedict Mathurin,Indiana Pacers @ Minnesota Timberwolves,2025-10-26T23:10:00Z,player_points,23.5,betmgm,2025-10-26T14:55:22Z,2025-10-26T14:56:22Z,-105.0,-125.0
Anthony Edwards,Indiana Pacers @ Minnesota Timberwolves,2025-10-26T23:10:00Z,player_points,29.5,betmgm,2025-10-26T14:55:22Z,2025-10-26T14:56:22Z,-120.0,-110.0
Donte DiVincenzo,Indiana Pacers @ Minnesota Timberwolves,2025-10-26T23:10:00Z,player_points,12.5,betmgm,2025-10-26T14:55:22Z,2025-10-26T14:56:22Z,-115.0,-115.0
Jaden McDaniels,Indiana Pacers @ Minnesota Timberwolves,2025-10-26T23:10:00Z,player_points,12.5,betmgm,2025-10-26T14:55:22Z,2025-10-26T14:56:22Z,-115.0,-115.0
Rudy Gobert,Indiana Pacers @ Minnesota Timberwolves,2025-10-26T23:10:00Z,player_points,10.5,betmgm,2025-10-26T14:55:22Z,2025-10-26T14:56:22Z,-110.0,-120.0
Jaylen Clark,Indiana Pacers @ Minnesota Timberwolves,2025-10-26T23:10:00Z,player_points,4.5,betmgm,2025-10-26T14:55:22Z,2025-10-26T14:56:22Z,100.0,-135.0
Julius Randle,Indiana Pacers @ Minnesota Timberwolves,2025-10-26T23:10:00Z,player_points,20.5,betmgm,2025-10-26T14:55:22Z,2025-10-26T14:56:22Z,-120.0,-110.0
Naz Reid,Indiana Pacers @ Minnesota Timberwolves,2025-10-26T23:10:00Z,player_points,10.5,betmgm,2025-10-26T14:55:22Z,2025-10-26T14:56:22Z,100.0,-130.0
Obi Toppin,Indiana Pacers @ Minnesota Timberwolves,2025-10-26T23:10:00Z,player_points,14.5,betmgm,2025-10-26T14:55:22Z,2025-10-26T14:56:22Z,-125.0,-110.0
Naz Reid,Indiana Pacers @ Minnesota Timberwolves,2025-10-26T23:10:00Z,player_points_rebounds_assists,17.5,betmgm,2025-10-26T14:55:22Z,2025-10-26T14:56:22Z,-118.0,-115.0
Pascal Siakam,Indiana Pacers @ Minnesota Timberwolves,2025-10-26T23:10:00Z,player_points_rebounds_assists,35.5,betmgm,2025-10-26T14:55:22Z,2025-10-26T14:56:22Z,110.0,-145.0
Bennedict Mathurin,Indiana Pacers @ Minnesota Timberwolves,2025-10-26T23:10:00Z,player_points_rebounds_assists,33.5,betmgm,2025-10-26T14:55:22Z,2025-10-26T14:56:22Z,-110.0,-118.0
Julius Randle,Indiana Pacers @ Minnesota Timberwolves,2025-10-26T23:10:00Z,player_points_rebounds_assists,33.5,betmgm,2025-10-26T14:55:22Z,2025-10-26T14:56:22Z,-110.0,-118.0
Anthony Edwards,Indiana Pacers @ Minnesota Timberwolves,2025-10-26T23:10:00Z,player_points_rebounds_assists,41.5,betmgm,2025-10-26T14:55:22Z,2025-10-26T14:56:22Z,100.0,-135.0
Donte DiVincenzo,Indiana Pacers @ Minnesota Timberwolves,2025-10-26T23:10:00Z,player_points_rebounds_assists,20.5,betmgm,2025-10-26T14:55:22Z,2025-10-26T14:56:22Z,-110.0,-120.0
Jaden McDaniels,Indiana Pacers @ Minnesota Timberwolves,2025-10-26T23:10:00Z,player_points_rebounds_assists,18.5,betmgm,2025-10-26T14:55:22Z,2025-10-26T14:56:22Z,-125.0,-105.0
Rudy Gobert,Indiana Pacers @ Minnesota Timberwolves,2025-10-26T23:10:00Z,player_points_rebounds_assists,21.5,betmgm,2025-10-26T14:55:22Z,2025-10-26T14:56:22Z,-118.0,-115.0
Jaylen Clark,Indiana Pacers @ Minnesota Timberwolves,2025-10-26T23:10:00Z,player_points_rebounds_assists,7.5,betmgm,2025-10-26T14:55:22Z,2025-10-26T14:56:22Z,-110.0,-120.0
Obi Toppin,Indiana Pacers @ Minnesota Timberwolves,2025-10-26T23:10:00Z,player_points_rebounds_assists,23.5,betmgm,2025-10-26T14:55:22Z,2025-10-26T14:56:22Z,-110.0,-120.0
Naz Reid,Indiana Pacers @ Minnesota Timberwolves,2025-10-26T23:10:00Z,player_rebounds,5.5,betmgm,2025-10-26T14:55:22Z,2025-10-26T14:56:22Z,-118.0,-110.0
Pascal Siakam,Indiana Pacers @ Minnesota Timberwolves,2025-10-26T23:10:00Z,player_rebounds,6.5,betmgm,2025-10-26T14:55:22Z,2025-10-26T14:56:22Z,-145.0,110.0
Bennedict Mathurin,Indiana Pacers @ Minnesota Timberwolves,2025-10-26T23:10:00Z,player_rebounds,6.5,betmgm,2025-10-26T14:55:22Z,2025-10-26T14:56:22Z,110.0,-150.0
Anthony Edwards,Indiana Pacers @ Minnesota Timberwolves,2025-10-26T23:10:00Z,player_rebounds,6.5,betmgm,2025-10-26T14:55:22Z,2025-10-26T14:56:22Z,110.0,-150.0
Donte DiVincenzo,Indiana Pacers @ Minnesota Timberwolves,2025-10-26T23:10:00Z,player_rebounds,3.5,betmgm,2025-10-26T14:55:22Z,2025-10-26T14:56:22Z,-118.0,-115.0
Jaden McDaniels,Indiana Pacers @ Minnesota Timberwolves,2025-10-26T23:10:00Z,player_rebounds,4.5,betmgm,2025-10-26T14:55:22Z,2025-10-26T14:56:22Z,-120.0,-110.0
Rudy Gobert,Indiana Pacers @ Minnesota Timberwolves,2025-10-26T23:10:00Z,player_rebounds,9.5,betmgm,2025-10-26T14:55:22Z,2025-10-26T14:56:22Z,-145.0,110.0
Jaylen Clark,Indiana Pacers @ Minnesota Timberwolves,2025-10-26T23:10:00Z,player_rebounds,2.5,betmgm,2025-10-26T14:55:22Z,2025-10-26T14:56:22Z,125.0,-165.0
Julius Randle,Indiana Pacers @ Minnesota Timberwolves,2025-10-26T23:10:00Z,player_rebounds,7.5,betmgm,2025-10-26T14:55:22Z,2025-10-26T14:56:22Z,115.0,-155.0
Obi Toppin,Indiana Pacers @ Minnesota Timberwolves,2025-10-26T23:10:00Z,player_rebounds,5.5,betmgm,2025-10-26T14:55:22Z,2025-10-26T14:56:22Z,105.0,-140.0
Naz Reid,Indiana Pacers @ Minnesota Timberwolves,2025-10-26T23:10:00Z,player_threes,1.5,betmgm,2025-10-26T14:55:22Z,2025-10-26T14:56:22Z,-105.0,-130.0
Pascal Siakam,Indiana Pacers @ Minnesota Timberwolves,2025-10-26T23:10:00Z,player_threes,1.5,betmgm,2025-10-26T14:55:22Z,2025-10-26T14:56:22Z,115.0,-150.0
Bennedict Mathurin,Indiana Pacers @ Minnesota Timberwolves,2025-10-26T23:10:00Z,player_threes,1.5,betmgm,2025-10-26T14:55:22Z,2025-10-26T14:56:22Z,100.0,-135.0
Anthony Edwards,Indiana Pacers @ Minnesota Timberwolves,2025-10-26T23:10:00Z,player_threes,3.5,betmgm,2025-10-26T14:55:22Z,2025-10-26T14:56:22Z,105.0,-140.0
Donte DiVincenzo,Indiana Pacers @ Minnesota Timberwolves,2025-10-26T23:10:00Z,player_threes,2.5,betmgm,2025-10-26T14:55:22Z,2025-10-26T14:56:22Z,-150.0,110.0
Jaden McDaniels,Indiana Pacers @ Minnesota Timberwolves,2025-10-26T23:10:00Z,player_threes,1.5,betmgm,2025-10-26T14:55:22Z,2025-10-26T14:56:22Z,150.0,-200.0
Jaylen Clark,Indiana Pacers @ Minnesota Timberwolves,2025-10-26T23:10:00Z,player_threes,0.5,betmgm,2025-10-26T14:55:22Z,2025-10-26T14:56:22Z,130.0,-175.0
Julius Randle,Indiana Pacers @ Minnesota Timberwolves,2025-10-26T23:10:00Z,player_threes,1.5,betmgm,2025-10-26T14:55:22Z,2025-10-26T14:56:22Z,-155.0,120.0
Obi Toppin,Indiana Pacers @ Minnesota Timberwolves,2025-10-26T23:10:00Z,player_threes,1.5,betmgm,2025-10-26T14:55:22Z,2025-10-26T14:56:22Z,-155.0,115.0
Pascal Siakam,Indiana Pacers @ Minnesota Timberwolves,2025-10-26T23:10:00Z,player_triple_double,,betmgm,2025-10-26T14:55:22Z,2025-10-26T14:56:22Z,,
Julius Randle,Indiana Pacers @ Minnesota Timberwolves,2025-10-26T23:10:00Z,player_triple_double,,betmgm,2025-10-26T14:55:22Z,2025-10-26T14:56:22Z,,
Anthony Edwards,Indiana Pacers @ Minnesota Timberwolves,2025-10-26T23:10:00Z,player_triple_double,,betmgm,2025-10-26T14:55:22Z,2025-10-26T14:56:22Z,,
Rudy Gobert,Indiana Pacers @ Minnesota Timberwolves,2025-10-26T23:10:00Z,player_double_double,,bovada,2025-10-26T14:54:59Z,2025-10-26T14:55:48Z,,
Julius Randle,Indiana Pacers @ Minnesota Timberwolves,2025-10-26T23:10:00Z,player_double_double,,bovada,2025-10-26T14:54:59Z,2025-10-26T14:55:48Z,,
Pascal Siakam,Indiana Pacers @ Minnesota Timberwolves,2025-10-26T23:10:00Z,player_double_double,,bovada,2025-10-26T14:54:59Z,2025-10-26T14:55:48Z,,
Anthony Edwards,Indiana Pacers @ Minnesota Timberwolves,2025-10-26T23:10:00Z,player_double_double,,bovada,2025-10-26T14:54:59Z,2025-10-26T14:55:48Z,,
Obi Toppin,Indiana Pacers @ Minnesota Timberwolves,2025-10-26T23:10:00Z,player_double_double,,bovada,2025-10-26T14:54:59Z,2025-10-26T14:55:48Z,,
Naz Reid,Indiana Pacers @ Minnesota Timberwolves,2025-10-26T23:10:00Z,player_double_double,,bovada,2025-10-26T14:54:59Z,2025-10-26T14:55:48Z,,
Jaden McDaniels,Indiana Pacers @ Minnesota Timberwolves,2025-10-26T23:10:00Z,player_double_double,,bovada,2025-10-26T14:54:59Z,2025-10-26T14:55:48Z,,
Donte DiVincenzo,Indiana Pacers @ Minnesota Timberwolves,2025-10-26T23:10:00Z,player_double_double,,bovada,2025-10-26T14:54:59Z,2025-10-26T14:55:48Z,,
Anthony Edwards,Indiana Pacers @ Minnesota Timberwolves,2025-10-26T23:10:00Z,player_points,25.5,bovada,2025-10-26T14:54:59Z,2025-10-26T14:55:48Z,185.0,-250.0
Donte DiVincenzo,Indiana Pacers @ Minnesota Timberwolves,2025-10-26T23:10:00Z,player_points,9.5,bovada,2025-10-26T14:54:59Z,2025-10-26T14:55:48Z,200.0,-275.0
Pascal Siakam,Indiana Pacers @ Minnesota Timberwolves,2025-10-26T23:10:00Z,player_points,18.5,bovada,2025-10-26T14:54:59Z,2025-10-26T14:55:48Z,200.0,-275.0
Pascal Siakam,Indiana Pacers @ Minnesota Timberwolves,2025-10-26T23:10:00Z,player_points_rebounds_assists,28.5,bovada,2025-10-26T14:54:59Z,2025-10-26T14:55:48Z,200.0,-275.0
Obi Toppin,Indiana Pacers @ Minnesota Timberwolves,2025-10-26T23:10:00Z,player_rebounds,4.5,bovada,2025-10-26T14:54:59Z,2025-10-26T14:55:48Z,190.0,-260.0
Julius Randle,Indiana Pacers @ Minnesota Timberwolves,2025-10-26T23:10:00Z,player_triple_double,,bovada,2025-10-26T14:54:59Z,2025-10-26T14:55:48Z,,
Anthony Edwards,Indiana Pacers @ Minnesota Timberwolves,2025-10-26T23:10:00Z,player_triple_double,,bovada,2025-10-26T14:54:59Z,2025-10-26T14:55:48Z,,
Pascal Siakam,Indiana Pacers @ Minnesota Timberwolves,2025-10-26T23:10:00Z,player_triple_double,,bovada,2025-10-26T14:54:59Z,2025-10-26T14:55:48Z,,
Cooper Flagg,Toronto Raptors @ Dallas Mavericks,2025-10-26T23:40:00Z,player_assists,3.5,fanduel,2025-10-26T14:55:09Z,2025-10-26T14:55:37Z,-128.0,-104.0
Brandon Ingram,Toronto Raptors @ Dallas Mavericks,2025-10-26T23:40:00Z,player_assists,4.5,fanduel,2025-10-26T14:55:09Z,2025-10-26T14:55:37Z,116.0,-154.0
Anthony Davis,Toronto Raptors @ Dallas Mavericks,2025-10-26T23:40:00Z,player_assists,3.5,fanduel,2025-10-26T14:55:09Z,2025-10-26T14:55:37Z,-125.0,-106.0
Immanuel Quickley,Toronto Raptors @ Dallas Mavericks,2025-10-26T23:40:00Z,player_assists,5.5,fanduel,2025-10-26T14:55:09Z,2025-10-26T14:55:37Z,-132.0,100.0
R.J. Barrett,Toronto Raptors @ Dallas Mavericks,2025-10-26T23:40:00Z,player_assists,3.5,fanduel,2025-10-26T14:55:09Z,2025-10-26T14:55:37Z,-158.0,118.0
Scottie Barnes,Toronto Raptors @ Dallas Mavericks,2025-10-26T23:40:00Z,player_assists,5.5,fanduel,2025-10-26T14:55:09Z,2025-10-26T14:55:37Z,128.0,-172.0
Anthony Davis,Toronto Raptors @ Dallas Mavericks,2025-10-26T23:40:00Z,player_double_double,,fanduel,2025-10-26T14:55:09Z,2025-10-26T14:55:37Z,,
Jakob Poeltl,Toronto Raptors @ Dallas Mavericks,2025-10-26T23:40:00Z,player_double_double,,fanduel,2025-10-26T14:55:09Z,2025-10-26T14:55:37Z,,
Scottie Barnes,Toronto Raptors @ Dallas Mavericks,2025-10-26T23:40:00Z,player_double_double,,fanduel,2025-10-26T14:55:09Z,2025-10-26T14:55:37Z,,
Cooper Flagg,Toronto Raptors @ Dallas Mavericks,2025-10-26T23:40:00Z,player_double_double,,fanduel,2025-10-26T14:55:09Z,2025-10-26T14:55:37Z,,
P.J. Washington,Toronto Raptors @ Dallas Mavericks,2025-10-26T23:40:00Z,player_double_double,,fanduel,2025-10-26T14:55:09Z,2025-10-26T14:55:37Z,,
R.J. Barrett,Toronto Raptors @ Dallas Mavericks,2025-10-26T23:40:00Z,player_double_double,,fanduel,2025-10-26T14:55:09Z,2025-10-26T14:55:37Z,,
Brandon Ingram,Toronto Raptors @ Dallas Mavericks,2025-10-26T23:40:00Z,player_double_double,,fanduel,2025-10-26T14:55:09Z,2025-10-26T14:55:37Z,,
Immanuel Quickley,Toronto Raptors @ Dallas Mavericks,2025-10-26T23:40:00Z,player_double_double,,fanduel,2025-10-26T14:55:09Z,2025-10-26T14:55:37Z,,
Dereck Lively II,Toronto Raptors @ Dallas Mavericks,2025-10-26T23:40:00Z,player_double_double,,fanduel,2025-10-26T14:55:09Z,2025-10-26T14:55:37Z,,
Cooper Flagg,Toronto Raptors @ Dallas Mavericks,2025-10-26T23:40:00Z,player_points,16.5,fanduel,2025-10-26T14:55:09Z,2025-10-26T14:55:37Z,-102.0,-130.0
R.J. Barrett,Toronto Raptors @ Dallas Mavericks,2025-10-26T23:40:00Z,player_points,16.5,fanduel,2025-10-26T14:55:09Z,2025-10-26T14:55:37Z,-132.0,100.0
Brandon Ingram,Toronto Raptors @ Dallas Mavericks,2025-10-26T23:40:00Z,player_points,19.5,fanduel,2025-10-26T14:55:09Z,2025-10-26T14:55:37Z,-132.0,100.0
Naji Marshall,Toronto Raptors @ Dallas Mavericks,2025-10-26T23:40:00Z,player_points,8.5,fanduel,2025-10-26T14:55:09Z,2025-10-26T14:55:37Z,-106.0,-125.0
Anthony Davis,Toronto Raptors @ Dallas Mavericks,2025-10-26T23:40:00Z,player_points,26.5,fanduel,2025-10-26T14:55:09Z,2025-10-26T14:55:37Z,-114.0,-114.0
P.J. Washington,Toronto Raptors @ Dallas Mavericks,2025-10-26T23:40:00Z,player_points,14.5,fanduel,2025-10-26T14:55:09Z,2025-10-26T14:55:37Z,-120.0,-110.0
Klay Thompson,Toronto Raptors @ Dallas Mavericks,2025-10-26T23:40:00Z,player_points,11.5,fanduel,2025-10-26T14:55:09Z,2025-10-26T14:55:37Z,-132.0,100.0
Immanuel Quickley,Toronto Raptors @ Dallas Mavericks,2025-10-26T23:40:00Z,player_points,16.5,fanduel,2025-10-26T14:55:09Z,2025-10-26T14:55:37Z,-114.0,-114.0
Max Christie,Toronto Raptors @ Dallas Mavericks,2025-10-26T23:40:00Z,player_points,8.5,fanduel,2025-10-26T14:55:09Z,2025-10-26T14:55:37Z,102.0,-136.0
Gradey Dick,Toronto Raptors @ Dallas Mavericks,2025-10-26T23:40:00Z,player_points,8.5,fanduel,2025-10-26T14:55:09Z,2025-10-26T14:55:37Z,-114.0,-114.0
Scottie Barnes,Toronto Raptors @ Dallas Mavericks,2025-10-26T23:40:00Z,player_points,17.5,fanduel,2025-10-26T14:55:09Z,2025-10-26T14:55:37Z,-125.0,-106.0
Jakob Poeltl,Toronto Raptors @ Dallas Mavericks,2025-10-26T23:40:00Z,player_points,10.5,fanduel,2025-10-26T14:55:09Z,2025-10-26T14:55:37Z,-125.0,-106.0
Dereck Lively II,Toronto Raptors @ Dallas Mavericks,2025-10-26T23:40:00Z,player_points,7.5,fanduel,2025-10-26T14:55:09Z,2025-10-26T14:55:37Z,-114.0,-114.0
Cooper Flagg,Toronto Raptors @ Dallas Mavericks,2025-10-26T23:40:00Z,player_points_rebounds_assists,26.5,fanduel,2025-10-26T14:55:09Z,2025-10-26T14:55:37Z,-114.0,-114.0
R.J. Barrett,Toronto Raptors @ Dallas Mavericks,2025-10-26T23:40:00Z,player_points_rebounds_assists,27.5,fanduel,2025-10-26T14:55:09Z,2025-10-26T14:55:37Z,-110.0,-120.0
Immanuel Quickley,Toronto Raptors @ Dallas Mavericks,2025-10-26T23:40:00Z,player_points_rebounds_assists,26.5,fanduel,2025-10-26T14:55:09Z,2025-10-26T14:55:37Z,-118.0,-110.0
Scottie Barnes,Toronto Raptors @ Dallas Mavericks,2025-10-26T23:40:00Z,player_points_rebounds_assists,29.5,fanduel,2025-10-26T14:55:09Z,2025-10-26T14:55:37Z,-125.0,-106.0
Anthony Davis,Toronto Raptors @ Dallas Mavericks,2025-10-26T23:40:00Z,player_points_rebounds_assists,41.5,fanduel,2025-10-26T14:55:09Z,2025-10-26T14:55:37Z,-125.0,-106.0
Brandon Ingram,Toronto Raptors @ Dallas Mavericks,2025-10-26T23:40:00Z,player_points_rebounds_assists,30.5,fanduel,2025-10-26T14:55:09Z,2025-10-26T14:55:37Z,-110.0,-120.0
Immanuel Quickley,Toronto Raptors @ Dallas Mavericks,2025-10-26T23:40:00Z,player_rebounds,3.5,fanduel,2025-10-26T14:55:09Z,2025-10-26T14:55:37Z,-162.0,122.0
Scottie Barnes,Toronto Raptors @ Dallas Mavericks,2025-10-26T23:40:00Z,player_rebounds,6.5,fanduel,2025-10-26T14:55:09Z,2025-10-26T14:55:37Z,-118.0,-112.0
Dereck Lively II,Toronto Raptors @ Dallas Mavericks,2025-10-26T23:40:00Z,player_rebounds,6.5,fanduel,2025-10-26T14:55:09Z,2025-10-26T14:55:37Z,124.0,-166.0
P.J. Washington,Toronto Raptors @ Dallas Mavericks,2025-10-26T23:40:00Z,player_rebounds,6.5,fanduel,2025-10-26T14:55:09Z,2025-10-26T14:55:37Z,102.0,-136.0
R.J. Barrett,Toronto Raptors @ Dallas Mavericks,2025-10-26T23:40:00Z,player_rebounds,5.5,fanduel,2025-10-26T14:55:09Z,2025-10-26T14:55:37Z,-138.0,104.0
Anthony Davis,Toronto Raptors @ Dallas Mavericks,2025-10-26T23:40:00Z,player_rebounds,11.5,fanduel,2025-10-26T14:55:09Z,2025-10-26T14:55:37Z,104.0,-138.0
Cooper Flagg,Toronto Raptors @ Dallas Mavericks,2025-10-26T23:40:00Z,player_rebounds,6.5,fanduel,2025-10-26T14:55:09Z,2025-10-26T14:55:37Z,-102.0,-130.0
Brandon Ingram,Toronto Raptors @ Dallas Mavericks,2025-10-26T23:40:00Z,player_rebounds,5.5,fanduel,2025-10-26T14:55:09Z,2025-10-26T14:55:37Z,-110.0,-120.0
Jakob Poeltl,Toronto Raptors @ Dallas Mavericks,2025-10-26T23:40:00Z,player_rebounds,8.5,fanduel,2025-10-26T14:55:09Z,2025-10-26T14:55:37Z,108.0,-144.0
Immanuel Quickley,Toronto Raptors @ Dallas Mavericks,2025-10-26T23:40:00Z,player_threes,2.5,fanduel,2025-10-26T14:55:09Z,2025-10-26T14:55:37Z,138.0,-186.0
Brandon Ingram,Toronto Raptors @ Dallas Mavericks,2025-10-26T23:40:00Z,player_threes,1.5,fanduel,2025-10-26T14:55:09Z,2025-10-26T14:55:37Z,-158.0,118.0
R.J. Barrett,Toronto Raptors @ Dallas Mavericks,2025-10-26T23:40:00Z,player_threes,1.5,fanduel,2025-10-26T14:55:09Z,2025-10-26T14:55:37Z,100.0,-132.0
Scottie Barnes,Toronto Raptors @ Dallas Mavericks,2025-10-26T23:40:00Z,player_threes,0.5,fanduel,2025-10-26T14:55:09Z,2025-10-26T14:55:37Z,-210.0,154.0
Anthony Davis,Toronto Raptors @ Dallas Mavericks,2025-10-26T23:40:00Z,player_threes,0.5,fanduel,2025-10-26T14:55:09Z,2025-10-26T14:55:37Z,-188.0,140.0
Cooper Flagg,Toronto Raptors @ Dallas Mavericks,2025-10-26T23:40:00Z,player_threes,1.5,fanduel,2025-10-26T14:55:09Z,2025-10-26T14:55:37Z,100.0,-132.0
Klay Thompson,Toronto Raptors @ Dallas Mavericks,2025-10-26T23:40:00Z,player_threes,2.5,fanduel,2025-10-26T14:55:09Z,2025-10-26T14:55:37Z,-120.0,-110.0
P.J. Washington,Toronto Raptors @ Dallas Mavericks,2025-10-26T23:40:00Z,player_threes,1.5,fanduel,2025-10-26T14:55:09Z,2025-10-26T14:55:37Z,108.0,-144.0
Scottie Barnes,Toronto Raptors @ Dallas Mavericks,2025-10-26T23:40:00Z,player_triple_double,,fanduel,2025-10-26T14:55:09Z,2025-10-26T14:55:37Z,,
Anthony Davis,Toronto Raptors @ Dallas Mavericks,2025-10-26T23:40:00Z,player_triple_double,,fanduel,2025-10-26T14:55:09Z,2025-10-26T14:55:37Z,,
Jakob Poeltl,Toronto Raptors @ Dallas Mavericks,2025-10-26T23:40:00Z,player_assists,2.5,betonlineag,2025-10-26T14:55:22Z,2025-10-26T14:56:16Z,130.0,-169.0
Dereck Lively II,Toronto Raptors @ Dallas Mavericks,2025-10-26T23:40:00Z,player_assists,2.5,betonlineag,2025-10-26T14:55:22Z,2025-10-26T14:56:16Z,109.0,-141.0
Scottie Barnes,Toronto Raptors @ Dallas Mavericks,2025-10-26T23:40:00Z,player_assists,4.5,betonlineag,2025-10-26T14:55:22Z,2025-10-26T14:56:16Z,-147.0,113.0
R.J. Barrett,Toronto Raptors @ Dallas Mavericks,2025-10-26T23:40:00Z,player_assists,3.5,betonlineag,2025-10-26T14:55:22Z,2025-10-26T14:56:16Z,-152.0,116.0
P.J. Washington,Toronto Raptors @ Dallas Mavericks,2025-10-26T23:40:00Z,player_assists,2.5,betonlineag,2025-10-26T14:55:22Z,2025-10-26T14:56:16Z,144.0,-189.0
Immanuel Quickley,Toronto Raptors @ Dallas Mavericks,2025-10-26T23:40:00Z,player_assists,5.5,betonlineag,2025-10-26T14:55:22Z,2025-10-26T14:56:16Z,-125.0,-103.0
Cooper Flagg,Toronto Raptors @ Dallas Mavericks,2025-10-26T23:40:00Z,player_assists,3.5,betonlineag,2025-10-26T14:55:22Z,2025-10-26T14:56:16Z,-137.0,106.0
Brandon Ingram,Toronto Raptors @ Dallas Mavericks,2025-10-26T23:40:00Z,player_assists,4.5,betonlineag,2025-10-26T14:55:22Z,2025-10-26T14:56:16Z,118.0,-154.0
Anthony Davis,Toronto Raptors @ Dallas Mavericks,2025-10-26T23:40:00Z,player_assists,3.5,betonlineag,2025-10-26T14:55:22Z,2025-10-26T14:56:16Z,-128.0,-101.0
Dereck Lively II,Toronto Raptors @ Dallas Mavericks,2025-10-26T23:40:00Z,player_points,7.5,betonlineag,2025-10-26T14:55:22Z,2025-10-26T14:56:16Z,-109.0,-119.0
Jakob Poeltl,Toronto Raptors @ Dallas Mavericks,2025-10-26T23:40:00Z,player_points,10.5,betonlineag,2025-10-26T14:55:22Z,2025-10-26T14:56:16Z,-116.0,-111.0
Scottie Barnes,Toronto Raptors @ Dallas Mavericks,2025-10-26T23:40:00Z,player_points,17.5,betonlineag,2025-10-26T14:55:22Z,2025-10-26T14:56:16Z,-118.0,-110.0
Cooper Flagg,Toronto Raptors @ Dallas Mavericks,2025-10-26T23:40:00Z,player_points,16.5,betonlineag,2025-10-26T14:55:22Z,2025-10-26T14:56:16Z,-101.0,-128.0
Gradey Dick,Toronto Raptors @ Dallas Mavericks,2025-10-26T23:40:00Z,player_points,8.5,betonlineag,2025-10-26T14:55:22Z,2025-10-26T14:56:16Z,-122.0,-106.0
R.J. Barrett,Toronto Raptors @ Dallas Mavericks,2025-10-26T23:40:00Z,player_points,17.5,betonlineag,2025-10-26T14:55:22Z,2025-10-26T14:56:16Z,-110.0,-118.0
Naji Marshall,Toronto Raptors @ Dallas Mavericks,2025-10-26T23:40:00Z,player_points,8.5,betonlineag,2025-10-26T14:55:22Z,2025-10-26T14:56:16Z,-112.0,-115.0
P.J. Washington,Toronto Raptors @ Dallas Mavericks,2025-10-26T23:40:00Z,player_points,14.5,betonlineag,2025-10-26T14:55:22Z,2025-10-26T14:56:16Z,-125.0,-103.0
Immanuel Quickley,Toronto Raptors @ Dallas Mavericks,2025-10-26T23:40:00Z,player_points,16.5,betonlineag,2025-10-26T14:55:22Z,2025-10-26T14:56:16Z,-109.0,-119.0
Brandon Ingram,Toronto Raptors @ Dallas Mavericks,2025-10-26T23:40:00Z,player_points,20.5,betonlineag,2025-10-26T14:55:22Z,2025-10-26T14:56:16Z,-108.0,-120.0
Max Christie,Toronto Raptors @ Dallas Mavericks,2025-10-26T23:40:00Z,player_points,8.5,betonlineag,2025-10-26T14:55:22Z,2025-10-26T14:56:16Z,-102.0,-127.0
Anthony Davis,Toronto Raptors @ Dallas Mavericks,2025-10-26T23:40:00Z,player_points,26.5,betonlineag,2025-10-26T14:55:22Z,2025-10-26T14:56:16Z,-108.0,-120.0
Klay Thompson,Toronto Raptors @ Dallas Mavericks,2025-10-26T23:40:00Z,player_points,12.5,betonlineag,2025-10-26T14:55:22Z,2025-10-26T14:56:16Z,-101.0,-128.0
Jakob Poeltl,Toronto Raptors @ Dallas Mavericks,2025-10-26T23:40:00Z,player_points_rebounds_assists,21.5,betonlineag,2025-10-26T14:55:22Z,2025-10-26T14:56:16Z,-108.0,-120.0
Cooper Flagg,Toronto Raptors @ Dallas Mavericks,2025-10-26T23:40:00Z,player_points_rebounds_assists,26.5,betonlineag,2025-10-26T14:55:22Z,2025-10-26T14:56:16Z,-135.0,104.0
Dereck Lively II,Toronto Raptors @ Dallas Mavericks,2025-10-26T23:40:00Z,player_points_rebounds_assists,15.5,betonlineag,2025-10-26T14:55:22Z,2025-10-26T14:56:16Z,-123.0,-105.0
Brandon Ingram,Toronto Raptors @ Dallas Mavericks,2025-10-26T23:40:00Z,player_points_rebounds_assists,30.5,betonlineag,2025-10-26T14:55:22Z,2025-10-26T14:56:16Z,-106.0,-122.0
Scottie Barnes,Toronto Raptors @ Dallas Mavericks,2025-10-26T23:40:00Z,player_points_rebounds_assists,29.5,betonlineag,2025-10-26T14:55:22Z,2025-10-26T14:56:16Z,-114.0,-114.0
Klay Thompson,Toronto Raptors @ Dallas Mavericks,2025-10-26T23:40:00Z,player_points_rebounds_assists,16.5,betonlineag,2025-10-26T14:55:22Z,2025-10-26T14:56:16Z,-108.0,-120.0
Immanuel Quickley,Toronto Raptors @ Dallas Mavericks,2025-10-26T23:40:00Z,player_points_rebounds_assists,26.5,betonlineag,2025-10-26T14:55:22Z,2025-10-26T14:56:16Z,-110.0,-118.0
P.J. Washington,Toronto Raptors @ Dallas Mavericks,2025-10-26T23:40:00Z,player_points_rebounds_assists,23.5,betonlineag,2025-10-26T14:55:22Z,2025-10-26T14:56:16Z,-112.0,-115.0
R.J. Barrett,Toronto Raptors @ Dallas Mavericks,2025-10-26T23:40:00Z,player_points_rebounds_assists,27.5,betonlineag,2025-10-26T14:55:22Z,2025-10-26T14:56:16Z,-109.0,-119.0
Anthony Davis,Toronto Raptors @ Dallas Mavericks,2025-10-26T23:40:00Z,player_points_rebounds_assists,41.5,betonlineag,2025-10-26T14:55:22Z,2025-10-26T14:56:16Z,-114.0,-114.0
Cooper Flagg,Toronto Raptors @ Dallas Mavericks,2025-10-26T23:40:00Z,player_rebounds,6.5,betonlineag,2025-10-26T14:55:22Z,2025-10-26T14:56:16Z,103.0,-133.0
Scottie Barnes,Toronto Raptors @ Dallas Mavericks,2025-10-26T23:40:00Z,player_rebounds,6.5,betonlineag,2025-10-26T14:55:22Z,2025-10-26T14:56:16Z,-118.0,-110.0
Dereck Lively II,Toronto Raptors @ Dallas Mavericks,2025-10-26T23:40:00Z,player_rebounds,5.5,betonlineag,2025-10-26T14:55:22Z,2025-10-26T14:56:16Z,-141.0,109.0
Jakob Poeltl,Toronto Raptors @ Dallas Mavericks,2025-10-26T23:40:00Z,player_rebounds,8.5,betonlineag,2025-10-26T14:55:22Z,2025-10-26T14:56:16Z,110.0,-143.0
R.J. Barrett,Toronto Raptors @ Dallas Mavericks,2025-10-26T23:40:00Z,player_rebounds,5.5,betonlineag,2025-10-26T14:55:22Z,2025-10-26T14:56:16Z,-123.0,-104.0
P.J. Washington,Toronto Raptors @ Dallas Mavericks,2025-10-26T23:40:00Z,player_rebounds,6.5,betonlineag,2025-10-26T14:55:22Z,2025-10-26T14:56:16Z,110.0,-143.0
Klay Thompson,Toronto Raptors @ Dallas Mavericks,2025-10-26T23:40:00Z,player_rebounds,2.5,betonlineag,2025-10-26T14:55:22Z,2025-10-26T14:56:16Z,128.0,-167.0
Immanuel Quickley,Toronto Raptors @ Dallas Mavericks,2025-10-26T23:40:00Z,player_rebounds,3.5,betonlineag,2025-10-26T14:55:22Z,2025-10-26T14:56:16Z,-147.0,113.0
Brandon Ingram,Toronto Raptors @ Dallas Mavericks,2025-10-26T23:40:00Z,player_rebounds,5.5,betonlineag,2025-10-26T14:55:22Z,2025-10-26T14:56:16Z,100.0,-130.0
Anthony Davis,Toronto Raptors @ Dallas Mavericks,2025-10-26T23:40:00Z,player_rebounds,11.5,betonlineag,2025-10-26T14:55:22Z,2025-10-26T14:56:16Z,106.0,-137.0
Scottie Barnes,Toronto Raptors @ Dallas Mavericks,2025-10-26T23:40:00Z,player_threes,0.5,betonlineag,2025-10-26T14:55:22Z,2025-10-26T14:56:16Z,-185.0,142.0
R.J. Barrett,Toronto Raptors @ Dallas Mavericks,2025-10-26T23:40:00Z,player_threes,1.5,betonlineag,2025-10-26T14:55:22Z,2025-10-26T14:56:16Z,-101.0,-128.0
P.J. Washington,Toronto Raptors @ Dallas Mavericks,2025-10-26T23:40:00Z,player_threes,1.5,betonlineag,2025-10-26T14:55:22Z,2025-10-26T14:56:16Z,103.0,-133.0
Immanuel Quickley,Toronto Raptors @ Dallas Mavericks,2025-10-26T23:40:00Z,player_threes,2.5,betonlineag,2025-10-26T14:55:22Z,2025-10-26T14:56:16Z,132.0,-172.0
Klay Thompson,Toronto Raptors @ Dallas Mavericks,2025-10-26T23:40:00Z,player_threes,2.5,betonlineag,2025-10-26T14:55:22Z,2025-10-26T14:56:16Z,-125.0,-103.0
Brandon Ingram,Toronto Raptors @ Dallas Mavericks,2025-10-26T23:40:00Z,player_threes,1.5,betonlineag,2025-10-26T14:55:22Z,2025-10-26T14:56:16Z,-159.0,122.0
Cooper Flagg,Toronto Raptors @ Dallas Mavericks,2025-10-26T23:40:00Z,player_threes,1.5,betonlineag,2025-10-26T14:55:22Z,2025-10-26T14:56:16Z,102.0,-132.0
Anthony Davis,Toronto Raptors @ Dallas Mavericks,2025-10-26T23:40:00Z,player_threes,0.5,betonlineag,2025-10-26T14:55:22Z,2025-10-26T14:56:16Z,-192.0,146.0
Cooper Flagg,Toronto Raptors @ Dallas Mavericks,2025-10-26T23:40:00Z,player_assists,3.5,fanatics,2025-10-26T14:55:12Z,2025-10-26T14:56:13Z,-140.0,105.0
Dereck Lively II,Toronto Raptors @ Dallas Mavericks,2025-10-26T23:40:00Z,player_assists,2.5,fanatics,2025-10-26T14:55:12Z,2025-10-26T14:56:13Z,105.0,-140.0
P.J. Washington,Toronto Raptors @ Dallas Mavericks,2025-10-26T23:40:00Z,player_assists,2.5,fanatics,2025-10-26T14:55:12Z,2025-10-26T14:56:13Z,130.0,-190.0
Klay Thompson,Toronto Raptors @ Dallas Mavericks,2025-10-26T23:40:00Z,player_assists,1.5,fanatics,2025-10-26T14:55:12Z,2025-10-26T14:56:13Z,-175.0,125.0
Anthony Davis,Toronto Raptors @ Dallas Mavericks,2025-10-26T23:40:00Z,player_assists,3.5,fanatics,2025-10-26T14:55:12Z,2025-10-26T14:56:13Z,-130.0,100.0
Jakob Poeltl,Toronto Raptors @ Dallas Mavericks,2025-10-26T23:40:00Z,player_assists,2.5,fanatics,2025-10-26T14:55:12Z,2025-10-26T14:56:13Z,120.0,-165.0
Immanuel Quickley,Toronto Raptors @ Dallas Mavericks,2025-10-26T23:40:00Z,player_assists,5.5,fanatics,2025-10-26T14:55:12Z,2025-10-26T14:56:13Z,-125.0,-105.0
Brandon Ingram,Toronto Raptors @ Dallas Mavericks,2025-10-26T23:40:00Z,player_assists,4.5,fanatics,2025-10-26T14:55:12Z,2025-10-26T14:56:13Z,115.0,-150.0
Scottie Barnes,Toronto Raptors @ Dallas Mavericks,2025-10-26T23:40:00Z,player_assists,4.5,fanatics,2025-10-26T14:55:12Z,2025-10-26T14:56:13Z,-150.0,115.0
R.J. Barrett,Toronto Raptors @ Dallas Mavericks,2025-10-26T23:40:00Z,player_assists,3.5,fanatics,2025-10-26T14:55:12Z,2025-10-26T14:56:13Z,-150.0,115.0
Max Christie,Toronto Raptors @ Dallas Mavericks,2025-10-26T23:40:00Z,player_assists,1.5,fanatics,2025-10-26T14:55:12Z,2025-10-26T14:56:13Z,-140.0,105.0
Gradey Dick,Toronto Raptors @ Dallas Mavericks,2025-10-26T23:40:00Z,player_assists,0.5,fanatics,2025-10-26T14:55:12Z,2025-10-26T14:56:13Z,-115.0,-115.0
Naji Marshall,Toronto Raptors @ Dallas Mavericks,2025-10-26T23:40:00Z,player_assists,2.5,fanatics,2025-10-26T14:55:12Z,2025-10-26T14:56:13Z,-165.0,120.0
Sandro Mamukelashvili,Toronto Raptors @ Dallas Mavericks,2025-10-26T23:40:00Z,player_assists,1.5,fanatics,2025-10-26T14:55:12Z,2025-10-26T14:56:13Z,135.0,-210.0
Ochai Agbaji,Toronto Raptors @ Dallas Mavericks,2025-10-26T23:40:00Z,player_assists,0.5,fanatics,2025-10-26T14:55:12Z,2025-10-26T14:56:13Z,-115.0,-115.0
Jamal Shead,Toronto Raptors @ Dallas Mavericks,2025-10-26T23:40:00Z,player_assists,3.5,fanatics,2025-10-26T14:55:12Z,2025-10-26T14:56:13Z,120.0,-165.0
Brandon Ingram,Toronto Raptors @ Dallas Mavericks,2025-10-26T23:40:00Z,player_double_double,,fanatics,2025-10-26T14:55:12Z,2025-10-26T14:56:13Z,,
R.J. Barrett,Toronto Raptors @ Dallas Mavericks,2025-10-26T23:40:00Z,player_double_double,,fanatics,2025-10-26T14:55:12Z,2025-10-26T14:56:13Z,,
Scottie Barnes,Toronto Raptors @ Dallas Mavericks,2025-10-26T23:40:00Z,player_double_double,,fanatics,2025-10-26T14:55:12Z,2025-10-26T14:56:13Z,,
Immanuel Quickley,Toronto Raptors @ Dallas Mavericks,2025-10-26T23:40:00Z,player_double_double,,fanatics,2025-10-26T14:55:12Z,2025-10-26T14:56:13Z,,
Jakob Poeltl,Toronto Raptors @ Dallas Mavericks,2025-10-26T23:40:00Z,player_double_double,,fanatics,2025-10-26T14:55:12Z,2025-10-26T14:56:13Z,,
Anthony Davis,Toronto Raptors @ Dallas Mavericks,2025-10-26T23:40:00Z,player_double_double,,fanatics,2025-10-26T14:55:12Z,2025-10-26T14:56:13Z,,
Cooper Flagg,Toronto Raptors @ Dallas Mavericks,2025-10-26T23:40:00Z,player_double_double,,fanatics,2025-10-26T14:55:12Z,2025-10-26T14:56:13Z,,
P.J. Washington,Toronto Raptors @ Dallas Mavericks,2025-10-26T23:40:00Z,player_double_double,,fanatics,2025-10-26T14:55:12Z,2025-10-26T14:56:13Z,,
Dereck Lively II,Toronto Raptors @ Dallas Mavericks,2025-10-26T23:40:00Z,player_double_double,,fanatics,2025-10-26T14:55:12Z,2025-10-26T14:56:13Z,,
Sandro Mamukelashvili,Toronto Raptors @ Dallas Mavericks,2025-10-26T23:40:00Z,player_double_double,,fanatics,2025-10-26T14:55:12Z,2025-10-26T14:56:13Z,,
Immanuel Quickley,Toronto Raptors @ Dallas Mavericks,2025-10-26T23:40:00Z,player_points,16.5,fanatics,2025-10-26T14:55:12Z,2025-10-26T14:56:13Z,-105.0,-125.0
R.J. Barrett,Toronto Raptors @ Dallas Mavericks,2025-10-26T23:40:00Z,player_points,17.5,fanatics,2025-10-26T14:55:12Z,2025-10-26T14:56:13Z,-115.0,-115.0
Brandon Ingram,Toronto Raptors @ Dallas Mavericks,2025-10-26T23:40:00Z,player_points,20.5,fanatics,2025-10-26T14:55:12Z,2025-10-26T14:56:13Z,-105.0,-125.0
Jakob Poeltl,Toronto Raptors @ Dallas Mavericks,2025-10-26T23:40:00Z,player_points,10.5,fanatics,2025-10-26T14:55:12Z,2025-10-26T14:56:13Z,-125.0,-105.0
Scottie Barnes,Toronto Raptors @ Dallas Mavericks,2025-10-26T23:40:00Z,player_points,17.5,fanatics,2025-10-26T14:55:12Z,2025-10-26T14:56:13Z,-115.0,-115.0
Anthony Davis,Toronto Raptors @ Dallas Mavericks,2025-10-26T23:40:00Z,player_points,26.5,fanatics,2025-10-26T14:55:12Z,2025-10-26T14:56:13Z,-115.0,-115.0
Dereck Lively II,Toronto Raptors @ Dallas Mavericks,2025-10-26T23:40:00Z,player_points,7.5,fanatics,2025-10-26T14:55:12Z,2025-10-26T14:56:13Z,-110.0,-120.0
P.J. Washington,Toronto Raptors @ Dallas Mavericks,2025-10-26T23:40:00Z,player_points,14.5,fanatics,2025-10-26T14:55:12Z,2025-10-26T14:56:13Z,-120.0,-110.0
Cooper Flagg,Toronto Raptors @ Dallas Mavericks,2025-10-26T23:40:00Z,player_points,16.5,fanatics,2025-10-26T14:55:12Z,2025-10-26T14:56:13Z,100.0,-130.0
Klay Thompson,Toronto Raptors @ Dallas Mavericks,2025-10-26T23:40:00Z,player_points,12.5,fanatics,2025-10-26T14:55:12Z,2025-10-26T14:56:13Z,100.0,-130.0
Gradey Dick,Toronto Raptors @ Dallas Mavericks,2025-10-26T23:40:00Z,player_points,8.5,fanatics,2025-10-26T14:55:12Z,2025-10-26T14:56:13Z,-125.0,-105.0
Naji Marshall,Toronto Raptors @ Dallas Mavericks,2025-10-26T23:40:00Z,player_points,8.5,fanatics,2025-10-26T14:55:12Z,2025-10-26T14:56:13Z,-115.0,-115.0
Max Christie,Toronto Raptors @ Dallas Mavericks,2025-10-26T23:40:00Z,player_points,8.5,fanatics,2025-10-26T14:55:12Z,2025-10-26T14:56:13Z,100.0,-130.0
Sandro Mamukelashvili,Toronto Raptors @ Dallas Mavericks,2025-10-26T23:40:00Z,player_points,5.5,fanatics,2025-10-26T14:55:12Z,2025-10-26T14:56:13Z,-115.0,-115.0
Ochai Agbaji,Toronto Raptors @ Dallas Mavericks,2025-10-26T23:40:00Z,player_points,4.5,fanatics,2025-10-26T14:55:12Z,2025-10-26T14:56:13Z,-115.0,-115.0
Jamal Shead,Toronto Raptors @ Dallas Mavericks,2025-10-26T23:40:00Z,player_points,5.5,fanatics,2025-10-26T14:55:12Z,2025-10-26T14:56:13Z,105.0,-140.0
Cooper Flagg,Toronto Raptors @ Dallas Mavericks,2025-10-26T23:40:00Z,player_points_rebounds_assists,26.5,fanatics,2025-10-26T14:55:12Z,2025-10-26T14:56:13Z,-125.0,-105.0
Dereck Lively II,Toronto Raptors @ Dallas Mavericks,2025-10-26T23:40:00Z,player_points_rebounds_assists,15.5,fanatics,2025-10-26T14:55:12Z,2025-10-26T14:56:13Z,-125.0,-105.0
Scottie Barnes,Toronto Raptors @ Dallas Mavericks,2025-10-26T23:40:00Z,player_points_rebounds_assists,29.5,fanatics,2025-10-26T14:55:12Z,2025-10-26T14:56:13Z,-115.0,-115.0
Anthony Davis,Toronto Raptors @ Dallas Mavericks,2025-10-26T23:40:00Z,player_points_rebounds_assists,41.5,fanatics,2025-10-26T14:55:12Z,2025-10-26T14:56:13Z,-120.0,-110.0
Jakob Poeltl,Toronto Raptors @ Dallas Mavericks,2025-10-26T23:40:00Z,player_points_rebounds_assists,21.5,fanatics,2025-10-26T14:55:12Z,2025-10-26T14:56:13Z,-110.0,-120.0
Brandon Ingram,Toronto Raptors @ Dallas Mavericks,2025-10-26T23:40:00Z,player_points_rebounds_assists,30.5,fanatics,2025-10-26T14:55:12Z,2025-10-26T14:56:13Z,-105.0,-125.0
Klay Thompson,Toronto Raptors @ Dallas Mavericks,2025-10-26T23:40:00Z,player_points_rebounds_assists,16.5,fanatics,2025-10-26T14:55:12Z,2025-10-26T14:56:13Z,-115.0,-115.0
Immanuel Quickley,Toronto Raptors @ Dallas Mavericks,2025-10-26T23:40:00Z,player_points_rebounds_assists,26.5,fanatics,2025-10-26T14:55:12Z,2025-10-26T14:56:13Z,100.0,-130.0
R.J. Barrett,Toronto Raptors @ Dallas Mavericks,2025-10-26T23:40:00Z,player_points_rebounds_assists,27.5,fanatics,2025-10-26T14:55:12Z,2025-10-26T14:56:13Z,-110.0,-120.0
P.J. Washington,Toronto Raptors @ Dallas Mavericks,2025-10-26T23:40:00Z,player_points_rebounds_assists,23.5,fanatics,2025-10-26T14:55:12Z,2025-10-26T14:56:13Z,-115.0,-115.0
Max Christie,Toronto Raptors @ Dallas Mavericks,2025-10-26T23:40:00Z,player_points_rebounds_assists,13.5,fanatics,2025-10-26T14:55:12Z,2025-10-26T14:56:13Z,100.0,-130.0
Gradey Dick,Toronto Raptors @ Dallas Mavericks,2025-10-26T23:40:00Z,player_points_rebounds_assists,12.5,fanatics,2025-10-26T14:55:12Z,2025-10-26T14:56:13Z,-115.0,-115.0
Naji Marshall,Toronto Raptors @ Dallas Mavericks,2025-10-26T23:40:00Z,player_points_rebounds_assists,15.5,fanatics,2025-10-26T14:55:12Z,2025-10-26T14:56:13Z,-110.0,-120.0
Sandro Mamukelashvili,Toronto Raptors @ Dallas Mavericks,2025-10-26T23:40:00Z,player_points_rebounds_assists,12.5,fanatics,2025-10-26T14:55:12Z,2025-10-26T14:56:13Z,110.0,-145.0
Ochai Agbaji,Toronto Raptors @ Dallas Mavericks,2025-10-26T23:40:00Z,player_points_rebounds_assists,7.5,fanatics,2025-10-26T14:55:12Z,2025-10-26T14:56:13Z,-115.0,-115.0
Jamal Shead,Toronto Raptors @ Dallas Mavericks,2025-10-26T23:40:00Z,player_points_rebounds_assists,9.5,fanatics,2025-10-26T14:55:12Z,2025-10-26T14:56:13Z,-115.0,-115.0
R.J. Barrett,Toronto Raptors @ Dallas Mavericks,2025-10-26T23:40:00Z,player_rebounds,5.5,fanatics,2025-10-26T14:55:12Z,2025-10-26T14:56:13Z,-125.0,-105.0
Brandon Ingram,Toronto Raptors @ Dallas Mavericks,2025-10-26T23:40:00Z,player_rebounds,5.5,fanatics,2025-10-26T14:55:12Z,2025-10-26T14:56:13Z,-105.0,-125.0
Jakob Poeltl,Toronto Raptors @ Dallas Mavericks,2025-10-26T23:40:00Z,player_rebounds,7.5,fanatics,2025-10-26T14:55:12Z,2025-10-26T14:56:13Z,-145.0,110.0
Immanuel Quickley,Toronto Raptors @ Dallas Mavericks,2025-10-26T23:40:00Z,player_rebounds,3.5,fanatics,2025-10-26T14:55:12Z,2025-10-26T14:56:13Z,-150.0,115.0
Scottie Barnes,Toronto Raptors @ Dallas Mavericks,2025-10-26T23:40:00Z,player_rebounds,6.5,fanatics,2025-10-26T14:55:12Z,2025-10-26T14:56:13Z,-125.0,-105.0
Cooper Flagg,Toronto Raptors @ Dallas Mavericks,2025-10-26T23:40:00Z,player_rebounds,6.5,fanatics,2025-10-26T14:55:12Z,2025-10-26T14:56:13Z,100.0,-130.0
Dereck Lively II,Toronto Raptors @ Dallas Mavericks,2025-10-26T23:40:00Z,player_rebounds,5.5,fanatics,2025-10-26T14:55:12Z,2025-10-26T14:56:13Z,-140.0,105.0
Klay Thompson,Toronto Raptors @ Dallas Mavericks,2025-10-26T23:40:00Z,player_rebounds,2.5,fanatics,2025-10-26T14:55:12Z,2025-10-26T14:56:13Z,125.0,-175.0
Anthony Davis,Toronto Raptors @ Dallas Mavericks,2025-10-26T23:40:00Z,player_rebounds,11.5,fanatics,2025-10-26T14:55:12Z,2025-10-26T14:56:13Z,110.0,-145.0
P.J. Washington,Toronto Raptors @ Dallas Mavericks,2025-10-26T23:40:00Z,player_rebounds,6.5,fanatics,2025-10-26T14:55:12Z,2025-10-26T14:56:13Z,105.0,-140.0
Max Christie,Toronto Raptors @ Dallas Mavericks,2025-10-26T23:40:00Z,player_rebounds,2.5,fanatics,2025-10-26T14:55:12Z,2025-10-26T14:56:13Z,-140.0,105.0
Gradey Dick,Toronto Raptors @ Dallas Mavericks,2025-10-26T23:40:00Z,player_rebounds,2.5,fanatics,2025-10-26T14:55:12Z,2025-10-26T14:56:13Z,-130.0,100.0
Naji Marshall,Toronto Raptors @ Dallas Mavericks,2025-10-26T23:40:00Z,player_rebounds,3.5,fanatics,2025-10-26T14:55:12Z,2025-10-26T14:56:13Z,-120.0,-110.0
Sandro Mamukelashvili,Toronto Raptors @ Dallas Mavericks,2025-10-26T23:40:00Z,player_rebounds,4.5,fanatics,2025-10-26T14:55:12Z,2025-10-26T14:56:13Z,-125.0,-105.0
Ochai Agbaji,Toronto Raptors @ Dallas Mavericks,2025-10-26T23:40:00Z,player_rebounds,2.5,fanatics,2025-10-26T14:55:12Z,2025-10-26T14:56:13Z,130.0,-190.0
Jamal Shead,Toronto Raptors @ Dallas Mavericks,2025-10-26T23:40:00Z,player_rebounds,1.5,fanatics,2025-10-26T14:55:12Z,2025-10-26T14:56:13Z,140.0,-225.0
Brandon Ingram,Toronto Raptors @ Dallas Mavericks,2025-10-26T23:40:00Z,player_threes,1.5,fanatics,2025-10-26T14:55:12Z,2025-10-26T14:56:13Z,-165.0,120.0
R.J. Barrett,Toronto Raptors @ Dallas Mavericks,2025-10-26T23:40:00Z,player_threes,1.5,fanatics,2025-10-26T14:55:12Z,2025-10-26T14:56:13Z,-105.0,-125.0
Scottie Barnes,Toronto Raptors @ Dallas Mavericks,2025-10-26T23:40:00Z,player_threes,0.5,fanatics,2025-10-26T14:55:12Z,2025-10-26T14:56:13Z,-190.0,130.0
Immanuel Quickley,Toronto Raptors @ Dallas Mavericks,2025-10-26T23:40:00Z,player_threes,2.5,fanatics,2025-10-26T14:55:12Z,2025-10-26T14:56:13Z,125.0,-175.0
Klay Thompson,Toronto Raptors @ Dallas Mavericks,2025-10-26T23:40:00Z,player_threes,2.5,fanatics,2025-10-26T14:55:12Z,2025-10-26T14:56:13Z,-125.0,-105.0
Cooper Flagg,Toronto Raptors @ Dallas Mavericks,2025-10-26T23:40:00Z,player_threes,1.5,fanatics,2025-10-26T14:55:12Z,2025-10-26T14:56:13Z,110.0,-145.0
Anthony Davis,Toronto Raptors @ Dallas Mavericks,2025-10-26T23:40:00Z,player_threes,0.5,fanatics,2025-10-26T14:55:12Z,2025-10-26T14:56:13Z,-225.0,140.0
P.J. Washington,Toronto Raptors @ Dallas Mavericks,2025-10-26T23:40:00Z,player_threes,1.5,fanatics,2025-10-26T14:55:12Z,2025-10-26T14:56:13Z,105.0,-140.0
Max Christie,Toronto Raptors @ Dallas Mavericks,2025-10-26T23:40:00Z,player_threes,1.5,fanatics,2025-10-26T14:55:12Z,2025-10-26T14:56:13Z,100.0,-130.0
Gradey Dick,Toronto Raptors @ Dallas Mavericks,2025-10-26T23:40:00Z,player_threes,1.5,fanatics,2025-10-26T14:55:12Z,2025-10-26T14:56:13Z,120.0,-165.0
Naji Marshall,Toronto Raptors @ Dallas Mavericks,2025-10-26T23:40:00Z,player_threes,0.5,fanatics,2025-10-26T14:55:12Z,2025-10-26T14:56:13Z,120.0,-165.0
Sandro Mamukelashvili,Toronto Raptors @ Dallas Mavericks,2025-10-26T23:40:00Z,player_threes,0.5,fanatics,2025-10-26T14:55:12Z,2025-10-26T14:56:13Z,-130.0,100.0
Ochai Agbaji,Toronto Raptors @ Dallas Mavericks,2025-10-26T23:40:00Z,player_threes,0.5,fanatics,2025-10-26T14:55:12Z,2025-10-26T14:56:13Z,-115.0,-115.0
Jamal Shead,Toronto Raptors @ Dallas Mavericks,2025-10-26T23:40:00Z,player_threes,0.5,fanatics,2025-10-26T14:55:12Z,2025-10-26T14:56:13Z,-115.0,-115.0
Dereck Lively II,Toronto Raptors @ Dallas Mavericks,2025-10-26T23:40:00Z,player_assists,2.5,williamhill_us,2025-10-26T14:54:39Z,2025-10-26T14:55:38Z,100.0,-134.0
Naji Marshall,Toronto Raptors @ Dallas Mavericks,2025-10-26T23:40:00Z,player_assists,2.5,williamhill_us,2025-10-26T14:54:39Z,2025-10-26T14:55:38Z,-170.0,125.0
Scottie Barnes,Toronto Raptors @ Dallas Mavericks,2025-10-26T23:40:00Z,player_assists,4.5,williamhill_us,2025-10-26T14:54:39Z,2025-10-26T14:55:38Z,-150.0,110.0
Cooper Flagg,Toronto Raptors @ Dallas Mavericks,2025-10-26T23:40:00Z,player_assists,3.5,williamhill_us,2025-10-26T14:54:39Z,2025-10-26T14:55:38Z,-134.0,100.0
Anthony Davis,Toronto Raptors @ Dallas Mavericks,2025-10-26T23:40:00Z,player_assists,3.5,williamhill_us,2025-10-26T14:54:39Z,2025-10-26T14:55:38Z,-130.0,-104.0
Brandon Ingram,Toronto Raptors @ Dallas Mavericks,2025-10-26T23:40:00Z,player_assists,4.5,williamhill_us,2025-10-26T14:54:39Z,2025-10-26T14:55:38Z,115.0,-162.0
R.J. Barrett,Toronto Raptors @ Dallas Mavericks,2025-10-26T23:40:00Z,player_assists,3.5,williamhill_us,2025-10-26T14:54:39Z,2025-10-26T14:55:38Z,-154.0,110.0
Immanuel Quickley,Toronto Raptors @ Dallas Mavericks,2025-10-26T23:40:00Z,player_assists,5.5,williamhill_us,2025-10-26T14:54:39Z,2025-10-26T14:55:38Z,-129.0,-105.0
Anthony Davis,Toronto Raptors @ Dallas Mavericks,2025-10-26T23:40:00Z,player_double_double,,williamhill_us,2025-10-26T14:54:39Z,2025-10-26T14:55:38Z,,
Jakob Poeltl,Toronto Raptors @ Dallas Mavericks,2025-10-26T23:40:00Z,player_double_double,,williamhill_us,2025-10-26T14:54:39Z,2025-10-26T14:55:38Z,,
Scottie Barnes,Toronto Raptors @ Dallas Mavericks,2025-10-26T23:40:00Z,player_double_double,,williamhill_us,2025-10-26T14:54:39Z,2025-10-26T14:55:38Z,,
Cooper Flagg,Toronto Raptors @ Dallas Mavericks,2025-10-26T23:40:00Z,player_double_double,,williamhill_us,2025-10-26T14:54:39Z,2025-10-26T14:55:38Z,,
P.J. Washington,Toronto Raptors @ Dallas Mavericks,2025-10-26T23:40:00Z,player_double_double,,williamhill_us,2025-10-26T14:54:39Z,2025-10-26T14:55:38Z,,
R.J. Barrett,Toronto Raptors @ Dallas Mavericks,2025-10-26T23:40:00Z,player_double_double,,williamhill_us,2025-10-26T14:54:39Z,2025-10-26T14:55:38Z,,
Immanuel Quickley,Toronto Raptors @ Dallas Mavericks,2025-10-26T23:40:00Z,player_double_double,,williamhill_us,2025-10-26T14:54:39Z,2025-10-26T14:55:38Z,,
Brandon Ingram,Toronto Raptors @ Dallas Mavericks,2025-10-26T23:40:00Z,player_double_double,,williamhill_us,2025-10-26T14:54:39Z,2025-10-26T14:55:38Z,,
Dereck Lively II,Toronto Raptors @ Dallas Mavericks,2025-10-26T23:40:00Z,player_double_double,,williamhill_us,2025-10-26T14:54:39Z,2025-10-26T14:55:38Z,,
Dereck Lively II,Toronto Raptors @ Dallas Mavericks,2025-10-26T23:40:00Z,player_points,7.5,williamhill_us,2025-10-26T14:54:39Z,2025-10-26T14:55:38Z,-110.0,-122.0
Immanuel Quickley,Toronto Raptors @ Dallas Mavericks,2025-10-26T23:40:00Z,player_points,16.5,williamhill_us,2025-10-26T14:54:39Z,2025-10-26T14:55:38Z,-115.0,-117.0
Scottie Barnes,Toronto Raptors @ Dallas Mavericks,2025-10-26T23:40:00Z,player_points,17.5,williamhill_us,2025-10-26T14:54:39Z,2025-10-26T14:55:38Z,-122.0,-110.0
P.J. Washington,Toronto Raptors @ Dallas Mavericks,2025-10-26T23:40:00Z,player_points,14.5,williamhill_us,2025-10-26T14:54:39Z,2025-10-26T14:55:38Z,-122.0,-108.0
Naji Marshall,Toronto Raptors @ Dallas Mavericks,2025-10-26T23:40:00Z,player_points,8.5,williamhill_us,2025-10-26T14:54:39Z,2025-10-26T14:55:38Z,-121.0,-112.0
Jakob Poeltl,Toronto Raptors @ Dallas Mavericks,2025-10-26T23:40:00Z,player_points,10.5,williamhill_us,2025-10-26T14:54:39Z,2025-10-26T14:55:38Z,-125.0,-107.0
Brandon Ingram,Toronto Raptors @ Dallas Mavericks,2025-10-26T23:40:00Z,player_points,20.5,williamhill_us,2025-10-26T14:54:39Z,2025-10-26T14:55:38Z,-113.0,-120.0
Cooper Flagg,Toronto Raptors @ Dallas Mavericks,2025-10-26T23:40:00Z,player_points,16.5,williamhill_us,2025-10-26T14:54:39Z,2025-10-26T14:55:38Z,-110.0,-122.0
Gradey Dick,Toronto Raptors @ Dallas Mavericks,2025-10-26T23:40:00Z,player_points,8.5,williamhill_us,2025-10-26T14:54:39Z,2025-10-26T14:55:38Z,-127.0,-106.0
Anthony Davis,Toronto Raptors @ Dallas Mavericks,2025-10-26T23:40:00Z,player_points,26.5,williamhill_us,2025-10-26T14:54:39Z,2025-10-26T14:55:38Z,-112.0,-121.0
R.J. Barrett,Toronto Raptors @ Dallas Mavericks,2025-10-26T23:40:00Z,player_points,17.5,williamhill_us,2025-10-26T14:54:39Z,2025-10-26T14:55:38Z,-117.0,-115.0
Max Christie,Toronto Raptors @ Dallas Mavericks,2025-10-26T23:40:00Z,player_points,7.5,williamhill_us,2025-10-26T14:54:39Z,2025-10-26T14:55:38Z,-141.0,105.0
Klay Thompson,Toronto Raptors @ Dallas Mavericks,2025-10-26T23:40:00Z,player_points,12.5,williamhill_us,2025-10-26T14:54:39Z,2025-10-26T14:55:38Z,-103.0,-132.0
Cooper Flagg,Toronto Raptors @ Dallas Mavericks,2025-10-26T23:40:00Z,player_rebounds,6.5,williamhill_us,2025-10-26T14:54:39Z,2025-10-26T14:55:38Z,100.0,-139.0
Dereck Lively II,Toronto Raptors @ Dallas Mavericks,2025-10-26T23:40:00Z,player_rebounds,5.5,williamhill_us,2025-10-26T14:54:39Z,2025-10-26T14:55:38Z,-155.0,108.0
Sandro Mamukelashvili,Toronto Raptors @ Dallas Mavericks,2025-10-26T23:40:00Z,player_rebounds,4.5,williamhill_us,2025-10-26T14:54:39Z,2025-10-26T14:55:38Z,-125.0,-111.0
Jakob Poeltl,Toronto Raptors @ Dallas Mavericks,2025-10-26T23:40:00Z,player_rebounds,7.5,williamhill_us,2025-10-26T14:54:39Z,2025-10-26T14:55:38Z,-148.0,110.0
Max Christie,Toronto Raptors @ Dallas Mavericks,2025-10-26T23:40:00Z,player_rebounds,2.5,williamhill_us,2025-10-26T14:54:39Z,2025-10-26T14:55:38Z,-148.0,105.0
R.J. Barrett,Toronto Raptors @ Dallas Mavericks,2025-10-26T23:40:00Z,player_rebounds,5.5,williamhill_us,2025-10-26T14:54:39Z,2025-10-26T14:55:38Z,-129.0,-105.0
Anthony Davis,Toronto Raptors @ Dallas Mavericks,2025-10-26T23:40:00Z,player_rebounds,10.5,williamhill_us,2025-10-26T14:54:39Z,2025-10-26T14:55:38Z,-141.0,100.0
P.J. Washington,Toronto Raptors @ Dallas Mavericks,2025-10-26T23:40:00Z,player_rebounds,6.5,williamhill_us,2025-10-26T14:54:39Z,2025-10-26T14:55:38Z,105.0,-145.0
Brandon Ingram,Toronto Raptors @ Dallas Mavericks,2025-10-26T23:40:00Z,player_rebounds,5.5,williamhill_us,2025-10-26T14:54:39Z,2025-10-26T14:55:38Z,-102.0,-132.0
Scottie Barnes,Toronto Raptors @ Dallas Mavericks,2025-10-26T23:40:00Z,player_rebounds,6.5,williamhill_us,2025-10-26T14:54:39Z,2025-10-26T14:55:38Z,-122.0,-110.0
Immanuel Quickley,Toronto Raptors @ Dallas Mavericks,2025-10-26T23:40:00Z,player_rebounds,3.5,williamhill_us,2025-10-26T14:54:39Z,2025-10-26T14:55:38Z,-141.0,100.0
Naji Marshall,Toronto Raptors @ Dallas Mavericks,2025-10-26T23:40:00Z,player_rebounds,3.5,williamhill_us,2025-10-26T14:54:39Z,2025-10-26T14:55:38Z,-117.0,-115.0
Cooper Flagg,Toronto Raptors @ Dallas Mavericks,2025-10-26T23:40:00Z,player_threes,1.5,williamhill_us,2025-10-26T14:54:39Z,2025-10-26T14:55:38Z,-103.0,-132.0
Klay Thompson,Toronto Raptors @ Dallas Mavericks,2025-10-26T23:40:00Z,player_threes,2.5,williamhill_us,2025-10-26T14:54:39Z,2025-10-26T14:55:38Z,-125.0,-108.0
P.J. Washington,Toronto Raptors @ Dallas Mavericks,2025-10-26T23:40:00Z,player_threes,1.5,williamhill_us,2025-10-26T14:54:39Z,2025-10-26T14:55:38Z,100.0,-139.0
Immanuel Quickley,Toronto Raptors @ Dallas Mavericks,2025-10-26T23:40:00Z,player_threes,2.5,williamhill_us,2025-10-26T14:54:39Z,2025-10-26T14:55:38Z,125.0,-170.0
R.J. Barrett,Toronto Raptors @ Dallas Mavericks,2025-10-26T23:40:00Z,player_threes,1.5,williamhill_us,2025-10-26T14:54:39Z,2025-10-26T14:55:38Z,100.0,-134.0
Anthony Davis,Toronto Raptors @ Dallas Mavericks,2025-10-26T23:40:00Z,player_threes,0.5,williamhill_us,2025-10-26T14:54:39Z,2025-10-26T14:55:38Z,-200.0,145.0
Scottie Barnes,Toronto Raptors @ Dallas Mavericks,2025-10-26T23:40:00Z,player_threes,0.5,williamhill_us,2025-10-26T14:54:39Z,2025-10-26T14:55:38Z,-197.0,145.0
Brandon Ingram,Toronto Raptors @ Dallas Mavericks,2025-10-26T23:40:00Z,player_threes,1.5,williamhill_us,2025-10-26T14:54:39Z,2025-10-26T14:55:38Z,-159.0,115.0
Naji Marshall,Toronto Raptors @ Dallas Mavericks,2025-10-26T23:40:00Z,player_threes,0.5,williamhill_us,2025-10-26T14:54:39Z,2025-10-26T14:55:38Z,115.0,-162.0
Sandro Mamukelashvili,Toronto Raptors @ Dallas Mavericks,2025-10-26T23:40:00Z,player_threes,0.5,williamhill_us,2025-10-26T14:54:39Z,2025-10-26T14:55:38Z,-132.0,-103.0
Gradey Dick,Toronto Raptors @ Dallas Mavericks,2025-10-26T23:40:00Z,player_threes,1.5,williamhill_us,2025-10-26T14:54:39Z,2025-10-26T14:55:38Z,120.0,-162.0
Ochai Agbaji,Toronto Raptors @ Dallas Mavericks,2025-10-26T23:40:00Z,player_threes,0.5,williamhill_us,2025-10-26T14:54:39Z,2025-10-26T14:55:38Z,-115.0,-117.0
Max Christie,Toronto Raptors @ Dallas Mavericks,2025-10-26T23:40:00Z,player_threes,1.5,williamhill_us,2025-10-26T14:54:39Z,2025-10-26T14:55:38Z,-106.0,-127.0
Jamal Shead,Toronto Raptors @ Dallas Mavericks,2025-10-26T23:40:00Z,player_threes,0.5,williamhill_us,2025-10-26T14:54:39Z,2025-10-26T14:55:38Z,-118.0,-114.0
Scottie Barnes,Toronto Raptors @ Dallas Mavericks,2025-10-26T23:40:00Z,player_triple_double,,williamhill_us,2025-10-26T14:54:39Z,2025-10-26T14:55:38Z,,
Anthony Davis,Toronto Raptors @ Dallas Mavericks,2025-10-26T23:40:00Z,player_triple_double,,williamhill_us,2025-10-26T14:54:39Z,2025-10-26T14:55:38Z,,
Immanuel Quickley,Toronto Raptors @ Dallas Mavericks,2025-10-26T23:40:00Z,player_assists,5.5,draftkings,2025-10-26T14:55:22Z,2025-10-26T14:55:03Z,-112.0,-115.0
Scottie Barnes,Toronto Raptors @ Dallas Mavericks,2025-10-26T23:40:00Z,player_assists,4.5,draftkings,2025-10-26T14:55:22Z,2025-10-26T14:55:03Z,-137.0,105.0
Brandon Ingram,Toronto Raptors @ Dallas Mavericks,2025-10-26T23:40:00Z,player_assists,4.5,draftkings,2025-10-26T14:55:22Z,2025-10-26T14:55:03Z,117.0,-151.0
R.J. Barrett,Toronto Raptors @ Dallas Mavericks,2025-10-26T23:40:00Z,player_assists,3.5,draftkings,2025-10-26T14:55:22Z,2025-10-26T14:55:03Z,-145.0,112.0
Cooper Flagg,Toronto Raptors @ Dallas Mavericks,2025-10-26T23:40:00Z,player_assists,3.5,draftkings,2025-10-26T14:55:22Z,2025-10-26T14:55:03Z,-132.0,102.0
Anthony Davis,Toronto Raptors @ Dallas Mavericks,2025-10-26T23:40:00Z,player_assists,3.5,draftkings,2025-10-26T14:55:22Z,2025-10-26T14:55:03Z,-121.0,-107.0
Anthony Davis,Toronto Raptors @ Dallas Mavericks,2025-10-26T23:40:00Z,player_blocks,1.5,draftkings,2025-10-26T14:55:22Z,2025-10-26T14:56:18Z,-118.0,-112.0
Dereck Lively II,Toronto Raptors @ Dallas Mavericks,2025-10-26T23:40:00Z,player_blocks,0.5,draftkings,2025-10-26T14:55:22Z,2025-10-26T14:56:18Z,-191.0,143.0
Jakob Poeltl,Toronto Raptors @ Dallas Mavericks,2025-10-26T23:40:00Z,player_blocks,0.5,draftkings,2025-10-26T14:55:22Z,2025-10-26T14:56:18Z,-152.0,115.0
P.J. Washington,Toronto Raptors @ Dallas Mavericks,2025-10-26T23:40:00Z,player_blocks,0.5,draftkings,2025-10-26T14:55:22Z,2025-10-26T14:56:18Z,-149.0,112.0
Scottie Barnes,Toronto Raptors @ Dallas Mavericks,2025-10-26T23:40:00Z,player_blocks,0.5,draftkings,2025-10-26T14:55:22Z,2025-10-26T14:56:18Z,-146.0,110.0
Cooper Flagg,Toronto Raptors @ Dallas Mavericks,2025-10-26T23:40:00Z,player_blocks,0.5,draftkings,2025-10-26T14:55:22Z,2025-10-26T14:56:18Z,-127.0,-105.0
Anthony Davis,Toronto Raptors @ Dallas Mavericks,2025-10-26T23:40:00Z,player_double_double,,draftkings,2025-10-26T14:55:22Z,2025-10-26T14:56:18Z,,
Scottie Barnes,Toronto Raptors @ Dallas Mavericks,2025-10-26T23:40:00Z,player_double_double,,draftkings,2025-10-26T14:55:22Z,2025-10-26T14:56:18Z,,
Jakob Poeltl,Toronto Raptors @ Dallas Mavericks,2025-10-26T23:40:00Z,player_double_double,,draftkings,2025-10-26T14:55:22Z,2025-10-26T14:56:18Z,,
Cooper Flagg,Toronto Raptors @ Dallas Mavericks,2025-10-26T23:40:00Z,player_double_double,,draftkings,2025-10-26T14:55:22Z,2025-10-26T14:56:18Z,,
P.J. Washington,Toronto Raptors @ Dallas Mavericks,2025-10-26T23:40:00Z,player_double_double,,draftkings,2025-10-26T14:55:22Z,2025-10-26T14:56:18Z,,
R.J. Barrett,Toronto Raptors @ Dallas Mavericks,2025-10-26T23:40:00Z,player_double_double,,draftkings,2025-10-26T14:55:22Z,2025-10-26T14:56:18Z,,
Immanuel Quickley,Toronto Raptors @ Dallas Mavericks,2025-10-26T23:40:00Z,player_double_double,,draftkings,2025-10-26T14:55:22Z,2025-10-26T14:56:18Z,,
Brandon Ingram,Toronto Raptors @ Dallas Mavericks,2025-10-26T23:40:00Z,player_double_double,,draftkings,2025-10-26T14:55:22Z,2025-10-26T14:56:18Z,,
Dereck Lively II,Toronto Raptors @ Dallas Mavericks,2025-10-26T23:40:00Z,player_double_double,,draftkings,2025-10-26T14:55:22Z,2025-10-26T14:56:18Z,,
Anthony Davis,Toronto Raptors @ Dallas Mavericks,2025-10-26T23:40:00Z,player_points,25.5,draftkings,2025-10-26T14:55:22Z,2025-10-26T14:56:18Z,-123.0,-103.0
Brandon Ingram,Toronto Raptors @ Dallas Mavericks,2025-10-26T23:40:00Z,player_points,20.5,draftkings,2025-10-26T14:55:22Z,2025-10-26T14:56:18Z,-106.0,-121.0
Scottie Barnes,Toronto Raptors @ Dallas Mavericks,2025-10-26T23:40:00Z,player_points,17.5,draftkings,2025-10-26T14:55:22Z,2025-10-26T14:56:18Z,-117.0,-109.0
R.J. Barrett,Toronto Raptors @ Dallas Mavericks,2025-10-26T23:40:00Z,player_points,17.5,draftkings,2025-10-26T14:55:22Z,2025-10-26T14:56:18Z,-111.0,-115.0
Cooper Flagg,Toronto Raptors @ Dallas Mavericks,2025-10-26T23:40:00Z,player_points,16.5,draftkings,2025-10-26T14:55:22Z,2025-10-26T14:56:18Z,-102.0,-125.0
Immanuel Quickley,Toronto Raptors @ Dallas Mavericks,2025-10-26T23:40:00Z,player_points,15.5,draftkings,2025-10-26T14:55:22Z,2025-10-26T14:56:18Z,-124.0,-102.0
P.J. Washington,Toronto Raptors @ Dallas Mavericks,2025-10-26T23:40:00Z,player_points,14.5,draftkings,2025-10-26T14:55:22Z,2025-10-26T14:56:18Z,-118.0,-108.0
Klay Thompson,Toronto Raptors @ Dallas Mavericks,2025-10-26T23:40:00Z,player_points,11.5,draftkings,2025-10-26T14:55:22Z,2025-10-26T14:56:18Z,-124.0,-103.0
Jakob Poeltl,Toronto Raptors @ Dallas Mavericks,2025-10-26T23:40:00Z,player_points,10.5,draftkings,2025-10-26T14:55:22Z,2025-10-26T14:56:18Z,-118.0,-108.0
Gradey Dick,Toronto Raptors @ Dallas Mavericks,2025-10-26T23:40:00Z,player_points,8.5,draftkings,2025-10-26T14:55:22Z,2025-10-26T14:56:18Z,-125.0,-102.0
Dereck Lively II,Toronto Raptors @ Dallas Mavericks,2025-10-26T23:40:00Z,player_points,7.5,draftkings,2025-10-26T14:55:22Z,2025-10-26T14:56:18Z,-107.0,-119.0
Anthony Davis,Toronto Raptors @ Dallas Mavericks,2025-10-26T23:40:00Z,player_points_rebounds_assists,40.5,draftkings,2025-10-26T14:55:22Z,2025-10-26T14:56:18Z,-123.0,-105.0
Brandon Ingram,Toronto Raptors @ Dallas Mavericks,2025-10-26T23:40:00Z,player_points_rebounds_assists,29.5,draftkings,2025-10-26T14:55:22Z,2025-10-26T14:56:18Z,-124.0,-104.0
Scottie Barnes,Toronto Raptors @ Dallas Mavericks,2025-10-26T23:40:00Z,player_points_rebounds_assists,29.5,draftkings,2025-10-26T14:55:22Z,2025-10-26T14:56:18Z,-116.0,-112.0
R.J. Barrett,Toronto Raptors @ Dallas Mavericks,2025-10-26T23:40:00Z,player_points_rebounds_assists,27.5,draftkings,2025-10-26T14:55:22Z,2025-10-26T14:56:18Z,-109.0,-119.0
Cooper Flagg,Toronto Raptors @ Dallas Mavericks,2025-10-26T23:40:00Z,player_points_rebounds_assists,26.5,draftkings,2025-10-26T14:55:22Z,2025-10-26T14:56:18Z,-116.0,-112.0
Immanuel Quickley,Toronto Raptors @ Dallas Mavericks,2025-10-26T23:40:00Z,player_points_rebounds_assists,25.5,draftkings,2025-10-26T14:55:22Z,2025-10-26T14:56:18Z,-118.0,-110.0
P.J. Washington,Toronto Raptors @ Dallas Mavericks,2025-10-26T23:40:00Z,player_points_rebounds_assists,23.5,draftkings,2025-10-26T14:55:22Z,2025-10-26T14:56:18Z,-111.0,-117.0
Jakob Poeltl,Toronto Raptors @ Dallas Mavericks,2025-10-26T23:40:00Z,player_points_rebounds_assists,21.5,draftkings,2025-10-26T14:55:22Z,2025-10-26T14:56:18Z,-106.0,-122.0
Anthony Davis,Toronto Raptors @ Dallas Mavericks,2025-10-26T23:40:00Z,player_rebounds,10.5,draftkings,2025-10-26T14:55:22Z,2025-10-26T14:55:03Z,-134.0,103.0
Jakob Poeltl,Toronto Raptors @ Dallas Mavericks,2025-10-26T23:40:00Z,player_rebounds,8.5,draftkings,2025-10-26T14:55:22Z,2025-10-26T14:55:03Z,111.0,-144.0
Scottie Barnes,Toronto Raptors @ Dallas Mavericks,2025-10-26T23:40:00Z,player_rebounds,6.5,draftkings,2025-10-26T14:55:22Z,2025-10-26T14:55:03Z,-126.0,-103.0
Cooper Flagg,Toronto Raptors @ Dallas Mavericks,2025-10-26T23:40:00Z,player_rebounds,6.5,draftkings,2025-10-26T14:55:22Z,2025-10-26T14:55:03Z,105.0,-136.0
P.J. Washington,Toronto Raptors @ Dallas Mavericks,2025-10-26T23:40:00Z,player_rebounds,6.5,draftkings,2025-10-26T14:55:22Z,2025-10-26T14:55:03Z,109.0,-141.0
Dereck Lively II,Toronto Raptors @ Dallas Mavericks,2025-10-26T23:40:00Z,player_rebounds,5.5,draftkings,2025-10-26T14:55:22Z,2025-10-26T14:55:03Z,-143.0,110.0
R.J. Barrett,Toronto Raptors @ Dallas Mavericks,2025-10-26T23:40:00Z,player_rebounds,5.5,draftkings,2025-10-26T14:55:22Z,2025-10-26T14:55:03Z,-121.0,-107.0
Brandon Ingram,Toronto Raptors @ Dallas Mavericks,2025-10-26T23:40:00Z,player_rebounds,5.5,draftkings,2025-10-26T14:55:22Z,2025-10-26T14:55:03Z,102.0,-132.0
Immanuel Quickley,Toronto Raptors @ Dallas Mavericks,2025-10-26T23:40:00Z,player_rebounds,3.5,draftkings,2025-10-26T14:55:22Z,2025-10-26T14:55:03Z,-140.0,108.0
Immanuel Quickley,Toronto Raptors @ Dallas Mavericks,2025-10-26T23:40:00Z,player_steals,1.5,draftkings,2025-10-26T14:55:22Z,2025-10-26T14:56:18Z,148.0,-199.0
Scottie Barnes,Toronto Raptors @ Dallas Mavericks,2025-10-26T23:40:00Z,player_steals,1.5,draftkings,2025-10-26T14:55:22Z,2025-10-26T14:56:18Z,159.0,-214.0
Anthony Davis,Toronto Raptors @ Dallas Mavericks,2025-10-26T23:40:00Z,player_steals,1.5,draftkings,2025-10-26T14:55:22Z,2025-10-26T14:56:18Z,164.0,-222.0
Cooper Flagg,Toronto Raptors @ Dallas Mavericks,2025-10-26T23:40:00Z,player_steals,1.5,draftkings,2025-10-26T14:55:22Z,2025-10-26T14:56:18Z,164.0,-221.0
P.J. Washington,Toronto Raptors @ Dallas Mavericks,2025-10-26T23:40:00Z,player_steals,1.5,draftkings,2025-10-26T14:55:22Z,2025-10-26T14:56:18Z,174.0,-235.0
Brandon Ingram,Toronto Raptors @ Dallas Mavericks,2025-10-26T23:40:00Z,player_steals,1.5,draftkings,2025-10-26T14:55:22Z,2025-10-26T14:56:18Z,181.0,-246.0
Jakob Poeltl,Toronto Raptors @ Dallas Mavericks,2025-10-26T23:40:00Z,player_steals,0.5,draftkings,2025-10-26T14:55:22Z,2025-10-26T14:56:18Z,-223.0,165.0
R.J. Barrett,Toronto Raptors @ Dallas Mavericks,2025-10-26T23:40:00Z,player_steals,0.5,draftkings,2025-10-26T14:55:22Z,2025-10-26T14:56:18Z,-195.0,145.0
Klay Thompson,Toronto Raptors @ Dallas Mavericks,2025-10-26T23:40:00Z,player_threes,2.5,draftkings,2025-10-26T14:55:22Z,2025-10-26T14:56:18Z,-126.0,-103.0
Immanuel Quickley,Toronto Raptors @ Dallas Mavericks,2025-10-26T23:40:00Z,player_threes,2.5,draftkings,2025-10-26T14:55:22Z,2025-10-26T14:56:18Z,124.0,-161.0
Brandon Ingram,Toronto Raptors @ Dallas Mavericks,2025-10-26T23:40:00Z,player_threes,1.5,draftkings,2025-10-26T14:55:22Z,2025-10-26T14:56:18Z,-164.0,126.0
R.J. Barrett,Toronto Raptors @ Dallas Mavericks,2025-10-26T23:40:00Z,player_threes,1.5,draftkings,2025-10-26T14:55:22Z,2025-10-26T14:56:18Z,-110.0,-118.0
Cooper Flagg,Toronto Raptors @ Dallas Mavericks,2025-10-26T23:40:00Z,player_threes,1.5,draftkings,2025-10-26T14:55:22Z,2025-10-26T14:56:18Z,101.0,-130.0
P.J. Washington,Toronto Raptors @ Dallas Mavericks,2025-10-26T23:40:00Z,player_threes,1.5,draftkings,2025-10-26T14:55:22Z,2025-10-26T14:56:18Z,109.0,-142.0
Anthony Davis,Toronto Raptors @ Dallas Mavericks,2025-10-26T23:40:00Z,player_threes,0.5,draftkings,2025-10-26T14:55:22Z,2025-10-26T14:56:18Z,-211.0,161.0
Scottie Barnes,Toronto Raptors @ Dallas Mavericks,2025-10-26T23:40:00Z,player_threes,0.5,draftkings,2025-10-26T14:55:22Z,2025-10-26T14:56:18Z,-187.0,143.0
Anthony Davis,Toronto Raptors @ Dallas Mavericks,2025-10-26T23:40:00Z,player_triple_double,,draftkings,2025-10-26T14:55:22Z,2025-10-26T14:56:18Z,,
Scottie Barnes,Toronto Raptors @ Dallas Mavericks,2025-10-26T23:40:00Z,player_triple_double,,draftkings,2025-10-26T14:55:22Z,2025-10-26T14:56:18Z,,
Cooper Flagg,Toronto Raptors @ Dallas Mavericks,2025-10-26T23:40:00Z,player_triple_double,,draftkings,2025-10-26T14:55:22Z,2025-10-26T14:56:18Z,,
Cooper Flagg,Toronto Raptors @ Dallas Mavericks,2025-10-26T23:40:00Z,player_assists,3.5,betrivers,2025-10-26T14:55:09Z,2025-10-26T14:56:07Z,-143.0,108.0
Brandon Ingram,Toronto Raptors @ Dallas Mavericks,2025-10-26T23:40:00Z,player_assists,4.5,betrivers,2025-10-26T14:55:09Z,2025-10-26T14:56:07Z,114.0,-152.0
Scottie Barnes,Toronto Raptors @ Dallas Mavericks,2025-10-26T23:40:00Z,player_assists,4.5,betrivers,2025-10-26T14:55:09Z,2025-10-26T14:56:07Z,-134.0,102.0
R.J. Barrett,Toronto Raptors @ Dallas Mavericks,2025-10-26T23:40:00Z,player_assists,3.5,betrivers,2025-10-26T14:55:09Z,2025-10-26T14:56:07Z,-143.0,108.0
Immanuel Quickley,Toronto Raptors @ Dallas Mavericks,2025-10-26T23:40:00Z,player_assists,5.5,betrivers,2025-10-26T14:55:09Z,2025-10-26T14:56:07Z,-134.0,100.0
Anthony Davis,Toronto Raptors @ Dallas Mavericks,2025-10-26T23:40:00Z,player_assists,3.5,betrivers,2025-10-26T14:55:09Z,2025-10-26T14:56:07Z,-124.0,-107.0
Dereck Lively II,Toronto Raptors @ Dallas Mavericks,2025-10-26T23:40:00Z,player_points,7.5,betrivers,2025-10-26T14:55:09Z,2025-10-26T14:56:07Z,-115.0,-115.0
Anthony Davis,Toronto Raptors @ Dallas Mavericks,2025-10-26T23:40:00Z,player_points,26.5,betrivers,2025-10-26T14:55:09Z,2025-10-26T14:56:07Z,-117.0,-114.0
P.J. Washington,Toronto Raptors @ Dallas Mavericks,2025-10-26T23:40:00Z,player_points,14.5,betrivers,2025-10-26T14:55:09Z,2025-10-26T14:56:07Z,-115.0,-115.0
Gradey Dick,Toronto Raptors @ Dallas Mavericks,2025-10-26T23:40:00Z,player_points,8.5,betrivers,2025-10-26T14:55:09Z,2025-10-26T14:56:07Z,-121.0,-109.0
R.J. Barrett,Toronto Raptors @ Dallas Mavericks,2025-10-26T23:40:00Z,player_points,17.5,betrivers,2025-10-26T14:55:09Z,2025-10-26T14:56:07Z,-115.0,-115.0
Cooper Flagg,Toronto Raptors @ Dallas Mavericks,2025-10-26T23:40:00Z,player_points,16.5,betrivers,2025-10-26T14:55:09Z,2025-10-26T14:56:07Z,-109.0,-121.0
Immanuel Quickley,Toronto Raptors @ Dallas Mavericks,2025-10-26T23:40:00Z,player_points,16.5,betrivers,2025-10-26T14:55:09Z,2025-10-26T14:56:07Z,-110.0,-121.0
Scottie Barnes,Toronto Raptors @ Dallas Mavericks,2025-10-26T23:40:00Z,player_points,17.5,betrivers,2025-10-26T14:55:09Z,2025-10-26T14:56:07Z,-125.0,-106.0
Klay Thompson,Toronto Raptors @ Dallas Mavericks,2025-10-26T23:40:00Z,player_points,11.5,betrivers,2025-10-26T14:55:09Z,2025-10-26T14:56:07Z,-125.0,-107.0
Brandon Ingram,Toronto Raptors @ Dallas Mavericks,2025-10-26T23:40:00Z,player_points,20.5,betrivers,2025-10-26T14:55:09Z,2025-10-26T14:56:07Z,-110.0,-121.0
Jakob Poeltl,Toronto Raptors @ Dallas Mavericks,2025-10-26T23:40:00Z,player_points,10.5,betrivers,2025-10-26T14:55:09Z,2025-10-26T14:56:07Z,-122.0,-108.0
Scottie Barnes,Toronto Raptors @ Dallas Mavericks,2025-10-26T23:40:00Z,player_points_rebounds_assists,30.5,betrivers,2025-10-26T14:55:09Z,2025-10-26T14:56:07Z,-110.0,-121.0
R.J. Barrett,Toronto Raptors @ Dallas Mavericks,2025-10-26T23:40:00Z,player_points_rebounds_assists,27.5,betrivers,2025-10-26T14:55:09Z,2025-10-26T14:56:07Z,-121.0,-110.0
Immanuel Quickley,Toronto Raptors @ Dallas Mavericks,2025-10-26T23:40:00Z,player_points_rebounds_assists,26.5,betrivers,2025-10-26T14:55:09Z,2025-10-26T14:56:07Z,-120.0,-112.0
Cooper Flagg,Toronto Raptors @ Dallas Mavericks,2025-10-26T23:40:00Z,player_points_rebounds_assists,27.5,betrivers,2025-10-26T14:55:09Z,2025-10-26T14:56:07Z,-109.0,-122.0
Anthony Davis,Toronto Raptors @ Dallas Mavericks,2025-10-26T23:40:00Z,player_points_rebounds_assists,42.5,betrivers,2025-10-26T14:55:09Z,2025-10-26T14:56:07Z,-112.0,-120.0
Brandon Ingram,Toronto Raptors @ Dallas Mavericks,2025-10-26T23:40:00Z,player_points_rebounds_assists,30.5,betrivers,2025-10-26T14:55:09Z,2025-10-26T14:56:07Z,-118.0,-113.0
Jakob Poeltl,Toronto Raptors @ Dallas Mavericks,2025-10-26T23:40:00Z,player_rebounds,8.5,betrivers,2025-10-26T14:55:09Z,2025-10-26T14:56:07Z,102.0,-136.0
Anthony Davis,Toronto Raptors @ Dallas Mavericks,2025-10-26T23:40:00Z,player_rebounds,11.5,betrivers,2025-10-26T14:55:09Z,2025-10-26T14:56:07Z,105.0,-139.0
Scottie Barnes,Toronto Raptors @ Dallas Mavericks,2025-10-26T23:40:00Z,player_rebounds,6.5,betrivers,2025-10-26T14:55:09Z,2025-10-26T14:56:07Z,-127.0,-106.0
Immanuel Quickley,Toronto Raptors @ Dallas Mavericks,2025-10-26T23:40:00Z,player_rebounds,3.5,betrivers,2025-10-26T14:55:09Z,2025-10-26T14:56:07Z,-148.0,112.0
R.J. Barrett,Toronto Raptors @ Dallas Mavericks,2025-10-26T23:40:00Z,player_rebounds,5.5,betrivers,2025-10-26T14:55:09Z,2025-10-26T14:56:07Z,-129.0,-104.0
P.J. Washington,Toronto Raptors @ Dallas Mavericks,2025-10-26T23:40:00Z,player_rebounds,6.5,betrivers,2025-10-26T14:55:09Z,2025-10-26T14:56:07Z,108.0,-143.0
Dereck Lively II,Toronto Raptors @ Dallas Mavericks,2025-10-26T23:40:00Z,player_rebounds,5.5,betrivers,2025-10-26T14:55:09Z,2025-10-26T14:56:07Z,-141.0,106.0
Brandon Ingram,Toronto Raptors @ Dallas Mavericks,2025-10-26T23:40:00Z,player_rebounds,5.5,betrivers,2025-10-26T14:55:09Z,2025-10-26T14:56:07Z,-108.0,-124.0
Cooper Flagg,Toronto Raptors @ Dallas Mavericks,2025-10-26T23:40:00Z,player_rebounds,6.5,betrivers,2025-10-26T14:55:09Z,2025-10-26T14:56:07Z,100.0,-132.0
Brandon Ingram,Toronto Raptors @ Dallas Mavericks,2025-10-26T23:40:00Z,player_threes,1.5,betrivers,2025-10-26T14:55:09Z,2025-10-26T14:56:07Z,-155.0,117.0
Klay Thompson,Toronto Raptors @ Dallas Mavericks,2025-10-26T23:40:00Z,player_threes,2.5,betrivers,2025-10-26T14:55:09Z,2025-10-26T14:56:07Z,-118.0,-113.0
Immanuel Quickley,Toronto Raptors @ Dallas Mavericks,2025-10-26T23:40:00Z,player_threes,2.5,betrivers,2025-10-26T14:55:09Z,2025-10-26T14:56:07Z,110.0,-148.0
R.J. Barrett,Toronto Raptors @ Dallas Mavericks,2025-10-26T23:40:00Z,player_threes,1.5,betrivers,2025-10-26T14:55:09Z,2025-10-26T14:56:07Z,-104.0,-129.0
P.J. Washington,Toronto Raptors @ Dallas Mavericks,2025-10-26T23:40:00Z,player_threes,1.5,betrivers,2025-10-26T14:55:09Z,2025-10-26T14:56:07Z,105.0,-139.0
Max Christie,Toronto Raptors @ Dallas Mavericks,2025-10-26T23:40:00Z,player_assists,1.5,betmgm,2025-10-26T14:55:22Z,2025-10-26T14:55:39Z,-150.0,110.0
Immanuel Quickley,Toronto Raptors @ Dallas Mavericks,2025-10-26T23:40:00Z,player_assists,5.5,betmgm,2025-10-26T14:55:22Z,2025-10-26T14:55:39Z,-135.0,100.0
Anthony Davis,Toronto Raptors @ Dallas Mavericks,2025-10-26T23:40:00Z,player_assists,3.5,betmgm,2025-10-26T14:55:22Z,2025-10-26T14:55:39Z,-130.0,100.0
Dereck Lively II,Toronto Raptors @ Dallas Mavericks,2025-10-26T23:40:00Z,player_assists,2.5,betmgm,2025-10-26T14:55:22Z,2025-10-26T14:55:39Z,100.0,-135.0
Gradey Dick,Toronto Raptors @ Dallas Mavericks,2025-10-26T23:40:00Z,player_assists,0.5,betmgm,2025-10-26T14:55:22Z,2025-10-26T14:55:39Z,-125.0,-105.0
Naji Marshall,Toronto Raptors @ Dallas Mavericks,2025-10-26T23:40:00Z,player_assists,2.5,betmgm,2025-10-26T14:55:22Z,2025-10-26T14:55:39Z,-165.0,125.0
Klay Thompson,Toronto Raptors @ Dallas Mavericks,2025-10-26T23:40:00Z,player_assists,1.5,betmgm,2025-10-26T14:55:22Z,2025-10-26T14:55:39Z,-165.0,125.0
Jakob Poeltl,Toronto Raptors @ Dallas Mavericks,2025-10-26T23:40:00Z,player_assists,2.5,betmgm,2025-10-26T14:55:22Z,2025-10-26T14:55:39Z,120.0,-160.0
Cooper Flagg,Toronto Raptors @ Dallas Mavericks,2025-10-26T23:40:00Z,player_assists,3.5,betmgm,2025-10-26T14:55:22Z,2025-10-26T14:55:39Z,-140.0,105.0
Sandro Mamukelashvili,Toronto Raptors @ Dallas Mavericks,2025-10-26T23:40:00Z,player_assists,1.5,betmgm,2025-10-26T14:55:22Z,2025-10-26T14:55:39Z,145.0,-200.0
P.J. Washington,Toronto Raptors @ Dallas Mavericks,2025-10-26T23:40:00Z,player_assists,2.5,betmgm,2025-10-26T14:55:22Z,2025-10-26T14:55:39Z,120.0,-160.0
Scottie Barnes,Toronto Raptors @ Dallas Mavericks,2025-10-26T23:40:00Z,player_assists,4.5,betmgm,2025-10-26T14:55:22Z,2025-10-26T14:55:39Z,-155.0,120.0
R.J. Barrett,Toronto Raptors @ Dallas Mavericks,2025-10-26T23:40:00Z,player_assists,4.5,betmgm,2025-10-26T14:55:22Z,2025-10-26T14:55:39Z,125.0,-165.0
Ochai Agbaji,Toronto Raptors @ Dallas Mavericks,2025-10-26T23:40:00Z,player_assists,0.5,betmgm,2025-10-26T14:55:22Z,2025-10-26T14:55:39Z,-118.0,-110.0
Jamal Shead,Toronto Raptors @ Dallas Mavericks,2025-10-26T23:40:00Z,player_assists,2.5,betmgm,2025-10-26T14:55:22Z,2025-10-26T14:55:39Z,-200.0,145.0
Brandon Ingram,Toronto Raptors @ Dallas Mavericks,2025-10-26T23:40:00Z,player_assists,3.5,betmgm,2025-10-26T14:55:22Z,2025-10-26T14:55:39Z,-165.0,125.0
Brandon Ingram,Toronto Raptors @ Dallas Mavericks,2025-10-26T23:40:00Z,player_blocks,0.5,betmgm,2025-10-26T14:55:22Z,2025-10-26T14:55:39Z,-125.0,-110.0
Immanuel Quickley,Toronto Raptors @ Dallas Mavericks,2025-10-26T23:40:00Z,player_blocks,0.5,betmgm,2025-10-26T14:55:22Z,2025-10-26T14:55:39Z,450.0,-900.0
Anthony Davis,Toronto Raptors @ Dallas Mavericks,2025-10-26T23:40:00Z,player_blocks,1.5,betmgm,2025-10-26T14:55:22Z,2025-10-26T14:55:39Z,-130.0,-105.0
Dereck Lively II,Toronto Raptors @ Dallas Mavericks,2025-10-26T23:40:00Z,player_blocks,0.5,betmgm,2025-10-26T14:55:22Z,2025-10-26T14:55:39Z,-200.0,140.0
Klay Thompson,Toronto Raptors @ Dallas Mavericks,2025-10-26T23:40:00Z,player_blocks,0.5,betmgm,2025-10-26T14:55:22Z,2025-10-26T14:55:39Z,240.0,-350.0
Jakob Poeltl,Toronto Raptors @ Dallas Mavericks,2025-10-26T23:40:00Z,player_blocks,0.5,betmgm,2025-10-26T14:55:22Z,2025-10-26T14:55:39Z,-145.0,105.0
R.J. Barrett,Toronto Raptors @ Dallas Mavericks,2025-10-26T23:40:00Z,player_blocks,0.5,betmgm,2025-10-26T14:55:22Z,2025-10-26T14:55:39Z,175.0,-250.0
Cooper Flagg,Toronto Raptors @ Dallas Mavericks,2025-10-26T23:40:00Z,player_blocks,0.5,betmgm,2025-10-26T14:55:22Z,2025-10-26T14:55:39Z,-130.0,-105.0
P.J. Washington,Toronto Raptors @ Dallas Mavericks,2025-10-26T23:40:00Z,player_blocks,0.5,betmgm,2025-10-26T14:55:22Z,2025-10-26T14:55:39Z,-145.0,105.0
Scottie Barnes,Toronto Raptors @ Dallas Mavericks,2025-10-26T23:40:00Z,player_blocks,0.5,betmgm,2025-10-26T14:55:22Z,2025-10-26T14:55:39Z,-155.0,110.0
Brandon Ingram,Toronto Raptors @ Dallas Mavericks,2025-10-26T23:40:00Z,player_double_double,,betmgm,2025-10-26T14:55:22Z,2025-10-26T14:55:39Z,,
Immanuel Quickley,Toronto Raptors @ Dallas Mavericks,2025-10-26T23:40:00Z,player_double_double,,betmgm,2025-10-26T14:55:22Z,2025-10-26T14:55:39Z,,
Anthony Davis,Toronto Raptors @ Dallas Mavericks,2025-10-26T23:40:00Z,player_double_double,,betmgm,2025-10-26T14:55:22Z,2025-10-26T14:55:39Z,,
Dereck Lively II,Toronto Raptors @ Dallas Mavericks,2025-10-26T23:40:00Z,player_double_double,,betmgm,2025-10-26T14:55:22Z,2025-10-26T14:55:39Z,,
Jakob Poeltl,Toronto Raptors @ Dallas Mavericks,2025-10-26T23:40:00Z,player_double_double,,betmgm,2025-10-26T14:55:22Z,2025-10-26T14:55:39Z,,
R.J. Barrett,Toronto Raptors @ Dallas Mavericks,2025-10-26T23:40:00Z,player_double_double,,betmgm,2025-10-26T14:55:22Z,2025-10-26T14:55:39Z,,
Cooper Flagg,Toronto Raptors @ Dallas Mavericks,2025-10-26T23:40:00Z,player_double_double,,betmgm,2025-10-26T14:55:22Z,2025-10-26T14:55:39Z,,
P.J. Washington,Toronto Raptors @ Dallas Mavericks,2025-10-26T23:40:00Z,player_double_double,,betmgm,2025-10-26T14:55:22Z,2025-10-26T14:55:39Z,,
Scottie Barnes,Toronto Raptors @ Dallas Mavericks,2025-10-26T23:40:00Z,player_double_double,,betmgm,2025-10-26T14:55:22Z,2025-10-26T14:55:39Z,,
Max Christie,Toronto Raptors @ Dallas Mavericks,2025-10-26T23:40:00Z,player_points,7.5,betmgm,2025-10-26T14:55:22Z,2025-10-26T14:55:39Z,-140.0,105.0
Brandon Ingram,Toronto Raptors @ Dallas Mavericks,2025-10-26T23:40:00Z,player_points,20.5,betmgm,2025-10-26T14:55:22Z,2025-10-26T14:55:39Z,-118.0,-115.0
Immanuel Quickley,Toronto Raptors @ Dallas Mavericks,2025-10-26T23:40:00Z,player_points,16.5,betmgm,2025-10-26T14:55:22Z,2025-10-26T14:55:39Z,-110.0,-120.0
Anthony Davis,Toronto Raptors @ Dallas Mavericks,2025-10-26T23:40:00Z,player_points,26.5,betmgm,2025-10-26T14:55:22Z,2025-10-26T14:55:39Z,-105.0,-130.0
Dereck Lively II,Toronto Raptors @ Dallas Mavericks,2025-10-26T23:40:00Z,player_points,6.5,betmgm,2025-10-26T14:55:22Z,2025-10-26T14:55:39Z,-125.0,-105.0
Gradey Dick,Toronto Raptors @ Dallas Mavericks,2025-10-26T23:40:00Z,player_points,8.5,betmgm,2025-10-26T14:55:22Z,2025-10-26T14:55:39Z,-125.0,-105.0
Naji Marshall,Toronto Raptors @ Dallas Mavericks,2025-10-26T23:40:00Z,player_points,8.5,betmgm,2025-10-26T14:55:22Z,2025-10-26T14:55:39Z,-120.0,-110.0
Jakob Poeltl,Toronto Raptors @ Dallas Mavericks,2025-10-26T23:40:00Z,player_points,10.5,betmgm,2025-10-26T14:55:22Z,2025-10-26T14:55:39Z,-120.0,-110.0
R.J. Barrett,Toronto Raptors @ Dallas Mavericks,2025-10-26T23:40:00Z,player_points,17.5,betmgm,2025-10-26T14:55:22Z,2025-10-26T14:55:39Z,-110.0,-120.0
Cooper Flagg,Toronto Raptors @ Dallas Mavericks,2025-10-26T23:40:00Z,player_points,16.5,betmgm,2025-10-26T14:55:22Z,2025-10-26T14:55:39Z,-105.0,-130.0
Sandro Mamukelashvili,Toronto Raptors @ Dallas Mavericks,2025-10-26T23:40:00Z,player_points,5.5,betmgm,2025-10-26T14:55:22Z,2025-10-26T14:55:39Z,-115.0,-115.0
P.J. Washington,Toronto Raptors @ Dallas Mavericks,2025-10-26T23:40:00Z,player_points,14.5,betmgm,2025-10-26T14:55:22Z,2025-10-26T14:55:39Z,-118.0,-110.0
Scottie Barnes,Toronto Raptors @ Dallas Mavericks,2025-10-26T23:40:00Z,player_points,17.5,betmgm,2025-10-26T14:55:22Z,2025-10-26T14:55:39Z,-118.0,-110.0
Ochai Agbaji,Toronto Raptors @ Dallas Mavericks,2025-10-26T23:40:00Z,player_points,4.5,betmgm,2025-10-26T14:55:22Z,2025-10-26T14:55:39Z,-118.0,-115.0
Klay Thompson,Toronto Raptors @ Dallas Mavericks,2025-10-26T23:40:00Z,player_points,12.5,betmgm,2025-10-26T14:55:22Z,2025-10-26T14:55:39Z,100.0,-130.0
Jamal Shead,Toronto Raptors @ Dallas Mavericks,2025-10-26T23:40:00Z,player_points,5.5,betmgm,2025-10-26T14:55:22Z,2025-10-26T14:55:39Z,105.0,-145.0
Max Christie,Toronto Raptors @ Dallas Mavericks,2025-10-26T23:40:00Z,player_points_rebounds_assists,12.5,betmgm,2025-10-26T14:55:22Z,2025-10-26T14:55:39Z,-135.0,100.0
Brandon Ingram,Toronto Raptors @ Dallas Mavericks,2025-10-26T23:40:00Z,player_points_rebounds_assists,30.5,betmgm,2025-10-26T14:55:22Z,2025-10-26T14:55:39Z,-110.0,-120.0
Immanuel Quickley,Toronto Raptors @ Dallas Mavericks,2025-10-26T23:40:00Z,player_points_rebounds_assists,26.5,betmgm,2025-10-26T14:55:22Z,2025-10-26T14:55:39Z,-115.0,-115.0
Anthony Davis,Toronto Raptors @ Dallas Mavericks,2025-10-26T23:40:00Z,player_points_rebounds_assists,41.5,betmgm,2025-10-26T14:55:22Z,2025-10-26T14:55:39Z,-110.0,-120.0
Dereck Lively II,Toronto Raptors @ Dallas Mavericks,2025-10-26T23:40:00Z,player_points_rebounds_assists,15.5,betmgm,2025-10-26T14:55:22Z,2025-10-26T14:55:39Z,-130.0,100.0
Gradey Dick,Toronto Raptors @ Dallas Mavericks,2025-10-26T23:40:00Z,player_points_rebounds_assists,12.5,betmgm,2025-10-26T14:55:22Z,2025-10-26T14:55:39Z,-110.0,-120.0
Naji Marshall,Toronto Raptors @ Dallas Mavericks,2025-10-26T23:40:00Z,player_points_rebounds_assists,15.5,betmgm,2025-10-26T14:55:22Z,2025-10-26T14:55:39Z,-120.0,-110.0
Klay Thompson,Toronto Raptors @ Dallas Mavericks,2025-10-26T23:40:00Z,player_points_rebounds_assists,16.5,betmgm,2025-10-26T14:55:22Z,2025-10-26T14:55:39Z,-110.0,-118.0
Jakob Poeltl,Toronto Raptors @ Dallas Mavericks,2025-10-26T23:40:00Z,player_points_rebounds_assists,20.5,betmgm,2025-10-26T14:55:22Z,2025-10-26T14:55:39Z,-115.0,-115.0
R.J. Barrett,Toronto Raptors @ Dallas Mavericks,2025-10-26T23:40:00Z,player_points_rebounds_assists,27.5,betmgm,2025-10-26T14:55:22Z,2025-10-26T14:55:39Z,-110.0,-118.0
Cooper Flagg,Toronto Raptors @ Dallas Mavericks,2025-10-26T23:40:00Z,player_points_rebounds_assists,26.5,betmgm,2025-10-26T14:55:22Z,2025-10-26T14:55:39Z,-130.0,100.0
Sandro Mamukelashvili,Toronto Raptors @ Dallas Mavericks,2025-10-26T23:40:00Z,player_points_rebounds_assists,11.5,betmgm,2025-10-26T14:55:22Z,2025-10-26T14:55:39Z,-125.0,-105.0
P.J. Washington,Toronto Raptors @ Dallas Mavericks,2025-10-26T23:40:00Z,player_points_rebounds_assists,23.5,betmgm,2025-10-26T14:55:22Z,2025-10-26T14:55:39Z,-115.0,-115.0
Scottie Barnes,Toronto Raptors @ Dallas Mavericks,2025-10-26T23:40:00Z,player_points_rebounds_assists,29.5,betmgm,2025-10-26T14:55:22Z,2025-10-26T14:55:39Z,-110.0,-120.0
Ochai Agbaji,Toronto Raptors @ Dallas Mavericks,2025-10-26T23:40:00Z,player_points_rebounds_assists,7.5,betmgm,2025-10-26T14:55:22Z,2025-10-26T14:55:39Z,-118.0,-115.0
Jamal Shead,Toronto Raptors @ Dallas Mavericks,2025-10-26T23:40:00Z,player_points_rebounds_assists,9.5,betmgm,2025-10-26T14:55:22Z,2025-10-26T14:55:39Z,-110.0,-118.0
Max Christie,Toronto Raptors @ Dallas Mavericks,2025-10-26T23:40:00Z,player_rebounds,2.5,betmgm,2025-10-26T14:55:22Z,2025-10-26T14:55:39Z,-150.0,110.0
Brandon Ingram,Toronto Raptors @ Dallas Mavericks,2025-10-26T23:40:00Z,player_rebounds,5.5,betmgm,2025-10-26T14:55:22Z,2025-10-26T14:55:39Z,105.0,-145.0
Immanuel Quickley,Toronto Raptors @ Dallas Mavericks,2025-10-26T23:40:00Z,player_rebounds,3.5,betmgm,2025-10-26T14:55:22Z,2025-10-26T14:55:39Z,-135.0,100.0
Anthony Davis,Toronto Raptors @ Dallas Mavericks,2025-10-26T23:40:00Z,player_rebounds,10.5,betmgm,2025-10-26T14:55:22Z,2025-10-26T14:55:39Z,-155.0,115.0
Dereck Lively II,Toronto Raptors @ Dallas Mavericks,2025-10-26T23:40:00Z,player_rebounds,5.5,betmgm,2025-10-26T14:55:22Z,2025-10-26T14:55:39Z,-125.0,-110.0
Gradey Dick,Toronto Raptors @ Dallas Mavericks,2025-10-26T23:40:00Z,player_rebounds,2.5,betmgm,2025-10-26T14:55:22Z,2025-10-26T14:55:39Z,-125.0,-105.0
Naji Marshall,Toronto Raptors @ Dallas Mavericks,2025-10-26T23:40:00Z,player_rebounds,3.5,betmgm,2025-10-26T14:55:22Z,2025-10-26T14:55:39Z,-115.0,-115.0
Klay Thompson,Toronto Raptors @ Dallas Mavericks,2025-10-26T23:40:00Z,player_rebounds,2.5,betmgm,2025-10-26T14:55:22Z,2025-10-26T14:55:39Z,135.0,-185.0
Jakob Poeltl,Toronto Raptors @ Dallas Mavericks,2025-10-26T23:40:00Z,player_rebounds,7.5,betmgm,2025-10-26T14:55:22Z,2025-10-26T14:55:39Z,-120.0,-110.0
R.J. Barrett,Toronto Raptors @ Dallas Mavericks,2025-10-26T23:40:00Z,player_rebounds,5.5,betmgm,2025-10-26T14:55:22Z,2025-10-26T14:55:39Z,-120.0,-110.0
Cooper Flagg,Toronto Raptors @ Dallas Mavericks,2025-10-26T23:40:00Z,player_rebounds,6.5,betmgm,2025-10-26T14:55:22Z,2025-10-26T14:55:39Z,110.0,-145.0
Sandro Mamukelashvili,Toronto Raptors @ Dallas Mavericks,2025-10-26T23:40:00Z,player_rebounds,4.5,betmgm,2025-10-26T14:55:22Z,2025-10-26T14:55:39Z,-130.0,-105.0
P.J. Washington,Toronto Raptors @ Dallas Mavericks,2025-10-26T23:40:00Z,player_rebounds,6.5,betmgm,2025-10-26T14:55:22Z,2025-10-26T14:55:39Z,110.0,-150.0
Scottie Barnes,Toronto Raptors @ Dallas Mavericks,2025-10-26T23:40:00Z,player_rebounds,6.5,betmgm,2025-10-26T14:55:22Z,2025-10-26T14:55:39Z,-125.0,-105.0
Ochai Agbaji,Toronto Raptors @ Dallas Mavericks,2025-10-26T23:40:00Z,player_rebounds,2.5,betmgm,2025-10-26T14:55:22Z,2025-10-26T14:55:39Z,135.0,-185.0
Jamal Shead,Toronto Raptors @ Dallas Mavericks,2025-10-26T23:40:00Z,player_rebounds,1.5,betmgm,2025-10-26T14:55:22Z,2025-10-26T14:55:39Z,155.0,-210.0
Max Christie,Toronto Raptors @ Dallas Mavericks,2025-10-26T23:40:00Z,player_threes,1.5,betmgm,2025-10-26T14:55:22Z,2025-10-26T14:55:39Z,-105.0,-125.0
Brandon Ingram,Toronto Raptors @ Dallas Mavericks,2025-10-26T23:40:00Z,player_threes,1.5,betmgm,2025-10-26T14:55:22Z,2025-10-26T14:55:39Z,-165.0,125.0
Immanuel Quickley,Toronto Raptors @ Dallas Mavericks,2025-10-26T23:40:00Z,player_threes,2.5,betmgm,2025-10-26T14:55:22Z,2025-10-26T14:55:39Z,120.0,-160.0
Anthony Davis,Toronto Raptors @ Dallas Mavericks,2025-10-26T23:40:00Z,player_threes,0.5,betmgm,2025-10-26T14:55:22Z,2025-10-26T14:55:39Z,-190.0,140.0
Gradey Dick,Toronto Raptors @ Dallas Mavericks,2025-10-26T23:40:00Z,player_threes,1.5,betmgm,2025-10-26T14:55:22Z,2025-10-26T14:55:39Z,120.0,-160.0
Naji Marshall,Toronto Raptors @ Dallas Mavericks,2025-10-26T23:40:00Z,player_threes,0.5,betmgm,2025-10-26T14:55:22Z,2025-10-26T14:55:39Z,120.0,-160.0
Klay Thompson,Toronto Raptors @ Dallas Mavericks,2025-10-26T23:40:00Z,player_threes,2.5,betmgm,2025-10-26T14:55:22Z,2025-10-26T14:55:39Z,-120.0,-110.0
R.J. Barrett,Toronto Raptors @ Dallas Mavericks,2025-10-26T23:40:00Z,player_threes,1.5,betmgm,2025-10-26T14:55:22Z,2025-10-26T14:55:39Z,105.0,-140.0
Cooper Flagg,Toronto Raptors @ Dallas Mavericks,2025-10-26T23:40:00Z,player_threes,1.5,betmgm,2025-10-26T14:55:22Z,2025-10-26T14:55:39Z,105.0,-140.0
Sandro Mamukelashvili,Toronto Raptors @ Dallas Mavericks,2025-10-26T23:40:00Z,player_threes,0.5,betmgm,2025-10-26T14:55:22Z,2025-10-26T14:55:39Z,-135.0,100.0
P.J. Washington,Toronto Raptors @ Dallas Mavericks,2025-10-26T23:40:00Z,player_threes,1.5,betmgm,2025-10-26T14:55:22Z,2025-10-26T14:55:39Z,100.0,-130.0
Scottie Barnes,Toronto Raptors @ Dallas Mavericks,2025-10-26T23:40:00Z,player_threes,0.5,betmgm,2025-10-26T14:55:22Z,2025-10-26T14:55:39Z,-200.0,145.0
Ochai Agbaji,Toronto Raptors @ Dallas Mavericks,2025-10-26T23:40:00Z,player_threes,0.5,betmgm,2025-10-26T14:55:22Z,2025-10-26T14:55:39Z,-115.0,-118.0
Jamal Shead,Toronto Raptors @ Dallas Mavericks,2025-10-26T23:40:00Z,player_threes,0.5,betmgm,2025-10-26T14:55:22Z,2025-10-26T14:55:39Z,-118.0,-110.0
Anthony Davis,Toronto Raptors @ Dallas Mavericks,2025-10-26T23:40:00Z,player_triple_double,,betmgm,2025-10-26T14:55:22Z,2025-10-26T14:55:39Z,,
Scottie Barnes,Toronto Raptors @ Dallas Mavericks,2025-10-26T23:40:00Z,player_triple_double,,betmgm,2025-10-26T14:55:22Z,2025-10-26T14:55:39Z,,
Anthony Davis,Toronto Raptors @ Dallas Mavericks,2025-10-26T23:40:00Z,player_double_double,,bovada,2025-10-26T14:54:59Z,2025-10-26T14:56:20Z,,
Jakob Poeltl,Toronto Raptors @ Dallas Mavericks,2025-10-26T23:40:00Z,player_double_double,,bovada,2025-10-26T14:54:59Z,2025-10-26T14:56:20Z,,
Scottie Barnes,Toronto Raptors @ Dallas Mavericks,2025-10-26T23:40:00Z,player_double_double,,bovada,2025-10-26T14:54:59Z,2025-10-26T14:56:20Z,,
Cooper Flagg,Toronto Raptors @ Dallas Mavericks,2025-10-26T23:40:00Z,player_double_double,,bovada,2025-10-26T14:54:59Z,2025-10-26T14:56:20Z,,
P.J. Washington,Toronto Raptors @ Dallas Mavericks,2025-10-26T23:40:00Z,player_double_double,,bovada,2025-10-26T14:54:59Z,2025-10-26T14:56:20Z,,
R.J. Barrett,Toronto Raptors @ Dallas Mavericks,2025-10-26T23:40:00Z,player_double_double,,bovada,2025-10-26T14:54:59Z,2025-10-26T14:56:20Z,,
Brandon Ingram,Toronto Raptors @ Dallas Mavericks,2025-10-26T23:40:00Z,player_double_double,,bovada,2025-10-26T14:54:59Z,2025-10-26T14:56:20Z,,
Immanuel Quickley,Toronto Raptors @ Dallas Mavericks,2025-10-26T23:40:00Z,player_double_double,,bovada,2025-10-26T14:54:59Z,2025-10-26T14:56:20Z,,
Dereck Lively II,Toronto Raptors @ Dallas Mavericks,2025-10-26T23:40:00Z,player_double_double,,bovada,2025-10-26T14:54:59Z,2025-10-26T14:56:20Z,,
Immanuel Quickley,Toronto Raptors @ Dallas Mavericks,2025-10-26T23:40:00Z,player_points,13.5,bovada,2025-10-26T14:54:59Z,2025-10-26T14:56:20Z,215.0,-300.0
Max Christie,Toronto Raptors @ Dallas Mavericks,2025-10-26T23:40:00Z,player_points,5.5,bovada,2025-10-26T14:54:59Z,2025-10-26T14:56:20Z,205.0,-280.0
Anthony Davis,Toronto Raptors @ Dallas Mavericks,2025-10-26T23:40:00Z,player_points_rebounds_assists,37.5,bovada,2025-10-26T14:54:59Z,2025-10-26T14:56:20Z,200.0,-275.0
Brandon Ingram,Toronto Raptors @ Dallas Mavericks,2025-10-26T23:40:00Z,player_points_rebounds_assists,25.5,bovada,2025-10-26T14:54:59Z,2025-10-26T14:56:20Z,210.0,-290.0
Immanuel Quickley,Toronto Raptors @ Dallas Mavericks,2025-10-26T23:40:00Z,player_points_rebounds_assists,22.5,bovada,2025-10-26T14:54:59Z,2025-10-26T14:56:20Z,205.0,-280.0
R.J. Barrett,Toronto Raptors @ Dallas Mavericks,2025-10-26T23:40:00Z,player_points_rebounds_assists,23.5,bovada,2025-10-26T14:54:59Z,2025-10-26T14:56:20Z,185.0,-250.0
Scottie Barnes,Toronto Raptors @ Dallas Mavericks,2025-10-26T23:40:00Z,player_points_rebounds_assists,26.5,bovada,2025-10-26T14:54:59Z,2025-10-26T14:56:20Z,200.0,-275.0
Scottie Barnes,Toronto Raptors @ Dallas Mavericks,2025-10-26T23:40:00Z,player_rebounds,5.5,bovada,2025-10-26T14:54:59Z,2025-10-26T14:56:20Z,145.0,-190.0
Scottie Barnes,Toronto Raptors @ Dallas Mavericks,2025-10-26T23:40:00Z,player_triple_double,,bovada,2025-10-26T14:54:59Z,2025-10-26T14:56:20Z,,
Anthony Davis,Toronto Raptors @ Dallas Mavericks,2025-10-26T23:40:00Z,player_triple_double,,bovada,2025-10-26T14:54:59Z,2025-10-26T14:56:20Z,,
James Harden,Portland Trail Blazers @ Los Angeles Clippers,2025-10-27T01:00:00Z,player_assists,8.5,draftkings,2025-10-26T14:55:22Z,2025-10-26T14:56:25Z,-129.0,-101.0
Jrue Holiday,Portland Trail Blazers @ Los Angeles Clippers,2025-10-27T01:00:00Z,player_assists,5.5,draftkings,2025-10-26T14:55:22Z,2025-10-26T14:56:25Z,-118.0,-110.0
Deni Avdija,Portland Trail Blazers @ Los Angeles Clippers,2025-10-27T01:00:00Z,player_assists,4.5,draftkings,2025-10-26T14:55:22Z,2025-10-26T14:56:25Z,102.0,-132.0
Kawhi Leonard,Portland Trail Blazers @ Los Angeles Clippers,2025-10-27T01:00:00Z,player_assists,3.5,draftkings,2025-10-26T14:55:22Z,2025-10-26T14:56:25Z,116.0,-150.0
Shaedon Sharpe,Portland Trail Blazers @ Los Angeles Clippers,2025-10-27T01:00:00Z,player_assists,2.5,draftkings,2025-10-26T14:55:22Z,2025-10-26T14:56:25Z,-109.0,-119.0
Ivica Zubac,Portland Trail Blazers @ Los Angeles Clippers,2025-10-27T01:00:00Z,player_assists,2.5,draftkings,2025-10-26T14:55:22Z,2025-10-26T14:56:25Z,-102.0,-127.0
Donovan Clingan,Portland Trail Blazers @ Los Angeles Clippers,2025-10-27T01:00:00Z,player_blocks,1.5,draftkings,2025-10-26T14:55:22Z,2025-10-26T14:56:25Z,-103.0,-129.0
Ivica Zubac,Portland Trail Blazers @ Los Angeles Clippers,2025-10-27T01:00:00Z,player_blocks,0.5,draftkings,2025-10-26T14:55:22Z,2025-10-26T14:56:25Z,-148.0,111.0
Kawhi Leonard,Portland Trail Blazers @ Los Angeles Clippers,2025-10-27T01:00:00Z,player_blocks,0.5,draftkings,2025-10-26T14:55:22Z,2025-10-26T14:56:25Z,102.0,-135.0
Toumani Camara,Portland Trail Blazers @ Los Angeles Clippers,2025-10-27T01:00:00Z,player_blocks,0.5,draftkings,2025-10-26T14:55:22Z,2025-10-26T14:56:25Z,158.0,-212.0
Deni Avdija,Portland Trail Blazers @ Los Angeles Clippers,2025-10-27T01:00:00Z,player_blocks,0.5,draftkings,2025-10-26T14:55:22Z,2025-10-26T14:56:25Z,222.0,-306.0
Ivica Zubac,Portland Trail Blazers @ Los Angeles Clippers,2025-10-27T01:00:00Z,player_double_double,,draftkings,2025-10-26T14:55:22Z,2025-10-26T14:56:25Z,,
James Harden,Portland Trail Blazers @ Los Angeles Clippers,2025-10-27T01:00:00Z,player_double_double,,draftkings,2025-10-26T14:55:22Z,2025-10-26T14:56:25Z,,
Donovan Clingan,Portland Trail Blazers @ Los Angeles Clippers,2025-10-27T01:00:00Z,player_double_double,,draftkings,2025-10-26T14:55:22Z,2025-10-26T14:56:25Z,,
Kawhi Leonard,Portland Trail Blazers @ Los Angeles Clippers,2025-10-27T01:00:00Z,player_double_double,,draftkings,2025-10-26T14:55:22Z,2025-10-26T14:56:25Z,,
Jrue Holiday,Portland Trail Blazers @ Los Angeles Clippers,2025-10-27T01:00:00Z,player_double_double,,draftkings,2025-10-26T14:55:22Z,2025-10-26T14:56:25Z,,
Toumani Camara,Portland Trail Blazers @ Los Angeles Clippers,2025-10-27T01:00:00Z,player_double_double,,draftkings,2025-10-26T14:55:22Z,2025-10-26T14:56:25Z,,
Kawhi Leonard,Portland Trail Blazers @ Los Angeles Clippers,2025-10-27T01:00:00Z,player_points,22.5,draftkings,2025-10-26T14:55:22Z,2025-10-26T14:56:25Z,-117.0,-109.0
James Harden,Portland Trail Blazers @ Los Angeles Clippers,2025-10-27T01:00:00Z,player_points,21.5,draftkings,2025-10-26T14:55:22Z,2025-10-26T14:56:25Z,-123.0,-104.0
Shaedon Sharpe,Portland Trail Blazers @ Los Angeles Clippers,2025-10-27T01:00:00Z,player_points,19.5,draftkings,2025-10-26T14:55:22Z,2025-10-26T14:56:25Z,-116.0,-110.0
Deni Avdija,Portland Trail Blazers @ Los Angeles Clippers,2025-10-27T01:00:00Z,player_points,19.5,draftkings,2025-10-26T14:55:22Z,2025-10-26T14:56:25Z,-105.0,-122.0
Ivica Zubac,Portland Trail Blazers @ Los Angeles Clippers,2025-10-27T01:00:00Z,player_points,15.5,draftkings,2025-10-26T14:55:22Z,2025-10-26T14:56:25Z,-101.0,-126.0
Jrue Holiday,Portland Trail Blazers @ Los Angeles Clippers,2025-10-27T01:00:00Z,player_points,12.5,draftkings,2025-10-26T14:55:22Z,2025-10-26T14:56:25Z,-118.0,-108.0
Toumani Camara,Portland Trail Blazers @ Los Angeles Clippers,2025-10-27T01:00:00Z,player_points,11.5,draftkings,2025-10-26T14:55:22Z,2025-10-26T14:56:25Z,-112.0,-113.0
Donovan Clingan,Portland Trail Blazers @ Los Angeles Clippers,2025-10-27T01:00:00Z,player_points,8.5,draftkings,2025-10-26T14:55:22Z,2025-10-26T14:56:25Z,102.0,-130.0
James Harden,Portland Trail Blazers @ Los Angeles Clippers,2025-10-27T01:00:00Z,player_points_rebounds_assists,36.5,draftkings,2025-10-26T14:55:22Z,2025-10-26T14:56:25Z,-114.0,-114.0
Kawhi Leonard,Portland Trail Blazers @ Los Angeles Clippers,2025-10-27T01:00:00Z,player_points_rebounds_assists,32.5,draftkings,2025-10-26T14:55:22Z,2025-10-26T14:56:25Z,-105.0,-123.0
Ivica Zubac,Portland Trail Blazers @ Los Angeles Clippers,2025-10-27T01:00:00Z,player_points_rebounds_assists,27.5,draftkings,2025-10-26T14:55:22Z,2025-10-26T14:56:25Z,-124.0,-104.0
Shaedon Sharpe,Portland Trail Blazers @ Los Angeles Clippers,2025-10-27T01:00:00Z,player_points_rebounds_assists,26.5,draftkings,2025-10-26T14:55:22Z,2025-10-26T14:56:25Z,-114.0,-114.0
Jrue Holiday,Portland Trail Blazers @ Los Angeles Clippers,2025-10-27T01:00:00Z,player_points_rebounds_assists,22.5,draftkings,2025-10-26T14:55:22Z,2025-10-26T14:56:25Z,-121.0,-107.0
Toumani Camara,Portland Trail Blazers @ Los Angeles Clippers,2025-10-27T01:00:00Z,player_points_rebounds_assists,19.5,draftkings,2025-10-26T14:55:22Z,2025-10-26T14:56:25Z,-126.0,-103.0
Ivica Zubac,Portland Trail Blazers @ Los Angeles Clippers,2025-10-27T01:00:00Z,player_rebounds,10.5,draftkings,2025-10-26T14:55:22Z,2025-10-26T14:56:25Z,106.0,-138.0
Donovan Clingan,Portland Trail Blazers @ Los Angeles Clippers,2025-10-27T01:00:00Z,player_rebounds,8.5,draftkings,2025-10-26T14:55:22Z,2025-10-26T14:56:25Z,-146.0,112.0
Deni Avdija,Portland Trail Blazers @ Los Angeles Clippers,2025-10-27T01:00:00Z,player_rebounds,7.5,draftkings,2025-10-26T14:55:22Z,2025-10-26T14:56:25Z,110.0,-143.0
Kawhi Leonard,Portland Trail Blazers @ Los Angeles Clippers,2025-10-27T01:00:00Z,player_rebounds,5.5,draftkings,2025-10-26T14:55:22Z,2025-10-26T14:56:25Z,-142.0,109.0
James Harden,Portland Trail Blazers @ Los Angeles Clippers,2025-10-27T01:00:00Z,player_rebounds,5.5,draftkings,2025-10-26T14:55:22Z,2025-10-26T14:56:25Z,-106.0,-122.0
Toumani Camara,Portland Trail Blazers @ Los Angeles Clippers,2025-10-27T01:00:00Z,player_rebounds,5.5,draftkings,2025-10-26T14:55:22Z,2025-10-26T14:56:25Z,101.0,-131.0
Jrue Holiday,Portland Trail Blazers @ Los Angeles Clippers,2025-10-27T01:00:00Z,player_rebounds,4.5,draftkings,2025-10-26T14:55:22Z,2025-10-26T14:56:25Z,113.0,-147.0
Shaedon Sharpe,Portland Trail Blazers @ Los Angeles Clippers,2025-10-27T01:00:00Z,player_rebounds,4.5,draftkings,2025-10-26T14:55:22Z,2025-10-26T14:56:25Z,117.0,-152.0
Kawhi Leonard,Portland Trail Blazers @ Los Angeles Clippers,2025-10-27T01:00:00Z,player_steals,1.5,draftkings,2025-10-26T14:55:22Z,2025-10-26T14:56:25Z,-102.0,-130.0
Toumani Camara,Portland Trail Blazers @ Los Angeles Clippers,2025-10-27T01:00:00Z,player_steals,1.5,draftkings,2025-10-26T14:55:22Z,2025-10-26T14:56:25Z,106.0,-141.0
James Harden,Portland Trail Blazers @ Los Angeles Clippers,2025-10-27T01:00:00Z,player_steals,1.5,draftkings,2025-10-26T14:55:22Z,2025-10-26T14:56:25Z,175.0,-237.0
Jrue Holiday,Portland Trail Blazers @ Los Angeles Clippers,2025-10-27T01:00:00Z,player_steals,0.5,draftkings,2025-10-26T14:55:22Z,2025-10-26T14:56:25Z,-219.0,163.0
Deni Avdija,Portland Trail Blazers @ Los Angeles Clippers,2025-10-27T01:00:00Z,player_steals,0.5,draftkings,2025-10-26T14:55:22Z,2025-10-26T14:56:25Z,-173.0,130.0
Ivica Zubac,Portland Trail Blazers @ Los Angeles Clippers,2025-10-27T01:00:00Z,player_steals,0.5,draftkings,2025-10-26T14:55:22Z,2025-10-26T14:56:25Z,-133.0,100.0
James Harden,Portland Trail Blazers @ Los Angeles Clippers,2025-10-27T01:00:00Z,player_threes,2.5,draftkings,2025-10-26T14:55:22Z,2025-10-26T14:56:25Z,-150.0,116.0
Shaedon Sharpe,Portland Trail Blazers @ Los Angeles Clippers,2025-10-27T01:00:00Z,player_threes,2.5,draftkings,2025-10-26T14:55:22Z,2025-10-26T14:56:25Z,122.0,-159.0
Deni Avdija,Portland Trail Blazers @ Los Angeles Clippers,2025-10-27T01:00:00Z,player_threes,1.5,draftkings,2025-10-26T14:55:22Z,2025-10-26T14:56:25Z,-189.0,144.0
Kawhi Leonard,Portland Trail Blazers @ Los Angeles Clippers,2025-10-27T01:00:00Z,player_threes,1.5,draftkings,2025-10-26T14:55:22Z,2025-10-26T14:56:25Z,-157.0,121.0
Jrue Holiday,Portland Trail Blazers @ Los Angeles Clippers,2025-10-27T01:00:00Z,player_threes,1.5,draftkings,2025-10-26T14:55:22Z,2025-10-26T14:56:25Z,-147.0,113.0
Toumani Camara,Portland Trail Blazers @ Los Angeles Clippers,2025-10-27T01:00:00Z,player_threes,1.5,draftkings,2025-10-26T14:55:22Z,2025-10-26T14:56:25Z,-131.0,101.0
James Harden,Portland Trail Blazers @ Los Angeles Clippers,2025-10-27T01:00:00Z,player_triple_double,,draftkings,2025-10-26T14:55:22Z,2025-10-26T14:56:25Z,,
Kawhi Leonard,Portland Trail Blazers @ Los Angeles Clippers,2025-10-27T01:00:00Z,player_assists,3.5,betonlineag,2025-10-26T14:55:22Z,2025-10-26T14:55:39Z,124.0,-161.0
Ivica Zubac,Portland Trail Blazers @ Los Angeles Clippers,2025-10-27T01:00:00Z,player_assists,2.5,betonlineag,2025-10-26T14:55:22Z,2025-10-26T14:55:39Z,106.0,-137.0
Shaedon Sharpe,Portland Trail Blazers @ Los Angeles Clippers,2025-10-27T01:00:00Z,player_assists,2.5,betonlineag,2025-10-26T14:55:22Z,2025-10-26T14:55:39Z,-102.0,-127.0
Jrue Holiday,Portland Trail Blazers @ Los Angeles Clippers,2025-10-27T01:00:00Z,player_assists,5.5,betonlineag,2025-10-26T14:55:22Z,2025-10-26T14:55:39Z,-118.0,-110.0
Toumani Camara,Portland Trail Blazers @ Los Angeles Clippers,2025-10-27T01:00:00Z,player_assists,2.5,betonlineag,2025-10-26T14:55:22Z,2025-10-26T14:55:39Z,-125.0,-103.0
James Harden,Portland Trail Blazers @ Los Angeles Clippers,2025-10-27T01:00:00Z,player_assists,8.5,betonlineag,2025-10-26T14:55:22Z,2025-10-26T14:55:39Z,-114.0,-114.0
Deni Avdija,Portland Trail Blazers @ Los Angeles Clippers,2025-10-27T01:00:00Z,player_assists,4.5,betonlineag,2025-10-26T14:55:22Z,2025-10-26T14:55:39Z,-111.0,-116.0
Bradley Beal,Portland Trail Blazers @ Los Angeles Clippers,2025-10-27T01:00:00Z,player_assists,2.5,betonlineag,2025-10-26T14:55:22Z,2025-10-26T14:55:39Z,122.0,-159.0
Kawhi Leonard,Portland Trail Blazers @ Los Angeles Clippers,2025-10-27T01:00:00Z,player_points,22.5,betonlineag,2025-10-26T14:55:22Z,2025-10-26T14:55:39Z,-116.0,-111.0
Ivica Zubac,Portland Trail Blazers @ Los Angeles Clippers,2025-10-27T01:00:00Z,player_points,15.5,betonlineag,2025-10-26T14:55:22Z,2025-10-26T14:55:39Z,100.0,-130.0
Toumani Camara,Portland Trail Blazers @ Los Angeles Clippers,2025-10-27T01:00:00Z,player_points,11.5,betonlineag,2025-10-26T14:55:22Z,2025-10-26T14:55:39Z,-119.0,-109.0
Shaedon Sharpe,Portland Trail Blazers @ Los Angeles Clippers,2025-10-27T01:00:00Z,player_points,19.5,betonlineag,2025-10-26T14:55:22Z,2025-10-26T14:55:39Z,-122.0,-106.0
Jrue Holiday,Portland Trail Blazers @ Los Angeles Clippers,2025-10-27T01:00:00Z,player_points,12.5,betonlineag,2025-10-26T14:55:22Z,2025-10-26T14:55:39Z,-115.0,-112.0
James Harden,Portland Trail Blazers @ Los Angeles Clippers,2025-10-27T01:00:00Z,player_points,21.5,betonlineag,2025-10-26T14:55:22Z,2025-10-26T14:55:39Z,-110.0,-118.0
Donovan Clingan,Portland Trail Blazers @ Los Angeles Clippers,2025-10-27T01:00:00Z,player_points,8.5,betonlineag,2025-10-26T14:55:22Z,2025-10-26T14:55:39Z,-101.0,-128.0
Deni Avdija,Portland Trail Blazers @ Los Angeles Clippers,2025-10-27T01:00:00Z,player_points,20.5,betonlineag,2025-10-26T14:55:22Z,2025-10-26T14:55:39Z,-108.0,-120.0
Derrick Jones,Portland Trail Blazers @ Los Angeles Clippers,2025-10-27T01:00:00Z,player_points,8.5,betonlineag,2025-10-26T14:55:22Z,2025-10-26T14:55:39Z,-114.0,-114.0
Bradley Beal,Portland Trail Blazers @ Los Angeles Clippers,2025-10-27T01:00:00Z,player_points,10.5,betonlineag,2025-10-26T14:55:22Z,2025-10-26T14:55:39Z,-105.0,-123.0
Kawhi Leonard,Portland Trail Blazers @ Los Angeles Clippers,2025-10-27T01:00:00Z,player_points_rebounds_assists,32.5,betonlineag,2025-10-26T14:55:22Z,2025-10-26T14:55:39Z,-106.0,-122.0
Jrue Holiday,Portland Trail Blazers @ Los Angeles Clippers,2025-10-27T01:00:00Z,player_points_rebounds_assists,22.5,betonlineag,2025-10-26T14:55:22Z,2025-10-26T14:55:39Z,-120.0,-108.0
Toumani Camara,Portland Trail Blazers @ Los Angeles Clippers,2025-10-27T01:00:00Z,player_points_rebounds_assists,20.5,betonlineag,2025-10-26T14:55:22Z,2025-10-26T14:55:39Z,-102.0,-127.0
Shaedon Sharpe,Portland Trail Blazers @ Los Angeles Clippers,2025-10-27T01:00:00Z,player_points_rebounds_assists,26.5,betonlineag,2025-10-26T14:55:22Z,2025-10-26T14:55:39Z,-118.0,-110.0
James Harden,Portland Trail Blazers @ Los Angeles Clippers,2025-10-27T01:00:00Z,player_points_rebounds_assists,36.5,betonlineag,2025-10-26T14:55:22Z,2025-10-26T14:55:39Z,-111.0,-116.0
Deni Avdija,Portland Trail Blazers @ Los Angeles Clippers,2025-10-27T01:00:00Z,player_points_rebounds_assists,32.5,betonlineag,2025-10-26T14:55:22Z,2025-10-26T14:55:39Z,-109.0,-119.0
Ivica Zubac,Portland Trail Blazers @ Los Angeles Clippers,2025-10-27T01:00:00Z,player_points_rebounds_assists,27.5,betonlineag,2025-10-26T14:55:22Z,2025-10-26T14:55:39Z,-120.0,-108.0
Bradley Beal,Portland Trail Blazers @ Los Angeles Clippers,2025-10-27T01:00:00Z,player_points_rebounds_assists,15.5,betonlineag,2025-10-26T14:55:22Z,2025-10-26T14:55:39Z,-108.0,-120.0
Ivica Zubac,Portland Trail Blazers @ Los Angeles Clippers,2025-10-27T01:00:00Z,player_rebounds,10.5,betonlineag,2025-10-26T14:55:22Z,2025-10-26T14:55:39Z,109.0,-141.0
Kawhi Leonard,Portland Trail Blazers @ Los Angeles Clippers,2025-10-27T01:00:00Z,player_rebounds,5.5,betonlineag,2025-10-26T14:55:22Z,2025-10-26T14:55:39Z,-154.0,118.0
Toumani Camara,Portland Trail Blazers @ Los Angeles Clippers,2025-10-27T01:00:00Z,player_rebounds,5.5,betonlineag,2025-10-26T14:55:22Z,2025-10-26T14:55:39Z,107.0,-139.0
Shaedon Sharpe,Portland Trail Blazers @ Los Angeles Clippers,2025-10-27T01:00:00Z,player_rebounds,4.5,betonlineag,2025-10-26T14:55:22Z,2025-10-26T14:55:39Z,115.0,-149.0
Jrue Holiday,Portland Trail Blazers @ Los Angeles Clippers,2025-10-27T01:00:00Z,player_rebounds,4.5,betonlineag,2025-10-26T14:55:22Z,2025-10-26T14:55:39Z,118.0,-154.0
James Harden,Portland Trail Blazers @ Los Angeles Clippers,2025-10-27T01:00:00Z,player_rebounds,5.5,betonlineag,2025-10-26T14:55:22Z,2025-10-26T14:55:39Z,102.0,-132.0
Deni Avdija,Portland Trail Blazers @ Los Angeles Clippers,2025-10-27T01:00:00Z,player_rebounds,7.5,betonlineag,2025-10-26T14:55:22Z,2025-10-26T14:55:39Z,112.0,-145.0
Donovan Clingan,Portland Trail Blazers @ Los Angeles Clippers,2025-10-27T01:00:00Z,player_rebounds,9.5,betonlineag,2025-10-26T14:55:22Z,2025-10-26T14:55:39Z,100.0,-130.0
Bradley Beal,Portland Trail Blazers @ Los Angeles Clippers,2025-10-27T01:00:00Z,player_rebounds,2.5,betonlineag,2025-10-26T14:55:22Z,2025-10-26T14:55:39Z,136.0,-179.0
Derrick Jones,Portland Trail Blazers @ Los Angeles Clippers,2025-10-27T01:00:00Z,player_rebounds,2.5,betonlineag,2025-10-26T14:55:22Z,2025-10-26T14:55:39Z,-141.0,108.0
Kawhi Leonard,Portland Trail Blazers @ Los Angeles Clippers,2025-10-27T01:00:00Z,player_threes,1.5,betonlineag,2025-10-26T14:55:22Z,2025-10-26T14:55:39Z,-161.0,124.0
Toumani Camara,Portland Trail Blazers @ Los Angeles Clippers,2025-10-27T01:00:00Z,player_threes,1.5,betonlineag,2025-10-26T14:55:22Z,2025-10-26T14:55:39Z,-132.0,102.0
Shaedon Sharpe,Portland Trail Blazers @ Los Angeles Clippers,2025-10-27T01:00:00Z,player_threes,2.5,betonlineag,2025-10-26T14:55:22Z,2025-10-26T14:55:39Z,126.0,-164.0
Jrue Holiday,Portland Trail Blazers @ Los Angeles Clippers,2025-10-27T01:00:00Z,player_threes,1.5,betonlineag,2025-10-26T14:55:22Z,2025-10-26T14:55:39Z,-145.0,111.0
Deni Avdija,Portland Trail Blazers @ Los Angeles Clippers,2025-10-27T01:00:00Z,player_threes,1.5,betonlineag,2025-10-26T14:55:22Z,2025-10-26T14:55:39Z,-182.0,139.0
James Harden,Portland Trail Blazers @ Los Angeles Clippers,2025-10-27T01:00:00Z,player_threes,2.5,betonlineag,2025-10-26T14:55:22Z,2025-10-26T14:55:39Z,-147.0,113.0
Donovan Clingan,Portland Trail Blazers @ Los Angeles Clippers,2025-10-27T01:00:00Z,player_threes,0.5,betonlineag,2025-10-26T14:55:22Z,2025-10-26T14:55:39Z,132.0,-172.0
Bradley Beal,Portland Trail Blazers @ Los Angeles Clippers,2025-10-27T01:00:00Z,player_threes,1.5,betonlineag,2025-10-26T14:55:22Z,2025-10-26T14:55:39Z,126.0,-164.0
Derrick Jones,Portland Trail Blazers @ Los Angeles Clippers,2025-10-27T01:00:00Z,player_threes,0.5,betonlineag,2025-10-26T14:55:22Z,2025-10-26T14:55:39Z,-204.0,154.0
Toumani Camara,Portland Trail Blazers @ Los Angeles Clippers,2025-10-27T01:00:00Z,player_assists,2.5,fanatics,2025-10-26T14:55:12Z,2025-10-26T14:56:07Z,-130.0,100.0
Shaedon Sharpe,Portland Trail Blazers @ Los Angeles Clippers,2025-10-27T01:00:00Z,player_assists,2.5,fanatics,2025-10-26T14:55:12Z,2025-10-26T14:56:07Z,100.0,-130.0
James Harden,Portland Trail Blazers @ Los Angeles Clippers,2025-10-27T01:00:00Z,player_assists,8.5,fanatics,2025-10-26T14:55:12Z,2025-10-26T14:56:07Z,-120.0,-110.0
Deni Avdija,Portland Trail Blazers @ Los Angeles Clippers,2025-10-27T01:00:00Z,player_assists,4.5,fanatics,2025-10-26T14:55:12Z,2025-10-26T14:56:07Z,-115.0,-115.0
Ivica Zubac,Portland Trail Blazers @ Los Angeles Clippers,2025-10-27T01:00:00Z,player_assists,2.5,fanatics,2025-10-26T14:55:12Z,2025-10-26T14:56:07Z,105.0,-140.0
Kawhi Leonard,Portland Trail Blazers @ Los Angeles Clippers,2025-10-27T01:00:00Z,player_assists,3.5,fanatics,2025-10-26T14:55:12Z,2025-10-26T14:56:07Z,120.0,-165.0
Jrue Holiday,Portland Trail Blazers @ Los Angeles Clippers,2025-10-27T01:00:00Z,player_assists,5.5,fanatics,2025-10-26T14:55:12Z,2025-10-26T14:56:07Z,-125.0,-105.0
Donovan Clingan,Portland Trail Blazers @ Los Angeles Clippers,2025-10-27T01:00:00Z,player_assists,1.5,fanatics,2025-10-26T14:55:12Z,2025-10-26T14:56:07Z,-105.0,-125.0
Bradley Beal,Portland Trail Blazers @ Los Angeles Clippers,2025-10-27T01:00:00Z,player_assists,2.5,fanatics,2025-10-26T14:55:12Z,2025-10-26T14:56:07Z,120.0,-165.0
Brook Lopez,Portland Trail Blazers @ Los Angeles Clippers,2025-10-27T01:00:00Z,player_assists,0.5,fanatics,2025-10-26T14:55:12Z,2025-10-26T14:56:07Z,-120.0,-110.0
Derrick Jones,Portland Trail Blazers @ Los Angeles Clippers,2025-10-27T01:00:00Z,player_assists,0.5,fanatics,2025-10-26T14:55:12Z,2025-10-26T14:56:07Z,-175.0,125.0
Jerami Grant,Portland Trail Blazers @ Los Angeles Clippers,2025-10-27T01:00:00Z,player_assists,1.5,fanatics,2025-10-26T14:55:12Z,2025-10-26T14:56:07Z,-125.0,-105.0
Kris Murray,Portland Trail Blazers @ Los Angeles Clippers,2025-10-27T01:00:00Z,player_assists,0.5,fanatics,2025-10-26T14:55:12Z,2025-10-26T14:56:07Z,-240.0,150.0
Blake Wesley,Portland Trail Blazers @ Los Angeles Clippers,2025-10-27T01:00:00Z,player_assists,2.5,fanatics,2025-10-26T14:55:12Z,2025-10-26T14:56:07Z,-105.0,-125.0
Kawhi Leonard,Portland Trail Blazers @ Los Angeles Clippers,2025-10-27T01:00:00Z,player_double_double,,fanatics,2025-10-26T14:55:12Z,2025-10-26T14:56:07Z,,
James Harden,Portland Trail Blazers @ Los Angeles Clippers,2025-10-27T01:00:00Z,player_double_double,,fanatics,2025-10-26T14:55:12Z,2025-10-26T14:56:07Z,,
Ivica Zubac,Portland Trail Blazers @ Los Angeles Clippers,2025-10-27T01:00:00Z,player_double_double,,fanatics,2025-10-26T14:55:12Z,2025-10-26T14:56:07Z,,
Deni Avdija,Portland Trail Blazers @ Los Angeles Clippers,2025-10-27T01:00:00Z,player_double_double,,fanatics,2025-10-26T14:55:12Z,2025-10-26T14:56:07Z,,
Shaedon Sharpe,Portland Trail Blazers @ Los Angeles Clippers,2025-10-27T01:00:00Z,player_double_double,,fanatics,2025-10-26T14:55:12Z,2025-10-26T14:56:07Z,,
Jrue Holiday,Portland Trail Blazers @ Los Angeles Clippers,2025-10-27T01:00:00Z,player_double_double,,fanatics,2025-10-26T14:55:12Z,2025-10-26T14:56:07Z,,
Toumani Camara,Portland Trail Blazers @ Los Angeles Clippers,2025-10-27T01:00:00Z,player_double_double,,fanatics,2025-10-26T14:55:12Z,2025-10-26T14:56:07Z,,
Donovan Clingan,Portland Trail Blazers @ Los Angeles Clippers,2025-10-27T01:00:00Z,player_double_double,,fanatics,2025-10-26T14:55:12Z,2025-10-26T14:56:07Z,,
Brook Lopez,Portland Trail Blazers @ Los Angeles Clippers,2025-10-27T01:00:00Z,player_double_double,,fanatics,2025-10-26T14:55:12Z,2025-10-26T14:56:07Z,,
Jrue Holiday,Portland Trail Blazers @ Los Angeles Clippers,2025-10-27T01:00:00Z,player_points,12.5,fanatics,2025-10-26T14:55:12Z,2025-10-26T14:56:07Z,-125.0,-105.0
Deni Avdija,Portland Trail Blazers @ Los Angeles Clippers,2025-10-27T01:00:00Z,player_points,20.5,fanatics,2025-10-26T14:55:12Z,2025-10-26T14:56:07Z,-105.0,-125.0
Ivica Zubac,Portland Trail Blazers @ Los Angeles Clippers,2025-10-27T01:00:00Z,player_points,15.5,fanatics,2025-10-26T14:55:12Z,2025-10-26T14:56:07Z,100.0,-130.0
Toumani Camara,Portland Trail Blazers @ Los Angeles Clippers,2025-10-27T01:00:00Z,player_points,11.5,fanatics,2025-10-26T14:55:12Z,2025-10-26T14:56:07Z,-125.0,-105.0
Kawhi Leonard,Portland Trail Blazers @ Los Angeles Clippers,2025-10-27T01:00:00Z,player_points,22.5,fanatics,2025-10-26T14:55:12Z,2025-10-26T14:56:07Z,-120.0,-110.0
James Harden,Portland Trail Blazers @ Los Angeles Clippers,2025-10-27T01:00:00Z,player_points,21.5,fanatics,2025-10-26T14:55:12Z,2025-10-26T14:56:07Z,-105.0,-125.0
Donovan Clingan,Portland Trail Blazers @ Los Angeles Clippers,2025-10-27T01:00:00Z,player_points,8.5,fanatics,2025-10-26T14:55:12Z,2025-10-26T14:56:07Z,100.0,-130.0
Shaedon Sharpe,Portland Trail Blazers @ Los Angeles Clippers,2025-10-27T01:00:00Z,player_points,19.5,fanatics,2025-10-26T14:55:12Z,2025-10-26T14:56:07Z,-120.0,-110.0
Bradley Beal,Portland Trail Blazers @ Los Angeles Clippers,2025-10-27T01:00:00Z,player_points,10.5,fanatics,2025-10-26T14:55:12Z,2025-10-26T14:56:07Z,-105.0,-125.0
Brook Lopez,Portland Trail Blazers @ Los Angeles Clippers,2025-10-27T01:00:00Z,player_points,6.5,fanatics,2025-10-26T14:55:12Z,2025-10-26T14:56:07Z,-130.0,100.0
Derrick Jones,Portland Trail Blazers @ Los Angeles Clippers,2025-10-27T01:00:00Z,player_points,8.5,fanatics,2025-10-26T14:55:12Z,2025-10-26T14:56:07Z,-115.0,-115.0
Jerami Grant,Portland Trail Blazers @ Los Angeles Clippers,2025-10-27T01:00:00Z,player_points,15.5,fanatics,2025-10-26T14:55:12Z,2025-10-26T14:56:07Z,-115.0,-115.0
Kris Murray,Portland Trail Blazers @ Los Angeles Clippers,2025-10-27T01:00:00Z,player_points,5.5,fanatics,2025-10-26T14:55:12Z,2025-10-26T14:56:07Z,110.0,-145.0
Blake Wesley,Portland Trail Blazers @ Los Angeles Clippers,2025-10-27T01:00:00Z,player_points,4.5,fanatics,2025-10-26T14:55:12Z,2025-10-26T14:56:07Z,100.0,-130.0
Kris Murray,Portland Trail Blazers @ Los Angeles Clippers,2025-10-27T01:00:00Z,player_points_rebounds_assists,9.5,fanatics,2025-10-26T14:55:12Z,2025-10-26T14:56:07Z,105.0,-140.0
Ivica Zubac,Portland Trail Blazers @ Los Angeles Clippers,2025-10-27T01:00:00Z,player_points_rebounds_assists,27.5,fanatics,2025-10-26T14:55:12Z,2025-10-26T14:56:07Z,-125.0,-105.0
James Harden,Portland Trail Blazers @ Los Angeles Clippers,2025-10-27T01:00:00Z,player_points_rebounds_assists,36.5,fanatics,2025-10-26T14:55:12Z,2025-10-26T14:56:07Z,-115.0,-115.0
Toumani Camara,Portland Trail Blazers @ Los Angeles Clippers,2025-10-27T01:00:00Z,player_points_rebounds_assists,20.5,fanatics,2025-10-26T14:55:12Z,2025-10-26T14:56:07Z,-105.0,-125.0
Donovan Clingan,Portland Trail Blazers @ Los Angeles Clippers,2025-10-27T01:00:00Z,player_points_rebounds_assists,19.5,fanatics,2025-10-26T14:55:12Z,2025-10-26T14:56:07Z,-105.0,-125.0
Jrue Holiday,Portland Trail Blazers @ Los Angeles Clippers,2025-10-27T01:00:00Z,player_points_rebounds_assists,23.5,fanatics,2025-10-26T14:55:12Z,2025-10-26T14:56:07Z,-105.0,-125.0
Kawhi Leonard,Portland Trail Blazers @ Los Angeles Clippers,2025-10-27T01:00:00Z,player_points_rebounds_assists,32.5,fanatics,2025-10-26T14:55:12Z,2025-10-26T14:56:07Z,-110.0,-120.0
Deni Avdija,Portland Trail Blazers @ Los Angeles Clippers,2025-10-27T01:00:00Z,player_points_rebounds_assists,32.5,fanatics,2025-10-26T14:55:12Z,2025-10-26T14:56:07Z,-105.0,-125.0
Brook Lopez,Portland Trail Blazers @ Los Angeles Clippers,2025-10-27T01:00:00Z,player_points_rebounds_assists,11.5,fanatics,2025-10-26T14:55:12Z,2025-10-26T14:56:07Z,-105.0,-125.0
Shaedon Sharpe,Portland Trail Blazers @ Los Angeles Clippers,2025-10-27T01:00:00Z,player_points_rebounds_assists,26.5,fanatics,2025-10-26T14:55:12Z,2025-10-26T14:56:07Z,-115.0,-115.0
Jerami Grant,Portland Trail Blazers @ Los Angeles Clippers,2025-10-27T01:00:00Z,player_points_rebounds_assists,19.5,fanatics,2025-10-26T14:55:12Z,2025-10-26T14:56:07Z,-125.0,-105.0
Derrick Jones,Portland Trail Blazers @ Los Angeles Clippers,2025-10-27T01:00:00Z,player_points_rebounds_assists,12.5,fanatics,2025-10-26T14:55:12Z,2025-10-26T14:56:07Z,-115.0,-115.0
Blake Wesley,Portland Trail Blazers @ Los Angeles Clippers,2025-10-27T01:00:00Z,player_points_rebounds_assists,8.5,fanatics,2025-10-26T14:55:12Z,2025-10-26T14:56:07Z,-115.0,-115.0
Bradley Beal,Portland Trail Blazers @ Los Angeles Clippers,2025-10-27T01:00:00Z,player_points_rebounds_assists,14.5,fanatics,2025-10-26T14:55:12Z,2025-10-26T14:56:07Z,-125.0,-105.0
Jrue Holiday,Portland Trail Blazers @ Los Angeles Clippers,2025-10-27T01:00:00Z,player_rebounds,4.5,fanatics,2025-10-26T14:55:12Z,2025-10-26T14:56:07Z,115.0,-150.0
Toumani Camara,Portland Trail Blazers @ Los Angeles Clippers,2025-10-27T01:00:00Z,player_rebounds,5.5,fanatics,2025-10-26T14:55:12Z,2025-10-26T14:56:07Z,110.0,-145.0
James Harden,Portland Trail Blazers @ Los Angeles Clippers,2025-10-27T01:00:00Z,player_rebounds,5.5,fanatics,2025-10-26T14:55:12Z,2025-10-26T14:56:07Z,100.0,-130.0
Deni Avdija,Portland Trail Blazers @ Los Angeles Clippers,2025-10-27T01:00:00Z,player_rebounds,7.5,fanatics,2025-10-26T14:55:12Z,2025-10-26T14:56:07Z,105.0,-140.0
Ivica Zubac,Portland Trail Blazers @ Los Angeles Clippers,2025-10-27T01:00:00Z,player_rebounds,10.5,fanatics,2025-10-26T14:55:12Z,2025-10-26T14:56:07Z,105.0,-140.0
Kawhi Leonard,Portland Trail Blazers @ Los Angeles Clippers,2025-10-27T01:00:00Z,player_rebounds,5.5,fanatics,2025-10-26T14:55:12Z,2025-10-26T14:56:07Z,-145.0,110.0
Shaedon Sharpe,Portland Trail Blazers @ Los Angeles Clippers,2025-10-27T01:00:00Z,player_rebounds,4.5,fanatics,2025-10-26T14:55:12Z,2025-10-26T14:56:07Z,110.0,-145.0
Donovan Clingan,Portland Trail Blazers @ Los Angeles Clippers,2025-10-27T01:00:00Z,player_rebounds,9.5,fanatics,2025-10-26T14:55:12Z,2025-10-26T14:56:07Z,105.0,-140.0
Bradley Beal,Portland Trail Blazers @ Los Angeles Clippers,2025-10-27T01:00:00Z,player_rebounds,2.5,fanatics,2025-10-26T14:55:12Z,2025-10-26T14:56:07Z,125.0,-175.0
Brook Lopez,Portland Trail Blazers @ Los Angeles Clippers,2025-10-27T01:00:00Z,player_rebounds,3.5,fanatics,2025-10-26T14:55:12Z,2025-10-26T14:56:07Z,105.0,-140.0
Derrick Jones,Portland Trail Blazers @ Los Angeles Clippers,2025-10-27T01:00:00Z,player_rebounds,2.5,fanatics,2025-10-26T14:55:12Z,2025-10-26T14:56:07Z,-140.0,105.0
Jerami Grant,Portland Trail Blazers @ Los Angeles Clippers,2025-10-27T01:00:00Z,player_rebounds,2.5,fanatics,2025-10-26T14:55:12Z,2025-10-26T14:56:07Z,-105.0,-125.0
Kris Murray,Portland Trail Blazers @ Los Angeles Clippers,2025-10-27T01:00:00Z,player_rebounds,2.5,fanatics,2025-10-26T14:55:12Z,2025-10-26T14:56:07Z,-145.0,110.0
Blake Wesley,Portland Trail Blazers @ Los Angeles Clippers,2025-10-27T01:00:00Z,player_rebounds,1.5,fanatics,2025-10-26T14:55:12Z,2025-10-26T14:56:07Z,105.0,-140.0
Jrue Holiday,Portland Trail Blazers @ Los Angeles Clippers,2025-10-27T01:00:00Z,player_threes,1.5,fanatics,2025-10-26T14:55:12Z,2025-10-26T14:56:07Z,-145.0,110.0
James Harden,Portland Trail Blazers @ Los Angeles Clippers,2025-10-27T01:00:00Z,player_threes,2.5,fanatics,2025-10-26T14:55:12Z,2025-10-26T14:56:07Z,-145.0,110.0
Kawhi Leonard,Portland Trail Blazers @ Los Angeles Clippers,2025-10-27T01:00:00Z,player_threes,1.5,fanatics,2025-10-26T14:55:12Z,2025-10-26T14:56:07Z,-165.0,120.0
Deni Avdija,Portland Trail Blazers @ Los Angeles Clippers,2025-10-27T01:00:00Z,player_threes,1.5,fanatics,2025-10-26T14:55:12Z,2025-10-26T14:56:07Z,-190.0,130.0
Toumani Camara,Portland Trail Blazers @ Los Angeles Clippers,2025-10-27T01:00:00Z,player_threes,1.5,fanatics,2025-10-26T14:55:12Z,2025-10-26T14:56:07Z,-130.0,100.0
Shaedon Sharpe,Portland Trail Blazers @ Los Angeles Clippers,2025-10-27T01:00:00Z,player_threes,2.5,fanatics,2025-10-26T14:55:12Z,2025-10-26T14:56:07Z,120.0,-165.0
Donovan Clingan,Portland Trail Blazers @ Los Angeles Clippers,2025-10-27T01:00:00Z,player_threes,0.5,fanatics,2025-10-26T14:55:12Z,2025-10-26T14:56:07Z,140.0,-225.0
Bradley Beal,Portland Trail Blazers @ Los Angeles Clippers,2025-10-27T01:00:00Z,player_threes,1.5,fanatics,2025-10-26T14:55:12Z,2025-10-26T14:56:07Z,120.0,-165.0
Brook Lopez,Portland Trail Blazers @ Los Angeles Clippers,2025-10-27T01:00:00Z,player_threes,1.5,fanatics,2025-10-26T14:55:12Z,2025-10-26T14:56:07Z,130.0,-190.0
Derrick Jones,Portland Trail Blazers @ Los Angeles Clippers,2025-10-27T01:00:00Z,player_threes,0.5,fanatics,2025-10-26T14:55:12Z,2025-10-26T14:56:07Z,-250.0,155.0
Jerami Grant,Portland Trail Blazers @ Los Angeles Clippers,2025-10-27T01:00:00Z,player_threes,1.5,fanatics,2025-10-26T14:55:12Z,2025-10-26T14:56:07Z,-175.0,125.0
Kris Murray,Portland Trail Blazers @ Los Angeles Clippers,2025-10-27T01:00:00Z,player_threes,0.5,fanatics,2025-10-26T14:55:12Z,2025-10-26T14:56:07Z,105.0,-140.0
Blake Wesley,Portland Trail Blazers @ Los Angeles Clippers,2025-10-27T01:00:00Z,player_threes,0.5,fanatics,2025-10-26T14:55:12Z,2025-10-26T14:56:07Z,140.0,-225.0
James Harden,Portland Trail Blazers @ Los Angeles Clippers,2025-10-27T01:00:00Z,player_triple_double,,fanatics,2025-10-26T14:55:12Z,2025-10-26T14:56:07Z,,
Ivica Zubac,Portland Trail Blazers @ Los Angeles Clippers,2025-10-27T01:00:00Z,player_assists,2.5,williamhill_us,2025-10-26T14:54:39Z,2025-10-26T14:55:58Z,105.0,-141.0
Shaedon Sharpe,Portland Trail Blazers @ Los Angeles Clippers,2025-10-27T01:00:00Z,player_assists,2.5,williamhill_us,2025-10-26T14:54:39Z,2025-10-26T14:55:58Z,-107.0,-125.0
Jrue Holiday,Portland Trail Blazers @ Los Angeles Clippers,2025-10-27T01:00:00Z,player_assists,5.5,williamhill_us,2025-10-26T14:54:39Z,2025-10-26T14:55:58Z,-120.0,-113.0
Bradley Beal,Portland Trail Blazers @ Los Angeles Clippers,2025-10-27T01:00:00Z,player_assists,2.5,williamhill_us,2025-10-26T14:54:39Z,2025-10-26T14:55:58Z,125.0,-170.0
James Harden,Portland Trail Blazers @ Los Angeles Clippers,2025-10-27T01:00:00Z,player_assists,8.5,williamhill_us,2025-10-26T14:54:39Z,2025-10-26T14:55:58Z,-122.0,-110.0
Kawhi Leonard,Portland Trail Blazers @ Los Angeles Clippers,2025-10-27T01:00:00Z,player_assists,3.5,williamhill_us,2025-10-26T14:54:39Z,2025-10-26T14:55:58Z,115.0,-159.0
Deni Avdija,Portland Trail Blazers @ Los Angeles Clippers,2025-10-27T01:00:00Z,player_assists,4.5,williamhill_us,2025-10-26T14:54:39Z,2025-10-26T14:55:58Z,-114.0,-118.0
Ivica Zubac,Portland Trail Blazers @ Los Angeles Clippers,2025-10-27T01:00:00Z,player_double_double,,williamhill_us,2025-10-26T14:54:39Z,2025-10-26T14:55:58Z,,
James Harden,Portland Trail Blazers @ Los Angeles Clippers,2025-10-27T01:00:00Z,player_double_double,,williamhill_us,2025-10-26T14:54:39Z,2025-10-26T14:55:58Z,,
Deni Avdija,Portland Trail Blazers @ Los Angeles Clippers,2025-10-27T01:00:00Z,player_double_double,,williamhill_us,2025-10-26T14:54:39Z,2025-10-26T14:55:58Z,,
Donovan Clingan,Portland Trail Blazers @ Los Angeles Clippers,2025-10-27T01:00:00Z,player_double_double,,williamhill_us,2025-10-26T14:54:39Z,2025-10-26T14:55:58Z,,
Kawhi Leonard,Portland Trail Blazers @ Los Angeles Clippers,2025-10-27T01:00:00Z,player_double_double,,williamhill_us,2025-10-26T14:54:39Z,2025-10-26T14:55:58Z,,
Jrue Holiday,Portland Trail Blazers @ Los Angeles Clippers,2025-10-27T01:00:00Z,player_double_double,,williamhill_us,2025-10-26T14:54:39Z,2025-10-26T14:55:58Z,,
Toumani Camara,Portland Trail Blazers @ Los Angeles Clippers,2025-10-27T01:00:00Z,player_double_double,,williamhill_us,2025-10-26T14:54:39Z,2025-10-26T14:55:58Z,,
Shaedon Sharpe,Portland Trail Blazers @ Los Angeles Clippers,2025-10-27T01:00:00Z,player_double_double,,williamhill_us,2025-10-26T14:54:39Z,2025-10-26T14:55:58Z,,
Ivica Zubac,Portland Trail Blazers @ Los Angeles Clippers,2025-10-27T01:00:00Z,player_points,14.5,williamhill_us,2025-10-26T14:54:39Z,2025-10-26T14:55:58Z,-127.0,-107.0
Derrick Jones,Portland Trail Blazers @ Los Angeles Clippers,2025-10-27T01:00:00Z,player_points,8.5,williamhill_us,2025-10-26T14:54:39Z,2025-10-26T14:55:58Z,-121.0,-112.0
Jerami Grant,Portland Trail Blazers @ Los Angeles Clippers,2025-10-27T01:00:00Z,player_points,15.5,williamhill_us,2025-10-26T14:54:39Z,2025-10-26T14:55:58Z,-115.0,-117.0
Deni Avdija,Portland Trail Blazers @ Los Angeles Clippers,2025-10-27T01:00:00Z,player_points,20.5,williamhill_us,2025-10-26T14:54:39Z,2025-10-26T14:55:58Z,-113.0,-120.0
Kawhi Leonard,Portland Trail Blazers @ Los Angeles Clippers,2025-10-27T01:00:00Z,player_points,22.5,williamhill_us,2025-10-26T14:54:39Z,2025-10-26T14:55:58Z,-121.0,-112.0
Toumani Camara,Portland Trail Blazers @ Los Angeles Clippers,2025-10-27T01:00:00Z,player_points,11.5,williamhill_us,2025-10-26T14:54:39Z,2025-10-26T14:55:58Z,-120.0,-113.0
Donovan Clingan,Portland Trail Blazers @ Los Angeles Clippers,2025-10-27T01:00:00Z,player_points,8.5,williamhill_us,2025-10-26T14:54:39Z,2025-10-26T14:55:58Z,-108.0,-125.0
James Harden,Portland Trail Blazers @ Los Angeles Clippers,2025-10-27T01:00:00Z,player_points,21.5,williamhill_us,2025-10-26T14:54:39Z,2025-10-26T14:55:58Z,-121.0,-112.0
Jrue Holiday,Portland Trail Blazers @ Los Angeles Clippers,2025-10-27T01:00:00Z,player_points,12.5,williamhill_us,2025-10-26T14:54:39Z,2025-10-26T14:55:58Z,-113.0,-120.0
Shaedon Sharpe,Portland Trail Blazers @ Los Angeles Clippers,2025-10-27T01:00:00Z,player_points,19.5,williamhill_us,2025-10-26T14:54:39Z,2025-10-26T14:55:58Z,-128.0,-102.0
Deni Avdija,Portland Trail Blazers @ Los Angeles Clippers,2025-10-27T01:00:00Z,player_rebounds,7.5,williamhill_us,2025-10-26T14:54:39Z,2025-10-26T14:55:58Z,105.0,-148.0
James Harden,Portland Trail Blazers @ Los Angeles Clippers,2025-10-27T01:00:00Z,player_rebounds,5.5,williamhill_us,2025-10-26T14:54:39Z,2025-10-26T14:55:58Z,100.0,-139.0
Toumani Camara,Portland Trail Blazers @ Los Angeles Clippers,2025-10-27T01:00:00Z,player_rebounds,5.5,williamhill_us,2025-10-26T14:54:39Z,2025-10-26T14:55:58Z,100.0,-137.0
Bradley Beal,Portland Trail Blazers @ Los Angeles Clippers,2025-10-27T01:00:00Z,player_rebounds,2.5,williamhill_us,2025-10-26T14:54:39Z,2025-10-26T14:55:58Z,130.0,-179.0
Shaedon Sharpe,Portland Trail Blazers @ Los Angeles Clippers,2025-10-27T01:00:00Z,player_rebounds,4.5,williamhill_us,2025-10-26T14:54:39Z,2025-10-26T14:55:58Z,110.0,-152.0
Jrue Holiday,Portland Trail Blazers @ Los Angeles Clippers,2025-10-27T01:00:00Z,player_rebounds,4.5,williamhill_us,2025-10-26T14:54:39Z,2025-10-26T14:55:58Z,115.0,-159.0
Jerami Grant,Portland Trail Blazers @ Los Angeles Clippers,2025-10-27T01:00:00Z,player_rebounds,2.5,williamhill_us,2025-10-26T14:54:39Z,2025-10-26T14:55:58Z,-108.0,-125.0
Brook Lopez,Portland Trail Blazers @ Los Angeles Clippers,2025-10-27T01:00:00Z,player_rebounds,3.5,williamhill_us,2025-10-26T14:54:39Z,2025-10-26T14:55:58Z,105.0,-145.0
Kris Murray,Portland Trail Blazers @ Los Angeles Clippers,2025-10-27T01:00:00Z,player_rebounds,2.5,williamhill_us,2025-10-26T14:54:39Z,2025-10-26T14:55:58Z,-150.0,110.0
Ivica Zubac,Portland Trail Blazers @ Los Angeles Clippers,2025-10-27T01:00:00Z,player_rebounds,10.5,williamhill_us,2025-10-26T14:54:39Z,2025-10-26T14:55:58Z,-102.0,-134.0
Donovan Clingan,Portland Trail Blazers @ Los Angeles Clippers,2025-10-27T01:00:00Z,player_rebounds,8.5,williamhill_us,2025-10-26T14:54:39Z,2025-10-26T14:55:58Z,-154.0,110.0
Kawhi Leonard,Portland Trail Blazers @ Los Angeles Clippers,2025-10-27T01:00:00Z,player_rebounds,5.5,williamhill_us,2025-10-26T14:54:39Z,2025-10-26T14:55:58Z,-143.0,105.0
Derrick Jones,Portland Trail Blazers @ Los Angeles Clippers,2025-10-27T01:00:00Z,player_rebounds,2.5,williamhill_us,2025-10-26T14:54:39Z,2025-10-26T14:55:58Z,-141.0,100.0
James Harden,Portland Trail Blazers @ Los Angeles Clippers,2025-10-27T01:00:00Z,player_threes,2.5,williamhill_us,2025-10-26T14:54:39Z,2025-10-26T14:55:58Z,-150.0,110.0
Shaedon Sharpe,Portland Trail Blazers @ Los Angeles Clippers,2025-10-27T01:00:00Z,player_threes,2.5,williamhill_us,2025-10-26T14:54:39Z,2025-10-26T14:55:58Z,120.0,-164.0
Jerami Grant,Portland Trail Blazers @ Los Angeles Clippers,2025-10-27T01:00:00Z,player_threes,1.5,williamhill_us,2025-10-26T14:54:39Z,2025-10-26T14:55:58Z,-176.0,125.0
Toumani Camara,Portland Trail Blazers @ Los Angeles Clippers,2025-10-27T01:00:00Z,player_threes,1.5,williamhill_us,2025-10-26T14:54:39Z,2025-10-26T14:55:58Z,-139.0,100.0
Jrue Holiday,Portland Trail Blazers @ Los Angeles Clippers,2025-10-27T01:00:00Z,player_threes,1.5,williamhill_us,2025-10-26T14:54:39Z,2025-10-26T14:55:58Z,-152.0,110.0
Brook Lopez,Portland Trail Blazers @ Los Angeles Clippers,2025-10-27T01:00:00Z,player_threes,1.5,williamhill_us,2025-10-26T14:54:39Z,2025-10-26T14:55:58Z,140.0,-197.0
Kawhi Leonard,Portland Trail Blazers @ Los Angeles Clippers,2025-10-27T01:00:00Z,player_threes,1.5,williamhill_us,2025-10-26T14:54:39Z,2025-10-26T14:55:58Z,-170.0,120.0
Deni Avdija,Portland Trail Blazers @ Los Angeles Clippers,2025-10-27T01:00:00Z,player_threes,1.5,williamhill_us,2025-10-26T14:54:39Z,2025-10-26T14:55:58Z,-193.0,140.0
Kris Murray,Portland Trail Blazers @ Los Angeles Clippers,2025-10-27T01:00:00Z,player_threes,0.5,williamhill_us,2025-10-26T14:54:39Z,2025-10-26T14:55:58Z,100.0,-137.0
Deni Avdija,Portland Trail Blazers @ Los Angeles Clippers,2025-10-27T01:00:00Z,player_triple_double,,williamhill_us,2025-10-26T14:54:39Z,2025-10-26T14:55:58Z,,
James Harden,Portland Trail Blazers @ Los Angeles Clippers,2025-10-27T01:00:00Z,player_triple_double,,williamhill_us,2025-10-26T14:54:39Z,2025-10-26T14:55:58Z,,
Kawhi Leonard,Portland Trail Blazers @ Los Angeles Clippers,2025-10-27T01:00:00Z,player_assists,3.5,fanduel,2025-10-26T14:55:09Z,2025-10-26T14:56:18Z,118.0,-158.0
James Harden,Portland Trail Blazers @ Los Angeles Clippers,2025-10-27T01:00:00Z,player_assists,8.5,fanduel,2025-10-26T14:55:09Z,2025-10-26T14:56:18Z,-122.0,-108.0
Deni Avdija,Portland Trail Blazers @ Los Angeles Clippers,2025-10-27T01:00:00Z,player_assists,4.5,fanduel,2025-10-26T14:55:09Z,2025-10-26T14:56:18Z,-118.0,-112.0
Jrue Holiday,Portland Trail Blazers @ Los Angeles Clippers,2025-10-27T01:00:00Z,player_assists,5.5,fanduel,2025-10-26T14:55:09Z,2025-10-26T14:56:18Z,-128.0,-104.0
Ivica Zubac,Portland Trail Blazers @ Los Angeles Clippers,2025-10-27T01:00:00Z,player_assists,2.5,fanduel,2025-10-26T14:55:09Z,2025-10-26T14:56:18Z,108.0,-144.0
Shaedon Sharpe,Portland Trail Blazers @ Los Angeles Clippers,2025-10-27T01:00:00Z,player_assists,2.5,fanduel,2025-10-26T14:55:09Z,2025-10-26T14:56:18Z,102.0,-136.0
Ivica Zubac,Portland Trail Blazers @ Los Angeles Clippers,2025-10-27T01:00:00Z,player_double_double,,fanduel,2025-10-26T14:55:09Z,2025-10-26T14:56:18Z,,
James Harden,Portland Trail Blazers @ Los Angeles Clippers,2025-10-27T01:00:00Z,player_double_double,,fanduel,2025-10-26T14:55:09Z,2025-10-26T14:56:18Z,,
Deni Avdija,Portland Trail Blazers @ Los Angeles Clippers,2025-10-27T01:00:00Z,player_double_double,,fanduel,2025-10-26T14:55:09Z,2025-10-26T14:56:18Z,,
Donovan Clingan,Portland Trail Blazers @ Los Angeles Clippers,2025-10-27T01:00:00Z,player_double_double,,fanduel,2025-10-26T14:55:09Z,2025-10-26T14:56:18Z,,
Kawhi Leonard,Portland Trail Blazers @ Los Angeles Clippers,2025-10-27T01:00:00Z,player_double_double,,fanduel,2025-10-26T14:55:09Z,2025-10-26T14:56:18Z,,
Jrue Holiday,Portland Trail Blazers @ Los Angeles Clippers,2025-10-27T01:00:00Z,player_double_double,,fanduel,2025-10-26T14:55:09Z,2025-10-26T14:56:18Z,,
Toumani Camara,Portland Trail Blazers @ Los Angeles Clippers,2025-10-27T01:00:00Z,player_double_double,,fanduel,2025-10-26T14:55:09Z,2025-10-26T14:56:18Z,,
Shaedon Sharpe,Portland Trail Blazers @ Los Angeles Clippers,2025-10-27T01:00:00Z,player_double_double,,fanduel,2025-10-26T14:55:09Z,2025-10-26T14:56:18Z,,
Donovan Clingan,Portland Trail Blazers @ Los Angeles Clippers,2025-10-27T01:00:00Z,player_points,8.5,fanduel,2025-10-26T14:55:09Z,2025-10-26T14:56:18Z,-104.0,-128.0
Toumani Camara,Portland Trail Blazers @ Los Angeles Clippers,2025-10-27T01:00:00Z,player_points,12.5,fanduel,2025-10-26T14:55:09Z,2025-10-26T14:56:18Z,100.0,-132.0
Jrue Holiday,Portland Trail Blazers @ Los Angeles Clippers,2025-10-27T01:00:00Z,player_points,12.5,fanduel,2025-10-26T14:55:09Z,2025-10-26T14:56:18Z,-118.0,-112.0
Deni Avdija,Portland Trail Blazers @ Los Angeles Clippers,2025-10-27T01:00:00Z,player_points,19.5,fanduel,2025-10-26T14:55:09Z,2025-10-26T14:56:18Z,-132.0,100.0
James Harden,Portland Trail Blazers @ Los Angeles Clippers,2025-10-27T01:00:00Z,player_points,21.5,fanduel,2025-10-26T14:55:09Z,2025-10-26T14:56:18Z,-102.0,-130.0
Ivica Zubac,Portland Trail Blazers @ Los Angeles Clippers,2025-10-27T01:00:00Z,player_points,15.5,fanduel,2025-10-26T14:55:09Z,2025-10-26T14:56:18Z,100.0,-132.0
Shaedon Sharpe,Portland Trail Blazers @ Los Angeles Clippers,2025-10-27T01:00:00Z,player_points,19.5,fanduel,2025-10-26T14:55:09Z,2025-10-26T14:56:18Z,-128.0,-104.0
Kawhi Leonard,Portland Trail Blazers @ Los Angeles Clippers,2025-10-27T01:00:00Z,player_points,22.5,fanduel,2025-10-26T14:55:09Z,2025-10-26T14:56:18Z,-114.0,-114.0
Ivica Zubac,Portland Trail Blazers @ Los Angeles Clippers,2025-10-27T01:00:00Z,player_points_rebounds_assists,27.5,fanduel,2025-10-26T14:55:09Z,2025-10-26T14:56:18Z,-118.0,-114.0
James Harden,Portland Trail Blazers @ Los Angeles Clippers,2025-10-27T01:00:00Z,player_points_rebounds_assists,35.5,fanduel,2025-10-26T14:55:09Z,2025-10-26T14:56:18Z,-122.0,-108.0
Shaedon Sharpe,Portland Trail Blazers @ Los Angeles Clippers,2025-10-27T01:00:00Z,player_points_rebounds_assists,26.5,fanduel,2025-10-26T14:55:09Z,2025-10-26T14:56:18Z,-128.0,-104.0
Jrue Holiday,Portland Trail Blazers @ Los Angeles Clippers,2025-10-27T01:00:00Z,player_points_rebounds_assists,22.5,fanduel,2025-10-26T14:55:09Z,2025-10-26T14:56:18Z,-125.0,-106.0
Deni Avdija,Portland Trail Blazers @ Los Angeles Clippers,2025-10-27T01:00:00Z,player_points_rebounds_assists,32.5,fanduel,2025-10-26T14:55:09Z,2025-10-26T14:56:18Z,-112.0,-118.0
Kawhi Leonard,Portland Trail Blazers @ Los Angeles Clippers,2025-10-27T01:00:00Z,player_points_rebounds_assists,31.5,fanduel,2025-10-26T14:55:09Z,2025-10-26T14:56:18Z,-125.0,-104.0
Toumani Camara,Portland Trail Blazers @ Los Angeles Clippers,2025-10-27T01:00:00Z,player_rebounds,5.5,fanduel,2025-10-26T14:55:09Z,2025-10-26T14:56:18Z,102.0,-136.0
Jrue Holiday,Portland Trail Blazers @ Los Angeles Clippers,2025-10-27T01:00:00Z,player_rebounds,4.5,fanduel,2025-10-26T14:55:09Z,2025-10-26T14:56:18Z,122.0,-162.0
Kawhi Leonard,Portland Trail Blazers @ Los Angeles Clippers,2025-10-27T01:00:00Z,player_rebounds,5.5,fanduel,2025-10-26T14:55:09Z,2025-10-26T14:56:18Z,-144.0,108.0
Shaedon Sharpe,Portland Trail Blazers @ Los Angeles Clippers,2025-10-27T01:00:00Z,player_rebounds,4.5,fanduel,2025-10-26T14:55:09Z,2025-10-26T14:56:18Z,114.0,-152.0
James Harden,Portland Trail Blazers @ Los Angeles Clippers,2025-10-27T01:00:00Z,player_rebounds,5.5,fanduel,2025-10-26T14:55:09Z,2025-10-26T14:56:18Z,104.0,-138.0
Donovan Clingan,Portland Trail Blazers @ Los Angeles Clippers,2025-10-27T01:00:00Z,player_rebounds,9.5,fanduel,2025-10-26T14:55:09Z,2025-10-26T14:56:18Z,100.0,-132.0
Ivica Zubac,Portland Trail Blazers @ Los Angeles Clippers,2025-10-27T01:00:00Z,player_rebounds,10.5,fanduel,2025-10-26T14:55:09Z,2025-10-26T14:56:18Z,116.0,-154.0
Deni Avdija,Portland Trail Blazers @ Los Angeles Clippers,2025-10-27T01:00:00Z,player_rebounds,7.5,fanduel,2025-10-26T14:55:09Z,2025-10-26T14:56:18Z,114.0,-152.0
James Harden,Portland Trail Blazers @ Los Angeles Clippers,2025-10-27T01:00:00Z,player_steals,1.5,fanduel,2025-10-26T14:55:09Z,2025-10-26T14:56:12Z,194.0,-270.0
Kawhi Leonard,Portland Trail Blazers @ Los Angeles Clippers,2025-10-27T01:00:00Z,player_steals,1.5,fanduel,2025-10-26T14:55:09Z,2025-10-26T14:56:12Z,116.0,-154.0
Jrue Holiday,Portland Trail Blazers @ Los Angeles Clippers,2025-10-27T01:00:00Z,player_threes,1.5,fanduel,2025-10-26T14:55:09Z,2025-10-26T14:56:18Z,-146.0,110.0
Deni Avdija,Portland Trail Blazers @ Los Angeles Clippers,2025-10-27T01:00:00Z,player_threes,1.5,fanduel,2025-10-26T14:55:09Z,2025-10-26T14:56:18Z,-180.0,134.0
James Harden,Portland Trail Blazers @ Los Angeles Clippers,2025-10-27T01:00:00Z,player_threes,2.5,fanduel,2025-10-26T14:55:09Z,2025-10-26T14:56:18Z,-140.0,106.0
Shaedon Sharpe,Portland Trail Blazers @ Los Angeles Clippers,2025-10-27T01:00:00Z,player_threes,2.5,fanduel,2025-10-26T14:55:09Z,2025-10-26T14:56:18Z,130.0,-174.0
Toumani Camara,Portland Trail Blazers @ Los Angeles Clippers,2025-10-27T01:00:00Z,player_threes,1.5,fanduel,2025-10-26T14:55:09Z,2025-10-26T14:56:18Z,-122.0,-108.0
Kawhi Leonard,Portland Trail Blazers @ Los Angeles Clippers,2025-10-27T01:00:00Z,player_threes,1.5,fanduel,2025-10-26T14:55:09Z,2025-10-26T14:56:18Z,-166.0,124.0
James Harden,Portland Trail Blazers @ Los Angeles Clippers,2025-10-27T01:00:00Z,player_triple_double,,fanduel,2025-10-26T14:55:09Z,2025-10-26T14:56:18Z,,
Deni Avdija,Portland Trail Blazers @ Los Angeles Clippers,2025-10-27T01:00:00Z,player_triple_double,,fanduel,2025-10-26T14:55:09Z,2025-10-26T14:56:18Z,,
Kawhi Leonard,Portland Trail Blazers @ Los Angeles Clippers,2025-10-27T01:00:00Z,player_assists,3.5,betrivers,2025-10-26T14:55:09Z,2025-10-26T14:55:45Z,108.0,-143.0
James Harden,Portland Trail Blazers @ Los Angeles Clippers,2025-10-27T01:00:00Z,player_assists,8.5,betrivers,2025-10-26T14:55:09Z,2025-10-26T14:55:45Z,-130.0,-103.0
Shaedon Sharpe,Portland Trail Blazers @ Los Angeles Clippers,2025-10-27T01:00:00Z,player_assists,2.5,betrivers,2025-10-26T14:55:09Z,2025-10-26T14:55:45Z,104.0,-137.0
Jrue Holiday,Portland Trail Blazers @ Los Angeles Clippers,2025-10-27T01:00:00Z,player_assists,5.5,betrivers,2025-10-26T14:55:09Z,2025-10-26T14:55:45Z,-120.0,-112.0
Deni Avdija,Portland Trail Blazers @ Los Angeles Clippers,2025-10-27T01:00:00Z,player_assists,4.5,betrivers,2025-10-26T14:55:09Z,2025-10-26T14:55:45Z,-120.0,-112.0
Ivica Zubac,Portland Trail Blazers @ Los Angeles Clippers,2025-10-27T01:00:00Z,player_assists,2.5,betrivers,2025-10-26T14:55:09Z,2025-10-26T14:55:45Z,112.0,-150.0
Kawhi Leonard,Portland Trail Blazers @ Los Angeles Clippers,2025-10-27T01:00:00Z,player_points,22.5,betrivers,2025-10-26T14:55:09Z,2025-10-26T14:55:45Z,-113.0,-118.0
James Harden,Portland Trail Blazers @ Los Angeles Clippers,2025-10-27T01:00:00Z,player_points,20.5,betrivers,2025-10-26T14:55:09Z,2025-10-26T14:55:45Z,-124.0,-107.0
Shaedon Sharpe,Portland Trail Blazers @ Los Angeles Clippers,2025-10-27T01:00:00Z,player_points,19.5,betrivers,2025-10-26T14:55:09Z,2025-10-26T14:55:45Z,-121.0,-109.0
Donovan Clingan,Portland Trail Blazers @ Los Angeles Clippers,2025-10-27T01:00:00Z,player_points,8.5,betrivers,2025-10-26T14:55:09Z,2025-10-26T14:55:45Z,-108.0,-124.0
Toumani Camara,Portland Trail Blazers @ Los Angeles Clippers,2025-10-27T01:00:00Z,player_points,11.5,betrivers,2025-10-26T14:55:09Z,2025-10-26T14:55:45Z,-114.0,-117.0
Deni Avdija,Portland Trail Blazers @ Los Angeles Clippers,2025-10-27T01:00:00Z,player_points,19.5,betrivers,2025-10-26T14:55:09Z,2025-10-26T14:55:45Z,-120.0,-112.0
Jrue Holiday,Portland Trail Blazers @ Los Angeles Clippers,2025-10-27T01:00:00Z,player_points,12.5,betrivers,2025-10-26T14:55:09Z,2025-10-26T14:55:45Z,-117.0,-114.0
Ivica Zubac,Portland Trail Blazers @ Los Angeles Clippers,2025-10-27T01:00:00Z,player_points,14.5,betrivers,2025-10-26T14:55:09Z,2025-10-26T14:55:45Z,-125.0,-106.0
Kawhi Leonard,Portland Trail Blazers @ Los Angeles Clippers,2025-10-27T01:00:00Z,player_points_rebounds_assists,32.5,betrivers,2025-10-26T14:55:09Z,2025-10-26T14:55:45Z,-115.0,-115.0
Ivica Zubac,Portland Trail Blazers @ Los Angeles Clippers,2025-10-27T01:00:00Z,player_points_rebounds_assists,27.5,betrivers,2025-10-26T14:55:09Z,2025-10-26T14:55:45Z,-124.0,-108.0
James Harden,Portland Trail Blazers @ Los Angeles Clippers,2025-10-27T01:00:00Z,player_points_rebounds_assists,35.5,betrivers,2025-10-26T14:55:09Z,2025-10-26T14:55:45Z,-124.0,-108.0
Jrue Holiday,Portland Trail Blazers @ Los Angeles Clippers,2025-10-27T01:00:00Z,player_points_rebounds_assists,22.5,betrivers,2025-10-26T14:55:09Z,2025-10-26T14:55:45Z,-125.0,-107.0
Shaedon Sharpe,Portland Trail Blazers @ Los Angeles Clippers,2025-10-27T01:00:00Z,player_points_rebounds_assists,26.5,betrivers,2025-10-26T14:55:09Z,2025-10-26T14:55:45Z,-122.0,-109.0
Deni Avdija,Portland Trail Blazers @ Los Angeles Clippers,2025-10-27T01:00:00Z,player_points_rebounds_assists,32.5,betrivers,2025-10-26T14:55:09Z,2025-10-26T14:55:45Z,-112.0,-120.0
James Harden,Portland Trail Blazers @ Los Angeles Clippers,2025-10-27T01:00:00Z,player_rebounds,5.5,betrivers,2025-10-26T14:55:09Z,2025-10-26T14:55:45Z,102.0,-137.0
Toumani Camara,Portland Trail Blazers @ Los Angeles Clippers,2025-10-27T01:00:00Z,player_rebounds,5.5,betrivers,2025-10-26T14:55:09Z,2025-10-26T14:55:45Z,105.0,-139.0
Jrue Holiday,Portland Trail Blazers @ Los Angeles Clippers,2025-10-27T01:00:00Z,player_rebounds,4.5,betrivers,2025-10-26T14:55:09Z,2025-10-26T14:55:45Z,123.0,-162.0
Donovan Clingan,Portland Trail Blazers @ Los Angeles Clippers,2025-10-27T01:00:00Z,player_rebounds,9.5,betrivers,2025-10-26T14:55:09Z,2025-10-26T14:55:45Z,-103.0,-132.0
Shaedon Sharpe,Portland Trail Blazers @ Los Angeles Clippers,2025-10-27T01:00:00Z,player_rebounds,4.5,betrivers,2025-10-26T14:55:09Z,2025-10-26T14:55:45Z,118.0,-159.0
Deni Avdija,Portland Trail Blazers @ Los Angeles Clippers,2025-10-27T01:00:00Z,player_rebounds,7.5,betrivers,2025-10-26T14:55:09Z,2025-10-26T14:55:45Z,110.0,-143.0
Kawhi Leonard,Portland Trail Blazers @ Los Angeles Clippers,2025-10-27T01:00:00Z,player_rebounds,5.5,betrivers,2025-10-26T14:55:09Z,2025-10-26T14:55:45Z,-148.0,110.0
Ivica Zubac,Portland Trail Blazers @ Los Angeles Clippers,2025-10-27T01:00:00Z,player_rebounds,9.5,betrivers,2025-10-26T14:55:09Z,2025-10-26T14:55:45Z,-136.0,102.0
Shaedon Sharpe,Portland Trail Blazers @ Los Angeles Clippers,2025-10-27T01:00:00Z,player_threes,2.5,betrivers,2025-10-26T14:55:09Z,2025-10-26T14:55:45Z,125.0,-167.0
Jrue Holiday,Portland Trail Blazers @ Los Angeles Clippers,2025-10-27T01:00:00Z,player_threes,1.5,betrivers,2025-10-26T14:55:09Z,2025-10-26T14:55:45Z,-141.0,107.0
Deni Avdija,Portland Trail Blazers @ Los Angeles Clippers,2025-10-27T01:00:00Z,player_threes,1.5,betrivers,2025-10-26T14:55:09Z,2025-10-26T14:55:45Z,-167.0,128.0
Toumani Camara,Portland Trail Blazers @ Los Angeles Clippers,2025-10-27T01:00:00Z,player_threes,1.5,betrivers,2025-10-26T14:55:09Z,2025-10-26T14:55:45Z,-118.0,-113.0
James Harden,Portland Trail Blazers @ Los Angeles Clippers,2025-10-27T01:00:00Z,player_threes,2.5,betrivers,2025-10-26T14:55:09Z,2025-10-26T14:55:45Z,-141.0,107.0
Kawhi Leonard,Portland Trail Blazers @ Los Angeles Clippers,2025-10-27T01:00:00Z,player_threes,1.5,betrivers,2025-10-26T14:55:09Z,2025-10-26T14:55:45Z,-167.0,125.0
Deni Avdija,Portland Trail Blazers @ Los Angeles Clippers,2025-10-27T01:00:00Z,player_assists,4.5,betmgm,2025-10-26T14:55:22Z,2025-10-26T14:56:08Z,-110.0,-120.0
Donovan Clingan,Portland Trail Blazers @ Los Angeles Clippers,2025-10-27T01:00:00Z,player_assists,1.5,betmgm,2025-10-26T14:55:22Z,2025-10-26T14:56:08Z,100.0,-135.0
Ivica Zubac,Portland Trail Blazers @ Los Angeles Clippers,2025-10-27T01:00:00Z,player_assists,2.5,betmgm,2025-10-26T14:55:22Z,2025-10-26T14:56:08Z,105.0,-140.0
Bradley Beal,Portland Trail Blazers @ Los Angeles Clippers,2025-10-27T01:00:00Z,player_assists,2.5,betmgm,2025-10-26T14:55:22Z,2025-10-26T14:56:08Z,120.0,-160.0
Brook Lopez,Portland Trail Blazers @ Los Angeles Clippers,2025-10-27T01:00:00Z,player_assists,0.5,betmgm,2025-10-26T14:55:22Z,2025-10-26T14:56:08Z,-130.0,-105.0
Kawhi Leonard,Portland Trail Blazers @ Los Angeles Clippers,2025-10-27T01:00:00Z,player_assists,3.5,betmgm,2025-10-26T14:55:22Z,2025-10-26T14:56:08Z,125.0,-160.0
Derrick Jones,Portland Trail Blazers @ Los Angeles Clippers,2025-10-27T01:00:00Z,player_assists,0.5,betmgm,2025-10-26T14:55:22Z,2025-10-26T14:56:08Z,-165.0,125.0
Jerami Grant,Portland Trail Blazers @ Los Angeles Clippers,2025-10-27T01:00:00Z,player_assists,1.5,betmgm,2025-10-26T14:55:22Z,2025-10-26T14:56:08Z,-118.0,-110.0
Shaedon Sharpe,Portland Trail Blazers @ Los Angeles Clippers,2025-10-27T01:00:00Z,player_assists,2.5,betmgm,2025-10-26T14:55:22Z,2025-10-26T14:56:08Z,-105.0,-125.0
Jrue Holiday,Portland Trail Blazers @ Los Angeles Clippers,2025-10-27T01:00:00Z,player_assists,5.5,betmgm,2025-10-26T14:55:22Z,2025-10-26T14:56:08Z,-110.0,-120.0
Kris Murray,Portland Trail Blazers @ Los Angeles Clippers,2025-10-27T01:00:00Z,player_assists,0.5,betmgm,2025-10-26T14:55:22Z,2025-10-26T14:56:08Z,-220.0,160.0
Toumani Camara,Portland Trail Blazers @ Los Angeles Clippers,2025-10-27T01:00:00Z,player_assists,2.5,betmgm,2025-10-26T14:55:22Z,2025-10-26T14:56:08Z,-135.0,100.0
James Harden,Portland Trail Blazers @ Los Angeles Clippers,2025-10-27T01:00:00Z,player_assists,9.5,betmgm,2025-10-26T14:55:22Z,2025-10-26T14:56:08Z,110.0,-150.0
Blake Wesley,Portland Trail Blazers @ Los Angeles Clippers,2025-10-27T01:00:00Z,player_assists,2.5,betmgm,2025-10-26T14:55:22Z,2025-10-26T14:56:08Z,-105.0,-125.0
Deni Avdija,Portland Trail Blazers @ Los Angeles Clippers,2025-10-27T01:00:00Z,player_blocks,0.5,betmgm,2025-10-26T14:55:22Z,2025-10-26T14:56:08Z,195.0,-285.0
Donovan Clingan,Portland Trail Blazers @ Los Angeles Clippers,2025-10-27T01:00:00Z,player_blocks,1.5,betmgm,2025-10-26T14:55:22Z,2025-10-26T14:56:08Z,-110.0,-125.0
Ivica Zubac,Portland Trail Blazers @ Los Angeles Clippers,2025-10-27T01:00:00Z,player_blocks,0.5,betmgm,2025-10-26T14:55:22Z,2025-10-26T14:56:08Z,-125.0,-110.0
Bradley Beal,Portland Trail Blazers @ Los Angeles Clippers,2025-10-27T01:00:00Z,player_blocks,0.5,betmgm,2025-10-26T14:55:22Z,2025-10-26T14:56:08Z,230.0,-350.0
Kawhi Leonard,Portland Trail Blazers @ Los Angeles Clippers,2025-10-27T01:00:00Z,player_blocks,0.5,betmgm,2025-10-26T14:55:22Z,2025-10-26T14:56:08Z,100.0,-140.0
James Harden,Portland Trail Blazers @ Los Angeles Clippers,2025-10-27T01:00:00Z,player_blocks,0.5,betmgm,2025-10-26T14:55:22Z,2025-10-26T14:56:08Z,-125.0,-110.0
Derrick Jones,Portland Trail Blazers @ Los Angeles Clippers,2025-10-27T01:00:00Z,player_blocks,0.5,betmgm,2025-10-26T14:55:22Z,2025-10-26T14:56:08Z,-105.0,-130.0
Shaedon Sharpe,Portland Trail Blazers @ Los Angeles Clippers,2025-10-27T01:00:00Z,player_blocks,0.5,betmgm,2025-10-26T14:55:22Z,2025-10-26T14:56:08Z,475.0,-900.0
Jrue Holiday,Portland Trail Blazers @ Los Angeles Clippers,2025-10-27T01:00:00Z,player_blocks,0.5,betmgm,2025-10-26T14:55:22Z,2025-10-26T14:56:08Z,260.0,-400.0
Toumani Camara,Portland Trail Blazers @ Los Angeles Clippers,2025-10-27T01:00:00Z,player_blocks,0.5,betmgm,2025-10-26T14:55:22Z,2025-10-26T14:56:08Z,135.0,-190.0
Deni Avdija,Portland Trail Blazers @ Los Angeles Clippers,2025-10-27T01:00:00Z,player_double_double,,betmgm,2025-10-26T14:55:22Z,2025-10-26T14:56:08Z,,
Donovan Clingan,Portland Trail Blazers @ Los Angeles Clippers,2025-10-27T01:00:00Z,player_double_double,,betmgm,2025-10-26T14:55:22Z,2025-10-26T14:56:08Z,,
Ivica Zubac,Portland Trail Blazers @ Los Angeles Clippers,2025-10-27T01:00:00Z,player_double_double,,betmgm,2025-10-26T14:55:22Z,2025-10-26T14:56:08Z,,
Kawhi Leonard,Portland Trail Blazers @ Los Angeles Clippers,2025-10-27T01:00:00Z,player_double_double,,betmgm,2025-10-26T14:55:22Z,2025-10-26T14:56:08Z,,
James Harden,Portland Trail Blazers @ Los Angeles Clippers,2025-10-27T01:00:00Z,player_double_double,,betmgm,2025-10-26T14:55:22Z,2025-10-26T14:56:08Z,,
Shaedon Sharpe,Portland Trail Blazers @ Los Angeles Clippers,2025-10-27T01:00:00Z,player_double_double,,betmgm,2025-10-26T14:55:22Z,2025-10-26T14:56:08Z,,
Jrue Holiday,Portland Trail Blazers @ Los Angeles Clippers,2025-10-27T01:00:00Z,player_double_double,,betmgm,2025-10-26T14:55:22Z,2025-10-26T14:56:08Z,,
Toumani Camara,Portland Trail Blazers @ Los Angeles Clippers,2025-10-27T01:00:00Z,player_double_double,,betmgm,2025-10-26T14:55:22Z,2025-10-26T14:56:08Z,,
Deni Avdija,Portland Trail Blazers @ Los Angeles Clippers,2025-10-27T01:00:00Z,player_points,20.5,betmgm,2025-10-26T14:55:22Z,2025-10-26T14:56:08Z,-118.0,-110.0
Donovan Clingan,Portland Trail Blazers @ Los Angeles Clippers,2025-10-27T01:00:00Z,player_points,8.5,betmgm,2025-10-26T14:55:22Z,2025-10-26T14:56:08Z,-105.0,-130.0
Ivica Zubac,Portland Trail Blazers @ Los Angeles Clippers,2025-10-27T01:00:00Z,player_points,14.5,betmgm,2025-10-26T14:55:22Z,2025-10-26T14:56:08Z,-125.0,-105.0
Bradley Beal,Portland Trail Blazers @ Los Angeles Clippers,2025-10-27T01:00:00Z,player_points,10.5,betmgm,2025-10-26T14:55:22Z,2025-10-26T14:56:08Z,110.0,-145.0
Kawhi Leonard,Portland Trail Blazers @ Los Angeles Clippers,2025-10-27T01:00:00Z,player_points,22.5,betmgm,2025-10-26T14:55:22Z,2025-10-26T14:56:08Z,-125.0,-105.0
Derrick Jones,Portland Trail Blazers @ Los Angeles Clippers,2025-10-27T01:00:00Z,player_points,8.5,betmgm,2025-10-26T14:55:22Z,2025-10-26T14:56:08Z,-120.0,-110.0
Jerami Grant,Portland Trail Blazers @ Los Angeles Clippers,2025-10-27T01:00:00Z,player_points,15.5,betmgm,2025-10-26T14:55:22Z,2025-10-26T14:56:08Z,-115.0,-115.0
Shaedon Sharpe,Portland Trail Blazers @ Los Angeles Clippers,2025-10-27T01:00:00Z,player_points,19.5,betmgm,2025-10-26T14:55:22Z,2025-10-26T14:56:08Z,-130.0,-105.0
Jrue Holiday,Portland Trail Blazers @ Los Angeles Clippers,2025-10-27T01:00:00Z,player_points,12.5,betmgm,2025-10-26T14:55:22Z,2025-10-26T14:56:08Z,-110.0,-120.0
Kris Murray,Portland Trail Blazers @ Los Angeles Clippers,2025-10-27T01:00:00Z,player_points,4.5,betmgm,2025-10-26T14:55:22Z,2025-10-26T14:56:08Z,-140.0,105.0
Toumani Camara,Portland Trail Blazers @ Los Angeles Clippers,2025-10-27T01:00:00Z,player_points,11.5,betmgm,2025-10-26T14:55:22Z,2025-10-26T14:56:08Z,-118.0,-110.0
Blake Wesley,Portland Trail Blazers @ Los Angeles Clippers,2025-10-27T01:00:00Z,player_points,4.5,betmgm,2025-10-26T14:55:22Z,2025-10-26T14:56:08Z,105.0,-140.0
Brook Lopez,Portland Trail Blazers @ Los Angeles Clippers,2025-10-27T01:00:00Z,player_points,7.5,betmgm,2025-10-26T14:55:22Z,2025-10-26T14:56:08Z,100.0,-135.0
James Harden,Portland Trail Blazers @ Los Angeles Clippers,2025-10-27T01:00:00Z,player_points,22.5,betmgm,2025-10-26T14:55:22Z,2025-10-26T14:56:08Z,-105.0,-130.0
Deni Avdija,Portland Trail Blazers @ Los Angeles Clippers,2025-10-27T01:00:00Z,player_points_rebounds_assists,32.5,betmgm,2025-10-26T14:55:22Z,2025-10-26T14:56:08Z,-110.0,-118.0
Donovan Clingan,Portland Trail Blazers @ Los Angeles Clippers,2025-10-27T01:00:00Z,player_points_rebounds_assists,18.5,betmgm,2025-10-26T14:55:22Z,2025-10-26T14:56:08Z,-125.0,-105.0
Ivica Zubac,Portland Trail Blazers @ Los Angeles Clippers,2025-10-27T01:00:00Z,player_points_rebounds_assists,28.5,betmgm,2025-10-26T14:55:22Z,2025-10-26T14:56:08Z,110.0,-145.0
Brook Lopez,Portland Trail Blazers @ Los Angeles Clippers,2025-10-27T01:00:00Z,player_points_rebounds_assists,11.5,betmgm,2025-10-26T14:55:22Z,2025-10-26T14:56:08Z,-110.0,-120.0
Kawhi Leonard,Portland Trail Blazers @ Los Angeles Clippers,2025-10-27T01:00:00Z,player_points_rebounds_assists,32.5,betmgm,2025-10-26T14:55:22Z,2025-10-26T14:56:08Z,-110.0,-118.0
James Harden,Portland Trail Blazers @ Los Angeles Clippers,2025-10-27T01:00:00Z,player_points_rebounds_assists,36.5,betmgm,2025-10-26T14:55:22Z,2025-10-26T14:56:08Z,-120.0,-110.0
Derrick Jones,Portland Trail Blazers @ Los Angeles Clippers,2025-10-27T01:00:00Z,player_points_rebounds_assists,12.5,betmgm,2025-10-26T14:55:22Z,2025-10-26T14:56:08Z,-110.0,-118.0
Jerami Grant,Portland Trail Blazers @ Los Angeles Clippers,2025-10-27T01:00:00Z,player_points_rebounds_assists,19.5,betmgm,2025-10-26T14:55:22Z,2025-10-26T14:56:08Z,-125.0,-105.0
Shaedon Sharpe,Portland Trail Blazers @ Los Angeles Clippers,2025-10-27T01:00:00Z,player_points_rebounds_assists,26.5,betmgm,2025-10-26T14:55:22Z,2025-10-26T14:56:08Z,-110.0,-118.0
Jrue Holiday,Portland Trail Blazers @ Los Angeles Clippers,2025-10-27T01:00:00Z,player_points_rebounds_assists,21.5,betmgm,2025-10-26T14:55:22Z,2025-10-26T14:56:08Z,-145.0,110.0
Kris Murray,Portland Trail Blazers @ Los Angeles Clippers,2025-10-27T01:00:00Z,player_points_rebounds_assists,9.5,betmgm,2025-10-26T14:55:22Z,2025-10-26T14:56:08Z,100.0,-135.0
Toumani Camara,Portland Trail Blazers @ Los Angeles Clippers,2025-10-27T01:00:00Z,player_points_rebounds_assists,20.5,betmgm,2025-10-26T14:55:22Z,2025-10-26T14:56:08Z,-105.0,-130.0
Blake Wesley,Portland Trail Blazers @ Los Angeles Clippers,2025-10-27T01:00:00Z,player_points_rebounds_assists,8.5,betmgm,2025-10-26T14:55:22Z,2025-10-26T14:56:08Z,-110.0,-120.0
Bradley Beal,Portland Trail Blazers @ Los Angeles Clippers,2025-10-27T01:00:00Z,player_points_rebounds_assists,15.5,betmgm,2025-10-26T14:55:22Z,2025-10-26T14:56:08Z,-105.0,-130.0
Deni Avdija,Portland Trail Blazers @ Los Angeles Clippers,2025-10-27T01:00:00Z,player_rebounds,6.5,betmgm,2025-10-26T14:55:22Z,2025-10-26T14:56:08Z,-140.0,105.0
Donovan Clingan,Portland Trail Blazers @ Los Angeles Clippers,2025-10-27T01:00:00Z,player_rebounds,8.5,betmgm,2025-10-26T14:55:22Z,2025-10-26T14:56:08Z,-150.0,115.0
Ivica Zubac,Portland Trail Blazers @ Los Angeles Clippers,2025-10-27T01:00:00Z,player_rebounds,10.5,betmgm,2025-10-26T14:55:22Z,2025-10-26T14:56:08Z,-105.0,-125.0
Bradley Beal,Portland Trail Blazers @ Los Angeles Clippers,2025-10-27T01:00:00Z,player_rebounds,2.5,betmgm,2025-10-26T14:55:22Z,2025-10-26T14:56:08Z,130.0,-175.0
Brook Lopez,Portland Trail Blazers @ Los Angeles Clippers,2025-10-27T01:00:00Z,player_rebounds,3.5,betmgm,2025-10-26T14:55:22Z,2025-10-26T14:56:08Z,110.0,-145.0
Kawhi Leonard,Portland Trail Blazers @ Los Angeles Clippers,2025-10-27T01:00:00Z,player_rebounds,5.5,betmgm,2025-10-26T14:55:22Z,2025-10-26T14:56:08Z,-155.0,115.0
James Harden,Portland Trail Blazers @ Los Angeles Clippers,2025-10-27T01:00:00Z,player_rebounds,5.5,betmgm,2025-10-26T14:55:22Z,2025-10-26T14:56:08Z,105.0,-140.0
Derrick Jones,Portland Trail Blazers @ Los Angeles Clippers,2025-10-27T01:00:00Z,player_rebounds,2.5,betmgm,2025-10-26T14:55:22Z,2025-10-26T14:56:08Z,-140.0,105.0
Jerami Grant,Portland Trail Blazers @ Los Angeles Clippers,2025-10-27T01:00:00Z,player_rebounds,2.5,betmgm,2025-10-26T14:55:22Z,2025-10-26T14:56:08Z,-105.0,-125.0
Shaedon Sharpe,Portland Trail Blazers @ Los Angeles Clippers,2025-10-27T01:00:00Z,player_rebounds,4.5,betmgm,2025-10-26T14:55:22Z,2025-10-26T14:56:08Z,120.0,-160.0
Jrue Holiday,Portland Trail Blazers @ Los Angeles Clippers,2025-10-27T01:00:00Z,player_rebounds,3.5,betmgm,2025-10-26T14:55:22Z,2025-10-26T14:56:08Z,-145.0,110.0
Kris Murray,Portland Trail Blazers @ Los Angeles Clippers,2025-10-27T01:00:00Z,player_rebounds,2.5,betmgm,2025-10-26T14:55:22Z,2025-10-26T14:56:08Z,-145.0,110.0
Toumani Camara,Portland Trail Blazers @ Los Angeles Clippers,2025-10-27T01:00:00Z,player_rebounds,5.5,betmgm,2025-10-26T14:55:22Z,2025-10-26T14:56:08Z,115.0,-155.0
Blake Wesley,Portland Trail Blazers @ Los Angeles Clippers,2025-10-27T01:00:00Z,player_rebounds,1.5,betmgm,2025-10-26T14:55:22Z,2025-10-26T14:56:08Z,105.0,-140.0
Deni Avdija,Portland Trail Blazers @ Los Angeles Clippers,2025-10-27T01:00:00Z,player_threes,1.5,betmgm,2025-10-26T14:55:22Z,2025-10-26T14:56:08Z,-200.0,150.0
Donovan Clingan,Portland Trail Blazers @ Los Angeles Clippers,2025-10-27T01:00:00Z,player_threes,0.5,betmgm,2025-10-26T14:55:22Z,2025-10-26T14:56:08Z,145.0,-200.0
Bradley Beal,Portland Trail Blazers @ Los Angeles Clippers,2025-10-27T01:00:00Z,player_threes,1.5,betmgm,2025-10-26T14:55:22Z,2025-10-26T14:56:08Z,115.0,-155.0
Brook Lopez,Portland Trail Blazers @ Los Angeles Clippers,2025-10-27T01:00:00Z,player_threes,1.5,betmgm,2025-10-26T14:55:22Z,2025-10-26T14:56:08Z,145.0,-190.0
Kawhi Leonard,Portland Trail Blazers @ Los Angeles Clippers,2025-10-27T01:00:00Z,player_threes,1.5,betmgm,2025-10-26T14:55:22Z,2025-10-26T14:56:08Z,-175.0,130.0
James Harden,Portland Trail Blazers @ Los Angeles Clippers,2025-10-27T01:00:00Z,player_threes,2.5,betmgm,2025-10-26T14:55:22Z,2025-10-26T14:56:08Z,-165.0,125.0
Derrick Jones,Portland Trail Blazers @ Los Angeles Clippers,2025-10-27T01:00:00Z,player_threes,0.5,betmgm,2025-10-26T14:55:22Z,2025-10-26T14:56:08Z,-250.0,180.0
Jerami Grant,Portland Trail Blazers @ Los Angeles Clippers,2025-10-27T01:00:00Z,player_threes,1.5,betmgm,2025-10-26T14:55:22Z,2025-10-26T14:56:08Z,-165.0,125.0
Shaedon Sharpe,Portland Trail Blazers @ Los Angeles Clippers,2025-10-27T01:00:00Z,player_threes,2.5,betmgm,2025-10-26T14:55:22Z,2025-10-26T14:56:08Z,115.0,-155.0
Jrue Holiday,Portland Trail Blazers @ Los Angeles Clippers,2025-10-27T01:00:00Z,player_threes,1.5,betmgm,2025-10-26T14:55:22Z,2025-10-26T14:56:08Z,-145.0,110.0
Kris Murray,Portland Trail Blazers @ Los Angeles Clippers,2025-10-27T01:00:00Z,player_threes,0.5,betmgm,2025-10-26T14:55:22Z,2025-10-26T14:56:08Z,105.0,-140.0
Toumani Camara,Portland Trail Blazers @ Los Angeles Clippers,2025-10-27T01:00:00Z,player_threes,1.5,betmgm,2025-10-26T14:55:22Z,2025-10-26T14:56:08Z,-150.0,110.0
Blake Wesley,Portland Trail Blazers @ Los Angeles Clippers,2025-10-27T01:00:00Z,player_threes,0.5,betmgm,2025-10-26T14:55:22Z,2025-10-26T14:56:08Z,175.0,-235.0
Deni Avdija,Portland Trail Blazers @ Los Angeles Clippers,2025-10-27T01:00:00Z,player_triple_double,,betmgm,2025-10-26T14:55:22Z,2025-10-26T14:56:08Z,,
James Harden,Portland Trail Blazers @ Los Angeles Clippers,2025-10-27T01:00:00Z,player_triple_double,,betmgm,2025-10-26T14:55:22Z,2025-10-26T14:56:08Z,,
Ivica Zubac,Portland Trail Blazers @ Los Angeles Clippers,2025-10-27T01:00:00Z,player_double_double,,bovada,2025-10-26T14:54:59Z,2025-10-26T14:55:01Z,,
James Harden,Portland Trail Blazers @ Los Angeles Clippers,2025-10-27T01:00:00Z,player_double_double,,bovada,2025-10-26T14:54:59Z,2025-10-26T14:55:01Z,,
Deni Avdija,Portland Trail Blazers @ Los Angeles Clippers,2025-10-27T01:00:00Z,player_double_double,,bovada,2025-10-26T14:54:59Z,2025-10-26T14:55:01Z,,
Donovan Clingan,Portland Trail Blazers @ Los Angeles Clippers,2025-10-27T01:00:00Z,player_double_double,,bovada,2025-10-26T14:54:59Z,2025-10-26T14:55:01Z,,
Jrue Holiday,Portland Trail Blazers @ Los Angeles Clippers,2025-10-27T01:00:00Z,player_double_double,,bovada,2025-10-26T14:54:59Z,2025-10-26T14:55:01Z,,
Kawhi Leonard,Portland Trail Blazers @ Los Angeles Clippers,2025-10-27T01:00:00Z,player_double_double,,bovada,2025-10-26T14:54:59Z,2025-10-26T14:55:01Z,,
Toumani Camara,Portland Trail Blazers @ Los Angeles Clippers,2025-10-27T01:00:00Z,player_double_double,,bovada,2025-10-26T14:54:59Z,2025-10-26T14:55:01Z,,
Shaedon Sharpe,Portland Trail Blazers @ Los Angeles Clippers,2025-10-27T01:00:00Z,player_double_double,,bovada,2025-10-26T14:54:59Z,2025-10-26T14:55:01Z,,
James Harden,Portland Trail Blazers @ Los Angeles Clippers,2025-10-27T01:00:00Z,player_triple_double,,bovada,2025-10-26T14:54:59Z,2025-10-26T14:55:01Z,,
Deni Avdija,Portland Trail Blazers @ Los Angeles Clippers,2025-10-27T01:00:00Z,player_triple_double,,bovada,2025-10-26T14:54:59Z,2025-10-26T14:55:01Z,,
Luka Doncic,Los Angeles Lakers @ Sacramento Kings,2025-10-27T01:00:00Z,player_assists,8.5,draftkings,2025-10-26T14:55:22Z,2025-10-26T14:56:09Z,101.0,-130.0
Austin Reaves,Los Angeles Lakers @ Sacramento Kings,2025-10-27T01:00:00Z,player_assists,6.5,draftkings,2025-10-26T14:55:22Z,2025-10-26T14:56:09Z,-115.0,-113.0
Domantas Sabonis,Los Angeles Lakers @ Sacramento Kings,2025-10-27T01:00:00Z,player_assists,5.5,draftkings,2025-10-26T14:55:22Z,2025-10-26T14:56:09Z,111.0,-144.0
DeMar DeRozan,Los Angeles Lakers @ Sacramento Kings,2025-10-27T01:00:00Z,player_assists,4.5,draftkings,2025-10-26T14:55:22Z,2025-10-26T14:56:09Z,-122.0,-106.0
Dennis Schroder,Los Angeles Lakers @ Sacramento Kings,2025-10-27T01:00:00Z,player_assists,4.5,draftkings,2025-10-26T14:55:22Z,2025-10-26T14:56:09Z,106.0,-138.0
Zach LaVine,Los Angeles Lakers @ Sacramento Kings,2025-10-27T01:00:00Z,player_assists,3.5,draftkings,2025-10-26T14:55:22Z,2025-10-26T14:56:09Z,133.0,-173.0
Luka Doncic,Los Angeles Lakers @ Sacramento Kings,2025-10-27T01:00:00Z,player_blocks,0.5,draftkings,2025-10-26T14:55:22Z,2025-10-26T14:55:00Z,161.0,-217.0
Domantas Sabonis,Los Angeles Lakers @ Sacramento Kings,2025-10-27T01:00:00Z,player_blocks,0.5,draftkings,2025-10-26T14:55:22Z,2025-10-26T14:55:00Z,196.0,-267.0
Domantas Sabonis,Los Angeles Lakers @ Sacramento Kings,2025-10-27T01:00:00Z,player_double_double,,draftkings,2025-10-26T14:55:22Z,2025-10-26T14:56:09Z,,
Luka Doncic,Los Angeles Lakers @ Sacramento Kings,2025-10-27T01:00:00Z,player_double_double,,draftkings,2025-10-26T14:55:22Z,2025-10-26T14:56:09Z,,
Deandre Ayton,Los Angeles Lakers @ Sacramento Kings,2025-10-27T01:00:00Z,player_double_double,,draftkings,2025-10-26T14:55:22Z,2025-10-26T14:56:09Z,,
Austin Reaves,Los Angeles Lakers @ Sacramento Kings,2025-10-27T01:00:00Z,player_double_double,,draftkings,2025-10-26T14:55:22Z,2025-10-26T14:56:09Z,,
DeMar DeRozan,Los Angeles Lakers @ Sacramento Kings,2025-10-27T01:00:00Z,player_double_double,,draftkings,2025-10-26T14:55:22Z,2025-10-26T14:56:09Z,,
Dennis Schroder,Los Angeles Lakers @ Sacramento Kings,2025-10-27T01:00:00Z,player_double_double,,draftkings,2025-10-26T14:55:22Z,2025-10-26T14:56:09Z,,
Rui Hachimura,Los Angeles Lakers @ Sacramento Kings,2025-10-27T01:00:00Z,player_double_double,,draftkings,2025-10-26T14:55:22Z,2025-10-26T14:56:09Z,,
Luka Doncic,Los Angeles Lakers @ Sacramento Kings,2025-10-27T01:00:00Z,player_points,33.5,draftkings,2025-10-26T14:55:22Z,2025-10-26T14:55:00Z,-112.0,-114.0
Austin Reaves,Los Angeles Lakers @ Sacramento Kings,2025-10-27T01:00:00Z,player_points,23.5,draftkings,2025-10-26T14:55:22Z,2025-10-26T14:55:00Z,-113.0,-113.0
Zach LaVine,Los Angeles Lakers @ Sacramento Kings,2025-10-27T01:00:00Z,player_points,22.5,draftkings,2025-10-26T14:55:22Z,2025-10-26T14:55:00Z,-108.0,-118.0
DeMar DeRozan,Los Angeles Lakers @ Sacramento Kings,2025-10-27T01:00:00Z,player_points,21.5,draftkings,2025-10-26T14:55:22Z,2025-10-26T14:55:00Z,-119.0,-107.0
Domantas Sabonis,Los Angeles Lakers @ Sacramento Kings,2025-10-27T01:00:00Z,player_points,17.5,draftkings,2025-10-26T14:55:22Z,2025-10-26T14:55:00Z,-116.0,-110.0
Rui Hachimura,Los Angeles Lakers @ Sacramento Kings,2025-10-27T01:00:00Z,player_points,14.5,draftkings,2025-10-26T14:55:22Z,2025-10-26T14:55:00Z,-101.0,-126.0
Deandre Ayton,Los Angeles Lakers @ Sacramento Kings,2025-10-27T01:00:00Z,player_points,13.5,draftkings,2025-10-26T14:55:22Z,2025-10-26T14:55:00Z,-128.0,100.0
Dennis Schroder,Los Angeles Lakers @ Sacramento Kings,2025-10-27T01:00:00Z,player_points,12.5,draftkings,2025-10-26T14:55:22Z,2025-10-26T14:55:00Z,-102.0,-125.0
Marcus Smart,Los Angeles Lakers @ Sacramento Kings,2025-10-27T01:00:00Z,player_points,6.5,draftkings,2025-10-26T14:55:22Z,2025-10-26T14:55:00Z,-132.0,104.0
Gabe Vincent,Los Angeles Lakers @ Sacramento Kings,2025-10-27T01:00:00Z,player_points,6.5,draftkings,2025-10-26T14:55:22Z,2025-10-26T14:55:00Z,-120.0,-106.0
Luka Doncic,Los Angeles Lakers @ Sacramento Kings,2025-10-27T01:00:00Z,player_points_rebounds_assists,50.5,draftkings,2025-10-26T14:55:22Z,2025-10-26T14:55:00Z,-115.0,-113.0
Domantas Sabonis,Los Angeles Lakers @ Sacramento Kings,2025-10-27T01:00:00Z,player_points_rebounds_assists,36.5,draftkings,2025-10-26T14:55:22Z,2025-10-26T14:55:00Z,-116.0,-112.0
Austin Reaves,Los Angeles Lakers @ Sacramento Kings,2025-10-27T01:00:00Z,player_points_rebounds_assists,35.5,draftkings,2025-10-26T14:55:22Z,2025-10-26T14:55:00Z,-107.0,-121.0
DeMar DeRozan,Los Angeles Lakers @ Sacramento Kings,2025-10-27T01:00:00Z,player_points_rebounds_assists,30.5,draftkings,2025-10-26T14:55:22Z,2025-10-26T14:55:00Z,-118.0,-110.0
Zach LaVine,Los Angeles Lakers @ Sacramento Kings,2025-10-27T01:00:00Z,player_points_rebounds_assists,28.5,draftkings,2025-10-26T14:55:22Z,2025-10-26T14:55:00Z,-120.0,-108.0
Dennis Schroder,Los Angeles Lakers @ Sacramento Kings,2025-10-27T01:00:00Z,player_points_rebounds_assists,19.5,draftkings,2025-10-26T14:55:22Z,2025-10-26T14:55:00Z,-111.0,-117.0
Domantas Sabonis,Los Angeles Lakers @ Sacramento Kings,2025-10-27T01:00:00Z,player_rebounds,13.5,draftkings,2025-10-26T14:55:22Z,2025-10-26T14:56:09Z,-101.0,-128.0
Deandre Ayton,Los Angeles Lakers @ Sacramento Kings,2025-10-27T01:00:00Z,player_rebounds,9.5,draftkings,2025-10-26T14:55:22Z,2025-10-26T14:56:09Z,-109.0,-118.0
Luka Doncic,Los Angeles Lakers @ Sacramento Kings,2025-10-27T01:00:00Z,player_rebounds,8.5,draftkings,2025-10-26T14:55:22Z,2025-10-26T14:56:09Z,101.0,-131.0
Austin Reaves,Los Angeles Lakers @ Sacramento Kings,2025-10-27T01:00:00Z,player_rebounds,4.5,draftkings,2025-10-26T14:55:22Z,2025-10-26T14:56:09Z,-117.0,-111.0
Rui Hachimura,Los Angeles Lakers @ Sacramento Kings,2025-10-27T01:00:00Z,player_rebounds,4.5,draftkings,2025-10-26T14:55:22Z,2025-10-26T14:56:09Z,-105.0,-124.0
DeMar DeRozan,Los Angeles Lakers @ Sacramento Kings,2025-10-27T01:00:00Z,player_rebounds,3.5,draftkings,2025-10-26T14:55:22Z,2025-10-26T14:56:09Z,-135.0,104.0
Zach LaVine,Los Angeles Lakers @ Sacramento Kings,2025-10-27T01:00:00Z,player_rebounds,3.5,draftkings,2025-10-26T14:55:22Z,2025-10-26T14:56:09Z,122.0,-158.0
Dennis Schroder,Los Angeles Lakers @ Sacramento Kings,2025-10-27T01:00:00Z,player_rebounds,2.5,draftkings,2025-10-26T14:55:22Z,2025-10-26T14:56:09Z,-125.0,-104.0
Luka Doncic,Los Angeles Lakers @ Sacramento Kings,2025-10-27T01:00:00Z,player_steals,1.5,draftkings,2025-10-26T14:55:22Z,2025-10-26T14:55:00Z,-111.0,-120.0
Austin Reaves,Los Angeles Lakers @ Sacramento Kings,2025-10-27T01:00:00Z,player_steals,1.5,draftkings,2025-10-26T14:55:22Z,2025-10-26T14:55:00Z,178.0,-241.0
Domantas Sabonis,Los Angeles Lakers @ Sacramento Kings,2025-10-27T01:00:00Z,player_steals,0.5,draftkings,2025-10-26T14:55:22Z,2025-10-26T14:55:00Z,-207.0,154.0
DeMar DeRozan,Los Angeles Lakers @ Sacramento Kings,2025-10-27T01:00:00Z,player_steals,0.5,draftkings,2025-10-26T14:55:22Z,2025-10-26T14:55:00Z,-199.0,148.0
Zach LaVine,Los Angeles Lakers @ Sacramento Kings,2025-10-27T01:00:00Z,player_steals,0.5,draftkings,2025-10-26T14:55:22Z,2025-10-26T14:55:00Z,-169.0,127.0
Luka Doncic,Los Angeles Lakers @ Sacramento Kings,2025-10-27T01:00:00Z,player_threes,3.5,draftkings,2025-10-26T14:55:22Z,2025-10-26T14:56:09Z,-146.0,113.0
Zach LaVine,Los Angeles Lakers @ Sacramento Kings,2025-10-27T01:00:00Z,player_threes,3.5,draftkings,2025-10-26T14:55:22Z,2025-10-26T14:56:09Z,122.0,-159.0
Austin Reaves,Los Angeles Lakers @ Sacramento Kings,2025-10-27T01:00:00Z,player_threes,2.5,draftkings,2025-10-26T14:55:22Z,2025-10-26T14:56:09Z,-144.0,111.0
Rui Hachimura,Los Angeles Lakers @ Sacramento Kings,2025-10-27T01:00:00Z,player_threes,2.5,draftkings,2025-10-26T14:55:22Z,2025-10-26T14:56:09Z,131.0,-170.0
Dennis Schroder,Los Angeles Lakers @ Sacramento Kings,2025-10-27T01:00:00Z,player_threes,1.5,draftkings,2025-10-26T14:55:22Z,2025-10-26T14:56:09Z,-120.0,-108.0
DeMar DeRozan,Los Angeles Lakers @ Sacramento Kings,2025-10-27T01:00:00Z,player_threes,0.5,draftkings,2025-10-26T14:55:22Z,2025-10-26T14:56:09Z,-204.0,156.0
Domantas Sabonis,Los Angeles Lakers @ Sacramento Kings,2025-10-27T01:00:00Z,player_threes,0.5,draftkings,2025-10-26T14:55:22Z,2025-10-26T14:56:09Z,101.0,-130.0
Luka Doncic,Los Angeles Lakers @ Sacramento Kings,2025-10-27T01:00:00Z,player_triple_double,,draftkings,2025-10-26T14:55:22Z,2025-10-26T14:56:09Z,,
Domantas Sabonis,Los Angeles Lakers @ Sacramento Kings,2025-10-27T01:00:00Z,player_triple_double,,draftkings,2025-10-26T14:55:22Z,2025-10-26T14:56:09Z,,
Austin Reaves,Los Angeles Lakers @ Sacramento Kings,2025-10-27T01:00:00Z,player_triple_double,,draftkings,2025-10-26T14:55:22Z,2025-10-26T14:56:09Z,,
Austin Reaves,Los Angeles Lakers @ Sacramento Kings,2025-10-27T01:00:00Z,player_assists,6.5,betonlineag,2025-10-26T14:55:22Z,2025-10-26T14:54:35Z,-111.0,-116.0
Domantas Sabonis,Los Angeles Lakers @ Sacramento Kings,2025-10-27T01:00:00Z,player_assists,5.5,betonlineag,2025-10-26T14:55:22Z,2025-10-26T14:54:35Z,117.0,-152.0
DeMar DeRozan,Los Angeles Lakers @ Sacramento Kings,2025-10-27T01:00:00Z,player_assists,4.5,betonlineag,2025-10-26T14:55:22Z,2025-10-26T14:54:35Z,-130.0,100.0
Dennis Schroder,Los Angeles Lakers @ Sacramento Kings,2025-10-27T01:00:00Z,player_assists,4.5,betonlineag,2025-10-26T14:55:22Z,2025-10-26T14:54:35Z,109.0,-141.0
Luka Doncic,Los Angeles Lakers @ Sacramento Kings,2025-10-27T01:00:00Z,player_assists,8.5,betonlineag,2025-10-26T14:55:22Z,2025-10-26T14:54:35Z,103.0,-133.0
Zach LaVine,Los Angeles Lakers @ Sacramento Kings,2025-10-27T01:00:00Z,player_assists,3.5,betonlineag,2025-10-26T14:55:22Z,2025-10-26T14:54:35Z,141.0,-185.0
DeMar DeRozan,Los Angeles Lakers @ Sacramento Kings,2025-10-27T01:00:00Z,player_points,22.5,betonlineag,2025-10-26T14:55:22Z,2025-10-26T14:54:35Z,-112.0,-115.0
Rui Hachimura,Los Angeles Lakers @ Sacramento Kings,2025-10-27T01:00:00Z,player_points,13.5,betonlineag,2025-10-26T14:55:22Z,2025-10-26T14:54:35Z,-119.0,-109.0
Domantas Sabonis,Los Angeles Lakers @ Sacramento Kings,2025-10-27T01:00:00Z,player_points,17.5,betonlineag,2025-10-26T14:55:22Z,2025-10-26T14:54:35Z,-123.0,-105.0
Gabe Vincent,Los Angeles Lakers @ Sacramento Kings,2025-10-27T01:00:00Z,player_points,6.5,betonlineag,2025-10-26T14:55:22Z,2025-10-26T14:54:35Z,-119.0,-109.0
Austin Reaves,Los Angeles Lakers @ Sacramento Kings,2025-10-27T01:00:00Z,player_points,23.5,betonlineag,2025-10-26T14:55:22Z,2025-10-26T14:54:35Z,-111.0,-116.0
Deandre Ayton,Los Angeles Lakers @ Sacramento Kings,2025-10-27T01:00:00Z,player_points,14.5,betonlineag,2025-10-26T14:55:22Z,2025-10-26T14:54:35Z,100.0,-130.0
Dennis Schroder,Los Angeles Lakers @ Sacramento Kings,2025-10-27T01:00:00Z,player_points,12.5,betonlineag,2025-10-26T14:55:22Z,2025-10-26T14:54:35Z,-108.0,-120.0
Zach LaVine,Los Angeles Lakers @ Sacramento Kings,2025-10-27T01:00:00Z,player_points,22.5,betonlineag,2025-10-26T14:55:22Z,2025-10-26T14:54:35Z,-108.0,-120.0
Marcus Smart,Los Angeles Lakers @ Sacramento Kings,2025-10-27T01:00:00Z,player_points,7.5,betonlineag,2025-10-26T14:55:22Z,2025-10-26T14:54:35Z,100.0,-130.0
Luka Doncic,Los Angeles Lakers @ Sacramento Kings,2025-10-27T01:00:00Z,player_points,33.5,betonlineag,2025-10-26T14:55:22Z,2025-10-26T14:54:35Z,-114.0,-114.0
Domantas Sabonis,Los Angeles Lakers @ Sacramento Kings,2025-10-27T01:00:00Z,player_points_rebounds_assists,36.5,betonlineag,2025-10-26T14:55:22Z,2025-10-26T14:54:35Z,-114.0,-114.0
Austin Reaves,Los Angeles Lakers @ Sacramento Kings,2025-10-27T01:00:00Z,player_points_rebounds_assists,35.5,betonlineag,2025-10-26T14:55:22Z,2025-10-26T14:54:35Z,-108.0,-120.0
Dennis Schroder,Los Angeles Lakers @ Sacramento Kings,2025-10-27T01:00:00Z,player_points_rebounds_assists,19.5,betonlineag,2025-10-26T14:55:22Z,2025-10-26T14:54:35Z,-115.0,-112.0
DeMar DeRozan,Los Angeles Lakers @ Sacramento Kings,2025-10-27T01:00:00Z,player_points_rebounds_assists,31.5,betonlineag,2025-10-26T14:55:22Z,2025-10-26T14:54:35Z,-112.0,-115.0
Zach LaVine,Los Angeles Lakers @ Sacramento Kings,2025-10-27T01:00:00Z,player_points_rebounds_assists,28.5,betonlineag,2025-10-26T14:55:22Z,2025-10-26T14:54:35Z,-119.0,-109.0
Luka Doncic,Los Angeles Lakers @ Sacramento Kings,2025-10-27T01:00:00Z,player_points_rebounds_assists,50.5,betonlineag,2025-10-26T14:55:22Z,2025-10-26T14:54:35Z,-116.0,-111.0
Austin Reaves,Los Angeles Lakers @ Sacramento Kings,2025-10-27T01:00:00Z,player_rebounds,4.5,betonlineag,2025-10-26T14:55:22Z,2025-10-26T14:54:35Z,-125.0,-103.0
Domantas Sabonis,Los Angeles Lakers @ Sacramento Kings,2025-10-27T01:00:00Z,player_rebounds,12.5,betonlineag,2025-10-26T14:55:22Z,2025-10-26T14:54:35Z,-139.0,107.0
DeMar DeRozan,Los Angeles Lakers @ Sacramento Kings,2025-10-27T01:00:00Z,player_rebounds,3.5,betonlineag,2025-10-26T14:55:22Z,2025-10-26T14:54:35Z,-141.0,109.0
Rui Hachimura,Los Angeles Lakers @ Sacramento Kings,2025-10-27T01:00:00Z,player_rebounds,4.5,betonlineag,2025-10-26T14:55:22Z,2025-10-26T14:54:35Z,106.0,-137.0
Luka Doncic,Los Angeles Lakers @ Sacramento Kings,2025-10-27T01:00:00Z,player_rebounds,8.5,betonlineag,2025-10-26T14:55:22Z,2025-10-26T14:54:35Z,103.0,-133.0
Deandre Ayton,Los Angeles Lakers @ Sacramento Kings,2025-10-27T01:00:00Z,player_rebounds,9.5,betonlineag,2025-10-26T14:55:22Z,2025-10-26T14:54:35Z,106.0,-137.0
Dennis Schroder,Los Angeles Lakers @ Sacramento Kings,2025-10-27T01:00:00Z,player_rebounds,2.5,betonlineag,2025-10-26T14:55:22Z,2025-10-26T14:54:35Z,-127.0,-102.0
Zach LaVine,Los Angeles Lakers @ Sacramento Kings,2025-10-27T01:00:00Z,player_rebounds,3.5,betonlineag,2025-10-26T14:55:22Z,2025-10-26T14:54:35Z,115.0,-149.0
Domantas Sabonis,Los Angeles Lakers @ Sacramento Kings,2025-10-27T01:00:00Z,player_threes,0.5,betonlineag,2025-10-26T14:55:22Z,2025-10-26T14:54:35Z,100.0,-130.0
Austin Reaves,Los Angeles Lakers @ Sacramento Kings,2025-10-27T01:00:00Z,player_threes,2.5,betonlineag,2025-10-26T14:55:22Z,2025-10-26T14:54:35Z,-130.0,101.0
Rui Hachimura,Los Angeles Lakers @ Sacramento Kings,2025-10-27T01:00:00Z,player_threes,2.5,betonlineag,2025-10-26T14:55:22Z,2025-10-26T14:54:35Z,144.0,-189.0
DeMar DeRozan,Los Angeles Lakers @ Sacramento Kings,2025-10-27T01:00:00Z,player_threes,0.5,betonlineag,2025-10-26T14:55:22Z,2025-10-26T14:54:35Z,-204.0,155.0
Luka Doncic,Los Angeles Lakers @ Sacramento Kings,2025-10-27T01:00:00Z,player_threes,3.5,betonlineag,2025-10-26T14:55:22Z,2025-10-26T14:54:35Z,-139.0,107.0
Dennis Schroder,Los Angeles Lakers @ Sacramento Kings,2025-10-27T01:00:00Z,player_threes,1.5,betonlineag,2025-10-26T14:55:22Z,2025-10-26T14:54:35Z,-116.0,-111.0
Zach LaVine,Los Angeles Lakers @ Sacramento Kings,2025-10-27T01:00:00Z,player_threes,3.5,betonlineag,2025-10-26T14:55:22Z,2025-10-26T14:54:35Z,120.0,-156.0
Dennis Schroder,Los Angeles Lakers @ Sacramento Kings,2025-10-27T01:00:00Z,player_assists,4.5,williamhill_us,2025-10-26T14:54:39Z,2025-10-26T14:55:51Z,105.0,-141.0
Marcus Smart,Los Angeles Lakers @ Sacramento Kings,2025-10-27T01:00:00Z,player_assists,2.5,williamhill_us,2025-10-26T14:54:39Z,2025-10-26T14:55:51Z,105.0,-145.0
Luka Doncic,Los Angeles Lakers @ Sacramento Kings,2025-10-27T01:00:00Z,player_assists,8.5,williamhill_us,2025-10-26T14:54:39Z,2025-10-26T14:55:51Z,100.0,-139.0
Austin Reaves,Los Angeles Lakers @ Sacramento Kings,2025-10-27T01:00:00Z,player_assists,6.5,williamhill_us,2025-10-26T14:54:39Z,2025-10-26T14:55:51Z,-115.0,-117.0
Domantas Sabonis,Los Angeles Lakers @ Sacramento Kings,2025-10-27T01:00:00Z,player_assists,5.5,williamhill_us,2025-10-26T14:54:39Z,2025-10-26T14:55:51Z,110.0,-152.0
DeMar DeRozan,Los Angeles Lakers @ Sacramento Kings,2025-10-27T01:00:00Z,player_assists,4.5,williamhill_us,2025-10-26T14:54:39Z,2025-10-26T14:55:51Z,-132.0,-102.0
Zach LaVine,Los Angeles Lakers @ Sacramento Kings,2025-10-27T01:00:00Z,player_assists,3.5,williamhill_us,2025-10-26T14:54:39Z,2025-10-26T14:55:51Z,140.0,-193.0
Domantas Sabonis,Los Angeles Lakers @ Sacramento Kings,2025-10-27T01:00:00Z,player_double_double,,williamhill_us,2025-10-26T14:54:39Z,2025-10-26T14:55:51Z,,
Luka Doncic,Los Angeles Lakers @ Sacramento Kings,2025-10-27T01:00:00Z,player_double_double,,williamhill_us,2025-10-26T14:54:39Z,2025-10-26T14:55:51Z,,
Deandre Ayton,Los Angeles Lakers @ Sacramento Kings,2025-10-27T01:00:00Z,player_double_double,,williamhill_us,2025-10-26T14:54:39Z,2025-10-26T14:55:51Z,,
Austin Reaves,Los Angeles Lakers @ Sacramento Kings,2025-10-27T01:00:00Z,player_double_double,,williamhill_us,2025-10-26T14:54:39Z,2025-10-26T14:55:51Z,,
DeMar DeRozan,Los Angeles Lakers @ Sacramento Kings,2025-10-27T01:00:00Z,player_double_double,,williamhill_us,2025-10-26T14:54:39Z,2025-10-26T14:55:51Z,,
Dennis Schroder,Los Angeles Lakers @ Sacramento Kings,2025-10-27T01:00:00Z,player_double_double,,williamhill_us,2025-10-26T14:54:39Z,2025-10-26T14:55:51Z,,
Rui Hachimura,Los Angeles Lakers @ Sacramento Kings,2025-10-27T01:00:00Z,player_double_double,,williamhill_us,2025-10-26T14:54:39Z,2025-10-26T14:55:51Z,,
Deandre Ayton,Los Angeles Lakers @ Sacramento Kings,2025-10-27T01:00:00Z,player_points,13.5,williamhill_us,2025-10-26T14:54:39Z,2025-10-26T14:55:51Z,-134.0,100.0
Marcus Smart,Los Angeles Lakers @ Sacramento Kings,2025-10-27T01:00:00Z,player_points,7.5,williamhill_us,2025-10-26T14:54:39Z,2025-10-26T14:55:51Z,-106.0,-127.0
Luka Doncic,Los Angeles Lakers @ Sacramento Kings,2025-10-27T01:00:00Z,player_points,33.5,williamhill_us,2025-10-26T14:54:39Z,2025-10-26T14:55:51Z,-121.0,-111.0
Domantas Sabonis,Los Angeles Lakers @ Sacramento Kings,2025-10-27T01:00:00Z,player_points,17.5,williamhill_us,2025-10-26T14:54:39Z,2025-10-26T14:55:51Z,-122.0,-110.0
Russell Westbrook,Los Angeles Lakers @ Sacramento Kings,2025-10-27T01:00:00Z,player_points,8.5,williamhill_us,2025-10-26T14:54:39Z,2025-10-26T14:55:51Z,-102.0,-134.0
Zach LaVine,Los Angeles Lakers @ Sacramento Kings,2025-10-27T01:00:00Z,player_points,22.5,williamhill_us,2025-10-26T14:54:39Z,2025-10-26T14:55:51Z,-113.0,-120.0
DeMar DeRozan,Los Angeles Lakers @ Sacramento Kings,2025-10-27T01:00:00Z,player_points,22.5,williamhill_us,2025-10-26T14:54:39Z,2025-10-26T14:55:51Z,-127.0,-107.0
Gabe Vincent,Los Angeles Lakers @ Sacramento Kings,2025-10-27T01:00:00Z,player_points,6.5,williamhill_us,2025-10-26T14:54:39Z,2025-10-26T14:55:51Z,-124.0,-109.0
Austin Reaves,Los Angeles Lakers @ Sacramento Kings,2025-10-27T01:00:00Z,player_points,23.5,williamhill_us,2025-10-26T14:54:39Z,2025-10-26T14:55:51Z,-114.0,-118.0
Dennis Schroder,Los Angeles Lakers @ Sacramento Kings,2025-10-27T01:00:00Z,player_points,12.5,williamhill_us,2025-10-26T14:54:39Z,2025-10-26T14:55:51Z,-117.0,-115.0
Rui Hachimura,Los Angeles Lakers @ Sacramento Kings,2025-10-27T01:00:00Z,player_points,13.5,williamhill_us,2025-10-26T14:54:39Z,2025-10-26T14:55:51Z,-121.0,-112.0
Rui Hachimura,Los Angeles Lakers @ Sacramento Kings,2025-10-27T01:00:00Z,player_rebounds,4.5,williamhill_us,2025-10-26T14:54:39Z,2025-10-26T14:55:51Z,105.0,-143.0
Jake LaRavia,Los Angeles Lakers @ Sacramento Kings,2025-10-27T01:00:00Z,player_rebounds,2.5,williamhill_us,2025-10-26T14:54:39Z,2025-10-26T14:55:51Z,-157.0,115.0
Zach LaVine,Los Angeles Lakers @ Sacramento Kings,2025-10-27T01:00:00Z,player_rebounds,3.5,williamhill_us,2025-10-26T14:54:39Z,2025-10-26T14:55:51Z,120.0,-164.0
Jarred Vanderbilt,Los Angeles Lakers @ Sacramento Kings,2025-10-27T01:00:00Z,player_rebounds,4.5,williamhill_us,2025-10-26T14:54:39Z,2025-10-26T14:55:51Z,-109.0,-124.0
Austin Reaves,Los Angeles Lakers @ Sacramento Kings,2025-10-27T01:00:00Z,player_rebounds,4.5,williamhill_us,2025-10-26T14:54:39Z,2025-10-26T14:55:51Z,-117.0,-117.0
DeMar DeRozan,Los Angeles Lakers @ Sacramento Kings,2025-10-27T01:00:00Z,player_rebounds,3.5,williamhill_us,2025-10-26T14:54:39Z,2025-10-26T14:55:51Z,-143.0,105.0
Domantas Sabonis,Los Angeles Lakers @ Sacramento Kings,2025-10-27T01:00:00Z,player_rebounds,12.5,williamhill_us,2025-10-26T14:54:39Z,2025-10-26T14:55:51Z,-155.0,108.0
Luka Doncic,Los Angeles Lakers @ Sacramento Kings,2025-10-27T01:00:00Z,player_rebounds,8.5,williamhill_us,2025-10-26T14:54:39Z,2025-10-26T14:55:51Z,-102.0,-134.0
Dennis Schroder,Los Angeles Lakers @ Sacramento Kings,2025-10-27T01:00:00Z,player_rebounds,2.5,williamhill_us,2025-10-26T14:54:39Z,2025-10-26T14:55:51Z,-130.0,-105.0
Austin Reaves,Los Angeles Lakers @ Sacramento Kings,2025-10-27T01:00:00Z,player_threes,2.5,williamhill_us,2025-10-26T14:54:39Z,2025-10-26T14:55:51Z,-134.0,100.0
Marcus Smart,Los Angeles Lakers @ Sacramento Kings,2025-10-27T01:00:00Z,player_threes,1.5,williamhill_us,2025-10-26T14:54:39Z,2025-10-26T14:55:51Z,150.0,-209.0
Dennis Schroder,Los Angeles Lakers @ Sacramento Kings,2025-10-27T01:00:00Z,player_threes,1.5,williamhill_us,2025-10-26T14:54:39Z,2025-10-26T14:55:51Z,-120.0,-113.0
Luka Doncic,Los Angeles Lakers @ Sacramento Kings,2025-10-27T01:00:00Z,player_threes,3.5,williamhill_us,2025-10-26T14:54:39Z,2025-10-26T14:55:51Z,-143.0,105.0
Rui Hachimura,Los Angeles Lakers @ Sacramento Kings,2025-10-27T01:00:00Z,player_threes,2.5,williamhill_us,2025-10-26T14:54:39Z,2025-10-26T14:55:51Z,135.0,-190.0
Zach LaVine,Los Angeles Lakers @ Sacramento Kings,2025-10-27T01:00:00Z,player_threes,3.5,williamhill_us,2025-10-26T14:54:39Z,2025-10-26T14:55:51Z,115.0,-159.0
DeMar DeRozan,Los Angeles Lakers @ Sacramento Kings,2025-10-27T01:00:00Z,player_threes,0.5,williamhill_us,2025-10-26T14:54:39Z,2025-10-26T14:55:51Z,-230.0,160.0
Gabe Vincent,Los Angeles Lakers @ Sacramento Kings,2025-10-27T01:00:00Z,player_threes,1.5,williamhill_us,2025-10-26T14:54:39Z,2025-10-26T14:55:51Z,-143.0,105.0
Domantas Sabonis,Los Angeles Lakers @ Sacramento Kings,2025-10-27T01:00:00Z,player_threes,0.5,williamhill_us,2025-10-26T14:54:39Z,2025-10-26T14:55:51Z,100.0,-136.0
Luka Doncic,Los Angeles Lakers @ Sacramento Kings,2025-10-27T01:00:00Z,player_triple_double,,williamhill_us,2025-10-26T14:54:39Z,2025-10-26T14:55:51Z,,
Austin Reaves,Los Angeles Lakers @ Sacramento Kings,2025-10-27T01:00:00Z,player_triple_double,,williamhill_us,2025-10-26T14:54:39Z,2025-10-26T14:55:51Z,,
Domantas Sabonis,Los Angeles Lakers @ Sacramento Kings,2025-10-27T01:00:00Z,player_triple_double,,williamhill_us,2025-10-26T14:54:39Z,2025-10-26T14:55:51Z,,
Luka Doncic,Los Angeles Lakers @ Sacramento Kings,2025-10-27T01:00:00Z,player_assists,8.5,fanatics,2025-10-26T14:55:12Z,2025-10-26T14:55:37Z,105.0,-140.0
Austin Reaves,Los Angeles Lakers @ Sacramento Kings,2025-10-27T01:00:00Z,player_assists,6.5,fanatics,2025-10-26T14:55:12Z,2025-10-26T14:55:37Z,-110.0,-120.0
Dennis Schroder,Los Angeles Lakers @ Sacramento Kings,2025-10-27T01:00:00Z,player_assists,4.5,fanatics,2025-10-26T14:55:12Z,2025-10-26T14:55:37Z,105.0,-140.0
Domantas Sabonis,Los Angeles Lakers @ Sacramento Kings,2025-10-27T01:00:00Z,player_assists,5.5,fanatics,2025-10-26T14:55:12Z,2025-10-26T14:55:37Z,110.0,-145.0
DeMar DeRozan,Los Angeles Lakers @ Sacramento Kings,2025-10-27T01:00:00Z,player_assists,4.5,fanatics,2025-10-26T14:55:12Z,2025-10-26T14:55:37Z,-140.0,105.0
Zach LaVine,Los Angeles Lakers @ Sacramento Kings,2025-10-27T01:00:00Z,player_assists,3.5,fanatics,2025-10-26T14:55:12Z,2025-10-26T14:55:37Z,125.0,-175.0
Rui Hachimura,Los Angeles Lakers @ Sacramento Kings,2025-10-27T01:00:00Z,player_assists,1.5,fanatics,2025-10-26T14:55:12Z,2025-10-26T14:55:37Z,115.0,-150.0
Deandre Ayton,Los Angeles Lakers @ Sacramento Kings,2025-10-27T01:00:00Z,player_assists,0.5,fanatics,2025-10-26T14:55:12Z,2025-10-26T14:55:37Z,-225.0,140.0
Gabe Vincent,Los Angeles Lakers @ Sacramento Kings,2025-10-27T01:00:00Z,player_assists,1.5,fanatics,2025-10-26T14:55:12Z,2025-10-26T14:55:37Z,-140.0,105.0
Jake LaRavia,Los Angeles Lakers @ Sacramento Kings,2025-10-27T01:00:00Z,player_assists,1.5,fanatics,2025-10-26T14:55:12Z,2025-10-26T14:55:37Z,105.0,-140.0
Jarred Vanderbilt,Los Angeles Lakers @ Sacramento Kings,2025-10-27T01:00:00Z,player_assists,0.5,fanatics,2025-10-26T14:55:12Z,2025-10-26T14:55:37Z,-150.0,115.0
Marcus Smart,Los Angeles Lakers @ Sacramento Kings,2025-10-27T01:00:00Z,player_assists,2.5,fanatics,2025-10-26T14:55:12Z,2025-10-26T14:55:37Z,105.0,-140.0
Russell Westbrook,Los Angeles Lakers @ Sacramento Kings,2025-10-27T01:00:00Z,player_assists,2.5,fanatics,2025-10-26T14:55:12Z,2025-10-26T14:55:37Z,115.0,-150.0
DeMar DeRozan,Los Angeles Lakers @ Sacramento Kings,2025-10-27T01:00:00Z,player_double_double,,fanatics,2025-10-26T14:55:12Z,2025-10-26T14:55:37Z,,
Domantas Sabonis,Los Angeles Lakers @ Sacramento Kings,2025-10-27T01:00:00Z,player_double_double,,fanatics,2025-10-26T14:55:12Z,2025-10-26T14:55:37Z,,
Dennis Schroder,Los Angeles Lakers @ Sacramento Kings,2025-10-27T01:00:00Z,player_double_double,,fanatics,2025-10-26T14:55:12Z,2025-10-26T14:55:37Z,,
Luka Doncic,Los Angeles Lakers @ Sacramento Kings,2025-10-27T01:00:00Z,player_double_double,,fanatics,2025-10-26T14:55:12Z,2025-10-26T14:55:37Z,,
Austin Reaves,Los Angeles Lakers @ Sacramento Kings,2025-10-27T01:00:00Z,player_double_double,,fanatics,2025-10-26T14:55:12Z,2025-10-26T14:55:37Z,,
Deandre Ayton,Los Angeles Lakers @ Sacramento Kings,2025-10-27T01:00:00Z,player_double_double,,fanatics,2025-10-26T14:55:12Z,2025-10-26T14:55:37Z,,
Rui Hachimura,Los Angeles Lakers @ Sacramento Kings,2025-10-27T01:00:00Z,player_double_double,,fanatics,2025-10-26T14:55:12Z,2025-10-26T14:55:37Z,,
Austin Reaves,Los Angeles Lakers @ Sacramento Kings,2025-10-27T01:00:00Z,player_points,23.5,fanatics,2025-10-26T14:55:12Z,2025-10-26T14:55:37Z,-115.0,-115.0
Zach LaVine,Los Angeles Lakers @ Sacramento Kings,2025-10-27T01:00:00Z,player_points,22.5,fanatics,2025-10-26T14:55:12Z,2025-10-26T14:55:37Z,-115.0,-115.0
Deandre Ayton,Los Angeles Lakers @ Sacramento Kings,2025-10-27T01:00:00Z,player_points,14.5,fanatics,2025-10-26T14:55:12Z,2025-10-26T14:55:37Z,-105.0,-125.0
Dennis Schroder,Los Angeles Lakers @ Sacramento Kings,2025-10-27T01:00:00Z,player_points,12.5,fanatics,2025-10-26T14:55:12Z,2025-10-26T14:55:37Z,-115.0,-115.0
Domantas Sabonis,Los Angeles Lakers @ Sacramento Kings,2025-10-27T01:00:00Z,player_points,17.5,fanatics,2025-10-26T14:55:12Z,2025-10-26T14:55:37Z,-120.0,-110.0
DeMar DeRozan,Los Angeles Lakers @ Sacramento Kings,2025-10-27T01:00:00Z,player_points,22.5,fanatics,2025-10-26T14:55:12Z,2025-10-26T14:55:37Z,-120.0,-110.0
Rui Hachimura,Los Angeles Lakers @ Sacramento Kings,2025-10-27T01:00:00Z,player_points,13.5,fanatics,2025-10-26T14:55:12Z,2025-10-26T14:55:37Z,-125.0,-105.0
Luka Doncic,Los Angeles Lakers @ Sacramento Kings,2025-10-27T01:00:00Z,player_points,33.5,fanatics,2025-10-26T14:55:12Z,2025-10-26T14:55:37Z,-115.0,-115.0
Gabe Vincent,Los Angeles Lakers @ Sacramento Kings,2025-10-27T01:00:00Z,player_points,6.5,fanatics,2025-10-26T14:55:12Z,2025-10-26T14:55:37Z,-115.0,-115.0
Marcus Smart,Los Angeles Lakers @ Sacramento Kings,2025-10-27T01:00:00Z,player_points,7.5,fanatics,2025-10-26T14:55:12Z,2025-10-26T14:55:37Z,105.0,-140.0
Jake LaRavia,Los Angeles Lakers @ Sacramento Kings,2025-10-27T01:00:00Z,player_points,5.5,fanatics,2025-10-26T14:55:12Z,2025-10-26T14:55:37Z,-140.0,105.0
Jarred Vanderbilt,Los Angeles Lakers @ Sacramento Kings,2025-10-27T01:00:00Z,player_points,3.5,fanatics,2025-10-26T14:55:12Z,2025-10-26T14:55:37Z,-150.0,115.0
Russell Westbrook,Los Angeles Lakers @ Sacramento Kings,2025-10-27T01:00:00Z,player_points,8.5,fanatics,2025-10-26T14:55:12Z,2025-10-26T14:55:37Z,100.0,-130.0
Marcus Smart,Los Angeles Lakers @ Sacramento Kings,2025-10-27T01:00:00Z,player_points_rebounds_assists,11.5,fanatics,2025-10-26T14:55:12Z,2025-10-26T14:55:37Z,-105.0,-125.0
Rui Hachimura,Los Angeles Lakers @ Sacramento Kings,2025-10-27T01:00:00Z,player_points_rebounds_assists,19.5,fanatics,2025-10-26T14:55:12Z,2025-10-26T14:55:37Z,-125.0,-105.0
Deandre Ayton,Los Angeles Lakers @ Sacramento Kings,2025-10-27T01:00:00Z,player_points_rebounds_assists,24.5,fanatics,2025-10-26T14:55:12Z,2025-10-26T14:55:37Z,-115.0,-115.0
Austin Reaves,Los Angeles Lakers @ Sacramento Kings,2025-10-27T01:00:00Z,player_points_rebounds_assists,34.5,fanatics,2025-10-26T14:55:12Z,2025-10-26T14:55:37Z,-120.0,-110.0
Zach LaVine,Los Angeles Lakers @ Sacramento Kings,2025-10-27T01:00:00Z,player_points_rebounds_assists,29.5,fanatics,2025-10-26T14:55:12Z,2025-10-26T14:55:37Z,-105.0,-125.0
Domantas Sabonis,Los Angeles Lakers @ Sacramento Kings,2025-10-27T01:00:00Z,player_points_rebounds_assists,36.5,fanatics,2025-10-26T14:55:12Z,2025-10-26T14:55:37Z,-115.0,-115.0
Luka Doncic,Los Angeles Lakers @ Sacramento Kings,2025-10-27T01:00:00Z,player_points_rebounds_assists,50.5,fanatics,2025-10-26T14:55:12Z,2025-10-26T14:55:37Z,-115.0,-115.0
Jake LaRavia,Los Angeles Lakers @ Sacramento Kings,2025-10-27T01:00:00Z,player_points_rebounds_assists,10.5,fanatics,2025-10-26T14:55:12Z,2025-10-26T14:55:37Z,-115.0,-115.0
Dennis Schroder,Los Angeles Lakers @ Sacramento Kings,2025-10-27T01:00:00Z,player_points_rebounds_assists,19.5,fanatics,2025-10-26T14:55:12Z,2025-10-26T14:55:37Z,-120.0,-110.0
DeMar DeRozan,Los Angeles Lakers @ Sacramento Kings,2025-10-27T01:00:00Z,player_points_rebounds_assists,31.5,fanatics,2025-10-26T14:55:12Z,2025-10-26T14:55:37Z,-120.0,-110.0
Gabe Vincent,Los Angeles Lakers @ Sacramento Kings,2025-10-27T01:00:00Z,player_points_rebounds_assists,9.5,fanatics,2025-10-26T14:55:12Z,2025-10-26T14:55:37Z,-130.0,100.0
Jarred Vanderbilt,Los Angeles Lakers @ Sacramento Kings,2025-10-27T01:00:00Z,player_points_rebounds_assists,9.5,fanatics,2025-10-26T14:55:12Z,2025-10-26T14:55:37Z,-115.0,-115.0
Russell Westbrook,Los Angeles Lakers @ Sacramento Kings,2025-10-27T01:00:00Z,player_points_rebounds_assists,13.5,fanatics,2025-10-26T14:55:12Z,2025-10-26T14:55:37Z,-120.0,-110.0
Dennis Schroder,Los Angeles Lakers @ Sacramento Kings,2025-10-27T01:00:00Z,player_rebounds,2.5,fanatics,2025-10-26T14:55:12Z,2025-10-26T14:55:37Z,-140.0,105.0
Deandre Ayton,Los Angeles Lakers @ Sacramento Kings,2025-10-27T01:00:00Z,player_rebounds,9.5,fanatics,2025-10-26T14:55:12Z,2025-10-26T14:55:37Z,105.0,-140.0
Luka Doncic,Los Angeles Lakers @ Sacramento Kings,2025-10-27T01:00:00Z,player_rebounds,8.5,fanatics,2025-10-26T14:55:12Z,2025-10-26T14:55:37Z,-105.0,-125.0
DeMar DeRozan,Los Angeles Lakers @ Sacramento Kings,2025-10-27T01:00:00Z,player_rebounds,3.5,fanatics,2025-10-26T14:55:12Z,2025-10-26T14:55:37Z,-140.0,105.0
Austin Reaves,Los Angeles Lakers @ Sacramento Kings,2025-10-27T01:00:00Z,player_rebounds,4.5,fanatics,2025-10-26T14:55:12Z,2025-10-26T14:55:37Z,-120.0,-110.0
Domantas Sabonis,Los Angeles Lakers @ Sacramento Kings,2025-10-27T01:00:00Z,player_rebounds,13.5,fanatics,2025-10-26T14:55:12Z,2025-10-26T14:55:37Z,100.0,-130.0
Rui Hachimura,Los Angeles Lakers @ Sacramento Kings,2025-10-27T01:00:00Z,player_rebounds,4.5,fanatics,2025-10-26T14:55:12Z,2025-10-26T14:55:37Z,105.0,-140.0
Zach LaVine,Los Angeles Lakers @ Sacramento Kings,2025-10-27T01:00:00Z,player_rebounds,3.5,fanatics,2025-10-26T14:55:12Z,2025-10-26T14:55:37Z,120.0,-165.0
Gabe Vincent,Los Angeles Lakers @ Sacramento Kings,2025-10-27T01:00:00Z,player_rebounds,1.5,fanatics,2025-10-26T14:55:12Z,2025-10-26T14:55:37Z,135.0,-210.0
Jake LaRavia,Los Angeles Lakers @ Sacramento Kings,2025-10-27T01:00:00Z,player_rebounds,2.5,fanatics,2025-10-26T14:55:12Z,2025-10-26T14:55:37Z,-150.0,115.0
Marcus Smart,Los Angeles Lakers @ Sacramento Kings,2025-10-27T01:00:00Z,player_rebounds,1.5,fanatics,2025-10-26T14:55:12Z,2025-10-26T14:55:37Z,-110.0,-120.0
Jarred Vanderbilt,Los Angeles Lakers @ Sacramento Kings,2025-10-27T01:00:00Z,player_rebounds,4.5,fanatics,2025-10-26T14:55:12Z,2025-10-26T14:55:37Z,-115.0,-115.0
Russell Westbrook,Los Angeles Lakers @ Sacramento Kings,2025-10-27T01:00:00Z,player_rebounds,3.5,fanatics,2025-10-26T14:55:12Z,2025-10-26T14:55:37Z,125.0,-175.0
Luka Doncic,Los Angeles Lakers @ Sacramento Kings,2025-10-27T01:00:00Z,player_threes,3.5,fanatics,2025-10-26T14:55:12Z,2025-10-26T14:55:37Z,-145.0,110.0
Domantas Sabonis,Los Angeles Lakers @ Sacramento Kings,2025-10-27T01:00:00Z,player_threes,0.5,fanatics,2025-10-26T14:55:12Z,2025-10-26T14:55:37Z,-105.0,-125.0
Dennis Schroder,Los Angeles Lakers @ Sacramento Kings,2025-10-27T01:00:00Z,player_threes,1.5,fanatics,2025-10-26T14:55:12Z,2025-10-26T14:55:37Z,-115.0,-115.0
Rui Hachimura,Los Angeles Lakers @ Sacramento Kings,2025-10-27T01:00:00Z,player_threes,2.5,fanatics,2025-10-26T14:55:12Z,2025-10-26T14:55:37Z,130.0,-190.0
DeMar DeRozan,Los Angeles Lakers @ Sacramento Kings,2025-10-27T01:00:00Z,player_threes,0.5,fanatics,2025-10-26T14:55:12Z,2025-10-26T14:55:37Z,-240.0,150.0
Austin Reaves,Los Angeles Lakers @ Sacramento Kings,2025-10-27T01:00:00Z,player_threes,2.5,fanatics,2025-10-26T14:55:12Z,2025-10-26T14:55:37Z,-125.0,100.0
Zach LaVine,Los Angeles Lakers @ Sacramento Kings,2025-10-27T01:00:00Z,player_threes,3.5,fanatics,2025-10-26T14:55:12Z,2025-10-26T14:55:37Z,120.0,-165.0
Gabe Vincent,Los Angeles Lakers @ Sacramento Kings,2025-10-27T01:00:00Z,player_threes,1.5,fanatics,2025-10-26T14:55:12Z,2025-10-26T14:55:37Z,-145.0,110.0
Jake LaRavia,Los Angeles Lakers @ Sacramento Kings,2025-10-27T01:00:00Z,player_threes,0.5,fanatics,2025-10-26T14:55:12Z,2025-10-26T14:55:37Z,-190.0,130.0
Jarred Vanderbilt,Los Angeles Lakers @ Sacramento Kings,2025-10-27T01:00:00Z,player_threes,0.5,fanatics,2025-10-26T14:55:12Z,2025-10-26T14:55:37Z,230.0,-400.0
Marcus Smart,Los Angeles Lakers @ Sacramento Kings,2025-10-27T01:00:00Z,player_threes,1.5,fanatics,2025-10-26T14:55:12Z,2025-10-26T14:55:37Z,140.0,-225.0
Russell Westbrook,Los Angeles Lakers @ Sacramento Kings,2025-10-27T01:00:00Z,player_threes,0.5,fanatics,2025-10-26T14:55:12Z,2025-10-26T14:55:37Z,-165.0,120.0
Domantas Sabonis,Los Angeles Lakers @ Sacramento Kings,2025-10-27T01:00:00Z,player_triple_double,,fanatics,2025-10-26T14:55:12Z,2025-10-26T14:55:37Z,,
Luka Doncic,Los Angeles Lakers @ Sacramento Kings,2025-10-27T01:00:00Z,player_triple_double,,fanatics,2025-10-26T14:55:12Z,2025-10-26T14:55:37Z,,
Austin Reaves,Los Angeles Lakers @ Sacramento Kings,2025-10-27T01:00:00Z,player_assists,6.5,fanduel,2025-10-26T14:55:09Z,2025-10-26T14:56:17Z,100.0,-132.0
Luka Doncic,Los Angeles Lakers @ Sacramento Kings,2025-10-27T01:00:00Z,player_assists,8.5,fanduel,2025-10-26T14:55:09Z,2025-10-26T14:56:17Z,102.0,-136.0
Dennis Schroder,Los Angeles Lakers @ Sacramento Kings,2025-10-27T01:00:00Z,player_assists,4.5,fanduel,2025-10-26T14:55:09Z,2025-10-26T14:56:17Z,100.0,-132.0
Zach LaVine,Los Angeles Lakers @ Sacramento Kings,2025-10-27T01:00:00Z,player_assists,3.5,fanduel,2025-10-26T14:55:09Z,2025-10-26T14:56:17Z,140.0,-192.0
DeMar DeRozan,Los Angeles Lakers @ Sacramento Kings,2025-10-27T01:00:00Z,player_assists,4.5,fanduel,2025-10-26T14:55:09Z,2025-10-26T14:56:17Z,-125.0,-106.0
Domantas Sabonis,Los Angeles Lakers @ Sacramento Kings,2025-10-27T01:00:00Z,player_assists,5.5,fanduel,2025-10-26T14:55:09Z,2025-10-26T14:56:17Z,120.0,-160.0
Domantas Sabonis,Los Angeles Lakers @ Sacramento Kings,2025-10-27T01:00:00Z,player_double_double,,fanduel,2025-10-26T14:55:09Z,2025-10-26T14:56:17Z,,
Luka Doncic,Los Angeles Lakers @ Sacramento Kings,2025-10-27T01:00:00Z,player_double_double,,fanduel,2025-10-26T14:55:09Z,2025-10-26T14:56:17Z,,
Deandre Ayton,Los Angeles Lakers @ Sacramento Kings,2025-10-27T01:00:00Z,player_double_double,,fanduel,2025-10-26T14:55:09Z,2025-10-26T14:56:17Z,,
Austin Reaves,Los Angeles Lakers @ Sacramento Kings,2025-10-27T01:00:00Z,player_double_double,,fanduel,2025-10-26T14:55:09Z,2025-10-26T14:56:17Z,,
DeMar DeRozan,Los Angeles Lakers @ Sacramento Kings,2025-10-27T01:00:00Z,player_double_double,,fanduel,2025-10-26T14:55:09Z,2025-10-26T14:56:17Z,,
Dennis Schroder,Los Angeles Lakers @ Sacramento Kings,2025-10-27T01:00:00Z,player_double_double,,fanduel,2025-10-26T14:55:09Z,2025-10-26T14:56:17Z,,
Rui Hachimura,Los Angeles Lakers @ Sacramento Kings,2025-10-27T01:00:00Z,player_double_double,,fanduel,2025-10-26T14:55:09Z,2025-10-26T14:56:17Z,,
DeMar DeRozan,Los Angeles Lakers @ Sacramento Kings,2025-10-27T01:00:00Z,player_points,22.5,fanduel,2025-10-26T14:55:09Z,2025-10-26T14:56:17Z,-114.0,-114.0
Gabe Vincent,Los Angeles Lakers @ Sacramento Kings,2025-10-27T01:00:00Z,player_points,6.5,fanduel,2025-10-26T14:55:09Z,2025-10-26T14:56:17Z,-125.0,-106.0
Austin Reaves,Los Angeles Lakers @ Sacramento Kings,2025-10-27T01:00:00Z,player_points,23.5,fanduel,2025-10-26T14:55:09Z,2025-10-26T14:56:17Z,-104.0,-128.0
Rui Hachimura,Los Angeles Lakers @ Sacramento Kings,2025-10-27T01:00:00Z,player_points,13.5,fanduel,2025-10-26T14:55:09Z,2025-10-26T14:56:17Z,-122.0,-108.0
Deandre Ayton,Los Angeles Lakers @ Sacramento Kings,2025-10-27T01:00:00Z,player_points,14.5,fanduel,2025-10-26T14:55:09Z,2025-10-26T14:56:17Z,100.0,-132.0
Zach LaVine,Los Angeles Lakers @ Sacramento Kings,2025-10-27T01:00:00Z,player_points,22.5,fanduel,2025-10-26T14:55:09Z,2025-10-26T14:56:17Z,-110.0,-120.0
Luka Doncic,Los Angeles Lakers @ Sacramento Kings,2025-10-27T01:00:00Z,player_points,33.5,fanduel,2025-10-26T14:55:09Z,2025-10-26T14:56:17Z,-114.0,-114.0
Domantas Sabonis,Los Angeles Lakers @ Sacramento Kings,2025-10-27T01:00:00Z,player_points,17.5,fanduel,2025-10-26T14:55:09Z,2025-10-26T14:56:17Z,-130.0,-102.0
Dennis Schroder,Los Angeles Lakers @ Sacramento Kings,2025-10-27T01:00:00Z,player_points,12.5,fanduel,2025-10-26T14:55:09Z,2025-10-26T14:56:17Z,-106.0,-125.0
Marcus Smart,Los Angeles Lakers @ Sacramento Kings,2025-10-27T01:00:00Z,player_points,7.5,fanduel,2025-10-26T14:55:09Z,2025-10-26T14:56:17Z,102.0,-136.0
Dennis Schroder,Los Angeles Lakers @ Sacramento Kings,2025-10-27T01:00:00Z,player_points_rebounds_assists,19.5,fanduel,2025-10-26T14:55:09Z,2025-10-26T14:56:17Z,-118.0,-112.0
Zach LaVine,Los Angeles Lakers @ Sacramento Kings,2025-10-27T01:00:00Z,player_points_rebounds_assists,28.5,fanduel,2025-10-26T14:55:09Z,2025-10-26T14:56:17Z,-128.0,-104.0
DeMar DeRozan,Los Angeles Lakers @ Sacramento Kings,2025-10-27T01:00:00Z,player_points_rebounds_assists,31.5,fanduel,2025-10-26T14:55:09Z,2025-10-26T14:56:17Z,-114.0,-114.0
Luka Doncic,Los Angeles Lakers @ Sacramento Kings,2025-10-27T01:00:00Z,player_points_rebounds_assists,50.5,fanduel,2025-10-26T14:55:09Z,2025-10-26T14:56:17Z,-120.0,-110.0
Austin Reaves,Los Angeles Lakers @ Sacramento Kings,2025-10-27T01:00:00Z,player_points_rebounds_assists,34.5,fanduel,2025-10-26T14:55:09Z,2025-10-26T14:56:17Z,-114.0,-114.0
Domantas Sabonis,Los Angeles Lakers @ Sacramento Kings,2025-10-27T01:00:00Z,player_points_rebounds_assists,36.5,fanduel,2025-10-26T14:55:09Z,2025-10-26T14:56:17Z,-120.0,-110.0
Rui Hachimura,Los Angeles Lakers @ Sacramento Kings,2025-10-27T01:00:00Z,player_rebounds,4.5,fanduel,2025-10-26T14:55:09Z,2025-10-26T14:56:17Z,108.0,-144.0
Dennis Schroder,Los Angeles Lakers @ Sacramento Kings,2025-10-27T01:00:00Z,player_rebounds,2.5,fanduel,2025-10-26T14:55:09Z,2025-10-26T14:56:17Z,-136.0,102.0
Austin Reaves,Los Angeles Lakers @ Sacramento Kings,2025-10-27T01:00:00Z,player_rebounds,4.5,fanduel,2025-10-26T14:55:09Z,2025-10-26T14:56:17Z,-114.0,-114.0
Deandre Ayton,Los Angeles Lakers @ Sacramento Kings,2025-10-27T01:00:00Z,player_rebounds,9.5,fanduel,2025-10-26T14:55:09Z,2025-10-26T14:56:17Z,110.0,-146.0
DeMar DeRozan,Los Angeles Lakers @ Sacramento Kings,2025-10-27T01:00:00Z,player_rebounds,3.5,fanduel,2025-10-26T14:55:09Z,2025-10-26T14:56:17Z,-162.0,122.0
Luka Doncic,Los Angeles Lakers @ Sacramento Kings,2025-10-27T01:00:00Z,player_rebounds,8.5,fanduel,2025-10-26T14:55:09Z,2025-10-26T14:56:17Z,106.0,-140.0
Zach LaVine,Los Angeles Lakers @ Sacramento Kings,2025-10-27T01:00:00Z,player_rebounds,3.5,fanduel,2025-10-26T14:55:09Z,2025-10-26T14:56:17Z,120.0,-160.0
Domantas Sabonis,Los Angeles Lakers @ Sacramento Kings,2025-10-27T01:00:00Z,player_rebounds,13.5,fanduel,2025-10-26T14:55:09Z,2025-10-26T14:56:17Z,102.0,-136.0
DeMar DeRozan,Los Angeles Lakers @ Sacramento Kings,2025-10-27T01:00:00Z,player_threes,1.5,fanduel,2025-10-26T14:55:09Z,2025-10-26T14:56:17Z,188.0,-260.0
Austin Reaves,Los Angeles Lakers @ Sacramento Kings,2025-10-27T01:00:00Z,player_threes,2.5,fanduel,2025-10-26T14:55:09Z,2025-10-26T14:56:17Z,-130.0,-102.0
Luka Doncic,Los Angeles Lakers @ Sacramento Kings,2025-10-27T01:00:00Z,player_threes,3.5,fanduel,2025-10-26T14:55:09Z,2025-10-26T14:56:17Z,-130.0,-102.0
Rui Hachimura,Los Angeles Lakers @ Sacramento Kings,2025-10-27T01:00:00Z,player_threes,2.5,fanduel,2025-10-26T14:55:09Z,2025-10-26T14:56:17Z,142.0,-192.0
Dennis Schroder,Los Angeles Lakers @ Sacramento Kings,2025-10-27T01:00:00Z,player_threes,1.5,fanduel,2025-10-26T14:55:09Z,2025-10-26T14:56:17Z,-114.0,-114.0
Zach LaVine,Los Angeles Lakers @ Sacramento Kings,2025-10-27T01:00:00Z,player_threes,3.5,fanduel,2025-10-26T14:55:09Z,2025-10-26T14:56:17Z,118.0,-158.0
Luka Doncic,Los Angeles Lakers @ Sacramento Kings,2025-10-27T01:00:00Z,player_triple_double,,fanduel,2025-10-26T14:55:09Z,2025-10-26T14:56:17Z,,
Domantas Sabonis,Los Angeles Lakers @ Sacramento Kings,2025-10-27T01:00:00Z,player_triple_double,,fanduel,2025-10-26T14:55:09Z,2025-10-26T14:56:17Z,,
Austin Reaves,Los Angeles Lakers @ Sacramento Kings,2025-10-27T01:00:00Z,player_triple_double,,fanduel,2025-10-26T14:55:09Z,2025-10-26T14:56:17Z,,
Dennis Schroder,Los Angeles Lakers @ Sacramento Kings,2025-10-27T01:00:00Z,player_assists,4.5,betrivers,2025-10-26T14:55:09Z,2025-10-26T14:56:24Z,-103.0,-130.0
Austin Reaves,Los Angeles Lakers @ Sacramento Kings,2025-10-27T01:00:00Z,player_assists,6.5,betrivers,2025-10-26T14:55:09Z,2025-10-26T14:56:24Z,-113.0,-117.0
Zach LaVine,Los Angeles Lakers @ Sacramento Kings,2025-10-27T01:00:00Z,player_assists,2.5,betrivers,2025-10-26T14:55:09Z,2025-10-26T14:56:24Z,-162.0,120.0
Luka Doncic,Los Angeles Lakers @ Sacramento Kings,2025-10-27T01:00:00Z,player_assists,8.5,betrivers,2025-10-26T14:55:09Z,2025-10-26T14:56:24Z,105.0,-139.0
Domantas Sabonis,Los Angeles Lakers @ Sacramento Kings,2025-10-27T01:00:00Z,player_assists,5.5,betrivers,2025-10-26T14:55:09Z,2025-10-26T14:56:24Z,100.0,-134.0
DeMar DeRozan,Los Angeles Lakers @ Sacramento Kings,2025-10-27T01:00:00Z,player_assists,4.5,betrivers,2025-10-26T14:55:09Z,2025-10-26T14:56:24Z,-121.0,-109.0
Deandre Ayton,Los Angeles Lakers @ Sacramento Kings,2025-10-27T01:00:00Z,player_points,13.5,betrivers,2025-10-26T14:55:09Z,2025-10-26T14:56:24Z,-130.0,-103.0
Dennis Schroder,Los Angeles Lakers @ Sacramento Kings,2025-10-27T01:00:00Z,player_points,12.5,betrivers,2025-10-26T14:55:09Z,2025-10-26T14:56:24Z,-114.0,-117.0
Zach LaVine,Los Angeles Lakers @ Sacramento Kings,2025-10-27T01:00:00Z,player_points,22.5,betrivers,2025-10-26T14:55:09Z,2025-10-26T14:56:24Z,-120.0,-112.0
Rui Hachimura,Los Angeles Lakers @ Sacramento Kings,2025-10-27T01:00:00Z,player_points,13.5,betrivers,2025-10-26T14:55:09Z,2025-10-26T14:56:24Z,-117.0,-114.0
Austin Reaves,Los Angeles Lakers @ Sacramento Kings,2025-10-27T01:00:00Z,player_points,23.5,betrivers,2025-10-26T14:55:09Z,2025-10-26T14:56:24Z,-106.0,-125.0
Luka Doncic,Los Angeles Lakers @ Sacramento Kings,2025-10-27T01:00:00Z,player_points,33.5,betrivers,2025-10-26T14:55:09Z,2025-10-26T14:56:24Z,-124.0,-108.0
Domantas Sabonis,Los Angeles Lakers @ Sacramento Kings,2025-10-27T01:00:00Z,player_points,17.5,betrivers,2025-10-26T14:55:09Z,2025-10-26T14:56:24Z,-127.0,-106.0
DeMar DeRozan,Los Angeles Lakers @ Sacramento Kings,2025-10-27T01:00:00Z,player_points,22.5,betrivers,2025-10-26T14:55:09Z,2025-10-26T14:56:24Z,-113.0,-118.0
Zach LaVine,Los Angeles Lakers @ Sacramento Kings,2025-10-27T01:00:00Z,player_points_rebounds_assists,29.5,betrivers,2025-10-26T14:55:09Z,2025-10-26T14:56:24Z,-114.0,-117.0
DeMar DeRozan,Los Angeles Lakers @ Sacramento Kings,2025-10-27T01:00:00Z,player_points_rebounds_assists,31.5,betrivers,2025-10-26T14:55:09Z,2025-10-26T14:56:24Z,-117.0,-114.0
Luka Doncic,Los Angeles Lakers @ Sacramento Kings,2025-10-27T01:00:00Z,player_points_rebounds_assists,51.5,betrivers,2025-10-26T14:55:09Z,2025-10-26T14:56:24Z,-112.0,-120.0
Austin Reaves,Los Angeles Lakers @ Sacramento Kings,2025-10-27T01:00:00Z,player_points_rebounds_assists,34.5,betrivers,2025-10-26T14:55:09Z,2025-10-26T14:56:24Z,-122.0,-108.0
Dennis Schroder,Los Angeles Lakers @ Sacramento Kings,2025-10-27T01:00:00Z,player_points_rebounds_assists,20.5,betrivers,2025-10-26T14:55:09Z,2025-10-26T14:56:24Z,-107.0,-125.0
Domantas Sabonis,Los Angeles Lakers @ Sacramento Kings,2025-10-27T01:00:00Z,player_points_rebounds_assists,37.5,betrivers,2025-10-26T14:55:09Z,2025-10-26T14:56:24Z,-110.0,-121.0
Austin Reaves,Los Angeles Lakers @ Sacramento Kings,2025-10-27T01:00:00Z,player_rebounds,4.5,betrivers,2025-10-26T14:55:09Z,2025-10-26T14:56:24Z,-112.0,-120.0
Dennis Schroder,Los Angeles Lakers @ Sacramento Kings,2025-10-27T01:00:00Z,player_rebounds,2.5,betrivers,2025-10-26T14:55:09Z,2025-10-26T14:56:24Z,-127.0,-105.0
Zach LaVine,Los Angeles Lakers @ Sacramento Kings,2025-10-27T01:00:00Z,player_rebounds,3.5,betrivers,2025-10-26T14:55:09Z,2025-10-26T14:56:24Z,125.0,-167.0
Luka Doncic,Los Angeles Lakers @ Sacramento Kings,2025-10-27T01:00:00Z,player_rebounds,8.5,betrivers,2025-10-26T14:55:09Z,2025-10-26T14:56:24Z,106.0,-141.0
Deandre Ayton,Los Angeles Lakers @ Sacramento Kings,2025-10-27T01:00:00Z,player_rebounds,9.5,betrivers,2025-10-26T14:55:09Z,2025-10-26T14:56:24Z,104.0,-137.0
Rui Hachimura,Los Angeles Lakers @ Sacramento Kings,2025-10-27T01:00:00Z,player_rebounds,4.5,betrivers,2025-10-26T14:55:09Z,2025-10-26T14:56:24Z,-107.0,-125.0
Domantas Sabonis,Los Angeles Lakers @ Sacramento Kings,2025-10-27T01:00:00Z,player_rebounds,12.5,betrivers,2025-10-26T14:55:09Z,2025-10-26T14:56:24Z,-134.0,100.0
DeMar DeRozan,Los Angeles Lakers @ Sacramento Kings,2025-10-27T01:00:00Z,player_rebounds,3.5,betrivers,2025-10-26T14:55:09Z,2025-10-26T14:56:24Z,-141.0,106.0
Dennis Schroder,Los Angeles Lakers @ Sacramento Kings,2025-10-27T01:00:00Z,player_threes,1.5,betrivers,2025-10-26T14:55:09Z,2025-10-26T14:56:24Z,-113.0,-118.0
Rui Hachimura,Los Angeles Lakers @ Sacramento Kings,2025-10-27T01:00:00Z,player_threes,1.5,betrivers,2025-10-26T14:55:09Z,2025-10-26T14:56:24Z,-190.0,140.0
Austin Reaves,Los Angeles Lakers @ Sacramento Kings,2025-10-27T01:00:00Z,player_threes,2.5,betrivers,2025-10-26T14:55:09Z,2025-10-26T14:56:24Z,-139.0,105.0
Luka Doncic,Los Angeles Lakers @ Sacramento Kings,2025-10-27T01:00:00Z,player_threes,3.5,betrivers,2025-10-26T14:55:09Z,2025-10-26T14:56:24Z,-136.0,102.0
DeMar DeRozan,Los Angeles Lakers @ Sacramento Kings,2025-10-27T01:00:00Z,player_threes,1.5,betrivers,2025-10-26T14:55:09Z,2025-10-26T14:56:24Z,195.0,-275.0
Zach LaVine,Los Angeles Lakers @ Sacramento Kings,2025-10-27T01:00:00Z,player_threes,3.5,betrivers,2025-10-26T14:55:09Z,2025-10-26T14:56:24Z,120.0,-162.0
Austin Reaves,Los Angeles Lakers @ Sacramento Kings,2025-10-27T01:00:00Z,player_assists,5.5,bovada,2025-10-26T14:54:59Z,2025-10-26T14:55:50Z,185.0,-250.0
DeMar DeRozan,Los Angeles Lakers @ Sacramento Kings,2025-10-27T01:00:00Z,player_assists,5.5,bovada,2025-10-26T14:54:59Z,2025-10-26T14:55:50Z,145.0,-190.0
Luka Doncic,Los Angeles Lakers @ Sacramento Kings,2025-10-27T01:00:00Z,player_assists,6.5,bovada,2025-10-26T14:54:59Z,2025-10-26T14:55:50Z,185.0,-250.0
Domantas Sabonis,Los Angeles Lakers @ Sacramento Kings,2025-10-27T01:00:00Z,player_double_double,,bovada,2025-10-26T14:54:59Z,2025-10-26T14:55:50Z,,
Luka Doncic,Los Angeles Lakers @ Sacramento Kings,2025-10-27T01:00:00Z,player_double_double,,bovada,2025-10-26T14:54:59Z,2025-10-26T14:55:50Z,,
Deandre Ayton,Los Angeles Lakers @ Sacramento Kings,2025-10-27T01:00:00Z,player_double_double,,bovada,2025-10-26T14:54:59Z,2025-10-26T14:55:50Z,,
Austin Reaves,Los Angeles Lakers @ Sacramento Kings,2025-10-27T01:00:00Z,player_double_double,,bovada,2025-10-26T14:54:59Z,2025-10-26T14:55:50Z,,
DeMar DeRozan,Los Angeles Lakers @ Sacramento Kings,2025-10-27T01:00:00Z,player_double_double,,bovada,2025-10-26T14:54:59Z,2025-10-26T14:55:50Z,,
Dennis Schroder,Los Angeles Lakers @ Sacramento Kings,2025-10-27T01:00:00Z,player_double_double,,bovada,2025-10-26T14:54:59Z,2025-10-26T14:55:50Z,,
Rui Hachimura,Los Angeles Lakers @ Sacramento Kings,2025-10-27T01:00:00Z,player_double_double,,bovada,2025-10-26T14:54:59Z,2025-10-26T14:55:50Z,,
Austin Reaves,Los Angeles Lakers @ Sacramento Kings,2025-10-27T01:00:00Z,player_points,19.5,bovada,2025-10-26T14:54:59Z,2025-10-26T14:55:50Z,185.0,-250.0
DeMar DeRozan,Los Angeles Lakers @ Sacramento Kings,2025-10-27T01:00:00Z,player_points,18.5,bovada,2025-10-26T14:54:59Z,2025-10-26T14:55:50Z,190.0,-260.0
Dennis Schroder,Los Angeles Lakers @ Sacramento Kings,2025-10-27T01:00:00Z,player_points,9.5,bovada,2025-10-26T14:54:59Z,2025-10-26T14:55:50Z,175.0,-240.0
Luka Doncic,Los Angeles Lakers @ Sacramento Kings,2025-10-27T01:00:00Z,player_points,29.5,bovada,2025-10-26T14:54:59Z,2025-10-26T14:55:50Z,200.0,-275.0
Marcus Smart,Los Angeles Lakers @ Sacramento Kings,2025-10-27T01:00:00Z,player_points,5.5,bovada,2025-10-26T14:54:59Z,2025-10-26T14:55:50Z,210.0,-290.0
Rui Hachimura,Los Angeles Lakers @ Sacramento Kings,2025-10-27T01:00:00Z,player_points,10.5,bovada,2025-10-26T14:54:59Z,2025-10-26T14:55:50Z,175.0,-240.0
Zach LaVine,Los Angeles Lakers @ Sacramento Kings,2025-10-27T01:00:00Z,player_points,18.5,bovada,2025-10-26T14:54:59Z,2025-10-26T14:55:50Z,200.0,-275.0
Austin Reaves,Los Angeles Lakers @ Sacramento Kings,2025-10-27T01:00:00Z,player_points_rebounds_assists,29.5,bovada,2025-10-26T14:54:59Z,2025-10-26T14:55:50Z,190.0,-260.0
DeMar DeRozan,Los Angeles Lakers @ Sacramento Kings,2025-10-27T01:00:00Z,player_points_rebounds_assists,27.5,bovada,2025-10-26T14:54:59Z,2025-10-26T14:55:50Z,200.0,-275.0
Dennis Schroder,Los Angeles Lakers @ Sacramento Kings,2025-10-27T01:00:00Z,player_points_rebounds_assists,16.5,bovada,2025-10-26T14:54:59Z,2025-10-26T14:55:50Z,190.0,-260.0
Domantas Sabonis,Los Angeles Lakers @ Sacramento Kings,2025-10-27T01:00:00Z,player_points_rebounds_assists,31.5,bovada,2025-10-26T14:54:59Z,2025-10-26T14:55:50Z,210.0,-290.0
Dennis Schroder,Los Angeles Lakers @ Sacramento Kings,2025-10-27T01:00:00Z,player_rebounds,3.5,bovada,2025-10-26T14:54:59Z,2025-10-26T14:55:50Z,165.0,-220.0
Austin Reaves,Los Angeles Lakers @ Sacramento Kings,2025-10-27T01:00:00Z,player_threes,3.5,bovada,2025-10-26T14:54:59Z,2025-10-26T14:55:50Z,180.0,-245.0
Luka Doncic,Los Angeles Lakers @ Sacramento Kings,2025-10-27T01:00:00Z,player_threes,4.5,bovada,2025-10-26T14:54:59Z,2025-10-26T14:55:50Z,160.0,-215.0
Rui Hachimura,Los Angeles Lakers @ Sacramento Kings,2025-10-27T01:00:00Z,player_threes,1.5,bovada,2025-10-26T14:54:59Z,2025-10-26T14:55:50Z,-220.0,165.0
Luka Doncic,Los Angeles Lakers @ Sacramento Kings,2025-10-27T01:00:00Z,player_triple_double,,bovada,2025-10-26T14:54:59Z,2025-10-26T14:55:50Z,,
Domantas Sabonis,Los Angeles Lakers @ Sacramento Kings,2025-10-27T01:00:00Z,player_triple_double,,bovada,2025-10-26T14:54:59Z,2025-10-26T14:55:50Z,,
Austin Reaves,Los Angeles Lakers @ Sacramento Kings,2025-10-27T01:00:00Z,player_triple_double,,bovada,2025-10-26T14:54:59Z,2025-10-26T14:55:50Z,,
Austin Reaves,Los Angeles Lakers @ Sacramento Kings,2025-10-27T01:00:00Z,player_assists,6.5,betmgm,2025-10-26T14:55:22Z,2025-10-26T14:55:58Z,-110.0,-118.0
Luka Doncic,Los Angeles Lakers @ Sacramento Kings,2025-10-27T01:00:00Z,player_assists,8.5,betmgm,2025-10-26T14:55:22Z,2025-10-26T14:55:58Z,105.0,-145.0
Rui Hachimura,Los Angeles Lakers @ Sacramento Kings,2025-10-27T01:00:00Z,player_assists,1.5,betmgm,2025-10-26T14:55:22Z,2025-10-26T14:55:58Z,115.0,-155.0
Zach LaVine,Los Angeles Lakers @ Sacramento Kings,2025-10-27T01:00:00Z,player_assists,2.5,betmgm,2025-10-26T14:55:22Z,2025-10-26T14:55:58Z,-135.0,100.0
Dennis Schroder,Los Angeles Lakers @ Sacramento Kings,2025-10-27T01:00:00Z,player_assists,4.5,betmgm,2025-10-26T14:55:22Z,2025-10-26T14:55:58Z,110.0,-145.0
Deandre Ayton,Los Angeles Lakers @ Sacramento Kings,2025-10-27T01:00:00Z,player_assists,0.5,betmgm,2025-10-26T14:55:22Z,2025-10-26T14:55:58Z,-210.0,155.0
Gabe Vincent,Los Angeles Lakers @ Sacramento Kings,2025-10-27T01:00:00Z,player_assists,1.5,betmgm,2025-10-26T14:55:22Z,2025-10-26T14:55:58Z,-135.0,100.0
DeMar DeRozan,Los Angeles Lakers @ Sacramento Kings,2025-10-27T01:00:00Z,player_assists,4.5,betmgm,2025-10-26T14:55:22Z,2025-10-26T14:55:58Z,-135.0,100.0
Jake LaRavia,Los Angeles Lakers @ Sacramento Kings,2025-10-27T01:00:00Z,player_assists,1.5,betmgm,2025-10-26T14:55:22Z,2025-10-26T14:55:58Z,110.0,-145.0
Domantas Sabonis,Los Angeles Lakers @ Sacramento Kings,2025-10-27T01:00:00Z,player_assists,5.5,betmgm,2025-10-26T14:55:22Z,2025-10-26T14:55:58Z,115.0,-155.0
Marcus Smart,Los Angeles Lakers @ Sacramento Kings,2025-10-27T01:00:00Z,player_assists,2.5,betmgm,2025-10-26T14:55:22Z,2025-10-26T14:55:58Z,110.0,-145.0
Jarred Vanderbilt,Los Angeles Lakers @ Sacramento Kings,2025-10-27T01:00:00Z,player_assists,0.5,betmgm,2025-10-26T14:55:22Z,2025-10-26T14:55:58Z,-155.0,115.0
Russell Westbrook,Los Angeles Lakers @ Sacramento Kings,2025-10-27T01:00:00Z,player_assists,2.5,betmgm,2025-10-26T14:55:22Z,2025-10-26T14:55:58Z,110.0,-150.0
Austin Reaves,Los Angeles Lakers @ Sacramento Kings,2025-10-27T01:00:00Z,player_blocks,0.5,betmgm,2025-10-26T14:55:22Z,2025-10-26T14:55:58Z,195.0,-285.0
Luka Doncic,Los Angeles Lakers @ Sacramento Kings,2025-10-27T01:00:00Z,player_blocks,0.5,betmgm,2025-10-26T14:55:22Z,2025-10-26T14:55:58Z,160.0,-225.0
Rui Hachimura,Los Angeles Lakers @ Sacramento Kings,2025-10-27T01:00:00Z,player_blocks,0.5,betmgm,2025-10-26T14:55:22Z,2025-10-26T14:55:58Z,195.0,-295.0
Zach LaVine,Los Angeles Lakers @ Sacramento Kings,2025-10-27T01:00:00Z,player_blocks,0.5,betmgm,2025-10-26T14:55:22Z,2025-10-26T14:55:58Z,325.0,-550.0
Dennis Schroder,Los Angeles Lakers @ Sacramento Kings,2025-10-27T01:00:00Z,player_blocks,0.5,betmgm,2025-10-26T14:55:22Z,2025-10-26T14:55:58Z,325.0,-550.0
Deandre Ayton,Los Angeles Lakers @ Sacramento Kings,2025-10-27T01:00:00Z,player_blocks,0.5,betmgm,2025-10-26T14:55:22Z,2025-10-26T14:55:58Z,-220.0,155.0
Gabe Vincent,Los Angeles Lakers @ Sacramento Kings,2025-10-27T01:00:00Z,player_blocks,0.5,betmgm,2025-10-26T14:55:22Z,2025-10-26T14:55:58Z,360.0,-625.0
DeMar DeRozan,Los Angeles Lakers @ Sacramento Kings,2025-10-27T01:00:00Z,player_blocks,0.5,betmgm,2025-10-26T14:55:22Z,2025-10-26T14:55:58Z,125.0,-175.0
Domantas Sabonis,Los Angeles Lakers @ Sacramento Kings,2025-10-27T01:00:00Z,player_blocks,0.5,betmgm,2025-10-26T14:55:22Z,2025-10-26T14:55:58Z,190.0,-275.0
Austin Reaves,Los Angeles Lakers @ Sacramento Kings,2025-10-27T01:00:00Z,player_double_double,,betmgm,2025-10-26T14:55:22Z,2025-10-26T14:55:58Z,,
Luka Doncic,Los Angeles Lakers @ Sacramento Kings,2025-10-27T01:00:00Z,player_double_double,,betmgm,2025-10-26T14:55:22Z,2025-10-26T14:55:58Z,,
Rui Hachimura,Los Angeles Lakers @ Sacramento Kings,2025-10-27T01:00:00Z,player_double_double,,betmgm,2025-10-26T14:55:22Z,2025-10-26T14:55:58Z,,
Dennis Schroder,Los Angeles Lakers @ Sacramento Kings,2025-10-27T01:00:00Z,player_double_double,,betmgm,2025-10-26T14:55:22Z,2025-10-26T14:55:58Z,,
Deandre Ayton,Los Angeles Lakers @ Sacramento Kings,2025-10-27T01:00:00Z,player_double_double,,betmgm,2025-10-26T14:55:22Z,2025-10-26T14:55:58Z,,
DeMar DeRozan,Los Angeles Lakers @ Sacramento Kings,2025-10-27T01:00:00Z,player_double_double,,betmgm,2025-10-26T14:55:22Z,2025-10-26T14:55:58Z,,
Domantas Sabonis,Los Angeles Lakers @ Sacramento Kings,2025-10-27T01:00:00Z,player_double_double,,betmgm,2025-10-26T14:55:22Z,2025-10-26T14:55:58Z,,
Austin Reaves,Los Angeles Lakers @ Sacramento Kings,2025-10-27T01:00:00Z,player_points,23.5,betmgm,2025-10-26T14:55:22Z,2025-10-26T14:55:58Z,-110.0,-120.0
Luka Doncic,Los Angeles Lakers @ Sacramento Kings,2025-10-27T01:00:00Z,player_points,34.5,betmgm,2025-10-26T14:55:22Z,2025-10-26T14:55:58Z,105.0,-140.0
Rui Hachimura,Los Angeles Lakers @ Sacramento Kings,2025-10-27T01:00:00Z,player_points,13.5,betmgm,2025-10-26T14:55:22Z,2025-10-26T14:55:58Z,-115.0,-115.0
Zach LaVine,Los Angeles Lakers @ Sacramento Kings,2025-10-27T01:00:00Z,player_points,22.5,betmgm,2025-10-26T14:55:22Z,2025-10-26T14:55:58Z,-105.0,-125.0
Dennis Schroder,Los Angeles Lakers @ Sacramento Kings,2025-10-27T01:00:00Z,player_points,12.5,betmgm,2025-10-26T14:55:22Z,2025-10-26T14:55:58Z,-125.0,-105.0
Deandre Ayton,Los Angeles Lakers @ Sacramento Kings,2025-10-27T01:00:00Z,player_points,13.5,betmgm,2025-10-26T14:55:22Z,2025-10-26T14:55:58Z,-130.0,100.0
Gabe Vincent,Los Angeles Lakers @ Sacramento Kings,2025-10-27T01:00:00Z,player_points,6.5,betmgm,2025-10-26T14:55:22Z,2025-10-26T14:55:58Z,-110.0,-118.0
DeMar DeRozan,Los Angeles Lakers @ Sacramento Kings,2025-10-27T01:00:00Z,player_points,23.5,betmgm,2025-10-26T14:55:22Z,2025-10-26T14:55:58Z,-105.0,-125.0
Jake LaRavia,Los Angeles Lakers @ Sacramento Kings,2025-10-27T01:00:00Z,player_points,5.5,betmgm,2025-10-26T14:55:22Z,2025-10-26T14:55:58Z,-135.0,100.0
Domantas Sabonis,Los Angeles Lakers @ Sacramento Kings,2025-10-27T01:00:00Z,player_points,17.5,betmgm,2025-10-26T14:55:22Z,2025-10-26T14:55:58Z,-120.0,-110.0
Marcus Smart,Los Angeles Lakers @ Sacramento Kings,2025-10-27T01:00:00Z,player_points,7.5,betmgm,2025-10-26T14:55:22Z,2025-10-26T14:55:58Z,-115.0,-115.0
Jarred Vanderbilt,Los Angeles Lakers @ Sacramento Kings,2025-10-27T01:00:00Z,player_points,4.5,betmgm,2025-10-26T14:55:22Z,2025-10-26T14:55:58Z,115.0,-150.0
Russell Westbrook,Los Angeles Lakers @ Sacramento Kings,2025-10-27T01:00:00Z,player_points,8.5,betmgm,2025-10-26T14:55:22Z,2025-10-26T14:55:58Z,100.0,-135.0
Austin Reaves,Los Angeles Lakers @ Sacramento Kings,2025-10-27T01:00:00Z,player_points_rebounds_assists,34.5,betmgm,2025-10-26T14:55:22Z,2025-10-26T14:55:58Z,-120.0,-110.0
Luka Doncic,Los Angeles Lakers @ Sacramento Kings,2025-10-27T01:00:00Z,player_points_rebounds_assists,51.5,betmgm,2025-10-26T14:55:22Z,2025-10-26T14:55:58Z,-110.0,-118.0
Rui Hachimura,Los Angeles Lakers @ Sacramento Kings,2025-10-27T01:00:00Z,player_points_rebounds_assists,19.5,betmgm,2025-10-26T14:55:22Z,2025-10-26T14:55:58Z,-105.0,-130.0
Zach LaVine,Los Angeles Lakers @ Sacramento Kings,2025-10-27T01:00:00Z,player_points_rebounds_assists,28.5,betmgm,2025-10-26T14:55:22Z,2025-10-26T14:55:58Z,-105.0,-125.0
Dennis Schroder,Los Angeles Lakers @ Sacramento Kings,2025-10-27T01:00:00Z,player_points_rebounds_assists,19.5,betmgm,2025-10-26T14:55:22Z,2025-10-26T14:55:58Z,-125.0,-105.0
Deandre Ayton,Los Angeles Lakers @ Sacramento Kings,2025-10-27T01:00:00Z,player_points_rebounds_assists,23.5,betmgm,2025-10-26T14:55:22Z,2025-10-26T14:55:58Z,-115.0,-115.0
Gabe Vincent,Los Angeles Lakers @ Sacramento Kings,2025-10-27T01:00:00Z,player_points_rebounds_assists,9.5,betmgm,2025-10-26T14:55:22Z,2025-10-26T14:55:58Z,-130.0,-105.0
DeMar DeRozan,Los Angeles Lakers @ Sacramento Kings,2025-10-27T01:00:00Z,player_points_rebounds_assists,32.5,betmgm,2025-10-26T14:55:22Z,2025-10-26T14:55:58Z,115.0,-155.0
Jake LaRavia,Los Angeles Lakers @ Sacramento Kings,2025-10-27T01:00:00Z,player_points_rebounds_assists,10.5,betmgm,2025-10-26T14:55:22Z,2025-10-26T14:55:58Z,-118.0,-115.0
Marcus Smart,Los Angeles Lakers @ Sacramento Kings,2025-10-27T01:00:00Z,player_points_rebounds_assists,11.5,betmgm,2025-10-26T14:55:22Z,2025-10-26T14:55:58Z,-120.0,-110.0
Jarred Vanderbilt,Los Angeles Lakers @ Sacramento Kings,2025-10-27T01:00:00Z,player_points_rebounds_assists,9.5,betmgm,2025-10-26T14:55:22Z,2025-10-26T14:55:58Z,-115.0,-115.0
Russell Westbrook,Los Angeles Lakers @ Sacramento Kings,2025-10-27T01:00:00Z,player_points_rebounds_assists,13.5,betmgm,2025-10-26T14:55:22Z,2025-10-26T14:55:58Z,-125.0,-110.0
Domantas Sabonis,Los Angeles Lakers @ Sacramento Kings,2025-10-27T01:00:00Z,player_points_rebounds_assists,36.5,betmgm,2025-10-26T14:55:22Z,2025-10-26T14:55:58Z,-115.0,-118.0
Austin Reaves,Los Angeles Lakers @ Sacramento Kings,2025-10-27T01:00:00Z,player_rebounds,4.5,betmgm,2025-10-26T14:55:22Z,2025-10-26T14:55:58Z,-118.0,-110.0
Luka Doncic,Los Angeles Lakers @ Sacramento Kings,2025-10-27T01:00:00Z,player_rebounds,8.5,betmgm,2025-10-26T14:55:22Z,2025-10-26T14:55:58Z,-105.0,-130.0
Rui Hachimura,Los Angeles Lakers @ Sacramento Kings,2025-10-27T01:00:00Z,player_rebounds,3.5,betmgm,2025-10-26T14:55:22Z,2025-10-26T14:55:58Z,-155.0,115.0
Zach LaVine,Los Angeles Lakers @ Sacramento Kings,2025-10-27T01:00:00Z,player_rebounds,2.5,betmgm,2025-10-26T14:55:22Z,2025-10-26T14:55:58Z,-160.0,120.0
Dennis Schroder,Los Angeles Lakers @ Sacramento Kings,2025-10-27T01:00:00Z,player_rebounds,2.5,betmgm,2025-10-26T14:55:22Z,2025-10-26T14:55:58Z,-125.0,-105.0
Deandre Ayton,Los Angeles Lakers @ Sacramento Kings,2025-10-27T01:00:00Z,player_rebounds,8.5,betmgm,2025-10-26T14:55:22Z,2025-10-26T14:55:58Z,-115.0,-118.0
Gabe Vincent,Los Angeles Lakers @ Sacramento Kings,2025-10-27T01:00:00Z,player_rebounds,1.5,betmgm,2025-10-26T14:55:22Z,2025-10-26T14:55:58Z,155.0,-210.0
DeMar DeRozan,Los Angeles Lakers @ Sacramento Kings,2025-10-27T01:00:00Z,player_rebounds,3.5,betmgm,2025-10-26T14:55:22Z,2025-10-26T14:55:58Z,-150.0,110.0
Jake LaRavia,Los Angeles Lakers @ Sacramento Kings,2025-10-27T01:00:00Z,player_rebounds,2.5,betmgm,2025-10-26T14:55:22Z,2025-10-26T14:55:58Z,-150.0,115.0
Domantas Sabonis,Los Angeles Lakers @ Sacramento Kings,2025-10-27T01:00:00Z,player_rebounds,12.5,betmgm,2025-10-26T14:55:22Z,2025-10-26T14:55:58Z,-140.0,105.0
Marcus Smart,Los Angeles Lakers @ Sacramento Kings,2025-10-27T01:00:00Z,player_rebounds,1.5,betmgm,2025-10-26T14:55:22Z,2025-10-26T14:55:58Z,-110.0,-120.0
Jarred Vanderbilt,Los Angeles Lakers @ Sacramento Kings,2025-10-27T01:00:00Z,player_rebounds,4.5,betmgm,2025-10-26T14:55:22Z,2025-10-26T14:55:58Z,-110.0,-120.0
Russell Westbrook,Los Angeles Lakers @ Sacramento Kings,2025-10-27T01:00:00Z,player_rebounds,2.5,betmgm,2025-10-26T14:55:22Z,2025-10-26T14:55:58Z,-165.0,125.0
Austin Reaves,Los Angeles Lakers @ Sacramento Kings,2025-10-27T01:00:00Z,player_threes,2.5,betmgm,2025-10-26T14:55:22Z,2025-10-26T14:55:58Z,-135.0,100.0
Luka Doncic,Los Angeles Lakers @ Sacramento Kings,2025-10-27T01:00:00Z,player_threes,3.5,betmgm,2025-10-26T14:55:22Z,2025-10-26T14:55:58Z,-140.0,105.0
Rui Hachimura,Los Angeles Lakers @ Sacramento Kings,2025-10-27T01:00:00Z,player_threes,2.5,betmgm,2025-10-26T14:55:22Z,2025-10-26T14:55:58Z,140.0,-190.0
Zach LaVine,Los Angeles Lakers @ Sacramento Kings,2025-10-27T01:00:00Z,player_threes,3.5,betmgm,2025-10-26T14:55:22Z,2025-10-26T14:55:58Z,115.0,-150.0
Dennis Schroder,Los Angeles Lakers @ Sacramento Kings,2025-10-27T01:00:00Z,player_threes,1.5,betmgm,2025-10-26T14:55:22Z,2025-10-26T14:55:58Z,-115.0,-115.0
Gabe Vincent,Los Angeles Lakers @ Sacramento Kings,2025-10-27T01:00:00Z,player_threes,1.5,betmgm,2025-10-26T14:55:22Z,2025-10-26T14:55:58Z,-140.0,105.0
DeMar DeRozan,Los Angeles Lakers @ Sacramento Kings,2025-10-27T01:00:00Z,player_threes,0.5,betmgm,2025-10-26T14:55:22Z,2025-10-26T14:55:58Z,-225.0,165.0
Jake LaRavia,Los Angeles Lakers @ Sacramento Kings,2025-10-27T01:00:00Z,player_threes,0.5,betmgm,2025-10-26T14:55:22Z,2025-10-26T14:55:58Z,-185.0,135.0
Domantas Sabonis,Los Angeles Lakers @ Sacramento Kings,2025-10-27T01:00:00Z,player_threes,0.5,betmgm,2025-10-26T14:55:22Z,2025-10-26T14:55:58Z,100.0,-135.0
Marcus Smart,Los Angeles Lakers @ Sacramento Kings,2025-10-27T01:00:00Z,player_threes,1.5,betmgm,2025-10-26T14:55:22Z,2025-10-26T14:55:58Z,150.0,-210.0
Jarred Vanderbilt,Los Angeles Lakers @ Sacramento Kings,2025-10-27T01:00:00Z,player_threes,0.5,betmgm,2025-10-26T14:55:22Z,2025-10-26T14:55:58Z,240.0,-350.0
Russell Westbrook,Los Angeles Lakers @ Sacramento Kings,2025-10-27T01:00:00Z,player_threes,0.5,betmgm,2025-10-26T14:55:22Z,2025-10-26T14:55:58Z,-155.0,115.0
Austin Reaves,Los Angeles Lakers @ Sacramento Kings,2025-10-27T01:00:00Z,player_triple_double,,betmgm,2025-10-26T14:55:22Z,2025-10-26T14:55:58Z,,
Luka Doncic,Los Angeles Lakers @ Sacramento Kings,2025-10-27T01:00:00Z,player_triple_double,,betmgm,2025-10-26T14:55:22Z,2025-10-26T14:55:58Z,,
Domantas Sabonis,Los Angeles Lakers @ Sacramento Kings,2025-10-27T01:00:00Z,player_triple_double,,betmgm,2025-10-26T14:55:22Z,2025-10-26T14:55:58Z,,
