player,game,game_time,market,line,bookmaker,bookmaker_last_update,market_last_update,over_odds,under_odds
LaMelo Ball,Charlotte Hornets @ Indiana Pacers,2025-11-20T00:00:00Z,player_assists,8.5,draftkings,2025-11-19T14:54:30Z,2025-11-19T14:55:50Z,111.0,-146.0
Andrew Nembhard,Charlotte Hornets @ Indiana Pacers,2025-11-20T00:00:00Z,player_assists,6.5,draftkings,2025-11-19T14:54:30Z,2025-11-19T14:55:50Z,-148.0,112.0
Pascal Siakam,Charlotte Hornets @ Indiana Pacers,2025-11-20T00:00:00Z,player_assists,4.5,draftkings,2025-11-19T14:54:30Z,2025-11-19T14:55:50Z,112.0,-148.0
Miles Bridges,Charlotte Hornets @ Indiana Pacers,2025-11-20T00:00:00Z,player_assists,3.5,draftkings,2025-11-19T14:54:30Z,2025-11-19T14:55:50Z,-110.0,-120.0
Kon Knueppel,Charlotte Hornets @ Indiana Pacers,2025-11-20T00:00:00Z,player_assists,2.5,draftkings,2025-11-19T14:54:30Z,2025-11-19T14:55:50Z,-151.0,114.0
Jarace Walker,Charlotte Hornets @ Indiana Pacers,2025-11-20T00:00:00Z,player_assists,2.5,draftkings,2025-11-19T14:54:30Z,2025-11-19T14:55:50Z,121.0,-160.0
Bennedict Mathurin,Charlotte Hornets @ Indiana Pacers,2025-11-20T00:00:00Z,player_assists,2.5,draftkings,2025-11-19T14:54:30Z,2025-11-19T14:55:50Z,135.0,-179.0
Ryan Kalkbrenner,Charlotte Hornets @ Indiana Pacers,2025-11-20T00:00:00Z,player_blocks,2.5,draftkings,2025-11-19T14:54:30Z,2025-11-19T14:55:50Z,146.0,-196.0
Miles Bridges,Charlotte Hornets @ Indiana Pacers,2025-11-20T00:00:00Z,player_blocks,0.5,draftkings,2025-11-19T14:54:30Z,2025-11-19T14:55:50Z,107.0,-143.0
Pascal Siakam,Charlotte Hornets @ Indiana Pacers,2025-11-20T00:00:00Z,player_blocks,0.5,draftkings,2025-11-19T14:54:30Z,2025-11-19T14:55:50Z,109.0,-145.0
LaMelo Ball,Charlotte Hornets @ Indiana Pacers,2025-11-20T00:00:00Z,player_double_double,,draftkings,2025-11-19T14:54:30Z,2025-11-19T14:55:50Z,,
Miles Bridges,Charlotte Hornets @ Indiana Pacers,2025-11-20T00:00:00Z,player_double_double,,draftkings,2025-11-19T14:54:30Z,2025-11-19T14:55:50Z,,
Andrew Nembhard,Charlotte Hornets @ Indiana Pacers,2025-11-20T00:00:00Z,player_double_double,,draftkings,2025-11-19T14:54:30Z,2025-11-19T14:55:50Z,,
Pascal Siakam,Charlotte Hornets @ Indiana Pacers,2025-11-20T00:00:00Z,player_double_double,,draftkings,2025-11-19T14:54:30Z,2025-11-19T14:55:50Z,,
Ryan Kalkbrenner,Charlotte Hornets @ Indiana Pacers,2025-11-20T00:00:00Z,player_double_double,,draftkings,2025-11-19T14:54:30Z,2025-11-19T14:55:50Z,,
Isaiah Jackson,Charlotte Hornets @ Indiana Pacers,2025-11-20T00:00:00Z,player_double_double,,draftkings,2025-11-19T14:54:30Z,2025-11-19T14:55:50Z,,
Kon Knueppel,Charlotte Hornets @ Indiana Pacers,2025-11-20T00:00:00Z,player_double_double,,draftkings,2025-11-19T14:54:30Z,2025-11-19T14:55:50Z,,
Jarace Walker,Charlotte Hornets @ Indiana Pacers,2025-11-20T00:00:00Z,player_double_double,,draftkings,2025-11-19T14:54:30Z,2025-11-19T14:55:50Z,,
Bennedict Mathurin,Charlotte Hornets @ Indiana Pacers,2025-11-20T00:00:00Z,player_double_double,,draftkings,2025-11-19T14:54:30Z,2025-11-19T14:55:50Z,,
Pascal Siakam,Charlotte Hornets @ Indiana Pacers,2025-11-20T00:00:00Z,player_points,25.5,draftkings,2025-11-19T14:54:30Z,2025-11-19T14:55:50Z,-111.0,-115.0
LaMelo Ball,Charlotte Hornets @ Indiana Pacers,2025-11-20T00:00:00Z,player_points,22.5,draftkings,2025-11-19T14:54:30Z,2025-11-19T14:55:50Z,-118.0,-108.0
Miles Bridges,Charlotte Hornets @ Indiana Pacers,2025-11-20T00:00:00Z,player_points,22.5,draftkings,2025-11-19T14:54:30Z,2025-11-19T14:55:50Z,-107.0,-119.0
Bennedict Mathurin,Charlotte Hornets @ Indiana Pacers,2025-11-20T00:00:00Z,player_points,21.5,draftkings,2025-11-19T14:54:30Z,2025-11-19T14:55:50Z,-112.0,-114.0
Andrew Nembhard,Charlotte Hornets @ Indiana Pacers,2025-11-20T00:00:00Z,player_points,17.5,draftkings,2025-11-19T14:54:30Z,2025-11-19T14:55:50Z,-113.0,-113.0
Kon Knueppel,Charlotte Hornets @ Indiana Pacers,2025-11-20T00:00:00Z,player_points,17.5,draftkings,2025-11-19T14:54:30Z,2025-11-19T14:55:50Z,-108.0,-118.0
Jarace Walker,Charlotte Hornets @ Indiana Pacers,2025-11-20T00:00:00Z,player_points,11.5,draftkings,2025-11-19T14:54:30Z,2025-11-19T14:55:50Z,101.0,-129.0
Ryan Kalkbrenner,Charlotte Hornets @ Indiana Pacers,2025-11-20T00:00:00Z,player_points,9.5,draftkings,2025-11-19T14:54:30Z,2025-11-19T14:55:50Z,-107.0,-119.0
Isaiah Jackson,Charlotte Hornets @ Indiana Pacers,2025-11-20T00:00:00Z,player_points,9.5,draftkings,2025-11-19T14:54:30Z,2025-11-19T14:55:50Z,-103.0,-124.0
Sion James,Charlotte Hornets @ Indiana Pacers,2025-11-20T00:00:00Z,player_points,6.5,draftkings,2025-11-19T14:54:30Z,2025-11-19T14:55:50Z,-123.0,-104.0
Pascal Siakam,Charlotte Hornets @ Indiana Pacers,2025-11-20T00:00:00Z,player_points_rebounds_assists,36.5,draftkings,2025-11-19T14:54:30Z,2025-11-19T14:55:50Z,-117.0,-113.0
LaMelo Ball,Charlotte Hornets @ Indiana Pacers,2025-11-20T00:00:00Z,player_points_rebounds_assists,36.5,draftkings,2025-11-19T14:54:30Z,2025-11-19T14:55:50Z,-111.0,-118.0
Miles Bridges,Charlotte Hornets @ Indiana Pacers,2025-11-20T00:00:00Z,player_points_rebounds_assists,33.5,draftkings,2025-11-19T14:54:30Z,2025-11-19T14:55:50Z,-115.0,-114.0
Bennedict Mathurin,Charlotte Hornets @ Indiana Pacers,2025-11-20T00:00:00Z,player_points_rebounds_assists,28.5,draftkings,2025-11-19T14:54:30Z,2025-11-19T14:55:50Z,-116.0,-113.0
Andrew Nembhard,Charlotte Hornets @ Indiana Pacers,2025-11-20T00:00:00Z,player_points_rebounds_assists,27.5,draftkings,2025-11-19T14:54:30Z,2025-11-19T14:55:50Z,-126.0,-104.0
Kon Knueppel,Charlotte Hornets @ Indiana Pacers,2025-11-20T00:00:00Z,player_points_rebounds_assists,25.5,draftkings,2025-11-19T14:54:30Z,2025-11-19T14:55:50Z,-118.0,-112.0
Jarace Walker,Charlotte Hornets @ Indiana Pacers,2025-11-20T00:00:00Z,player_points_rebounds_assists,18.5,draftkings,2025-11-19T14:54:30Z,2025-11-19T14:55:50Z,-118.0,-111.0
Ryan Kalkbrenner,Charlotte Hornets @ Indiana Pacers,2025-11-20T00:00:00Z,player_rebounds,7.5,draftkings,2025-11-19T14:54:30Z,2025-11-19T14:55:50Z,-111.0,-118.0
Miles Bridges,Charlotte Hornets @ Indiana Pacers,2025-11-20T00:00:00Z,player_rebounds,7.5,draftkings,2025-11-19T14:54:30Z,2025-11-19T14:55:50Z,100.0,-131.0
Isaiah Jackson,Charlotte Hornets @ Indiana Pacers,2025-11-20T00:00:00Z,player_rebounds,6.5,draftkings,2025-11-19T14:54:30Z,2025-11-19T14:55:50Z,-121.0,-108.0
Pascal Siakam,Charlotte Hornets @ Indiana Pacers,2025-11-20T00:00:00Z,player_rebounds,6.5,draftkings,2025-11-19T14:54:30Z,2025-11-19T14:55:50Z,-111.0,-119.0
Kon Knueppel,Charlotte Hornets @ Indiana Pacers,2025-11-20T00:00:00Z,player_rebounds,5.5,draftkings,2025-11-19T14:54:30Z,2025-11-19T14:55:50Z,108.0,-142.0
LaMelo Ball,Charlotte Hornets @ Indiana Pacers,2025-11-20T00:00:00Z,player_rebounds,5.5,draftkings,2025-11-19T14:54:30Z,2025-11-19T14:55:50Z,113.0,-149.0
Jarace Walker,Charlotte Hornets @ Indiana Pacers,2025-11-20T00:00:00Z,player_rebounds,5.5,draftkings,2025-11-19T14:54:30Z,2025-11-19T14:55:50Z,115.0,-152.0
Bennedict Mathurin,Charlotte Hornets @ Indiana Pacers,2025-11-20T00:00:00Z,player_rebounds,4.5,draftkings,2025-11-19T14:54:30Z,2025-11-19T14:55:50Z,-126.0,-105.0
Andrew Nembhard,Charlotte Hornets @ Indiana Pacers,2025-11-20T00:00:00Z,player_rebounds,2.5,draftkings,2025-11-19T14:54:30Z,2025-11-19T14:55:50Z,-111.0,-118.0
LaMelo Ball,Charlotte Hornets @ Indiana Pacers,2025-11-20T00:00:00Z,player_steals,1.5,draftkings,2025-11-19T14:54:30Z,2025-11-19T14:55:50Z,154.0,-206.0
Andrew Nembhard,Charlotte Hornets @ Indiana Pacers,2025-11-20T00:00:00Z,player_steals,1.5,draftkings,2025-11-19T14:54:30Z,2025-11-19T14:55:50Z,164.0,-221.0
Pascal Siakam,Charlotte Hornets @ Indiana Pacers,2025-11-20T00:00:00Z,player_steals,1.5,draftkings,2025-11-19T14:54:30Z,2025-11-19T14:55:50Z,165.0,-222.0
Miles Bridges,Charlotte Hornets @ Indiana Pacers,2025-11-20T00:00:00Z,player_steals,0.5,draftkings,2025-11-19T14:54:30Z,2025-11-19T14:55:50Z,-157.0,118.0
Kon Knueppel,Charlotte Hornets @ Indiana Pacers,2025-11-20T00:00:00Z,player_threes,3.5,draftkings,2025-11-19T14:54:30Z,2025-11-19T14:55:50Z,130.0,-172.0
Miles Bridges,Charlotte Hornets @ Indiana Pacers,2025-11-20T00:00:00Z,player_threes,2.5,draftkings,2025-11-19T14:54:30Z,2025-11-19T14:55:50Z,-133.0,101.0
LaMelo Ball,Charlotte Hornets @ Indiana Pacers,2025-11-20T00:00:00Z,player_threes,2.5,draftkings,2025-11-19T14:54:30Z,2025-11-19T14:55:50Z,-118.0,-111.0
Pascal Siakam,Charlotte Hornets @ Indiana Pacers,2025-11-20T00:00:00Z,player_threes,1.5,draftkings,2025-11-19T14:54:30Z,2025-11-19T14:55:50Z,-168.0,127.0
Bennedict Mathurin,Charlotte Hornets @ Indiana Pacers,2025-11-20T00:00:00Z,player_threes,1.5,draftkings,2025-11-19T14:54:30Z,2025-11-19T14:55:50Z,-152.0,115.0
Andrew Nembhard,Charlotte Hornets @ Indiana Pacers,2025-11-20T00:00:00Z,player_threes,1.5,draftkings,2025-11-19T14:54:30Z,2025-11-19T14:55:50Z,-140.0,106.0
Jarace Walker,Charlotte Hornets @ Indiana Pacers,2025-11-20T00:00:00Z,player_threes,1.5,draftkings,2025-11-19T14:54:30Z,2025-11-19T14:55:50Z,107.0,-141.0
LaMelo Ball,Charlotte Hornets @ Indiana Pacers,2025-11-20T00:00:00Z,player_triple_double,,draftkings,2025-11-19T14:54:30Z,2025-11-19T14:55:50Z,,
Pascal Siakam,Charlotte Hornets @ Indiana Pacers,2025-11-20T00:00:00Z,player_triple_double,,draftkings,2025-11-19T14:54:30Z,2025-11-19T14:55:50Z,,
Andrew Nembhard,Charlotte Hornets @ Indiana Pacers,2025-11-20T00:00:00Z,player_assists,6.5,fanatics,2025-11-19T14:55:13Z,2025-11-19T14:55:47Z,-150.0,115.0
Pascal Siakam,Charlotte Hornets @ Indiana Pacers,2025-11-20T00:00:00Z,player_assists,3.5,fanatics,2025-11-19T14:55:13Z,2025-11-19T14:55:47Z,-175.0,125.0
Jarace Walker,Charlotte Hornets @ Indiana Pacers,2025-11-20T00:00:00Z,player_assists,2.5,fanatics,2025-11-19T14:55:13Z,2025-11-19T14:55:47Z,110.0,-145.0
Miles Bridges,Charlotte Hornets @ Indiana Pacers,2025-11-20T00:00:00Z,player_assists,3.5,fanatics,2025-11-19T14:55:13Z,2025-11-19T14:55:47Z,-105.0,-125.0
LaMelo Ball,Charlotte Hornets @ Indiana Pacers,2025-11-20T00:00:00Z,player_assists,7.5,fanatics,2025-11-19T14:55:13Z,2025-11-19T14:55:47Z,-150.0,115.0
Kon Knueppel,Charlotte Hornets @ Indiana Pacers,2025-11-20T00:00:00Z,player_assists,2.5,fanatics,2025-11-19T14:55:13Z,2025-11-19T14:55:47Z,-145.0,110.0
Bennedict Mathurin,Charlotte Hornets @ Indiana Pacers,2025-11-20T00:00:00Z,player_assists,2.5,fanatics,2025-11-19T14:55:13Z,2025-11-19T14:55:47Z,125.0,-175.0
Ryan Kalkbrenner,Charlotte Hornets @ Indiana Pacers,2025-11-20T00:00:00Z,player_assists,0.5,fanatics,2025-11-19T14:55:13Z,2025-11-19T14:55:47Z,-110.0,-120.0
Collin Sexton,Charlotte Hornets @ Indiana Pacers,2025-11-20T00:00:00Z,player_assists,4.5,fanatics,2025-11-19T14:55:13Z,2025-11-19T14:55:47Z,100.0,-130.0
Sion James,Charlotte Hornets @ Indiana Pacers,2025-11-20T00:00:00Z,player_assists,1.5,fanatics,2025-11-19T14:55:13Z,2025-11-19T14:55:47Z,-105.0,-125.0
Tony Bradley,Charlotte Hornets @ Indiana Pacers,2025-11-20T00:00:00Z,player_assists,0.5,fanatics,2025-11-19T14:55:13Z,2025-11-19T14:55:47Z,-175.0,125.0
Isaiah Jackson,Charlotte Hornets @ Indiana Pacers,2025-11-20T00:00:00Z,player_assists,0.5,fanatics,2025-11-19T14:55:13Z,2025-11-19T14:55:47Z,-210.0,135.0
Ben Sheppard,Charlotte Hornets @ Indiana Pacers,2025-11-20T00:00:00Z,player_assists,1.5,fanatics,2025-11-19T14:55:13Z,2025-11-19T14:55:47Z,105.0,-140.0
T.J. McConnell,Charlotte Hornets @ Indiana Pacers,2025-11-20T00:00:00Z,player_assists,2.5,fanatics,2025-11-19T14:55:13Z,2025-11-19T14:55:47Z,-150.0,115.0
Jay Huff,Charlotte Hornets @ Indiana Pacers,2025-11-20T00:00:00Z,player_assists,0.5,fanatics,2025-11-19T14:55:13Z,2025-11-19T14:55:47Z,105.0,-140.0
Moussa Diabate,Charlotte Hornets @ Indiana Pacers,2025-11-20T00:00:00Z,player_assists,0.5,fanatics,2025-11-19T14:55:13Z,2025-11-19T14:55:47Z,-165.0,120.0
Pascal Siakam,Charlotte Hornets @ Indiana Pacers,2025-11-20T00:00:00Z,player_double_double,,fanatics,2025-11-19T14:55:13Z,2025-11-19T14:55:47Z,,
Bennedict Mathurin,Charlotte Hornets @ Indiana Pacers,2025-11-20T00:00:00Z,player_double_double,,fanatics,2025-11-19T14:55:13Z,2025-11-19T14:55:47Z,,
Andrew Nembhard,Charlotte Hornets @ Indiana Pacers,2025-11-20T00:00:00Z,player_double_double,,fanatics,2025-11-19T14:55:13Z,2025-11-19T14:55:47Z,,
Jarace Walker,Charlotte Hornets @ Indiana Pacers,2025-11-20T00:00:00Z,player_double_double,,fanatics,2025-11-19T14:55:13Z,2025-11-19T14:55:47Z,,
Isaiah Jackson,Charlotte Hornets @ Indiana Pacers,2025-11-20T00:00:00Z,player_double_double,,fanatics,2025-11-19T14:55:13Z,2025-11-19T14:55:47Z,,
LaMelo Ball,Charlotte Hornets @ Indiana Pacers,2025-11-20T00:00:00Z,player_double_double,,fanatics,2025-11-19T14:55:13Z,2025-11-19T14:55:47Z,,
Miles Bridges,Charlotte Hornets @ Indiana Pacers,2025-11-20T00:00:00Z,player_double_double,,fanatics,2025-11-19T14:55:13Z,2025-11-19T14:55:47Z,,
Kon Knueppel,Charlotte Hornets @ Indiana Pacers,2025-11-20T00:00:00Z,player_double_double,,fanatics,2025-11-19T14:55:13Z,2025-11-19T14:55:47Z,,
Collin Sexton,Charlotte Hornets @ Indiana Pacers,2025-11-20T00:00:00Z,player_double_double,,fanatics,2025-11-19T14:55:13Z,2025-11-19T14:55:47Z,,
Moussa Diabate,Charlotte Hornets @ Indiana Pacers,2025-11-20T00:00:00Z,player_double_double,,fanatics,2025-11-19T14:55:13Z,2025-11-19T14:55:47Z,,
Ryan Kalkbrenner,Charlotte Hornets @ Indiana Pacers,2025-11-20T00:00:00Z,player_double_double,,fanatics,2025-11-19T14:55:13Z,2025-11-19T14:55:47Z,,
Tony Bradley,Charlotte Hornets @ Indiana Pacers,2025-11-20T00:00:00Z,player_double_double,,fanatics,2025-11-19T14:55:13Z,2025-11-19T14:55:47Z,,
Kon Knueppel,Charlotte Hornets @ Indiana Pacers,2025-11-20T00:00:00Z,player_points,17.5,fanatics,2025-11-19T14:55:13Z,2025-11-19T14:55:47Z,-115.0,-115.0
Moussa Diabate,Charlotte Hornets @ Indiana Pacers,2025-11-20T00:00:00Z,player_points,8.5,fanatics,2025-11-19T14:55:13Z,2025-11-19T14:55:47Z,-130.0,100.0
Miles Bridges,Charlotte Hornets @ Indiana Pacers,2025-11-20T00:00:00Z,player_points,22.5,fanatics,2025-11-19T14:55:13Z,2025-11-19T14:55:47Z,-110.0,-120.0
Jarace Walker,Charlotte Hornets @ Indiana Pacers,2025-11-20T00:00:00Z,player_points,10.5,fanatics,2025-11-19T14:55:13Z,2025-11-19T14:55:47Z,-125.0,-105.0
Ryan Kalkbrenner,Charlotte Hornets @ Indiana Pacers,2025-11-20T00:00:00Z,player_points,9.5,fanatics,2025-11-19T14:55:13Z,2025-11-19T14:55:47Z,105.0,-140.0
Isaiah Jackson,Charlotte Hornets @ Indiana Pacers,2025-11-20T00:00:00Z,player_points,9.5,fanatics,2025-11-19T14:55:13Z,2025-11-19T14:55:47Z,100.0,-130.0
Pascal Siakam,Charlotte Hornets @ Indiana Pacers,2025-11-20T00:00:00Z,player_points,25.5,fanatics,2025-11-19T14:55:13Z,2025-11-19T14:55:47Z,-115.0,-115.0
Sion James,Charlotte Hornets @ Indiana Pacers,2025-11-20T00:00:00Z,player_points,6.5,fanatics,2025-11-19T14:55:13Z,2025-11-19T14:55:47Z,-125.0,-105.0
Andrew Nembhard,Charlotte Hornets @ Indiana Pacers,2025-11-20T00:00:00Z,player_points,17.5,fanatics,2025-11-19T14:55:13Z,2025-11-19T14:55:47Z,-115.0,-115.0
LaMelo Ball,Charlotte Hornets @ Indiana Pacers,2025-11-20T00:00:00Z,player_points,22.5,fanatics,2025-11-19T14:55:13Z,2025-11-19T14:55:47Z,-115.0,-115.0
Bennedict Mathurin,Charlotte Hornets @ Indiana Pacers,2025-11-20T00:00:00Z,player_points,21.5,fanatics,2025-11-19T14:55:13Z,2025-11-19T14:55:47Z,-110.0,-120.0
Collin Sexton,Charlotte Hornets @ Indiana Pacers,2025-11-20T00:00:00Z,player_points,18.5,fanatics,2025-11-19T14:55:13Z,2025-11-19T14:55:47Z,-105.0,-125.0
Ben Sheppard,Charlotte Hornets @ Indiana Pacers,2025-11-20T00:00:00Z,player_points,6.5,fanatics,2025-11-19T14:55:13Z,2025-11-19T14:55:47Z,-110.0,-120.0
Tony Bradley,Charlotte Hornets @ Indiana Pacers,2025-11-20T00:00:00Z,player_points,7.5,fanatics,2025-11-19T14:55:13Z,2025-11-19T14:55:47Z,-115.0,-115.0
T.J. McConnell,Charlotte Hornets @ Indiana Pacers,2025-11-20T00:00:00Z,player_points,9.5,fanatics,2025-11-19T14:55:13Z,2025-11-19T14:55:47Z,-115.0,-115.0
Jay Huff,Charlotte Hornets @ Indiana Pacers,2025-11-20T00:00:00Z,player_points,5.5,fanatics,2025-11-19T14:55:13Z,2025-11-19T14:55:47Z,105.0,-140.0
Sion James,Charlotte Hornets @ Indiana Pacers,2025-11-20T00:00:00Z,player_points_rebounds_assists,11.5,fanatics,2025-11-19T14:55:13Z,2025-11-19T14:55:47Z,-115.0,-115.0
Bennedict Mathurin,Charlotte Hornets @ Indiana Pacers,2025-11-20T00:00:00Z,player_points_rebounds_assists,28.5,fanatics,2025-11-19T14:55:13Z,2025-11-19T14:55:47Z,-115.0,-115.0
Tony Bradley,Charlotte Hornets @ Indiana Pacers,2025-11-20T00:00:00Z,player_points_rebounds_assists,13.5,fanatics,2025-11-19T14:55:13Z,2025-11-19T14:55:47Z,-105.0,-125.0
LaMelo Ball,Charlotte Hornets @ Indiana Pacers,2025-11-20T00:00:00Z,player_points_rebounds_assists,36.5,fanatics,2025-11-19T14:55:13Z,2025-11-19T14:55:47Z,-110.0,-120.0
Collin Sexton,Charlotte Hornets @ Indiana Pacers,2025-11-20T00:00:00Z,player_points_rebounds_assists,25.5,fanatics,2025-11-19T14:55:13Z,2025-11-19T14:55:47Z,-110.0,-120.0
Ben Sheppard,Charlotte Hornets @ Indiana Pacers,2025-11-20T00:00:00Z,player_points_rebounds_assists,11.5,fanatics,2025-11-19T14:55:13Z,2025-11-19T14:55:47Z,-105.0,-125.0
Kon Knueppel,Charlotte Hornets @ Indiana Pacers,2025-11-20T00:00:00Z,player_points_rebounds_assists,26.5,fanatics,2025-11-19T14:55:13Z,2025-11-19T14:55:47Z,-105.0,-125.0
Ryan Kalkbrenner,Charlotte Hornets @ Indiana Pacers,2025-11-20T00:00:00Z,player_points_rebounds_assists,17.5,fanatics,2025-11-19T14:55:13Z,2025-11-19T14:55:47Z,-115.0,-115.0
Pascal Siakam,Charlotte Hornets @ Indiana Pacers,2025-11-20T00:00:00Z,player_points_rebounds_assists,36.5,fanatics,2025-11-19T14:55:13Z,2025-11-19T14:55:47Z,-110.0,-120.0
Andrew Nembhard,Charlotte Hornets @ Indiana Pacers,2025-11-20T00:00:00Z,player_points_rebounds_assists,27.5,fanatics,2025-11-19T14:55:13Z,2025-11-19T14:55:47Z,-115.0,-115.0
T.J. McConnell,Charlotte Hornets @ Indiana Pacers,2025-11-20T00:00:00Z,player_points_rebounds_assists,14.5,fanatics,2025-11-19T14:55:13Z,2025-11-19T14:55:47Z,-110.0,-120.0
Isaiah Jackson,Charlotte Hornets @ Indiana Pacers,2025-11-20T00:00:00Z,player_points_rebounds_assists,17.5,fanatics,2025-11-19T14:55:13Z,2025-11-19T14:55:47Z,100.0,-130.0
Miles Bridges,Charlotte Hornets @ Indiana Pacers,2025-11-20T00:00:00Z,player_points_rebounds_assists,33.5,fanatics,2025-11-19T14:55:13Z,2025-11-19T14:55:47Z,-115.0,-115.0
Moussa Diabate,Charlotte Hornets @ Indiana Pacers,2025-11-20T00:00:00Z,player_points_rebounds_assists,17.5,fanatics,2025-11-19T14:55:13Z,2025-11-19T14:55:47Z,-125.0,-105.0
Jarace Walker,Charlotte Hornets @ Indiana Pacers,2025-11-20T00:00:00Z,player_points_rebounds_assists,18.5,fanatics,2025-11-19T14:55:13Z,2025-11-19T14:55:47Z,-115.0,-115.0
Jay Huff,Charlotte Hornets @ Indiana Pacers,2025-11-20T00:00:00Z,player_points_rebounds_assists,7.5,fanatics,2025-11-19T14:55:13Z,2025-11-19T14:55:47Z,-115.0,-115.0
Kon Knueppel,Charlotte Hornets @ Indiana Pacers,2025-11-20T00:00:00Z,player_rebounds,5.5,fanatics,2025-11-19T14:55:13Z,2025-11-19T14:55:47Z,105.0,-140.0
Isaiah Jackson,Charlotte Hornets @ Indiana Pacers,2025-11-20T00:00:00Z,player_rebounds,6.5,fanatics,2025-11-19T14:55:13Z,2025-11-19T14:55:47Z,-115.0,-115.0
Pascal Siakam,Charlotte Hornets @ Indiana Pacers,2025-11-20T00:00:00Z,player_rebounds,6.5,fanatics,2025-11-19T14:55:13Z,2025-11-19T14:55:47Z,-110.0,-120.0
Sion James,Charlotte Hornets @ Indiana Pacers,2025-11-20T00:00:00Z,player_rebounds,3.5,fanatics,2025-11-19T14:55:13Z,2025-11-19T14:55:47Z,130.0,-190.0
Jarace Walker,Charlotte Hornets @ Indiana Pacers,2025-11-20T00:00:00Z,player_rebounds,5.5,fanatics,2025-11-19T14:55:13Z,2025-11-19T14:55:47Z,115.0,-150.0
Moussa Diabate,Charlotte Hornets @ Indiana Pacers,2025-11-20T00:00:00Z,player_rebounds,7.5,fanatics,2025-11-19T14:55:13Z,2025-11-19T14:55:47Z,-125.0,-105.0
Ryan Kalkbrenner,Charlotte Hornets @ Indiana Pacers,2025-11-20T00:00:00Z,player_rebounds,7.5,fanatics,2025-11-19T14:55:13Z,2025-11-19T14:55:47Z,-115.0,-115.0
Bennedict Mathurin,Charlotte Hornets @ Indiana Pacers,2025-11-20T00:00:00Z,player_rebounds,4.5,fanatics,2025-11-19T14:55:13Z,2025-11-19T14:55:47Z,-130.0,100.0
LaMelo Ball,Charlotte Hornets @ Indiana Pacers,2025-11-20T00:00:00Z,player_rebounds,5.5,fanatics,2025-11-19T14:55:13Z,2025-11-19T14:55:47Z,105.0,-140.0
Andrew Nembhard,Charlotte Hornets @ Indiana Pacers,2025-11-20T00:00:00Z,player_rebounds,2.5,fanatics,2025-11-19T14:55:13Z,2025-11-19T14:55:47Z,-115.0,-115.0
Collin Sexton,Charlotte Hornets @ Indiana Pacers,2025-11-20T00:00:00Z,player_rebounds,2.5,fanatics,2025-11-19T14:55:13Z,2025-11-19T14:55:47Z,-115.0,-115.0
Miles Bridges,Charlotte Hornets @ Indiana Pacers,2025-11-20T00:00:00Z,player_rebounds,7.5,fanatics,2025-11-19T14:55:13Z,2025-11-19T14:55:47Z,-105.0,-125.0
Jay Huff,Charlotte Hornets @ Indiana Pacers,2025-11-20T00:00:00Z,player_rebounds,1.5,fanatics,2025-11-19T14:55:13Z,2025-11-19T14:55:47Z,-150.0,115.0
T.J. McConnell,Charlotte Hornets @ Indiana Pacers,2025-11-20T00:00:00Z,player_rebounds,1.5,fanatics,2025-11-19T14:55:13Z,2025-11-19T14:55:47Z,-145.0,110.0
Ben Sheppard,Charlotte Hornets @ Indiana Pacers,2025-11-20T00:00:00Z,player_rebounds,3.5,fanatics,2025-11-19T14:55:13Z,2025-11-19T14:55:47Z,115.0,-150.0
Tony Bradley,Charlotte Hornets @ Indiana Pacers,2025-11-20T00:00:00Z,player_rebounds,4.5,fanatics,2025-11-19T14:55:13Z,2025-11-19T14:55:47Z,-120.0,-110.0
Jarace Walker,Charlotte Hornets @ Indiana Pacers,2025-11-20T00:00:00Z,player_threes,1.5,fanatics,2025-11-19T14:55:13Z,2025-11-19T14:55:47Z,100.0,-130.0
Kon Knueppel,Charlotte Hornets @ Indiana Pacers,2025-11-20T00:00:00Z,player_threes,2.5,fanatics,2025-11-19T14:55:13Z,2025-11-19T14:55:47Z,-175.0,125.0
Bennedict Mathurin,Charlotte Hornets @ Indiana Pacers,2025-11-20T00:00:00Z,player_threes,1.5,fanatics,2025-11-19T14:55:13Z,2025-11-19T14:55:47Z,-165.0,120.0
LaMelo Ball,Charlotte Hornets @ Indiana Pacers,2025-11-20T00:00:00Z,player_threes,2.5,fanatics,2025-11-19T14:55:13Z,2025-11-19T14:55:47Z,-125.0,-105.0
Andrew Nembhard,Charlotte Hornets @ Indiana Pacers,2025-11-20T00:00:00Z,player_threes,1.5,fanatics,2025-11-19T14:55:13Z,2025-11-19T14:55:47Z,-150.0,115.0
Miles Bridges,Charlotte Hornets @ Indiana Pacers,2025-11-20T00:00:00Z,player_threes,2.5,fanatics,2025-11-19T14:55:13Z,2025-11-19T14:55:47Z,-145.0,110.0
Pascal Siakam,Charlotte Hornets @ Indiana Pacers,2025-11-20T00:00:00Z,player_threes,1.5,fanatics,2025-11-19T14:55:13Z,2025-11-19T14:55:47Z,-175.0,125.0
Collin Sexton,Charlotte Hornets @ Indiana Pacers,2025-11-20T00:00:00Z,player_threes,1.5,fanatics,2025-11-19T14:55:13Z,2025-11-19T14:55:47Z,-110.0,-120.0
Sion James,Charlotte Hornets @ Indiana Pacers,2025-11-20T00:00:00Z,player_threes,0.5,fanatics,2025-11-19T14:55:13Z,2025-11-19T14:55:47Z,-275.0,160.0
Ben Sheppard,Charlotte Hornets @ Indiana Pacers,2025-11-20T00:00:00Z,player_threes,1.5,fanatics,2025-11-19T14:55:13Z,2025-11-19T14:55:47Z,155.0,-250.0
T.J. McConnell,Charlotte Hornets @ Indiana Pacers,2025-11-20T00:00:00Z,player_threes,0.5,fanatics,2025-11-19T14:55:13Z,2025-11-19T14:55:47Z,230.0,-400.0
Jay Huff,Charlotte Hornets @ Indiana Pacers,2025-11-20T00:00:00Z,player_threes,0.5,fanatics,2025-11-19T14:55:13Z,2025-11-19T14:55:47Z,-140.0,105.0
LaMelo Ball,Charlotte Hornets @ Indiana Pacers,2025-11-20T00:00:00Z,player_triple_double,,fanatics,2025-11-19T14:55:13Z,2025-11-19T14:55:47Z,,
Jarace Walker,Charlotte Hornets @ Indiana Pacers,2025-11-20T00:00:00Z,player_assists,2.5,fanduel,2025-11-19T14:55:00Z,2025-11-19T14:55:35Z,116.0,-154.0
Kon Knueppel,Charlotte Hornets @ Indiana Pacers,2025-11-20T00:00:00Z,player_assists,2.5,fanduel,2025-11-19T14:55:00Z,2025-11-19T14:55:35Z,-140.0,106.0
Miles Bridges,Charlotte Hornets @ Indiana Pacers,2025-11-20T00:00:00Z,player_assists,3.5,fanduel,2025-11-19T14:55:00Z,2025-11-19T14:55:35Z,-104.0,-128.0
Andrew Nembhard,Charlotte Hornets @ Indiana Pacers,2025-11-20T00:00:00Z,player_assists,6.5,fanduel,2025-11-19T14:55:00Z,2025-11-19T14:55:35Z,-154.0,116.0
LaMelo Ball,Charlotte Hornets @ Indiana Pacers,2025-11-20T00:00:00Z,player_assists,8.5,fanduel,2025-11-19T14:55:00Z,2025-11-19T14:55:35Z,110.0,-146.0
Pascal Siakam,Charlotte Hornets @ Indiana Pacers,2025-11-20T00:00:00Z,player_assists,4.5,fanduel,2025-11-19T14:55:00Z,2025-11-19T14:55:35Z,128.0,-172.0
Ryan Kalkbrenner,Charlotte Hornets @ Indiana Pacers,2025-11-20T00:00:00Z,player_blocks,2.5,fanduel,2025-11-19T14:55:00Z,2025-11-19T14:55:35Z,154.0,-210.0
LaMelo Ball,Charlotte Hornets @ Indiana Pacers,2025-11-20T00:00:00Z,player_double_double,,fanduel,2025-11-19T14:55:00Z,2025-11-19T14:55:35Z,,
Miles Bridges,Charlotte Hornets @ Indiana Pacers,2025-11-20T00:00:00Z,player_double_double,,fanduel,2025-11-19T14:55:00Z,2025-11-19T14:55:35Z,,
Andrew Nembhard,Charlotte Hornets @ Indiana Pacers,2025-11-20T00:00:00Z,player_double_double,,fanduel,2025-11-19T14:55:00Z,2025-11-19T14:55:35Z,,
Pascal Siakam,Charlotte Hornets @ Indiana Pacers,2025-11-20T00:00:00Z,player_double_double,,fanduel,2025-11-19T14:55:00Z,2025-11-19T14:55:35Z,,
Ryan Kalkbrenner,Charlotte Hornets @ Indiana Pacers,2025-11-20T00:00:00Z,player_double_double,,fanduel,2025-11-19T14:55:00Z,2025-11-19T14:55:35Z,,
Isaiah Jackson,Charlotte Hornets @ Indiana Pacers,2025-11-20T00:00:00Z,player_double_double,,fanduel,2025-11-19T14:55:00Z,2025-11-19T14:55:35Z,,
Kon Knueppel,Charlotte Hornets @ Indiana Pacers,2025-11-20T00:00:00Z,player_double_double,,fanduel,2025-11-19T14:55:00Z,2025-11-19T14:55:35Z,,
Jarace Walker,Charlotte Hornets @ Indiana Pacers,2025-11-20T00:00:00Z,player_double_double,,fanduel,2025-11-19T14:55:00Z,2025-11-19T14:55:35Z,,
Bennedict Mathurin,Charlotte Hornets @ Indiana Pacers,2025-11-20T00:00:00Z,player_double_double,,fanduel,2025-11-19T14:55:00Z,2025-11-19T14:55:35Z,,
Jarace Walker,Charlotte Hornets @ Indiana Pacers,2025-11-20T00:00:00Z,player_points,10.5,fanduel,2025-11-19T14:55:00Z,2025-11-19T14:55:35Z,-130.0,-102.0
LaMelo Ball,Charlotte Hornets @ Indiana Pacers,2025-11-20T00:00:00Z,player_points,22.5,fanduel,2025-11-19T14:55:00Z,2025-11-19T14:55:35Z,-118.0,-112.0
Sion James,Charlotte Hornets @ Indiana Pacers,2025-11-20T00:00:00Z,player_points,6.5,fanduel,2025-11-19T14:55:00Z,2025-11-19T14:55:35Z,-125.0,-106.0
Pascal Siakam,Charlotte Hornets @ Indiana Pacers,2025-11-20T00:00:00Z,player_points,25.5,fanduel,2025-11-19T14:55:00Z,2025-11-19T14:55:35Z,-114.0,-114.0
Andrew Nembhard,Charlotte Hornets @ Indiana Pacers,2025-11-20T00:00:00Z,player_points,17.5,fanduel,2025-11-19T14:55:00Z,2025-11-19T14:55:35Z,-112.0,-118.0
Kon Knueppel,Charlotte Hornets @ Indiana Pacers,2025-11-20T00:00:00Z,player_points,17.5,fanduel,2025-11-19T14:55:00Z,2025-11-19T14:55:35Z,-114.0,-118.0
Bennedict Mathurin,Charlotte Hornets @ Indiana Pacers,2025-11-20T00:00:00Z,player_points,21.5,fanduel,2025-11-19T14:55:00Z,2025-11-19T14:55:35Z,-110.0,-120.0
Miles Bridges,Charlotte Hornets @ Indiana Pacers,2025-11-20T00:00:00Z,player_points,22.5,fanduel,2025-11-19T14:55:00Z,2025-11-19T14:55:35Z,-102.0,-130.0
Isaiah Jackson,Charlotte Hornets @ Indiana Pacers,2025-11-20T00:00:00Z,player_points,9.5,fanduel,2025-11-19T14:55:00Z,2025-11-19T14:55:35Z,-102.0,-130.0
Ryan Kalkbrenner,Charlotte Hornets @ Indiana Pacers,2025-11-20T00:00:00Z,player_points,9.5,fanduel,2025-11-19T14:55:00Z,2025-11-19T14:55:35Z,-106.0,-125.0
Kon Knueppel,Charlotte Hornets @ Indiana Pacers,2025-11-20T00:00:00Z,player_points_rebounds_assists,25.5,fanduel,2025-11-19T14:55:00Z,2025-11-19T14:54:21Z,-122.0,-108.0
Bennedict Mathurin,Charlotte Hornets @ Indiana Pacers,2025-11-20T00:00:00Z,player_points_rebounds_assists,28.5,fanduel,2025-11-19T14:55:00Z,2025-11-19T14:54:21Z,-118.0,-112.0
Miles Bridges,Charlotte Hornets @ Indiana Pacers,2025-11-20T00:00:00Z,player_points_rebounds_assists,33.5,fanduel,2025-11-19T14:55:00Z,2025-11-19T14:54:21Z,-118.0,-112.0
LaMelo Ball,Charlotte Hornets @ Indiana Pacers,2025-11-20T00:00:00Z,player_points_rebounds_assists,36.5,fanduel,2025-11-19T14:55:00Z,2025-11-19T14:54:21Z,-114.0,-114.0
Pascal Siakam,Charlotte Hornets @ Indiana Pacers,2025-11-20T00:00:00Z,player_points_rebounds_assists,36.5,fanduel,2025-11-19T14:55:00Z,2025-11-19T14:54:21Z,-114.0,-114.0
Andrew Nembhard,Charlotte Hornets @ Indiana Pacers,2025-11-20T00:00:00Z,player_points_rebounds_assists,27.5,fanduel,2025-11-19T14:55:00Z,2025-11-19T14:54:21Z,-114.0,-114.0
Andrew Nembhard,Charlotte Hornets @ Indiana Pacers,2025-11-20T00:00:00Z,player_rebounds,2.5,fanduel,2025-11-19T14:55:00Z,2025-11-19T14:55:35Z,-114.0,-114.0
Ryan Kalkbrenner,Charlotte Hornets @ Indiana Pacers,2025-11-20T00:00:00Z,player_rebounds,7.5,fanduel,2025-11-19T14:55:00Z,2025-11-19T14:55:35Z,-118.0,-112.0
Jarace Walker,Charlotte Hornets @ Indiana Pacers,2025-11-20T00:00:00Z,player_rebounds,5.5,fanduel,2025-11-19T14:55:00Z,2025-11-19T14:55:35Z,108.0,-144.0
Miles Bridges,Charlotte Hornets @ Indiana Pacers,2025-11-20T00:00:00Z,player_rebounds,7.5,fanduel,2025-11-19T14:55:00Z,2025-11-19T14:55:35Z,-114.0,-114.0
Kon Knueppel,Charlotte Hornets @ Indiana Pacers,2025-11-20T00:00:00Z,player_rebounds,5.5,fanduel,2025-11-19T14:55:00Z,2025-11-19T14:55:35Z,110.0,-146.0
Isaiah Jackson,Charlotte Hornets @ Indiana Pacers,2025-11-20T00:00:00Z,player_rebounds,6.5,fanduel,2025-11-19T14:55:00Z,2025-11-19T14:55:35Z,-118.0,-112.0
Bennedict Mathurin,Charlotte Hornets @ Indiana Pacers,2025-11-20T00:00:00Z,player_rebounds,4.5,fanduel,2025-11-19T14:55:00Z,2025-11-19T14:55:35Z,-130.0,-102.0
LaMelo Ball,Charlotte Hornets @ Indiana Pacers,2025-11-20T00:00:00Z,player_rebounds,5.5,fanduel,2025-11-19T14:55:00Z,2025-11-19T14:55:35Z,102.0,-136.0
Pascal Siakam,Charlotte Hornets @ Indiana Pacers,2025-11-20T00:00:00Z,player_rebounds,6.5,fanduel,2025-11-19T14:55:00Z,2025-11-19T14:55:35Z,-114.0,-114.0
Pascal Siakam,Charlotte Hornets @ Indiana Pacers,2025-11-20T00:00:00Z,player_steals,1.5,fanduel,2025-11-19T14:55:00Z,2025-11-19T14:55:35Z,194.0,-270.0
LaMelo Ball,Charlotte Hornets @ Indiana Pacers,2025-11-20T00:00:00Z,player_steals,1.5,fanduel,2025-11-19T14:55:00Z,2025-11-19T14:55:35Z,138.0,-186.0
Kon Knueppel,Charlotte Hornets @ Indiana Pacers,2025-11-20T00:00:00Z,player_threes,2.5,fanduel,2025-11-19T14:55:00Z,2025-11-19T14:55:35Z,-182.0,136.0
Jarace Walker,Charlotte Hornets @ Indiana Pacers,2025-11-20T00:00:00Z,player_threes,1.5,fanduel,2025-11-19T14:55:00Z,2025-11-19T14:55:35Z,110.0,-146.0
Bennedict Mathurin,Charlotte Hornets @ Indiana Pacers,2025-11-20T00:00:00Z,player_threes,1.5,fanduel,2025-11-19T14:55:00Z,2025-11-19T14:55:35Z,-160.0,120.0
Miles Bridges,Charlotte Hornets @ Indiana Pacers,2025-11-20T00:00:00Z,player_threes,2.5,fanduel,2025-11-19T14:55:00Z,2025-11-19T14:55:35Z,-158.0,118.0
Andrew Nembhard,Charlotte Hornets @ Indiana Pacers,2025-11-20T00:00:00Z,player_threes,1.5,fanduel,2025-11-19T14:55:00Z,2025-11-19T14:55:35Z,-162.0,122.0
LaMelo Ball,Charlotte Hornets @ Indiana Pacers,2025-11-20T00:00:00Z,player_threes,2.5,fanduel,2025-11-19T14:55:00Z,2025-11-19T14:55:35Z,-130.0,-102.0
Pascal Siakam,Charlotte Hornets @ Indiana Pacers,2025-11-20T00:00:00Z,player_threes,1.5,fanduel,2025-11-19T14:55:00Z,2025-11-19T14:55:35Z,-174.0,130.0
LaMelo Ball,Charlotte Hornets @ Indiana Pacers,2025-11-20T00:00:00Z,player_triple_double,,fanduel,2025-11-19T14:55:00Z,2025-11-19T14:55:35Z,,
Bennedict Mathurin,Charlotte Hornets @ Indiana Pacers,2025-11-20T00:00:00Z,player_assists,2.5,williamhill_us,2025-11-19T14:55:31Z,2025-11-19T14:55:49Z,128.0,-173.0
Jarace Walker,Charlotte Hornets @ Indiana Pacers,2025-11-20T00:00:00Z,player_assists,2.5,williamhill_us,2025-11-19T14:55:31Z,2025-11-19T14:55:49Z,116.0,-154.0
Andrew Nembhard,Charlotte Hornets @ Indiana Pacers,2025-11-20T00:00:00Z,player_assists,6.5,williamhill_us,2025-11-19T14:55:31Z,2025-11-19T14:55:49Z,-148.0,110.0
Kon Knueppel,Charlotte Hornets @ Indiana Pacers,2025-11-20T00:00:00Z,player_assists,2.5,williamhill_us,2025-11-19T14:55:31Z,2025-11-19T14:55:49Z,-143.0,108.0
Miles Bridges,Charlotte Hornets @ Indiana Pacers,2025-11-20T00:00:00Z,player_assists,3.5,williamhill_us,2025-11-19T14:55:31Z,2025-11-19T14:55:49Z,-109.0,-122.0
Collin Sexton,Charlotte Hornets @ Indiana Pacers,2025-11-20T00:00:00Z,player_assists,4.5,williamhill_us,2025-11-19T14:55:31Z,2025-11-19T14:55:49Z,104.0,-137.0
LaMelo Ball,Charlotte Hornets @ Indiana Pacers,2025-11-20T00:00:00Z,player_assists,8.5,williamhill_us,2025-11-19T14:55:31Z,2025-11-19T14:55:49Z,113.0,-160.0
Pascal Siakam,Charlotte Hornets @ Indiana Pacers,2025-11-20T00:00:00Z,player_assists,4.5,williamhill_us,2025-11-19T14:55:31Z,2025-11-19T14:55:49Z,128.0,-173.0
Isaiah Jackson,Charlotte Hornets @ Indiana Pacers,2025-11-20T00:00:00Z,player_points,9.5,williamhill_us,2025-11-19T14:55:31Z,2025-11-19T14:55:49Z,-106.0,-127.0
Ryan Kalkbrenner,Charlotte Hornets @ Indiana Pacers,2025-11-20T00:00:00Z,player_points,9.5,williamhill_us,2025-11-19T14:55:31Z,2025-11-19T14:55:49Z,-106.0,-125.0
Miles Bridges,Charlotte Hornets @ Indiana Pacers,2025-11-20T00:00:00Z,player_points,22.5,williamhill_us,2025-11-19T14:55:31Z,2025-11-19T14:55:49Z,-109.0,-122.0
Kon Knueppel,Charlotte Hornets @ Indiana Pacers,2025-11-20T00:00:00Z,player_points,17.5,williamhill_us,2025-11-19T14:55:31Z,2025-11-19T14:55:49Z,-120.0,-112.0
Pascal Siakam,Charlotte Hornets @ Indiana Pacers,2025-11-20T00:00:00Z,player_points,25.5,williamhill_us,2025-11-19T14:55:31Z,2025-11-19T14:55:49Z,-115.0,-115.0
Sion James,Charlotte Hornets @ Indiana Pacers,2025-11-20T00:00:00Z,player_points,6.5,williamhill_us,2025-11-19T14:55:31Z,2025-11-19T14:55:49Z,-127.0,-106.0
Jarace Walker,Charlotte Hornets @ Indiana Pacers,2025-11-20T00:00:00Z,player_points,10.5,williamhill_us,2025-11-19T14:55:31Z,2025-11-19T14:55:49Z,-120.0,-113.0
Moussa Diabate,Charlotte Hornets @ Indiana Pacers,2025-11-20T00:00:00Z,player_points,8.5,williamhill_us,2025-11-19T14:55:31Z,2025-11-19T14:55:49Z,-132.0,-102.0
LaMelo Ball,Charlotte Hornets @ Indiana Pacers,2025-11-20T00:00:00Z,player_points,22.5,williamhill_us,2025-11-19T14:55:31Z,2025-11-19T14:55:49Z,-125.0,-110.0
Andrew Nembhard,Charlotte Hornets @ Indiana Pacers,2025-11-20T00:00:00Z,player_points,17.5,williamhill_us,2025-11-19T14:55:31Z,2025-11-19T14:55:49Z,-117.0,-115.0
Bennedict Mathurin,Charlotte Hornets @ Indiana Pacers,2025-11-20T00:00:00Z,player_points,21.5,williamhill_us,2025-11-19T14:55:31Z,2025-11-19T14:55:49Z,-111.0,-120.0
Collin Sexton,Charlotte Hornets @ Indiana Pacers,2025-11-20T00:00:00Z,player_points,16.5,williamhill_us,2025-11-19T14:55:31Z,2025-11-19T14:55:49Z,-124.0,-108.0
LaMelo Ball,Charlotte Hornets @ Indiana Pacers,2025-11-20T00:00:00Z,player_rebounds,5.5,williamhill_us,2025-11-19T14:55:31Z,2025-11-19T14:55:49Z,106.0,-141.0
Ryan Kalkbrenner,Charlotte Hornets @ Indiana Pacers,2025-11-20T00:00:00Z,player_rebounds,7.5,williamhill_us,2025-11-19T14:55:31Z,2025-11-19T14:55:49Z,-112.0,-120.0
Isaiah Jackson,Charlotte Hornets @ Indiana Pacers,2025-11-20T00:00:00Z,player_rebounds,6.5,williamhill_us,2025-11-19T14:55:31Z,2025-11-19T14:55:49Z,-121.0,-110.0
Bennedict Mathurin,Charlotte Hornets @ Indiana Pacers,2025-11-20T00:00:00Z,player_rebounds,4.5,williamhill_us,2025-11-19T14:55:31Z,2025-11-19T14:55:49Z,-132.0,100.0
Miles Bridges,Charlotte Hornets @ Indiana Pacers,2025-11-20T00:00:00Z,player_rebounds,7.5,williamhill_us,2025-11-19T14:55:31Z,2025-11-19T14:55:49Z,-115.0,-115.0
Andrew Nembhard,Charlotte Hornets @ Indiana Pacers,2025-11-20T00:00:00Z,player_rebounds,2.5,williamhill_us,2025-11-19T14:55:31Z,2025-11-19T14:55:49Z,-113.0,-118.0
Pascal Siakam,Charlotte Hornets @ Indiana Pacers,2025-11-20T00:00:00Z,player_rebounds,6.5,williamhill_us,2025-11-19T14:55:31Z,2025-11-19T14:55:49Z,-117.0,-114.0
Moussa Diabate,Charlotte Hornets @ Indiana Pacers,2025-11-20T00:00:00Z,player_rebounds,7.5,williamhill_us,2025-11-19T14:55:31Z,2025-11-19T14:55:49Z,-132.0,100.0
Jarace Walker,Charlotte Hornets @ Indiana Pacers,2025-11-20T00:00:00Z,player_rebounds,5.5,williamhill_us,2025-11-19T14:55:31Z,2025-11-19T14:55:49Z,109.0,-145.0
Kon Knueppel,Charlotte Hornets @ Indiana Pacers,2025-11-20T00:00:00Z,player_rebounds,5.5,williamhill_us,2025-11-19T14:55:31Z,2025-11-19T14:55:49Z,-110.0,-125.0
Kon Knueppel,Charlotte Hornets @ Indiana Pacers,2025-11-20T00:00:00Z,player_threes,2.5,williamhill_us,2025-11-19T14:55:31Z,2025-11-19T14:55:49Z,-170.0,128.0
Ben Sheppard,Charlotte Hornets @ Indiana Pacers,2025-11-20T00:00:00Z,player_threes,1.5,williamhill_us,2025-11-19T14:55:31Z,2025-11-19T14:55:49Z,162.0,-225.0
Bennedict Mathurin,Charlotte Hornets @ Indiana Pacers,2025-11-20T00:00:00Z,player_threes,1.5,williamhill_us,2025-11-19T14:55:31Z,2025-11-19T14:55:49Z,-154.0,116.0
Collin Sexton,Charlotte Hornets @ Indiana Pacers,2025-11-20T00:00:00Z,player_threes,1.5,williamhill_us,2025-11-19T14:55:31Z,2025-11-19T14:55:49Z,-106.0,-125.0
Miles Bridges,Charlotte Hornets @ Indiana Pacers,2025-11-20T00:00:00Z,player_threes,2.5,williamhill_us,2025-11-19T14:55:31Z,2025-11-19T14:55:49Z,-150.0,113.0
Jarace Walker,Charlotte Hornets @ Indiana Pacers,2025-11-20T00:00:00Z,player_threes,1.5,williamhill_us,2025-11-19T14:55:31Z,2025-11-19T14:55:49Z,105.0,-139.0
LaMelo Ball,Charlotte Hornets @ Indiana Pacers,2025-11-20T00:00:00Z,player_threes,2.5,williamhill_us,2025-11-19T14:55:31Z,2025-11-19T14:55:49Z,-130.0,-103.0
Pascal Siakam,Charlotte Hornets @ Indiana Pacers,2025-11-20T00:00:00Z,player_threes,1.5,williamhill_us,2025-11-19T14:55:31Z,2025-11-19T14:55:49Z,-162.0,121.0
Sion James,Charlotte Hornets @ Indiana Pacers,2025-11-20T00:00:00Z,player_threes,0.5,williamhill_us,2025-11-19T14:55:31Z,2025-11-19T14:55:49Z,-250.0,182.0
Andrew Nembhard,Charlotte Hornets @ Indiana Pacers,2025-11-20T00:00:00Z,player_threes,1.5,williamhill_us,2025-11-19T14:55:31Z,2025-11-19T14:55:49Z,-141.0,107.0
Pascal Siakam,Charlotte Hornets @ Indiana Pacers,2025-11-20T00:00:00Z,player_assists,4.5,betrivers,2025-11-19T14:55:14Z,2025-11-19T14:54:59Z,125.0,-167.0
LaMelo Ball,Charlotte Hornets @ Indiana Pacers,2025-11-20T00:00:00Z,player_assists,8.5,betrivers,2025-11-19T14:55:14Z,2025-11-19T14:54:59Z,110.0,-143.0
Kon Knueppel,Charlotte Hornets @ Indiana Pacers,2025-11-20T00:00:00Z,player_assists,2.5,betrivers,2025-11-19T14:55:14Z,2025-11-19T14:54:59Z,-137.0,104.0
Miles Bridges,Charlotte Hornets @ Indiana Pacers,2025-11-20T00:00:00Z,player_assists,3.5,betrivers,2025-11-19T14:55:14Z,2025-11-19T14:54:59Z,100.0,-132.0
Andrew Nembhard,Charlotte Hornets @ Indiana Pacers,2025-11-20T00:00:00Z,player_assists,7.5,betrivers,2025-11-19T14:55:14Z,2025-11-19T14:54:59Z,107.0,-141.0
Jarace Walker,Charlotte Hornets @ Indiana Pacers,2025-11-20T00:00:00Z,player_assists,2.5,betrivers,2025-11-19T14:55:14Z,2025-11-19T14:54:59Z,117.0,-157.0
LaMelo Ball,Charlotte Hornets @ Indiana Pacers,2025-11-20T00:00:00Z,player_points,23.5,betrivers,2025-11-19T14:55:14Z,2025-11-19T14:54:59Z,-110.0,-121.0
Bennedict Mathurin,Charlotte Hornets @ Indiana Pacers,2025-11-20T00:00:00Z,player_points,21.5,betrivers,2025-11-19T14:55:14Z,2025-11-19T14:54:59Z,-107.0,-125.0
Pascal Siakam,Charlotte Hornets @ Indiana Pacers,2025-11-20T00:00:00Z,player_points,25.5,betrivers,2025-11-19T14:55:14Z,2025-11-19T14:54:59Z,-115.0,-115.0
Isaiah Jackson,Charlotte Hornets @ Indiana Pacers,2025-11-20T00:00:00Z,player_points,9.5,betrivers,2025-11-19T14:55:14Z,2025-11-19T14:54:59Z,-106.0,-125.0
Ryan Kalkbrenner,Charlotte Hornets @ Indiana Pacers,2025-11-20T00:00:00Z,player_points,8.5,betrivers,2025-11-19T14:55:14Z,2025-11-19T14:54:59Z,-130.0,-103.0
Andrew Nembhard,Charlotte Hornets @ Indiana Pacers,2025-11-20T00:00:00Z,player_points,17.5,betrivers,2025-11-19T14:55:14Z,2025-11-19T14:54:59Z,-112.0,-120.0
Kon Knueppel,Charlotte Hornets @ Indiana Pacers,2025-11-20T00:00:00Z,player_points,17.5,betrivers,2025-11-19T14:55:14Z,2025-11-19T14:54:59Z,-112.0,-120.0
Miles Bridges,Charlotte Hornets @ Indiana Pacers,2025-11-20T00:00:00Z,player_points,22.5,betrivers,2025-11-19T14:55:14Z,2025-11-19T14:54:59Z,-108.0,-122.0
Sion James,Charlotte Hornets @ Indiana Pacers,2025-11-20T00:00:00Z,player_points,6.5,betrivers,2025-11-19T14:55:14Z,2025-11-19T14:54:59Z,-117.0,-114.0
Jarace Walker,Charlotte Hornets @ Indiana Pacers,2025-11-20T00:00:00Z,player_points,11.5,betrivers,2025-11-19T14:55:14Z,2025-11-19T14:54:59Z,-110.0,-121.0
LaMelo Ball,Charlotte Hornets @ Indiana Pacers,2025-11-20T00:00:00Z,player_points_rebounds_assists,37.5,betrivers,2025-11-19T14:55:14Z,2025-11-19T14:54:59Z,-120.0,-112.0
Kon Knueppel,Charlotte Hornets @ Indiana Pacers,2025-11-20T00:00:00Z,player_points_rebounds_assists,25.5,betrivers,2025-11-19T14:55:14Z,2025-11-19T14:54:59Z,-122.0,-109.0
Miles Bridges,Charlotte Hornets @ Indiana Pacers,2025-11-20T00:00:00Z,player_points_rebounds_assists,33.5,betrivers,2025-11-19T14:55:14Z,2025-11-19T14:54:59Z,-122.0,-109.0
Andrew Nembhard,Charlotte Hornets @ Indiana Pacers,2025-11-20T00:00:00Z,player_points_rebounds_assists,27.5,betrivers,2025-11-19T14:55:14Z,2025-11-19T14:54:59Z,-121.0,-110.0
Jarace Walker,Charlotte Hornets @ Indiana Pacers,2025-11-20T00:00:00Z,player_points_rebounds_assists,19.5,betrivers,2025-11-19T14:55:14Z,2025-11-19T14:54:59Z,-114.0,-117.0
Pascal Siakam,Charlotte Hornets @ Indiana Pacers,2025-11-20T00:00:00Z,player_points_rebounds_assists,36.5,betrivers,2025-11-19T14:55:14Z,2025-11-19T14:54:59Z,-121.0,-109.0
LaMelo Ball,Charlotte Hornets @ Indiana Pacers,2025-11-20T00:00:00Z,player_rebounds,5.5,betrivers,2025-11-19T14:55:14Z,2025-11-19T14:54:59Z,-106.0,-127.0
Kon Knueppel,Charlotte Hornets @ Indiana Pacers,2025-11-20T00:00:00Z,player_rebounds,5.5,betrivers,2025-11-19T14:55:14Z,2025-11-19T14:54:59Z,112.0,-150.0
Ryan Kalkbrenner,Charlotte Hornets @ Indiana Pacers,2025-11-20T00:00:00Z,player_rebounds,7.5,betrivers,2025-11-19T14:55:14Z,2025-11-19T14:54:59Z,-104.0,-129.0
Isaiah Jackson,Charlotte Hornets @ Indiana Pacers,2025-11-20T00:00:00Z,player_rebounds,6.5,betrivers,2025-11-19T14:55:14Z,2025-11-19T14:54:59Z,-129.0,-104.0
Miles Bridges,Charlotte Hornets @ Indiana Pacers,2025-11-20T00:00:00Z,player_rebounds,7.5,betrivers,2025-11-19T14:55:14Z,2025-11-19T14:54:59Z,-114.0,-117.0
Pascal Siakam,Charlotte Hornets @ Indiana Pacers,2025-11-20T00:00:00Z,player_rebounds,6.5,betrivers,2025-11-19T14:55:14Z,2025-11-19T14:54:59Z,-115.0,-115.0
Andrew Nembhard,Charlotte Hornets @ Indiana Pacers,2025-11-20T00:00:00Z,player_rebounds,2.5,betrivers,2025-11-19T14:55:14Z,2025-11-19T14:54:59Z,-121.0,-109.0
Jarace Walker,Charlotte Hornets @ Indiana Pacers,2025-11-20T00:00:00Z,player_rebounds,5.5,betrivers,2025-11-19T14:55:14Z,2025-11-19T14:54:59Z,105.0,-139.0
Bennedict Mathurin,Charlotte Hornets @ Indiana Pacers,2025-11-20T00:00:00Z,player_rebounds,4.5,betrivers,2025-11-19T14:55:14Z,2025-11-19T14:54:59Z,-129.0,-104.0
LaMelo Ball,Charlotte Hornets @ Indiana Pacers,2025-11-20T00:00:00Z,player_threes,2.5,betrivers,2025-11-19T14:55:14Z,2025-11-19T14:54:59Z,-124.0,-107.0
Kon Knueppel,Charlotte Hornets @ Indiana Pacers,2025-11-20T00:00:00Z,player_threes,3.5,betrivers,2025-11-19T14:55:14Z,2025-11-19T14:54:59Z,128.0,-175.0
Bennedict Mathurin,Charlotte Hornets @ Indiana Pacers,2025-11-20T00:00:00Z,player_threes,1.5,betrivers,2025-11-19T14:55:14Z,2025-11-19T14:54:59Z,-162.0,120.0
Andrew Nembhard,Charlotte Hornets @ Indiana Pacers,2025-11-20T00:00:00Z,player_threes,1.5,betrivers,2025-11-19T14:55:14Z,2025-11-19T14:54:59Z,-167.0,125.0
Pascal Siakam,Charlotte Hornets @ Indiana Pacers,2025-11-20T00:00:00Z,player_threes,1.5,betrivers,2025-11-19T14:55:14Z,2025-11-19T14:54:59Z,-175.0,128.0
Jarace Walker,Charlotte Hornets @ Indiana Pacers,2025-11-20T00:00:00Z,player_threes,1.5,betrivers,2025-11-19T14:55:14Z,2025-11-19T14:54:59Z,112.0,-150.0
Miles Bridges,Charlotte Hornets @ Indiana Pacers,2025-11-20T00:00:00Z,player_threes,2.5,betrivers,2025-11-19T14:55:14Z,2025-11-19T14:54:59Z,-159.0,120.0
Miles Bridges,Charlotte Hornets @ Indiana Pacers,2025-11-20T00:00:00Z,player_assists,3.5,betonlineag,2025-11-19T14:53:31Z,2025-11-19T14:55:00Z,-105.0,-123.0
LaMelo Ball,Charlotte Hornets @ Indiana Pacers,2025-11-20T00:00:00Z,player_assists,8.5,betonlineag,2025-11-19T14:53:31Z,2025-11-19T14:55:00Z,132.0,-172.0
Bennedict Mathurin,Charlotte Hornets @ Indiana Pacers,2025-11-20T00:00:00Z,player_assists,2.5,betonlineag,2025-11-19T14:53:31Z,2025-11-19T14:55:00Z,134.0,-175.0
Andrew Nembhard,Charlotte Hornets @ Indiana Pacers,2025-11-20T00:00:00Z,player_assists,6.5,betonlineag,2025-11-19T14:53:31Z,2025-11-19T14:55:00Z,-149.0,115.0
Jarace Walker,Charlotte Hornets @ Indiana Pacers,2025-11-20T00:00:00Z,player_assists,2.5,betonlineag,2025-11-19T14:53:31Z,2025-11-19T14:55:00Z,118.0,-154.0
Pascal Siakam,Charlotte Hornets @ Indiana Pacers,2025-11-20T00:00:00Z,player_assists,4.5,betonlineag,2025-11-19T14:53:31Z,2025-11-19T14:55:00Z,126.0,-164.0
Kon Knueppel,Charlotte Hornets @ Indiana Pacers,2025-11-20T00:00:00Z,player_assists,2.5,betonlineag,2025-11-19T14:53:31Z,2025-11-19T14:55:00Z,-143.0,110.0
Collin Sexton,Charlotte Hornets @ Indiana Pacers,2025-11-20T00:00:00Z,player_assists,4.5,betonlineag,2025-11-19T14:53:31Z,2025-11-19T14:55:00Z,103.0,-133.0
Miles Bridges,Charlotte Hornets @ Indiana Pacers,2025-11-20T00:00:00Z,player_points,22.5,betonlineag,2025-11-19T14:53:31Z,2025-11-19T14:55:00Z,-108.0,-120.0
Andrew Nembhard,Charlotte Hornets @ Indiana Pacers,2025-11-20T00:00:00Z,player_points,17.5,betonlineag,2025-11-19T14:53:31Z,2025-11-19T14:55:00Z,-111.0,-116.0
Pascal Siakam,Charlotte Hornets @ Indiana Pacers,2025-11-20T00:00:00Z,player_points,25.5,betonlineag,2025-11-19T14:53:31Z,2025-11-19T14:55:00Z,-114.0,-114.0
Moussa Diabate,Charlotte Hornets @ Indiana Pacers,2025-11-20T00:00:00Z,player_points,8.5,betonlineag,2025-11-19T14:53:31Z,2025-11-19T14:55:00Z,-135.0,105.0
Sion James,Charlotte Hornets @ Indiana Pacers,2025-11-20T00:00:00Z,player_points,6.5,betonlineag,2025-11-19T14:53:31Z,2025-11-19T14:55:00Z,-123.0,-105.0
Kon Knueppel,Charlotte Hornets @ Indiana Pacers,2025-11-20T00:00:00Z,player_points,17.5,betonlineag,2025-11-19T14:53:31Z,2025-11-19T14:55:00Z,-114.0,-114.0
Ryan Kalkbrenner,Charlotte Hornets @ Indiana Pacers,2025-11-20T00:00:00Z,player_points,9.5,betonlineag,2025-11-19T14:53:31Z,2025-11-19T14:55:00Z,-101.0,-128.0
Bennedict Mathurin,Charlotte Hornets @ Indiana Pacers,2025-11-20T00:00:00Z,player_points,21.5,betonlineag,2025-11-19T14:53:31Z,2025-11-19T14:55:00Z,-109.0,-119.0
Isaiah Jackson,Charlotte Hornets @ Indiana Pacers,2025-11-20T00:00:00Z,player_points,9.5,betonlineag,2025-11-19T14:53:31Z,2025-11-19T14:55:00Z,-102.0,-127.0
Ben Sheppard,Charlotte Hornets @ Indiana Pacers,2025-11-20T00:00:00Z,player_points,6.5,betonlineag,2025-11-19T14:53:31Z,2025-11-19T14:55:00Z,-108.0,-120.0
Jarace Walker,Charlotte Hornets @ Indiana Pacers,2025-11-20T00:00:00Z,player_points,10.5,betonlineag,2025-11-19T14:53:31Z,2025-11-19T14:55:00Z,-118.0,-110.0
LaMelo Ball,Charlotte Hornets @ Indiana Pacers,2025-11-20T00:00:00Z,player_points,22.5,betonlineag,2025-11-19T14:53:31Z,2025-11-19T14:55:00Z,-114.0,-114.0
Collin Sexton,Charlotte Hornets @ Indiana Pacers,2025-11-20T00:00:00Z,player_points,18.5,betonlineag,2025-11-19T14:53:31Z,2025-11-19T14:55:00Z,-102.0,-127.0
Miles Bridges,Charlotte Hornets @ Indiana Pacers,2025-11-20T00:00:00Z,player_points_rebounds_assists,33.5,betonlineag,2025-11-19T14:53:31Z,2025-11-19T14:55:00Z,-115.0,-115.0
Bennedict Mathurin,Charlotte Hornets @ Indiana Pacers,2025-11-20T00:00:00Z,player_points_rebounds_assists,28.5,betonlineag,2025-11-19T14:53:31Z,2025-11-19T14:55:00Z,-111.0,-116.0
Isaiah Jackson,Charlotte Hornets @ Indiana Pacers,2025-11-20T00:00:00Z,player_points_rebounds_assists,17.5,betonlineag,2025-11-19T14:53:31Z,2025-11-19T14:55:00Z,-101.0,-128.0
Sion James,Charlotte Hornets @ Indiana Pacers,2025-11-20T00:00:00Z,player_points_rebounds_assists,11.5,betonlineag,2025-11-19T14:53:31Z,2025-11-19T14:55:00Z,-119.0,-109.0
Moussa Diabate,Charlotte Hornets @ Indiana Pacers,2025-11-20T00:00:00Z,player_points_rebounds_assists,18.5,betonlineag,2025-11-19T14:53:31Z,2025-11-19T14:55:00Z,-105.0,-123.0
Collin Sexton,Charlotte Hornets @ Indiana Pacers,2025-11-20T00:00:00Z,player_points_rebounds_assists,25.5,betonlineag,2025-11-19T14:53:31Z,2025-11-19T14:55:00Z,-115.0,-112.0
Pascal Siakam,Charlotte Hornets @ Indiana Pacers,2025-11-20T00:00:00Z,player_points_rebounds_assists,36.5,betonlineag,2025-11-19T14:53:31Z,2025-11-19T14:55:00Z,-112.0,-114.0
LaMelo Ball,Charlotte Hornets @ Indiana Pacers,2025-11-20T00:00:00Z,player_points_rebounds_assists,36.5,betonlineag,2025-11-19T14:53:31Z,2025-11-19T14:55:00Z,-110.0,-118.0
Kon Knueppel,Charlotte Hornets @ Indiana Pacers,2025-11-20T00:00:00Z,player_points_rebounds_assists,26.5,betonlineag,2025-11-19T14:53:31Z,2025-11-19T14:55:00Z,-103.0,-125.0
Jarace Walker,Charlotte Hornets @ Indiana Pacers,2025-11-20T00:00:00Z,player_points_rebounds_assists,18.5,betonlineag,2025-11-19T14:53:31Z,2025-11-19T14:55:00Z,-119.0,-109.0
Ben Sheppard,Charlotte Hornets @ Indiana Pacers,2025-11-20T00:00:00Z,player_points_rebounds_assists,11.5,betonlineag,2025-11-19T14:53:31Z,2025-11-19T14:55:00Z,-114.0,-114.0
Andrew Nembhard,Charlotte Hornets @ Indiana Pacers,2025-11-20T00:00:00Z,player_points_rebounds_assists,28.5,betonlineag,2025-11-19T14:53:31Z,2025-11-19T14:55:00Z,-114.0,-114.0
Ryan Kalkbrenner,Charlotte Hornets @ Indiana Pacers,2025-11-20T00:00:00Z,player_points_rebounds_assists,18.5,betonlineag,2025-11-19T14:53:31Z,2025-11-19T14:55:00Z,-103.0,-125.0
Miles Bridges,Charlotte Hornets @ Indiana Pacers,2025-11-20T00:00:00Z,player_rebounds,7.5,betonlineag,2025-11-19T14:53:31Z,2025-11-19T14:55:00Z,-109.0,-119.0
LaMelo Ball,Charlotte Hornets @ Indiana Pacers,2025-11-20T00:00:00Z,player_rebounds,5.5,betonlineag,2025-11-19T14:53:31Z,2025-11-19T14:55:00Z,109.0,-141.0
Isaiah Jackson,Charlotte Hornets @ Indiana Pacers,2025-11-20T00:00:00Z,player_rebounds,6.5,betonlineag,2025-11-19T14:53:31Z,2025-11-19T14:55:00Z,-118.0,-110.0
Bennedict Mathurin,Charlotte Hornets @ Indiana Pacers,2025-11-20T00:00:00Z,player_rebounds,4.5,betonlineag,2025-11-19T14:53:31Z,2025-11-19T14:55:00Z,-127.0,-102.0
Andrew Nembhard,Charlotte Hornets @ Indiana Pacers,2025-11-20T00:00:00Z,player_rebounds,2.5,betonlineag,2025-11-19T14:53:31Z,2025-11-19T14:55:00Z,-112.0,-115.0
Pascal Siakam,Charlotte Hornets @ Indiana Pacers,2025-11-20T00:00:00Z,player_rebounds,6.5,betonlineag,2025-11-19T14:53:31Z,2025-11-19T14:55:00Z,-111.0,-116.0
Jarace Walker,Charlotte Hornets @ Indiana Pacers,2025-11-20T00:00:00Z,player_rebounds,5.5,betonlineag,2025-11-19T14:53:31Z,2025-11-19T14:55:00Z,115.0,-149.0
Kon Knueppel,Charlotte Hornets @ Indiana Pacers,2025-11-20T00:00:00Z,player_rebounds,5.5,betonlineag,2025-11-19T14:53:31Z,2025-11-19T14:55:00Z,-114.0,-114.0
Moussa Diabate,Charlotte Hornets @ Indiana Pacers,2025-11-20T00:00:00Z,player_rebounds,7.5,betonlineag,2025-11-19T14:53:31Z,2025-11-19T14:55:00Z,-123.0,-104.0
Sion James,Charlotte Hornets @ Indiana Pacers,2025-11-20T00:00:00Z,player_rebounds,3.5,betonlineag,2025-11-19T14:53:31Z,2025-11-19T14:55:00Z,128.0,-167.0
Ryan Kalkbrenner,Charlotte Hornets @ Indiana Pacers,2025-11-20T00:00:00Z,player_rebounds,7.5,betonlineag,2025-11-19T14:53:31Z,2025-11-19T14:55:00Z,-112.0,-115.0
Collin Sexton,Charlotte Hornets @ Indiana Pacers,2025-11-20T00:00:00Z,player_rebounds,2.5,betonlineag,2025-11-19T14:53:31Z,2025-11-19T14:55:00Z,-114.0,-114.0
Ben Sheppard,Charlotte Hornets @ Indiana Pacers,2025-11-20T00:00:00Z,player_rebounds,3.5,betonlineag,2025-11-19T14:53:31Z,2025-11-19T14:55:00Z,118.0,-154.0
Miles Bridges,Charlotte Hornets @ Indiana Pacers,2025-11-20T00:00:00Z,player_threes,2.5,betonlineag,2025-11-19T14:53:31Z,2025-11-19T14:55:00Z,-141.0,109.0
LaMelo Ball,Charlotte Hornets @ Indiana Pacers,2025-11-20T00:00:00Z,player_threes,2.5,betonlineag,2025-11-19T14:53:31Z,2025-11-19T14:55:00Z,-127.0,-102.0
Jarace Walker,Charlotte Hornets @ Indiana Pacers,2025-11-20T00:00:00Z,player_threes,1.5,betonlineag,2025-11-19T14:53:31Z,2025-11-19T14:55:00Z,106.0,-137.0
Pascal Siakam,Charlotte Hornets @ Indiana Pacers,2025-11-20T00:00:00Z,player_threes,1.5,betonlineag,2025-11-19T14:53:31Z,2025-11-19T14:55:00Z,-156.0,121.0
Andrew Nembhard,Charlotte Hornets @ Indiana Pacers,2025-11-20T00:00:00Z,player_threes,1.5,betonlineag,2025-11-19T14:53:31Z,2025-11-19T14:55:00Z,-141.0,109.0
Bennedict Mathurin,Charlotte Hornets @ Indiana Pacers,2025-11-20T00:00:00Z,player_threes,1.5,betonlineag,2025-11-19T14:53:31Z,2025-11-19T14:55:00Z,-152.0,117.0
Collin Sexton,Charlotte Hornets @ Indiana Pacers,2025-11-20T00:00:00Z,player_threes,1.5,betonlineag,2025-11-19T14:53:31Z,2025-11-19T14:55:00Z,-105.0,-123.0
Kon Knueppel,Charlotte Hornets @ Indiana Pacers,2025-11-20T00:00:00Z,player_threes,2.5,betonlineag,2025-11-19T14:53:31Z,2025-11-19T14:55:00Z,-167.0,128.0
Ben Sheppard,Charlotte Hornets @ Indiana Pacers,2025-11-20T00:00:00Z,player_threes,1.5,betonlineag,2025-11-19T14:53:31Z,2025-11-19T14:55:00Z,178.0,-238.0
Sion James,Charlotte Hornets @ Indiana Pacers,2025-11-20T00:00:00Z,player_threes,1.5,betonlineag,2025-11-19T14:53:31Z,2025-11-19T14:55:00Z,178.0,-238.0
Andrew Nembhard,Charlotte Hornets @ Indiana Pacers,2025-11-20T00:00:00Z,player_assists,5.5,bovada,2025-11-19T14:54:31Z,2025-11-19T14:51:18Z,125.0,-165.0
Jarace Walker,Charlotte Hornets @ Indiana Pacers,2025-11-20T00:00:00Z,player_assists,1.5,bovada,2025-11-19T14:54:31Z,2025-11-19T14:51:18Z,120.0,-160.0
Kon Knueppel,Charlotte Hornets @ Indiana Pacers,2025-11-20T00:00:00Z,player_assists,2.5,bovada,2025-11-19T14:54:31Z,2025-11-19T14:51:18Z,165.0,-220.0
LaMelo Ball,Charlotte Hornets @ Indiana Pacers,2025-11-20T00:00:00Z,player_assists,6.5,bovada,2025-11-19T14:54:31Z,2025-11-19T14:51:18Z,185.0,-250.0
Miles Bridges,Charlotte Hornets @ Indiana Pacers,2025-11-20T00:00:00Z,player_assists,2.5,bovada,2025-11-19T14:54:31Z,2025-11-19T14:51:18Z,105.0,-135.0
Pascal Siakam,Charlotte Hornets @ Indiana Pacers,2025-11-20T00:00:00Z,player_assists,3.5,bovada,2025-11-19T14:54:31Z,2025-11-19T14:51:18Z,130.0,-170.0
LaMelo Ball,Charlotte Hornets @ Indiana Pacers,2025-11-20T00:00:00Z,player_double_double,,bovada,2025-11-19T14:54:31Z,2025-11-19T14:55:57Z,,
Miles Bridges,Charlotte Hornets @ Indiana Pacers,2025-11-20T00:00:00Z,player_double_double,,bovada,2025-11-19T14:54:31Z,2025-11-19T14:55:57Z,,
Andrew Nembhard,Charlotte Hornets @ Indiana Pacers,2025-11-20T00:00:00Z,player_double_double,,bovada,2025-11-19T14:54:31Z,2025-11-19T14:55:57Z,,
Pascal Siakam,Charlotte Hornets @ Indiana Pacers,2025-11-20T00:00:00Z,player_double_double,,bovada,2025-11-19T14:54:31Z,2025-11-19T14:55:57Z,,
Ryan Kalkbrenner,Charlotte Hornets @ Indiana Pacers,2025-11-20T00:00:00Z,player_double_double,,bovada,2025-11-19T14:54:31Z,2025-11-19T14:55:57Z,,
Isaiah Jackson,Charlotte Hornets @ Indiana Pacers,2025-11-20T00:00:00Z,player_double_double,,bovada,2025-11-19T14:54:31Z,2025-11-19T14:55:57Z,,
Kon Knueppel,Charlotte Hornets @ Indiana Pacers,2025-11-20T00:00:00Z,player_double_double,,bovada,2025-11-19T14:54:31Z,2025-11-19T14:55:57Z,,
Jarace Walker,Charlotte Hornets @ Indiana Pacers,2025-11-20T00:00:00Z,player_double_double,,bovada,2025-11-19T14:54:31Z,2025-11-19T14:55:57Z,,
Bennedict Mathurin,Charlotte Hornets @ Indiana Pacers,2025-11-20T00:00:00Z,player_double_double,,bovada,2025-11-19T14:54:31Z,2025-11-19T14:55:57Z,,
Andrew Nembhard,Charlotte Hornets @ Indiana Pacers,2025-11-20T00:00:00Z,player_points,14.5,bovada,2025-11-19T14:54:31Z,2025-11-19T14:51:18Z,175.0,-240.0
Bennedict Mathurin,Charlotte Hornets @ Indiana Pacers,2025-11-20T00:00:00Z,player_points,17.5,bovada,2025-11-19T14:54:31Z,2025-11-19T14:51:18Z,170.0,-230.0
Isaiah Jackson,Charlotte Hornets @ Indiana Pacers,2025-11-20T00:00:00Z,player_points,6.5,bovada,2025-11-19T14:54:31Z,2025-11-19T14:51:18Z,185.0,-250.0
Jarace Walker,Charlotte Hornets @ Indiana Pacers,2025-11-20T00:00:00Z,player_points,8.5,bovada,2025-11-19T14:54:31Z,2025-11-19T14:51:18Z,170.0,-230.0
Kon Knueppel,Charlotte Hornets @ Indiana Pacers,2025-11-20T00:00:00Z,player_points,14.5,bovada,2025-11-19T14:54:31Z,2025-11-19T14:51:18Z,170.0,-230.0
LaMelo Ball,Charlotte Hornets @ Indiana Pacers,2025-11-20T00:00:00Z,player_points,18.5,bovada,2025-11-19T14:54:31Z,2025-11-19T14:51:18Z,190.0,-260.0
Miles Bridges,Charlotte Hornets @ Indiana Pacers,2025-11-20T00:00:00Z,player_points,18.5,bovada,2025-11-19T14:54:31Z,2025-11-19T14:51:18Z,190.0,-260.0
Pascal Siakam,Charlotte Hornets @ Indiana Pacers,2025-11-20T00:00:00Z,player_points,21.5,bovada,2025-11-19T14:54:31Z,2025-11-19T14:51:18Z,185.0,-250.0
Ryan Kalkbrenner,Charlotte Hornets @ Indiana Pacers,2025-11-20T00:00:00Z,player_points,6.5,bovada,2025-11-19T14:54:31Z,2025-11-19T14:51:18Z,185.0,-250.0
Sion James,Charlotte Hornets @ Indiana Pacers,2025-11-20T00:00:00Z,player_points,5.5,bovada,2025-11-19T14:54:31Z,2025-11-19T14:51:18Z,200.0,-275.0
Kon Knueppel,Charlotte Hornets @ Indiana Pacers,2025-11-20T00:00:00Z,player_points_rebounds_assists,23.5,bovada,2025-11-19T14:54:31Z,2025-11-19T14:51:18Z,120.0,-160.0
LaMelo Ball,Charlotte Hornets @ Indiana Pacers,2025-11-20T00:00:00Z,player_points_rebounds_assists,34.5,bovada,2025-11-19T14:54:31Z,2025-11-19T14:51:18Z,120.0,-160.0
Andrew Nembhard,Charlotte Hornets @ Indiana Pacers,2025-11-20T00:00:00Z,player_rebounds,2.5,bovada,2025-11-19T14:54:31Z,2025-11-19T14:51:18Z,200.0,-275.0
Bennedict Mathurin,Charlotte Hornets @ Indiana Pacers,2025-11-20T00:00:00Z,player_rebounds,3.5,bovada,2025-11-19T14:54:31Z,2025-11-19T14:51:18Z,140.0,-185.0
Isaiah Jackson,Charlotte Hornets @ Indiana Pacers,2025-11-20T00:00:00Z,player_rebounds,5.5,bovada,2025-11-19T14:54:31Z,2025-11-19T14:51:18Z,145.0,-190.0
Jarace Walker,Charlotte Hornets @ Indiana Pacers,2025-11-20T00:00:00Z,player_rebounds,4.5,bovada,2025-11-19T14:54:31Z,2025-11-19T14:51:18Z,200.0,-275.0
Kon Knueppel,Charlotte Hornets @ Indiana Pacers,2025-11-20T00:00:00Z,player_rebounds,4.5,bovada,2025-11-19T14:54:31Z,2025-11-19T14:51:18Z,200.0,-275.0
LaMelo Ball,Charlotte Hornets @ Indiana Pacers,2025-11-20T00:00:00Z,player_rebounds,4.5,bovada,2025-11-19T14:54:31Z,2025-11-19T14:51:18Z,190.0,-260.0
Miles Bridges,Charlotte Hornets @ Indiana Pacers,2025-11-20T00:00:00Z,player_rebounds,6.5,bovada,2025-11-19T14:54:31Z,2025-11-19T14:51:18Z,145.0,-190.0
Pascal Siakam,Charlotte Hornets @ Indiana Pacers,2025-11-20T00:00:00Z,player_rebounds,5.5,bovada,2025-11-19T14:54:31Z,2025-11-19T14:51:18Z,150.0,-200.0
Ryan Kalkbrenner,Charlotte Hornets @ Indiana Pacers,2025-11-20T00:00:00Z,player_rebounds,6.5,bovada,2025-11-19T14:54:31Z,2025-11-19T14:51:18Z,140.0,-185.0
Andrew Nembhard,Charlotte Hornets @ Indiana Pacers,2025-11-20T00:00:00Z,player_threes,1.5,bovada,2025-11-19T14:54:31Z,2025-11-19T14:51:18Z,190.0,-260.0
Bennedict Mathurin,Charlotte Hornets @ Indiana Pacers,2025-11-20T00:00:00Z,player_threes,1.5,bovada,2025-11-19T14:54:31Z,2025-11-19T14:51:18Z,190.0,-260.0
Jarace Walker,Charlotte Hornets @ Indiana Pacers,2025-11-20T00:00:00Z,player_threes,1.5,bovada,2025-11-19T14:54:31Z,2025-11-19T14:51:18Z,110.0,-145.0
Kon Knueppel,Charlotte Hornets @ Indiana Pacers,2025-11-20T00:00:00Z,player_threes,2.5,bovada,2025-11-19T14:54:31Z,2025-11-19T14:51:18Z,145.0,-190.0
LaMelo Ball,Charlotte Hornets @ Indiana Pacers,2025-11-20T00:00:00Z,player_threes,2.5,bovada,2025-11-19T14:54:31Z,2025-11-19T14:51:18Z,180.0,-245.0
Miles Bridges,Charlotte Hornets @ Indiana Pacers,2025-11-20T00:00:00Z,player_threes,2.5,bovada,2025-11-19T14:54:31Z,2025-11-19T14:51:18Z,155.0,-210.0
Pascal Siakam,Charlotte Hornets @ Indiana Pacers,2025-11-20T00:00:00Z,player_threes,1.5,bovada,2025-11-19T14:54:31Z,2025-11-19T14:51:18Z,175.0,-240.0
LaMelo Ball,Charlotte Hornets @ Indiana Pacers,2025-11-20T00:00:00Z,player_triple_double,,bovada,2025-11-19T14:54:31Z,2025-11-19T14:55:57Z,,
LaMelo Ball,Charlotte Hornets @ Indiana Pacers,2025-11-20T00:00:00Z,player_assists,8.5,betmgm,2025-11-19T14:54:46Z,2025-11-19T14:55:10Z,115.0,-155.0
Pascal Siakam,Charlotte Hornets @ Indiana Pacers,2025-11-20T00:00:00Z,player_assists,4.5,betmgm,2025-11-19T14:54:46Z,2025-11-19T14:55:10Z,125.0,-165.0
Bennedict Mathurin,Charlotte Hornets @ Indiana Pacers,2025-11-20T00:00:00Z,player_assists,1.5,betmgm,2025-11-19T14:54:46Z,2025-11-19T14:55:10Z,-185.0,135.0
Sion James,Charlotte Hornets @ Indiana Pacers,2025-11-20T00:00:00Z,player_assists,1.5,betmgm,2025-11-19T14:54:46Z,2025-11-19T14:55:10Z,100.0,-135.0
Moussa Diabate,Charlotte Hornets @ Indiana Pacers,2025-11-20T00:00:00Z,player_assists,0.5,betmgm,2025-11-19T14:54:46Z,2025-11-19T14:55:10Z,-160.0,120.0
Collin Sexton,Charlotte Hornets @ Indiana Pacers,2025-11-20T00:00:00Z,player_assists,4.5,betmgm,2025-11-19T14:54:46Z,2025-11-19T14:55:10Z,-105.0,-125.0
Ryan Kalkbrenner,Charlotte Hornets @ Indiana Pacers,2025-11-20T00:00:00Z,player_assists,0.5,betmgm,2025-11-19T14:54:46Z,2025-11-19T14:55:10Z,-110.0,-120.0
Jarace Walker,Charlotte Hornets @ Indiana Pacers,2025-11-20T00:00:00Z,player_assists,2.5,betmgm,2025-11-19T14:54:46Z,2025-11-19T14:55:10Z,115.0,-155.0
Miles Bridges,Charlotte Hornets @ Indiana Pacers,2025-11-20T00:00:00Z,player_assists,3.5,betmgm,2025-11-19T14:54:46Z,2025-11-19T14:55:10Z,-110.0,-120.0
Andrew Nembhard,Charlotte Hornets @ Indiana Pacers,2025-11-20T00:00:00Z,player_assists,6.5,betmgm,2025-11-19T14:54:46Z,2025-11-19T14:55:10Z,-140.0,105.0
Kon Knueppel,Charlotte Hornets @ Indiana Pacers,2025-11-20T00:00:00Z,player_assists,2.5,betmgm,2025-11-19T14:54:46Z,2025-11-19T14:55:10Z,-145.0,105.0
Ben Sheppard,Charlotte Hornets @ Indiana Pacers,2025-11-20T00:00:00Z,player_assists,1.5,betmgm,2025-11-19T14:54:46Z,2025-11-19T14:55:10Z,100.0,-135.0
LaMelo Ball,Charlotte Hornets @ Indiana Pacers,2025-11-20T00:00:00Z,player_blocks,0.5,betmgm,2025-11-19T14:54:46Z,2025-11-19T14:55:10Z,340.0,-600.0
Pascal Siakam,Charlotte Hornets @ Indiana Pacers,2025-11-20T00:00:00Z,player_blocks,0.5,betmgm,2025-11-19T14:54:46Z,2025-11-19T14:55:10Z,100.0,-145.0
Bennedict Mathurin,Charlotte Hornets @ Indiana Pacers,2025-11-20T00:00:00Z,player_blocks,0.5,betmgm,2025-11-19T14:54:46Z,2025-11-19T14:55:10Z,195.0,-285.0
Sion James,Charlotte Hornets @ Indiana Pacers,2025-11-20T00:00:00Z,player_blocks,0.5,betmgm,2025-11-19T14:54:46Z,2025-11-19T14:55:10Z,200.0,-295.0
Ryan Kalkbrenner,Charlotte Hornets @ Indiana Pacers,2025-11-20T00:00:00Z,player_blocks,1.5,betmgm,2025-11-19T14:54:46Z,2025-11-19T14:55:10Z,-160.0,115.0
Jarace Walker,Charlotte Hornets @ Indiana Pacers,2025-11-20T00:00:00Z,player_blocks,0.5,betmgm,2025-11-19T14:54:46Z,2025-11-19T14:55:10Z,125.0,-175.0
Miles Bridges,Charlotte Hornets @ Indiana Pacers,2025-11-20T00:00:00Z,player_blocks,0.5,betmgm,2025-11-19T14:54:46Z,2025-11-19T14:55:10Z,100.0,-140.0
Andrew Nembhard,Charlotte Hornets @ Indiana Pacers,2025-11-20T00:00:00Z,player_blocks,0.5,betmgm,2025-11-19T14:54:46Z,2025-11-19T14:55:10Z,230.0,-350.0
Kon Knueppel,Charlotte Hornets @ Indiana Pacers,2025-11-20T00:00:00Z,player_blocks,0.5,betmgm,2025-11-19T14:54:46Z,2025-11-19T14:55:10Z,260.0,-400.0
LaMelo Ball,Charlotte Hornets @ Indiana Pacers,2025-11-20T00:00:00Z,player_double_double,,betmgm,2025-11-19T14:54:46Z,2025-11-19T14:55:10Z,,
Pascal Siakam,Charlotte Hornets @ Indiana Pacers,2025-11-20T00:00:00Z,player_double_double,,betmgm,2025-11-19T14:54:46Z,2025-11-19T14:55:10Z,,
Bennedict Mathurin,Charlotte Hornets @ Indiana Pacers,2025-11-20T00:00:00Z,player_double_double,,betmgm,2025-11-19T14:54:46Z,2025-11-19T14:55:10Z,,
Ryan Kalkbrenner,Charlotte Hornets @ Indiana Pacers,2025-11-20T00:00:00Z,player_double_double,,betmgm,2025-11-19T14:54:46Z,2025-11-19T14:55:10Z,,
Jarace Walker,Charlotte Hornets @ Indiana Pacers,2025-11-20T00:00:00Z,player_double_double,,betmgm,2025-11-19T14:54:46Z,2025-11-19T14:55:10Z,,
Miles Bridges,Charlotte Hornets @ Indiana Pacers,2025-11-20T00:00:00Z,player_double_double,,betmgm,2025-11-19T14:54:46Z,2025-11-19T14:55:10Z,,
Andrew Nembhard,Charlotte Hornets @ Indiana Pacers,2025-11-20T00:00:00Z,player_double_double,,betmgm,2025-11-19T14:54:46Z,2025-11-19T14:55:10Z,,
Kon Knueppel,Charlotte Hornets @ Indiana Pacers,2025-11-20T00:00:00Z,player_double_double,,betmgm,2025-11-19T14:54:46Z,2025-11-19T14:55:10Z,,
LaMelo Ball,Charlotte Hornets @ Indiana Pacers,2025-11-20T00:00:00Z,player_points,22.5,betmgm,2025-11-19T14:54:46Z,2025-11-19T14:55:10Z,-125.0,-105.0
Pascal Siakam,Charlotte Hornets @ Indiana Pacers,2025-11-20T00:00:00Z,player_points,25.5,betmgm,2025-11-19T14:54:46Z,2025-11-19T14:55:10Z,-118.0,-110.0
Bennedict Mathurin,Charlotte Hornets @ Indiana Pacers,2025-11-20T00:00:00Z,player_points,20.5,betmgm,2025-11-19T14:54:46Z,2025-11-19T14:55:10Z,-135.0,100.0
Sion James,Charlotte Hornets @ Indiana Pacers,2025-11-20T00:00:00Z,player_points,6.5,betmgm,2025-11-19T14:54:46Z,2025-11-19T14:55:10Z,100.0,-135.0
Moussa Diabate,Charlotte Hornets @ Indiana Pacers,2025-11-20T00:00:00Z,player_points,8.5,betmgm,2025-11-19T14:54:46Z,2025-11-19T14:55:10Z,-130.0,-105.0
Collin Sexton,Charlotte Hornets @ Indiana Pacers,2025-11-20T00:00:00Z,player_points,16.5,betmgm,2025-11-19T14:54:46Z,2025-11-19T14:55:10Z,-118.0,-115.0
Ryan Kalkbrenner,Charlotte Hornets @ Indiana Pacers,2025-11-20T00:00:00Z,player_points,8.5,betmgm,2025-11-19T14:54:46Z,2025-11-19T14:55:10Z,-125.0,-105.0
Andrew Nembhard,Charlotte Hornets @ Indiana Pacers,2025-11-20T00:00:00Z,player_points,17.5,betmgm,2025-11-19T14:54:46Z,2025-11-19T14:55:10Z,-110.0,-120.0
Kon Knueppel,Charlotte Hornets @ Indiana Pacers,2025-11-20T00:00:00Z,player_points,17.5,betmgm,2025-11-19T14:54:46Z,2025-11-19T14:55:10Z,-118.0,-110.0
Ben Sheppard,Charlotte Hornets @ Indiana Pacers,2025-11-20T00:00:00Z,player_points,6.5,betmgm,2025-11-19T14:54:46Z,2025-11-19T14:55:10Z,-120.0,-110.0
Jarace Walker,Charlotte Hornets @ Indiana Pacers,2025-11-20T00:00:00Z,player_points,10.5,betmgm,2025-11-19T14:54:46Z,2025-11-19T14:55:10Z,-135.0,100.0
Miles Bridges,Charlotte Hornets @ Indiana Pacers,2025-11-20T00:00:00Z,player_points,21.5,betmgm,2025-11-19T14:54:46Z,2025-11-19T14:55:10Z,-125.0,-105.0
Pascal Siakam,Charlotte Hornets @ Indiana Pacers,2025-11-20T00:00:00Z,player_points_rebounds_assists,36.5,betmgm,2025-11-19T14:54:46Z,2025-11-19T14:55:10Z,-120.0,-110.0
Sion James,Charlotte Hornets @ Indiana Pacers,2025-11-20T00:00:00Z,player_points_rebounds_assists,10.5,betmgm,2025-11-19T14:54:46Z,2025-11-19T14:55:10Z,-130.0,100.0
Moussa Diabate,Charlotte Hornets @ Indiana Pacers,2025-11-20T00:00:00Z,player_points_rebounds_assists,17.5,betmgm,2025-11-19T14:54:46Z,2025-11-19T14:55:10Z,-120.0,-110.0
Collin Sexton,Charlotte Hornets @ Indiana Pacers,2025-11-20T00:00:00Z,player_points_rebounds_assists,23.5,betmgm,2025-11-19T14:54:46Z,2025-11-19T14:55:10Z,-125.0,-105.0
Miles Bridges,Charlotte Hornets @ Indiana Pacers,2025-11-20T00:00:00Z,player_points_rebounds_assists,33.5,betmgm,2025-11-19T14:54:46Z,2025-11-19T14:55:10Z,-110.0,-118.0
Kon Knueppel,Charlotte Hornets @ Indiana Pacers,2025-11-20T00:00:00Z,player_points_rebounds_assists,26.5,betmgm,2025-11-19T14:54:46Z,2025-11-19T14:55:10Z,-105.0,-125.0
Ben Sheppard,Charlotte Hornets @ Indiana Pacers,2025-11-20T00:00:00Z,player_points_rebounds_assists,11.5,betmgm,2025-11-19T14:54:46Z,2025-11-19T14:55:10Z,-120.0,-110.0
Jarace Walker,Charlotte Hornets @ Indiana Pacers,2025-11-20T00:00:00Z,player_points_rebounds_assists,18.5,betmgm,2025-11-19T14:54:46Z,2025-11-19T14:55:10Z,-130.0,-105.0
LaMelo Ball,Charlotte Hornets @ Indiana Pacers,2025-11-20T00:00:00Z,player_points_rebounds_assists,35.5,betmgm,2025-11-19T14:54:46Z,2025-11-19T14:55:10Z,-135.0,100.0
Bennedict Mathurin,Charlotte Hornets @ Indiana Pacers,2025-11-20T00:00:00Z,player_points_rebounds_assists,28.5,betmgm,2025-11-19T14:54:46Z,2025-11-19T14:55:10Z,-105.0,-125.0
Ryan Kalkbrenner,Charlotte Hornets @ Indiana Pacers,2025-11-20T00:00:00Z,player_points_rebounds_assists,17.5,betmgm,2025-11-19T14:54:46Z,2025-11-19T14:55:10Z,-115.0,-118.0
Andrew Nembhard,Charlotte Hornets @ Indiana Pacers,2025-11-20T00:00:00Z,player_points_rebounds_assists,26.5,betmgm,2025-11-19T14:54:46Z,2025-11-19T14:55:10Z,-130.0,-105.0
LaMelo Ball,Charlotte Hornets @ Indiana Pacers,2025-11-20T00:00:00Z,player_rebounds,4.5,betmgm,2025-11-19T14:54:46Z,2025-11-19T14:55:10Z,-150.0,110.0
Pascal Siakam,Charlotte Hornets @ Indiana Pacers,2025-11-20T00:00:00Z,player_rebounds,6.5,betmgm,2025-11-19T14:54:46Z,2025-11-19T14:55:10Z,-115.0,-115.0
Bennedict Mathurin,Charlotte Hornets @ Indiana Pacers,2025-11-20T00:00:00Z,player_rebounds,4.5,betmgm,2025-11-19T14:54:46Z,2025-11-19T14:55:10Z,-140.0,105.0
Sion James,Charlotte Hornets @ Indiana Pacers,2025-11-20T00:00:00Z,player_rebounds,2.5,betmgm,2025-11-19T14:54:46Z,2025-11-19T14:55:10Z,-155.0,115.0
Moussa Diabate,Charlotte Hornets @ Indiana Pacers,2025-11-20T00:00:00Z,player_rebounds,7.5,betmgm,2025-11-19T14:54:46Z,2025-11-19T14:55:10Z,-135.0,100.0
Collin Sexton,Charlotte Hornets @ Indiana Pacers,2025-11-20T00:00:00Z,player_rebounds,2.5,betmgm,2025-11-19T14:54:46Z,2025-11-19T14:55:10Z,-125.0,-105.0
Ryan Kalkbrenner,Charlotte Hornets @ Indiana Pacers,2025-11-20T00:00:00Z,player_rebounds,7.5,betmgm,2025-11-19T14:54:46Z,2025-11-19T14:55:10Z,-115.0,-115.0
Jarace Walker,Charlotte Hornets @ Indiana Pacers,2025-11-20T00:00:00Z,player_rebounds,5.5,betmgm,2025-11-19T14:54:46Z,2025-11-19T14:55:10Z,110.0,-145.0
Miles Bridges,Charlotte Hornets @ Indiana Pacers,2025-11-20T00:00:00Z,player_rebounds,7.5,betmgm,2025-11-19T14:54:46Z,2025-11-19T14:55:10Z,-118.0,-115.0
Andrew Nembhard,Charlotte Hornets @ Indiana Pacers,2025-11-20T00:00:00Z,player_rebounds,2.5,betmgm,2025-11-19T14:54:46Z,2025-11-19T14:55:10Z,-110.0,-120.0
Kon Knueppel,Charlotte Hornets @ Indiana Pacers,2025-11-20T00:00:00Z,player_rebounds,5.5,betmgm,2025-11-19T14:54:46Z,2025-11-19T14:55:10Z,100.0,-135.0
Ben Sheppard,Charlotte Hornets @ Indiana Pacers,2025-11-20T00:00:00Z,player_rebounds,3.5,betmgm,2025-11-19T14:54:46Z,2025-11-19T14:55:10Z,105.0,-140.0
LaMelo Ball,Charlotte Hornets @ Indiana Pacers,2025-11-20T00:00:00Z,player_threes,2.5,betmgm,2025-11-19T14:54:46Z,2025-11-19T14:55:10Z,-140.0,105.0
Pascal Siakam,Charlotte Hornets @ Indiana Pacers,2025-11-20T00:00:00Z,player_threes,1.5,betmgm,2025-11-19T14:54:46Z,2025-11-19T14:55:10Z,-145.0,110.0
Bennedict Mathurin,Charlotte Hornets @ Indiana Pacers,2025-11-20T00:00:00Z,player_threes,1.5,betmgm,2025-11-19T14:54:46Z,2025-11-19T14:55:10Z,-145.0,105.0
Sion James,Charlotte Hornets @ Indiana Pacers,2025-11-20T00:00:00Z,player_threes,0.5,betmgm,2025-11-19T14:54:46Z,2025-11-19T14:55:10Z,-235.0,175.0
Collin Sexton,Charlotte Hornets @ Indiana Pacers,2025-11-20T00:00:00Z,player_threes,1.5,betmgm,2025-11-19T14:54:46Z,2025-11-19T14:55:10Z,-110.0,-120.0
Jarace Walker,Charlotte Hornets @ Indiana Pacers,2025-11-20T00:00:00Z,player_threes,1.5,betmgm,2025-11-19T14:54:46Z,2025-11-19T14:55:10Z,105.0,-140.0
Miles Bridges,Charlotte Hornets @ Indiana Pacers,2025-11-20T00:00:00Z,player_threes,2.5,betmgm,2025-11-19T14:54:46Z,2025-11-19T14:55:10Z,-155.0,115.0
Andrew Nembhard,Charlotte Hornets @ Indiana Pacers,2025-11-20T00:00:00Z,player_threes,1.5,betmgm,2025-11-19T14:54:46Z,2025-11-19T14:55:10Z,-130.0,100.0
Kon Knueppel,Charlotte Hornets @ Indiana Pacers,2025-11-20T00:00:00Z,player_threes,2.5,betmgm,2025-11-19T14:54:46Z,2025-11-19T14:55:10Z,-160.0,120.0
Ben Sheppard,Charlotte Hornets @ Indiana Pacers,2025-11-20T00:00:00Z,player_threes,1.5,betmgm,2025-11-19T14:54:46Z,2025-11-19T14:55:10Z,160.0,-220.0
LaMelo Ball,Charlotte Hornets @ Indiana Pacers,2025-11-20T00:00:00Z,player_triple_double,,betmgm,2025-11-19T14:54:46Z,2025-11-19T14:55:10Z,,
Pascal Siakam,Charlotte Hornets @ Indiana Pacers,2025-11-20T00:00:00Z,player_triple_double,,betmgm,2025-11-19T14:54:46Z,2025-11-19T14:55:10Z,,
Alperen Sengun,Houston Rockets @ Cleveland Cavaliers,2025-11-20T00:00:00Z,player_assists,6.5,draftkings,2025-11-19T14:54:30Z,2025-11-19T14:55:50Z,-125.0,-105.0
Donovan Mitchell,Houston Rockets @ Cleveland Cavaliers,2025-11-20T00:00:00Z,player_assists,5.5,draftkings,2025-11-19T14:54:30Z,2025-11-19T14:55:50Z,-107.0,-123.0
Amen Thompson,Houston Rockets @ Cleveland Cavaliers,2025-11-20T00:00:00Z,player_assists,5.5,draftkings,2025-11-19T14:54:30Z,2025-11-19T14:55:50Z,105.0,-139.0
Lonzo Ball,Houston Rockets @ Cleveland Cavaliers,2025-11-20T00:00:00Z,player_assists,4.5,draftkings,2025-11-19T14:54:30Z,2025-11-19T14:55:50Z,-114.0,-115.0
Evan Mobley,Houston Rockets @ Cleveland Cavaliers,2025-11-20T00:00:00Z,player_assists,3.5,draftkings,2025-11-19T14:54:30Z,2025-11-19T14:55:50Z,-144.0,109.0
Kevin Durant,Houston Rockets @ Cleveland Cavaliers,2025-11-20T00:00:00Z,player_assists,3.5,draftkings,2025-11-19T14:54:30Z,2025-11-19T14:55:50Z,-121.0,-108.0
Reed Sheppard,Houston Rockets @ Cleveland Cavaliers,2025-11-20T00:00:00Z,player_assists,2.5,draftkings,2025-11-19T14:54:30Z,2025-11-19T14:55:50Z,-168.0,127.0
De'Andre Hunter,Houston Rockets @ Cleveland Cavaliers,2025-11-20T00:00:00Z,player_assists,2.5,draftkings,2025-11-19T14:54:30Z,2025-11-19T14:55:50Z,103.0,-135.0
Sam Merrill,Houston Rockets @ Cleveland Cavaliers,2025-11-20T00:00:00Z,player_assists,2.5,draftkings,2025-11-19T14:54:30Z,2025-11-19T14:55:50Z,130.0,-172.0
Evan Mobley,Houston Rockets @ Cleveland Cavaliers,2025-11-20T00:00:00Z,player_blocks,1.5,draftkings,2025-11-19T14:54:30Z,2025-11-19T14:55:50Z,104.0,-138.0
Alperen Sengun,Houston Rockets @ Cleveland Cavaliers,2025-11-20T00:00:00Z,player_blocks,0.5,draftkings,2025-11-19T14:54:30Z,2025-11-19T14:55:50Z,-136.0,102.0
Kevin Durant,Houston Rockets @ Cleveland Cavaliers,2025-11-20T00:00:00Z,player_blocks,0.5,draftkings,2025-11-19T14:54:30Z,2025-11-19T14:55:50Z,119.0,-158.0
Alperen Sengun,Houston Rockets @ Cleveland Cavaliers,2025-11-20T00:00:00Z,player_double_double,,draftkings,2025-11-19T14:54:30Z,2025-11-19T14:55:50Z,,
Evan Mobley,Houston Rockets @ Cleveland Cavaliers,2025-11-20T00:00:00Z,player_double_double,,draftkings,2025-11-19T14:54:30Z,2025-11-19T14:55:50Z,,
Jarrett Allen,Houston Rockets @ Cleveland Cavaliers,2025-11-20T00:00:00Z,player_double_double,,draftkings,2025-11-19T14:54:30Z,2025-11-19T14:55:50Z,,
Amen Thompson,Houston Rockets @ Cleveland Cavaliers,2025-11-20T00:00:00Z,player_double_double,,draftkings,2025-11-19T14:54:30Z,2025-11-19T14:55:50Z,,
Jabari Smith Jr,Houston Rockets @ Cleveland Cavaliers,2025-11-20T00:00:00Z,player_double_double,,draftkings,2025-11-19T14:54:30Z,2025-11-19T14:55:50Z,,
Donovan Mitchell,Houston Rockets @ Cleveland Cavaliers,2025-11-20T00:00:00Z,player_double_double,,draftkings,2025-11-19T14:54:30Z,2025-11-19T14:55:50Z,,
Kevin Durant,Houston Rockets @ Cleveland Cavaliers,2025-11-20T00:00:00Z,player_double_double,,draftkings,2025-11-19T14:54:30Z,2025-11-19T14:55:50Z,,
Lonzo Ball,Houston Rockets @ Cleveland Cavaliers,2025-11-20T00:00:00Z,player_double_double,,draftkings,2025-11-19T14:54:30Z,2025-11-19T14:55:50Z,,
De'Andre Hunter,Houston Rockets @ Cleveland Cavaliers,2025-11-20T00:00:00Z,player_double_double,,draftkings,2025-11-19T14:54:30Z,2025-11-19T14:55:50Z,,
Donovan Mitchell,Houston Rockets @ Cleveland Cavaliers,2025-11-20T00:00:00Z,player_points,28.5,draftkings,2025-11-19T14:54:30Z,2025-11-19T14:55:50Z,-104.0,-122.0
Kevin Durant,Houston Rockets @ Cleveland Cavaliers,2025-11-20T00:00:00Z,player_points,26.5,draftkings,2025-11-19T14:54:30Z,2025-11-19T14:55:50Z,-104.0,-122.0
Alperen Sengun,Houston Rockets @ Cleveland Cavaliers,2025-11-20T00:00:00Z,player_points,22.5,draftkings,2025-11-19T14:54:30Z,2025-11-19T14:55:50Z,-115.0,-111.0
Evan Mobley,Houston Rockets @ Cleveland Cavaliers,2025-11-20T00:00:00Z,player_points,17.5,draftkings,2025-11-19T14:54:30Z,2025-11-19T14:55:50Z,-125.0,-102.0
Amen Thompson,Houston Rockets @ Cleveland Cavaliers,2025-11-20T00:00:00Z,player_points,17.5,draftkings,2025-11-19T14:54:30Z,2025-11-19T14:55:50Z,-113.0,-113.0
De'Andre Hunter,Houston Rockets @ Cleveland Cavaliers,2025-11-20T00:00:00Z,player_points,16.5,draftkings,2025-11-19T14:54:30Z,2025-11-19T14:55:50Z,-112.0,-114.0
Jabari Smith Jr,Houston Rockets @ Cleveland Cavaliers,2025-11-20T00:00:00Z,player_points,13.5,draftkings,2025-11-19T14:54:30Z,2025-11-19T14:55:50Z,-109.0,-117.0
Jarrett Allen,Houston Rockets @ Cleveland Cavaliers,2025-11-20T00:00:00Z,player_points,12.5,draftkings,2025-11-19T14:54:30Z,2025-11-19T14:55:50Z,-121.0,-105.0
Reed Sheppard,Houston Rockets @ Cleveland Cavaliers,2025-11-20T00:00:00Z,player_points,11.5,draftkings,2025-11-19T14:54:30Z,2025-11-19T14:55:50Z,-119.0,-107.0
Sam Merrill,Houston Rockets @ Cleveland Cavaliers,2025-11-20T00:00:00Z,player_points,10.5,draftkings,2025-11-19T14:54:30Z,2025-11-19T14:55:50Z,-123.0,-103.0
Josh Okogie,Houston Rockets @ Cleveland Cavaliers,2025-11-20T00:00:00Z,player_points,7.5,draftkings,2025-11-19T14:54:30Z,2025-11-19T14:55:50Z,-116.0,-110.0
Lonzo Ball,Houston Rockets @ Cleveland Cavaliers,2025-11-20T00:00:00Z,player_points,6.5,draftkings,2025-11-19T14:54:30Z,2025-11-19T14:55:50Z,-118.0,-108.0
Alperen Sengun,Houston Rockets @ Cleveland Cavaliers,2025-11-20T00:00:00Z,player_points_rebounds_assists,39.5,draftkings,2025-11-19T14:54:30Z,2025-11-19T14:55:50Z,-117.0,-113.0
Donovan Mitchell,Houston Rockets @ Cleveland Cavaliers,2025-11-20T00:00:00Z,player_points_rebounds_assists,38.5,draftkings,2025-11-19T14:54:30Z,2025-11-19T14:55:50Z,-106.0,-124.0
Kevin Durant,Houston Rockets @ Cleveland Cavaliers,2025-11-20T00:00:00Z,player_points_rebounds_assists,34.5,draftkings,2025-11-19T14:54:30Z,2025-11-19T14:55:50Z,-125.0,-105.0
Evan Mobley,Houston Rockets @ Cleveland Cavaliers,2025-11-20T00:00:00Z,player_points_rebounds_assists,30.5,draftkings,2025-11-19T14:54:30Z,2025-11-19T14:55:50Z,-113.0,-116.0
Amen Thompson,Houston Rockets @ Cleveland Cavaliers,2025-11-20T00:00:00Z,player_points_rebounds_assists,29.5,draftkings,2025-11-19T14:54:30Z,2025-11-19T14:55:50Z,-112.0,-118.0
De'Andre Hunter,Houston Rockets @ Cleveland Cavaliers,2025-11-20T00:00:00Z,player_points_rebounds_assists,23.5,draftkings,2025-11-19T14:54:30Z,2025-11-19T14:55:50Z,-104.0,-126.0
Jarrett Allen,Houston Rockets @ Cleveland Cavaliers,2025-11-20T00:00:00Z,player_points_rebounds_assists,22.5,draftkings,2025-11-19T14:54:30Z,2025-11-19T14:55:50Z,-113.0,-116.0
Jabari Smith Jr,Houston Rockets @ Cleveland Cavaliers,2025-11-20T00:00:00Z,player_points_rebounds_assists,21.5,draftkings,2025-11-19T14:54:30Z,2025-11-19T14:55:50Z,-113.0,-116.0
Reed Sheppard,Houston Rockets @ Cleveland Cavaliers,2025-11-20T00:00:00Z,player_points_rebounds_assists,17.5,draftkings,2025-11-19T14:54:30Z,2025-11-19T14:55:50Z,-115.0,-114.0
Sam Merrill,Houston Rockets @ Cleveland Cavaliers,2025-11-20T00:00:00Z,player_points_rebounds_assists,15.5,draftkings,2025-11-19T14:54:30Z,2025-11-19T14:55:50Z,-113.0,-116.0
Lonzo Ball,Houston Rockets @ Cleveland Cavaliers,2025-11-20T00:00:00Z,player_points_rebounds_assists,14.5,draftkings,2025-11-19T14:54:30Z,2025-11-19T14:55:50Z,-127.0,-104.0
Alperen Sengun,Houston Rockets @ Cleveland Cavaliers,2025-11-20T00:00:00Z,player_rebounds,9.5,draftkings,2025-11-19T14:54:30Z,2025-11-19T14:55:50Z,-138.0,104.0
Evan Mobley,Houston Rockets @ Cleveland Cavaliers,2025-11-20T00:00:00Z,player_rebounds,8.5,draftkings,2025-11-19T14:54:30Z,2025-11-19T14:55:50Z,101.0,-133.0
Jarrett Allen,Houston Rockets @ Cleveland Cavaliers,2025-11-20T00:00:00Z,player_rebounds,7.5,draftkings,2025-11-19T14:54:30Z,2025-11-19T14:55:50Z,-109.0,-121.0
Jabari Smith Jr,Houston Rockets @ Cleveland Cavaliers,2025-11-20T00:00:00Z,player_rebounds,6.5,draftkings,2025-11-19T14:54:30Z,2025-11-19T14:55:50Z,-114.0,-116.0
Amen Thompson,Houston Rockets @ Cleveland Cavaliers,2025-11-20T00:00:00Z,player_rebounds,6.5,draftkings,2025-11-19T14:54:30Z,2025-11-19T14:55:50Z,107.0,-141.0
Kevin Durant,Houston Rockets @ Cleveland Cavaliers,2025-11-20T00:00:00Z,player_rebounds,4.5,draftkings,2025-11-19T14:54:30Z,2025-11-19T14:55:50Z,-131.0,100.0
Donovan Mitchell,Houston Rockets @ Cleveland Cavaliers,2025-11-20T00:00:00Z,player_rebounds,4.5,draftkings,2025-11-19T14:54:30Z,2025-11-19T14:55:50Z,116.0,-154.0
De'Andre Hunter,Houston Rockets @ Cleveland Cavaliers,2025-11-20T00:00:00Z,player_rebounds,3.5,draftkings,2025-11-19T14:54:30Z,2025-11-19T14:55:50Z,-147.0,112.0
Lonzo Ball,Houston Rockets @ Cleveland Cavaliers,2025-11-20T00:00:00Z,player_rebounds,3.5,draftkings,2025-11-19T14:54:30Z,2025-11-19T14:55:50Z,125.0,-166.0
Josh Okogie,Houston Rockets @ Cleveland Cavaliers,2025-11-20T00:00:00Z,player_rebounds,2.5,draftkings,2025-11-19T14:54:30Z,2025-11-19T14:55:50Z,-165.0,125.0
Reed Sheppard,Houston Rockets @ Cleveland Cavaliers,2025-11-20T00:00:00Z,player_rebounds,2.5,draftkings,2025-11-19T14:54:30Z,2025-11-19T14:55:50Z,-113.0,-117.0
Sam Merrill,Houston Rockets @ Cleveland Cavaliers,2025-11-20T00:00:00Z,player_rebounds,2.5,draftkings,2025-11-19T14:54:30Z,2025-11-19T14:55:50Z,122.0,-162.0
Amen Thompson,Houston Rockets @ Cleveland Cavaliers,2025-11-20T00:00:00Z,player_steals,1.5,draftkings,2025-11-19T14:54:30Z,2025-11-19T14:55:50Z,-124.0,-107.0
Donovan Mitchell,Houston Rockets @ Cleveland Cavaliers,2025-11-20T00:00:00Z,player_steals,1.5,draftkings,2025-11-19T14:54:30Z,2025-11-19T14:55:50Z,108.0,-144.0
Evan Mobley,Houston Rockets @ Cleveland Cavaliers,2025-11-20T00:00:00Z,player_steals,1.5,draftkings,2025-11-19T14:54:30Z,2025-11-19T14:55:50Z,159.0,-214.0
Alperen Sengun,Houston Rockets @ Cleveland Cavaliers,2025-11-20T00:00:00Z,player_steals,1.5,draftkings,2025-11-19T14:54:30Z,2025-11-19T14:55:50Z,167.0,-225.0
Kevin Durant,Houston Rockets @ Cleveland Cavaliers,2025-11-20T00:00:00Z,player_steals,0.5,draftkings,2025-11-19T14:54:30Z,2025-11-19T14:55:50Z,-188.0,141.0
Donovan Mitchell,Houston Rockets @ Cleveland Cavaliers,2025-11-20T00:00:00Z,player_threes,3.5,draftkings,2025-11-19T14:54:30Z,2025-11-19T14:55:50Z,-115.0,-114.0
Sam Merrill,Houston Rockets @ Cleveland Cavaliers,2025-11-20T00:00:00Z,player_threes,2.5,draftkings,2025-11-19T14:54:30Z,2025-11-19T14:55:50Z,-158.0,120.0
Reed Sheppard,Houston Rockets @ Cleveland Cavaliers,2025-11-20T00:00:00Z,player_threes,2.5,draftkings,2025-11-19T14:54:30Z,2025-11-19T14:55:50Z,100.0,-131.0
De'Andre Hunter,Houston Rockets @ Cleveland Cavaliers,2025-11-20T00:00:00Z,player_threes,2.5,draftkings,2025-11-19T14:54:30Z,2025-11-19T14:55:50Z,142.0,-188.0
Kevin Durant,Houston Rockets @ Cleveland Cavaliers,2025-11-20T00:00:00Z,player_threes,2.5,draftkings,2025-11-19T14:54:30Z,2025-11-19T14:55:50Z,143.0,-191.0
Jabari Smith Jr,Houston Rockets @ Cleveland Cavaliers,2025-11-20T00:00:00Z,player_threes,1.5,draftkings,2025-11-19T14:54:30Z,2025-11-19T14:55:50Z,-160.0,121.0
Lonzo Ball,Houston Rockets @ Cleveland Cavaliers,2025-11-20T00:00:00Z,player_threes,1.5,draftkings,2025-11-19T14:54:30Z,2025-11-19T14:55:50Z,-144.0,109.0
Evan Mobley,Houston Rockets @ Cleveland Cavaliers,2025-11-20T00:00:00Z,player_threes,1.5,draftkings,2025-11-19T14:54:30Z,2025-11-19T14:55:50Z,115.0,-152.0
Alperen Sengun,Houston Rockets @ Cleveland Cavaliers,2025-11-20T00:00:00Z,player_triple_double,,draftkings,2025-11-19T14:54:30Z,2025-11-19T14:55:50Z,,
Amen Thompson,Houston Rockets @ Cleveland Cavaliers,2025-11-20T00:00:00Z,player_triple_double,,draftkings,2025-11-19T14:54:30Z,2025-11-19T14:55:50Z,,
Evan Mobley,Houston Rockets @ Cleveland Cavaliers,2025-11-20T00:00:00Z,player_triple_double,,draftkings,2025-11-19T14:54:30Z,2025-11-19T14:55:50Z,,
Donovan Mitchell,Houston Rockets @ Cleveland Cavaliers,2025-11-20T00:00:00Z,player_assists,5.5,fanatics,2025-11-19T14:55:13Z,2025-11-19T14:55:58Z,-115.0,-115.0
Jarrett Allen,Houston Rockets @ Cleveland Cavaliers,2025-11-20T00:00:00Z,player_assists,1.5,fanatics,2025-11-19T14:55:13Z,2025-11-19T14:55:58Z,-105.0,-125.0
De'Andre Hunter,Houston Rockets @ Cleveland Cavaliers,2025-11-20T00:00:00Z,player_assists,2.5,fanatics,2025-11-19T14:55:13Z,2025-11-19T14:55:58Z,105.0,-140.0
Sam Merrill,Houston Rockets @ Cleveland Cavaliers,2025-11-20T00:00:00Z,player_assists,2.5,fanatics,2025-11-19T14:55:13Z,2025-11-19T14:55:58Z,130.0,-190.0
Evan Mobley,Houston Rockets @ Cleveland Cavaliers,2025-11-20T00:00:00Z,player_assists,3.5,fanatics,2025-11-19T14:55:13Z,2025-11-19T14:55:58Z,-130.0,100.0
Alperen Sengun,Houston Rockets @ Cleveland Cavaliers,2025-11-20T00:00:00Z,player_assists,6.5,fanatics,2025-11-19T14:55:13Z,2025-11-19T14:55:58Z,-120.0,-110.0
Josh Okogie,Houston Rockets @ Cleveland Cavaliers,2025-11-20T00:00:00Z,player_assists,1.5,fanatics,2025-11-19T14:55:13Z,2025-11-19T14:55:58Z,120.0,-165.0
Amen Thompson,Houston Rockets @ Cleveland Cavaliers,2025-11-20T00:00:00Z,player_assists,5.5,fanatics,2025-11-19T14:55:13Z,2025-11-19T14:55:58Z,120.0,-165.0
Jabari Smith Jr,Houston Rockets @ Cleveland Cavaliers,2025-11-20T00:00:00Z,player_assists,1.5,fanatics,2025-11-19T14:55:13Z,2025-11-19T14:55:58Z,120.0,-165.0
Kevin Durant,Houston Rockets @ Cleveland Cavaliers,2025-11-20T00:00:00Z,player_assists,3.5,fanatics,2025-11-19T14:55:13Z,2025-11-19T14:55:58Z,-120.0,-110.0
Lonzo Ball,Houston Rockets @ Cleveland Cavaliers,2025-11-20T00:00:00Z,player_assists,4.5,fanatics,2025-11-19T14:55:13Z,2025-11-19T14:55:58Z,-115.0,-115.0
Reed Sheppard,Houston Rockets @ Cleveland Cavaliers,2025-11-20T00:00:00Z,player_assists,2.5,fanatics,2025-11-19T14:55:13Z,2025-11-19T14:55:58Z,-165.0,120.0
De'Andre Hunter,Houston Rockets @ Cleveland Cavaliers,2025-11-20T00:00:00Z,player_double_double,,fanatics,2025-11-19T14:55:13Z,2025-11-19T14:55:58Z,,
Donovan Mitchell,Houston Rockets @ Cleveland Cavaliers,2025-11-20T00:00:00Z,player_double_double,,fanatics,2025-11-19T14:55:13Z,2025-11-19T14:55:58Z,,
Evan Mobley,Houston Rockets @ Cleveland Cavaliers,2025-11-20T00:00:00Z,player_double_double,,fanatics,2025-11-19T14:55:13Z,2025-11-19T14:55:58Z,,
Jarrett Allen,Houston Rockets @ Cleveland Cavaliers,2025-11-20T00:00:00Z,player_double_double,,fanatics,2025-11-19T14:55:13Z,2025-11-19T14:55:58Z,,
Kevin Durant,Houston Rockets @ Cleveland Cavaliers,2025-11-20T00:00:00Z,player_double_double,,fanatics,2025-11-19T14:55:13Z,2025-11-19T14:55:58Z,,
Alperen Sengun,Houston Rockets @ Cleveland Cavaliers,2025-11-20T00:00:00Z,player_double_double,,fanatics,2025-11-19T14:55:13Z,2025-11-19T14:55:58Z,,
Amen Thompson,Houston Rockets @ Cleveland Cavaliers,2025-11-20T00:00:00Z,player_double_double,,fanatics,2025-11-19T14:55:13Z,2025-11-19T14:55:58Z,,
Jabari Smith Jr,Houston Rockets @ Cleveland Cavaliers,2025-11-20T00:00:00Z,player_double_double,,fanatics,2025-11-19T14:55:13Z,2025-11-19T14:55:58Z,,
Lonzo Ball,Houston Rockets @ Cleveland Cavaliers,2025-11-20T00:00:00Z,player_double_double,,fanatics,2025-11-19T14:55:13Z,2025-11-19T14:55:58Z,,
De'Andre Hunter,Houston Rockets @ Cleveland Cavaliers,2025-11-20T00:00:00Z,player_points,16.5,fanatics,2025-11-19T14:55:13Z,2025-11-19T14:55:58Z,-120.0,-110.0
Evan Mobley,Houston Rockets @ Cleveland Cavaliers,2025-11-20T00:00:00Z,player_points,18.5,fanatics,2025-11-19T14:55:13Z,2025-11-19T14:55:58Z,100.0,-130.0
Donovan Mitchell,Houston Rockets @ Cleveland Cavaliers,2025-11-20T00:00:00Z,player_points,28.5,fanatics,2025-11-19T14:55:13Z,2025-11-19T14:55:58Z,-115.0,-115.0
Sam Merrill,Houston Rockets @ Cleveland Cavaliers,2025-11-20T00:00:00Z,player_points,10.5,fanatics,2025-11-19T14:55:13Z,2025-11-19T14:55:58Z,-125.0,-105.0
Jarrett Allen,Houston Rockets @ Cleveland Cavaliers,2025-11-20T00:00:00Z,player_points,12.5,fanatics,2025-11-19T14:55:13Z,2025-11-19T14:55:58Z,-120.0,-110.0
Jabari Smith Jr,Houston Rockets @ Cleveland Cavaliers,2025-11-20T00:00:00Z,player_points,13.5,fanatics,2025-11-19T14:55:13Z,2025-11-19T14:55:58Z,-105.0,-125.0
Kevin Durant,Houston Rockets @ Cleveland Cavaliers,2025-11-20T00:00:00Z,player_points,26.5,fanatics,2025-11-19T14:55:13Z,2025-11-19T14:55:58Z,-105.0,-125.0
Josh Okogie,Houston Rockets @ Cleveland Cavaliers,2025-11-20T00:00:00Z,player_points,7.5,fanatics,2025-11-19T14:55:13Z,2025-11-19T14:55:58Z,-115.0,-115.0
Alperen Sengun,Houston Rockets @ Cleveland Cavaliers,2025-11-20T00:00:00Z,player_points,22.5,fanatics,2025-11-19T14:55:13Z,2025-11-19T14:55:58Z,-115.0,-115.0
Amen Thompson,Houston Rockets @ Cleveland Cavaliers,2025-11-20T00:00:00Z,player_points,17.5,fanatics,2025-11-19T14:55:13Z,2025-11-19T14:55:58Z,-120.0,-110.0
Lonzo Ball,Houston Rockets @ Cleveland Cavaliers,2025-11-20T00:00:00Z,player_points,6.5,fanatics,2025-11-19T14:55:13Z,2025-11-19T14:55:58Z,-125.0,-105.0
Reed Sheppard,Houston Rockets @ Cleveland Cavaliers,2025-11-20T00:00:00Z,player_points,11.5,fanatics,2025-11-19T14:55:13Z,2025-11-19T14:55:58Z,-125.0,-105.0
Alperen Sengun,Houston Rockets @ Cleveland Cavaliers,2025-11-20T00:00:00Z,player_points_rebounds_assists,39.5,fanatics,2025-11-19T14:55:13Z,2025-11-19T14:55:58Z,-115.0,-115.0
Sam Merrill,Houston Rockets @ Cleveland Cavaliers,2025-11-20T00:00:00Z,player_points_rebounds_assists,15.5,fanatics,2025-11-19T14:55:13Z,2025-11-19T14:55:58Z,-115.0,-115.0
Donovan Mitchell,Houston Rockets @ Cleveland Cavaliers,2025-11-20T00:00:00Z,player_points_rebounds_assists,38.5,fanatics,2025-11-19T14:55:13Z,2025-11-19T14:55:58Z,-110.0,-120.0
Evan Mobley,Houston Rockets @ Cleveland Cavaliers,2025-11-20T00:00:00Z,player_points_rebounds_assists,30.5,fanatics,2025-11-19T14:55:13Z,2025-11-19T14:55:58Z,-110.0,-120.0
Kevin Durant,Houston Rockets @ Cleveland Cavaliers,2025-11-20T00:00:00Z,player_points_rebounds_assists,34.5,fanatics,2025-11-19T14:55:13Z,2025-11-19T14:55:58Z,-115.0,-115.0
Reed Sheppard,Houston Rockets @ Cleveland Cavaliers,2025-11-20T00:00:00Z,player_points_rebounds_assists,17.5,fanatics,2025-11-19T14:55:13Z,2025-11-19T14:55:58Z,-115.0,-115.0
Josh Okogie,Houston Rockets @ Cleveland Cavaliers,2025-11-20T00:00:00Z,player_points_rebounds_assists,12.5,fanatics,2025-11-19T14:55:13Z,2025-11-19T14:55:58Z,100.0,-130.0
De'Andre Hunter,Houston Rockets @ Cleveland Cavaliers,2025-11-20T00:00:00Z,player_points_rebounds_assists,23.5,fanatics,2025-11-19T14:55:13Z,2025-11-19T14:55:58Z,-110.0,-120.0
Jarrett Allen,Houston Rockets @ Cleveland Cavaliers,2025-11-20T00:00:00Z,player_points_rebounds_assists,22.5,fanatics,2025-11-19T14:55:13Z,2025-11-19T14:55:58Z,-105.0,-125.0
Amen Thompson,Houston Rockets @ Cleveland Cavaliers,2025-11-20T00:00:00Z,player_points_rebounds_assists,29.5,fanatics,2025-11-19T14:55:13Z,2025-11-19T14:55:58Z,-115.0,-115.0
Jabari Smith Jr,Houston Rockets @ Cleveland Cavaliers,2025-11-20T00:00:00Z,player_points_rebounds_assists,21.5,fanatics,2025-11-19T14:55:13Z,2025-11-19T14:55:58Z,-115.0,-115.0
Lonzo Ball,Houston Rockets @ Cleveland Cavaliers,2025-11-20T00:00:00Z,player_points_rebounds_assists,14.5,fanatics,2025-11-19T14:55:13Z,2025-11-19T14:55:58Z,-125.0,-105.0
Evan Mobley,Houston Rockets @ Cleveland Cavaliers,2025-11-20T00:00:00Z,player_rebounds,8.5,fanatics,2025-11-19T14:55:13Z,2025-11-19T14:55:58Z,105.0,-140.0
Donovan Mitchell,Houston Rockets @ Cleveland Cavaliers,2025-11-20T00:00:00Z,player_rebounds,4.5,fanatics,2025-11-19T14:55:13Z,2025-11-19T14:55:58Z,120.0,-165.0
De'Andre Hunter,Houston Rockets @ Cleveland Cavaliers,2025-11-20T00:00:00Z,player_rebounds,3.5,fanatics,2025-11-19T14:55:13Z,2025-11-19T14:55:58Z,-150.0,115.0
Jarrett Allen,Houston Rockets @ Cleveland Cavaliers,2025-11-20T00:00:00Z,player_rebounds,7.5,fanatics,2025-11-19T14:55:13Z,2025-11-19T14:55:58Z,-115.0,-115.0
Sam Merrill,Houston Rockets @ Cleveland Cavaliers,2025-11-20T00:00:00Z,player_rebounds,2.5,fanatics,2025-11-19T14:55:13Z,2025-11-19T14:55:58Z,120.0,-165.0
Alperen Sengun,Houston Rockets @ Cleveland Cavaliers,2025-11-20T00:00:00Z,player_rebounds,9.5,fanatics,2025-11-19T14:55:13Z,2025-11-19T14:55:58Z,-130.0,100.0
Kevin Durant,Houston Rockets @ Cleveland Cavaliers,2025-11-20T00:00:00Z,player_rebounds,4.5,fanatics,2025-11-19T14:55:13Z,2025-11-19T14:55:58Z,-130.0,100.0
Josh Okogie,Houston Rockets @ Cleveland Cavaliers,2025-11-20T00:00:00Z,player_rebounds,2.5,fanatics,2025-11-19T14:55:13Z,2025-11-19T14:55:58Z,-165.0,120.0
Jabari Smith Jr,Houston Rockets @ Cleveland Cavaliers,2025-11-20T00:00:00Z,player_rebounds,6.5,fanatics,2025-11-19T14:55:13Z,2025-11-19T14:55:58Z,-115.0,-115.0
Amen Thompson,Houston Rockets @ Cleveland Cavaliers,2025-11-20T00:00:00Z,player_rebounds,6.5,fanatics,2025-11-19T14:55:13Z,2025-11-19T14:55:58Z,105.0,-140.0
Reed Sheppard,Houston Rockets @ Cleveland Cavaliers,2025-11-20T00:00:00Z,player_rebounds,2.5,fanatics,2025-11-19T14:55:13Z,2025-11-19T14:55:58Z,-115.0,-115.0
Lonzo Ball,Houston Rockets @ Cleveland Cavaliers,2025-11-20T00:00:00Z,player_rebounds,3.5,fanatics,2025-11-19T14:55:13Z,2025-11-19T14:55:58Z,120.0,-165.0
Donovan Mitchell,Houston Rockets @ Cleveland Cavaliers,2025-11-20T00:00:00Z,player_threes,3.5,fanatics,2025-11-19T14:55:13Z,2025-11-19T14:55:58Z,-125.0,-105.0
De'Andre Hunter,Houston Rockets @ Cleveland Cavaliers,2025-11-20T00:00:00Z,player_threes,2.5,fanatics,2025-11-19T14:55:13Z,2025-11-19T14:55:58Z,125.0,-175.0
Evan Mobley,Houston Rockets @ Cleveland Cavaliers,2025-11-20T00:00:00Z,player_threes,1.5,fanatics,2025-11-19T14:55:13Z,2025-11-19T14:55:58Z,115.0,-150.0
Sam Merrill,Houston Rockets @ Cleveland Cavaliers,2025-11-20T00:00:00Z,player_threes,2.5,fanatics,2025-11-19T14:55:13Z,2025-11-19T14:55:58Z,-165.0,120.0
Jabari Smith Jr,Houston Rockets @ Cleveland Cavaliers,2025-11-20T00:00:00Z,player_threes,1.5,fanatics,2025-11-19T14:55:13Z,2025-11-19T14:55:58Z,-175.0,125.0
Kevin Durant,Houston Rockets @ Cleveland Cavaliers,2025-11-20T00:00:00Z,player_threes,2.5,fanatics,2025-11-19T14:55:13Z,2025-11-19T14:55:58Z,130.0,-190.0
Alperen Sengun,Houston Rockets @ Cleveland Cavaliers,2025-11-20T00:00:00Z,player_threes,0.5,fanatics,2025-11-19T14:55:13Z,2025-11-19T14:55:58Z,-190.0,130.0
Amen Thompson,Houston Rockets @ Cleveland Cavaliers,2025-11-20T00:00:00Z,player_threes,0.5,fanatics,2025-11-19T14:55:13Z,2025-11-19T14:55:58Z,-105.0,-125.0
Josh Okogie,Houston Rockets @ Cleveland Cavaliers,2025-11-20T00:00:00Z,player_threes,0.5,fanatics,2025-11-19T14:55:13Z,2025-11-19T14:55:58Z,-250.0,155.0
Lonzo Ball,Houston Rockets @ Cleveland Cavaliers,2025-11-20T00:00:00Z,player_threes,1.5,fanatics,2025-11-19T14:55:13Z,2025-11-19T14:55:58Z,-140.0,105.0
Reed Sheppard,Houston Rockets @ Cleveland Cavaliers,2025-11-20T00:00:00Z,player_threes,2.5,fanatics,2025-11-19T14:55:13Z,2025-11-19T14:55:58Z,-105.0,-125.0
Alperen Sengun,Houston Rockets @ Cleveland Cavaliers,2025-11-20T00:00:00Z,player_triple_double,,fanatics,2025-11-19T14:55:13Z,2025-11-19T14:55:58Z,,
Donovan Mitchell,Houston Rockets @ Cleveland Cavaliers,2025-11-20T00:00:00Z,player_assists,5.5,fanduel,2025-11-19T14:55:00Z,2025-11-19T14:55:46Z,-114.0,-114.0
Reed Sheppard,Houston Rockets @ Cleveland Cavaliers,2025-11-20T00:00:00Z,player_assists,2.5,fanduel,2025-11-19T14:55:00Z,2025-11-19T14:55:46Z,-162.0,122.0
Evan Mobley,Houston Rockets @ Cleveland Cavaliers,2025-11-20T00:00:00Z,player_assists,3.5,fanduel,2025-11-19T14:55:00Z,2025-11-19T14:55:46Z,-136.0,102.0
De'Andre Hunter,Houston Rockets @ Cleveland Cavaliers,2025-11-20T00:00:00Z,player_assists,2.5,fanduel,2025-11-19T14:55:00Z,2025-11-19T14:55:46Z,-102.0,-130.0
Lonzo Ball,Houston Rockets @ Cleveland Cavaliers,2025-11-20T00:00:00Z,player_assists,4.5,fanduel,2025-11-19T14:55:00Z,2025-11-19T14:55:46Z,-114.0,-114.0
Amen Thompson,Houston Rockets @ Cleveland Cavaliers,2025-11-20T00:00:00Z,player_assists,5.5,fanduel,2025-11-19T14:55:00Z,2025-11-19T14:55:46Z,128.0,-172.0
Alperen Sengun,Houston Rockets @ Cleveland Cavaliers,2025-11-20T00:00:00Z,player_assists,6.5,fanduel,2025-11-19T14:55:00Z,2025-11-19T14:55:46Z,-132.0,100.0
Kevin Durant,Houston Rockets @ Cleveland Cavaliers,2025-11-20T00:00:00Z,player_assists,3.5,fanduel,2025-11-19T14:55:00Z,2025-11-19T14:55:46Z,-125.0,-106.0
Evan Mobley,Houston Rockets @ Cleveland Cavaliers,2025-11-20T00:00:00Z,player_blocks,1.5,fanduel,2025-11-19T14:55:00Z,2025-11-19T14:54:30Z,100.0,-132.0
Alperen Sengun,Houston Rockets @ Cleveland Cavaliers,2025-11-20T00:00:00Z,player_double_double,,fanduel,2025-11-19T14:55:00Z,2025-11-19T14:55:46Z,,
Evan Mobley,Houston Rockets @ Cleveland Cavaliers,2025-11-20T00:00:00Z,player_double_double,,fanduel,2025-11-19T14:55:00Z,2025-11-19T14:55:46Z,,
Jarrett Allen,Houston Rockets @ Cleveland Cavaliers,2025-11-20T00:00:00Z,player_double_double,,fanduel,2025-11-19T14:55:00Z,2025-11-19T14:55:46Z,,
Amen Thompson,Houston Rockets @ Cleveland Cavaliers,2025-11-20T00:00:00Z,player_double_double,,fanduel,2025-11-19T14:55:00Z,2025-11-19T14:55:46Z,,
Jabari Smith Jr,Houston Rockets @ Cleveland Cavaliers,2025-11-20T00:00:00Z,player_double_double,,fanduel,2025-11-19T14:55:00Z,2025-11-19T14:55:46Z,,
Donovan Mitchell,Houston Rockets @ Cleveland Cavaliers,2025-11-20T00:00:00Z,player_double_double,,fanduel,2025-11-19T14:55:00Z,2025-11-19T14:55:46Z,,
Kevin Durant,Houston Rockets @ Cleveland Cavaliers,2025-11-20T00:00:00Z,player_double_double,,fanduel,2025-11-19T14:55:00Z,2025-11-19T14:55:46Z,,
Lonzo Ball,Houston Rockets @ Cleveland Cavaliers,2025-11-20T00:00:00Z,player_double_double,,fanduel,2025-11-19T14:55:00Z,2025-11-19T14:55:46Z,,
De'Andre Hunter,Houston Rockets @ Cleveland Cavaliers,2025-11-20T00:00:00Z,player_double_double,,fanduel,2025-11-19T14:55:00Z,2025-11-19T14:55:46Z,,
Evan Mobley,Houston Rockets @ Cleveland Cavaliers,2025-11-20T00:00:00Z,player_points,17.5,fanduel,2025-11-19T14:55:00Z,2025-11-19T14:55:46Z,-130.0,-102.0
Kevin Durant,Houston Rockets @ Cleveland Cavaliers,2025-11-20T00:00:00Z,player_points,26.5,fanduel,2025-11-19T14:55:00Z,2025-11-19T14:55:46Z,-104.0,-128.0
Josh Okogie,Houston Rockets @ Cleveland Cavaliers,2025-11-20T00:00:00Z,player_points,7.5,fanduel,2025-11-19T14:55:00Z,2025-11-19T14:55:46Z,-112.0,-118.0
Donovan Mitchell,Houston Rockets @ Cleveland Cavaliers,2025-11-20T00:00:00Z,player_points,28.5,fanduel,2025-11-19T14:55:00Z,2025-11-19T14:55:46Z,-112.0,-118.0
Reed Sheppard,Houston Rockets @ Cleveland Cavaliers,2025-11-20T00:00:00Z,player_points,11.5,fanduel,2025-11-19T14:55:00Z,2025-11-19T14:55:46Z,-125.0,-106.0
Jarrett Allen,Houston Rockets @ Cleveland Cavaliers,2025-11-20T00:00:00Z,player_points,12.5,fanduel,2025-11-19T14:55:00Z,2025-11-19T14:55:46Z,-118.0,-112.0
Jabari Smith Jr,Houston Rockets @ Cleveland Cavaliers,2025-11-20T00:00:00Z,player_points,13.5,fanduel,2025-11-19T14:55:00Z,2025-11-19T14:55:46Z,-104.0,-128.0
De'Andre Hunter,Houston Rockets @ Cleveland Cavaliers,2025-11-20T00:00:00Z,player_points,16.5,fanduel,2025-11-19T14:55:00Z,2025-11-19T14:55:46Z,-114.0,-114.0
Lonzo Ball,Houston Rockets @ Cleveland Cavaliers,2025-11-20T00:00:00Z,player_points,6.5,fanduel,2025-11-19T14:55:00Z,2025-11-19T14:55:46Z,-114.0,-114.0
Sam Merrill,Houston Rockets @ Cleveland Cavaliers,2025-11-20T00:00:00Z,player_points,10.5,fanduel,2025-11-19T14:55:00Z,2025-11-19T14:55:46Z,-132.0,100.0
Amen Thompson,Houston Rockets @ Cleveland Cavaliers,2025-11-20T00:00:00Z,player_points,17.5,fanduel,2025-11-19T14:55:00Z,2025-11-19T14:55:46Z,-122.0,-108.0
Alperen Sengun,Houston Rockets @ Cleveland Cavaliers,2025-11-20T00:00:00Z,player_points,22.5,fanduel,2025-11-19T14:55:00Z,2025-11-19T14:55:46Z,-112.0,-118.0
Donovan Mitchell,Houston Rockets @ Cleveland Cavaliers,2025-11-20T00:00:00Z,player_points_rebounds_assists,38.5,fanduel,2025-11-19T14:55:00Z,2025-11-19T14:54:30Z,-118.0,-114.0
Evan Mobley,Houston Rockets @ Cleveland Cavaliers,2025-11-20T00:00:00Z,player_points_rebounds_assists,30.5,fanduel,2025-11-19T14:55:00Z,2025-11-19T14:54:30Z,-118.0,-112.0
De'Andre Hunter,Houston Rockets @ Cleveland Cavaliers,2025-11-20T00:00:00Z,player_points_rebounds_assists,23.5,fanduel,2025-11-19T14:55:00Z,2025-11-19T14:54:30Z,-110.0,-120.0
Kevin Durant,Houston Rockets @ Cleveland Cavaliers,2025-11-20T00:00:00Z,player_points_rebounds_assists,34.5,fanduel,2025-11-19T14:55:00Z,2025-11-19T14:54:30Z,-125.0,-106.0
Reed Sheppard,Houston Rockets @ Cleveland Cavaliers,2025-11-20T00:00:00Z,player_points_rebounds_assists,17.5,fanduel,2025-11-19T14:55:00Z,2025-11-19T14:54:30Z,-120.0,-110.0
Alperen Sengun,Houston Rockets @ Cleveland Cavaliers,2025-11-20T00:00:00Z,player_points_rebounds_assists,39.5,fanduel,2025-11-19T14:55:00Z,2025-11-19T14:54:30Z,-110.0,-120.0
Lonzo Ball,Houston Rockets @ Cleveland Cavaliers,2025-11-20T00:00:00Z,player_points_rebounds_assists,15.5,fanduel,2025-11-19T14:55:00Z,2025-11-19T14:54:30Z,-102.0,-130.0
Amen Thompson,Houston Rockets @ Cleveland Cavaliers,2025-11-20T00:00:00Z,player_points_rebounds_assists,29.5,fanduel,2025-11-19T14:55:00Z,2025-11-19T14:54:30Z,-110.0,-120.0
Donovan Mitchell,Houston Rockets @ Cleveland Cavaliers,2025-11-20T00:00:00Z,player_rebounds,4.5,fanduel,2025-11-19T14:55:00Z,2025-11-19T14:55:46Z,114.0,-152.0
Sam Merrill,Houston Rockets @ Cleveland Cavaliers,2025-11-20T00:00:00Z,player_rebounds,2.5,fanduel,2025-11-19T14:55:00Z,2025-11-19T14:55:46Z,122.0,-162.0
Jabari Smith Jr,Houston Rockets @ Cleveland Cavaliers,2025-11-20T00:00:00Z,player_rebounds,6.5,fanduel,2025-11-19T14:55:00Z,2025-11-19T14:55:46Z,-114.0,-114.0
Reed Sheppard,Houston Rockets @ Cleveland Cavaliers,2025-11-20T00:00:00Z,player_rebounds,2.5,fanduel,2025-11-19T14:55:00Z,2025-11-19T14:55:46Z,-114.0,-114.0
Jarrett Allen,Houston Rockets @ Cleveland Cavaliers,2025-11-20T00:00:00Z,player_rebounds,7.5,fanduel,2025-11-19T14:55:00Z,2025-11-19T14:55:46Z,-128.0,-104.0
Kevin Durant,Houston Rockets @ Cleveland Cavaliers,2025-11-20T00:00:00Z,player_rebounds,4.5,fanduel,2025-11-19T14:55:00Z,2025-11-19T14:55:46Z,-136.0,102.0
De'Andre Hunter,Houston Rockets @ Cleveland Cavaliers,2025-11-20T00:00:00Z,player_rebounds,3.5,fanduel,2025-11-19T14:55:00Z,2025-11-19T14:55:46Z,-172.0,128.0
Amen Thompson,Houston Rockets @ Cleveland Cavaliers,2025-11-20T00:00:00Z,player_rebounds,6.5,fanduel,2025-11-19T14:55:00Z,2025-11-19T14:55:46Z,116.0,-154.0
Alperen Sengun,Houston Rockets @ Cleveland Cavaliers,2025-11-20T00:00:00Z,player_rebounds,9.5,fanduel,2025-11-19T14:55:00Z,2025-11-19T14:55:46Z,-136.0,102.0
Lonzo Ball,Houston Rockets @ Cleveland Cavaliers,2025-11-20T00:00:00Z,player_rebounds,3.5,fanduel,2025-11-19T14:55:00Z,2025-11-19T14:55:46Z,110.0,-146.0
Evan Mobley,Houston Rockets @ Cleveland Cavaliers,2025-11-20T00:00:00Z,player_rebounds,8.5,fanduel,2025-11-19T14:55:00Z,2025-11-19T14:55:46Z,-102.0,-130.0
Alperen Sengun,Houston Rockets @ Cleveland Cavaliers,2025-11-20T00:00:00Z,player_steals,1.5,fanduel,2025-11-19T14:55:00Z,2025-11-19T14:54:30Z,162.0,-220.0
Donovan Mitchell,Houston Rockets @ Cleveland Cavaliers,2025-11-20T00:00:00Z,player_steals,1.5,fanduel,2025-11-19T14:55:00Z,2025-11-19T14:54:30Z,108.0,-144.0
Evan Mobley,Houston Rockets @ Cleveland Cavaliers,2025-11-20T00:00:00Z,player_steals,1.5,fanduel,2025-11-19T14:55:00Z,2025-11-19T14:54:30Z,162.0,-220.0
Amen Thompson,Houston Rockets @ Cleveland Cavaliers,2025-11-20T00:00:00Z,player_steals,1.5,fanduel,2025-11-19T14:55:00Z,2025-11-19T14:54:30Z,100.0,-132.0
De'Andre Hunter,Houston Rockets @ Cleveland Cavaliers,2025-11-20T00:00:00Z,player_threes,2.5,fanduel,2025-11-19T14:55:00Z,2025-11-19T14:55:46Z,138.0,-186.0
Evan Mobley,Houston Rockets @ Cleveland Cavaliers,2025-11-20T00:00:00Z,player_threes,1.5,fanduel,2025-11-19T14:55:00Z,2025-11-19T14:55:46Z,116.0,-154.0
Reed Sheppard,Houston Rockets @ Cleveland Cavaliers,2025-11-20T00:00:00Z,player_threes,2.5,fanduel,2025-11-19T14:55:00Z,2025-11-19T14:55:46Z,-108.0,-122.0
Jabari Smith Jr,Houston Rockets @ Cleveland Cavaliers,2025-11-20T00:00:00Z,player_threes,1.5,fanduel,2025-11-19T14:55:00Z,2025-11-19T14:55:46Z,-166.0,124.0
Donovan Mitchell,Houston Rockets @ Cleveland Cavaliers,2025-11-20T00:00:00Z,player_threes,3.5,fanduel,2025-11-19T14:55:00Z,2025-11-19T14:55:46Z,-132.0,100.0
Sam Merrill,Houston Rockets @ Cleveland Cavaliers,2025-11-20T00:00:00Z,player_threes,2.5,fanduel,2025-11-19T14:55:00Z,2025-11-19T14:55:46Z,-162.0,122.0
Kevin Durant,Houston Rockets @ Cleveland Cavaliers,2025-11-20T00:00:00Z,player_threes,2.5,fanduel,2025-11-19T14:55:00Z,2025-11-19T14:55:46Z,148.0,-200.0
Lonzo Ball,Houston Rockets @ Cleveland Cavaliers,2025-11-20T00:00:00Z,player_threes,1.5,fanduel,2025-11-19T14:55:00Z,2025-11-19T14:55:46Z,-130.0,-102.0
Alperen Sengun,Houston Rockets @ Cleveland Cavaliers,2025-11-20T00:00:00Z,player_triple_double,,fanduel,2025-11-19T14:55:00Z,2025-11-19T14:55:46Z,,
Amen Thompson,Houston Rockets @ Cleveland Cavaliers,2025-11-20T00:00:00Z,player_triple_double,,fanduel,2025-11-19T14:55:00Z,2025-11-19T14:55:46Z,,
Evan Mobley,Houston Rockets @ Cleveland Cavaliers,2025-11-20T00:00:00Z,player_triple_double,,fanduel,2025-11-19T14:55:00Z,2025-11-19T14:55:46Z,,
Lonzo Ball,Houston Rockets @ Cleveland Cavaliers,2025-11-20T00:00:00Z,player_assists,4.5,williamhill_us,2025-11-19T14:55:31Z,2025-11-19T14:55:32Z,-115.0,-115.0
Donovan Mitchell,Houston Rockets @ Cleveland Cavaliers,2025-11-20T00:00:00Z,player_assists,5.5,williamhill_us,2025-11-19T14:55:31Z,2025-11-19T14:55:32Z,-109.0,-122.0
De'Andre Hunter,Houston Rockets @ Cleveland Cavaliers,2025-11-20T00:00:00Z,player_assists,2.5,williamhill_us,2025-11-19T14:55:31Z,2025-11-19T14:55:32Z,101.0,-134.0
Evan Mobley,Houston Rockets @ Cleveland Cavaliers,2025-11-20T00:00:00Z,player_assists,3.5,williamhill_us,2025-11-19T14:55:31Z,2025-11-19T14:55:32Z,-132.0,-102.0
Kevin Durant,Houston Rockets @ Cleveland Cavaliers,2025-11-20T00:00:00Z,player_assists,3.5,williamhill_us,2025-11-19T14:55:31Z,2025-11-19T14:55:32Z,-125.0,-107.0
Reed Sheppard,Houston Rockets @ Cleveland Cavaliers,2025-11-20T00:00:00Z,player_assists,2.5,williamhill_us,2025-11-19T14:55:31Z,2025-11-19T14:55:32Z,-164.0,122.0
Alperen Sengun,Houston Rockets @ Cleveland Cavaliers,2025-11-20T00:00:00Z,player_assists,6.5,williamhill_us,2025-11-19T14:55:31Z,2025-11-19T14:55:32Z,-127.0,-105.0
Alperen Sengun,Houston Rockets @ Cleveland Cavaliers,2025-11-20T00:00:00Z,player_points,22.5,williamhill_us,2025-11-19T14:55:31Z,2025-11-19T14:55:32Z,-117.0,-114.0
Josh Okogie,Houston Rockets @ Cleveland Cavaliers,2025-11-20T00:00:00Z,player_points,7.5,williamhill_us,2025-11-19T14:55:31Z,2025-11-19T14:55:32Z,-122.0,-109.0
Reed Sheppard,Houston Rockets @ Cleveland Cavaliers,2025-11-20T00:00:00Z,player_points,11.5,williamhill_us,2025-11-19T14:55:31Z,2025-11-19T14:55:32Z,-124.0,-108.0
Amen Thompson,Houston Rockets @ Cleveland Cavaliers,2025-11-20T00:00:00Z,player_points,17.5,williamhill_us,2025-11-19T14:55:31Z,2025-11-19T14:55:32Z,-122.0,-109.0
Jabari Smith Jr,Houston Rockets @ Cleveland Cavaliers,2025-11-20T00:00:00Z,player_points,13.5,williamhill_us,2025-11-19T14:55:31Z,2025-11-19T14:55:32Z,-109.0,-122.0
Donovan Mitchell,Houston Rockets @ Cleveland Cavaliers,2025-11-20T00:00:00Z,player_points,28.5,williamhill_us,2025-11-19T14:55:31Z,2025-11-19T14:55:32Z,-114.0,-117.0
Kevin Durant,Houston Rockets @ Cleveland Cavaliers,2025-11-20T00:00:00Z,player_points,26.5,williamhill_us,2025-11-19T14:55:31Z,2025-11-19T14:55:32Z,-112.0,-121.0
Evan Mobley,Houston Rockets @ Cleveland Cavaliers,2025-11-20T00:00:00Z,player_points,17.5,williamhill_us,2025-11-19T14:55:31Z,2025-11-19T14:55:32Z,-132.0,-102.0
Lonzo Ball,Houston Rockets @ Cleveland Cavaliers,2025-11-20T00:00:00Z,player_points,6.5,williamhill_us,2025-11-19T14:55:31Z,2025-11-19T14:55:32Z,-121.0,-110.0
De'Andre Hunter,Houston Rockets @ Cleveland Cavaliers,2025-11-20T00:00:00Z,player_points,16.5,williamhill_us,2025-11-19T14:55:31Z,2025-11-19T14:55:32Z,-115.0,-115.0
Sam Merrill,Houston Rockets @ Cleveland Cavaliers,2025-11-20T00:00:00Z,player_points,10.5,williamhill_us,2025-11-19T14:55:31Z,2025-11-19T14:55:32Z,-130.0,-103.0
Jarrett Allen,Houston Rockets @ Cleveland Cavaliers,2025-11-20T00:00:00Z,player_points,12.5,williamhill_us,2025-11-19T14:55:31Z,2025-11-19T14:55:32Z,-122.0,-109.0
Amen Thompson,Houston Rockets @ Cleveland Cavaliers,2025-11-20T00:00:00Z,player_rebounds,6.5,williamhill_us,2025-11-19T14:55:31Z,2025-11-19T14:55:32Z,107.0,-143.0
Kevin Durant,Houston Rockets @ Cleveland Cavaliers,2025-11-20T00:00:00Z,player_rebounds,4.5,williamhill_us,2025-11-19T14:55:31Z,2025-11-19T14:55:32Z,-132.0,-102.0
Donovan Mitchell,Houston Rockets @ Cleveland Cavaliers,2025-11-20T00:00:00Z,player_rebounds,4.5,williamhill_us,2025-11-19T14:55:31Z,2025-11-19T14:55:32Z,113.0,-152.0
Alperen Sengun,Houston Rockets @ Cleveland Cavaliers,2025-11-20T00:00:00Z,player_rebounds,9.5,williamhill_us,2025-11-19T14:55:31Z,2025-11-19T14:55:32Z,-136.0,102.0
Evan Mobley,Houston Rockets @ Cleveland Cavaliers,2025-11-20T00:00:00Z,player_rebounds,8.5,williamhill_us,2025-11-19T14:55:31Z,2025-11-19T14:55:32Z,101.0,-134.0
Josh Okogie,Houston Rockets @ Cleveland Cavaliers,2025-11-20T00:00:00Z,player_rebounds,2.5,williamhill_us,2025-11-19T14:55:31Z,2025-11-19T14:55:32Z,-162.0,120.0
De'Andre Hunter,Houston Rockets @ Cleveland Cavaliers,2025-11-20T00:00:00Z,player_rebounds,3.5,williamhill_us,2025-11-19T14:55:31Z,2025-11-19T14:55:32Z,-157.0,117.0
Jabari Smith Jr,Houston Rockets @ Cleveland Cavaliers,2025-11-20T00:00:00Z,player_rebounds,6.5,williamhill_us,2025-11-19T14:55:31Z,2025-11-19T14:55:32Z,-117.0,-115.0
Sam Merrill,Houston Rockets @ Cleveland Cavaliers,2025-11-20T00:00:00Z,player_rebounds,2.5,williamhill_us,2025-11-19T14:55:31Z,2025-11-19T14:55:32Z,125.0,-170.0
Lonzo Ball,Houston Rockets @ Cleveland Cavaliers,2025-11-20T00:00:00Z,player_rebounds,3.5,williamhill_us,2025-11-19T14:55:31Z,2025-11-19T14:55:32Z,113.0,-152.0
Reed Sheppard,Houston Rockets @ Cleveland Cavaliers,2025-11-20T00:00:00Z,player_rebounds,2.5,williamhill_us,2025-11-19T14:55:31Z,2025-11-19T14:55:32Z,-118.0,-113.0
Jarrett Allen,Houston Rockets @ Cleveland Cavaliers,2025-11-20T00:00:00Z,player_rebounds,7.5,williamhill_us,2025-11-19T14:55:31Z,2025-11-19T14:55:32Z,-125.0,-107.0
De'Andre Hunter,Houston Rockets @ Cleveland Cavaliers,2025-11-20T00:00:00Z,player_threes,2.5,williamhill_us,2025-11-19T14:55:31Z,2025-11-19T14:55:32Z,131.0,-176.0
Sam Merrill,Houston Rockets @ Cleveland Cavaliers,2025-11-20T00:00:00Z,player_threes,2.5,williamhill_us,2025-11-19T14:55:31Z,2025-11-19T14:55:32Z,-164.0,123.0
Kevin Durant,Houston Rockets @ Cleveland Cavaliers,2025-11-20T00:00:00Z,player_threes,2.5,williamhill_us,2025-11-19T14:55:31Z,2025-11-19T14:55:32Z,143.0,-193.0
Evan Mobley,Houston Rockets @ Cleveland Cavaliers,2025-11-20T00:00:00Z,player_threes,1.5,williamhill_us,2025-11-19T14:55:31Z,2025-11-19T14:55:32Z,117.0,-157.0
Reed Sheppard,Houston Rockets @ Cleveland Cavaliers,2025-11-20T00:00:00Z,player_threes,2.5,williamhill_us,2025-11-19T14:55:31Z,2025-11-19T14:55:32Z,-108.0,-124.0
Donovan Mitchell,Houston Rockets @ Cleveland Cavaliers,2025-11-20T00:00:00Z,player_threes,3.5,williamhill_us,2025-11-19T14:55:31Z,2025-11-19T14:55:32Z,-132.0,100.0
Lonzo Ball,Houston Rockets @ Cleveland Cavaliers,2025-11-20T00:00:00Z,player_threes,1.5,williamhill_us,2025-11-19T14:55:31Z,2025-11-19T14:55:32Z,-136.0,101.0
Jabari Smith Jr,Houston Rockets @ Cleveland Cavaliers,2025-11-20T00:00:00Z,player_threes,1.5,williamhill_us,2025-11-19T14:55:31Z,2025-11-19T14:55:32Z,-170.0,124.0
Alperen Sengun,Houston Rockets @ Cleveland Cavaliers,2025-11-20T00:00:00Z,player_assists,6.5,betrivers,2025-11-19T14:55:14Z,2025-11-19T14:54:58Z,-125.0,-106.0
Reed Sheppard,Houston Rockets @ Cleveland Cavaliers,2025-11-20T00:00:00Z,player_assists,2.5,betrivers,2025-11-19T14:55:14Z,2025-11-19T14:54:58Z,-157.0,118.0
Amen Thompson,Houston Rockets @ Cleveland Cavaliers,2025-11-20T00:00:00Z,player_assists,4.5,betrivers,2025-11-19T14:55:14Z,2025-11-19T14:54:58Z,-150.0,114.0
Lonzo Ball,Houston Rockets @ Cleveland Cavaliers,2025-11-20T00:00:00Z,player_assists,4.5,betrivers,2025-11-19T14:55:14Z,2025-11-19T14:54:58Z,-112.0,-120.0
De'Andre Hunter,Houston Rockets @ Cleveland Cavaliers,2025-11-20T00:00:00Z,player_assists,2.5,betrivers,2025-11-19T14:55:14Z,2025-11-19T14:54:58Z,-106.0,-125.0
Kevin Durant,Houston Rockets @ Cleveland Cavaliers,2025-11-20T00:00:00Z,player_assists,3.5,betrivers,2025-11-19T14:55:14Z,2025-11-19T14:54:58Z,-115.0,-115.0
Donovan Mitchell,Houston Rockets @ Cleveland Cavaliers,2025-11-20T00:00:00Z,player_assists,5.5,betrivers,2025-11-19T14:55:14Z,2025-11-19T14:54:58Z,-106.0,-127.0
Evan Mobley,Houston Rockets @ Cleveland Cavaliers,2025-11-20T00:00:00Z,player_assists,3.5,betrivers,2025-11-19T14:55:14Z,2025-11-19T14:54:58Z,-137.0,104.0
Evan Mobley,Houston Rockets @ Cleveland Cavaliers,2025-11-20T00:00:00Z,player_points,17.5,betrivers,2025-11-19T14:55:14Z,2025-11-19T14:54:58Z,-120.0,-110.0
Amen Thompson,Houston Rockets @ Cleveland Cavaliers,2025-11-20T00:00:00Z,player_points,17.5,betrivers,2025-11-19T14:55:14Z,2025-11-19T14:54:58Z,-118.0,-113.0
Alperen Sengun,Houston Rockets @ Cleveland Cavaliers,2025-11-20T00:00:00Z,player_points,22.5,betrivers,2025-11-19T14:55:14Z,2025-11-19T14:54:58Z,-113.0,-118.0
Lonzo Ball,Houston Rockets @ Cleveland Cavaliers,2025-11-20T00:00:00Z,player_points,6.5,betrivers,2025-11-19T14:55:14Z,2025-11-19T14:54:58Z,-115.0,-115.0
Jarrett Allen,Houston Rockets @ Cleveland Cavaliers,2025-11-20T00:00:00Z,player_points,12.5,betrivers,2025-11-19T14:55:14Z,2025-11-19T14:54:58Z,-110.0,-120.0
Reed Sheppard,Houston Rockets @ Cleveland Cavaliers,2025-11-20T00:00:00Z,player_points,11.5,betrivers,2025-11-19T14:55:14Z,2025-11-19T14:54:58Z,-120.0,-110.0
Donovan Mitchell,Houston Rockets @ Cleveland Cavaliers,2025-11-20T00:00:00Z,player_points,28.5,betrivers,2025-11-19T14:55:14Z,2025-11-19T14:54:58Z,-108.0,-122.0
Sam Merrill,Houston Rockets @ Cleveland Cavaliers,2025-11-20T00:00:00Z,player_points,10.5,betrivers,2025-11-19T14:55:14Z,2025-11-19T14:54:58Z,-125.0,-107.0
De'Andre Hunter,Houston Rockets @ Cleveland Cavaliers,2025-11-20T00:00:00Z,player_points,16.5,betrivers,2025-11-19T14:55:14Z,2025-11-19T14:54:58Z,-108.0,-124.0
Jabari Smith Jr,Houston Rockets @ Cleveland Cavaliers,2025-11-20T00:00:00Z,player_points,12.5,betrivers,2025-11-19T14:55:14Z,2025-11-19T14:54:58Z,-127.0,-105.0
Josh Okogie,Houston Rockets @ Cleveland Cavaliers,2025-11-20T00:00:00Z,player_points,7.5,betrivers,2025-11-19T14:55:14Z,2025-11-19T14:54:58Z,-109.0,-122.0
Kevin Durant,Houston Rockets @ Cleveland Cavaliers,2025-11-20T00:00:00Z,player_points,25.5,betrivers,2025-11-19T14:55:14Z,2025-11-19T14:54:58Z,-122.0,-108.0
Reed Sheppard,Houston Rockets @ Cleveland Cavaliers,2025-11-20T00:00:00Z,player_points_rebounds_assists,17.5,betrivers,2025-11-19T14:55:14Z,2025-11-19T14:54:58Z,-117.0,-114.0
Lonzo Ball,Houston Rockets @ Cleveland Cavaliers,2025-11-20T00:00:00Z,player_points_rebounds_assists,14.5,betrivers,2025-11-19T14:55:14Z,2025-11-19T14:54:58Z,-115.0,-115.0
Alperen Sengun,Houston Rockets @ Cleveland Cavaliers,2025-11-20T00:00:00Z,player_points_rebounds_assists,39.5,betrivers,2025-11-19T14:55:14Z,2025-11-19T14:54:58Z,-122.0,-109.0
Amen Thompson,Houston Rockets @ Cleveland Cavaliers,2025-11-20T00:00:00Z,player_points_rebounds_assists,29.5,betrivers,2025-11-19T14:55:14Z,2025-11-19T14:54:58Z,-112.0,-120.0
Evan Mobley,Houston Rockets @ Cleveland Cavaliers,2025-11-20T00:00:00Z,player_points_rebounds_assists,30.5,betrivers,2025-11-19T14:55:14Z,2025-11-19T14:54:58Z,-115.0,-115.0
Kevin Durant,Houston Rockets @ Cleveland Cavaliers,2025-11-20T00:00:00Z,player_points_rebounds_assists,34.5,betrivers,2025-11-19T14:55:14Z,2025-11-19T14:54:58Z,-122.0,-108.0
De'Andre Hunter,Houston Rockets @ Cleveland Cavaliers,2025-11-20T00:00:00Z,player_points_rebounds_assists,23.5,betrivers,2025-11-19T14:55:14Z,2025-11-19T14:54:58Z,-109.0,-122.0
Donovan Mitchell,Houston Rockets @ Cleveland Cavaliers,2025-11-20T00:00:00Z,player_points_rebounds_assists,38.5,betrivers,2025-11-19T14:55:14Z,2025-11-19T14:54:58Z,-115.0,-115.0
Amen Thompson,Houston Rockets @ Cleveland Cavaliers,2025-11-20T00:00:00Z,player_rebounds,5.5,betrivers,2025-11-19T14:55:14Z,2025-11-19T14:54:58Z,-143.0,110.0
De'Andre Hunter,Houston Rockets @ Cleveland Cavaliers,2025-11-20T00:00:00Z,player_rebounds,3.5,betrivers,2025-11-19T14:55:14Z,2025-11-19T14:54:58Z,-155.0,116.0
Sam Merrill,Houston Rockets @ Cleveland Cavaliers,2025-11-20T00:00:00Z,player_rebounds,2.5,betrivers,2025-11-19T14:55:14Z,2025-11-19T14:54:58Z,128.0,-175.0
Kevin Durant,Houston Rockets @ Cleveland Cavaliers,2025-11-20T00:00:00Z,player_rebounds,4.5,betrivers,2025-11-19T14:55:14Z,2025-11-19T14:54:58Z,-130.0,-103.0
Jabari Smith Jr,Houston Rockets @ Cleveland Cavaliers,2025-11-20T00:00:00Z,player_rebounds,6.5,betrivers,2025-11-19T14:55:14Z,2025-11-19T14:54:58Z,-109.0,-122.0
Donovan Mitchell,Houston Rockets @ Cleveland Cavaliers,2025-11-20T00:00:00Z,player_rebounds,4.5,betrivers,2025-11-19T14:55:14Z,2025-11-19T14:54:58Z,118.0,-157.0
Alperen Sengun,Houston Rockets @ Cleveland Cavaliers,2025-11-20T00:00:00Z,player_rebounds,9.5,betrivers,2025-11-19T14:55:14Z,2025-11-19T14:54:58Z,-130.0,-103.0
Josh Okogie,Houston Rockets @ Cleveland Cavaliers,2025-11-20T00:00:00Z,player_rebounds,2.5,betrivers,2025-11-19T14:55:14Z,2025-11-19T14:54:58Z,-165.0,123.0
Lonzo Ball,Houston Rockets @ Cleveland Cavaliers,2025-11-20T00:00:00Z,player_rebounds,3.5,betrivers,2025-11-19T14:55:14Z,2025-11-19T14:54:58Z,112.0,-148.0
Evan Mobley,Houston Rockets @ Cleveland Cavaliers,2025-11-20T00:00:00Z,player_rebounds,8.5,betrivers,2025-11-19T14:55:14Z,2025-11-19T14:54:58Z,100.0,-134.0
Jarrett Allen,Houston Rockets @ Cleveland Cavaliers,2025-11-20T00:00:00Z,player_rebounds,7.5,betrivers,2025-11-19T14:55:14Z,2025-11-19T14:54:58Z,-122.0,-109.0
Reed Sheppard,Houston Rockets @ Cleveland Cavaliers,2025-11-20T00:00:00Z,player_rebounds,2.5,betrivers,2025-11-19T14:55:14Z,2025-11-19T14:54:58Z,-112.0,-120.0
Kevin Durant,Houston Rockets @ Cleveland Cavaliers,2025-11-20T00:00:00Z,player_threes,1.5,betrivers,2025-11-19T14:55:14Z,2025-11-19T14:54:58Z,-195.0,143.0
Lonzo Ball,Houston Rockets @ Cleveland Cavaliers,2025-11-20T00:00:00Z,player_threes,1.5,betrivers,2025-11-19T14:55:14Z,2025-11-19T14:54:58Z,-155.0,116.0
De'Andre Hunter,Houston Rockets @ Cleveland Cavaliers,2025-11-20T00:00:00Z,player_threes,2.5,betrivers,2025-11-19T14:55:14Z,2025-11-19T14:54:58Z,145.0,-195.0
Evan Mobley,Houston Rockets @ Cleveland Cavaliers,2025-11-20T00:00:00Z,player_threes,1.5,betrivers,2025-11-19T14:55:14Z,2025-11-19T14:54:58Z,115.0,-155.0
Donovan Mitchell,Houston Rockets @ Cleveland Cavaliers,2025-11-20T00:00:00Z,player_threes,3.5,betrivers,2025-11-19T14:55:14Z,2025-11-19T14:54:58Z,-125.0,-106.0
Reed Sheppard,Houston Rockets @ Cleveland Cavaliers,2025-11-20T00:00:00Z,player_threes,2.5,betrivers,2025-11-19T14:55:14Z,2025-11-19T14:54:58Z,-106.0,-125.0
Jabari Smith Jr,Houston Rockets @ Cleveland Cavaliers,2025-11-20T00:00:00Z,player_threes,1.5,betrivers,2025-11-19T14:55:14Z,2025-11-19T14:54:58Z,-162.0,120.0
Sam Merrill,Houston Rockets @ Cleveland Cavaliers,2025-11-20T00:00:00Z,player_threes,2.5,betrivers,2025-11-19T14:55:14Z,2025-11-19T14:54:58Z,-152.0,114.0
Alperen Sengun,Houston Rockets @ Cleveland Cavaliers,2025-11-20T00:00:00Z,player_assists,6.5,betonlineag,2025-11-19T14:53:31Z,2025-11-19T14:55:09Z,-123.0,-104.0
Evan Mobley,Houston Rockets @ Cleveland Cavaliers,2025-11-20T00:00:00Z,player_assists,3.5,betonlineag,2025-11-19T14:53:31Z,2025-11-19T14:55:09Z,-133.0,103.0
Sam Merrill,Houston Rockets @ Cleveland Cavaliers,2025-11-20T00:00:00Z,player_assists,2.5,betonlineag,2025-11-19T14:53:31Z,2025-11-19T14:55:09Z,136.0,-179.0
Amen Thompson,Houston Rockets @ Cleveland Cavaliers,2025-11-20T00:00:00Z,player_assists,5.5,betonlineag,2025-11-19T14:53:31Z,2025-11-19T14:55:09Z,122.0,-159.0
Reed Sheppard,Houston Rockets @ Cleveland Cavaliers,2025-11-20T00:00:00Z,player_assists,2.5,betonlineag,2025-11-19T14:53:31Z,2025-11-19T14:55:09Z,-161.0,123.0
Donovan Mitchell,Houston Rockets @ Cleveland Cavaliers,2025-11-20T00:00:00Z,player_assists,5.5,betonlineag,2025-11-19T14:53:31Z,2025-11-19T14:55:09Z,-112.0,-115.0
Kevin Durant,Houston Rockets @ Cleveland Cavaliers,2025-11-20T00:00:00Z,player_assists,3.5,betonlineag,2025-11-19T14:53:31Z,2025-11-19T14:55:09Z,-123.0,-105.0
De'Andre Hunter,Houston Rockets @ Cleveland Cavaliers,2025-11-20T00:00:00Z,player_assists,2.5,betonlineag,2025-11-19T14:53:31Z,2025-11-19T14:55:09Z,103.0,-133.0
Lonzo Ball,Houston Rockets @ Cleveland Cavaliers,2025-11-20T00:00:00Z,player_assists,4.5,betonlineag,2025-11-19T14:53:31Z,2025-11-19T14:55:09Z,-111.0,-116.0
Jarrett Allen,Houston Rockets @ Cleveland Cavaliers,2025-11-20T00:00:00Z,player_points,12.5,betonlineag,2025-11-19T14:53:31Z,2025-11-19T14:55:09Z,-118.0,-110.0
Jabari Smith Jr,Houston Rockets @ Cleveland Cavaliers,2025-11-20T00:00:00Z,player_points,13.5,betonlineag,2025-11-19T14:53:31Z,2025-11-19T14:55:09Z,-105.0,-123.0
Evan Mobley,Houston Rockets @ Cleveland Cavaliers,2025-11-20T00:00:00Z,player_points,18.5,betonlineag,2025-11-19T14:53:31Z,2025-11-19T14:55:09Z,-103.0,-125.0
Alperen Sengun,Houston Rockets @ Cleveland Cavaliers,2025-11-20T00:00:00Z,player_points,22.5,betonlineag,2025-11-19T14:53:31Z,2025-11-19T14:55:09Z,-112.0,-115.0
Amen Thompson,Houston Rockets @ Cleveland Cavaliers,2025-11-20T00:00:00Z,player_points,17.5,betonlineag,2025-11-19T14:53:31Z,2025-11-19T14:55:09Z,-119.0,-109.0
Kevin Durant,Houston Rockets @ Cleveland Cavaliers,2025-11-20T00:00:00Z,player_points,26.5,betonlineag,2025-11-19T14:53:31Z,2025-11-19T14:55:09Z,-105.0,-123.0
De'Andre Hunter,Houston Rockets @ Cleveland Cavaliers,2025-11-20T00:00:00Z,player_points,16.5,betonlineag,2025-11-19T14:53:31Z,2025-11-19T14:55:09Z,-114.0,-114.0
Josh Okogie,Houston Rockets @ Cleveland Cavaliers,2025-11-20T00:00:00Z,player_points,7.5,betonlineag,2025-11-19T14:53:31Z,2025-11-19T14:55:09Z,-112.0,-115.0
Lonzo Ball,Houston Rockets @ Cleveland Cavaliers,2025-11-20T00:00:00Z,player_points,6.5,betonlineag,2025-11-19T14:53:31Z,2025-11-19T14:55:09Z,-116.0,-111.0
Sam Merrill,Houston Rockets @ Cleveland Cavaliers,2025-11-20T00:00:00Z,player_points,10.5,betonlineag,2025-11-19T14:53:31Z,2025-11-19T14:55:09Z,-127.0,-102.0
Reed Sheppard,Houston Rockets @ Cleveland Cavaliers,2025-11-20T00:00:00Z,player_points,12.5,betonlineag,2025-11-19T14:53:31Z,2025-11-19T14:55:09Z,-103.0,-125.0
Donovan Mitchell,Houston Rockets @ Cleveland Cavaliers,2025-11-20T00:00:00Z,player_points,27.5,betonlineag,2025-11-19T14:53:31Z,2025-11-19T14:55:09Z,-114.0,-114.0
Jarrett Allen,Houston Rockets @ Cleveland Cavaliers,2025-11-20T00:00:00Z,player_points_rebounds_assists,22.5,betonlineag,2025-11-19T14:53:31Z,2025-11-19T14:55:09Z,-110.0,-118.0
Evan Mobley,Houston Rockets @ Cleveland Cavaliers,2025-11-20T00:00:00Z,player_points_rebounds_assists,30.5,betonlineag,2025-11-19T14:53:31Z,2025-11-19T14:55:09Z,-116.0,-111.0
Sam Merrill,Houston Rockets @ Cleveland Cavaliers,2025-11-20T00:00:00Z,player_points_rebounds_assists,15.5,betonlineag,2025-11-19T14:53:31Z,2025-11-19T14:55:09Z,-116.0,-111.0
Jabari Smith Jr,Houston Rockets @ Cleveland Cavaliers,2025-11-20T00:00:00Z,player_points_rebounds_assists,21.5,betonlineag,2025-11-19T14:53:31Z,2025-11-19T14:55:09Z,-112.0,-115.0
Amen Thompson,Houston Rockets @ Cleveland Cavaliers,2025-11-20T00:00:00Z,player_points_rebounds_assists,29.5,betonlineag,2025-11-19T14:53:31Z,2025-11-19T14:55:09Z,-111.0,-116.0
Reed Sheppard,Houston Rockets @ Cleveland Cavaliers,2025-11-20T00:00:00Z,player_points_rebounds_assists,17.5,betonlineag,2025-11-19T14:53:31Z,2025-11-19T14:55:09Z,-115.0,-112.0
De'Andre Hunter,Houston Rockets @ Cleveland Cavaliers,2025-11-20T00:00:00Z,player_points_rebounds_assists,23.5,betonlineag,2025-11-19T14:53:31Z,2025-11-19T14:55:09Z,-106.0,-122.0
Josh Okogie,Houston Rockets @ Cleveland Cavaliers,2025-11-20T00:00:00Z,player_points_rebounds_assists,12.5,betonlineag,2025-11-19T14:53:31Z,2025-11-19T14:55:09Z,-102.0,-127.0
Donovan Mitchell,Houston Rockets @ Cleveland Cavaliers,2025-11-20T00:00:00Z,player_points_rebounds_assists,38.5,betonlineag,2025-11-19T14:53:31Z,2025-11-19T14:55:09Z,-125.0,-103.0
Alperen Sengun,Houston Rockets @ Cleveland Cavaliers,2025-11-20T00:00:00Z,player_points_rebounds_assists,39.5,betonlineag,2025-11-19T14:53:31Z,2025-11-19T14:55:09Z,103.0,-133.0
Kevin Durant,Houston Rockets @ Cleveland Cavaliers,2025-11-20T00:00:00Z,player_points_rebounds_assists,34.5,betonlineag,2025-11-19T14:53:31Z,2025-11-19T14:55:09Z,-120.0,-108.0
Lonzo Ball,Houston Rockets @ Cleveland Cavaliers,2025-11-20T00:00:00Z,player_points_rebounds_assists,14.5,betonlineag,2025-11-19T14:53:31Z,2025-11-19T14:55:09Z,-123.0,-105.0
Jarrett Allen,Houston Rockets @ Cleveland Cavaliers,2025-11-20T00:00:00Z,player_rebounds,7.5,betonlineag,2025-11-19T14:53:31Z,2025-11-19T14:55:02Z,-119.0,-109.0
Jabari Smith Jr,Houston Rockets @ Cleveland Cavaliers,2025-11-20T00:00:00Z,player_rebounds,6.5,betonlineag,2025-11-19T14:53:31Z,2025-11-19T14:55:02Z,-130.0,100.0
Alperen Sengun,Houston Rockets @ Cleveland Cavaliers,2025-11-20T00:00:00Z,player_rebounds,9.5,betonlineag,2025-11-19T14:53:31Z,2025-11-19T14:55:02Z,-132.0,102.0
Evan Mobley,Houston Rockets @ Cleveland Cavaliers,2025-11-20T00:00:00Z,player_rebounds,8.5,betonlineag,2025-11-19T14:53:31Z,2025-11-19T14:55:02Z,106.0,-137.0
Donovan Mitchell,Houston Rockets @ Cleveland Cavaliers,2025-11-20T00:00:00Z,player_rebounds,4.5,betonlineag,2025-11-19T14:53:31Z,2025-11-19T14:55:02Z,120.0,-156.0
Reed Sheppard,Houston Rockets @ Cleveland Cavaliers,2025-11-20T00:00:00Z,player_rebounds,2.5,betonlineag,2025-11-19T14:53:31Z,2025-11-19T14:55:02Z,-112.0,-115.0
Sam Merrill,Houston Rockets @ Cleveland Cavaliers,2025-11-20T00:00:00Z,player_rebounds,2.5,betonlineag,2025-11-19T14:53:31Z,2025-11-19T14:55:02Z,126.0,-164.0
Amen Thompson,Houston Rockets @ Cleveland Cavaliers,2025-11-20T00:00:00Z,player_rebounds,6.5,betonlineag,2025-11-19T14:53:31Z,2025-11-19T14:55:02Z,110.0,-143.0
Kevin Durant,Houston Rockets @ Cleveland Cavaliers,2025-11-20T00:00:00Z,player_rebounds,4.5,betonlineag,2025-11-19T14:53:31Z,2025-11-19T14:55:02Z,-130.0,101.0
De'Andre Hunter,Houston Rockets @ Cleveland Cavaliers,2025-11-20T00:00:00Z,player_rebounds,3.5,betonlineag,2025-11-19T14:53:31Z,2025-11-19T14:55:02Z,-154.0,117.0
Lonzo Ball,Houston Rockets @ Cleveland Cavaliers,2025-11-20T00:00:00Z,player_rebounds,3.5,betonlineag,2025-11-19T14:53:31Z,2025-11-19T14:55:02Z,120.0,-156.0
Josh Okogie,Houston Rockets @ Cleveland Cavaliers,2025-11-20T00:00:00Z,player_rebounds,2.5,betonlineag,2025-11-19T14:53:31Z,2025-11-19T14:55:02Z,-154.0,118.0
Evan Mobley,Houston Rockets @ Cleveland Cavaliers,2025-11-20T00:00:00Z,player_threes,1.5,betonlineag,2025-11-19T14:53:31Z,2025-11-19T14:55:09Z,120.0,-156.0
Alperen Sengun,Houston Rockets @ Cleveland Cavaliers,2025-11-20T00:00:00Z,player_threes,0.5,betonlineag,2025-11-19T14:53:31Z,2025-11-19T14:55:09Z,-169.0,130.0
Jabari Smith Jr,Houston Rockets @ Cleveland Cavaliers,2025-11-20T00:00:00Z,player_threes,1.5,betonlineag,2025-11-19T14:53:31Z,2025-11-19T14:55:09Z,-161.0,124.0
Donovan Mitchell,Houston Rockets @ Cleveland Cavaliers,2025-11-20T00:00:00Z,player_threes,3.5,betonlineag,2025-11-19T14:53:31Z,2025-11-19T14:55:09Z,-125.0,-103.0
Reed Sheppard,Houston Rockets @ Cleveland Cavaliers,2025-11-20T00:00:00Z,player_threes,2.5,betonlineag,2025-11-19T14:53:31Z,2025-11-19T14:55:09Z,-103.0,-125.0
Sam Merrill,Houston Rockets @ Cleveland Cavaliers,2025-11-20T00:00:00Z,player_threes,2.5,betonlineag,2025-11-19T14:53:31Z,2025-11-19T14:55:09Z,-161.0,123.0
Amen Thompson,Houston Rockets @ Cleveland Cavaliers,2025-11-20T00:00:00Z,player_threes,0.5,betonlineag,2025-11-19T14:53:31Z,2025-11-19T14:55:09Z,-114.0,-114.0
De'Andre Hunter,Houston Rockets @ Cleveland Cavaliers,2025-11-20T00:00:00Z,player_threes,2.5,betonlineag,2025-11-19T14:53:31Z,2025-11-19T14:55:09Z,136.0,-179.0
Kevin Durant,Houston Rockets @ Cleveland Cavaliers,2025-11-20T00:00:00Z,player_threes,2.5,betonlineag,2025-11-19T14:53:31Z,2025-11-19T14:55:09Z,152.0,-200.0
Lonzo Ball,Houston Rockets @ Cleveland Cavaliers,2025-11-20T00:00:00Z,player_threes,1.5,betonlineag,2025-11-19T14:53:31Z,2025-11-19T14:55:09Z,-141.0,109.0
Josh Okogie,Houston Rockets @ Cleveland Cavaliers,2025-11-20T00:00:00Z,player_threes,0.5,betonlineag,2025-11-19T14:53:31Z,2025-11-19T14:55:09Z,-204.0,155.0
Jarrett Allen,Houston Rockets @ Cleveland Cavaliers,2025-11-20T00:00:00Z,player_assists,1.5,betmgm,2025-11-19T14:54:46Z,2025-11-19T14:55:26Z,-110.0,-120.0
Jabari Smith Jr,Houston Rockets @ Cleveland Cavaliers,2025-11-20T00:00:00Z,player_assists,1.5,betmgm,2025-11-19T14:54:46Z,2025-11-19T14:55:26Z,125.0,-165.0
Alperen Sengun,Houston Rockets @ Cleveland Cavaliers,2025-11-20T00:00:00Z,player_assists,6.5,betmgm,2025-11-19T14:54:46Z,2025-11-19T14:55:26Z,-120.0,-110.0
Josh Okogie,Houston Rockets @ Cleveland Cavaliers,2025-11-20T00:00:00Z,player_assists,1.5,betmgm,2025-11-19T14:54:46Z,2025-11-19T14:55:26Z,130.0,-175.0
Kevin Durant,Houston Rockets @ Cleveland Cavaliers,2025-11-20T00:00:00Z,player_assists,3.5,betmgm,2025-11-19T14:54:46Z,2025-11-19T14:55:26Z,-125.0,-105.0
Evan Mobley,Houston Rockets @ Cleveland Cavaliers,2025-11-20T00:00:00Z,player_assists,3.5,betmgm,2025-11-19T14:54:46Z,2025-11-19T14:55:26Z,-135.0,100.0
De'Andre Hunter,Houston Rockets @ Cleveland Cavaliers,2025-11-20T00:00:00Z,player_assists,2.5,betmgm,2025-11-19T14:54:46Z,2025-11-19T14:55:26Z,110.0,-150.0
Donovan Mitchell,Houston Rockets @ Cleveland Cavaliers,2025-11-20T00:00:00Z,player_assists,5.5,betmgm,2025-11-19T14:54:46Z,2025-11-19T14:55:26Z,100.0,-135.0
Reed Sheppard,Houston Rockets @ Cleveland Cavaliers,2025-11-20T00:00:00Z,player_assists,2.5,betmgm,2025-11-19T14:54:46Z,2025-11-19T14:55:26Z,-160.0,120.0
Sam Merrill,Houston Rockets @ Cleveland Cavaliers,2025-11-20T00:00:00Z,player_assists,1.5,betmgm,2025-11-19T14:54:46Z,2025-11-19T14:55:26Z,-200.0,145.0
Lonzo Ball,Houston Rockets @ Cleveland Cavaliers,2025-11-20T00:00:00Z,player_assists,4.5,betmgm,2025-11-19T14:54:46Z,2025-11-19T14:55:26Z,-110.0,-120.0
Amen Thompson,Houston Rockets @ Cleveland Cavaliers,2025-11-20T00:00:00Z,player_assists,4.5,betmgm,2025-11-19T14:54:46Z,2025-11-19T14:55:26Z,-160.0,120.0
Jarrett Allen,Houston Rockets @ Cleveland Cavaliers,2025-11-20T00:00:00Z,player_blocks,0.5,betmgm,2025-11-19T14:54:46Z,2025-11-19T14:55:26Z,-175.0,125.0
Amen Thompson,Houston Rockets @ Cleveland Cavaliers,2025-11-20T00:00:00Z,player_blocks,0.5,betmgm,2025-11-19T14:54:46Z,2025-11-19T14:55:26Z,-120.0,-115.0
Sam Merrill,Houston Rockets @ Cleveland Cavaliers,2025-11-20T00:00:00Z,player_blocks,0.5,betmgm,2025-11-19T14:54:46Z,2025-11-19T14:55:26Z,300.0,-500.0
Jabari Smith Jr,Houston Rockets @ Cleveland Cavaliers,2025-11-20T00:00:00Z,player_blocks,0.5,betmgm,2025-11-19T14:54:46Z,2025-11-19T14:55:26Z,105.0,-150.0
Alperen Sengun,Houston Rockets @ Cleveland Cavaliers,2025-11-20T00:00:00Z,player_blocks,0.5,betmgm,2025-11-19T14:54:46Z,2025-11-19T14:55:26Z,-155.0,110.0
Josh Okogie,Houston Rockets @ Cleveland Cavaliers,2025-11-20T00:00:00Z,player_blocks,0.5,betmgm,2025-11-19T14:54:46Z,2025-11-19T14:55:26Z,195.0,-285.0
Kevin Durant,Houston Rockets @ Cleveland Cavaliers,2025-11-20T00:00:00Z,player_blocks,0.5,betmgm,2025-11-19T14:54:46Z,2025-11-19T14:55:26Z,105.0,-145.0
Evan Mobley,Houston Rockets @ Cleveland Cavaliers,2025-11-20T00:00:00Z,player_blocks,1.5,betmgm,2025-11-19T14:54:46Z,2025-11-19T14:55:26Z,-105.0,-135.0
De'Andre Hunter,Houston Rockets @ Cleveland Cavaliers,2025-11-20T00:00:00Z,player_blocks,0.5,betmgm,2025-11-19T14:54:46Z,2025-11-19T14:55:26Z,250.0,-400.0
Donovan Mitchell,Houston Rockets @ Cleveland Cavaliers,2025-11-20T00:00:00Z,player_blocks,0.5,betmgm,2025-11-19T14:54:46Z,2025-11-19T14:55:26Z,170.0,-250.0
Jarrett Allen,Houston Rockets @ Cleveland Cavaliers,2025-11-20T00:00:00Z,player_double_double,,betmgm,2025-11-19T14:54:46Z,2025-11-19T14:55:26Z,,
Amen Thompson,Houston Rockets @ Cleveland Cavaliers,2025-11-20T00:00:00Z,player_double_double,,betmgm,2025-11-19T14:54:46Z,2025-11-19T14:55:26Z,,
Jabari Smith Jr,Houston Rockets @ Cleveland Cavaliers,2025-11-20T00:00:00Z,player_double_double,,betmgm,2025-11-19T14:54:46Z,2025-11-19T14:55:26Z,,
Alperen Sengun,Houston Rockets @ Cleveland Cavaliers,2025-11-20T00:00:00Z,player_double_double,,betmgm,2025-11-19T14:54:46Z,2025-11-19T14:55:26Z,,
Kevin Durant,Houston Rockets @ Cleveland Cavaliers,2025-11-20T00:00:00Z,player_double_double,,betmgm,2025-11-19T14:54:46Z,2025-11-19T14:55:26Z,,
Evan Mobley,Houston Rockets @ Cleveland Cavaliers,2025-11-20T00:00:00Z,player_double_double,,betmgm,2025-11-19T14:54:46Z,2025-11-19T14:55:26Z,,
De'Andre Hunter,Houston Rockets @ Cleveland Cavaliers,2025-11-20T00:00:00Z,player_double_double,,betmgm,2025-11-19T14:54:46Z,2025-11-19T14:55:26Z,,
Donovan Mitchell,Houston Rockets @ Cleveland Cavaliers,2025-11-20T00:00:00Z,player_double_double,,betmgm,2025-11-19T14:54:46Z,2025-11-19T14:55:26Z,,
Jarrett Allen,Houston Rockets @ Cleveland Cavaliers,2025-11-20T00:00:00Z,player_points,12.5,betmgm,2025-11-19T14:54:46Z,2025-11-19T14:55:26Z,-120.0,-110.0
Amen Thompson,Houston Rockets @ Cleveland Cavaliers,2025-11-20T00:00:00Z,player_points,17.5,betmgm,2025-11-19T14:54:46Z,2025-11-19T14:55:26Z,-120.0,-110.0
Jabari Smith Jr,Houston Rockets @ Cleveland Cavaliers,2025-11-20T00:00:00Z,player_points,13.5,betmgm,2025-11-19T14:54:46Z,2025-11-19T14:55:26Z,-110.0,-120.0
Alperen Sengun,Houston Rockets @ Cleveland Cavaliers,2025-11-20T00:00:00Z,player_points,22.5,betmgm,2025-11-19T14:54:46Z,2025-11-19T14:55:26Z,-118.0,-110.0
Josh Okogie,Houston Rockets @ Cleveland Cavaliers,2025-11-20T00:00:00Z,player_points,7.5,betmgm,2025-11-19T14:54:46Z,2025-11-19T14:55:26Z,-135.0,100.0
Kevin Durant,Houston Rockets @ Cleveland Cavaliers,2025-11-20T00:00:00Z,player_points,26.5,betmgm,2025-11-19T14:54:46Z,2025-11-19T14:55:26Z,-115.0,-118.0
Evan Mobley,Houston Rockets @ Cleveland Cavaliers,2025-11-20T00:00:00Z,player_points,18.5,betmgm,2025-11-19T14:54:46Z,2025-11-19T14:55:26Z,-105.0,-125.0
De'Andre Hunter,Houston Rockets @ Cleveland Cavaliers,2025-11-20T00:00:00Z,player_points,16.5,betmgm,2025-11-19T14:54:46Z,2025-11-19T14:55:26Z,-115.0,-115.0
Donovan Mitchell,Houston Rockets @ Cleveland Cavaliers,2025-11-20T00:00:00Z,player_points,28.5,betmgm,2025-11-19T14:54:46Z,2025-11-19T14:55:26Z,-110.0,-118.0
Reed Sheppard,Houston Rockets @ Cleveland Cavaliers,2025-11-20T00:00:00Z,player_points,11.5,betmgm,2025-11-19T14:54:46Z,2025-11-19T14:55:26Z,-120.0,-110.0
Sam Merrill,Houston Rockets @ Cleveland Cavaliers,2025-11-20T00:00:00Z,player_points,11.5,betmgm,2025-11-19T14:54:46Z,2025-11-19T14:55:26Z,-105.0,-125.0
Lonzo Ball,Houston Rockets @ Cleveland Cavaliers,2025-11-20T00:00:00Z,player_points,6.5,betmgm,2025-11-19T14:54:46Z,2025-11-19T14:55:26Z,-125.0,-110.0
Jarrett Allen,Houston Rockets @ Cleveland Cavaliers,2025-11-20T00:00:00Z,player_points_rebounds_assists,22.5,betmgm,2025-11-19T14:54:46Z,2025-11-19T14:55:26Z,-115.0,-115.0
Amen Thompson,Houston Rockets @ Cleveland Cavaliers,2025-11-20T00:00:00Z,player_points_rebounds_assists,29.5,betmgm,2025-11-19T14:54:46Z,2025-11-19T14:55:26Z,-115.0,-115.0
Sam Merrill,Houston Rockets @ Cleveland Cavaliers,2025-11-20T00:00:00Z,player_points_rebounds_assists,15.5,betmgm,2025-11-19T14:54:46Z,2025-11-19T14:55:26Z,-125.0,-105.0
Jabari Smith Jr,Houston Rockets @ Cleveland Cavaliers,2025-11-20T00:00:00Z,player_points_rebounds_assists,21.5,betmgm,2025-11-19T14:54:46Z,2025-11-19T14:55:26Z,-115.0,-115.0
Alperen Sengun,Houston Rockets @ Cleveland Cavaliers,2025-11-20T00:00:00Z,player_points_rebounds_assists,39.5,betmgm,2025-11-19T14:54:46Z,2025-11-19T14:55:26Z,-110.0,-120.0
Josh Okogie,Houston Rockets @ Cleveland Cavaliers,2025-11-20T00:00:00Z,player_points_rebounds_assists,12.5,betmgm,2025-11-19T14:54:46Z,2025-11-19T14:55:26Z,-115.0,-115.0
Kevin Durant,Houston Rockets @ Cleveland Cavaliers,2025-11-20T00:00:00Z,player_points_rebounds_assists,34.5,betmgm,2025-11-19T14:54:46Z,2025-11-19T14:55:26Z,-130.0,-105.0
Evan Mobley,Houston Rockets @ Cleveland Cavaliers,2025-11-20T00:00:00Z,player_points_rebounds_assists,30.5,betmgm,2025-11-19T14:54:46Z,2025-11-19T14:55:26Z,-115.0,-115.0
De'Andre Hunter,Houston Rockets @ Cleveland Cavaliers,2025-11-20T00:00:00Z,player_points_rebounds_assists,22.5,betmgm,2025-11-19T14:54:46Z,2025-11-19T14:55:26Z,-125.0,-105.0
Donovan Mitchell,Houston Rockets @ Cleveland Cavaliers,2025-11-20T00:00:00Z,player_points_rebounds_assists,38.5,betmgm,2025-11-19T14:54:46Z,2025-11-19T14:55:26Z,-120.0,-110.0
Reed Sheppard,Houston Rockets @ Cleveland Cavaliers,2025-11-20T00:00:00Z,player_points_rebounds_assists,17.5,betmgm,2025-11-19T14:54:46Z,2025-11-19T14:55:26Z,-118.0,-110.0
Lonzo Ball,Houston Rockets @ Cleveland Cavaliers,2025-11-20T00:00:00Z,player_points_rebounds_assists,15.5,betmgm,2025-11-19T14:54:46Z,2025-11-19T14:55:26Z,-110.0,-120.0
Jarrett Allen,Houston Rockets @ Cleveland Cavaliers,2025-11-20T00:00:00Z,player_rebounds,7.5,betmgm,2025-11-19T14:54:46Z,2025-11-19T14:55:26Z,-135.0,100.0
Amen Thompson,Houston Rockets @ Cleveland Cavaliers,2025-11-20T00:00:00Z,player_rebounds,6.5,betmgm,2025-11-19T14:54:46Z,2025-11-19T14:55:26Z,100.0,-135.0
Sam Merrill,Houston Rockets @ Cleveland Cavaliers,2025-11-20T00:00:00Z,player_rebounds,2.5,betmgm,2025-11-19T14:54:46Z,2025-11-19T14:55:26Z,130.0,-175.0
Jabari Smith Jr,Houston Rockets @ Cleveland Cavaliers,2025-11-20T00:00:00Z,player_rebounds,6.5,betmgm,2025-11-19T14:54:46Z,2025-11-19T14:55:26Z,-118.0,-110.0
Alperen Sengun,Houston Rockets @ Cleveland Cavaliers,2025-11-20T00:00:00Z,player_rebounds,9.5,betmgm,2025-11-19T14:54:46Z,2025-11-19T14:55:26Z,-135.0,100.0
Josh Okogie,Houston Rockets @ Cleveland Cavaliers,2025-11-20T00:00:00Z,player_rebounds,2.5,betmgm,2025-11-19T14:54:46Z,2025-11-19T14:55:26Z,-155.0,115.0
Kevin Durant,Houston Rockets @ Cleveland Cavaliers,2025-11-20T00:00:00Z,player_rebounds,4.5,betmgm,2025-11-19T14:54:46Z,2025-11-19T14:55:26Z,-118.0,-110.0
Evan Mobley,Houston Rockets @ Cleveland Cavaliers,2025-11-20T00:00:00Z,player_rebounds,8.5,betmgm,2025-11-19T14:54:46Z,2025-11-19T14:55:26Z,100.0,-135.0
De'Andre Hunter,Houston Rockets @ Cleveland Cavaliers,2025-11-20T00:00:00Z,player_rebounds,3.5,betmgm,2025-11-19T14:54:46Z,2025-11-19T14:55:26Z,-145.0,110.0
Donovan Mitchell,Houston Rockets @ Cleveland Cavaliers,2025-11-20T00:00:00Z,player_rebounds,4.5,betmgm,2025-11-19T14:54:46Z,2025-11-19T14:55:26Z,115.0,-150.0
Reed Sheppard,Houston Rockets @ Cleveland Cavaliers,2025-11-20T00:00:00Z,player_rebounds,2.5,betmgm,2025-11-19T14:54:46Z,2025-11-19T14:55:26Z,-125.0,-110.0
Lonzo Ball,Houston Rockets @ Cleveland Cavaliers,2025-11-20T00:00:00Z,player_rebounds,3.5,betmgm,2025-11-19T14:54:46Z,2025-11-19T14:55:26Z,110.0,-145.0
Amen Thompson,Houston Rockets @ Cleveland Cavaliers,2025-11-20T00:00:00Z,player_threes,0.5,betmgm,2025-11-19T14:54:46Z,2025-11-19T14:55:26Z,-110.0,-120.0
Sam Merrill,Houston Rockets @ Cleveland Cavaliers,2025-11-20T00:00:00Z,player_threes,2.5,betmgm,2025-11-19T14:54:46Z,2025-11-19T14:55:26Z,-185.0,135.0
Jabari Smith Jr,Houston Rockets @ Cleveland Cavaliers,2025-11-20T00:00:00Z,player_threes,1.5,betmgm,2025-11-19T14:54:46Z,2025-11-19T14:55:26Z,-160.0,120.0
Alperen Sengun,Houston Rockets @ Cleveland Cavaliers,2025-11-20T00:00:00Z,player_threes,0.5,betmgm,2025-11-19T14:54:46Z,2025-11-19T14:55:26Z,-190.0,145.0
Josh Okogie,Houston Rockets @ Cleveland Cavaliers,2025-11-20T00:00:00Z,player_threes,0.5,betmgm,2025-11-19T14:54:46Z,2025-11-19T14:55:26Z,-235.0,175.0
Kevin Durant,Houston Rockets @ Cleveland Cavaliers,2025-11-20T00:00:00Z,player_threes,2.5,betmgm,2025-11-19T14:54:46Z,2025-11-19T14:55:26Z,145.0,-200.0
Evan Mobley,Houston Rockets @ Cleveland Cavaliers,2025-11-20T00:00:00Z,player_threes,1.5,betmgm,2025-11-19T14:54:46Z,2025-11-19T14:55:26Z,110.0,-150.0
De'Andre Hunter,Houston Rockets @ Cleveland Cavaliers,2025-11-20T00:00:00Z,player_threes,2.5,betmgm,2025-11-19T14:54:46Z,2025-11-19T14:55:26Z,120.0,-160.0
Donovan Mitchell,Houston Rockets @ Cleveland Cavaliers,2025-11-20T00:00:00Z,player_threes,3.5,betmgm,2025-11-19T14:54:46Z,2025-11-19T14:55:26Z,-140.0,105.0
Reed Sheppard,Houston Rockets @ Cleveland Cavaliers,2025-11-20T00:00:00Z,player_threes,2.5,betmgm,2025-11-19T14:54:46Z,2025-11-19T14:55:26Z,-105.0,-125.0
Lonzo Ball,Houston Rockets @ Cleveland Cavaliers,2025-11-20T00:00:00Z,player_threes,1.5,betmgm,2025-11-19T14:54:46Z,2025-11-19T14:55:26Z,-140.0,105.0
Amen Thompson,Houston Rockets @ Cleveland Cavaliers,2025-11-20T00:00:00Z,player_triple_double,,betmgm,2025-11-19T14:54:46Z,2025-11-19T14:55:26Z,,
Alperen Sengun,Houston Rockets @ Cleveland Cavaliers,2025-11-20T00:00:00Z,player_triple_double,,betmgm,2025-11-19T14:54:46Z,2025-11-19T14:55:26Z,,
Alperen Sengun,Houston Rockets @ Cleveland Cavaliers,2025-11-20T00:00:00Z,player_assists,5.5,bovada,2025-11-19T14:54:31Z,2025-11-19T14:53:52Z,130.0,-170.0
Amen Thompson,Houston Rockets @ Cleveland Cavaliers,2025-11-20T00:00:00Z,player_assists,4.5,bovada,2025-11-19T14:54:31Z,2025-11-19T14:53:52Z,130.0,-170.0
De'Andre Hunter,Houston Rockets @ Cleveland Cavaliers,2025-11-20T00:00:00Z,player_assists,1.5,bovada,2025-11-19T14:54:31Z,2025-11-19T14:53:52Z,105.0,-135.0
Donovan Mitchell,Houston Rockets @ Cleveland Cavaliers,2025-11-20T00:00:00Z,player_assists,4.5,bovada,2025-11-19T14:54:31Z,2025-11-19T14:53:52Z,165.0,-220.0
Evan Mobley,Houston Rockets @ Cleveland Cavaliers,2025-11-20T00:00:00Z,player_assists,3.5,bovada,2025-11-19T14:54:31Z,2025-11-19T14:53:52Z,150.0,-200.0
Kevin Durant,Houston Rockets @ Cleveland Cavaliers,2025-11-20T00:00:00Z,player_assists,3.5,bovada,2025-11-19T14:54:31Z,2025-11-19T14:53:52Z,155.0,-210.0
Lonzo Ball,Houston Rockets @ Cleveland Cavaliers,2025-11-20T00:00:00Z,player_assists,3.5,bovada,2025-11-19T14:54:31Z,2025-11-19T14:53:52Z,175.0,-240.0
Reed Sheppard,Houston Rockets @ Cleveland Cavaliers,2025-11-20T00:00:00Z,player_assists,2.5,bovada,2025-11-19T14:54:31Z,2025-11-19T14:53:52Z,150.0,-200.0
Alperen Sengun,Houston Rockets @ Cleveland Cavaliers,2025-11-20T00:00:00Z,player_double_double,,bovada,2025-11-19T14:54:31Z,2025-11-19T14:55:05Z,,
Evan Mobley,Houston Rockets @ Cleveland Cavaliers,2025-11-20T00:00:00Z,player_double_double,,bovada,2025-11-19T14:54:31Z,2025-11-19T14:55:05Z,,
Jarrett Allen,Houston Rockets @ Cleveland Cavaliers,2025-11-20T00:00:00Z,player_double_double,,bovada,2025-11-19T14:54:31Z,2025-11-19T14:55:05Z,,
Amen Thompson,Houston Rockets @ Cleveland Cavaliers,2025-11-20T00:00:00Z,player_double_double,,bovada,2025-11-19T14:54:31Z,2025-11-19T14:55:05Z,,
Jabari Smith Jr,Houston Rockets @ Cleveland Cavaliers,2025-11-20T00:00:00Z,player_double_double,,bovada,2025-11-19T14:54:31Z,2025-11-19T14:55:05Z,,
Donovan Mitchell,Houston Rockets @ Cleveland Cavaliers,2025-11-20T00:00:00Z,player_double_double,,bovada,2025-11-19T14:54:31Z,2025-11-19T14:55:05Z,,
Kevin Durant,Houston Rockets @ Cleveland Cavaliers,2025-11-20T00:00:00Z,player_double_double,,bovada,2025-11-19T14:54:31Z,2025-11-19T14:55:05Z,,
De'Andre Hunter,Houston Rockets @ Cleveland Cavaliers,2025-11-20T00:00:00Z,player_double_double,,bovada,2025-11-19T14:54:31Z,2025-11-19T14:55:05Z,,
Lonzo Ball,Houston Rockets @ Cleveland Cavaliers,2025-11-20T00:00:00Z,player_double_double,,bovada,2025-11-19T14:54:31Z,2025-11-19T14:55:05Z,,
Alperen Sengun,Houston Rockets @ Cleveland Cavaliers,2025-11-20T00:00:00Z,player_points,18.5,bovada,2025-11-19T14:54:31Z,2025-11-19T14:53:52Z,200.0,-275.0
Amen Thompson,Houston Rockets @ Cleveland Cavaliers,2025-11-20T00:00:00Z,player_points,14.5,bovada,2025-11-19T14:54:31Z,2025-11-19T14:53:52Z,205.0,-280.0
De'Andre Hunter,Houston Rockets @ Cleveland Cavaliers,2025-11-20T00:00:00Z,player_points,13.5,bovada,2025-11-19T14:54:31Z,2025-11-19T14:53:52Z,215.0,-300.0
Donovan Mitchell,Houston Rockets @ Cleveland Cavaliers,2025-11-20T00:00:00Z,player_points,24.5,bovada,2025-11-19T14:54:31Z,2025-11-19T14:53:52Z,210.0,-290.0
Evan Mobley,Houston Rockets @ Cleveland Cavaliers,2025-11-20T00:00:00Z,player_points,15.5,bovada,2025-11-19T14:54:31Z,2025-11-19T14:53:52Z,175.0,-240.0
Jabari Smith Jr,Houston Rockets @ Cleveland Cavaliers,2025-11-20T00:00:00Z,player_points,10.5,bovada,2025-11-19T14:54:31Z,2025-11-19T14:53:52Z,170.0,-230.0
Jarrett Allen,Houston Rockets @ Cleveland Cavaliers,2025-11-20T00:00:00Z,player_points,10.5,bovada,2025-11-19T14:54:31Z,2025-11-19T14:53:52Z,180.0,-245.0
Josh Okogie,Houston Rockets @ Cleveland Cavaliers,2025-11-20T00:00:00Z,player_points,5.5,bovada,2025-11-19T14:54:31Z,2025-11-19T14:53:52Z,165.0,-220.0
Kevin Durant,Houston Rockets @ Cleveland Cavaliers,2025-11-20T00:00:00Z,player_points,21.5,bovada,2025-11-19T14:54:31Z,2025-11-19T14:53:52Z,180.0,-245.0
Lonzo Ball,Houston Rockets @ Cleveland Cavaliers,2025-11-20T00:00:00Z,player_points,4.5,bovada,2025-11-19T14:54:31Z,2025-11-19T14:53:52Z,170.0,-230.0
Reed Sheppard,Houston Rockets @ Cleveland Cavaliers,2025-11-20T00:00:00Z,player_points,9.5,bovada,2025-11-19T14:54:31Z,2025-11-19T14:53:52Z,165.0,-220.0
Sam Merrill,Houston Rockets @ Cleveland Cavaliers,2025-11-20T00:00:00Z,player_points,8.5,bovada,2025-11-19T14:54:31Z,2025-11-19T14:53:52Z,170.0,-230.0
Alperen Sengun,Houston Rockets @ Cleveland Cavaliers,2025-11-20T00:00:00Z,player_points_rebounds_assists,36.5,bovada,2025-11-19T14:54:31Z,2025-11-19T14:53:52Z,105.0,-135.0
Amen Thompson,Houston Rockets @ Cleveland Cavaliers,2025-11-20T00:00:00Z,player_points_rebounds_assists,26.5,bovada,2025-11-19T14:54:31Z,2025-11-19T14:53:52Z,110.0,-145.0
De'Andre Hunter,Houston Rockets @ Cleveland Cavaliers,2025-11-20T00:00:00Z,player_points_rebounds_assists,20.5,bovada,2025-11-19T14:54:31Z,2025-11-19T14:53:52Z,110.0,-145.0
Donovan Mitchell,Houston Rockets @ Cleveland Cavaliers,2025-11-20T00:00:00Z,player_points_rebounds_assists,36.5,bovada,2025-11-19T14:54:31Z,2025-11-19T14:53:52Z,115.0,-150.0
Evan Mobley,Houston Rockets @ Cleveland Cavaliers,2025-11-20T00:00:00Z,player_points_rebounds_assists,28.5,bovada,2025-11-19T14:54:31Z,2025-11-19T14:53:52Z,120.0,-160.0
Kevin Durant,Houston Rockets @ Cleveland Cavaliers,2025-11-20T00:00:00Z,player_points_rebounds_assists,32.5,bovada,2025-11-19T14:54:31Z,2025-11-19T14:53:52Z,100.0,-130.0
Lonzo Ball,Houston Rockets @ Cleveland Cavaliers,2025-11-20T00:00:00Z,player_points_rebounds_assists,12.5,bovada,2025-11-19T14:54:31Z,2025-11-19T14:53:52Z,130.0,-170.0
Reed Sheppard,Houston Rockets @ Cleveland Cavaliers,2025-11-20T00:00:00Z,player_points_rebounds_assists,15.5,bovada,2025-11-19T14:54:31Z,2025-11-19T14:53:52Z,130.0,-170.0
Alperen Sengun,Houston Rockets @ Cleveland Cavaliers,2025-11-20T00:00:00Z,player_rebounds,8.5,bovada,2025-11-19T14:54:31Z,2025-11-19T14:53:52Z,170.0,-230.0
Amen Thompson,Houston Rockets @ Cleveland Cavaliers,2025-11-20T00:00:00Z,player_rebounds,5.5,bovada,2025-11-19T14:54:31Z,2025-11-19T14:53:52Z,190.0,-260.0
De'Andre Hunter,Houston Rockets @ Cleveland Cavaliers,2025-11-20T00:00:00Z,player_rebounds,3.5,bovada,2025-11-19T14:54:31Z,2025-11-19T14:53:52Z,120.0,-160.0
Donovan Mitchell,Houston Rockets @ Cleveland Cavaliers,2025-11-20T00:00:00Z,player_rebounds,3.5,bovada,2025-11-19T14:54:31Z,2025-11-19T14:53:52Z,210.0,-290.0
Evan Mobley,Houston Rockets @ Cleveland Cavaliers,2025-11-20T00:00:00Z,player_rebounds,6.5,bovada,2025-11-19T14:54:31Z,2025-11-19T14:53:52Z,165.0,-220.0
Jabari Smith Jr,Houston Rockets @ Cleveland Cavaliers,2025-11-20T00:00:00Z,player_rebounds,5.5,bovada,2025-11-19T14:54:31Z,2025-11-19T14:53:52Z,150.0,-200.0
Jarrett Allen,Houston Rockets @ Cleveland Cavaliers,2025-11-20T00:00:00Z,player_rebounds,6.5,bovada,2025-11-19T14:54:31Z,2025-11-19T14:53:52Z,200.0,-275.0
Kevin Durant,Houston Rockets @ Cleveland Cavaliers,2025-11-20T00:00:00Z,player_rebounds,3.5,bovada,2025-11-19T14:54:31Z,2025-11-19T14:53:52Z,140.0,-185.0
Lonzo Ball,Houston Rockets @ Cleveland Cavaliers,2025-11-20T00:00:00Z,player_rebounds,2.5,bovada,2025-11-19T14:54:31Z,2025-11-19T14:53:52Z,110.0,-145.0
Reed Sheppard,Houston Rockets @ Cleveland Cavaliers,2025-11-20T00:00:00Z,player_rebounds,2.5,bovada,2025-11-19T14:54:31Z,2025-11-19T14:53:52Z,200.0,-275.0
Sam Merrill,Houston Rockets @ Cleveland Cavaliers,2025-11-20T00:00:00Z,player_rebounds,1.5,bovada,2025-11-19T14:54:31Z,2025-11-19T14:53:52Z,120.0,-160.0
De'Andre Hunter,Houston Rockets @ Cleveland Cavaliers,2025-11-20T00:00:00Z,player_threes,1.5,bovada,2025-11-19T14:54:31Z,2025-11-19T14:53:52Z,130.0,-170.0
Donovan Mitchell,Houston Rockets @ Cleveland Cavaliers,2025-11-20T00:00:00Z,player_threes,3.5,bovada,2025-11-19T14:54:31Z,2025-11-19T14:53:52Z,160.0,-215.0
Evan Mobley,Houston Rockets @ Cleveland Cavaliers,2025-11-20T00:00:00Z,player_threes,1.5,bovada,2025-11-19T14:54:31Z,2025-11-19T14:53:52Z,120.0,-160.0
Jabari Smith Jr,Houston Rockets @ Cleveland Cavaliers,2025-11-20T00:00:00Z,player_threes,1.5,bovada,2025-11-19T14:54:31Z,2025-11-19T14:53:52Z,175.0,-240.0
Kevin Durant,Houston Rockets @ Cleveland Cavaliers,2025-11-20T00:00:00Z,player_threes,1.5,bovada,2025-11-19T14:54:31Z,2025-11-19T14:53:52Z,150.0,-200.0
Lonzo Ball,Houston Rockets @ Cleveland Cavaliers,2025-11-20T00:00:00Z,player_threes,1.5,bovada,2025-11-19T14:54:31Z,2025-11-19T14:53:52Z,-135.0,105.0
Reed Sheppard,Houston Rockets @ Cleveland Cavaliers,2025-11-20T00:00:00Z,player_threes,2.5,bovada,2025-11-19T14:54:31Z,2025-11-19T14:53:52Z,-110.0,-120.0
Sam Merrill,Houston Rockets @ Cleveland Cavaliers,2025-11-20T00:00:00Z,player_threes,2.5,bovada,2025-11-19T14:54:31Z,2025-11-19T14:53:52Z,155.0,-210.0
Alperen Sengun,Houston Rockets @ Cleveland Cavaliers,2025-11-20T00:00:00Z,player_triple_double,,bovada,2025-11-19T14:54:31Z,2025-11-19T14:55:05Z,,
Amen Thompson,Houston Rockets @ Cleveland Cavaliers,2025-11-20T00:00:00Z,player_triple_double,,bovada,2025-11-19T14:54:31Z,2025-11-19T14:55:05Z,,
Evan Mobley,Houston Rockets @ Cleveland Cavaliers,2025-11-20T00:00:00Z,player_triple_double,,bovada,2025-11-19T14:54:31Z,2025-11-19T14:55:05Z,,
Tyrese Maxey,Toronto Raptors @ Philadelphia 76ers,2025-11-20T00:00:00Z,player_assists,6.5,draftkings,2025-11-19T14:54:30Z,2025-11-19T14:54:58Z,-141.0,107.0
Immanuel Quickley,Toronto Raptors @ Philadelphia 76ers,2025-11-20T00:00:00Z,player_assists,6.5,draftkings,2025-11-19T14:54:30Z,2025-11-19T14:54:58Z,111.0,-146.0
Scottie Barnes,Toronto Raptors @ Philadelphia 76ers,2025-11-20T00:00:00Z,player_assists,5.5,draftkings,2025-11-19T14:54:30Z,2025-11-19T14:54:58Z,110.0,-145.0
Brandon Ingram,Toronto Raptors @ Philadelphia 76ers,2025-11-20T00:00:00Z,player_assists,3.5,draftkings,2025-11-19T14:54:30Z,2025-11-19T14:54:58Z,-161.0,122.0
VJ Edgecombe,Toronto Raptors @ Philadelphia 76ers,2025-11-20T00:00:00Z,player_assists,3.5,draftkings,2025-11-19T14:54:30Z,2025-11-19T14:54:58Z,-154.0,117.0
R.J. Barrett,Toronto Raptors @ Philadelphia 76ers,2025-11-20T00:00:00Z,player_assists,3.5,draftkings,2025-11-19T14:54:30Z,2025-11-19T14:54:58Z,-143.0,109.0
Quentin Grimes,Toronto Raptors @ Philadelphia 76ers,2025-11-20T00:00:00Z,player_assists,3.5,draftkings,2025-11-19T14:54:30Z,2025-11-19T14:54:58Z,-140.0,106.0
Jakob Poeltl,Toronto Raptors @ Philadelphia 76ers,2025-11-20T00:00:00Z,player_assists,2.5,draftkings,2025-11-19T14:54:30Z,2025-11-19T14:54:58Z,139.0,-184.0
Andre Drummond,Toronto Raptors @ Philadelphia 76ers,2025-11-20T00:00:00Z,player_assists,1.5,draftkings,2025-11-19T14:54:30Z,2025-11-19T14:54:58Z,114.0,-150.0
Scottie Barnes,Toronto Raptors @ Philadelphia 76ers,2025-11-20T00:00:00Z,player_blocks,1.5,draftkings,2025-11-19T14:54:30Z,2025-11-19T14:54:58Z,105.0,-140.0
Jakob Poeltl,Toronto Raptors @ Philadelphia 76ers,2025-11-20T00:00:00Z,player_blocks,0.5,draftkings,2025-11-19T14:54:30Z,2025-11-19T14:54:58Z,-198.0,147.0
Andre Drummond,Toronto Raptors @ Philadelphia 76ers,2025-11-20T00:00:00Z,player_double_double,,draftkings,2025-11-19T14:54:30Z,2025-11-19T14:54:58Z,,
Jakob Poeltl,Toronto Raptors @ Philadelphia 76ers,2025-11-20T00:00:00Z,player_double_double,,draftkings,2025-11-19T14:54:30Z,2025-11-19T14:54:58Z,,
Scottie Barnes,Toronto Raptors @ Philadelphia 76ers,2025-11-20T00:00:00Z,player_double_double,,draftkings,2025-11-19T14:54:30Z,2025-11-19T14:54:58Z,,
Tyrese Maxey,Toronto Raptors @ Philadelphia 76ers,2025-11-20T00:00:00Z,player_double_double,,draftkings,2025-11-19T14:54:30Z,2025-11-19T14:54:58Z,,
Immanuel Quickley,Toronto Raptors @ Philadelphia 76ers,2025-11-20T00:00:00Z,player_double_double,,draftkings,2025-11-19T14:54:30Z,2025-11-19T14:54:58Z,,
Brandon Ingram,Toronto Raptors @ Philadelphia 76ers,2025-11-20T00:00:00Z,player_double_double,,draftkings,2025-11-19T14:54:30Z,2025-11-19T14:54:58Z,,
R.J. Barrett,Toronto Raptors @ Philadelphia 76ers,2025-11-20T00:00:00Z,player_double_double,,draftkings,2025-11-19T14:54:30Z,2025-11-19T14:54:58Z,,
VJ Edgecombe,Toronto Raptors @ Philadelphia 76ers,2025-11-20T00:00:00Z,player_double_double,,draftkings,2025-11-19T14:54:30Z,2025-11-19T14:54:58Z,,
Quentin Grimes,Toronto Raptors @ Philadelphia 76ers,2025-11-20T00:00:00Z,player_double_double,,draftkings,2025-11-19T14:54:30Z,2025-11-19T14:54:58Z,,
Tyrese Maxey,Toronto Raptors @ Philadelphia 76ers,2025-11-20T00:00:00Z,player_points,30.5,draftkings,2025-11-19T14:54:30Z,2025-11-19T14:54:58Z,-120.0,-106.0
Brandon Ingram,Toronto Raptors @ Philadelphia 76ers,2025-11-20T00:00:00Z,player_points,20.5,draftkings,2025-11-19T14:54:30Z,2025-11-19T14:54:58Z,-111.0,-115.0
Scottie Barnes,Toronto Raptors @ Philadelphia 76ers,2025-11-20T00:00:00Z,player_points,18.5,draftkings,2025-11-19T14:54:30Z,2025-11-19T14:54:58Z,-118.0,-108.0
R.J. Barrett,Toronto Raptors @ Philadelphia 76ers,2025-11-20T00:00:00Z,player_points,18.5,draftkings,2025-11-19T14:54:30Z,2025-11-19T14:54:58Z,-112.0,-114.0
Immanuel Quickley,Toronto Raptors @ Philadelphia 76ers,2025-11-20T00:00:00Z,player_points,16.5,draftkings,2025-11-19T14:54:30Z,2025-11-19T14:54:58Z,-105.0,-122.0
Quentin Grimes,Toronto Raptors @ Philadelphia 76ers,2025-11-20T00:00:00Z,player_points,15.5,draftkings,2025-11-19T14:54:30Z,2025-11-19T14:54:58Z,-122.0,-104.0
VJ Edgecombe,Toronto Raptors @ Philadelphia 76ers,2025-11-20T00:00:00Z,player_points,15.5,draftkings,2025-11-19T14:54:30Z,2025-11-19T14:54:58Z,-115.0,-111.0
Jakob Poeltl,Toronto Raptors @ Philadelphia 76ers,2025-11-20T00:00:00Z,player_points,12.5,draftkings,2025-11-19T14:54:30Z,2025-11-19T14:54:58Z,-112.0,-114.0
Andre Drummond,Toronto Raptors @ Philadelphia 76ers,2025-11-20T00:00:00Z,player_points,11.5,draftkings,2025-11-19T14:54:30Z,2025-11-19T14:54:58Z,-105.0,-121.0
Sandro Mamukelashvili,Toronto Raptors @ Philadelphia 76ers,2025-11-20T00:00:00Z,player_points,8.5,draftkings,2025-11-19T14:54:30Z,2025-11-19T14:54:58Z,-103.0,-124.0
Tyrese Maxey,Toronto Raptors @ Philadelphia 76ers,2025-11-20T00:00:00Z,player_points_rebounds_assists,42.5,draftkings,2025-11-19T14:54:30Z,2025-11-19T14:54:58Z,-111.0,-119.0
Scottie Barnes,Toronto Raptors @ Philadelphia 76ers,2025-11-20T00:00:00Z,player_points_rebounds_assists,31.5,draftkings,2025-11-19T14:54:30Z,2025-11-19T14:54:58Z,-117.0,-112.0
Brandon Ingram,Toronto Raptors @ Philadelphia 76ers,2025-11-20T00:00:00Z,player_points_rebounds_assists,30.5,draftkings,2025-11-19T14:54:30Z,2025-11-19T14:54:58Z,-105.0,-125.0
R.J. Barrett,Toronto Raptors @ Philadelphia 76ers,2025-11-20T00:00:00Z,player_points_rebounds_assists,27.5,draftkings,2025-11-19T14:54:30Z,2025-11-19T14:54:58Z,-120.0,-110.0
Immanuel Quickley,Toronto Raptors @ Philadelphia 76ers,2025-11-20T00:00:00Z,player_points_rebounds_assists,26.5,draftkings,2025-11-19T14:54:30Z,2025-11-19T14:54:58Z,-120.0,-109.0
Andre Drummond,Toronto Raptors @ Philadelphia 76ers,2025-11-20T00:00:00Z,player_points_rebounds_assists,26.5,draftkings,2025-11-19T14:54:30Z,2025-11-19T14:54:58Z,-108.0,-122.0
VJ Edgecombe,Toronto Raptors @ Philadelphia 76ers,2025-11-20T00:00:00Z,player_points_rebounds_assists,24.5,draftkings,2025-11-19T14:54:30Z,2025-11-19T14:54:58Z,-123.0,-107.0
Jakob Poeltl,Toronto Raptors @ Philadelphia 76ers,2025-11-20T00:00:00Z,player_points_rebounds_assists,24.5,draftkings,2025-11-19T14:54:30Z,2025-11-19T14:54:58Z,-105.0,-126.0
Quentin Grimes,Toronto Raptors @ Philadelphia 76ers,2025-11-20T00:00:00Z,player_points_rebounds_assists,23.5,draftkings,2025-11-19T14:54:30Z,2025-11-19T14:54:58Z,-117.0,-113.0
Andre Drummond,Toronto Raptors @ Philadelphia 76ers,2025-11-20T00:00:00Z,player_rebounds,13.5,draftkings,2025-11-19T14:54:30Z,2025-11-19T14:54:58Z,100.0,-132.0
Jakob Poeltl,Toronto Raptors @ Philadelphia 76ers,2025-11-20T00:00:00Z,player_rebounds,8.5,draftkings,2025-11-19T14:54:30Z,2025-11-19T14:54:58Z,-144.0,109.0
Scottie Barnes,Toronto Raptors @ Philadelphia 76ers,2025-11-20T00:00:00Z,player_rebounds,7.5,draftkings,2025-11-19T14:54:30Z,2025-11-19T14:54:58Z,102.0,-134.0
Brandon Ingram,Toronto Raptors @ Philadelphia 76ers,2025-11-20T00:00:00Z,player_rebounds,5.5,draftkings,2025-11-19T14:54:30Z,2025-11-19T14:54:58Z,102.0,-134.0
R.J. Barrett,Toronto Raptors @ Philadelphia 76ers,2025-11-20T00:00:00Z,player_rebounds,5.5,draftkings,2025-11-19T14:54:30Z,2025-11-19T14:54:58Z,117.0,-154.0
VJ Edgecombe,Toronto Raptors @ Philadelphia 76ers,2025-11-20T00:00:00Z,player_rebounds,4.5,draftkings,2025-11-19T14:54:30Z,2025-11-19T14:54:58Z,-153.0,116.0
Immanuel Quickley,Toronto Raptors @ Philadelphia 76ers,2025-11-20T00:00:00Z,player_rebounds,4.5,draftkings,2025-11-19T14:54:30Z,2025-11-19T14:54:58Z,124.0,-163.0
Tyrese Maxey,Toronto Raptors @ Philadelphia 76ers,2025-11-20T00:00:00Z,player_rebounds,3.5,draftkings,2025-11-19T14:54:30Z,2025-11-19T14:54:58Z,-142.0,107.0
Quentin Grimes,Toronto Raptors @ Philadelphia 76ers,2025-11-20T00:00:00Z,player_rebounds,3.5,draftkings,2025-11-19T14:54:30Z,2025-11-19T14:54:58Z,-127.0,-104.0
Scottie Barnes,Toronto Raptors @ Philadelphia 76ers,2025-11-20T00:00:00Z,player_steals,1.5,draftkings,2025-11-19T14:54:30Z,2025-11-19T14:54:58Z,114.0,-151.0
Tyrese Maxey,Toronto Raptors @ Philadelphia 76ers,2025-11-20T00:00:00Z,player_steals,1.5,draftkings,2025-11-19T14:54:30Z,2025-11-19T14:54:58Z,118.0,-157.0
VJ Edgecombe,Toronto Raptors @ Philadelphia 76ers,2025-11-20T00:00:00Z,player_steals,1.5,draftkings,2025-11-19T14:54:30Z,2025-11-19T14:54:58Z,145.0,-194.0
Quentin Grimes,Toronto Raptors @ Philadelphia 76ers,2025-11-20T00:00:00Z,player_steals,0.5,draftkings,2025-11-19T14:54:30Z,2025-11-19T14:54:58Z,-242.0,179.0
Immanuel Quickley,Toronto Raptors @ Philadelphia 76ers,2025-11-20T00:00:00Z,player_steals,0.5,draftkings,2025-11-19T14:54:30Z,2025-11-19T14:54:58Z,-217.0,161.0
Brandon Ingram,Toronto Raptors @ Philadelphia 76ers,2025-11-20T00:00:00Z,player_steals,0.5,draftkings,2025-11-19T14:54:30Z,2025-11-19T14:54:58Z,-167.0,125.0
R.J. Barrett,Toronto Raptors @ Philadelphia 76ers,2025-11-20T00:00:00Z,player_steals,0.5,draftkings,2025-11-19T14:54:30Z,2025-11-19T14:54:58Z,-156.0,117.0
Jakob Poeltl,Toronto Raptors @ Philadelphia 76ers,2025-11-20T00:00:00Z,player_steals,0.5,draftkings,2025-11-19T14:54:30Z,2025-11-19T14:54:58Z,-148.0,111.0
Tyrese Maxey,Toronto Raptors @ Philadelphia 76ers,2025-11-20T00:00:00Z,player_threes,3.5,draftkings,2025-11-19T14:54:30Z,2025-11-19T14:54:58Z,-111.0,-118.0
Quentin Grimes,Toronto Raptors @ Philadelphia 76ers,2025-11-20T00:00:00Z,player_threes,2.5,draftkings,2025-11-19T14:54:30Z,2025-11-19T14:54:58Z,-126.0,-105.0
Immanuel Quickley,Toronto Raptors @ Philadelphia 76ers,2025-11-20T00:00:00Z,player_threes,2.5,draftkings,2025-11-19T14:54:30Z,2025-11-19T14:54:58Z,-117.0,-112.0
VJ Edgecombe,Toronto Raptors @ Philadelphia 76ers,2025-11-20T00:00:00Z,player_threes,1.5,draftkings,2025-11-19T14:54:30Z,2025-11-19T14:54:58Z,-163.0,124.0
R.J. Barrett,Toronto Raptors @ Philadelphia 76ers,2025-11-20T00:00:00Z,player_threes,1.5,draftkings,2025-11-19T14:54:30Z,2025-11-19T14:54:58Z,-149.0,113.0
Brandon Ingram,Toronto Raptors @ Philadelphia 76ers,2025-11-20T00:00:00Z,player_threes,1.5,draftkings,2025-11-19T14:54:30Z,2025-11-19T14:54:58Z,103.0,-136.0
Gradey Dick,Toronto Raptors @ Philadelphia 76ers,2025-11-20T00:00:00Z,player_threes,1.5,draftkings,2025-11-19T14:54:30Z,2025-11-19T14:54:58Z,124.0,-164.0
Scottie Barnes,Toronto Raptors @ Philadelphia 76ers,2025-11-20T00:00:00Z,player_threes,1.5,draftkings,2025-11-19T14:54:30Z,2025-11-19T14:54:58Z,145.0,-193.0
Scottie Barnes,Toronto Raptors @ Philadelphia 76ers,2025-11-20T00:00:00Z,player_triple_double,,draftkings,2025-11-19T14:54:30Z,2025-11-19T14:54:58Z,,
Tyrese Maxey,Toronto Raptors @ Philadelphia 76ers,2025-11-20T00:00:00Z,player_triple_double,,draftkings,2025-11-19T14:54:30Z,2025-11-19T14:54:58Z,,
Quentin Grimes,Toronto Raptors @ Philadelphia 76ers,2025-11-20T00:00:00Z,player_assists,3.5,fanatics,2025-11-19T14:55:13Z,2025-11-19T14:55:54Z,-150.0,115.0
Tyrese Maxey,Toronto Raptors @ Philadelphia 76ers,2025-11-20T00:00:00Z,player_assists,7.5,fanatics,2025-11-19T14:55:13Z,2025-11-19T14:55:54Z,115.0,-150.0
VJ Edgecombe,Toronto Raptors @ Philadelphia 76ers,2025-11-20T00:00:00Z,player_assists,3.5,fanatics,2025-11-19T14:55:13Z,2025-11-19T14:55:54Z,-150.0,115.0
R.J. Barrett,Toronto Raptors @ Philadelphia 76ers,2025-11-20T00:00:00Z,player_assists,3.5,fanatics,2025-11-19T14:55:13Z,2025-11-19T14:55:54Z,-140.0,105.0
Scottie Barnes,Toronto Raptors @ Philadelphia 76ers,2025-11-20T00:00:00Z,player_assists,5.5,fanatics,2025-11-19T14:55:13Z,2025-11-19T14:55:54Z,110.0,-145.0
Immanuel Quickley,Toronto Raptors @ Philadelphia 76ers,2025-11-20T00:00:00Z,player_assists,6.5,fanatics,2025-11-19T14:55:13Z,2025-11-19T14:55:54Z,115.0,-150.0
Brandon Ingram,Toronto Raptors @ Philadelphia 76ers,2025-11-20T00:00:00Z,player_assists,3.5,fanatics,2025-11-19T14:55:13Z,2025-11-19T14:55:54Z,-175.0,125.0
Jakob Poeltl,Toronto Raptors @ Philadelphia 76ers,2025-11-20T00:00:00Z,player_assists,1.5,fanatics,2025-11-19T14:55:13Z,2025-11-19T14:55:54Z,-210.0,135.0
Jamal Shead,Toronto Raptors @ Philadelphia 76ers,2025-11-20T00:00:00Z,player_assists,4.5,fanatics,2025-11-19T14:55:13Z,2025-11-19T14:55:54Z,115.0,-150.0
Andre Drummond,Toronto Raptors @ Philadelphia 76ers,2025-11-20T00:00:00Z,player_assists,1.5,fanatics,2025-11-19T14:55:13Z,2025-11-19T14:55:54Z,120.0,-165.0
Sandro Mamukelashvili,Toronto Raptors @ Philadelphia 76ers,2025-11-20T00:00:00Z,player_assists,1.5,fanatics,2025-11-19T14:55:13Z,2025-11-19T14:55:54Z,115.0,-150.0
Gradey Dick,Toronto Raptors @ Philadelphia 76ers,2025-11-20T00:00:00Z,player_assists,0.5,fanatics,2025-11-19T14:55:13Z,2025-11-19T14:55:54Z,-115.0,-115.0
Tyrese Maxey,Toronto Raptors @ Philadelphia 76ers,2025-11-20T00:00:00Z,player_double_double,,fanatics,2025-11-19T14:55:13Z,2025-11-19T14:55:54Z,,
Quentin Grimes,Toronto Raptors @ Philadelphia 76ers,2025-11-20T00:00:00Z,player_double_double,,fanatics,2025-11-19T14:55:13Z,2025-11-19T14:55:54Z,,
VJ Edgecombe,Toronto Raptors @ Philadelphia 76ers,2025-11-20T00:00:00Z,player_double_double,,fanatics,2025-11-19T14:55:13Z,2025-11-19T14:55:54Z,,
Andre Drummond,Toronto Raptors @ Philadelphia 76ers,2025-11-20T00:00:00Z,player_double_double,,fanatics,2025-11-19T14:55:13Z,2025-11-19T14:55:54Z,,
Brandon Ingram,Toronto Raptors @ Philadelphia 76ers,2025-11-20T00:00:00Z,player_double_double,,fanatics,2025-11-19T14:55:13Z,2025-11-19T14:55:54Z,,
R.J. Barrett,Toronto Raptors @ Philadelphia 76ers,2025-11-20T00:00:00Z,player_double_double,,fanatics,2025-11-19T14:55:13Z,2025-11-19T14:55:54Z,,
Scottie Barnes,Toronto Raptors @ Philadelphia 76ers,2025-11-20T00:00:00Z,player_double_double,,fanatics,2025-11-19T14:55:13Z,2025-11-19T14:55:54Z,,
Immanuel Quickley,Toronto Raptors @ Philadelphia 76ers,2025-11-20T00:00:00Z,player_double_double,,fanatics,2025-11-19T14:55:13Z,2025-11-19T14:55:54Z,,
Jakob Poeltl,Toronto Raptors @ Philadelphia 76ers,2025-11-20T00:00:00Z,player_double_double,,fanatics,2025-11-19T14:55:13Z,2025-11-19T14:55:54Z,,
Sandro Mamukelashvili,Toronto Raptors @ Philadelphia 76ers,2025-11-20T00:00:00Z,player_double_double,,fanatics,2025-11-19T14:55:13Z,2025-11-19T14:55:54Z,,
Quentin Grimes,Toronto Raptors @ Philadelphia 76ers,2025-11-20T00:00:00Z,player_points,16.5,fanatics,2025-11-19T14:55:13Z,2025-11-19T14:55:54Z,100.0,-130.0
Tyrese Maxey,Toronto Raptors @ Philadelphia 76ers,2025-11-20T00:00:00Z,player_points,30.5,fanatics,2025-11-19T14:55:13Z,2025-11-19T14:55:54Z,-115.0,-115.0
VJ Edgecombe,Toronto Raptors @ Philadelphia 76ers,2025-11-20T00:00:00Z,player_points,15.5,fanatics,2025-11-19T14:55:13Z,2025-11-19T14:55:54Z,-115.0,-115.0
Andre Drummond,Toronto Raptors @ Philadelphia 76ers,2025-11-20T00:00:00Z,player_points,11.5,fanatics,2025-11-19T14:55:13Z,2025-11-19T14:55:54Z,-115.0,-115.0
Jakob Poeltl,Toronto Raptors @ Philadelphia 76ers,2025-11-20T00:00:00Z,player_points,12.5,fanatics,2025-11-19T14:55:13Z,2025-11-19T14:55:54Z,-115.0,-115.0
Immanuel Quickley,Toronto Raptors @ Philadelphia 76ers,2025-11-20T00:00:00Z,player_points,16.5,fanatics,2025-11-19T14:55:13Z,2025-11-19T14:55:54Z,100.0,-130.0
R.J. Barrett,Toronto Raptors @ Philadelphia 76ers,2025-11-20T00:00:00Z,player_points,18.5,fanatics,2025-11-19T14:55:13Z,2025-11-19T14:55:54Z,-115.0,-115.0
Brandon Ingram,Toronto Raptors @ Philadelphia 76ers,2025-11-20T00:00:00Z,player_points,20.5,fanatics,2025-11-19T14:55:13Z,2025-11-19T14:55:54Z,-115.0,-115.0
Scottie Barnes,Toronto Raptors @ Philadelphia 76ers,2025-11-20T00:00:00Z,player_points,18.5,fanatics,2025-11-19T14:55:13Z,2025-11-19T14:55:54Z,-120.0,-110.0
Jamal Shead,Toronto Raptors @ Philadelphia 76ers,2025-11-20T00:00:00Z,player_points,6.5,fanatics,2025-11-19T14:55:13Z,2025-11-19T14:55:54Z,-115.0,-115.0
Sandro Mamukelashvili,Toronto Raptors @ Philadelphia 76ers,2025-11-20T00:00:00Z,player_points,8.5,fanatics,2025-11-19T14:55:13Z,2025-11-19T14:55:54Z,100.0,-130.0
Gradey Dick,Toronto Raptors @ Philadelphia 76ers,2025-11-20T00:00:00Z,player_points,7.5,fanatics,2025-11-19T14:55:13Z,2025-11-19T14:55:54Z,-125.0,-105.0
Scottie Barnes,Toronto Raptors @ Philadelphia 76ers,2025-11-20T00:00:00Z,player_points_rebounds_assists,31.5,fanatics,2025-11-19T14:55:13Z,2025-11-19T14:55:54Z,-115.0,-115.0
Andre Drummond,Toronto Raptors @ Philadelphia 76ers,2025-11-20T00:00:00Z,player_points_rebounds_assists,26.5,fanatics,2025-11-19T14:55:13Z,2025-11-19T14:55:54Z,-110.0,-120.0
Jamal Shead,Toronto Raptors @ Philadelphia 76ers,2025-11-20T00:00:00Z,player_points_rebounds_assists,12.5,fanatics,2025-11-19T14:55:13Z,2025-11-19T14:55:54Z,-115.0,-115.0
Quentin Grimes,Toronto Raptors @ Philadelphia 76ers,2025-11-20T00:00:00Z,player_points_rebounds_assists,23.5,fanatics,2025-11-19T14:55:13Z,2025-11-19T14:55:54Z,-125.0,-105.0
Immanuel Quickley,Toronto Raptors @ Philadelphia 76ers,2025-11-20T00:00:00Z,player_points_rebounds_assists,26.5,fanatics,2025-11-19T14:55:13Z,2025-11-19T14:55:54Z,-115.0,-115.0
Jakob Poeltl,Toronto Raptors @ Philadelphia 76ers,2025-11-20T00:00:00Z,player_points_rebounds_assists,23.5,fanatics,2025-11-19T14:55:13Z,2025-11-19T14:55:54Z,-120.0,-110.0
R.J. Barrett,Toronto Raptors @ Philadelphia 76ers,2025-11-20T00:00:00Z,player_points_rebounds_assists,27.5,fanatics,2025-11-19T14:55:13Z,2025-11-19T14:55:54Z,-120.0,-110.0
VJ Edgecombe,Toronto Raptors @ Philadelphia 76ers,2025-11-20T00:00:00Z,player_points_rebounds_assists,24.5,fanatics,2025-11-19T14:55:13Z,2025-11-19T14:55:54Z,-120.0,-110.0
Brandon Ingram,Toronto Raptors @ Philadelphia 76ers,2025-11-20T00:00:00Z,player_points_rebounds_assists,29.5,fanatics,2025-11-19T14:55:13Z,2025-11-19T14:55:54Z,-125.0,-105.0
Gradey Dick,Toronto Raptors @ Philadelphia 76ers,2025-11-20T00:00:00Z,player_points_rebounds_assists,11.5,fanatics,2025-11-19T14:55:13Z,2025-11-19T14:55:54Z,105.0,-140.0
Sandro Mamukelashvili,Toronto Raptors @ Philadelphia 76ers,2025-11-20T00:00:00Z,player_points_rebounds_assists,14.5,fanatics,2025-11-19T14:55:13Z,2025-11-19T14:55:54Z,100.0,-130.0
Tyrese Maxey,Toronto Raptors @ Philadelphia 76ers,2025-11-20T00:00:00Z,player_points_rebounds_assists,41.5,fanatics,2025-11-19T14:55:13Z,2025-11-19T14:55:54Z,-115.0,-115.0
Quentin Grimes,Toronto Raptors @ Philadelphia 76ers,2025-11-20T00:00:00Z,player_rebounds,3.5,fanatics,2025-11-19T14:55:13Z,2025-11-19T14:55:54Z,-125.0,-105.0
VJ Edgecombe,Toronto Raptors @ Philadelphia 76ers,2025-11-20T00:00:00Z,player_rebounds,4.5,fanatics,2025-11-19T14:55:13Z,2025-11-19T14:55:54Z,-150.0,115.0
Andre Drummond,Toronto Raptors @ Philadelphia 76ers,2025-11-20T00:00:00Z,player_rebounds,13.5,fanatics,2025-11-19T14:55:13Z,2025-11-19T14:55:54Z,100.0,-130.0
Tyrese Maxey,Toronto Raptors @ Philadelphia 76ers,2025-11-20T00:00:00Z,player_rebounds,3.5,fanatics,2025-11-19T14:55:13Z,2025-11-19T14:55:54Z,-130.0,100.0
Scottie Barnes,Toronto Raptors @ Philadelphia 76ers,2025-11-20T00:00:00Z,player_rebounds,7.5,fanatics,2025-11-19T14:55:13Z,2025-11-19T14:55:54Z,-105.0,-125.0
R.J. Barrett,Toronto Raptors @ Philadelphia 76ers,2025-11-20T00:00:00Z,player_rebounds,4.5,fanatics,2025-11-19T14:55:13Z,2025-11-19T14:55:54Z,-165.0,120.0
Jakob Poeltl,Toronto Raptors @ Philadelphia 76ers,2025-11-20T00:00:00Z,player_rebounds,8.5,fanatics,2025-11-19T14:55:13Z,2025-11-19T14:55:54Z,-145.0,110.0
Immanuel Quickley,Toronto Raptors @ Philadelphia 76ers,2025-11-20T00:00:00Z,player_rebounds,4.5,fanatics,2025-11-19T14:55:13Z,2025-11-19T14:55:54Z,120.0,-165.0
Brandon Ingram,Toronto Raptors @ Philadelphia 76ers,2025-11-20T00:00:00Z,player_rebounds,5.5,fanatics,2025-11-19T14:55:13Z,2025-11-19T14:55:54Z,110.0,-145.0
Jamal Shead,Toronto Raptors @ Philadelphia 76ers,2025-11-20T00:00:00Z,player_rebounds,1.5,fanatics,2025-11-19T14:55:13Z,2025-11-19T14:55:54Z,-115.0,-115.0
Sandro Mamukelashvili,Toronto Raptors @ Philadelphia 76ers,2025-11-20T00:00:00Z,player_rebounds,4.5,fanatics,2025-11-19T14:55:13Z,2025-11-19T14:55:54Z,100.0,-130.0
Gradey Dick,Toronto Raptors @ Philadelphia 76ers,2025-11-20T00:00:00Z,player_rebounds,2.5,fanatics,2025-11-19T14:55:13Z,2025-11-19T14:55:54Z,110.0,-145.0
VJ Edgecombe,Toronto Raptors @ Philadelphia 76ers,2025-11-20T00:00:00Z,player_threes,1.5,fanatics,2025-11-19T14:55:13Z,2025-11-19T14:55:54Z,-165.0,120.0
Quentin Grimes,Toronto Raptors @ Philadelphia 76ers,2025-11-20T00:00:00Z,player_threes,2.5,fanatics,2025-11-19T14:55:13Z,2025-11-19T14:55:54Z,-125.0,-105.0
Tyrese Maxey,Toronto Raptors @ Philadelphia 76ers,2025-11-20T00:00:00Z,player_threes,3.5,fanatics,2025-11-19T14:55:13Z,2025-11-19T14:55:54Z,-115.0,-115.0
Scottie Barnes,Toronto Raptors @ Philadelphia 76ers,2025-11-20T00:00:00Z,player_threes,1.5,fanatics,2025-11-19T14:55:13Z,2025-11-19T14:55:54Z,130.0,-190.0
R.J. Barrett,Toronto Raptors @ Philadelphia 76ers,2025-11-20T00:00:00Z,player_threes,1.5,fanatics,2025-11-19T14:55:13Z,2025-11-19T14:55:54Z,-165.0,120.0
Brandon Ingram,Toronto Raptors @ Philadelphia 76ers,2025-11-20T00:00:00Z,player_threes,1.5,fanatics,2025-11-19T14:55:13Z,2025-11-19T14:55:54Z,100.0,-130.0
Immanuel Quickley,Toronto Raptors @ Philadelphia 76ers,2025-11-20T00:00:00Z,player_threes,2.5,fanatics,2025-11-19T14:55:13Z,2025-11-19T14:55:54Z,-120.0,-110.0
Gradey Dick,Toronto Raptors @ Philadelphia 76ers,2025-11-20T00:00:00Z,player_threes,1.5,fanatics,2025-11-19T14:55:13Z,2025-11-19T14:55:54Z,125.0,-175.0
Andre Drummond,Toronto Raptors @ Philadelphia 76ers,2025-11-20T00:00:00Z,player_threes,0.5,fanatics,2025-11-19T14:55:13Z,2025-11-19T14:55:54Z,120.0,-165.0
Jamal Shead,Toronto Raptors @ Philadelphia 76ers,2025-11-20T00:00:00Z,player_threes,0.5,fanatics,2025-11-19T14:55:13Z,2025-11-19T14:55:54Z,-210.0,135.0
Scottie Barnes,Toronto Raptors @ Philadelphia 76ers,2025-11-20T00:00:00Z,player_triple_double,,fanatics,2025-11-19T14:55:13Z,2025-11-19T14:55:54Z,,
Brandon Ingram,Toronto Raptors @ Philadelphia 76ers,2025-11-20T00:00:00Z,player_assists,3.5,williamhill_us,2025-11-19T14:55:31Z,2025-11-19T14:56:00Z,-157.0,117.0
Andre Drummond,Toronto Raptors @ Philadelphia 76ers,2025-11-20T00:00:00Z,player_assists,1.5,williamhill_us,2025-11-19T14:55:31Z,2025-11-19T14:56:00Z,116.0,-154.0
Jamal Shead,Toronto Raptors @ Philadelphia 76ers,2025-11-20T00:00:00Z,player_assists,4.5,williamhill_us,2025-11-19T14:55:31Z,2025-11-19T14:56:00Z,114.0,-152.0
VJ Edgecombe,Toronto Raptors @ Philadelphia 76ers,2025-11-20T00:00:00Z,player_assists,3.5,williamhill_us,2025-11-19T14:55:31Z,2025-11-19T14:56:00Z,-145.0,109.0
Tyrese Maxey,Toronto Raptors @ Philadelphia 76ers,2025-11-20T00:00:00Z,player_assists,7.5,williamhill_us,2025-11-19T14:55:31Z,2025-11-19T14:56:00Z,111.0,-148.0
Quentin Grimes,Toronto Raptors @ Philadelphia 76ers,2025-11-20T00:00:00Z,player_assists,3.5,williamhill_us,2025-11-19T14:55:31Z,2025-11-19T14:56:00Z,-150.0,112.0
Scottie Barnes,Toronto Raptors @ Philadelphia 76ers,2025-11-20T00:00:00Z,player_assists,5.5,williamhill_us,2025-11-19T14:55:31Z,2025-11-19T14:56:00Z,111.0,-150.0
R.J. Barrett,Toronto Raptors @ Philadelphia 76ers,2025-11-20T00:00:00Z,player_assists,3.5,williamhill_us,2025-11-19T14:55:31Z,2025-11-19T14:56:00Z,-143.0,107.0
Jakob Poeltl,Toronto Raptors @ Philadelphia 76ers,2025-11-20T00:00:00Z,player_assists,1.5,williamhill_us,2025-11-19T14:55:31Z,2025-11-19T14:56:00Z,-193.0,143.0
Immanuel Quickley,Toronto Raptors @ Philadelphia 76ers,2025-11-20T00:00:00Z,player_assists,6.5,williamhill_us,2025-11-19T14:55:31Z,2025-11-19T14:56:00Z,111.0,-148.0
R.J. Barrett,Toronto Raptors @ Philadelphia 76ers,2025-11-20T00:00:00Z,player_points,18.5,williamhill_us,2025-11-19T14:55:31Z,2025-11-19T14:56:00Z,-120.0,-112.0
Sandro Mamukelashvili,Toronto Raptors @ Philadelphia 76ers,2025-11-20T00:00:00Z,player_points,7.5,williamhill_us,2025-11-19T14:55:31Z,2025-11-19T14:56:00Z,-136.0,101.0
Andre Drummond,Toronto Raptors @ Philadelphia 76ers,2025-11-20T00:00:00Z,player_points,11.5,williamhill_us,2025-11-19T14:55:31Z,2025-11-19T14:56:00Z,-112.0,-120.0
Scottie Barnes,Toronto Raptors @ Philadelphia 76ers,2025-11-20T00:00:00Z,player_points,18.5,williamhill_us,2025-11-19T14:55:31Z,2025-11-19T14:56:00Z,-120.0,-113.0
VJ Edgecombe,Toronto Raptors @ Philadelphia 76ers,2025-11-20T00:00:00Z,player_points,15.5,williamhill_us,2025-11-19T14:55:31Z,2025-11-19T14:56:00Z,-115.0,-115.0
Quentin Grimes,Toronto Raptors @ Philadelphia 76ers,2025-11-20T00:00:00Z,player_points,15.5,williamhill_us,2025-11-19T14:55:31Z,2025-11-19T14:56:00Z,-134.0,101.0
Immanuel Quickley,Toronto Raptors @ Philadelphia 76ers,2025-11-20T00:00:00Z,player_points,15.5,williamhill_us,2025-11-19T14:55:31Z,2025-11-19T14:56:00Z,-138.0,102.0
Jakob Poeltl,Toronto Raptors @ Philadelphia 76ers,2025-11-20T00:00:00Z,player_points,12.5,williamhill_us,2025-11-19T14:55:31Z,2025-11-19T14:56:00Z,-118.0,-113.0
Brandon Ingram,Toronto Raptors @ Philadelphia 76ers,2025-11-20T00:00:00Z,player_points,20.5,williamhill_us,2025-11-19T14:55:31Z,2025-11-19T14:56:00Z,-110.0,-121.0
Tyrese Maxey,Toronto Raptors @ Philadelphia 76ers,2025-11-20T00:00:00Z,player_points,30.5,williamhill_us,2025-11-19T14:55:31Z,2025-11-19T14:56:00Z,-125.0,-107.0
VJ Edgecombe,Toronto Raptors @ Philadelphia 76ers,2025-11-20T00:00:00Z,player_rebounds,4.5,williamhill_us,2025-11-19T14:55:31Z,2025-11-19T14:56:00Z,-154.0,115.0
Andre Drummond,Toronto Raptors @ Philadelphia 76ers,2025-11-20T00:00:00Z,player_rebounds,13.5,williamhill_us,2025-11-19T14:55:31Z,2025-11-19T14:56:00Z,-107.0,-125.0
Jakob Poeltl,Toronto Raptors @ Philadelphia 76ers,2025-11-20T00:00:00Z,player_rebounds,8.5,williamhill_us,2025-11-19T14:55:31Z,2025-11-19T14:56:00Z,-140.0,105.0
Scottie Barnes,Toronto Raptors @ Philadelphia 76ers,2025-11-20T00:00:00Z,player_rebounds,7.5,williamhill_us,2025-11-19T14:55:31Z,2025-11-19T14:56:00Z,103.0,-137.0
Tyrese Maxey,Toronto Raptors @ Philadelphia 76ers,2025-11-20T00:00:00Z,player_rebounds,3.5,williamhill_us,2025-11-19T14:55:31Z,2025-11-19T14:56:00Z,-150.0,107.0
Immanuel Quickley,Toronto Raptors @ Philadelphia 76ers,2025-11-20T00:00:00Z,player_rebounds,3.5,williamhill_us,2025-11-19T14:55:31Z,2025-11-19T14:56:00Z,-159.0,119.0
R.J. Barrett,Toronto Raptors @ Philadelphia 76ers,2025-11-20T00:00:00Z,player_rebounds,5.5,williamhill_us,2025-11-19T14:55:31Z,2025-11-19T14:56:00Z,116.0,-157.0
Quentin Grimes,Toronto Raptors @ Philadelphia 76ers,2025-11-20T00:00:00Z,player_rebounds,3.5,williamhill_us,2025-11-19T14:55:31Z,2025-11-19T14:56:00Z,-120.0,-112.0
Brandon Ingram,Toronto Raptors @ Philadelphia 76ers,2025-11-20T00:00:00Z,player_rebounds,5.5,williamhill_us,2025-11-19T14:55:31Z,2025-11-19T14:56:00Z,-105.0,-135.0
R.J. Barrett,Toronto Raptors @ Philadelphia 76ers,2025-11-20T00:00:00Z,player_threes,1.5,williamhill_us,2025-11-19T14:55:31Z,2025-11-19T14:56:00Z,-157.0,117.0
Tyrese Maxey,Toronto Raptors @ Philadelphia 76ers,2025-11-20T00:00:00Z,player_threes,3.5,williamhill_us,2025-11-19T14:55:31Z,2025-11-19T14:56:00Z,-117.0,-114.0
Gradey Dick,Toronto Raptors @ Philadelphia 76ers,2025-11-20T00:00:00Z,player_threes,1.5,williamhill_us,2025-11-19T14:55:31Z,2025-11-19T14:56:00Z,126.0,-170.0
VJ Edgecombe,Toronto Raptors @ Philadelphia 76ers,2025-11-20T00:00:00Z,player_threes,1.5,williamhill_us,2025-11-19T14:55:31Z,2025-11-19T14:56:00Z,-162.0,122.0
Brandon Ingram,Toronto Raptors @ Philadelphia 76ers,2025-11-20T00:00:00Z,player_threes,1.5,williamhill_us,2025-11-19T14:55:31Z,2025-11-19T14:56:00Z,-106.0,-127.0
Immanuel Quickley,Toronto Raptors @ Philadelphia 76ers,2025-11-20T00:00:00Z,player_threes,2.5,williamhill_us,2025-11-19T14:55:31Z,2025-11-19T14:56:00Z,-124.0,-108.0
Quentin Grimes,Toronto Raptors @ Philadelphia 76ers,2025-11-20T00:00:00Z,player_threes,2.5,williamhill_us,2025-11-19T14:55:31Z,2025-11-19T14:56:00Z,-122.0,-109.0
Scottie Barnes,Toronto Raptors @ Philadelphia 76ers,2025-11-20T00:00:00Z,player_threes,1.5,williamhill_us,2025-11-19T14:55:31Z,2025-11-19T14:56:00Z,142.0,-193.0
Quentin Grimes,Toronto Raptors @ Philadelphia 76ers,2025-11-20T00:00:00Z,player_assists,3.5,fanduel,2025-11-19T14:55:00Z,2025-11-19T14:54:08Z,-168.0,126.0
Scottie Barnes,Toronto Raptors @ Philadelphia 76ers,2025-11-20T00:00:00Z,player_assists,5.5,fanduel,2025-11-19T14:55:00Z,2025-11-19T14:54:08Z,110.0,-146.0
Brandon Ingram,Toronto Raptors @ Philadelphia 76ers,2025-11-20T00:00:00Z,player_assists,3.5,fanduel,2025-11-19T14:55:00Z,2025-11-19T14:54:08Z,-162.0,122.0
Immanuel Quickley,Toronto Raptors @ Philadelphia 76ers,2025-11-20T00:00:00Z,player_assists,6.5,fanduel,2025-11-19T14:55:00Z,2025-11-19T14:54:08Z,120.0,-160.0
VJ Edgecombe,Toronto Raptors @ Philadelphia 76ers,2025-11-20T00:00:00Z,player_assists,3.5,fanduel,2025-11-19T14:55:00Z,2025-11-19T14:54:08Z,-146.0,110.0
Jakob Poeltl,Toronto Raptors @ Philadelphia 76ers,2025-11-20T00:00:00Z,player_assists,2.5,fanduel,2025-11-19T14:55:00Z,2025-11-19T14:54:08Z,158.0,-215.0
R.J. Barrett,Toronto Raptors @ Philadelphia 76ers,2025-11-20T00:00:00Z,player_assists,3.5,fanduel,2025-11-19T14:55:00Z,2025-11-19T14:54:08Z,-144.0,108.0
Tyrese Maxey,Toronto Raptors @ Philadelphia 76ers,2025-11-20T00:00:00Z,player_assists,6.5,fanduel,2025-11-19T14:55:00Z,2025-11-19T14:54:08Z,-158.0,118.0
Scottie Barnes,Toronto Raptors @ Philadelphia 76ers,2025-11-20T00:00:00Z,player_blocks,1.5,fanduel,2025-11-19T14:55:00Z,2025-11-19T14:54:08Z,-108.0,-122.0
Andre Drummond,Toronto Raptors @ Philadelphia 76ers,2025-11-20T00:00:00Z,player_double_double,,fanduel,2025-11-19T14:55:00Z,2025-11-19T14:54:08Z,,
Jakob Poeltl,Toronto Raptors @ Philadelphia 76ers,2025-11-20T00:00:00Z,player_double_double,,fanduel,2025-11-19T14:55:00Z,2025-11-19T14:54:08Z,,
Scottie Barnes,Toronto Raptors @ Philadelphia 76ers,2025-11-20T00:00:00Z,player_double_double,,fanduel,2025-11-19T14:55:00Z,2025-11-19T14:54:08Z,,
Tyrese Maxey,Toronto Raptors @ Philadelphia 76ers,2025-11-20T00:00:00Z,player_double_double,,fanduel,2025-11-19T14:55:00Z,2025-11-19T14:54:08Z,,
Immanuel Quickley,Toronto Raptors @ Philadelphia 76ers,2025-11-20T00:00:00Z,player_double_double,,fanduel,2025-11-19T14:55:00Z,2025-11-19T14:54:08Z,,
Brandon Ingram,Toronto Raptors @ Philadelphia 76ers,2025-11-20T00:00:00Z,player_double_double,,fanduel,2025-11-19T14:55:00Z,2025-11-19T14:54:08Z,,
R.J. Barrett,Toronto Raptors @ Philadelphia 76ers,2025-11-20T00:00:00Z,player_double_double,,fanduel,2025-11-19T14:55:00Z,2025-11-19T14:54:08Z,,
VJ Edgecombe,Toronto Raptors @ Philadelphia 76ers,2025-11-20T00:00:00Z,player_double_double,,fanduel,2025-11-19T14:55:00Z,2025-11-19T14:54:08Z,,
Quentin Grimes,Toronto Raptors @ Philadelphia 76ers,2025-11-20T00:00:00Z,player_double_double,,fanduel,2025-11-19T14:55:00Z,2025-11-19T14:54:08Z,,
Andre Drummond,Toronto Raptors @ Philadelphia 76ers,2025-11-20T00:00:00Z,player_points,11.5,fanduel,2025-11-19T14:55:00Z,2025-11-19T14:54:08Z,-104.0,-128.0
R.J. Barrett,Toronto Raptors @ Philadelphia 76ers,2025-11-20T00:00:00Z,player_points,18.5,fanduel,2025-11-19T14:55:00Z,2025-11-19T14:54:08Z,-120.0,-110.0
Quentin Grimes,Toronto Raptors @ Philadelphia 76ers,2025-11-20T00:00:00Z,player_points,15.5,fanduel,2025-11-19T14:55:00Z,2025-11-19T14:54:08Z,-132.0,100.0
Immanuel Quickley,Toronto Raptors @ Philadelphia 76ers,2025-11-20T00:00:00Z,player_points,15.5,fanduel,2025-11-19T14:55:00Z,2025-11-19T14:54:08Z,-130.0,-102.0
Tyrese Maxey,Toronto Raptors @ Philadelphia 76ers,2025-11-20T00:00:00Z,player_points,30.5,fanduel,2025-11-19T14:55:00Z,2025-11-19T14:54:08Z,-122.0,-108.0
Jakob Poeltl,Toronto Raptors @ Philadelphia 76ers,2025-11-20T00:00:00Z,player_points,12.5,fanduel,2025-11-19T14:55:00Z,2025-11-19T14:54:08Z,-110.0,-120.0
Scottie Barnes,Toronto Raptors @ Philadelphia 76ers,2025-11-20T00:00:00Z,player_points,18.5,fanduel,2025-11-19T14:55:00Z,2025-11-19T14:54:08Z,-118.0,-112.0
VJ Edgecombe,Toronto Raptors @ Philadelphia 76ers,2025-11-20T00:00:00Z,player_points,15.5,fanduel,2025-11-19T14:55:00Z,2025-11-19T14:54:08Z,-114.0,-114.0
Brandon Ingram,Toronto Raptors @ Philadelphia 76ers,2025-11-20T00:00:00Z,player_points,20.5,fanduel,2025-11-19T14:55:00Z,2025-11-19T14:54:08Z,-108.0,-122.0
Jakob Poeltl,Toronto Raptors @ Philadelphia 76ers,2025-11-20T00:00:00Z,player_points_rebounds_assists,23.5,fanduel,2025-11-19T14:55:00Z,2025-11-19T14:53:59Z,-125.0,-106.0
R.J. Barrett,Toronto Raptors @ Philadelphia 76ers,2025-11-20T00:00:00Z,player_points_rebounds_assists,28.5,fanduel,2025-11-19T14:55:00Z,2025-11-19T14:53:59Z,-104.0,-128.0
Quentin Grimes,Toronto Raptors @ Philadelphia 76ers,2025-11-20T00:00:00Z,player_points_rebounds_assists,24.5,fanduel,2025-11-19T14:55:00Z,2025-11-19T14:53:59Z,-104.0,-128.0
Immanuel Quickley,Toronto Raptors @ Philadelphia 76ers,2025-11-20T00:00:00Z,player_points_rebounds_assists,26.5,fanduel,2025-11-19T14:55:00Z,2025-11-19T14:53:59Z,-114.0,-114.0
Brandon Ingram,Toronto Raptors @ Philadelphia 76ers,2025-11-20T00:00:00Z,player_points_rebounds_assists,29.5,fanduel,2025-11-19T14:55:00Z,2025-11-19T14:53:59Z,-122.0,-106.0
Scottie Barnes,Toronto Raptors @ Philadelphia 76ers,2025-11-20T00:00:00Z,player_points_rebounds_assists,31.5,fanduel,2025-11-19T14:55:00Z,2025-11-19T14:53:59Z,-114.0,-114.0
VJ Edgecombe,Toronto Raptors @ Philadelphia 76ers,2025-11-20T00:00:00Z,player_points_rebounds_assists,24.5,fanduel,2025-11-19T14:55:00Z,2025-11-19T14:53:59Z,-118.0,-112.0
Tyrese Maxey,Toronto Raptors @ Philadelphia 76ers,2025-11-20T00:00:00Z,player_points_rebounds_assists,42.5,fanduel,2025-11-19T14:55:00Z,2025-11-19T14:53:59Z,-106.0,-125.0
Jakob Poeltl,Toronto Raptors @ Philadelphia 76ers,2025-11-20T00:00:00Z,player_rebounds,8.5,fanduel,2025-11-19T14:55:00Z,2025-11-19T14:54:08Z,-138.0,104.0
VJ Edgecombe,Toronto Raptors @ Philadelphia 76ers,2025-11-20T00:00:00Z,player_rebounds,4.5,fanduel,2025-11-19T14:55:00Z,2025-11-19T14:54:08Z,-158.0,118.0
Immanuel Quickley,Toronto Raptors @ Philadelphia 76ers,2025-11-20T00:00:00Z,player_rebounds,3.5,fanduel,2025-11-19T14:55:00Z,2025-11-19T14:54:08Z,-162.0,122.0
Andre Drummond,Toronto Raptors @ Philadelphia 76ers,2025-11-20T00:00:00Z,player_rebounds,12.5,fanduel,2025-11-19T14:55:00Z,2025-11-19T14:54:08Z,-144.0,108.0
Scottie Barnes,Toronto Raptors @ Philadelphia 76ers,2025-11-20T00:00:00Z,player_rebounds,7.5,fanduel,2025-11-19T14:55:00Z,2025-11-19T14:54:08Z,102.0,-136.0
Tyrese Maxey,Toronto Raptors @ Philadelphia 76ers,2025-11-20T00:00:00Z,player_rebounds,3.5,fanduel,2025-11-19T14:55:00Z,2025-11-19T14:54:08Z,-132.0,100.0
Brandon Ingram,Toronto Raptors @ Philadelphia 76ers,2025-11-20T00:00:00Z,player_rebounds,5.5,fanduel,2025-11-19T14:55:00Z,2025-11-19T14:54:08Z,110.0,-146.0
Quentin Grimes,Toronto Raptors @ Philadelphia 76ers,2025-11-20T00:00:00Z,player_rebounds,3.5,fanduel,2025-11-19T14:55:00Z,2025-11-19T14:54:08Z,-120.0,-110.0
R.J. Barrett,Toronto Raptors @ Philadelphia 76ers,2025-11-20T00:00:00Z,player_rebounds,5.5,fanduel,2025-11-19T14:55:00Z,2025-11-19T14:54:08Z,118.0,-158.0
Tyrese Maxey,Toronto Raptors @ Philadelphia 76ers,2025-11-20T00:00:00Z,player_steals,1.5,fanduel,2025-11-19T14:55:00Z,2025-11-19T14:54:08Z,114.0,-152.0
VJ Edgecombe,Toronto Raptors @ Philadelphia 76ers,2025-11-20T00:00:00Z,player_steals,1.5,fanduel,2025-11-19T14:55:00Z,2025-11-19T14:54:08Z,136.0,-186.0
Scottie Barnes,Toronto Raptors @ Philadelphia 76ers,2025-11-20T00:00:00Z,player_steals,1.5,fanduel,2025-11-19T14:55:00Z,2025-11-19T14:54:08Z,108.0,-144.0
Tyrese Maxey,Toronto Raptors @ Philadelphia 76ers,2025-11-20T00:00:00Z,player_threes,3.5,fanduel,2025-11-19T14:55:00Z,2025-11-19T14:54:08Z,-114.0,-114.0
VJ Edgecombe,Toronto Raptors @ Philadelphia 76ers,2025-11-20T00:00:00Z,player_threes,1.5,fanduel,2025-11-19T14:55:00Z,2025-11-19T14:54:08Z,-166.0,124.0
Quentin Grimes,Toronto Raptors @ Philadelphia 76ers,2025-11-20T00:00:00Z,player_threes,2.5,fanduel,2025-11-19T14:55:00Z,2025-11-19T14:54:08Z,-114.0,-114.0
Immanuel Quickley,Toronto Raptors @ Philadelphia 76ers,2025-11-20T00:00:00Z,player_threes,2.5,fanduel,2025-11-19T14:55:00Z,2025-11-19T14:54:08Z,-118.0,-112.0
R.J. Barrett,Toronto Raptors @ Philadelphia 76ers,2025-11-20T00:00:00Z,player_threes,1.5,fanduel,2025-11-19T14:55:00Z,2025-11-19T14:54:08Z,-158.0,118.0
Brandon Ingram,Toronto Raptors @ Philadelphia 76ers,2025-11-20T00:00:00Z,player_threes,1.5,fanduel,2025-11-19T14:55:00Z,2025-11-19T14:54:08Z,102.0,-136.0
Scottie Barnes,Toronto Raptors @ Philadelphia 76ers,2025-11-20T00:00:00Z,player_threes,1.5,fanduel,2025-11-19T14:55:00Z,2025-11-19T14:54:08Z,130.0,-174.0
Scottie Barnes,Toronto Raptors @ Philadelphia 76ers,2025-11-20T00:00:00Z,player_triple_double,,fanduel,2025-11-19T14:55:00Z,2025-11-19T14:54:08Z,,
Immanuel Quickley,Toronto Raptors @ Philadelphia 76ers,2025-11-20T00:00:00Z,player_assists,5.5,betrivers,2025-11-19T14:55:14Z,2025-11-19T14:55:11Z,-150.0,112.0
Tyrese Maxey,Toronto Raptors @ Philadelphia 76ers,2025-11-20T00:00:00Z,player_assists,7.5,betrivers,2025-11-19T14:55:14Z,2025-11-19T14:55:11Z,110.0,-148.0
VJ Edgecombe,Toronto Raptors @ Philadelphia 76ers,2025-11-20T00:00:00Z,player_assists,3.5,betrivers,2025-11-19T14:55:14Z,2025-11-19T14:55:11Z,-141.0,107.0
Quentin Grimes,Toronto Raptors @ Philadelphia 76ers,2025-11-20T00:00:00Z,player_assists,3.5,betrivers,2025-11-19T14:55:14Z,2025-11-19T14:55:11Z,-143.0,108.0
Scottie Barnes,Toronto Raptors @ Philadelphia 76ers,2025-11-20T00:00:00Z,player_assists,5.5,betrivers,2025-11-19T14:55:14Z,2025-11-19T14:55:11Z,107.0,-143.0
Jakob Poeltl,Toronto Raptors @ Philadelphia 76ers,2025-11-20T00:00:00Z,player_assists,1.5,betrivers,2025-11-19T14:55:14Z,2025-11-19T14:55:11Z,-195.0,143.0
Brandon Ingram,Toronto Raptors @ Philadelphia 76ers,2025-11-20T00:00:00Z,player_assists,3.5,betrivers,2025-11-19T14:55:14Z,2025-11-19T14:55:11Z,-152.0,114.0
R.J. Barrett,Toronto Raptors @ Philadelphia 76ers,2025-11-20T00:00:00Z,player_assists,3.5,betrivers,2025-11-19T14:55:14Z,2025-11-19T14:55:11Z,-143.0,108.0
Quentin Grimes,Toronto Raptors @ Philadelphia 76ers,2025-11-20T00:00:00Z,player_points,15.5,betrivers,2025-11-19T14:55:14Z,2025-11-19T14:55:11Z,-127.0,-105.0
Andre Drummond,Toronto Raptors @ Philadelphia 76ers,2025-11-20T00:00:00Z,player_points,11.5,betrivers,2025-11-19T14:55:14Z,2025-11-19T14:55:11Z,-108.0,-124.0
VJ Edgecombe,Toronto Raptors @ Philadelphia 76ers,2025-11-20T00:00:00Z,player_points,15.5,betrivers,2025-11-19T14:55:14Z,2025-11-19T14:55:11Z,-115.0,-115.0
Tyrese Maxey,Toronto Raptors @ Philadelphia 76ers,2025-11-20T00:00:00Z,player_points,30.5,betrivers,2025-11-19T14:55:14Z,2025-11-19T14:55:11Z,-121.0,-110.0
Brandon Ingram,Toronto Raptors @ Philadelphia 76ers,2025-11-20T00:00:00Z,player_points,20.5,betrivers,2025-11-19T14:55:14Z,2025-11-19T14:55:11Z,-110.0,-121.0
Immanuel Quickley,Toronto Raptors @ Philadelphia 76ers,2025-11-20T00:00:00Z,player_points,15.5,betrivers,2025-11-19T14:55:14Z,2025-11-19T14:55:11Z,-122.0,-109.0
Scottie Barnes,Toronto Raptors @ Philadelphia 76ers,2025-11-20T00:00:00Z,player_points,18.5,betrivers,2025-11-19T14:55:14Z,2025-11-19T14:55:11Z,-122.0,-109.0
R.J. Barrett,Toronto Raptors @ Philadelphia 76ers,2025-11-20T00:00:00Z,player_points,18.5,betrivers,2025-11-19T14:55:14Z,2025-11-19T14:55:11Z,-121.0,-110.0
Jakob Poeltl,Toronto Raptors @ Philadelphia 76ers,2025-11-20T00:00:00Z,player_points,12.5,betrivers,2025-11-19T14:55:14Z,2025-11-19T14:55:11Z,-120.0,-112.0
Jakob Poeltl,Toronto Raptors @ Philadelphia 76ers,2025-11-20T00:00:00Z,player_points_rebounds_assists,24.5,betrivers,2025-11-19T14:55:14Z,2025-11-19T14:55:11Z,-112.0,-120.0
Brandon Ingram,Toronto Raptors @ Philadelphia 76ers,2025-11-20T00:00:00Z,player_points_rebounds_assists,30.5,betrivers,2025-11-19T14:55:14Z,2025-11-19T14:55:11Z,-110.0,-121.0
Scottie Barnes,Toronto Raptors @ Philadelphia 76ers,2025-11-20T00:00:00Z,player_points_rebounds_assists,32.5,betrivers,2025-11-19T14:55:14Z,2025-11-19T14:55:11Z,-108.0,-122.0
Tyrese Maxey,Toronto Raptors @ Philadelphia 76ers,2025-11-20T00:00:00Z,player_points_rebounds_assists,42.5,betrivers,2025-11-19T14:55:14Z,2025-11-19T14:55:11Z,-121.0,-110.0
Quentin Grimes,Toronto Raptors @ Philadelphia 76ers,2025-11-20T00:00:00Z,player_points_rebounds_assists,23.5,betrivers,2025-11-19T14:55:14Z,2025-11-19T14:55:11Z,-124.0,-107.0
R.J. Barrett,Toronto Raptors @ Philadelphia 76ers,2025-11-20T00:00:00Z,player_points_rebounds_assists,28.5,betrivers,2025-11-19T14:55:14Z,2025-11-19T14:55:11Z,-113.0,-118.0
Immanuel Quickley,Toronto Raptors @ Philadelphia 76ers,2025-11-20T00:00:00Z,player_points_rebounds_assists,26.5,betrivers,2025-11-19T14:55:14Z,2025-11-19T14:55:11Z,-117.0,-114.0
VJ Edgecombe,Toronto Raptors @ Philadelphia 76ers,2025-11-20T00:00:00Z,player_points_rebounds_assists,25.5,betrivers,2025-11-19T14:55:14Z,2025-11-19T14:55:11Z,-107.0,-125.0
Scottie Barnes,Toronto Raptors @ Philadelphia 76ers,2025-11-20T00:00:00Z,player_rebounds,7.5,betrivers,2025-11-19T14:55:14Z,2025-11-19T14:55:11Z,102.0,-136.0
Quentin Grimes,Toronto Raptors @ Philadelphia 76ers,2025-11-20T00:00:00Z,player_rebounds,3.5,betrivers,2025-11-19T14:55:14Z,2025-11-19T14:55:11Z,-110.0,-121.0
Tyrese Maxey,Toronto Raptors @ Philadelphia 76ers,2025-11-20T00:00:00Z,player_rebounds,3.5,betrivers,2025-11-19T14:55:14Z,2025-11-19T14:55:11Z,-162.0,120.0
Andre Drummond,Toronto Raptors @ Philadelphia 76ers,2025-11-20T00:00:00Z,player_rebounds,13.5,betrivers,2025-11-19T14:55:14Z,2025-11-19T14:55:11Z,-104.0,-129.0
VJ Edgecombe,Toronto Raptors @ Philadelphia 76ers,2025-11-20T00:00:00Z,player_rebounds,4.5,betrivers,2025-11-19T14:55:14Z,2025-11-19T14:55:11Z,-150.0,112.0
Jakob Poeltl,Toronto Raptors @ Philadelphia 76ers,2025-11-20T00:00:00Z,player_rebounds,8.5,betrivers,2025-11-19T14:55:14Z,2025-11-19T14:55:11Z,-141.0,106.0
Brandon Ingram,Toronto Raptors @ Philadelphia 76ers,2025-11-20T00:00:00Z,player_rebounds,5.5,betrivers,2025-11-19T14:55:14Z,2025-11-19T14:55:11Z,105.0,-139.0
Immanuel Quickley,Toronto Raptors @ Philadelphia 76ers,2025-11-20T00:00:00Z,player_rebounds,3.5,betrivers,2025-11-19T14:55:14Z,2025-11-19T14:55:11Z,-165.0,123.0
R.J. Barrett,Toronto Raptors @ Philadelphia 76ers,2025-11-20T00:00:00Z,player_rebounds,5.5,betrivers,2025-11-19T14:55:14Z,2025-11-19T14:55:11Z,115.0,-152.0
R.J. Barrett,Toronto Raptors @ Philadelphia 76ers,2025-11-20T00:00:00Z,player_threes,1.5,betrivers,2025-11-19T14:55:14Z,2025-11-19T14:55:11Z,-155.0,116.0
Scottie Barnes,Toronto Raptors @ Philadelphia 76ers,2025-11-20T00:00:00Z,player_threes,1.5,betrivers,2025-11-19T14:55:14Z,2025-11-19T14:55:11Z,130.0,-177.0
Brandon Ingram,Toronto Raptors @ Philadelphia 76ers,2025-11-20T00:00:00Z,player_threes,1.5,betrivers,2025-11-19T14:55:14Z,2025-11-19T14:55:11Z,104.0,-137.0
Tyrese Maxey,Toronto Raptors @ Philadelphia 76ers,2025-11-20T00:00:00Z,player_threes,3.5,betrivers,2025-11-19T14:55:14Z,2025-11-19T14:55:11Z,-113.0,-118.0
Quentin Grimes,Toronto Raptors @ Philadelphia 76ers,2025-11-20T00:00:00Z,player_threes,2.5,betrivers,2025-11-19T14:55:14Z,2025-11-19T14:55:11Z,-109.0,-122.0
VJ Edgecombe,Toronto Raptors @ Philadelphia 76ers,2025-11-20T00:00:00Z,player_threes,1.5,betrivers,2025-11-19T14:55:14Z,2025-11-19T14:55:11Z,-162.0,120.0
Immanuel Quickley,Toronto Raptors @ Philadelphia 76ers,2025-11-20T00:00:00Z,player_threes,2.5,betrivers,2025-11-19T14:55:14Z,2025-11-19T14:55:11Z,-117.0,-114.0
Jakob Poeltl,Toronto Raptors @ Philadelphia 76ers,2025-11-20T00:00:00Z,player_assists,2.5,betonlineag,2025-11-19T14:53:31Z,2025-11-19T14:54:00Z,155.0,-204.0
R.J. Barrett,Toronto Raptors @ Philadelphia 76ers,2025-11-20T00:00:00Z,player_assists,3.5,betonlineag,2025-11-19T14:53:31Z,2025-11-19T14:54:00Z,-143.0,110.0
Scottie Barnes,Toronto Raptors @ Philadelphia 76ers,2025-11-20T00:00:00Z,player_assists,5.5,betonlineag,2025-11-19T14:53:31Z,2025-11-19T14:54:00Z,113.0,-147.0
Quentin Grimes,Toronto Raptors @ Philadelphia 76ers,2025-11-20T00:00:00Z,player_assists,3.5,betonlineag,2025-11-19T14:53:31Z,2025-11-19T14:54:00Z,-149.0,115.0
VJ Edgecombe,Toronto Raptors @ Philadelphia 76ers,2025-11-20T00:00:00Z,player_assists,3.5,betonlineag,2025-11-19T14:53:31Z,2025-11-19T14:54:00Z,-147.0,113.0
Brandon Ingram,Toronto Raptors @ Philadelphia 76ers,2025-11-20T00:00:00Z,player_assists,3.5,betonlineag,2025-11-19T14:53:31Z,2025-11-19T14:54:00Z,-167.0,128.0
Immanuel Quickley,Toronto Raptors @ Philadelphia 76ers,2025-11-20T00:00:00Z,player_assists,6.5,betonlineag,2025-11-19T14:53:31Z,2025-11-19T14:54:00Z,115.0,-149.0
Tyrese Maxey,Toronto Raptors @ Philadelphia 76ers,2025-11-20T00:00:00Z,player_assists,7.5,betonlineag,2025-11-19T14:53:31Z,2025-11-19T14:54:00Z,115.0,-149.0
Jamal Shead,Toronto Raptors @ Philadelphia 76ers,2025-11-20T00:00:00Z,player_assists,4.5,betonlineag,2025-11-19T14:53:31Z,2025-11-19T14:54:00Z,117.0,-152.0
Tyrese Maxey,Toronto Raptors @ Philadelphia 76ers,2025-11-20T00:00:00Z,player_points,30.5,betonlineag,2025-11-19T14:53:31Z,2025-11-19T14:54:00Z,-116.0,-111.0
Andre Drummond,Toronto Raptors @ Philadelphia 76ers,2025-11-20T00:00:00Z,player_points,11.5,betonlineag,2025-11-19T14:53:31Z,2025-11-19T14:54:00Z,-125.0,-103.0
Scottie Barnes,Toronto Raptors @ Philadelphia 76ers,2025-11-20T00:00:00Z,player_points,18.5,betonlineag,2025-11-19T14:53:31Z,2025-11-19T14:54:00Z,-118.0,-110.0
R.J. Barrett,Toronto Raptors @ Philadelphia 76ers,2025-11-20T00:00:00Z,player_points,18.5,betonlineag,2025-11-19T14:53:31Z,2025-11-19T14:54:00Z,-115.0,-112.0
Quentin Grimes,Toronto Raptors @ Philadelphia 76ers,2025-11-20T00:00:00Z,player_points,15.5,betonlineag,2025-11-19T14:53:31Z,2025-11-19T14:54:00Z,-135.0,104.0
Brandon Ingram,Toronto Raptors @ Philadelphia 76ers,2025-11-20T00:00:00Z,player_points,20.5,betonlineag,2025-11-19T14:53:31Z,2025-11-19T14:54:00Z,-110.0,-118.0
Jakob Poeltl,Toronto Raptors @ Philadelphia 76ers,2025-11-20T00:00:00Z,player_points,12.5,betonlineag,2025-11-19T14:53:31Z,2025-11-19T14:54:00Z,-103.0,-125.0
VJ Edgecombe,Toronto Raptors @ Philadelphia 76ers,2025-11-20T00:00:00Z,player_points,15.5,betonlineag,2025-11-19T14:53:31Z,2025-11-19T14:54:00Z,-111.0,-116.0
Sandro Mamukelashvili,Toronto Raptors @ Philadelphia 76ers,2025-11-20T00:00:00Z,player_points,8.5,betonlineag,2025-11-19T14:53:31Z,2025-11-19T14:54:00Z,-102.0,-127.0
Jamal Shead,Toronto Raptors @ Philadelphia 76ers,2025-11-20T00:00:00Z,player_points,6.5,betonlineag,2025-11-19T14:53:31Z,2025-11-19T14:54:00Z,-115.0,-112.0
Gradey Dick,Toronto Raptors @ Philadelphia 76ers,2025-11-20T00:00:00Z,player_points,7.5,betonlineag,2025-11-19T14:53:31Z,2025-11-19T14:54:00Z,-122.0,-106.0
Immanuel Quickley,Toronto Raptors @ Philadelphia 76ers,2025-11-20T00:00:00Z,player_points,16.5,betonlineag,2025-11-19T14:53:31Z,2025-11-19T14:54:00Z,-101.0,-128.0
Tyrese Maxey,Toronto Raptors @ Philadelphia 76ers,2025-11-20T00:00:00Z,player_points_rebounds_assists,42.5,betonlineag,2025-11-19T14:53:31Z,2025-11-19T14:54:00Z,-109.0,-119.0
Scottie Barnes,Toronto Raptors @ Philadelphia 76ers,2025-11-20T00:00:00Z,player_points_rebounds_assists,31.5,betonlineag,2025-11-19T14:53:31Z,2025-11-19T14:54:00Z,-110.0,-118.0
R.J. Barrett,Toronto Raptors @ Philadelphia 76ers,2025-11-20T00:00:00Z,player_points_rebounds_assists,27.5,betonlineag,2025-11-19T14:53:31Z,2025-11-19T14:54:00Z,-115.0,-112.0
Brandon Ingram,Toronto Raptors @ Philadelphia 76ers,2025-11-20T00:00:00Z,player_points_rebounds_assists,29.5,betonlineag,2025-11-19T14:53:31Z,2025-11-19T14:54:00Z,-122.0,-106.0
Quentin Grimes,Toronto Raptors @ Philadelphia 76ers,2025-11-20T00:00:00Z,player_points_rebounds_assists,23.5,betonlineag,2025-11-19T14:53:31Z,2025-11-19T14:54:00Z,-118.0,-110.0
Immanuel Quickley,Toronto Raptors @ Philadelphia 76ers,2025-11-20T00:00:00Z,player_points_rebounds_assists,26.5,betonlineag,2025-11-19T14:53:31Z,2025-11-19T14:54:00Z,-111.0,-116.0
Jakob Poeltl,Toronto Raptors @ Philadelphia 76ers,2025-11-20T00:00:00Z,player_points_rebounds_assists,23.5,betonlineag,2025-11-19T14:53:31Z,2025-11-19T14:54:00Z,-120.0,-108.0
VJ Edgecombe,Toronto Raptors @ Philadelphia 76ers,2025-11-20T00:00:00Z,player_points_rebounds_assists,24.5,betonlineag,2025-11-19T14:53:31Z,2025-11-19T14:54:00Z,-115.0,-112.0
Sandro Mamukelashvili,Toronto Raptors @ Philadelphia 76ers,2025-11-20T00:00:00Z,player_points_rebounds_assists,13.5,betonlineag,2025-11-19T14:53:31Z,2025-11-19T14:54:00Z,-112.0,-115.0
Jamal Shead,Toronto Raptors @ Philadelphia 76ers,2025-11-20T00:00:00Z,player_points_rebounds_assists,12.5,betonlineag,2025-11-19T14:53:31Z,2025-11-19T14:54:00Z,-116.0,-111.0
Andre Drummond,Toronto Raptors @ Philadelphia 76ers,2025-11-20T00:00:00Z,player_points_rebounds_assists,26.5,betonlineag,2025-11-19T14:53:31Z,2025-11-19T14:54:00Z,-110.0,-118.0
Jakob Poeltl,Toronto Raptors @ Philadelphia 76ers,2025-11-20T00:00:00Z,player_rebounds,8.5,betonlineag,2025-11-19T14:53:31Z,2025-11-19T14:54:00Z,-132.0,102.0
Brandon Ingram,Toronto Raptors @ Philadelphia 76ers,2025-11-20T00:00:00Z,player_rebounds,5.5,betonlineag,2025-11-19T14:53:31Z,2025-11-19T14:54:00Z,-110.0,-118.0
Quentin Grimes,Toronto Raptors @ Philadelphia 76ers,2025-11-20T00:00:00Z,player_rebounds,3.5,betonlineag,2025-11-19T14:53:31Z,2025-11-19T14:54:00Z,-125.0,-103.0
VJ Edgecombe,Toronto Raptors @ Philadelphia 76ers,2025-11-20T00:00:00Z,player_rebounds,4.5,betonlineag,2025-11-19T14:53:31Z,2025-11-19T14:54:00Z,-152.0,117.0
Tyrese Maxey,Toronto Raptors @ Philadelphia 76ers,2025-11-20T00:00:00Z,player_rebounds,3.5,betonlineag,2025-11-19T14:53:31Z,2025-11-19T14:54:00Z,-132.0,102.0
Scottie Barnes,Toronto Raptors @ Philadelphia 76ers,2025-11-20T00:00:00Z,player_rebounds,7.5,betonlineag,2025-11-19T14:53:31Z,2025-11-19T14:54:00Z,100.0,-130.0
R.J. Barrett,Toronto Raptors @ Philadelphia 76ers,2025-11-20T00:00:00Z,player_rebounds,5.5,betonlineag,2025-11-19T14:53:31Z,2025-11-19T14:54:00Z,120.0,-156.0
Sandro Mamukelashvili,Toronto Raptors @ Philadelphia 76ers,2025-11-20T00:00:00Z,player_rebounds,4.5,betonlineag,2025-11-19T14:53:31Z,2025-11-19T14:54:00Z,-106.0,-122.0
Jamal Shead,Toronto Raptors @ Philadelphia 76ers,2025-11-20T00:00:00Z,player_rebounds,1.5,betonlineag,2025-11-19T14:53:31Z,2025-11-19T14:54:00Z,-102.0,-127.0
Gradey Dick,Toronto Raptors @ Philadelphia 76ers,2025-11-20T00:00:00Z,player_rebounds,2.5,betonlineag,2025-11-19T14:53:31Z,2025-11-19T14:54:00Z,107.0,-139.0
Andre Drummond,Toronto Raptors @ Philadelphia 76ers,2025-11-20T00:00:00Z,player_rebounds,13.5,betonlineag,2025-11-19T14:53:31Z,2025-11-19T14:54:00Z,-105.0,-123.0
Immanuel Quickley,Toronto Raptors @ Philadelphia 76ers,2025-11-20T00:00:00Z,player_rebounds,4.5,betonlineag,2025-11-19T14:53:31Z,2025-11-19T14:54:00Z,126.0,-164.0
Tyrese Maxey,Toronto Raptors @ Philadelphia 76ers,2025-11-20T00:00:00Z,player_threes,3.5,betonlineag,2025-11-19T14:53:31Z,2025-11-19T14:54:00Z,-109.0,-119.0
Scottie Barnes,Toronto Raptors @ Philadelphia 76ers,2025-11-20T00:00:00Z,player_threes,1.5,betonlineag,2025-11-19T14:53:31Z,2025-11-19T14:54:00Z,149.0,-196.0
R.J. Barrett,Toronto Raptors @ Philadelphia 76ers,2025-11-20T00:00:00Z,player_threes,1.5,betonlineag,2025-11-19T14:53:31Z,2025-11-19T14:54:00Z,-154.0,118.0
Andre Drummond,Toronto Raptors @ Philadelphia 76ers,2025-11-20T00:00:00Z,player_threes,0.5,betonlineag,2025-11-19T14:53:31Z,2025-11-19T14:54:00Z,128.0,-167.0
Brandon Ingram,Toronto Raptors @ Philadelphia 76ers,2025-11-20T00:00:00Z,player_threes,1.5,betonlineag,2025-11-19T14:53:31Z,2025-11-19T14:54:00Z,-106.0,-122.0
VJ Edgecombe,Toronto Raptors @ Philadelphia 76ers,2025-11-20T00:00:00Z,player_threes,1.5,betonlineag,2025-11-19T14:53:31Z,2025-11-19T14:54:00Z,-161.0,124.0
Quentin Grimes,Toronto Raptors @ Philadelphia 76ers,2025-11-20T00:00:00Z,player_threes,2.5,betonlineag,2025-11-19T14:53:31Z,2025-11-19T14:54:00Z,-119.0,-109.0
Immanuel Quickley,Toronto Raptors @ Philadelphia 76ers,2025-11-20T00:00:00Z,player_threes,2.5,betonlineag,2025-11-19T14:53:31Z,2025-11-19T14:54:00Z,-123.0,-105.0
Sandro Mamukelashvili,Toronto Raptors @ Philadelphia 76ers,2025-11-20T00:00:00Z,player_threes,0.5,betonlineag,2025-11-19T14:53:31Z,2025-11-19T14:54:00Z,-189.0,143.0
Jamal Shead,Toronto Raptors @ Philadelphia 76ers,2025-11-20T00:00:00Z,player_threes,1.5,betonlineag,2025-11-19T14:53:31Z,2025-11-19T14:54:00Z,199.0,-270.0
Gradey Dick,Toronto Raptors @ Philadelphia 76ers,2025-11-20T00:00:00Z,player_threes,1.5,betonlineag,2025-11-19T14:53:31Z,2025-11-19T14:54:00Z,132.0,-172.0
Andre Drummond,Toronto Raptors @ Philadelphia 76ers,2025-11-20T00:00:00Z,player_assists,1.5,betmgm,2025-11-19T14:54:46Z,2025-11-19T14:55:21Z,125.0,-165.0
Brandon Ingram,Toronto Raptors @ Philadelphia 76ers,2025-11-20T00:00:00Z,player_assists,3.5,betmgm,2025-11-19T14:54:46Z,2025-11-19T14:55:21Z,-155.0,115.0
Immanuel Quickley,Toronto Raptors @ Philadelphia 76ers,2025-11-20T00:00:00Z,player_assists,6.5,betmgm,2025-11-19T14:54:46Z,2025-11-19T14:55:21Z,105.0,-145.0
Tyrese Maxey,Toronto Raptors @ Philadelphia 76ers,2025-11-20T00:00:00Z,player_assists,7.5,betmgm,2025-11-19T14:54:46Z,2025-11-19T14:55:21Z,110.0,-145.0
Jamal Shead,Toronto Raptors @ Philadelphia 76ers,2025-11-20T00:00:00Z,player_assists,4.5,betmgm,2025-11-19T14:54:46Z,2025-11-19T14:55:21Z,110.0,-150.0
Quentin Grimes,Toronto Raptors @ Philadelphia 76ers,2025-11-20T00:00:00Z,player_assists,3.5,betmgm,2025-11-19T14:54:46Z,2025-11-19T14:55:21Z,-150.0,115.0
Gradey Dick,Toronto Raptors @ Philadelphia 76ers,2025-11-20T00:00:00Z,player_assists,0.5,betmgm,2025-11-19T14:54:46Z,2025-11-19T14:55:21Z,-115.0,-115.0
Sandro Mamukelashvili,Toronto Raptors @ Philadelphia 76ers,2025-11-20T00:00:00Z,player_assists,1.5,betmgm,2025-11-19T14:54:46Z,2025-11-19T14:55:21Z,115.0,-155.0
Jakob Poeltl,Toronto Raptors @ Philadelphia 76ers,2025-11-20T00:00:00Z,player_assists,1.5,betmgm,2025-11-19T14:54:46Z,2025-11-19T14:55:21Z,-185.0,135.0
R.J. Barrett,Toronto Raptors @ Philadelphia 76ers,2025-11-20T00:00:00Z,player_assists,3.5,betmgm,2025-11-19T14:54:46Z,2025-11-19T14:55:21Z,-150.0,110.0
Scottie Barnes,Toronto Raptors @ Philadelphia 76ers,2025-11-20T00:00:00Z,player_assists,5.5,betmgm,2025-11-19T14:54:46Z,2025-11-19T14:55:21Z,110.0,-145.0
VJ Edgecombe,Toronto Raptors @ Philadelphia 76ers,2025-11-20T00:00:00Z,player_assists,3.5,betmgm,2025-11-19T14:54:46Z,2025-11-19T14:55:21Z,-150.0,110.0
Andre Drummond,Toronto Raptors @ Philadelphia 76ers,2025-11-20T00:00:00Z,player_blocks,0.5,betmgm,2025-11-19T14:54:46Z,2025-11-19T14:55:21Z,-190.0,135.0
Brandon Ingram,Toronto Raptors @ Philadelphia 76ers,2025-11-20T00:00:00Z,player_blocks,0.5,betmgm,2025-11-19T14:54:46Z,2025-11-19T14:55:21Z,-140.0,100.0
Immanuel Quickley,Toronto Raptors @ Philadelphia 76ers,2025-11-20T00:00:00Z,player_blocks,0.5,betmgm,2025-11-19T14:54:46Z,2025-11-19T14:55:21Z,375.0,-650.0
Tyrese Maxey,Toronto Raptors @ Philadelphia 76ers,2025-11-20T00:00:00Z,player_blocks,0.5,betmgm,2025-11-19T14:54:46Z,2025-11-19T14:55:21Z,105.0,-150.0
Jakob Poeltl,Toronto Raptors @ Philadelphia 76ers,2025-11-20T00:00:00Z,player_blocks,0.5,betmgm,2025-11-19T14:54:46Z,2025-11-19T14:55:21Z,-210.0,150.0
R.J. Barrett,Toronto Raptors @ Philadelphia 76ers,2025-11-20T00:00:00Z,player_blocks,0.5,betmgm,2025-11-19T14:54:46Z,2025-11-19T14:55:21Z,250.0,-400.0
Scottie Barnes,Toronto Raptors @ Philadelphia 76ers,2025-11-20T00:00:00Z,player_blocks,1.5,betmgm,2025-11-19T14:54:46Z,2025-11-19T14:55:21Z,105.0,-145.0
VJ Edgecombe,Toronto Raptors @ Philadelphia 76ers,2025-11-20T00:00:00Z,player_blocks,0.5,betmgm,2025-11-19T14:54:46Z,2025-11-19T14:55:21Z,120.0,-165.0
Andre Drummond,Toronto Raptors @ Philadelphia 76ers,2025-11-20T00:00:00Z,player_double_double,,betmgm,2025-11-19T14:54:46Z,2025-11-19T14:55:21Z,,
Brandon Ingram,Toronto Raptors @ Philadelphia 76ers,2025-11-20T00:00:00Z,player_double_double,,betmgm,2025-11-19T14:54:46Z,2025-11-19T14:55:21Z,,
Immanuel Quickley,Toronto Raptors @ Philadelphia 76ers,2025-11-20T00:00:00Z,player_double_double,,betmgm,2025-11-19T14:54:46Z,2025-11-19T14:55:21Z,,
Tyrese Maxey,Toronto Raptors @ Philadelphia 76ers,2025-11-20T00:00:00Z,player_double_double,,betmgm,2025-11-19T14:54:46Z,2025-11-19T14:55:21Z,,
Jakob Poeltl,Toronto Raptors @ Philadelphia 76ers,2025-11-20T00:00:00Z,player_double_double,,betmgm,2025-11-19T14:54:46Z,2025-11-19T14:55:21Z,,
R.J. Barrett,Toronto Raptors @ Philadelphia 76ers,2025-11-20T00:00:00Z,player_double_double,,betmgm,2025-11-19T14:54:46Z,2025-11-19T14:55:21Z,,
Scottie Barnes,Toronto Raptors @ Philadelphia 76ers,2025-11-20T00:00:00Z,player_double_double,,betmgm,2025-11-19T14:54:46Z,2025-11-19T14:55:21Z,,
VJ Edgecombe,Toronto Raptors @ Philadelphia 76ers,2025-11-20T00:00:00Z,player_double_double,,betmgm,2025-11-19T14:54:46Z,2025-11-19T14:55:21Z,,
Brandon Ingram,Toronto Raptors @ Philadelphia 76ers,2025-11-20T00:00:00Z,player_points,20.5,betmgm,2025-11-19T14:54:46Z,2025-11-19T14:55:21Z,-115.0,-115.0
Immanuel Quickley,Toronto Raptors @ Philadelphia 76ers,2025-11-20T00:00:00Z,player_points,15.5,betmgm,2025-11-19T14:54:46Z,2025-11-19T14:55:21Z,-125.0,-105.0
Tyrese Maxey,Toronto Raptors @ Philadelphia 76ers,2025-11-20T00:00:00Z,player_points,31.5,betmgm,2025-11-19T14:54:46Z,2025-11-19T14:55:21Z,-105.0,-125.0
Jamal Shead,Toronto Raptors @ Philadelphia 76ers,2025-11-20T00:00:00Z,player_points,6.5,betmgm,2025-11-19T14:54:46Z,2025-11-19T14:55:21Z,-118.0,-110.0
Quentin Grimes,Toronto Raptors @ Philadelphia 76ers,2025-11-20T00:00:00Z,player_points,16.5,betmgm,2025-11-19T14:54:46Z,2025-11-19T14:55:21Z,-105.0,-125.0
Gradey Dick,Toronto Raptors @ Philadelphia 76ers,2025-11-20T00:00:00Z,player_points,7.5,betmgm,2025-11-19T14:54:46Z,2025-11-19T14:55:21Z,-125.0,-110.0
Sandro Mamukelashvili,Toronto Raptors @ Philadelphia 76ers,2025-11-20T00:00:00Z,player_points,7.5,betmgm,2025-11-19T14:54:46Z,2025-11-19T14:55:21Z,-130.0,-105.0
Jakob Poeltl,Toronto Raptors @ Philadelphia 76ers,2025-11-20T00:00:00Z,player_points,11.5,betmgm,2025-11-19T14:54:46Z,2025-11-19T14:55:21Z,-145.0,110.0
R.J. Barrett,Toronto Raptors @ Philadelphia 76ers,2025-11-20T00:00:00Z,player_points,18.5,betmgm,2025-11-19T14:54:46Z,2025-11-19T14:55:21Z,-118.0,-110.0
Scottie Barnes,Toronto Raptors @ Philadelphia 76ers,2025-11-20T00:00:00Z,player_points,18.5,betmgm,2025-11-19T14:54:46Z,2025-11-19T14:55:21Z,-118.0,-110.0
VJ Edgecombe,Toronto Raptors @ Philadelphia 76ers,2025-11-20T00:00:00Z,player_points,15.5,betmgm,2025-11-19T14:54:46Z,2025-11-19T14:55:21Z,-110.0,-120.0
Andre Drummond,Toronto Raptors @ Philadelphia 76ers,2025-11-20T00:00:00Z,player_points,11.5,betmgm,2025-11-19T14:54:46Z,2025-11-19T14:55:21Z,100.0,-135.0
Brandon Ingram,Toronto Raptors @ Philadelphia 76ers,2025-11-20T00:00:00Z,player_points_rebounds_assists,29.5,betmgm,2025-11-19T14:54:46Z,2025-11-19T14:55:21Z,-125.0,-105.0
Immanuel Quickley,Toronto Raptors @ Philadelphia 76ers,2025-11-20T00:00:00Z,player_points_rebounds_assists,26.5,betmgm,2025-11-19T14:54:46Z,2025-11-19T14:55:21Z,-105.0,-125.0
Tyrese Maxey,Toronto Raptors @ Philadelphia 76ers,2025-11-20T00:00:00Z,player_points_rebounds_assists,42.5,betmgm,2025-11-19T14:54:46Z,2025-11-19T14:55:21Z,-115.0,-115.0
Jamal Shead,Toronto Raptors @ Philadelphia 76ers,2025-11-20T00:00:00Z,player_points_rebounds_assists,12.5,betmgm,2025-11-19T14:54:46Z,2025-11-19T14:55:21Z,-118.0,-110.0
Quentin Grimes,Toronto Raptors @ Philadelphia 76ers,2025-11-20T00:00:00Z,player_points_rebounds_assists,23.5,betmgm,2025-11-19T14:54:46Z,2025-11-19T14:55:21Z,-120.0,-110.0
Gradey Dick,Toronto Raptors @ Philadelphia 76ers,2025-11-20T00:00:00Z,player_points_rebounds_assists,10.5,betmgm,2025-11-19T14:54:46Z,2025-11-19T14:55:21Z,-125.0,-105.0
Sandro Mamukelashvili,Toronto Raptors @ Philadelphia 76ers,2025-11-20T00:00:00Z,player_points_rebounds_assists,13.5,betmgm,2025-11-19T14:54:46Z,2025-11-19T14:55:21Z,-118.0,-115.0
R.J. Barrett,Toronto Raptors @ Philadelphia 76ers,2025-11-20T00:00:00Z,player_points_rebounds_assists,27.5,betmgm,2025-11-19T14:54:46Z,2025-11-19T14:55:21Z,-110.0,-118.0
Scottie Barnes,Toronto Raptors @ Philadelphia 76ers,2025-11-20T00:00:00Z,player_points_rebounds_assists,31.5,betmgm,2025-11-19T14:54:46Z,2025-11-19T14:55:21Z,-110.0,-125.0
VJ Edgecombe,Toronto Raptors @ Philadelphia 76ers,2025-11-20T00:00:00Z,player_points_rebounds_assists,24.5,betmgm,2025-11-19T14:54:46Z,2025-11-19T14:55:21Z,-110.0,-118.0
Jakob Poeltl,Toronto Raptors @ Philadelphia 76ers,2025-11-20T00:00:00Z,player_points_rebounds_assists,22.5,betmgm,2025-11-19T14:54:46Z,2025-11-19T14:55:21Z,-125.0,-105.0
Andre Drummond,Toronto Raptors @ Philadelphia 76ers,2025-11-20T00:00:00Z,player_points_rebounds_assists,26.5,betmgm,2025-11-19T14:54:46Z,2025-11-19T14:55:21Z,-105.0,-125.0
Andre Drummond,Toronto Raptors @ Philadelphia 76ers,2025-11-20T00:00:00Z,player_rebounds,13.5,betmgm,2025-11-19T14:54:46Z,2025-11-19T14:55:21Z,-105.0,-125.0
Brandon Ingram,Toronto Raptors @ Philadelphia 76ers,2025-11-20T00:00:00Z,player_rebounds,5.5,betmgm,2025-11-19T14:54:46Z,2025-11-19T14:55:21Z,105.0,-140.0
Immanuel Quickley,Toronto Raptors @ Philadelphia 76ers,2025-11-20T00:00:00Z,player_rebounds,3.5,betmgm,2025-11-19T14:54:46Z,2025-11-19T14:55:21Z,-150.0,110.0
Tyrese Maxey,Toronto Raptors @ Philadelphia 76ers,2025-11-20T00:00:00Z,player_rebounds,3.5,betmgm,2025-11-19T14:54:46Z,2025-11-19T14:55:21Z,-145.0,105.0
Jamal Shead,Toronto Raptors @ Philadelphia 76ers,2025-11-20T00:00:00Z,player_rebounds,1.5,betmgm,2025-11-19T14:54:46Z,2025-11-19T14:55:21Z,-110.0,-120.0
Quentin Grimes,Toronto Raptors @ Philadelphia 76ers,2025-11-20T00:00:00Z,player_rebounds,3.5,betmgm,2025-11-19T14:54:46Z,2025-11-19T14:55:21Z,-115.0,-115.0
Gradey Dick,Toronto Raptors @ Philadelphia 76ers,2025-11-20T00:00:00Z,player_rebounds,2.5,betmgm,2025-11-19T14:54:46Z,2025-11-19T14:55:21Z,115.0,-155.0
Sandro Mamukelashvili,Toronto Raptors @ Philadelphia 76ers,2025-11-20T00:00:00Z,player_rebounds,4.5,betmgm,2025-11-19T14:54:46Z,2025-11-19T14:55:21Z,115.0,-155.0
Jakob Poeltl,Toronto Raptors @ Philadelphia 76ers,2025-11-20T00:00:00Z,player_rebounds,8.5,betmgm,2025-11-19T14:54:46Z,2025-11-19T14:55:21Z,-125.0,-105.0
R.J. Barrett,Toronto Raptors @ Philadelphia 76ers,2025-11-20T00:00:00Z,player_rebounds,4.5,betmgm,2025-11-19T14:54:46Z,2025-11-19T14:55:21Z,-135.0,100.0
Scottie Barnes,Toronto Raptors @ Philadelphia 76ers,2025-11-20T00:00:00Z,player_rebounds,6.5,betmgm,2025-11-19T14:54:46Z,2025-11-19T14:55:21Z,-150.0,110.0
VJ Edgecombe,Toronto Raptors @ Philadelphia 76ers,2025-11-20T00:00:00Z,player_rebounds,4.5,betmgm,2025-11-19T14:54:46Z,2025-11-19T14:55:21Z,-145.0,110.0
Andre Drummond,Toronto Raptors @ Philadelphia 76ers,2025-11-20T00:00:00Z,player_threes,0.5,betmgm,2025-11-19T14:54:46Z,2025-11-19T14:55:21Z,125.0,-165.0
Brandon Ingram,Toronto Raptors @ Philadelphia 76ers,2025-11-20T00:00:00Z,player_threes,1.5,betmgm,2025-11-19T14:54:46Z,2025-11-19T14:55:21Z,-110.0,-125.0
Immanuel Quickley,Toronto Raptors @ Philadelphia 76ers,2025-11-20T00:00:00Z,player_threes,2.5,betmgm,2025-11-19T14:54:46Z,2025-11-19T14:55:21Z,-125.0,-105.0
Tyrese Maxey,Toronto Raptors @ Philadelphia 76ers,2025-11-20T00:00:00Z,player_threes,3.5,betmgm,2025-11-19T14:54:46Z,2025-11-19T14:55:21Z,-125.0,-105.0
Jamal Shead,Toronto Raptors @ Philadelphia 76ers,2025-11-20T00:00:00Z,player_threes,0.5,betmgm,2025-11-19T14:54:46Z,2025-11-19T14:55:21Z,-200.0,150.0
Quentin Grimes,Toronto Raptors @ Philadelphia 76ers,2025-11-20T00:00:00Z,player_threes,2.5,betmgm,2025-11-19T14:54:46Z,2025-11-19T14:55:21Z,-120.0,-110.0
Gradey Dick,Toronto Raptors @ Philadelphia 76ers,2025-11-20T00:00:00Z,player_threes,1.5,betmgm,2025-11-19T14:54:46Z,2025-11-19T14:55:21Z,125.0,-165.0
Sandro Mamukelashvili,Toronto Raptors @ Philadelphia 76ers,2025-11-20T00:00:00Z,player_threes,0.5,betmgm,2025-11-19T14:54:46Z,2025-11-19T14:55:21Z,-175.0,130.0
R.J. Barrett,Toronto Raptors @ Philadelphia 76ers,2025-11-20T00:00:00Z,player_threes,1.5,betmgm,2025-11-19T14:54:46Z,2025-11-19T14:55:21Z,-165.0,125.0
Scottie Barnes,Toronto Raptors @ Philadelphia 76ers,2025-11-20T00:00:00Z,player_threes,1.5,betmgm,2025-11-19T14:54:46Z,2025-11-19T14:55:21Z,150.0,-200.0
VJ Edgecombe,Toronto Raptors @ Philadelphia 76ers,2025-11-20T00:00:00Z,player_threes,1.5,betmgm,2025-11-19T14:54:46Z,2025-11-19T14:55:21Z,-165.0,125.0
Tyrese Maxey,Toronto Raptors @ Philadelphia 76ers,2025-11-20T00:00:00Z,player_triple_double,,betmgm,2025-11-19T14:54:46Z,2025-11-19T14:55:21Z,,
Scottie Barnes,Toronto Raptors @ Philadelphia 76ers,2025-11-20T00:00:00Z,player_triple_double,,betmgm,2025-11-19T14:54:46Z,2025-11-19T14:55:21Z,,
Davion Mitchell,Golden State Warriors @ Miami Heat,2025-11-20T00:30:00Z,player_assists,7.5,draftkings,2025-11-19T14:54:30Z,2025-11-19T14:55:56Z,116.0,-153.0
Jimmy Butler,Golden State Warriors @ Miami Heat,2025-11-20T00:30:00Z,player_assists,5.5,draftkings,2025-11-19T14:54:30Z,2025-11-19T14:55:56Z,-123.0,-107.0
Stephen Curry,Golden State Warriors @ Miami Heat,2025-11-20T00:30:00Z,player_assists,4.5,draftkings,2025-11-19T14:54:30Z,2025-11-19T14:55:56Z,110.0,-146.0
Bam Adebayo,Golden State Warriors @ Miami Heat,2025-11-20T00:30:00Z,player_assists,3.5,draftkings,2025-11-19T14:54:30Z,2025-11-19T14:55:56Z,113.0,-149.0
Andrew Wiggins,Golden State Warriors @ Miami Heat,2025-11-20T00:30:00Z,player_assists,3.5,draftkings,2025-11-19T14:54:30Z,2025-11-19T14:55:56Z,129.0,-171.0
Pelle Larsson,Golden State Warriors @ Miami Heat,2025-11-20T00:30:00Z,player_assists,2.5,draftkings,2025-11-19T14:54:30Z,2025-11-19T14:55:56Z,-147.0,111.0
Norman Powell,Golden State Warriors @ Miami Heat,2025-11-20T00:30:00Z,player_assists,2.5,draftkings,2025-11-19T14:54:30Z,2025-11-19T14:55:56Z,141.0,-187.0
Andrew Wiggins,Golden State Warriors @ Miami Heat,2025-11-20T00:30:00Z,player_blocks,0.5,draftkings,2025-11-19T14:54:30Z,2025-11-19T14:55:56Z,-159.0,119.0
Bam Adebayo,Golden State Warriors @ Miami Heat,2025-11-20T00:30:00Z,player_blocks,0.5,draftkings,2025-11-19T14:54:30Z,2025-11-19T14:55:56Z,122.0,-162.0
Jimmy Butler,Golden State Warriors @ Miami Heat,2025-11-20T00:30:00Z,player_blocks,0.5,draftkings,2025-11-19T14:54:30Z,2025-11-19T14:55:56Z,210.0,-288.0
Bam Adebayo,Golden State Warriors @ Miami Heat,2025-11-20T00:30:00Z,player_double_double,,draftkings,2025-11-19T14:54:30Z,2025-11-19T14:55:56Z,,
Jimmy Butler,Golden State Warriors @ Miami Heat,2025-11-20T00:30:00Z,player_double_double,,draftkings,2025-11-19T14:54:30Z,2025-11-19T14:55:56Z,,
Davion Mitchell,Golden State Warriors @ Miami Heat,2025-11-20T00:30:00Z,player_double_double,,draftkings,2025-11-19T14:54:30Z,2025-11-19T14:55:56Z,,
Stephen Curry,Golden State Warriors @ Miami Heat,2025-11-20T00:30:00Z,player_double_double,,draftkings,2025-11-19T14:54:30Z,2025-11-19T14:55:56Z,,
Andrew Wiggins,Golden State Warriors @ Miami Heat,2025-11-20T00:30:00Z,player_double_double,,draftkings,2025-11-19T14:54:30Z,2025-11-19T14:55:56Z,,
Stephen Curry,Golden State Warriors @ Miami Heat,2025-11-20T00:30:00Z,player_points,28.5,draftkings,2025-11-19T14:54:30Z,2025-11-19T14:55:56Z,-118.0,-108.0
Norman Powell,Golden State Warriors @ Miami Heat,2025-11-20T00:30:00Z,player_points,22.5,draftkings,2025-11-19T14:54:30Z,2025-11-19T14:55:56Z,-121.0,-105.0
Jimmy Butler,Golden State Warriors @ Miami Heat,2025-11-20T00:30:00Z,player_points,21.5,draftkings,2025-11-19T14:54:30Z,2025-11-19T14:55:56Z,-121.0,-106.0
Bam Adebayo,Golden State Warriors @ Miami Heat,2025-11-20T00:30:00Z,player_points,19.5,draftkings,2025-11-19T14:54:30Z,2025-11-19T14:55:56Z,-104.0,-123.0
Andrew Wiggins,Golden State Warriors @ Miami Heat,2025-11-20T00:30:00Z,player_points,17.5,draftkings,2025-11-19T14:54:30Z,2025-11-19T14:55:56Z,-115.0,-111.0
Davion Mitchell,Golden State Warriors @ Miami Heat,2025-11-20T00:30:00Z,player_points,9.5,draftkings,2025-11-19T14:54:30Z,2025-11-19T14:55:56Z,-117.0,-109.0
Pelle Larsson,Golden State Warriors @ Miami Heat,2025-11-20T00:30:00Z,player_points,9.5,draftkings,2025-11-19T14:54:30Z,2025-11-19T14:55:56Z,-111.0,-115.0
Stephen Curry,Golden State Warriors @ Miami Heat,2025-11-20T00:30:00Z,player_points_rebounds_assists,38.5,draftkings,2025-11-19T14:54:30Z,2025-11-19T14:55:56Z,-109.0,-120.0
Jimmy Butler,Golden State Warriors @ Miami Heat,2025-11-20T00:30:00Z,player_points_rebounds_assists,33.5,draftkings,2025-11-19T14:54:30Z,2025-11-19T14:55:56Z,-124.0,-107.0
Bam Adebayo,Golden State Warriors @ Miami Heat,2025-11-20T00:30:00Z,player_points_rebounds_assists,32.5,draftkings,2025-11-19T14:54:30Z,2025-11-19T14:55:56Z,-106.0,-124.0
Norman Powell,Golden State Warriors @ Miami Heat,2025-11-20T00:30:00Z,player_points_rebounds_assists,28.5,draftkings,2025-11-19T14:54:30Z,2025-11-19T14:55:56Z,-113.0,-117.0
Andrew Wiggins,Golden State Warriors @ Miami Heat,2025-11-20T00:30:00Z,player_points_rebounds_assists,25.5,draftkings,2025-11-19T14:54:30Z,2025-11-19T14:55:56Z,-121.0,-109.0
Davion Mitchell,Golden State Warriors @ Miami Heat,2025-11-20T00:30:00Z,player_points_rebounds_assists,20.5,draftkings,2025-11-19T14:54:30Z,2025-11-19T14:55:56Z,-102.0,-129.0
Pelle Larsson,Golden State Warriors @ Miami Heat,2025-11-20T00:30:00Z,player_points_rebounds_assists,16.5,draftkings,2025-11-19T14:54:30Z,2025-11-19T14:55:56Z,-105.0,-125.0
Bam Adebayo,Golden State Warriors @ Miami Heat,2025-11-20T00:30:00Z,player_rebounds,9.5,draftkings,2025-11-19T14:54:30Z,2025-11-19T14:55:56Z,-110.0,-119.0
Jimmy Butler,Golden State Warriors @ Miami Heat,2025-11-20T00:30:00Z,player_rebounds,6.5,draftkings,2025-11-19T14:54:30Z,2025-11-19T14:55:56Z,110.0,-146.0
Stephen Curry,Golden State Warriors @ Miami Heat,2025-11-20T00:30:00Z,player_rebounds,4.5,draftkings,2025-11-19T14:54:30Z,2025-11-19T14:55:56Z,-146.0,111.0
Andrew Wiggins,Golden State Warriors @ Miami Heat,2025-11-20T00:30:00Z,player_rebounds,4.5,draftkings,2025-11-19T14:54:30Z,2025-11-19T14:55:56Z,-124.0,-106.0
Pelle Larsson,Golden State Warriors @ Miami Heat,2025-11-20T00:30:00Z,player_rebounds,3.5,draftkings,2025-11-19T14:54:30Z,2025-11-19T14:55:56Z,-115.0,-114.0
Norman Powell,Golden State Warriors @ Miami Heat,2025-11-20T00:30:00Z,player_rebounds,3.5,draftkings,2025-11-19T14:54:30Z,2025-11-19T14:55:56Z,116.0,-153.0
Davion Mitchell,Golden State Warriors @ Miami Heat,2025-11-20T00:30:00Z,player_rebounds,2.5,draftkings,2025-11-19T14:54:30Z,2025-11-19T14:55:56Z,-170.0,128.0
Jimmy Butler,Golden State Warriors @ Miami Heat,2025-11-20T00:30:00Z,player_steals,1.5,draftkings,2025-11-19T14:54:30Z,2025-11-19T14:55:56Z,-110.0,-121.0
Davion Mitchell,Golden State Warriors @ Miami Heat,2025-11-20T00:30:00Z,player_steals,1.5,draftkings,2025-11-19T14:54:30Z,2025-11-19T14:55:56Z,141.0,-189.0
Bam Adebayo,Golden State Warriors @ Miami Heat,2025-11-20T00:30:00Z,player_steals,1.5,draftkings,2025-11-19T14:54:30Z,2025-11-19T14:55:56Z,152.0,-204.0
Stephen Curry,Golden State Warriors @ Miami Heat,2025-11-20T00:30:00Z,player_steals,1.5,draftkings,2025-11-19T14:54:30Z,2025-11-19T14:55:56Z,154.0,-207.0
Andrew Wiggins,Golden State Warriors @ Miami Heat,2025-11-20T00:30:00Z,player_steals,1.5,draftkings,2025-11-19T14:54:30Z,2025-11-19T14:55:56Z,171.0,-231.0
Stephen Curry,Golden State Warriors @ Miami Heat,2025-11-20T00:30:00Z,player_threes,4.5,draftkings,2025-11-19T14:54:30Z,2025-11-19T14:55:56Z,-140.0,106.0
Norman Powell,Golden State Warriors @ Miami Heat,2025-11-20T00:30:00Z,player_threes,2.5,draftkings,2025-11-19T14:54:30Z,2025-11-19T14:55:56Z,-123.0,-107.0
Andrew Wiggins,Golden State Warriors @ Miami Heat,2025-11-20T00:30:00Z,player_threes,1.5,draftkings,2025-11-19T14:54:30Z,2025-11-19T14:55:56Z,-162.0,122.0
Bam Adebayo,Golden State Warriors @ Miami Heat,2025-11-20T00:30:00Z,player_threes,1.5,draftkings,2025-11-19T14:54:30Z,2025-11-19T14:55:56Z,107.0,-140.0
Pelle Larsson,Golden State Warriors @ Miami Heat,2025-11-20T00:30:00Z,player_threes,1.5,draftkings,2025-11-19T14:54:30Z,2025-11-19T14:55:56Z,166.0,-221.0
Davion Mitchell,Golden State Warriors @ Miami Heat,2025-11-20T00:30:00Z,player_threes,1.5,draftkings,2025-11-19T14:54:30Z,2025-11-19T14:55:56Z,173.0,-231.0
Jimmy Butler,Golden State Warriors @ Miami Heat,2025-11-20T00:30:00Z,player_threes,0.5,draftkings,2025-11-19T14:54:30Z,2025-11-19T14:55:56Z,-187.0,141.0
Jimmy Butler,Golden State Warriors @ Miami Heat,2025-11-20T00:30:00Z,player_triple_double,,draftkings,2025-11-19T14:54:30Z,2025-11-19T14:55:56Z,,
Davion Mitchell,Golden State Warriors @ Miami Heat,2025-11-20T00:30:00Z,player_assists,6.5,fanatics,2025-11-19T14:55:13Z,2025-11-19T14:55:46Z,-150.0,115.0
Jimmy Butler,Golden State Warriors @ Miami Heat,2025-11-20T00:30:00Z,player_assists,5.5,fanatics,2025-11-19T14:55:13Z,2025-11-19T14:55:46Z,-130.0,100.0
Stephen Curry,Golden State Warriors @ Miami Heat,2025-11-20T00:30:00Z,player_assists,4.5,fanatics,2025-11-19T14:55:13Z,2025-11-19T14:55:46Z,110.0,-145.0
Bam Adebayo,Golden State Warriors @ Miami Heat,2025-11-20T00:30:00Z,player_assists,3.5,fanatics,2025-11-19T14:55:13Z,2025-11-19T14:55:46Z,125.0,-175.0
Andrew Wiggins,Golden State Warriors @ Miami Heat,2025-11-20T00:30:00Z,player_assists,3.5,fanatics,2025-11-19T14:55:13Z,2025-11-19T14:55:46Z,125.0,-175.0
Pelle Larsson,Golden State Warriors @ Miami Heat,2025-11-20T00:30:00Z,player_assists,2.5,fanatics,2025-11-19T14:55:13Z,2025-11-19T14:55:46Z,-150.0,115.0
Norman Powell,Golden State Warriors @ Miami Heat,2025-11-20T00:30:00Z,player_assists,2.5,fanatics,2025-11-19T14:55:13Z,2025-11-19T14:55:46Z,130.0,-190.0
Bam Adebayo,Golden State Warriors @ Miami Heat,2025-11-20T00:30:00Z,player_double_double,,fanatics,2025-11-19T14:55:13Z,2025-11-19T14:55:46Z,,
Andrew Wiggins,Golden State Warriors @ Miami Heat,2025-11-20T00:30:00Z,player_double_double,,fanatics,2025-11-19T14:55:13Z,2025-11-19T14:55:46Z,,
Pelle Larsson,Golden State Warriors @ Miami Heat,2025-11-20T00:30:00Z,player_double_double,,fanatics,2025-11-19T14:55:13Z,2025-11-19T14:55:46Z,,
Davion Mitchell,Golden State Warriors @ Miami Heat,2025-11-20T00:30:00Z,player_double_double,,fanatics,2025-11-19T14:55:13Z,2025-11-19T14:55:46Z,,
Stephen Curry,Golden State Warriors @ Miami Heat,2025-11-20T00:30:00Z,player_double_double,,fanatics,2025-11-19T14:55:13Z,2025-11-19T14:55:46Z,,
Jimmy Butler,Golden State Warriors @ Miami Heat,2025-11-20T00:30:00Z,player_double_double,,fanatics,2025-11-19T14:55:13Z,2025-11-19T14:55:46Z,,
Bam Adebayo,Golden State Warriors @ Miami Heat,2025-11-20T00:30:00Z,player_points,19.5,fanatics,2025-11-19T14:55:13Z,2025-11-19T14:55:46Z,-105.0,-125.0
Andrew Wiggins,Golden State Warriors @ Miami Heat,2025-11-20T00:30:00Z,player_points,17.5,fanatics,2025-11-19T14:55:13Z,2025-11-19T14:55:46Z,-110.0,-120.0
Pelle Larsson,Golden State Warriors @ Miami Heat,2025-11-20T00:30:00Z,player_points,9.5,fanatics,2025-11-19T14:55:13Z,2025-11-19T14:55:46Z,-110.0,-120.0
Davion Mitchell,Golden State Warriors @ Miami Heat,2025-11-20T00:30:00Z,player_points,9.5,fanatics,2025-11-19T14:55:13Z,2025-11-19T14:55:46Z,-115.0,-115.0
Norman Powell,Golden State Warriors @ Miami Heat,2025-11-20T00:30:00Z,player_points,22.5,fanatics,2025-11-19T14:55:13Z,2025-11-19T14:55:46Z,-115.0,-115.0
Jimmy Butler,Golden State Warriors @ Miami Heat,2025-11-20T00:30:00Z,player_points,21.5,fanatics,2025-11-19T14:55:13Z,2025-11-19T14:55:46Z,-115.0,-115.0
Stephen Curry,Golden State Warriors @ Miami Heat,2025-11-20T00:30:00Z,player_points,28.5,fanatics,2025-11-19T14:55:13Z,2025-11-19T14:55:46Z,-120.0,-110.0
Norman Powell,Golden State Warriors @ Miami Heat,2025-11-20T00:30:00Z,player_points_rebounds_assists,28.5,fanatics,2025-11-19T14:55:13Z,2025-11-19T14:55:46Z,-105.0,-125.0
Andrew Wiggins,Golden State Warriors @ Miami Heat,2025-11-20T00:30:00Z,player_points_rebounds_assists,25.5,fanatics,2025-11-19T14:55:13Z,2025-11-19T14:55:46Z,-105.0,-125.0
Jimmy Butler,Golden State Warriors @ Miami Heat,2025-11-20T00:30:00Z,player_points_rebounds_assists,34.5,fanatics,2025-11-19T14:55:13Z,2025-11-19T14:55:46Z,-105.0,-125.0
Davion Mitchell,Golden State Warriors @ Miami Heat,2025-11-20T00:30:00Z,player_points_rebounds_assists,20.5,fanatics,2025-11-19T14:55:13Z,2025-11-19T14:55:46Z,100.0,-130.0
Stephen Curry,Golden State Warriors @ Miami Heat,2025-11-20T00:30:00Z,player_points_rebounds_assists,38.5,fanatics,2025-11-19T14:55:13Z,2025-11-19T14:55:46Z,-115.0,-115.0
Bam Adebayo,Golden State Warriors @ Miami Heat,2025-11-20T00:30:00Z,player_points_rebounds_assists,31.5,fanatics,2025-11-19T14:55:13Z,2025-11-19T14:55:46Z,-120.0,-110.0
Pelle Larsson,Golden State Warriors @ Miami Heat,2025-11-20T00:30:00Z,player_points_rebounds_assists,16.5,fanatics,2025-11-19T14:55:13Z,2025-11-19T14:55:46Z,100.0,-130.0
Bam Adebayo,Golden State Warriors @ Miami Heat,2025-11-20T00:30:00Z,player_rebounds,9.5,fanatics,2025-11-19T14:55:13Z,2025-11-19T14:55:46Z,-105.0,-125.0
Jimmy Butler,Golden State Warriors @ Miami Heat,2025-11-20T00:30:00Z,player_rebounds,5.5,fanatics,2025-11-19T14:55:13Z,2025-11-19T14:55:46Z,-150.0,115.0
Stephen Curry,Golden State Warriors @ Miami Heat,2025-11-20T00:30:00Z,player_rebounds,4.5,fanatics,2025-11-19T14:55:13Z,2025-11-19T14:55:46Z,-150.0,115.0
Davion Mitchell,Golden State Warriors @ Miami Heat,2025-11-20T00:30:00Z,player_rebounds,3.5,fanatics,2025-11-19T14:55:13Z,2025-11-19T14:55:46Z,125.0,
Pelle Larsson,Golden State Warriors @ Miami Heat,2025-11-20T00:30:00Z,player_rebounds,3.5,fanatics,2025-11-19T14:55:13Z,2025-11-19T14:55:46Z,-115.0,-115.0
Norman Powell,Golden State Warriors @ Miami Heat,2025-11-20T00:30:00Z,player_rebounds,3.5,fanatics,2025-11-19T14:55:13Z,2025-11-19T14:55:46Z,120.0,-165.0
Andrew Wiggins,Golden State Warriors @ Miami Heat,2025-11-20T00:30:00Z,player_rebounds,4.5,fanatics,2025-11-19T14:55:13Z,2025-11-19T14:55:46Z,-115.0,-115.0
Pelle Larsson,Golden State Warriors @ Miami Heat,2025-11-20T00:30:00Z,player_threes,1.5,fanatics,2025-11-19T14:55:13Z,2025-11-19T14:55:46Z,140.0,-225.0
Bam Adebayo,Golden State Warriors @ Miami Heat,2025-11-20T00:30:00Z,player_threes,1.5,fanatics,2025-11-19T14:55:13Z,2025-11-19T14:55:46Z,105.0,-140.0
Davion Mitchell,Golden State Warriors @ Miami Heat,2025-11-20T00:30:00Z,player_threes,0.5,fanatics,2025-11-19T14:55:13Z,2025-11-19T14:55:46Z,-275.0,160.0
Andrew Wiggins,Golden State Warriors @ Miami Heat,2025-11-20T00:30:00Z,player_threes,1.5,fanatics,2025-11-19T14:55:13Z,2025-11-19T14:55:46Z,-175.0,125.0
Norman Powell,Golden State Warriors @ Miami Heat,2025-11-20T00:30:00Z,player_threes,2.5,fanatics,2025-11-19T14:55:13Z,2025-11-19T14:55:46Z,-125.0,-105.0
Stephen Curry,Golden State Warriors @ Miami Heat,2025-11-20T00:30:00Z,player_threes,4.5,fanatics,2025-11-19T14:55:13Z,2025-11-19T14:55:46Z,-150.0,115.0
Jimmy Butler,Golden State Warriors @ Miami Heat,2025-11-20T00:30:00Z,player_threes,0.5,fanatics,2025-11-19T14:55:13Z,2025-11-19T14:55:46Z,-190.0,130.0
Jimmy Butler,Golden State Warriors @ Miami Heat,2025-11-20T00:30:00Z,player_triple_double,,fanatics,2025-11-19T14:55:13Z,2025-11-19T14:55:46Z,,
Bam Adebayo,Golden State Warriors @ Miami Heat,2025-11-20T00:30:00Z,player_assists,3.5,fanduel,2025-11-19T14:55:00Z,2025-11-19T14:55:48Z,116.0,-154.0
Davion Mitchell,Golden State Warriors @ Miami Heat,2025-11-20T00:30:00Z,player_assists,6.5,fanduel,2025-11-19T14:55:00Z,2025-11-19T14:55:48Z,-152.0,114.0
Andrew Wiggins,Golden State Warriors @ Miami Heat,2025-11-20T00:30:00Z,player_assists,3.5,fanduel,2025-11-19T14:55:00Z,2025-11-19T14:55:48Z,122.0,-162.0
Stephen Curry,Golden State Warriors @ Miami Heat,2025-11-20T00:30:00Z,player_assists,4.5,fanduel,2025-11-19T14:55:00Z,2025-11-19T14:55:48Z,114.0,-152.0
Jimmy Butler,Golden State Warriors @ Miami Heat,2025-11-20T00:30:00Z,player_assists,5.5,fanduel,2025-11-19T14:55:00Z,2025-11-19T14:55:48Z,-125.0,-106.0
Bam Adebayo,Golden State Warriors @ Miami Heat,2025-11-20T00:30:00Z,player_double_double,,fanduel,2025-11-19T14:55:00Z,2025-11-19T14:55:48Z,,
Jimmy Butler,Golden State Warriors @ Miami Heat,2025-11-20T00:30:00Z,player_double_double,,fanduel,2025-11-19T14:55:00Z,2025-11-19T14:55:48Z,,
Davion Mitchell,Golden State Warriors @ Miami Heat,2025-11-20T00:30:00Z,player_double_double,,fanduel,2025-11-19T14:55:00Z,2025-11-19T14:55:48Z,,
Stephen Curry,Golden State Warriors @ Miami Heat,2025-11-20T00:30:00Z,player_double_double,,fanduel,2025-11-19T14:55:00Z,2025-11-19T14:55:48Z,,
Andrew Wiggins,Golden State Warriors @ Miami Heat,2025-11-20T00:30:00Z,player_double_double,,fanduel,2025-11-19T14:55:00Z,2025-11-19T14:55:48Z,,
Pelle Larsson,Golden State Warriors @ Miami Heat,2025-11-20T00:30:00Z,player_points,9.5,fanduel,2025-11-19T14:55:00Z,2025-11-19T14:55:48Z,-118.0,-112.0
Davion Mitchell,Golden State Warriors @ Miami Heat,2025-11-20T00:30:00Z,player_points,9.5,fanduel,2025-11-19T14:55:00Z,2025-11-19T14:55:48Z,-114.0,-114.0
Andrew Wiggins,Golden State Warriors @ Miami Heat,2025-11-20T00:30:00Z,player_points,17.5,fanduel,2025-11-19T14:55:00Z,2025-11-19T14:55:48Z,-114.0,-114.0
Norman Powell,Golden State Warriors @ Miami Heat,2025-11-20T00:30:00Z,player_points,22.5,fanduel,2025-11-19T14:55:00Z,2025-11-19T14:55:48Z,-114.0,-114.0
Bam Adebayo,Golden State Warriors @ Miami Heat,2025-11-20T00:30:00Z,player_points,19.5,fanduel,2025-11-19T14:55:00Z,2025-11-19T14:55:48Z,100.0,-132.0
Stephen Curry,Golden State Warriors @ Miami Heat,2025-11-20T00:30:00Z,player_points,28.5,fanduel,2025-11-19T14:55:00Z,2025-11-19T14:55:48Z,-114.0,-114.0
Jimmy Butler,Golden State Warriors @ Miami Heat,2025-11-20T00:30:00Z,player_points,21.5,fanduel,2025-11-19T14:55:00Z,2025-11-19T14:55:48Z,-114.0,-114.0
Stephen Curry,Golden State Warriors @ Miami Heat,2025-11-20T00:30:00Z,player_points_rebounds_assists,38.5,fanduel,2025-11-19T14:55:00Z,2025-11-19T14:54:33Z,-110.0,-120.0
Andrew Wiggins,Golden State Warriors @ Miami Heat,2025-11-20T00:30:00Z,player_points_rebounds_assists,25.5,fanduel,2025-11-19T14:55:00Z,2025-11-19T14:54:33Z,-114.0,-114.0
Davion Mitchell,Golden State Warriors @ Miami Heat,2025-11-20T00:30:00Z,player_points_rebounds_assists,19.5,fanduel,2025-11-19T14:55:00Z,2025-11-19T14:54:33Z,-125.0,-106.0
Bam Adebayo,Golden State Warriors @ Miami Heat,2025-11-20T00:30:00Z,player_points_rebounds_assists,31.5,fanduel,2025-11-19T14:55:00Z,2025-11-19T14:54:33Z,-120.0,-110.0
Jimmy Butler,Golden State Warriors @ Miami Heat,2025-11-20T00:30:00Z,player_points_rebounds_assists,33.5,fanduel,2025-11-19T14:55:00Z,2025-11-19T14:54:33Z,-122.0,-108.0
Pelle Larsson,Golden State Warriors @ Miami Heat,2025-11-20T00:30:00Z,player_points_rebounds_assists,16.5,fanduel,2025-11-19T14:55:00Z,2025-11-19T14:54:33Z,-110.0,-120.0
Bam Adebayo,Golden State Warriors @ Miami Heat,2025-11-20T00:30:00Z,player_rebounds,9.5,fanduel,2025-11-19T14:55:00Z,2025-11-19T14:55:48Z,102.0,-136.0
Norman Powell,Golden State Warriors @ Miami Heat,2025-11-20T00:30:00Z,player_rebounds,3.5,fanduel,2025-11-19T14:55:00Z,2025-11-19T14:55:48Z,128.0,-172.0
Andrew Wiggins,Golden State Warriors @ Miami Heat,2025-11-20T00:30:00Z,player_rebounds,4.5,fanduel,2025-11-19T14:55:00Z,2025-11-19T14:55:48Z,-110.0,-120.0
Jimmy Butler,Golden State Warriors @ Miami Heat,2025-11-20T00:30:00Z,player_rebounds,6.5,fanduel,2025-11-19T14:55:00Z,2025-11-19T14:55:48Z,118.0,-158.0
Pelle Larsson,Golden State Warriors @ Miami Heat,2025-11-20T00:30:00Z,player_rebounds,3.5,fanduel,2025-11-19T14:55:00Z,2025-11-19T14:55:48Z,-110.0,-120.0
Stephen Curry,Golden State Warriors @ Miami Heat,2025-11-20T00:30:00Z,player_rebounds,4.5,fanduel,2025-11-19T14:55:00Z,2025-11-19T14:55:48Z,-146.0,110.0
Andrew Wiggins,Golden State Warriors @ Miami Heat,2025-11-20T00:30:00Z,player_threes,1.5,fanduel,2025-11-19T14:55:00Z,2025-11-19T14:55:48Z,-188.0,140.0
Bam Adebayo,Golden State Warriors @ Miami Heat,2025-11-20T00:30:00Z,player_threes,1.5,fanduel,2025-11-19T14:55:00Z,2025-11-19T14:55:48Z,100.0,-132.0
Davion Mitchell,Golden State Warriors @ Miami Heat,2025-11-20T00:30:00Z,player_threes,1.5,fanduel,2025-11-19T14:55:00Z,2025-11-19T14:55:48Z,188.0,-260.0
Stephen Curry,Golden State Warriors @ Miami Heat,2025-11-20T00:30:00Z,player_threes,4.5,fanduel,2025-11-19T14:55:00Z,2025-11-19T14:55:48Z,-146.0,110.0
Pelle Larsson,Golden State Warriors @ Miami Heat,2025-11-20T00:30:00Z,player_threes,1.5,fanduel,2025-11-19T14:55:00Z,2025-11-19T14:55:48Z,138.0,-186.0
Norman Powell,Golden State Warriors @ Miami Heat,2025-11-20T00:30:00Z,player_threes,2.5,fanduel,2025-11-19T14:55:00Z,2025-11-19T14:55:48Z,-128.0,-104.0
Jimmy Butler,Golden State Warriors @ Miami Heat,2025-11-20T00:30:00Z,player_triple_double,,fanduel,2025-11-19T14:55:00Z,2025-11-19T14:55:48Z,,
Jimmy Butler,Golden State Warriors @ Miami Heat,2025-11-20T00:30:00Z,player_assists,5.5,williamhill_us,2025-11-19T14:55:31Z,2025-11-19T14:55:49Z,-130.0,-103.0
Norman Powell,Golden State Warriors @ Miami Heat,2025-11-20T00:30:00Z,player_assists,2.5,williamhill_us,2025-11-19T14:55:31Z,2025-11-19T14:55:49Z,143.0,-193.0
Andrew Wiggins,Golden State Warriors @ Miami Heat,2025-11-20T00:30:00Z,player_assists,3.5,williamhill_us,2025-11-19T14:55:31Z,2025-11-19T14:55:49Z,122.0,-162.0
Stephen Curry,Golden State Warriors @ Miami Heat,2025-11-20T00:30:00Z,player_assists,4.5,williamhill_us,2025-11-19T14:55:31Z,2025-11-19T14:55:49Z,110.0,-148.0
Davion Mitchell,Golden State Warriors @ Miami Heat,2025-11-20T00:30:00Z,player_assists,7.5,williamhill_us,2025-11-19T14:55:31Z,2025-11-19T14:55:49Z,115.0,-154.0
Pelle Larsson,Golden State Warriors @ Miami Heat,2025-11-20T00:30:00Z,player_assists,2.5,williamhill_us,2025-11-19T14:55:31Z,2025-11-19T14:55:49Z,-152.0,114.0
Bam Adebayo,Golden State Warriors @ Miami Heat,2025-11-20T00:30:00Z,player_assists,3.5,williamhill_us,2025-11-19T14:55:31Z,2025-11-19T14:55:49Z,121.0,-162.0
Davion Mitchell,Golden State Warriors @ Miami Heat,2025-11-20T00:30:00Z,player_points,9.5,williamhill_us,2025-11-19T14:55:31Z,2025-11-19T14:55:49Z,-113.0,-118.0
Jimmy Butler,Golden State Warriors @ Miami Heat,2025-11-20T00:30:00Z,player_points,21.5,williamhill_us,2025-11-19T14:55:31Z,2025-11-19T14:55:49Z,-118.0,-113.0
Stephen Curry,Golden State Warriors @ Miami Heat,2025-11-20T00:30:00Z,player_points,28.5,williamhill_us,2025-11-19T14:55:31Z,2025-11-19T14:55:49Z,-114.0,-117.0
Bam Adebayo,Golden State Warriors @ Miami Heat,2025-11-20T00:30:00Z,player_points,19.5,williamhill_us,2025-11-19T14:55:31Z,2025-11-19T14:55:49Z,-105.0,-127.0
Norman Powell,Golden State Warriors @ Miami Heat,2025-11-20T00:30:00Z,player_points,22.5,williamhill_us,2025-11-19T14:55:31Z,2025-11-19T14:55:49Z,-115.0,-117.0
Andrew Wiggins,Golden State Warriors @ Miami Heat,2025-11-20T00:30:00Z,player_points,17.5,williamhill_us,2025-11-19T14:55:31Z,2025-11-19T14:55:49Z,-113.0,-118.0
Pelle Larsson,Golden State Warriors @ Miami Heat,2025-11-20T00:30:00Z,player_points,9.5,williamhill_us,2025-11-19T14:55:31Z,2025-11-19T14:55:49Z,-122.0,-109.0
Davion Mitchell,Golden State Warriors @ Miami Heat,2025-11-20T00:30:00Z,player_rebounds,2.5,williamhill_us,2025-11-19T14:55:31Z,2025-11-19T14:55:49Z,-162.0,121.0
Jimmy Butler,Golden State Warriors @ Miami Heat,2025-11-20T00:30:00Z,player_rebounds,6.5,williamhill_us,2025-11-19T14:55:31Z,2025-11-19T14:55:49Z,115.0,-154.0
Andrew Wiggins,Golden State Warriors @ Miami Heat,2025-11-20T00:30:00Z,player_rebounds,4.5,williamhill_us,2025-11-19T14:55:31Z,2025-11-19T14:55:49Z,-115.0,-115.0
Stephen Curry,Golden State Warriors @ Miami Heat,2025-11-20T00:30:00Z,player_rebounds,4.5,williamhill_us,2025-11-19T14:55:31Z,2025-11-19T14:55:49Z,-141.0,106.0
Norman Powell,Golden State Warriors @ Miami Heat,2025-11-20T00:30:00Z,player_rebounds,3.5,williamhill_us,2025-11-19T14:55:31Z,2025-11-19T14:55:49Z,126.0,-170.0
Bam Adebayo,Golden State Warriors @ Miami Heat,2025-11-20T00:30:00Z,player_rebounds,9.5,williamhill_us,2025-11-19T14:55:31Z,2025-11-19T14:55:49Z,-108.0,-124.0
Pelle Larsson,Golden State Warriors @ Miami Heat,2025-11-20T00:30:00Z,player_rebounds,3.5,williamhill_us,2025-11-19T14:55:31Z,2025-11-19T14:55:49Z,-111.0,-122.0
Pelle Larsson,Golden State Warriors @ Miami Heat,2025-11-20T00:30:00Z,player_threes,1.5,williamhill_us,2025-11-19T14:55:31Z,2025-11-19T14:55:49Z,156.0,-213.0
Norman Powell,Golden State Warriors @ Miami Heat,2025-11-20T00:30:00Z,player_threes,2.5,williamhill_us,2025-11-19T14:55:31Z,2025-11-19T14:55:49Z,-129.0,-104.0
Stephen Curry,Golden State Warriors @ Miami Heat,2025-11-20T00:30:00Z,player_threes,4.5,williamhill_us,2025-11-19T14:55:31Z,2025-11-19T14:55:49Z,-141.0,106.0
Jimmy Butler,Golden State Warriors @ Miami Heat,2025-11-20T00:30:00Z,player_threes,0.5,williamhill_us,2025-11-19T14:55:31Z,2025-11-19T14:55:49Z,-182.0,136.0
Bam Adebayo,Golden State Warriors @ Miami Heat,2025-11-20T00:30:00Z,player_threes,1.5,williamhill_us,2025-11-19T14:55:31Z,2025-11-19T14:55:49Z,101.0,-136.0
Andrew Wiggins,Golden State Warriors @ Miami Heat,2025-11-20T00:30:00Z,player_threes,1.5,williamhill_us,2025-11-19T14:55:31Z,2025-11-19T14:55:49Z,-173.0,129.0
Davion Mitchell,Golden State Warriors @ Miami Heat,2025-11-20T00:30:00Z,player_threes,1.5,williamhill_us,2025-11-19T14:55:31Z,2025-11-19T14:55:49Z,172.0,-240.0
Andrew Wiggins,Golden State Warriors @ Miami Heat,2025-11-20T00:30:00Z,player_assists,2.5,betmgm,2025-11-19T14:54:46Z,2025-11-19T14:55:14Z,-200.0,145.0
Jimmy Butler,Golden State Warriors @ Miami Heat,2025-11-20T00:30:00Z,player_assists,5.5,betmgm,2025-11-19T14:54:46Z,2025-11-19T14:55:14Z,-145.0,105.0
Norman Powell,Golden State Warriors @ Miami Heat,2025-11-20T00:30:00Z,player_assists,1.5,betmgm,2025-11-19T14:54:46Z,2025-11-19T14:55:14Z,-200.0,150.0
Stephen Curry,Golden State Warriors @ Miami Heat,2025-11-20T00:30:00Z,player_assists,4.5,betmgm,2025-11-19T14:54:46Z,2025-11-19T14:55:14Z,105.0,-140.0
Pelle Larsson,Golden State Warriors @ Miami Heat,2025-11-20T00:30:00Z,player_assists,2.5,betmgm,2025-11-19T14:54:46Z,2025-11-19T14:55:14Z,-155.0,120.0
Bam Adebayo,Golden State Warriors @ Miami Heat,2025-11-20T00:30:00Z,player_assists,2.5,betmgm,2025-11-19T14:54:46Z,2025-11-19T14:55:14Z,-175.0,130.0
Davion Mitchell,Golden State Warriors @ Miami Heat,2025-11-20T00:30:00Z,player_assists,7.5,betmgm,2025-11-19T14:54:46Z,2025-11-19T14:55:14Z,110.0,-145.0
Andrew Wiggins,Golden State Warriors @ Miami Heat,2025-11-20T00:30:00Z,player_blocks,0.5,betmgm,2025-11-19T14:54:46Z,2025-11-19T14:55:14Z,-160.0,115.0
Jimmy Butler,Golden State Warriors @ Miami Heat,2025-11-20T00:30:00Z,player_blocks,0.5,betmgm,2025-11-19T14:54:46Z,2025-11-19T14:55:14Z,210.0,-325.0
Norman Powell,Golden State Warriors @ Miami Heat,2025-11-20T00:30:00Z,player_blocks,0.5,betmgm,2025-11-19T14:54:46Z,2025-11-19T14:55:14Z,360.0,-625.0
Stephen Curry,Golden State Warriors @ Miami Heat,2025-11-20T00:30:00Z,player_blocks,0.5,betmgm,2025-11-19T14:54:46Z,2025-11-19T14:55:14Z,175.0,-250.0
Pelle Larsson,Golden State Warriors @ Miami Heat,2025-11-20T00:30:00Z,player_blocks,0.5,betmgm,2025-11-19T14:54:46Z,2025-11-19T14:55:14Z,310.0,-500.0
Bam Adebayo,Golden State Warriors @ Miami Heat,2025-11-20T00:30:00Z,player_blocks,0.5,betmgm,2025-11-19T14:54:46Z,2025-11-19T14:55:14Z,125.0,-175.0
Davion Mitchell,Golden State Warriors @ Miami Heat,2025-11-20T00:30:00Z,player_blocks,0.5,betmgm,2025-11-19T14:54:46Z,2025-11-19T14:55:14Z,450.0,-900.0
Andrew Wiggins,Golden State Warriors @ Miami Heat,2025-11-20T00:30:00Z,player_double_double,,betmgm,2025-11-19T14:54:46Z,2025-11-19T14:55:14Z,,
Jimmy Butler,Golden State Warriors @ Miami Heat,2025-11-20T00:30:00Z,player_double_double,,betmgm,2025-11-19T14:54:46Z,2025-11-19T14:55:14Z,,
Stephen Curry,Golden State Warriors @ Miami Heat,2025-11-20T00:30:00Z,player_double_double,,betmgm,2025-11-19T14:54:46Z,2025-11-19T14:55:14Z,,
Pelle Larsson,Golden State Warriors @ Miami Heat,2025-11-20T00:30:00Z,player_double_double,,betmgm,2025-11-19T14:54:46Z,2025-11-19T14:55:14Z,,
Bam Adebayo,Golden State Warriors @ Miami Heat,2025-11-20T00:30:00Z,player_double_double,,betmgm,2025-11-19T14:54:46Z,2025-11-19T14:55:14Z,,
Davion Mitchell,Golden State Warriors @ Miami Heat,2025-11-20T00:30:00Z,player_double_double,,betmgm,2025-11-19T14:54:46Z,2025-11-19T14:55:14Z,,
Andrew Wiggins,Golden State Warriors @ Miami Heat,2025-11-20T00:30:00Z,player_points,16.5,betmgm,2025-11-19T14:54:46Z,2025-11-19T14:55:14Z,-130.0,-105.0
Jimmy Butler,Golden State Warriors @ Miami Heat,2025-11-20T00:30:00Z,player_points,21.5,betmgm,2025-11-19T14:54:46Z,2025-11-19T14:55:14Z,-115.0,-118.0
Norman Powell,Golden State Warriors @ Miami Heat,2025-11-20T00:30:00Z,player_points,22.5,betmgm,2025-11-19T14:54:46Z,2025-11-19T14:55:14Z,-120.0,-110.0
Stephen Curry,Golden State Warriors @ Miami Heat,2025-11-20T00:30:00Z,player_points,28.5,betmgm,2025-11-19T14:54:46Z,2025-11-19T14:55:14Z,-110.0,-118.0
Bam Adebayo,Golden State Warriors @ Miami Heat,2025-11-20T00:30:00Z,player_points,19.5,betmgm,2025-11-19T14:54:46Z,2025-11-19T14:55:14Z,-110.0,-120.0
Davion Mitchell,Golden State Warriors @ Miami Heat,2025-11-20T00:30:00Z,player_points,9.5,betmgm,2025-11-19T14:54:46Z,2025-11-19T14:55:14Z,-115.0,-115.0
Pelle Larsson,Golden State Warriors @ Miami Heat,2025-11-20T00:30:00Z,player_points,9.5,betmgm,2025-11-19T14:54:46Z,2025-11-19T14:55:14Z,-130.0,-105.0
Andrew Wiggins,Golden State Warriors @ Miami Heat,2025-11-20T00:30:00Z,player_points_rebounds_assists,24.5,betmgm,2025-11-19T14:54:46Z,2025-11-19T14:55:14Z,-118.0,-110.0
Jimmy Butler,Golden State Warriors @ Miami Heat,2025-11-20T00:30:00Z,player_points_rebounds_assists,33.5,betmgm,2025-11-19T14:54:46Z,2025-11-19T14:55:14Z,-118.0,-115.0
Stephen Curry,Golden State Warriors @ Miami Heat,2025-11-20T00:30:00Z,player_points_rebounds_assists,37.5,betmgm,2025-11-19T14:54:46Z,2025-11-19T14:55:14Z,-120.0,-110.0
Pelle Larsson,Golden State Warriors @ Miami Heat,2025-11-20T00:30:00Z,player_points_rebounds_assists,16.5,betmgm,2025-11-19T14:54:46Z,2025-11-19T14:55:14Z,-125.0,-110.0
Davion Mitchell,Golden State Warriors @ Miami Heat,2025-11-20T00:30:00Z,player_points_rebounds_assists,19.5,betmgm,2025-11-19T14:54:46Z,2025-11-19T14:55:14Z,-130.0,-105.0
Bam Adebayo,Golden State Warriors @ Miami Heat,2025-11-20T00:30:00Z,player_points_rebounds_assists,32.5,betmgm,2025-11-19T14:54:46Z,2025-11-19T14:55:14Z,-110.0,-120.0
Norman Powell,Golden State Warriors @ Miami Heat,2025-11-20T00:30:00Z,player_points_rebounds_assists,28.5,betmgm,2025-11-19T14:54:46Z,2025-11-19T14:55:14Z,-105.0,-125.0
Andrew Wiggins,Golden State Warriors @ Miami Heat,2025-11-20T00:30:00Z,player_rebounds,4.5,betmgm,2025-11-19T14:54:46Z,2025-11-19T14:55:14Z,-120.0,-110.0
Jimmy Butler,Golden State Warriors @ Miami Heat,2025-11-20T00:30:00Z,player_rebounds,6.5,betmgm,2025-11-19T14:54:46Z,2025-11-19T14:55:14Z,110.0,-145.0
Norman Powell,Golden State Warriors @ Miami Heat,2025-11-20T00:30:00Z,player_rebounds,2.5,betmgm,2025-11-19T14:54:46Z,2025-11-19T14:55:14Z,-175.0,130.0
Stephen Curry,Golden State Warriors @ Miami Heat,2025-11-20T00:30:00Z,player_rebounds,4.5,betmgm,2025-11-19T14:54:46Z,2025-11-19T14:55:14Z,-130.0,100.0
Pelle Larsson,Golden State Warriors @ Miami Heat,2025-11-20T00:30:00Z,player_rebounds,3.5,betmgm,2025-11-19T14:54:46Z,2025-11-19T14:55:14Z,-120.0,-110.0
Bam Adebayo,Golden State Warriors @ Miami Heat,2025-11-20T00:30:00Z,player_rebounds,9.5,betmgm,2025-11-19T14:54:46Z,2025-11-19T14:55:14Z,-110.0,-120.0
Davion Mitchell,Golden State Warriors @ Miami Heat,2025-11-20T00:30:00Z,player_rebounds,2.5,betmgm,2025-11-19T14:54:46Z,2025-11-19T14:55:14Z,-155.0,115.0
Andrew Wiggins,Golden State Warriors @ Miami Heat,2025-11-20T00:30:00Z,player_threes,1.5,betmgm,2025-11-19T14:54:46Z,2025-11-19T14:55:14Z,-165.0,125.0
Jimmy Butler,Golden State Warriors @ Miami Heat,2025-11-20T00:30:00Z,player_threes,0.5,betmgm,2025-11-19T14:54:46Z,2025-11-19T14:55:14Z,-190.0,140.0
Norman Powell,Golden State Warriors @ Miami Heat,2025-11-20T00:30:00Z,player_threes,2.5,betmgm,2025-11-19T14:54:46Z,2025-11-19T14:55:14Z,-135.0,100.0
Stephen Curry,Golden State Warriors @ Miami Heat,2025-11-20T00:30:00Z,player_threes,4.5,betmgm,2025-11-19T14:54:46Z,2025-11-19T14:55:14Z,-155.0,115.0
Pelle Larsson,Golden State Warriors @ Miami Heat,2025-11-20T00:30:00Z,player_threes,1.5,betmgm,2025-11-19T14:54:46Z,2025-11-19T14:55:14Z,145.0,-200.0
Bam Adebayo,Golden State Warriors @ Miami Heat,2025-11-20T00:30:00Z,player_threes,1.5,betmgm,2025-11-19T14:54:46Z,2025-11-19T14:55:14Z,105.0,-140.0
Davion Mitchell,Golden State Warriors @ Miami Heat,2025-11-20T00:30:00Z,player_threes,1.5,betmgm,2025-11-19T14:54:46Z,2025-11-19T14:55:14Z,165.0,-225.0
Jimmy Butler,Golden State Warriors @ Miami Heat,2025-11-20T00:30:00Z,player_triple_double,,betmgm,2025-11-19T14:54:46Z,2025-11-19T14:55:14Z,,
Stephen Curry,Golden State Warriors @ Miami Heat,2025-11-20T00:30:00Z,player_assists,4.5,betonlineag,2025-11-19T14:53:31Z,2025-11-19T14:55:45Z,113.0,-147.0
Pelle Larsson,Golden State Warriors @ Miami Heat,2025-11-20T00:30:00Z,player_assists,2.5,betonlineag,2025-11-19T14:53:31Z,2025-11-19T14:55:45Z,-147.0,114.0
Jimmy Butler,Golden State Warriors @ Miami Heat,2025-11-20T00:30:00Z,player_assists,5.5,betonlineag,2025-11-19T14:53:31Z,2025-11-19T14:55:45Z,-128.0,-101.0
Norman Powell,Golden State Warriors @ Miami Heat,2025-11-20T00:30:00Z,player_assists,2.5,betonlineag,2025-11-19T14:53:31Z,2025-11-19T14:55:45Z,144.0,-189.0
Davion Mitchell,Golden State Warriors @ Miami Heat,2025-11-20T00:30:00Z,player_assists,6.5,betonlineag,2025-11-19T14:53:31Z,2025-11-19T14:55:45Z,-149.0,115.0
Andrew Wiggins,Golden State Warriors @ Miami Heat,2025-11-20T00:30:00Z,player_assists,3.5,betonlineag,2025-11-19T14:53:31Z,2025-11-19T14:55:45Z,130.0,-169.0
Bam Adebayo,Golden State Warriors @ Miami Heat,2025-11-20T00:30:00Z,player_assists,3.5,betonlineag,2025-11-19T14:53:31Z,2025-11-19T14:55:45Z,122.0,-159.0
Bam Adebayo,Golden State Warriors @ Miami Heat,2025-11-20T00:30:00Z,player_points,19.5,betonlineag,2025-11-19T14:53:31Z,2025-11-19T14:55:45Z,-102.0,-127.0
Pelle Larsson,Golden State Warriors @ Miami Heat,2025-11-20T00:30:00Z,player_points,9.5,betonlineag,2025-11-19T14:53:31Z,2025-11-19T14:55:45Z,-110.0,-118.0
Stephen Curry,Golden State Warriors @ Miami Heat,2025-11-20T00:30:00Z,player_points,28.5,betonlineag,2025-11-19T14:53:31Z,2025-11-19T14:55:45Z,-115.0,-112.0
Jimmy Butler,Golden State Warriors @ Miami Heat,2025-11-20T00:30:00Z,player_points,21.5,betonlineag,2025-11-19T14:53:31Z,2025-11-19T14:55:45Z,-114.0,-114.0
Norman Powell,Golden State Warriors @ Miami Heat,2025-11-20T00:30:00Z,player_points,22.5,betonlineag,2025-11-19T14:53:31Z,2025-11-19T14:55:45Z,-115.0,-112.0
Andrew Wiggins,Golden State Warriors @ Miami Heat,2025-11-20T00:30:00Z,player_points,17.5,betonlineag,2025-11-19T14:53:31Z,2025-11-19T14:55:45Z,-112.0,-115.0
Davion Mitchell,Golden State Warriors @ Miami Heat,2025-11-20T00:30:00Z,player_points,9.5,betonlineag,2025-11-19T14:53:31Z,2025-11-19T14:55:45Z,-114.0,-114.0
Stephen Curry,Golden State Warriors @ Miami Heat,2025-11-20T00:30:00Z,player_points_rebounds_assists,38.5,betonlineag,2025-11-19T14:53:31Z,2025-11-19T14:55:45Z,-109.0,-119.0
Pelle Larsson,Golden State Warriors @ Miami Heat,2025-11-20T00:30:00Z,player_points_rebounds_assists,16.5,betonlineag,2025-11-19T14:53:31Z,2025-11-19T14:55:45Z,-101.0,-128.0
Bam Adebayo,Golden State Warriors @ Miami Heat,2025-11-20T00:30:00Z,player_points_rebounds_assists,32.5,betonlineag,2025-11-19T14:53:31Z,2025-11-19T14:55:45Z,-105.0,-123.0
Jimmy Butler,Golden State Warriors @ Miami Heat,2025-11-20T00:30:00Z,player_points_rebounds_assists,33.5,betonlineag,2025-11-19T14:53:31Z,2025-11-19T14:55:45Z,-120.0,-108.0
Norman Powell,Golden State Warriors @ Miami Heat,2025-11-20T00:30:00Z,player_points_rebounds_assists,28.5,betonlineag,2025-11-19T14:53:31Z,2025-11-19T14:55:45Z,-106.0,-122.0
Andrew Wiggins,Golden State Warriors @ Miami Heat,2025-11-20T00:30:00Z,player_points_rebounds_assists,25.5,betonlineag,2025-11-19T14:53:31Z,2025-11-19T14:55:45Z,-112.0,-115.0
Davion Mitchell,Golden State Warriors @ Miami Heat,2025-11-20T00:30:00Z,player_points_rebounds_assists,20.5,betonlineag,2025-11-19T14:53:31Z,2025-11-19T14:55:45Z,-102.0,-127.0
Bam Adebayo,Golden State Warriors @ Miami Heat,2025-11-20T00:30:00Z,player_rebounds,9.5,betonlineag,2025-11-19T14:53:31Z,2025-11-19T14:55:45Z,-103.0,-125.0
Stephen Curry,Golden State Warriors @ Miami Heat,2025-11-20T00:30:00Z,player_rebounds,4.5,betonlineag,2025-11-19T14:53:31Z,2025-11-19T14:55:45Z,-145.0,111.0
Pelle Larsson,Golden State Warriors @ Miami Heat,2025-11-20T00:30:00Z,player_rebounds,3.5,betonlineag,2025-11-19T14:53:31Z,2025-11-19T14:55:45Z,-103.0,-125.0
Jimmy Butler,Golden State Warriors @ Miami Heat,2025-11-20T00:30:00Z,player_rebounds,6.5,betonlineag,2025-11-19T14:53:31Z,2025-11-19T14:55:45Z,118.0,-154.0
Norman Powell,Golden State Warriors @ Miami Heat,2025-11-20T00:30:00Z,player_rebounds,3.5,betonlineag,2025-11-19T14:53:31Z,2025-11-19T14:55:45Z,128.0,-167.0
Andrew Wiggins,Golden State Warriors @ Miami Heat,2025-11-20T00:30:00Z,player_rebounds,4.5,betonlineag,2025-11-19T14:53:31Z,2025-11-19T14:55:45Z,-112.0,-115.0
Davion Mitchell,Golden State Warriors @ Miami Heat,2025-11-20T00:30:00Z,player_rebounds,2.5,betonlineag,2025-11-19T14:53:31Z,2025-11-19T14:55:45Z,-161.0,124.0
Bam Adebayo,Golden State Warriors @ Miami Heat,2025-11-20T00:30:00Z,player_threes,1.5,betonlineag,2025-11-19T14:53:31Z,2025-11-19T14:55:45Z,104.0,-135.0
Stephen Curry,Golden State Warriors @ Miami Heat,2025-11-20T00:30:00Z,player_threes,4.5,betonlineag,2025-11-19T14:53:31Z,2025-11-19T14:55:45Z,-141.0,108.0
Pelle Larsson,Golden State Warriors @ Miami Heat,2025-11-20T00:30:00Z,player_threes,1.5,betonlineag,2025-11-19T14:53:31Z,2025-11-19T14:55:45Z,161.0,-213.0
Jimmy Butler,Golden State Warriors @ Miami Heat,2025-11-20T00:30:00Z,player_threes,0.5,betonlineag,2025-11-19T14:53:31Z,2025-11-19T14:55:45Z,-179.0,137.0
Norman Powell,Golden State Warriors @ Miami Heat,2025-11-20T00:30:00Z,player_threes,2.5,betonlineag,2025-11-19T14:53:31Z,2025-11-19T14:55:45Z,-127.0,-102.0
Davion Mitchell,Golden State Warriors @ Miami Heat,2025-11-20T00:30:00Z,player_threes,1.5,betonlineag,2025-11-19T14:53:31Z,2025-11-19T14:55:45Z,160.0,-213.0
Andrew Wiggins,Golden State Warriors @ Miami Heat,2025-11-20T00:30:00Z,player_threes,1.5,betonlineag,2025-11-19T14:53:31Z,2025-11-19T14:55:45Z,-169.0,130.0
Andrew Wiggins,Golden State Warriors @ Miami Heat,2025-11-20T00:30:00Z,player_assists,2.5,bovada,2025-11-19T14:54:31Z,2025-11-19T14:55:57Z,120.0,-160.0
Bam Adebayo,Golden State Warriors @ Miami Heat,2025-11-20T00:30:00Z,player_assists,2.5,bovada,2025-11-19T14:54:31Z,2025-11-19T14:55:57Z,120.0,-160.0
Davion Mitchell,Golden State Warriors @ Miami Heat,2025-11-20T00:30:00Z,player_assists,5.5,bovada,2025-11-19T14:54:31Z,2025-11-19T14:55:57Z,125.0,-165.0
Jimmy Butler,Golden State Warriors @ Miami Heat,2025-11-20T00:30:00Z,player_assists,4.5,bovada,2025-11-19T14:54:31Z,2025-11-19T14:55:57Z,135.0,-180.0
Stephen Curry,Golden State Warriors @ Miami Heat,2025-11-20T00:30:00Z,player_assists,3.5,bovada,2025-11-19T14:54:31Z,2025-11-19T14:55:57Z,110.0,-145.0
Bam Adebayo,Golden State Warriors @ Miami Heat,2025-11-20T00:30:00Z,player_double_double,,bovada,2025-11-19T14:54:31Z,2025-11-19T14:55:57Z,,
Jimmy Butler,Golden State Warriors @ Miami Heat,2025-11-20T00:30:00Z,player_double_double,,bovada,2025-11-19T14:54:31Z,2025-11-19T14:55:57Z,,
Davion Mitchell,Golden State Warriors @ Miami Heat,2025-11-20T00:30:00Z,player_double_double,,bovada,2025-11-19T14:54:31Z,2025-11-19T14:55:57Z,,
Stephen Curry,Golden State Warriors @ Miami Heat,2025-11-20T00:30:00Z,player_double_double,,bovada,2025-11-19T14:54:31Z,2025-11-19T14:55:57Z,,
Andrew Wiggins,Golden State Warriors @ Miami Heat,2025-11-20T00:30:00Z,player_double_double,,bovada,2025-11-19T14:54:31Z,2025-11-19T14:55:57Z,,
Andrew Wiggins,Golden State Warriors @ Miami Heat,2025-11-20T00:30:00Z,player_points,14.5,bovada,2025-11-19T14:54:31Z,2025-11-19T14:55:57Z,210.0,-290.0
Bam Adebayo,Golden State Warriors @ Miami Heat,2025-11-20T00:30:00Z,player_points,15.5,bovada,2025-11-19T14:54:31Z,2025-11-19T14:55:57Z,190.0,-260.0
Davion Mitchell,Golden State Warriors @ Miami Heat,2025-11-20T00:30:00Z,player_points,7.5,bovada,2025-11-19T14:54:31Z,2025-11-19T14:55:57Z,205.0,-280.0
Jimmy Butler,Golden State Warriors @ Miami Heat,2025-11-20T00:30:00Z,player_points,17.5,bovada,2025-11-19T14:54:31Z,2025-11-19T14:55:57Z,200.0,-275.0
Norman Powell,Golden State Warriors @ Miami Heat,2025-11-20T00:30:00Z,player_points,18.5,bovada,2025-11-19T14:54:31Z,2025-11-19T14:55:57Z,190.0,-260.0
Pelle Larsson,Golden State Warriors @ Miami Heat,2025-11-20T00:30:00Z,player_points,7.5,bovada,2025-11-19T14:54:31Z,2025-11-19T14:55:57Z,200.0,-275.0
Stephen Curry,Golden State Warriors @ Miami Heat,2025-11-20T00:30:00Z,player_points,24.5,bovada,2025-11-19T14:54:31Z,2025-11-19T14:55:57Z,210.0,-290.0
Andrew Wiggins,Golden State Warriors @ Miami Heat,2025-11-20T00:30:00Z,player_points_rebounds_assists,23.5,bovada,2025-11-19T14:54:31Z,2025-11-19T14:55:57Z,125.0,-165.0
Bam Adebayo,Golden State Warriors @ Miami Heat,2025-11-20T00:30:00Z,player_points_rebounds_assists,29.5,bovada,2025-11-19T14:54:31Z,2025-11-19T14:55:57Z,115.0,-150.0
Davion Mitchell,Golden State Warriors @ Miami Heat,2025-11-20T00:30:00Z,player_points_rebounds_assists,17.5,bovada,2025-11-19T14:54:31Z,2025-11-19T14:55:57Z,110.0,-145.0
Jimmy Butler,Golden State Warriors @ Miami Heat,2025-11-20T00:30:00Z,player_points_rebounds_assists,31.5,bovada,2025-11-19T14:54:31Z,2025-11-19T14:55:57Z,115.0,-150.0
Stephen Curry,Golden State Warriors @ Miami Heat,2025-11-20T00:30:00Z,player_points_rebounds_assists,35.5,bovada,2025-11-19T14:54:31Z,2025-11-19T14:55:57Z,105.0,-135.0
Andrew Wiggins,Golden State Warriors @ Miami Heat,2025-11-20T00:30:00Z,player_rebounds,3.5,bovada,2025-11-19T14:54:31Z,2025-11-19T14:55:57Z,175.0,-240.0
Bam Adebayo,Golden State Warriors @ Miami Heat,2025-11-20T00:30:00Z,player_rebounds,7.5,bovada,2025-11-19T14:54:31Z,2025-11-19T14:55:57Z,175.0,-240.0
Jimmy Butler,Golden State Warriors @ Miami Heat,2025-11-20T00:30:00Z,player_rebounds,4.5,bovada,2025-11-19T14:54:31Z,2025-11-19T14:55:57Z,210.0,-290.0
Norman Powell,Golden State Warriors @ Miami Heat,2025-11-20T00:30:00Z,player_rebounds,2.5,bovada,2025-11-19T14:54:31Z,2025-11-19T14:55:57Z,130.0,-170.0
Stephen Curry,Golden State Warriors @ Miami Heat,2025-11-20T00:30:00Z,player_rebounds,4.5,bovada,2025-11-19T14:54:31Z,2025-11-19T14:55:57Z,130.0,-170.0
Andrew Wiggins,Golden State Warriors @ Miami Heat,2025-11-20T00:30:00Z,player_threes,1.5,bovada,2025-11-19T14:54:31Z,2025-11-19T14:55:57Z,165.0,-220.0
Bam Adebayo,Golden State Warriors @ Miami Heat,2025-11-20T00:30:00Z,player_threes,1.5,bovada,2025-11-19T14:54:31Z,2025-11-19T14:55:57Z,105.0,-135.0
Norman Powell,Golden State Warriors @ Miami Heat,2025-11-20T00:30:00Z,player_threes,2.5,bovada,2025-11-19T14:54:31Z,2025-11-19T14:55:57Z,180.0,-245.0
Pelle Larsson,Golden State Warriors @ Miami Heat,2025-11-20T00:30:00Z,player_threes,1.5,bovada,2025-11-19T14:54:31Z,2025-11-19T14:55:57Z,130.0,-170.0
Stephen Curry,Golden State Warriors @ Miami Heat,2025-11-20T00:30:00Z,player_threes,4.5,bovada,2025-11-19T14:54:31Z,2025-11-19T14:55:57Z,140.0,-185.0
Jimmy Butler,Golden State Warriors @ Miami Heat,2025-11-20T00:30:00Z,player_triple_double,,bovada,2025-11-19T14:54:31Z,2025-11-19T14:55:57Z,,
Nikola Jokic,Denver Nuggets @ New Orleans Pelicans,2025-11-20T01:00:00Z,player_assists,10.5,draftkings,2025-11-19T14:54:30Z,2025-11-19T14:55:34Z,-112.0,-117.0
Jamal Murray,Denver Nuggets @ New Orleans Pelicans,2025-11-20T01:00:00Z,player_assists,5.5,draftkings,2025-11-19T14:54:30Z,2025-11-19T14:55:34Z,-148.0,113.0
Zion Williamson,Denver Nuggets @ New Orleans Pelicans,2025-11-20T01:00:00Z,player_assists,3.5,draftkings,2025-11-19T14:54:30Z,2025-11-19T14:55:34Z,-138.0,105.0
Derik Queen,Denver Nuggets @ New Orleans Pelicans,2025-11-20T01:00:00Z,player_assists,3.5,draftkings,2025-11-19T14:54:30Z,2025-11-19T14:55:34Z,105.0,-139.0
Jeremiah Fears,Denver Nuggets @ New Orleans Pelicans,2025-11-20T01:00:00Z,player_assists,2.5,draftkings,2025-11-19T14:54:30Z,2025-11-19T14:55:34Z,-175.0,132.0
Trey Murphy III,Denver Nuggets @ New Orleans Pelicans,2025-11-20T01:00:00Z,player_assists,2.5,draftkings,2025-11-19T14:54:30Z,2025-11-19T14:55:34Z,-172.0,130.0
Herb Jones,Denver Nuggets @ New Orleans Pelicans,2025-11-20T01:00:00Z,player_assists,2.5,draftkings,2025-11-19T14:54:30Z,2025-11-19T14:55:34Z,104.0,-136.0
Nikola Jokic,Denver Nuggets @ New Orleans Pelicans,2025-11-20T01:00:00Z,player_blocks,0.5,draftkings,2025-11-19T14:54:30Z,2025-11-19T14:55:34Z,-177.0,133.0
Zion Williamson,Denver Nuggets @ New Orleans Pelicans,2025-11-20T01:00:00Z,player_blocks,0.5,draftkings,2025-11-19T14:54:30Z,2025-11-19T14:55:34Z,123.0,-164.0
Aaron Gordon,Denver Nuggets @ New Orleans Pelicans,2025-11-20T01:00:00Z,player_blocks,0.5,draftkings,2025-11-19T14:54:30Z,2025-11-19T14:55:34Z,175.0,-237.0
Nikola Jokic,Denver Nuggets @ New Orleans Pelicans,2025-11-20T01:00:00Z,player_double_double,,draftkings,2025-11-19T14:54:30Z,2025-11-19T14:55:34Z,,
Derik Queen,Denver Nuggets @ New Orleans Pelicans,2025-11-20T01:00:00Z,player_double_double,,draftkings,2025-11-19T14:54:30Z,2025-11-19T14:55:34Z,,
Jamal Murray,Denver Nuggets @ New Orleans Pelicans,2025-11-20T01:00:00Z,player_double_double,,draftkings,2025-11-19T14:54:30Z,2025-11-19T14:55:34Z,,
Zion Williamson,Denver Nuggets @ New Orleans Pelicans,2025-11-20T01:00:00Z,player_double_double,,draftkings,2025-11-19T14:54:30Z,2025-11-19T14:55:34Z,,
Aaron Gordon,Denver Nuggets @ New Orleans Pelicans,2025-11-20T01:00:00Z,player_double_double,,draftkings,2025-11-19T14:54:30Z,2025-11-19T14:55:34Z,,
Trey Murphy III,Denver Nuggets @ New Orleans Pelicans,2025-11-20T01:00:00Z,player_double_double,,draftkings,2025-11-19T14:54:30Z,2025-11-19T14:55:34Z,,
Peyton Watson,Denver Nuggets @ New Orleans Pelicans,2025-11-20T01:00:00Z,player_double_double,,draftkings,2025-11-19T14:54:30Z,2025-11-19T14:55:34Z,,
Nikola Jokic,Denver Nuggets @ New Orleans Pelicans,2025-11-20T01:00:00Z,player_points,28.5,draftkings,2025-11-19T14:54:30Z,2025-11-19T14:55:34Z,-121.0,-105.0
Jamal Murray,Denver Nuggets @ New Orleans Pelicans,2025-11-20T01:00:00Z,player_points,22.5,draftkings,2025-11-19T14:54:30Z,2025-11-19T14:55:34Z,-110.0,-116.0
Zion Williamson,Denver Nuggets @ New Orleans Pelicans,2025-11-20T01:00:00Z,player_points,19.5,draftkings,2025-11-19T14:54:30Z,2025-11-19T14:55:34Z,-109.0,-117.0
Trey Murphy III,Denver Nuggets @ New Orleans Pelicans,2025-11-20T01:00:00Z,player_points,18.5,draftkings,2025-11-19T14:54:30Z,2025-11-19T14:55:34Z,-109.0,-117.0
Aaron Gordon,Denver Nuggets @ New Orleans Pelicans,2025-11-20T01:00:00Z,player_points,17.5,draftkings,2025-11-19T14:54:30Z,2025-11-19T14:55:34Z,-124.0,-103.0
Jeremiah Fears,Denver Nuggets @ New Orleans Pelicans,2025-11-20T01:00:00Z,player_points,15.5,draftkings,2025-11-19T14:54:30Z,2025-11-19T14:55:34Z,-109.0,-117.0
Cameron Johnson,Denver Nuggets @ New Orleans Pelicans,2025-11-20T01:00:00Z,player_points,12.5,draftkings,2025-11-19T14:54:30Z,2025-11-19T14:55:34Z,-102.0,-125.0
Derik Queen,Denver Nuggets @ New Orleans Pelicans,2025-11-20T01:00:00Z,player_points,11.5,draftkings,2025-11-19T14:54:30Z,2025-11-19T14:55:34Z,-102.0,-125.0
Tim Hardaway Jr,Denver Nuggets @ New Orleans Pelicans,2025-11-20T01:00:00Z,player_points,10.5,draftkings,2025-11-19T14:54:30Z,2025-11-19T14:55:34Z,-111.0,-115.0
Herb Jones,Denver Nuggets @ New Orleans Pelicans,2025-11-20T01:00:00Z,player_points,9.5,draftkings,2025-11-19T14:54:30Z,2025-11-19T14:55:34Z,-131.0,103.0
Peyton Watson,Denver Nuggets @ New Orleans Pelicans,2025-11-20T01:00:00Z,player_points,8.5,draftkings,2025-11-19T14:54:30Z,2025-11-19T14:55:34Z,-128.0,100.0
Nikola Jokic,Denver Nuggets @ New Orleans Pelicans,2025-11-20T01:00:00Z,player_points_rebounds_assists,52.5,draftkings,2025-11-19T14:54:30Z,2025-11-19T14:55:34Z,-111.0,-119.0
Jamal Murray,Denver Nuggets @ New Orleans Pelicans,2025-11-20T01:00:00Z,player_points_rebounds_assists,32.5,draftkings,2025-11-19T14:54:30Z,2025-11-19T14:55:34Z,-118.0,-111.0
Zion Williamson,Denver Nuggets @ New Orleans Pelicans,2025-11-20T01:00:00Z,player_points_rebounds_assists,28.5,draftkings,2025-11-19T14:54:30Z,2025-11-19T14:55:34Z,-119.0,-110.0
Trey Murphy III,Denver Nuggets @ New Orleans Pelicans,2025-11-20T01:00:00Z,player_points_rebounds_assists,26.5,draftkings,2025-11-19T14:54:30Z,2025-11-19T14:55:34Z,-120.0,-109.0
Derik Queen,Denver Nuggets @ New Orleans Pelicans,2025-11-20T01:00:00Z,player_points_rebounds_assists,21.5,draftkings,2025-11-19T14:54:30Z,2025-11-19T14:55:34Z,-117.0,-113.0
Jeremiah Fears,Denver Nuggets @ New Orleans Pelicans,2025-11-20T01:00:00Z,player_points_rebounds_assists,21.5,draftkings,2025-11-19T14:54:30Z,2025-11-19T14:55:34Z,-116.0,-113.0
Herb Jones,Denver Nuggets @ New Orleans Pelicans,2025-11-20T01:00:00Z,player_points_rebounds_assists,15.5,draftkings,2025-11-19T14:54:30Z,2025-11-19T14:55:34Z,-117.0,-113.0
Nikola Jokic,Denver Nuggets @ New Orleans Pelicans,2025-11-20T01:00:00Z,player_rebounds,12.5,draftkings,2025-11-19T14:54:30Z,2025-11-19T14:55:34Z,-115.0,-114.0
Derik Queen,Denver Nuggets @ New Orleans Pelicans,2025-11-20T01:00:00Z,player_rebounds,6.5,draftkings,2025-11-19T14:54:30Z,2025-11-19T14:55:34Z,-133.0,101.0
Aaron Gordon,Denver Nuggets @ New Orleans Pelicans,2025-11-20T01:00:00Z,player_rebounds,5.5,draftkings,2025-11-19T14:54:30Z,2025-11-19T14:55:34Z,-142.0,108.0
Zion Williamson,Denver Nuggets @ New Orleans Pelicans,2025-11-20T01:00:00Z,player_rebounds,5.5,draftkings,2025-11-19T14:54:30Z,2025-11-19T14:55:34Z,109.0,-143.0
Trey Murphy III,Denver Nuggets @ New Orleans Pelicans,2025-11-20T01:00:00Z,player_rebounds,5.5,draftkings,2025-11-19T14:54:30Z,2025-11-19T14:55:34Z,112.0,-147.0
Peyton Watson,Denver Nuggets @ New Orleans Pelicans,2025-11-20T01:00:00Z,player_rebounds,4.5,draftkings,2025-11-19T14:54:30Z,2025-11-19T14:55:34Z,107.0,-141.0
Jamal Murray,Denver Nuggets @ New Orleans Pelicans,2025-11-20T01:00:00Z,player_rebounds,4.5,draftkings,2025-11-19T14:54:30Z,2025-11-19T14:55:34Z,125.0,-165.0
Cameron Johnson,Denver Nuggets @ New Orleans Pelicans,2025-11-20T01:00:00Z,player_rebounds,3.5,draftkings,2025-11-19T14:54:30Z,2025-11-19T14:55:34Z,120.0,-159.0
Jeremiah Fears,Denver Nuggets @ New Orleans Pelicans,2025-11-20T01:00:00Z,player_rebounds,2.5,draftkings,2025-11-19T14:54:30Z,2025-11-19T14:55:34Z,-165.0,125.0
Herb Jones,Denver Nuggets @ New Orleans Pelicans,2025-11-20T01:00:00Z,player_rebounds,2.5,draftkings,2025-11-19T14:54:30Z,2025-11-19T14:55:34Z,-145.0,110.0
Nikola Jokic,Denver Nuggets @ New Orleans Pelicans,2025-11-20T01:00:00Z,player_steals,1.5,draftkings,2025-11-19T14:54:30Z,2025-11-19T14:55:34Z,-123.0,-108.0
Herb Jones,Denver Nuggets @ New Orleans Pelicans,2025-11-20T01:00:00Z,player_steals,1.5,draftkings,2025-11-19T14:54:30Z,2025-11-19T14:55:34Z,116.0,-154.0
Jamal Murray,Denver Nuggets @ New Orleans Pelicans,2025-11-20T01:00:00Z,player_steals,1.5,draftkings,2025-11-19T14:54:30Z,2025-11-19T14:55:34Z,153.0,-205.0
Zion Williamson,Denver Nuggets @ New Orleans Pelicans,2025-11-20T01:00:00Z,player_steals,1.5,draftkings,2025-11-19T14:54:30Z,2025-11-19T14:55:34Z,156.0,-210.0
Aaron Gordon,Denver Nuggets @ New Orleans Pelicans,2025-11-20T01:00:00Z,player_steals,0.5,draftkings,2025-11-19T14:54:30Z,2025-11-19T14:55:34Z,-198.0,148.0
Trey Murphy III,Denver Nuggets @ New Orleans Pelicans,2025-11-20T01:00:00Z,player_steals,0.5,draftkings,2025-11-19T14:54:30Z,2025-11-19T14:55:34Z,-161.0,121.0
Trey Murphy III,Denver Nuggets @ New Orleans Pelicans,2025-11-20T01:00:00Z,player_threes,2.5,draftkings,2025-11-19T14:54:30Z,2025-11-19T14:55:34Z,-150.0,113.0
Jamal Murray,Denver Nuggets @ New Orleans Pelicans,2025-11-20T01:00:00Z,player_threes,2.5,draftkings,2025-11-19T14:54:30Z,2025-11-19T14:55:34Z,-126.0,-105.0
Tim Hardaway Jr,Denver Nuggets @ New Orleans Pelicans,2025-11-20T01:00:00Z,player_threes,2.5,draftkings,2025-11-19T14:54:30Z,2025-11-19T14:55:34Z,115.0,-151.0
Nikola Jokic,Denver Nuggets @ New Orleans Pelicans,2025-11-20T01:00:00Z,player_threes,1.5,draftkings,2025-11-19T14:54:30Z,2025-11-19T14:55:34Z,-179.0,135.0
Cameron Johnson,Denver Nuggets @ New Orleans Pelicans,2025-11-20T01:00:00Z,player_threes,1.5,draftkings,2025-11-19T14:54:30Z,2025-11-19T14:55:34Z,-162.0,122.0
Aaron Gordon,Denver Nuggets @ New Orleans Pelicans,2025-11-20T01:00:00Z,player_threes,1.5,draftkings,2025-11-19T14:54:30Z,2025-11-19T14:55:34Z,-144.0,109.0
Herb Jones,Denver Nuggets @ New Orleans Pelicans,2025-11-20T01:00:00Z,player_threes,1.5,draftkings,2025-11-19T14:54:30Z,2025-11-19T14:55:34Z,106.0,-139.0
Nikola Jokic,Denver Nuggets @ New Orleans Pelicans,2025-11-20T01:00:00Z,player_triple_double,,draftkings,2025-11-19T14:54:30Z,2025-11-19T14:55:34Z,,
Zion Williamson,Denver Nuggets @ New Orleans Pelicans,2025-11-20T01:00:00Z,player_assists,3.5,fanatics,2025-11-19T14:55:13Z,2025-11-19T14:56:05Z,-130.0,100.0
Derik Queen,Denver Nuggets @ New Orleans Pelicans,2025-11-20T01:00:00Z,player_assists,3.5,fanatics,2025-11-19T14:55:13Z,2025-11-19T14:56:05Z,115.0,-150.0
Jeremiah Fears,Denver Nuggets @ New Orleans Pelicans,2025-11-20T01:00:00Z,player_assists,2.5,fanatics,2025-11-19T14:55:13Z,2025-11-19T14:56:05Z,-175.0,125.0
Herb Jones,Denver Nuggets @ New Orleans Pelicans,2025-11-20T01:00:00Z,player_assists,2.5,fanatics,2025-11-19T14:55:13Z,2025-11-19T14:56:05Z,105.0,-140.0
Trey Murphy III,Denver Nuggets @ New Orleans Pelicans,2025-11-20T01:00:00Z,player_assists,2.5,fanatics,2025-11-19T14:55:13Z,2025-11-19T14:56:05Z,-175.0,125.0
Jamal Murray,Denver Nuggets @ New Orleans Pelicans,2025-11-20T01:00:00Z,player_assists,5.5,fanatics,2025-11-19T14:55:13Z,2025-11-19T14:56:05Z,-140.0,105.0
Peyton Watson,Denver Nuggets @ New Orleans Pelicans,2025-11-20T01:00:00Z,player_assists,1.5,fanatics,2025-11-19T14:55:13Z,2025-11-19T14:56:05Z,130.0,-190.0
Aaron Gordon,Denver Nuggets @ New Orleans Pelicans,2025-11-20T01:00:00Z,player_assists,1.5,fanatics,2025-11-19T14:55:13Z,2025-11-19T14:56:05Z,110.0,-145.0
Nikola Jokic,Denver Nuggets @ New Orleans Pelicans,2025-11-20T01:00:00Z,player_assists,10.5,fanatics,2025-11-19T14:55:13Z,2025-11-19T14:56:05Z,-115.0,-115.0
Cameron Johnson,Denver Nuggets @ New Orleans Pelicans,2025-11-20T01:00:00Z,player_assists,2.5,fanatics,2025-11-19T14:55:13Z,2025-11-19T14:56:05Z,-115.0,-115.0
Tim Hardaway Jr,Denver Nuggets @ New Orleans Pelicans,2025-11-20T01:00:00Z,player_assists,1.5,fanatics,2025-11-19T14:55:13Z,2025-11-19T14:56:05Z,130.0,-190.0
Bruce Brown,Denver Nuggets @ New Orleans Pelicans,2025-11-20T01:00:00Z,player_assists,1.5,fanatics,2025-11-19T14:55:13Z,2025-11-19T14:56:05Z,115.0,-150.0
Peyton Watson,Denver Nuggets @ New Orleans Pelicans,2025-11-20T01:00:00Z,player_double_double,,fanatics,2025-11-19T14:55:13Z,2025-11-19T14:56:05Z,,
Nikola Jokic,Denver Nuggets @ New Orleans Pelicans,2025-11-20T01:00:00Z,player_double_double,,fanatics,2025-11-19T14:55:13Z,2025-11-19T14:56:05Z,,
Jamal Murray,Denver Nuggets @ New Orleans Pelicans,2025-11-20T01:00:00Z,player_double_double,,fanatics,2025-11-19T14:55:13Z,2025-11-19T14:56:05Z,,
Aaron Gordon,Denver Nuggets @ New Orleans Pelicans,2025-11-20T01:00:00Z,player_double_double,,fanatics,2025-11-19T14:55:13Z,2025-11-19T14:56:05Z,,
Zion Williamson,Denver Nuggets @ New Orleans Pelicans,2025-11-20T01:00:00Z,player_double_double,,fanatics,2025-11-19T14:55:13Z,2025-11-19T14:56:05Z,,
Trey Murphy III,Denver Nuggets @ New Orleans Pelicans,2025-11-20T01:00:00Z,player_double_double,,fanatics,2025-11-19T14:55:13Z,2025-11-19T14:56:05Z,,
Derik Queen,Denver Nuggets @ New Orleans Pelicans,2025-11-20T01:00:00Z,player_double_double,,fanatics,2025-11-19T14:55:13Z,2025-11-19T14:56:05Z,,
Peyton Watson,Denver Nuggets @ New Orleans Pelicans,2025-11-20T01:00:00Z,player_points,8.5,fanatics,2025-11-19T14:55:13Z,2025-11-19T14:56:05Z,-125.0,-105.0
Aaron Gordon,Denver Nuggets @ New Orleans Pelicans,2025-11-20T01:00:00Z,player_points,17.5,fanatics,2025-11-19T14:55:13Z,2025-11-19T14:56:05Z,-125.0,-105.0
Jamal Murray,Denver Nuggets @ New Orleans Pelicans,2025-11-20T01:00:00Z,player_points,22.5,fanatics,2025-11-19T14:55:13Z,2025-11-19T14:56:05Z,-125.0,-105.0
Cameron Johnson,Denver Nuggets @ New Orleans Pelicans,2025-11-20T01:00:00Z,player_points,11.5,fanatics,2025-11-19T14:55:13Z,2025-11-19T14:56:05Z,-130.0,100.0
Nikola Jokic,Denver Nuggets @ New Orleans Pelicans,2025-11-20T01:00:00Z,player_points,28.5,fanatics,2025-11-19T14:55:13Z,2025-11-19T14:56:05Z,-115.0,-115.0
Jeremiah Fears,Denver Nuggets @ New Orleans Pelicans,2025-11-20T01:00:00Z,player_points,14.5,fanatics,2025-11-19T14:55:13Z,2025-11-19T14:56:05Z,-115.0,-115.0
Derik Queen,Denver Nuggets @ New Orleans Pelicans,2025-11-20T01:00:00Z,player_points,11.5,fanatics,2025-11-19T14:55:13Z,2025-11-19T14:56:05Z,-105.0,-125.0
Trey Murphy III,Denver Nuggets @ New Orleans Pelicans,2025-11-20T01:00:00Z,player_points,18.5,fanatics,2025-11-19T14:55:13Z,2025-11-19T14:56:05Z,-110.0,-120.0
Zion Williamson,Denver Nuggets @ New Orleans Pelicans,2025-11-20T01:00:00Z,player_points,19.5,fanatics,2025-11-19T14:55:13Z,2025-11-19T14:56:05Z,-105.0,-125.0
Herb Jones,Denver Nuggets @ New Orleans Pelicans,2025-11-20T01:00:00Z,player_points,9.5,fanatics,2025-11-19T14:55:13Z,2025-11-19T14:56:05Z,-130.0,100.0
Bruce Brown,Denver Nuggets @ New Orleans Pelicans,2025-11-20T01:00:00Z,player_points,7.5,fanatics,2025-11-19T14:55:13Z,2025-11-19T14:56:05Z,-125.0,-105.0
Tim Hardaway Jr,Denver Nuggets @ New Orleans Pelicans,2025-11-20T01:00:00Z,player_points,10.5,fanatics,2025-11-19T14:55:13Z,2025-11-19T14:56:05Z,-110.0,-120.0
Trey Murphy III,Denver Nuggets @ New Orleans Pelicans,2025-11-20T01:00:00Z,player_points_rebounds_assists,26.5,fanatics,2025-11-19T14:55:13Z,2025-11-19T14:56:05Z,-120.0,-110.0
Cameron Johnson,Denver Nuggets @ New Orleans Pelicans,2025-11-20T01:00:00Z,player_points_rebounds_assists,18.5,fanatics,2025-11-19T14:55:13Z,2025-11-19T14:56:05Z,100.0,-130.0
Tim Hardaway Jr,Denver Nuggets @ New Orleans Pelicans,2025-11-20T01:00:00Z,player_points_rebounds_assists,14.5,fanatics,2025-11-19T14:55:13Z,2025-11-19T14:56:05Z,110.0,-145.0
Aaron Gordon,Denver Nuggets @ New Orleans Pelicans,2025-11-20T01:00:00Z,player_points_rebounds_assists,25.5,fanatics,2025-11-19T14:55:13Z,2025-11-19T14:56:05Z,-115.0,-115.0
Jeremiah Fears,Denver Nuggets @ New Orleans Pelicans,2025-11-20T01:00:00Z,player_points_rebounds_assists,20.5,fanatics,2025-11-19T14:55:13Z,2025-11-19T14:56:05Z,-125.0,-105.0
Peyton Watson,Denver Nuggets @ New Orleans Pelicans,2025-11-20T01:00:00Z,player_points_rebounds_assists,14.5,fanatics,2025-11-19T14:55:13Z,2025-11-19T14:56:05Z,-135.0,100.0
Nikola Jokic,Denver Nuggets @ New Orleans Pelicans,2025-11-20T01:00:00Z,player_points_rebounds_assists,52.5,fanatics,2025-11-19T14:55:13Z,2025-11-19T14:56:05Z,-115.0,-115.0
Jamal Murray,Denver Nuggets @ New Orleans Pelicans,2025-11-20T01:00:00Z,player_points_rebounds_assists,33.5,fanatics,2025-11-19T14:55:13Z,2025-11-19T14:56:05Z,-110.0,-120.0
Zion Williamson,Denver Nuggets @ New Orleans Pelicans,2025-11-20T01:00:00Z,player_points_rebounds_assists,28.5,fanatics,2025-11-19T14:55:13Z,2025-11-19T14:56:05Z,-115.0,-115.0
Derik Queen,Denver Nuggets @ New Orleans Pelicans,2025-11-20T01:00:00Z,player_points_rebounds_assists,21.5,fanatics,2025-11-19T14:55:13Z,2025-11-19T14:56:05Z,-115.0,-115.0
Bruce Brown,Denver Nuggets @ New Orleans Pelicans,2025-11-20T01:00:00Z,player_points_rebounds_assists,13.5,fanatics,2025-11-19T14:55:13Z,2025-11-19T14:56:05Z,-115.0,-115.0
Herb Jones,Denver Nuggets @ New Orleans Pelicans,2025-11-20T01:00:00Z,player_points_rebounds_assists,15.5,fanatics,2025-11-19T14:55:13Z,2025-11-19T14:56:05Z,-115.0,-115.0
Peyton Watson,Denver Nuggets @ New Orleans Pelicans,2025-11-20T01:00:00Z,player_rebounds,4.5,fanatics,2025-11-19T14:55:13Z,2025-11-19T14:56:05Z,110.0,-145.0
Cameron Johnson,Denver Nuggets @ New Orleans Pelicans,2025-11-20T01:00:00Z,player_rebounds,3.5,fanatics,2025-11-19T14:55:13Z,2025-11-19T14:56:05Z,120.0,-165.0
Jamal Murray,Denver Nuggets @ New Orleans Pelicans,2025-11-20T01:00:00Z,player_rebounds,4.5,fanatics,2025-11-19T14:55:13Z,2025-11-19T14:56:05Z,120.0,-165.0
Aaron Gordon,Denver Nuggets @ New Orleans Pelicans,2025-11-20T01:00:00Z,player_rebounds,5.5,fanatics,2025-11-19T14:55:13Z,2025-11-19T14:56:05Z,-140.0,105.0
Nikola Jokic,Denver Nuggets @ New Orleans Pelicans,2025-11-20T01:00:00Z,player_rebounds,12.5,fanatics,2025-11-19T14:55:13Z,2025-11-19T14:56:05Z,-115.0,-115.0
Herb Jones,Denver Nuggets @ New Orleans Pelicans,2025-11-20T01:00:00Z,player_rebounds,2.5,fanatics,2025-11-19T14:55:13Z,2025-11-19T14:56:05Z,-145.0,110.0
Trey Murphy III,Denver Nuggets @ New Orleans Pelicans,2025-11-20T01:00:00Z,player_rebounds,5.5,fanatics,2025-11-19T14:55:13Z,2025-11-19T14:56:05Z,115.0,-150.0
Derik Queen,Denver Nuggets @ New Orleans Pelicans,2025-11-20T01:00:00Z,player_rebounds,6.5,fanatics,2025-11-19T14:55:13Z,2025-11-19T14:56:05Z,-130.0,100.0
Zion Williamson,Denver Nuggets @ New Orleans Pelicans,2025-11-20T01:00:00Z,player_rebounds,5.5,fanatics,2025-11-19T14:55:13Z,2025-11-19T14:56:05Z,115.0,-150.0
Jeremiah Fears,Denver Nuggets @ New Orleans Pelicans,2025-11-20T01:00:00Z,player_rebounds,2.5,fanatics,2025-11-19T14:55:13Z,2025-11-19T14:56:05Z,-165.0,120.0
Bruce Brown,Denver Nuggets @ New Orleans Pelicans,2025-11-20T01:00:00Z,player_rebounds,4.5,fanatics,2025-11-19T14:55:13Z,2025-11-19T14:56:05Z,120.0,-165.0
Tim Hardaway Jr,Denver Nuggets @ New Orleans Pelicans,2025-11-20T01:00:00Z,player_rebounds,1.5,fanatics,2025-11-19T14:55:13Z,2025-11-19T14:56:05Z,-145.0,110.0
Peyton Watson,Denver Nuggets @ New Orleans Pelicans,2025-11-20T01:00:00Z,player_threes,0.5,fanatics,2025-11-19T14:55:13Z,2025-11-19T14:56:05Z,-145.0,110.0
Aaron Gordon,Denver Nuggets @ New Orleans Pelicans,2025-11-20T01:00:00Z,player_threes,1.5,fanatics,2025-11-19T14:55:13Z,2025-11-19T14:56:05Z,-150.0,115.0
Jamal Murray,Denver Nuggets @ New Orleans Pelicans,2025-11-20T01:00:00Z,player_threes,2.5,fanatics,2025-11-19T14:55:13Z,2025-11-19T14:56:05Z,-130.0,100.0
Cameron Johnson,Denver Nuggets @ New Orleans Pelicans,2025-11-20T01:00:00Z,player_threes,1.5,fanatics,2025-11-19T14:55:13Z,2025-11-19T14:56:05Z,-175.0,125.0
Nikola Jokic,Denver Nuggets @ New Orleans Pelicans,2025-11-20T01:00:00Z,player_threes,1.5,fanatics,2025-11-19T14:55:13Z,2025-11-19T14:56:05Z,-190.0,130.0
Trey Murphy III,Denver Nuggets @ New Orleans Pelicans,2025-11-20T01:00:00Z,player_threes,2.5,fanatics,2025-11-19T14:55:13Z,2025-11-19T14:56:05Z,-145.0,110.0
Jeremiah Fears,Denver Nuggets @ New Orleans Pelicans,2025-11-20T01:00:00Z,player_threes,1.5,fanatics,2025-11-19T14:55:13Z,2025-11-19T14:56:05Z,140.0,-225.0
Derik Queen,Denver Nuggets @ New Orleans Pelicans,2025-11-20T01:00:00Z,player_threes,0.5,fanatics,2025-11-19T14:55:13Z,2025-11-19T14:56:05Z,190.0,-325.0
Herb Jones,Denver Nuggets @ New Orleans Pelicans,2025-11-20T01:00:00Z,player_threes,1.5,fanatics,2025-11-19T14:55:13Z,2025-11-19T14:56:05Z,105.0,-140.0
Tim Hardaway Jr,Denver Nuggets @ New Orleans Pelicans,2025-11-20T01:00:00Z,player_threes,2.5,fanatics,2025-11-19T14:55:13Z,2025-11-19T14:56:05Z,120.0,-165.0
Bruce Brown,Denver Nuggets @ New Orleans Pelicans,2025-11-20T01:00:00Z,player_threes,0.5,fanatics,2025-11-19T14:55:13Z,2025-11-19T14:56:05Z,-120.0,-110.0
Nikola Jokic,Denver Nuggets @ New Orleans Pelicans,2025-11-20T01:00:00Z,player_triple_double,,fanatics,2025-11-19T14:55:13Z,2025-11-19T14:56:05Z,,
Herb Jones,Denver Nuggets @ New Orleans Pelicans,2025-11-20T01:00:00Z,player_assists,2.5,williamhill_us,2025-11-19T14:55:31Z,2025-11-19T14:55:51Z,108.0,-143.0
Zion Williamson,Denver Nuggets @ New Orleans Pelicans,2025-11-20T01:00:00Z,player_assists,3.5,williamhill_us,2025-11-19T14:55:31Z,2025-11-19T14:55:51Z,-141.0,107.0
Trey Murphy III,Denver Nuggets @ New Orleans Pelicans,2025-11-20T01:00:00Z,player_assists,3.5,williamhill_us,2025-11-19T14:55:31Z,2025-11-19T14:55:51Z,127.0,-170.0
Jeremiah Fears,Denver Nuggets @ New Orleans Pelicans,2025-11-20T01:00:00Z,player_assists,3.5,williamhill_us,2025-11-19T14:55:31Z,2025-11-19T14:55:51Z,134.0,-179.0
Jamal Murray,Denver Nuggets @ New Orleans Pelicans,2025-11-20T01:00:00Z,player_assists,5.5,williamhill_us,2025-11-19T14:55:31Z,2025-11-19T14:55:51Z,-143.0,107.0
Derik Queen,Denver Nuggets @ New Orleans Pelicans,2025-11-20T01:00:00Z,player_assists,3.5,williamhill_us,2025-11-19T14:55:31Z,2025-11-19T14:55:51Z,109.0,-145.0
Nikola Jokic,Denver Nuggets @ New Orleans Pelicans,2025-11-20T01:00:00Z,player_assists,10.5,williamhill_us,2025-11-19T14:55:31Z,2025-11-19T14:55:51Z,-115.0,-115.0
Zion Williamson,Denver Nuggets @ New Orleans Pelicans,2025-11-20T01:00:00Z,player_points,19.5,williamhill_us,2025-11-19T14:55:31Z,2025-11-19T14:55:51Z,-112.0,-120.0
Bruce Brown,Denver Nuggets @ New Orleans Pelicans,2025-11-20T01:00:00Z,player_points,7.5,williamhill_us,2025-11-19T14:55:31Z,2025-11-19T14:55:51Z,-132.0,-102.0
Jamal Murray,Denver Nuggets @ New Orleans Pelicans,2025-11-20T01:00:00Z,player_points,22.5,williamhill_us,2025-11-19T14:55:31Z,2025-11-19T14:55:51Z,-121.0,-110.0
Herb Jones,Denver Nuggets @ New Orleans Pelicans,2025-11-20T01:00:00Z,player_points,9.5,williamhill_us,2025-11-19T14:55:31Z,2025-11-19T14:55:51Z,-127.0,-107.0
Jeremiah Fears,Denver Nuggets @ New Orleans Pelicans,2025-11-20T01:00:00Z,player_points,14.5,williamhill_us,2025-11-19T14:55:31Z,2025-11-19T14:55:51Z,-127.0,-107.0
Tim Hardaway Jr,Denver Nuggets @ New Orleans Pelicans,2025-11-20T01:00:00Z,player_points,10.5,williamhill_us,2025-11-19T14:55:31Z,2025-11-19T14:55:51Z,-106.0,-127.0
Cameron Johnson,Denver Nuggets @ New Orleans Pelicans,2025-11-20T01:00:00Z,player_points,11.5,williamhill_us,2025-11-19T14:55:31Z,2025-11-19T14:55:51Z,-129.0,-105.0
Peyton Watson,Denver Nuggets @ New Orleans Pelicans,2025-11-20T01:00:00Z,player_points,8.5,williamhill_us,2025-11-19T14:55:31Z,2025-11-19T14:55:51Z,-129.0,-104.0
Derik Queen,Denver Nuggets @ New Orleans Pelicans,2025-11-20T01:00:00Z,player_points,11.5,williamhill_us,2025-11-19T14:55:31Z,2025-11-19T14:55:51Z,-112.0,-120.0
Trey Murphy III,Denver Nuggets @ New Orleans Pelicans,2025-11-20T01:00:00Z,player_points,18.5,williamhill_us,2025-11-19T14:55:31Z,2025-11-19T14:55:51Z,-108.0,-122.0
Aaron Gordon,Denver Nuggets @ New Orleans Pelicans,2025-11-20T01:00:00Z,player_points,17.5,williamhill_us,2025-11-19T14:55:31Z,2025-11-19T14:55:51Z,-127.0,-105.0
Nikola Jokic,Denver Nuggets @ New Orleans Pelicans,2025-11-20T01:00:00Z,player_points,28.5,williamhill_us,2025-11-19T14:55:31Z,2025-11-19T14:55:51Z,-115.0,-115.0
Jamal Murray,Denver Nuggets @ New Orleans Pelicans,2025-11-20T01:00:00Z,player_rebounds,4.5,williamhill_us,2025-11-19T14:55:31Z,2025-11-19T14:55:51Z,120.0,-162.0
Trey Murphy III,Denver Nuggets @ New Orleans Pelicans,2025-11-20T01:00:00Z,player_rebounds,5.5,williamhill_us,2025-11-19T14:55:31Z,2025-11-19T14:55:51Z,113.0,-152.0
Nikola Jokic,Denver Nuggets @ New Orleans Pelicans,2025-11-20T01:00:00Z,player_rebounds,12.5,williamhill_us,2025-11-19T14:55:31Z,2025-11-19T14:55:51Z,-122.0,-109.0
Cameron Johnson,Denver Nuggets @ New Orleans Pelicans,2025-11-20T01:00:00Z,player_rebounds,3.5,williamhill_us,2025-11-19T14:55:31Z,2025-11-19T14:55:51Z,114.0,-152.0
Aaron Gordon,Denver Nuggets @ New Orleans Pelicans,2025-11-20T01:00:00Z,player_rebounds,5.5,williamhill_us,2025-11-19T14:55:31Z,2025-11-19T14:55:51Z,-137.0,104.0
Herb Jones,Denver Nuggets @ New Orleans Pelicans,2025-11-20T01:00:00Z,player_rebounds,2.5,williamhill_us,2025-11-19T14:55:31Z,2025-11-19T14:55:51Z,-145.0,109.0
Jeremiah Fears,Denver Nuggets @ New Orleans Pelicans,2025-11-20T01:00:00Z,player_rebounds,2.5,williamhill_us,2025-11-19T14:55:31Z,2025-11-19T14:55:51Z,-170.0,126.0
Bruce Brown,Denver Nuggets @ New Orleans Pelicans,2025-11-20T01:00:00Z,player_rebounds,3.5,williamhill_us,2025-11-19T14:55:31Z,2025-11-19T14:55:51Z,-152.0,114.0
Zion Williamson,Denver Nuggets @ New Orleans Pelicans,2025-11-20T01:00:00Z,player_rebounds,5.5,williamhill_us,2025-11-19T14:55:31Z,2025-11-19T14:55:51Z,110.0,-148.0
Peyton Watson,Denver Nuggets @ New Orleans Pelicans,2025-11-20T01:00:00Z,player_rebounds,4.5,williamhill_us,2025-11-19T14:55:31Z,2025-11-19T14:55:51Z,110.0,-145.0
Derik Queen,Denver Nuggets @ New Orleans Pelicans,2025-11-20T01:00:00Z,player_rebounds,6.5,williamhill_us,2025-11-19T14:55:31Z,2025-11-19T14:55:51Z,-134.0,101.0
Jamal Murray,Denver Nuggets @ New Orleans Pelicans,2025-11-20T01:00:00Z,player_threes,2.5,williamhill_us,2025-11-19T14:55:31Z,2025-11-19T14:55:51Z,-132.0,-102.0
Tim Hardaway Jr,Denver Nuggets @ New Orleans Pelicans,2025-11-20T01:00:00Z,player_threes,2.5,williamhill_us,2025-11-19T14:55:31Z,2025-11-19T14:55:51Z,118.0,-157.0
Trey Murphy III,Denver Nuggets @ New Orleans Pelicans,2025-11-20T01:00:00Z,player_threes,2.5,williamhill_us,2025-11-19T14:55:31Z,2025-11-19T14:55:51Z,-145.0,109.0
Nikola Jokic,Denver Nuggets @ New Orleans Pelicans,2025-11-20T01:00:00Z,player_threes,1.5,williamhill_us,2025-11-19T14:55:31Z,2025-11-19T14:55:51Z,-164.0,123.0
Jeremiah Fears,Denver Nuggets @ New Orleans Pelicans,2025-11-20T01:00:00Z,player_threes,1.5,williamhill_us,2025-11-19T14:55:31Z,2025-11-19T14:55:51Z,175.0,-240.0
Herb Jones,Denver Nuggets @ New Orleans Pelicans,2025-11-20T01:00:00Z,player_threes,1.5,williamhill_us,2025-11-19T14:55:31Z,2025-11-19T14:55:51Z,109.0,-145.0
Aaron Gordon,Denver Nuggets @ New Orleans Pelicans,2025-11-20T01:00:00Z,player_threes,1.5,williamhill_us,2025-11-19T14:55:31Z,2025-11-19T14:55:51Z,-148.0,111.0
Cameron Johnson,Denver Nuggets @ New Orleans Pelicans,2025-11-20T01:00:00Z,player_threes,1.5,williamhill_us,2025-11-19T14:55:31Z,2025-11-19T14:55:51Z,-162.0,121.0
Jamal Murray,Denver Nuggets @ New Orleans Pelicans,2025-11-20T01:00:00Z,player_assists,5.5,fanduel,2025-11-19T14:55:00Z,2025-11-19T14:55:41Z,-138.0,104.0
Herb Jones,Denver Nuggets @ New Orleans Pelicans,2025-11-20T01:00:00Z,player_assists,2.5,fanduel,2025-11-19T14:55:00Z,2025-11-19T14:55:41Z,110.0,-146.0
Jeremiah Fears,Denver Nuggets @ New Orleans Pelicans,2025-11-20T01:00:00Z,player_assists,2.5,fanduel,2025-11-19T14:55:00Z,2025-11-19T14:55:41Z,-182.0,136.0
Zion Williamson,Denver Nuggets @ New Orleans Pelicans,2025-11-20T01:00:00Z,player_assists,3.5,fanduel,2025-11-19T14:55:00Z,2025-11-19T14:55:41Z,-136.0,102.0
Nikola Jokic,Denver Nuggets @ New Orleans Pelicans,2025-11-20T01:00:00Z,player_assists,10.5,fanduel,2025-11-19T14:55:00Z,2025-11-19T14:55:41Z,-132.0,100.0
Trey Murphy III,Denver Nuggets @ New Orleans Pelicans,2025-11-20T01:00:00Z,player_assists,3.5,fanduel,2025-11-19T14:55:00Z,2025-11-19T14:55:41Z,134.0,-180.0
Nikola Jokic,Denver Nuggets @ New Orleans Pelicans,2025-11-20T01:00:00Z,player_double_double,,fanduel,2025-11-19T14:55:00Z,2025-11-19T14:55:41Z,,
Aaron Gordon,Denver Nuggets @ New Orleans Pelicans,2025-11-20T01:00:00Z,player_double_double,,fanduel,2025-11-19T14:55:00Z,2025-11-19T14:55:41Z,,
Jamal Murray,Denver Nuggets @ New Orleans Pelicans,2025-11-20T01:00:00Z,player_double_double,,fanduel,2025-11-19T14:55:00Z,2025-11-19T14:55:41Z,,
Zion Williamson,Denver Nuggets @ New Orleans Pelicans,2025-11-20T01:00:00Z,player_double_double,,fanduel,2025-11-19T14:55:00Z,2025-11-19T14:55:41Z,,
Trey Murphy III,Denver Nuggets @ New Orleans Pelicans,2025-11-20T01:00:00Z,player_double_double,,fanduel,2025-11-19T14:55:00Z,2025-11-19T14:55:41Z,,
Peyton Watson,Denver Nuggets @ New Orleans Pelicans,2025-11-20T01:00:00Z,player_double_double,,fanduel,2025-11-19T14:55:00Z,2025-11-19T14:55:41Z,,
Aaron Gordon,Denver Nuggets @ New Orleans Pelicans,2025-11-20T01:00:00Z,player_points,18.5,fanduel,2025-11-19T14:55:00Z,2025-11-19T14:55:41Z,-104.0,-128.0
Trey Murphy III,Denver Nuggets @ New Orleans Pelicans,2025-11-20T01:00:00Z,player_points,18.5,fanduel,2025-11-19T14:55:00Z,2025-11-19T14:55:41Z,-102.0,-130.0
Peyton Watson,Denver Nuggets @ New Orleans Pelicans,2025-11-20T01:00:00Z,player_points,8.5,fanduel,2025-11-19T14:55:00Z,2025-11-19T14:55:41Z,-125.0,-106.0
Jamal Murray,Denver Nuggets @ New Orleans Pelicans,2025-11-20T01:00:00Z,player_points,22.5,fanduel,2025-11-19T14:55:00Z,2025-11-19T14:55:41Z,-122.0,-108.0
Bruce Brown,Denver Nuggets @ New Orleans Pelicans,2025-11-20T01:00:00Z,player_points,7.5,fanduel,2025-11-19T14:55:00Z,2025-11-19T14:55:41Z,-125.0,-106.0
Cameron Johnson,Denver Nuggets @ New Orleans Pelicans,2025-11-20T01:00:00Z,player_points,11.5,fanduel,2025-11-19T14:55:00Z,2025-11-19T14:55:41Z,-130.0,-102.0
Zion Williamson,Denver Nuggets @ New Orleans Pelicans,2025-11-20T01:00:00Z,player_points,18.5,fanduel,2025-11-19T14:55:00Z,2025-11-19T14:55:41Z,-132.0,100.0
Jeremiah Fears,Denver Nuggets @ New Orleans Pelicans,2025-11-20T01:00:00Z,player_points,14.5,fanduel,2025-11-19T14:55:00Z,2025-11-19T14:55:41Z,-108.0,-122.0
Tim Hardaway Jr,Denver Nuggets @ New Orleans Pelicans,2025-11-20T01:00:00Z,player_points,10.5,fanduel,2025-11-19T14:55:00Z,2025-11-19T14:55:41Z,-112.0,-118.0
Herb Jones,Denver Nuggets @ New Orleans Pelicans,2025-11-20T01:00:00Z,player_points,9.5,fanduel,2025-11-19T14:55:00Z,2025-11-19T14:55:41Z,-132.0,100.0
Nikola Jokic,Denver Nuggets @ New Orleans Pelicans,2025-11-20T01:00:00Z,player_points,28.5,fanduel,2025-11-19T14:55:00Z,2025-11-19T14:55:41Z,-114.0,-114.0
Jeremiah Fears,Denver Nuggets @ New Orleans Pelicans,2025-11-20T01:00:00Z,player_points_rebounds_assists,20.5,fanduel,2025-11-19T14:55:00Z,2025-11-19T14:55:41Z,-120.0,-110.0
Trey Murphy III,Denver Nuggets @ New Orleans Pelicans,2025-11-20T01:00:00Z,player_points_rebounds_assists,26.5,fanduel,2025-11-19T14:55:00Z,2025-11-19T14:55:41Z,-122.0,-108.0
Zion Williamson,Denver Nuggets @ New Orleans Pelicans,2025-11-20T01:00:00Z,player_points_rebounds_assists,28.5,fanduel,2025-11-19T14:55:00Z,2025-11-19T14:55:41Z,-112.0,-118.0
Nikola Jokic,Denver Nuggets @ New Orleans Pelicans,2025-11-20T01:00:00Z,player_points_rebounds_assists,52.5,fanduel,2025-11-19T14:55:00Z,2025-11-19T14:55:41Z,-112.0,-118.0
Herb Jones,Denver Nuggets @ New Orleans Pelicans,2025-11-20T01:00:00Z,player_points_rebounds_assists,15.5,fanduel,2025-11-19T14:55:00Z,2025-11-19T14:55:41Z,-112.0,-118.0
Jamal Murray,Denver Nuggets @ New Orleans Pelicans,2025-11-20T01:00:00Z,player_points_rebounds_assists,33.5,fanduel,2025-11-19T14:55:00Z,2025-11-19T14:55:41Z,-108.0,-122.0
Cameron Johnson,Denver Nuggets @ New Orleans Pelicans,2025-11-20T01:00:00Z,player_rebounds,3.5,fanduel,2025-11-19T14:55:00Z,2025-11-19T14:55:41Z,116.0,-154.0
Aaron Gordon,Denver Nuggets @ New Orleans Pelicans,2025-11-20T01:00:00Z,player_rebounds,6.5,fanduel,2025-11-19T14:55:00Z,2025-11-19T14:55:41Z,124.0,-166.0
Bruce Brown,Denver Nuggets @ New Orleans Pelicans,2025-11-20T01:00:00Z,player_rebounds,4.5,fanduel,2025-11-19T14:55:00Z,2025-11-19T14:55:41Z,134.0,-180.0
Zion Williamson,Denver Nuggets @ New Orleans Pelicans,2025-11-20T01:00:00Z,player_rebounds,5.5,fanduel,2025-11-19T14:55:00Z,2025-11-19T14:55:41Z,110.0,-146.0
Peyton Watson,Denver Nuggets @ New Orleans Pelicans,2025-11-20T01:00:00Z,player_rebounds,4.5,fanduel,2025-11-19T14:55:00Z,2025-11-19T14:55:41Z,114.0,-152.0
Jeremiah Fears,Denver Nuggets @ New Orleans Pelicans,2025-11-20T01:00:00Z,player_rebounds,2.5,fanduel,2025-11-19T14:55:00Z,2025-11-19T14:55:41Z,-174.0,130.0
Trey Murphy III,Denver Nuggets @ New Orleans Pelicans,2025-11-20T01:00:00Z,player_rebounds,5.5,fanduel,2025-11-19T14:55:00Z,2025-11-19T14:55:41Z,114.0,-152.0
Nikola Jokic,Denver Nuggets @ New Orleans Pelicans,2025-11-20T01:00:00Z,player_rebounds,12.5,fanduel,2025-11-19T14:55:00Z,2025-11-19T14:55:41Z,-130.0,-102.0
Herb Jones,Denver Nuggets @ New Orleans Pelicans,2025-11-20T01:00:00Z,player_rebounds,2.5,fanduel,2025-11-19T14:55:00Z,2025-11-19T14:55:41Z,-148.0,112.0
Jamal Murray,Denver Nuggets @ New Orleans Pelicans,2025-11-20T01:00:00Z,player_rebounds,4.5,fanduel,2025-11-19T14:55:00Z,2025-11-19T14:55:41Z,114.0,-152.0
Zion Williamson,Denver Nuggets @ New Orleans Pelicans,2025-11-20T01:00:00Z,player_steals,1.5,fanduel,2025-11-19T14:55:00Z,2025-11-19T14:55:41Z,148.0,-200.0
Jamal Murray,Denver Nuggets @ New Orleans Pelicans,2025-11-20T01:00:00Z,player_steals,1.5,fanduel,2025-11-19T14:55:00Z,2025-11-19T14:55:41Z,178.0,-245.0
Nikola Jokic,Denver Nuggets @ New Orleans Pelicans,2025-11-20T01:00:00Z,player_steals,1.5,fanduel,2025-11-19T14:55:00Z,2025-11-19T14:55:41Z,-128.0,-104.0
Herb Jones,Denver Nuggets @ New Orleans Pelicans,2025-11-20T01:00:00Z,player_steals,1.5,fanduel,2025-11-19T14:55:00Z,2025-11-19T14:55:41Z,108.0,-144.0
Cameron Johnson,Denver Nuggets @ New Orleans Pelicans,2025-11-20T01:00:00Z,player_threes,1.5,fanduel,2025-11-19T14:55:00Z,2025-11-19T14:55:41Z,-168.0,126.0
Jamal Murray,Denver Nuggets @ New Orleans Pelicans,2025-11-20T01:00:00Z,player_threes,2.5,fanduel,2025-11-19T14:55:00Z,2025-11-19T14:55:41Z,-130.0,-102.0
Trey Murphy III,Denver Nuggets @ New Orleans Pelicans,2025-11-20T01:00:00Z,player_threes,2.5,fanduel,2025-11-19T14:55:00Z,2025-11-19T14:55:41Z,-136.0,102.0
Tim Hardaway Jr,Denver Nuggets @ New Orleans Pelicans,2025-11-20T01:00:00Z,player_threes,2.5,fanduel,2025-11-19T14:55:00Z,2025-11-19T14:55:41Z,116.0,-154.0
Nikola Jokic,Denver Nuggets @ New Orleans Pelicans,2025-11-20T01:00:00Z,player_threes,1.5,fanduel,2025-11-19T14:55:00Z,2025-11-19T14:55:41Z,-180.0,134.0
Aaron Gordon,Denver Nuggets @ New Orleans Pelicans,2025-11-20T01:00:00Z,player_threes,1.5,fanduel,2025-11-19T14:55:00Z,2025-11-19T14:55:41Z,-152.0,114.0
Herb Jones,Denver Nuggets @ New Orleans Pelicans,2025-11-20T01:00:00Z,player_threes,1.5,fanduel,2025-11-19T14:55:00Z,2025-11-19T14:55:41Z,108.0,-144.0
Nikola Jokic,Denver Nuggets @ New Orleans Pelicans,2025-11-20T01:00:00Z,player_triple_double,,fanduel,2025-11-19T14:55:00Z,2025-11-19T14:55:41Z,,
Nikola Jokic,Denver Nuggets @ New Orleans Pelicans,2025-11-20T01:00:00Z,player_assists,10.5,betrivers,2025-11-19T14:55:14Z,2025-11-19T14:55:48Z,-129.0,-104.0
Jamal Murray,Denver Nuggets @ New Orleans Pelicans,2025-11-20T01:00:00Z,player_assists,5.5,betrivers,2025-11-19T14:55:14Z,2025-11-19T14:55:48Z,-136.0,102.0
Peyton Watson,Denver Nuggets @ New Orleans Pelicans,2025-11-20T01:00:00Z,player_points,8.5,betrivers,2025-11-19T14:55:14Z,2025-11-19T14:55:48Z,-127.0,-106.0
Cameron Johnson,Denver Nuggets @ New Orleans Pelicans,2025-11-20T01:00:00Z,player_points,11.5,betrivers,2025-11-19T14:55:14Z,2025-11-19T14:55:48Z,-129.0,-104.0
Aaron Gordon,Denver Nuggets @ New Orleans Pelicans,2025-11-20T01:00:00Z,player_points,18.5,betrivers,2025-11-19T14:55:14Z,2025-11-19T14:55:48Z,-108.0,-122.0
Tim Hardaway Jr,Denver Nuggets @ New Orleans Pelicans,2025-11-20T01:00:00Z,player_points,10.5,betrivers,2025-11-19T14:55:14Z,2025-11-19T14:55:48Z,-117.0,-114.0
Nikola Jokic,Denver Nuggets @ New Orleans Pelicans,2025-11-20T01:00:00Z,player_points,28.5,betrivers,2025-11-19T14:55:14Z,2025-11-19T14:55:48Z,-117.0,-114.0
Jamal Murray,Denver Nuggets @ New Orleans Pelicans,2025-11-20T01:00:00Z,player_points,22.5,betrivers,2025-11-19T14:55:14Z,2025-11-19T14:55:48Z,-122.0,-109.0
Nikola Jokic,Denver Nuggets @ New Orleans Pelicans,2025-11-20T01:00:00Z,player_points_rebounds_assists,53.5,betrivers,2025-11-19T14:55:14Z,2025-11-19T14:55:48Z,-113.0,-118.0
Jamal Murray,Denver Nuggets @ New Orleans Pelicans,2025-11-20T01:00:00Z,player_points_rebounds_assists,33.5,betrivers,2025-11-19T14:55:14Z,2025-11-19T14:55:48Z,-118.0,-113.0
Peyton Watson,Denver Nuggets @ New Orleans Pelicans,2025-11-20T01:00:00Z,player_rebounds,4.5,betrivers,2025-11-19T14:55:14Z,2025-11-19T14:55:48Z,110.0,-143.0
Cameron Johnson,Denver Nuggets @ New Orleans Pelicans,2025-11-20T01:00:00Z,player_rebounds,3.5,betrivers,2025-11-19T14:55:14Z,2025-11-19T14:55:48Z,116.0,-155.0
Aaron Gordon,Denver Nuggets @ New Orleans Pelicans,2025-11-20T01:00:00Z,player_rebounds,5.5,betrivers,2025-11-19T14:55:14Z,2025-11-19T14:55:48Z,-148.0,110.0
Jamal Murray,Denver Nuggets @ New Orleans Pelicans,2025-11-20T01:00:00Z,player_rebounds,4.5,betrivers,2025-11-19T14:55:14Z,2025-11-19T14:55:48Z,120.0,-159.0
Nikola Jokic,Denver Nuggets @ New Orleans Pelicans,2025-11-20T01:00:00Z,player_rebounds,12.5,betrivers,2025-11-19T14:55:14Z,2025-11-19T14:55:48Z,-122.0,-108.0
Nikola Jokic,Denver Nuggets @ New Orleans Pelicans,2025-11-20T01:00:00Z,player_threes,1.5,betrivers,2025-11-19T14:55:14Z,2025-11-19T14:55:48Z,-177.0,132.0
Cameron Johnson,Denver Nuggets @ New Orleans Pelicans,2025-11-20T01:00:00Z,player_threes,1.5,betrivers,2025-11-19T14:55:14Z,2025-11-19T14:55:48Z,-155.0,116.0
Tim Hardaway Jr,Denver Nuggets @ New Orleans Pelicans,2025-11-20T01:00:00Z,player_threes,2.5,betrivers,2025-11-19T14:55:14Z,2025-11-19T14:55:48Z,112.0,-148.0
Jamal Murray,Denver Nuggets @ New Orleans Pelicans,2025-11-20T01:00:00Z,player_threes,2.5,betrivers,2025-11-19T14:55:14Z,2025-11-19T14:55:48Z,-127.0,-105.0
Aaron Gordon,Denver Nuggets @ New Orleans Pelicans,2025-11-20T01:00:00Z,player_threes,1.5,betrivers,2025-11-19T14:55:14Z,2025-11-19T14:55:48Z,-143.0,108.0
Derik Queen,Denver Nuggets @ New Orleans Pelicans,2025-11-20T01:00:00Z,player_assists,3.5,betmgm,2025-11-19T14:54:46Z,2025-11-19T14:55:10Z,110.0,-145.0
Tim Hardaway Jr,Denver Nuggets @ New Orleans Pelicans,2025-11-20T01:00:00Z,player_assists,1.5,betmgm,2025-11-19T14:54:46Z,2025-11-19T14:55:10Z,145.0,-190.0
Herb Jones,Denver Nuggets @ New Orleans Pelicans,2025-11-20T01:00:00Z,player_assists,2.5,betmgm,2025-11-19T14:54:46Z,2025-11-19T14:55:10Z,100.0,-135.0
Trey Murphy III,Denver Nuggets @ New Orleans Pelicans,2025-11-20T01:00:00Z,player_assists,3.5,betmgm,2025-11-19T14:54:46Z,2025-11-19T14:55:10Z,130.0,-175.0
Bruce Brown,Denver Nuggets @ New Orleans Pelicans,2025-11-20T01:00:00Z,player_assists,1.5,betmgm,2025-11-19T14:54:46Z,2025-11-19T14:55:10Z,110.0,-150.0
Aaron Gordon,Denver Nuggets @ New Orleans Pelicans,2025-11-20T01:00:00Z,player_assists,1.5,betmgm,2025-11-19T14:54:46Z,2025-11-19T14:55:10Z,105.0,-140.0
Nikola Jokic,Denver Nuggets @ New Orleans Pelicans,2025-11-20T01:00:00Z,player_assists,10.5,betmgm,2025-11-19T14:54:46Z,2025-11-19T14:55:10Z,-115.0,-115.0
Jeremiah Fears,Denver Nuggets @ New Orleans Pelicans,2025-11-20T01:00:00Z,player_assists,3.5,betmgm,2025-11-19T14:54:46Z,2025-11-19T14:55:10Z,130.0,-175.0
Cameron Johnson,Denver Nuggets @ New Orleans Pelicans,2025-11-20T01:00:00Z,player_assists,2.5,betmgm,2025-11-19T14:54:46Z,2025-11-19T14:55:10Z,-120.0,-110.0
Jamal Murray,Denver Nuggets @ New Orleans Pelicans,2025-11-20T01:00:00Z,player_assists,5.5,betmgm,2025-11-19T14:54:46Z,2025-11-19T14:55:10Z,-135.0,105.0
Zion Williamson,Denver Nuggets @ New Orleans Pelicans,2025-11-20T01:00:00Z,player_assists,3.5,betmgm,2025-11-19T14:54:46Z,2025-11-19T14:55:10Z,-155.0,115.0
Derik Queen,Denver Nuggets @ New Orleans Pelicans,2025-11-20T01:00:00Z,player_blocks,0.5,betmgm,2025-11-19T14:54:46Z,2025-11-19T14:55:10Z,-235.0,170.0
Herb Jones,Denver Nuggets @ New Orleans Pelicans,2025-11-20T01:00:00Z,player_blocks,0.5,betmgm,2025-11-19T14:54:46Z,2025-11-19T14:55:10Z,250.0,-375.0
Trey Murphy III,Denver Nuggets @ New Orleans Pelicans,2025-11-20T01:00:00Z,player_blocks,0.5,betmgm,2025-11-19T14:54:46Z,2025-11-19T14:55:10Z,200.0,-295.0
Aaron Gordon,Denver Nuggets @ New Orleans Pelicans,2025-11-20T01:00:00Z,player_blocks,0.5,betmgm,2025-11-19T14:54:46Z,2025-11-19T14:55:10Z,175.0,-250.0
Nikola Jokic,Denver Nuggets @ New Orleans Pelicans,2025-11-20T01:00:00Z,player_blocks,0.5,betmgm,2025-11-19T14:54:46Z,2025-11-19T14:55:10Z,-185.0,130.0
Jeremiah Fears,Denver Nuggets @ New Orleans Pelicans,2025-11-20T01:00:00Z,player_blocks,0.5,betmgm,2025-11-19T14:54:46Z,2025-11-19T14:55:10Z,475.0,-1000.0
Cameron Johnson,Denver Nuggets @ New Orleans Pelicans,2025-11-20T01:00:00Z,player_blocks,0.5,betmgm,2025-11-19T14:54:46Z,2025-11-19T14:55:10Z,210.0,-325.0
Zion Williamson,Denver Nuggets @ New Orleans Pelicans,2025-11-20T01:00:00Z,player_blocks,0.5,betmgm,2025-11-19T14:54:46Z,2025-11-19T14:55:10Z,115.0,-160.0
Jamal Murray,Denver Nuggets @ New Orleans Pelicans,2025-11-20T01:00:00Z,player_blocks,0.5,betmgm,2025-11-19T14:54:46Z,2025-11-19T14:55:10Z,195.0,-285.0
Derik Queen,Denver Nuggets @ New Orleans Pelicans,2025-11-20T01:00:00Z,player_double_double,,betmgm,2025-11-19T14:54:46Z,2025-11-19T14:55:10Z,,
Trey Murphy III,Denver Nuggets @ New Orleans Pelicans,2025-11-20T01:00:00Z,player_double_double,,betmgm,2025-11-19T14:54:46Z,2025-11-19T14:55:10Z,,
Aaron Gordon,Denver Nuggets @ New Orleans Pelicans,2025-11-20T01:00:00Z,player_double_double,,betmgm,2025-11-19T14:54:46Z,2025-11-19T14:55:10Z,,
Nikola Jokic,Denver Nuggets @ New Orleans Pelicans,2025-11-20T01:00:00Z,player_double_double,,betmgm,2025-11-19T14:54:46Z,2025-11-19T14:55:10Z,,
Zion Williamson,Denver Nuggets @ New Orleans Pelicans,2025-11-20T01:00:00Z,player_double_double,,betmgm,2025-11-19T14:54:46Z,2025-11-19T14:55:10Z,,
Jamal Murray,Denver Nuggets @ New Orleans Pelicans,2025-11-20T01:00:00Z,player_double_double,,betmgm,2025-11-19T14:54:46Z,2025-11-19T14:55:10Z,,
Derik Queen,Denver Nuggets @ New Orleans Pelicans,2025-11-20T01:00:00Z,player_points,11.5,betmgm,2025-11-19T14:54:46Z,2025-11-19T14:55:10Z,-118.0,-110.0
Tim Hardaway Jr,Denver Nuggets @ New Orleans Pelicans,2025-11-20T01:00:00Z,player_points,9.5,betmgm,2025-11-19T14:54:46Z,2025-11-19T14:55:10Z,-120.0,-110.0
Herb Jones,Denver Nuggets @ New Orleans Pelicans,2025-11-20T01:00:00Z,player_points,10.5,betmgm,2025-11-19T14:54:46Z,2025-11-19T14:55:10Z,-105.0,-125.0
Bruce Brown,Denver Nuggets @ New Orleans Pelicans,2025-11-20T01:00:00Z,player_points,7.5,betmgm,2025-11-19T14:54:46Z,2025-11-19T14:55:10Z,-135.0,100.0
Aaron Gordon,Denver Nuggets @ New Orleans Pelicans,2025-11-20T01:00:00Z,player_points,17.5,betmgm,2025-11-19T14:54:46Z,2025-11-19T14:55:10Z,-130.0,-105.0
Nikola Jokic,Denver Nuggets @ New Orleans Pelicans,2025-11-20T01:00:00Z,player_points,28.5,betmgm,2025-11-19T14:54:46Z,2025-11-19T14:55:10Z,-118.0,-115.0
Jeremiah Fears,Denver Nuggets @ New Orleans Pelicans,2025-11-20T01:00:00Z,player_points,14.5,betmgm,2025-11-19T14:54:46Z,2025-11-19T14:55:10Z,-125.0,-110.0
Cameron Johnson,Denver Nuggets @ New Orleans Pelicans,2025-11-20T01:00:00Z,player_points,11.5,betmgm,2025-11-19T14:54:46Z,2025-11-19T14:55:10Z,-120.0,-110.0
Jamal Murray,Denver Nuggets @ New Orleans Pelicans,2025-11-20T01:00:00Z,player_points,22.5,betmgm,2025-11-19T14:54:46Z,2025-11-19T14:55:10Z,-120.0,-110.0
Zion Williamson,Denver Nuggets @ New Orleans Pelicans,2025-11-20T01:00:00Z,player_points,19.5,betmgm,2025-11-19T14:54:46Z,2025-11-19T14:55:10Z,-105.0,-125.0
Trey Murphy III,Denver Nuggets @ New Orleans Pelicans,2025-11-20T01:00:00Z,player_points,18.5,betmgm,2025-11-19T14:54:46Z,2025-11-19T14:55:10Z,-110.0,-120.0
Derik Queen,Denver Nuggets @ New Orleans Pelicans,2025-11-20T01:00:00Z,player_points_rebounds_assists,22.5,betmgm,2025-11-19T14:54:46Z,2025-11-19T14:55:10Z,-105.0,-125.0
Tim Hardaway Jr,Denver Nuggets @ New Orleans Pelicans,2025-11-20T01:00:00Z,player_points_rebounds_assists,13.5,betmgm,2025-11-19T14:54:46Z,2025-11-19T14:55:10Z,100.0,-130.0
Herb Jones,Denver Nuggets @ New Orleans Pelicans,2025-11-20T01:00:00Z,player_points_rebounds_assists,15.5,betmgm,2025-11-19T14:54:46Z,2025-11-19T14:55:10Z,-110.0,-120.0
Bruce Brown,Denver Nuggets @ New Orleans Pelicans,2025-11-20T01:00:00Z,player_points_rebounds_assists,13.5,betmgm,2025-11-19T14:54:46Z,2025-11-19T14:55:10Z,-115.0,-115.0
Aaron Gordon,Denver Nuggets @ New Orleans Pelicans,2025-11-20T01:00:00Z,player_points_rebounds_assists,25.5,betmgm,2025-11-19T14:54:46Z,2025-11-19T14:55:10Z,-105.0,-125.0
Nikola Jokic,Denver Nuggets @ New Orleans Pelicans,2025-11-20T01:00:00Z,player_points_rebounds_assists,51.5,betmgm,2025-11-19T14:54:46Z,2025-11-19T14:55:10Z,-120.0,-110.0
Cameron Johnson,Denver Nuggets @ New Orleans Pelicans,2025-11-20T01:00:00Z,player_points_rebounds_assists,17.5,betmgm,2025-11-19T14:54:46Z,2025-11-19T14:55:10Z,-125.0,-105.0
Jamal Murray,Denver Nuggets @ New Orleans Pelicans,2025-11-20T01:00:00Z,player_points_rebounds_assists,32.5,betmgm,2025-11-19T14:54:46Z,2025-11-19T14:55:10Z,-120.0,-110.0
Trey Murphy III,Denver Nuggets @ New Orleans Pelicans,2025-11-20T01:00:00Z,player_points_rebounds_assists,27.5,betmgm,2025-11-19T14:54:46Z,2025-11-19T14:55:10Z,-115.0,-115.0
Jeremiah Fears,Denver Nuggets @ New Orleans Pelicans,2025-11-20T01:00:00Z,player_points_rebounds_assists,20.5,betmgm,2025-11-19T14:54:46Z,2025-11-19T14:55:10Z,-130.0,-105.0
Zion Williamson,Denver Nuggets @ New Orleans Pelicans,2025-11-20T01:00:00Z,player_points_rebounds_assists,28.5,betmgm,2025-11-19T14:54:46Z,2025-11-19T14:55:10Z,-120.0,-110.0
Derik Queen,Denver Nuggets @ New Orleans Pelicans,2025-11-20T01:00:00Z,player_rebounds,6.5,betmgm,2025-11-19T14:54:46Z,2025-11-19T14:55:10Z,-135.0,105.0
Tim Hardaway Jr,Denver Nuggets @ New Orleans Pelicans,2025-11-20T01:00:00Z,player_rebounds,1.5,betmgm,2025-11-19T14:54:46Z,2025-11-19T14:55:10Z,-150.0,115.0
Herb Jones,Denver Nuggets @ New Orleans Pelicans,2025-11-20T01:00:00Z,player_rebounds,2.5,betmgm,2025-11-19T14:54:46Z,2025-11-19T14:55:10Z,-125.0,-105.0
Trey Murphy III,Denver Nuggets @ New Orleans Pelicans,2025-11-20T01:00:00Z,player_rebounds,5.5,betmgm,2025-11-19T14:54:46Z,2025-11-19T14:55:10Z,115.0,-155.0
Bruce Brown,Denver Nuggets @ New Orleans Pelicans,2025-11-20T01:00:00Z,player_rebounds,3.5,betmgm,2025-11-19T14:54:46Z,2025-11-19T14:55:10Z,-155.0,115.0
Aaron Gordon,Denver Nuggets @ New Orleans Pelicans,2025-11-20T01:00:00Z,player_rebounds,5.5,betmgm,2025-11-19T14:54:46Z,2025-11-19T14:55:10Z,-125.0,-105.0
Nikola Jokic,Denver Nuggets @ New Orleans Pelicans,2025-11-20T01:00:00Z,player_rebounds,12.5,betmgm,2025-11-19T14:54:46Z,2025-11-19T14:55:10Z,-118.0,-115.0
Jeremiah Fears,Denver Nuggets @ New Orleans Pelicans,2025-11-20T01:00:00Z,player_rebounds,2.5,betmgm,2025-11-19T14:54:46Z,2025-11-19T14:55:10Z,-145.0,110.0
Cameron Johnson,Denver Nuggets @ New Orleans Pelicans,2025-11-20T01:00:00Z,player_rebounds,3.5,betmgm,2025-11-19T14:54:46Z,2025-11-19T14:55:10Z,110.0,-145.0
Zion Williamson,Denver Nuggets @ New Orleans Pelicans,2025-11-20T01:00:00Z,player_rebounds,5.5,betmgm,2025-11-19T14:54:46Z,2025-11-19T14:55:10Z,105.0,-145.0
Jamal Murray,Denver Nuggets @ New Orleans Pelicans,2025-11-20T01:00:00Z,player_rebounds,3.5,betmgm,2025-11-19T14:54:46Z,2025-11-19T14:55:10Z,-155.0,120.0
Derik Queen,Denver Nuggets @ New Orleans Pelicans,2025-11-20T01:00:00Z,player_threes,0.5,betmgm,2025-11-19T14:54:46Z,2025-11-19T14:55:10Z,220.0,-300.0
Tim Hardaway Jr,Denver Nuggets @ New Orleans Pelicans,2025-11-20T01:00:00Z,player_threes,2.5,betmgm,2025-11-19T14:54:46Z,2025-11-19T14:55:10Z,125.0,-165.0
Herb Jones,Denver Nuggets @ New Orleans Pelicans,2025-11-20T01:00:00Z,player_threes,1.5,betmgm,2025-11-19T14:54:46Z,2025-11-19T14:55:10Z,110.0,-150.0
Trey Murphy III,Denver Nuggets @ New Orleans Pelicans,2025-11-20T01:00:00Z,player_threes,2.5,betmgm,2025-11-19T14:54:46Z,2025-11-19T14:55:10Z,-140.0,105.0
Bruce Brown,Denver Nuggets @ New Orleans Pelicans,2025-11-20T01:00:00Z,player_threes,0.5,betmgm,2025-11-19T14:54:46Z,2025-11-19T14:55:10Z,-125.0,-105.0
Aaron Gordon,Denver Nuggets @ New Orleans Pelicans,2025-11-20T01:00:00Z,player_threes,1.5,betmgm,2025-11-19T14:54:46Z,2025-11-19T14:55:10Z,-150.0,115.0
Nikola Jokic,Denver Nuggets @ New Orleans Pelicans,2025-11-20T01:00:00Z,player_threes,1.5,betmgm,2025-11-19T14:54:46Z,2025-11-19T14:55:10Z,-150.0,115.0
Jeremiah Fears,Denver Nuggets @ New Orleans Pelicans,2025-11-20T01:00:00Z,player_threes,1.5,betmgm,2025-11-19T14:54:46Z,2025-11-19T14:55:10Z,175.0,-250.0
Cameron Johnson,Denver Nuggets @ New Orleans Pelicans,2025-11-20T01:00:00Z,player_threes,1.5,betmgm,2025-11-19T14:54:46Z,2025-11-19T14:55:10Z,-150.0,115.0
Jamal Murray,Denver Nuggets @ New Orleans Pelicans,2025-11-20T01:00:00Z,player_threes,2.5,betmgm,2025-11-19T14:54:46Z,2025-11-19T14:55:10Z,-140.0,105.0
Nikola Jokic,Denver Nuggets @ New Orleans Pelicans,2025-11-20T01:00:00Z,player_triple_double,,betmgm,2025-11-19T14:54:46Z,2025-11-19T14:55:10Z,,
Jamal Murray,Denver Nuggets @ New Orleans Pelicans,2025-11-20T01:00:00Z,player_assists,5.5,betonlineag,2025-11-19T14:53:31Z,2025-11-19T14:55:31Z,-143.0,110.0
Nikola Jokic,Denver Nuggets @ New Orleans Pelicans,2025-11-20T01:00:00Z,player_assists,10.5,betonlineag,2025-11-19T14:53:31Z,2025-11-19T14:55:31Z,-116.0,-111.0
Jeremiah Fears,Denver Nuggets @ New Orleans Pelicans,2025-11-20T01:00:00Z,player_assists,2.5,betonlineag,2025-11-19T14:53:31Z,2025-11-19T14:55:31Z,-172.0,131.0
Trey Murphy III,Denver Nuggets @ New Orleans Pelicans,2025-11-20T01:00:00Z,player_assists,3.5,betonlineag,2025-11-19T14:53:31Z,2025-11-19T14:55:31Z,134.0,-175.0
Zion Williamson,Denver Nuggets @ New Orleans Pelicans,2025-11-20T01:00:00Z,player_assists,3.5,betonlineag,2025-11-19T14:53:31Z,2025-11-19T14:55:31Z,-137.0,106.0
Herb Jones,Denver Nuggets @ New Orleans Pelicans,2025-11-20T01:00:00Z,player_assists,2.5,betonlineag,2025-11-19T14:53:31Z,2025-11-19T14:55:31Z,109.0,-141.0
Cameron Johnson,Denver Nuggets @ New Orleans Pelicans,2025-11-20T01:00:00Z,player_assists,2.5,betonlineag,2025-11-19T14:53:31Z,2025-11-19T14:55:31Z,-114.0,-114.0
Derik Queen,Denver Nuggets @ New Orleans Pelicans,2025-11-20T01:00:00Z,player_assists,3.5,betonlineag,2025-11-19T14:53:31Z,2025-11-19T14:55:31Z,112.0,-145.0
Jamal Murray,Denver Nuggets @ New Orleans Pelicans,2025-11-20T01:00:00Z,player_points,22.5,betonlineag,2025-11-19T14:53:31Z,2025-11-19T14:55:31Z,-119.0,-109.0
Nikola Jokic,Denver Nuggets @ New Orleans Pelicans,2025-11-20T01:00:00Z,player_points,28.5,betonlineag,2025-11-19T14:53:31Z,2025-11-19T14:55:31Z,-114.0,-114.0
Peyton Watson,Denver Nuggets @ New Orleans Pelicans,2025-11-20T01:00:00Z,player_points,8.5,betonlineag,2025-11-19T14:53:31Z,2025-11-19T14:55:31Z,-123.0,-104.0
Trey Murphy III,Denver Nuggets @ New Orleans Pelicans,2025-11-20T01:00:00Z,player_points,18.5,betonlineag,2025-11-19T14:53:31Z,2025-11-19T14:55:31Z,-108.0,-120.0
Zion Williamson,Denver Nuggets @ New Orleans Pelicans,2025-11-20T01:00:00Z,player_points,19.5,betonlineag,2025-11-19T14:53:31Z,2025-11-19T14:55:31Z,-102.0,-127.0
Derik Queen,Denver Nuggets @ New Orleans Pelicans,2025-11-20T01:00:00Z,player_points,11.5,betonlineag,2025-11-19T14:53:31Z,2025-11-19T14:55:31Z,-106.0,-122.0
Aaron Gordon,Denver Nuggets @ New Orleans Pelicans,2025-11-20T01:00:00Z,player_points,17.5,betonlineag,2025-11-19T14:53:31Z,2025-11-19T14:55:31Z,-120.0,-108.0
Bruce Brown,Denver Nuggets @ New Orleans Pelicans,2025-11-20T01:00:00Z,player_points,7.5,betonlineag,2025-11-19T14:53:31Z,2025-11-19T14:55:31Z,-123.0,-105.0
Cameron Johnson,Denver Nuggets @ New Orleans Pelicans,2025-11-20T01:00:00Z,player_points,11.5,betonlineag,2025-11-19T14:53:31Z,2025-11-19T14:55:31Z,-127.0,-102.0
Jeremiah Fears,Denver Nuggets @ New Orleans Pelicans,2025-11-20T01:00:00Z,player_points,15.5,betonlineag,2025-11-19T14:53:31Z,2025-11-19T14:55:31Z,-118.0,-110.0
Herb Jones,Denver Nuggets @ New Orleans Pelicans,2025-11-20T01:00:00Z,player_points,9.5,betonlineag,2025-11-19T14:53:31Z,2025-11-19T14:55:31Z,-132.0,102.0
Herb Jones,Denver Nuggets @ New Orleans Pelicans,2025-11-20T01:00:00Z,player_points_rebounds_assists,15.5,betonlineag,2025-11-19T14:53:31Z,2025-11-19T14:55:31Z,-111.0,-116.0
Derik Queen,Denver Nuggets @ New Orleans Pelicans,2025-11-20T01:00:00Z,player_points_rebounds_assists,21.5,betonlineag,2025-11-19T14:53:31Z,2025-11-19T14:55:31Z,-116.0,-111.0
Aaron Gordon,Denver Nuggets @ New Orleans Pelicans,2025-11-20T01:00:00Z,player_points_rebounds_assists,25.5,betonlineag,2025-11-19T14:53:31Z,2025-11-19T14:55:31Z,-110.0,-118.0
Jeremiah Fears,Denver Nuggets @ New Orleans Pelicans,2025-11-20T01:00:00Z,player_points_rebounds_assists,20.5,betonlineag,2025-11-19T14:53:31Z,2025-11-19T14:55:31Z,-120.0,-108.0
Peyton Watson,Denver Nuggets @ New Orleans Pelicans,2025-11-20T01:00:00Z,player_points_rebounds_assists,14.5,betonlineag,2025-11-19T14:53:31Z,2025-11-19T14:55:31Z,-133.0,103.0
Nikola Jokic,Denver Nuggets @ New Orleans Pelicans,2025-11-20T01:00:00Z,player_points_rebounds_assists,52.5,betonlineag,2025-11-19T14:53:31Z,2025-11-19T14:55:31Z,-109.0,-119.0
Jamal Murray,Denver Nuggets @ New Orleans Pelicans,2025-11-20T01:00:00Z,player_points_rebounds_assists,33.5,betonlineag,2025-11-19T14:53:31Z,2025-11-19T14:55:31Z,-108.0,-120.0
Cameron Johnson,Denver Nuggets @ New Orleans Pelicans,2025-11-20T01:00:00Z,player_points_rebounds_assists,18.5,betonlineag,2025-11-19T14:53:31Z,2025-11-19T14:55:31Z,-103.0,-125.0
Zion Williamson,Denver Nuggets @ New Orleans Pelicans,2025-11-20T01:00:00Z,player_points_rebounds_assists,28.5,betonlineag,2025-11-19T14:53:31Z,2025-11-19T14:55:31Z,-109.0,-119.0
Trey Murphy III,Denver Nuggets @ New Orleans Pelicans,2025-11-20T01:00:00Z,player_points_rebounds_assists,26.5,betonlineag,2025-11-19T14:53:31Z,2025-11-19T14:55:31Z,-119.0,-109.0
Bruce Brown,Denver Nuggets @ New Orleans Pelicans,2025-11-20T01:00:00Z,player_points_rebounds_assists,15.5,betonlineag,2025-11-19T14:53:31Z,2025-11-19T14:55:31Z,-103.0,-125.0
Zion Williamson,Denver Nuggets @ New Orleans Pelicans,2025-11-20T01:00:00Z,player_rebounds,5.5,betonlineag,2025-11-19T14:53:31Z,2025-11-19T14:55:31Z,112.0,-145.0
Trey Murphy III,Denver Nuggets @ New Orleans Pelicans,2025-11-20T01:00:00Z,player_rebounds,5.5,betonlineag,2025-11-19T14:53:31Z,2025-11-19T14:55:31Z,117.0,-152.0
Herb Jones,Denver Nuggets @ New Orleans Pelicans,2025-11-20T01:00:00Z,player_rebounds,2.5,betonlineag,2025-11-19T14:53:31Z,2025-11-19T14:55:31Z,-143.0,110.0
Peyton Watson,Denver Nuggets @ New Orleans Pelicans,2025-11-20T01:00:00Z,player_rebounds,4.5,betonlineag,2025-11-19T14:53:31Z,2025-11-19T14:55:31Z,113.0,-147.0
Derik Queen,Denver Nuggets @ New Orleans Pelicans,2025-11-20T01:00:00Z,player_rebounds,6.5,betonlineag,2025-11-19T14:53:31Z,2025-11-19T14:55:31Z,-130.0,101.0
Nikola Jokic,Denver Nuggets @ New Orleans Pelicans,2025-11-20T01:00:00Z,player_rebounds,12.5,betonlineag,2025-11-19T14:53:31Z,2025-11-19T14:55:31Z,-123.0,-105.0
Cameron Johnson,Denver Nuggets @ New Orleans Pelicans,2025-11-20T01:00:00Z,player_rebounds,3.5,betonlineag,2025-11-19T14:53:31Z,2025-11-19T14:55:31Z,122.0,-159.0
Jamal Murray,Denver Nuggets @ New Orleans Pelicans,2025-11-20T01:00:00Z,player_rebounds,4.5,betonlineag,2025-11-19T14:53:31Z,2025-11-19T14:55:31Z,122.0,-159.0
Aaron Gordon,Denver Nuggets @ New Orleans Pelicans,2025-11-20T01:00:00Z,player_rebounds,6.5,betonlineag,2025-11-19T14:53:31Z,2025-11-19T14:55:31Z,128.0,-167.0
Bruce Brown,Denver Nuggets @ New Orleans Pelicans,2025-11-20T01:00:00Z,player_rebounds,4.5,betonlineag,2025-11-19T14:53:31Z,2025-11-19T14:55:31Z,130.0,-169.0
Jeremiah Fears,Denver Nuggets @ New Orleans Pelicans,2025-11-20T01:00:00Z,player_rebounds,2.5,betonlineag,2025-11-19T14:53:31Z,2025-11-19T14:55:31Z,-164.0,126.0
Nikola Jokic,Denver Nuggets @ New Orleans Pelicans,2025-11-20T01:00:00Z,player_threes,1.5,betonlineag,2025-11-19T14:53:31Z,2025-11-19T14:55:31Z,-167.0,128.0
Herb Jones,Denver Nuggets @ New Orleans Pelicans,2025-11-20T01:00:00Z,player_threes,1.5,betonlineag,2025-11-19T14:53:31Z,2025-11-19T14:55:31Z,110.0,-143.0
Jeremiah Fears,Denver Nuggets @ New Orleans Pelicans,2025-11-20T01:00:00Z,player_threes,1.5,betonlineag,2025-11-19T14:53:31Z,2025-11-19T14:55:31Z,174.0,-233.0
Peyton Watson,Denver Nuggets @ New Orleans Pelicans,2025-11-20T01:00:00Z,player_threes,0.5,betonlineag,2025-11-19T14:53:31Z,2025-11-19T14:55:31Z,-143.0,110.0
Aaron Gordon,Denver Nuggets @ New Orleans Pelicans,2025-11-20T01:00:00Z,player_threes,1.5,betonlineag,2025-11-19T14:53:31Z,2025-11-19T14:55:31Z,-147.0,113.0
Jamal Murray,Denver Nuggets @ New Orleans Pelicans,2025-11-20T01:00:00Z,player_threes,2.5,betonlineag,2025-11-19T14:53:31Z,2025-11-19T14:55:31Z,-130.0,100.0
Trey Murphy III,Denver Nuggets @ New Orleans Pelicans,2025-11-20T01:00:00Z,player_threes,2.5,betonlineag,2025-11-19T14:53:31Z,2025-11-19T14:55:31Z,-143.0,110.0
Cameron Johnson,Denver Nuggets @ New Orleans Pelicans,2025-11-20T01:00:00Z,player_threes,1.5,betonlineag,2025-11-19T14:53:31Z,2025-11-19T14:55:31Z,-161.0,123.0
Bruce Brown,Denver Nuggets @ New Orleans Pelicans,2025-11-20T01:00:00Z,player_threes,0.5,betonlineag,2025-11-19T14:53:31Z,2025-11-19T14:55:31Z,-135.0,104.0
Herb Jones,Denver Nuggets @ New Orleans Pelicans,2025-11-20T01:00:00Z,player_assists,1.5,bovada,2025-11-19T14:54:31Z,2025-11-19T14:55:58Z,110.0,-145.0
Jamal Murray,Denver Nuggets @ New Orleans Pelicans,2025-11-20T01:00:00Z,player_assists,5.5,bovada,2025-11-19T14:54:31Z,2025-11-19T14:55:58Z,125.0,-165.0
Jeremiah Fears,Denver Nuggets @ New Orleans Pelicans,2025-11-20T01:00:00Z,player_assists,2.5,bovada,2025-11-19T14:54:31Z,2025-11-19T14:55:58Z,140.0,-185.0
Nikola Jokic,Denver Nuggets @ New Orleans Pelicans,2025-11-20T01:00:00Z,player_assists,9.5,bovada,2025-11-19T14:54:31Z,2025-11-19T14:55:58Z,185.0,-250.0
Trey Murphy III,Denver Nuggets @ New Orleans Pelicans,2025-11-20T01:00:00Z,player_assists,2.5,bovada,2025-11-19T14:54:31Z,2025-11-19T14:55:58Z,130.0,-170.0
Zion Williamson,Denver Nuggets @ New Orleans Pelicans,2025-11-20T01:00:00Z,player_assists,3.5,bovada,2025-11-19T14:54:31Z,2025-11-19T14:55:58Z,150.0,-200.0
Nikola Jokic,Denver Nuggets @ New Orleans Pelicans,2025-11-20T01:00:00Z,player_double_double,,bovada,2025-11-19T14:54:31Z,2025-11-19T14:55:58Z,,
Aaron Gordon,Denver Nuggets @ New Orleans Pelicans,2025-11-20T01:00:00Z,player_double_double,,bovada,2025-11-19T14:54:31Z,2025-11-19T14:55:58Z,,
Jamal Murray,Denver Nuggets @ New Orleans Pelicans,2025-11-20T01:00:00Z,player_double_double,,bovada,2025-11-19T14:54:31Z,2025-11-19T14:55:58Z,,
Zion Williamson,Denver Nuggets @ New Orleans Pelicans,2025-11-20T01:00:00Z,player_double_double,,bovada,2025-11-19T14:54:31Z,2025-11-19T14:55:58Z,,
Trey Murphy III,Denver Nuggets @ New Orleans Pelicans,2025-11-20T01:00:00Z,player_double_double,,bovada,2025-11-19T14:54:31Z,2025-11-19T14:55:58Z,,
Peyton Watson,Denver Nuggets @ New Orleans Pelicans,2025-11-20T01:00:00Z,player_double_double,,bovada,2025-11-19T14:54:31Z,2025-11-19T14:55:58Z,,
Aaron Gordon,Denver Nuggets @ New Orleans Pelicans,2025-11-20T01:00:00Z,player_points,14.5,bovada,2025-11-19T14:54:31Z,2025-11-19T14:55:58Z,200.0,-275.0
Bruce Brown,Denver Nuggets @ New Orleans Pelicans,2025-11-20T01:00:00Z,player_points,6.5,bovada,2025-11-19T14:54:31Z,2025-11-19T14:55:58Z,190.0,-260.0
Cameron Johnson,Denver Nuggets @ New Orleans Pelicans,2025-11-20T01:00:00Z,player_points,9.5,bovada,2025-11-19T14:54:31Z,2025-11-19T14:55:58Z,210.0,-290.0
Jamal Murray,Denver Nuggets @ New Orleans Pelicans,2025-11-20T01:00:00Z,player_points,19.5,bovada,2025-11-19T14:54:31Z,2025-11-19T14:55:58Z,185.0,-250.0
Jeremiah Fears,Denver Nuggets @ New Orleans Pelicans,2025-11-20T01:00:00Z,player_points,11.5,bovada,2025-11-19T14:54:31Z,2025-11-19T14:55:58Z,185.0,-250.0
Nikola Jokic,Denver Nuggets @ New Orleans Pelicans,2025-11-20T01:00:00Z,player_points,24.5,bovada,2025-11-19T14:54:31Z,2025-11-19T14:55:58Z,210.0,-290.0
Peyton Watson,Denver Nuggets @ New Orleans Pelicans,2025-11-20T01:00:00Z,player_points,6.5,bovada,2025-11-19T14:54:31Z,2025-11-19T14:55:58Z,180.0,-245.0
Trey Murphy III,Denver Nuggets @ New Orleans Pelicans,2025-11-20T01:00:00Z,player_points,14.5,bovada,2025-11-19T14:54:31Z,2025-11-19T14:55:58Z,200.0,-275.0
Zion Williamson,Denver Nuggets @ New Orleans Pelicans,2025-11-20T01:00:00Z,player_points,15.5,bovada,2025-11-19T14:54:31Z,2025-11-19T14:55:58Z,215.0,-300.0
Jamal Murray,Denver Nuggets @ New Orleans Pelicans,2025-11-20T01:00:00Z,player_points_rebounds_assists,30.5,bovada,2025-11-19T14:54:31Z,2025-11-19T14:55:58Z,110.0,-145.0
Jeremiah Fears,Denver Nuggets @ New Orleans Pelicans,2025-11-20T01:00:00Z,player_points_rebounds_assists,18.5,bovada,2025-11-19T14:54:31Z,2025-11-19T14:55:58Z,125.0,-165.0
Nikola Jokic,Denver Nuggets @ New Orleans Pelicans,2025-11-20T01:00:00Z,player_points_rebounds_assists,49.5,bovada,2025-11-19T14:54:31Z,2025-11-19T14:55:58Z,105.0,-135.0
Trey Murphy III,Denver Nuggets @ New Orleans Pelicans,2025-11-20T01:00:00Z,player_points_rebounds_assists,24.5,bovada,2025-11-19T14:54:31Z,2025-11-19T14:55:58Z,120.0,-160.0
Zion Williamson,Denver Nuggets @ New Orleans Pelicans,2025-11-20T01:00:00Z,player_points_rebounds_assists,25.5,bovada,2025-11-19T14:54:31Z,2025-11-19T14:55:58Z,110.0,-145.0
Aaron Gordon,Denver Nuggets @ New Orleans Pelicans,2025-11-20T01:00:00Z,player_rebounds,4.5,bovada,2025-11-19T14:54:31Z,2025-11-19T14:55:58Z,130.0,-170.0
Bruce Brown,Denver Nuggets @ New Orleans Pelicans,2025-11-20T01:00:00Z,player_rebounds,3.5,bovada,2025-11-19T14:54:31Z,2025-11-19T14:55:58Z,130.0,-170.0
Cameron Johnson,Denver Nuggets @ New Orleans Pelicans,2025-11-20T01:00:00Z,player_rebounds,2.5,bovada,2025-11-19T14:54:31Z,2025-11-19T14:55:58Z,120.0,-160.0
Herb Jones,Denver Nuggets @ New Orleans Pelicans,2025-11-20T01:00:00Z,player_rebounds,2.5,bovada,2025-11-19T14:54:31Z,2025-11-19T14:55:58Z,155.0,-210.0
Jamal Murray,Denver Nuggets @ New Orleans Pelicans,2025-11-20T01:00:00Z,player_rebounds,3.5,bovada,2025-11-19T14:54:31Z,2025-11-19T14:55:58Z,210.0,-290.0
Jeremiah Fears,Denver Nuggets @ New Orleans Pelicans,2025-11-20T01:00:00Z,player_rebounds,2.5,bovada,2025-11-19T14:54:31Z,2025-11-19T14:55:58Z,135.0,-180.0
Nikola Jokic,Denver Nuggets @ New Orleans Pelicans,2025-11-20T01:00:00Z,player_rebounds,11.5,bovada,2025-11-19T14:54:31Z,2025-11-19T14:55:58Z,160.0,-215.0
Peyton Watson,Denver Nuggets @ New Orleans Pelicans,2025-11-20T01:00:00Z,player_rebounds,3.5,bovada,2025-11-19T14:54:31Z,2025-11-19T14:55:58Z,210.0,-290.0
Trey Murphy III,Denver Nuggets @ New Orleans Pelicans,2025-11-20T01:00:00Z,player_rebounds,4.5,bovada,2025-11-19T14:54:31Z,2025-11-19T14:55:58Z,200.0,-275.0
Zion Williamson,Denver Nuggets @ New Orleans Pelicans,2025-11-20T01:00:00Z,player_rebounds,4.5,bovada,2025-11-19T14:54:31Z,2025-11-19T14:55:58Z,200.0,-275.0
Aaron Gordon,Denver Nuggets @ New Orleans Pelicans,2025-11-20T01:00:00Z,player_threes,1.5,bovada,2025-11-19T14:54:31Z,2025-11-19T14:55:58Z,210.0,-290.0
Cameron Johnson,Denver Nuggets @ New Orleans Pelicans,2025-11-20T01:00:00Z,player_threes,1.5,bovada,2025-11-19T14:54:31Z,2025-11-19T14:55:58Z,175.0,-240.0
Herb Jones,Denver Nuggets @ New Orleans Pelicans,2025-11-20T01:00:00Z,player_threes,1.5,bovada,2025-11-19T14:54:31Z,2025-11-19T14:55:58Z,110.0,-145.0
Jamal Murray,Denver Nuggets @ New Orleans Pelicans,2025-11-20T01:00:00Z,player_threes,2.5,bovada,2025-11-19T14:54:31Z,2025-11-19T14:55:58Z,180.0,-245.0
Nikola Jokic,Denver Nuggets @ New Orleans Pelicans,2025-11-20T01:00:00Z,player_threes,1.5,bovada,2025-11-19T14:54:31Z,2025-11-19T14:55:58Z,175.0,-240.0
Tim Hardaway Jr,Denver Nuggets @ New Orleans Pelicans,2025-11-20T01:00:00Z,player_threes,1.5,bovada,2025-11-19T14:54:31Z,2025-11-19T14:55:58Z,110.0,-145.0
Trey Murphy III,Denver Nuggets @ New Orleans Pelicans,2025-11-20T01:00:00Z,player_threes,2.5,bovada,2025-11-19T14:54:31Z,2025-11-19T14:55:58Z,180.0,-245.0
Nikola Jokic,Denver Nuggets @ New Orleans Pelicans,2025-11-20T01:00:00Z,player_triple_double,,bovada,2025-11-19T14:54:31Z,2025-11-19T14:55:58Z,,
Julius Randle,Washington Wizards @ Minnesota Timberwolves,2025-11-20T01:00:00Z,player_assists,5.5,draftkings,2025-11-19T14:54:30Z,2025-11-19T14:54:56Z,-121.0,-109.0
Anthony Edwards,Washington Wizards @ Minnesota Timberwolves,2025-11-20T01:00:00Z,player_assists,4.5,draftkings,2025-11-19T14:54:30Z,2025-11-19T14:54:56Z,-139.0,106.0
Kyshawn George,Washington Wizards @ Minnesota Timberwolves,2025-11-20T01:00:00Z,player_assists,4.5,draftkings,2025-11-19T14:54:30Z,2025-11-19T14:54:56Z,119.0,-156.0
Donte DiVincenzo,Washington Wizards @ Minnesota Timberwolves,2025-11-20T01:00:00Z,player_assists,3.5,draftkings,2025-11-19T14:54:30Z,2025-11-19T14:54:56Z,-121.0,-109.0
C.J. McCollum,Washington Wizards @ Minnesota Timberwolves,2025-11-20T01:00:00Z,player_assists,3.5,draftkings,2025-11-19T14:54:30Z,2025-11-19T14:54:56Z,117.0,-154.0
Alex Sarr,Washington Wizards @ Minnesota Timberwolves,2025-11-20T01:00:00Z,player_assists,3.5,draftkings,2025-11-19T14:54:30Z,2025-11-19T14:54:56Z,127.0,-168.0
Bilal Coulibaly,Washington Wizards @ Minnesota Timberwolves,2025-11-20T01:00:00Z,player_assists,2.5,draftkings,2025-11-19T14:54:30Z,2025-11-19T14:54:56Z,-168.0,127.0
Khris Middleton,Washington Wizards @ Minnesota Timberwolves,2025-11-20T01:00:00Z,player_assists,2.5,draftkings,2025-11-19T14:54:30Z,2025-11-19T14:54:56Z,100.0,-131.0
Rudy Gobert,Washington Wizards @ Minnesota Timberwolves,2025-11-20T01:00:00Z,player_blocks,1.5,draftkings,2025-11-19T14:54:30Z,2025-11-19T14:54:56Z,-150.0,113.0
Alex Sarr,Washington Wizards @ Minnesota Timberwolves,2025-11-20T01:00:00Z,player_blocks,1.5,draftkings,2025-11-19T14:54:30Z,2025-11-19T14:54:56Z,-125.0,-106.0
Jaden McDaniels,Washington Wizards @ Minnesota Timberwolves,2025-11-20T01:00:00Z,player_blocks,0.5,draftkings,2025-11-19T14:54:30Z,2025-11-19T14:54:56Z,-245.0,180.0
Anthony Edwards,Washington Wizards @ Minnesota Timberwolves,2025-11-20T01:00:00Z,player_blocks,0.5,draftkings,2025-11-19T14:54:30Z,2025-11-19T14:54:56Z,106.0,-141.0
Julius Randle,Washington Wizards @ Minnesota Timberwolves,2025-11-20T01:00:00Z,player_blocks,0.5,draftkings,2025-11-19T14:54:30Z,2025-11-19T14:54:56Z,265.0,-371.0
Rudy Gobert,Washington Wizards @ Minnesota Timberwolves,2025-11-20T01:00:00Z,player_double_double,,draftkings,2025-11-19T14:54:30Z,2025-11-19T14:54:56Z,,
Alex Sarr,Washington Wizards @ Minnesota Timberwolves,2025-11-20T01:00:00Z,player_double_double,,draftkings,2025-11-19T14:54:30Z,2025-11-19T14:54:56Z,,
Julius Randle,Washington Wizards @ Minnesota Timberwolves,2025-11-20T01:00:00Z,player_double_double,,draftkings,2025-11-19T14:54:30Z,2025-11-19T14:54:56Z,,
Anthony Edwards,Washington Wizards @ Minnesota Timberwolves,2025-11-20T01:00:00Z,player_double_double,,draftkings,2025-11-19T14:54:30Z,2025-11-19T14:54:56Z,,
Kyshawn George,Washington Wizards @ Minnesota Timberwolves,2025-11-20T01:00:00Z,player_double_double,,draftkings,2025-11-19T14:54:30Z,2025-11-19T14:54:56Z,,
Bilal Coulibaly,Washington Wizards @ Minnesota Timberwolves,2025-11-20T01:00:00Z,player_double_double,,draftkings,2025-11-19T14:54:30Z,2025-11-19T14:54:56Z,,
Jaden McDaniels,Washington Wizards @ Minnesota Timberwolves,2025-11-20T01:00:00Z,player_double_double,,draftkings,2025-11-19T14:54:30Z,2025-11-19T14:54:56Z,,
Donte DiVincenzo,Washington Wizards @ Minnesota Timberwolves,2025-11-20T01:00:00Z,player_double_double,,draftkings,2025-11-19T14:54:30Z,2025-11-19T14:54:56Z,,
Khris Middleton,Washington Wizards @ Minnesota Timberwolves,2025-11-20T01:00:00Z,player_double_double,,draftkings,2025-11-19T14:54:30Z,2025-11-19T14:54:56Z,,
Anthony Edwards,Washington Wizards @ Minnesota Timberwolves,2025-11-20T01:00:00Z,player_points,28.5,draftkings,2025-11-19T14:54:30Z,2025-11-19T14:54:56Z,-113.0,-112.0
Julius Randle,Washington Wizards @ Minnesota Timberwolves,2025-11-20T01:00:00Z,player_points,22.5,draftkings,2025-11-19T14:54:30Z,2025-11-19T14:54:56Z,-104.0,-122.0
Alex Sarr,Washington Wizards @ Minnesota Timberwolves,2025-11-20T01:00:00Z,player_points,17.5,draftkings,2025-11-19T14:54:30Z,2025-11-19T14:54:56Z,-112.0,-113.0
C.J. McCollum,Washington Wizards @ Minnesota Timberwolves,2025-11-20T01:00:00Z,player_points,17.5,draftkings,2025-11-19T14:54:30Z,2025-11-19T14:54:56Z,-110.0,-115.0
Jaden McDaniels,Washington Wizards @ Minnesota Timberwolves,2025-11-20T01:00:00Z,player_points,14.5,draftkings,2025-11-19T14:54:30Z,2025-11-19T14:54:56Z,-111.0,-115.0
Kyshawn George,Washington Wizards @ Minnesota Timberwolves,2025-11-20T01:00:00Z,player_points,13.5,draftkings,2025-11-19T14:54:30Z,2025-11-19T14:54:56Z,-119.0,-107.0
Donte DiVincenzo,Washington Wizards @ Minnesota Timberwolves,2025-11-20T01:00:00Z,player_points,13.5,draftkings,2025-11-19T14:54:30Z,2025-11-19T14:54:56Z,-117.0,-109.0
Rudy Gobert,Washington Wizards @ Minnesota Timberwolves,2025-11-20T01:00:00Z,player_points,11.5,draftkings,2025-11-19T14:54:30Z,2025-11-19T14:54:56Z,-108.0,-118.0
Bilal Coulibaly,Washington Wizards @ Minnesota Timberwolves,2025-11-20T01:00:00Z,player_points,10.5,draftkings,2025-11-19T14:54:30Z,2025-11-19T14:54:56Z,-108.0,-118.0
Khris Middleton,Washington Wizards @ Minnesota Timberwolves,2025-11-20T01:00:00Z,player_points,9.5,draftkings,2025-11-19T14:54:30Z,2025-11-19T14:54:56Z,-117.0,-109.0
Anthony Edwards,Washington Wizards @ Minnesota Timberwolves,2025-11-20T01:00:00Z,player_points_rebounds_assists,38.5,draftkings,2025-11-19T14:54:30Z,2025-11-19T14:54:56Z,-120.0,-109.0
Julius Randle,Washington Wizards @ Minnesota Timberwolves,2025-11-20T01:00:00Z,player_points_rebounds_assists,35.5,draftkings,2025-11-19T14:54:30Z,2025-11-19T14:54:56Z,-110.0,-120.0
Alex Sarr,Washington Wizards @ Minnesota Timberwolves,2025-11-20T01:00:00Z,player_points_rebounds_assists,29.5,draftkings,2025-11-19T14:54:30Z,2025-11-19T14:54:56Z,-107.0,-123.0
C.J. McCollum,Washington Wizards @ Minnesota Timberwolves,2025-11-20T01:00:00Z,player_points_rebounds_assists,24.5,draftkings,2025-11-19T14:54:30Z,2025-11-19T14:54:56Z,-112.0,-117.0
Kyshawn George,Washington Wizards @ Minnesota Timberwolves,2025-11-20T01:00:00Z,player_points_rebounds_assists,23.5,draftkings,2025-11-19T14:54:30Z,2025-11-19T14:54:56Z,-121.0,-109.0
Donte DiVincenzo,Washington Wizards @ Minnesota Timberwolves,2025-11-20T01:00:00Z,player_points_rebounds_assists,21.5,draftkings,2025-11-19T14:54:30Z,2025-11-19T14:54:56Z,-119.0,-111.0
Jaden McDaniels,Washington Wizards @ Minnesota Timberwolves,2025-11-20T01:00:00Z,player_points_rebounds_assists,21.5,draftkings,2025-11-19T14:54:30Z,2025-11-19T14:54:56Z,-112.0,-117.0
Bilal Coulibaly,Washington Wizards @ Minnesota Timberwolves,2025-11-20T01:00:00Z,player_points_rebounds_assists,18.5,draftkings,2025-11-19T14:54:30Z,2025-11-19T14:54:56Z,-104.0,-127.0
Khris Middleton,Washington Wizards @ Minnesota Timberwolves,2025-11-20T01:00:00Z,player_points_rebounds_assists,16.5,draftkings,2025-11-19T14:54:30Z,2025-11-19T14:54:56Z,-108.0,-122.0
Rudy Gobert,Washington Wizards @ Minnesota Timberwolves,2025-11-20T01:00:00Z,player_rebounds,10.5,draftkings,2025-11-19T14:54:30Z,2025-11-19T14:54:56Z,-125.0,-105.0
Alex Sarr,Washington Wizards @ Minnesota Timberwolves,2025-11-20T01:00:00Z,player_rebounds,8.5,draftkings,2025-11-19T14:54:30Z,2025-11-19T14:54:56Z,110.0,-145.0
Julius Randle,Washington Wizards @ Minnesota Timberwolves,2025-11-20T01:00:00Z,player_rebounds,6.5,draftkings,2025-11-19T14:54:30Z,2025-11-19T14:54:56Z,-145.0,110.0
Kyshawn George,Washington Wizards @ Minnesota Timberwolves,2025-11-20T01:00:00Z,player_rebounds,5.5,draftkings,2025-11-19T14:54:30Z,2025-11-19T14:54:56Z,-107.0,-123.0
Anthony Edwards,Washington Wizards @ Minnesota Timberwolves,2025-11-20T01:00:00Z,player_rebounds,4.5,draftkings,2025-11-19T14:54:30Z,2025-11-19T14:54:56Z,-149.0,113.0
Jaden McDaniels,Washington Wizards @ Minnesota Timberwolves,2025-11-20T01:00:00Z,player_rebounds,4.5,draftkings,2025-11-19T14:54:30Z,2025-11-19T14:54:56Z,-133.0,101.0
Bilal Coulibaly,Washington Wizards @ Minnesota Timberwolves,2025-11-20T01:00:00Z,player_rebounds,4.5,draftkings,2025-11-19T14:54:30Z,2025-11-19T14:54:56Z,102.0,-135.0
Donte DiVincenzo,Washington Wizards @ Minnesota Timberwolves,2025-11-20T01:00:00Z,player_rebounds,4.5,draftkings,2025-11-19T14:54:30Z,2025-11-19T14:54:56Z,117.0,-155.0
Khris Middleton,Washington Wizards @ Minnesota Timberwolves,2025-11-20T01:00:00Z,player_rebounds,3.5,draftkings,2025-11-19T14:54:30Z,2025-11-19T14:54:56Z,-160.0,121.0
C.J. McCollum,Washington Wizards @ Minnesota Timberwolves,2025-11-20T01:00:00Z,player_rebounds,3.5,draftkings,2025-11-19T14:54:30Z,2025-11-19T14:54:56Z,-108.0,-122.0
Jaden McDaniels,Washington Wizards @ Minnesota Timberwolves,2025-11-20T01:00:00Z,player_steals,1.5,draftkings,2025-11-19T14:54:30Z,2025-11-19T14:54:56Z,121.0,-161.0
Anthony Edwards,Washington Wizards @ Minnesota Timberwolves,2025-11-20T01:00:00Z,player_steals,1.5,draftkings,2025-11-19T14:54:30Z,2025-11-19T14:54:56Z,140.0,-188.0
Julius Randle,Washington Wizards @ Minnesota Timberwolves,2025-11-20T01:00:00Z,player_steals,1.5,draftkings,2025-11-19T14:54:30Z,2025-11-19T14:54:56Z,171.0,-231.0
Bilal Coulibaly,Washington Wizards @ Minnesota Timberwolves,2025-11-20T01:00:00Z,player_steals,0.5,draftkings,2025-11-19T14:54:30Z,2025-11-19T14:54:56Z,-221.0,164.0
Kyshawn George,Washington Wizards @ Minnesota Timberwolves,2025-11-20T01:00:00Z,player_steals,0.5,draftkings,2025-11-19T14:54:30Z,2025-11-19T14:54:56Z,-167.0,125.0
C.J. McCollum,Washington Wizards @ Minnesota Timberwolves,2025-11-20T01:00:00Z,player_steals,0.5,draftkings,2025-11-19T14:54:30Z,2025-11-19T14:54:56Z,-166.0,124.0
Alex Sarr,Washington Wizards @ Minnesota Timberwolves,2025-11-20T01:00:00Z,player_steals,0.5,draftkings,2025-11-19T14:54:30Z,2025-11-19T14:54:56Z,-145.0,109.0
Donte DiVincenzo,Washington Wizards @ Minnesota Timberwolves,2025-11-20T01:00:00Z,player_threes,2.5,draftkings,2025-11-19T14:54:30Z,2025-11-19T14:54:56Z,-173.0,131.0
Anthony Edwards,Washington Wizards @ Minnesota Timberwolves,2025-11-20T01:00:00Z,player_threes,2.5,draftkings,2025-11-19T14:54:30Z,2025-11-19T14:54:56Z,-168.0,127.0
C.J. McCollum,Washington Wizards @ Minnesota Timberwolves,2025-11-20T01:00:00Z,player_threes,2.5,draftkings,2025-11-19T14:54:30Z,2025-11-19T14:54:56Z,-102.0,-129.0
Kyshawn George,Washington Wizards @ Minnesota Timberwolves,2025-11-20T01:00:00Z,player_threes,1.5,draftkings,2025-11-19T14:54:30Z,2025-11-19T14:54:56Z,-170.0,129.0
Julius Randle,Washington Wizards @ Minnesota Timberwolves,2025-11-20T01:00:00Z,player_threes,1.5,draftkings,2025-11-19T14:54:30Z,2025-11-19T14:54:56Z,-132.0,101.0
Jaden McDaniels,Washington Wizards @ Minnesota Timberwolves,2025-11-20T01:00:00Z,player_threes,1.5,draftkings,2025-11-19T14:54:30Z,2025-11-19T14:54:56Z,150.0,-199.0
Alex Sarr,Washington Wizards @ Minnesota Timberwolves,2025-11-20T01:00:00Z,player_threes,1.5,draftkings,2025-11-19T14:54:30Z,2025-11-19T14:54:56Z,156.0,-208.0
Julius Randle,Washington Wizards @ Minnesota Timberwolves,2025-11-20T01:00:00Z,player_triple_double,,draftkings,2025-11-19T14:54:30Z,2025-11-19T14:54:56Z,,
Alex Sarr,Washington Wizards @ Minnesota Timberwolves,2025-11-20T01:00:00Z,player_assists,3.5,williamhill_us,2025-11-19T14:55:31Z,2025-11-19T14:55:58Z,136.0,-182.0
Jaden McDaniels,Washington Wizards @ Minnesota Timberwolves,2025-11-20T01:00:00Z,player_assists,1.5,williamhill_us,2025-11-19T14:55:31Z,2025-11-19T14:55:58Z,-205.0,149.0
C.J. McCollum,Washington Wizards @ Minnesota Timberwolves,2025-11-20T01:00:00Z,player_assists,3.5,williamhill_us,2025-11-19T14:55:31Z,2025-11-19T14:55:58Z,125.0,-170.0
Julius Randle,Washington Wizards @ Minnesota Timberwolves,2025-11-20T01:00:00Z,player_assists,5.5,williamhill_us,2025-11-19T14:55:31Z,2025-11-19T14:55:58Z,-129.0,-105.0
Kyshawn George,Washington Wizards @ Minnesota Timberwolves,2025-11-20T01:00:00Z,player_assists,3.5,williamhill_us,2025-11-19T14:55:31Z,2025-11-19T14:55:58Z,-154.0,115.0
Anthony Edwards,Washington Wizards @ Minnesota Timberwolves,2025-11-20T01:00:00Z,player_assists,4.5,williamhill_us,2025-11-19T14:55:31Z,2025-11-19T14:55:58Z,-141.0,106.0
Bilal Coulibaly,Washington Wizards @ Minnesota Timberwolves,2025-11-20T01:00:00Z,player_assists,2.5,williamhill_us,2025-11-19T14:55:31Z,2025-11-19T14:55:58Z,-157.0,117.0
Khris Middleton,Washington Wizards @ Minnesota Timberwolves,2025-11-20T01:00:00Z,player_assists,2.5,williamhill_us,2025-11-19T14:55:31Z,2025-11-19T14:55:58Z,104.0,-139.0
Donte DiVincenzo,Washington Wizards @ Minnesota Timberwolves,2025-11-20T01:00:00Z,player_assists,3.5,williamhill_us,2025-11-19T14:55:31Z,2025-11-19T14:55:58Z,-127.0,-105.0
Donte DiVincenzo,Washington Wizards @ Minnesota Timberwolves,2025-11-20T01:00:00Z,player_points,13.5,williamhill_us,2025-11-19T14:55:31Z,2025-11-19T14:55:58Z,-127.0,-106.0
Julius Randle,Washington Wizards @ Minnesota Timberwolves,2025-11-20T01:00:00Z,player_points,22.5,williamhill_us,2025-11-19T14:55:31Z,2025-11-19T14:55:58Z,-113.0,-118.0
Khris Middleton,Washington Wizards @ Minnesota Timberwolves,2025-11-20T01:00:00Z,player_points,9.5,williamhill_us,2025-11-19T14:55:31Z,2025-11-19T14:55:58Z,-118.0,-113.0
C.J. McCollum,Washington Wizards @ Minnesota Timberwolves,2025-11-20T01:00:00Z,player_points,17.5,williamhill_us,2025-11-19T14:55:31Z,2025-11-19T14:55:58Z,-110.0,-121.0
Alex Sarr,Washington Wizards @ Minnesota Timberwolves,2025-11-20T01:00:00Z,player_points,17.5,williamhill_us,2025-11-19T14:55:31Z,2025-11-19T14:55:58Z,-117.0,-114.0
Jaden McDaniels,Washington Wizards @ Minnesota Timberwolves,2025-11-20T01:00:00Z,player_points,14.5,williamhill_us,2025-11-19T14:55:31Z,2025-11-19T14:55:58Z,-113.0,-120.0
Bilal Coulibaly,Washington Wizards @ Minnesota Timberwolves,2025-11-20T01:00:00Z,player_points,10.5,williamhill_us,2025-11-19T14:55:31Z,2025-11-19T14:55:58Z,-114.0,-117.0
Anthony Edwards,Washington Wizards @ Minnesota Timberwolves,2025-11-20T01:00:00Z,player_points,27.5,williamhill_us,2025-11-19T14:55:31Z,2025-11-19T14:55:58Z,-125.0,-106.0
Rudy Gobert,Washington Wizards @ Minnesota Timberwolves,2025-11-20T01:00:00Z,player_points,11.5,williamhill_us,2025-11-19T14:55:31Z,2025-11-19T14:55:58Z,-118.0,-113.0
Kyshawn George,Washington Wizards @ Minnesota Timberwolves,2025-11-20T01:00:00Z,player_points,13.5,williamhill_us,2025-11-19T14:55:31Z,2025-11-19T14:55:58Z,-125.0,-107.0
Anthony Edwards,Washington Wizards @ Minnesota Timberwolves,2025-11-20T01:00:00Z,player_rebounds,4.5,williamhill_us,2025-11-19T14:55:31Z,2025-11-19T14:55:58Z,-162.0,120.0
Bilal Coulibaly,Washington Wizards @ Minnesota Timberwolves,2025-11-20T01:00:00Z,player_rebounds,4.5,williamhill_us,2025-11-19T14:55:31Z,2025-11-19T14:55:58Z,105.0,-139.0
Julius Randle,Washington Wizards @ Minnesota Timberwolves,2025-11-20T01:00:00Z,player_rebounds,6.5,williamhill_us,2025-11-19T14:55:31Z,2025-11-19T14:55:58Z,-148.0,111.0
Jaden McDaniels,Washington Wizards @ Minnesota Timberwolves,2025-11-20T01:00:00Z,player_rebounds,4.5,williamhill_us,2025-11-19T14:55:31Z,2025-11-19T14:55:58Z,-134.0,101.0
Khris Middleton,Washington Wizards @ Minnesota Timberwolves,2025-11-20T01:00:00Z,player_rebounds,3.5,williamhill_us,2025-11-19T14:55:31Z,2025-11-19T14:55:58Z,-148.0,111.0
Alex Sarr,Washington Wizards @ Minnesota Timberwolves,2025-11-20T01:00:00Z,player_rebounds,8.5,williamhill_us,2025-11-19T14:55:31Z,2025-11-19T14:55:58Z,107.0,-150.0
Donte DiVincenzo,Washington Wizards @ Minnesota Timberwolves,2025-11-20T01:00:00Z,player_rebounds,4.5,williamhill_us,2025-11-19T14:55:31Z,2025-11-19T14:55:58Z,111.0,-148.0
Kyshawn George,Washington Wizards @ Minnesota Timberwolves,2025-11-20T01:00:00Z,player_rebounds,5.5,williamhill_us,2025-11-19T14:55:31Z,2025-11-19T14:55:58Z,-104.0,-129.0
Rudy Gobert,Washington Wizards @ Minnesota Timberwolves,2025-11-20T01:00:00Z,player_rebounds,10.5,williamhill_us,2025-11-19T14:55:31Z,2025-11-19T14:55:58Z,-132.0,100.0
C.J. McCollum,Washington Wizards @ Minnesota Timberwolves,2025-11-20T01:00:00Z,player_rebounds,3.5,williamhill_us,2025-11-19T14:55:31Z,2025-11-19T14:55:58Z,-104.0,-129.0
Jaden McDaniels,Washington Wizards @ Minnesota Timberwolves,2025-11-20T01:00:00Z,player_threes,1.5,williamhill_us,2025-11-19T14:55:31Z,2025-11-19T14:55:58Z,146.0,-197.0
Bilal Coulibaly,Washington Wizards @ Minnesota Timberwolves,2025-11-20T01:00:00Z,player_threes,0.5,williamhill_us,2025-11-19T14:55:31Z,2025-11-19T14:55:58Z,-190.0,139.0
Julius Randle,Washington Wizards @ Minnesota Timberwolves,2025-11-20T01:00:00Z,player_threes,1.5,williamhill_us,2025-11-19T14:55:31Z,2025-11-19T14:55:58Z,-137.0,103.0
Kyshawn George,Washington Wizards @ Minnesota Timberwolves,2025-11-20T01:00:00Z,player_threes,1.5,williamhill_us,2025-11-19T14:55:31Z,2025-11-19T14:55:58Z,-173.0,129.0
Donte DiVincenzo,Washington Wizards @ Minnesota Timberwolves,2025-11-20T01:00:00Z,player_threes,2.5,williamhill_us,2025-11-19T14:55:31Z,2025-11-19T14:55:58Z,-173.0,129.0
Alex Sarr,Washington Wizards @ Minnesota Timberwolves,2025-11-20T01:00:00Z,player_threes,1.5,williamhill_us,2025-11-19T14:55:31Z,2025-11-19T14:55:58Z,153.0,-209.0
Anthony Edwards,Washington Wizards @ Minnesota Timberwolves,2025-11-20T01:00:00Z,player_threes,2.5,williamhill_us,2025-11-19T14:55:31Z,2025-11-19T14:55:58Z,-173.0,130.0
C.J. McCollum,Washington Wizards @ Minnesota Timberwolves,2025-11-20T01:00:00Z,player_threes,2.5,williamhill_us,2025-11-19T14:55:31Z,2025-11-19T14:55:58Z,-105.0,-127.0
Jaden McDaniels,Washington Wizards @ Minnesota Timberwolves,2025-11-20T01:00:00Z,player_assists,2.5,betonlineag,2025-11-19T14:53:31Z,2025-11-19T14:55:48Z,152.0,-200.0
Anthony Edwards,Washington Wizards @ Minnesota Timberwolves,2025-11-20T01:00:00Z,player_assists,4.5,betonlineag,2025-11-19T14:53:31Z,2025-11-19T14:55:48Z,-139.0,107.0
Bilal Coulibaly,Washington Wizards @ Minnesota Timberwolves,2025-11-20T01:00:00Z,player_assists,2.5,betonlineag,2025-11-19T14:53:31Z,2025-11-19T14:55:48Z,-159.0,122.0
Julius Randle,Washington Wizards @ Minnesota Timberwolves,2025-11-20T01:00:00Z,player_assists,5.5,betonlineag,2025-11-19T14:53:31Z,2025-11-19T14:55:48Z,-123.0,-105.0
Donte DiVincenzo,Washington Wizards @ Minnesota Timberwolves,2025-11-20T01:00:00Z,player_assists,3.5,betonlineag,2025-11-19T14:53:31Z,2025-11-19T14:55:48Z,-123.0,-105.0
C.J. McCollum,Washington Wizards @ Minnesota Timberwolves,2025-11-20T01:00:00Z,player_assists,3.5,betonlineag,2025-11-19T14:53:31Z,2025-11-19T14:55:48Z,126.0,-164.0
Khris Middleton,Washington Wizards @ Minnesota Timberwolves,2025-11-20T01:00:00Z,player_assists,2.5,betonlineag,2025-11-19T14:53:31Z,2025-11-19T14:55:48Z,104.0,-135.0
Kyshawn George,Washington Wizards @ Minnesota Timberwolves,2025-11-20T01:00:00Z,player_assists,4.5,betonlineag,2025-11-19T14:53:31Z,2025-11-19T14:55:48Z,124.0,-161.0
Alex Sarr,Washington Wizards @ Minnesota Timberwolves,2025-11-20T01:00:00Z,player_assists,3.5,betonlineag,2025-11-19T14:53:31Z,2025-11-19T14:55:48Z,134.0,-175.0
Jaden McDaniels,Washington Wizards @ Minnesota Timberwolves,2025-11-20T01:00:00Z,player_points,14.5,betonlineag,2025-11-19T14:53:31Z,2025-11-19T14:55:48Z,-111.0,-116.0
Anthony Edwards,Washington Wizards @ Minnesota Timberwolves,2025-11-20T01:00:00Z,player_points,27.5,betonlineag,2025-11-19T14:53:31Z,2025-11-19T14:55:48Z,-119.0,-109.0
Rudy Gobert,Washington Wizards @ Minnesota Timberwolves,2025-11-20T01:00:00Z,player_points,11.5,betonlineag,2025-11-19T14:53:31Z,2025-11-19T14:55:48Z,-111.0,-116.0
Bilal Coulibaly,Washington Wizards @ Minnesota Timberwolves,2025-11-20T01:00:00Z,player_points,10.5,betonlineag,2025-11-19T14:53:31Z,2025-11-19T14:55:48Z,-111.0,-116.0
Kyshawn George,Washington Wizards @ Minnesota Timberwolves,2025-11-20T01:00:00Z,player_points,13.5,betonlineag,2025-11-19T14:53:31Z,2025-11-19T14:55:48Z,-125.0,-103.0
Julius Randle,Washington Wizards @ Minnesota Timberwolves,2025-11-20T01:00:00Z,player_points,22.5,betonlineag,2025-11-19T14:53:31Z,2025-11-19T14:55:48Z,-108.0,-120.0
Alex Sarr,Washington Wizards @ Minnesota Timberwolves,2025-11-20T01:00:00Z,player_points,17.5,betonlineag,2025-11-19T14:53:31Z,2025-11-19T14:55:48Z,-114.0,-114.0
Donte DiVincenzo,Washington Wizards @ Minnesota Timberwolves,2025-11-20T01:00:00Z,player_points,13.5,betonlineag,2025-11-19T14:53:31Z,2025-11-19T14:55:48Z,-123.0,-105.0
C.J. McCollum,Washington Wizards @ Minnesota Timberwolves,2025-11-20T01:00:00Z,player_points,17.5,betonlineag,2025-11-19T14:53:31Z,2025-11-19T14:55:48Z,-109.0,-119.0
Khris Middleton,Washington Wizards @ Minnesota Timberwolves,2025-11-20T01:00:00Z,player_points,9.5,betonlineag,2025-11-19T14:53:31Z,2025-11-19T14:55:48Z,-115.0,-112.0
Jaden McDaniels,Washington Wizards @ Minnesota Timberwolves,2025-11-20T01:00:00Z,player_points_rebounds_assists,21.5,betonlineag,2025-11-19T14:53:31Z,2025-11-19T14:55:48Z,-111.0,-116.0
Rudy Gobert,Washington Wizards @ Minnesota Timberwolves,2025-11-20T01:00:00Z,player_points_rebounds_assists,24.5,betonlineag,2025-11-19T14:53:31Z,2025-11-19T14:55:48Z,-102.0,-127.0
Kyshawn George,Washington Wizards @ Minnesota Timberwolves,2025-11-20T01:00:00Z,player_points_rebounds_assists,23.5,betonlineag,2025-11-19T14:53:31Z,2025-11-19T14:55:48Z,-116.0,-111.0
Alex Sarr,Washington Wizards @ Minnesota Timberwolves,2025-11-20T01:00:00Z,player_points_rebounds_assists,29.5,betonlineag,2025-11-19T14:53:31Z,2025-11-19T14:55:48Z,-108.0,-120.0
Julius Randle,Washington Wizards @ Minnesota Timberwolves,2025-11-20T01:00:00Z,player_points_rebounds_assists,35.5,betonlineag,2025-11-19T14:53:31Z,2025-11-19T14:55:48Z,-110.0,-118.0
Donte DiVincenzo,Washington Wizards @ Minnesota Timberwolves,2025-11-20T01:00:00Z,player_points_rebounds_assists,22.5,betonlineag,2025-11-19T14:53:31Z,2025-11-19T14:55:48Z,-105.0,-123.0
C.J. McCollum,Washington Wizards @ Minnesota Timberwolves,2025-11-20T01:00:00Z,player_points_rebounds_assists,24.5,betonlineag,2025-11-19T14:53:31Z,2025-11-19T14:55:48Z,-111.0,-116.0
Khris Middleton,Washington Wizards @ Minnesota Timberwolves,2025-11-20T01:00:00Z,player_points_rebounds_assists,16.5,betonlineag,2025-11-19T14:53:31Z,2025-11-19T14:55:48Z,-106.0,-122.0
Anthony Edwards,Washington Wizards @ Minnesota Timberwolves,2025-11-20T01:00:00Z,player_points_rebounds_assists,38.5,betonlineag,2025-11-19T14:53:31Z,2025-11-19T14:55:48Z,-115.0,-112.0
Bilal Coulibaly,Washington Wizards @ Minnesota Timberwolves,2025-11-20T01:00:00Z,player_points_rebounds_assists,18.5,betonlineag,2025-11-19T14:53:31Z,2025-11-19T14:55:48Z,-101.0,-128.0
Jaden McDaniels,Washington Wizards @ Minnesota Timberwolves,2025-11-20T01:00:00Z,player_rebounds,4.5,betonlineag,2025-11-19T14:53:31Z,2025-11-19T14:55:48Z,-132.0,102.0
Anthony Edwards,Washington Wizards @ Minnesota Timberwolves,2025-11-20T01:00:00Z,player_rebounds,4.5,betonlineag,2025-11-19T14:53:31Z,2025-11-19T14:55:48Z,-152.0,117.0
Bilal Coulibaly,Washington Wizards @ Minnesota Timberwolves,2025-11-20T01:00:00Z,player_rebounds,4.5,betonlineag,2025-11-19T14:53:31Z,2025-11-19T14:55:48Z,107.0,-139.0
Rudy Gobert,Washington Wizards @ Minnesota Timberwolves,2025-11-20T01:00:00Z,player_rebounds,10.5,betonlineag,2025-11-19T14:53:31Z,2025-11-19T14:55:48Z,-128.0,-101.0
Julius Randle,Washington Wizards @ Minnesota Timberwolves,2025-11-20T01:00:00Z,player_rebounds,6.5,betonlineag,2025-11-19T14:53:31Z,2025-11-19T14:55:48Z,-143.0,110.0
Alex Sarr,Washington Wizards @ Minnesota Timberwolves,2025-11-20T01:00:00Z,player_rebounds,8.5,betonlineag,2025-11-19T14:53:31Z,2025-11-19T14:55:48Z,110.0,-143.0
Kyshawn George,Washington Wizards @ Minnesota Timberwolves,2025-11-20T01:00:00Z,player_rebounds,5.5,betonlineag,2025-11-19T14:53:31Z,2025-11-19T14:55:48Z,-102.0,-127.0
Donte DiVincenzo,Washington Wizards @ Minnesota Timberwolves,2025-11-20T01:00:00Z,player_rebounds,4.5,betonlineag,2025-11-19T14:53:31Z,2025-11-19T14:55:48Z,117.0,-152.0
C.J. McCollum,Washington Wizards @ Minnesota Timberwolves,2025-11-20T01:00:00Z,player_rebounds,3.5,betonlineag,2025-11-19T14:53:31Z,2025-11-19T14:55:48Z,-102.0,-127.0
Khris Middleton,Washington Wizards @ Minnesota Timberwolves,2025-11-20T01:00:00Z,player_rebounds,3.5,betonlineag,2025-11-19T14:53:31Z,2025-11-19T14:55:48Z,-149.0,115.0
Jaden McDaniels,Washington Wizards @ Minnesota Timberwolves,2025-11-20T01:00:00Z,player_threes,1.5,betonlineag,2025-11-19T14:53:31Z,2025-11-19T14:55:48Z,155.0,-204.0
Anthony Edwards,Washington Wizards @ Minnesota Timberwolves,2025-11-20T01:00:00Z,player_threes,2.5,betonlineag,2025-11-19T14:53:31Z,2025-11-19T14:55:48Z,-172.0,133.0
Bilal Coulibaly,Washington Wizards @ Minnesota Timberwolves,2025-11-20T01:00:00Z,player_threes,0.5,betonlineag,2025-11-19T14:53:31Z,2025-11-19T14:55:48Z,-179.0,136.0
Alex Sarr,Washington Wizards @ Minnesota Timberwolves,2025-11-20T01:00:00Z,player_threes,1.5,betonlineag,2025-11-19T14:53:31Z,2025-11-19T14:55:48Z,155.0,-204.0
Kyshawn George,Washington Wizards @ Minnesota Timberwolves,2025-11-20T01:00:00Z,player_threes,1.5,betonlineag,2025-11-19T14:53:31Z,2025-11-19T14:55:48Z,-167.0,128.0
Julius Randle,Washington Wizards @ Minnesota Timberwolves,2025-11-20T01:00:00Z,player_threes,1.5,betonlineag,2025-11-19T14:53:31Z,2025-11-19T14:55:48Z,-135.0,105.0
Donte DiVincenzo,Washington Wizards @ Minnesota Timberwolves,2025-11-20T01:00:00Z,player_threes,2.5,betonlineag,2025-11-19T14:53:31Z,2025-11-19T14:55:48Z,-172.0,132.0
C.J. McCollum,Washington Wizards @ Minnesota Timberwolves,2025-11-20T01:00:00Z,player_threes,2.5,betonlineag,2025-11-19T14:53:31Z,2025-11-19T14:55:48Z,-102.0,-127.0
Khris Middleton,Washington Wizards @ Minnesota Timberwolves,2025-11-20T01:00:00Z,player_threes,0.5,betonlineag,2025-11-19T14:53:31Z,2025-11-19T14:55:48Z,-204.0,155.0
Julius Randle,Washington Wizards @ Minnesota Timberwolves,2025-11-20T01:00:00Z,player_assists,5.5,fanatics,2025-11-19T14:55:13Z,2025-11-19T14:55:54Z,-125.0,-105.0
Anthony Edwards,Washington Wizards @ Minnesota Timberwolves,2025-11-20T01:00:00Z,player_assists,4.5,fanatics,2025-11-19T14:55:13Z,2025-11-19T14:55:54Z,-140.0,105.0
Donte DiVincenzo,Washington Wizards @ Minnesota Timberwolves,2025-11-20T01:00:00Z,player_assists,3.5,fanatics,2025-11-19T14:55:13Z,2025-11-19T14:55:54Z,-125.0,-105.0
Jaden McDaniels,Washington Wizards @ Minnesota Timberwolves,2025-11-20T01:00:00Z,player_assists,2.5,fanatics,2025-11-19T14:55:13Z,2025-11-19T14:55:54Z,130.0,-190.0
Kyshawn George,Washington Wizards @ Minnesota Timberwolves,2025-11-20T01:00:00Z,player_assists,3.5,fanatics,2025-11-19T14:55:13Z,2025-11-19T14:55:54Z,-165.0,120.0
Khris Middleton,Washington Wizards @ Minnesota Timberwolves,2025-11-20T01:00:00Z,player_assists,2.5,fanatics,2025-11-19T14:55:13Z,2025-11-19T14:55:54Z,100.0,-130.0
Alex Sarr,Washington Wizards @ Minnesota Timberwolves,2025-11-20T01:00:00Z,player_assists,3.5,fanatics,2025-11-19T14:55:13Z,2025-11-19T14:55:54Z,120.0,-165.0
Bilal Coulibaly,Washington Wizards @ Minnesota Timberwolves,2025-11-20T01:00:00Z,player_assists,2.5,fanatics,2025-11-19T14:55:13Z,2025-11-19T14:55:54Z,-165.0,120.0
C.J. McCollum,Washington Wizards @ Minnesota Timberwolves,2025-11-20T01:00:00Z,player_assists,3.5,fanatics,2025-11-19T14:55:13Z,2025-11-19T14:55:54Z,120.0,-165.0
Rudy Gobert,Washington Wizards @ Minnesota Timberwolves,2025-11-20T01:00:00Z,player_assists,1.5,fanatics,2025-11-19T14:55:13Z,2025-11-19T14:55:54Z,125.0,-175.0
Anthony Edwards,Washington Wizards @ Minnesota Timberwolves,2025-11-20T01:00:00Z,player_double_double,,fanatics,2025-11-19T14:55:13Z,2025-11-19T14:55:54Z,,
Julius Randle,Washington Wizards @ Minnesota Timberwolves,2025-11-20T01:00:00Z,player_double_double,,fanatics,2025-11-19T14:55:13Z,2025-11-19T14:55:54Z,,
Donte DiVincenzo,Washington Wizards @ Minnesota Timberwolves,2025-11-20T01:00:00Z,player_double_double,,fanatics,2025-11-19T14:55:13Z,2025-11-19T14:55:54Z,,
Jaden McDaniels,Washington Wizards @ Minnesota Timberwolves,2025-11-20T01:00:00Z,player_double_double,,fanatics,2025-11-19T14:55:13Z,2025-11-19T14:55:54Z,,
Rudy Gobert,Washington Wizards @ Minnesota Timberwolves,2025-11-20T01:00:00Z,player_double_double,,fanatics,2025-11-19T14:55:13Z,2025-11-19T14:55:54Z,,
C.J. McCollum,Washington Wizards @ Minnesota Timberwolves,2025-11-20T01:00:00Z,player_double_double,,fanatics,2025-11-19T14:55:13Z,2025-11-19T14:55:54Z,,
Alex Sarr,Washington Wizards @ Minnesota Timberwolves,2025-11-20T01:00:00Z,player_double_double,,fanatics,2025-11-19T14:55:13Z,2025-11-19T14:55:54Z,,
Kyshawn George,Washington Wizards @ Minnesota Timberwolves,2025-11-20T01:00:00Z,player_double_double,,fanatics,2025-11-19T14:55:13Z,2025-11-19T14:55:54Z,,
Bilal Coulibaly,Washington Wizards @ Minnesota Timberwolves,2025-11-20T01:00:00Z,player_double_double,,fanatics,2025-11-19T14:55:13Z,2025-11-19T14:55:54Z,,
Khris Middleton,Washington Wizards @ Minnesota Timberwolves,2025-11-20T01:00:00Z,player_double_double,,fanatics,2025-11-19T14:55:13Z,2025-11-19T14:55:54Z,,
Jaden McDaniels,Washington Wizards @ Minnesota Timberwolves,2025-11-20T01:00:00Z,player_points,14.5,fanatics,2025-11-19T14:55:13Z,2025-11-19T14:55:54Z,-110.0,-120.0
Donte DiVincenzo,Washington Wizards @ Minnesota Timberwolves,2025-11-20T01:00:00Z,player_points,13.5,fanatics,2025-11-19T14:55:13Z,2025-11-19T14:55:54Z,-125.0,-105.0
Anthony Edwards,Washington Wizards @ Minnesota Timberwolves,2025-11-20T01:00:00Z,player_points,28.5,fanatics,2025-11-19T14:55:13Z,2025-11-19T14:55:54Z,-115.0,-115.0
Rudy Gobert,Washington Wizards @ Minnesota Timberwolves,2025-11-20T01:00:00Z,player_points,11.5,fanatics,2025-11-19T14:55:13Z,2025-11-19T14:55:54Z,-115.0,-115.0
Julius Randle,Washington Wizards @ Minnesota Timberwolves,2025-11-20T01:00:00Z,player_points,22.5,fanatics,2025-11-19T14:55:13Z,2025-11-19T14:55:54Z,-110.0,-120.0
Kyshawn George,Washington Wizards @ Minnesota Timberwolves,2025-11-20T01:00:00Z,player_points,13.5,fanatics,2025-11-19T14:55:13Z,2025-11-19T14:55:54Z,-130.0,100.0
Bilal Coulibaly,Washington Wizards @ Minnesota Timberwolves,2025-11-20T01:00:00Z,player_points,10.5,fanatics,2025-11-19T14:55:13Z,2025-11-19T14:55:54Z,-115.0,-115.0
C.J. McCollum,Washington Wizards @ Minnesota Timberwolves,2025-11-20T01:00:00Z,player_points,17.5,fanatics,2025-11-19T14:55:13Z,2025-11-19T14:55:54Z,-115.0,-115.0
Alex Sarr,Washington Wizards @ Minnesota Timberwolves,2025-11-20T01:00:00Z,player_points,17.5,fanatics,2025-11-19T14:55:13Z,2025-11-19T14:55:54Z,-125.0,-105.0
Khris Middleton,Washington Wizards @ Minnesota Timberwolves,2025-11-20T01:00:00Z,player_points,9.5,fanatics,2025-11-19T14:55:13Z,2025-11-19T14:55:54Z,-120.0,-110.0
Donte DiVincenzo,Washington Wizards @ Minnesota Timberwolves,2025-11-20T01:00:00Z,player_points_rebounds_assists,22.5,fanatics,2025-11-19T14:55:13Z,2025-11-19T14:55:54Z,-105.0,-125.0
Bilal Coulibaly,Washington Wizards @ Minnesota Timberwolves,2025-11-20T01:00:00Z,player_points_rebounds_assists,18.5,fanatics,2025-11-19T14:55:13Z,2025-11-19T14:55:54Z,-105.0,-125.0
Jaden McDaniels,Washington Wizards @ Minnesota Timberwolves,2025-11-20T01:00:00Z,player_points_rebounds_assists,21.5,fanatics,2025-11-19T14:55:13Z,2025-11-19T14:55:54Z,-115.0,-115.0
Rudy Gobert,Washington Wizards @ Minnesota Timberwolves,2025-11-20T01:00:00Z,player_points_rebounds_assists,24.5,fanatics,2025-11-19T14:55:13Z,2025-11-19T14:55:54Z,-105.0,-125.0
C.J. McCollum,Washington Wizards @ Minnesota Timberwolves,2025-11-20T01:00:00Z,player_points_rebounds_assists,24.5,fanatics,2025-11-19T14:55:13Z,2025-11-19T14:55:54Z,-115.0,-115.0
Kyshawn George,Washington Wizards @ Minnesota Timberwolves,2025-11-20T01:00:00Z,player_points_rebounds_assists,23.5,fanatics,2025-11-19T14:55:13Z,2025-11-19T14:55:54Z,-125.0,-105.0
Anthony Edwards,Washington Wizards @ Minnesota Timberwolves,2025-11-20T01:00:00Z,player_points_rebounds_assists,38.5,fanatics,2025-11-19T14:55:13Z,2025-11-19T14:55:54Z,-120.0,-110.0
Khris Middleton,Washington Wizards @ Minnesota Timberwolves,2025-11-20T01:00:00Z,player_points_rebounds_assists,16.5,fanatics,2025-11-19T14:55:13Z,2025-11-19T14:55:54Z,-105.0,-125.0
Julius Randle,Washington Wizards @ Minnesota Timberwolves,2025-11-20T01:00:00Z,player_points_rebounds_assists,35.5,fanatics,2025-11-19T14:55:13Z,2025-11-19T14:55:54Z,-115.0,-115.0
Alex Sarr,Washington Wizards @ Minnesota Timberwolves,2025-11-20T01:00:00Z,player_points_rebounds_assists,29.5,fanatics,2025-11-19T14:55:13Z,2025-11-19T14:55:54Z,-115.0,-115.0
Donte DiVincenzo,Washington Wizards @ Minnesota Timberwolves,2025-11-20T01:00:00Z,player_rebounds,4.5,fanatics,2025-11-19T14:55:13Z,2025-11-19T14:55:54Z,115.0,-150.0
Julius Randle,Washington Wizards @ Minnesota Timberwolves,2025-11-20T01:00:00Z,player_rebounds,6.5,fanatics,2025-11-19T14:55:13Z,2025-11-19T14:55:54Z,-145.0,110.0
Anthony Edwards,Washington Wizards @ Minnesota Timberwolves,2025-11-20T01:00:00Z,player_rebounds,4.5,fanatics,2025-11-19T14:55:13Z,2025-11-19T14:55:54Z,-165.0,120.0
Rudy Gobert,Washington Wizards @ Minnesota Timberwolves,2025-11-20T01:00:00Z,player_rebounds,10.5,fanatics,2025-11-19T14:55:13Z,2025-11-19T14:55:54Z,-130.0,100.0
Jaden McDaniels,Washington Wizards @ Minnesota Timberwolves,2025-11-20T01:00:00Z,player_rebounds,4.5,fanatics,2025-11-19T14:55:13Z,2025-11-19T14:55:54Z,-125.0,-105.0
Khris Middleton,Washington Wizards @ Minnesota Timberwolves,2025-11-20T01:00:00Z,player_rebounds,3.5,fanatics,2025-11-19T14:55:13Z,2025-11-19T14:55:54Z,-150.0,115.0
Alex Sarr,Washington Wizards @ Minnesota Timberwolves,2025-11-20T01:00:00Z,player_rebounds,8.5,fanatics,2025-11-19T14:55:13Z,2025-11-19T14:55:54Z,105.0,-140.0
Bilal Coulibaly,Washington Wizards @ Minnesota Timberwolves,2025-11-20T01:00:00Z,player_rebounds,4.5,fanatics,2025-11-19T14:55:13Z,2025-11-19T14:55:54Z,105.0,-140.0
Kyshawn George,Washington Wizards @ Minnesota Timberwolves,2025-11-20T01:00:00Z,player_rebounds,5.5,fanatics,2025-11-19T14:55:13Z,2025-11-19T14:55:54Z,-105.0,-125.0
C.J. McCollum,Washington Wizards @ Minnesota Timberwolves,2025-11-20T01:00:00Z,player_rebounds,3.5,fanatics,2025-11-19T14:55:13Z,2025-11-19T14:55:54Z,-105.0,-125.0
Julius Randle,Washington Wizards @ Minnesota Timberwolves,2025-11-20T01:00:00Z,player_threes,1.5,fanatics,2025-11-19T14:55:13Z,2025-11-19T14:55:54Z,-140.0,105.0
Anthony Edwards,Washington Wizards @ Minnesota Timberwolves,2025-11-20T01:00:00Z,player_threes,3.5,fanatics,2025-11-19T14:55:13Z,2025-11-19T14:55:54Z,125.0,-175.0
Donte DiVincenzo,Washington Wizards @ Minnesota Timberwolves,2025-11-20T01:00:00Z,player_threes,3.5,fanatics,2025-11-19T14:55:13Z,2025-11-19T14:55:54Z,125.0,-175.0
Jaden McDaniels,Washington Wizards @ Minnesota Timberwolves,2025-11-20T01:00:00Z,player_threes,1.5,fanatics,2025-11-19T14:55:13Z,2025-11-19T14:55:54Z,140.0,-225.0
Bilal Coulibaly,Washington Wizards @ Minnesota Timberwolves,2025-11-20T01:00:00Z,player_threes,0.5,fanatics,2025-11-19T14:55:13Z,2025-11-19T14:55:54Z,-190.0,130.0
Khris Middleton,Washington Wizards @ Minnesota Timberwolves,2025-11-20T01:00:00Z,player_threes,0.5,fanatics,2025-11-19T14:55:13Z,2025-11-19T14:55:54Z,-240.0,150.0
Kyshawn George,Washington Wizards @ Minnesota Timberwolves,2025-11-20T01:00:00Z,player_threes,1.5,fanatics,2025-11-19T14:55:13Z,2025-11-19T14:55:54Z,-175.0,125.0
C.J. McCollum,Washington Wizards @ Minnesota Timberwolves,2025-11-20T01:00:00Z,player_threes,2.5,fanatics,2025-11-19T14:55:13Z,2025-11-19T14:55:54Z,-105.0,-125.0
Alex Sarr,Washington Wizards @ Minnesota Timberwolves,2025-11-20T01:00:00Z,player_threes,1.5,fanatics,2025-11-19T14:55:13Z,2025-11-19T14:55:54Z,135.0,-210.0
Julius Randle,Washington Wizards @ Minnesota Timberwolves,2025-11-20T01:00:00Z,player_triple_double,,fanatics,2025-11-19T14:55:13Z,2025-11-19T14:55:54Z,,
Bilal Coulibaly,Washington Wizards @ Minnesota Timberwolves,2025-11-20T01:00:00Z,player_assists,2.5,fanduel,2025-11-19T14:55:00Z,2025-11-19T14:55:41Z,-154.0,116.0
Julius Randle,Washington Wizards @ Minnesota Timberwolves,2025-11-20T01:00:00Z,player_assists,5.5,fanduel,2025-11-19T14:55:00Z,2025-11-19T14:55:41Z,-144.0,108.0
Khris Middleton,Washington Wizards @ Minnesota Timberwolves,2025-11-20T01:00:00Z,player_assists,2.5,fanduel,2025-11-19T14:55:00Z,2025-11-19T14:55:41Z,110.0,-146.0
Anthony Edwards,Washington Wizards @ Minnesota Timberwolves,2025-11-20T01:00:00Z,player_assists,4.5,fanduel,2025-11-19T14:55:00Z,2025-11-19T14:55:41Z,-138.0,104.0
Alex Sarr,Washington Wizards @ Minnesota Timberwolves,2025-11-20T01:00:00Z,player_assists,3.5,fanduel,2025-11-19T14:55:00Z,2025-11-19T14:55:41Z,142.0,-192.0
Donte DiVincenzo,Washington Wizards @ Minnesota Timberwolves,2025-11-20T01:00:00Z,player_assists,3.5,fanduel,2025-11-19T14:55:00Z,2025-11-19T14:55:41Z,-136.0,102.0
C.J. McCollum,Washington Wizards @ Minnesota Timberwolves,2025-11-20T01:00:00Z,player_assists,3.5,fanduel,2025-11-19T14:55:00Z,2025-11-19T14:55:41Z,128.0,-172.0
Kyshawn George,Washington Wizards @ Minnesota Timberwolves,2025-11-20T01:00:00Z,player_assists,3.5,fanduel,2025-11-19T14:55:00Z,2025-11-19T14:55:41Z,-172.0,128.0
Alex Sarr,Washington Wizards @ Minnesota Timberwolves,2025-11-20T01:00:00Z,player_blocks,1.5,fanduel,2025-11-19T14:55:00Z,2025-11-19T14:54:32Z,-146.0,110.0
Rudy Gobert,Washington Wizards @ Minnesota Timberwolves,2025-11-20T01:00:00Z,player_blocks,1.5,fanduel,2025-11-19T14:55:00Z,2025-11-19T14:54:32Z,-130.0,-102.0
Rudy Gobert,Washington Wizards @ Minnesota Timberwolves,2025-11-20T01:00:00Z,player_double_double,,fanduel,2025-11-19T14:55:00Z,2025-11-19T14:55:41Z,,
Alex Sarr,Washington Wizards @ Minnesota Timberwolves,2025-11-20T01:00:00Z,player_double_double,,fanduel,2025-11-19T14:55:00Z,2025-11-19T14:55:41Z,,
Julius Randle,Washington Wizards @ Minnesota Timberwolves,2025-11-20T01:00:00Z,player_double_double,,fanduel,2025-11-19T14:55:00Z,2025-11-19T14:55:41Z,,
Anthony Edwards,Washington Wizards @ Minnesota Timberwolves,2025-11-20T01:00:00Z,player_double_double,,fanduel,2025-11-19T14:55:00Z,2025-11-19T14:55:41Z,,
Kyshawn George,Washington Wizards @ Minnesota Timberwolves,2025-11-20T01:00:00Z,player_double_double,,fanduel,2025-11-19T14:55:00Z,2025-11-19T14:55:41Z,,
Jaden McDaniels,Washington Wizards @ Minnesota Timberwolves,2025-11-20T01:00:00Z,player_double_double,,fanduel,2025-11-19T14:55:00Z,2025-11-19T14:55:41Z,,
Donte DiVincenzo,Washington Wizards @ Minnesota Timberwolves,2025-11-20T01:00:00Z,player_double_double,,fanduel,2025-11-19T14:55:00Z,2025-11-19T14:55:41Z,,
Bilal Coulibaly,Washington Wizards @ Minnesota Timberwolves,2025-11-20T01:00:00Z,player_double_double,,fanduel,2025-11-19T14:55:00Z,2025-11-19T14:55:41Z,,
Khris Middleton,Washington Wizards @ Minnesota Timberwolves,2025-11-20T01:00:00Z,player_double_double,,fanduel,2025-11-19T14:55:00Z,2025-11-19T14:55:41Z,,
Alex Sarr,Washington Wizards @ Minnesota Timberwolves,2025-11-20T01:00:00Z,player_points,17.5,fanduel,2025-11-19T14:55:00Z,2025-11-19T14:55:41Z,-118.0,-112.0
Julius Randle,Washington Wizards @ Minnesota Timberwolves,2025-11-20T01:00:00Z,player_points,22.5,fanduel,2025-11-19T14:55:00Z,2025-11-19T14:55:41Z,-112.0,-118.0
Khris Middleton,Washington Wizards @ Minnesota Timberwolves,2025-11-20T01:00:00Z,player_points,9.5,fanduel,2025-11-19T14:55:00Z,2025-11-19T14:55:41Z,-118.0,-112.0
Anthony Edwards,Washington Wizards @ Minnesota Timberwolves,2025-11-20T01:00:00Z,player_points,27.5,fanduel,2025-11-19T14:55:00Z,2025-11-19T14:55:41Z,-118.0,-112.0
Bilal Coulibaly,Washington Wizards @ Minnesota Timberwolves,2025-11-20T01:00:00Z,player_points,10.5,fanduel,2025-11-19T14:55:00Z,2025-11-19T14:55:41Z,-114.0,-114.0
C.J. McCollum,Washington Wizards @ Minnesota Timberwolves,2025-11-20T01:00:00Z,player_points,17.5,fanduel,2025-11-19T14:55:00Z,2025-11-19T14:55:41Z,-102.0,-130.0
Jaden McDaniels,Washington Wizards @ Minnesota Timberwolves,2025-11-20T01:00:00Z,player_points,14.5,fanduel,2025-11-19T14:55:00Z,2025-11-19T14:55:41Z,-114.0,-114.0
Donte DiVincenzo,Washington Wizards @ Minnesota Timberwolves,2025-11-20T01:00:00Z,player_points,13.5,fanduel,2025-11-19T14:55:00Z,2025-11-19T14:55:41Z,-125.0,-106.0
Rudy Gobert,Washington Wizards @ Minnesota Timberwolves,2025-11-20T01:00:00Z,player_points,11.5,fanduel,2025-11-19T14:55:00Z,2025-11-19T14:55:41Z,-108.0,-122.0
Kyshawn George,Washington Wizards @ Minnesota Timberwolves,2025-11-20T01:00:00Z,player_points,13.5,fanduel,2025-11-19T14:55:00Z,2025-11-19T14:55:41Z,-125.0,-106.0
Alex Sarr,Washington Wizards @ Minnesota Timberwolves,2025-11-20T01:00:00Z,player_points_rebounds_assists,29.5,fanduel,2025-11-19T14:55:00Z,2025-11-19T14:55:41Z,-110.0,-120.0
Bilal Coulibaly,Washington Wizards @ Minnesota Timberwolves,2025-11-20T01:00:00Z,player_points_rebounds_assists,18.5,fanduel,2025-11-19T14:55:00Z,2025-11-19T14:55:41Z,-102.0,-130.0
Anthony Edwards,Washington Wizards @ Minnesota Timberwolves,2025-11-20T01:00:00Z,player_points_rebounds_assists,37.5,fanduel,2025-11-19T14:55:00Z,2025-11-19T14:55:41Z,-122.0,-108.0
Khris Middleton,Washington Wizards @ Minnesota Timberwolves,2025-11-20T01:00:00Z,player_points_rebounds_assists,16.5,fanduel,2025-11-19T14:55:00Z,2025-11-19T14:55:41Z,-104.0,-128.0
Donte DiVincenzo,Washington Wizards @ Minnesota Timberwolves,2025-11-20T01:00:00Z,player_points_rebounds_assists,22.5,fanduel,2025-11-19T14:55:00Z,2025-11-19T14:55:41Z,-106.0,-125.0
Jaden McDaniels,Washington Wizards @ Minnesota Timberwolves,2025-11-20T01:00:00Z,player_points_rebounds_assists,21.5,fanduel,2025-11-19T14:55:00Z,2025-11-19T14:55:41Z,-122.0,-108.0
Julius Randle,Washington Wizards @ Minnesota Timberwolves,2025-11-20T01:00:00Z,player_points_rebounds_assists,35.5,fanduel,2025-11-19T14:55:00Z,2025-11-19T14:55:41Z,-118.0,-112.0
C.J. McCollum,Washington Wizards @ Minnesota Timberwolves,2025-11-20T01:00:00Z,player_points_rebounds_assists,23.5,fanduel,2025-11-19T14:55:00Z,2025-11-19T14:55:41Z,-125.0,-106.0
Kyshawn George,Washington Wizards @ Minnesota Timberwolves,2025-11-20T01:00:00Z,player_points_rebounds_assists,23.5,fanduel,2025-11-19T14:55:00Z,2025-11-19T14:55:41Z,-122.0,-108.0
Khris Middleton,Washington Wizards @ Minnesota Timberwolves,2025-11-20T01:00:00Z,player_rebounds,3.5,fanduel,2025-11-19T14:55:00Z,2025-11-19T14:55:41Z,-152.0,114.0
Kyshawn George,Washington Wizards @ Minnesota Timberwolves,2025-11-20T01:00:00Z,player_rebounds,5.5,fanduel,2025-11-19T14:55:00Z,2025-11-19T14:55:41Z,-106.0,-125.0
Julius Randle,Washington Wizards @ Minnesota Timberwolves,2025-11-20T01:00:00Z,player_rebounds,6.5,fanduel,2025-11-19T14:55:00Z,2025-11-19T14:55:41Z,-140.0,106.0
Bilal Coulibaly,Washington Wizards @ Minnesota Timberwolves,2025-11-20T01:00:00Z,player_rebounds,4.5,fanduel,2025-11-19T14:55:00Z,2025-11-19T14:55:41Z,108.0,-144.0
Anthony Edwards,Washington Wizards @ Minnesota Timberwolves,2025-11-20T01:00:00Z,player_rebounds,4.5,fanduel,2025-11-19T14:55:00Z,2025-11-19T14:55:41Z,-158.0,118.0
Rudy Gobert,Washington Wizards @ Minnesota Timberwolves,2025-11-20T01:00:00Z,player_rebounds,11.5,fanduel,2025-11-19T14:55:00Z,2025-11-19T14:55:41Z,114.0,-152.0
Donte DiVincenzo,Washington Wizards @ Minnesota Timberwolves,2025-11-20T01:00:00Z,player_rebounds,4.5,fanduel,2025-11-19T14:55:00Z,2025-11-19T14:55:41Z,114.0,-152.0
C.J. McCollum,Washington Wizards @ Minnesota Timberwolves,2025-11-20T01:00:00Z,player_rebounds,3.5,fanduel,2025-11-19T14:55:00Z,2025-11-19T14:55:41Z,-104.0,-128.0
Alex Sarr,Washington Wizards @ Minnesota Timberwolves,2025-11-20T01:00:00Z,player_rebounds,8.5,fanduel,2025-11-19T14:55:00Z,2025-11-19T14:55:41Z,108.0,-144.0
Jaden McDaniels,Washington Wizards @ Minnesota Timberwolves,2025-11-20T01:00:00Z,player_rebounds,4.5,fanduel,2025-11-19T14:55:00Z,2025-11-19T14:55:41Z,-138.0,104.0
Donte DiVincenzo,Washington Wizards @ Minnesota Timberwolves,2025-11-20T01:00:00Z,player_steals,1.5,fanduel,2025-11-19T14:55:00Z,2025-11-19T14:54:32Z,148.0,-200.0
Anthony Edwards,Washington Wizards @ Minnesota Timberwolves,2025-11-20T01:00:00Z,player_steals,1.5,fanduel,2025-11-19T14:55:00Z,2025-11-19T14:54:32Z,148.0,-200.0
Donte DiVincenzo,Washington Wizards @ Minnesota Timberwolves,2025-11-20T01:00:00Z,player_threes,2.5,fanduel,2025-11-19T14:55:00Z,2025-11-19T14:55:41Z,-174.0,130.0
Jaden McDaniels,Washington Wizards @ Minnesota Timberwolves,2025-11-20T01:00:00Z,player_threes,1.5,fanduel,2025-11-19T14:55:00Z,2025-11-19T14:55:41Z,148.0,-200.0
Kyshawn George,Washington Wizards @ Minnesota Timberwolves,2025-11-20T01:00:00Z,player_threes,1.5,fanduel,2025-11-19T14:55:00Z,2025-11-19T14:55:41Z,-178.0,132.0
Anthony Edwards,Washington Wizards @ Minnesota Timberwolves,2025-11-20T01:00:00Z,player_threes,2.5,fanduel,2025-11-19T14:55:00Z,2025-11-19T14:55:41Z,-182.0,136.0
Julius Randle,Washington Wizards @ Minnesota Timberwolves,2025-11-20T01:00:00Z,player_threes,1.5,fanduel,2025-11-19T14:55:00Z,2025-11-19T14:55:41Z,-138.0,104.0
C.J. McCollum,Washington Wizards @ Minnesota Timberwolves,2025-11-20T01:00:00Z,player_threes,2.5,fanduel,2025-11-19T14:55:00Z,2025-11-19T14:55:41Z,-102.0,-130.0
Alex Sarr,Washington Wizards @ Minnesota Timberwolves,2025-11-20T01:00:00Z,player_threes,1.5,fanduel,2025-11-19T14:55:00Z,2025-11-19T14:55:41Z,138.0,-186.0
Julius Randle,Washington Wizards @ Minnesota Timberwolves,2025-11-20T01:00:00Z,player_triple_double,,fanduel,2025-11-19T14:55:00Z,2025-11-19T14:55:41Z,,
Donte DiVincenzo,Washington Wizards @ Minnesota Timberwolves,2025-11-20T01:00:00Z,player_assists,3.5,betrivers,2025-11-19T14:55:14Z,2025-11-19T14:55:49Z,-139.0,105.0
C.J. McCollum,Washington Wizards @ Minnesota Timberwolves,2025-11-20T01:00:00Z,player_assists,3.5,betrivers,2025-11-19T14:55:14Z,2025-11-19T14:55:49Z,128.0,-175.0
Bilal Coulibaly,Washington Wizards @ Minnesota Timberwolves,2025-11-20T01:00:00Z,player_assists,2.5,betrivers,2025-11-19T14:55:14Z,2025-11-19T14:55:49Z,-157.0,117.0
Julius Randle,Washington Wizards @ Minnesota Timberwolves,2025-11-20T01:00:00Z,player_assists,5.5,betrivers,2025-11-19T14:55:14Z,2025-11-19T14:55:49Z,-143.0,108.0
Anthony Edwards,Washington Wizards @ Minnesota Timberwolves,2025-11-20T01:00:00Z,player_assists,4.5,betrivers,2025-11-19T14:55:14Z,2025-11-19T14:55:49Z,-139.0,105.0
Kyshawn George,Washington Wizards @ Minnesota Timberwolves,2025-11-20T01:00:00Z,player_assists,3.5,betrivers,2025-11-19T14:55:14Z,2025-11-19T14:55:49Z,-162.0,120.0
Alex Sarr,Washington Wizards @ Minnesota Timberwolves,2025-11-20T01:00:00Z,player_assists,2.5,betrivers,2025-11-19T14:55:14Z,2025-11-19T14:55:49Z,-165.0,123.0
Khris Middleton,Washington Wizards @ Minnesota Timberwolves,2025-11-20T01:00:00Z,player_assists,2.5,betrivers,2025-11-19T14:55:14Z,2025-11-19T14:55:49Z,110.0,-148.0
Rudy Gobert,Washington Wizards @ Minnesota Timberwolves,2025-11-20T01:00:00Z,player_points,11.5,betrivers,2025-11-19T14:55:14Z,2025-11-19T14:55:49Z,-110.0,-121.0
Alex Sarr,Washington Wizards @ Minnesota Timberwolves,2025-11-20T01:00:00Z,player_points,17.5,betrivers,2025-11-19T14:55:14Z,2025-11-19T14:55:49Z,-118.0,-113.0
Julius Randle,Washington Wizards @ Minnesota Timberwolves,2025-11-20T01:00:00Z,player_points,22.5,betrivers,2025-11-19T14:55:14Z,2025-11-19T14:55:49Z,-109.0,-122.0
Jaden McDaniels,Washington Wizards @ Minnesota Timberwolves,2025-11-20T01:00:00Z,player_points,14.5,betrivers,2025-11-19T14:55:14Z,2025-11-19T14:55:49Z,-114.0,-117.0
Donte DiVincenzo,Washington Wizards @ Minnesota Timberwolves,2025-11-20T01:00:00Z,player_points,13.5,betrivers,2025-11-19T14:55:14Z,2025-11-19T14:55:49Z,-125.0,-107.0
Kyshawn George,Washington Wizards @ Minnesota Timberwolves,2025-11-20T01:00:00Z,player_points,13.5,betrivers,2025-11-19T14:55:14Z,2025-11-19T14:55:49Z,-124.0,-108.0
Anthony Edwards,Washington Wizards @ Minnesota Timberwolves,2025-11-20T01:00:00Z,player_points,27.5,betrivers,2025-11-19T14:55:14Z,2025-11-19T14:55:49Z,-118.0,-113.0
Bilal Coulibaly,Washington Wizards @ Minnesota Timberwolves,2025-11-20T01:00:00Z,player_points,10.5,betrivers,2025-11-19T14:55:14Z,2025-11-19T14:55:49Z,-114.0,-117.0
C.J. McCollum,Washington Wizards @ Minnesota Timberwolves,2025-11-20T01:00:00Z,player_points,16.5,betrivers,2025-11-19T14:55:14Z,2025-11-19T14:55:49Z,-125.0,-107.0
Khris Middleton,Washington Wizards @ Minnesota Timberwolves,2025-11-20T01:00:00Z,player_points,9.5,betrivers,2025-11-19T14:55:14Z,2025-11-19T14:55:49Z,-118.0,-113.0
Alex Sarr,Washington Wizards @ Minnesota Timberwolves,2025-11-20T01:00:00Z,player_points_rebounds_assists,29.5,betrivers,2025-11-19T14:55:14Z,2025-11-19T14:55:49Z,-114.0,-117.0
Anthony Edwards,Washington Wizards @ Minnesota Timberwolves,2025-11-20T01:00:00Z,player_points_rebounds_assists,38.5,betrivers,2025-11-19T14:55:14Z,2025-11-19T14:55:49Z,-114.0,-117.0
Donte DiVincenzo,Washington Wizards @ Minnesota Timberwolves,2025-11-20T01:00:00Z,player_points_rebounds_assists,22.5,betrivers,2025-11-19T14:55:14Z,2025-11-19T14:55:49Z,-117.0,-114.0
Bilal Coulibaly,Washington Wizards @ Minnesota Timberwolves,2025-11-20T01:00:00Z,player_points_rebounds_assists,18.5,betrivers,2025-11-19T14:55:14Z,2025-11-19T14:55:49Z,-107.0,-125.0
C.J. McCollum,Washington Wizards @ Minnesota Timberwolves,2025-11-20T01:00:00Z,player_points_rebounds_assists,23.5,betrivers,2025-11-19T14:55:14Z,2025-11-19T14:55:49Z,-124.0,-107.0
Khris Middleton,Washington Wizards @ Minnesota Timberwolves,2025-11-20T01:00:00Z,player_points_rebounds_assists,16.5,betrivers,2025-11-19T14:55:14Z,2025-11-19T14:55:49Z,-112.0,-120.0
Kyshawn George,Washington Wizards @ Minnesota Timberwolves,2025-11-20T01:00:00Z,player_points_rebounds_assists,23.5,betrivers,2025-11-19T14:55:14Z,2025-11-19T14:55:49Z,-122.0,-108.0
Julius Randle,Washington Wizards @ Minnesota Timberwolves,2025-11-20T01:00:00Z,player_points_rebounds_assists,36.5,betrivers,2025-11-19T14:55:14Z,2025-11-19T14:55:49Z,-109.0,-122.0
Rudy Gobert,Washington Wizards @ Minnesota Timberwolves,2025-11-20T01:00:00Z,player_rebounds,10.5,betrivers,2025-11-19T14:55:14Z,2025-11-19T14:55:49Z,-136.0,102.0
Khris Middleton,Washington Wizards @ Minnesota Timberwolves,2025-11-20T01:00:00Z,player_rebounds,3.5,betrivers,2025-11-19T14:55:14Z,2025-11-19T14:55:49Z,-148.0,110.0
Jaden McDaniels,Washington Wizards @ Minnesota Timberwolves,2025-11-20T01:00:00Z,player_rebounds,4.5,betrivers,2025-11-19T14:55:14Z,2025-11-19T14:55:49Z,-143.0,108.0
Donte DiVincenzo,Washington Wizards @ Minnesota Timberwolves,2025-11-20T01:00:00Z,player_rebounds,4.5,betrivers,2025-11-19T14:55:14Z,2025-11-19T14:55:49Z,108.0,-143.0
Alex Sarr,Washington Wizards @ Minnesota Timberwolves,2025-11-20T01:00:00Z,player_rebounds,8.5,betrivers,2025-11-19T14:55:14Z,2025-11-19T14:55:49Z,102.0,-134.0
Bilal Coulibaly,Washington Wizards @ Minnesota Timberwolves,2025-11-20T01:00:00Z,player_rebounds,4.5,betrivers,2025-11-19T14:55:14Z,2025-11-19T14:55:49Z,107.0,-143.0
Kyshawn George,Washington Wizards @ Minnesota Timberwolves,2025-11-20T01:00:00Z,player_rebounds,5.5,betrivers,2025-11-19T14:55:14Z,2025-11-19T14:55:49Z,-103.0,-130.0
Julius Randle,Washington Wizards @ Minnesota Timberwolves,2025-11-20T01:00:00Z,player_rebounds,6.5,betrivers,2025-11-19T14:55:14Z,2025-11-19T14:55:49Z,-143.0,108.0
Anthony Edwards,Washington Wizards @ Minnesota Timberwolves,2025-11-20T01:00:00Z,player_rebounds,4.5,betrivers,2025-11-19T14:55:14Z,2025-11-19T14:55:49Z,-157.0,117.0
C.J. McCollum,Washington Wizards @ Minnesota Timberwolves,2025-11-20T01:00:00Z,player_rebounds,3.5,betrivers,2025-11-19T14:55:14Z,2025-11-19T14:55:49Z,-103.0,-130.0
Jaden McDaniels,Washington Wizards @ Minnesota Timberwolves,2025-11-20T01:00:00Z,player_threes,1.5,betrivers,2025-11-19T14:55:14Z,2025-11-19T14:55:49Z,150.0,-205.0
Anthony Edwards,Washington Wizards @ Minnesota Timberwolves,2025-11-20T01:00:00Z,player_threes,2.5,betrivers,2025-11-19T14:55:14Z,2025-11-19T14:55:49Z,-175.0,128.0
C.J. McCollum,Washington Wizards @ Minnesota Timberwolves,2025-11-20T01:00:00Z,player_threes,2.5,betrivers,2025-11-19T14:55:14Z,2025-11-19T14:55:49Z,-103.0,-130.0
Alex Sarr,Washington Wizards @ Minnesota Timberwolves,2025-11-20T01:00:00Z,player_threes,1.5,betrivers,2025-11-19T14:55:14Z,2025-11-19T14:55:49Z,175.0,-245.0
Kyshawn George,Washington Wizards @ Minnesota Timberwolves,2025-11-20T01:00:00Z,player_threes,1.5,betrivers,2025-11-19T14:55:14Z,2025-11-19T14:55:49Z,-167.0,125.0
Donte DiVincenzo,Washington Wizards @ Minnesota Timberwolves,2025-11-20T01:00:00Z,player_threes,2.5,betrivers,2025-11-19T14:55:14Z,2025-11-19T14:55:49Z,-167.0,125.0
Julius Randle,Washington Wizards @ Minnesota Timberwolves,2025-11-20T01:00:00Z,player_threes,1.5,betrivers,2025-11-19T14:55:14Z,2025-11-19T14:55:49Z,-137.0,102.0
C.J. McCollum,Washington Wizards @ Minnesota Timberwolves,2025-11-20T01:00:00Z,player_assists,3.5,betmgm,2025-11-19T14:54:46Z,2025-11-19T14:56:04Z,115.0,-155.0
Bilal Coulibaly,Washington Wizards @ Minnesota Timberwolves,2025-11-20T01:00:00Z,player_assists,2.5,betmgm,2025-11-19T14:54:46Z,2025-11-19T14:56:04Z,-150.0,115.0
Julius Randle,Washington Wizards @ Minnesota Timberwolves,2025-11-20T01:00:00Z,player_assists,5.5,betmgm,2025-11-19T14:54:46Z,2025-11-19T14:56:04Z,-125.0,-105.0
Kyshawn George,Washington Wizards @ Minnesota Timberwolves,2025-11-20T01:00:00Z,player_assists,3.5,betmgm,2025-11-19T14:54:46Z,2025-11-19T14:56:04Z,-140.0,105.0
Anthony Edwards,Washington Wizards @ Minnesota Timberwolves,2025-11-20T01:00:00Z,player_assists,4.5,betmgm,2025-11-19T14:54:46Z,2025-11-19T14:56:04Z,-135.0,100.0
Alex Sarr,Washington Wizards @ Minnesota Timberwolves,2025-11-20T01:00:00Z,player_assists,2.5,betmgm,2025-11-19T14:54:46Z,2025-11-19T14:56:04Z,-155.0,115.0
Donte DiVincenzo,Washington Wizards @ Minnesota Timberwolves,2025-11-20T01:00:00Z,player_assists,3.5,betmgm,2025-11-19T14:54:46Z,2025-11-19T14:56:04Z,-120.0,-110.0
Khris Middleton,Washington Wizards @ Minnesota Timberwolves,2025-11-20T01:00:00Z,player_assists,2.5,betmgm,2025-11-19T14:54:46Z,2025-11-19T14:56:04Z,-105.0,-130.0
Rudy Gobert,Washington Wizards @ Minnesota Timberwolves,2025-11-20T01:00:00Z,player_assists,1.5,betmgm,2025-11-19T14:54:46Z,2025-11-19T14:56:04Z,130.0,-175.0
Jaden McDaniels,Washington Wizards @ Minnesota Timberwolves,2025-11-20T01:00:00Z,player_assists,1.5,betmgm,2025-11-19T14:54:46Z,2025-11-19T14:56:04Z,-200.0,150.0
C.J. McCollum,Washington Wizards @ Minnesota Timberwolves,2025-11-20T01:00:00Z,player_blocks,0.5,betmgm,2025-11-19T14:54:46Z,2025-11-19T14:56:04Z,260.0,-400.0
Bilal Coulibaly,Washington Wizards @ Minnesota Timberwolves,2025-11-20T01:00:00Z,player_blocks,0.5,betmgm,2025-11-19T14:54:46Z,2025-11-19T14:56:04Z,110.0,-155.0
Julius Randle,Washington Wizards @ Minnesota Timberwolves,2025-11-20T01:00:00Z,player_blocks,0.5,betmgm,2025-11-19T14:54:46Z,2025-11-19T14:56:04Z,270.0,-400.0
Kyshawn George,Washington Wizards @ Minnesota Timberwolves,2025-11-20T01:00:00Z,player_blocks,0.5,betmgm,2025-11-19T14:54:46Z,2025-11-19T14:56:04Z,-118.0,-118.0
Anthony Edwards,Washington Wizards @ Minnesota Timberwolves,2025-11-20T01:00:00Z,player_blocks,0.5,betmgm,2025-11-19T14:54:46Z,2025-11-19T14:56:04Z,110.0,-155.0
Alex Sarr,Washington Wizards @ Minnesota Timberwolves,2025-11-20T01:00:00Z,player_blocks,1.5,betmgm,2025-11-19T14:54:46Z,2025-11-19T14:56:04Z,-125.0,-110.0
Donte DiVincenzo,Washington Wizards @ Minnesota Timberwolves,2025-11-20T01:00:00Z,player_blocks,0.5,betmgm,2025-11-19T14:54:46Z,2025-11-19T14:56:04Z,145.0,-210.0
Khris Middleton,Washington Wizards @ Minnesota Timberwolves,2025-11-20T01:00:00Z,player_blocks,0.5,betmgm,2025-11-19T14:54:46Z,2025-11-19T14:56:04Z,333.0,-550.0
Jaden McDaniels,Washington Wizards @ Minnesota Timberwolves,2025-11-20T01:00:00Z,player_blocks,0.5,betmgm,2025-11-19T14:54:46Z,2025-11-19T14:56:04Z,-190.0,135.0
Rudy Gobert,Washington Wizards @ Minnesota Timberwolves,2025-11-20T01:00:00Z,player_blocks,1.5,betmgm,2025-11-19T14:54:46Z,2025-11-19T14:56:04Z,-165.0,120.0
C.J. McCollum,Washington Wizards @ Minnesota Timberwolves,2025-11-20T01:00:00Z,player_double_double,,betmgm,2025-11-19T14:54:46Z,2025-11-19T14:56:04Z,,
Bilal Coulibaly,Washington Wizards @ Minnesota Timberwolves,2025-11-20T01:00:00Z,player_double_double,,betmgm,2025-11-19T14:54:46Z,2025-11-19T14:56:04Z,,
Julius Randle,Washington Wizards @ Minnesota Timberwolves,2025-11-20T01:00:00Z,player_double_double,,betmgm,2025-11-19T14:54:46Z,2025-11-19T14:56:04Z,,
Kyshawn George,Washington Wizards @ Minnesota Timberwolves,2025-11-20T01:00:00Z,player_double_double,,betmgm,2025-11-19T14:54:46Z,2025-11-19T14:56:04Z,,
Anthony Edwards,Washington Wizards @ Minnesota Timberwolves,2025-11-20T01:00:00Z,player_double_double,,betmgm,2025-11-19T14:54:46Z,2025-11-19T14:56:04Z,,
Alex Sarr,Washington Wizards @ Minnesota Timberwolves,2025-11-20T01:00:00Z,player_double_double,,betmgm,2025-11-19T14:54:46Z,2025-11-19T14:56:04Z,,
Donte DiVincenzo,Washington Wizards @ Minnesota Timberwolves,2025-11-20T01:00:00Z,player_double_double,,betmgm,2025-11-19T14:54:46Z,2025-11-19T14:56:04Z,,
Khris Middleton,Washington Wizards @ Minnesota Timberwolves,2025-11-20T01:00:00Z,player_double_double,,betmgm,2025-11-19T14:54:46Z,2025-11-19T14:56:04Z,,
Jaden McDaniels,Washington Wizards @ Minnesota Timberwolves,2025-11-20T01:00:00Z,player_double_double,,betmgm,2025-11-19T14:54:46Z,2025-11-19T14:56:04Z,,
Rudy Gobert,Washington Wizards @ Minnesota Timberwolves,2025-11-20T01:00:00Z,player_double_double,,betmgm,2025-11-19T14:54:46Z,2025-11-19T14:56:04Z,,
C.J. McCollum,Washington Wizards @ Minnesota Timberwolves,2025-11-20T01:00:00Z,player_points,17.5,betmgm,2025-11-19T14:54:46Z,2025-11-19T14:56:04Z,-120.0,-110.0
Bilal Coulibaly,Washington Wizards @ Minnesota Timberwolves,2025-11-20T01:00:00Z,player_points,10.5,betmgm,2025-11-19T14:54:46Z,2025-11-19T14:56:04Z,-110.0,-118.0
Julius Randle,Washington Wizards @ Minnesota Timberwolves,2025-11-20T01:00:00Z,player_points,22.5,betmgm,2025-11-19T14:54:46Z,2025-11-19T14:56:04Z,-105.0,-125.0
Kyshawn George,Washington Wizards @ Minnesota Timberwolves,2025-11-20T01:00:00Z,player_points,13.5,betmgm,2025-11-19T14:54:46Z,2025-11-19T14:56:04Z,-125.0,-105.0
Anthony Edwards,Washington Wizards @ Minnesota Timberwolves,2025-11-20T01:00:00Z,player_points,27.5,betmgm,2025-11-19T14:54:46Z,2025-11-19T14:56:04Z,-125.0,-105.0
Alex Sarr,Washington Wizards @ Minnesota Timberwolves,2025-11-20T01:00:00Z,player_points,17.5,betmgm,2025-11-19T14:54:46Z,2025-11-19T14:56:04Z,-105.0,-125.0
Donte DiVincenzo,Washington Wizards @ Minnesota Timberwolves,2025-11-20T01:00:00Z,player_points,13.5,betmgm,2025-11-19T14:54:46Z,2025-11-19T14:56:04Z,-130.0,-105.0
Khris Middleton,Washington Wizards @ Minnesota Timberwolves,2025-11-20T01:00:00Z,player_points,9.5,betmgm,2025-11-19T14:54:46Z,2025-11-19T14:56:04Z,-118.0,-110.0
Jaden McDaniels,Washington Wizards @ Minnesota Timberwolves,2025-11-20T01:00:00Z,player_points,14.5,betmgm,2025-11-19T14:54:46Z,2025-11-19T14:56:04Z,-105.0,-125.0
Rudy Gobert,Washington Wizards @ Minnesota Timberwolves,2025-11-20T01:00:00Z,player_points,11.5,betmgm,2025-11-19T14:54:46Z,2025-11-19T14:56:04Z,-125.0,-105.0
C.J. McCollum,Washington Wizards @ Minnesota Timberwolves,2025-11-20T01:00:00Z,player_points_rebounds_assists,24.5,betmgm,2025-11-19T14:54:46Z,2025-11-19T14:56:04Z,-120.0,-110.0
Kyshawn George,Washington Wizards @ Minnesota Timberwolves,2025-11-20T01:00:00Z,player_points_rebounds_assists,23.5,betmgm,2025-11-19T14:54:46Z,2025-11-19T14:56:04Z,-110.0,-118.0
Alex Sarr,Washington Wizards @ Minnesota Timberwolves,2025-11-20T01:00:00Z,player_points_rebounds_assists,28.5,betmgm,2025-11-19T14:54:46Z,2025-11-19T14:56:04Z,-120.0,-110.0
Donte DiVincenzo,Washington Wizards @ Minnesota Timberwolves,2025-11-20T01:00:00Z,player_points_rebounds_assists,22.5,betmgm,2025-11-19T14:54:46Z,2025-11-19T14:56:04Z,-110.0,-120.0
Khris Middleton,Washington Wizards @ Minnesota Timberwolves,2025-11-20T01:00:00Z,player_points_rebounds_assists,16.5,betmgm,2025-11-19T14:54:46Z,2025-11-19T14:56:04Z,-118.0,-115.0
Jaden McDaniels,Washington Wizards @ Minnesota Timberwolves,2025-11-20T01:00:00Z,player_points_rebounds_assists,21.5,betmgm,2025-11-19T14:54:46Z,2025-11-19T14:56:04Z,-110.0,-120.0
Rudy Gobert,Washington Wizards @ Minnesota Timberwolves,2025-11-20T01:00:00Z,player_points_rebounds_assists,24.5,betmgm,2025-11-19T14:54:46Z,2025-11-19T14:56:04Z,-105.0,-125.0
Julius Randle,Washington Wizards @ Minnesota Timberwolves,2025-11-20T01:00:00Z,player_points_rebounds_assists,34.5,betmgm,2025-11-19T14:54:46Z,2025-11-19T14:56:04Z,-125.0,-105.0
Anthony Edwards,Washington Wizards @ Minnesota Timberwolves,2025-11-20T01:00:00Z,player_points_rebounds_assists,38.5,betmgm,2025-11-19T14:54:46Z,2025-11-19T14:56:04Z,-110.0,-120.0
Bilal Coulibaly,Washington Wizards @ Minnesota Timberwolves,2025-11-20T01:00:00Z,player_points_rebounds_assists,18.5,betmgm,2025-11-19T14:54:46Z,2025-11-19T14:56:04Z,-105.0,-130.0
C.J. McCollum,Washington Wizards @ Minnesota Timberwolves,2025-11-20T01:00:00Z,player_rebounds,3.5,betmgm,2025-11-19T14:54:46Z,2025-11-19T14:56:04Z,-110.0,-120.0
Bilal Coulibaly,Washington Wizards @ Minnesota Timberwolves,2025-11-20T01:00:00Z,player_rebounds,4.5,betmgm,2025-11-19T14:54:46Z,2025-11-19T14:56:04Z,100.0,-135.0
Julius Randle,Washington Wizards @ Minnesota Timberwolves,2025-11-20T01:00:00Z,player_rebounds,6.5,betmgm,2025-11-19T14:54:46Z,2025-11-19T14:56:04Z,-150.0,110.0
Kyshawn George,Washington Wizards @ Minnesota Timberwolves,2025-11-20T01:00:00Z,player_rebounds,5.5,betmgm,2025-11-19T14:54:46Z,2025-11-19T14:56:04Z,100.0,-135.0
Anthony Edwards,Washington Wizards @ Minnesota Timberwolves,2025-11-20T01:00:00Z,player_rebounds,4.5,betmgm,2025-11-19T14:54:46Z,2025-11-19T14:56:04Z,-160.0,120.0
Alex Sarr,Washington Wizards @ Minnesota Timberwolves,2025-11-20T01:00:00Z,player_rebounds,8.5,betmgm,2025-11-19T14:54:46Z,2025-11-19T14:56:04Z,105.0,-140.0
Donte DiVincenzo,Washington Wizards @ Minnesota Timberwolves,2025-11-20T01:00:00Z,player_rebounds,4.5,betmgm,2025-11-19T14:54:46Z,2025-11-19T14:56:04Z,100.0,-135.0
Khris Middleton,Washington Wizards @ Minnesota Timberwolves,2025-11-20T01:00:00Z,player_rebounds,3.5,betmgm,2025-11-19T14:54:46Z,2025-11-19T14:56:04Z,-155.0,115.0
Jaden McDaniels,Washington Wizards @ Minnesota Timberwolves,2025-11-20T01:00:00Z,player_rebounds,4.5,betmgm,2025-11-19T14:54:46Z,2025-11-19T14:56:04Z,-130.0,-105.0
Rudy Gobert,Washington Wizards @ Minnesota Timberwolves,2025-11-20T01:00:00Z,player_rebounds,10.5,betmgm,2025-11-19T14:54:46Z,2025-11-19T14:56:04Z,-135.0,100.0
C.J. McCollum,Washington Wizards @ Minnesota Timberwolves,2025-11-20T01:00:00Z,player_threes,2.5,betmgm,2025-11-19T14:54:46Z,2025-11-19T14:56:04Z,-105.0,-125.0
Bilal Coulibaly,Washington Wizards @ Minnesota Timberwolves,2025-11-20T01:00:00Z,player_threes,0.5,betmgm,2025-11-19T14:54:46Z,2025-11-19T14:56:04Z,-190.0,140.0
Julius Randle,Washington Wizards @ Minnesota Timberwolves,2025-11-20T01:00:00Z,player_threes,1.5,betmgm,2025-11-19T14:54:46Z,2025-11-19T14:56:04Z,-130.0,100.0
Kyshawn George,Washington Wizards @ Minnesota Timberwolves,2025-11-20T01:00:00Z,player_threes,1.5,betmgm,2025-11-19T14:54:46Z,2025-11-19T14:56:04Z,-165.0,125.0
Anthony Edwards,Washington Wizards @ Minnesota Timberwolves,2025-11-20T01:00:00Z,player_threes,2.5,betmgm,2025-11-19T14:54:46Z,2025-11-19T14:56:04Z,-185.0,135.0
Alex Sarr,Washington Wizards @ Minnesota Timberwolves,2025-11-20T01:00:00Z,player_threes,1.5,betmgm,2025-11-19T14:54:46Z,2025-11-19T14:56:04Z,160.0,-220.0
Donte DiVincenzo,Washington Wizards @ Minnesota Timberwolves,2025-11-20T01:00:00Z,player_threes,2.5,betmgm,2025-11-19T14:54:46Z,2025-11-19T14:56:04Z,-190.0,140.0
Khris Middleton,Washington Wizards @ Minnesota Timberwolves,2025-11-20T01:00:00Z,player_threes,0.5,betmgm,2025-11-19T14:54:46Z,2025-11-19T14:56:04Z,-210.0,155.0
Jaden McDaniels,Washington Wizards @ Minnesota Timberwolves,2025-11-20T01:00:00Z,player_threes,1.5,betmgm,2025-11-19T14:54:46Z,2025-11-19T14:56:04Z,140.0,-190.0
Julius Randle,Washington Wizards @ Minnesota Timberwolves,2025-11-20T01:00:00Z,player_triple_double,,betmgm,2025-11-19T14:54:46Z,2025-11-19T14:56:04Z,,
Anthony Edwards,Washington Wizards @ Minnesota Timberwolves,2025-11-20T01:00:00Z,player_triple_double,,betmgm,2025-11-19T14:54:46Z,2025-11-19T14:56:04Z,,
Rudy Gobert,Washington Wizards @ Minnesota Timberwolves,2025-11-20T01:00:00Z,player_double_double,,bovada,2025-11-19T14:54:31Z,2025-11-19T14:55:59Z,,
Alex Sarr,Washington Wizards @ Minnesota Timberwolves,2025-11-20T01:00:00Z,player_double_double,,bovada,2025-11-19T14:54:31Z,2025-11-19T14:55:59Z,,
Julius Randle,Washington Wizards @ Minnesota Timberwolves,2025-11-20T01:00:00Z,player_double_double,,bovada,2025-11-19T14:54:31Z,2025-11-19T14:55:59Z,,
Anthony Edwards,Washington Wizards @ Minnesota Timberwolves,2025-11-20T01:00:00Z,player_double_double,,bovada,2025-11-19T14:54:31Z,2025-11-19T14:55:59Z,,
Kyshawn George,Washington Wizards @ Minnesota Timberwolves,2025-11-20T01:00:00Z,player_double_double,,bovada,2025-11-19T14:54:31Z,2025-11-19T14:55:59Z,,
Jaden McDaniels,Washington Wizards @ Minnesota Timberwolves,2025-11-20T01:00:00Z,player_double_double,,bovada,2025-11-19T14:54:31Z,2025-11-19T14:55:59Z,,
Donte DiVincenzo,Washington Wizards @ Minnesota Timberwolves,2025-11-20T01:00:00Z,player_double_double,,bovada,2025-11-19T14:54:31Z,2025-11-19T14:55:59Z,,
Bilal Coulibaly,Washington Wizards @ Minnesota Timberwolves,2025-11-20T01:00:00Z,player_double_double,,bovada,2025-11-19T14:54:31Z,2025-11-19T14:55:59Z,,
Khris Middleton,Washington Wizards @ Minnesota Timberwolves,2025-11-20T01:00:00Z,player_double_double,,bovada,2025-11-19T14:54:31Z,2025-11-19T14:55:59Z,,
Alex Sarr,Washington Wizards @ Minnesota Timberwolves,2025-11-20T01:00:00Z,player_points,14.5,bovada,2025-11-19T14:54:31Z,2025-11-19T14:55:59Z,210.0,-290.0
Anthony Edwards,Washington Wizards @ Minnesota Timberwolves,2025-11-20T01:00:00Z,player_points,23.5,bovada,2025-11-19T14:54:31Z,2025-11-19T14:55:59Z,205.0,-280.0
Bilal Coulibaly,Washington Wizards @ Minnesota Timberwolves,2025-11-20T01:00:00Z,player_points,8.5,bovada,2025-11-19T14:54:31Z,2025-11-19T14:55:59Z,200.0,-275.0
C.J. McCollum,Washington Wizards @ Minnesota Timberwolves,2025-11-20T01:00:00Z,player_points,13.5,bovada,2025-11-19T14:54:31Z,2025-11-19T14:55:59Z,205.0,-280.0
Donte DiVincenzo,Washington Wizards @ Minnesota Timberwolves,2025-11-20T01:00:00Z,player_points,11.5,bovada,2025-11-19T14:54:31Z,2025-11-19T14:55:59Z,200.0,-275.0
Kyshawn George,Washington Wizards @ Minnesota Timberwolves,2025-11-20T01:00:00Z,player_points,11.5,bovada,2025-11-19T14:54:31Z,2025-11-19T14:55:59Z,200.0,-275.0
Jaden McDaniels,Washington Wizards @ Minnesota Timberwolves,2025-11-20T01:00:00Z,player_points,11.5,bovada,2025-11-19T14:54:31Z,2025-11-19T14:55:59Z,180.0,-245.0
Julius Randle,Washington Wizards @ Minnesota Timberwolves,2025-11-20T01:00:00Z,player_points,18.5,bovada,2025-11-19T14:54:31Z,2025-11-19T14:55:59Z,200.0,-275.0
Khris Middleton,Washington Wizards @ Minnesota Timberwolves,2025-11-20T01:00:00Z,player_points,7.5,bovada,2025-11-19T14:54:31Z,2025-11-19T14:55:59Z,205.0,-280.0
Rudy Gobert,Washington Wizards @ Minnesota Timberwolves,2025-11-20T01:00:00Z,player_points,8.5,bovada,2025-11-19T14:54:31Z,2025-11-19T14:55:59Z,200.0,-275.0
Anthony Edwards,Washington Wizards @ Minnesota Timberwolves,2025-11-20T01:00:00Z,player_rebounds,4.5,bovada,2025-11-19T14:54:31Z,2025-11-19T14:55:59Z,120.0,-160.0
Bilal Coulibaly,Washington Wizards @ Minnesota Timberwolves,2025-11-20T01:00:00Z,player_rebounds,3.5,bovada,2025-11-19T14:54:31Z,2025-11-19T14:55:59Z,210.0,-290.0
C.J. McCollum,Washington Wizards @ Minnesota Timberwolves,2025-11-20T01:00:00Z,player_rebounds,2.5,bovada,2025-11-19T14:54:31Z,2025-11-19T14:55:59Z,215.0,-300.0
Donte DiVincenzo,Washington Wizards @ Minnesota Timberwolves,2025-11-20T01:00:00Z,player_rebounds,3.5,bovada,2025-11-19T14:54:31Z,2025-11-19T14:55:59Z,210.0,-290.0
Jaden McDaniels,Washington Wizards @ Minnesota Timberwolves,2025-11-20T01:00:00Z,player_rebounds,4.5,bovada,2025-11-19T14:54:31Z,2025-11-19T14:55:59Z,130.0,-170.0
Julius Randle,Washington Wizards @ Minnesota Timberwolves,2025-11-20T01:00:00Z,player_rebounds,5.5,bovada,2025-11-19T14:54:31Z,2025-11-19T14:55:59Z,200.0,-275.0
Khris Middleton,Washington Wizards @ Minnesota Timberwolves,2025-11-20T01:00:00Z,player_rebounds,3.5,bovada,2025-11-19T14:54:31Z,2025-11-19T14:55:59Z,140.0,-185.0
Julius Randle,Washington Wizards @ Minnesota Timberwolves,2025-11-20T01:00:00Z,player_triple_double,,bovada,2025-11-19T14:54:31Z,2025-11-19T14:55:59Z,,
Russell Westbrook,Sacramento Kings @ Oklahoma City Thunder,2025-11-20T01:00:00Z,player_assists,7.5,draftkings,2025-11-19T14:54:30Z,2025-11-19T14:55:54Z,111.0,-147.0
Shai Gilgeous-Alexander,Sacramento Kings @ Oklahoma City Thunder,2025-11-20T01:00:00Z,player_assists,6.5,draftkings,2025-11-19T14:54:30Z,2025-11-19T14:55:54Z,-146.0,110.0
Dennis Schroder,Sacramento Kings @ Oklahoma City Thunder,2025-11-20T01:00:00Z,player_assists,4.5,draftkings,2025-11-19T14:54:30Z,2025-11-19T14:55:54Z,-128.0,-103.0
Ajay Mitchell,Sacramento Kings @ Oklahoma City Thunder,2025-11-20T01:00:00Z,player_assists,3.5,draftkings,2025-11-19T14:54:30Z,2025-11-19T14:55:54Z,-162.0,123.0
Isaiah Hartenstein,Sacramento Kings @ Oklahoma City Thunder,2025-11-20T01:00:00Z,player_assists,3.5,draftkings,2025-11-19T14:54:30Z,2025-11-19T14:55:54Z,115.0,-152.0
DeMar DeRozan,Sacramento Kings @ Oklahoma City Thunder,2025-11-20T01:00:00Z,player_assists,3.5,draftkings,2025-11-19T14:54:30Z,2025-11-19T14:55:54Z,120.0,-158.0
Cason Wallace,Sacramento Kings @ Oklahoma City Thunder,2025-11-20T01:00:00Z,player_assists,2.5,draftkings,2025-11-19T14:54:30Z,2025-11-19T14:55:54Z,-155.0,117.0
Jaylin Williams,Sacramento Kings @ Oklahoma City Thunder,2025-11-20T01:00:00Z,player_assists,2.5,draftkings,2025-11-19T14:54:30Z,2025-11-19T14:55:54Z,-117.0,-112.0
Zach LaVine,Sacramento Kings @ Oklahoma City Thunder,2025-11-20T01:00:00Z,player_assists,2.5,draftkings,2025-11-19T14:54:30Z,2025-11-19T14:55:54Z,109.0,-144.0
Chet Holmgren,Sacramento Kings @ Oklahoma City Thunder,2025-11-20T01:00:00Z,player_blocks,1.5,draftkings,2025-11-19T14:54:30Z,2025-11-19T14:55:54Z,-114.0,-116.0
Shai Gilgeous-Alexander,Sacramento Kings @ Oklahoma City Thunder,2025-11-20T01:00:00Z,player_blocks,0.5,draftkings,2025-11-19T14:54:30Z,2025-11-19T14:55:54Z,-119.0,-112.0
Isaiah Hartenstein,Sacramento Kings @ Oklahoma City Thunder,2025-11-20T01:00:00Z,player_blocks,0.5,draftkings,2025-11-19T14:54:30Z,2025-11-19T14:55:54Z,-112.0,-119.0
Jaylin Williams,Sacramento Kings @ Oklahoma City Thunder,2025-11-20T01:00:00Z,player_blocks,0.5,draftkings,2025-11-19T14:54:30Z,2025-11-19T14:55:54Z,115.0,-153.0
Isaiah Hartenstein,Sacramento Kings @ Oklahoma City Thunder,2025-11-20T01:00:00Z,player_double_double,,draftkings,2025-11-19T14:54:30Z,2025-11-19T14:55:54Z,,
Russell Westbrook,Sacramento Kings @ Oklahoma City Thunder,2025-11-20T01:00:00Z,player_double_double,,draftkings,2025-11-19T14:54:30Z,2025-11-19T14:55:54Z,,
Chet Holmgren,Sacramento Kings @ Oklahoma City Thunder,2025-11-20T01:00:00Z,player_double_double,,draftkings,2025-11-19T14:54:30Z,2025-11-19T14:55:54Z,,
Shai Gilgeous-Alexander,Sacramento Kings @ Oklahoma City Thunder,2025-11-20T01:00:00Z,player_double_double,,draftkings,2025-11-19T14:54:30Z,2025-11-19T14:55:54Z,,
Drew Eubanks,Sacramento Kings @ Oklahoma City Thunder,2025-11-20T01:00:00Z,player_double_double,,draftkings,2025-11-19T14:54:30Z,2025-11-19T14:55:54Z,,
DeMar DeRozan,Sacramento Kings @ Oklahoma City Thunder,2025-11-20T01:00:00Z,player_double_double,,draftkings,2025-11-19T14:54:30Z,2025-11-19T14:55:54Z,,
Zach LaVine,Sacramento Kings @ Oklahoma City Thunder,2025-11-20T01:00:00Z,player_double_double,,draftkings,2025-11-19T14:54:30Z,2025-11-19T14:55:54Z,,
Shai Gilgeous-Alexander,Sacramento Kings @ Oklahoma City Thunder,2025-11-20T01:00:00Z,player_points,30.5,draftkings,2025-11-19T14:54:30Z,2025-11-19T14:55:54Z,-124.0,-103.0
Zach LaVine,Sacramento Kings @ Oklahoma City Thunder,2025-11-20T01:00:00Z,player_points,18.5,draftkings,2025-11-19T14:54:30Z,2025-11-19T14:55:54Z,-121.0,-105.0
DeMar DeRozan,Sacramento Kings @ Oklahoma City Thunder,2025-11-20T01:00:00Z,player_points,18.5,draftkings,2025-11-19T14:54:30Z,2025-11-19T14:55:54Z,-111.0,-115.0
Chet Holmgren,Sacramento Kings @ Oklahoma City Thunder,2025-11-20T01:00:00Z,player_points,17.5,draftkings,2025-11-19T14:54:30Z,2025-11-19T14:55:54Z,-126.0,-101.0
Ajay Mitchell,Sacramento Kings @ Oklahoma City Thunder,2025-11-20T01:00:00Z,player_points,15.5,draftkings,2025-11-19T14:54:30Z,2025-11-19T14:55:54Z,-105.0,-121.0
Russell Westbrook,Sacramento Kings @ Oklahoma City Thunder,2025-11-20T01:00:00Z,player_points,14.5,draftkings,2025-11-19T14:54:30Z,2025-11-19T14:55:54Z,-115.0,-111.0
Isaiah Joe,Sacramento Kings @ Oklahoma City Thunder,2025-11-20T01:00:00Z,player_points,13.5,draftkings,2025-11-19T14:54:30Z,2025-11-19T14:55:54Z,-102.0,-125.0
Isaiah Hartenstein,Sacramento Kings @ Oklahoma City Thunder,2025-11-20T01:00:00Z,player_points,11.5,draftkings,2025-11-19T14:54:30Z,2025-11-19T14:55:54Z,-122.0,-104.0
Malik Monk,Sacramento Kings @ Oklahoma City Thunder,2025-11-20T01:00:00Z,player_points,11.5,draftkings,2025-11-19T14:54:30Z,2025-11-19T14:55:54Z,-106.0,-120.0
Dennis Schroder,Sacramento Kings @ Oklahoma City Thunder,2025-11-20T01:00:00Z,player_points,10.5,draftkings,2025-11-19T14:54:30Z,2025-11-19T14:55:54Z,-115.0,-111.0
Cason Wallace,Sacramento Kings @ Oklahoma City Thunder,2025-11-20T01:00:00Z,player_points,8.5,draftkings,2025-11-19T14:54:30Z,2025-11-19T14:55:54Z,-118.0,-108.0
Luguentz Dort,Sacramento Kings @ Oklahoma City Thunder,2025-11-20T01:00:00Z,player_points,8.5,draftkings,2025-11-19T14:54:30Z,2025-11-19T14:55:54Z,104.0,-132.0
Shai Gilgeous-Alexander,Sacramento Kings @ Oklahoma City Thunder,2025-11-20T01:00:00Z,player_points_rebounds_assists,43.5,draftkings,2025-11-19T14:54:30Z,2025-11-19T14:55:54Z,-111.0,-119.0
Russell Westbrook,Sacramento Kings @ Oklahoma City Thunder,2025-11-20T01:00:00Z,player_points_rebounds_assists,29.5,draftkings,2025-11-19T14:54:30Z,2025-11-19T14:55:54Z,-124.0,-106.0
DeMar DeRozan,Sacramento Kings @ Oklahoma City Thunder,2025-11-20T01:00:00Z,player_points_rebounds_assists,25.5,draftkings,2025-11-19T14:54:30Z,2025-11-19T14:55:54Z,-118.0,-112.0
Zach LaVine,Sacramento Kings @ Oklahoma City Thunder,2025-11-20T01:00:00Z,player_points_rebounds_assists,25.5,draftkings,2025-11-19T14:54:30Z,2025-11-19T14:55:54Z,-116.0,-114.0
Isaiah Hartenstein,Sacramento Kings @ Oklahoma City Thunder,2025-11-20T01:00:00Z,player_points_rebounds_assists,25.5,draftkings,2025-11-19T14:54:30Z,2025-11-19T14:55:54Z,-114.0,-115.0
Cason Wallace,Sacramento Kings @ Oklahoma City Thunder,2025-11-20T01:00:00Z,player_points_rebounds_assists,14.5,draftkings,2025-11-19T14:54:30Z,2025-11-19T14:55:54Z,-118.0,-111.0
Isaiah Hartenstein,Sacramento Kings @ Oklahoma City Thunder,2025-11-20T01:00:00Z,player_rebounds,10.5,draftkings,2025-11-19T14:54:30Z,2025-11-19T14:55:54Z,104.0,-137.0
Chet Holmgren,Sacramento Kings @ Oklahoma City Thunder,2025-11-20T01:00:00Z,player_rebounds,8.5,draftkings,2025-11-19T14:54:30Z,2025-11-19T14:55:54Z,109.0,-144.0
Russell Westbrook,Sacramento Kings @ Oklahoma City Thunder,2025-11-20T01:00:00Z,player_rebounds,7.5,draftkings,2025-11-19T14:54:30Z,2025-11-19T14:55:54Z,-132.0,100.0
Drew Eubanks,Sacramento Kings @ Oklahoma City Thunder,2025-11-20T01:00:00Z,player_rebounds,6.5,draftkings,2025-11-19T14:54:30Z,2025-11-19T14:55:54Z,108.0,-142.0
Jaylin Williams,Sacramento Kings @ Oklahoma City Thunder,2025-11-20T01:00:00Z,player_rebounds,5.5,draftkings,2025-11-19T14:54:30Z,2025-11-19T14:55:54Z,110.0,-145.0
Shai Gilgeous-Alexander,Sacramento Kings @ Oklahoma City Thunder,2025-11-20T01:00:00Z,player_rebounds,4.5,draftkings,2025-11-19T14:54:30Z,2025-11-19T14:55:54Z,-139.0,105.0
Zach LaVine,Sacramento Kings @ Oklahoma City Thunder,2025-11-20T01:00:00Z,player_rebounds,4.5,draftkings,2025-11-19T14:54:30Z,2025-11-19T14:55:54Z,124.0,-164.0
Luguentz Dort,Sacramento Kings @ Oklahoma City Thunder,2025-11-20T01:00:00Z,player_rebounds,3.5,draftkings,2025-11-19T14:54:30Z,2025-11-19T14:55:54Z,-140.0,107.0
DeMar DeRozan,Sacramento Kings @ Oklahoma City Thunder,2025-11-20T01:00:00Z,player_rebounds,3.5,draftkings,2025-11-19T14:54:30Z,2025-11-19T14:55:54Z,-126.0,-105.0
Ajay Mitchell,Sacramento Kings @ Oklahoma City Thunder,2025-11-20T01:00:00Z,player_rebounds,3.5,draftkings,2025-11-19T14:54:30Z,2025-11-19T14:55:54Z,-118.0,-111.0
Isaiah Joe,Sacramento Kings @ Oklahoma City Thunder,2025-11-20T01:00:00Z,player_rebounds,3.5,draftkings,2025-11-19T14:54:30Z,2025-11-19T14:55:54Z,109.0,-143.0
Cason Wallace,Sacramento Kings @ Oklahoma City Thunder,2025-11-20T01:00:00Z,player_rebounds,2.5,draftkings,2025-11-19T14:54:30Z,2025-11-19T14:55:54Z,-123.0,-107.0
Shai Gilgeous-Alexander,Sacramento Kings @ Oklahoma City Thunder,2025-11-20T01:00:00Z,player_steals,1.5,draftkings,2025-11-19T14:54:30Z,2025-11-19T14:55:54Z,-111.0,-119.0
DeMar DeRozan,Sacramento Kings @ Oklahoma City Thunder,2025-11-20T01:00:00Z,player_steals,0.5,draftkings,2025-11-19T14:54:30Z,2025-11-19T14:55:54Z,-158.0,119.0
Chet Holmgren,Sacramento Kings @ Oklahoma City Thunder,2025-11-20T01:00:00Z,player_steals,0.5,draftkings,2025-11-19T14:54:30Z,2025-11-19T14:55:54Z,-156.0,117.0
Dennis Schroder,Sacramento Kings @ Oklahoma City Thunder,2025-11-20T01:00:00Z,player_steals,0.5,draftkings,2025-11-19T14:54:30Z,2025-11-19T14:55:54Z,-144.0,108.0
Jaylin Williams,Sacramento Kings @ Oklahoma City Thunder,2025-11-20T01:00:00Z,player_steals,0.5,draftkings,2025-11-19T14:54:30Z,2025-11-19T14:55:54Z,-113.0,-117.0
Malik Monk,Sacramento Kings @ Oklahoma City Thunder,2025-11-20T01:00:00Z,player_steals,0.5,draftkings,2025-11-19T14:54:30Z,2025-11-19T14:55:54Z,-110.0,-121.0
Isaiah Joe,Sacramento Kings @ Oklahoma City Thunder,2025-11-20T01:00:00Z,player_threes,3.5,draftkings,2025-11-19T14:54:30Z,2025-11-19T14:55:54Z,132.0,-175.0
Zach LaVine,Sacramento Kings @ Oklahoma City Thunder,2025-11-20T01:00:00Z,player_threes,2.5,draftkings,2025-11-19T14:54:30Z,2025-11-19T14:55:54Z,-168.0,127.0
Shai Gilgeous-Alexander,Sacramento Kings @ Oklahoma City Thunder,2025-11-20T01:00:00Z,player_threes,1.5,draftkings,2025-11-19T14:54:30Z,2025-11-19T14:55:54Z,-161.0,122.0
Russell Westbrook,Sacramento Kings @ Oklahoma City Thunder,2025-11-20T01:00:00Z,player_threes,1.5,draftkings,2025-11-19T14:54:30Z,2025-11-19T14:55:54Z,-139.0,105.0
Luguentz Dort,Sacramento Kings @ Oklahoma City Thunder,2025-11-20T01:00:00Z,player_threes,1.5,draftkings,2025-11-19T14:54:30Z,2025-11-19T14:55:54Z,-138.0,105.0
Cason Wallace,Sacramento Kings @ Oklahoma City Thunder,2025-11-20T01:00:00Z,player_threes,1.5,draftkings,2025-11-19T14:54:30Z,2025-11-19T14:55:54Z,103.0,-135.0
Chet Holmgren,Sacramento Kings @ Oklahoma City Thunder,2025-11-20T01:00:00Z,player_threes,1.5,draftkings,2025-11-19T14:54:30Z,2025-11-19T14:55:54Z,105.0,-139.0
Russell Westbrook,Sacramento Kings @ Oklahoma City Thunder,2025-11-20T01:00:00Z,player_triple_double,,draftkings,2025-11-19T14:54:30Z,2025-11-19T14:55:54Z,,
Shai Gilgeous-Alexander,Sacramento Kings @ Oklahoma City Thunder,2025-11-20T01:00:00Z,player_triple_double,,draftkings,2025-11-19T14:54:30Z,2025-11-19T14:55:54Z,,
Ajay Mitchell,Sacramento Kings @ Oklahoma City Thunder,2025-11-20T01:00:00Z,player_assists,3.5,williamhill_us,2025-11-19T14:55:31Z,2025-11-19T14:55:49Z,-162.0,120.0
Dennis Schroder,Sacramento Kings @ Oklahoma City Thunder,2025-11-20T01:00:00Z,player_assists,4.5,williamhill_us,2025-11-19T14:55:31Z,2025-11-19T14:55:49Z,-132.0,-102.0
Chet Holmgren,Sacramento Kings @ Oklahoma City Thunder,2025-11-20T01:00:00Z,player_assists,1.5,williamhill_us,2025-11-19T14:55:31Z,2025-11-19T14:55:49Z,-145.0,109.0
Shai Gilgeous-Alexander,Sacramento Kings @ Oklahoma City Thunder,2025-11-20T01:00:00Z,player_assists,6.5,williamhill_us,2025-11-19T14:55:31Z,2025-11-19T14:55:49Z,-139.0,105.0
Isaiah Hartenstein,Sacramento Kings @ Oklahoma City Thunder,2025-11-20T01:00:00Z,player_assists,3.5,williamhill_us,2025-11-19T14:55:31Z,2025-11-19T14:55:49Z,118.0,-157.0
Cason Wallace,Sacramento Kings @ Oklahoma City Thunder,2025-11-20T01:00:00Z,player_assists,2.5,williamhill_us,2025-11-19T14:55:31Z,2025-11-19T14:55:49Z,-159.0,119.0
Zach LaVine,Sacramento Kings @ Oklahoma City Thunder,2025-11-20T01:00:00Z,player_assists,2.5,williamhill_us,2025-11-19T14:55:31Z,2025-11-19T14:55:49Z,115.0,-154.0
Russell Westbrook,Sacramento Kings @ Oklahoma City Thunder,2025-11-20T01:00:00Z,player_assists,7.5,williamhill_us,2025-11-19T14:55:31Z,2025-11-19T14:55:49Z,113.0,-150.0
Russell Westbrook,Sacramento Kings @ Oklahoma City Thunder,2025-11-20T01:00:00Z,player_points,14.5,williamhill_us,2025-11-19T14:55:31Z,2025-11-19T14:55:49Z,-124.0,-108.0
Isaiah Joe,Sacramento Kings @ Oklahoma City Thunder,2025-11-20T01:00:00Z,player_points,12.5,williamhill_us,2025-11-19T14:55:31Z,2025-11-19T14:55:49Z,-118.0,-115.0
DeMar DeRozan,Sacramento Kings @ Oklahoma City Thunder,2025-11-20T01:00:00Z,player_points,18.5,williamhill_us,2025-11-19T14:55:31Z,2025-11-19T14:55:49Z,-121.0,-110.0
Zach LaVine,Sacramento Kings @ Oklahoma City Thunder,2025-11-20T01:00:00Z,player_points,19.5,williamhill_us,2025-11-19T14:55:31Z,2025-11-19T14:55:49Z,-118.0,-113.0
Chet Holmgren,Sacramento Kings @ Oklahoma City Thunder,2025-11-20T01:00:00Z,player_points,18.5,williamhill_us,2025-11-19T14:55:31Z,2025-11-19T14:55:49Z,-104.0,-129.0
Malik Monk,Sacramento Kings @ Oklahoma City Thunder,2025-11-20T01:00:00Z,player_points,10.5,williamhill_us,2025-11-19T14:55:31Z,2025-11-19T14:55:49Z,-140.0,105.0
Isaiah Hartenstein,Sacramento Kings @ Oklahoma City Thunder,2025-11-20T01:00:00Z,player_points,11.5,williamhill_us,2025-11-19T14:55:31Z,2025-11-19T14:55:49Z,-136.0,102.0
Ajay Mitchell,Sacramento Kings @ Oklahoma City Thunder,2025-11-20T01:00:00Z,player_points,15.5,williamhill_us,2025-11-19T14:55:31Z,2025-11-19T14:55:49Z,-108.0,-124.0
Shai Gilgeous-Alexander,Sacramento Kings @ Oklahoma City Thunder,2025-11-20T01:00:00Z,player_points,30.5,williamhill_us,2025-11-19T14:55:31Z,2025-11-19T14:55:49Z,-124.0,-107.0
Cason Wallace,Sacramento Kings @ Oklahoma City Thunder,2025-11-20T01:00:00Z,player_points,8.5,williamhill_us,2025-11-19T14:55:31Z,2025-11-19T14:55:49Z,-124.0,-108.0
Dennis Schroder,Sacramento Kings @ Oklahoma City Thunder,2025-11-20T01:00:00Z,player_points,10.5,williamhill_us,2025-11-19T14:55:31Z,2025-11-19T14:55:49Z,-118.0,-113.0
Luguentz Dort,Sacramento Kings @ Oklahoma City Thunder,2025-11-20T01:00:00Z,player_points,7.5,williamhill_us,2025-11-19T14:55:31Z,2025-11-19T14:55:49Z,-138.0,105.0
Russell Westbrook,Sacramento Kings @ Oklahoma City Thunder,2025-11-20T01:00:00Z,player_rebounds,7.5,williamhill_us,2025-11-19T14:55:31Z,2025-11-19T14:55:49Z,-139.0,105.0
Isaiah Hartenstein,Sacramento Kings @ Oklahoma City Thunder,2025-11-20T01:00:00Z,player_rebounds,10.5,williamhill_us,2025-11-19T14:55:31Z,2025-11-19T14:55:49Z,-106.0,-125.0
Cason Wallace,Sacramento Kings @ Oklahoma City Thunder,2025-11-20T01:00:00Z,player_rebounds,2.5,williamhill_us,2025-11-19T14:55:31Z,2025-11-19T14:55:49Z,-121.0,-110.0
Luguentz Dort,Sacramento Kings @ Oklahoma City Thunder,2025-11-20T01:00:00Z,player_rebounds,3.5,williamhill_us,2025-11-19T14:55:31Z,2025-11-19T14:55:49Z,-132.0,-102.0
Shai Gilgeous-Alexander,Sacramento Kings @ Oklahoma City Thunder,2025-11-20T01:00:00Z,player_rebounds,4.5,williamhill_us,2025-11-19T14:55:31Z,2025-11-19T14:55:49Z,-134.0,100.0
Chet Holmgren,Sacramento Kings @ Oklahoma City Thunder,2025-11-20T01:00:00Z,player_rebounds,7.5,williamhill_us,2025-11-19T14:55:31Z,2025-11-19T14:55:49Z,-132.0,-102.0
Ajay Mitchell,Sacramento Kings @ Oklahoma City Thunder,2025-11-20T01:00:00Z,player_rebounds,3.5,williamhill_us,2025-11-19T14:55:31Z,2025-11-19T14:55:49Z,-118.0,-113.0
Jaylin Williams,Sacramento Kings @ Oklahoma City Thunder,2025-11-20T01:00:00Z,player_rebounds,5.5,williamhill_us,2025-11-19T14:55:31Z,2025-11-19T14:55:49Z,113.0,-150.0
Isaiah Joe,Sacramento Kings @ Oklahoma City Thunder,2025-11-20T01:00:00Z,player_rebounds,3.5,williamhill_us,2025-11-19T14:55:31Z,2025-11-19T14:55:49Z,111.0,-155.0
Drew Eubanks,Sacramento Kings @ Oklahoma City Thunder,2025-11-20T01:00:00Z,player_rebounds,6.5,williamhill_us,2025-11-19T14:55:31Z,2025-11-19T14:55:49Z,106.0,-141.0
Zach LaVine,Sacramento Kings @ Oklahoma City Thunder,2025-11-20T01:00:00Z,player_rebounds,3.5,williamhill_us,2025-11-19T14:55:31Z,2025-11-19T14:55:49Z,-143.0,108.0
DeMar DeRozan,Sacramento Kings @ Oklahoma City Thunder,2025-11-20T01:00:00Z,player_rebounds,3.5,williamhill_us,2025-11-19T14:55:31Z,2025-11-19T14:55:49Z,-117.0,-114.0
Ajay Mitchell,Sacramento Kings @ Oklahoma City Thunder,2025-11-20T01:00:00Z,player_threes,1.5,williamhill_us,2025-11-19T14:55:31Z,2025-11-19T14:55:49Z,163.0,-225.0
Russell Westbrook,Sacramento Kings @ Oklahoma City Thunder,2025-11-20T01:00:00Z,player_threes,1.5,williamhill_us,2025-11-19T14:55:31Z,2025-11-19T14:55:49Z,-141.0,106.0
Luguentz Dort,Sacramento Kings @ Oklahoma City Thunder,2025-11-20T01:00:00Z,player_threes,1.5,williamhill_us,2025-11-19T14:55:31Z,2025-11-19T14:55:49Z,-136.0,101.0
Chet Holmgren,Sacramento Kings @ Oklahoma City Thunder,2025-11-20T01:00:00Z,player_threes,1.5,williamhill_us,2025-11-19T14:55:31Z,2025-11-19T14:55:49Z,-102.0,-132.0
Dennis Schroder,Sacramento Kings @ Oklahoma City Thunder,2025-11-20T01:00:00Z,player_threes,1.5,williamhill_us,2025-11-19T14:55:31Z,2025-11-19T14:55:49Z,-106.0,-125.0
Cason Wallace,Sacramento Kings @ Oklahoma City Thunder,2025-11-20T01:00:00Z,player_threes,1.5,williamhill_us,2025-11-19T14:55:31Z,2025-11-19T14:55:49Z,103.0,-136.0
Keon Ellis,Sacramento Kings @ Oklahoma City Thunder,2025-11-20T01:00:00Z,player_threes,1.5,williamhill_us,2025-11-19T14:55:31Z,2025-11-19T14:55:49Z,-124.0,-107.0
Zach LaVine,Sacramento Kings @ Oklahoma City Thunder,2025-11-20T01:00:00Z,player_threes,2.5,williamhill_us,2025-11-19T14:55:31Z,2025-11-19T14:55:49Z,-170.0,128.0
Shai Gilgeous-Alexander,Sacramento Kings @ Oklahoma City Thunder,2025-11-20T01:00:00Z,player_threes,1.5,williamhill_us,2025-11-19T14:55:31Z,2025-11-19T14:55:49Z,-179.0,134.0
Isaiah Joe,Sacramento Kings @ Oklahoma City Thunder,2025-11-20T01:00:00Z,player_threes,3.5,williamhill_us,2025-11-19T14:55:31Z,2025-11-19T14:55:49Z,128.0,-173.0
Zach LaVine,Sacramento Kings @ Oklahoma City Thunder,2025-11-20T01:00:00Z,player_assists,2.5,fanduel,2025-11-19T14:55:00Z,2025-11-19T14:53:03Z,116.0,-154.0
Isaiah Hartenstein,Sacramento Kings @ Oklahoma City Thunder,2025-11-20T01:00:00Z,player_assists,3.5,fanduel,2025-11-19T14:55:00Z,2025-11-19T14:53:03Z,116.0,-154.0
Russell Westbrook,Sacramento Kings @ Oklahoma City Thunder,2025-11-20T01:00:00Z,player_assists,6.5,fanduel,2025-11-19T14:55:00Z,2025-11-19T14:53:03Z,-154.0,116.0
Shai Gilgeous-Alexander,Sacramento Kings @ Oklahoma City Thunder,2025-11-20T01:00:00Z,player_assists,6.5,fanduel,2025-11-19T14:55:00Z,2025-11-19T14:53:03Z,-132.0,100.0
DeMar DeRozan,Sacramento Kings @ Oklahoma City Thunder,2025-11-20T01:00:00Z,player_assists,3.5,fanduel,2025-11-19T14:55:00Z,2025-11-19T14:53:03Z,136.0,-182.0
Chet Holmgren,Sacramento Kings @ Oklahoma City Thunder,2025-11-20T01:00:00Z,player_blocks,1.5,fanduel,2025-11-19T14:55:00Z,2025-11-19T14:52:57Z,-138.0,104.0
Isaiah Hartenstein,Sacramento Kings @ Oklahoma City Thunder,2025-11-20T01:00:00Z,player_double_double,,fanduel,2025-11-19T14:55:00Z,2025-11-19T14:53:03Z,,
Russell Westbrook,Sacramento Kings @ Oklahoma City Thunder,2025-11-20T01:00:00Z,player_double_double,,fanduel,2025-11-19T14:55:00Z,2025-11-19T14:53:03Z,,
Chet Holmgren,Sacramento Kings @ Oklahoma City Thunder,2025-11-20T01:00:00Z,player_double_double,,fanduel,2025-11-19T14:55:00Z,2025-11-19T14:53:03Z,,
Shai Gilgeous-Alexander,Sacramento Kings @ Oklahoma City Thunder,2025-11-20T01:00:00Z,player_double_double,,fanduel,2025-11-19T14:55:00Z,2025-11-19T14:53:03Z,,
Zach LaVine,Sacramento Kings @ Oklahoma City Thunder,2025-11-20T01:00:00Z,player_double_double,,fanduel,2025-11-19T14:55:00Z,2025-11-19T14:53:03Z,,
DeMar DeRozan,Sacramento Kings @ Oklahoma City Thunder,2025-11-20T01:00:00Z,player_double_double,,fanduel,2025-11-19T14:55:00Z,2025-11-19T14:53:03Z,,
Chet Holmgren,Sacramento Kings @ Oklahoma City Thunder,2025-11-20T01:00:00Z,player_points,17.5,fanduel,2025-11-19T14:55:00Z,2025-11-19T14:53:03Z,-132.0,100.0
Isaiah Hartenstein,Sacramento Kings @ Oklahoma City Thunder,2025-11-20T01:00:00Z,player_points,11.5,fanduel,2025-11-19T14:55:00Z,2025-11-19T14:53:03Z,-132.0,100.0
Shai Gilgeous-Alexander,Sacramento Kings @ Oklahoma City Thunder,2025-11-20T01:00:00Z,player_points,30.5,fanduel,2025-11-19T14:55:00Z,2025-11-19T14:53:03Z,-125.0,-106.0
Russell Westbrook,Sacramento Kings @ Oklahoma City Thunder,2025-11-20T01:00:00Z,player_points,14.5,fanduel,2025-11-19T14:55:00Z,2025-11-19T14:53:03Z,-112.0,-118.0
Luguentz Dort,Sacramento Kings @ Oklahoma City Thunder,2025-11-20T01:00:00Z,player_points,7.5,fanduel,2025-11-19T14:55:00Z,2025-11-19T14:53:03Z,-136.0,102.0
Cason Wallace,Sacramento Kings @ Oklahoma City Thunder,2025-11-20T01:00:00Z,player_points,8.5,fanduel,2025-11-19T14:55:00Z,2025-11-19T14:53:03Z,-114.0,-114.0
DeMar DeRozan,Sacramento Kings @ Oklahoma City Thunder,2025-11-20T01:00:00Z,player_points,18.5,fanduel,2025-11-19T14:55:00Z,2025-11-19T14:53:03Z,-130.0,-102.0
Zach LaVine,Sacramento Kings @ Oklahoma City Thunder,2025-11-20T01:00:00Z,player_points,19.5,fanduel,2025-11-19T14:55:00Z,2025-11-19T14:53:03Z,-112.0,-118.0
Zach LaVine,Sacramento Kings @ Oklahoma City Thunder,2025-11-20T01:00:00Z,player_points_rebounds_assists,25.5,fanduel,2025-11-19T14:55:00Z,2025-11-19T14:53:03Z,-122.0,-108.0
Chet Holmgren,Sacramento Kings @ Oklahoma City Thunder,2025-11-20T01:00:00Z,player_points_rebounds_assists,28.5,fanduel,2025-11-19T14:55:00Z,2025-11-19T14:53:03Z,-106.0,-125.0
DeMar DeRozan,Sacramento Kings @ Oklahoma City Thunder,2025-11-20T01:00:00Z,player_points_rebounds_assists,25.5,fanduel,2025-11-19T14:55:00Z,2025-11-19T14:53:03Z,-128.0,-104.0
Russell Westbrook,Sacramento Kings @ Oklahoma City Thunder,2025-11-20T01:00:00Z,player_points_rebounds_assists,30.5,fanduel,2025-11-19T14:55:00Z,2025-11-19T14:53:03Z,-108.0,-122.0
Shai Gilgeous-Alexander,Sacramento Kings @ Oklahoma City Thunder,2025-11-20T01:00:00Z,player_points_rebounds_assists,42.5,fanduel,2025-11-19T14:55:00Z,2025-11-19T14:53:03Z,-120.0,-110.0
Isaiah Hartenstein,Sacramento Kings @ Oklahoma City Thunder,2025-11-20T01:00:00Z,player_points_rebounds_assists,25.5,fanduel,2025-11-19T14:55:00Z,2025-11-19T14:53:03Z,-120.0,-110.0
Russell Westbrook,Sacramento Kings @ Oklahoma City Thunder,2025-11-20T01:00:00Z,player_rebounds,7.5,fanduel,2025-11-19T14:55:00Z,2025-11-19T14:53:03Z,-154.0,116.0
Shai Gilgeous-Alexander,Sacramento Kings @ Oklahoma City Thunder,2025-11-20T01:00:00Z,player_rebounds,4.5,fanduel,2025-11-19T14:55:00Z,2025-11-19T14:53:03Z,-125.0,-106.0
Chet Holmgren,Sacramento Kings @ Oklahoma City Thunder,2025-11-20T01:00:00Z,player_rebounds,7.5,fanduel,2025-11-19T14:55:00Z,2025-11-19T14:53:03Z,-136.0,102.0
Isaiah Hartenstein,Sacramento Kings @ Oklahoma City Thunder,2025-11-20T01:00:00Z,player_rebounds,10.5,fanduel,2025-11-19T14:55:00Z,2025-11-19T14:53:03Z,100.0,-132.0
DeMar DeRozan,Sacramento Kings @ Oklahoma City Thunder,2025-11-20T01:00:00Z,player_rebounds,3.5,fanduel,2025-11-19T14:55:00Z,2025-11-19T14:53:03Z,-114.0,-114.0
Zach LaVine,Sacramento Kings @ Oklahoma City Thunder,2025-11-20T01:00:00Z,player_rebounds,3.5,fanduel,2025-11-19T14:55:00Z,2025-11-19T14:53:03Z,-152.0,114.0
Russell Westbrook,Sacramento Kings @ Oklahoma City Thunder,2025-11-20T01:00:00Z,player_steals,1.5,fanduel,2025-11-19T14:55:00Z,2025-11-19T14:52:57Z,178.0,-245.0
Cason Wallace,Sacramento Kings @ Oklahoma City Thunder,2025-11-20T01:00:00Z,player_steals,1.5,fanduel,2025-11-19T14:55:00Z,2025-11-19T14:52:57Z,-182.0,136.0
Shai Gilgeous-Alexander,Sacramento Kings @ Oklahoma City Thunder,2025-11-20T01:00:00Z,player_steals,1.5,fanduel,2025-11-19T14:55:00Z,2025-11-19T14:52:57Z,100.0,-132.0
Shai Gilgeous-Alexander,Sacramento Kings @ Oklahoma City Thunder,2025-11-20T01:00:00Z,player_threes,1.5,fanduel,2025-11-19T14:55:00Z,2025-11-19T14:53:03Z,-178.0,132.0
Chet Holmgren,Sacramento Kings @ Oklahoma City Thunder,2025-11-20T01:00:00Z,player_threes,1.5,fanduel,2025-11-19T14:55:00Z,2025-11-19T14:53:03Z,-114.0,-114.0
Zach LaVine,Sacramento Kings @ Oklahoma City Thunder,2025-11-20T01:00:00Z,player_threes,2.5,fanduel,2025-11-19T14:55:00Z,2025-11-19T14:53:03Z,-172.0,128.0
Russell Westbrook,Sacramento Kings @ Oklahoma City Thunder,2025-11-20T01:00:00Z,player_threes,1.5,fanduel,2025-11-19T14:55:00Z,2025-11-19T14:53:03Z,-166.0,124.0
Russell Westbrook,Sacramento Kings @ Oklahoma City Thunder,2025-11-20T01:00:00Z,player_triple_double,,fanduel,2025-11-19T14:55:00Z,2025-11-19T14:53:03Z,,
Shai Gilgeous-Alexander,Sacramento Kings @ Oklahoma City Thunder,2025-11-20T01:00:00Z,player_triple_double,,fanduel,2025-11-19T14:55:00Z,2025-11-19T14:53:03Z,,
DeMar DeRozan,Sacramento Kings @ Oklahoma City Thunder,2025-11-20T01:00:00Z,player_assists,3.5,betrivers,2025-11-19T14:55:14Z,2025-11-19T14:56:06Z,125.0,-167.0
Shai Gilgeous-Alexander,Sacramento Kings @ Oklahoma City Thunder,2025-11-20T01:00:00Z,player_assists,6.5,betrivers,2025-11-19T14:55:14Z,2025-11-19T14:56:06Z,-125.0,-106.0
Isaiah Hartenstein,Sacramento Kings @ Oklahoma City Thunder,2025-11-20T01:00:00Z,player_assists,3.5,betrivers,2025-11-19T14:55:14Z,2025-11-19T14:56:06Z,117.0,-157.0
Zach LaVine,Sacramento Kings @ Oklahoma City Thunder,2025-11-20T01:00:00Z,player_assists,2.5,betrivers,2025-11-19T14:55:14Z,2025-11-19T14:56:06Z,116.0,-155.0
Russell Westbrook,Sacramento Kings @ Oklahoma City Thunder,2025-11-20T01:00:00Z,player_assists,7.5,betrivers,2025-11-19T14:55:14Z,2025-11-19T14:56:06Z,104.0,-139.0
Shai Gilgeous-Alexander,Sacramento Kings @ Oklahoma City Thunder,2025-11-20T01:00:00Z,player_points,31.5,betrivers,2025-11-19T14:55:14Z,2025-11-19T14:56:06Z,-110.0,-121.0
Zach LaVine,Sacramento Kings @ Oklahoma City Thunder,2025-11-20T01:00:00Z,player_points,19.5,betrivers,2025-11-19T14:55:14Z,2025-11-19T14:56:06Z,-112.0,-120.0
Russell Westbrook,Sacramento Kings @ Oklahoma City Thunder,2025-11-20T01:00:00Z,player_points,14.5,betrivers,2025-11-19T14:55:14Z,2025-11-19T14:56:06Z,-124.0,-107.0
Chet Holmgren,Sacramento Kings @ Oklahoma City Thunder,2025-11-20T01:00:00Z,player_points,18.5,betrivers,2025-11-19T14:55:14Z,2025-11-19T14:56:06Z,-105.0,-127.0
Isaiah Hartenstein,Sacramento Kings @ Oklahoma City Thunder,2025-11-20T01:00:00Z,player_points,11.5,betrivers,2025-11-19T14:55:14Z,2025-11-19T14:56:06Z,-132.0,100.0
DeMar DeRozan,Sacramento Kings @ Oklahoma City Thunder,2025-11-20T01:00:00Z,player_points,19.5,betrivers,2025-11-19T14:55:14Z,2025-11-19T14:56:06Z,-106.0,-125.0
Russell Westbrook,Sacramento Kings @ Oklahoma City Thunder,2025-11-20T01:00:00Z,player_points_rebounds_assists,31.5,betrivers,2025-11-19T14:55:14Z,2025-11-19T14:56:06Z,-112.0,-120.0
DeMar DeRozan,Sacramento Kings @ Oklahoma City Thunder,2025-11-20T01:00:00Z,player_points_rebounds_assists,26.5,betrivers,2025-11-19T14:55:14Z,2025-11-19T14:56:06Z,-113.0,-118.0
Shai Gilgeous-Alexander,Sacramento Kings @ Oklahoma City Thunder,2025-11-20T01:00:00Z,player_points_rebounds_assists,43.5,betrivers,2025-11-19T14:55:14Z,2025-11-19T14:56:06Z,-117.0,-114.0
Isaiah Hartenstein,Sacramento Kings @ Oklahoma City Thunder,2025-11-20T01:00:00Z,player_points_rebounds_assists,26.5,betrivers,2025-11-19T14:55:14Z,2025-11-19T14:56:06Z,-107.0,-124.0
Zach LaVine,Sacramento Kings @ Oklahoma City Thunder,2025-11-20T01:00:00Z,player_points_rebounds_assists,26.5,betrivers,2025-11-19T14:55:14Z,2025-11-19T14:56:06Z,-108.0,-122.0
Shai Gilgeous-Alexander,Sacramento Kings @ Oklahoma City Thunder,2025-11-20T01:00:00Z,player_rebounds,4.5,betrivers,2025-11-19T14:55:14Z,2025-11-19T14:56:06Z,-125.0,-107.0
Isaiah Hartenstein,Sacramento Kings @ Oklahoma City Thunder,2025-11-20T01:00:00Z,player_rebounds,10.5,betrivers,2025-11-19T14:55:14Z,2025-11-19T14:56:06Z,102.0,-136.0
Russell Westbrook,Sacramento Kings @ Oklahoma City Thunder,2025-11-20T01:00:00Z,player_rebounds,8.5,betrivers,2025-11-19T14:55:14Z,2025-11-19T14:56:06Z,-109.0,-122.0
Chet Holmgren,Sacramento Kings @ Oklahoma City Thunder,2025-11-20T01:00:00Z,player_rebounds,7.5,betrivers,2025-11-19T14:55:14Z,2025-11-19T14:56:06Z,-136.0,102.0
Zach LaVine,Sacramento Kings @ Oklahoma City Thunder,2025-11-20T01:00:00Z,player_rebounds,3.5,betrivers,2025-11-19T14:55:14Z,2025-11-19T14:56:06Z,-152.0,114.0
DeMar DeRozan,Sacramento Kings @ Oklahoma City Thunder,2025-11-20T01:00:00Z,player_rebounds,3.5,betrivers,2025-11-19T14:55:14Z,2025-11-19T14:56:06Z,-121.0,-109.0
Chet Holmgren,Sacramento Kings @ Oklahoma City Thunder,2025-11-20T01:00:00Z,player_threes,1.5,betrivers,2025-11-19T14:55:14Z,2025-11-19T14:56:06Z,-112.0,-120.0
Shai Gilgeous-Alexander,Sacramento Kings @ Oklahoma City Thunder,2025-11-20T01:00:00Z,player_threes,1.5,betrivers,2025-11-19T14:55:14Z,2025-11-19T14:56:06Z,-177.0,130.0
Russell Westbrook,Sacramento Kings @ Oklahoma City Thunder,2025-11-20T01:00:00Z,player_threes,1.5,betrivers,2025-11-19T14:55:14Z,2025-11-19T14:56:06Z,-159.0,120.0
Zach LaVine,Sacramento Kings @ Oklahoma City Thunder,2025-11-20T01:00:00Z,player_threes,2.5,betrivers,2025-11-19T14:55:14Z,2025-11-19T14:56:06Z,-175.0,130.0
Russell Westbrook,Sacramento Kings @ Oklahoma City Thunder,2025-11-20T01:00:00Z,player_assists,7.5,betonlineag,2025-11-19T14:53:31Z,2025-11-19T14:56:03Z,113.0,-147.0
Shai Gilgeous-Alexander,Sacramento Kings @ Oklahoma City Thunder,2025-11-20T01:00:00Z,player_assists,6.5,betonlineag,2025-11-19T14:53:31Z,2025-11-19T14:56:03Z,-139.0,107.0
Isaiah Hartenstein,Sacramento Kings @ Oklahoma City Thunder,2025-11-20T01:00:00Z,player_assists,3.5,betonlineag,2025-11-19T14:53:31Z,2025-11-19T14:56:03Z,124.0,-161.0
Zach LaVine,Sacramento Kings @ Oklahoma City Thunder,2025-11-20T01:00:00Z,player_assists,2.5,betonlineag,2025-11-19T14:53:31Z,2025-11-19T14:56:03Z,115.0,-149.0
Ajay Mitchell,Sacramento Kings @ Oklahoma City Thunder,2025-11-20T01:00:00Z,player_assists,3.5,betonlineag,2025-11-19T14:53:31Z,2025-11-19T14:56:03Z,-159.0,122.0
Dennis Schroder,Sacramento Kings @ Oklahoma City Thunder,2025-11-20T01:00:00Z,player_assists,4.5,betonlineag,2025-11-19T14:53:31Z,2025-11-19T14:56:03Z,-130.0,100.0
Malik Monk,Sacramento Kings @ Oklahoma City Thunder,2025-11-20T01:00:00Z,player_assists,2.5,betonlineag,2025-11-19T14:53:31Z,2025-11-19T14:56:03Z,118.0,-154.0
DeMar DeRozan,Sacramento Kings @ Oklahoma City Thunder,2025-11-20T01:00:00Z,player_assists,3.5,betonlineag,2025-11-19T14:53:31Z,2025-11-19T14:56:03Z,132.0,-172.0
Jaylin Williams,Sacramento Kings @ Oklahoma City Thunder,2025-11-20T01:00:00Z,player_assists,2.5,betonlineag,2025-11-19T14:53:31Z,2025-11-19T14:56:03Z,-114.0,-114.0
Russell Westbrook,Sacramento Kings @ Oklahoma City Thunder,2025-11-20T01:00:00Z,player_points,14.5,betonlineag,2025-11-19T14:53:31Z,2025-11-19T14:56:03Z,-112.0,-115.0
DeMar DeRozan,Sacramento Kings @ Oklahoma City Thunder,2025-11-20T01:00:00Z,player_points,18.5,betonlineag,2025-11-19T14:53:31Z,2025-11-19T14:56:03Z,-116.0,-111.0
Ajay Mitchell,Sacramento Kings @ Oklahoma City Thunder,2025-11-20T01:00:00Z,player_points,15.5,betonlineag,2025-11-19T14:53:31Z,2025-11-19T14:56:03Z,-103.0,-125.0
Luguentz Dort,Sacramento Kings @ Oklahoma City Thunder,2025-11-20T01:00:00Z,player_points,8.5,betonlineag,2025-11-19T14:53:31Z,2025-11-19T14:56:03Z,100.0,-130.0
Isaiah Hartenstein,Sacramento Kings @ Oklahoma City Thunder,2025-11-20T01:00:00Z,player_points,11.5,betonlineag,2025-11-19T14:53:31Z,2025-11-19T14:56:03Z,-127.0,-102.0
Isaiah Joe,Sacramento Kings @ Oklahoma City Thunder,2025-11-20T01:00:00Z,player_points,12.5,betonlineag,2025-11-19T14:53:31Z,2025-11-19T14:56:03Z,-115.0,-112.0
Zach LaVine,Sacramento Kings @ Oklahoma City Thunder,2025-11-20T01:00:00Z,player_points,19.5,betonlineag,2025-11-19T14:53:31Z,2025-11-19T14:56:03Z,-103.0,-125.0
Chet Holmgren,Sacramento Kings @ Oklahoma City Thunder,2025-11-20T01:00:00Z,player_points,18.5,betonlineag,2025-11-19T14:53:31Z,2025-11-19T14:56:03Z,-103.0,-125.0
Shai Gilgeous-Alexander,Sacramento Kings @ Oklahoma City Thunder,2025-11-20T01:00:00Z,player_points,31.5,betonlineag,2025-11-19T14:53:31Z,2025-11-19T14:56:03Z,-106.0,-122.0
Dennis Schroder,Sacramento Kings @ Oklahoma City Thunder,2025-11-20T01:00:00Z,player_points,10.5,betonlineag,2025-11-19T14:53:31Z,2025-11-19T14:56:03Z,-114.0,-114.0
Drew Eubanks,Sacramento Kings @ Oklahoma City Thunder,2025-11-20T01:00:00Z,player_points,7.5,betonlineag,2025-11-19T14:53:31Z,2025-11-19T14:56:03Z,-156.0,120.0
Jaylin Williams,Sacramento Kings @ Oklahoma City Thunder,2025-11-20T01:00:00Z,player_points,6.5,betonlineag,2025-11-19T14:53:31Z,2025-11-19T14:56:03Z,-110.0,-118.0
Keon Ellis,Sacramento Kings @ Oklahoma City Thunder,2025-11-20T01:00:00Z,player_points,6.5,betonlineag,2025-11-19T14:53:31Z,2025-11-19T14:56:03Z,100.0,-130.0
Malik Monk,Sacramento Kings @ Oklahoma City Thunder,2025-11-20T01:00:00Z,player_points,11.5,betonlineag,2025-11-19T14:53:31Z,2025-11-19T14:56:03Z,-128.0,-101.0
Russell Westbrook,Sacramento Kings @ Oklahoma City Thunder,2025-11-20T01:00:00Z,player_points_rebounds_assists,30.5,betonlineag,2025-11-19T14:53:31Z,2025-11-19T14:56:03Z,-105.0,-123.0
Isaiah Hartenstein,Sacramento Kings @ Oklahoma City Thunder,2025-11-20T01:00:00Z,player_points_rebounds_assists,25.5,betonlineag,2025-11-19T14:53:31Z,2025-11-19T14:56:03Z,-118.0,-110.0
DeMar DeRozan,Sacramento Kings @ Oklahoma City Thunder,2025-11-20T01:00:00Z,player_points_rebounds_assists,25.5,betonlineag,2025-11-19T14:53:31Z,2025-11-19T14:56:03Z,-115.0,-112.0
Ajay Mitchell,Sacramento Kings @ Oklahoma City Thunder,2025-11-20T01:00:00Z,player_points_rebounds_assists,22.5,betonlineag,2025-11-19T14:53:31Z,2025-11-19T14:56:03Z,-111.0,-116.0
Chet Holmgren,Sacramento Kings @ Oklahoma City Thunder,2025-11-20T01:00:00Z,player_points_rebounds_assists,28.5,betonlineag,2025-11-19T14:53:31Z,2025-11-19T14:56:03Z,-103.0,-125.0
Isaiah Joe,Sacramento Kings @ Oklahoma City Thunder,2025-11-20T01:00:00Z,player_points_rebounds_assists,18.5,betonlineag,2025-11-19T14:53:31Z,2025-11-19T14:56:03Z,-123.0,-105.0
Shai Gilgeous-Alexander,Sacramento Kings @ Oklahoma City Thunder,2025-11-20T01:00:00Z,player_points_rebounds_assists,43.5,betonlineag,2025-11-19T14:53:31Z,2025-11-19T14:56:03Z,-108.0,-120.0
Malik Monk,Sacramento Kings @ Oklahoma City Thunder,2025-11-20T01:00:00Z,player_points_rebounds_assists,17.5,betonlineag,2025-11-19T14:53:31Z,2025-11-19T14:56:03Z,126.0,-164.0
Zach LaVine,Sacramento Kings @ Oklahoma City Thunder,2025-11-20T01:00:00Z,player_points_rebounds_assists,25.5,betonlineag,2025-11-19T14:53:31Z,2025-11-19T14:56:03Z,-118.0,-110.0
Jaylin Williams,Sacramento Kings @ Oklahoma City Thunder,2025-11-20T01:00:00Z,player_points_rebounds_assists,14.5,betonlineag,2025-11-19T14:53:31Z,2025-11-19T14:56:03Z,-111.0,-116.0
Shai Gilgeous-Alexander,Sacramento Kings @ Oklahoma City Thunder,2025-11-20T01:00:00Z,player_rebounds,4.5,betonlineag,2025-11-19T14:53:31Z,2025-11-19T14:56:03Z,-132.0,102.0
Luguentz Dort,Sacramento Kings @ Oklahoma City Thunder,2025-11-20T01:00:00Z,player_rebounds,3.5,betonlineag,2025-11-19T14:53:31Z,2025-11-19T14:56:03Z,-137.0,106.0
Isaiah Hartenstein,Sacramento Kings @ Oklahoma City Thunder,2025-11-20T01:00:00Z,player_rebounds,10.5,betonlineag,2025-11-19T14:53:31Z,2025-11-19T14:56:03Z,100.0,-130.0
Chet Holmgren,Sacramento Kings @ Oklahoma City Thunder,2025-11-20T01:00:00Z,player_rebounds,7.5,betonlineag,2025-11-19T14:53:31Z,2025-11-19T14:56:03Z,-133.0,103.0
DeMar DeRozan,Sacramento Kings @ Oklahoma City Thunder,2025-11-20T01:00:00Z,player_rebounds,3.5,betonlineag,2025-11-19T14:53:31Z,2025-11-19T14:56:03Z,-116.0,-111.0
Ajay Mitchell,Sacramento Kings @ Oklahoma City Thunder,2025-11-20T01:00:00Z,player_rebounds,3.5,betonlineag,2025-11-19T14:53:31Z,2025-11-19T14:56:03Z,-116.0,-111.0
Zach LaVine,Sacramento Kings @ Oklahoma City Thunder,2025-11-20T01:00:00Z,player_rebounds,3.5,betonlineag,2025-11-19T14:53:31Z,2025-11-19T14:56:03Z,-149.0,115.0
Malik Monk,Sacramento Kings @ Oklahoma City Thunder,2025-11-20T01:00:00Z,player_rebounds,2.5,betonlineag,2025-11-19T14:53:31Z,2025-11-19T14:56:03Z,-119.0,-109.0
Isaiah Joe,Sacramento Kings @ Oklahoma City Thunder,2025-11-20T01:00:00Z,player_rebounds,3.5,betonlineag,2025-11-19T14:53:31Z,2025-11-19T14:56:03Z,112.0,-145.0
Russell Westbrook,Sacramento Kings @ Oklahoma City Thunder,2025-11-20T01:00:00Z,player_rebounds,7.5,betonlineag,2025-11-19T14:53:31Z,2025-11-19T14:56:03Z,-120.0,-108.0
Drew Eubanks,Sacramento Kings @ Oklahoma City Thunder,2025-11-20T01:00:00Z,player_rebounds,6.5,betonlineag,2025-11-19T14:53:31Z,2025-11-19T14:56:03Z,113.0,-147.0
Jaylin Williams,Sacramento Kings @ Oklahoma City Thunder,2025-11-20T01:00:00Z,player_rebounds,5.5,betonlineag,2025-11-19T14:53:31Z,2025-11-19T14:56:03Z,117.0,-152.0
Dennis Schroder,Sacramento Kings @ Oklahoma City Thunder,2025-11-20T01:00:00Z,player_rebounds,3.5,betonlineag,2025-11-19T14:53:31Z,2025-11-19T14:56:03Z,-102.0,-127.0
DeMar DeRozan,Sacramento Kings @ Oklahoma City Thunder,2025-11-20T01:00:00Z,player_threes,0.5,betonlineag,2025-11-19T14:53:31Z,2025-11-19T14:56:03Z,-196.0,150.0
Russell Westbrook,Sacramento Kings @ Oklahoma City Thunder,2025-11-20T01:00:00Z,player_threes,1.5,betonlineag,2025-11-19T14:53:31Z,2025-11-19T14:56:03Z,-145.0,112.0
Luguentz Dort,Sacramento Kings @ Oklahoma City Thunder,2025-11-20T01:00:00Z,player_threes,1.5,betonlineag,2025-11-19T14:53:31Z,2025-11-19T14:56:03Z,-154.0,118.0
Shai Gilgeous-Alexander,Sacramento Kings @ Oklahoma City Thunder,2025-11-20T01:00:00Z,player_threes,1.5,betonlineag,2025-11-19T14:53:31Z,2025-11-19T14:56:03Z,-172.0,131.0
Ajay Mitchell,Sacramento Kings @ Oklahoma City Thunder,2025-11-20T01:00:00Z,player_threes,1.5,betonlineag,2025-11-19T14:53:31Z,2025-11-19T14:56:03Z,164.0,-217.0
Chet Holmgren,Sacramento Kings @ Oklahoma City Thunder,2025-11-20T01:00:00Z,player_threes,1.5,betonlineag,2025-11-19T14:53:31Z,2025-11-19T14:56:03Z,-102.0,-127.0
Zach LaVine,Sacramento Kings @ Oklahoma City Thunder,2025-11-20T01:00:00Z,player_threes,2.5,betonlineag,2025-11-19T14:53:31Z,2025-11-19T14:56:03Z,-167.0,128.0
Malik Monk,Sacramento Kings @ Oklahoma City Thunder,2025-11-20T01:00:00Z,player_threes,1.5,betonlineag,2025-11-19T14:53:31Z,2025-11-19T14:56:03Z,-120.0,-108.0
Dennis Schroder,Sacramento Kings @ Oklahoma City Thunder,2025-11-20T01:00:00Z,player_threes,1.5,betonlineag,2025-11-19T14:53:31Z,2025-11-19T14:56:03Z,-110.0,-118.0
Isaiah Joe,Sacramento Kings @ Oklahoma City Thunder,2025-11-20T01:00:00Z,player_threes,3.5,betonlineag,2025-11-19T14:53:31Z,2025-11-19T14:56:03Z,134.0,-175.0
Jaylin Williams,Sacramento Kings @ Oklahoma City Thunder,2025-11-20T01:00:00Z,player_threes,1.5,betonlineag,2025-11-19T14:53:31Z,2025-11-19T14:56:03Z,128.0,-167.0
Keon Ellis,Sacramento Kings @ Oklahoma City Thunder,2025-11-20T01:00:00Z,player_threes,1.5,betonlineag,2025-11-19T14:53:31Z,2025-11-19T14:56:03Z,-135.0,105.0
Zach LaVine,Sacramento Kings @ Oklahoma City Thunder,2025-11-20T01:00:00Z,player_assists,2.5,fanatics,2025-11-19T14:55:13Z,2025-11-19T14:54:54Z,115.0,-150.0
DeMar DeRozan,Sacramento Kings @ Oklahoma City Thunder,2025-11-20T01:00:00Z,player_assists,2.5,fanatics,2025-11-19T14:55:13Z,2025-11-19T14:54:54Z,-175.0,125.0
Russell Westbrook,Sacramento Kings @ Oklahoma City Thunder,2025-11-20T01:00:00Z,player_assists,7.5,fanatics,2025-11-19T14:55:13Z,2025-11-19T14:54:54Z,115.0,-150.0
Shai Gilgeous-Alexander,Sacramento Kings @ Oklahoma City Thunder,2025-11-20T01:00:00Z,player_assists,6.5,fanatics,2025-11-19T14:55:13Z,2025-11-19T14:54:54Z,-140.0,105.0
Cason Wallace,Sacramento Kings @ Oklahoma City Thunder,2025-11-20T01:00:00Z,player_assists,2.5,fanatics,2025-11-19T14:55:13Z,2025-11-19T14:54:54Z,-165.0,120.0
Chet Holmgren,Sacramento Kings @ Oklahoma City Thunder,2025-11-20T01:00:00Z,player_assists,1.5,fanatics,2025-11-19T14:55:13Z,2025-11-19T14:54:54Z,-165.0,120.0
Isaiah Hartenstein,Sacramento Kings @ Oklahoma City Thunder,2025-11-20T01:00:00Z,player_assists,3.5,fanatics,2025-11-19T14:55:13Z,2025-11-19T14:54:54Z,120.0,-165.0
Ajay Mitchell,Sacramento Kings @ Oklahoma City Thunder,2025-11-20T01:00:00Z,player_assists,3.5,fanatics,2025-11-19T14:55:13Z,2025-11-19T14:54:54Z,-150.0,115.0
Dennis Schroder,Sacramento Kings @ Oklahoma City Thunder,2025-11-20T01:00:00Z,player_assists,4.5,fanatics,2025-11-19T14:55:13Z,2025-11-19T14:54:54Z,-130.0,100.0
Malik Monk,Sacramento Kings @ Oklahoma City Thunder,2025-11-20T01:00:00Z,player_assists,2.5,fanatics,2025-11-19T14:55:13Z,2025-11-19T14:54:54Z,120.0,-165.0
Jaylin Williams,Sacramento Kings @ Oklahoma City Thunder,2025-11-20T01:00:00Z,player_assists,2.5,fanatics,2025-11-19T14:55:13Z,2025-11-19T14:54:54Z,-115.0,-115.0
Isaiah Joe,Sacramento Kings @ Oklahoma City Thunder,2025-11-20T01:00:00Z,player_assists,1.5,fanatics,2025-11-19T14:55:13Z,2025-11-19T14:54:54Z,-115.0,-115.0
Luguentz Dort,Sacramento Kings @ Oklahoma City Thunder,2025-11-20T01:00:00Z,player_assists,0.5,fanatics,2025-11-19T14:55:13Z,2025-11-19T14:54:54Z,-250.0,155.0
Drew Eubanks,Sacramento Kings @ Oklahoma City Thunder,2025-11-20T01:00:00Z,player_assists,0.5,fanatics,2025-11-19T14:55:13Z,2025-11-19T14:54:54Z,120.0,-165.0
Keon Ellis,Sacramento Kings @ Oklahoma City Thunder,2025-11-20T01:00:00Z,player_assists,0.5,fanatics,2025-11-19T14:55:13Z,2025-11-19T14:54:54Z,-190.0,130.0
Zach LaVine,Sacramento Kings @ Oklahoma City Thunder,2025-11-20T01:00:00Z,player_double_double,,fanatics,2025-11-19T14:55:13Z,2025-11-19T14:54:54Z,,
DeMar DeRozan,Sacramento Kings @ Oklahoma City Thunder,2025-11-20T01:00:00Z,player_double_double,,fanatics,2025-11-19T14:55:13Z,2025-11-19T14:54:54Z,,
Russell Westbrook,Sacramento Kings @ Oklahoma City Thunder,2025-11-20T01:00:00Z,player_double_double,,fanatics,2025-11-19T14:55:13Z,2025-11-19T14:54:54Z,,
Shai Gilgeous-Alexander,Sacramento Kings @ Oklahoma City Thunder,2025-11-20T01:00:00Z,player_double_double,,fanatics,2025-11-19T14:55:13Z,2025-11-19T14:54:54Z,,
Chet Holmgren,Sacramento Kings @ Oklahoma City Thunder,2025-11-20T01:00:00Z,player_double_double,,fanatics,2025-11-19T14:55:13Z,2025-11-19T14:54:54Z,,
Isaiah Hartenstein,Sacramento Kings @ Oklahoma City Thunder,2025-11-20T01:00:00Z,player_double_double,,fanatics,2025-11-19T14:55:13Z,2025-11-19T14:54:54Z,,
Ajay Mitchell,Sacramento Kings @ Oklahoma City Thunder,2025-11-20T01:00:00Z,player_double_double,,fanatics,2025-11-19T14:55:13Z,2025-11-19T14:54:54Z,,
Dennis Schroder,Sacramento Kings @ Oklahoma City Thunder,2025-11-20T01:00:00Z,player_double_double,,fanatics,2025-11-19T14:55:13Z,2025-11-19T14:54:54Z,,
Jaylin Williams,Sacramento Kings @ Oklahoma City Thunder,2025-11-20T01:00:00Z,player_double_double,,fanatics,2025-11-19T14:55:13Z,2025-11-19T14:54:54Z,,
Drew Eubanks,Sacramento Kings @ Oklahoma City Thunder,2025-11-20T01:00:00Z,player_double_double,,fanatics,2025-11-19T14:55:13Z,2025-11-19T14:54:54Z,,
DeMar DeRozan,Sacramento Kings @ Oklahoma City Thunder,2025-11-20T01:00:00Z,player_points,18.5,fanatics,2025-11-19T14:55:13Z,2025-11-19T14:54:54Z,-115.0,-115.0
Russell Westbrook,Sacramento Kings @ Oklahoma City Thunder,2025-11-20T01:00:00Z,player_points,14.5,fanatics,2025-11-19T14:55:13Z,2025-11-19T14:54:54Z,-115.0,-115.0
Zach LaVine,Sacramento Kings @ Oklahoma City Thunder,2025-11-20T01:00:00Z,player_points,19.5,fanatics,2025-11-19T14:55:13Z,2025-11-19T14:54:54Z,-105.0,-125.0
Luguentz Dort,Sacramento Kings @ Oklahoma City Thunder,2025-11-20T01:00:00Z,player_points,8.5,fanatics,2025-11-19T14:55:13Z,2025-11-19T14:54:54Z,100.0,-130.0
Cason Wallace,Sacramento Kings @ Oklahoma City Thunder,2025-11-20T01:00:00Z,player_points,8.5,fanatics,2025-11-19T14:55:13Z,2025-11-19T14:54:54Z,-115.0,-115.0
Shai Gilgeous-Alexander,Sacramento Kings @ Oklahoma City Thunder,2025-11-20T01:00:00Z,player_points,31.5,fanatics,2025-11-19T14:55:13Z,2025-11-19T14:54:54Z,-105.0,-125.0
Chet Holmgren,Sacramento Kings @ Oklahoma City Thunder,2025-11-20T01:00:00Z,player_points,18.5,fanatics,2025-11-19T14:55:13Z,2025-11-19T14:54:54Z,-105.0,-125.0
Isaiah Hartenstein,Sacramento Kings @ Oklahoma City Thunder,2025-11-20T01:00:00Z,player_points,11.5,fanatics,2025-11-19T14:55:13Z,2025-11-19T14:54:54Z,-125.0,-105.0
Ajay Mitchell,Sacramento Kings @ Oklahoma City Thunder,2025-11-20T01:00:00Z,player_points,15.5,fanatics,2025-11-19T14:55:13Z,2025-11-19T14:54:54Z,100.0,-130.0
Isaiah Joe,Sacramento Kings @ Oklahoma City Thunder,2025-11-20T01:00:00Z,player_points,12.5,fanatics,2025-11-19T14:55:13Z,2025-11-19T14:54:54Z,-120.0,-110.0
Malik Monk,Sacramento Kings @ Oklahoma City Thunder,2025-11-20T01:00:00Z,player_points,11.5,fanatics,2025-11-19T14:55:13Z,2025-11-19T14:54:54Z,-115.0,-115.0
Dennis Schroder,Sacramento Kings @ Oklahoma City Thunder,2025-11-20T01:00:00Z,player_points,10.5,fanatics,2025-11-19T14:55:13Z,2025-11-19T14:54:54Z,-115.0,-115.0
Jaylin Williams,Sacramento Kings @ Oklahoma City Thunder,2025-11-20T01:00:00Z,player_points,6.5,fanatics,2025-11-19T14:55:13Z,2025-11-19T14:54:54Z,-110.0,-120.0
Keon Ellis,Sacramento Kings @ Oklahoma City Thunder,2025-11-20T01:00:00Z,player_points,6.5,fanatics,2025-11-19T14:55:13Z,2025-11-19T14:54:54Z,100.0,-130.0
Drew Eubanks,Sacramento Kings @ Oklahoma City Thunder,2025-11-20T01:00:00Z,player_points,8.5,fanatics,2025-11-19T14:55:13Z,2025-11-19T14:54:54Z,-105.0,-125.0
Zach LaVine,Sacramento Kings @ Oklahoma City Thunder,2025-11-20T01:00:00Z,player_points_rebounds_assists,25.5,fanatics,2025-11-19T14:55:13Z,2025-11-19T14:54:54Z,-115.0,-115.0
Chet Holmgren,Sacramento Kings @ Oklahoma City Thunder,2025-11-20T01:00:00Z,player_points_rebounds_assists,28.5,fanatics,2025-11-19T14:55:13Z,2025-11-19T14:54:54Z,-105.0,-125.0
Ajay Mitchell,Sacramento Kings @ Oklahoma City Thunder,2025-11-20T01:00:00Z,player_points_rebounds_assists,22.5,fanatics,2025-11-19T14:55:13Z,2025-11-19T14:54:54Z,-125.0,-105.0
Isaiah Hartenstein,Sacramento Kings @ Oklahoma City Thunder,2025-11-20T01:00:00Z,player_points_rebounds_assists,26.5,fanatics,2025-11-19T14:55:13Z,2025-11-19T14:54:54Z,105.0,-140.0
DeMar DeRozan,Sacramento Kings @ Oklahoma City Thunder,2025-11-20T01:00:00Z,player_points_rebounds_assists,25.5,fanatics,2025-11-19T14:55:13Z,2025-11-19T14:54:54Z,-120.0,-110.0
Shai Gilgeous-Alexander,Sacramento Kings @ Oklahoma City Thunder,2025-11-20T01:00:00Z,player_points_rebounds_assists,43.5,fanatics,2025-11-19T14:55:13Z,2025-11-19T14:54:54Z,-110.0,-120.0
Luguentz Dort,Sacramento Kings @ Oklahoma City Thunder,2025-11-20T01:00:00Z,player_points_rebounds_assists,13.5,fanatics,2025-11-19T14:55:13Z,2025-11-19T14:54:54Z,-105.0,-125.0
Dennis Schroder,Sacramento Kings @ Oklahoma City Thunder,2025-11-20T01:00:00Z,player_points_rebounds_assists,19.5,fanatics,2025-11-19T14:55:13Z,2025-11-19T14:54:54Z,100.0,-130.0
Drew Eubanks,Sacramento Kings @ Oklahoma City Thunder,2025-11-20T01:00:00Z,player_points_rebounds_assists,15.5,fanatics,2025-11-19T14:55:13Z,2025-11-19T14:54:54Z,100.0,-130.0
Isaiah Joe,Sacramento Kings @ Oklahoma City Thunder,2025-11-20T01:00:00Z,player_points_rebounds_assists,18.5,fanatics,2025-11-19T14:55:13Z,2025-11-19T14:54:54Z,-105.0,-125.0
Jaylin Williams,Sacramento Kings @ Oklahoma City Thunder,2025-11-20T01:00:00Z,player_points_rebounds_assists,14.5,fanatics,2025-11-19T14:55:13Z,2025-11-19T14:54:54Z,-115.0,-115.0
Cason Wallace,Sacramento Kings @ Oklahoma City Thunder,2025-11-20T01:00:00Z,player_points_rebounds_assists,14.5,fanatics,2025-11-19T14:55:13Z,2025-11-19T14:54:54Z,-110.0,-120.0
Malik Monk,Sacramento Kings @ Oklahoma City Thunder,2025-11-20T01:00:00Z,player_points_rebounds_assists,16.5,fanatics,2025-11-19T14:55:13Z,2025-11-19T14:54:54Z,-115.0,-115.0
Russell Westbrook,Sacramento Kings @ Oklahoma City Thunder,2025-11-20T01:00:00Z,player_points_rebounds_assists,29.5,fanatics,2025-11-19T14:55:13Z,2025-11-19T14:54:54Z,-120.0,-110.0
Zach LaVine,Sacramento Kings @ Oklahoma City Thunder,2025-11-20T01:00:00Z,player_rebounds,3.5,fanatics,2025-11-19T14:55:13Z,2025-11-19T14:54:54Z,-150.0,115.0
Russell Westbrook,Sacramento Kings @ Oklahoma City Thunder,2025-11-20T01:00:00Z,player_rebounds,7.5,fanatics,2025-11-19T14:55:13Z,2025-11-19T14:54:54Z,-130.0,100.0
DeMar DeRozan,Sacramento Kings @ Oklahoma City Thunder,2025-11-20T01:00:00Z,player_rebounds,3.5,fanatics,2025-11-19T14:55:13Z,2025-11-19T14:54:54Z,-115.0,-115.0
Cason Wallace,Sacramento Kings @ Oklahoma City Thunder,2025-11-20T01:00:00Z,player_rebounds,2.5,fanatics,2025-11-19T14:55:13Z,2025-11-19T14:54:54Z,-115.0,-115.0
Luguentz Dort,Sacramento Kings @ Oklahoma City Thunder,2025-11-20T01:00:00Z,player_rebounds,3.5,fanatics,2025-11-19T14:55:13Z,2025-11-19T14:54:54Z,-140.0,105.0
Shai Gilgeous-Alexander,Sacramento Kings @ Oklahoma City Thunder,2025-11-20T01:00:00Z,player_rebounds,4.5,fanatics,2025-11-19T14:55:13Z,2025-11-19T14:54:54Z,-140.0,105.0
Chet Holmgren,Sacramento Kings @ Oklahoma City Thunder,2025-11-20T01:00:00Z,player_rebounds,7.5,fanatics,2025-11-19T14:55:13Z,2025-11-19T14:54:54Z,-145.0,110.0
Isaiah Hartenstein,Sacramento Kings @ Oklahoma City Thunder,2025-11-20T01:00:00Z,player_rebounds,10.5,fanatics,2025-11-19T14:55:13Z,2025-11-19T14:54:54Z,100.0,-130.0
Ajay Mitchell,Sacramento Kings @ Oklahoma City Thunder,2025-11-20T01:00:00Z,player_rebounds,3.5,fanatics,2025-11-19T14:55:13Z,2025-11-19T14:54:54Z,-120.0,-110.0
Malik Monk,Sacramento Kings @ Oklahoma City Thunder,2025-11-20T01:00:00Z,player_rebounds,2.5,fanatics,2025-11-19T14:55:13Z,2025-11-19T14:54:54Z,-115.0,-115.0
Dennis Schroder,Sacramento Kings @ Oklahoma City Thunder,2025-11-20T01:00:00Z,player_rebounds,3.5,fanatics,2025-11-19T14:55:13Z,2025-11-19T14:54:54Z,100.0,-130.0
Isaiah Joe,Sacramento Kings @ Oklahoma City Thunder,2025-11-20T01:00:00Z,player_rebounds,3.5,fanatics,2025-11-19T14:55:13Z,2025-11-19T14:54:54Z,110.0,-145.0
Jaylin Williams,Sacramento Kings @ Oklahoma City Thunder,2025-11-20T01:00:00Z,player_rebounds,5.5,fanatics,2025-11-19T14:55:13Z,2025-11-19T14:54:54Z,110.0,-145.0
Drew Eubanks,Sacramento Kings @ Oklahoma City Thunder,2025-11-20T01:00:00Z,player_rebounds,6.5,fanatics,2025-11-19T14:55:13Z,2025-11-19T14:54:54Z,115.0,-150.0
Russell Westbrook,Sacramento Kings @ Oklahoma City Thunder,2025-11-20T01:00:00Z,player_threes,1.5,fanatics,2025-11-19T14:55:13Z,2025-11-19T14:54:54Z,-140.0,105.0
DeMar DeRozan,Sacramento Kings @ Oklahoma City Thunder,2025-11-20T01:00:00Z,player_threes,0.5,fanatics,2025-11-19T14:55:13Z,2025-11-19T14:54:54Z,-240.0,150.0
Zach LaVine,Sacramento Kings @ Oklahoma City Thunder,2025-11-20T01:00:00Z,player_threes,2.5,fanatics,2025-11-19T14:55:13Z,2025-11-19T14:54:54Z,-165.0,120.0
Shai Gilgeous-Alexander,Sacramento Kings @ Oklahoma City Thunder,2025-11-20T01:00:00Z,player_threes,1.5,fanatics,2025-11-19T14:55:13Z,2025-11-19T14:54:54Z,-175.0,125.0
Chet Holmgren,Sacramento Kings @ Oklahoma City Thunder,2025-11-20T01:00:00Z,player_threes,1.5,fanatics,2025-11-19T14:55:13Z,2025-11-19T14:54:54Z,100.0,-130.0
Luguentz Dort,Sacramento Kings @ Oklahoma City Thunder,2025-11-20T01:00:00Z,player_threes,1.5,fanatics,2025-11-19T14:55:13Z,2025-11-19T14:54:54Z,-130.0,100.0
Cason Wallace,Sacramento Kings @ Oklahoma City Thunder,2025-11-20T01:00:00Z,player_threes,1.5,fanatics,2025-11-19T14:55:13Z,2025-11-19T14:54:54Z,105.0,-140.0
Ajay Mitchell,Sacramento Kings @ Oklahoma City Thunder,2025-11-20T01:00:00Z,player_threes,1.5,fanatics,2025-11-19T14:55:13Z,2025-11-19T14:54:54Z,150.0,-240.0
Isaiah Joe,Sacramento Kings @ Oklahoma City Thunder,2025-11-20T01:00:00Z,player_threes,2.5,fanatics,2025-11-19T14:55:13Z,2025-11-19T14:54:54Z,-175.0,125.0
Dennis Schroder,Sacramento Kings @ Oklahoma City Thunder,2025-11-20T01:00:00Z,player_threes,1.5,fanatics,2025-11-19T14:55:13Z,2025-11-19T14:54:54Z,-105.0,-125.0
Jaylin Williams,Sacramento Kings @ Oklahoma City Thunder,2025-11-20T01:00:00Z,player_threes,1.5,fanatics,2025-11-19T14:55:13Z,2025-11-19T14:54:54Z,125.0,-175.0
Keon Ellis,Sacramento Kings @ Oklahoma City Thunder,2025-11-20T01:00:00Z,player_threes,1.5,fanatics,2025-11-19T14:55:13Z,2025-11-19T14:54:54Z,-130.0,100.0
Malik Monk,Sacramento Kings @ Oklahoma City Thunder,2025-11-20T01:00:00Z,player_threes,1.5,fanatics,2025-11-19T14:55:13Z,2025-11-19T14:54:54Z,-130.0,100.0
Russell Westbrook,Sacramento Kings @ Oklahoma City Thunder,2025-11-20T01:00:00Z,player_triple_double,,fanatics,2025-11-19T14:55:13Z,2025-11-19T14:54:54Z,,
Isaiah Hartenstein,Sacramento Kings @ Oklahoma City Thunder,2025-11-20T01:00:00Z,player_assists,2.5,bovada,2025-11-19T14:54:31Z,2025-11-19T14:55:02Z,120.0,-160.0
Russell Westbrook,Sacramento Kings @ Oklahoma City Thunder,2025-11-20T01:00:00Z,player_assists,6.5,bovada,2025-11-19T14:54:31Z,2025-11-19T14:55:02Z,200.0,-275.0
Shai Gilgeous-Alexander,Sacramento Kings @ Oklahoma City Thunder,2025-11-20T01:00:00Z,player_assists,5.5,bovada,2025-11-19T14:54:31Z,2025-11-19T14:55:02Z,130.0,-170.0
Zach LaVine,Sacramento Kings @ Oklahoma City Thunder,2025-11-20T01:00:00Z,player_assists,1.5,bovada,2025-11-19T14:54:31Z,2025-11-19T14:55:02Z,110.0,-145.0
Russell Westbrook,Sacramento Kings @ Oklahoma City Thunder,2025-11-20T01:00:00Z,player_double_double,,bovada,2025-11-19T14:54:31Z,2025-11-19T14:55:02Z,,
Isaiah Hartenstein,Sacramento Kings @ Oklahoma City Thunder,2025-11-20T01:00:00Z,player_double_double,,bovada,2025-11-19T14:54:31Z,2025-11-19T14:55:02Z,,
Chet Holmgren,Sacramento Kings @ Oklahoma City Thunder,2025-11-20T01:00:00Z,player_double_double,,bovada,2025-11-19T14:54:31Z,2025-11-19T14:55:02Z,,
Shai Gilgeous-Alexander,Sacramento Kings @ Oklahoma City Thunder,2025-11-20T01:00:00Z,player_double_double,,bovada,2025-11-19T14:54:31Z,2025-11-19T14:55:02Z,,
Zach LaVine,Sacramento Kings @ Oklahoma City Thunder,2025-11-20T01:00:00Z,player_double_double,,bovada,2025-11-19T14:54:31Z,2025-11-19T14:55:02Z,,
DeMar DeRozan,Sacramento Kings @ Oklahoma City Thunder,2025-11-20T01:00:00Z,player_double_double,,bovada,2025-11-19T14:54:31Z,2025-11-19T14:55:02Z,,
Chet Holmgren,Sacramento Kings @ Oklahoma City Thunder,2025-11-20T01:00:00Z,player_points,15.5,bovada,2025-11-19T14:54:31Z,2025-11-19T14:55:02Z,175.0,-240.0
DeMar DeRozan,Sacramento Kings @ Oklahoma City Thunder,2025-11-20T01:00:00Z,player_points,15.5,bovada,2025-11-19T14:54:31Z,2025-11-19T14:55:02Z,215.0,-300.0
Isaiah Hartenstein,Sacramento Kings @ Oklahoma City Thunder,2025-11-20T01:00:00Z,player_points,9.5,bovada,2025-11-19T14:54:31Z,2025-11-19T14:55:02Z,210.0,-290.0
Luguentz Dort,Sacramento Kings @ Oklahoma City Thunder,2025-11-20T01:00:00Z,player_points,6.5,bovada,2025-11-19T14:54:31Z,2025-11-19T14:55:02Z,190.0,-260.0
Russell Westbrook,Sacramento Kings @ Oklahoma City Thunder,2025-11-20T01:00:00Z,player_points,11.5,bovada,2025-11-19T14:54:31Z,2025-11-19T14:55:02Z,185.0,-250.0
Shai Gilgeous-Alexander,Sacramento Kings @ Oklahoma City Thunder,2025-11-20T01:00:00Z,player_points,27.5,bovada,2025-11-19T14:54:31Z,2025-11-19T14:55:02Z,205.0,-280.0
Chet Holmgren,Sacramento Kings @ Oklahoma City Thunder,2025-11-20T01:00:00Z,player_points_rebounds_assists,25.5,bovada,2025-11-19T14:54:31Z,2025-11-19T14:55:02Z,125.0,-165.0
Isaiah Hartenstein,Sacramento Kings @ Oklahoma City Thunder,2025-11-20T01:00:00Z,player_points_rebounds_assists,23.5,bovada,2025-11-19T14:54:31Z,2025-11-19T14:55:02Z,120.0,-160.0
Shai Gilgeous-Alexander,Sacramento Kings @ Oklahoma City Thunder,2025-11-20T01:00:00Z,player_points_rebounds_assists,40.5,bovada,2025-11-19T14:54:31Z,2025-11-19T14:55:02Z,110.0,-145.0
Chet Holmgren,Sacramento Kings @ Oklahoma City Thunder,2025-11-20T01:00:00Z,player_rebounds,6.5,bovada,2025-11-19T14:54:31Z,2025-11-19T14:55:02Z,200.0,-275.0
DeMar DeRozan,Sacramento Kings @ Oklahoma City Thunder,2025-11-20T01:00:00Z,player_rebounds,2.5,bovada,2025-11-19T14:54:31Z,2025-11-19T14:55:02Z,175.0,-240.0
Isaiah Hartenstein,Sacramento Kings @ Oklahoma City Thunder,2025-11-20T01:00:00Z,player_rebounds,8.5,bovada,2025-11-19T14:54:31Z,2025-11-19T14:55:02Z,160.0,-215.0
Russell Westbrook,Sacramento Kings @ Oklahoma City Thunder,2025-11-20T01:00:00Z,player_rebounds,6.5,bovada,2025-11-19T14:54:31Z,2025-11-19T14:55:02Z,185.0,-250.0
Shai Gilgeous-Alexander,Sacramento Kings @ Oklahoma City Thunder,2025-11-20T01:00:00Z,player_rebounds,3.5,bovada,2025-11-19T14:54:31Z,2025-11-19T14:55:02Z,140.0,-185.0
Zach LaVine,Sacramento Kings @ Oklahoma City Thunder,2025-11-20T01:00:00Z,player_rebounds,3.5,bovada,2025-11-19T14:54:31Z,2025-11-19T14:55:02Z,140.0,-185.0
Chet Holmgren,Sacramento Kings @ Oklahoma City Thunder,2025-11-20T01:00:00Z,player_threes,1.5,bovada,2025-11-19T14:54:31Z,2025-11-19T14:55:02Z,-115.0,-115.0
Russell Westbrook,Sacramento Kings @ Oklahoma City Thunder,2025-11-20T01:00:00Z,player_threes,1.5,bovada,2025-11-19T14:54:31Z,2025-11-19T14:55:02Z,175.0,-240.0
Shai Gilgeous-Alexander,Sacramento Kings @ Oklahoma City Thunder,2025-11-20T01:00:00Z,player_threes,1.5,bovada,2025-11-19T14:54:31Z,2025-11-19T14:55:02Z,175.0,-240.0
Zach LaVine,Sacramento Kings @ Oklahoma City Thunder,2025-11-20T01:00:00Z,player_threes,2.5,bovada,2025-11-19T14:54:31Z,2025-11-19T14:55:02Z,145.0,-190.0
Russell Westbrook,Sacramento Kings @ Oklahoma City Thunder,2025-11-20T01:00:00Z,player_triple_double,,bovada,2025-11-19T14:54:31Z,2025-11-19T14:55:02Z,,
Shai Gilgeous-Alexander,Sacramento Kings @ Oklahoma City Thunder,2025-11-20T01:00:00Z,player_triple_double,,bovada,2025-11-19T14:54:31Z,2025-11-19T14:55:02Z,,
Isaiah Joe,Sacramento Kings @ Oklahoma City Thunder,2025-11-20T01:00:00Z,player_assists,1.5,betmgm,2025-11-19T14:54:46Z,2025-11-19T14:55:10Z,-120.0,-110.0
Shai Gilgeous-Alexander,Sacramento Kings @ Oklahoma City Thunder,2025-11-20T01:00:00Z,player_assists,6.5,betmgm,2025-11-19T14:54:46Z,2025-11-19T14:55:10Z,-145.0,110.0
Luguentz Dort,Sacramento Kings @ Oklahoma City Thunder,2025-11-20T01:00:00Z,player_assists,0.5,betmgm,2025-11-19T14:54:46Z,2025-11-19T14:55:10Z,-225.0,165.0
DeMar DeRozan,Sacramento Kings @ Oklahoma City Thunder,2025-11-20T01:00:00Z,player_assists,2.5,betmgm,2025-11-19T14:54:46Z,2025-11-19T14:55:10Z,-160.0,120.0
Isaiah Hartenstein,Sacramento Kings @ Oklahoma City Thunder,2025-11-20T01:00:00Z,player_assists,3.5,betmgm,2025-11-19T14:54:46Z,2025-11-19T14:55:10Z,130.0,-175.0
Drew Eubanks,Sacramento Kings @ Oklahoma City Thunder,2025-11-20T01:00:00Z,player_assists,0.5,betmgm,2025-11-19T14:54:46Z,2025-11-19T14:55:10Z,115.0,-155.0
Cason Wallace,Sacramento Kings @ Oklahoma City Thunder,2025-11-20T01:00:00Z,player_assists,2.5,betmgm,2025-11-19T14:54:46Z,2025-11-19T14:55:10Z,-160.0,120.0
Keon Ellis,Sacramento Kings @ Oklahoma City Thunder,2025-11-20T01:00:00Z,player_assists,0.5,betmgm,2025-11-19T14:54:46Z,2025-11-19T14:55:10Z,-190.0,140.0
Zach LaVine,Sacramento Kings @ Oklahoma City Thunder,2025-11-20T01:00:00Z,player_assists,2.5,betmgm,2025-11-19T14:54:46Z,2025-11-19T14:55:10Z,115.0,-155.0
Dennis Schroder,Sacramento Kings @ Oklahoma City Thunder,2025-11-20T01:00:00Z,player_assists,4.5,betmgm,2025-11-19T14:54:46Z,2025-11-19T14:55:10Z,-135.0,100.0
Malik Monk,Sacramento Kings @ Oklahoma City Thunder,2025-11-20T01:00:00Z,player_assists,1.5,betmgm,2025-11-19T14:54:46Z,2025-11-19T14:55:10Z,-200.0,145.0
Chet Holmgren,Sacramento Kings @ Oklahoma City Thunder,2025-11-20T01:00:00Z,player_assists,1.5,betmgm,2025-11-19T14:54:46Z,2025-11-19T14:55:10Z,-130.0,-105.0
Ajay Mitchell,Sacramento Kings @ Oklahoma City Thunder,2025-11-20T01:00:00Z,player_assists,3.5,betmgm,2025-11-19T14:54:46Z,2025-11-19T14:55:10Z,-165.0,125.0
Russell Westbrook,Sacramento Kings @ Oklahoma City Thunder,2025-11-20T01:00:00Z,player_assists,7.5,betmgm,2025-11-19T14:54:46Z,2025-11-19T14:55:10Z,125.0,-165.0
Shai Gilgeous-Alexander,Sacramento Kings @ Oklahoma City Thunder,2025-11-20T01:00:00Z,player_blocks,0.5,betmgm,2025-11-19T14:54:46Z,2025-11-19T14:55:10Z,-110.0,-125.0
Luguentz Dort,Sacramento Kings @ Oklahoma City Thunder,2025-11-20T01:00:00Z,player_blocks,0.5,betmgm,2025-11-19T14:54:46Z,2025-11-19T14:55:10Z,250.0,-375.0
DeMar DeRozan,Sacramento Kings @ Oklahoma City Thunder,2025-11-20T01:00:00Z,player_blocks,0.5,betmgm,2025-11-19T14:54:46Z,2025-11-19T14:55:10Z,275.0,-450.0
Isaiah Hartenstein,Sacramento Kings @ Oklahoma City Thunder,2025-11-20T01:00:00Z,player_blocks,0.5,betmgm,2025-11-19T14:54:46Z,2025-11-19T14:55:10Z,-110.0,-120.0
Drew Eubanks,Sacramento Kings @ Oklahoma City Thunder,2025-11-20T01:00:00Z,player_blocks,1.5,betmgm,2025-11-19T14:54:46Z,2025-11-19T14:55:10Z,145.0,-200.0
Cason Wallace,Sacramento Kings @ Oklahoma City Thunder,2025-11-20T01:00:00Z,player_blocks,0.5,betmgm,2025-11-19T14:54:46Z,2025-11-19T14:55:10Z,220.0,-325.0
Keon Ellis,Sacramento Kings @ Oklahoma City Thunder,2025-11-20T01:00:00Z,player_blocks,0.5,betmgm,2025-11-19T14:54:46Z,2025-11-19T14:55:10Z,135.0,-190.0
Zach LaVine,Sacramento Kings @ Oklahoma City Thunder,2025-11-20T01:00:00Z,player_blocks,0.5,betmgm,2025-11-19T14:54:46Z,2025-11-19T14:55:10Z,375.0,-650.0
Russell Westbrook,Sacramento Kings @ Oklahoma City Thunder,2025-11-20T01:00:00Z,player_blocks,0.5,betmgm,2025-11-19T14:54:46Z,2025-11-19T14:55:10Z,250.0,-375.0
Chet Holmgren,Sacramento Kings @ Oklahoma City Thunder,2025-11-20T01:00:00Z,player_blocks,1.5,betmgm,2025-11-19T14:54:46Z,2025-11-19T14:55:10Z,-125.0,-110.0
Shai Gilgeous-Alexander,Sacramento Kings @ Oklahoma City Thunder,2025-11-20T01:00:00Z,player_double_double,,betmgm,2025-11-19T14:54:46Z,2025-11-19T14:55:10Z,,
DeMar DeRozan,Sacramento Kings @ Oklahoma City Thunder,2025-11-20T01:00:00Z,player_double_double,,betmgm,2025-11-19T14:54:46Z,2025-11-19T14:55:10Z,,
Isaiah Hartenstein,Sacramento Kings @ Oklahoma City Thunder,2025-11-20T01:00:00Z,player_double_double,,betmgm,2025-11-19T14:54:46Z,2025-11-19T14:55:10Z,,
Drew Eubanks,Sacramento Kings @ Oklahoma City Thunder,2025-11-20T01:00:00Z,player_double_double,,betmgm,2025-11-19T14:54:46Z,2025-11-19T14:55:10Z,,
Zach LaVine,Sacramento Kings @ Oklahoma City Thunder,2025-11-20T01:00:00Z,player_double_double,,betmgm,2025-11-19T14:54:46Z,2025-11-19T14:55:10Z,,
Russell Westbrook,Sacramento Kings @ Oklahoma City Thunder,2025-11-20T01:00:00Z,player_double_double,,betmgm,2025-11-19T14:54:46Z,2025-11-19T14:55:10Z,,
Chet Holmgren,Sacramento Kings @ Oklahoma City Thunder,2025-11-20T01:00:00Z,player_double_double,,betmgm,2025-11-19T14:54:46Z,2025-11-19T14:55:10Z,,
Luguentz Dort,Sacramento Kings @ Oklahoma City Thunder,2025-11-20T01:00:00Z,player_double_double,,betmgm,2025-11-19T14:54:46Z,2025-11-19T14:55:10Z,,
Isaiah Joe,Sacramento Kings @ Oklahoma City Thunder,2025-11-20T01:00:00Z,player_points,12.5,betmgm,2025-11-19T14:54:46Z,2025-11-19T14:55:10Z,-110.0,-120.0
Shai Gilgeous-Alexander,Sacramento Kings @ Oklahoma City Thunder,2025-11-20T01:00:00Z,player_points,30.5,betmgm,2025-11-19T14:54:46Z,2025-11-19T14:55:10Z,-125.0,-110.0
Luguentz Dort,Sacramento Kings @ Oklahoma City Thunder,2025-11-20T01:00:00Z,player_points,7.5,betmgm,2025-11-19T14:54:46Z,2025-11-19T14:55:10Z,-145.0,110.0
DeMar DeRozan,Sacramento Kings @ Oklahoma City Thunder,2025-11-20T01:00:00Z,player_points,18.5,betmgm,2025-11-19T14:54:46Z,2025-11-19T14:55:10Z,-115.0,-115.0
Isaiah Hartenstein,Sacramento Kings @ Oklahoma City Thunder,2025-11-20T01:00:00Z,player_points,12.5,betmgm,2025-11-19T14:54:46Z,2025-11-19T14:55:10Z,-110.0,-120.0
Drew Eubanks,Sacramento Kings @ Oklahoma City Thunder,2025-11-20T01:00:00Z,player_points,7.5,betmgm,2025-11-19T14:54:46Z,2025-11-19T14:55:10Z,-135.0,100.0
Cason Wallace,Sacramento Kings @ Oklahoma City Thunder,2025-11-20T01:00:00Z,player_points,9.5,betmgm,2025-11-19T14:54:46Z,2025-11-19T14:55:10Z,105.0,-140.0
Keon Ellis,Sacramento Kings @ Oklahoma City Thunder,2025-11-20T01:00:00Z,player_points,6.5,betmgm,2025-11-19T14:54:46Z,2025-11-19T14:55:10Z,-118.0,-110.0
Zach LaVine,Sacramento Kings @ Oklahoma City Thunder,2025-11-20T01:00:00Z,player_points,19.5,betmgm,2025-11-19T14:54:46Z,2025-11-19T14:55:10Z,-125.0,-105.0
Dennis Schroder,Sacramento Kings @ Oklahoma City Thunder,2025-11-20T01:00:00Z,player_points,10.5,betmgm,2025-11-19T14:54:46Z,2025-11-19T14:55:10Z,-115.0,-115.0
Russell Westbrook,Sacramento Kings @ Oklahoma City Thunder,2025-11-20T01:00:00Z,player_points,14.5,betmgm,2025-11-19T14:54:46Z,2025-11-19T14:55:10Z,-125.0,-105.0
Malik Monk,Sacramento Kings @ Oklahoma City Thunder,2025-11-20T01:00:00Z,player_points,10.5,betmgm,2025-11-19T14:54:46Z,2025-11-19T14:55:10Z,-130.0,-105.0
Ajay Mitchell,Sacramento Kings @ Oklahoma City Thunder,2025-11-20T01:00:00Z,player_points,15.5,betmgm,2025-11-19T14:54:46Z,2025-11-19T14:55:10Z,-105.0,-130.0
Chet Holmgren,Sacramento Kings @ Oklahoma City Thunder,2025-11-20T01:00:00Z,player_points,18.5,betmgm,2025-11-19T14:54:46Z,2025-11-19T14:55:10Z,-105.0,-130.0
Isaiah Joe,Sacramento Kings @ Oklahoma City Thunder,2025-11-20T01:00:00Z,player_points_rebounds_assists,17.5,betmgm,2025-11-19T14:54:46Z,2025-11-19T14:55:10Z,-120.0,-110.0
Shai Gilgeous-Alexander,Sacramento Kings @ Oklahoma City Thunder,2025-11-20T01:00:00Z,player_points_rebounds_assists,42.5,betmgm,2025-11-19T14:54:46Z,2025-11-19T14:55:10Z,-115.0,-115.0
Luguentz Dort,Sacramento Kings @ Oklahoma City Thunder,2025-11-20T01:00:00Z,player_points_rebounds_assists,12.5,betmgm,2025-11-19T14:54:46Z,2025-11-19T14:55:10Z,-120.0,-110.0
Isaiah Hartenstein,Sacramento Kings @ Oklahoma City Thunder,2025-11-20T01:00:00Z,player_points_rebounds_assists,26.5,betmgm,2025-11-19T14:54:46Z,2025-11-19T14:55:10Z,-110.0,-118.0
Drew Eubanks,Sacramento Kings @ Oklahoma City Thunder,2025-11-20T01:00:00Z,player_points_rebounds_assists,14.5,betmgm,2025-11-19T14:54:46Z,2025-11-19T14:55:10Z,-125.0,-110.0
Cason Wallace,Sacramento Kings @ Oklahoma City Thunder,2025-11-20T01:00:00Z,player_points_rebounds_assists,15.5,betmgm,2025-11-19T14:54:46Z,2025-11-19T14:55:10Z,100.0,-135.0
Keon Ellis,Sacramento Kings @ Oklahoma City Thunder,2025-11-20T01:00:00Z,player_points_rebounds_assists,10.5,betmgm,2025-11-19T14:54:46Z,2025-11-19T14:55:10Z,100.0,-135.0
Zach LaVine,Sacramento Kings @ Oklahoma City Thunder,2025-11-20T01:00:00Z,player_points_rebounds_assists,26.5,betmgm,2025-11-19T14:54:46Z,2025-11-19T14:55:10Z,-110.0,-118.0
Dennis Schroder,Sacramento Kings @ Oklahoma City Thunder,2025-11-20T01:00:00Z,player_points_rebounds_assists,18.5,betmgm,2025-11-19T14:54:46Z,2025-11-19T14:55:10Z,-125.0,-105.0
Malik Monk,Sacramento Kings @ Oklahoma City Thunder,2025-11-20T01:00:00Z,player_points_rebounds_assists,15.5,betmgm,2025-11-19T14:54:46Z,2025-11-19T14:55:10Z,-105.0,-125.0
Chet Holmgren,Sacramento Kings @ Oklahoma City Thunder,2025-11-20T01:00:00Z,player_points_rebounds_assists,27.5,betmgm,2025-11-19T14:54:46Z,2025-11-19T14:55:10Z,-120.0,-110.0
Ajay Mitchell,Sacramento Kings @ Oklahoma City Thunder,2025-11-20T01:00:00Z,player_points_rebounds_assists,23.5,betmgm,2025-11-19T14:54:46Z,2025-11-19T14:55:10Z,-105.0,-130.0
DeMar DeRozan,Sacramento Kings @ Oklahoma City Thunder,2025-11-20T01:00:00Z,player_points_rebounds_assists,25.5,betmgm,2025-11-19T14:54:46Z,2025-11-19T14:55:10Z,-105.0,-125.0
Russell Westbrook,Sacramento Kings @ Oklahoma City Thunder,2025-11-20T01:00:00Z,player_points_rebounds_assists,30.5,betmgm,2025-11-19T14:54:46Z,2025-11-19T14:55:10Z,100.0,-135.0
Isaiah Joe,Sacramento Kings @ Oklahoma City Thunder,2025-11-20T01:00:00Z,player_rebounds,3.5,betmgm,2025-11-19T14:54:46Z,2025-11-19T14:55:10Z,110.0,-145.0
Shai Gilgeous-Alexander,Sacramento Kings @ Oklahoma City Thunder,2025-11-20T01:00:00Z,player_rebounds,4.5,betmgm,2025-11-19T14:54:46Z,2025-11-19T14:55:10Z,-105.0,-130.0
Luguentz Dort,Sacramento Kings @ Oklahoma City Thunder,2025-11-20T01:00:00Z,player_rebounds,3.5,betmgm,2025-11-19T14:54:46Z,2025-11-19T14:55:10Z,-125.0,-105.0
DeMar DeRozan,Sacramento Kings @ Oklahoma City Thunder,2025-11-20T01:00:00Z,player_rebounds,3.5,betmgm,2025-11-19T14:54:46Z,2025-11-19T14:55:10Z,100.0,-135.0
Isaiah Hartenstein,Sacramento Kings @ Oklahoma City Thunder,2025-11-20T01:00:00Z,player_rebounds,10.5,betmgm,2025-11-19T14:54:46Z,2025-11-19T14:55:10Z,-110.0,-118.0
Drew Eubanks,Sacramento Kings @ Oklahoma City Thunder,2025-11-20T01:00:00Z,player_rebounds,6.5,betmgm,2025-11-19T14:54:46Z,2025-11-19T14:55:10Z,105.0,-140.0
Cason Wallace,Sacramento Kings @ Oklahoma City Thunder,2025-11-20T01:00:00Z,player_rebounds,2.5,betmgm,2025-11-19T14:54:46Z,2025-11-19T14:55:10Z,-118.0,-115.0
Keon Ellis,Sacramento Kings @ Oklahoma City Thunder,2025-11-20T01:00:00Z,player_rebounds,2.5,betmgm,2025-11-19T14:54:46Z,2025-11-19T14:55:10Z,120.0,-160.0
Zach LaVine,Sacramento Kings @ Oklahoma City Thunder,2025-11-20T01:00:00Z,player_rebounds,3.5,betmgm,2025-11-19T14:54:46Z,2025-11-19T14:55:10Z,-135.0,100.0
Dennis Schroder,Sacramento Kings @ Oklahoma City Thunder,2025-11-20T01:00:00Z,player_rebounds,3.5,betmgm,2025-11-19T14:54:46Z,2025-11-19T14:55:10Z,110.0,-150.0
Russell Westbrook,Sacramento Kings @ Oklahoma City Thunder,2025-11-20T01:00:00Z,player_rebounds,7.5,betmgm,2025-11-19T14:54:46Z,2025-11-19T14:55:10Z,-135.0,100.0
Malik Monk,Sacramento Kings @ Oklahoma City Thunder,2025-11-20T01:00:00Z,player_rebounds,2.5,betmgm,2025-11-19T14:54:46Z,2025-11-19T14:55:10Z,105.0,-145.0
Chet Holmgren,Sacramento Kings @ Oklahoma City Thunder,2025-11-20T01:00:00Z,player_rebounds,7.5,betmgm,2025-11-19T14:54:46Z,2025-11-19T14:55:10Z,-130.0,-105.0
Ajay Mitchell,Sacramento Kings @ Oklahoma City Thunder,2025-11-20T01:00:00Z,player_rebounds,3.5,betmgm,2025-11-19T14:54:46Z,2025-11-19T14:55:10Z,-118.0,-115.0
Isaiah Joe,Sacramento Kings @ Oklahoma City Thunder,2025-11-20T01:00:00Z,player_threes,3.5,betmgm,2025-11-19T14:54:46Z,2025-11-19T14:55:10Z,125.0,-165.0
Shai Gilgeous-Alexander,Sacramento Kings @ Oklahoma City Thunder,2025-11-20T01:00:00Z,player_threes,1.5,betmgm,2025-11-19T14:54:46Z,2025-11-19T14:55:10Z,-175.0,130.0
Luguentz Dort,Sacramento Kings @ Oklahoma City Thunder,2025-11-20T01:00:00Z,player_threes,1.5,betmgm,2025-11-19T14:54:46Z,2025-11-19T14:55:10Z,-140.0,105.0
DeMar DeRozan,Sacramento Kings @ Oklahoma City Thunder,2025-11-20T01:00:00Z,player_threes,0.5,betmgm,2025-11-19T14:54:46Z,2025-11-19T14:55:10Z,-220.0,160.0
Cason Wallace,Sacramento Kings @ Oklahoma City Thunder,2025-11-20T01:00:00Z,player_threes,1.5,betmgm,2025-11-19T14:54:46Z,2025-11-19T14:55:10Z,105.0,-140.0
Keon Ellis,Sacramento Kings @ Oklahoma City Thunder,2025-11-20T01:00:00Z,player_threes,1.5,betmgm,2025-11-19T14:54:46Z,2025-11-19T14:55:10Z,-120.0,-110.0
Zach LaVine,Sacramento Kings @ Oklahoma City Thunder,2025-11-20T01:00:00Z,player_threes,2.5,betmgm,2025-11-19T14:54:46Z,2025-11-19T14:55:10Z,-175.0,130.0
Dennis Schroder,Sacramento Kings @ Oklahoma City Thunder,2025-11-20T01:00:00Z,player_threes,1.5,betmgm,2025-11-19T14:54:46Z,2025-11-19T14:55:10Z,-105.0,-130.0
Russell Westbrook,Sacramento Kings @ Oklahoma City Thunder,2025-11-20T01:00:00Z,player_threes,1.5,betmgm,2025-11-19T14:54:46Z,2025-11-19T14:55:10Z,-135.0,100.0
Malik Monk,Sacramento Kings @ Oklahoma City Thunder,2025-11-20T01:00:00Z,player_threes,1.5,betmgm,2025-11-19T14:54:46Z,2025-11-19T14:55:10Z,-120.0,-110.0
Chet Holmgren,Sacramento Kings @ Oklahoma City Thunder,2025-11-20T01:00:00Z,player_threes,1.5,betmgm,2025-11-19T14:54:46Z,2025-11-19T14:55:10Z,100.0,-135.0
Ajay Mitchell,Sacramento Kings @ Oklahoma City Thunder,2025-11-20T01:00:00Z,player_threes,1.5,betmgm,2025-11-19T14:54:46Z,2025-11-19T14:55:10Z,165.0,-220.0
Shai Gilgeous-Alexander,Sacramento Kings @ Oklahoma City Thunder,2025-11-20T01:00:00Z,player_triple_double,,betmgm,2025-11-19T14:54:46Z,2025-11-19T14:55:10Z,,
Russell Westbrook,Sacramento Kings @ Oklahoma City Thunder,2025-11-20T01:00:00Z,player_triple_double,,betmgm,2025-11-19T14:54:46Z,2025-11-19T14:55:10Z,,
Jalen Brunson,New York Knicks @ Dallas Mavericks,2025-11-20T02:30:00Z,player_assists,6.5,draftkings,2025-11-19T14:54:30Z,2025-11-19T14:55:01Z,-106.0,-124.0
Josh Hart,New York Knicks @ Dallas Mavericks,2025-11-20T02:30:00Z,player_assists,5.5,draftkings,2025-11-19T14:54:30Z,2025-11-19T14:55:01Z,112.0,-147.0
Mikal Bridges,New York Knicks @ Dallas Mavericks,2025-11-20T02:30:00Z,player_assists,4.5,draftkings,2025-11-19T14:54:30Z,2025-11-19T14:55:01Z,-126.0,-104.0
Brandon Williams,New York Knicks @ Dallas Mavericks,2025-11-20T02:30:00Z,player_assists,4.5,draftkings,2025-11-19T14:54:30Z,2025-11-19T14:55:01Z,-124.0,-106.0
D'Angelo Russell,New York Knicks @ Dallas Mavericks,2025-11-20T02:30:00Z,player_assists,4.5,draftkings,2025-11-19T14:54:30Z,2025-11-19T14:55:01Z,116.0,-153.0
Cooper Flagg,New York Knicks @ Dallas Mavericks,2025-11-20T02:30:00Z,player_assists,3.5,draftkings,2025-11-19T14:54:30Z,2025-11-19T14:55:01Z,103.0,-136.0
Karl-Anthony Towns,New York Knicks @ Dallas Mavericks,2025-11-20T02:30:00Z,player_assists,2.5,draftkings,2025-11-19T14:54:30Z,2025-11-19T14:55:01Z,-162.0,122.0
Mitchell Robinson,New York Knicks @ Dallas Mavericks,2025-11-20T02:30:00Z,player_blocks,0.5,draftkings,2025-11-19T14:54:30Z,2025-11-19T14:55:01Z,-200.0,149.0
P.J. Washington,New York Knicks @ Dallas Mavericks,2025-11-20T02:30:00Z,player_blocks,0.5,draftkings,2025-11-19T14:54:30Z,2025-11-19T14:55:01Z,-190.0,142.0
Mikal Bridges,New York Knicks @ Dallas Mavericks,2025-11-20T02:30:00Z,player_blocks,0.5,draftkings,2025-11-19T14:54:30Z,2025-11-19T14:55:01Z,-178.0,133.0
Cooper Flagg,New York Knicks @ Dallas Mavericks,2025-11-20T02:30:00Z,player_blocks,0.5,draftkings,2025-11-19T14:54:30Z,2025-11-19T14:55:01Z,-137.0,103.0
Karl-Anthony Towns,New York Knicks @ Dallas Mavericks,2025-11-20T02:30:00Z,player_blocks,0.5,draftkings,2025-11-19T14:54:30Z,2025-11-19T14:55:01Z,-123.0,-107.0
Karl-Anthony Towns,New York Knicks @ Dallas Mavericks,2025-11-20T02:30:00Z,player_double_double,,draftkings,2025-11-19T14:54:30Z,2025-11-19T14:55:01Z,,
Josh Hart,New York Knicks @ Dallas Mavericks,2025-11-20T02:30:00Z,player_double_double,,draftkings,2025-11-19T14:54:30Z,2025-11-19T14:55:01Z,,
P.J. Washington,New York Knicks @ Dallas Mavericks,2025-11-20T02:30:00Z,player_double_double,,draftkings,2025-11-19T14:54:30Z,2025-11-19T14:55:01Z,,
Jalen Brunson,New York Knicks @ Dallas Mavericks,2025-11-20T02:30:00Z,player_double_double,,draftkings,2025-11-19T14:54:30Z,2025-11-19T14:55:01Z,,
Daniel Gafford,New York Knicks @ Dallas Mavericks,2025-11-20T02:30:00Z,player_double_double,,draftkings,2025-11-19T14:54:30Z,2025-11-19T14:55:01Z,,
Cooper Flagg,New York Knicks @ Dallas Mavericks,2025-11-20T02:30:00Z,player_double_double,,draftkings,2025-11-19T14:54:30Z,2025-11-19T14:55:01Z,,
Mitchell Robinson,New York Knicks @ Dallas Mavericks,2025-11-20T02:30:00Z,player_double_double,,draftkings,2025-11-19T14:54:30Z,2025-11-19T14:55:01Z,,
Mikal Bridges,New York Knicks @ Dallas Mavericks,2025-11-20T02:30:00Z,player_double_double,,draftkings,2025-11-19T14:54:30Z,2025-11-19T14:55:01Z,,
Brandon Williams,New York Knicks @ Dallas Mavericks,2025-11-20T02:30:00Z,player_double_double,,draftkings,2025-11-19T14:54:30Z,2025-11-19T14:55:01Z,,
Jalen Brunson,New York Knicks @ Dallas Mavericks,2025-11-20T02:30:00Z,player_points,26.5,draftkings,2025-11-19T14:54:30Z,2025-11-19T14:55:01Z,-108.0,-118.0
Karl-Anthony Towns,New York Knicks @ Dallas Mavericks,2025-11-20T02:30:00Z,player_points,26.5,draftkings,2025-11-19T14:54:30Z,2025-11-19T14:55:01Z,-105.0,-122.0
Mikal Bridges,New York Knicks @ Dallas Mavericks,2025-11-20T02:30:00Z,player_points,17.5,draftkings,2025-11-19T14:54:30Z,2025-11-19T14:55:01Z,-116.0,-110.0
Cooper Flagg,New York Knicks @ Dallas Mavericks,2025-11-20T02:30:00Z,player_points,16.5,draftkings,2025-11-19T14:54:30Z,2025-11-19T14:55:01Z,-119.0,-107.0
P.J. Washington,New York Knicks @ Dallas Mavericks,2025-11-20T02:30:00Z,player_points,15.5,draftkings,2025-11-19T14:54:30Z,2025-11-19T14:55:01Z,-124.0,-103.0
Brandon Williams,New York Knicks @ Dallas Mavericks,2025-11-20T02:30:00Z,player_points,13.5,draftkings,2025-11-19T14:54:30Z,2025-11-19T14:55:01Z,-121.0,-106.0
Josh Hart,New York Knicks @ Dallas Mavericks,2025-11-20T02:30:00Z,player_points,12.5,draftkings,2025-11-19T14:54:30Z,2025-11-19T14:55:01Z,-119.0,-107.0
D'Angelo Russell,New York Knicks @ Dallas Mavericks,2025-11-20T02:30:00Z,player_points,11.5,draftkings,2025-11-19T14:54:30Z,2025-11-19T14:55:01Z,-122.0,-104.0
Daniel Gafford,New York Knicks @ Dallas Mavericks,2025-11-20T02:30:00Z,player_points,10.5,draftkings,2025-11-19T14:54:30Z,2025-11-19T14:55:01Z,-121.0,-105.0
Klay Thompson,New York Knicks @ Dallas Mavericks,2025-11-20T02:30:00Z,player_points,10.5,draftkings,2025-11-19T14:54:30Z,2025-11-19T14:55:01Z,-114.0,-112.0
Max Christie,New York Knicks @ Dallas Mavericks,2025-11-20T02:30:00Z,player_points,10.5,draftkings,2025-11-19T14:54:30Z,2025-11-19T14:55:01Z,-111.0,-115.0
Landry Shamet,New York Knicks @ Dallas Mavericks,2025-11-20T02:30:00Z,player_points,10.5,draftkings,2025-11-19T14:54:30Z,2025-11-19T14:55:01Z,-109.0,-117.0
Mitchell Robinson,New York Knicks @ Dallas Mavericks,2025-11-20T02:30:00Z,player_points,5.5,draftkings,2025-11-19T14:54:30Z,2025-11-19T14:55:01Z,-119.0,-107.0
Karl-Anthony Towns,New York Knicks @ Dallas Mavericks,2025-11-20T02:30:00Z,player_points_rebounds_assists,42.5,draftkings,2025-11-19T14:54:30Z,2025-11-19T14:55:01Z,-112.0,-117.0
Jalen Brunson,New York Knicks @ Dallas Mavericks,2025-11-20T02:30:00Z,player_points_rebounds_assists,35.5,draftkings,2025-11-19T14:54:30Z,2025-11-19T14:55:01Z,-121.0,-109.0
Mikal Bridges,New York Knicks @ Dallas Mavericks,2025-11-20T02:30:00Z,player_points_rebounds_assists,26.5,draftkings,2025-11-19T14:54:30Z,2025-11-19T14:55:01Z,-126.0,-105.0
Josh Hart,New York Knicks @ Dallas Mavericks,2025-11-20T02:30:00Z,player_points_rebounds_assists,26.5,draftkings,2025-11-19T14:54:30Z,2025-11-19T14:55:01Z,-107.0,-123.0
Cooper Flagg,New York Knicks @ Dallas Mavericks,2025-11-20T02:30:00Z,player_points_rebounds_assists,26.5,draftkings,2025-11-19T14:54:30Z,2025-11-19T14:55:01Z,-104.0,-126.0
Brandon Williams,New York Knicks @ Dallas Mavericks,2025-11-20T02:30:00Z,player_points_rebounds_assists,21.5,draftkings,2025-11-19T14:54:30Z,2025-11-19T14:55:01Z,-108.0,-122.0
Karl-Anthony Towns,New York Knicks @ Dallas Mavericks,2025-11-20T02:30:00Z,player_rebounds,12.5,draftkings,2025-11-19T14:54:30Z,2025-11-19T14:55:01Z,-121.0,-109.0
Mitchell Robinson,New York Knicks @ Dallas Mavericks,2025-11-20T02:30:00Z,player_rebounds,7.5,draftkings,2025-11-19T14:54:30Z,2025-11-19T14:55:01Z,-145.0,110.0
Josh Hart,New York Knicks @ Dallas Mavericks,2025-11-20T02:30:00Z,player_rebounds,7.5,draftkings,2025-11-19T14:54:30Z,2025-11-19T14:55:01Z,-141.0,107.0
Daniel Gafford,New York Knicks @ Dallas Mavericks,2025-11-20T02:30:00Z,player_rebounds,6.5,draftkings,2025-11-19T14:54:30Z,2025-11-19T14:55:01Z,-119.0,-110.0
P.J. Washington,New York Knicks @ Dallas Mavericks,2025-11-20T02:30:00Z,player_rebounds,6.5,draftkings,2025-11-19T14:54:30Z,2025-11-19T14:55:01Z,-104.0,-126.0
Cooper Flagg,New York Knicks @ Dallas Mavericks,2025-11-20T02:30:00Z,player_rebounds,5.5,draftkings,2025-11-19T14:54:30Z,2025-11-19T14:55:01Z,-115.0,-115.0
Mikal Bridges,New York Knicks @ Dallas Mavericks,2025-11-20T02:30:00Z,player_rebounds,4.5,draftkings,2025-11-19T14:54:30Z,2025-11-19T14:55:01Z,115.0,-152.0
Jalen Brunson,New York Knicks @ Dallas Mavericks,2025-11-20T02:30:00Z,player_rebounds,2.5,draftkings,2025-11-19T14:54:30Z,2025-11-19T14:55:01Z,-162.0,123.0
Max Christie,New York Knicks @ Dallas Mavericks,2025-11-20T02:30:00Z,player_rebounds,2.5,draftkings,2025-11-19T14:54:30Z,2025-11-19T14:55:01Z,-134.0,102.0
Brandon Williams,New York Knicks @ Dallas Mavericks,2025-11-20T02:30:00Z,player_rebounds,2.5,draftkings,2025-11-19T14:54:30Z,2025-11-19T14:55:01Z,-101.0,-130.0
Mikal Bridges,New York Knicks @ Dallas Mavericks,2025-11-20T02:30:00Z,player_steals,1.5,draftkings,2025-11-19T14:54:30Z,2025-11-19T14:55:01Z,-106.0,-125.0
Josh Hart,New York Knicks @ Dallas Mavericks,2025-11-20T02:30:00Z,player_steals,1.5,draftkings,2025-11-19T14:54:30Z,2025-11-19T14:55:01Z,155.0,-208.0
Cooper Flagg,New York Knicks @ Dallas Mavericks,2025-11-20T02:30:00Z,player_steals,0.5,draftkings,2025-11-19T14:54:30Z,2025-11-19T14:55:01Z,-241.0,178.0
Karl-Anthony Towns,New York Knicks @ Dallas Mavericks,2025-11-20T02:30:00Z,player_steals,0.5,draftkings,2025-11-19T14:54:30Z,2025-11-19T14:55:01Z,-185.0,138.0
Jalen Brunson,New York Knicks @ Dallas Mavericks,2025-11-20T02:30:00Z,player_steals,0.5,draftkings,2025-11-19T14:54:30Z,2025-11-19T14:55:01Z,-184.0,138.0
P.J. Washington,New York Knicks @ Dallas Mavericks,2025-11-20T02:30:00Z,player_steals,0.5,draftkings,2025-11-19T14:54:30Z,2025-11-19T14:55:01Z,-138.0,104.0
Jalen Brunson,New York Knicks @ Dallas Mavericks,2025-11-20T02:30:00Z,player_threes,2.5,draftkings,2025-11-19T14:54:30Z,2025-11-19T14:55:01Z,107.0,-141.0
Klay Thompson,New York Knicks @ Dallas Mavericks,2025-11-20T02:30:00Z,player_threes,2.5,draftkings,2025-11-19T14:54:30Z,2025-11-19T14:55:01Z,108.0,-142.0
Landry Shamet,New York Knicks @ Dallas Mavericks,2025-11-20T02:30:00Z,player_threes,2.5,draftkings,2025-11-19T14:54:30Z,2025-11-19T14:55:01Z,137.0,-182.0
Karl-Anthony Towns,New York Knicks @ Dallas Mavericks,2025-11-20T02:30:00Z,player_threes,1.5,draftkings,2025-11-19T14:54:30Z,2025-11-19T14:55:01Z,-178.0,134.0
Mikal Bridges,New York Knicks @ Dallas Mavericks,2025-11-20T02:30:00Z,player_threes,1.5,draftkings,2025-11-19T14:54:30Z,2025-11-19T14:55:01Z,-167.0,126.0
Max Christie,New York Knicks @ Dallas Mavericks,2025-11-20T02:30:00Z,player_threes,1.5,draftkings,2025-11-19T14:54:30Z,2025-11-19T14:55:01Z,-147.0,112.0
P.J. Washington,New York Knicks @ Dallas Mavericks,2025-11-20T02:30:00Z,player_threes,1.5,draftkings,2025-11-19T14:54:30Z,2025-11-19T14:55:01Z,-124.0,-106.0
D'Angelo Russell,New York Knicks @ Dallas Mavericks,2025-11-20T02:30:00Z,player_threes,1.5,draftkings,2025-11-19T14:54:30Z,2025-11-19T14:55:01Z,114.0,-150.0
Cooper Flagg,New York Knicks @ Dallas Mavericks,2025-11-20T02:30:00Z,player_threes,1.5,draftkings,2025-11-19T14:54:30Z,2025-11-19T14:55:01Z,140.0,-185.0
Brandon Williams,New York Knicks @ Dallas Mavericks,2025-11-20T02:30:00Z,player_threes,0.5,draftkings,2025-11-19T14:54:30Z,2025-11-19T14:55:01Z,-199.0,150.0
Josh Hart,New York Knicks @ Dallas Mavericks,2025-11-20T02:30:00Z,player_triple_double,,draftkings,2025-11-19T14:54:30Z,2025-11-19T14:55:01Z,,
Karl-Anthony Towns,New York Knicks @ Dallas Mavericks,2025-11-20T02:30:00Z,player_assists,2.5,williamhill_us,2025-11-19T14:55:31Z,2025-11-19T14:55:59Z,-170.0,126.0
Cooper Flagg,New York Knicks @ Dallas Mavericks,2025-11-20T02:30:00Z,player_assists,3.5,williamhill_us,2025-11-19T14:55:31Z,2025-11-19T14:55:59Z,112.0,-150.0
D'Angelo Russell,New York Knicks @ Dallas Mavericks,2025-11-20T02:30:00Z,player_assists,3.5,williamhill_us,2025-11-19T14:55:31Z,2025-11-19T14:55:59Z,-170.0,124.0
Mikal Bridges,New York Knicks @ Dallas Mavericks,2025-11-20T02:30:00Z,player_assists,4.5,williamhill_us,2025-11-19T14:55:31Z,2025-11-19T14:55:59Z,-134.0,101.0
Brandon Williams,New York Knicks @ Dallas Mavericks,2025-11-20T02:30:00Z,player_assists,4.5,williamhill_us,2025-11-19T14:55:31Z,2025-11-19T14:55:59Z,-118.0,-113.0
Josh Hart,New York Knicks @ Dallas Mavericks,2025-11-20T02:30:00Z,player_assists,5.5,williamhill_us,2025-11-19T14:55:31Z,2025-11-19T14:55:59Z,103.0,-136.0
Jalen Brunson,New York Knicks @ Dallas Mavericks,2025-11-20T02:30:00Z,player_assists,6.5,williamhill_us,2025-11-19T14:55:31Z,2025-11-19T14:55:59Z,-108.0,-124.0
Klay Thompson,New York Knicks @ Dallas Mavericks,2025-11-20T02:30:00Z,player_points,10.5,williamhill_us,2025-11-19T14:55:31Z,2025-11-19T14:55:59Z,-113.0,-118.0
Josh Hart,New York Knicks @ Dallas Mavericks,2025-11-20T02:30:00Z,player_points,12.5,williamhill_us,2025-11-19T14:55:31Z,2025-11-19T14:55:59Z,-115.0,-115.0
Cooper Flagg,New York Knicks @ Dallas Mavericks,2025-11-20T02:30:00Z,player_points,16.5,williamhill_us,2025-11-19T14:55:31Z,2025-11-19T14:55:59Z,-107.0,-125.0
Mitchell Robinson,New York Knicks @ Dallas Mavericks,2025-11-20T02:30:00Z,player_points,5.5,williamhill_us,2025-11-19T14:55:31Z,2025-11-19T14:55:59Z,-121.0,-110.0
Karl-Anthony Towns,New York Knicks @ Dallas Mavericks,2025-11-20T02:30:00Z,player_points,26.5,williamhill_us,2025-11-19T14:55:31Z,2025-11-19T14:55:59Z,-108.0,-122.0
Mikal Bridges,New York Knicks @ Dallas Mavericks,2025-11-20T02:30:00Z,player_points,17.5,williamhill_us,2025-11-19T14:55:31Z,2025-11-19T14:55:59Z,-122.0,-109.0
Daniel Gafford,New York Knicks @ Dallas Mavericks,2025-11-20T02:30:00Z,player_points,10.5,williamhill_us,2025-11-19T14:55:31Z,2025-11-19T14:55:59Z,-127.0,-105.0
Jordan Clarkson,New York Knicks @ Dallas Mavericks,2025-11-20T02:30:00Z,player_points,13.5,williamhill_us,2025-11-19T14:55:31Z,2025-11-19T14:55:59Z,-118.0,-113.0
D'Angelo Russell,New York Knicks @ Dallas Mavericks,2025-11-20T02:30:00Z,player_points,11.5,williamhill_us,2025-11-19T14:55:31Z,2025-11-19T14:55:59Z,-118.0,-113.0
P.J. Washington,New York Knicks @ Dallas Mavericks,2025-11-20T02:30:00Z,player_points,15.5,williamhill_us,2025-11-19T14:55:31Z,2025-11-19T14:55:59Z,-121.0,-110.0
Max Christie,New York Knicks @ Dallas Mavericks,2025-11-20T02:30:00Z,player_points,10.5,williamhill_us,2025-11-19T14:55:31Z,2025-11-19T14:55:59Z,-111.0,-120.0
Jalen Brunson,New York Knicks @ Dallas Mavericks,2025-11-20T02:30:00Z,player_points,26.5,williamhill_us,2025-11-19T14:55:31Z,2025-11-19T14:55:59Z,-112.0,-120.0
Brandon Williams,New York Knicks @ Dallas Mavericks,2025-11-20T02:30:00Z,player_points,13.5,williamhill_us,2025-11-19T14:55:31Z,2025-11-19T14:55:59Z,-130.0,100.0
Landry Shamet,New York Knicks @ Dallas Mavericks,2025-11-20T02:30:00Z,player_points,10.5,williamhill_us,2025-11-19T14:55:31Z,2025-11-19T14:55:59Z,-113.0,-120.0
Brandon Williams,New York Knicks @ Dallas Mavericks,2025-11-20T02:30:00Z,player_rebounds,2.5,williamhill_us,2025-11-19T14:55:31Z,2025-11-19T14:55:59Z,-110.0,-121.0
P.J. Washington,New York Knicks @ Dallas Mavericks,2025-11-20T02:30:00Z,player_rebounds,6.5,williamhill_us,2025-11-19T14:55:31Z,2025-11-19T14:55:59Z,-115.0,-117.0
Karl-Anthony Towns,New York Knicks @ Dallas Mavericks,2025-11-20T02:30:00Z,player_rebounds,12.5,williamhill_us,2025-11-19T14:55:31Z,2025-11-19T14:55:59Z,-117.0,-114.0
Mikal Bridges,New York Knicks @ Dallas Mavericks,2025-11-20T02:30:00Z,player_rebounds,4.5,williamhill_us,2025-11-19T14:55:31Z,2025-11-19T14:55:59Z,118.0,-157.0
Josh Hart,New York Knicks @ Dallas Mavericks,2025-11-20T02:30:00Z,player_rebounds,7.5,williamhill_us,2025-11-19T14:55:31Z,2025-11-19T14:55:59Z,-132.0,-102.0
Daniel Gafford,New York Knicks @ Dallas Mavericks,2025-11-20T02:30:00Z,player_rebounds,6.5,williamhill_us,2025-11-19T14:55:31Z,2025-11-19T14:55:59Z,-114.0,-118.0
Mitchell Robinson,New York Knicks @ Dallas Mavericks,2025-11-20T02:30:00Z,player_rebounds,7.5,williamhill_us,2025-11-19T14:55:31Z,2025-11-19T14:55:59Z,-160.0,115.0
Jalen Brunson,New York Knicks @ Dallas Mavericks,2025-11-20T02:30:00Z,player_rebounds,2.5,williamhill_us,2025-11-19T14:55:31Z,2025-11-19T14:55:59Z,-164.0,124.0
Klay Thompson,New York Knicks @ Dallas Mavericks,2025-11-20T02:30:00Z,player_rebounds,2.5,williamhill_us,2025-11-19T14:55:31Z,2025-11-19T14:55:59Z,133.0,-179.0
Max Christie,New York Knicks @ Dallas Mavericks,2025-11-20T02:30:00Z,player_rebounds,2.5,williamhill_us,2025-11-19T14:55:31Z,2025-11-19T14:55:59Z,-148.0,111.0
Cooper Flagg,New York Knicks @ Dallas Mavericks,2025-11-20T02:30:00Z,player_rebounds,5.5,williamhill_us,2025-11-19T14:55:31Z,2025-11-19T14:55:59Z,-112.0,-120.0
Jalen Brunson,New York Knicks @ Dallas Mavericks,2025-11-20T02:30:00Z,player_threes,2.5,williamhill_us,2025-11-19T14:55:31Z,2025-11-19T14:55:59Z,114.0,-152.0
Landry Shamet,New York Knicks @ Dallas Mavericks,2025-11-20T02:30:00Z,player_threes,2.5,williamhill_us,2025-11-19T14:55:31Z,2025-11-19T14:55:59Z,136.0,-182.0
Cooper Flagg,New York Knicks @ Dallas Mavericks,2025-11-20T02:30:00Z,player_threes,1.5,williamhill_us,2025-11-19T14:55:31Z,2025-11-19T14:55:59Z,129.0,-173.0
Klay Thompson,New York Knicks @ Dallas Mavericks,2025-11-20T02:30:00Z,player_threes,2.5,williamhill_us,2025-11-19T14:55:31Z,2025-11-19T14:55:59Z,103.0,-137.0
Brandon Williams,New York Knicks @ Dallas Mavericks,2025-11-20T02:30:00Z,player_threes,0.5,williamhill_us,2025-11-19T14:55:31Z,2025-11-19T14:55:59Z,-213.0,155.0
Max Christie,New York Knicks @ Dallas Mavericks,2025-11-20T02:30:00Z,player_threes,1.5,williamhill_us,2025-11-19T14:55:31Z,2025-11-19T14:55:59Z,-152.0,113.0
D'Angelo Russell,New York Knicks @ Dallas Mavericks,2025-11-20T02:30:00Z,player_threes,1.5,williamhill_us,2025-11-19T14:55:31Z,2025-11-19T14:55:59Z,110.0,-148.0
Jordan Clarkson,New York Knicks @ Dallas Mavericks,2025-11-20T02:30:00Z,player_threes,1.5,williamhill_us,2025-11-19T14:55:31Z,2025-11-19T14:55:59Z,-106.0,-127.0
Mikal Bridges,New York Knicks @ Dallas Mavericks,2025-11-20T02:30:00Z,player_threes,1.5,williamhill_us,2025-11-19T14:55:31Z,2025-11-19T14:55:59Z,-182.0,135.0
P.J. Washington,New York Knicks @ Dallas Mavericks,2025-11-20T02:30:00Z,player_threes,1.5,williamhill_us,2025-11-19T14:55:31Z,2025-11-19T14:55:59Z,-124.0,-107.0
Karl-Anthony Towns,New York Knicks @ Dallas Mavericks,2025-11-20T02:30:00Z,player_threes,1.5,williamhill_us,2025-11-19T14:55:31Z,2025-11-19T14:55:59Z,-190.0,139.0
Josh Hart,New York Knicks @ Dallas Mavericks,2025-11-20T02:30:00Z,player_threes,1.5,williamhill_us,2025-11-19T14:55:31Z,2025-11-19T14:55:59Z,151.0,-205.0
Cooper Flagg,New York Knicks @ Dallas Mavericks,2025-11-20T02:30:00Z,player_assists,3.5,fanduel,2025-11-19T14:55:00Z,2025-11-19T14:53:53Z,122.0,-162.0
Brandon Williams,New York Knicks @ Dallas Mavericks,2025-11-20T02:30:00Z,player_assists,4.5,fanduel,2025-11-19T14:55:00Z,2025-11-19T14:53:53Z,-114.0,-114.0
Jalen Brunson,New York Knicks @ Dallas Mavericks,2025-11-20T02:30:00Z,player_assists,6.5,fanduel,2025-11-19T14:55:00Z,2025-11-19T14:53:53Z,-114.0,-114.0
Mikal Bridges,New York Knicks @ Dallas Mavericks,2025-11-20T02:30:00Z,player_assists,4.5,fanduel,2025-11-19T14:55:00Z,2025-11-19T14:53:53Z,-138.0,104.0
Karl-Anthony Towns,New York Knicks @ Dallas Mavericks,2025-11-20T02:30:00Z,player_assists,2.5,fanduel,2025-11-19T14:55:00Z,2025-11-19T14:53:53Z,-172.0,128.0
Daniel Gafford,New York Knicks @ Dallas Mavericks,2025-11-20T02:30:00Z,player_blocks,1.5,fanduel,2025-11-19T14:55:00Z,2025-11-19T14:53:53Z,-114.0,-114.0
Mitchell Robinson,New York Knicks @ Dallas Mavericks,2025-11-20T02:30:00Z,player_blocks,1.5,fanduel,2025-11-19T14:55:00Z,2025-11-19T14:53:53Z,178.0,-245.0
Karl-Anthony Towns,New York Knicks @ Dallas Mavericks,2025-11-20T02:30:00Z,player_double_double,,fanduel,2025-11-19T14:55:00Z,2025-11-19T14:53:53Z,,
Jalen Brunson,New York Knicks @ Dallas Mavericks,2025-11-20T02:30:00Z,player_double_double,,fanduel,2025-11-19T14:55:00Z,2025-11-19T14:53:53Z,,
P.J. Washington,New York Knicks @ Dallas Mavericks,2025-11-20T02:30:00Z,player_double_double,,fanduel,2025-11-19T14:55:00Z,2025-11-19T14:53:53Z,,
Daniel Gafford,New York Knicks @ Dallas Mavericks,2025-11-20T02:30:00Z,player_double_double,,fanduel,2025-11-19T14:55:00Z,2025-11-19T14:53:53Z,,
Cooper Flagg,New York Knicks @ Dallas Mavericks,2025-11-20T02:30:00Z,player_double_double,,fanduel,2025-11-19T14:55:00Z,2025-11-19T14:53:53Z,,
Mitchell Robinson,New York Knicks @ Dallas Mavericks,2025-11-20T02:30:00Z,player_double_double,,fanduel,2025-11-19T14:55:00Z,2025-11-19T14:53:53Z,,
Mikal Bridges,New York Knicks @ Dallas Mavericks,2025-11-20T02:30:00Z,player_double_double,,fanduel,2025-11-19T14:55:00Z,2025-11-19T14:53:53Z,,
Brandon Williams,New York Knicks @ Dallas Mavericks,2025-11-20T02:30:00Z,player_double_double,,fanduel,2025-11-19T14:55:00Z,2025-11-19T14:53:53Z,,
Klay Thompson,New York Knicks @ Dallas Mavericks,2025-11-20T02:30:00Z,player_points,10.5,fanduel,2025-11-19T14:55:00Z,2025-11-19T14:53:53Z,-110.0,-120.0
Karl-Anthony Towns,New York Knicks @ Dallas Mavericks,2025-11-20T02:30:00Z,player_points,26.5,fanduel,2025-11-19T14:55:00Z,2025-11-19T14:53:53Z,-114.0,-114.0
Jalen Brunson,New York Knicks @ Dallas Mavericks,2025-11-20T02:30:00Z,player_points,26.5,fanduel,2025-11-19T14:55:00Z,2025-11-19T14:53:53Z,-108.0,-122.0
Mikal Bridges,New York Knicks @ Dallas Mavericks,2025-11-20T02:30:00Z,player_points,17.5,fanduel,2025-11-19T14:55:00Z,2025-11-19T14:53:53Z,-130.0,-102.0
P.J. Washington,New York Knicks @ Dallas Mavericks,2025-11-20T02:30:00Z,player_points,15.5,fanduel,2025-11-19T14:55:00Z,2025-11-19T14:53:53Z,-125.0,-106.0
Mitchell Robinson,New York Knicks @ Dallas Mavericks,2025-11-20T02:30:00Z,player_points,5.5,fanduel,2025-11-19T14:55:00Z,2025-11-19T14:53:53Z,-112.0,-118.0
Daniel Gafford,New York Knicks @ Dallas Mavericks,2025-11-20T02:30:00Z,player_points,10.5,fanduel,2025-11-19T14:55:00Z,2025-11-19T14:53:53Z,-125.0,-106.0
Brandon Williams,New York Knicks @ Dallas Mavericks,2025-11-20T02:30:00Z,player_points,13.5,fanduel,2025-11-19T14:55:00Z,2025-11-19T14:53:53Z,-132.0,100.0
Landry Shamet,New York Knicks @ Dallas Mavericks,2025-11-20T02:30:00Z,player_points,10.5,fanduel,2025-11-19T14:55:00Z,2025-11-19T14:53:53Z,-118.0,-112.0
D'Angelo Russell,New York Knicks @ Dallas Mavericks,2025-11-20T02:30:00Z,player_points,11.5,fanduel,2025-11-19T14:55:00Z,2025-11-19T14:53:53Z,-114.0,-114.0
Max Christie,New York Knicks @ Dallas Mavericks,2025-11-20T02:30:00Z,player_points,10.5,fanduel,2025-11-19T14:55:00Z,2025-11-19T14:53:53Z,-106.0,-125.0
Cooper Flagg,New York Knicks @ Dallas Mavericks,2025-11-20T02:30:00Z,player_points,16.5,fanduel,2025-11-19T14:55:00Z,2025-11-19T14:53:53Z,-106.0,-125.0
Brandon Williams,New York Knicks @ Dallas Mavericks,2025-11-20T02:30:00Z,player_points_rebounds_assists,21.5,fanduel,2025-11-19T14:55:00Z,2025-11-19T14:52:42Z,-112.0,-118.0
Mikal Bridges,New York Knicks @ Dallas Mavericks,2025-11-20T02:30:00Z,player_points_rebounds_assists,27.5,fanduel,2025-11-19T14:55:00Z,2025-11-19T14:52:42Z,-112.0,-118.0
Karl-Anthony Towns,New York Knicks @ Dallas Mavericks,2025-11-20T02:30:00Z,player_points_rebounds_assists,42.5,fanduel,2025-11-19T14:55:00Z,2025-11-19T14:52:42Z,-112.0,-118.0
Jalen Brunson,New York Knicks @ Dallas Mavericks,2025-11-20T02:30:00Z,player_points_rebounds_assists,36.5,fanduel,2025-11-19T14:55:00Z,2025-11-19T14:52:42Z,-106.0,-125.0
Cooper Flagg,New York Knicks @ Dallas Mavericks,2025-11-20T02:30:00Z,player_points_rebounds_assists,25.5,fanduel,2025-11-19T14:55:00Z,2025-11-19T14:52:42Z,-114.0,-114.0
Mitchell Robinson,New York Knicks @ Dallas Mavericks,2025-11-20T02:30:00Z,player_rebounds,8.5,fanduel,2025-11-19T14:55:00Z,2025-11-19T14:53:53Z,118.0,-158.0
Cooper Flagg,New York Knicks @ Dallas Mavericks,2025-11-20T02:30:00Z,player_rebounds,5.5,fanduel,2025-11-19T14:55:00Z,2025-11-19T14:53:53Z,-114.0,-114.0
Brandon Williams,New York Knicks @ Dallas Mavericks,2025-11-20T02:30:00Z,player_rebounds,2.5,fanduel,2025-11-19T14:55:00Z,2025-11-19T14:53:53Z,-114.0,-114.0
P.J. Washington,New York Knicks @ Dallas Mavericks,2025-11-20T02:30:00Z,player_rebounds,6.5,fanduel,2025-11-19T14:55:00Z,2025-11-19T14:53:53Z,-114.0,-114.0
Jalen Brunson,New York Knicks @ Dallas Mavericks,2025-11-20T02:30:00Z,player_rebounds,2.5,fanduel,2025-11-19T14:55:00Z,2025-11-19T14:53:53Z,-174.0,130.0
Mikal Bridges,New York Knicks @ Dallas Mavericks,2025-11-20T02:30:00Z,player_rebounds,4.5,fanduel,2025-11-19T14:55:00Z,2025-11-19T14:53:53Z,122.0,-162.0
Daniel Gafford,New York Knicks @ Dallas Mavericks,2025-11-20T02:30:00Z,player_rebounds,6.5,fanduel,2025-11-19T14:55:00Z,2025-11-19T14:53:53Z,-106.0,-125.0
Klay Thompson,New York Knicks @ Dallas Mavericks,2025-11-20T02:30:00Z,player_rebounds,2.5,fanduel,2025-11-19T14:55:00Z,2025-11-19T14:53:53Z,140.0,-188.0
Max Christie,New York Knicks @ Dallas Mavericks,2025-11-20T02:30:00Z,player_rebounds,2.5,fanduel,2025-11-19T14:55:00Z,2025-11-19T14:53:53Z,-148.0,112.0
Karl-Anthony Towns,New York Knicks @ Dallas Mavericks,2025-11-20T02:30:00Z,player_rebounds,12.5,fanduel,2025-11-19T14:55:00Z,2025-11-19T14:53:53Z,-114.0,-114.0
Mikal Bridges,New York Knicks @ Dallas Mavericks,2025-11-20T02:30:00Z,player_steals,1.5,fanduel,2025-11-19T14:55:00Z,2025-11-19T14:53:53Z,100.0,-132.0
Cooper Flagg,New York Knicks @ Dallas Mavericks,2025-11-20T02:30:00Z,player_steals,1.5,fanduel,2025-11-19T14:55:00Z,2025-11-19T14:53:53Z,138.0,-186.0
Jalen Brunson,New York Knicks @ Dallas Mavericks,2025-11-20T02:30:00Z,player_threes,2.5,fanduel,2025-11-19T14:55:00Z,2025-11-19T14:53:53Z,110.0,-146.0
Max Christie,New York Knicks @ Dallas Mavericks,2025-11-20T02:30:00Z,player_threes,1.5,fanduel,2025-11-19T14:55:00Z,2025-11-19T14:53:53Z,-132.0,100.0
P.J. Washington,New York Knicks @ Dallas Mavericks,2025-11-20T02:30:00Z,player_threes,1.5,fanduel,2025-11-19T14:55:00Z,2025-11-19T14:53:53Z,-125.0,-106.0
Karl-Anthony Towns,New York Knicks @ Dallas Mavericks,2025-11-20T02:30:00Z,player_threes,1.5,fanduel,2025-11-19T14:55:00Z,2025-11-19T14:53:53Z,-188.0,140.0
Klay Thompson,New York Knicks @ Dallas Mavericks,2025-11-20T02:30:00Z,player_threes,2.5,fanduel,2025-11-19T14:55:00Z,2025-11-19T14:53:53Z,108.0,-144.0
Cooper Flagg,New York Knicks @ Dallas Mavericks,2025-11-20T02:30:00Z,player_threes,1.5,fanduel,2025-11-19T14:55:00Z,2025-11-19T14:53:53Z,124.0,-166.0
Brandon Williams,New York Knicks @ Dallas Mavericks,2025-11-20T02:30:00Z,player_threes,0.5,fanduel,2025-11-19T14:55:00Z,2025-11-19T14:53:53Z,-230.0,168.0
Mikal Bridges,New York Knicks @ Dallas Mavericks,2025-11-20T02:30:00Z,player_threes,1.5,fanduel,2025-11-19T14:55:00Z,2025-11-19T14:53:53Z,-188.0,140.0
Brandon Williams,New York Knicks @ Dallas Mavericks,2025-11-20T02:30:00Z,player_assists,4.5,betrivers,2025-11-19T14:55:14Z,2025-11-19T14:55:58Z,-113.0,-118.0
Cooper Flagg,New York Knicks @ Dallas Mavericks,2025-11-20T02:30:00Z,player_assists,3.5,betrivers,2025-11-19T14:55:14Z,2025-11-19T14:55:58Z,125.0,-167.0
P.J. Washington,New York Knicks @ Dallas Mavericks,2025-11-20T02:30:00Z,player_points,15.5,betrivers,2025-11-19T14:55:14Z,2025-11-19T14:55:58Z,-124.0,-108.0
D'Angelo Russell,New York Knicks @ Dallas Mavericks,2025-11-20T02:30:00Z,player_points,11.5,betrivers,2025-11-19T14:55:14Z,2025-11-19T14:55:58Z,-117.0,-114.0
Daniel Gafford,New York Knicks @ Dallas Mavericks,2025-11-20T02:30:00Z,player_points,10.5,betrivers,2025-11-19T14:55:14Z,2025-11-19T14:55:58Z,-124.0,-108.0
Max Christie,New York Knicks @ Dallas Mavericks,2025-11-20T02:30:00Z,player_points,9.5,betrivers,2025-11-19T14:55:14Z,2025-11-19T14:55:58Z,-110.0,-121.0
Brandon Williams,New York Knicks @ Dallas Mavericks,2025-11-20T02:30:00Z,player_points,14.5,betrivers,2025-11-19T14:55:14Z,2025-11-19T14:55:58Z,-106.0,-125.0
Klay Thompson,New York Knicks @ Dallas Mavericks,2025-11-20T02:30:00Z,player_points,10.5,betrivers,2025-11-19T14:55:14Z,2025-11-19T14:55:58Z,-114.0,-117.0
Cooper Flagg,New York Knicks @ Dallas Mavericks,2025-11-20T02:30:00Z,player_points,16.5,betrivers,2025-11-19T14:55:14Z,2025-11-19T14:55:58Z,-108.0,-122.0
Brandon Williams,New York Knicks @ Dallas Mavericks,2025-11-20T02:30:00Z,player_points_rebounds_assists,21.5,betrivers,2025-11-19T14:55:14Z,2025-11-19T14:55:58Z,-118.0,-113.0
Cooper Flagg,New York Knicks @ Dallas Mavericks,2025-11-20T02:30:00Z,player_points_rebounds_assists,25.5,betrivers,2025-11-19T14:55:14Z,2025-11-19T14:55:58Z,-115.0,-115.0
Daniel Gafford,New York Knicks @ Dallas Mavericks,2025-11-20T02:30:00Z,player_rebounds,6.5,betrivers,2025-11-19T14:55:14Z,2025-11-19T14:55:58Z,-110.0,-121.0
Klay Thompson,New York Knicks @ Dallas Mavericks,2025-11-20T02:30:00Z,player_rebounds,2.5,betrivers,2025-11-19T14:55:14Z,2025-11-19T14:55:58Z,135.0,-182.0
Cooper Flagg,New York Knicks @ Dallas Mavericks,2025-11-20T02:30:00Z,player_rebounds,5.5,betrivers,2025-11-19T14:55:14Z,2025-11-19T14:55:58Z,-112.0,-120.0
P.J. Washington,New York Knicks @ Dallas Mavericks,2025-11-20T02:30:00Z,player_rebounds,6.5,betrivers,2025-11-19T14:55:14Z,2025-11-19T14:55:58Z,-110.0,-121.0
Brandon Williams,New York Knicks @ Dallas Mavericks,2025-11-20T02:30:00Z,player_rebounds,2.5,betrivers,2025-11-19T14:55:14Z,2025-11-19T14:55:58Z,-114.0,-117.0
Max Christie,New York Knicks @ Dallas Mavericks,2025-11-20T02:30:00Z,player_rebounds,2.5,betrivers,2025-11-19T14:55:14Z,2025-11-19T14:55:58Z,-148.0,110.0
Klay Thompson,New York Knicks @ Dallas Mavericks,2025-11-20T02:30:00Z,player_threes,2.5,betrivers,2025-11-19T14:55:14Z,2025-11-19T14:55:58Z,107.0,-143.0
Max Christie,New York Knicks @ Dallas Mavericks,2025-11-20T02:30:00Z,player_threes,1.5,betrivers,2025-11-19T14:55:14Z,2025-11-19T14:55:58Z,-137.0,104.0
Cooper Flagg,New York Knicks @ Dallas Mavericks,2025-11-20T02:30:00Z,player_threes,1.5,betrivers,2025-11-19T14:55:14Z,2025-11-19T14:55:58Z,128.0,-175.0
P.J. Washington,New York Knicks @ Dallas Mavericks,2025-11-20T02:30:00Z,player_threes,1.5,betrivers,2025-11-19T14:55:14Z,2025-11-19T14:55:58Z,-120.0,-112.0
Cooper Flagg,New York Knicks @ Dallas Mavericks,2025-11-20T02:30:00Z,player_assists,3.5,fanatics,2025-11-19T14:55:13Z,2025-11-19T14:54:58Z,115.0,-150.0
Brandon Williams,New York Knicks @ Dallas Mavericks,2025-11-20T02:30:00Z,player_assists,4.5,fanatics,2025-11-19T14:55:13Z,2025-11-19T14:54:58Z,-120.0,-110.0
Mikal Bridges,New York Knicks @ Dallas Mavericks,2025-11-20T02:30:00Z,player_assists,4.5,fanatics,2025-11-19T14:55:13Z,2025-11-19T14:54:58Z,-130.0,100.0
Jalen Brunson,New York Knicks @ Dallas Mavericks,2025-11-20T02:30:00Z,player_assists,6.5,fanatics,2025-11-19T14:55:13Z,2025-11-19T14:54:58Z,-110.0,-120.0
Josh Hart,New York Knicks @ Dallas Mavericks,2025-11-20T02:30:00Z,player_assists,5.5,fanatics,2025-11-19T14:55:13Z,2025-11-19T14:54:58Z,105.0,-140.0
Karl-Anthony Towns,New York Knicks @ Dallas Mavericks,2025-11-20T02:30:00Z,player_assists,2.5,fanatics,2025-11-19T14:55:13Z,2025-11-19T14:54:58Z,-175.0,125.0
Max Christie,New York Knicks @ Dallas Mavericks,2025-11-20T02:30:00Z,player_assists,2.5,fanatics,2025-11-19T14:55:13Z,2025-11-19T14:54:58Z,-105.0,-125.0
P.J. Washington,New York Knicks @ Dallas Mavericks,2025-11-20T02:30:00Z,player_assists,2.5,fanatics,2025-11-19T14:55:13Z,2025-11-19T14:54:58Z,130.0,-190.0
Landry Shamet,New York Knicks @ Dallas Mavericks,2025-11-20T02:30:00Z,player_assists,1.5,fanatics,2025-11-19T14:55:13Z,2025-11-19T14:54:58Z,-165.0,120.0
D'Angelo Russell,New York Knicks @ Dallas Mavericks,2025-11-20T02:30:00Z,player_assists,4.5,fanatics,2025-11-19T14:55:13Z,2025-11-19T14:54:58Z,120.0,-165.0
Jordan Clarkson,New York Knicks @ Dallas Mavericks,2025-11-20T02:30:00Z,player_assists,2.5,fanatics,2025-11-19T14:55:13Z,2025-11-19T14:54:58Z,-140.0,105.0
Daniel Gafford,New York Knicks @ Dallas Mavericks,2025-11-20T02:30:00Z,player_assists,1.5,fanatics,2025-11-19T14:55:13Z,2025-11-19T14:54:58Z,160.0,-275.0
Dereck Lively II,New York Knicks @ Dallas Mavericks,2025-11-20T02:30:00Z,player_assists,1.5,fanatics,2025-11-19T14:55:13Z,2025-11-19T14:54:58Z,110.0,-145.0
Klay Thompson,New York Knicks @ Dallas Mavericks,2025-11-20T02:30:00Z,player_assists,1.5,fanatics,2025-11-19T14:55:13Z,2025-11-19T14:54:58Z,-125.0,-105.0
Mitchell Robinson,New York Knicks @ Dallas Mavericks,2025-11-20T02:30:00Z,player_assists,0.5,fanatics,2025-11-19T14:55:13Z,2025-11-19T14:54:58Z,-125.0,-105.0
Cooper Flagg,New York Knicks @ Dallas Mavericks,2025-11-20T02:30:00Z,player_double_double,,fanatics,2025-11-19T14:55:13Z,2025-11-19T14:54:58Z,,
Brandon Williams,New York Knicks @ Dallas Mavericks,2025-11-20T02:30:00Z,player_double_double,,fanatics,2025-11-19T14:55:13Z,2025-11-19T14:54:58Z,,
Daniel Gafford,New York Knicks @ Dallas Mavericks,2025-11-20T02:30:00Z,player_double_double,,fanatics,2025-11-19T14:55:13Z,2025-11-19T14:54:58Z,,
P.J. Washington,New York Knicks @ Dallas Mavericks,2025-11-20T02:30:00Z,player_double_double,,fanatics,2025-11-19T14:55:13Z,2025-11-19T14:54:58Z,,
Jalen Brunson,New York Knicks @ Dallas Mavericks,2025-11-20T02:30:00Z,player_double_double,,fanatics,2025-11-19T14:55:13Z,2025-11-19T14:54:58Z,,
Karl-Anthony Towns,New York Knicks @ Dallas Mavericks,2025-11-20T02:30:00Z,player_double_double,,fanatics,2025-11-19T14:55:13Z,2025-11-19T14:54:58Z,,
Mikal Bridges,New York Knicks @ Dallas Mavericks,2025-11-20T02:30:00Z,player_double_double,,fanatics,2025-11-19T14:55:13Z,2025-11-19T14:54:58Z,,
Josh Hart,New York Knicks @ Dallas Mavericks,2025-11-20T02:30:00Z,player_double_double,,fanatics,2025-11-19T14:55:13Z,2025-11-19T14:54:58Z,,
Mitchell Robinson,New York Knicks @ Dallas Mavericks,2025-11-20T02:30:00Z,player_double_double,,fanatics,2025-11-19T14:55:13Z,2025-11-19T14:54:58Z,,
D'Angelo Russell,New York Knicks @ Dallas Mavericks,2025-11-20T02:30:00Z,player_double_double,,fanatics,2025-11-19T14:55:13Z,2025-11-19T14:54:58Z,,
Cooper Flagg,New York Knicks @ Dallas Mavericks,2025-11-20T02:30:00Z,player_points,16.5,fanatics,2025-11-19T14:55:13Z,2025-11-19T14:54:58Z,-115.0,-115.0
Max Christie,New York Knicks @ Dallas Mavericks,2025-11-20T02:30:00Z,player_points,10.5,fanatics,2025-11-19T14:55:13Z,2025-11-19T14:54:58Z,-105.0,-125.0
Brandon Williams,New York Knicks @ Dallas Mavericks,2025-11-20T02:30:00Z,player_points,14.5,fanatics,2025-11-19T14:55:13Z,2025-11-19T14:54:58Z,-105.0,-125.0
Daniel Gafford,New York Knicks @ Dallas Mavericks,2025-11-20T02:30:00Z,player_points,10.5,fanatics,2025-11-19T14:55:13Z,2025-11-19T14:54:58Z,-130.0,100.0
P.J. Washington,New York Knicks @ Dallas Mavericks,2025-11-20T02:30:00Z,player_points,15.5,fanatics,2025-11-19T14:55:13Z,2025-11-19T14:54:58Z,-125.0,-105.0
Landry Shamet,New York Knicks @ Dallas Mavericks,2025-11-20T02:30:00Z,player_points,10.5,fanatics,2025-11-19T14:55:13Z,2025-11-19T14:54:58Z,-115.0,-115.0
Josh Hart,New York Knicks @ Dallas Mavericks,2025-11-20T02:30:00Z,player_points,12.5,fanatics,2025-11-19T14:55:13Z,2025-11-19T14:54:58Z,-115.0,-115.0
Jalen Brunson,New York Knicks @ Dallas Mavericks,2025-11-20T02:30:00Z,player_points,26.5,fanatics,2025-11-19T14:55:13Z,2025-11-19T14:54:58Z,-115.0,-115.0
Mikal Bridges,New York Knicks @ Dallas Mavericks,2025-11-20T02:30:00Z,player_points,17.5,fanatics,2025-11-19T14:55:13Z,2025-11-19T14:54:58Z,-125.0,-105.0
Karl-Anthony Towns,New York Knicks @ Dallas Mavericks,2025-11-20T02:30:00Z,player_points,26.5,fanatics,2025-11-19T14:55:13Z,2025-11-19T14:54:58Z,-105.0,-125.0
Mitchell Robinson,New York Knicks @ Dallas Mavericks,2025-11-20T02:30:00Z,player_points,5.5,fanatics,2025-11-19T14:55:13Z,2025-11-19T14:54:58Z,-115.0,-115.0
Klay Thompson,New York Knicks @ Dallas Mavericks,2025-11-20T02:30:00Z,player_points,10.5,fanatics,2025-11-19T14:55:13Z,2025-11-19T14:54:58Z,-110.0,-120.0
D'Angelo Russell,New York Knicks @ Dallas Mavericks,2025-11-20T02:30:00Z,player_points,11.5,fanatics,2025-11-19T14:55:13Z,2025-11-19T14:54:58Z,-120.0,-110.0
Jordan Clarkson,New York Knicks @ Dallas Mavericks,2025-11-20T02:30:00Z,player_points,14.5,fanatics,2025-11-19T14:55:13Z,2025-11-19T14:54:58Z,-105.0,-125.0
Dereck Lively II,New York Knicks @ Dallas Mavericks,2025-11-20T02:30:00Z,player_points,4.5,fanatics,2025-11-19T14:55:13Z,2025-11-19T14:54:58Z,-115.0,-115.0
Landry Shamet,New York Knicks @ Dallas Mavericks,2025-11-20T02:30:00Z,player_points_rebounds_assists,15.5,fanatics,2025-11-19T14:55:13Z,2025-11-19T14:54:58Z,-105.0,-125.0
Jalen Brunson,New York Knicks @ Dallas Mavericks,2025-11-20T02:30:00Z,player_points_rebounds_assists,36.5,fanatics,2025-11-19T14:55:13Z,2025-11-19T14:54:58Z,-105.0,-125.0
Klay Thompson,New York Knicks @ Dallas Mavericks,2025-11-20T02:30:00Z,player_points_rebounds_assists,14.5,fanatics,2025-11-19T14:55:13Z,2025-11-19T14:54:58Z,-110.0,-120.0
Mikal Bridges,New York Knicks @ Dallas Mavericks,2025-11-20T02:30:00Z,player_points_rebounds_assists,27.5,fanatics,2025-11-19T14:55:13Z,2025-11-19T14:54:58Z,-105.0,-125.0
P.J. Washington,New York Knicks @ Dallas Mavericks,2025-11-20T02:30:00Z,player_points_rebounds_assists,24.5,fanatics,2025-11-19T14:55:13Z,2025-11-19T14:54:58Z,-115.0,-115.0
Dereck Lively II,New York Knicks @ Dallas Mavericks,2025-11-20T02:30:00Z,player_points_rebounds_assists,11.5,fanatics,2025-11-19T14:55:13Z,2025-11-19T14:54:58Z,105.0,-140.0
Cooper Flagg,New York Knicks @ Dallas Mavericks,2025-11-20T02:30:00Z,player_points_rebounds_assists,25.5,fanatics,2025-11-19T14:55:13Z,2025-11-19T14:54:58Z,-115.0,-115.0
Josh Hart,New York Knicks @ Dallas Mavericks,2025-11-20T02:30:00Z,player_points_rebounds_assists,25.5,fanatics,2025-11-19T14:55:13Z,2025-11-19T14:54:58Z,-125.0,-105.0
Max Christie,New York Knicks @ Dallas Mavericks,2025-11-20T02:30:00Z,player_points_rebounds_assists,15.5,fanatics,2025-11-19T14:55:13Z,2025-11-19T14:54:58Z,-125.0,-105.0
Mitchell Robinson,New York Knicks @ Dallas Mavericks,2025-11-20T02:30:00Z,player_points_rebounds_assists,14.5,fanatics,2025-11-19T14:55:13Z,2025-11-19T14:54:58Z,-110.0,-120.0
Jordan Clarkson,New York Knicks @ Dallas Mavericks,2025-11-20T02:30:00Z,player_points_rebounds_assists,19.5,fanatics,2025-11-19T14:55:13Z,2025-11-19T14:54:58Z,-120.0,-110.0
Brandon Williams,New York Knicks @ Dallas Mavericks,2025-11-20T02:30:00Z,player_points_rebounds_assists,21.5,fanatics,2025-11-19T14:55:13Z,2025-11-19T14:54:58Z,-115.0,-115.0
Daniel Gafford,New York Knicks @ Dallas Mavericks,2025-11-20T02:30:00Z,player_points_rebounds_assists,18.5,fanatics,2025-11-19T14:55:13Z,2025-11-19T14:54:58Z,-125.0,-105.0
D'Angelo Russell,New York Knicks @ Dallas Mavericks,2025-11-20T02:30:00Z,player_points_rebounds_assists,18.5,fanatics,2025-11-19T14:55:13Z,2025-11-19T14:54:58Z,-105.0,-125.0
Karl-Anthony Towns,New York Knicks @ Dallas Mavericks,2025-11-20T02:30:00Z,player_points_rebounds_assists,42.5,fanatics,2025-11-19T14:55:13Z,2025-11-19T14:54:58Z,-110.0,-120.0
Cooper Flagg,New York Knicks @ Dallas Mavericks,2025-11-20T02:30:00Z,player_rebounds,5.5,fanatics,2025-11-19T14:55:13Z,2025-11-19T14:54:58Z,-105.0,
Daniel Gafford,New York Knicks @ Dallas Mavericks,2025-11-20T02:30:00Z,player_rebounds,6.5,fanatics,2025-11-19T14:55:13Z,2025-11-19T14:54:58Z,-115.0,-115.0
P.J. Washington,New York Knicks @ Dallas Mavericks,2025-11-20T02:30:00Z,player_rebounds,6.5,fanatics,2025-11-19T14:55:13Z,2025-11-19T14:54:58Z,-110.0,-120.0
Max Christie,New York Knicks @ Dallas Mavericks,2025-11-20T02:30:00Z,player_rebounds,2.5,fanatics,2025-11-19T14:55:13Z,2025-11-19T14:54:58Z,-140.0,105.0
Brandon Williams,New York Knicks @ Dallas Mavericks,2025-11-20T02:30:00Z,player_rebounds,2.5,fanatics,2025-11-19T14:55:13Z,2025-11-19T14:54:58Z,-105.0,-125.0
Mitchell Robinson,New York Knicks @ Dallas Mavericks,2025-11-20T02:30:00Z,player_rebounds,7.5,fanatics,2025-11-19T14:55:13Z,2025-11-19T14:54:58Z,-140.0,105.0
Landry Shamet,New York Knicks @ Dallas Mavericks,2025-11-20T02:30:00Z,player_rebounds,2.5,fanatics,2025-11-19T14:55:13Z,2025-11-19T14:54:58Z,-115.0,-115.0
Jalen Brunson,New York Knicks @ Dallas Mavericks,2025-11-20T02:30:00Z,player_rebounds,2.5,fanatics,2025-11-19T14:55:13Z,2025-11-19T14:54:58Z,-165.0,120.0
Karl-Anthony Towns,New York Knicks @ Dallas Mavericks,2025-11-20T02:30:00Z,player_rebounds,12.5,fanatics,2025-11-19T14:55:13Z,2025-11-19T14:54:58Z,-120.0,-110.0
Josh Hart,New York Knicks @ Dallas Mavericks,2025-11-20T02:30:00Z,player_rebounds,7.5,fanatics,2025-11-19T14:55:13Z,2025-11-19T14:54:58Z,-130.0,100.0
Mikal Bridges,New York Knicks @ Dallas Mavericks,2025-11-20T02:30:00Z,player_rebounds,4.5,fanatics,2025-11-19T14:55:13Z,2025-11-19T14:54:58Z,115.0,-150.0
Klay Thompson,New York Knicks @ Dallas Mavericks,2025-11-20T02:30:00Z,player_rebounds,2.5,fanatics,2025-11-19T14:55:13Z,2025-11-19T14:54:58Z,120.0,-165.0
D'Angelo Russell,New York Knicks @ Dallas Mavericks,2025-11-20T02:30:00Z,player_rebounds,2.5,fanatics,2025-11-19T14:55:13Z,2025-11-19T14:54:58Z,130.0,-190.0
Jordan Clarkson,New York Knicks @ Dallas Mavericks,2025-11-20T02:30:00Z,player_rebounds,2.5,fanatics,2025-11-19T14:55:13Z,2025-11-19T14:54:58Z,-130.0,100.0
Dereck Lively II,New York Knicks @ Dallas Mavericks,2025-11-20T02:30:00Z,player_rebounds,4.5,fanatics,2025-11-19T14:55:13Z,2025-11-19T14:54:58Z,-140.0,105.0
Cooper Flagg,New York Knicks @ Dallas Mavericks,2025-11-20T02:30:00Z,player_threes,1.5,fanatics,2025-11-19T14:55:13Z,2025-11-19T14:54:58Z,125.0,-175.0
Max Christie,New York Knicks @ Dallas Mavericks,2025-11-20T02:30:00Z,player_threes,1.5,fanatics,2025-11-19T14:55:13Z,2025-11-19T14:54:58Z,-145.0,110.0
P.J. Washington,New York Knicks @ Dallas Mavericks,2025-11-20T02:30:00Z,player_threes,1.5,fanatics,2025-11-19T14:55:13Z,2025-11-19T14:54:58Z,-125.0,-105.0
Landry Shamet,New York Knicks @ Dallas Mavericks,2025-11-20T02:30:00Z,player_threes,2.5,fanatics,2025-11-19T14:55:13Z,2025-11-19T14:54:58Z,135.0,-210.0
Jalen Brunson,New York Knicks @ Dallas Mavericks,2025-11-20T02:30:00Z,player_threes,2.5,fanatics,2025-11-19T14:55:13Z,2025-11-19T14:54:58Z,110.0,-145.0
Karl-Anthony Towns,New York Knicks @ Dallas Mavericks,2025-11-20T02:30:00Z,player_threes,1.5,fanatics,2025-11-19T14:55:13Z,2025-11-19T14:54:58Z,-190.0,130.0
Mikal Bridges,New York Knicks @ Dallas Mavericks,2025-11-20T02:30:00Z,player_threes,1.5,fanatics,2025-11-19T14:55:13Z,2025-11-19T14:54:58Z,-190.0,130.0
Jordan Clarkson,New York Knicks @ Dallas Mavericks,2025-11-20T02:30:00Z,player_threes,1.5,fanatics,2025-11-19T14:55:13Z,2025-11-19T14:54:58Z,-115.0,-115.0
Brandon Williams,New York Knicks @ Dallas Mavericks,2025-11-20T02:30:00Z,player_threes,0.5,fanatics,2025-11-19T14:55:13Z,2025-11-19T14:54:58Z,-240.0,150.0
Klay Thompson,New York Knicks @ Dallas Mavericks,2025-11-20T02:30:00Z,player_threes,2.5,fanatics,2025-11-19T14:55:13Z,2025-11-19T14:54:58Z,100.0,-130.0
Josh Hart,New York Knicks @ Dallas Mavericks,2025-11-20T02:30:00Z,player_threes,1.5,fanatics,2025-11-19T14:55:13Z,2025-11-19T14:54:58Z,130.0,-190.0
D'Angelo Russell,New York Knicks @ Dallas Mavericks,2025-11-20T02:30:00Z,player_threes,1.5,fanatics,2025-11-19T14:55:13Z,2025-11-19T14:54:58Z,110.0,-145.0
Josh Hart,New York Knicks @ Dallas Mavericks,2025-11-20T02:30:00Z,player_triple_double,,fanatics,2025-11-19T14:55:13Z,2025-11-19T14:54:58Z,,
Daniel Gafford,New York Knicks @ Dallas Mavericks,2025-11-20T02:30:00Z,player_assists,0.5,betmgm,2025-11-19T14:54:46Z,2025-11-19T14:55:15Z,-235.0,175.0
Max Christie,New York Knicks @ Dallas Mavericks,2025-11-20T02:30:00Z,player_assists,2.5,betmgm,2025-11-19T14:54:46Z,2025-11-19T14:55:15Z,100.0,-135.0
Mikal Bridges,New York Knicks @ Dallas Mavericks,2025-11-20T02:30:00Z,player_assists,4.5,betmgm,2025-11-19T14:54:46Z,2025-11-19T14:55:15Z,-140.0,105.0
Landry Shamet,New York Knicks @ Dallas Mavericks,2025-11-20T02:30:00Z,player_assists,1.5,betmgm,2025-11-19T14:54:46Z,2025-11-19T14:55:15Z,-160.0,120.0
Dereck Lively II,New York Knicks @ Dallas Mavericks,2025-11-20T02:30:00Z,player_assists,1.5,betmgm,2025-11-19T14:54:46Z,2025-11-19T14:55:15Z,110.0,-150.0
Jalen Brunson,New York Knicks @ Dallas Mavericks,2025-11-20T02:30:00Z,player_assists,6.5,betmgm,2025-11-19T14:54:46Z,2025-11-19T14:55:15Z,-110.0,-120.0
Josh Hart,New York Knicks @ Dallas Mavericks,2025-11-20T02:30:00Z,player_assists,5.5,betmgm,2025-11-19T14:54:46Z,2025-11-19T14:55:15Z,110.0,-150.0
Karl-Anthony Towns,New York Knicks @ Dallas Mavericks,2025-11-20T02:30:00Z,player_assists,2.5,betmgm,2025-11-19T14:54:46Z,2025-11-19T14:55:15Z,-175.0,130.0
Klay Thompson,New York Knicks @ Dallas Mavericks,2025-11-20T02:30:00Z,player_assists,1.5,betmgm,2025-11-19T14:54:46Z,2025-11-19T14:55:15Z,-120.0,-110.0
Mitchell Robinson,New York Knicks @ Dallas Mavericks,2025-11-20T02:30:00Z,player_assists,0.5,betmgm,2025-11-19T14:54:46Z,2025-11-19T14:55:15Z,-125.0,-105.0
D'Angelo Russell,New York Knicks @ Dallas Mavericks,2025-11-20T02:30:00Z,player_assists,3.5,betmgm,2025-11-19T14:54:46Z,2025-11-19T14:55:15Z,-155.0,115.0
P.J. Washington,New York Knicks @ Dallas Mavericks,2025-11-20T02:30:00Z,player_assists,1.5,betmgm,2025-11-19T14:54:46Z,2025-11-19T14:55:15Z,-160.0,120.0
Jordan Clarkson,New York Knicks @ Dallas Mavericks,2025-11-20T02:30:00Z,player_assists,2.5,betmgm,2025-11-19T14:54:46Z,2025-11-19T14:55:15Z,-140.0,105.0
Cooper Flagg,New York Knicks @ Dallas Mavericks,2025-11-20T02:30:00Z,player_assists,3.5,betmgm,2025-11-19T14:54:46Z,2025-11-19T14:55:15Z,110.0,-150.0
Daniel Gafford,New York Knicks @ Dallas Mavericks,2025-11-20T02:30:00Z,player_blocks,1.5,betmgm,2025-11-19T14:54:46Z,2025-11-19T14:55:15Z,-155.0,115.0
Max Christie,New York Knicks @ Dallas Mavericks,2025-11-20T02:30:00Z,player_blocks,0.5,betmgm,2025-11-19T14:54:46Z,2025-11-19T14:55:15Z,170.0,-250.0
Mikal Bridges,New York Knicks @ Dallas Mavericks,2025-11-20T02:30:00Z,player_blocks,0.5,betmgm,2025-11-19T14:54:46Z,2025-11-19T14:55:15Z,-185.0,130.0
Landry Shamet,New York Knicks @ Dallas Mavericks,2025-11-20T02:30:00Z,player_blocks,0.5,betmgm,2025-11-19T14:54:46Z,2025-11-19T14:55:15Z,290.0,-450.0
Jalen Brunson,New York Knicks @ Dallas Mavericks,2025-11-20T02:30:00Z,player_blocks,0.5,betmgm,2025-11-19T14:54:46Z,2025-11-19T14:55:15Z,500.0,-1000.0
Karl-Anthony Towns,New York Knicks @ Dallas Mavericks,2025-11-20T02:30:00Z,player_blocks,0.5,betmgm,2025-11-19T14:54:46Z,2025-11-19T14:55:15Z,-140.0,100.0
Mitchell Robinson,New York Knicks @ Dallas Mavericks,2025-11-20T02:30:00Z,player_blocks,0.5,betmgm,2025-11-19T14:54:46Z,2025-11-19T14:55:15Z,-175.0,125.0
P.J. Washington,New York Knicks @ Dallas Mavericks,2025-11-20T02:30:00Z,player_blocks,0.5,betmgm,2025-11-19T14:54:46Z,2025-11-19T14:55:15Z,-185.0,130.0
Cooper Flagg,New York Knicks @ Dallas Mavericks,2025-11-20T02:30:00Z,player_blocks,0.5,betmgm,2025-11-19T14:54:46Z,2025-11-19T14:55:15Z,-125.0,-110.0
Daniel Gafford,New York Knicks @ Dallas Mavericks,2025-11-20T02:30:00Z,player_double_double,,betmgm,2025-11-19T14:54:46Z,2025-11-19T14:55:15Z,,
Mikal Bridges,New York Knicks @ Dallas Mavericks,2025-11-20T02:30:00Z,player_double_double,,betmgm,2025-11-19T14:54:46Z,2025-11-19T14:55:15Z,,
Jalen Brunson,New York Knicks @ Dallas Mavericks,2025-11-20T02:30:00Z,player_double_double,,betmgm,2025-11-19T14:54:46Z,2025-11-19T14:55:15Z,,
Karl-Anthony Towns,New York Knicks @ Dallas Mavericks,2025-11-20T02:30:00Z,player_double_double,,betmgm,2025-11-19T14:54:46Z,2025-11-19T14:55:15Z,,
Mitchell Robinson,New York Knicks @ Dallas Mavericks,2025-11-20T02:30:00Z,player_double_double,,betmgm,2025-11-19T14:54:46Z,2025-11-19T14:55:15Z,,
P.J. Washington,New York Knicks @ Dallas Mavericks,2025-11-20T02:30:00Z,player_double_double,,betmgm,2025-11-19T14:54:46Z,2025-11-19T14:55:15Z,,
Cooper Flagg,New York Knicks @ Dallas Mavericks,2025-11-20T02:30:00Z,player_double_double,,betmgm,2025-11-19T14:54:46Z,2025-11-19T14:55:15Z,,
Daniel Gafford,New York Knicks @ Dallas Mavericks,2025-11-20T02:30:00Z,player_points,10.5,betmgm,2025-11-19T14:54:46Z,2025-11-19T14:55:15Z,-130.0,-105.0
Max Christie,New York Knicks @ Dallas Mavericks,2025-11-20T02:30:00Z,player_points,9.5,betmgm,2025-11-19T14:54:46Z,2025-11-19T14:55:15Z,-145.0,110.0
Mikal Bridges,New York Knicks @ Dallas Mavericks,2025-11-20T02:30:00Z,player_points,17.5,betmgm,2025-11-19T14:54:46Z,2025-11-19T14:55:15Z,-125.0,-105.0
Landry Shamet,New York Knicks @ Dallas Mavericks,2025-11-20T02:30:00Z,player_points,10.5,betmgm,2025-11-19T14:54:46Z,2025-11-19T14:55:15Z,-110.0,-120.0
Dereck Lively II,New York Knicks @ Dallas Mavericks,2025-11-20T02:30:00Z,player_points,4.5,betmgm,2025-11-19T14:54:46Z,2025-11-19T14:55:15Z,-110.0,-118.0
Josh Hart,New York Knicks @ Dallas Mavericks,2025-11-20T02:30:00Z,player_points,12.5,betmgm,2025-11-19T14:54:46Z,2025-11-19T14:55:15Z,-115.0,-118.0
Karl-Anthony Towns,New York Knicks @ Dallas Mavericks,2025-11-20T02:30:00Z,player_points,25.5,betmgm,2025-11-19T14:54:46Z,2025-11-19T14:55:15Z,-118.0,-110.0
Klay Thompson,New York Knicks @ Dallas Mavericks,2025-11-20T02:30:00Z,player_points,10.5,betmgm,2025-11-19T14:54:46Z,2025-11-19T14:55:15Z,-105.0,-125.0
Mitchell Robinson,New York Knicks @ Dallas Mavericks,2025-11-20T02:30:00Z,player_points,5.5,betmgm,2025-11-19T14:54:46Z,2025-11-19T14:55:15Z,-125.0,-105.0
D'Angelo Russell,New York Knicks @ Dallas Mavericks,2025-11-20T02:30:00Z,player_points,11.5,betmgm,2025-11-19T14:54:46Z,2025-11-19T14:55:15Z,-130.0,-105.0
P.J. Washington,New York Knicks @ Dallas Mavericks,2025-11-20T02:30:00Z,player_points,15.5,betmgm,2025-11-19T14:54:46Z,2025-11-19T14:55:15Z,-120.0,-110.0
Jordan Clarkson,New York Knicks @ Dallas Mavericks,2025-11-20T02:30:00Z,player_points,13.5,betmgm,2025-11-19T14:54:46Z,2025-11-19T14:55:15Z,-120.0,-110.0
Cooper Flagg,New York Knicks @ Dallas Mavericks,2025-11-20T02:30:00Z,player_points,15.5,betmgm,2025-11-19T14:54:46Z,2025-11-19T14:55:15Z,-118.0,-110.0
Jalen Brunson,New York Knicks @ Dallas Mavericks,2025-11-20T02:30:00Z,player_points,25.5,betmgm,2025-11-19T14:54:46Z,2025-11-19T14:55:15Z,-125.0,-105.0
Daniel Gafford,New York Knicks @ Dallas Mavericks,2025-11-20T02:30:00Z,player_points_rebounds_assists,18.5,betmgm,2025-11-19T14:54:46Z,2025-11-19T14:55:15Z,-135.0,100.0
Max Christie,New York Knicks @ Dallas Mavericks,2025-11-20T02:30:00Z,player_points_rebounds_assists,15.5,betmgm,2025-11-19T14:54:46Z,2025-11-19T14:55:15Z,-130.0,100.0
Mikal Bridges,New York Knicks @ Dallas Mavericks,2025-11-20T02:30:00Z,player_points_rebounds_assists,26.5,betmgm,2025-11-19T14:54:46Z,2025-11-19T14:55:15Z,-120.0,-110.0
Dereck Lively II,New York Knicks @ Dallas Mavericks,2025-11-20T02:30:00Z,player_points_rebounds_assists,11.5,betmgm,2025-11-19T14:54:46Z,2025-11-19T14:55:15Z,-110.0,-120.0
Jalen Brunson,New York Knicks @ Dallas Mavericks,2025-11-20T02:30:00Z,player_points_rebounds_assists,35.5,betmgm,2025-11-19T14:54:46Z,2025-11-19T14:55:15Z,-130.0,-105.0
Josh Hart,New York Knicks @ Dallas Mavericks,2025-11-20T02:30:00Z,player_points_rebounds_assists,25.5,betmgm,2025-11-19T14:54:46Z,2025-11-19T14:55:15Z,-125.0,-105.0
Karl-Anthony Towns,New York Knicks @ Dallas Mavericks,2025-11-20T02:30:00Z,player_points_rebounds_assists,41.5,betmgm,2025-11-19T14:54:46Z,2025-11-19T14:55:15Z,-110.0,-118.0
Klay Thompson,New York Knicks @ Dallas Mavericks,2025-11-20T02:30:00Z,player_points_rebounds_assists,14.5,betmgm,2025-11-19T14:54:46Z,2025-11-19T14:55:15Z,-105.0,-125.0
Mitchell Robinson,New York Knicks @ Dallas Mavericks,2025-11-20T02:30:00Z,player_points_rebounds_assists,14.5,betmgm,2025-11-19T14:54:46Z,2025-11-19T14:55:15Z,105.0,-140.0
D'Angelo Russell,New York Knicks @ Dallas Mavericks,2025-11-20T02:30:00Z,player_points_rebounds_assists,18.5,betmgm,2025-11-19T14:54:46Z,2025-11-19T14:55:15Z,-105.0,-125.0
P.J. Washington,New York Knicks @ Dallas Mavericks,2025-11-20T02:30:00Z,player_points_rebounds_assists,24.5,betmgm,2025-11-19T14:54:46Z,2025-11-19T14:55:15Z,-115.0,-115.0
Jordan Clarkson,New York Knicks @ Dallas Mavericks,2025-11-20T02:30:00Z,player_points_rebounds_assists,19.5,betmgm,2025-11-19T14:54:46Z,2025-11-19T14:55:15Z,100.0,-135.0
Cooper Flagg,New York Knicks @ Dallas Mavericks,2025-11-20T02:30:00Z,player_points_rebounds_assists,24.5,betmgm,2025-11-19T14:54:46Z,2025-11-19T14:55:15Z,-140.0,105.0
Landry Shamet,New York Knicks @ Dallas Mavericks,2025-11-20T02:30:00Z,player_points_rebounds_assists,15.5,betmgm,2025-11-19T14:54:46Z,2025-11-19T14:55:15Z,-110.0,-125.0
Daniel Gafford,New York Knicks @ Dallas Mavericks,2025-11-20T02:30:00Z,player_rebounds,6.5,betmgm,2025-11-19T14:54:46Z,2025-11-19T14:55:15Z,-115.0,-115.0
Max Christie,New York Knicks @ Dallas Mavericks,2025-11-20T02:30:00Z,player_rebounds,2.5,betmgm,2025-11-19T14:54:46Z,2025-11-19T14:55:15Z,-160.0,120.0
Mikal Bridges,New York Knicks @ Dallas Mavericks,2025-11-20T02:30:00Z,player_rebounds,3.5,betmgm,2025-11-19T14:54:46Z,2025-11-19T14:55:15Z,-145.0,110.0
Landry Shamet,New York Knicks @ Dallas Mavericks,2025-11-20T02:30:00Z,player_rebounds,2.5,betmgm,2025-11-19T14:54:46Z,2025-11-19T14:55:15Z,105.0,-140.0
Dereck Lively II,New York Knicks @ Dallas Mavericks,2025-11-20T02:30:00Z,player_rebounds,4.5,betmgm,2025-11-19T14:54:46Z,2025-11-19T14:55:15Z,-140.0,105.0
Jalen Brunson,New York Knicks @ Dallas Mavericks,2025-11-20T02:30:00Z,player_rebounds,2.5,betmgm,2025-11-19T14:54:46Z,2025-11-19T14:55:15Z,-135.0,100.0
Josh Hart,New York Knicks @ Dallas Mavericks,2025-11-20T02:30:00Z,player_rebounds,7.5,betmgm,2025-11-19T14:54:46Z,2025-11-19T14:55:15Z,-125.0,-110.0
Karl-Anthony Towns,New York Knicks @ Dallas Mavericks,2025-11-20T02:30:00Z,player_rebounds,12.5,betmgm,2025-11-19T14:54:46Z,2025-11-19T14:55:15Z,-110.0,-118.0
Klay Thompson,New York Knicks @ Dallas Mavericks,2025-11-20T02:30:00Z,player_rebounds,2.5,betmgm,2025-11-19T14:54:46Z,2025-11-19T14:55:15Z,125.0,-165.0
D'Angelo Russell,New York Knicks @ Dallas Mavericks,2025-11-20T02:30:00Z,player_rebounds,2.5,betmgm,2025-11-19T14:54:46Z,2025-11-19T14:55:15Z,140.0,-190.0
P.J. Washington,New York Knicks @ Dallas Mavericks,2025-11-20T02:30:00Z,player_rebounds,6.5,betmgm,2025-11-19T14:54:46Z,2025-11-19T14:55:15Z,-118.0,-115.0
Jordan Clarkson,New York Knicks @ Dallas Mavericks,2025-11-20T02:30:00Z,player_rebounds,2.5,betmgm,2025-11-19T14:54:46Z,2025-11-19T14:55:15Z,-105.0,-130.0
Cooper Flagg,New York Knicks @ Dallas Mavericks,2025-11-20T02:30:00Z,player_rebounds,5.5,betmgm,2025-11-19T14:54:46Z,2025-11-19T14:55:15Z,100.0,-135.0
Mitchell Robinson,New York Knicks @ Dallas Mavericks,2025-11-20T02:30:00Z,player_rebounds,8.5,betmgm,2025-11-19T14:54:46Z,2025-11-19T14:55:15Z,105.0,-145.0
Max Christie,New York Knicks @ Dallas Mavericks,2025-11-20T02:30:00Z,player_threes,1.5,betmgm,2025-11-19T14:54:46Z,2025-11-19T14:55:15Z,-150.0,115.0
Landry Shamet,New York Knicks @ Dallas Mavericks,2025-11-20T02:30:00Z,player_threes,2.5,betmgm,2025-11-19T14:54:46Z,2025-11-19T14:55:15Z,135.0,-185.0
Jalen Brunson,New York Knicks @ Dallas Mavericks,2025-11-20T02:30:00Z,player_threes,2.5,betmgm,2025-11-19T14:54:46Z,2025-11-19T14:55:15Z,130.0,-175.0
Josh Hart,New York Knicks @ Dallas Mavericks,2025-11-20T02:30:00Z,player_threes,1.5,betmgm,2025-11-19T14:54:46Z,2025-11-19T14:55:15Z,150.0,-200.0
Klay Thompson,New York Knicks @ Dallas Mavericks,2025-11-20T02:30:00Z,player_threes,2.5,betmgm,2025-11-19T14:54:46Z,2025-11-19T14:55:15Z,100.0,-135.0
D'Angelo Russell,New York Knicks @ Dallas Mavericks,2025-11-20T02:30:00Z,player_threes,1.5,betmgm,2025-11-19T14:54:46Z,2025-11-19T14:55:15Z,105.0,-145.0
P.J. Washington,New York Knicks @ Dallas Mavericks,2025-11-20T02:30:00Z,player_threes,1.5,betmgm,2025-11-19T14:54:46Z,2025-11-19T14:55:15Z,-125.0,-110.0
Jordan Clarkson,New York Knicks @ Dallas Mavericks,2025-11-20T02:30:00Z,player_threes,1.5,betmgm,2025-11-19T14:54:46Z,2025-11-19T14:55:15Z,-105.0,-125.0
Cooper Flagg,New York Knicks @ Dallas Mavericks,2025-11-20T02:30:00Z,player_threes,1.5,betmgm,2025-11-19T14:54:46Z,2025-11-19T14:55:15Z,120.0,-160.0
Karl-Anthony Towns,New York Knicks @ Dallas Mavericks,2025-11-20T02:30:00Z,player_threes,1.5,betmgm,2025-11-19T14:54:46Z,2025-11-19T14:55:15Z,-200.0,145.0
Mikal Bridges,New York Knicks @ Dallas Mavericks,2025-11-20T02:30:00Z,player_threes,2.5,betmgm,2025-11-19T14:54:46Z,2025-11-19T14:55:15Z,145.0,-200.0
Jalen Brunson,New York Knicks @ Dallas Mavericks,2025-11-20T02:30:00Z,player_assists,6.5,betonlineag,2025-11-19T14:53:31Z,2025-11-19T14:54:25Z,-108.0,-120.0
Josh Hart,New York Knicks @ Dallas Mavericks,2025-11-20T02:30:00Z,player_assists,5.5,betonlineag,2025-11-19T14:53:31Z,2025-11-19T14:54:25Z,120.0,-156.0
Brandon Williams,New York Knicks @ Dallas Mavericks,2025-11-20T02:30:00Z,player_assists,4.5,betonlineag,2025-11-19T14:53:31Z,2025-11-19T14:54:25Z,-119.0,-109.0
Max Christie,New York Knicks @ Dallas Mavericks,2025-11-20T02:30:00Z,player_assists,2.5,betonlineag,2025-11-19T14:53:31Z,2025-11-19T14:54:25Z,-109.0,-119.0
Karl-Anthony Towns,New York Knicks @ Dallas Mavericks,2025-11-20T02:30:00Z,player_assists,2.5,betonlineag,2025-11-19T14:53:31Z,2025-11-19T14:54:25Z,-167.0,127.0
Mikal Bridges,New York Knicks @ Dallas Mavericks,2025-11-20T02:30:00Z,player_assists,4.5,betonlineag,2025-11-19T14:53:31Z,2025-11-19T14:54:25Z,-130.0,101.0
Cooper Flagg,New York Knicks @ Dallas Mavericks,2025-11-20T02:30:00Z,player_assists,3.5,betonlineag,2025-11-19T14:53:31Z,2025-11-19T14:54:25Z,117.0,-152.0
P.J. Washington,New York Knicks @ Dallas Mavericks,2025-11-20T02:30:00Z,player_assists,2.5,betonlineag,2025-11-19T14:53:31Z,2025-11-19T14:54:25Z,132.0,-172.0
D'Angelo Russell,New York Knicks @ Dallas Mavericks,2025-11-20T02:30:00Z,player_assists,4.5,betonlineag,2025-11-19T14:53:31Z,2025-11-19T14:54:25Z,124.0,-161.0
Jordan Clarkson,New York Knicks @ Dallas Mavericks,2025-11-20T02:30:00Z,player_assists,2.5,betonlineag,2025-11-19T14:53:31Z,2025-11-19T14:54:25Z,-130.0,100.0
Landry Shamet,New York Knicks @ Dallas Mavericks,2025-11-20T02:30:00Z,player_assists,1.5,betonlineag,2025-11-19T14:53:31Z,2025-11-19T14:54:25Z,-156.0,120.0
Jalen Brunson,New York Knicks @ Dallas Mavericks,2025-11-20T02:30:00Z,player_points,26.5,betonlineag,2025-11-19T14:53:31Z,2025-11-19T14:55:49Z,-109.0,-119.0
Daniel Gafford,New York Knicks @ Dallas Mavericks,2025-11-20T02:30:00Z,player_points,10.5,betonlineag,2025-11-19T14:53:31Z,2025-11-19T14:55:49Z,-123.0,-104.0
Josh Hart,New York Knicks @ Dallas Mavericks,2025-11-20T02:30:00Z,player_points,12.5,betonlineag,2025-11-19T14:53:31Z,2025-11-19T14:55:49Z,-115.0,-112.0
Karl-Anthony Towns,New York Knicks @ Dallas Mavericks,2025-11-20T02:30:00Z,player_points,26.5,betonlineag,2025-11-19T14:53:31Z,2025-11-19T14:55:49Z,100.0,-130.0
Mikal Bridges,New York Knicks @ Dallas Mavericks,2025-11-20T02:30:00Z,player_points,17.5,betonlineag,2025-11-19T14:53:31Z,2025-11-19T14:55:49Z,-122.0,-106.0
Cooper Flagg,New York Knicks @ Dallas Mavericks,2025-11-20T02:30:00Z,player_points,16.5,betonlineag,2025-11-19T14:53:31Z,2025-11-19T14:55:49Z,-103.0,-125.0
P.J. Washington,New York Knicks @ Dallas Mavericks,2025-11-20T02:30:00Z,player_points,15.5,betonlineag,2025-11-19T14:53:31Z,2025-11-19T14:55:49Z,-122.0,-106.0
D'Angelo Russell,New York Knicks @ Dallas Mavericks,2025-11-20T02:30:00Z,player_points,11.5,betonlineag,2025-11-19T14:53:31Z,2025-11-19T14:55:49Z,-119.0,-109.0
Klay Thompson,New York Knicks @ Dallas Mavericks,2025-11-20T02:30:00Z,player_points,10.5,betonlineag,2025-11-19T14:53:31Z,2025-11-19T14:55:49Z,-108.0,-120.0
Landry Shamet,New York Knicks @ Dallas Mavericks,2025-11-20T02:30:00Z,player_points,10.5,betonlineag,2025-11-19T14:53:31Z,2025-11-19T14:55:49Z,-110.0,-118.0
Jordan Clarkson,New York Knicks @ Dallas Mavericks,2025-11-20T02:30:00Z,player_points,13.5,betonlineag,2025-11-19T14:53:31Z,2025-11-19T14:55:49Z,100.0,-130.0
Brandon Williams,New York Knicks @ Dallas Mavericks,2025-11-20T02:30:00Z,player_points,14.5,betonlineag,2025-11-19T14:53:31Z,2025-11-19T14:55:49Z,-105.0,-123.0
Max Christie,New York Knicks @ Dallas Mavericks,2025-11-20T02:30:00Z,player_points,10.5,betonlineag,2025-11-19T14:53:31Z,2025-11-19T14:55:49Z,-125.0,-103.0
Mitchell Robinson,New York Knicks @ Dallas Mavericks,2025-11-20T02:30:00Z,player_points_rebounds_assists,14.5,betonlineag,2025-11-19T14:53:31Z,2025-11-19T14:55:49Z,-102.0,-127.0
Josh Hart,New York Knicks @ Dallas Mavericks,2025-11-20T02:30:00Z,player_points_rebounds_assists,26.5,betonlineag,2025-11-19T14:53:31Z,2025-11-19T14:55:49Z,-105.0,-123.0
Daniel Gafford,New York Knicks @ Dallas Mavericks,2025-11-20T02:30:00Z,player_points_rebounds_assists,19.5,betonlineag,2025-11-19T14:53:31Z,2025-11-19T14:55:49Z,-125.0,-103.0
Karl-Anthony Towns,New York Knicks @ Dallas Mavericks,2025-11-20T02:30:00Z,player_points_rebounds_assists,42.5,betonlineag,2025-11-19T14:53:31Z,2025-11-19T14:55:49Z,-109.0,-119.0
Cooper Flagg,New York Knicks @ Dallas Mavericks,2025-11-20T02:30:00Z,player_points_rebounds_assists,25.5,betonlineag,2025-11-19T14:53:31Z,2025-11-19T14:55:49Z,-130.0,100.0
Brandon Williams,New York Knicks @ Dallas Mavericks,2025-11-20T02:30:00Z,player_points_rebounds_assists,21.5,betonlineag,2025-11-19T14:53:31Z,2025-11-19T14:55:49Z,-109.0,-119.0
D'Angelo Russell,New York Knicks @ Dallas Mavericks,2025-11-20T02:30:00Z,player_points_rebounds_assists,18.5,betonlineag,2025-11-19T14:53:31Z,2025-11-19T14:55:49Z,-103.0,-125.0
Klay Thompson,New York Knicks @ Dallas Mavericks,2025-11-20T02:30:00Z,player_points_rebounds_assists,14.5,betonlineag,2025-11-19T14:53:31Z,2025-11-19T14:55:49Z,-105.0,-123.0
Landry Shamet,New York Knicks @ Dallas Mavericks,2025-11-20T02:30:00Z,player_points_rebounds_assists,15.5,betonlineag,2025-11-19T14:53:31Z,2025-11-19T14:55:49Z,-103.0,-125.0
Mikal Bridges,New York Knicks @ Dallas Mavericks,2025-11-20T02:30:00Z,player_points_rebounds_assists,27.5,betonlineag,2025-11-19T14:53:31Z,2025-11-19T14:55:49Z,-108.0,-120.0
Max Christie,New York Knicks @ Dallas Mavericks,2025-11-20T02:30:00Z,player_points_rebounds_assists,15.5,betonlineag,2025-11-19T14:53:31Z,2025-11-19T14:55:49Z,-116.0,-111.0
Jordan Clarkson,New York Knicks @ Dallas Mavericks,2025-11-20T02:30:00Z,player_points_rebounds_assists,19.5,betonlineag,2025-11-19T14:53:31Z,2025-11-19T14:55:49Z,-103.0,-125.0
Jalen Brunson,New York Knicks @ Dallas Mavericks,2025-11-20T02:30:00Z,player_points_rebounds_assists,35.5,betonlineag,2025-11-19T14:53:31Z,2025-11-19T14:55:49Z,-116.0,-111.0
Jalen Brunson,New York Knicks @ Dallas Mavericks,2025-11-20T02:30:00Z,player_rebounds,2.5,betonlineag,2025-11-19T14:53:31Z,2025-11-19T14:54:25Z,-167.0,127.0
Daniel Gafford,New York Knicks @ Dallas Mavericks,2025-11-20T02:30:00Z,player_rebounds,6.5,betonlineag,2025-11-19T14:53:31Z,2025-11-19T14:54:25Z,-133.0,103.0
Brandon Williams,New York Knicks @ Dallas Mavericks,2025-11-20T02:30:00Z,player_rebounds,2.5,betonlineag,2025-11-19T14:53:31Z,2025-11-19T14:54:25Z,-109.0,-119.0
Landry Shamet,New York Knicks @ Dallas Mavericks,2025-11-20T02:30:00Z,player_rebounds,2.5,betonlineag,2025-11-19T14:53:31Z,2025-11-19T14:54:25Z,-116.0,-111.0
Karl-Anthony Towns,New York Knicks @ Dallas Mavericks,2025-11-20T02:30:00Z,player_rebounds,12.5,betonlineag,2025-11-19T14:53:31Z,2025-11-19T14:54:25Z,-116.0,-111.0
Max Christie,New York Knicks @ Dallas Mavericks,2025-11-20T02:30:00Z,player_rebounds,2.5,betonlineag,2025-11-19T14:53:31Z,2025-11-19T14:54:25Z,-141.0,108.0
Mikal Bridges,New York Knicks @ Dallas Mavericks,2025-11-20T02:30:00Z,player_rebounds,4.5,betonlineag,2025-11-19T14:53:31Z,2025-11-19T14:54:25Z,118.0,-154.0
Cooper Flagg,New York Knicks @ Dallas Mavericks,2025-11-20T02:30:00Z,player_rebounds,5.5,betonlineag,2025-11-19T14:53:31Z,2025-11-19T14:54:25Z,-109.0,-119.0
Mitchell Robinson,New York Knicks @ Dallas Mavericks,2025-11-20T02:30:00Z,player_rebounds,8.5,betonlineag,2025-11-19T14:53:31Z,2025-11-19T14:54:25Z,115.0,-149.0
P.J. Washington,New York Knicks @ Dallas Mavericks,2025-11-20T02:30:00Z,player_rebounds,6.5,betonlineag,2025-11-19T14:53:31Z,2025-11-19T14:54:25Z,-111.0,-116.0
Klay Thompson,New York Knicks @ Dallas Mavericks,2025-11-20T02:30:00Z,player_rebounds,2.5,betonlineag,2025-11-19T14:53:31Z,2025-11-19T14:54:25Z,126.0,-164.0
D'Angelo Russell,New York Knicks @ Dallas Mavericks,2025-11-20T02:30:00Z,player_rebounds,2.5,betonlineag,2025-11-19T14:53:31Z,2025-11-19T14:54:25Z,139.0,-182.0
Jordan Clarkson,New York Knicks @ Dallas Mavericks,2025-11-20T02:30:00Z,player_rebounds,2.5,betonlineag,2025-11-19T14:53:31Z,2025-11-19T14:54:25Z,-135.0,104.0
Josh Hart,New York Knicks @ Dallas Mavericks,2025-11-20T02:30:00Z,player_rebounds,7.5,betonlineag,2025-11-19T14:53:31Z,2025-11-19T14:54:25Z,-130.0,100.0
Josh Hart,New York Knicks @ Dallas Mavericks,2025-11-20T02:30:00Z,player_threes,1.5,betonlineag,2025-11-19T14:53:31Z,2025-11-19T14:55:49Z,130.0,-169.0
P.J. Washington,New York Knicks @ Dallas Mavericks,2025-11-20T02:30:00Z,player_threes,1.5,betonlineag,2025-11-19T14:53:31Z,2025-11-19T14:55:49Z,-125.0,-103.0
Jalen Brunson,New York Knicks @ Dallas Mavericks,2025-11-20T02:30:00Z,player_threes,2.5,betonlineag,2025-11-19T14:53:31Z,2025-11-19T14:55:49Z,115.0,-149.0
Mikal Bridges,New York Knicks @ Dallas Mavericks,2025-11-20T02:30:00Z,player_threes,1.5,betonlineag,2025-11-19T14:53:31Z,2025-11-19T14:55:49Z,-172.0,133.0
Max Christie,New York Knicks @ Dallas Mavericks,2025-11-20T02:30:00Z,player_threes,1.5,betonlineag,2025-11-19T14:53:31Z,2025-11-19T14:55:49Z,-145.0,112.0
Landry Shamet,New York Knicks @ Dallas Mavericks,2025-11-20T02:30:00Z,player_threes,2.5,betonlineag,2025-11-19T14:53:31Z,2025-11-19T14:55:49Z,149.0,-196.0
Karl-Anthony Towns,New York Knicks @ Dallas Mavericks,2025-11-20T02:30:00Z,player_threes,1.5,betonlineag,2025-11-19T14:53:31Z,2025-11-19T14:55:49Z,-182.0,138.0
Cooper Flagg,New York Knicks @ Dallas Mavericks,2025-11-20T02:30:00Z,player_threes,1.5,betonlineag,2025-11-19T14:53:31Z,2025-11-19T14:55:49Z,132.0,-172.0
Brandon Williams,New York Knicks @ Dallas Mavericks,2025-11-20T02:30:00Z,player_threes,0.5,betonlineag,2025-11-19T14:53:31Z,2025-11-19T14:55:49Z,-204.0,154.0
Klay Thompson,New York Knicks @ Dallas Mavericks,2025-11-20T02:30:00Z,player_threes,2.5,betonlineag,2025-11-19T14:53:31Z,2025-11-19T14:55:49Z,107.0,-139.0
D'Angelo Russell,New York Knicks @ Dallas Mavericks,2025-11-20T02:30:00Z,player_threes,1.5,betonlineag,2025-11-19T14:53:31Z,2025-11-19T14:55:49Z,113.0,-147.0
Jordan Clarkson,New York Knicks @ Dallas Mavericks,2025-11-20T02:30:00Z,player_threes,1.5,betonlineag,2025-11-19T14:53:31Z,2025-11-19T14:55:49Z,-122.0,-106.0
Karl-Anthony Towns,New York Knicks @ Dallas Mavericks,2025-11-20T02:30:00Z,player_double_double,,bovada,2025-11-19T14:54:31Z,2025-11-19T14:55:20Z,,
Jalen Brunson,New York Knicks @ Dallas Mavericks,2025-11-20T02:30:00Z,player_double_double,,bovada,2025-11-19T14:54:31Z,2025-11-19T14:55:20Z,,
P.J. Washington,New York Knicks @ Dallas Mavericks,2025-11-20T02:30:00Z,player_double_double,,bovada,2025-11-19T14:54:31Z,2025-11-19T14:55:20Z,,
Daniel Gafford,New York Knicks @ Dallas Mavericks,2025-11-20T02:30:00Z,player_double_double,,bovada,2025-11-19T14:54:31Z,2025-11-19T14:55:20Z,,
Cooper Flagg,New York Knicks @ Dallas Mavericks,2025-11-20T02:30:00Z,player_double_double,,bovada,2025-11-19T14:54:31Z,2025-11-19T14:55:20Z,,
Mitchell Robinson,New York Knicks @ Dallas Mavericks,2025-11-20T02:30:00Z,player_double_double,,bovada,2025-11-19T14:54:31Z,2025-11-19T14:55:20Z,,
Mikal Bridges,New York Knicks @ Dallas Mavericks,2025-11-20T02:30:00Z,player_double_double,,bovada,2025-11-19T14:54:31Z,2025-11-19T14:55:20Z,,
Brandon Williams,New York Knicks @ Dallas Mavericks,2025-11-20T02:30:00Z,player_double_double,,bovada,2025-11-19T14:54:31Z,2025-11-19T14:55:20Z,,
Toumani Camara,Chicago Bulls @ Portland Trail Blazers,2025-11-20T03:10:00Z,player_assists,3.5,fanduel,2025-11-19T14:55:00Z,2025-11-19T14:55:04Z,140.0,-188.0
Josh Giddey,Chicago Bulls @ Portland Trail Blazers,2025-11-20T03:10:00Z,player_assists,8.5,fanduel,2025-11-19T14:55:00Z,2025-11-19T14:55:04Z,-132.0,100.0
Nikola Vucevic,Chicago Bulls @ Portland Trail Blazers,2025-11-20T03:10:00Z,player_assists,3.5,fanduel,2025-11-19T14:55:00Z,2025-11-19T14:55:04Z,146.0,-198.0
Shaedon Sharpe,Chicago Bulls @ Portland Trail Blazers,2025-11-20T03:10:00Z,player_assists,3.5,fanduel,2025-11-19T14:55:00Z,2025-11-19T14:55:04Z,142.0,-192.0
Deni Avdija,Chicago Bulls @ Portland Trail Blazers,2025-11-20T03:10:00Z,player_assists,5.5,fanduel,2025-11-19T14:55:00Z,2025-11-19T14:55:04Z,110.0,-146.0
Josh Giddey,Chicago Bulls @ Portland Trail Blazers,2025-11-20T03:10:00Z,player_double_double,,fanduel,2025-11-19T14:55:00Z,2025-11-19T14:55:04Z,,
Nikola Vucevic,Chicago Bulls @ Portland Trail Blazers,2025-11-20T03:10:00Z,player_double_double,,fanduel,2025-11-19T14:55:00Z,2025-11-19T14:55:04Z,,
Donovan Clingan,Chicago Bulls @ Portland Trail Blazers,2025-11-20T03:10:00Z,player_double_double,,fanduel,2025-11-19T14:55:00Z,2025-11-19T14:55:04Z,,
Deni Avdija,Chicago Bulls @ Portland Trail Blazers,2025-11-20T03:10:00Z,player_double_double,,fanduel,2025-11-19T14:55:00Z,2025-11-19T14:55:04Z,,
Shaedon Sharpe,Chicago Bulls @ Portland Trail Blazers,2025-11-20T03:10:00Z,player_double_double,,fanduel,2025-11-19T14:55:00Z,2025-11-19T14:55:04Z,,
Matas Buzelis,Chicago Bulls @ Portland Trail Blazers,2025-11-20T03:10:00Z,player_double_double,,fanduel,2025-11-19T14:55:00Z,2025-11-19T14:55:04Z,,
Toumani Camara,Chicago Bulls @ Portland Trail Blazers,2025-11-20T03:10:00Z,player_double_double,,fanduel,2025-11-19T14:55:00Z,2025-11-19T14:55:04Z,,
Nikola Vucevic,Chicago Bulls @ Portland Trail Blazers,2025-11-20T03:10:00Z,player_points,15.5,fanduel,2025-11-19T14:55:00Z,2025-11-19T14:55:04Z,-125.0,-106.0
Josh Giddey,Chicago Bulls @ Portland Trail Blazers,2025-11-20T03:10:00Z,player_points,19.5,fanduel,2025-11-19T14:55:00Z,2025-11-19T14:55:04Z,-128.0,-104.0
Shaedon Sharpe,Chicago Bulls @ Portland Trail Blazers,2025-11-20T03:10:00Z,player_points,25.5,fanduel,2025-11-19T14:55:00Z,2025-11-19T14:55:04Z,-120.0,-110.0
Matas Buzelis,Chicago Bulls @ Portland Trail Blazers,2025-11-20T03:10:00Z,player_points,14.5,fanduel,2025-11-19T14:55:00Z,2025-11-19T14:55:04Z,-118.0,-112.0
Toumani Camara,Chicago Bulls @ Portland Trail Blazers,2025-11-20T03:10:00Z,player_points,13.5,fanduel,2025-11-19T14:55:00Z,2025-11-19T14:55:04Z,100.0,-132.0
Donovan Clingan,Chicago Bulls @ Portland Trail Blazers,2025-11-20T03:10:00Z,player_points,9.5,fanduel,2025-11-19T14:55:00Z,2025-11-19T14:55:04Z,-120.0,-110.0
Deni Avdija,Chicago Bulls @ Portland Trail Blazers,2025-11-20T03:10:00Z,player_points,25.5,fanduel,2025-11-19T14:55:00Z,2025-11-19T14:55:04Z,-120.0,-110.0
Toumani Camara,Chicago Bulls @ Portland Trail Blazers,2025-11-20T03:10:00Z,player_points_rebounds_assists,21.5,fanduel,2025-11-19T14:55:00Z,2025-11-19T14:53:52Z,-114.0,-114.0
Nikola Vucevic,Chicago Bulls @ Portland Trail Blazers,2025-11-20T03:10:00Z,player_points_rebounds_assists,27.5,fanduel,2025-11-19T14:55:00Z,2025-11-19T14:53:52Z,-128.0,-104.0
Josh Giddey,Chicago Bulls @ Portland Trail Blazers,2025-11-20T03:10:00Z,player_points_rebounds_assists,38.5,fanduel,2025-11-19T14:55:00Z,2025-11-19T14:53:52Z,-110.0,-120.0
Deni Avdija,Chicago Bulls @ Portland Trail Blazers,2025-11-20T03:10:00Z,player_points_rebounds_assists,38.5,fanduel,2025-11-19T14:55:00Z,2025-11-19T14:53:52Z,-114.0,-114.0
Shaedon Sharpe,Chicago Bulls @ Portland Trail Blazers,2025-11-20T03:10:00Z,player_points_rebounds_assists,34.5,fanduel,2025-11-19T14:55:00Z,2025-11-19T14:53:52Z,-106.0,-125.0
Donovan Clingan,Chicago Bulls @ Portland Trail Blazers,2025-11-20T03:10:00Z,player_rebounds,9.5,fanduel,2025-11-19T14:55:00Z,2025-11-19T14:55:04Z,-108.0,-122.0
Toumani Camara,Chicago Bulls @ Portland Trail Blazers,2025-11-20T03:10:00Z,player_rebounds,5.5,fanduel,2025-11-19T14:55:00Z,2025-11-19T14:55:04Z,122.0,-162.0
Shaedon Sharpe,Chicago Bulls @ Portland Trail Blazers,2025-11-20T03:10:00Z,player_rebounds,4.5,fanduel,2025-11-19T14:55:00Z,2025-11-19T14:55:04Z,-146.0,110.0
Nikola Vucevic,Chicago Bulls @ Portland Trail Blazers,2025-11-20T03:10:00Z,player_rebounds,9.5,fanduel,2025-11-19T14:55:00Z,2025-11-19T14:55:04Z,116.0,-154.0
Josh Giddey,Chicago Bulls @ Portland Trail Blazers,2025-11-20T03:10:00Z,player_rebounds,8.5,fanduel,2025-11-19T14:55:00Z,2025-11-19T14:55:04Z,-130.0,-102.0
Matas Buzelis,Chicago Bulls @ Portland Trail Blazers,2025-11-20T03:10:00Z,player_rebounds,4.5,fanduel,2025-11-19T14:55:00Z,2025-11-19T14:55:04Z,-138.0,104.0
Deni Avdija,Chicago Bulls @ Portland Trail Blazers,2025-11-20T03:10:00Z,player_rebounds,7.5,fanduel,2025-11-19T14:55:00Z,2025-11-19T14:55:04Z,120.0,-160.0
Toumani Camara,Chicago Bulls @ Portland Trail Blazers,2025-11-20T03:10:00Z,player_threes,2.5,fanduel,2025-11-19T14:55:00Z,2025-11-19T14:55:04Z,116.0,-154.0
Josh Giddey,Chicago Bulls @ Portland Trail Blazers,2025-11-20T03:10:00Z,player_threes,1.5,fanduel,2025-11-19T14:55:00Z,2025-11-19T14:55:04Z,152.0,-205.0
Shaedon Sharpe,Chicago Bulls @ Portland Trail Blazers,2025-11-20T03:10:00Z,player_threes,2.5,fanduel,2025-11-19T14:55:00Z,2025-11-19T14:55:04Z,148.0,-200.0
Deni Avdija,Chicago Bulls @ Portland Trail Blazers,2025-11-20T03:10:00Z,player_threes,2.5,fanduel,2025-11-19T14:55:00Z,2025-11-19T14:55:04Z,124.0,-166.0
Matas Buzelis,Chicago Bulls @ Portland Trail Blazers,2025-11-20T03:10:00Z,player_threes,1.5,fanduel,2025-11-19T14:55:00Z,2025-11-19T14:55:04Z,-154.0,116.0
Nikola Vucevic,Chicago Bulls @ Portland Trail Blazers,2025-11-20T03:10:00Z,player_threes,1.5,fanduel,2025-11-19T14:55:00Z,2025-11-19T14:55:04Z,-130.0,-102.0
Josh Giddey,Chicago Bulls @ Portland Trail Blazers,2025-11-20T03:10:00Z,player_triple_double,,fanduel,2025-11-19T14:55:00Z,2025-11-19T14:55:04Z,,
Deni Avdija,Chicago Bulls @ Portland Trail Blazers,2025-11-20T03:10:00Z,player_triple_double,,fanduel,2025-11-19T14:55:00Z,2025-11-19T14:55:04Z,,
Josh Giddey,Chicago Bulls @ Portland Trail Blazers,2025-11-20T03:10:00Z,player_assists,8.5,fanatics,2025-11-19T14:55:13Z,2025-11-19T14:54:58Z,-115.0,-115.0
Deni Avdija,Chicago Bulls @ Portland Trail Blazers,2025-11-20T03:10:00Z,player_assists,5.5,fanatics,2025-11-19T14:55:13Z,2025-11-19T14:54:58Z,110.0,-145.0
Shaedon Sharpe,Chicago Bulls @ Portland Trail Blazers,2025-11-20T03:10:00Z,player_assists,2.5,fanatics,2025-11-19T14:55:13Z,2025-11-19T14:54:58Z,-190.0,130.0
Nikola Vucevic,Chicago Bulls @ Portland Trail Blazers,2025-11-20T03:10:00Z,player_assists,2.5,fanatics,2025-11-19T14:55:13Z,2025-11-19T14:54:58Z,-165.0,120.0
Toumani Camara,Chicago Bulls @ Portland Trail Blazers,2025-11-20T03:10:00Z,player_assists,2.5,fanatics,2025-11-19T14:55:13Z,2025-11-19T14:54:58Z,-175.0,125.0
Jerami Grant,Chicago Bulls @ Portland Trail Blazers,2025-11-20T03:10:00Z,player_assists,2.5,fanatics,2025-11-19T14:55:13Z,2025-11-19T14:54:58Z,-130.0,100.0
Donovan Clingan,Chicago Bulls @ Portland Trail Blazers,2025-11-20T03:10:00Z,player_assists,1.5,fanatics,2025-11-19T14:55:13Z,2025-11-19T14:54:58Z,-145.0,110.0
Matas Buzelis,Chicago Bulls @ Portland Trail Blazers,2025-11-20T03:10:00Z,player_assists,1.5,fanatics,2025-11-19T14:55:13Z,2025-11-19T14:54:58Z,150.0,-240.0
Josh Giddey,Chicago Bulls @ Portland Trail Blazers,2025-11-20T03:10:00Z,player_double_double,,fanatics,2025-11-19T14:55:13Z,2025-11-19T14:54:58Z,,
Deni Avdija,Chicago Bulls @ Portland Trail Blazers,2025-11-20T03:10:00Z,player_double_double,,fanatics,2025-11-19T14:55:13Z,2025-11-19T14:54:58Z,,
Shaedon Sharpe,Chicago Bulls @ Portland Trail Blazers,2025-11-20T03:10:00Z,player_double_double,,fanatics,2025-11-19T14:55:13Z,2025-11-19T14:54:58Z,,
Nikola Vucevic,Chicago Bulls @ Portland Trail Blazers,2025-11-20T03:10:00Z,player_double_double,,fanatics,2025-11-19T14:55:13Z,2025-11-19T14:54:58Z,,
Matas Buzelis,Chicago Bulls @ Portland Trail Blazers,2025-11-20T03:10:00Z,player_double_double,,fanatics,2025-11-19T14:55:13Z,2025-11-19T14:54:58Z,,
Toumani Camara,Chicago Bulls @ Portland Trail Blazers,2025-11-20T03:10:00Z,player_double_double,,fanatics,2025-11-19T14:55:13Z,2025-11-19T14:54:58Z,,
Donovan Clingan,Chicago Bulls @ Portland Trail Blazers,2025-11-20T03:10:00Z,player_double_double,,fanatics,2025-11-19T14:55:13Z,2025-11-19T14:54:58Z,,
Josh Giddey,Chicago Bulls @ Portland Trail Blazers,2025-11-20T03:10:00Z,player_points,19.5,fanatics,2025-11-19T14:55:13Z,2025-11-19T14:54:58Z,-115.0,-115.0
Deni Avdija,Chicago Bulls @ Portland Trail Blazers,2025-11-20T03:10:00Z,player_points,25.5,fanatics,2025-11-19T14:55:13Z,2025-11-19T14:54:58Z,-115.0,-115.0
Shaedon Sharpe,Chicago Bulls @ Portland Trail Blazers,2025-11-20T03:10:00Z,player_points,25.5,fanatics,2025-11-19T14:55:13Z,2025-11-19T14:54:58Z,-115.0,-115.0
Matas Buzelis,Chicago Bulls @ Portland Trail Blazers,2025-11-20T03:10:00Z,player_points,14.5,fanatics,2025-11-19T14:55:13Z,2025-11-19T14:54:58Z,-120.0,-110.0
Nikola Vucevic,Chicago Bulls @ Portland Trail Blazers,2025-11-20T03:10:00Z,player_points,15.5,fanatics,2025-11-19T14:55:13Z,2025-11-19T14:54:58Z,-115.0,-115.0
Toumani Camara,Chicago Bulls @ Portland Trail Blazers,2025-11-20T03:10:00Z,player_points,13.5,fanatics,2025-11-19T14:55:13Z,2025-11-19T14:54:58Z,100.0,-130.0
Donovan Clingan,Chicago Bulls @ Portland Trail Blazers,2025-11-20T03:10:00Z,player_points,9.5,fanatics,2025-11-19T14:55:13Z,2025-11-19T14:54:58Z,-115.0,-115.0
Jerami Grant,Chicago Bulls @ Portland Trail Blazers,2025-11-20T03:10:00Z,player_points,19.5,fanatics,2025-11-19T14:55:13Z,2025-11-19T14:54:58Z,-115.0,-115.0
Josh Giddey,Chicago Bulls @ Portland Trail Blazers,2025-11-20T03:10:00Z,player_rebounds,8.5,fanatics,2025-11-19T14:55:13Z,2025-11-19T14:54:58Z,-125.0,-105.0
Deni Avdija,Chicago Bulls @ Portland Trail Blazers,2025-11-20T03:10:00Z,player_rebounds,7.5,fanatics,2025-11-19T14:55:13Z,2025-11-19T14:54:58Z,115.0,-150.0
Nikola Vucevic,Chicago Bulls @ Portland Trail Blazers,2025-11-20T03:10:00Z,player_rebounds,8.5,fanatics,2025-11-19T14:55:13Z,2025-11-19T14:54:58Z,-140.0,105.0
Donovan Clingan,Chicago Bulls @ Portland Trail Blazers,2025-11-20T03:10:00Z,player_rebounds,9.5,fanatics,2025-11-19T14:55:13Z,2025-11-19T14:54:58Z,-115.0,-115.0
Toumani Camara,Chicago Bulls @ Portland Trail Blazers,2025-11-20T03:10:00Z,player_rebounds,4.5,fanatics,2025-11-19T14:55:13Z,2025-11-19T14:54:58Z,-150.0,115.0
Matas Buzelis,Chicago Bulls @ Portland Trail Blazers,2025-11-20T03:10:00Z,player_rebounds,4.5,fanatics,2025-11-19T14:55:13Z,2025-11-19T14:54:58Z,-130.0,100.0
Shaedon Sharpe,Chicago Bulls @ Portland Trail Blazers,2025-11-20T03:10:00Z,player_rebounds,4.5,fanatics,2025-11-19T14:55:13Z,2025-11-19T14:54:58Z,-150.0,115.0
Jerami Grant,Chicago Bulls @ Portland Trail Blazers,2025-11-20T03:10:00Z,player_rebounds,3.5,fanatics,2025-11-19T14:55:13Z,2025-11-19T14:54:58Z,-125.0,-105.0
Josh Giddey,Chicago Bulls @ Portland Trail Blazers,2025-11-20T03:10:00Z,player_threes,1.5,fanatics,2025-11-19T14:55:13Z,2025-11-19T14:54:58Z,140.0,-225.0
Deni Avdija,Chicago Bulls @ Portland Trail Blazers,2025-11-20T03:10:00Z,player_threes,2.5,fanatics,2025-11-19T14:55:13Z,2025-11-19T14:54:58Z,120.0,-165.0
Shaedon Sharpe,Chicago Bulls @ Portland Trail Blazers,2025-11-20T03:10:00Z,player_threes,2.5,fanatics,2025-11-19T14:55:13Z,2025-11-19T14:54:58Z,125.0,-175.0
Matas Buzelis,Chicago Bulls @ Portland Trail Blazers,2025-11-20T03:10:00Z,player_threes,1.5,fanatics,2025-11-19T14:55:13Z,2025-11-19T14:54:58Z,-140.0,105.0
Nikola Vucevic,Chicago Bulls @ Portland Trail Blazers,2025-11-20T03:10:00Z,player_threes,1.5,fanatics,2025-11-19T14:55:13Z,2025-11-19T14:54:58Z,-130.0,100.0
Toumani Camara,Chicago Bulls @ Portland Trail Blazers,2025-11-20T03:10:00Z,player_threes,2.5,fanatics,2025-11-19T14:55:13Z,2025-11-19T14:54:58Z,120.0,-165.0
Jerami Grant,Chicago Bulls @ Portland Trail Blazers,2025-11-20T03:10:00Z,player_threes,2.5,fanatics,2025-11-19T14:55:13Z,2025-11-19T14:54:58Z,120.0,-165.0
Donovan Clingan,Chicago Bulls @ Portland Trail Blazers,2025-11-20T03:10:00Z,player_threes,0.5,fanatics,2025-11-19T14:55:13Z,2025-11-19T14:54:58Z,100.0,-130.0
Josh Giddey,Chicago Bulls @ Portland Trail Blazers,2025-11-20T03:10:00Z,player_triple_double,,fanatics,2025-11-19T14:55:13Z,2025-11-19T14:54:58Z,,
Deni Avdija,Chicago Bulls @ Portland Trail Blazers,2025-11-20T03:10:00Z,player_triple_double,,fanatics,2025-11-19T14:55:13Z,2025-11-19T14:54:58Z,,
Josh Giddey,Chicago Bulls @ Portland Trail Blazers,2025-11-20T03:10:00Z,player_assists,8.5,draftkings,2025-11-19T14:54:30Z,2025-11-19T14:55:54Z,-112.0,-117.0
Deni Avdija,Chicago Bulls @ Portland Trail Blazers,2025-11-20T03:10:00Z,player_assists,5.5,draftkings,2025-11-19T14:54:30Z,2025-11-19T14:55:54Z,104.0,-136.0
Toumani Camara,Chicago Bulls @ Portland Trail Blazers,2025-11-20T03:10:00Z,player_assists,3.5,draftkings,2025-11-19T14:54:30Z,2025-11-19T14:55:54Z,129.0,-171.0
Shaedon Sharpe,Chicago Bulls @ Portland Trail Blazers,2025-11-20T03:10:00Z,player_assists,2.5,draftkings,2025-11-19T14:54:30Z,2025-11-19T14:55:54Z,-177.0,133.0
Nikola Vucevic,Chicago Bulls @ Portland Trail Blazers,2025-11-20T03:10:00Z,player_assists,2.5,draftkings,2025-11-19T14:54:30Z,2025-11-19T14:55:54Z,-161.0,122.0
Donovan Clingan,Chicago Bulls @ Portland Trail Blazers,2025-11-20T03:10:00Z,player_blocks,1.5,draftkings,2025-11-19T14:54:30Z,2025-11-19T14:55:54Z,-170.0,128.0
Josh Giddey,Chicago Bulls @ Portland Trail Blazers,2025-11-20T03:10:00Z,player_double_double,,draftkings,2025-11-19T14:54:30Z,2025-11-19T14:55:54Z,,
Nikola Vucevic,Chicago Bulls @ Portland Trail Blazers,2025-11-20T03:10:00Z,player_double_double,,draftkings,2025-11-19T14:54:30Z,2025-11-19T14:55:54Z,,
Donovan Clingan,Chicago Bulls @ Portland Trail Blazers,2025-11-20T03:10:00Z,player_double_double,,draftkings,2025-11-19T14:54:30Z,2025-11-19T14:55:54Z,,
Deni Avdija,Chicago Bulls @ Portland Trail Blazers,2025-11-20T03:10:00Z,player_double_double,,draftkings,2025-11-19T14:54:30Z,2025-11-19T14:55:54Z,,
Toumani Camara,Chicago Bulls @ Portland Trail Blazers,2025-11-20T03:10:00Z,player_double_double,,draftkings,2025-11-19T14:54:30Z,2025-11-19T14:55:54Z,,
Shaedon Sharpe,Chicago Bulls @ Portland Trail Blazers,2025-11-20T03:10:00Z,player_double_double,,draftkings,2025-11-19T14:54:30Z,2025-11-19T14:55:54Z,,
Matas Buzelis,Chicago Bulls @ Portland Trail Blazers,2025-11-20T03:10:00Z,player_double_double,,draftkings,2025-11-19T14:54:30Z,2025-11-19T14:55:54Z,,
Shaedon Sharpe,Chicago Bulls @ Portland Trail Blazers,2025-11-20T03:10:00Z,player_points,25.5,draftkings,2025-11-19T14:54:30Z,2025-11-19T14:55:54Z,-118.0,-108.0
Deni Avdija,Chicago Bulls @ Portland Trail Blazers,2025-11-20T03:10:00Z,player_points,25.5,draftkings,2025-11-19T14:54:30Z,2025-11-19T14:55:54Z,-113.0,-113.0
Josh Giddey,Chicago Bulls @ Portland Trail Blazers,2025-11-20T03:10:00Z,player_points,19.5,draftkings,2025-11-19T14:54:30Z,2025-11-19T14:55:54Z,-115.0,-111.0
Nikola Vucevic,Chicago Bulls @ Portland Trail Blazers,2025-11-20T03:10:00Z,player_points,15.5,draftkings,2025-11-19T14:54:30Z,2025-11-19T14:55:54Z,-119.0,-107.0
Matas Buzelis,Chicago Bulls @ Portland Trail Blazers,2025-11-20T03:10:00Z,player_points,14.5,draftkings,2025-11-19T14:54:30Z,2025-11-19T14:55:54Z,-115.0,-111.0
Toumani Camara,Chicago Bulls @ Portland Trail Blazers,2025-11-20T03:10:00Z,player_points,13.5,draftkings,2025-11-19T14:54:30Z,2025-11-19T14:55:54Z,-102.0,-124.0
Donovan Clingan,Chicago Bulls @ Portland Trail Blazers,2025-11-20T03:10:00Z,player_points,9.5,draftkings,2025-11-19T14:54:30Z,2025-11-19T14:55:54Z,-118.0,-108.0
Deni Avdija,Chicago Bulls @ Portland Trail Blazers,2025-11-20T03:10:00Z,player_points_rebounds_assists,38.5,draftkings,2025-11-19T14:54:30Z,2025-11-19T14:55:54Z,-109.0,-121.0
Josh Giddey,Chicago Bulls @ Portland Trail Blazers,2025-11-20T03:10:00Z,player_points_rebounds_assists,37.5,draftkings,2025-11-19T14:54:30Z,2025-11-19T14:55:54Z,-110.0,-120.0
Shaedon Sharpe,Chicago Bulls @ Portland Trail Blazers,2025-11-20T03:10:00Z,player_points_rebounds_assists,33.5,draftkings,2025-11-19T14:54:30Z,2025-11-19T14:55:54Z,-124.0,-106.0
Nikola Vucevic,Chicago Bulls @ Portland Trail Blazers,2025-11-20T03:10:00Z,player_points_rebounds_assists,28.5,draftkings,2025-11-19T14:54:30Z,2025-11-19T14:55:54Z,-109.0,-121.0
Donovan Clingan,Chicago Bulls @ Portland Trail Blazers,2025-11-20T03:10:00Z,player_points_rebounds_assists,21.5,draftkings,2025-11-19T14:54:30Z,2025-11-19T14:55:54Z,-112.0,-118.0
Toumani Camara,Chicago Bulls @ Portland Trail Blazers,2025-11-20T03:10:00Z,player_points_rebounds_assists,21.5,draftkings,2025-11-19T14:54:30Z,2025-11-19T14:55:54Z,-111.0,-119.0
Donovan Clingan,Chicago Bulls @ Portland Trail Blazers,2025-11-20T03:10:00Z,player_rebounds,9.5,draftkings,2025-11-19T14:54:30Z,2025-11-19T14:55:54Z,-111.0,-119.0
Nikola Vucevic,Chicago Bulls @ Portland Trail Blazers,2025-11-20T03:10:00Z,player_rebounds,9.5,draftkings,2025-11-19T14:54:30Z,2025-11-19T14:55:54Z,106.0,-140.0
Josh Giddey,Chicago Bulls @ Portland Trail Blazers,2025-11-20T03:10:00Z,player_rebounds,8.5,draftkings,2025-11-19T14:54:30Z,2025-11-19T14:55:54Z,-123.0,-107.0
Deni Avdija,Chicago Bulls @ Portland Trail Blazers,2025-11-20T03:10:00Z,player_rebounds,7.5,draftkings,2025-11-19T14:54:30Z,2025-11-19T14:55:54Z,104.0,-137.0
Shaedon Sharpe,Chicago Bulls @ Portland Trail Blazers,2025-11-20T03:10:00Z,player_rebounds,4.5,draftkings,2025-11-19T14:54:30Z,2025-11-19T14:55:54Z,-149.0,113.0
Toumani Camara,Chicago Bulls @ Portland Trail Blazers,2025-11-20T03:10:00Z,player_rebounds,4.5,draftkings,2025-11-19T14:54:30Z,2025-11-19T14:55:54Z,-141.0,107.0
Matas Buzelis,Chicago Bulls @ Portland Trail Blazers,2025-11-20T03:10:00Z,player_rebounds,4.5,draftkings,2025-11-19T14:54:30Z,2025-11-19T14:55:54Z,-130.0,-101.0
Toumani Camara,Chicago Bulls @ Portland Trail Blazers,2025-11-20T03:10:00Z,player_threes,2.5,draftkings,2025-11-19T14:54:30Z,2025-11-19T14:55:54Z,118.0,-156.0
Deni Avdija,Chicago Bulls @ Portland Trail Blazers,2025-11-20T03:10:00Z,player_threes,2.5,draftkings,2025-11-19T14:54:30Z,2025-11-19T14:55:54Z,119.0,-157.0
Shaedon Sharpe,Chicago Bulls @ Portland Trail Blazers,2025-11-20T03:10:00Z,player_threes,2.5,draftkings,2025-11-19T14:54:30Z,2025-11-19T14:55:54Z,136.0,-180.0
Matas Buzelis,Chicago Bulls @ Portland Trail Blazers,2025-11-20T03:10:00Z,player_threes,1.5,draftkings,2025-11-19T14:54:30Z,2025-11-19T14:55:54Z,-136.0,103.0
Nikola Vucevic,Chicago Bulls @ Portland Trail Blazers,2025-11-20T03:10:00Z,player_threes,1.5,draftkings,2025-11-19T14:54:30Z,2025-11-19T14:55:54Z,-128.0,-103.0
Josh Giddey,Chicago Bulls @ Portland Trail Blazers,2025-11-20T03:10:00Z,player_threes,1.5,draftkings,2025-11-19T14:54:30Z,2025-11-19T14:55:54Z,151.0,-200.0
Josh Giddey,Chicago Bulls @ Portland Trail Blazers,2025-11-20T03:10:00Z,player_triple_double,,draftkings,2025-11-19T14:54:30Z,2025-11-19T14:55:54Z,,
Deni Avdija,Chicago Bulls @ Portland Trail Blazers,2025-11-20T03:10:00Z,player_triple_double,,draftkings,2025-11-19T14:54:30Z,2025-11-19T14:55:54Z,,
Josh Giddey,Chicago Bulls @ Portland Trail Blazers,2025-11-20T03:10:00Z,player_assists,8.5,betmgm,2025-11-19T14:54:46Z,2025-11-19T14:55:59Z,-130.0,-105.0
Jerami Grant,Chicago Bulls @ Portland Trail Blazers,2025-11-20T03:10:00Z,player_assists,2.5,betmgm,2025-11-19T14:54:46Z,2025-11-19T14:55:59Z,-135.0,100.0
Donovan Clingan,Chicago Bulls @ Portland Trail Blazers,2025-11-20T03:10:00Z,player_assists,1.5,betmgm,2025-11-19T14:54:46Z,2025-11-19T14:55:59Z,-115.0,-118.0
Deni Avdija,Chicago Bulls @ Portland Trail Blazers,2025-11-20T03:10:00Z,player_assists,5.5,betmgm,2025-11-19T14:54:46Z,2025-11-19T14:55:59Z,-105.0,-130.0
Nikola Vucevic,Chicago Bulls @ Portland Trail Blazers,2025-11-20T03:10:00Z,player_assists,3.5,betmgm,2025-11-19T14:54:46Z,2025-11-19T14:55:59Z,125.0,-165.0
Shaedon Sharpe,Chicago Bulls @ Portland Trail Blazers,2025-11-20T03:10:00Z,player_assists,3.5,betmgm,2025-11-19T14:54:46Z,2025-11-19T14:55:59Z,125.0,-165.0
Matas Buzelis,Chicago Bulls @ Portland Trail Blazers,2025-11-20T03:10:00Z,player_assists,1.5,betmgm,2025-11-19T14:54:46Z,2025-11-19T14:55:59Z,160.0,-220.0
Toumani Camara,Chicago Bulls @ Portland Trail Blazers,2025-11-20T03:10:00Z,player_assists,3.5,betmgm,2025-11-19T14:54:46Z,2025-11-19T14:55:59Z,125.0,-165.0
Josh Giddey,Chicago Bulls @ Portland Trail Blazers,2025-11-20T03:10:00Z,player_blocks,0.5,betmgm,2025-11-19T14:54:46Z,2025-11-19T14:55:59Z,100.0,-140.0
Jerami Grant,Chicago Bulls @ Portland Trail Blazers,2025-11-20T03:10:00Z,player_blocks,0.5,betmgm,2025-11-19T14:54:46Z,2025-11-19T14:55:59Z,110.0,-150.0
Donovan Clingan,Chicago Bulls @ Portland Trail Blazers,2025-11-20T03:10:00Z,player_blocks,1.5,betmgm,2025-11-19T14:54:46Z,2025-11-19T14:55:59Z,-190.0,135.0
Deni Avdija,Chicago Bulls @ Portland Trail Blazers,2025-11-20T03:10:00Z,player_blocks,0.5,betmgm,2025-11-19T14:54:46Z,2025-11-19T14:55:59Z,115.0,-160.0
Nikola Vucevic,Chicago Bulls @ Portland Trail Blazers,2025-11-20T03:10:00Z,player_blocks,0.5,betmgm,2025-11-19T14:54:46Z,2025-11-19T14:55:59Z,110.0,-155.0
Shaedon Sharpe,Chicago Bulls @ Portland Trail Blazers,2025-11-20T03:10:00Z,player_blocks,0.5,betmgm,2025-11-19T14:54:46Z,2025-11-19T14:55:59Z,275.0,-450.0
Matas Buzelis,Chicago Bulls @ Portland Trail Blazers,2025-11-20T03:10:00Z,player_blocks,1.5,betmgm,2025-11-19T14:54:46Z,2025-11-19T14:55:59Z,135.0,-190.0
Toumani Camara,Chicago Bulls @ Portland Trail Blazers,2025-11-20T03:10:00Z,player_blocks,0.5,betmgm,2025-11-19T14:54:46Z,2025-11-19T14:55:59Z,140.0,-190.0
Josh Giddey,Chicago Bulls @ Portland Trail Blazers,2025-11-20T03:10:00Z,player_double_double,,betmgm,2025-11-19T14:54:46Z,2025-11-19T14:55:59Z,,
Jerami Grant,Chicago Bulls @ Portland Trail Blazers,2025-11-20T03:10:00Z,player_double_double,,betmgm,2025-11-19T14:54:46Z,2025-11-19T14:55:59Z,,
Donovan Clingan,Chicago Bulls @ Portland Trail Blazers,2025-11-20T03:10:00Z,player_double_double,,betmgm,2025-11-19T14:54:46Z,2025-11-19T14:55:59Z,,
Deni Avdija,Chicago Bulls @ Portland Trail Blazers,2025-11-20T03:10:00Z,player_double_double,,betmgm,2025-11-19T14:54:46Z,2025-11-19T14:55:59Z,,
Nikola Vucevic,Chicago Bulls @ Portland Trail Blazers,2025-11-20T03:10:00Z,player_double_double,,betmgm,2025-11-19T14:54:46Z,2025-11-19T14:55:59Z,,
Shaedon Sharpe,Chicago Bulls @ Portland Trail Blazers,2025-11-20T03:10:00Z,player_double_double,,betmgm,2025-11-19T14:54:46Z,2025-11-19T14:55:59Z,,
Matas Buzelis,Chicago Bulls @ Portland Trail Blazers,2025-11-20T03:10:00Z,player_double_double,,betmgm,2025-11-19T14:54:46Z,2025-11-19T14:55:59Z,,
Toumani Camara,Chicago Bulls @ Portland Trail Blazers,2025-11-20T03:10:00Z,player_double_double,,betmgm,2025-11-19T14:54:46Z,2025-11-19T14:55:59Z,,
Josh Giddey,Chicago Bulls @ Portland Trail Blazers,2025-11-20T03:10:00Z,player_points,19.5,betmgm,2025-11-19T14:54:46Z,2025-11-19T14:55:59Z,-120.0,-110.0
Jerami Grant,Chicago Bulls @ Portland Trail Blazers,2025-11-20T03:10:00Z,player_points,19.5,betmgm,2025-11-19T14:54:46Z,2025-11-19T14:55:59Z,-115.0,-115.0
Donovan Clingan,Chicago Bulls @ Portland Trail Blazers,2025-11-20T03:10:00Z,player_points,9.5,betmgm,2025-11-19T14:54:46Z,2025-11-19T14:55:59Z,-120.0,-110.0
Deni Avdija,Chicago Bulls @ Portland Trail Blazers,2025-11-20T03:10:00Z,player_points,25.5,betmgm,2025-11-19T14:54:46Z,2025-11-19T14:55:59Z,-125.0,-105.0
Nikola Vucevic,Chicago Bulls @ Portland Trail Blazers,2025-11-20T03:10:00Z,player_points,15.5,betmgm,2025-11-19T14:54:46Z,2025-11-19T14:55:59Z,-120.0,-110.0
Shaedon Sharpe,Chicago Bulls @ Portland Trail Blazers,2025-11-20T03:10:00Z,player_points,25.5,betmgm,2025-11-19T14:54:46Z,2025-11-19T14:55:59Z,-105.0,-125.0
Matas Buzelis,Chicago Bulls @ Portland Trail Blazers,2025-11-20T03:10:00Z,player_points,15.5,betmgm,2025-11-19T14:54:46Z,2025-11-19T14:55:59Z,100.0,-130.0
Toumani Camara,Chicago Bulls @ Portland Trail Blazers,2025-11-20T03:10:00Z,player_points,13.5,betmgm,2025-11-19T14:54:46Z,2025-11-19T14:55:59Z,-105.0,-125.0
Jerami Grant,Chicago Bulls @ Portland Trail Blazers,2025-11-20T03:10:00Z,player_points_rebounds_assists,26.5,betmgm,2025-11-19T14:54:46Z,2025-11-19T14:55:59Z,-110.0,-120.0
Deni Avdija,Chicago Bulls @ Portland Trail Blazers,2025-11-20T03:10:00Z,player_points_rebounds_assists,38.5,betmgm,2025-11-19T14:54:46Z,2025-11-19T14:55:59Z,-120.0,-110.0
Nikola Vucevic,Chicago Bulls @ Portland Trail Blazers,2025-11-20T03:10:00Z,player_points_rebounds_assists,28.5,betmgm,2025-11-19T14:54:46Z,2025-11-19T14:55:59Z,-115.0,-118.0
Shaedon Sharpe,Chicago Bulls @ Portland Trail Blazers,2025-11-20T03:10:00Z,player_points_rebounds_assists,33.5,betmgm,2025-11-19T14:54:46Z,2025-11-19T14:55:59Z,-115.0,-115.0
Matas Buzelis,Chicago Bulls @ Portland Trail Blazers,2025-11-20T03:10:00Z,player_points_rebounds_assists,21.5,betmgm,2025-11-19T14:54:46Z,2025-11-19T14:55:59Z,-105.0,-125.0
Toumani Camara,Chicago Bulls @ Portland Trail Blazers,2025-11-20T03:10:00Z,player_points_rebounds_assists,21.5,betmgm,2025-11-19T14:54:46Z,2025-11-19T14:55:59Z,-120.0,-110.0
Josh Giddey,Chicago Bulls @ Portland Trail Blazers,2025-11-20T03:10:00Z,player_points_rebounds_assists,37.5,betmgm,2025-11-19T14:54:46Z,2025-11-19T14:55:59Z,-118.0,-115.0
Donovan Clingan,Chicago Bulls @ Portland Trail Blazers,2025-11-20T03:10:00Z,player_points_rebounds_assists,21.5,betmgm,2025-11-19T14:54:46Z,2025-11-19T14:55:59Z,-110.0,-120.0
Josh Giddey,Chicago Bulls @ Portland Trail Blazers,2025-11-20T03:10:00Z,player_rebounds,8.5,betmgm,2025-11-19T14:54:46Z,2025-11-19T14:55:59Z,-118.0,-110.0
Jerami Grant,Chicago Bulls @ Portland Trail Blazers,2025-11-20T03:10:00Z,player_rebounds,3.5,betmgm,2025-11-19T14:54:46Z,2025-11-19T14:55:59Z,-120.0,-110.0
Donovan Clingan,Chicago Bulls @ Portland Trail Blazers,2025-11-20T03:10:00Z,player_rebounds,9.5,betmgm,2025-11-19T14:54:46Z,2025-11-19T14:55:59Z,-120.0,-110.0
Deni Avdija,Chicago Bulls @ Portland Trail Blazers,2025-11-20T03:10:00Z,player_rebounds,7.5,betmgm,2025-11-19T14:54:46Z,2025-11-19T14:55:59Z,105.0,-140.0
Nikola Vucevic,Chicago Bulls @ Portland Trail Blazers,2025-11-20T03:10:00Z,player_rebounds,9.5,betmgm,2025-11-19T14:54:46Z,2025-11-19T14:55:59Z,105.0,-145.0
Shaedon Sharpe,Chicago Bulls @ Portland Trail Blazers,2025-11-20T03:10:00Z,player_rebounds,4.5,betmgm,2025-11-19T14:54:46Z,2025-11-19T14:55:59Z,-155.0,115.0
Matas Buzelis,Chicago Bulls @ Portland Trail Blazers,2025-11-20T03:10:00Z,player_rebounds,4.5,betmgm,2025-11-19T14:54:46Z,2025-11-19T14:55:59Z,-125.0,-105.0
Toumani Camara,Chicago Bulls @ Portland Trail Blazers,2025-11-20T03:10:00Z,player_rebounds,4.5,betmgm,2025-11-19T14:54:46Z,2025-11-19T14:55:59Z,-160.0,120.0
Josh Giddey,Chicago Bulls @ Portland Trail Blazers,2025-11-20T03:10:00Z,player_threes,1.5,betmgm,2025-11-19T14:54:46Z,2025-11-19T14:55:59Z,140.0,-190.0
Jerami Grant,Chicago Bulls @ Portland Trail Blazers,2025-11-20T03:10:00Z,player_threes,2.5,betmgm,2025-11-19T14:54:46Z,2025-11-19T14:55:59Z,125.0,-160.0
Donovan Clingan,Chicago Bulls @ Portland Trail Blazers,2025-11-20T03:10:00Z,player_threes,0.5,betmgm,2025-11-19T14:54:46Z,2025-11-19T14:55:59Z,100.0,-130.0
Deni Avdija,Chicago Bulls @ Portland Trail Blazers,2025-11-20T03:10:00Z,player_threes,2.5,betmgm,2025-11-19T14:54:46Z,2025-11-19T14:55:59Z,110.0,-150.0
Nikola Vucevic,Chicago Bulls @ Portland Trail Blazers,2025-11-20T03:10:00Z,player_threes,1.5,betmgm,2025-11-19T14:54:46Z,2025-11-19T14:55:59Z,-118.0,-115.0
Shaedon Sharpe,Chicago Bulls @ Portland Trail Blazers,2025-11-20T03:10:00Z,player_threes,2.5,betmgm,2025-11-19T14:54:46Z,2025-11-19T14:55:59Z,140.0,-190.0
Matas Buzelis,Chicago Bulls @ Portland Trail Blazers,2025-11-20T03:10:00Z,player_threes,1.5,betmgm,2025-11-19T14:54:46Z,2025-11-19T14:55:59Z,-135.0,100.0
Toumani Camara,Chicago Bulls @ Portland Trail Blazers,2025-11-20T03:10:00Z,player_threes,2.5,betmgm,2025-11-19T14:54:46Z,2025-11-19T14:55:59Z,120.0,-160.0
Josh Giddey,Chicago Bulls @ Portland Trail Blazers,2025-11-20T03:10:00Z,player_triple_double,,betmgm,2025-11-19T14:54:46Z,2025-11-19T14:55:59Z,,
Deni Avdija,Chicago Bulls @ Portland Trail Blazers,2025-11-20T03:10:00Z,player_triple_double,,betmgm,2025-11-19T14:54:46Z,2025-11-19T14:55:59Z,,
Toumani Camara,Chicago Bulls @ Portland Trail Blazers,2025-11-20T03:10:00Z,player_assists,2.5,betrivers,2025-11-19T14:55:14Z,2025-11-19T14:55:06Z,-177.0,130.0
Deni Avdija,Chicago Bulls @ Portland Trail Blazers,2025-11-20T03:10:00Z,player_assists,5.5,betrivers,2025-11-19T14:55:14Z,2025-11-19T14:55:06Z,106.0,-141.0
Shaedon Sharpe,Chicago Bulls @ Portland Trail Blazers,2025-11-20T03:10:00Z,player_assists,2.5,betrivers,2025-11-19T14:55:14Z,2025-11-19T14:55:06Z,-167.0,125.0
Josh Giddey,Chicago Bulls @ Portland Trail Blazers,2025-11-20T03:10:00Z,player_assists,8.5,betrivers,2025-11-19T14:55:14Z,2025-11-19T14:55:06Z,-124.0,-107.0
Nikola Vucevic,Chicago Bulls @ Portland Trail Blazers,2025-11-20T03:10:00Z,player_assists,2.5,betrivers,2025-11-19T14:55:14Z,2025-11-19T14:55:06Z,-177.0,132.0
Toumani Camara,Chicago Bulls @ Portland Trail Blazers,2025-11-20T03:10:00Z,player_points,13.5,betrivers,2025-11-19T14:55:14Z,2025-11-19T14:55:06Z,-105.0,-127.0
Deni Avdija,Chicago Bulls @ Portland Trail Blazers,2025-11-20T03:10:00Z,player_points,25.5,betrivers,2025-11-19T14:55:14Z,2025-11-19T14:55:06Z,-120.0,-112.0
Shaedon Sharpe,Chicago Bulls @ Portland Trail Blazers,2025-11-20T03:10:00Z,player_points,25.5,betrivers,2025-11-19T14:55:14Z,2025-11-19T14:55:06Z,-118.0,-112.0
Donovan Clingan,Chicago Bulls @ Portland Trail Blazers,2025-11-20T03:10:00Z,player_points,9.5,betrivers,2025-11-19T14:55:14Z,2025-11-19T14:55:06Z,-120.0,-112.0
Matas Buzelis,Chicago Bulls @ Portland Trail Blazers,2025-11-20T03:10:00Z,player_points,14.5,betrivers,2025-11-19T14:55:14Z,2025-11-19T14:55:06Z,-125.0,-107.0
Nikola Vucevic,Chicago Bulls @ Portland Trail Blazers,2025-11-20T03:10:00Z,player_points,16.5,betrivers,2025-11-19T14:55:14Z,2025-11-19T14:55:06Z,-104.0,-129.0
Josh Giddey,Chicago Bulls @ Portland Trail Blazers,2025-11-20T03:10:00Z,player_points,19.5,betrivers,2025-11-19T14:55:14Z,2025-11-19T14:55:06Z,-122.0,-109.0
Deni Avdija,Chicago Bulls @ Portland Trail Blazers,2025-11-20T03:10:00Z,player_points_rebounds_assists,38.5,betrivers,2025-11-19T14:55:14Z,2025-11-19T14:55:06Z,-122.0,-108.0
Nikola Vucevic,Chicago Bulls @ Portland Trail Blazers,2025-11-20T03:10:00Z,player_points_rebounds_assists,28.5,betrivers,2025-11-19T14:55:14Z,2025-11-19T14:55:06Z,-122.0,-108.0
Toumani Camara,Chicago Bulls @ Portland Trail Blazers,2025-11-20T03:10:00Z,player_points_rebounds_assists,21.5,betrivers,2025-11-19T14:55:14Z,2025-11-19T14:55:06Z,-121.0,-109.0
Shaedon Sharpe,Chicago Bulls @ Portland Trail Blazers,2025-11-20T03:10:00Z,player_points_rebounds_assists,34.5,betrivers,2025-11-19T14:55:14Z,2025-11-19T14:55:06Z,-114.0,-117.0
Josh Giddey,Chicago Bulls @ Portland Trail Blazers,2025-11-20T03:10:00Z,player_points_rebounds_assists,38.5,betrivers,2025-11-19T14:55:14Z,2025-11-19T14:55:06Z,-112.0,-120.0
Toumani Camara,Chicago Bulls @ Portland Trail Blazers,2025-11-20T03:10:00Z,player_rebounds,5.5,betrivers,2025-11-19T14:55:14Z,2025-11-19T14:55:06Z,117.0,-157.0
Josh Giddey,Chicago Bulls @ Portland Trail Blazers,2025-11-20T03:10:00Z,player_rebounds,8.5,betrivers,2025-11-19T14:55:14Z,2025-11-19T14:55:06Z,-125.0,-107.0
Matas Buzelis,Chicago Bulls @ Portland Trail Blazers,2025-11-20T03:10:00Z,player_rebounds,4.5,betrivers,2025-11-19T14:55:14Z,2025-11-19T14:55:06Z,-134.0,100.0
Deni Avdija,Chicago Bulls @ Portland Trail Blazers,2025-11-20T03:10:00Z,player_rebounds,7.5,betrivers,2025-11-19T14:55:14Z,2025-11-19T14:55:06Z,108.0,-143.0
Donovan Clingan,Chicago Bulls @ Portland Trail Blazers,2025-11-20T03:10:00Z,player_rebounds,9.5,betrivers,2025-11-19T14:55:14Z,2025-11-19T14:55:06Z,-114.0,-117.0
Shaedon Sharpe,Chicago Bulls @ Portland Trail Blazers,2025-11-20T03:10:00Z,player_rebounds,4.5,betrivers,2025-11-19T14:55:14Z,2025-11-19T14:55:06Z,-155.0,115.0
Nikola Vucevic,Chicago Bulls @ Portland Trail Blazers,2025-11-20T03:10:00Z,player_rebounds,9.5,betrivers,2025-11-19T14:55:14Z,2025-11-19T14:55:06Z,102.0,-136.0
Nikola Vucevic,Chicago Bulls @ Portland Trail Blazers,2025-11-20T03:10:00Z,player_threes,1.5,betrivers,2025-11-19T14:55:14Z,2025-11-19T14:55:06Z,-125.0,-106.0
Matas Buzelis,Chicago Bulls @ Portland Trail Blazers,2025-11-20T03:10:00Z,player_threes,1.5,betrivers,2025-11-19T14:55:14Z,2025-11-19T14:55:06Z,-155.0,115.0
Josh Giddey,Chicago Bulls @ Portland Trail Blazers,2025-11-20T03:10:00Z,player_threes,1.5,betrivers,2025-11-19T14:55:14Z,2025-11-19T14:55:06Z,143.0,-190.0
Shaedon Sharpe,Chicago Bulls @ Portland Trail Blazers,2025-11-20T03:10:00Z,player_threes,2.5,betrivers,2025-11-19T14:55:14Z,2025-11-19T14:55:06Z,143.0,-195.0
Deni Avdija,Chicago Bulls @ Portland Trail Blazers,2025-11-20T03:10:00Z,player_threes,2.5,betrivers,2025-11-19T14:55:14Z,2025-11-19T14:55:06Z,125.0,-167.0
Toumani Camara,Chicago Bulls @ Portland Trail Blazers,2025-11-20T03:10:00Z,player_threes,2.5,betrivers,2025-11-19T14:55:14Z,2025-11-19T14:55:06Z,116.0,-155.0
Deni Avdija,Chicago Bulls @ Portland Trail Blazers,2025-11-20T03:10:00Z,player_assists,5.5,williamhill_us,2025-11-19T14:55:31Z,2025-11-19T14:55:48Z,100.0,-134.0
Shaedon Sharpe,Chicago Bulls @ Portland Trail Blazers,2025-11-20T03:10:00Z,player_assists,3.5,williamhill_us,2025-11-19T14:55:31Z,2025-11-19T14:55:48Z,131.0,-176.0
Josh Giddey,Chicago Bulls @ Portland Trail Blazers,2025-11-20T03:10:00Z,player_assists,8.5,williamhill_us,2025-11-19T14:55:31Z,2025-11-19T14:55:48Z,-122.0,-109.0
Toumani Camara,Chicago Bulls @ Portland Trail Blazers,2025-11-20T03:10:00Z,player_assists,3.5,williamhill_us,2025-11-19T14:55:31Z,2025-11-19T14:55:48Z,132.0,-179.0
Nikola Vucevic,Chicago Bulls @ Portland Trail Blazers,2025-11-20T03:10:00Z,player_assists,2.5,williamhill_us,2025-11-19T14:55:31Z,2025-11-19T14:55:48Z,-173.0,128.0
Jerami Grant,Chicago Bulls @ Portland Trail Blazers,2025-11-20T03:10:00Z,player_points,19.5,williamhill_us,2025-11-19T14:55:31Z,2025-11-19T14:55:48Z,-118.0,-113.0
Donovan Clingan,Chicago Bulls @ Portland Trail Blazers,2025-11-20T03:10:00Z,player_points,9.5,williamhill_us,2025-11-19T14:55:31Z,2025-11-19T14:55:48Z,-118.0,-113.0
Shaedon Sharpe,Chicago Bulls @ Portland Trail Blazers,2025-11-20T03:10:00Z,player_points,25.5,williamhill_us,2025-11-19T14:55:31Z,2025-11-19T14:55:48Z,-118.0,-113.0
Nikola Vucevic,Chicago Bulls @ Portland Trail Blazers,2025-11-20T03:10:00Z,player_points,15.5,williamhill_us,2025-11-19T14:55:31Z,2025-11-19T14:55:48Z,-124.0,-107.0
Deni Avdija,Chicago Bulls @ Portland Trail Blazers,2025-11-20T03:10:00Z,player_points,25.5,williamhill_us,2025-11-19T14:55:31Z,2025-11-19T14:55:48Z,-120.0,-112.0
Toumani Camara,Chicago Bulls @ Portland Trail Blazers,2025-11-20T03:10:00Z,player_points,13.5,williamhill_us,2025-11-19T14:55:31Z,2025-11-19T14:55:48Z,-105.0,-127.0
Matas Buzelis,Chicago Bulls @ Portland Trail Blazers,2025-11-20T03:10:00Z,player_points,14.5,williamhill_us,2025-11-19T14:55:31Z,2025-11-19T14:55:48Z,-120.0,-113.0
Josh Giddey,Chicago Bulls @ Portland Trail Blazers,2025-11-20T03:10:00Z,player_points,19.5,williamhill_us,2025-11-19T14:55:31Z,2025-11-19T14:55:48Z,-121.0,-110.0
Donovan Clingan,Chicago Bulls @ Portland Trail Blazers,2025-11-20T03:10:00Z,player_rebounds,9.5,williamhill_us,2025-11-19T14:55:31Z,2025-11-19T14:55:48Z,-110.0,-121.0
Deni Avdija,Chicago Bulls @ Portland Trail Blazers,2025-11-20T03:10:00Z,player_rebounds,7.5,williamhill_us,2025-11-19T14:55:31Z,2025-11-19T14:55:48Z,109.0,-145.0
Josh Giddey,Chicago Bulls @ Portland Trail Blazers,2025-11-20T03:10:00Z,player_rebounds,8.5,williamhill_us,2025-11-19T14:55:31Z,2025-11-19T14:55:48Z,-122.0,-108.0
Toumani Camara,Chicago Bulls @ Portland Trail Blazers,2025-11-20T03:10:00Z,player_rebounds,4.5,williamhill_us,2025-11-19T14:55:31Z,2025-11-19T14:55:48Z,-157.0,117.0
Nikola Vucevic,Chicago Bulls @ Portland Trail Blazers,2025-11-20T03:10:00Z,player_rebounds,9.5,williamhill_us,2025-11-19T14:55:31Z,2025-11-19T14:55:48Z,112.0,-150.0
Shaedon Sharpe,Chicago Bulls @ Portland Trail Blazers,2025-11-20T03:10:00Z,player_rebounds,4.5,williamhill_us,2025-11-19T14:55:31Z,2025-11-19T14:55:48Z,-150.0,112.0
Matas Buzelis,Chicago Bulls @ Portland Trail Blazers,2025-11-20T03:10:00Z,player_rebounds,4.5,williamhill_us,2025-11-19T14:55:31Z,2025-11-19T14:55:48Z,-134.0,101.0
Jerami Grant,Chicago Bulls @ Portland Trail Blazers,2025-11-20T03:10:00Z,player_threes,2.5,williamhill_us,2025-11-19T14:55:31Z,2025-11-19T14:55:48Z,125.0,-170.0
Josh Giddey,Chicago Bulls @ Portland Trail Blazers,2025-11-20T03:10:00Z,player_threes,1.5,williamhill_us,2025-11-19T14:55:31Z,2025-11-19T14:55:48Z,146.0,-197.0
Shaedon Sharpe,Chicago Bulls @ Portland Trail Blazers,2025-11-20T03:10:00Z,player_threes,2.5,williamhill_us,2025-11-19T14:55:31Z,2025-11-19T14:55:48Z,133.0,-179.0
Toumani Camara,Chicago Bulls @ Portland Trail Blazers,2025-11-20T03:10:00Z,player_threes,2.5,williamhill_us,2025-11-19T14:55:31Z,2025-11-19T14:55:48Z,119.0,-159.0
Nikola Vucevic,Chicago Bulls @ Portland Trail Blazers,2025-11-20T03:10:00Z,player_threes,1.5,williamhill_us,2025-11-19T14:55:31Z,2025-11-19T14:55:48Z,-124.0,-107.0
Deni Avdija,Chicago Bulls @ Portland Trail Blazers,2025-11-20T03:10:00Z,player_threes,2.5,williamhill_us,2025-11-19T14:55:31Z,2025-11-19T14:55:48Z,112.0,-150.0
Matas Buzelis,Chicago Bulls @ Portland Trail Blazers,2025-11-20T03:10:00Z,player_threes,1.5,williamhill_us,2025-11-19T14:55:31Z,2025-11-19T14:55:48Z,-143.0,107.0
Josh Giddey,Chicago Bulls @ Portland Trail Blazers,2025-11-20T03:10:00Z,player_double_double,,bovada,2025-11-19T14:54:31Z,2025-11-19T14:55:58Z,,
Deni Avdija,Chicago Bulls @ Portland Trail Blazers,2025-11-20T03:10:00Z,player_double_double,,bovada,2025-11-19T14:54:31Z,2025-11-19T14:55:58Z,,
Shaedon Sharpe,Chicago Bulls @ Portland Trail Blazers,2025-11-20T03:10:00Z,player_double_double,,bovada,2025-11-19T14:54:31Z,2025-11-19T14:55:58Z,,
Josh Giddey,Chicago Bulls @ Portland Trail Blazers,2025-11-20T03:10:00Z,player_triple_double,,bovada,2025-11-19T14:54:31Z,2025-11-19T14:55:58Z,,
Deni Avdija,Chicago Bulls @ Portland Trail Blazers,2025-11-20T03:10:00Z,player_triple_double,,bovada,2025-11-19T14:54:31Z,2025-11-19T14:55:58Z,,
Nikola Vucevic,Chicago Bulls @ Portland Trail Blazers,2025-11-20T03:10:00Z,player_assists,2.5,betonlineag,2025-11-19T14:53:31Z,2025-11-19T14:55:04Z,-161.0,123.0
Toumani Camara,Chicago Bulls @ Portland Trail Blazers,2025-11-20T03:10:00Z,player_assists,3.5,betonlineag,2025-11-19T14:53:31Z,2025-11-19T14:55:04Z,136.0,-179.0
Shaedon Sharpe,Chicago Bulls @ Portland Trail Blazers,2025-11-20T03:10:00Z,player_assists,3.5,betonlineag,2025-11-19T14:53:31Z,2025-11-19T14:55:04Z,144.0,-189.0
Josh Giddey,Chicago Bulls @ Portland Trail Blazers,2025-11-20T03:10:00Z,player_assists,8.5,betonlineag,2025-11-19T14:53:31Z,2025-11-19T14:55:04Z,-115.0,-112.0
Deni Avdija,Chicago Bulls @ Portland Trail Blazers,2025-11-20T03:10:00Z,player_assists,5.5,betonlineag,2025-11-19T14:53:31Z,2025-11-19T14:55:04Z,106.0,-137.0
Jerami Grant,Chicago Bulls @ Portland Trail Blazers,2025-11-20T03:10:00Z,player_assists,2.5,betonlineag,2025-11-19T14:53:31Z,2025-11-19T14:55:04Z,-130.0,100.0
Donovan Clingan,Chicago Bulls @ Portland Trail Blazers,2025-11-20T03:10:00Z,player_assists,1.5,betonlineag,2025-11-19T14:53:31Z,2025-11-19T14:55:04Z,-154.0,118.0
Jerami Grant,Chicago Bulls @ Portland Trail Blazers,2025-11-20T03:10:00Z,player_points,19.5,betonlineag,2025-11-19T14:53:31Z,2025-11-19T14:55:04Z,-116.0,-111.0
Nikola Vucevic,Chicago Bulls @ Portland Trail Blazers,2025-11-20T03:10:00Z,player_points,15.5,betonlineag,2025-11-19T14:53:31Z,2025-11-19T14:55:04Z,-119.0,-109.0
Josh Giddey,Chicago Bulls @ Portland Trail Blazers,2025-11-20T03:10:00Z,player_points,19.5,betonlineag,2025-11-19T14:53:31Z,2025-11-19T14:55:04Z,-123.0,-105.0
Shaedon Sharpe,Chicago Bulls @ Portland Trail Blazers,2025-11-20T03:10:00Z,player_points,25.5,betonlineag,2025-11-19T14:53:31Z,2025-11-19T14:55:04Z,-114.0,-114.0
Toumani Camara,Chicago Bulls @ Portland Trail Blazers,2025-11-20T03:10:00Z,player_points,13.5,betonlineag,2025-11-19T14:53:31Z,2025-11-19T14:55:04Z,-101.0,-128.0
Donovan Clingan,Chicago Bulls @ Portland Trail Blazers,2025-11-20T03:10:00Z,player_points,9.5,betonlineag,2025-11-19T14:53:31Z,2025-11-19T14:55:04Z,-119.0,-109.0
Deni Avdija,Chicago Bulls @ Portland Trail Blazers,2025-11-20T03:10:00Z,player_points,25.5,betonlineag,2025-11-19T14:53:31Z,2025-11-19T14:55:04Z,-116.0,-111.0
Matas Buzelis,Chicago Bulls @ Portland Trail Blazers,2025-11-20T03:10:00Z,player_points,14.5,betonlineag,2025-11-19T14:53:31Z,2025-11-19T14:55:04Z,-118.0,-110.0
Nikola Vucevic,Chicago Bulls @ Portland Trail Blazers,2025-11-20T03:10:00Z,player_points_rebounds_assists,28.5,betonlineag,2025-11-19T14:53:31Z,2025-11-19T14:55:04Z,-106.0,-122.0
Shaedon Sharpe,Chicago Bulls @ Portland Trail Blazers,2025-11-20T03:10:00Z,player_points_rebounds_assists,34.5,betonlineag,2025-11-19T14:53:31Z,2025-11-19T14:55:04Z,-105.0,-123.0
Toumani Camara,Chicago Bulls @ Portland Trail Blazers,2025-11-20T03:10:00Z,player_points_rebounds_assists,21.5,betonlineag,2025-11-19T14:53:31Z,2025-11-19T14:55:04Z,-114.0,-114.0
Deni Avdija,Chicago Bulls @ Portland Trail Blazers,2025-11-20T03:10:00Z,player_points_rebounds_assists,38.5,betonlineag,2025-11-19T14:53:31Z,2025-11-19T14:55:04Z,-114.0,-114.0
Josh Giddey,Chicago Bulls @ Portland Trail Blazers,2025-11-20T03:10:00Z,player_points_rebounds_assists,37.5,betonlineag,2025-11-19T14:53:31Z,2025-11-19T14:55:04Z,-111.0,-116.0
Matas Buzelis,Chicago Bulls @ Portland Trail Blazers,2025-11-20T03:10:00Z,player_points_rebounds_assists,20.5,betonlineag,2025-11-19T14:53:31Z,2025-11-19T14:55:04Z,-127.0,-102.0
Donovan Clingan,Chicago Bulls @ Portland Trail Blazers,2025-11-20T03:10:00Z,player_points_rebounds_assists,21.5,betonlineag,2025-11-19T14:53:31Z,2025-11-19T14:55:04Z,-108.0,-120.0
Jerami Grant,Chicago Bulls @ Portland Trail Blazers,2025-11-20T03:10:00Z,player_points_rebounds_assists,27.5,betonlineag,2025-11-19T14:53:31Z,2025-11-19T14:55:04Z,103.0,-133.0
Nikola Vucevic,Chicago Bulls @ Portland Trail Blazers,2025-11-20T03:10:00Z,player_rebounds,9.5,betonlineag,2025-11-19T14:53:31Z,2025-11-19T14:55:04Z,117.0,-152.0
Jerami Grant,Chicago Bulls @ Portland Trail Blazers,2025-11-20T03:10:00Z,player_rebounds,3.5,betonlineag,2025-11-19T14:53:31Z,2025-11-19T14:55:04Z,-127.0,-102.0
Toumani Camara,Chicago Bulls @ Portland Trail Blazers,2025-11-20T03:10:00Z,player_rebounds,4.5,betonlineag,2025-11-19T14:53:31Z,2025-11-19T14:55:04Z,-147.0,114.0
Shaedon Sharpe,Chicago Bulls @ Portland Trail Blazers,2025-11-20T03:10:00Z,player_rebounds,4.5,betonlineag,2025-11-19T14:53:31Z,2025-11-19T14:55:04Z,-149.0,115.0
Josh Giddey,Chicago Bulls @ Portland Trail Blazers,2025-11-20T03:10:00Z,player_rebounds,8.5,betonlineag,2025-11-19T14:53:31Z,2025-11-19T14:55:04Z,-122.0,-106.0
Deni Avdija,Chicago Bulls @ Portland Trail Blazers,2025-11-20T03:10:00Z,player_rebounds,7.5,betonlineag,2025-11-19T14:53:31Z,2025-11-19T14:55:04Z,112.0,-145.0
Donovan Clingan,Chicago Bulls @ Portland Trail Blazers,2025-11-20T03:10:00Z,player_rebounds,9.5,betonlineag,2025-11-19T14:53:31Z,2025-11-19T14:55:04Z,-111.0,-116.0
Matas Buzelis,Chicago Bulls @ Portland Trail Blazers,2025-11-20T03:10:00Z,player_rebounds,4.5,betonlineag,2025-11-19T14:53:31Z,2025-11-19T14:55:04Z,-135.0,105.0
Nikola Vucevic,Chicago Bulls @ Portland Trail Blazers,2025-11-20T03:10:00Z,player_threes,1.5,betonlineag,2025-11-19T14:53:31Z,2025-11-19T14:55:04Z,-127.0,-102.0
Jerami Grant,Chicago Bulls @ Portland Trail Blazers,2025-11-20T03:10:00Z,player_threes,2.5,betonlineag,2025-11-19T14:53:31Z,2025-11-19T14:55:04Z,126.0,-164.0
Shaedon Sharpe,Chicago Bulls @ Portland Trail Blazers,2025-11-20T03:10:00Z,player_threes,2.5,betonlineag,2025-11-19T14:53:31Z,2025-11-19T14:55:04Z,141.0,-185.0
Toumani Camara,Chicago Bulls @ Portland Trail Blazers,2025-11-20T03:10:00Z,player_threes,2.5,betonlineag,2025-11-19T14:53:31Z,2025-11-19T14:55:04Z,122.0,-159.0
Deni Avdija,Chicago Bulls @ Portland Trail Blazers,2025-11-20T03:10:00Z,player_threes,2.5,betonlineag,2025-11-19T14:53:31Z,2025-11-19T14:55:04Z,122.0,-159.0
Donovan Clingan,Chicago Bulls @ Portland Trail Blazers,2025-11-20T03:10:00Z,player_threes,0.5,betonlineag,2025-11-19T14:53:31Z,2025-11-19T14:55:04Z,-125.0,-103.0
Matas Buzelis,Chicago Bulls @ Portland Trail Blazers,2025-11-20T03:10:00Z,player_threes,1.5,betonlineag,2025-11-19T14:53:31Z,2025-11-19T14:55:04Z,-141.0,109.0
Josh Giddey,Chicago Bulls @ Portland Trail Blazers,2025-11-20T03:10:00Z,player_threes,1.5,betonlineag,2025-11-19T14:53:31Z,2025-11-19T14:55:04Z,155.0,-204.0
