event_id,player,market,line,bookmaker,game,game_time,bookmaker_last_update,market_last_update,minutes_stale,fetch_time_et,over_odds,under_odds
a9cbe798da439bd9d012976f7738591b,Ayo Dosunmu,player_assists,2.5,fanduel,Cleveland Cavaliers @ Chicago Bulls,2025-12-18T01:10:00Z,,2025-12-17T17:00:36Z,0.1,2025-12-17 12:00:41 ET,-114.0,-114.0
a9cbe798da439bd9d012976f7738591b,Tre Jones,player_assists,3.5,fanduel,Cleveland Cavaliers @ Chicago Bulls,2025-12-18T01:10:00Z,,2025-12-17T17:00:36Z,0.1,2025-12-17 12:00:41 ET,-158.0,118.0
a9cbe798da439bd9d012976f7738591b,Josh Giddey,player_assists,8.5,fanduel,Cleveland Cavaliers @ Chicago Bulls,2025-12-18T01:10:00Z,,2025-12-17T17:00:36Z,0.1,2025-12-17 12:00:41 ET,-102.0,-130.0
a9cbe798da439bd9d012976f7738591b,Donovan Mitchell,player_assists,5.5,fanduel,Cleveland Cavaliers @ Chicago Bulls,2025-12-18T01:10:00Z,,2025-12-17T17:00:36Z,0.1,2025-12-17 12:00:41 ET,-110.0,-120.0
a9cbe798da439bd9d012976f7738591b,Darius Garland,player_assists,7.5,fanduel,Cleveland Cavaliers @ Chicago Bulls,2025-12-18T01:10:00Z,,2025-12-17T17:00:36Z,0.1,2025-12-17 12:00:41 ET,110.0,-146.0
a9cbe798da439bd9d012976f7738591b,Coby White,player_assists,3.5,fanduel,Cleveland Cavaliers @ Chicago Bulls,2025-12-18T01:10:00Z,,2025-12-17T17:00:36Z,0.1,2025-12-17 12:00:41 ET,-152.0,114.0
a9cbe798da439bd9d012976f7738591b,Lonzo Ball,player_assists,3.5,fanduel,Cleveland Cavaliers @ Chicago Bulls,2025-12-18T01:10:00Z,,2025-12-17T17:00:36Z,0.1,2025-12-17 12:00:41 ET,-152.0,114.0
a9cbe798da439bd9d012976f7738591b,Nikola Vucevic,player_assists,2.5,fanduel,Cleveland Cavaliers @ Chicago Bulls,2025-12-18T01:10:00Z,,2025-12-17T17:00:36Z,0.1,2025-12-17 12:00:41 ET,-140.0,106.0
a9cbe798da439bd9d012976f7738591b,Matas Buzelis,player_blocks,1.5,fanduel,Cleveland Cavaliers @ Chicago Bulls,2025-12-18T01:10:00Z,,2025-12-17T17:00:35Z,0.12,2025-12-17 12:00:41 ET,148.0,-200.0
a9cbe798da439bd9d012976f7738591b,Jarrett Allen,player_blocks,1.5,fanduel,Cleveland Cavaliers @ Chicago Bulls,2025-12-18T01:10:00Z,,2025-12-17T17:00:35Z,0.12,2025-12-17 12:00:41 ET,178.0,-245.0
a9cbe798da439bd9d012976f7738591b,Josh Giddey,player_double_double,,fanduel,Cleveland Cavaliers @ Chicago Bulls,2025-12-18T01:10:00Z,,2025-12-17T17:00:36Z,0.1,2025-12-17 12:00:41 ET,,
a9cbe798da439bd9d012976f7738591b,Jarrett Allen,player_double_double,,fanduel,Cleveland Cavaliers @ Chicago Bulls,2025-12-18T01:10:00Z,,2025-12-17T17:00:36Z,0.1,2025-12-17 12:00:41 ET,,
a9cbe798da439bd9d012976f7738591b,Nikola Vucevic,player_double_double,,fanduel,Cleveland Cavaliers @ Chicago Bulls,2025-12-18T01:10:00Z,,2025-12-17T17:00:36Z,0.1,2025-12-17 12:00:41 ET,,
a9cbe798da439bd9d012976f7738591b,Darius Garland,player_double_double,,fanduel,Cleveland Cavaliers @ Chicago Bulls,2025-12-18T01:10:00Z,,2025-12-17T17:00:36Z,0.1,2025-12-17 12:00:41 ET,,
a9cbe798da439bd9d012976f7738591b,Jaylon Tyson,player_double_double,,fanduel,Cleveland Cavaliers @ Chicago Bulls,2025-12-18T01:10:00Z,,2025-12-17T17:00:36Z,0.1,2025-12-17 12:00:41 ET,,
a9cbe798da439bd9d012976f7738591b,Donovan Mitchell,player_double_double,,fanduel,Cleveland Cavaliers @ Chicago Bulls,2025-12-18T01:10:00Z,,2025-12-17T17:00:36Z,0.1,2025-12-17 12:00:41 ET,,
a9cbe798da439bd9d012976f7738591b,Matas Buzelis,player_double_double,,fanduel,Cleveland Cavaliers @ Chicago Bulls,2025-12-18T01:10:00Z,,2025-12-17T17:00:36Z,0.1,2025-12-17 12:00:41 ET,,
a9cbe798da439bd9d012976f7738591b,Dean Wade,player_double_double,,fanduel,Cleveland Cavaliers @ Chicago Bulls,2025-12-18T01:10:00Z,,2025-12-17T17:00:36Z,0.1,2025-12-17 12:00:41 ET,,
a9cbe798da439bd9d012976f7738591b,Lonzo Ball,player_double_double,,fanduel,Cleveland Cavaliers @ Chicago Bulls,2025-12-18T01:10:00Z,,2025-12-17T17:00:36Z,0.1,2025-12-17 12:00:41 ET,,
a9cbe798da439bd9d012976f7738591b,Coby White,player_double_double,,fanduel,Cleveland Cavaliers @ Chicago Bulls,2025-12-18T01:10:00Z,,2025-12-17T17:00:36Z,0.1,2025-12-17 12:00:41 ET,,
a9cbe798da439bd9d012976f7738591b,De'Andre Hunter,player_double_double,,fanduel,Cleveland Cavaliers @ Chicago Bulls,2025-12-18T01:10:00Z,,2025-12-17T17:00:36Z,0.1,2025-12-17 12:00:41 ET,,
a9cbe798da439bd9d012976f7738591b,Jarrett Allen,player_points,14.5,fanduel,Cleveland Cavaliers @ Chicago Bulls,2025-12-18T01:10:00Z,,2025-12-17T17:00:36Z,0.1,2025-12-17 12:00:41 ET,-108.0,-122.0
a9cbe798da439bd9d012976f7738591b,Coby White,player_points,21.5,fanduel,Cleveland Cavaliers @ Chicago Bulls,2025-12-18T01:10:00Z,,2025-12-17T17:00:36Z,0.1,2025-12-17 12:00:41 ET,-128.0,-104.0
a9cbe798da439bd9d012976f7738591b,Ayo Dosunmu,player_points,10.5,fanduel,Cleveland Cavaliers @ Chicago Bulls,2025-12-18T01:10:00Z,,2025-12-17T17:00:36Z,0.1,2025-12-17 12:00:41 ET,-128.0,-104.0
a9cbe798da439bd9d012976f7738591b,Jaylon Tyson,player_points,12.5,fanduel,Cleveland Cavaliers @ Chicago Bulls,2025-12-18T01:10:00Z,,2025-12-17T17:00:36Z,0.1,2025-12-17 12:00:41 ET,-125.0,-106.0
a9cbe798da439bd9d012976f7738591b,Thomas Bryant,player_points,5.5,fanduel,Cleveland Cavaliers @ Chicago Bulls,2025-12-18T01:10:00Z,,2025-12-17T17:00:36Z,0.1,2025-12-17 12:00:41 ET,-122.0,-108.0
a9cbe798da439bd9d012976f7738591b,Darius Garland,player_points,20.5,fanduel,Cleveland Cavaliers @ Chicago Bulls,2025-12-18T01:10:00Z,,2025-12-17T17:00:36Z,0.1,2025-12-17 12:00:41 ET,-118.0,-112.0
a9cbe798da439bd9d012976f7738591b,Tre Jones,player_points,9.5,fanduel,Cleveland Cavaliers @ Chicago Bulls,2025-12-18T01:10:00Z,,2025-12-17T17:00:36Z,0.1,2025-12-17 12:00:41 ET,-112.0,-118.0
a9cbe798da439bd9d012976f7738591b,Matas Buzelis,player_points,12.5,fanduel,Cleveland Cavaliers @ Chicago Bulls,2025-12-18T01:10:00Z,,2025-12-17T17:00:36Z,0.1,2025-12-17 12:00:41 ET,102.0,-136.0
a9cbe798da439bd9d012976f7738591b,Kevin Huerter,player_points,9.5,fanduel,Cleveland Cavaliers @ Chicago Bulls,2025-12-18T01:10:00Z,,2025-12-17T17:00:36Z,0.1,2025-12-17 12:00:41 ET,-118.0,-112.0
a9cbe798da439bd9d012976f7738591b,Nikola Vucevic,player_points,14.5,fanduel,Cleveland Cavaliers @ Chicago Bulls,2025-12-18T01:10:00Z,,2025-12-17T17:00:36Z,0.1,2025-12-17 12:00:41 ET,-112.0,-118.0
a9cbe798da439bd9d012976f7738591b,Isaac Okoro,player_points,7.5,fanduel,Cleveland Cavaliers @ Chicago Bulls,2025-12-18T01:10:00Z,,2025-12-17T17:00:36Z,0.1,2025-12-17 12:00:41 ET,-106.0,-122.0
a9cbe798da439bd9d012976f7738591b,Lonzo Ball,player_points,6.5,fanduel,Cleveland Cavaliers @ Chicago Bulls,2025-12-18T01:10:00Z,,2025-12-17T17:00:36Z,0.1,2025-12-17 12:00:41 ET,-114.0,-114.0
a9cbe798da439bd9d012976f7738591b,De'Andre Hunter,player_points,14.5,fanduel,Cleveland Cavaliers @ Chicago Bulls,2025-12-18T01:10:00Z,,2025-12-17T17:00:36Z,0.1,2025-12-17 12:00:41 ET,-120.0,-110.0
a9cbe798da439bd9d012976f7738591b,Donovan Mitchell,player_points,31.5,fanduel,Cleveland Cavaliers @ Chicago Bulls,2025-12-18T01:10:00Z,,2025-12-17T17:00:36Z,0.1,2025-12-17 12:00:41 ET,-106.0,-125.0
a9cbe798da439bd9d012976f7738591b,Josh Giddey,player_points,19.5,fanduel,Cleveland Cavaliers @ Chicago Bulls,2025-12-18T01:10:00Z,,2025-12-17T17:00:36Z,0.1,2025-12-17 12:00:41 ET,-104.0,-125.0
a9cbe798da439bd9d012976f7738591b,Dean Wade,player_points,6.5,fanduel,Cleveland Cavaliers @ Chicago Bulls,2025-12-18T01:10:00Z,,2025-12-17T17:00:36Z,0.1,2025-12-17 12:00:41 ET,-130.0,-102.0
a9cbe798da439bd9d012976f7738591b,Lonzo Ball,player_points_rebounds_assists,15.5,fanduel,Cleveland Cavaliers @ Chicago Bulls,2025-12-18T01:10:00Z,,2025-12-17T17:00:36Z,0.1,2025-12-17 12:00:41 ET,-104.0,-128.0
a9cbe798da439bd9d012976f7738591b,Jaylon Tyson,player_points_rebounds_assists,21.5,fanduel,Cleveland Cavaliers @ Chicago Bulls,2025-12-18T01:10:00Z,,2025-12-17T17:00:36Z,0.1,2025-12-17 12:00:41 ET,-114.0,-114.0
a9cbe798da439bd9d012976f7738591b,Tre Jones,player_points_rebounds_assists,15.5,fanduel,Cleveland Cavaliers @ Chicago Bulls,2025-12-18T01:10:00Z,,2025-12-17T17:00:36Z,0.1,2025-12-17 12:00:41 ET,-128.0,-104.0
a9cbe798da439bd9d012976f7738591b,De'Andre Hunter,player_points_rebounds_assists,20.5,fanduel,Cleveland Cavaliers @ Chicago Bulls,2025-12-18T01:10:00Z,,2025-12-17T17:00:36Z,0.1,2025-12-17 12:00:41 ET,-118.0,-112.0
a9cbe798da439bd9d012976f7738591b,Matas Buzelis,player_points_rebounds_assists,18.5,fanduel,Cleveland Cavaliers @ Chicago Bulls,2025-12-18T01:10:00Z,,2025-12-17T17:00:36Z,0.1,2025-12-17 12:00:41 ET,-130.0,-102.0
a9cbe798da439bd9d012976f7738591b,Nikola Vucevic,player_points_rebounds_assists,25.5,fanduel,Cleveland Cavaliers @ Chicago Bulls,2025-12-18T01:10:00Z,,2025-12-17T17:00:36Z,0.1,2025-12-17 12:00:41 ET,-114.0,-114.0
a9cbe798da439bd9d012976f7738591b,Ayo Dosunmu,player_points_rebounds_assists,16.5,fanduel,Cleveland Cavaliers @ Chicago Bulls,2025-12-18T01:10:00Z,,2025-12-17T17:00:36Z,0.1,2025-12-17 12:00:41 ET,-118.0,-112.0
a9cbe798da439bd9d012976f7738591b,Jarrett Allen,player_points_rebounds_assists,25.5,fanduel,Cleveland Cavaliers @ Chicago Bulls,2025-12-18T01:10:00Z,,2025-12-17T17:00:36Z,0.1,2025-12-17 12:00:41 ET,-114.0,-114.0
a9cbe798da439bd9d012976f7738591b,Josh Giddey,player_points_rebounds_assists,36.5,fanduel,Cleveland Cavaliers @ Chicago Bulls,2025-12-18T01:10:00Z,,2025-12-17T17:00:36Z,0.1,2025-12-17 12:00:41 ET,-106.0,-125.0
a9cbe798da439bd9d012976f7738591b,Donovan Mitchell,player_points_rebounds_assists,41.5,fanduel,Cleveland Cavaliers @ Chicago Bulls,2025-12-18T01:10:00Z,,2025-12-17T17:00:36Z,0.1,2025-12-17 12:00:41 ET,-114.0,-114.0
a9cbe798da439bd9d012976f7738591b,Coby White,player_points_rebounds_assists,29.5,fanduel,Cleveland Cavaliers @ Chicago Bulls,2025-12-18T01:10:00Z,,2025-12-17T17:00:36Z,0.1,2025-12-17 12:00:41 ET,-112.0,-118.0
a9cbe798da439bd9d012976f7738591b,Darius Garland,player_points_rebounds_assists,31.5,fanduel,Cleveland Cavaliers @ Chicago Bulls,2025-12-18T01:10:00Z,,2025-12-17T17:00:36Z,0.1,2025-12-17 12:00:41 ET,-108.0,-122.0
a9cbe798da439bd9d012976f7738591b,Kevin Huerter,player_rebounds,2.5,fanduel,Cleveland Cavaliers @ Chicago Bulls,2025-12-18T01:10:00Z,,2025-12-17T17:00:36Z,0.1,2025-12-17 12:00:41 ET,116.0,-154.0
a9cbe798da439bd9d012976f7738591b,Ayo Dosunmu,player_rebounds,2.5,fanduel,Cleveland Cavaliers @ Chicago Bulls,2025-12-18T01:10:00Z,,2025-12-17T17:00:36Z,0.1,2025-12-17 12:00:41 ET,-140.0,106.0
a9cbe798da439bd9d012976f7738591b,Jarrett Allen,player_rebounds,8.5,fanduel,Cleveland Cavaliers @ Chicago Bulls,2025-12-18T01:10:00Z,,2025-12-17T17:00:36Z,0.1,2025-12-17 12:00:41 ET,-130.0,-102.0
a9cbe798da439bd9d012976f7738591b,Isaac Okoro,player_rebounds,2.5,fanduel,Cleveland Cavaliers @ Chicago Bulls,2025-12-18T01:10:00Z,,2025-12-17T17:00:36Z,0.1,2025-12-17 12:00:41 ET,110.0,-146.0
a9cbe798da439bd9d012976f7738591b,Coby White,player_rebounds,3.5,fanduel,Cleveland Cavaliers @ Chicago Bulls,2025-12-18T01:10:00Z,,2025-12-17T17:00:36Z,0.1,2025-12-17 12:00:41 ET,110.0,-146.0
a9cbe798da439bd9d012976f7738591b,Nikola Vucevic,player_rebounds,7.5,fanduel,Cleveland Cavaliers @ Chicago Bulls,2025-12-18T01:10:00Z,,2025-12-17T17:00:36Z,0.1,2025-12-17 12:00:41 ET,-148.0,112.0
a9cbe798da439bd9d012976f7738591b,Dean Wade,player_rebounds,4.5,fanduel,Cleveland Cavaliers @ Chicago Bulls,2025-12-18T01:10:00Z,,2025-12-17T17:00:36Z,0.1,2025-12-17 12:00:41 ET,-130.0,-102.0
a9cbe798da439bd9d012976f7738591b,Jaylon Tyson,player_rebounds,6.5,fanduel,Cleveland Cavaliers @ Chicago Bulls,2025-12-18T01:10:00Z,,2025-12-17T17:00:36Z,0.1,2025-12-17 12:00:41 ET,-112.0,-118.0
a9cbe798da439bd9d012976f7738591b,Donovan Mitchell,player_rebounds,4.5,fanduel,Cleveland Cavaliers @ Chicago Bulls,2025-12-18T01:10:00Z,,2025-12-17T17:00:36Z,0.1,2025-12-17 12:00:41 ET,-106.0,-125.0
a9cbe798da439bd9d012976f7738591b,Tre Jones,player_rebounds,2.5,fanduel,Cleveland Cavaliers @ Chicago Bulls,2025-12-18T01:10:00Z,,2025-12-17T17:00:36Z,0.1,2025-12-17 12:00:41 ET,148.0,-200.0
a9cbe798da439bd9d012976f7738591b,Matas Buzelis,player_rebounds,4.5,fanduel,Cleveland Cavaliers @ Chicago Bulls,2025-12-18T01:10:00Z,,2025-12-17T17:00:36Z,0.1,2025-12-17 12:00:41 ET,-158.0,118.0
a9cbe798da439bd9d012976f7738591b,Lonzo Ball,player_rebounds,4.5,fanduel,Cleveland Cavaliers @ Chicago Bulls,2025-12-18T01:10:00Z,,2025-12-17T17:00:36Z,0.1,2025-12-17 12:00:41 ET,118.0,-158.0
a9cbe798da439bd9d012976f7738591b,Darius Garland,player_rebounds,2.5,fanduel,Cleveland Cavaliers @ Chicago Bulls,2025-12-18T01:10:00Z,,2025-12-17T17:00:36Z,0.1,2025-12-17 12:00:41 ET,-154.0,116.0
a9cbe798da439bd9d012976f7738591b,Josh Giddey,player_rebounds,8.5,fanduel,Cleveland Cavaliers @ Chicago Bulls,2025-12-18T01:10:00Z,,2025-12-17T17:00:36Z,0.1,2025-12-17 12:00:41 ET,116.0,-154.0
a9cbe798da439bd9d012976f7738591b,De'Andre Hunter,player_rebounds,4.5,fanduel,Cleveland Cavaliers @ Chicago Bulls,2025-12-18T01:10:00Z,,2025-12-17T17:00:36Z,0.1,2025-12-17 12:00:41 ET,134.0,-180.0
a9cbe798da439bd9d012976f7738591b,Donovan Mitchell,player_steals,1.5,fanduel,Cleveland Cavaliers @ Chicago Bulls,2025-12-18T01:10:00Z,,2025-12-17T17:00:35Z,0.12,2025-12-17 12:00:41 ET,116.0,-158.0
a9cbe798da439bd9d012976f7738591b,Darius Garland,player_steals,1.5,fanduel,Cleveland Cavaliers @ Chicago Bulls,2025-12-18T01:10:00Z,,2025-12-17T17:00:35Z,0.12,2025-12-17 12:00:41 ET,178.0,-245.0
a9cbe798da439bd9d012976f7738591b,Nikola Vucevic,player_threes,1.5,fanduel,Cleveland Cavaliers @ Chicago Bulls,2025-12-18T01:10:00Z,,2025-12-17T17:00:36Z,0.1,2025-12-17 12:00:41 ET,100.0,-132.0
a9cbe798da439bd9d012976f7738591b,Coby White,player_threes,2.5,fanduel,Cleveland Cavaliers @ Chicago Bulls,2025-12-18T01:10:00Z,,2025-12-17T17:00:36Z,0.1,2025-12-17 12:00:41 ET,-102.0,-130.0
a9cbe798da439bd9d012976f7738591b,Donovan Mitchell,player_threes,3.5,fanduel,Cleveland Cavaliers @ Chicago Bulls,2025-12-18T01:10:00Z,,2025-12-17T17:00:36Z,0.1,2025-12-17 12:00:41 ET,-130.0,-102.0
a9cbe798da439bd9d012976f7738591b,Jaylon Tyson,player_threes,1.5,fanduel,Cleveland Cavaliers @ Chicago Bulls,2025-12-18T01:10:00Z,,2025-12-17T17:00:36Z,0.1,2025-12-17 12:00:41 ET,-114.0,-114.0
a9cbe798da439bd9d012976f7738591b,Ayo Dosunmu,player_threes,1.5,fanduel,Cleveland Cavaliers @ Chicago Bulls,2025-12-18T01:10:00Z,,2025-12-17T17:00:36Z,0.1,2025-12-17 12:00:41 ET,126.0,-168.0
a9cbe798da439bd9d012976f7738591b,Kevin Huerter,player_threes,1.5,fanduel,Cleveland Cavaliers @ Chicago Bulls,2025-12-18T01:10:00Z,,2025-12-17T17:00:36Z,0.1,2025-12-17 12:00:41 ET,108.0,-144.0
a9cbe798da439bd9d012976f7738591b,Darius Garland,player_threes,2.5,fanduel,Cleveland Cavaliers @ Chicago Bulls,2025-12-18T01:10:00Z,,2025-12-17T17:00:36Z,0.1,2025-12-17 12:00:41 ET,-102.0,-130.0
a9cbe798da439bd9d012976f7738591b,Josh Giddey,player_threes,1.5,fanduel,Cleveland Cavaliers @ Chicago Bulls,2025-12-18T01:10:00Z,,2025-12-17T17:00:36Z,0.1,2025-12-17 12:00:41 ET,-130.0,-102.0
a9cbe798da439bd9d012976f7738591b,Lonzo Ball,player_threes,1.5,fanduel,Cleveland Cavaliers @ Chicago Bulls,2025-12-18T01:10:00Z,,2025-12-17T17:00:36Z,0.1,2025-12-17 12:00:41 ET,102.0,-136.0
a9cbe798da439bd9d012976f7738591b,Matas Buzelis,player_threes,1.5,fanduel,Cleveland Cavaliers @ Chicago Bulls,2025-12-18T01:10:00Z,,2025-12-17T17:00:36Z,0.1,2025-12-17 12:00:41 ET,148.0,-200.0
a9cbe798da439bd9d012976f7738591b,De'Andre Hunter,player_threes,1.5,fanduel,Cleveland Cavaliers @ Chicago Bulls,2025-12-18T01:10:00Z,,2025-12-17T17:00:36Z,0.1,2025-12-17 12:00:41 ET,-188.0,140.0
a9cbe798da439bd9d012976f7738591b,Josh Giddey,player_triple_double,,fanduel,Cleveland Cavaliers @ Chicago Bulls,2025-12-18T01:10:00Z,,2025-12-17T17:00:36Z,0.1,2025-12-17 12:00:41 ET,,
a9cbe798da439bd9d012976f7738591b,Josh Giddey,player_assists,8.5,fanatics,Cleveland Cavaliers @ Chicago Bulls,2025-12-18T01:10:00Z,,2025-12-17T17:00:41Z,0.02,2025-12-17 12:00:41 ET,100.0,-130.0
a9cbe798da439bd9d012976f7738591b,Coby White,player_double_double,,fanatics,Cleveland Cavaliers @ Chicago Bulls,2025-12-18T01:10:00Z,,2025-12-17T17:00:41Z,0.02,2025-12-17 12:00:41 ET,,
a9cbe798da439bd9d012976f7738591b,Josh Giddey,player_double_double,,fanatics,Cleveland Cavaliers @ Chicago Bulls,2025-12-18T01:10:00Z,,2025-12-17T17:00:41Z,0.02,2025-12-17 12:00:41 ET,,
a9cbe798da439bd9d012976f7738591b,Donovan Mitchell,player_double_double,,fanatics,Cleveland Cavaliers @ Chicago Bulls,2025-12-18T01:10:00Z,,2025-12-17T17:00:41Z,0.02,2025-12-17 12:00:41 ET,,
a9cbe798da439bd9d012976f7738591b,Darius Garland,player_double_double,,fanatics,Cleveland Cavaliers @ Chicago Bulls,2025-12-18T01:10:00Z,,2025-12-17T17:00:41Z,0.02,2025-12-17 12:00:41 ET,,
a9cbe798da439bd9d012976f7738591b,Dean Wade,player_double_double,,fanatics,Cleveland Cavaliers @ Chicago Bulls,2025-12-18T01:10:00Z,,2025-12-17T17:00:41Z,0.02,2025-12-17 12:00:41 ET,,
a9cbe798da439bd9d012976f7738591b,Lonzo Ball,player_double_double,,fanatics,Cleveland Cavaliers @ Chicago Bulls,2025-12-18T01:10:00Z,,2025-12-17T17:00:41Z,0.02,2025-12-17 12:00:41 ET,,
a9cbe798da439bd9d012976f7738591b,Nikola Vucevic,player_double_double,,fanatics,Cleveland Cavaliers @ Chicago Bulls,2025-12-18T01:10:00Z,,2025-12-17T17:00:41Z,0.02,2025-12-17 12:00:41 ET,,
a9cbe798da439bd9d012976f7738591b,Matas Buzelis,player_double_double,,fanatics,Cleveland Cavaliers @ Chicago Bulls,2025-12-18T01:10:00Z,,2025-12-17T17:00:41Z,0.02,2025-12-17 12:00:41 ET,,
a9cbe798da439bd9d012976f7738591b,De'Andre Hunter,player_double_double,,fanatics,Cleveland Cavaliers @ Chicago Bulls,2025-12-18T01:10:00Z,,2025-12-17T17:00:41Z,0.02,2025-12-17 12:00:41 ET,,
a9cbe798da439bd9d012976f7738591b,Jarrett Allen,player_double_double,,fanatics,Cleveland Cavaliers @ Chicago Bulls,2025-12-18T01:10:00Z,,2025-12-17T17:00:41Z,0.02,2025-12-17 12:00:41 ET,,
a9cbe798da439bd9d012976f7738591b,Jaylon Tyson,player_double_double,,fanatics,Cleveland Cavaliers @ Chicago Bulls,2025-12-18T01:10:00Z,,2025-12-17T17:00:41Z,0.02,2025-12-17 12:00:41 ET,,
a9cbe798da439bd9d012976f7738591b,Thomas Bryant,player_double_double,,fanatics,Cleveland Cavaliers @ Chicago Bulls,2025-12-18T01:10:00Z,,2025-12-17T17:00:41Z,0.02,2025-12-17 12:00:41 ET,,
a9cbe798da439bd9d012976f7738591b,Lonzo Ball,player_points,6.5,fanatics,Cleveland Cavaliers @ Chicago Bulls,2025-12-18T01:10:00Z,,2025-12-17T17:00:41Z,0.02,2025-12-17 12:00:41 ET,-115.0,-115.0
a9cbe798da439bd9d012976f7738591b,Tre Jones,player_points_rebounds_assists,15.5,fanatics,Cleveland Cavaliers @ Chicago Bulls,2025-12-18T01:10:00Z,,2025-12-17T17:00:41Z,0.02,2025-12-17 12:00:41 ET,-115.0,-115.0
a9cbe798da439bd9d012976f7738591b,Coby White,player_rebounds,3.5,fanatics,Cleveland Cavaliers @ Chicago Bulls,2025-12-18T01:10:00Z,,2025-12-17T17:00:41Z,0.02,2025-12-17 12:00:41 ET,105.0,-140.0
a9cbe798da439bd9d012976f7738591b,Josh Giddey,player_threes,1.5,fanatics,Cleveland Cavaliers @ Chicago Bulls,2025-12-18T01:10:00Z,,2025-12-17T17:00:41Z,0.02,2025-12-17 12:00:41 ET,-125.0,-105.0
a9cbe798da439bd9d012976f7738591b,Josh Giddey,player_triple_double,,fanatics,Cleveland Cavaliers @ Chicago Bulls,2025-12-18T01:10:00Z,,2025-12-17T17:00:41Z,0.02,2025-12-17 12:00:41 ET,,
a9cbe798da439bd9d012976f7738591b,Josh Giddey,player_assists,8.5,draftkings,Cleveland Cavaliers @ Chicago Bulls,2025-12-18T01:10:00Z,,2025-12-17T17:00:16Z,0.43,2025-12-17 12:00:41 ET,-111.0,-119.0
a9cbe798da439bd9d012976f7738591b,Darius Garland,player_assists,7.5,draftkings,Cleveland Cavaliers @ Chicago Bulls,2025-12-18T01:10:00Z,,2025-12-17T17:00:16Z,0.43,2025-12-17 12:00:41 ET,111.0,-146.0
a9cbe798da439bd9d012976f7738591b,Donovan Mitchell,player_assists,5.5,draftkings,Cleveland Cavaliers @ Chicago Bulls,2025-12-18T01:10:00Z,,2025-12-17T17:00:16Z,0.43,2025-12-17 12:00:41 ET,-113.0,-116.0
a9cbe798da439bd9d012976f7738591b,Coby White,player_assists,4.5,draftkings,Cleveland Cavaliers @ Chicago Bulls,2025-12-18T01:10:00Z,,2025-12-17T17:00:16Z,0.43,2025-12-17 12:00:41 ET,121.0,-160.0
a9cbe798da439bd9d012976f7738591b,Lonzo Ball,player_assists,3.5,draftkings,Cleveland Cavaliers @ Chicago Bulls,2025-12-18T01:10:00Z,,2025-12-17T17:00:16Z,0.43,2025-12-17 12:00:41 ET,-157.0,119.0
a9cbe798da439bd9d012976f7738591b,Tre Jones,player_assists,3.5,draftkings,Cleveland Cavaliers @ Chicago Bulls,2025-12-18T01:10:00Z,,2025-12-17T17:00:16Z,0.43,2025-12-17 12:00:41 ET,-154.0,117.0
a9cbe798da439bd9d012976f7738591b,Nikola Vucevic,player_assists,2.5,draftkings,Cleveland Cavaliers @ Chicago Bulls,2025-12-18T01:10:00Z,,2025-12-17T17:00:16Z,0.43,2025-12-17 12:00:41 ET,-169.0,128.0
a9cbe798da439bd9d012976f7738591b,Ayo Dosunmu,player_assists,2.5,draftkings,Cleveland Cavaliers @ Chicago Bulls,2025-12-18T01:10:00Z,,2025-12-17T17:00:16Z,0.43,2025-12-17 12:00:41 ET,-124.0,-106.0
a9cbe798da439bd9d012976f7738591b,Jaylon Tyson,player_assists,1.5,draftkings,Cleveland Cavaliers @ Chicago Bulls,2025-12-18T01:10:00Z,,2025-12-17T17:00:16Z,0.43,2025-12-17 12:00:41 ET,-178.0,134.0
a9cbe798da439bd9d012976f7738591b,Jarrett Allen,player_assists,1.5,draftkings,Cleveland Cavaliers @ Chicago Bulls,2025-12-18T01:10:00Z,,2025-12-17T17:00:16Z,0.43,2025-12-17 12:00:41 ET,-165.0,125.0
a9cbe798da439bd9d012976f7738591b,Matas Buzelis,player_assists,1.5,draftkings,Cleveland Cavaliers @ Chicago Bulls,2025-12-18T01:10:00Z,,2025-12-17T17:00:16Z,0.43,2025-12-17 12:00:41 ET,-137.0,104.0
a9cbe798da439bd9d012976f7738591b,De'Andre Hunter,player_assists,1.5,draftkings,Cleveland Cavaliers @ Chicago Bulls,2025-12-18T01:10:00Z,,2025-12-17T17:00:16Z,0.43,2025-12-17 12:00:41 ET,-113.0,-116.0
a9cbe798da439bd9d012976f7738591b,Matas Buzelis,player_blocks,1.5,draftkings,Cleveland Cavaliers @ Chicago Bulls,2025-12-18T01:10:00Z,,2025-12-17T17:00:16Z,0.43,2025-12-17 12:00:41 ET,148.0,-198.0
a9cbe798da439bd9d012976f7738591b,Nikola Vucevic,player_blocks,0.5,draftkings,Cleveland Cavaliers @ Chicago Bulls,2025-12-18T01:10:00Z,,2025-12-17T17:00:16Z,0.43,2025-12-17 12:00:41 ET,233.0,-322.0
a9cbe798da439bd9d012976f7738591b,Josh Giddey,player_double_double,,draftkings,Cleveland Cavaliers @ Chicago Bulls,2025-12-18T01:10:00Z,,2025-12-17T17:00:16Z,0.43,2025-12-17 12:00:41 ET,,
a9cbe798da439bd9d012976f7738591b,Jarrett Allen,player_double_double,,draftkings,Cleveland Cavaliers @ Chicago Bulls,2025-12-18T01:10:00Z,,2025-12-17T17:00:16Z,0.43,2025-12-17 12:00:41 ET,,
a9cbe798da439bd9d012976f7738591b,Nikola Vucevic,player_double_double,,draftkings,Cleveland Cavaliers @ Chicago Bulls,2025-12-18T01:10:00Z,,2025-12-17T17:00:16Z,0.43,2025-12-17 12:00:41 ET,,
a9cbe798da439bd9d012976f7738591b,Darius Garland,player_double_double,,draftkings,Cleveland Cavaliers @ Chicago Bulls,2025-12-18T01:10:00Z,,2025-12-17T17:00:16Z,0.43,2025-12-17 12:00:41 ET,,
a9cbe798da439bd9d012976f7738591b,Jaylon Tyson,player_double_double,,draftkings,Cleveland Cavaliers @ Chicago Bulls,2025-12-18T01:10:00Z,,2025-12-17T17:00:16Z,0.43,2025-12-17 12:00:41 ET,,
a9cbe798da439bd9d012976f7738591b,Donovan Mitchell,player_double_double,,draftkings,Cleveland Cavaliers @ Chicago Bulls,2025-12-18T01:10:00Z,,2025-12-17T17:00:16Z,0.43,2025-12-17 12:00:41 ET,,
a9cbe798da439bd9d012976f7738591b,Matas Buzelis,player_double_double,,draftkings,Cleveland Cavaliers @ Chicago Bulls,2025-12-18T01:10:00Z,,2025-12-17T17:00:16Z,0.43,2025-12-17 12:00:41 ET,,
a9cbe798da439bd9d012976f7738591b,Dean Wade,player_double_double,,draftkings,Cleveland Cavaliers @ Chicago Bulls,2025-12-18T01:10:00Z,,2025-12-17T17:00:16Z,0.43,2025-12-17 12:00:41 ET,,
a9cbe798da439bd9d012976f7738591b,Lonzo Ball,player_double_double,,draftkings,Cleveland Cavaliers @ Chicago Bulls,2025-12-18T01:10:00Z,,2025-12-17T17:00:16Z,0.43,2025-12-17 12:00:41 ET,,
a9cbe798da439bd9d012976f7738591b,Coby White,player_double_double,,draftkings,Cleveland Cavaliers @ Chicago Bulls,2025-12-18T01:10:00Z,,2025-12-17T17:00:16Z,0.43,2025-12-17 12:00:41 ET,,
a9cbe798da439bd9d012976f7738591b,De'Andre Hunter,player_double_double,,draftkings,Cleveland Cavaliers @ Chicago Bulls,2025-12-18T01:10:00Z,,2025-12-17T17:00:16Z,0.43,2025-12-17 12:00:41 ET,,
a9cbe798da439bd9d012976f7738591b,Tre Jones,player_double_double,,draftkings,Cleveland Cavaliers @ Chicago Bulls,2025-12-18T01:10:00Z,,2025-12-17T17:00:16Z,0.43,2025-12-17 12:00:41 ET,,
a9cbe798da439bd9d012976f7738591b,Donovan Mitchell,player_points,31.5,draftkings,Cleveland Cavaliers @ Chicago Bulls,2025-12-18T01:10:00Z,,2025-12-17T17:00:16Z,0.43,2025-12-17 12:00:41 ET,-109.0,-117.0
a9cbe798da439bd9d012976f7738591b,Coby White,player_points,22.5,draftkings,Cleveland Cavaliers @ Chicago Bulls,2025-12-18T01:10:00Z,,2025-12-17T17:00:16Z,0.43,2025-12-17 12:00:41 ET,-110.0,-116.0
a9cbe798da439bd9d012976f7738591b,Darius Garland,player_points,20.5,draftkings,Cleveland Cavaliers @ Chicago Bulls,2025-12-18T01:10:00Z,,2025-12-17T17:00:16Z,0.43,2025-12-17 12:00:41 ET,-108.0,-118.0
a9cbe798da439bd9d012976f7738591b,Josh Giddey,player_points,19.5,draftkings,Cleveland Cavaliers @ Chicago Bulls,2025-12-18T01:10:00Z,,2025-12-17T17:00:16Z,0.43,2025-12-17 12:00:41 ET,-109.0,-117.0
a9cbe798da439bd9d012976f7738591b,Nikola Vucevic,player_points,14.5,draftkings,Cleveland Cavaliers @ Chicago Bulls,2025-12-18T01:10:00Z,,2025-12-17T17:00:16Z,0.43,2025-12-17 12:00:41 ET,-117.0,-109.0
a9cbe798da439bd9d012976f7738591b,De'Andre Hunter,player_points,14.5,draftkings,Cleveland Cavaliers @ Chicago Bulls,2025-12-18T01:10:00Z,,2025-12-17T17:00:16Z,0.43,2025-12-17 12:00:41 ET,-115.0,-110.0
a9cbe798da439bd9d012976f7738591b,Jarrett Allen,player_points,13.5,draftkings,Cleveland Cavaliers @ Chicago Bulls,2025-12-18T01:10:00Z,,2025-12-17T17:00:16Z,0.43,2025-12-17 12:00:41 ET,-130.0,102.0
a9cbe798da439bd9d012976f7738591b,Jaylon Tyson,player_points,13.5,draftkings,Cleveland Cavaliers @ Chicago Bulls,2025-12-18T01:10:00Z,,2025-12-17T17:00:16Z,0.43,2025-12-17 12:00:41 ET,-107.0,-119.0
a9cbe798da439bd9d012976f7738591b,Matas Buzelis,player_points,12.5,draftkings,Cleveland Cavaliers @ Chicago Bulls,2025-12-18T01:10:00Z,,2025-12-17T17:00:16Z,0.43,2025-12-17 12:00:41 ET,-105.0,-122.0
a9cbe798da439bd9d012976f7738591b,Ayo Dosunmu,player_points,10.5,draftkings,Cleveland Cavaliers @ Chicago Bulls,2025-12-18T01:10:00Z,,2025-12-17T17:00:16Z,0.43,2025-12-17 12:00:41 ET,-121.0,-105.0
a9cbe798da439bd9d012976f7738591b,Kevin Huerter,player_points,9.5,draftkings,Cleveland Cavaliers @ Chicago Bulls,2025-12-18T01:10:00Z,,2025-12-17T17:00:16Z,0.43,2025-12-17 12:00:41 ET,-118.0,-108.0
a9cbe798da439bd9d012976f7738591b,Tre Jones,player_points,9.5,draftkings,Cleveland Cavaliers @ Chicago Bulls,2025-12-18T01:10:00Z,,2025-12-17T17:00:16Z,0.43,2025-12-17 12:00:41 ET,-111.0,-115.0
a9cbe798da439bd9d012976f7738591b,Isaac Okoro,player_points,7.5,draftkings,Cleveland Cavaliers @ Chicago Bulls,2025-12-18T01:10:00Z,,2025-12-17T17:00:16Z,0.43,2025-12-17 12:00:41 ET,-110.0,-116.0
a9cbe798da439bd9d012976f7738591b,Lonzo Ball,player_points,6.5,draftkings,Cleveland Cavaliers @ Chicago Bulls,2025-12-18T01:10:00Z,,2025-12-17T17:00:16Z,0.43,2025-12-17 12:00:41 ET,-120.0,-107.0
a9cbe798da439bd9d012976f7738591b,Dean Wade,player_points,6.5,draftkings,Cleveland Cavaliers @ Chicago Bulls,2025-12-18T01:10:00Z,,2025-12-17T17:00:16Z,0.43,2025-12-17 12:00:41 ET,-113.0,-112.0
a9cbe798da439bd9d012976f7738591b,Donovan Mitchell,player_points_rebounds_assists,41.5,draftkings,Cleveland Cavaliers @ Chicago Bulls,2025-12-18T01:10:00Z,,2025-12-17T17:00:16Z,0.43,2025-12-17 12:00:41 ET,-116.0,-113.0
a9cbe798da439bd9d012976f7738591b,Josh Giddey,player_points_rebounds_assists,36.5,draftkings,Cleveland Cavaliers @ Chicago Bulls,2025-12-18T01:10:00Z,,2025-12-17T17:00:16Z,0.43,2025-12-17 12:00:41 ET,-110.0,-119.0
a9cbe798da439bd9d012976f7738591b,Darius Garland,player_points_rebounds_assists,30.5,draftkings,Cleveland Cavaliers @ Chicago Bulls,2025-12-18T01:10:00Z,,2025-12-17T17:00:16Z,0.43,2025-12-17 12:00:41 ET,-120.0,-110.0
a9cbe798da439bd9d012976f7738591b,Coby White,player_points_rebounds_assists,30.5,draftkings,Cleveland Cavaliers @ Chicago Bulls,2025-12-18T01:10:00Z,,2025-12-17T17:00:16Z,0.43,2025-12-17 12:00:41 ET,-106.0,-124.0
a9cbe798da439bd9d012976f7738591b,Nikola Vucevic,player_points_rebounds_assists,26.5,draftkings,Cleveland Cavaliers @ Chicago Bulls,2025-12-18T01:10:00Z,,2025-12-17T17:00:16Z,0.43,2025-12-17 12:00:41 ET,-107.0,-123.0
a9cbe798da439bd9d012976f7738591b,Jarrett Allen,player_points_rebounds_assists,25.5,draftkings,Cleveland Cavaliers @ Chicago Bulls,2025-12-18T01:10:00Z,,2025-12-17T17:00:16Z,0.43,2025-12-17 12:00:41 ET,-112.0,-117.0
a9cbe798da439bd9d012976f7738591b,Jaylon Tyson,player_points_rebounds_assists,22.5,draftkings,Cleveland Cavaliers @ Chicago Bulls,2025-12-18T01:10:00Z,,2025-12-17T17:00:16Z,0.43,2025-12-17 12:00:41 ET,-110.0,-120.0
a9cbe798da439bd9d012976f7738591b,De'Andre Hunter,player_points_rebounds_assists,20.5,draftkings,Cleveland Cavaliers @ Chicago Bulls,2025-12-18T01:10:00Z,,2025-12-17T17:00:16Z,0.43,2025-12-17 12:00:41 ET,-118.0,-111.0
a9cbe798da439bd9d012976f7738591b,Matas Buzelis,player_points_rebounds_assists,19.5,draftkings,Cleveland Cavaliers @ Chicago Bulls,2025-12-18T01:10:00Z,,2025-12-17T17:00:16Z,0.43,2025-12-17 12:00:41 ET,-111.0,-118.0
a9cbe798da439bd9d012976f7738591b,Ayo Dosunmu,player_points_rebounds_assists,16.5,draftkings,Cleveland Cavaliers @ Chicago Bulls,2025-12-18T01:10:00Z,,2025-12-17T17:00:16Z,0.43,2025-12-17 12:00:41 ET,-115.0,-115.0
a9cbe798da439bd9d012976f7738591b,Tre Jones,player_points_rebounds_assists,15.5,draftkings,Cleveland Cavaliers @ Chicago Bulls,2025-12-18T01:10:00Z,,2025-12-17T17:00:16Z,0.43,2025-12-17 12:00:41 ET,-120.0,-109.0
a9cbe798da439bd9d012976f7738591b,Lonzo Ball,player_points_rebounds_assists,15.5,draftkings,Cleveland Cavaliers @ Chicago Bulls,2025-12-18T01:10:00Z,,2025-12-17T17:00:16Z,0.43,2025-12-17 12:00:41 ET,-116.0,-113.0
a9cbe798da439bd9d012976f7738591b,Jarrett Allen,player_rebounds,9.5,draftkings,Cleveland Cavaliers @ Chicago Bulls,2025-12-18T01:10:00Z,,2025-12-17T17:00:16Z,0.43,2025-12-17 12:00:41 ET,103.0,-136.0
a9cbe798da439bd9d012976f7738591b,Nikola Vucevic,player_rebounds,8.5,draftkings,Cleveland Cavaliers @ Chicago Bulls,2025-12-18T01:10:00Z,,2025-12-17T17:00:16Z,0.43,2025-12-17 12:00:41 ET,104.0,-137.0
a9cbe798da439bd9d012976f7738591b,Josh Giddey,player_rebounds,7.5,draftkings,Cleveland Cavaliers @ Chicago Bulls,2025-12-18T01:10:00Z,,2025-12-17T17:00:16Z,0.43,2025-12-17 12:00:41 ET,-145.0,110.0
a9cbe798da439bd9d012976f7738591b,Jaylon Tyson,player_rebounds,6.5,draftkings,Cleveland Cavaliers @ Chicago Bulls,2025-12-18T01:10:00Z,,2025-12-17T17:00:16Z,0.43,2025-12-17 12:00:41 ET,-124.0,-106.0
a9cbe798da439bd9d012976f7738591b,Matas Buzelis,player_rebounds,5.5,draftkings,Cleveland Cavaliers @ Chicago Bulls,2025-12-18T01:10:00Z,,2025-12-17T17:00:16Z,0.43,2025-12-17 12:00:41 ET,116.0,-153.0
a9cbe798da439bd9d012976f7738591b,Dean Wade,player_rebounds,4.5,draftkings,Cleveland Cavaliers @ Chicago Bulls,2025-12-18T01:10:00Z,,2025-12-17T17:00:16Z,0.43,2025-12-17 12:00:41 ET,-133.0,101.0
a9cbe798da439bd9d012976f7738591b,Donovan Mitchell,player_rebounds,4.5,draftkings,Cleveland Cavaliers @ Chicago Bulls,2025-12-18T01:10:00Z,,2025-12-17T17:00:16Z,0.43,2025-12-17 12:00:41 ET,-113.0,-117.0
a9cbe798da439bd9d012976f7738591b,Lonzo Ball,player_rebounds,4.5,draftkings,Cleveland Cavaliers @ Chicago Bulls,2025-12-18T01:10:00Z,,2025-12-17T17:00:16Z,0.43,2025-12-17 12:00:41 ET,107.0,-142.0
a9cbe798da439bd9d012976f7738591b,De'Andre Hunter,player_rebounds,4.5,draftkings,Cleveland Cavaliers @ Chicago Bulls,2025-12-18T01:10:00Z,,2025-12-17T17:00:16Z,0.43,2025-12-17 12:00:41 ET,119.0,-157.0
a9cbe798da439bd9d012976f7738591b,Coby White,player_rebounds,3.5,draftkings,Cleveland Cavaliers @ Chicago Bulls,2025-12-18T01:10:00Z,,2025-12-17T17:00:16Z,0.43,2025-12-17 12:00:41 ET,105.0,-139.0
a9cbe798da439bd9d012976f7738591b,Darius Garland,player_rebounds,2.5,draftkings,Cleveland Cavaliers @ Chicago Bulls,2025-12-18T01:10:00Z,,2025-12-17T17:00:16Z,0.43,2025-12-17 12:00:41 ET,-155.0,118.0
a9cbe798da439bd9d012976f7738591b,Ayo Dosunmu,player_rebounds,2.5,draftkings,Cleveland Cavaliers @ Chicago Bulls,2025-12-18T01:10:00Z,,2025-12-17T17:00:16Z,0.43,2025-12-17 12:00:41 ET,-144.0,110.0
a9cbe798da439bd9d012976f7738591b,Kevin Huerter,player_rebounds,2.5,draftkings,Cleveland Cavaliers @ Chicago Bulls,2025-12-18T01:10:00Z,,2025-12-17T17:00:16Z,0.43,2025-12-17 12:00:41 ET,106.0,-140.0
a9cbe798da439bd9d012976f7738591b,Isaac Okoro,player_rebounds,2.5,draftkings,Cleveland Cavaliers @ Chicago Bulls,2025-12-18T01:10:00Z,,2025-12-17T17:00:16Z,0.43,2025-12-17 12:00:41 ET,108.0,-142.0
a9cbe798da439bd9d012976f7738591b,Tre Jones,player_rebounds,2.5,draftkings,Cleveland Cavaliers @ Chicago Bulls,2025-12-18T01:10:00Z,,2025-12-17T17:00:16Z,0.43,2025-12-17 12:00:41 ET,142.0,-188.0
a9cbe798da439bd9d012976f7738591b,Donovan Mitchell,player_steals,1.5,draftkings,Cleveland Cavaliers @ Chicago Bulls,2025-12-18T01:10:00Z,,2025-12-17T17:00:16Z,0.43,2025-12-17 12:00:41 ET,104.0,-139.0
a9cbe798da439bd9d012976f7738591b,Darius Garland,player_steals,1.5,draftkings,Cleveland Cavaliers @ Chicago Bulls,2025-12-18T01:10:00Z,,2025-12-17T17:00:16Z,0.43,2025-12-17 12:00:41 ET,173.0,-234.0
a9cbe798da439bd9d012976f7738591b,Tre Jones,player_steals,0.5,draftkings,Cleveland Cavaliers @ Chicago Bulls,2025-12-18T01:10:00Z,,2025-12-17T17:00:16Z,0.43,2025-12-17 12:00:41 ET,-236.0,175.0
a9cbe798da439bd9d012976f7738591b,Josh Giddey,player_steals,0.5,draftkings,Cleveland Cavaliers @ Chicago Bulls,2025-12-18T01:10:00Z,,2025-12-17T17:00:16Z,0.43,2025-12-17 12:00:41 ET,-199.0,149.0
a9cbe798da439bd9d012976f7738591b,Coby White,player_steals,0.5,draftkings,Cleveland Cavaliers @ Chicago Bulls,2025-12-18T01:10:00Z,,2025-12-17T17:00:16Z,0.43,2025-12-17 12:00:41 ET,-162.0,121.0
a9cbe798da439bd9d012976f7738591b,Nikola Vucevic,player_steals,0.5,draftkings,Cleveland Cavaliers @ Chicago Bulls,2025-12-18T01:10:00Z,,2025-12-17T17:00:16Z,0.43,2025-12-17 12:00:41 ET,-159.0,119.0
a9cbe798da439bd9d012976f7738591b,Matas Buzelis,player_steals,0.5,draftkings,Cleveland Cavaliers @ Chicago Bulls,2025-12-18T01:10:00Z,,2025-12-17T17:00:16Z,0.43,2025-12-17 12:00:41 ET,-155.0,117.0
a9cbe798da439bd9d012976f7738591b,Donovan Mitchell,player_threes,3.5,draftkings,Cleveland Cavaliers @ Chicago Bulls,2025-12-18T01:10:00Z,,2025-12-17T17:00:16Z,0.43,2025-12-17 12:00:41 ET,-135.0,102.0
a9cbe798da439bd9d012976f7738591b,Coby White,player_threes,2.5,draftkings,Cleveland Cavaliers @ Chicago Bulls,2025-12-18T01:10:00Z,,2025-12-17T17:00:16Z,0.43,2025-12-17 12:00:41 ET,103.0,-136.0
a9cbe798da439bd9d012976f7738591b,Darius Garland,player_threes,2.5,draftkings,Cleveland Cavaliers @ Chicago Bulls,2025-12-18T01:10:00Z,,2025-12-17T17:00:16Z,0.43,2025-12-17 12:00:41 ET,107.0,-141.0
a9cbe798da439bd9d012976f7738591b,De'Andre Hunter,player_threes,1.5,draftkings,Cleveland Cavaliers @ Chicago Bulls,2025-12-18T01:10:00Z,,2025-12-17T17:00:16Z,0.43,2025-12-17 12:00:41 ET,-173.0,131.0
a9cbe798da439bd9d012976f7738591b,Josh Giddey,player_threes,1.5,draftkings,Cleveland Cavaliers @ Chicago Bulls,2025-12-18T01:10:00Z,,2025-12-17T17:00:16Z,0.43,2025-12-17 12:00:41 ET,-134.0,102.0
a9cbe798da439bd9d012976f7738591b,Jaylon Tyson,player_threes,1.5,draftkings,Cleveland Cavaliers @ Chicago Bulls,2025-12-18T01:10:00Z,,2025-12-17T17:00:16Z,0.43,2025-12-17 12:00:41 ET,-119.0,-111.0
a9cbe798da439bd9d012976f7738591b,Nikola Vucevic,player_threes,1.5,draftkings,Cleveland Cavaliers @ Chicago Bulls,2025-12-18T01:10:00Z,,2025-12-17T17:00:16Z,0.43,2025-12-17 12:00:41 ET,-107.0,-123.0
a9cbe798da439bd9d012976f7738591b,Kevin Huerter,player_threes,1.5,draftkings,Cleveland Cavaliers @ Chicago Bulls,2025-12-18T01:10:00Z,,2025-12-17T17:00:16Z,0.43,2025-12-17 12:00:41 ET,103.0,-136.0
a9cbe798da439bd9d012976f7738591b,Lonzo Ball,player_threes,1.5,draftkings,Cleveland Cavaliers @ Chicago Bulls,2025-12-18T01:10:00Z,,2025-12-17T17:00:16Z,0.43,2025-12-17 12:00:41 ET,105.0,-138.0
a9cbe798da439bd9d012976f7738591b,Ayo Dosunmu,player_threes,1.5,draftkings,Cleveland Cavaliers @ Chicago Bulls,2025-12-18T01:10:00Z,,2025-12-17T17:00:16Z,0.43,2025-12-17 12:00:41 ET,122.0,-162.0
a9cbe798da439bd9d012976f7738591b,Matas Buzelis,player_threes,1.5,draftkings,Cleveland Cavaliers @ Chicago Bulls,2025-12-18T01:10:00Z,,2025-12-17T17:00:16Z,0.43,2025-12-17 12:00:41 ET,144.0,-191.0
a9cbe798da439bd9d012976f7738591b,Josh Giddey,player_triple_double,,draftkings,Cleveland Cavaliers @ Chicago Bulls,2025-12-18T01:10:00Z,,2025-12-17T17:00:16Z,0.43,2025-12-17 12:00:41 ET,,
a9cbe798da439bd9d012976f7738591b,Lonzo Ball,player_assists,3.5,williamhill_us,Cleveland Cavaliers @ Chicago Bulls,2025-12-18T01:10:00Z,,2025-12-17T16:59:58Z,0.73,2025-12-17 12:00:41 ET,-175.0,125.0
a9cbe798da439bd9d012976f7738591b,Tre Jones,player_assists,3.5,williamhill_us,Cleveland Cavaliers @ Chicago Bulls,2025-12-18T01:10:00Z,,2025-12-17T16:59:58Z,0.73,2025-12-17 12:00:41 ET,-152.0,114.0
a9cbe798da439bd9d012976f7738591b,Coby White,player_assists,3.5,williamhill_us,Cleveland Cavaliers @ Chicago Bulls,2025-12-18T01:10:00Z,,2025-12-17T16:59:58Z,0.73,2025-12-17 12:00:41 ET,-170.0,125.0
a9cbe798da439bd9d012976f7738591b,Ayo Dosunmu,player_assists,2.5,williamhill_us,Cleveland Cavaliers @ Chicago Bulls,2025-12-18T01:10:00Z,,2025-12-17T16:59:58Z,0.73,2025-12-17 12:00:41 ET,-120.0,-112.0
a9cbe798da439bd9d012976f7738591b,Jaylon Tyson,player_assists,1.5,williamhill_us,Cleveland Cavaliers @ Chicago Bulls,2025-12-18T01:10:00Z,,2025-12-17T16:59:58Z,0.73,2025-12-17 12:00:41 ET,-173.0,130.0
a9cbe798da439bd9d012976f7738591b,Darius Garland,player_assists,7.5,williamhill_us,Cleveland Cavaliers @ Chicago Bulls,2025-12-18T01:10:00Z,,2025-12-17T16:59:58Z,0.73,2025-12-17 12:00:41 ET,105.0,-137.0
a9cbe798da439bd9d012976f7738591b,Nikola Vucevic,player_assists,2.5,williamhill_us,Cleveland Cavaliers @ Chicago Bulls,2025-12-18T01:10:00Z,,2025-12-17T16:59:58Z,0.73,2025-12-17 12:00:41 ET,-155.0,120.0
a9cbe798da439bd9d012976f7738591b,Jarrett Allen,player_assists,1.5,williamhill_us,Cleveland Cavaliers @ Chicago Bulls,2025-12-18T01:10:00Z,,2025-12-17T16:59:58Z,0.73,2025-12-17 12:00:41 ET,-176.0,130.0
a9cbe798da439bd9d012976f7738591b,Matas Buzelis,player_assists,1.5,williamhill_us,Cleveland Cavaliers @ Chicago Bulls,2025-12-18T01:10:00Z,,2025-12-17T16:59:58Z,0.73,2025-12-17 12:00:41 ET,-130.0,-103.0
a9cbe798da439bd9d012976f7738591b,Donovan Mitchell,player_assists,5.5,williamhill_us,Cleveland Cavaliers @ Chicago Bulls,2025-12-18T01:10:00Z,,2025-12-17T16:59:58Z,0.73,2025-12-17 12:00:41 ET,-109.0,-122.0
a9cbe798da439bd9d012976f7738591b,Josh Giddey,player_assists,8.5,williamhill_us,Cleveland Cavaliers @ Chicago Bulls,2025-12-18T01:10:00Z,,2025-12-17T16:59:58Z,0.73,2025-12-17 12:00:41 ET,-106.0,-127.0
a9cbe798da439bd9d012976f7738591b,De'Andre Hunter,player_assists,1.5,williamhill_us,Cleveland Cavaliers @ Chicago Bulls,2025-12-18T01:10:00Z,,2025-12-17T16:59:58Z,0.73,2025-12-17 12:00:41 ET,-127.0,-105.0
a9cbe798da439bd9d012976f7738591b,Josh Giddey,player_double_double,,williamhill_us,Cleveland Cavaliers @ Chicago Bulls,2025-12-18T01:10:00Z,,2025-12-17T16:59:58Z,0.73,2025-12-17 12:00:41 ET,,
a9cbe798da439bd9d012976f7738591b,Jarrett Allen,player_double_double,,williamhill_us,Cleveland Cavaliers @ Chicago Bulls,2025-12-18T01:10:00Z,,2025-12-17T16:59:58Z,0.73,2025-12-17 12:00:41 ET,,
a9cbe798da439bd9d012976f7738591b,Nikola Vucevic,player_double_double,,williamhill_us,Cleveland Cavaliers @ Chicago Bulls,2025-12-18T01:10:00Z,,2025-12-17T16:59:58Z,0.73,2025-12-17 12:00:41 ET,,
a9cbe798da439bd9d012976f7738591b,Darius Garland,player_double_double,,williamhill_us,Cleveland Cavaliers @ Chicago Bulls,2025-12-18T01:10:00Z,,2025-12-17T16:59:58Z,0.73,2025-12-17 12:00:41 ET,,
a9cbe798da439bd9d012976f7738591b,Jaylon Tyson,player_double_double,,williamhill_us,Cleveland Cavaliers @ Chicago Bulls,2025-12-18T01:10:00Z,,2025-12-17T16:59:58Z,0.73,2025-12-17 12:00:41 ET,,
a9cbe798da439bd9d012976f7738591b,Donovan Mitchell,player_double_double,,williamhill_us,Cleveland Cavaliers @ Chicago Bulls,2025-12-18T01:10:00Z,,2025-12-17T16:59:58Z,0.73,2025-12-17 12:00:41 ET,,
a9cbe798da439bd9d012976f7738591b,Matas Buzelis,player_double_double,,williamhill_us,Cleveland Cavaliers @ Chicago Bulls,2025-12-18T01:10:00Z,,2025-12-17T16:59:58Z,0.73,2025-12-17 12:00:41 ET,,
a9cbe798da439bd9d012976f7738591b,Dean Wade,player_double_double,,williamhill_us,Cleveland Cavaliers @ Chicago Bulls,2025-12-18T01:10:00Z,,2025-12-17T16:59:58Z,0.73,2025-12-17 12:00:41 ET,,
a9cbe798da439bd9d012976f7738591b,Lonzo Ball,player_double_double,,williamhill_us,Cleveland Cavaliers @ Chicago Bulls,2025-12-18T01:10:00Z,,2025-12-17T16:59:58Z,0.73,2025-12-17 12:00:41 ET,,
a9cbe798da439bd9d012976f7738591b,Coby White,player_double_double,,williamhill_us,Cleveland Cavaliers @ Chicago Bulls,2025-12-18T01:10:00Z,,2025-12-17T16:59:58Z,0.73,2025-12-17 12:00:41 ET,,
a9cbe798da439bd9d012976f7738591b,Isaac Okoro,player_points,7.5,williamhill_us,Cleveland Cavaliers @ Chicago Bulls,2025-12-18T01:10:00Z,,2025-12-17T16:59:58Z,0.73,2025-12-17 12:00:41 ET,-112.0,-120.0
a9cbe798da439bd9d012976f7738591b,Tre Jones,player_points,9.5,williamhill_us,Cleveland Cavaliers @ Chicago Bulls,2025-12-18T01:10:00Z,,2025-12-17T16:59:58Z,0.73,2025-12-17 12:00:41 ET,-110.0,-121.0
a9cbe798da439bd9d012976f7738591b,Donovan Mitchell,player_points,31.5,williamhill_us,Cleveland Cavaliers @ Chicago Bulls,2025-12-18T01:10:00Z,,2025-12-17T16:59:58Z,0.73,2025-12-17 12:00:41 ET,-112.0,-120.0
a9cbe798da439bd9d012976f7738591b,De'Andre Hunter,player_points,14.5,williamhill_us,Cleveland Cavaliers @ Chicago Bulls,2025-12-18T01:10:00Z,,2025-12-17T16:59:58Z,0.73,2025-12-17 12:00:41 ET,-120.0,-113.0
a9cbe798da439bd9d012976f7738591b,Josh Giddey,player_points,19.5,williamhill_us,Cleveland Cavaliers @ Chicago Bulls,2025-12-18T01:10:00Z,,2025-12-17T16:59:58Z,0.73,2025-12-17 12:00:41 ET,-107.0,-124.0
a9cbe798da439bd9d012976f7738591b,Coby White,player_points,21.5,williamhill_us,Cleveland Cavaliers @ Chicago Bulls,2025-12-18T01:10:00Z,,2025-12-17T16:59:58Z,0.73,2025-12-17 12:00:41 ET,-124.0,-108.0
a9cbe798da439bd9d012976f7738591b,Nikola Vucevic,player_points,14.5,williamhill_us,Cleveland Cavaliers @ Chicago Bulls,2025-12-18T01:10:00Z,,2025-12-17T16:59:58Z,0.73,2025-12-17 12:00:41 ET,-115.0,-115.0
a9cbe798da439bd9d012976f7738591b,Jarrett Allen,player_points,14.5,williamhill_us,Cleveland Cavaliers @ Chicago Bulls,2025-12-18T01:10:00Z,,2025-12-17T16:59:58Z,0.73,2025-12-17 12:00:41 ET,-115.0,-115.0
a9cbe798da439bd9d012976f7738591b,Darius Garland,player_points,20.5,williamhill_us,Cleveland Cavaliers @ Chicago Bulls,2025-12-18T01:10:00Z,,2025-12-17T16:59:58Z,0.73,2025-12-17 12:00:41 ET,-118.0,-113.0
a9cbe798da439bd9d012976f7738591b,Lonzo Ball,player_points,6.5,williamhill_us,Cleveland Cavaliers @ Chicago Bulls,2025-12-18T01:10:00Z,,2025-12-17T16:59:58Z,0.73,2025-12-17 12:00:41 ET,-121.0,-110.0
a9cbe798da439bd9d012976f7738591b,Matas Buzelis,player_points,12.5,williamhill_us,Cleveland Cavaliers @ Chicago Bulls,2025-12-18T01:10:00Z,,2025-12-17T16:59:58Z,0.73,2025-12-17 12:00:41 ET,-108.0,-124.0
a9cbe798da439bd9d012976f7738591b,Dean Wade,player_points,6.5,williamhill_us,Cleveland Cavaliers @ Chicago Bulls,2025-12-18T01:10:00Z,,2025-12-17T16:59:58Z,0.73,2025-12-17 12:00:41 ET,-124.0,-108.0
a9cbe798da439bd9d012976f7738591b,Thomas Bryant,player_points,5.5,williamhill_us,Cleveland Cavaliers @ Chicago Bulls,2025-12-18T01:10:00Z,,2025-12-17T16:59:58Z,0.73,2025-12-17 12:00:41 ET,-127.0,-106.0
a9cbe798da439bd9d012976f7738591b,Jaylon Tyson,player_points,12.5,williamhill_us,Cleveland Cavaliers @ Chicago Bulls,2025-12-18T01:10:00Z,,2025-12-17T16:59:58Z,0.73,2025-12-17 12:00:41 ET,-136.0,102.0
a9cbe798da439bd9d012976f7738591b,Ayo Dosunmu,player_points,10.5,williamhill_us,Cleveland Cavaliers @ Chicago Bulls,2025-12-18T01:10:00Z,,2025-12-17T16:59:58Z,0.73,2025-12-17 12:00:41 ET,-127.0,-106.0
a9cbe798da439bd9d012976f7738591b,Kevin Huerter,player_points,9.5,williamhill_us,Cleveland Cavaliers @ Chicago Bulls,2025-12-18T01:10:00Z,,2025-12-17T16:59:58Z,0.73,2025-12-17 12:00:41 ET,-113.0,-118.0
a9cbe798da439bd9d012976f7738591b,Donovan Mitchell,player_rebounds,4.5,williamhill_us,Cleveland Cavaliers @ Chicago Bulls,2025-12-18T01:10:00Z,,2025-12-17T16:59:58Z,0.73,2025-12-17 12:00:41 ET,-104.0,-129.0
a9cbe798da439bd9d012976f7738591b,Josh Giddey,player_rebounds,7.5,williamhill_us,Cleveland Cavaliers @ Chicago Bulls,2025-12-18T01:10:00Z,,2025-12-17T16:59:58Z,0.73,2025-12-17 12:00:41 ET,-148.0,111.0
a9cbe798da439bd9d012976f7738591b,Jarrett Allen,player_rebounds,9.5,williamhill_us,Cleveland Cavaliers @ Chicago Bulls,2025-12-18T01:10:00Z,,2025-12-17T16:59:58Z,0.73,2025-12-17 12:00:41 ET,115.0,-152.0
a9cbe798da439bd9d012976f7738591b,Nikola Vucevic,player_rebounds,7.5,williamhill_us,Cleveland Cavaliers @ Chicago Bulls,2025-12-18T01:10:00Z,,2025-12-17T16:59:58Z,0.73,2025-12-17 12:00:41 ET,-170.0,120.0
a9cbe798da439bd9d012976f7738591b,Ayo Dosunmu,player_rebounds,2.5,williamhill_us,Cleveland Cavaliers @ Chicago Bulls,2025-12-18T01:10:00Z,,2025-12-17T16:59:58Z,0.73,2025-12-17 12:00:41 ET,-134.0,101.0
a9cbe798da439bd9d012976f7738591b,Darius Garland,player_rebounds,2.5,williamhill_us,Cleveland Cavaliers @ Chicago Bulls,2025-12-18T01:10:00Z,,2025-12-17T16:59:58Z,0.73,2025-12-17 12:00:41 ET,-160.0,115.0
a9cbe798da439bd9d012976f7738591b,Dean Wade,player_rebounds,4.5,williamhill_us,Cleveland Cavaliers @ Chicago Bulls,2025-12-18T01:10:00Z,,2025-12-17T16:59:58Z,0.73,2025-12-17 12:00:41 ET,-135.0,-102.0
a9cbe798da439bd9d012976f7738591b,Tre Jones,player_rebounds,2.5,williamhill_us,Cleveland Cavaliers @ Chicago Bulls,2025-12-18T01:10:00Z,,2025-12-17T16:59:58Z,0.73,2025-12-17 12:00:41 ET,146.0,-197.0
a9cbe798da439bd9d012976f7738591b,De'Andre Hunter,player_rebounds,3.5,williamhill_us,Cleveland Cavaliers @ Chicago Bulls,2025-12-18T01:10:00Z,,2025-12-17T16:59:58Z,0.73,2025-12-17 12:00:41 ET,-175.0,127.0
a9cbe798da439bd9d012976f7738591b,Lonzo Ball,player_rebounds,4.5,williamhill_us,Cleveland Cavaliers @ Chicago Bulls,2025-12-18T01:10:00Z,,2025-12-17T16:59:58Z,0.73,2025-12-17 12:00:41 ET,115.0,-152.0
a9cbe798da439bd9d012976f7738591b,Coby White,player_rebounds,3.5,williamhill_us,Cleveland Cavaliers @ Chicago Bulls,2025-12-18T01:10:00Z,,2025-12-17T16:59:58Z,0.73,2025-12-17 12:00:41 ET,108.0,-143.0
a9cbe798da439bd9d012976f7738591b,Isaac Okoro,player_rebounds,2.5,williamhill_us,Cleveland Cavaliers @ Chicago Bulls,2025-12-18T01:10:00Z,,2025-12-17T16:59:58Z,0.73,2025-12-17 12:00:41 ET,108.0,-145.0
a9cbe798da439bd9d012976f7738591b,Kevin Huerter,player_rebounds,2.5,williamhill_us,Cleveland Cavaliers @ Chicago Bulls,2025-12-18T01:10:00Z,,2025-12-17T16:59:58Z,0.73,2025-12-17 12:00:41 ET,114.0,-152.0
a9cbe798da439bd9d012976f7738591b,Jaylon Tyson,player_rebounds,6.5,williamhill_us,Cleveland Cavaliers @ Chicago Bulls,2025-12-18T01:10:00Z,,2025-12-17T16:59:58Z,0.73,2025-12-17 12:00:41 ET,-114.0,-117.0
a9cbe798da439bd9d012976f7738591b,Matas Buzelis,player_rebounds,4.5,williamhill_us,Cleveland Cavaliers @ Chicago Bulls,2025-12-18T01:10:00Z,,2025-12-17T16:59:58Z,0.73,2025-12-17 12:00:41 ET,-165.0,121.0
a9cbe798da439bd9d012976f7738591b,Kevin Huerter,player_threes,1.5,williamhill_us,Cleveland Cavaliers @ Chicago Bulls,2025-12-18T01:10:00Z,,2025-12-17T16:59:58Z,0.73,2025-12-17 12:00:41 ET,103.0,-137.0
a9cbe798da439bd9d012976f7738591b,Lonzo Ball,player_threes,1.5,williamhill_us,Cleveland Cavaliers @ Chicago Bulls,2025-12-18T01:10:00Z,,2025-12-17T16:59:58Z,0.73,2025-12-17 12:00:41 ET,110.0,-148.0
a9cbe798da439bd9d012976f7738591b,Dean Wade,player_threes,1.5,williamhill_us,Cleveland Cavaliers @ Chicago Bulls,2025-12-18T01:10:00Z,,2025-12-17T16:59:58Z,0.73,2025-12-17 12:00:41 ET,113.0,-152.0
a9cbe798da439bd9d012976f7738591b,Matas Buzelis,player_threes,1.5,williamhill_us,Cleveland Cavaliers @ Chicago Bulls,2025-12-18T01:10:00Z,,2025-12-17T16:59:58Z,0.73,2025-12-17 12:00:41 ET,146.0,-197.0
a9cbe798da439bd9d012976f7738591b,Josh Giddey,player_threes,1.5,williamhill_us,Cleveland Cavaliers @ Chicago Bulls,2025-12-18T01:10:00Z,,2025-12-17T16:59:58Z,0.73,2025-12-17 12:00:41 ET,-129.0,-104.0
a9cbe798da439bd9d012976f7738591b,Ayo Dosunmu,player_threes,1.5,williamhill_us,Cleveland Cavaliers @ Chicago Bulls,2025-12-18T01:10:00Z,,2025-12-17T16:59:58Z,0.73,2025-12-17 12:00:41 ET,129.0,-173.0
a9cbe798da439bd9d012976f7738591b,Coby White,player_threes,2.5,williamhill_us,Cleveland Cavaliers @ Chicago Bulls,2025-12-18T01:10:00Z,,2025-12-17T16:59:58Z,0.73,2025-12-17 12:00:41 ET,107.0,-140.0
a9cbe798da439bd9d012976f7738591b,Darius Garland,player_threes,2.5,williamhill_us,Cleveland Cavaliers @ Chicago Bulls,2025-12-18T01:10:00Z,,2025-12-17T16:59:58Z,0.73,2025-12-17 12:00:41 ET,101.0,-134.0
a9cbe798da439bd9d012976f7738591b,De'Andre Hunter,player_threes,1.5,williamhill_us,Cleveland Cavaliers @ Chicago Bulls,2025-12-18T01:10:00Z,,2025-12-17T16:59:58Z,0.73,2025-12-17 12:00:41 ET,-179.0,134.0
a9cbe798da439bd9d012976f7738591b,Nikola Vucevic,player_threes,1.5,williamhill_us,Cleveland Cavaliers @ Chicago Bulls,2025-12-18T01:10:00Z,,2025-12-17T16:59:58Z,0.73,2025-12-17 12:00:41 ET,-102.0,-132.0
a9cbe798da439bd9d012976f7738591b,Jaylon Tyson,player_threes,1.5,williamhill_us,Cleveland Cavaliers @ Chicago Bulls,2025-12-18T01:10:00Z,,2025-12-17T16:59:58Z,0.73,2025-12-17 12:00:41 ET,-113.0,-118.0
a9cbe798da439bd9d012976f7738591b,Donovan Mitchell,player_threes,3.5,williamhill_us,Cleveland Cavaliers @ Chicago Bulls,2025-12-18T01:10:00Z,,2025-12-17T16:59:58Z,0.73,2025-12-17 12:00:41 ET,-134.0,100.0
a9cbe798da439bd9d012976f7738591b,Josh Giddey,player_triple_double,,williamhill_us,Cleveland Cavaliers @ Chicago Bulls,2025-12-18T01:10:00Z,,2025-12-17T16:59:58Z,0.73,2025-12-17 12:00:41 ET,,
a9cbe798da439bd9d012976f7738591b,Josh Giddey,player_assists,8.5,betrivers,Cleveland Cavaliers @ Chicago Bulls,2025-12-18T01:10:00Z,,2025-12-17T17:00:12Z,0.5,2025-12-17 12:00:41 ET,-112.0,-120.0
a9cbe798da439bd9d012976f7738591b,Tre Jones,player_assists,4.5,betrivers,Cleveland Cavaliers @ Chicago Bulls,2025-12-18T01:10:00Z,,2025-12-17T17:00:12Z,0.5,2025-12-17 12:00:41 ET,104.0,-139.0
a9cbe798da439bd9d012976f7738591b,Coby White,player_assists,4.5,betrivers,Cleveland Cavaliers @ Chicago Bulls,2025-12-18T01:10:00Z,,2025-12-17T17:00:12Z,0.5,2025-12-17 12:00:41 ET,128.0,-167.0
a9cbe798da439bd9d012976f7738591b,Donovan Mitchell,player_assists,5.5,betrivers,Cleveland Cavaliers @ Chicago Bulls,2025-12-18T01:10:00Z,,2025-12-17T17:00:12Z,0.5,2025-12-17 12:00:41 ET,104.0,-137.0
a9cbe798da439bd9d012976f7738591b,Darius Garland,player_assists,6.5,betrivers,Cleveland Cavaliers @ Chicago Bulls,2025-12-18T01:10:00Z,,2025-12-17T17:00:12Z,0.5,2025-12-17 12:00:41 ET,-159.0,120.0
a9cbe798da439bd9d012976f7738591b,Lonzo Ball,player_assists,4.5,betrivers,Cleveland Cavaliers @ Chicago Bulls,2025-12-18T01:10:00Z,,2025-12-17T17:00:12Z,0.5,2025-12-17 12:00:41 ET,130.0,-175.0
a9cbe798da439bd9d012976f7738591b,Nikola Vucevic,player_assists,3.5,betrivers,Cleveland Cavaliers @ Chicago Bulls,2025-12-18T01:10:00Z,,2025-12-17T17:00:12Z,0.5,2025-12-17 12:00:41 ET,140.0,-186.0
a9cbe798da439bd9d012976f7738591b,Darius Garland,player_points,21.5,betrivers,Cleveland Cavaliers @ Chicago Bulls,2025-12-18T01:10:00Z,,2025-12-17T17:00:12Z,0.5,2025-12-17 12:00:41 ET,112.0,-152.0
a9cbe798da439bd9d012976f7738591b,Nikola Vucevic,player_points,13.5,betrivers,Cleveland Cavaliers @ Chicago Bulls,2025-12-18T01:10:00Z,,2025-12-17T17:00:12Z,0.5,2025-12-17 12:00:41 ET,-159.0,116.0
a9cbe798da439bd9d012976f7738591b,Josh Giddey,player_points,18.5,betrivers,Cleveland Cavaliers @ Chicago Bulls,2025-12-18T01:10:00Z,,2025-12-17T17:00:12Z,0.5,2025-12-17 12:00:41 ET,-137.0,104.0
a9cbe798da439bd9d012976f7738591b,Tre Jones,player_points,8.5,betrivers,Cleveland Cavaliers @ Chicago Bulls,2025-12-18T01:10:00Z,,2025-12-17T17:00:12Z,0.5,2025-12-17 12:00:41 ET,-167.0,120.0
a9cbe798da439bd9d012976f7738591b,Donovan Mitchell,player_points,29.5,betrivers,Cleveland Cavaliers @ Chicago Bulls,2025-12-18T01:10:00Z,,2025-12-17T17:00:12Z,0.5,2025-12-17 12:00:41 ET,-162.0,117.0
a9cbe798da439bd9d012976f7738591b,Darius Garland,player_points,20.5,betrivers,Cleveland Cavaliers @ Chicago Bulls,2025-12-18T01:10:00Z,,2025-12-17T17:00:12Z,0.5,2025-12-17 12:00:41 ET,-113.0,-118.0
a9cbe798da439bd9d012976f7738591b,Coby White,player_points,22.5,betrivers,Cleveland Cavaliers @ Chicago Bulls,2025-12-18T01:10:00Z,,2025-12-17T17:00:12Z,0.5,2025-12-17 12:00:41 ET,110.0,-150.0
a9cbe798da439bd9d012976f7738591b,Coby White,player_points,21.5,betrivers,Cleveland Cavaliers @ Chicago Bulls,2025-12-18T01:10:00Z,,2025-12-17T17:00:12Z,0.5,2025-12-17 12:00:41 ET,-113.0,-118.0
a9cbe798da439bd9d012976f7738591b,Donovan Mitchell,player_points,31.5,betrivers,Cleveland Cavaliers @ Chicago Bulls,2025-12-18T01:10:00Z,,2025-12-17T17:00:12Z,0.5,2025-12-17 12:00:41 ET,-107.0,-125.0
a9cbe798da439bd9d012976f7738591b,Nikola Vucevic,player_points,15.5,betrivers,Cleveland Cavaliers @ Chicago Bulls,2025-12-18T01:10:00Z,,2025-12-17T17:00:12Z,0.5,2025-12-17 12:00:41 ET,112.0,-152.0
a9cbe798da439bd9d012976f7738591b,Lonzo Ball,player_points,7.5,betrivers,Cleveland Cavaliers @ Chicago Bulls,2025-12-18T01:10:00Z,,2025-12-17T17:00:12Z,0.5,2025-12-17 12:00:41 ET,116.0,-159.0
a9cbe798da439bd9d012976f7738591b,Coby White,player_points,20.5,betrivers,Cleveland Cavaliers @ Chicago Bulls,2025-12-18T01:10:00Z,,2025-12-17T17:00:12Z,0.5,2025-12-17 12:00:41 ET,-143.0,107.0
a9cbe798da439bd9d012976f7738591b,Jarrett Allen,player_points,14.5,betrivers,Cleveland Cavaliers @ Chicago Bulls,2025-12-18T01:10:00Z,,2025-12-17T17:00:12Z,0.5,2025-12-17 12:00:41 ET,-117.0,-114.0
a9cbe798da439bd9d012976f7738591b,Jaylon Tyson,player_points,12.5,betrivers,Cleveland Cavaliers @ Chicago Bulls,2025-12-18T01:10:00Z,,2025-12-17T17:00:12Z,0.5,2025-12-17 12:00:41 ET,-139.0,104.0
a9cbe798da439bd9d012976f7738591b,Isaac Okoro,player_points,7.5,betrivers,Cleveland Cavaliers @ Chicago Bulls,2025-12-18T01:10:00Z,,2025-12-17T17:00:12Z,0.5,2025-12-17 12:00:41 ET,-106.0,-125.0
a9cbe798da439bd9d012976f7738591b,Tre Jones,player_points,9.5,betrivers,Cleveland Cavaliers @ Chicago Bulls,2025-12-18T01:10:00Z,,2025-12-17T17:00:12Z,0.5,2025-12-17 12:00:41 ET,-115.0,-115.0
a9cbe798da439bd9d012976f7738591b,Jarrett Allen,player_points,15.5,betrivers,Cleveland Cavaliers @ Chicago Bulls,2025-12-18T01:10:00Z,,2025-12-17T17:00:12Z,0.5,2025-12-17 12:00:41 ET,110.0,-150.0
a9cbe798da439bd9d012976f7738591b,De'Andre Hunter,player_points,13.5,betrivers,Cleveland Cavaliers @ Chicago Bulls,2025-12-18T01:10:00Z,,2025-12-17T17:00:12Z,0.5,2025-12-17 12:00:41 ET,-165.0,120.0
a9cbe798da439bd9d012976f7738591b,Donovan Mitchell,player_points,30.5,betrivers,Cleveland Cavaliers @ Chicago Bulls,2025-12-18T01:10:00Z,,2025-12-17T17:00:12Z,0.5,2025-12-17 12:00:41 ET,-130.0,-103.0
a9cbe798da439bd9d012976f7738591b,Darius Garland,player_points,19.5,betrivers,Cleveland Cavaliers @ Chicago Bulls,2025-12-18T01:10:00Z,,2025-12-17T17:00:12Z,0.5,2025-12-17 12:00:41 ET,-143.0,108.0
a9cbe798da439bd9d012976f7738591b,Lonzo Ball,player_points,6.5,betrivers,Cleveland Cavaliers @ Chicago Bulls,2025-12-18T01:10:00Z,,2025-12-17T17:00:12Z,0.5,2025-12-17 12:00:41 ET,-115.0,-115.0
a9cbe798da439bd9d012976f7738591b,De'Andre Hunter,player_points,14.5,betrivers,Cleveland Cavaliers @ Chicago Bulls,2025-12-18T01:10:00Z,,2025-12-17T17:00:12Z,0.5,2025-12-17 12:00:41 ET,-121.0,-110.0
a9cbe798da439bd9d012976f7738591b,Dean Wade,player_points,6.5,betrivers,Cleveland Cavaliers @ Chicago Bulls,2025-12-18T01:10:00Z,,2025-12-17T17:00:12Z,0.5,2025-12-17 12:00:41 ET,-118.0,-113.0
a9cbe798da439bd9d012976f7738591b,Nikola Vucevic,player_points,14.5,betrivers,Cleveland Cavaliers @ Chicago Bulls,2025-12-18T01:10:00Z,,2025-12-17T17:00:12Z,0.5,2025-12-17 12:00:41 ET,-117.0,-114.0
a9cbe798da439bd9d012976f7738591b,Isaac Okoro,player_points,6.5,betrivers,Cleveland Cavaliers @ Chicago Bulls,2025-12-18T01:10:00Z,,2025-12-17T17:00:12Z,0.5,2025-12-17 12:00:41 ET,-165.0,118.0
a9cbe798da439bd9d012976f7738591b,Tre Jones,player_points,10.5,betrivers,Cleveland Cavaliers @ Chicago Bulls,2025-12-18T01:10:00Z,,2025-12-17T17:00:12Z,0.5,2025-12-17 12:00:41 ET,120.0,-167.0
a9cbe798da439bd9d012976f7738591b,De'Andre Hunter,player_points,15.5,betrivers,Cleveland Cavaliers @ Chicago Bulls,2025-12-18T01:10:00Z,,2025-12-17T17:00:12Z,0.5,2025-12-17 12:00:41 ET,108.0,-148.0
a9cbe798da439bd9d012976f7738591b,Matas Buzelis,player_points,13.5,betrivers,Cleveland Cavaliers @ Chicago Bulls,2025-12-18T01:10:00Z,,2025-12-17T17:00:12Z,0.5,2025-12-17 12:00:41 ET,110.0,-150.0
a9cbe798da439bd9d012976f7738591b,Josh Giddey,player_points,20.5,betrivers,Cleveland Cavaliers @ Chicago Bulls,2025-12-18T01:10:00Z,,2025-12-17T17:00:12Z,0.5,2025-12-17 12:00:41 ET,118.0,-165.0
a9cbe798da439bd9d012976f7738591b,Jaylon Tyson,player_points,13.5,betrivers,Cleveland Cavaliers @ Chicago Bulls,2025-12-18T01:10:00Z,,2025-12-17T17:00:12Z,0.5,2025-12-17 12:00:41 ET,-104.0,-129.0
a9cbe798da439bd9d012976f7738591b,Donovan Mitchell,player_points,32.5,betrivers,Cleveland Cavaliers @ Chicago Bulls,2025-12-18T01:10:00Z,,2025-12-17T17:00:12Z,0.5,2025-12-17 12:00:41 ET,112.0,-155.0
a9cbe798da439bd9d012976f7738591b,Josh Giddey,player_points,19.5,betrivers,Cleveland Cavaliers @ Chicago Bulls,2025-12-18T01:10:00Z,,2025-12-17T17:00:12Z,0.5,2025-12-17 12:00:41 ET,-107.0,-124.0
a9cbe798da439bd9d012976f7738591b,Matas Buzelis,player_points,12.5,betrivers,Cleveland Cavaliers @ Chicago Bulls,2025-12-18T01:10:00Z,,2025-12-17T17:00:12Z,0.5,2025-12-17 12:00:41 ET,-121.0,-109.0
a9cbe798da439bd9d012976f7738591b,Donovan Mitchell,player_points_rebounds_assists,39.5,betrivers,Cleveland Cavaliers @ Chicago Bulls,2025-12-18T01:10:00Z,,2025-12-17T17:00:12Z,0.5,2025-12-17 12:00:41 ET,-155.0,114.0
a9cbe798da439bd9d012976f7738591b,Donovan Mitchell,player_points_rebounds_assists,40.5,betrivers,Cleveland Cavaliers @ Chicago Bulls,2025-12-18T01:10:00Z,,2025-12-17T17:00:12Z,0.5,2025-12-17 12:00:41 ET,-127.0,-106.0
a9cbe798da439bd9d012976f7738591b,Coby White,player_points_rebounds_assists,29.5,betrivers,Cleveland Cavaliers @ Chicago Bulls,2025-12-18T01:10:00Z,,2025-12-17T17:00:12Z,0.5,2025-12-17 12:00:41 ET,-105.0,-127.0
a9cbe798da439bd9d012976f7738591b,Donovan Mitchell,player_points_rebounds_assists,41.5,betrivers,Cleveland Cavaliers @ Chicago Bulls,2025-12-18T01:10:00Z,,2025-12-17T17:00:12Z,0.5,2025-12-17 12:00:41 ET,-106.0,-125.0
a9cbe798da439bd9d012976f7738591b,Tre Jones,player_points_rebounds_assists,15.5,betrivers,Cleveland Cavaliers @ Chicago Bulls,2025-12-18T01:10:00Z,,2025-12-17T17:00:12Z,0.5,2025-12-17 12:00:41 ET,-143.0,106.0
a9cbe798da439bd9d012976f7738591b,Nikola Vucevic,player_points_rebounds_assists,24.5,betrivers,Cleveland Cavaliers @ Chicago Bulls,2025-12-18T01:10:00Z,,2025-12-17T17:00:12Z,0.5,2025-12-17 12:00:41 ET,-162.0,117.0
a9cbe798da439bd9d012976f7738591b,Coby White,player_points_rebounds_assists,27.5,betrivers,Cleveland Cavaliers @ Chicago Bulls,2025-12-18T01:10:00Z,,2025-12-17T17:00:12Z,0.5,2025-12-17 12:00:41 ET,-162.0,118.0
a9cbe798da439bd9d012976f7738591b,Darius Garland,player_points_rebounds_assists,31.5,betrivers,Cleveland Cavaliers @ Chicago Bulls,2025-12-18T01:10:00Z,,2025-12-17T17:00:12Z,0.5,2025-12-17 12:00:41 ET,107.0,-143.0
a9cbe798da439bd9d012976f7738591b,Lonzo Ball,player_points_rebounds_assists,14.5,betrivers,Cleveland Cavaliers @ Chicago Bulls,2025-12-18T01:10:00Z,,2025-12-17T17:00:12Z,0.5,2025-12-17 12:00:41 ET,-132.0,-103.0
a9cbe798da439bd9d012976f7738591b,Josh Giddey,player_points_rebounds_assists,34.5,betrivers,Cleveland Cavaliers @ Chicago Bulls,2025-12-18T01:10:00Z,,2025-12-17T17:00:12Z,0.5,2025-12-17 12:00:41 ET,-162.0,118.0
a9cbe798da439bd9d012976f7738591b,Tre Jones,player_points_rebounds_assists,16.5,betrivers,Cleveland Cavaliers @ Chicago Bulls,2025-12-18T01:10:00Z,,2025-12-17T17:00:12Z,0.5,2025-12-17 12:00:41 ET,-105.0,-127.0
a9cbe798da439bd9d012976f7738591b,Josh Giddey,player_points_rebounds_assists,37.5,betrivers,Cleveland Cavaliers @ Chicago Bulls,2025-12-18T01:10:00Z,,2025-12-17T17:00:12Z,0.5,2025-12-17 12:00:41 ET,114.0,-155.0
a9cbe798da439bd9d012976f7738591b,Darius Garland,player_points_rebounds_assists,29.5,betrivers,Cleveland Cavaliers @ Chicago Bulls,2025-12-18T01:10:00Z,,2025-12-17T17:00:12Z,0.5,2025-12-17 12:00:41 ET,-148.0,108.0
a9cbe798da439bd9d012976f7738591b,Josh Giddey,player_points_rebounds_assists,36.5,betrivers,Cleveland Cavaliers @ Chicago Bulls,2025-12-18T01:10:00Z,,2025-12-17T17:00:12Z,0.5,2025-12-17 12:00:41 ET,-106.0,-127.0
a9cbe798da439bd9d012976f7738591b,Coby White,player_points_rebounds_assists,28.5,betrivers,Cleveland Cavaliers @ Chicago Bulls,2025-12-18T01:10:00Z,,2025-12-17T17:00:12Z,0.5,2025-12-17 12:00:41 ET,-129.0,-104.0
a9cbe798da439bd9d012976f7738591b,Nikola Vucevic,player_points_rebounds_assists,26.5,betrivers,Cleveland Cavaliers @ Chicago Bulls,2025-12-18T01:10:00Z,,2025-12-17T17:00:12Z,0.5,2025-12-17 12:00:41 ET,100.0,-132.0
a9cbe798da439bd9d012976f7738591b,Coby White,player_points_rebounds_assists,30.5,betrivers,Cleveland Cavaliers @ Chicago Bulls,2025-12-18T01:10:00Z,,2025-12-17T17:00:12Z,0.5,2025-12-17 12:00:41 ET,117.0,-162.0
a9cbe798da439bd9d012976f7738591b,Darius Garland,player_points_rebounds_assists,30.5,betrivers,Cleveland Cavaliers @ Chicago Bulls,2025-12-18T01:10:00Z,,2025-12-17T17:00:12Z,0.5,2025-12-17 12:00:41 ET,-117.0,-114.0
a9cbe798da439bd9d012976f7738591b,Lonzo Ball,player_points_rebounds_assists,15.5,betrivers,Cleveland Cavaliers @ Chicago Bulls,2025-12-18T01:10:00Z,,2025-12-17T17:00:12Z,0.5,2025-12-17 12:00:41 ET,104.0,-139.0
a9cbe798da439bd9d012976f7738591b,Donovan Mitchell,player_points_rebounds_assists,42.5,betrivers,Cleveland Cavaliers @ Chicago Bulls,2025-12-18T01:10:00Z,,2025-12-17T17:00:12Z,0.5,2025-12-17 12:00:41 ET,112.0,-155.0
a9cbe798da439bd9d012976f7738591b,Nikola Vucevic,player_points_rebounds_assists,25.5,betrivers,Cleveland Cavaliers @ Chicago Bulls,2025-12-18T01:10:00Z,,2025-12-17T17:00:12Z,0.5,2025-12-17 12:00:41 ET,-125.0,-107.0
a9cbe798da439bd9d012976f7738591b,Josh Giddey,player_points_rebounds_assists,35.5,betrivers,Cleveland Cavaliers @ Chicago Bulls,2025-12-18T01:10:00Z,,2025-12-17T17:00:12Z,0.5,2025-12-17 12:00:41 ET,-129.0,-104.0
a9cbe798da439bd9d012976f7738591b,Josh Giddey,player_rebounds,8.5,betrivers,Cleveland Cavaliers @ Chicago Bulls,2025-12-18T01:10:00Z,,2025-12-17T17:00:12Z,0.5,2025-12-17 12:00:41 ET,112.0,-148.0
a9cbe798da439bd9d012976f7738591b,Tre Jones,player_rebounds,2.5,betrivers,Cleveland Cavaliers @ Chicago Bulls,2025-12-18T01:10:00Z,,2025-12-17T17:00:12Z,0.5,2025-12-17 12:00:41 ET,140.0,-186.0
a9cbe798da439bd9d012976f7738591b,Donovan Mitchell,player_rebounds,4.5,betrivers,Cleveland Cavaliers @ Chicago Bulls,2025-12-18T01:10:00Z,,2025-12-17T17:00:12Z,0.5,2025-12-17 12:00:41 ET,107.0,-141.0
a9cbe798da439bd9d012976f7738591b,Darius Garland,player_rebounds,2.5,betrivers,Cleveland Cavaliers @ Chicago Bulls,2025-12-18T01:10:00Z,,2025-12-17T17:00:12Z,0.5,2025-12-17 12:00:41 ET,-148.0,110.0
a9cbe798da439bd9d012976f7738591b,Coby White,player_rebounds,3.5,betrivers,Cleveland Cavaliers @ Chicago Bulls,2025-12-18T01:10:00Z,,2025-12-17T17:00:12Z,0.5,2025-12-17 12:00:41 ET,114.0,-152.0
a9cbe798da439bd9d012976f7738591b,Isaac Okoro,player_rebounds,2.5,betrivers,Cleveland Cavaliers @ Chicago Bulls,2025-12-18T01:10:00Z,,2025-12-17T17:00:12Z,0.5,2025-12-17 12:00:41 ET,110.0,-148.0
a9cbe798da439bd9d012976f7738591b,Jarrett Allen,player_rebounds,9.5,betrivers,Cleveland Cavaliers @ Chicago Bulls,2025-12-18T01:10:00Z,,2025-12-17T17:00:12Z,0.5,2025-12-17 12:00:41 ET,-103.0,-130.0
a9cbe798da439bd9d012976f7738591b,Nikola Vucevic,player_rebounds,7.5,betrivers,Cleveland Cavaliers @ Chicago Bulls,2025-12-18T01:10:00Z,,2025-12-17T17:00:12Z,0.5,2025-12-17 12:00:41 ET,-148.0,112.0
a9cbe798da439bd9d012976f7738591b,Matas Buzelis,player_rebounds,4.5,betrivers,Cleveland Cavaliers @ Chicago Bulls,2025-12-18T01:10:00Z,,2025-12-17T17:00:12Z,0.5,2025-12-17 12:00:41 ET,-150.0,112.0
a9cbe798da439bd9d012976f7738591b,De'Andre Hunter,player_rebounds,3.5,betrivers,Cleveland Cavaliers @ Chicago Bulls,2025-12-18T01:10:00Z,,2025-12-17T17:00:12Z,0.5,2025-12-17 12:00:41 ET,-148.0,110.0
a9cbe798da439bd9d012976f7738591b,Lonzo Ball,player_rebounds,3.5,betrivers,Cleveland Cavaliers @ Chicago Bulls,2025-12-18T01:10:00Z,,2025-12-17T17:00:12Z,0.5,2025-12-17 12:00:41 ET,-162.0,123.0
a9cbe798da439bd9d012976f7738591b,Dean Wade,player_rebounds,4.5,betrivers,Cleveland Cavaliers @ Chicago Bulls,2025-12-18T01:10:00Z,,2025-12-17T17:00:12Z,0.5,2025-12-17 12:00:41 ET,-117.0,-114.0
a9cbe798da439bd9d012976f7738591b,Jaylon Tyson,player_rebounds,6.5,betrivers,Cleveland Cavaliers @ Chicago Bulls,2025-12-18T01:10:00Z,,2025-12-17T17:00:12Z,0.5,2025-12-17 12:00:41 ET,-118.0,-113.0
a9cbe798da439bd9d012976f7738591b,Darius Garland,player_threes,2.5,betrivers,Cleveland Cavaliers @ Chicago Bulls,2025-12-18T01:10:00Z,,2025-12-17T17:00:12Z,0.5,2025-12-17 12:00:41 ET,104.0,-137.0
a9cbe798da439bd9d012976f7738591b,Coby White,player_threes,2.5,betrivers,Cleveland Cavaliers @ Chicago Bulls,2025-12-18T01:10:00Z,,2025-12-17T17:00:12Z,0.5,2025-12-17 12:00:41 ET,-105.0,-127.0
a9cbe798da439bd9d012976f7738591b,De'Andre Hunter,player_threes,1.5,betrivers,Cleveland Cavaliers @ Chicago Bulls,2025-12-18T01:10:00Z,,2025-12-17T17:00:12Z,0.5,2025-12-17 12:00:41 ET,-175.0,128.0
a9cbe798da439bd9d012976f7738591b,Lonzo Ball,player_threes,1.5,betrivers,Cleveland Cavaliers @ Chicago Bulls,2025-12-18T01:10:00Z,,2025-12-17T17:00:12Z,0.5,2025-12-17 12:00:41 ET,110.0,-148.0
a9cbe798da439bd9d012976f7738591b,Josh Giddey,player_threes,1.5,betrivers,Cleveland Cavaliers @ Chicago Bulls,2025-12-18T01:10:00Z,,2025-12-17T17:00:12Z,0.5,2025-12-17 12:00:41 ET,-129.0,-104.0
a9cbe798da439bd9d012976f7738591b,Matas Buzelis,player_threes,1.5,betrivers,Cleveland Cavaliers @ Chicago Bulls,2025-12-18T01:10:00Z,,2025-12-17T17:00:12Z,0.5,2025-12-17 12:00:41 ET,148.0,-200.0
a9cbe798da439bd9d012976f7738591b,Donovan Mitchell,player_threes,3.5,betrivers,Cleveland Cavaliers @ Chicago Bulls,2025-12-18T01:10:00Z,,2025-12-17T17:00:12Z,0.5,2025-12-17 12:00:41 ET,-124.0,-107.0
a9cbe798da439bd9d012976f7738591b,Nikola Vucevic,player_threes,1.5,betrivers,Cleveland Cavaliers @ Chicago Bulls,2025-12-18T01:10:00Z,,2025-12-17T17:00:12Z,0.5,2025-12-17 12:00:41 ET,-106.0,-125.0
a9cbe798da439bd9d012976f7738591b,Jaylon Tyson,player_threes,1.5,betrivers,Cleveland Cavaliers @ Chicago Bulls,2025-12-18T01:10:00Z,,2025-12-17T17:00:12Z,0.5,2025-12-17 12:00:41 ET,-109.0,-122.0
a9cbe798da439bd9d012976f7738591b,Coby White,player_assists,3.5,bovada,Cleveland Cavaliers @ Chicago Bulls,2025-12-18T01:10:00Z,,2025-12-17T16:59:46Z,0.93,2025-12-17 12:00:41 ET,-160.0,120.0
a9cbe798da439bd9d012976f7738591b,Coby White,player_assists,4.5,bovada,Cleveland Cavaliers @ Chicago Bulls,2025-12-18T01:10:00Z,,2025-12-17T16:59:46Z,0.93,2025-12-17 12:00:41 ET,135.0,-180.0
a9cbe798da439bd9d012976f7738591b,Darius Garland,player_assists,6.5,bovada,Cleveland Cavaliers @ Chicago Bulls,2025-12-18T01:10:00Z,,2025-12-17T16:59:46Z,0.93,2025-12-17 12:00:41 ET,-165.0,125.0
a9cbe798da439bd9d012976f7738591b,Darius Garland,player_assists,7.5,bovada,Cleveland Cavaliers @ Chicago Bulls,2025-12-18T01:10:00Z,,2025-12-17T16:59:46Z,0.93,2025-12-17 12:00:41 ET,115.0,-150.0
a9cbe798da439bd9d012976f7738591b,Darius Garland,player_assists,8.5,bovada,Cleveland Cavaliers @ Chicago Bulls,2025-12-18T01:10:00Z,,2025-12-17T16:59:46Z,0.93,2025-12-17 12:00:41 ET,190.0,-260.0
a9cbe798da439bd9d012976f7738591b,Donovan Mitchell,player_assists,4.5,bovada,Cleveland Cavaliers @ Chicago Bulls,2025-12-18T01:10:00Z,,2025-12-17T16:59:46Z,0.93,2025-12-17 12:00:41 ET,-190.0,145.0
a9cbe798da439bd9d012976f7738591b,Donovan Mitchell,player_assists,5.5,bovada,Cleveland Cavaliers @ Chicago Bulls,2025-12-18T01:10:00Z,,2025-12-17T16:59:46Z,0.93,2025-12-17 12:00:41 ET,100.0,-130.0
a9cbe798da439bd9d012976f7738591b,Donovan Mitchell,player_assists,6.5,bovada,Cleveland Cavaliers @ Chicago Bulls,2025-12-18T01:10:00Z,,2025-12-17T16:59:46Z,0.93,2025-12-17 12:00:41 ET,200.0,-275.0
a9cbe798da439bd9d012976f7738591b,Josh Giddey,player_assists,7.5,bovada,Cleveland Cavaliers @ Chicago Bulls,2025-12-18T01:10:00Z,,2025-12-17T16:59:46Z,0.93,2025-12-17 12:00:41 ET,-165.0,125.0
a9cbe798da439bd9d012976f7738591b,Josh Giddey,player_assists,8.5,bovada,Cleveland Cavaliers @ Chicago Bulls,2025-12-18T01:10:00Z,,2025-12-17T16:59:46Z,0.93,2025-12-17 12:00:41 ET,105.0,-135.0
a9cbe798da439bd9d012976f7738591b,Josh Giddey,player_assists,9.5,bovada,Cleveland Cavaliers @ Chicago Bulls,2025-12-18T01:10:00Z,,2025-12-17T16:59:46Z,0.93,2025-12-17 12:00:41 ET,175.0,-240.0
a9cbe798da439bd9d012976f7738591b,Lonzo Ball,player_assists,3.5,bovada,Cleveland Cavaliers @ Chicago Bulls,2025-12-18T01:10:00Z,,2025-12-17T16:59:46Z,0.93,2025-12-17 12:00:41 ET,-165.0,125.0
a9cbe798da439bd9d012976f7738591b,Lonzo Ball,player_assists,4.5,bovada,Cleveland Cavaliers @ Chicago Bulls,2025-12-18T01:10:00Z,,2025-12-17T16:59:46Z,0.93,2025-12-17 12:00:41 ET,130.0,-170.0
a9cbe798da439bd9d012976f7738591b,Nikola Vucevic,player_assists,2.5,bovada,Cleveland Cavaliers @ Chicago Bulls,2025-12-18T01:10:00Z,,2025-12-17T16:59:46Z,0.93,2025-12-17 12:00:41 ET,-180.0,135.0
a9cbe798da439bd9d012976f7738591b,Nikola Vucevic,player_assists,3.5,bovada,Cleveland Cavaliers @ Chicago Bulls,2025-12-18T01:10:00Z,,2025-12-17T16:59:46Z,0.93,2025-12-17 12:00:41 ET,135.0,-180.0
a9cbe798da439bd9d012976f7738591b,Tre Jones,player_assists,3.5,bovada,Cleveland Cavaliers @ Chicago Bulls,2025-12-18T01:10:00Z,,2025-12-17T16:59:46Z,0.93,2025-12-17 12:00:41 ET,-135.0,105.0
a9cbe798da439bd9d012976f7738591b,Tre Jones,player_assists,4.5,bovada,Cleveland Cavaliers @ Chicago Bulls,2025-12-18T01:10:00Z,,2025-12-17T16:59:46Z,0.93,2025-12-17 12:00:41 ET,150.0,-200.0
a9cbe798da439bd9d012976f7738591b,Matas Buzelis,player_blocks,1.5,bovada,Cleveland Cavaliers @ Chicago Bulls,2025-12-18T01:10:00Z,,2025-12-17T16:59:46Z,0.93,2025-12-17 12:00:41 ET,150.0,-200.0
a9cbe798da439bd9d012976f7738591b,Nikola Vucevic,player_blocks,0.5,bovada,Cleveland Cavaliers @ Chicago Bulls,2025-12-18T01:10:00Z,,2025-12-17T16:59:46Z,0.93,2025-12-17 12:00:41 ET,235.0,-330.0
a9cbe798da439bd9d012976f7738591b,Josh Giddey,player_double_double,,bovada,Cleveland Cavaliers @ Chicago Bulls,2025-12-18T01:10:00Z,,2025-12-17T16:59:46Z,0.93,2025-12-17 12:00:41 ET,,
a9cbe798da439bd9d012976f7738591b,Jarrett Allen,player_double_double,,bovada,Cleveland Cavaliers @ Chicago Bulls,2025-12-18T01:10:00Z,,2025-12-17T16:59:46Z,0.93,2025-12-17 12:00:41 ET,,
a9cbe798da439bd9d012976f7738591b,Nikola Vucevic,player_double_double,,bovada,Cleveland Cavaliers @ Chicago Bulls,2025-12-18T01:10:00Z,,2025-12-17T16:59:46Z,0.93,2025-12-17 12:00:41 ET,,
a9cbe798da439bd9d012976f7738591b,Darius Garland,player_double_double,,bovada,Cleveland Cavaliers @ Chicago Bulls,2025-12-18T01:10:00Z,,2025-12-17T16:59:46Z,0.93,2025-12-17 12:00:41 ET,,
a9cbe798da439bd9d012976f7738591b,Jaylon Tyson,player_double_double,,bovada,Cleveland Cavaliers @ Chicago Bulls,2025-12-18T01:10:00Z,,2025-12-17T16:59:46Z,0.93,2025-12-17 12:00:41 ET,,
a9cbe798da439bd9d012976f7738591b,Donovan Mitchell,player_double_double,,bovada,Cleveland Cavaliers @ Chicago Bulls,2025-12-18T01:10:00Z,,2025-12-17T16:59:46Z,0.93,2025-12-17 12:00:41 ET,,
a9cbe798da439bd9d012976f7738591b,Matas Buzelis,player_double_double,,bovada,Cleveland Cavaliers @ Chicago Bulls,2025-12-18T01:10:00Z,,2025-12-17T16:59:46Z,0.93,2025-12-17 12:00:41 ET,,
a9cbe798da439bd9d012976f7738591b,Lonzo Ball,player_double_double,,bovada,Cleveland Cavaliers @ Chicago Bulls,2025-12-18T01:10:00Z,,2025-12-17T16:59:46Z,0.93,2025-12-17 12:00:41 ET,,
a9cbe798da439bd9d012976f7738591b,Dean Wade,player_double_double,,bovada,Cleveland Cavaliers @ Chicago Bulls,2025-12-18T01:10:00Z,,2025-12-17T16:59:46Z,0.93,2025-12-17 12:00:41 ET,,
a9cbe798da439bd9d012976f7738591b,Tre Jones,player_double_double,,bovada,Cleveland Cavaliers @ Chicago Bulls,2025-12-18T01:10:00Z,,2025-12-17T16:59:46Z,0.93,2025-12-17 12:00:41 ET,,
a9cbe798da439bd9d012976f7738591b,Coby White,player_double_double,,bovada,Cleveland Cavaliers @ Chicago Bulls,2025-12-18T01:10:00Z,,2025-12-17T16:59:46Z,0.93,2025-12-17 12:00:41 ET,,
a9cbe798da439bd9d012976f7738591b,Ayo Dosunmu,player_points,8.5,bovada,Cleveland Cavaliers @ Chicago Bulls,2025-12-18T01:10:00Z,,2025-12-17T16:59:46Z,0.93,2025-12-17 12:00:41 ET,-220.0,165.0
a9cbe798da439bd9d012976f7738591b,Ayo Dosunmu,player_points,9.5,bovada,Cleveland Cavaliers @ Chicago Bulls,2025-12-18T01:10:00Z,,2025-12-17T16:59:46Z,0.93,2025-12-17 12:00:41 ET,-160.0,120.0
a9cbe798da439bd9d012976f7738591b,Ayo Dosunmu,player_points,10.5,bovada,Cleveland Cavaliers @ Chicago Bulls,2025-12-18T01:10:00Z,,2025-12-17T16:59:46Z,0.93,2025-12-17 12:00:41 ET,-120.0,-110.0
a9cbe798da439bd9d012976f7738591b,Ayo Dosunmu,player_points,11.5,bovada,Cleveland Cavaliers @ Chicago Bulls,2025-12-18T01:10:00Z,,2025-12-17T16:59:46Z,0.93,2025-12-17 12:00:41 ET,115.0,-150.0
a9cbe798da439bd9d012976f7738591b,Ayo Dosunmu,player_points,12.5,bovada,Cleveland Cavaliers @ Chicago Bulls,2025-12-18T01:10:00Z,,2025-12-17T16:59:46Z,0.93,2025-12-17 12:00:41 ET,155.0,-210.0
a9cbe798da439bd9d012976f7738591b,Ayo Dosunmu,player_points,13.5,bovada,Cleveland Cavaliers @ Chicago Bulls,2025-12-18T01:10:00Z,,2025-12-17T16:59:46Z,0.93,2025-12-17 12:00:41 ET,200.0,-275.0
a9cbe798da439bd9d012976f7738591b,Coby White,player_points,18.5,bovada,Cleveland Cavaliers @ Chicago Bulls,2025-12-18T01:10:00Z,,2025-12-17T16:59:46Z,0.93,2025-12-17 12:00:41 ET,-220.0,165.0
a9cbe798da439bd9d012976f7738591b,Coby White,player_points,19.5,bovada,Cleveland Cavaliers @ Chicago Bulls,2025-12-18T01:10:00Z,,2025-12-17T16:59:46Z,0.93,2025-12-17 12:00:41 ET,-170.0,130.0
a9cbe798da439bd9d012976f7738591b,Coby White,player_points,20.5,bovada,Cleveland Cavaliers @ Chicago Bulls,2025-12-18T01:10:00Z,,2025-12-17T16:59:46Z,0.93,2025-12-17 12:00:41 ET,-135.0,105.0
a9cbe798da439bd9d012976f7738591b,Coby White,player_points,21.5,bovada,Cleveland Cavaliers @ Chicago Bulls,2025-12-18T01:10:00Z,,2025-12-17T16:59:46Z,0.93,2025-12-17 12:00:41 ET,-115.0,-115.0
a9cbe798da439bd9d012976f7738591b,Coby White,player_points,23.5,bovada,Cleveland Cavaliers @ Chicago Bulls,2025-12-18T01:10:00Z,,2025-12-17T16:59:46Z,0.93,2025-12-17 12:00:41 ET,135.0,-180.0
a9cbe798da439bd9d012976f7738591b,Coby White,player_points,24.5,bovada,Cleveland Cavaliers @ Chicago Bulls,2025-12-18T01:10:00Z,,2025-12-17T16:59:46Z,0.93,2025-12-17 12:00:41 ET,165.0,-220.0
a9cbe798da439bd9d012976f7738591b,Coby White,player_points,25.5,bovada,Cleveland Cavaliers @ Chicago Bulls,2025-12-18T01:10:00Z,,2025-12-17T16:59:46Z,0.93,2025-12-17 12:00:41 ET,200.0,-275.0
a9cbe798da439bd9d012976f7738591b,Darius Garland,player_points,16.5,bovada,Cleveland Cavaliers @ Chicago Bulls,2025-12-18T01:10:00Z,,2025-12-17T16:59:46Z,0.93,2025-12-17 12:00:41 ET,-275.0,200.0
a9cbe798da439bd9d012976f7738591b,Darius Garland,player_points,17.5,bovada,Cleveland Cavaliers @ Chicago Bulls,2025-12-18T01:10:00Z,,2025-12-17T16:59:46Z,0.93,2025-12-17 12:00:41 ET,-215.0,160.0
a9cbe798da439bd9d012976f7738591b,Darius Garland,player_points,18.5,bovada,Cleveland Cavaliers @ Chicago Bulls,2025-12-18T01:10:00Z,,2025-12-17T16:59:46Z,0.93,2025-12-17 12:00:41 ET,-165.0,125.0
a9cbe798da439bd9d012976f7738591b,Darius Garland,player_points,19.5,bovada,Cleveland Cavaliers @ Chicago Bulls,2025-12-18T01:10:00Z,,2025-12-17T16:59:46Z,0.93,2025-12-17 12:00:41 ET,-130.0,100.0
a9cbe798da439bd9d012976f7738591b,Darius Garland,player_points,20.5,bovada,Cleveland Cavaliers @ Chicago Bulls,2025-12-18T01:10:00Z,,2025-12-17T16:59:46Z,0.93,2025-12-17 12:00:41 ET,-110.0,-120.0
a9cbe798da439bd9d012976f7738591b,Darius Garland,player_points,21.5,bovada,Cleveland Cavaliers @ Chicago Bulls,2025-12-18T01:10:00Z,,2025-12-17T16:59:46Z,0.93,2025-12-17 12:00:41 ET,120.0,-160.0
a9cbe798da439bd9d012976f7738591b,Darius Garland,player_points,22.5,bovada,Cleveland Cavaliers @ Chicago Bulls,2025-12-18T01:10:00Z,,2025-12-17T16:59:46Z,0.93,2025-12-17 12:00:41 ET,145.0,-190.0
a9cbe798da439bd9d012976f7738591b,Darius Garland,player_points,23.5,bovada,Cleveland Cavaliers @ Chicago Bulls,2025-12-18T01:10:00Z,,2025-12-17T16:59:46Z,0.93,2025-12-17 12:00:41 ET,175.0,-240.0
a9cbe798da439bd9d012976f7738591b,De'Andre Hunter,player_points,11.5,bovada,Cleveland Cavaliers @ Chicago Bulls,2025-12-18T01:10:00Z,,2025-12-17T16:59:46Z,0.93,2025-12-17 12:00:41 ET,-260.0,190.0
a9cbe798da439bd9d012976f7738591b,De'Andre Hunter,player_points,12.5,bovada,Cleveland Cavaliers @ Chicago Bulls,2025-12-18T01:10:00Z,,2025-12-17T16:59:46Z,0.93,2025-12-17 12:00:41 ET,-190.0,145.0
a9cbe798da439bd9d012976f7738591b,De'Andre Hunter,player_points,13.5,bovada,Cleveland Cavaliers @ Chicago Bulls,2025-12-18T01:10:00Z,,2025-12-17T16:59:46Z,0.93,2025-12-17 12:00:41 ET,-145.0,110.0
a9cbe798da439bd9d012976f7738591b,De'Andre Hunter,player_points,14.5,bovada,Cleveland Cavaliers @ Chicago Bulls,2025-12-18T01:10:00Z,,2025-12-17T16:59:46Z,0.93,2025-12-17 12:00:41 ET,-110.0,-120.0
a9cbe798da439bd9d012976f7738591b,De'Andre Hunter,player_points,15.5,bovada,Cleveland Cavaliers @ Chicago Bulls,2025-12-18T01:10:00Z,,2025-12-17T16:59:46Z,0.93,2025-12-17 12:00:41 ET,115.0,-150.0
a9cbe798da439bd9d012976f7738591b,De'Andre Hunter,player_points,16.5,bovada,Cleveland Cavaliers @ Chicago Bulls,2025-12-18T01:10:00Z,,2025-12-17T16:59:46Z,0.93,2025-12-17 12:00:41 ET,150.0,-200.0
a9cbe798da439bd9d012976f7738591b,De'Andre Hunter,player_points,17.5,bovada,Cleveland Cavaliers @ Chicago Bulls,2025-12-18T01:10:00Z,,2025-12-17T16:59:46Z,0.93,2025-12-17 12:00:41 ET,185.0,-250.0
a9cbe798da439bd9d012976f7738591b,Donovan Mitchell,player_points,27.5,bovada,Cleveland Cavaliers @ Chicago Bulls,2025-12-18T01:10:00Z,,2025-12-17T16:59:46Z,0.93,2025-12-17 12:00:41 ET,-275.0,200.0
a9cbe798da439bd9d012976f7738591b,Donovan Mitchell,player_points,28.5,bovada,Cleveland Cavaliers @ Chicago Bulls,2025-12-18T01:10:00Z,,2025-12-17T16:59:46Z,0.93,2025-12-17 12:00:41 ET,-220.0,165.0
a9cbe798da439bd9d012976f7738591b,Donovan Mitchell,player_points,29.5,bovada,Cleveland Cavaliers @ Chicago Bulls,2025-12-18T01:10:00Z,,2025-12-17T16:59:46Z,0.93,2025-12-17 12:00:41 ET,-180.0,135.0
a9cbe798da439bd9d012976f7738591b,Donovan Mitchell,player_points,30.5,bovada,Cleveland Cavaliers @ Chicago Bulls,2025-12-18T01:10:00Z,,2025-12-17T16:59:46Z,0.93,2025-12-17 12:00:41 ET,-150.0,115.0
a9cbe798da439bd9d012976f7738591b,Donovan Mitchell,player_points,31.5,bovada,Cleveland Cavaliers @ Chicago Bulls,2025-12-18T01:10:00Z,,2025-12-17T16:59:46Z,0.93,2025-12-17 12:00:41 ET,-125.0,-105.0
a9cbe798da439bd9d012976f7738591b,Donovan Mitchell,player_points,32.5,bovada,Cleveland Cavaliers @ Chicago Bulls,2025-12-18T01:10:00Z,,2025-12-17T16:59:46Z,0.93,2025-12-17 12:00:41 ET,-105.0,-125.0
a9cbe798da439bd9d012976f7738591b,Donovan Mitchell,player_points,33.5,bovada,Cleveland Cavaliers @ Chicago Bulls,2025-12-18T01:10:00Z,,2025-12-17T16:59:46Z,0.93,2025-12-17 12:00:41 ET,115.0,-150.0
a9cbe798da439bd9d012976f7738591b,Donovan Mitchell,player_points,34.5,bovada,Cleveland Cavaliers @ Chicago Bulls,2025-12-18T01:10:00Z,,2025-12-17T16:59:46Z,0.93,2025-12-17 12:00:41 ET,135.0,-180.0
a9cbe798da439bd9d012976f7738591b,Donovan Mitchell,player_points,35.5,bovada,Cleveland Cavaliers @ Chicago Bulls,2025-12-18T01:10:00Z,,2025-12-17T16:59:46Z,0.93,2025-12-17 12:00:41 ET,160.0,-215.0
a9cbe798da439bd9d012976f7738591b,Donovan Mitchell,player_points,36.5,bovada,Cleveland Cavaliers @ Chicago Bulls,2025-12-18T01:10:00Z,,2025-12-17T16:59:46Z,0.93,2025-12-17 12:00:41 ET,185.0,-250.0
a9cbe798da439bd9d012976f7738591b,Jarrett Allen,player_points,11.5,bovada,Cleveland Cavaliers @ Chicago Bulls,2025-12-18T01:10:00Z,,2025-12-17T16:59:46Z,0.93,2025-12-17 12:00:41 ET,-245.0,180.0
a9cbe798da439bd9d012976f7738591b,Jarrett Allen,player_points,12.5,bovada,Cleveland Cavaliers @ Chicago Bulls,2025-12-18T01:10:00Z,,2025-12-17T16:59:46Z,0.93,2025-12-17 12:00:41 ET,-180.0,135.0
a9cbe798da439bd9d012976f7738591b,Jarrett Allen,player_points,13.5,bovada,Cleveland Cavaliers @ Chicago Bulls,2025-12-18T01:10:00Z,,2025-12-17T16:59:46Z,0.93,2025-12-17 12:00:41 ET,-135.0,105.0
a9cbe798da439bd9d012976f7738591b,Jarrett Allen,player_points,14.5,bovada,Cleveland Cavaliers @ Chicago Bulls,2025-12-18T01:10:00Z,,2025-12-17T16:59:46Z,0.93,2025-12-17 12:00:41 ET,-105.0,-125.0
a9cbe798da439bd9d012976f7738591b,Jarrett Allen,player_points,15.5,bovada,Cleveland Cavaliers @ Chicago Bulls,2025-12-18T01:10:00Z,,2025-12-17T16:59:46Z,0.93,2025-12-17 12:00:41 ET,120.0,-160.0
a9cbe798da439bd9d012976f7738591b,Jarrett Allen,player_points,16.5,bovada,Cleveland Cavaliers @ Chicago Bulls,2025-12-18T01:10:00Z,,2025-12-17T16:59:46Z,0.93,2025-12-17 12:00:41 ET,155.0,-210.0
a9cbe798da439bd9d012976f7738591b,Jarrett Allen,player_points,17.5,bovada,Cleveland Cavaliers @ Chicago Bulls,2025-12-18T01:10:00Z,,2025-12-17T16:59:46Z,0.93,2025-12-17 12:00:41 ET,200.0,-275.0
a9cbe798da439bd9d012976f7738591b,Jaylon Tyson,player_points,10.5,bovada,Cleveland Cavaliers @ Chicago Bulls,2025-12-18T01:10:00Z,,2025-12-17T16:59:46Z,0.93,2025-12-17 12:00:41 ET,-220.0,165.0
a9cbe798da439bd9d012976f7738591b,Jaylon Tyson,player_points,11.5,bovada,Cleveland Cavaliers @ Chicago Bulls,2025-12-18T01:10:00Z,,2025-12-17T16:59:46Z,0.93,2025-12-17 12:00:41 ET,-160.0,120.0
a9cbe798da439bd9d012976f7738591b,Jaylon Tyson,player_points,12.5,bovada,Cleveland Cavaliers @ Chicago Bulls,2025-12-18T01:10:00Z,,2025-12-17T16:59:46Z,0.93,2025-12-17 12:00:41 ET,-120.0,-110.0
a9cbe798da439bd9d012976f7738591b,Jaylon Tyson,player_points,13.5,bovada,Cleveland Cavaliers @ Chicago Bulls,2025-12-18T01:10:00Z,,2025-12-17T16:59:46Z,0.93,2025-12-17 12:00:41 ET,110.0,-145.0
a9cbe798da439bd9d012976f7738591b,Jaylon Tyson,player_points,14.5,bovada,Cleveland Cavaliers @ Chicago Bulls,2025-12-18T01:10:00Z,,2025-12-17T16:59:46Z,0.93,2025-12-17 12:00:41 ET,140.0,-185.0
a9cbe798da439bd9d012976f7738591b,Jaylon Tyson,player_points,15.5,bovada,Cleveland Cavaliers @ Chicago Bulls,2025-12-18T01:10:00Z,,2025-12-17T16:59:46Z,0.93,2025-12-17 12:00:41 ET,180.0,-245.0
a9cbe798da439bd9d012976f7738591b,Josh Giddey,player_points,15.5,bovada,Cleveland Cavaliers @ Chicago Bulls,2025-12-18T01:10:00Z,,2025-12-17T16:59:46Z,0.93,2025-12-17 12:00:41 ET,-275.0,200.0
a9cbe798da439bd9d012976f7738591b,Josh Giddey,player_points,16.5,bovada,Cleveland Cavaliers @ Chicago Bulls,2025-12-18T01:10:00Z,,2025-12-17T16:59:46Z,0.93,2025-12-17 12:00:41 ET,-200.0,150.0
a9cbe798da439bd9d012976f7738591b,Josh Giddey,player_points,17.5,bovada,Cleveland Cavaliers @ Chicago Bulls,2025-12-18T01:10:00Z,,2025-12-17T16:59:46Z,0.93,2025-12-17 12:00:41 ET,-160.0,120.0
a9cbe798da439bd9d012976f7738591b,Josh Giddey,player_points,18.5,bovada,Cleveland Cavaliers @ Chicago Bulls,2025-12-18T01:10:00Z,,2025-12-17T16:59:46Z,0.93,2025-12-17 12:00:41 ET,-130.0,100.0
a9cbe798da439bd9d012976f7738591b,Josh Giddey,player_points,19.5,bovada,Cleveland Cavaliers @ Chicago Bulls,2025-12-18T01:10:00Z,,2025-12-17T16:59:46Z,0.93,2025-12-17 12:00:41 ET,100.0,-130.0
a9cbe798da439bd9d012976f7738591b,Josh Giddey,player_points,20.5,bovada,Cleveland Cavaliers @ Chicago Bulls,2025-12-18T01:10:00Z,,2025-12-17T16:59:46Z,0.93,2025-12-17 12:00:41 ET,125.0,-165.0
a9cbe798da439bd9d012976f7738591b,Josh Giddey,player_points,21.5,bovada,Cleveland Cavaliers @ Chicago Bulls,2025-12-18T01:10:00Z,,2025-12-17T16:59:46Z,0.93,2025-12-17 12:00:41 ET,155.0,-210.0
a9cbe798da439bd9d012976f7738591b,Josh Giddey,player_points,22.5,bovada,Cleveland Cavaliers @ Chicago Bulls,2025-12-18T01:10:00Z,,2025-12-17T16:59:46Z,0.93,2025-12-17 12:00:41 ET,190.0,-260.0
a9cbe798da439bd9d012976f7738591b,Kevin Huerter,player_points,6.5,bovada,Cleveland Cavaliers @ Chicago Bulls,2025-12-18T01:10:00Z,,2025-12-17T16:59:46Z,0.93,2025-12-17 12:00:41 ET,-300.0,215.0
a9cbe798da439bd9d012976f7738591b,Kevin Huerter,player_points,7.5,bovada,Cleveland Cavaliers @ Chicago Bulls,2025-12-18T01:10:00Z,,2025-12-17T16:59:46Z,0.93,2025-12-17 12:00:41 ET,-200.0,150.0
a9cbe798da439bd9d012976f7738591b,Kevin Huerter,player_points,8.5,bovada,Cleveland Cavaliers @ Chicago Bulls,2025-12-18T01:10:00Z,,2025-12-17T16:59:46Z,0.93,2025-12-17 12:00:41 ET,-130.0,100.0
a9cbe798da439bd9d012976f7738591b,Kevin Huerter,player_points,10.5,bovada,Cleveland Cavaliers @ Chicago Bulls,2025-12-18T01:10:00Z,,2025-12-17T16:59:46Z,0.93,2025-12-17 12:00:41 ET,135.0,-180.0
a9cbe798da439bd9d012976f7738591b,Kevin Huerter,player_points,11.5,bovada,Cleveland Cavaliers @ Chicago Bulls,2025-12-18T01:10:00Z,,2025-12-17T16:59:46Z,0.93,2025-12-17 12:00:41 ET,180.0,-245.0
a9cbe798da439bd9d012976f7738591b,Matas Buzelis,player_points,9.5,bovada,Cleveland Cavaliers @ Chicago Bulls,2025-12-18T01:10:00Z,,2025-12-17T16:59:46Z,0.93,2025-12-17 12:00:41 ET,-260.0,190.0
a9cbe798da439bd9d012976f7738591b,Matas Buzelis,player_points,10.5,bovada,Cleveland Cavaliers @ Chicago Bulls,2025-12-18T01:10:00Z,,2025-12-17T16:59:46Z,0.93,2025-12-17 12:00:41 ET,-190.0,145.0
a9cbe798da439bd9d012976f7738591b,Matas Buzelis,player_points,11.5,bovada,Cleveland Cavaliers @ Chicago Bulls,2025-12-18T01:10:00Z,,2025-12-17T16:59:46Z,0.93,2025-12-17 12:00:41 ET,-135.0,105.0
a9cbe798da439bd9d012976f7738591b,Matas Buzelis,player_points,12.5,bovada,Cleveland Cavaliers @ Chicago Bulls,2025-12-18T01:10:00Z,,2025-12-17T16:59:46Z,0.93,2025-12-17 12:00:41 ET,-105.0,-125.0
a9cbe798da439bd9d012976f7738591b,Matas Buzelis,player_points,13.5,bovada,Cleveland Cavaliers @ Chicago Bulls,2025-12-18T01:10:00Z,,2025-12-17T16:59:46Z,0.93,2025-12-17 12:00:41 ET,125.0,-165.0
a9cbe798da439bd9d012976f7738591b,Matas Buzelis,player_points,14.5,bovada,Cleveland Cavaliers @ Chicago Bulls,2025-12-18T01:10:00Z,,2025-12-17T16:59:46Z,0.93,2025-12-17 12:00:41 ET,160.0,-215.0
a9cbe798da439bd9d012976f7738591b,Matas Buzelis,player_points,15.5,bovada,Cleveland Cavaliers @ Chicago Bulls,2025-12-18T01:10:00Z,,2025-12-17T16:59:46Z,0.93,2025-12-17 12:00:41 ET,205.0,-280.0
a9cbe798da439bd9d012976f7738591b,Nikola Vucevic,player_points,11.5,bovada,Cleveland Cavaliers @ Chicago Bulls,2025-12-18T01:10:00Z,,2025-12-17T16:59:46Z,0.93,2025-12-17 12:00:41 ET,-290.0,210.0
a9cbe798da439bd9d012976f7738591b,Nikola Vucevic,player_points,12.5,bovada,Cleveland Cavaliers @ Chicago Bulls,2025-12-18T01:10:00Z,,2025-12-17T16:59:46Z,0.93,2025-12-17 12:00:41 ET,-210.0,155.0
a9cbe798da439bd9d012976f7738591b,Nikola Vucevic,player_points,13.5,bovada,Cleveland Cavaliers @ Chicago Bulls,2025-12-18T01:10:00Z,,2025-12-17T16:59:46Z,0.93,2025-12-17 12:00:41 ET,-160.0,120.0
a9cbe798da439bd9d012976f7738591b,Nikola Vucevic,player_points,14.5,bovada,Cleveland Cavaliers @ Chicago Bulls,2025-12-18T01:10:00Z,,2025-12-17T16:59:46Z,0.93,2025-12-17 12:00:41 ET,-120.0,-110.0
a9cbe798da439bd9d012976f7738591b,Nikola Vucevic,player_points,15.5,bovada,Cleveland Cavaliers @ Chicago Bulls,2025-12-18T01:10:00Z,,2025-12-17T16:59:46Z,0.93,2025-12-17 12:00:41 ET,110.0,-145.0
a9cbe798da439bd9d012976f7738591b,Nikola Vucevic,player_points,16.5,bovada,Cleveland Cavaliers @ Chicago Bulls,2025-12-18T01:10:00Z,,2025-12-17T16:59:46Z,0.93,2025-12-17 12:00:41 ET,135.0,-180.0
a9cbe798da439bd9d012976f7738591b,Nikola Vucevic,player_points,17.5,bovada,Cleveland Cavaliers @ Chicago Bulls,2025-12-18T01:10:00Z,,2025-12-17T16:59:46Z,0.93,2025-12-17 12:00:41 ET,170.0,-230.0
a9cbe798da439bd9d012976f7738591b,Tre Jones,player_points,6.5,bovada,Cleveland Cavaliers @ Chicago Bulls,2025-12-18T01:10:00Z,,2025-12-17T16:59:46Z,0.93,2025-12-17 12:00:41 ET,-260.0,190.0
a9cbe798da439bd9d012976f7738591b,Tre Jones,player_points,7.5,bovada,Cleveland Cavaliers @ Chicago Bulls,2025-12-18T01:10:00Z,,2025-12-17T16:59:46Z,0.93,2025-12-17 12:00:41 ET,-180.0,135.0
a9cbe798da439bd9d012976f7738591b,Tre Jones,player_points,8.5,bovada,Cleveland Cavaliers @ Chicago Bulls,2025-12-18T01:10:00Z,,2025-12-17T16:59:46Z,0.93,2025-12-17 12:00:41 ET,-125.0,-105.0
a9cbe798da439bd9d012976f7738591b,Tre Jones,player_points,9.5,bovada,Cleveland Cavaliers @ Chicago Bulls,2025-12-18T01:10:00Z,,2025-12-17T16:59:46Z,0.93,2025-12-17 12:00:41 ET,110.0,-145.0
a9cbe798da439bd9d012976f7738591b,Tre Jones,player_points,10.5,bovada,Cleveland Cavaliers @ Chicago Bulls,2025-12-18T01:10:00Z,,2025-12-17T16:59:46Z,0.93,2025-12-17 12:00:41 ET,150.0,-200.0
a9cbe798da439bd9d012976f7738591b,Ayo Dosunmu,player_points_rebounds_assists,13.5,bovada,Cleveland Cavaliers @ Chicago Bulls,2025-12-18T01:10:00Z,,2025-12-17T16:59:46Z,0.93,2025-12-17 12:00:41 ET,-220.0,165.0
a9cbe798da439bd9d012976f7738591b,Ayo Dosunmu,player_points_rebounds_assists,14.5,bovada,Cleveland Cavaliers @ Chicago Bulls,2025-12-18T01:10:00Z,,2025-12-17T16:59:46Z,0.93,2025-12-17 12:00:41 ET,-165.0,125.0
a9cbe798da439bd9d012976f7738591b,Ayo Dosunmu,player_points_rebounds_assists,15.5,bovada,Cleveland Cavaliers @ Chicago Bulls,2025-12-18T01:10:00Z,,2025-12-17T16:59:46Z,0.93,2025-12-17 12:00:41 ET,-130.0,100.0
a9cbe798da439bd9d012976f7738591b,Ayo Dosunmu,player_points_rebounds_assists,16.5,bovada,Cleveland Cavaliers @ Chicago Bulls,2025-12-18T01:10:00Z,,2025-12-17T16:59:46Z,0.93,2025-12-17 12:00:41 ET,100.0,-130.0
a9cbe798da439bd9d012976f7738591b,Ayo Dosunmu,player_points_rebounds_assists,17.5,bovada,Cleveland Cavaliers @ Chicago Bulls,2025-12-18T01:10:00Z,,2025-12-17T16:59:46Z,0.93,2025-12-17 12:00:41 ET,125.0,-165.0
a9cbe798da439bd9d012976f7738591b,Coby White,player_points_rebounds_assists,26.5,bovada,Cleveland Cavaliers @ Chicago Bulls,2025-12-18T01:10:00Z,,2025-12-17T16:59:46Z,0.93,2025-12-17 12:00:41 ET,-190.0,145.0
a9cbe798da439bd9d012976f7738591b,Coby White,player_points_rebounds_assists,27.5,bovada,Cleveland Cavaliers @ Chicago Bulls,2025-12-18T01:10:00Z,,2025-12-17T16:59:46Z,0.93,2025-12-17 12:00:41 ET,-160.0,120.0
a9cbe798da439bd9d012976f7738591b,Coby White,player_points_rebounds_assists,28.5,bovada,Cleveland Cavaliers @ Chicago Bulls,2025-12-18T01:10:00Z,,2025-12-17T16:59:46Z,0.93,2025-12-17 12:00:41 ET,-130.0,100.0
a9cbe798da439bd9d012976f7738591b,Coby White,player_points_rebounds_assists,29.5,bovada,Cleveland Cavaliers @ Chicago Bulls,2025-12-18T01:10:00Z,,2025-12-17T16:59:46Z,0.93,2025-12-17 12:00:41 ET,-110.0,-120.0
a9cbe798da439bd9d012976f7738591b,Coby White,player_points_rebounds_assists,30.5,bovada,Cleveland Cavaliers @ Chicago Bulls,2025-12-18T01:10:00Z,,2025-12-17T16:59:46Z,0.93,2025-12-17 12:00:41 ET,110.0,-145.0
a9cbe798da439bd9d012976f7738591b,Darius Garland,player_points_rebounds_assists,27.5,bovada,Cleveland Cavaliers @ Chicago Bulls,2025-12-18T01:10:00Z,,2025-12-17T16:59:46Z,0.93,2025-12-17 12:00:41 ET,-190.0,145.0
a9cbe798da439bd9d012976f7738591b,Darius Garland,player_points_rebounds_assists,28.5,bovada,Cleveland Cavaliers @ Chicago Bulls,2025-12-18T01:10:00Z,,2025-12-17T16:59:46Z,0.93,2025-12-17 12:00:41 ET,-160.0,120.0
a9cbe798da439bd9d012976f7738591b,Darius Garland,player_points_rebounds_assists,29.5,bovada,Cleveland Cavaliers @ Chicago Bulls,2025-12-18T01:10:00Z,,2025-12-17T16:59:46Z,0.93,2025-12-17 12:00:41 ET,-130.0,100.0
a9cbe798da439bd9d012976f7738591b,Darius Garland,player_points_rebounds_assists,30.5,bovada,Cleveland Cavaliers @ Chicago Bulls,2025-12-18T01:10:00Z,,2025-12-17T16:59:46Z,0.93,2025-12-17 12:00:41 ET,-115.0,-115.0
a9cbe798da439bd9d012976f7738591b,Darius Garland,player_points_rebounds_assists,31.5,bovada,Cleveland Cavaliers @ Chicago Bulls,2025-12-18T01:10:00Z,,2025-12-17T16:59:46Z,0.93,2025-12-17 12:00:41 ET,110.0,-145.0
a9cbe798da439bd9d012976f7738591b,De'Andre Hunter,player_points_rebounds_assists,17.5,bovada,Cleveland Cavaliers @ Chicago Bulls,2025-12-18T01:10:00Z,,2025-12-17T16:59:46Z,0.93,2025-12-17 12:00:41 ET,-200.0,150.0
a9cbe798da439bd9d012976f7738591b,De'Andre Hunter,player_points_rebounds_assists,18.5,bovada,Cleveland Cavaliers @ Chicago Bulls,2025-12-18T01:10:00Z,,2025-12-17T16:59:46Z,0.93,2025-12-17 12:00:41 ET,-160.0,120.0
a9cbe798da439bd9d012976f7738591b,De'Andre Hunter,player_points_rebounds_assists,20.5,bovada,Cleveland Cavaliers @ Chicago Bulls,2025-12-18T01:10:00Z,,2025-12-17T16:59:46Z,0.93,2025-12-17 12:00:41 ET,100.0,-130.0
a9cbe798da439bd9d012976f7738591b,De'Andre Hunter,player_points_rebounds_assists,21.5,bovada,Cleveland Cavaliers @ Chicago Bulls,2025-12-18T01:10:00Z,,2025-12-17T16:59:46Z,0.93,2025-12-17 12:00:41 ET,120.0,-160.0
a9cbe798da439bd9d012976f7738591b,Dean Wade,player_points_rebounds_assists,10.5,bovada,Cleveland Cavaliers @ Chicago Bulls,2025-12-18T01:10:00Z,,2025-12-17T16:59:46Z,0.93,2025-12-17 12:00:41 ET,-260.0,190.0
a9cbe798da439bd9d012976f7738591b,Dean Wade,player_points_rebounds_assists,11.5,bovada,Cleveland Cavaliers @ Chicago Bulls,2025-12-18T01:10:00Z,,2025-12-17T16:59:46Z,0.93,2025-12-17 12:00:41 ET,-190.0,145.0
a9cbe798da439bd9d012976f7738591b,Dean Wade,player_points_rebounds_assists,12.5,bovada,Cleveland Cavaliers @ Chicago Bulls,2025-12-18T01:10:00Z,,2025-12-17T16:59:46Z,0.93,2025-12-17 12:00:41 ET,-145.0,110.0
a9cbe798da439bd9d012976f7738591b,Dean Wade,player_points_rebounds_assists,13.5,bovada,Cleveland Cavaliers @ Chicago Bulls,2025-12-18T01:10:00Z,,2025-12-17T16:59:46Z,0.93,2025-12-17 12:00:41 ET,-110.0,-120.0
a9cbe798da439bd9d012976f7738591b,Dean Wade,player_points_rebounds_assists,14.5,bovada,Cleveland Cavaliers @ Chicago Bulls,2025-12-18T01:10:00Z,,2025-12-17T16:59:46Z,0.93,2025-12-17 12:00:41 ET,120.0,-160.0
a9cbe798da439bd9d012976f7738591b,Donovan Mitchell,player_points_rebounds_assists,39.5,bovada,Cleveland Cavaliers @ Chicago Bulls,2025-12-18T01:10:00Z,,2025-12-17T16:59:46Z,0.93,2025-12-17 12:00:41 ET,-180.0,135.0
a9cbe798da439bd9d012976f7738591b,Donovan Mitchell,player_points_rebounds_assists,40.5,bovada,Cleveland Cavaliers @ Chicago Bulls,2025-12-18T01:10:00Z,,2025-12-17T16:59:46Z,0.93,2025-12-17 12:00:41 ET,-150.0,115.0
a9cbe798da439bd9d012976f7738591b,Donovan Mitchell,player_points_rebounds_assists,41.5,bovada,Cleveland Cavaliers @ Chicago Bulls,2025-12-18T01:10:00Z,,2025-12-17T16:59:46Z,0.93,2025-12-17 12:00:41 ET,-120.0,-110.0
a9cbe798da439bd9d012976f7738591b,Donovan Mitchell,player_points_rebounds_assists,42.5,bovada,Cleveland Cavaliers @ Chicago Bulls,2025-12-18T01:10:00Z,,2025-12-17T16:59:46Z,0.93,2025-12-17 12:00:41 ET,-115.0,-115.0
a9cbe798da439bd9d012976f7738591b,Donovan Mitchell,player_points_rebounds_assists,43.5,bovada,Cleveland Cavaliers @ Chicago Bulls,2025-12-18T01:10:00Z,,2025-12-17T16:59:46Z,0.93,2025-12-17 12:00:41 ET,105.0,-135.0
a9cbe798da439bd9d012976f7738591b,Jarrett Allen,player_points_rebounds_assists,23.5,bovada,Cleveland Cavaliers @ Chicago Bulls,2025-12-18T01:10:00Z,,2025-12-17T16:59:46Z,0.93,2025-12-17 12:00:41 ET,-180.0,135.0
a9cbe798da439bd9d012976f7738591b,Jarrett Allen,player_points_rebounds_assists,24.5,bovada,Cleveland Cavaliers @ Chicago Bulls,2025-12-18T01:10:00Z,,2025-12-17T16:59:46Z,0.93,2025-12-17 12:00:41 ET,-145.0,110.0
a9cbe798da439bd9d012976f7738591b,Jarrett Allen,player_points_rebounds_assists,25.5,bovada,Cleveland Cavaliers @ Chicago Bulls,2025-12-18T01:10:00Z,,2025-12-17T16:59:46Z,0.93,2025-12-17 12:00:41 ET,-120.0,-110.0
a9cbe798da439bd9d012976f7738591b,Jarrett Allen,player_points_rebounds_assists,26.5,bovada,Cleveland Cavaliers @ Chicago Bulls,2025-12-18T01:10:00Z,,2025-12-17T16:59:46Z,0.93,2025-12-17 12:00:41 ET,100.0,-130.0
a9cbe798da439bd9d012976f7738591b,Jarrett Allen,player_points_rebounds_assists,27.5,bovada,Cleveland Cavaliers @ Chicago Bulls,2025-12-18T01:10:00Z,,2025-12-17T16:59:46Z,0.93,2025-12-17 12:00:41 ET,120.0,-160.0
a9cbe798da439bd9d012976f7738591b,Jaylon Tyson,player_points_rebounds_assists,19.5,bovada,Cleveland Cavaliers @ Chicago Bulls,2025-12-18T01:10:00Z,,2025-12-17T16:59:46Z,0.93,2025-12-17 12:00:41 ET,-210.0,155.0
a9cbe798da439bd9d012976f7738591b,Jaylon Tyson,player_points_rebounds_assists,20.5,bovada,Cleveland Cavaliers @ Chicago Bulls,2025-12-18T01:10:00Z,,2025-12-17T16:59:46Z,0.93,2025-12-17 12:00:41 ET,-165.0,125.0
a9cbe798da439bd9d012976f7738591b,Jaylon Tyson,player_points_rebounds_assists,21.5,bovada,Cleveland Cavaliers @ Chicago Bulls,2025-12-18T01:10:00Z,,2025-12-17T16:59:46Z,0.93,2025-12-17 12:00:41 ET,-130.0,100.0
a9cbe798da439bd9d012976f7738591b,Jaylon Tyson,player_points_rebounds_assists,22.5,bovada,Cleveland Cavaliers @ Chicago Bulls,2025-12-18T01:10:00Z,,2025-12-17T16:59:46Z,0.93,2025-12-17 12:00:41 ET,-105.0,-125.0
a9cbe798da439bd9d012976f7738591b,Jaylon Tyson,player_points_rebounds_assists,23.5,bovada,Cleveland Cavaliers @ Chicago Bulls,2025-12-18T01:10:00Z,,2025-12-17T16:59:46Z,0.93,2025-12-17 12:00:41 ET,115.0,-150.0
a9cbe798da439bd9d012976f7738591b,Josh Giddey,player_points_rebounds_assists,33.5,bovada,Cleveland Cavaliers @ Chicago Bulls,2025-12-18T01:10:00Z,,2025-12-17T16:59:46Z,0.93,2025-12-17 12:00:41 ET,-160.0,120.0
a9cbe798da439bd9d012976f7738591b,Josh Giddey,player_points_rebounds_assists,34.5,bovada,Cleveland Cavaliers @ Chicago Bulls,2025-12-18T01:10:00Z,,2025-12-17T16:59:46Z,0.93,2025-12-17 12:00:41 ET,-135.0,105.0
a9cbe798da439bd9d012976f7738591b,Josh Giddey,player_points_rebounds_assists,35.5,bovada,Cleveland Cavaliers @ Chicago Bulls,2025-12-18T01:10:00Z,,2025-12-17T16:59:46Z,0.93,2025-12-17 12:00:41 ET,-115.0,-115.0
a9cbe798da439bd9d012976f7738591b,Josh Giddey,player_points_rebounds_assists,36.5,bovada,Cleveland Cavaliers @ Chicago Bulls,2025-12-18T01:10:00Z,,2025-12-17T16:59:46Z,0.93,2025-12-17 12:00:41 ET,100.0,-130.0
a9cbe798da439bd9d012976f7738591b,Josh Giddey,player_points_rebounds_assists,37.5,bovada,Cleveland Cavaliers @ Chicago Bulls,2025-12-18T01:10:00Z,,2025-12-17T16:59:46Z,0.93,2025-12-17 12:00:41 ET,120.0,-160.0
a9cbe798da439bd9d012976f7738591b,Kevin Huerter,player_points_rebounds_assists,10.5,bovada,Cleveland Cavaliers @ Chicago Bulls,2025-12-18T01:10:00Z,,2025-12-17T16:59:46Z,0.93,2025-12-17 12:00:41 ET,-240.0,175.0
a9cbe798da439bd9d012976f7738591b,Kevin Huerter,player_points_rebounds_assists,11.5,bovada,Cleveland Cavaliers @ Chicago Bulls,2025-12-18T01:10:00Z,,2025-12-17T16:59:46Z,0.93,2025-12-17 12:00:41 ET,-180.0,135.0
a9cbe798da439bd9d012976f7738591b,Kevin Huerter,player_points_rebounds_assists,12.5,bovada,Cleveland Cavaliers @ Chicago Bulls,2025-12-18T01:10:00Z,,2025-12-17T16:59:46Z,0.93,2025-12-17 12:00:41 ET,-130.0,100.0
a9cbe798da439bd9d012976f7738591b,Kevin Huerter,player_points_rebounds_assists,13.5,bovada,Cleveland Cavaliers @ Chicago Bulls,2025-12-18T01:10:00Z,,2025-12-17T16:59:46Z,0.93,2025-12-17 12:00:41 ET,100.0,-130.0
a9cbe798da439bd9d012976f7738591b,Kevin Huerter,player_points_rebounds_assists,14.5,bovada,Cleveland Cavaliers @ Chicago Bulls,2025-12-18T01:10:00Z,,2025-12-17T16:59:46Z,0.93,2025-12-17 12:00:41 ET,130.0,-170.0
a9cbe798da439bd9d012976f7738591b,Lonzo Ball,player_points_rebounds_assists,12.5,bovada,Cleveland Cavaliers @ Chicago Bulls,2025-12-18T01:10:00Z,,2025-12-17T16:59:46Z,0.93,2025-12-17 12:00:41 ET,-220.0,165.0
a9cbe798da439bd9d012976f7738591b,Lonzo Ball,player_points_rebounds_assists,13.5,bovada,Cleveland Cavaliers @ Chicago Bulls,2025-12-18T01:10:00Z,,2025-12-17T16:59:46Z,0.93,2025-12-17 12:00:41 ET,-170.0,130.0
a9cbe798da439bd9d012976f7738591b,Lonzo Ball,player_points_rebounds_assists,14.5,bovada,Cleveland Cavaliers @ Chicago Bulls,2025-12-18T01:10:00Z,,2025-12-17T16:59:46Z,0.93,2025-12-17 12:00:41 ET,-130.0,100.0
a9cbe798da439bd9d012976f7738591b,Lonzo Ball,player_points_rebounds_assists,15.5,bovada,Cleveland Cavaliers @ Chicago Bulls,2025-12-18T01:10:00Z,,2025-12-17T16:59:46Z,0.93,2025-12-17 12:00:41 ET,100.0,-130.0
a9cbe798da439bd9d012976f7738591b,Lonzo Ball,player_points_rebounds_assists,16.5,bovada,Cleveland Cavaliers @ Chicago Bulls,2025-12-18T01:10:00Z,,2025-12-17T16:59:46Z,0.93,2025-12-17 12:00:41 ET,125.0,-165.0
a9cbe798da439bd9d012976f7738591b,Matas Buzelis,player_points_rebounds_assists,16.5,bovada,Cleveland Cavaliers @ Chicago Bulls,2025-12-18T01:10:00Z,,2025-12-17T16:59:46Z,0.93,2025-12-17 12:00:41 ET,-190.0,145.0
a9cbe798da439bd9d012976f7738591b,Matas Buzelis,player_points_rebounds_assists,17.5,bovada,Cleveland Cavaliers @ Chicago Bulls,2025-12-18T01:10:00Z,,2025-12-17T16:59:46Z,0.93,2025-12-17 12:00:41 ET,-150.0,115.0
a9cbe798da439bd9d012976f7738591b,Matas Buzelis,player_points_rebounds_assists,18.5,bovada,Cleveland Cavaliers @ Chicago Bulls,2025-12-18T01:10:00Z,,2025-12-17T16:59:46Z,0.93,2025-12-17 12:00:41 ET,-120.0,-110.0
a9cbe798da439bd9d012976f7738591b,Matas Buzelis,player_points_rebounds_assists,19.5,bovada,Cleveland Cavaliers @ Chicago Bulls,2025-12-18T01:10:00Z,,2025-12-17T16:59:46Z,0.93,2025-12-17 12:00:41 ET,105.0,-135.0
a9cbe798da439bd9d012976f7738591b,Matas Buzelis,player_points_rebounds_assists,20.5,bovada,Cleveland Cavaliers @ Chicago Bulls,2025-12-18T01:10:00Z,,2025-12-17T16:59:46Z,0.93,2025-12-17 12:00:41 ET,130.0,-170.0
a9cbe798da439bd9d012976f7738591b,Nikola Vucevic,player_points_rebounds_assists,23.5,bovada,Cleveland Cavaliers @ Chicago Bulls,2025-12-18T01:10:00Z,,2025-12-17T16:59:46Z,0.93,2025-12-17 12:00:41 ET,-190.0,145.0
a9cbe798da439bd9d012976f7738591b,Nikola Vucevic,player_points_rebounds_assists,24.5,bovada,Cleveland Cavaliers @ Chicago Bulls,2025-12-18T01:10:00Z,,2025-12-17T16:59:46Z,0.93,2025-12-17 12:00:41 ET,-160.0,120.0
a9cbe798da439bd9d012976f7738591b,Nikola Vucevic,player_points_rebounds_assists,25.5,bovada,Cleveland Cavaliers @ Chicago Bulls,2025-12-18T01:10:00Z,,2025-12-17T16:59:46Z,0.93,2025-12-17 12:00:41 ET,-125.0,-105.0
a9cbe798da439bd9d012976f7738591b,Nikola Vucevic,player_points_rebounds_assists,26.5,bovada,Cleveland Cavaliers @ Chicago Bulls,2025-12-18T01:10:00Z,,2025-12-17T16:59:46Z,0.93,2025-12-17 12:00:41 ET,-105.0,-125.0
a9cbe798da439bd9d012976f7738591b,Nikola Vucevic,player_points_rebounds_assists,27.5,bovada,Cleveland Cavaliers @ Chicago Bulls,2025-12-18T01:10:00Z,,2025-12-17T16:59:46Z,0.93,2025-12-17 12:00:41 ET,115.0,-150.0
a9cbe798da439bd9d012976f7738591b,Tre Jones,player_points_rebounds_assists,12.5,bovada,Cleveland Cavaliers @ Chicago Bulls,2025-12-18T01:10:00Z,,2025-12-17T16:59:46Z,0.93,2025-12-17 12:00:41 ET,-245.0,180.0
a9cbe798da439bd9d012976f7738591b,Tre Jones,player_points_rebounds_assists,13.5,bovada,Cleveland Cavaliers @ Chicago Bulls,2025-12-18T01:10:00Z,,2025-12-17T16:59:46Z,0.93,2025-12-17 12:00:41 ET,-185.0,140.0
a9cbe798da439bd9d012976f7738591b,Tre Jones,player_points_rebounds_assists,14.5,bovada,Cleveland Cavaliers @ Chicago Bulls,2025-12-18T01:10:00Z,,2025-12-17T16:59:46Z,0.93,2025-12-17 12:00:41 ET,-145.0,110.0
a9cbe798da439bd9d012976f7738591b,Tre Jones,player_points_rebounds_assists,15.5,bovada,Cleveland Cavaliers @ Chicago Bulls,2025-12-18T01:10:00Z,,2025-12-17T16:59:46Z,0.93,2025-12-17 12:00:41 ET,-105.0,-125.0
a9cbe798da439bd9d012976f7738591b,Tre Jones,player_points_rebounds_assists,16.5,bovada,Cleveland Cavaliers @ Chicago Bulls,2025-12-18T01:10:00Z,,2025-12-17T16:59:46Z,0.93,2025-12-17 12:00:41 ET,115.0,-150.0
a9cbe798da439bd9d012976f7738591b,Jarrett Allen,player_rebounds,7.5,bovada,Cleveland Cavaliers @ Chicago Bulls,2025-12-18T01:10:00Z,,2025-12-17T16:59:46Z,0.93,2025-12-17 12:00:41 ET,-275.0,200.0
a9cbe798da439bd9d012976f7738591b,Jarrett Allen,player_rebounds,8.5,bovada,Cleveland Cavaliers @ Chicago Bulls,2025-12-18T01:10:00Z,,2025-12-17T16:59:46Z,0.93,2025-12-17 12:00:41 ET,-160.0,120.0
a9cbe798da439bd9d012976f7738591b,Jarrett Allen,player_rebounds,9.5,bovada,Cleveland Cavaliers @ Chicago Bulls,2025-12-18T01:10:00Z,,2025-12-17T16:59:46Z,0.93,2025-12-17 12:00:41 ET,105.0,-135.0
a9cbe798da439bd9d012976f7738591b,Jarrett Allen,player_rebounds,10.5,bovada,Cleveland Cavaliers @ Chicago Bulls,2025-12-18T01:10:00Z,,2025-12-17T16:59:46Z,0.93,2025-12-17 12:00:41 ET,165.0,-220.0
a9cbe798da439bd9d012976f7738591b,Jaylon Tyson,player_rebounds,5.5,bovada,Cleveland Cavaliers @ Chicago Bulls,2025-12-18T01:10:00Z,,2025-12-17T16:59:46Z,0.93,2025-12-17 12:00:41 ET,-180.0,135.0
a9cbe798da439bd9d012976f7738591b,Jaylon Tyson,player_rebounds,6.5,bovada,Cleveland Cavaliers @ Chicago Bulls,2025-12-18T01:10:00Z,,2025-12-17T16:59:46Z,0.93,2025-12-17 12:00:41 ET,100.0,-130.0
a9cbe798da439bd9d012976f7738591b,Jaylon Tyson,player_rebounds,7.5,bovada,Cleveland Cavaliers @ Chicago Bulls,2025-12-18T01:10:00Z,,2025-12-17T16:59:46Z,0.93,2025-12-17 12:00:41 ET,170.0,-230.0
a9cbe798da439bd9d012976f7738591b,Josh Giddey,player_rebounds,6.5,bovada,Cleveland Cavaliers @ Chicago Bulls,2025-12-18T01:10:00Z,,2025-12-17T16:59:46Z,0.93,2025-12-17 12:00:41 ET,-275.0,200.0
a9cbe798da439bd9d012976f7738591b,Josh Giddey,player_rebounds,7.5,bovada,Cleveland Cavaliers @ Chicago Bulls,2025-12-18T01:10:00Z,,2025-12-17T16:59:46Z,0.93,2025-12-17 12:00:41 ET,-150.0,115.0
a9cbe798da439bd9d012976f7738591b,Josh Giddey,player_rebounds,8.5,bovada,Cleveland Cavaliers @ Chicago Bulls,2025-12-18T01:10:00Z,,2025-12-17T16:59:46Z,0.93,2025-12-17 12:00:41 ET,110.0,-145.0
a9cbe798da439bd9d012976f7738591b,Josh Giddey,player_rebounds,9.5,bovada,Cleveland Cavaliers @ Chicago Bulls,2025-12-18T01:10:00Z,,2025-12-17T16:59:46Z,0.93,2025-12-17 12:00:41 ET,180.0,-245.0
a9cbe798da439bd9d012976f7738591b,Nikola Vucevic,player_rebounds,6.5,bovada,Cleveland Cavaliers @ Chicago Bulls,2025-12-18T01:10:00Z,,2025-12-17T16:59:46Z,0.93,2025-12-17 12:00:41 ET,-290.0,210.0
a9cbe798da439bd9d012976f7738591b,Nikola Vucevic,player_rebounds,7.5,bovada,Cleveland Cavaliers @ Chicago Bulls,2025-12-18T01:10:00Z,,2025-12-17T16:59:46Z,0.93,2025-12-17 12:00:41 ET,-150.0,115.0
a9cbe798da439bd9d012976f7738591b,Nikola Vucevic,player_rebounds,8.5,bovada,Cleveland Cavaliers @ Chicago Bulls,2025-12-18T01:10:00Z,,2025-12-17T16:59:46Z,0.93,2025-12-17 12:00:41 ET,105.0,-135.0
a9cbe798da439bd9d012976f7738591b,Nikola Vucevic,player_rebounds,9.5,bovada,Cleveland Cavaliers @ Chicago Bulls,2025-12-18T01:10:00Z,,2025-12-17T16:59:46Z,0.93,2025-12-17 12:00:41 ET,170.0,-230.0
a9cbe798da439bd9d012976f7738591b,Coby White,player_steals,0.5,bovada,Cleveland Cavaliers @ Chicago Bulls,2025-12-18T01:10:00Z,,2025-12-17T16:59:46Z,0.93,2025-12-17 12:00:41 ET,-160.0,120.0
a9cbe798da439bd9d012976f7738591b,Darius Garland,player_steals,1.5,bovada,Cleveland Cavaliers @ Chicago Bulls,2025-12-18T01:10:00Z,,2025-12-17T16:59:46Z,0.93,2025-12-17 12:00:41 ET,175.0,-240.0
a9cbe798da439bd9d012976f7738591b,Donovan Mitchell,player_steals,1.5,bovada,Cleveland Cavaliers @ Chicago Bulls,2025-12-18T01:10:00Z,,2025-12-17T16:59:46Z,0.93,2025-12-17 12:00:41 ET,105.0,-135.0
a9cbe798da439bd9d012976f7738591b,Josh Giddey,player_steals,0.5,bovada,Cleveland Cavaliers @ Chicago Bulls,2025-12-18T01:10:00Z,,2025-12-17T16:59:46Z,0.93,2025-12-17 12:00:41 ET,-200.0,150.0
a9cbe798da439bd9d012976f7738591b,Matas Buzelis,player_steals,0.5,bovada,Cleveland Cavaliers @ Chicago Bulls,2025-12-18T01:10:00Z,,2025-12-17T16:59:46Z,0.93,2025-12-17 12:00:41 ET,-160.0,120.0
a9cbe798da439bd9d012976f7738591b,Nikola Vucevic,player_steals,0.5,bovada,Cleveland Cavaliers @ Chicago Bulls,2025-12-18T01:10:00Z,,2025-12-17T16:59:46Z,0.93,2025-12-17 12:00:41 ET,-160.0,120.0
a9cbe798da439bd9d012976f7738591b,Tre Jones,player_steals,0.5,bovada,Cleveland Cavaliers @ Chicago Bulls,2025-12-18T01:10:00Z,,2025-12-17T16:59:46Z,0.93,2025-12-17 12:00:41 ET,-240.0,175.0
a9cbe798da439bd9d012976f7738591b,Tre Jones,player_steals,1.5,bovada,Cleveland Cavaliers @ Chicago Bulls,2025-12-18T01:10:00Z,,2025-12-17T16:59:46Z,0.93,2025-12-17 12:00:41 ET,215.0,-300.0
a9cbe798da439bd9d012976f7738591b,Ayo Dosunmu,player_threes,1.5,bovada,Cleveland Cavaliers @ Chicago Bulls,2025-12-18T01:10:00Z,,2025-12-17T16:59:46Z,0.93,2025-12-17 12:00:41 ET,145.0,-190.0
a9cbe798da439bd9d012976f7738591b,Coby White,player_threes,2.5,bovada,Cleveland Cavaliers @ Chicago Bulls,2025-12-18T01:10:00Z,,2025-12-17T16:59:46Z,0.93,2025-12-17 12:00:41 ET,105.0,-135.0
a9cbe798da439bd9d012976f7738591b,Darius Garland,player_threes,2.5,bovada,Cleveland Cavaliers @ Chicago Bulls,2025-12-18T01:10:00Z,,2025-12-17T16:59:46Z,0.93,2025-12-17 12:00:41 ET,105.0,-135.0
a9cbe798da439bd9d012976f7738591b,De'Andre Hunter,player_threes,2.5,bovada,Cleveland Cavaliers @ Chicago Bulls,2025-12-18T01:10:00Z,,2025-12-17T16:59:46Z,0.93,2025-12-17 12:00:41 ET,145.0,-190.0
a9cbe798da439bd9d012976f7738591b,Dean Wade,player_threes,1.5,bovada,Cleveland Cavaliers @ Chicago Bulls,2025-12-18T01:10:00Z,,2025-12-17T16:59:46Z,0.93,2025-12-17 12:00:41 ET,120.0,-160.0
a9cbe798da439bd9d012976f7738591b,Donovan Mitchell,player_threes,3.5,bovada,Cleveland Cavaliers @ Chicago Bulls,2025-12-18T01:10:00Z,,2025-12-17T16:59:46Z,0.93,2025-12-17 12:00:41 ET,-160.0,120.0
a9cbe798da439bd9d012976f7738591b,Donovan Mitchell,player_threes,4.5,bovada,Cleveland Cavaliers @ Chicago Bulls,2025-12-18T01:10:00Z,,2025-12-17T16:59:46Z,0.93,2025-12-17 12:00:41 ET,135.0,-180.0
a9cbe798da439bd9d012976f7738591b,Jaylon Tyson,player_threes,1.5,bovada,Cleveland Cavaliers @ Chicago Bulls,2025-12-18T01:10:00Z,,2025-12-17T16:59:46Z,0.93,2025-12-17 12:00:41 ET,100.0,-130.0
a9cbe798da439bd9d012976f7738591b,Josh Giddey,player_threes,1.5,bovada,Cleveland Cavaliers @ Chicago Bulls,2025-12-18T01:10:00Z,,2025-12-17T16:59:46Z,0.93,2025-12-17 12:00:41 ET,-130.0,100.0
a9cbe798da439bd9d012976f7738591b,Kevin Huerter,player_threes,1.5,bovada,Cleveland Cavaliers @ Chicago Bulls,2025-12-18T01:10:00Z,,2025-12-17T16:59:46Z,0.93,2025-12-17 12:00:41 ET,100.0,-130.0
a9cbe798da439bd9d012976f7738591b,Lonzo Ball,player_threes,1.5,bovada,Cleveland Cavaliers @ Chicago Bulls,2025-12-18T01:10:00Z,,2025-12-17T16:59:46Z,0.93,2025-12-17 12:00:41 ET,115.0,-150.0
a9cbe798da439bd9d012976f7738591b,Matas Buzelis,player_threes,1.5,bovada,Cleveland Cavaliers @ Chicago Bulls,2025-12-18T01:10:00Z,,2025-12-17T16:59:46Z,0.93,2025-12-17 12:00:41 ET,135.0,-180.0
a9cbe798da439bd9d012976f7738591b,Nikola Vucevic,player_threes,1.5,bovada,Cleveland Cavaliers @ Chicago Bulls,2025-12-18T01:10:00Z,,2025-12-17T16:59:46Z,0.93,2025-12-17 12:00:41 ET,100.0,-130.0
a9cbe798da439bd9d012976f7738591b,Patrick Williams,player_threes,0.5,bovada,Cleveland Cavaliers @ Chicago Bulls,2025-12-18T01:10:00Z,,2025-12-17T16:59:46Z,0.93,2025-12-17 12:00:41 ET,-245.0,180.0
a9cbe798da439bd9d012976f7738591b,Patrick Williams,player_threes,1.5,bovada,Cleveland Cavaliers @ Chicago Bulls,2025-12-18T01:10:00Z,,2025-12-17T16:59:46Z,0.93,2025-12-17 12:00:41 ET,190.0,-260.0
a9cbe798da439bd9d012976f7738591b,Josh Giddey,player_triple_double,,bovada,Cleveland Cavaliers @ Chicago Bulls,2025-12-18T01:10:00Z,,2025-12-17T16:59:46Z,0.93,2025-12-17 12:00:41 ET,,
a9cbe798da439bd9d012976f7738591b,Donovan Mitchell,player_assists,5.5,betonlineag,Cleveland Cavaliers @ Chicago Bulls,2025-12-18T01:10:00Z,,2025-12-17T16:59:51Z,0.85,2025-12-17 12:00:41 ET,-125.0,-103.0
a9cbe798da439bd9d012976f7738591b,Josh Giddey,player_assists,8.5,betonlineag,Cleveland Cavaliers @ Chicago Bulls,2025-12-18T01:10:00Z,,2025-12-17T16:59:51Z,0.85,2025-12-17 12:00:41 ET,-101.0,-128.0
a9cbe798da439bd9d012976f7738591b,Tre Jones,player_assists,4.5,betonlineag,Cleveland Cavaliers @ Chicago Bulls,2025-12-18T01:10:00Z,,2025-12-17T16:59:51Z,0.85,2025-12-17 12:00:41 ET,122.0,-159.0
a9cbe798da439bd9d012976f7738591b,Lonzo Ball,player_assists,3.5,betonlineag,Cleveland Cavaliers @ Chicago Bulls,2025-12-18T01:10:00Z,,2025-12-17T16:59:51Z,0.85,2025-12-17 12:00:41 ET,-154.0,118.0
a9cbe798da439bd9d012976f7738591b,Darius Garland,player_assists,7.5,betonlineag,Cleveland Cavaliers @ Chicago Bulls,2025-12-18T01:10:00Z,,2025-12-17T16:59:51Z,0.85,2025-12-17 12:00:41 ET,-101.0,-128.0
a9cbe798da439bd9d012976f7738591b,Ayo Dosunmu,player_assists,2.5,betonlineag,Cleveland Cavaliers @ Chicago Bulls,2025-12-18T01:10:00Z,,2025-12-17T16:59:51Z,0.85,2025-12-17 12:00:41 ET,-116.0,-111.0
a9cbe798da439bd9d012976f7738591b,Nikola Vucevic,player_assists,2.5,betonlineag,Cleveland Cavaliers @ Chicago Bulls,2025-12-18T01:10:00Z,,2025-12-17T16:59:51Z,0.85,2025-12-17 12:00:41 ET,-156.0,121.0
a9cbe798da439bd9d012976f7738591b,Jarrett Allen,player_assists,2.5,betonlineag,Cleveland Cavaliers @ Chicago Bulls,2025-12-18T01:10:00Z,,2025-12-17T16:59:51Z,0.85,2025-12-17 12:00:41 ET,139.0,-182.0
a9cbe798da439bd9d012976f7738591b,Dean Wade,player_assists,2.5,betonlineag,Cleveland Cavaliers @ Chicago Bulls,2025-12-18T01:10:00Z,,2025-12-17T16:59:51Z,0.85,2025-12-17 12:00:41 ET,155.0,-204.0
a9cbe798da439bd9d012976f7738591b,Coby White,player_assists,3.5,betonlineag,Cleveland Cavaliers @ Chicago Bulls,2025-12-18T01:10:00Z,,2025-12-17T16:59:51Z,0.85,2025-12-17 12:00:41 ET,-154.0,118.0
a9cbe798da439bd9d012976f7738591b,Nikola Vucevic,player_points,14.5,betonlineag,Cleveland Cavaliers @ Chicago Bulls,2025-12-18T01:10:00Z,,2025-12-17T16:59:40Z,1.03,2025-12-17 12:00:41 ET,-112.0,-115.0
a9cbe798da439bd9d012976f7738591b,Dean Wade,player_points,6.5,betonlineag,Cleveland Cavaliers @ Chicago Bulls,2025-12-18T01:10:00Z,,2025-12-17T16:59:40Z,1.03,2025-12-17 12:00:41 ET,-122.0,-106.0
a9cbe798da439bd9d012976f7738591b,Josh Giddey,player_points,19.5,betonlineag,Cleveland Cavaliers @ Chicago Bulls,2025-12-18T01:10:00Z,,2025-12-17T16:59:40Z,1.03,2025-12-17 12:00:41 ET,-105.0,-123.0
a9cbe798da439bd9d012976f7738591b,Matas Buzelis,player_points,12.5,betonlineag,Cleveland Cavaliers @ Chicago Bulls,2025-12-18T01:10:00Z,,2025-12-17T16:59:40Z,1.03,2025-12-17 12:00:41 ET,-102.0,-127.0
a9cbe798da439bd9d012976f7738591b,Tre Jones,player_points,9.5,betonlineag,Cleveland Cavaliers @ Chicago Bulls,2025-12-18T01:10:00Z,,2025-12-17T16:59:40Z,1.03,2025-12-17 12:00:41 ET,-105.0,-123.0
a9cbe798da439bd9d012976f7738591b,De'Andre Hunter,player_points,14.5,betonlineag,Cleveland Cavaliers @ Chicago Bulls,2025-12-18T01:10:00Z,,2025-12-17T16:59:40Z,1.03,2025-12-17 12:00:41 ET,-115.0,-112.0
a9cbe798da439bd9d012976f7738591b,Lonzo Ball,player_points,6.5,betonlineag,Cleveland Cavaliers @ Chicago Bulls,2025-12-18T01:10:00Z,,2025-12-17T16:59:40Z,1.03,2025-12-17 12:00:41 ET,-116.0,-111.0
a9cbe798da439bd9d012976f7738591b,Isaac Okoro,player_points,7.5,betonlineag,Cleveland Cavaliers @ Chicago Bulls,2025-12-18T01:10:00Z,,2025-12-17T16:59:40Z,1.03,2025-12-17 12:00:41 ET,-111.0,-116.0
a9cbe798da439bd9d012976f7738591b,Kevin Huerter,player_points,9.5,betonlineag,Cleveland Cavaliers @ Chicago Bulls,2025-12-18T01:10:00Z,,2025-12-17T16:59:40Z,1.03,2025-12-17 12:00:41 ET,-111.0,-116.0
a9cbe798da439bd9d012976f7738591b,Ayo Dosunmu,player_points,10.5,betonlineag,Cleveland Cavaliers @ Chicago Bulls,2025-12-18T01:10:00Z,,2025-12-17T16:59:40Z,1.03,2025-12-17 12:00:41 ET,-119.0,-109.0
a9cbe798da439bd9d012976f7738591b,Jaylon Tyson,player_points,13.5,betonlineag,Cleveland Cavaliers @ Chicago Bulls,2025-12-18T01:10:00Z,,2025-12-17T16:59:40Z,1.03,2025-12-17 12:00:41 ET,-105.0,-123.0
a9cbe798da439bd9d012976f7738591b,Coby White,player_points,22.5,betonlineag,Cleveland Cavaliers @ Chicago Bulls,2025-12-18T01:10:00Z,,2025-12-17T16:59:40Z,1.03,2025-12-17 12:00:41 ET,-103.0,-125.0
a9cbe798da439bd9d012976f7738591b,Jarrett Allen,player_points,14.5,betonlineag,Cleveland Cavaliers @ Chicago Bulls,2025-12-18T01:10:00Z,,2025-12-17T16:59:40Z,1.03,2025-12-17 12:00:41 ET,-105.0,-123.0
a9cbe798da439bd9d012976f7738591b,Darius Garland,player_points,21.5,betonlineag,Cleveland Cavaliers @ Chicago Bulls,2025-12-18T01:10:00Z,,2025-12-17T16:59:40Z,1.03,2025-12-17 12:00:41 ET,100.0,-130.0
a9cbe798da439bd9d012976f7738591b,Donovan Mitchell,player_points,31.5,betonlineag,Cleveland Cavaliers @ Chicago Bulls,2025-12-18T01:10:00Z,,2025-12-17T16:59:40Z,1.03,2025-12-17 12:00:41 ET,-105.0,-123.0
a9cbe798da439bd9d012976f7738591b,Josh Giddey,player_points_rebounds_assists,36.5,betonlineag,Cleveland Cavaliers @ Chicago Bulls,2025-12-18T01:10:00Z,,2025-12-17T16:59:51Z,0.85,2025-12-17 12:00:41 ET,-103.0,-125.0
a9cbe798da439bd9d012976f7738591b,Matas Buzelis,player_points_rebounds_assists,19.5,betonlineag,Cleveland Cavaliers @ Chicago Bulls,2025-12-18T01:10:00Z,,2025-12-17T16:59:51Z,0.85,2025-12-17 12:00:41 ET,-105.0,-123.0
a9cbe798da439bd9d012976f7738591b,Lonzo Ball,player_points_rebounds_assists,15.5,betonlineag,Cleveland Cavaliers @ Chicago Bulls,2025-12-18T01:10:00Z,,2025-12-17T16:59:51Z,0.85,2025-12-17 12:00:41 ET,-114.0,-114.0
a9cbe798da439bd9d012976f7738591b,De'Andre Hunter,player_points_rebounds_assists,20.5,betonlineag,Cleveland Cavaliers @ Chicago Bulls,2025-12-18T01:10:00Z,,2025-12-17T16:59:51Z,0.85,2025-12-17 12:00:41 ET,-111.0,-116.0
a9cbe798da439bd9d012976f7738591b,Nikola Vucevic,player_points_rebounds_assists,26.5,betonlineag,Cleveland Cavaliers @ Chicago Bulls,2025-12-18T01:10:00Z,,2025-12-17T16:59:51Z,0.85,2025-12-17 12:00:41 ET,-103.0,-125.0
a9cbe798da439bd9d012976f7738591b,Coby White,player_points_rebounds_assists,29.5,betonlineag,Cleveland Cavaliers @ Chicago Bulls,2025-12-18T01:10:00Z,,2025-12-17T16:59:51Z,0.85,2025-12-17 12:00:41 ET,-112.0,-115.0
a9cbe798da439bd9d012976f7738591b,Ayo Dosunmu,player_points_rebounds_assists,16.5,betonlineag,Cleveland Cavaliers @ Chicago Bulls,2025-12-18T01:10:00Z,,2025-12-17T16:59:51Z,0.85,2025-12-17 12:00:41 ET,-105.0,-123.0
a9cbe798da439bd9d012976f7738591b,Isaac Okoro,player_points_rebounds_assists,11.5,betonlineag,Cleveland Cavaliers @ Chicago Bulls,2025-12-18T01:10:00Z,,2025-12-17T16:59:51Z,0.85,2025-12-17 12:00:41 ET,-102.0,-127.0
a9cbe798da439bd9d012976f7738591b,Kevin Huerter,player_points_rebounds_assists,14.5,betonlineag,Cleveland Cavaliers @ Chicago Bulls,2025-12-18T01:10:00Z,,2025-12-17T16:59:51Z,0.85,2025-12-17 12:00:41 ET,109.0,-141.0
a9cbe798da439bd9d012976f7738591b,Jarrett Allen,player_points_rebounds_assists,25.5,betonlineag,Cleveland Cavaliers @ Chicago Bulls,2025-12-18T01:10:00Z,,2025-12-17T16:59:51Z,0.85,2025-12-17 12:00:41 ET,-118.0,-110.0
a9cbe798da439bd9d012976f7738591b,Jaylon Tyson,player_points_rebounds_assists,22.5,betonlineag,Cleveland Cavaliers @ Chicago Bulls,2025-12-18T01:10:00Z,,2025-12-17T16:59:51Z,0.85,2025-12-17 12:00:41 ET,-103.0,-125.0
a9cbe798da439bd9d012976f7738591b,Dean Wade,player_points_rebounds_assists,13.5,betonlineag,Cleveland Cavaliers @ Chicago Bulls,2025-12-18T01:10:00Z,,2025-12-17T16:59:51Z,0.85,2025-12-17 12:00:41 ET,-111.0,-116.0
a9cbe798da439bd9d012976f7738591b,Tre Jones,player_points_rebounds_assists,15.5,betonlineag,Cleveland Cavaliers @ Chicago Bulls,2025-12-18T01:10:00Z,,2025-12-17T16:59:51Z,0.85,2025-12-17 12:00:41 ET,-115.0,-112.0
a9cbe798da439bd9d012976f7738591b,Donovan Mitchell,player_points_rebounds_assists,42.5,betonlineag,Cleveland Cavaliers @ Chicago Bulls,2025-12-18T01:10:00Z,,2025-12-17T16:59:51Z,0.85,2025-12-17 12:00:41 ET,100.0,-130.0
a9cbe798da439bd9d012976f7738591b,Darius Garland,player_rebounds,2.5,betonlineag,Cleveland Cavaliers @ Chicago Bulls,2025-12-18T01:10:00Z,,2025-12-17T16:59:51Z,0.85,2025-12-17 12:00:41 ET,-169.0,130.0
a9cbe798da439bd9d012976f7738591b,Coby White,player_rebounds,3.5,betonlineag,Cleveland Cavaliers @ Chicago Bulls,2025-12-18T01:10:00Z,,2025-12-17T16:59:51Z,0.85,2025-12-17 12:00:41 ET,109.0,-141.0
a9cbe798da439bd9d012976f7738591b,Jarrett Allen,player_rebounds,8.5,betonlineag,Cleveland Cavaliers @ Chicago Bulls,2025-12-18T01:10:00Z,,2025-12-17T16:59:51Z,0.85,2025-12-17 12:00:41 ET,-143.0,110.0
a9cbe798da439bd9d012976f7738591b,Dean Wade,player_rebounds,4.5,betonlineag,Cleveland Cavaliers @ Chicago Bulls,2025-12-18T01:10:00Z,,2025-12-17T16:59:51Z,0.85,2025-12-17 12:00:41 ET,-127.0,-102.0
a9cbe798da439bd9d012976f7738591b,Donovan Mitchell,player_rebounds,4.5,betonlineag,Cleveland Cavaliers @ Chicago Bulls,2025-12-18T01:10:00Z,,2025-12-17T16:59:51Z,0.85,2025-12-17 12:00:41 ET,-102.0,-127.0
a9cbe798da439bd9d012976f7738591b,Tre Jones,player_rebounds,2.5,betonlineag,Cleveland Cavaliers @ Chicago Bulls,2025-12-18T01:10:00Z,,2025-12-17T16:59:51Z,0.85,2025-12-17 12:00:41 ET,146.0,-192.0
a9cbe798da439bd9d012976f7738591b,Isaac Okoro,player_rebounds,2.5,betonlineag,Cleveland Cavaliers @ Chicago Bulls,2025-12-18T01:10:00Z,,2025-12-17T16:59:51Z,0.85,2025-12-17 12:00:41 ET,110.0,-143.0
a9cbe798da439bd9d012976f7738591b,Kevin Huerter,player_rebounds,2.5,betonlineag,Cleveland Cavaliers @ Chicago Bulls,2025-12-18T01:10:00Z,,2025-12-17T16:59:51Z,0.85,2025-12-17 12:00:41 ET,117.0,-152.0
a9cbe798da439bd9d012976f7738591b,Ayo Dosunmu,player_rebounds,2.5,betonlineag,Cleveland Cavaliers @ Chicago Bulls,2025-12-18T01:10:00Z,,2025-12-17T16:59:51Z,0.85,2025-12-17 12:00:41 ET,-130.0,100.0
a9cbe798da439bd9d012976f7738591b,Josh Giddey,player_rebounds,8.5,betonlineag,Cleveland Cavaliers @ Chicago Bulls,2025-12-18T01:10:00Z,,2025-12-17T16:59:51Z,0.85,2025-12-17 12:00:41 ET,118.0,-154.0
a9cbe798da439bd9d012976f7738591b,Jaylon Tyson,player_rebounds,6.5,betonlineag,Cleveland Cavaliers @ Chicago Bulls,2025-12-18T01:10:00Z,,2025-12-17T16:59:51Z,0.85,2025-12-17 12:00:41 ET,-109.0,-119.0
a9cbe798da439bd9d012976f7738591b,Lonzo Ball,player_rebounds,4.5,betonlineag,Cleveland Cavaliers @ Chicago Bulls,2025-12-18T01:10:00Z,,2025-12-17T16:59:51Z,0.85,2025-12-17 12:00:41 ET,118.0,-154.0
a9cbe798da439bd9d012976f7738591b,Nikola Vucevic,player_rebounds,8.5,betonlineag,Cleveland Cavaliers @ Chicago Bulls,2025-12-18T01:10:00Z,,2025-12-17T16:59:51Z,0.85,2025-12-17 12:00:41 ET,-101.0,-128.0
a9cbe798da439bd9d012976f7738591b,De'Andre Hunter,player_rebounds,4.5,betonlineag,Cleveland Cavaliers @ Chicago Bulls,2025-12-18T01:10:00Z,,2025-12-17T16:59:51Z,0.85,2025-12-17 12:00:41 ET,122.0,-159.0
a9cbe798da439bd9d012976f7738591b,Matas Buzelis,player_rebounds,5.5,betonlineag,Cleveland Cavaliers @ Chicago Bulls,2025-12-18T01:10:00Z,,2025-12-17T16:59:51Z,0.85,2025-12-17 12:00:41 ET,122.0,-159.0
a9cbe798da439bd9d012976f7738591b,Nikola Vucevic,player_threes,1.5,betonlineag,Cleveland Cavaliers @ Chicago Bulls,2025-12-18T01:10:00Z,,2025-12-17T16:59:51Z,0.85,2025-12-17 12:00:41 ET,100.0,-130.0
a9cbe798da439bd9d012976f7738591b,Darius Garland,player_threes,2.5,betonlineag,Cleveland Cavaliers @ Chicago Bulls,2025-12-18T01:10:00Z,,2025-12-17T16:59:51Z,0.85,2025-12-17 12:00:41 ET,107.0,-139.0
a9cbe798da439bd9d012976f7738591b,Coby White,player_threes,2.5,betonlineag,Cleveland Cavaliers @ Chicago Bulls,2025-12-18T01:10:00Z,,2025-12-17T16:59:51Z,0.85,2025-12-17 12:00:41 ET,106.0,-137.0
a9cbe798da439bd9d012976f7738591b,Donovan Mitchell,player_threes,3.5,betonlineag,Cleveland Cavaliers @ Chicago Bulls,2025-12-18T01:10:00Z,,2025-12-17T16:59:51Z,0.85,2025-12-17 12:00:41 ET,-135.0,104.0
a9cbe798da439bd9d012976f7738591b,Josh Giddey,player_threes,1.5,betonlineag,Cleveland Cavaliers @ Chicago Bulls,2025-12-18T01:10:00Z,,2025-12-17T16:59:51Z,0.85,2025-12-17 12:00:41 ET,-128.0,-101.0
a9cbe798da439bd9d012976f7738591b,Matas Buzelis,player_threes,1.5,betonlineag,Cleveland Cavaliers @ Chicago Bulls,2025-12-18T01:10:00Z,,2025-12-17T16:59:51Z,0.85,2025-12-17 12:00:41 ET,144.0,-189.0
a9cbe798da439bd9d012976f7738591b,Jaylon Tyson,player_threes,1.5,betonlineag,Cleveland Cavaliers @ Chicago Bulls,2025-12-18T01:10:00Z,,2025-12-17T16:59:51Z,0.85,2025-12-17 12:00:41 ET,-112.0,-115.0
a9cbe798da439bd9d012976f7738591b,Lonzo Ball,player_threes,1.5,betonlineag,Cleveland Cavaliers @ Chicago Bulls,2025-12-18T01:10:00Z,,2025-12-17T16:59:51Z,0.85,2025-12-17 12:00:41 ET,109.0,-141.0
a9cbe798da439bd9d012976f7738591b,Ayo Dosunmu,player_threes,1.5,betonlineag,Cleveland Cavaliers @ Chicago Bulls,2025-12-18T01:10:00Z,,2025-12-17T16:59:51Z,0.85,2025-12-17 12:00:41 ET,132.0,-172.0
a9cbe798da439bd9d012976f7738591b,Kevin Huerter,player_threes,1.5,betonlineag,Cleveland Cavaliers @ Chicago Bulls,2025-12-18T01:10:00Z,,2025-12-17T16:59:51Z,0.85,2025-12-17 12:00:41 ET,109.0,-141.0
a9cbe798da439bd9d012976f7738591b,Dean Wade,player_threes,1.5,betonlineag,Cleveland Cavaliers @ Chicago Bulls,2025-12-18T01:10:00Z,,2025-12-17T16:59:51Z,0.85,2025-12-17 12:00:41 ET,117.0,-152.0
a9cbe798da439bd9d012976f7738591b,Isaac Okoro,player_threes,1.5,betonlineag,Cleveland Cavaliers @ Chicago Bulls,2025-12-18T01:10:00Z,,2025-12-17T16:59:51Z,0.85,2025-12-17 12:00:41 ET,186.0,-250.0
a9cbe798da439bd9d012976f7738591b,De'Andre Hunter,player_threes,2.5,betonlineag,Cleveland Cavaliers @ Chicago Bulls,2025-12-18T01:10:00Z,,2025-12-17T16:59:51Z,0.85,2025-12-17 12:00:41 ET,155.0,-204.0
a9cbe798da439bd9d012976f7738591b,Josh Giddey,player_assists,8.5,betmgm,Cleveland Cavaliers @ Chicago Bulls,2025-12-18T01:10:00Z,,2025-12-17T16:59:59Z,0.72,2025-12-17 12:00:41 ET,-115.0,-118.0
a9cbe798da439bd9d012976f7738591b,Nikola Vucevic,player_assists,2.5,betmgm,Cleveland Cavaliers @ Chicago Bulls,2025-12-18T01:10:00Z,,2025-12-17T16:59:59Z,0.72,2025-12-17 12:00:41 ET,-165.0,125.0
a9cbe798da439bd9d012976f7738591b,Jaylon Tyson,player_assists,1.5,betmgm,Cleveland Cavaliers @ Chicago Bulls,2025-12-18T01:10:00Z,,2025-12-17T16:59:59Z,0.72,2025-12-17 12:00:41 ET,-175.0,130.0
a9cbe798da439bd9d012976f7738591b,De'Andre Hunter,player_assists,1.5,betmgm,Cleveland Cavaliers @ Chicago Bulls,2025-12-18T01:10:00Z,,2025-12-17T16:59:59Z,0.72,2025-12-17 12:00:41 ET,-120.0,-110.0
a9cbe798da439bd9d012976f7738591b,Dean Wade,player_assists,1.5,betmgm,Cleveland Cavaliers @ Chicago Bulls,2025-12-18T01:10:00Z,,2025-12-17T16:59:59Z,0.72,2025-12-17 12:00:41 ET,-150.0,115.0
a9cbe798da439bd9d012976f7738591b,Jarrett Allen,player_assists,1.5,betmgm,Cleveland Cavaliers @ Chicago Bulls,2025-12-18T01:10:00Z,,2025-12-17T16:59:59Z,0.72,2025-12-17 12:00:41 ET,-185.0,135.0
a9cbe798da439bd9d012976f7738591b,Ayo Dosunmu,player_assists,2.5,betmgm,Cleveland Cavaliers @ Chicago Bulls,2025-12-18T01:10:00Z,,2025-12-17T16:59:59Z,0.72,2025-12-17 12:00:41 ET,-105.0,-125.0
a9cbe798da439bd9d012976f7738591b,Patrick Williams,player_assists,0.5,betmgm,Cleveland Cavaliers @ Chicago Bulls,2025-12-18T01:10:00Z,,2025-12-17T16:59:59Z,0.72,2025-12-17 12:00:41 ET,-160.0,125.0
a9cbe798da439bd9d012976f7738591b,Coby White,player_assists,3.5,betmgm,Cleveland Cavaliers @ Chicago Bulls,2025-12-18T01:10:00Z,,2025-12-17T16:59:59Z,0.72,2025-12-17 12:00:41 ET,-175.0,130.0
a9cbe798da439bd9d012976f7738591b,Kevin Huerter,player_assists,1.5,betmgm,Cleveland Cavaliers @ Chicago Bulls,2025-12-18T01:10:00Z,,2025-12-17T16:59:59Z,0.72,2025-12-17 12:00:41 ET,-110.0,-120.0
a9cbe798da439bd9d012976f7738591b,Tre Jones,player_assists,3.5,betmgm,Cleveland Cavaliers @ Chicago Bulls,2025-12-18T01:10:00Z,,2025-12-17T16:59:59Z,0.72,2025-12-17 12:00:41 ET,-155.0,115.0
a9cbe798da439bd9d012976f7738591b,Matas Buzelis,player_assists,1.5,betmgm,Cleveland Cavaliers @ Chicago Bulls,2025-12-18T01:10:00Z,,2025-12-17T16:59:59Z,0.72,2025-12-17 12:00:41 ET,-135.0,100.0
a9cbe798da439bd9d012976f7738591b,Donovan Mitchell,player_assists,5.5,betmgm,Cleveland Cavaliers @ Chicago Bulls,2025-12-18T01:10:00Z,,2025-12-17T16:59:59Z,0.72,2025-12-17 12:00:41 ET,100.0,-130.0
a9cbe798da439bd9d012976f7738591b,Isaac Okoro,player_assists,0.5,betmgm,Cleveland Cavaliers @ Chicago Bulls,2025-12-18T01:10:00Z,,2025-12-17T16:59:59Z,0.72,2025-12-17 12:00:41 ET,-200.0,145.0
a9cbe798da439bd9d012976f7738591b,Darius Garland,player_assists,7.5,betmgm,Cleveland Cavaliers @ Chicago Bulls,2025-12-18T01:10:00Z,,2025-12-17T16:59:59Z,0.72,2025-12-17 12:00:41 ET,110.0,-145.0
a9cbe798da439bd9d012976f7738591b,Thomas Bryant,player_assists,0.5,betmgm,Cleveland Cavaliers @ Chicago Bulls,2025-12-18T01:10:00Z,,2025-12-17T16:59:59Z,0.72,2025-12-17 12:00:41 ET,105.0,-145.0
a9cbe798da439bd9d012976f7738591b,Lonzo Ball,player_assists,3.5,betmgm,Cleveland Cavaliers @ Chicago Bulls,2025-12-18T01:10:00Z,,2025-12-17T16:59:59Z,0.72,2025-12-17 12:00:41 ET,-160.0,120.0
a9cbe798da439bd9d012976f7738591b,Josh Giddey,player_blocks,0.5,betmgm,Cleveland Cavaliers @ Chicago Bulls,2025-12-18T01:10:00Z,,2025-12-17T16:59:59Z,0.72,2025-12-17 12:00:41 ET,145.0,-200.0
a9cbe798da439bd9d012976f7738591b,Nikola Vucevic,player_blocks,0.5,betmgm,Cleveland Cavaliers @ Chicago Bulls,2025-12-18T01:10:00Z,,2025-12-17T16:59:59Z,0.72,2025-12-17 12:00:41 ET,240.0,-350.0
a9cbe798da439bd9d012976f7738591b,Darius Garland,player_blocks,0.5,betmgm,Cleveland Cavaliers @ Chicago Bulls,2025-12-18T01:10:00Z,,2025-12-17T16:59:59Z,0.72,2025-12-17 12:00:41 ET,425.0,-800.0
a9cbe798da439bd9d012976f7738591b,De'Andre Hunter,player_blocks,0.5,betmgm,Cleveland Cavaliers @ Chicago Bulls,2025-12-18T01:10:00Z,,2025-12-17T16:59:59Z,0.72,2025-12-17 12:00:41 ET,375.0,-700.0
a9cbe798da439bd9d012976f7738591b,Dean Wade,player_blocks,0.5,betmgm,Cleveland Cavaliers @ Chicago Bulls,2025-12-18T01:10:00Z,,2025-12-17T16:59:59Z,0.72,2025-12-17 12:00:41 ET,135.0,-190.0
a9cbe798da439bd9d012976f7738591b,Jarrett Allen,player_blocks,0.5,betmgm,Cleveland Cavaliers @ Chicago Bulls,2025-12-18T01:10:00Z,,2025-12-17T16:59:59Z,0.72,2025-12-17 12:00:41 ET,-220.0,150.0
a9cbe798da439bd9d012976f7738591b,Coby White,player_blocks,0.5,betmgm,Cleveland Cavaliers @ Chicago Bulls,2025-12-18T01:10:00Z,,2025-12-17T16:59:59Z,0.72,2025-12-17 12:00:41 ET,425.0,-800.0
a9cbe798da439bd9d012976f7738591b,Matas Buzelis,player_blocks,1.5,betmgm,Cleveland Cavaliers @ Chicago Bulls,2025-12-18T01:10:00Z,,2025-12-17T16:59:59Z,0.72,2025-12-17 12:00:41 ET,120.0,-165.0
a9cbe798da439bd9d012976f7738591b,Donovan Mitchell,player_blocks,0.5,betmgm,Cleveland Cavaliers @ Chicago Bulls,2025-12-18T01:10:00Z,,2025-12-17T16:59:59Z,0.72,2025-12-17 12:00:41 ET,210.0,-325.0
a9cbe798da439bd9d012976f7738591b,Isaac Okoro,player_blocks,0.5,betmgm,Cleveland Cavaliers @ Chicago Bulls,2025-12-18T01:10:00Z,,2025-12-17T16:59:59Z,0.72,2025-12-17 12:00:41 ET,175.0,-250.0
a9cbe798da439bd9d012976f7738591b,Josh Giddey,player_double_double,,betmgm,Cleveland Cavaliers @ Chicago Bulls,2025-12-18T01:10:00Z,,2025-12-17T16:59:59Z,0.72,2025-12-17 12:00:41 ET,,
a9cbe798da439bd9d012976f7738591b,Nikola Vucevic,player_double_double,,betmgm,Cleveland Cavaliers @ Chicago Bulls,2025-12-18T01:10:00Z,,2025-12-17T16:59:59Z,0.72,2025-12-17 12:00:41 ET,,
a9cbe798da439bd9d012976f7738591b,Darius Garland,player_double_double,,betmgm,Cleveland Cavaliers @ Chicago Bulls,2025-12-18T01:10:00Z,,2025-12-17T16:59:59Z,0.72,2025-12-17 12:00:41 ET,,
a9cbe798da439bd9d012976f7738591b,De'Andre Hunter,player_double_double,,betmgm,Cleveland Cavaliers @ Chicago Bulls,2025-12-18T01:10:00Z,,2025-12-17T16:59:59Z,0.72,2025-12-17 12:00:41 ET,,
a9cbe798da439bd9d012976f7738591b,Dean Wade,player_double_double,,betmgm,Cleveland Cavaliers @ Chicago Bulls,2025-12-18T01:10:00Z,,2025-12-17T16:59:59Z,0.72,2025-12-17 12:00:41 ET,,
a9cbe798da439bd9d012976f7738591b,Jarrett Allen,player_double_double,,betmgm,Cleveland Cavaliers @ Chicago Bulls,2025-12-18T01:10:00Z,,2025-12-17T16:59:59Z,0.72,2025-12-17 12:00:41 ET,,
a9cbe798da439bd9d012976f7738591b,Coby White,player_double_double,,betmgm,Cleveland Cavaliers @ Chicago Bulls,2025-12-18T01:10:00Z,,2025-12-17T16:59:59Z,0.72,2025-12-17 12:00:41 ET,,
a9cbe798da439bd9d012976f7738591b,Matas Buzelis,player_double_double,,betmgm,Cleveland Cavaliers @ Chicago Bulls,2025-12-18T01:10:00Z,,2025-12-17T16:59:59Z,0.72,2025-12-17 12:00:41 ET,,
a9cbe798da439bd9d012976f7738591b,Donovan Mitchell,player_double_double,,betmgm,Cleveland Cavaliers @ Chicago Bulls,2025-12-18T01:10:00Z,,2025-12-17T16:59:59Z,0.72,2025-12-17 12:00:41 ET,,
a9cbe798da439bd9d012976f7738591b,Josh Giddey,player_points,18.5,betmgm,Cleveland Cavaliers @ Chicago Bulls,2025-12-18T01:10:00Z,,2025-12-17T16:59:59Z,0.72,2025-12-17 12:00:41 ET,-130.0,-105.0
a9cbe798da439bd9d012976f7738591b,Nikola Vucevic,player_points,14.5,betmgm,Cleveland Cavaliers @ Chicago Bulls,2025-12-18T01:10:00Z,,2025-12-17T16:59:59Z,0.72,2025-12-17 12:00:41 ET,-125.0,-105.0
a9cbe798da439bd9d012976f7738591b,Jaylon Tyson,player_points,12.5,betmgm,Cleveland Cavaliers @ Chicago Bulls,2025-12-18T01:10:00Z,,2025-12-17T16:59:59Z,0.72,2025-12-17 12:00:41 ET,-140.0,105.0
a9cbe798da439bd9d012976f7738591b,Darius Garland,player_points,20.5,betmgm,Cleveland Cavaliers @ Chicago Bulls,2025-12-18T01:10:00Z,,2025-12-17T16:59:59Z,0.72,2025-12-17 12:00:41 ET,-110.0,-118.0
a9cbe798da439bd9d012976f7738591b,De'Andre Hunter,player_points,14.5,betmgm,Cleveland Cavaliers @ Chicago Bulls,2025-12-18T01:10:00Z,,2025-12-17T16:59:59Z,0.72,2025-12-17 12:00:41 ET,-110.0,-118.0
a9cbe798da439bd9d012976f7738591b,Dean Wade,player_points,6.5,betmgm,Cleveland Cavaliers @ Chicago Bulls,2025-12-18T01:10:00Z,,2025-12-17T16:59:59Z,0.72,2025-12-17 12:00:41 ET,-120.0,-110.0
a9cbe798da439bd9d012976f7738591b,Ayo Dosunmu,player_points,10.5,betmgm,Cleveland Cavaliers @ Chicago Bulls,2025-12-18T01:10:00Z,,2025-12-17T16:59:59Z,0.72,2025-12-17 12:00:41 ET,-115.0,-115.0
a9cbe798da439bd9d012976f7738591b,Patrick Williams,player_points,6.5,betmgm,Cleveland Cavaliers @ Chicago Bulls,2025-12-18T01:10:00Z,,2025-12-17T16:59:59Z,0.72,2025-12-17 12:00:41 ET,-115.0,-118.0
a9cbe798da439bd9d012976f7738591b,Tre Jones,player_points,9.5,betmgm,Cleveland Cavaliers @ Chicago Bulls,2025-12-18T01:10:00Z,,2025-12-17T16:59:59Z,0.72,2025-12-17 12:00:41 ET,100.0,-130.0
a9cbe798da439bd9d012976f7738591b,Matas Buzelis,player_points,12.5,betmgm,Cleveland Cavaliers @ Chicago Bulls,2025-12-18T01:10:00Z,,2025-12-17T16:59:59Z,0.72,2025-12-17 12:00:41 ET,-105.0,-130.0
a9cbe798da439bd9d012976f7738591b,Lonzo Ball,player_points,6.5,betmgm,Cleveland Cavaliers @ Chicago Bulls,2025-12-18T01:10:00Z,,2025-12-17T16:59:59Z,0.72,2025-12-17 12:00:41 ET,-115.0,-118.0
a9cbe798da439bd9d012976f7738591b,Isaac Okoro,player_points,7.5,betmgm,Cleveland Cavaliers @ Chicago Bulls,2025-12-18T01:10:00Z,,2025-12-17T16:59:59Z,0.72,2025-12-17 12:00:41 ET,-110.0,-120.0
a9cbe798da439bd9d012976f7738591b,Kevin Huerter,player_points,9.5,betmgm,Cleveland Cavaliers @ Chicago Bulls,2025-12-18T01:10:00Z,,2025-12-17T16:59:59Z,0.72,2025-12-17 12:00:41 ET,100.0,-135.0
a9cbe798da439bd9d012976f7738591b,Coby White,player_points,21.5,betmgm,Cleveland Cavaliers @ Chicago Bulls,2025-12-18T01:10:00Z,,2025-12-17T16:59:59Z,0.72,2025-12-17 12:00:41 ET,-125.0,-105.0
a9cbe798da439bd9d012976f7738591b,Jarrett Allen,player_points,14.5,betmgm,Cleveland Cavaliers @ Chicago Bulls,2025-12-18T01:10:00Z,,2025-12-17T16:59:59Z,0.72,2025-12-17 12:00:41 ET,-115.0,-115.0
a9cbe798da439bd9d012976f7738591b,Thomas Bryant,player_points,5.5,betmgm,Cleveland Cavaliers @ Chicago Bulls,2025-12-18T01:10:00Z,,2025-12-17T16:59:59Z,0.72,2025-12-17 12:00:41 ET,-135.0,100.0
a9cbe798da439bd9d012976f7738591b,Donovan Mitchell,player_points,31.5,betmgm,Cleveland Cavaliers @ Chicago Bulls,2025-12-18T01:10:00Z,,2025-12-17T16:59:59Z,0.72,2025-12-17 12:00:41 ET,-115.0,-118.0
a9cbe798da439bd9d012976f7738591b,Josh Giddey,player_points_rebounds_assists,35.5,betmgm,Cleveland Cavaliers @ Chicago Bulls,2025-12-18T01:10:00Z,,2025-12-17T16:59:59Z,0.72,2025-12-17 12:00:41 ET,-118.0,-115.0
a9cbe798da439bd9d012976f7738591b,Jaylon Tyson,player_points_rebounds_assists,21.5,betmgm,Cleveland Cavaliers @ Chicago Bulls,2025-12-18T01:10:00Z,,2025-12-17T16:59:59Z,0.72,2025-12-17 12:00:41 ET,-130.0,-105.0
a9cbe798da439bd9d012976f7738591b,Darius Garland,player_points_rebounds_assists,30.5,betmgm,Cleveland Cavaliers @ Chicago Bulls,2025-12-18T01:10:00Z,,2025-12-17T16:59:59Z,0.72,2025-12-17 12:00:41 ET,-115.0,-115.0
a9cbe798da439bd9d012976f7738591b,De'Andre Hunter,player_points_rebounds_assists,20.5,betmgm,Cleveland Cavaliers @ Chicago Bulls,2025-12-18T01:10:00Z,,2025-12-17T16:59:59Z,0.72,2025-12-17 12:00:41 ET,-105.0,-125.0
a9cbe798da439bd9d012976f7738591b,Dean Wade,player_points_rebounds_assists,13.5,betmgm,Cleveland Cavaliers @ Chicago Bulls,2025-12-18T01:10:00Z,,2025-12-17T16:59:59Z,0.72,2025-12-17 12:00:41 ET,-118.0,-110.0
a9cbe798da439bd9d012976f7738591b,Ayo Dosunmu,player_points_rebounds_assists,16.5,betmgm,Cleveland Cavaliers @ Chicago Bulls,2025-12-18T01:10:00Z,,2025-12-17T16:59:59Z,0.72,2025-12-17 12:00:41 ET,100.0,-135.0
a9cbe798da439bd9d012976f7738591b,Patrick Williams,player_points_rebounds_assists,10.5,betmgm,Cleveland Cavaliers @ Chicago Bulls,2025-12-18T01:10:00Z,,2025-12-17T16:59:59Z,0.72,2025-12-17 12:00:41 ET,-130.0,100.0
a9cbe798da439bd9d012976f7738591b,Coby White,player_points_rebounds_assists,29.5,betmgm,Cleveland Cavaliers @ Chicago Bulls,2025-12-18T01:10:00Z,,2025-12-17T16:59:59Z,0.72,2025-12-17 12:00:41 ET,-110.0,-120.0
a9cbe798da439bd9d012976f7738591b,Kevin Huerter,player_points_rebounds_assists,13.5,betmgm,Cleveland Cavaliers @ Chicago Bulls,2025-12-18T01:10:00Z,,2025-12-17T16:59:59Z,0.72,2025-12-17 12:00:41 ET,-105.0,-130.0
a9cbe798da439bd9d012976f7738591b,Tre Jones,player_points_rebounds_assists,15.5,betmgm,Cleveland Cavaliers @ Chicago Bulls,2025-12-18T01:10:00Z,,2025-12-17T16:59:59Z,0.72,2025-12-17 12:00:41 ET,-115.0,-115.0
a9cbe798da439bd9d012976f7738591b,Lonzo Ball,player_points_rebounds_assists,15.5,betmgm,Cleveland Cavaliers @ Chicago Bulls,2025-12-18T01:10:00Z,,2025-12-17T16:59:59Z,0.72,2025-12-17 12:00:41 ET,100.0,-130.0
a9cbe798da439bd9d012976f7738591b,Isaac Okoro,player_points_rebounds_assists,11.5,betmgm,Cleveland Cavaliers @ Chicago Bulls,2025-12-18T01:10:00Z,,2025-12-17T16:59:59Z,0.72,2025-12-17 12:00:41 ET,100.0,-130.0
a9cbe798da439bd9d012976f7738591b,Matas Buzelis,player_points_rebounds_assists,18.5,betmgm,Cleveland Cavaliers @ Chicago Bulls,2025-12-18T01:10:00Z,,2025-12-17T16:59:59Z,0.72,2025-12-17 12:00:41 ET,-120.0,-110.0
a9cbe798da439bd9d012976f7738591b,Jarrett Allen,player_points_rebounds_assists,25.5,betmgm,Cleveland Cavaliers @ Chicago Bulls,2025-12-18T01:10:00Z,,2025-12-17T16:59:59Z,0.72,2025-12-17 12:00:41 ET,-118.0,-115.0
a9cbe798da439bd9d012976f7738591b,Nikola Vucevic,player_points_rebounds_assists,26.5,betmgm,Cleveland Cavaliers @ Chicago Bulls,2025-12-18T01:10:00Z,,2025-12-17T16:59:59Z,0.72,2025-12-17 12:00:41 ET,-105.0,-125.0
a9cbe798da439bd9d012976f7738591b,Thomas Bryant,player_points_rebounds_assists,11.5,betmgm,Cleveland Cavaliers @ Chicago Bulls,2025-12-18T01:10:00Z,,2025-12-17T16:59:59Z,0.72,2025-12-17 12:00:41 ET,-105.0,-130.0
a9cbe798da439bd9d012976f7738591b,Donovan Mitchell,player_points_rebounds_assists,41.5,betmgm,Cleveland Cavaliers @ Chicago Bulls,2025-12-18T01:10:00Z,,2025-12-17T16:59:59Z,0.72,2025-12-17 12:00:41 ET,-115.0,-115.0
a9cbe798da439bd9d012976f7738591b,Josh Giddey,player_rebounds,7.5,betmgm,Cleveland Cavaliers @ Chicago Bulls,2025-12-18T01:10:00Z,,2025-12-17T16:59:59Z,0.72,2025-12-17 12:00:41 ET,-150.0,110.0
a9cbe798da439bd9d012976f7738591b,Nikola Vucevic,player_rebounds,7.5,betmgm,Cleveland Cavaliers @ Chicago Bulls,2025-12-18T01:10:00Z,,2025-12-17T16:59:59Z,0.72,2025-12-17 12:00:41 ET,-155.0,115.0
a9cbe798da439bd9d012976f7738591b,Jaylon Tyson,player_rebounds,6.5,betmgm,Cleveland Cavaliers @ Chicago Bulls,2025-12-18T01:10:00Z,,2025-12-17T16:59:59Z,0.72,2025-12-17 12:00:41 ET,-110.0,-118.0
a9cbe798da439bd9d012976f7738591b,Darius Garland,player_rebounds,2.5,betmgm,Cleveland Cavaliers @ Chicago Bulls,2025-12-18T01:10:00Z,,2025-12-17T16:59:59Z,0.72,2025-12-17 12:00:41 ET,-145.0,105.0
a9cbe798da439bd9d012976f7738591b,De'Andre Hunter,player_rebounds,3.5,betmgm,Cleveland Cavaliers @ Chicago Bulls,2025-12-18T01:10:00Z,,2025-12-17T16:59:59Z,0.72,2025-12-17 12:00:41 ET,-155.0,115.0
a9cbe798da439bd9d012976f7738591b,Dean Wade,player_rebounds,4.5,betmgm,Cleveland Cavaliers @ Chicago Bulls,2025-12-18T01:10:00Z,,2025-12-17T16:59:59Z,0.72,2025-12-17 12:00:41 ET,-140.0,105.0
a9cbe798da439bd9d012976f7738591b,Ayo Dosunmu,player_rebounds,2.5,betmgm,Cleveland Cavaliers @ Chicago Bulls,2025-12-18T01:10:00Z,,2025-12-17T16:59:59Z,0.72,2025-12-17 12:00:41 ET,-135.0,100.0
a9cbe798da439bd9d012976f7738591b,Patrick Williams,player_rebounds,2.5,betmgm,Cleveland Cavaliers @ Chicago Bulls,2025-12-18T01:10:00Z,,2025-12-17T16:59:59Z,0.72,2025-12-17 12:00:41 ET,-155.0,115.0
a9cbe798da439bd9d012976f7738591b,Coby White,player_rebounds,3.5,betmgm,Cleveland Cavaliers @ Chicago Bulls,2025-12-18T01:10:00Z,,2025-12-17T16:59:59Z,0.72,2025-12-17 12:00:41 ET,105.0,-140.0
a9cbe798da439bd9d012976f7738591b,Kevin Huerter,player_rebounds,2.5,betmgm,Cleveland Cavaliers @ Chicago Bulls,2025-12-18T01:10:00Z,,2025-12-17T16:59:59Z,0.72,2025-12-17 12:00:41 ET,125.0,-165.0
a9cbe798da439bd9d012976f7738591b,Tre Jones,player_rebounds,1.5,betmgm,Cleveland Cavaliers @ Chicago Bulls,2025-12-18T01:10:00Z,,2025-12-17T16:59:59Z,0.72,2025-12-17 12:00:41 ET,-190.0,140.0
a9cbe798da439bd9d012976f7738591b,Matas Buzelis,player_rebounds,4.5,betmgm,Cleveland Cavaliers @ Chicago Bulls,2025-12-18T01:10:00Z,,2025-12-17T16:59:59Z,0.72,2025-12-17 12:00:41 ET,-160.0,120.0
a9cbe798da439bd9d012976f7738591b,Donovan Mitchell,player_rebounds,4.5,betmgm,Cleveland Cavaliers @ Chicago Bulls,2025-12-18T01:10:00Z,,2025-12-17T16:59:59Z,0.72,2025-12-17 12:00:41 ET,-105.0,-130.0
a9cbe798da439bd9d012976f7738591b,Lonzo Ball,player_rebounds,4.5,betmgm,Cleveland Cavaliers @ Chicago Bulls,2025-12-18T01:10:00Z,,2025-12-17T16:59:59Z,0.72,2025-12-17 12:00:41 ET,120.0,-160.0
a9cbe798da439bd9d012976f7738591b,Isaac Okoro,player_rebounds,2.5,betmgm,Cleveland Cavaliers @ Chicago Bulls,2025-12-18T01:10:00Z,,2025-12-17T16:59:59Z,0.72,2025-12-17 12:00:41 ET,100.0,-135.0
a9cbe798da439bd9d012976f7738591b,Jarrett Allen,player_rebounds,9.5,betmgm,Cleveland Cavaliers @ Chicago Bulls,2025-12-18T01:10:00Z,,2025-12-17T16:59:59Z,0.72,2025-12-17 12:00:41 ET,105.0,-140.0
a9cbe798da439bd9d012976f7738591b,Thomas Bryant,player_rebounds,4.5,betmgm,Cleveland Cavaliers @ Chicago Bulls,2025-12-18T01:10:00Z,,2025-12-17T16:59:59Z,0.72,2025-12-17 12:00:41 ET,100.0,-135.0
a9cbe798da439bd9d012976f7738591b,Josh Giddey,player_threes,1.5,betmgm,Cleveland Cavaliers @ Chicago Bulls,2025-12-18T01:10:00Z,,2025-12-17T16:59:59Z,0.72,2025-12-17 12:00:41 ET,-135.0,100.0
a9cbe798da439bd9d012976f7738591b,Nikola Vucevic,player_threes,1.5,betmgm,Cleveland Cavaliers @ Chicago Bulls,2025-12-18T01:10:00Z,,2025-12-17T16:59:59Z,0.72,2025-12-17 12:00:41 ET,100.0,-130.0
a9cbe798da439bd9d012976f7738591b,Jaylon Tyson,player_threes,1.5,betmgm,Cleveland Cavaliers @ Chicago Bulls,2025-12-18T01:10:00Z,,2025-12-17T16:59:59Z,0.72,2025-12-17 12:00:41 ET,-105.0,-130.0
a9cbe798da439bd9d012976f7738591b,Darius Garland,player_threes,2.5,betmgm,Cleveland Cavaliers @ Chicago Bulls,2025-12-18T01:10:00Z,,2025-12-17T16:59:59Z,0.72,2025-12-17 12:00:41 ET,105.0,-140.0
a9cbe798da439bd9d012976f7738591b,De'Andre Hunter,player_threes,2.5,betmgm,Cleveland Cavaliers @ Chicago Bulls,2025-12-18T01:10:00Z,,2025-12-17T16:59:59Z,0.72,2025-12-17 12:00:41 ET,150.0,-200.0
a9cbe798da439bd9d012976f7738591b,Dean Wade,player_threes,1.5,betmgm,Cleveland Cavaliers @ Chicago Bulls,2025-12-18T01:10:00Z,,2025-12-17T16:59:59Z,0.72,2025-12-17 12:00:41 ET,110.0,-145.0
a9cbe798da439bd9d012976f7738591b,Ayo Dosunmu,player_threes,1.5,betmgm,Cleveland Cavaliers @ Chicago Bulls,2025-12-18T01:10:00Z,,2025-12-17T16:59:59Z,0.72,2025-12-17 12:00:41 ET,140.0,-190.0
a9cbe798da439bd9d012976f7738591b,Patrick Williams,player_threes,1.5,betmgm,Cleveland Cavaliers @ Chicago Bulls,2025-12-18T01:10:00Z,,2025-12-17T16:59:59Z,0.72,2025-12-17 12:00:41 ET,175.0,-235.0
a9cbe798da439bd9d012976f7738591b,Coby White,player_threes,2.5,betmgm,Cleveland Cavaliers @ Chicago Bulls,2025-12-18T01:10:00Z,,2025-12-17T16:59:59Z,0.72,2025-12-17 12:00:41 ET,100.0,-135.0
a9cbe798da439bd9d012976f7738591b,Kevin Huerter,player_threes,1.5,betmgm,Cleveland Cavaliers @ Chicago Bulls,2025-12-18T01:10:00Z,,2025-12-17T16:59:59Z,0.72,2025-12-17 12:00:41 ET,115.0,-155.0
a9cbe798da439bd9d012976f7738591b,Tre Jones,player_threes,0.5,betmgm,Cleveland Cavaliers @ Chicago Bulls,2025-12-18T01:10:00Z,,2025-12-17T16:59:59Z,0.72,2025-12-17 12:00:41 ET,165.0,-225.0
a9cbe798da439bd9d012976f7738591b,Matas Buzelis,player_threes,1.5,betmgm,Cleveland Cavaliers @ Chicago Bulls,2025-12-18T01:10:00Z,,2025-12-17T16:59:59Z,0.72,2025-12-17 12:00:41 ET,135.0,-185.0
a9cbe798da439bd9d012976f7738591b,Donovan Mitchell,player_threes,3.5,betmgm,Cleveland Cavaliers @ Chicago Bulls,2025-12-18T01:10:00Z,,2025-12-17T16:59:59Z,0.72,2025-12-17 12:00:41 ET,-135.0,100.0
a9cbe798da439bd9d012976f7738591b,Lonzo Ball,player_threes,1.5,betmgm,Cleveland Cavaliers @ Chicago Bulls,2025-12-18T01:10:00Z,,2025-12-17T16:59:59Z,0.72,2025-12-17 12:00:41 ET,115.0,-155.0
a9cbe798da439bd9d012976f7738591b,Isaac Okoro,player_threes,0.5,betmgm,Cleveland Cavaliers @ Chicago Bulls,2025-12-18T01:10:00Z,,2025-12-17T16:59:59Z,0.72,2025-12-17 12:00:41 ET,-220.0,160.0
a9cbe798da439bd9d012976f7738591b,Thomas Bryant,player_threes,0.5,betmgm,Cleveland Cavaliers @ Chicago Bulls,2025-12-18T01:10:00Z,,2025-12-17T16:59:59Z,0.72,2025-12-17 12:00:41 ET,-105.0,-130.0
a9cbe798da439bd9d012976f7738591b,Josh Giddey,player_triple_double,,betmgm,Cleveland Cavaliers @ Chicago Bulls,2025-12-18T01:10:00Z,,2025-12-17T16:59:59Z,0.72,2025-12-17 12:00:41 ET,,
3dfcf87c4c788368e199e9d23b2c1831,Ja Morant,player_assists,7.5,fanduel,Memphis Grizzlies @ Minnesota Timberwolves,2025-12-18T01:10:00Z,,2025-12-17T16:59:25Z,1.28,2025-12-17 12:00:41 ET,116.0,-154.0
3dfcf87c4c788368e199e9d23b2c1831,Donte DiVincenzo,player_assists,3.5,fanduel,Memphis Grizzlies @ Minnesota Timberwolves,2025-12-18T01:10:00Z,,2025-12-17T16:59:25Z,1.28,2025-12-17 12:00:41 ET,-158.0,118.0
3dfcf87c4c788368e199e9d23b2c1831,Anthony Edwards,player_assists,4.5,fanduel,Memphis Grizzlies @ Minnesota Timberwolves,2025-12-18T01:10:00Z,,2025-12-17T16:59:25Z,1.28,2025-12-17 12:00:41 ET,102.0,-136.0
3dfcf87c4c788368e199e9d23b2c1831,Santi Aldama,player_assists,3.5,fanduel,Memphis Grizzlies @ Minnesota Timberwolves,2025-12-18T01:10:00Z,,2025-12-17T16:59:25Z,1.28,2025-12-17 12:00:41 ET,116.0,-154.0
3dfcf87c4c788368e199e9d23b2c1831,Cedric Coward,player_assists,3.5,fanduel,Memphis Grizzlies @ Minnesota Timberwolves,2025-12-18T01:10:00Z,,2025-12-17T16:59:25Z,1.28,2025-12-17 12:00:41 ET,142.0,-192.0
3dfcf87c4c788368e199e9d23b2c1831,Julius Randle,player_assists,5.5,fanduel,Memphis Grizzlies @ Minnesota Timberwolves,2025-12-18T01:10:00Z,,2025-12-17T16:59:25Z,1.28,2025-12-17 12:00:41 ET,-130.0,-102.0
3dfcf87c4c788368e199e9d23b2c1831,Rudy Gobert,player_blocks,1.5,fanduel,Memphis Grizzlies @ Minnesota Timberwolves,2025-12-18T01:10:00Z,,2025-12-17T16:59:25Z,1.28,2025-12-17 12:00:41 ET,116.0,-158.0
3dfcf87c4c788368e199e9d23b2c1831,Jaren Jackson Jr,player_blocks,1.5,fanduel,Memphis Grizzlies @ Minnesota Timberwolves,2025-12-18T01:10:00Z,,2025-12-17T16:59:25Z,1.28,2025-12-17 12:00:41 ET,178.0,-245.0
3dfcf87c4c788368e199e9d23b2c1831,Rudy Gobert,player_double_double,,fanduel,Memphis Grizzlies @ Minnesota Timberwolves,2025-12-18T01:10:00Z,,2025-12-17T16:59:25Z,1.28,2025-12-17 12:00:41 ET,,
3dfcf87c4c788368e199e9d23b2c1831,Julius Randle,player_double_double,,fanduel,Memphis Grizzlies @ Minnesota Timberwolves,2025-12-18T01:10:00Z,,2025-12-17T16:59:25Z,1.28,2025-12-17 12:00:41 ET,,
3dfcf87c4c788368e199e9d23b2c1831,Ja Morant,player_double_double,,fanduel,Memphis Grizzlies @ Minnesota Timberwolves,2025-12-18T01:10:00Z,,2025-12-17T16:59:25Z,1.28,2025-12-17 12:00:41 ET,,
3dfcf87c4c788368e199e9d23b2c1831,Santi Aldama,player_double_double,,fanduel,Memphis Grizzlies @ Minnesota Timberwolves,2025-12-18T01:10:00Z,,2025-12-17T16:59:25Z,1.28,2025-12-17 12:00:41 ET,,
3dfcf87c4c788368e199e9d23b2c1831,Cedric Coward,player_double_double,,fanduel,Memphis Grizzlies @ Minnesota Timberwolves,2025-12-18T01:10:00Z,,2025-12-17T16:59:25Z,1.28,2025-12-17 12:00:41 ET,,
3dfcf87c4c788368e199e9d23b2c1831,Naz Reid,player_double_double,,fanduel,Memphis Grizzlies @ Minnesota Timberwolves,2025-12-18T01:10:00Z,,2025-12-17T16:59:25Z,1.28,2025-12-17 12:00:41 ET,,
3dfcf87c4c788368e199e9d23b2c1831,Jock Landale,player_double_double,,fanduel,Memphis Grizzlies @ Minnesota Timberwolves,2025-12-18T01:10:00Z,,2025-12-17T16:59:25Z,1.28,2025-12-17 12:00:41 ET,,
3dfcf87c4c788368e199e9d23b2c1831,Anthony Edwards,player_double_double,,fanduel,Memphis Grizzlies @ Minnesota Timberwolves,2025-12-18T01:10:00Z,,2025-12-17T16:59:25Z,1.28,2025-12-17 12:00:41 ET,,
3dfcf87c4c788368e199e9d23b2c1831,Jaren Jackson Jr,player_double_double,,fanduel,Memphis Grizzlies @ Minnesota Timberwolves,2025-12-18T01:10:00Z,,2025-12-17T16:59:25Z,1.28,2025-12-17 12:00:41 ET,,
3dfcf87c4c788368e199e9d23b2c1831,Jaden McDaniels,player_double_double,,fanduel,Memphis Grizzlies @ Minnesota Timberwolves,2025-12-18T01:10:00Z,,2025-12-17T16:59:25Z,1.28,2025-12-17 12:00:41 ET,,
3dfcf87c4c788368e199e9d23b2c1831,Donte DiVincenzo,player_double_double,,fanduel,Memphis Grizzlies @ Minnesota Timberwolves,2025-12-18T01:10:00Z,,2025-12-17T16:59:25Z,1.28,2025-12-17 12:00:41 ET,,
3dfcf87c4c788368e199e9d23b2c1831,Naz Reid,player_points,14.5,fanduel,Memphis Grizzlies @ Minnesota Timberwolves,2025-12-18T01:10:00Z,,2025-12-17T16:59:25Z,1.28,2025-12-17 12:00:41 ET,-112.0,-118.0
3dfcf87c4c788368e199e9d23b2c1831,Jaden McDaniels,player_points,15.5,fanduel,Memphis Grizzlies @ Minnesota Timberwolves,2025-12-18T01:10:00Z,,2025-12-17T16:59:25Z,1.28,2025-12-17 12:00:41 ET,-102.0,-130.0
3dfcf87c4c788368e199e9d23b2c1831,Julius Randle,player_points,23.5,fanduel,Memphis Grizzlies @ Minnesota Timberwolves,2025-12-18T01:10:00Z,,2025-12-17T16:59:25Z,1.28,2025-12-17 12:00:41 ET,104.0,-138.0
3dfcf87c4c788368e199e9d23b2c1831,Ja Morant,player_points,17.5,fanduel,Memphis Grizzlies @ Minnesota Timberwolves,2025-12-18T01:10:00Z,,2025-12-17T16:59:25Z,1.28,2025-12-17 12:00:41 ET,-125.0,-106.0
3dfcf87c4c788368e199e9d23b2c1831,Kentavious Caldwell-Pope,player_points,7.5,fanduel,Memphis Grizzlies @ Minnesota Timberwolves,2025-12-18T01:10:00Z,,2025-12-17T16:59:25Z,1.28,2025-12-17 12:00:41 ET,-130.0,-102.0
3dfcf87c4c788368e199e9d23b2c1831,Rudy Gobert,player_points,11.5,fanduel,Memphis Grizzlies @ Minnesota Timberwolves,2025-12-18T01:10:00Z,,2025-12-17T16:59:25Z,1.28,2025-12-17 12:00:41 ET,-102.0,-130.0
3dfcf87c4c788368e199e9d23b2c1831,Jaylen Wells,player_points,14.5,fanduel,Memphis Grizzlies @ Minnesota Timberwolves,2025-12-18T01:10:00Z,,2025-12-17T16:59:25Z,1.28,2025-12-17 12:00:41 ET,102.0,-136.0
3dfcf87c4c788368e199e9d23b2c1831,Cedric Coward,player_points,14.5,fanduel,Memphis Grizzlies @ Minnesota Timberwolves,2025-12-18T01:10:00Z,,2025-12-17T16:59:25Z,1.28,2025-12-17 12:00:41 ET,-112.0,-118.0
3dfcf87c4c788368e199e9d23b2c1831,Jaren Jackson Jr,player_points,19.5,fanduel,Memphis Grizzlies @ Minnesota Timberwolves,2025-12-18T01:10:00Z,,2025-12-17T16:59:25Z,1.28,2025-12-17 12:00:41 ET,-112.0,-118.0
3dfcf87c4c788368e199e9d23b2c1831,Terrence Shannon Jr.,player_points,5.5,fanduel,Memphis Grizzlies @ Minnesota Timberwolves,2025-12-18T01:10:00Z,,2025-12-17T16:59:25Z,1.28,2025-12-17 12:00:41 ET,-112.0,-118.0
3dfcf87c4c788368e199e9d23b2c1831,Jock Landale,player_points,9.5,fanduel,Memphis Grizzlies @ Minnesota Timberwolves,2025-12-18T01:10:00Z,,2025-12-17T16:59:25Z,1.28,2025-12-17 12:00:41 ET,-118.0,-112.0
3dfcf87c4c788368e199e9d23b2c1831,Donte DiVincenzo,player_points,14.5,fanduel,Memphis Grizzlies @ Minnesota Timberwolves,2025-12-18T01:10:00Z,,2025-12-17T16:59:25Z,1.28,2025-12-17 12:00:41 ET,100.0,-132.0
3dfcf87c4c788368e199e9d23b2c1831,Santi Aldama,player_points,14.5,fanduel,Memphis Grizzlies @ Minnesota Timberwolves,2025-12-18T01:10:00Z,,2025-12-17T16:59:25Z,1.28,2025-12-17 12:00:41 ET,-130.0,-102.0
3dfcf87c4c788368e199e9d23b2c1831,Anthony Edwards,player_points,27.5,fanduel,Memphis Grizzlies @ Minnesota Timberwolves,2025-12-18T01:10:00Z,,2025-12-17T16:59:25Z,1.28,2025-12-17 12:00:41 ET,-118.0,-112.0
3dfcf87c4c788368e199e9d23b2c1831,Jaden McDaniels,player_points_rebounds_assists,23.5,fanduel,Memphis Grizzlies @ Minnesota Timberwolves,2025-12-18T01:10:00Z,,2025-12-17T16:59:25Z,1.28,2025-12-17 12:00:41 ET,-102.0,-130.0
3dfcf87c4c788368e199e9d23b2c1831,Julius Randle,player_points_rebounds_assists,36.5,fanduel,Memphis Grizzlies @ Minnesota Timberwolves,2025-12-18T01:10:00Z,,2025-12-17T16:59:25Z,1.28,2025-12-17 12:00:41 ET,-106.0,-125.0
3dfcf87c4c788368e199e9d23b2c1831,Naz Reid,player_points_rebounds_assists,23.5,fanduel,Memphis Grizzlies @ Minnesota Timberwolves,2025-12-18T01:10:00Z,,2025-12-17T16:59:25Z,1.28,2025-12-17 12:00:41 ET,-120.0,-110.0
3dfcf87c4c788368e199e9d23b2c1831,Cedric Coward,player_points_rebounds_assists,24.5,fanduel,Memphis Grizzlies @ Minnesota Timberwolves,2025-12-18T01:10:00Z,,2025-12-17T16:59:25Z,1.28,2025-12-17 12:00:41 ET,-108.0,-122.0
3dfcf87c4c788368e199e9d23b2c1831,Ja Morant,player_points_rebounds_assists,28.5,fanduel,Memphis Grizzlies @ Minnesota Timberwolves,2025-12-18T01:10:00Z,,2025-12-17T16:59:25Z,1.28,2025-12-17 12:00:41 ET,-125.0,-106.0
3dfcf87c4c788368e199e9d23b2c1831,Jaren Jackson Jr,player_points_rebounds_assists,26.5,fanduel,Memphis Grizzlies @ Minnesota Timberwolves,2025-12-18T01:10:00Z,,2025-12-17T16:59:25Z,1.28,2025-12-17 12:00:41 ET,-120.0,-110.0
3dfcf87c4c788368e199e9d23b2c1831,Kentavious Caldwell-Pope,player_points_rebounds_assists,13.5,fanduel,Memphis Grizzlies @ Minnesota Timberwolves,2025-12-18T01:10:00Z,,2025-12-17T16:59:25Z,1.28,2025-12-17 12:00:41 ET,-108.0,-122.0
3dfcf87c4c788368e199e9d23b2c1831,Santi Aldama,player_points_rebounds_assists,25.5,fanduel,Memphis Grizzlies @ Minnesota Timberwolves,2025-12-18T01:10:00Z,,2025-12-17T16:59:25Z,1.28,2025-12-17 12:00:41 ET,-112.0,-118.0
3dfcf87c4c788368e199e9d23b2c1831,Donte DiVincenzo,player_points_rebounds_assists,22.5,fanduel,Memphis Grizzlies @ Minnesota Timberwolves,2025-12-18T01:10:00Z,,2025-12-17T16:59:25Z,1.28,2025-12-17 12:00:41 ET,-110.0,-120.0
3dfcf87c4c788368e199e9d23b2c1831,Anthony Edwards,player_points_rebounds_assists,37.5,fanduel,Memphis Grizzlies @ Minnesota Timberwolves,2025-12-18T01:10:00Z,,2025-12-17T16:59:25Z,1.28,2025-12-17 12:00:41 ET,-112.0,-118.0
3dfcf87c4c788368e199e9d23b2c1831,Jock Landale,player_rebounds,6.5,fanduel,Memphis Grizzlies @ Minnesota Timberwolves,2025-12-18T01:10:00Z,,2025-12-17T16:59:25Z,1.28,2025-12-17 12:00:41 ET,104.0,-138.0
3dfcf87c4c788368e199e9d23b2c1831,Jaren Jackson Jr,player_rebounds,5.5,fanduel,Memphis Grizzlies @ Minnesota Timberwolves,2025-12-18T01:10:00Z,,2025-12-17T16:59:25Z,1.28,2025-12-17 12:00:41 ET,122.0,-162.0
3dfcf87c4c788368e199e9d23b2c1831,Jaden McDaniels,player_rebounds,4.5,fanduel,Memphis Grizzlies @ Minnesota Timberwolves,2025-12-18T01:10:00Z,,2025-12-17T16:59:25Z,1.28,2025-12-17 12:00:41 ET,-146.0,110.0
3dfcf87c4c788368e199e9d23b2c1831,Julius Randle,player_rebounds,7.5,fanduel,Memphis Grizzlies @ Minnesota Timberwolves,2025-12-18T01:10:00Z,,2025-12-17T16:59:25Z,1.28,2025-12-17 12:00:41 ET,110.0,-146.0
3dfcf87c4c788368e199e9d23b2c1831,Ja Morant,player_rebounds,3.5,fanduel,Memphis Grizzlies @ Minnesota Timberwolves,2025-12-18T01:10:00Z,,2025-12-17T16:59:25Z,1.28,2025-12-17 12:00:41 ET,-118.0,-112.0
3dfcf87c4c788368e199e9d23b2c1831,Kentavious Caldwell-Pope,player_rebounds,2.5,fanduel,Memphis Grizzlies @ Minnesota Timberwolves,2025-12-18T01:10:00Z,,2025-12-17T16:59:25Z,1.28,2025-12-17 12:00:41 ET,116.0,-154.0
3dfcf87c4c788368e199e9d23b2c1831,Rudy Gobert,player_rebounds,11.5,fanduel,Memphis Grizzlies @ Minnesota Timberwolves,2025-12-18T01:10:00Z,,2025-12-17T16:59:25Z,1.28,2025-12-17 12:00:41 ET,-102.0,-130.0
3dfcf87c4c788368e199e9d23b2c1831,Anthony Edwards,player_rebounds,5.5,fanduel,Memphis Grizzlies @ Minnesota Timberwolves,2025-12-18T01:10:00Z,,2025-12-17T16:59:25Z,1.28,2025-12-17 12:00:41 ET,118.0,-158.0
3dfcf87c4c788368e199e9d23b2c1831,Santi Aldama,player_rebounds,6.5,fanduel,Memphis Grizzlies @ Minnesota Timberwolves,2025-12-18T01:10:00Z,,2025-12-17T16:59:25Z,1.28,2025-12-17 12:00:41 ET,-146.0,110.0
3dfcf87c4c788368e199e9d23b2c1831,Jaylen Wells,player_rebounds,3.5,fanduel,Memphis Grizzlies @ Minnesota Timberwolves,2025-12-18T01:10:00Z,,2025-12-17T16:59:25Z,1.28,2025-12-17 12:00:41 ET,-136.0,102.0
3dfcf87c4c788368e199e9d23b2c1831,Naz Reid,player_rebounds,6.5,fanduel,Memphis Grizzlies @ Minnesota Timberwolves,2025-12-18T01:10:00Z,,2025-12-17T16:59:25Z,1.28,2025-12-17 12:00:41 ET,100.0,-132.0
3dfcf87c4c788368e199e9d23b2c1831,Cedric Coward,player_rebounds,6.5,fanduel,Memphis Grizzlies @ Minnesota Timberwolves,2025-12-18T01:10:00Z,,2025-12-17T16:59:25Z,1.28,2025-12-17 12:00:41 ET,-102.0,-130.0
3dfcf87c4c788368e199e9d23b2c1831,Donte DiVincenzo,player_rebounds,3.5,fanduel,Memphis Grizzlies @ Minnesota Timberwolves,2025-12-18T01:10:00Z,,2025-12-17T16:59:25Z,1.28,2025-12-17 12:00:41 ET,-172.0,128.0
3dfcf87c4c788368e199e9d23b2c1831,Julius Randle,player_steals,1.5,fanduel,Memphis Grizzlies @ Minnesota Timberwolves,2025-12-18T01:10:00Z,,2025-12-17T16:59:25Z,1.28,2025-12-17 12:00:41 ET,194.0,-270.0
3dfcf87c4c788368e199e9d23b2c1831,Anthony Edwards,player_steals,1.5,fanduel,Memphis Grizzlies @ Minnesota Timberwolves,2025-12-18T01:10:00Z,,2025-12-17T16:59:25Z,1.28,2025-12-17 12:00:41 ET,178.0,-245.0
3dfcf87c4c788368e199e9d23b2c1831,Jaren Jackson Jr,player_steals,0.5,fanduel,Memphis Grizzlies @ Minnesota Timberwolves,2025-12-18T01:10:00Z,,2025-12-17T16:59:25Z,1.28,2025-12-17 12:00:41 ET,-210.0,154.0
3dfcf87c4c788368e199e9d23b2c1831,Jaden McDaniels,player_steals,1.5,fanduel,Memphis Grizzlies @ Minnesota Timberwolves,2025-12-18T01:10:00Z,,2025-12-17T16:59:25Z,1.28,2025-12-17 12:00:41 ET,148.0,-200.0
3dfcf87c4c788368e199e9d23b2c1831,Jaden McDaniels,player_threes,1.5,fanduel,Memphis Grizzlies @ Minnesota Timberwolves,2025-12-18T01:10:00Z,,2025-12-17T16:59:25Z,1.28,2025-12-17 12:00:41 ET,118.0,-158.0
3dfcf87c4c788368e199e9d23b2c1831,Jaylen Wells,player_threes,1.5,fanduel,Memphis Grizzlies @ Minnesota Timberwolves,2025-12-18T01:10:00Z,,2025-12-17T16:59:25Z,1.28,2025-12-17 12:00:41 ET,-188.0,140.0
3dfcf87c4c788368e199e9d23b2c1831,Kentavious Caldwell-Pope,player_threes,1.5,fanduel,Memphis Grizzlies @ Minnesota Timberwolves,2025-12-18T01:10:00Z,,2025-12-17T16:59:25Z,1.28,2025-12-17 12:00:41 ET,140.0,-188.0
3dfcf87c4c788368e199e9d23b2c1831,Jaren Jackson Jr,player_threes,1.5,fanduel,Memphis Grizzlies @ Minnesota Timberwolves,2025-12-18T01:10:00Z,,2025-12-17T16:59:25Z,1.28,2025-12-17 12:00:41 ET,-122.0,-108.0
3dfcf87c4c788368e199e9d23b2c1831,Donte DiVincenzo,player_threes,3.5,fanduel,Memphis Grizzlies @ Minnesota Timberwolves,2025-12-18T01:10:00Z,,2025-12-17T16:59:25Z,1.28,2025-12-17 12:00:41 ET,142.0,-192.0
3dfcf87c4c788368e199e9d23b2c1831,Santi Aldama,player_threes,1.5,fanduel,Memphis Grizzlies @ Minnesota Timberwolves,2025-12-18T01:10:00Z,,2025-12-17T16:59:25Z,1.28,2025-12-17 12:00:41 ET,-162.0,122.0
3dfcf87c4c788368e199e9d23b2c1831,Naz Reid,player_threes,2.5,fanduel,Memphis Grizzlies @ Minnesota Timberwolves,2025-12-18T01:10:00Z,,2025-12-17T16:59:25Z,1.28,2025-12-17 12:00:41 ET,118.0,-158.0
3dfcf87c4c788368e199e9d23b2c1831,Cedric Coward,player_threes,1.5,fanduel,Memphis Grizzlies @ Minnesota Timberwolves,2025-12-18T01:10:00Z,,2025-12-17T16:59:25Z,1.28,2025-12-17 12:00:41 ET,108.0,-144.0
3dfcf87c4c788368e199e9d23b2c1831,Anthony Edwards,player_threes,3.5,fanduel,Memphis Grizzlies @ Minnesota Timberwolves,2025-12-18T01:10:00Z,,2025-12-17T16:59:25Z,1.28,2025-12-17 12:00:41 ET,102.0,-136.0
3dfcf87c4c788368e199e9d23b2c1831,Julius Randle,player_threes,1.5,fanduel,Memphis Grizzlies @ Minnesota Timberwolves,2025-12-18T01:10:00Z,,2025-12-17T16:59:25Z,1.28,2025-12-17 12:00:41 ET,-154.0,116.0
3dfcf87c4c788368e199e9d23b2c1831,Julius Randle,player_triple_double,,fanduel,Memphis Grizzlies @ Minnesota Timberwolves,2025-12-18T01:10:00Z,,2025-12-17T16:59:25Z,1.28,2025-12-17 12:00:41 ET,,
3dfcf87c4c788368e199e9d23b2c1831,Jaren Jackson Jr,player_assists,2.5,fanatics,Memphis Grizzlies @ Minnesota Timberwolves,2025-12-18T01:10:00Z,,2025-12-17T17:00:41Z,0.02,2025-12-17 12:00:41 ET,130.0,-190.0
3dfcf87c4c788368e199e9d23b2c1831,Jaren Jackson Jr,player_double_double,,fanatics,Memphis Grizzlies @ Minnesota Timberwolves,2025-12-18T01:10:00Z,,2025-12-17T17:00:41Z,0.02,2025-12-17 12:00:41 ET,,
3dfcf87c4c788368e199e9d23b2c1831,Ja Morant,player_double_double,,fanatics,Memphis Grizzlies @ Minnesota Timberwolves,2025-12-18T01:10:00Z,,2025-12-17T17:00:41Z,0.02,2025-12-17 12:00:41 ET,,
3dfcf87c4c788368e199e9d23b2c1831,Anthony Edwards,player_double_double,,fanatics,Memphis Grizzlies @ Minnesota Timberwolves,2025-12-18T01:10:00Z,,2025-12-17T17:00:41Z,0.02,2025-12-17 12:00:41 ET,,
3dfcf87c4c788368e199e9d23b2c1831,Julius Randle,player_double_double,,fanatics,Memphis Grizzlies @ Minnesota Timberwolves,2025-12-18T01:10:00Z,,2025-12-17T17:00:41Z,0.02,2025-12-17 12:00:41 ET,,
3dfcf87c4c788368e199e9d23b2c1831,Rudy Gobert,player_double_double,,fanatics,Memphis Grizzlies @ Minnesota Timberwolves,2025-12-18T01:10:00Z,,2025-12-17T17:00:41Z,0.02,2025-12-17 12:00:41 ET,,
3dfcf87c4c788368e199e9d23b2c1831,Donte DiVincenzo,player_double_double,,fanatics,Memphis Grizzlies @ Minnesota Timberwolves,2025-12-18T01:10:00Z,,2025-12-17T17:00:41Z,0.02,2025-12-17 12:00:41 ET,,
3dfcf87c4c788368e199e9d23b2c1831,Jaden McDaniels,player_double_double,,fanatics,Memphis Grizzlies @ Minnesota Timberwolves,2025-12-18T01:10:00Z,,2025-12-17T17:00:41Z,0.02,2025-12-17 12:00:41 ET,,
3dfcf87c4c788368e199e9d23b2c1831,Santi Aldama,player_double_double,,fanatics,Memphis Grizzlies @ Minnesota Timberwolves,2025-12-18T01:10:00Z,,2025-12-17T17:00:41Z,0.02,2025-12-17 12:00:41 ET,,
3dfcf87c4c788368e199e9d23b2c1831,Cedric Coward,player_double_double,,fanatics,Memphis Grizzlies @ Minnesota Timberwolves,2025-12-18T01:10:00Z,,2025-12-17T17:00:41Z,0.02,2025-12-17 12:00:41 ET,,
3dfcf87c4c788368e199e9d23b2c1831,Naz Reid,player_double_double,,fanatics,Memphis Grizzlies @ Minnesota Timberwolves,2025-12-18T01:10:00Z,,2025-12-17T17:00:41Z,0.02,2025-12-17 12:00:41 ET,,
3dfcf87c4c788368e199e9d23b2c1831,Jock Landale,player_double_double,,fanatics,Memphis Grizzlies @ Minnesota Timberwolves,2025-12-18T01:10:00Z,,2025-12-17T17:00:41Z,0.02,2025-12-17 12:00:41 ET,,
3dfcf87c4c788368e199e9d23b2c1831,Ja Morant,player_points,18.5,fanatics,Memphis Grizzlies @ Minnesota Timberwolves,2025-12-18T01:10:00Z,,2025-12-17T17:00:41Z,0.02,2025-12-17 12:00:41 ET,-105.0,-125.0
3dfcf87c4c788368e199e9d23b2c1831,Rudy Gobert,player_points_rebounds_assists,24.5,fanatics,Memphis Grizzlies @ Minnesota Timberwolves,2025-12-18T01:10:00Z,,2025-12-17T17:00:41Z,0.02,2025-12-17 12:00:41 ET,-105.0,-125.0
3dfcf87c4c788368e199e9d23b2c1831,Jaren Jackson Jr,player_rebounds,4.5,fanatics,Memphis Grizzlies @ Minnesota Timberwolves,2025-12-18T01:10:00Z,,2025-12-17T17:00:41Z,0.02,2025-12-17 12:00:41 ET,-145.0,110.0
3dfcf87c4c788368e199e9d23b2c1831,Ja Morant,player_threes,1.5,fanatics,Memphis Grizzlies @ Minnesota Timberwolves,2025-12-18T01:10:00Z,,2025-12-17T17:00:41Z,0.02,2025-12-17 12:00:41 ET,135.0,-210.0
3dfcf87c4c788368e199e9d23b2c1831,Julius Randle,player_triple_double,,fanatics,Memphis Grizzlies @ Minnesota Timberwolves,2025-12-18T01:10:00Z,,2025-12-17T17:00:41Z,0.02,2025-12-17 12:00:41 ET,,
3dfcf87c4c788368e199e9d23b2c1831,Ja Morant,player_assists,6.5,draftkings,Memphis Grizzlies @ Minnesota Timberwolves,2025-12-18T01:10:00Z,,2025-12-17T17:00:33Z,0.15,2025-12-17 12:00:41 ET,-147.0,112.0
3dfcf87c4c788368e199e9d23b2c1831,Julius Randle,player_assists,5.5,draftkings,Memphis Grizzlies @ Minnesota Timberwolves,2025-12-18T01:10:00Z,,2025-12-17T17:00:33Z,0.15,2025-12-17 12:00:41 ET,-115.0,-115.0
3dfcf87c4c788368e199e9d23b2c1831,Anthony Edwards,player_assists,4.5,draftkings,Memphis Grizzlies @ Minnesota Timberwolves,2025-12-18T01:10:00Z,,2025-12-17T17:00:33Z,0.15,2025-12-17 12:00:41 ET,109.0,-143.0
3dfcf87c4c788368e199e9d23b2c1831,Donte DiVincenzo,player_assists,3.5,draftkings,Memphis Grizzlies @ Minnesota Timberwolves,2025-12-18T01:10:00Z,,2025-12-17T17:00:33Z,0.15,2025-12-17 12:00:41 ET,-159.0,120.0
3dfcf87c4c788368e199e9d23b2c1831,Santi Aldama,player_assists,3.5,draftkings,Memphis Grizzlies @ Minnesota Timberwolves,2025-12-18T01:10:00Z,,2025-12-17T17:00:33Z,0.15,2025-12-17 12:00:41 ET,124.0,-163.0
3dfcf87c4c788368e199e9d23b2c1831,Kentavious Caldwell-Pope,player_assists,3.5,draftkings,Memphis Grizzlies @ Minnesota Timberwolves,2025-12-18T01:10:00Z,,2025-12-17T17:00:33Z,0.15,2025-12-17 12:00:41 ET,129.0,-170.0
3dfcf87c4c788368e199e9d23b2c1831,Cedric Coward,player_assists,2.5,draftkings,Memphis Grizzlies @ Minnesota Timberwolves,2025-12-18T01:10:00Z,,2025-12-17T17:00:33Z,0.15,2025-12-17 12:00:41 ET,-173.0,131.0
3dfcf87c4c788368e199e9d23b2c1831,Jaden McDaniels,player_assists,2.5,draftkings,Memphis Grizzlies @ Minnesota Timberwolves,2025-12-18T01:10:00Z,,2025-12-17T17:00:33Z,0.15,2025-12-17 12:00:41 ET,-130.0,-101.0
3dfcf87c4c788368e199e9d23b2c1831,Naz Reid,player_assists,2.5,draftkings,Memphis Grizzlies @ Minnesota Timberwolves,2025-12-18T01:10:00Z,,2025-12-17T17:00:33Z,0.15,2025-12-17 12:00:41 ET,108.0,-143.0
3dfcf87c4c788368e199e9d23b2c1831,Jaren Jackson Jr,player_assists,2.5,draftkings,Memphis Grizzlies @ Minnesota Timberwolves,2025-12-18T01:10:00Z,,2025-12-17T17:00:33Z,0.15,2025-12-17 12:00:41 ET,152.0,-204.0
3dfcf87c4c788368e199e9d23b2c1831,Rudy Gobert,player_blocks,1.5,draftkings,Memphis Grizzlies @ Minnesota Timberwolves,2025-12-18T01:10:00Z,,2025-12-17T17:00:33Z,0.15,2025-12-17 12:00:41 ET,114.0,-151.0
3dfcf87c4c788368e199e9d23b2c1831,Jaren Jackson Jr,player_blocks,1.5,draftkings,Memphis Grizzlies @ Minnesota Timberwolves,2025-12-18T01:10:00Z,,2025-12-17T17:00:33Z,0.15,2025-12-17 12:00:41 ET,156.0,-210.0
3dfcf87c4c788368e199e9d23b2c1831,Jaden McDaniels,player_blocks,0.5,draftkings,Memphis Grizzlies @ Minnesota Timberwolves,2025-12-18T01:10:00Z,,2025-12-17T17:00:33Z,0.15,2025-12-17 12:00:41 ET,-159.0,119.0
3dfcf87c4c788368e199e9d23b2c1831,Anthony Edwards,player_blocks,0.5,draftkings,Memphis Grizzlies @ Minnesota Timberwolves,2025-12-18T01:10:00Z,,2025-12-17T17:00:33Z,0.15,2025-12-17 12:00:41 ET,-151.0,114.0
3dfcf87c4c788368e199e9d23b2c1831,Julius Randle,player_blocks,0.5,draftkings,Memphis Grizzlies @ Minnesota Timberwolves,2025-12-18T01:10:00Z,,2025-12-17T17:00:33Z,0.15,2025-12-17 12:00:41 ET,242.0,-335.0
3dfcf87c4c788368e199e9d23b2c1831,Rudy Gobert,player_double_double,,draftkings,Memphis Grizzlies @ Minnesota Timberwolves,2025-12-18T01:10:00Z,,2025-12-17T17:00:33Z,0.15,2025-12-17 12:00:41 ET,,
3dfcf87c4c788368e199e9d23b2c1831,Julius Randle,player_double_double,,draftkings,Memphis Grizzlies @ Minnesota Timberwolves,2025-12-18T01:10:00Z,,2025-12-17T17:00:33Z,0.15,2025-12-17 12:00:41 ET,,
3dfcf87c4c788368e199e9d23b2c1831,Ja Morant,player_double_double,,draftkings,Memphis Grizzlies @ Minnesota Timberwolves,2025-12-18T01:10:00Z,,2025-12-17T17:00:33Z,0.15,2025-12-17 12:00:41 ET,,
3dfcf87c4c788368e199e9d23b2c1831,Santi Aldama,player_double_double,,draftkings,Memphis Grizzlies @ Minnesota Timberwolves,2025-12-18T01:10:00Z,,2025-12-17T17:00:33Z,0.15,2025-12-17 12:00:41 ET,,
3dfcf87c4c788368e199e9d23b2c1831,Naz Reid,player_double_double,,draftkings,Memphis Grizzlies @ Minnesota Timberwolves,2025-12-18T01:10:00Z,,2025-12-17T17:00:33Z,0.15,2025-12-17 12:00:41 ET,,
3dfcf87c4c788368e199e9d23b2c1831,Cedric Coward,player_double_double,,draftkings,Memphis Grizzlies @ Minnesota Timberwolves,2025-12-18T01:10:00Z,,2025-12-17T17:00:33Z,0.15,2025-12-17 12:00:41 ET,,
3dfcf87c4c788368e199e9d23b2c1831,Jock Landale,player_double_double,,draftkings,Memphis Grizzlies @ Minnesota Timberwolves,2025-12-18T01:10:00Z,,2025-12-17T17:00:33Z,0.15,2025-12-17 12:00:41 ET,,
3dfcf87c4c788368e199e9d23b2c1831,Anthony Edwards,player_double_double,,draftkings,Memphis Grizzlies @ Minnesota Timberwolves,2025-12-18T01:10:00Z,,2025-12-17T17:00:33Z,0.15,2025-12-17 12:00:41 ET,,
3dfcf87c4c788368e199e9d23b2c1831,Jaren Jackson Jr,player_double_double,,draftkings,Memphis Grizzlies @ Minnesota Timberwolves,2025-12-18T01:10:00Z,,2025-12-17T17:00:33Z,0.15,2025-12-17 12:00:41 ET,,
3dfcf87c4c788368e199e9d23b2c1831,Jaden McDaniels,player_double_double,,draftkings,Memphis Grizzlies @ Minnesota Timberwolves,2025-12-18T01:10:00Z,,2025-12-17T17:00:33Z,0.15,2025-12-17 12:00:41 ET,,
3dfcf87c4c788368e199e9d23b2c1831,Donte DiVincenzo,player_double_double,,draftkings,Memphis Grizzlies @ Minnesota Timberwolves,2025-12-18T01:10:00Z,,2025-12-17T17:00:33Z,0.15,2025-12-17 12:00:41 ET,,
3dfcf87c4c788368e199e9d23b2c1831,Anthony Edwards,player_points,27.5,draftkings,Memphis Grizzlies @ Minnesota Timberwolves,2025-12-18T01:10:00Z,,2025-12-17T17:00:33Z,0.15,2025-12-17 12:00:41 ET,-121.0,-105.0
3dfcf87c4c788368e199e9d23b2c1831,Julius Randle,player_points,22.5,draftkings,Memphis Grizzlies @ Minnesota Timberwolves,2025-12-18T01:10:00Z,,2025-12-17T17:00:33Z,0.15,2025-12-17 12:00:41 ET,-122.0,-104.0
3dfcf87c4c788368e199e9d23b2c1831,Jaren Jackson Jr,player_points,19.5,draftkings,Memphis Grizzlies @ Minnesota Timberwolves,2025-12-18T01:10:00Z,,2025-12-17T17:00:33Z,0.15,2025-12-17 12:00:41 ET,-114.0,-112.0
3dfcf87c4c788368e199e9d23b2c1831,Ja Morant,player_points,18.5,draftkings,Memphis Grizzlies @ Minnesota Timberwolves,2025-12-18T01:10:00Z,,2025-12-17T17:00:33Z,0.15,2025-12-17 12:00:41 ET,-106.0,-120.0
3dfcf87c4c788368e199e9d23b2c1831,Santi Aldama,player_points,15.5,draftkings,Memphis Grizzlies @ Minnesota Timberwolves,2025-12-18T01:10:00Z,,2025-12-17T17:00:33Z,0.15,2025-12-17 12:00:41 ET,-109.0,-116.0
3dfcf87c4c788368e199e9d23b2c1831,Jaden McDaniels,player_points,14.5,draftkings,Memphis Grizzlies @ Minnesota Timberwolves,2025-12-18T01:10:00Z,,2025-12-17T17:00:33Z,0.15,2025-12-17 12:00:41 ET,-120.0,-106.0
3dfcf87c4c788368e199e9d23b2c1831,Cedric Coward,player_points,14.5,draftkings,Memphis Grizzlies @ Minnesota Timberwolves,2025-12-18T01:10:00Z,,2025-12-17T17:00:33Z,0.15,2025-12-17 12:00:41 ET,-106.0,-120.0
3dfcf87c4c788368e199e9d23b2c1831,Naz Reid,player_points,14.5,draftkings,Memphis Grizzlies @ Minnesota Timberwolves,2025-12-18T01:10:00Z,,2025-12-17T17:00:33Z,0.15,2025-12-17 12:00:41 ET,-105.0,-122.0
3dfcf87c4c788368e199e9d23b2c1831,Jaylen Wells,player_points,14.5,draftkings,Memphis Grizzlies @ Minnesota Timberwolves,2025-12-18T01:10:00Z,,2025-12-17T17:00:33Z,0.15,2025-12-17 12:00:41 ET,-103.0,-124.0
3dfcf87c4c788368e199e9d23b2c1831,Donte DiVincenzo,player_points,13.5,draftkings,Memphis Grizzlies @ Minnesota Timberwolves,2025-12-18T01:10:00Z,,2025-12-17T17:00:33Z,0.15,2025-12-17 12:00:41 ET,-117.0,-109.0
3dfcf87c4c788368e199e9d23b2c1831,Rudy Gobert,player_points,10.5,draftkings,Memphis Grizzlies @ Minnesota Timberwolves,2025-12-18T01:10:00Z,,2025-12-17T17:00:33Z,0.15,2025-12-17 12:00:41 ET,-121.0,-105.0
3dfcf87c4c788368e199e9d23b2c1831,Jock Landale,player_points,9.5,draftkings,Memphis Grizzlies @ Minnesota Timberwolves,2025-12-18T01:10:00Z,,2025-12-17T17:00:33Z,0.15,2025-12-17 12:00:41 ET,-107.0,-119.0
3dfcf87c4c788368e199e9d23b2c1831,Kentavious Caldwell-Pope,player_points,7.5,draftkings,Memphis Grizzlies @ Minnesota Timberwolves,2025-12-18T01:10:00Z,,2025-12-17T17:00:33Z,0.15,2025-12-17 12:00:41 ET,-127.0,100.0
3dfcf87c4c788368e199e9d23b2c1831,Terrence Shannon Jr.,player_points,5.5,draftkings,Memphis Grizzlies @ Minnesota Timberwolves,2025-12-18T01:10:00Z,,2025-12-17T17:00:33Z,0.15,2025-12-17 12:00:41 ET,-105.0,-121.0
3dfcf87c4c788368e199e9d23b2c1831,Anthony Edwards,player_points_rebounds_assists,37.5,draftkings,Memphis Grizzlies @ Minnesota Timberwolves,2025-12-18T01:10:00Z,,2025-12-17T17:00:33Z,0.15,2025-12-17 12:00:41 ET,-116.0,-114.0
3dfcf87c4c788368e199e9d23b2c1831,Julius Randle,player_points_rebounds_assists,35.5,draftkings,Memphis Grizzlies @ Minnesota Timberwolves,2025-12-18T01:10:00Z,,2025-12-17T17:00:33Z,0.15,2025-12-17 12:00:41 ET,-123.0,-107.0
3dfcf87c4c788368e199e9d23b2c1831,Ja Morant,player_points_rebounds_assists,29.5,draftkings,Memphis Grizzlies @ Minnesota Timberwolves,2025-12-18T01:10:00Z,,2025-12-17T17:00:33Z,0.15,2025-12-17 12:00:41 ET,-108.0,-122.0
3dfcf87c4c788368e199e9d23b2c1831,Jaren Jackson Jr,player_points_rebounds_assists,27.5,draftkings,Memphis Grizzlies @ Minnesota Timberwolves,2025-12-18T01:10:00Z,,2025-12-17T17:00:33Z,0.15,2025-12-17 12:00:41 ET,-105.0,-125.0
3dfcf87c4c788368e199e9d23b2c1831,Santi Aldama,player_points_rebounds_assists,25.5,draftkings,Memphis Grizzlies @ Minnesota Timberwolves,2025-12-18T01:10:00Z,,2025-12-17T17:00:33Z,0.15,2025-12-17 12:00:41 ET,-121.0,-108.0
3dfcf87c4c788368e199e9d23b2c1831,Cedric Coward,player_points_rebounds_assists,24.5,draftkings,Memphis Grizzlies @ Minnesota Timberwolves,2025-12-18T01:10:00Z,,2025-12-17T17:00:33Z,0.15,2025-12-17 12:00:41 ET,-105.0,-125.0
3dfcf87c4c788368e199e9d23b2c1831,Naz Reid,player_points_rebounds_assists,23.5,draftkings,Memphis Grizzlies @ Minnesota Timberwolves,2025-12-18T01:10:00Z,,2025-12-17T17:00:33Z,0.15,2025-12-17 12:00:41 ET,-107.0,-123.0
3dfcf87c4c788368e199e9d23b2c1831,Jaden McDaniels,player_points_rebounds_assists,22.5,draftkings,Memphis Grizzlies @ Minnesota Timberwolves,2025-12-18T01:10:00Z,,2025-12-17T17:00:33Z,0.15,2025-12-17 12:00:41 ET,-118.0,-111.0
3dfcf87c4c788368e199e9d23b2c1831,Donte DiVincenzo,player_points_rebounds_assists,22.5,draftkings,Memphis Grizzlies @ Minnesota Timberwolves,2025-12-18T01:10:00Z,,2025-12-17T17:00:33Z,0.15,2025-12-17 12:00:41 ET,-105.0,-126.0
3dfcf87c4c788368e199e9d23b2c1831,Kentavious Caldwell-Pope,player_points_rebounds_assists,13.5,draftkings,Memphis Grizzlies @ Minnesota Timberwolves,2025-12-18T01:10:00Z,,2025-12-17T17:00:33Z,0.15,2025-12-17 12:00:41 ET,-116.0,-113.0
3dfcf87c4c788368e199e9d23b2c1831,Rudy Gobert,player_rebounds,11.5,draftkings,Memphis Grizzlies @ Minnesota Timberwolves,2025-12-18T01:10:00Z,,2025-12-17T17:00:33Z,0.15,2025-12-17 12:00:41 ET,-111.0,-119.0
3dfcf87c4c788368e199e9d23b2c1831,Julius Randle,player_rebounds,7.5,draftkings,Memphis Grizzlies @ Minnesota Timberwolves,2025-12-18T01:10:00Z,,2025-12-17T17:00:33Z,0.15,2025-12-17 12:00:41 ET,104.0,-137.0
3dfcf87c4c788368e199e9d23b2c1831,Santi Aldama,player_rebounds,6.5,draftkings,Memphis Grizzlies @ Minnesota Timberwolves,2025-12-18T01:10:00Z,,2025-12-17T17:00:33Z,0.15,2025-12-17 12:00:41 ET,-136.0,104.0
3dfcf87c4c788368e199e9d23b2c1831,Cedric Coward,player_rebounds,6.5,draftkings,Memphis Grizzlies @ Minnesota Timberwolves,2025-12-18T01:10:00Z,,2025-12-17T17:00:33Z,0.15,2025-12-17 12:00:41 ET,-105.0,-125.0
3dfcf87c4c788368e199e9d23b2c1831,Jock Landale,player_rebounds,6.5,draftkings,Memphis Grizzlies @ Minnesota Timberwolves,2025-12-18T01:10:00Z,,2025-12-17T17:00:33Z,0.15,2025-12-17 12:00:41 ET,-101.0,-131.0
3dfcf87c4c788368e199e9d23b2c1831,Naz Reid,player_rebounds,6.5,draftkings,Memphis Grizzlies @ Minnesota Timberwolves,2025-12-18T01:10:00Z,,2025-12-17T17:00:33Z,0.15,2025-12-17 12:00:41 ET,103.0,-135.0
3dfcf87c4c788368e199e9d23b2c1831,Anthony Edwards,player_rebounds,5.5,draftkings,Memphis Grizzlies @ Minnesota Timberwolves,2025-12-18T01:10:00Z,,2025-12-17T17:00:33Z,0.15,2025-12-17 12:00:41 ET,118.0,-156.0
3dfcf87c4c788368e199e9d23b2c1831,Jaren Jackson Jr,player_rebounds,4.5,draftkings,Memphis Grizzlies @ Minnesota Timberwolves,2025-12-18T01:10:00Z,,2025-12-17T17:00:33Z,0.15,2025-12-17 12:00:41 ET,-149.0,113.0
3dfcf87c4c788368e199e9d23b2c1831,Jaden McDaniels,player_rebounds,4.5,draftkings,Memphis Grizzlies @ Minnesota Timberwolves,2025-12-18T01:10:00Z,,2025-12-17T17:00:33Z,0.15,2025-12-17 12:00:41 ET,-140.0,107.0
3dfcf87c4c788368e199e9d23b2c1831,Donte DiVincenzo,player_rebounds,4.5,draftkings,Memphis Grizzlies @ Minnesota Timberwolves,2025-12-18T01:10:00Z,,2025-12-17T17:00:33Z,0.15,2025-12-17 12:00:41 ET,124.0,-164.0
3dfcf87c4c788368e199e9d23b2c1831,Jaylen Wells,player_rebounds,3.5,draftkings,Memphis Grizzlies @ Minnesota Timberwolves,2025-12-18T01:10:00Z,,2025-12-17T17:00:33Z,0.15,2025-12-17 12:00:41 ET,-144.0,109.0
3dfcf87c4c788368e199e9d23b2c1831,Ja Morant,player_rebounds,3.5,draftkings,Memphis Grizzlies @ Minnesota Timberwolves,2025-12-18T01:10:00Z,,2025-12-17T17:00:33Z,0.15,2025-12-17 12:00:41 ET,-132.0,100.0
3dfcf87c4c788368e199e9d23b2c1831,Kentavious Caldwell-Pope,player_rebounds,2.5,draftkings,Memphis Grizzlies @ Minnesota Timberwolves,2025-12-18T01:10:00Z,,2025-12-17T17:00:33Z,0.15,2025-12-17 12:00:41 ET,117.0,-154.0
3dfcf87c4c788368e199e9d23b2c1831,Jaden McDaniels,player_steals,1.5,draftkings,Memphis Grizzlies @ Minnesota Timberwolves,2025-12-18T01:10:00Z,,2025-12-17T17:00:33Z,0.15,2025-12-17 12:00:41 ET,154.0,-207.0
3dfcf87c4c788368e199e9d23b2c1831,Anthony Edwards,player_steals,0.5,draftkings,Memphis Grizzlies @ Minnesota Timberwolves,2025-12-18T01:10:00Z,,2025-12-17T17:00:33Z,0.15,2025-12-17 12:00:41 ET,-226.0,168.0
3dfcf87c4c788368e199e9d23b2c1831,Jaren Jackson Jr,player_steals,0.5,draftkings,Memphis Grizzlies @ Minnesota Timberwolves,2025-12-18T01:10:00Z,,2025-12-17T17:00:33Z,0.15,2025-12-17 12:00:41 ET,-219.0,162.0
3dfcf87c4c788368e199e9d23b2c1831,Julius Randle,player_steals,0.5,draftkings,Memphis Grizzlies @ Minnesota Timberwolves,2025-12-18T01:10:00Z,,2025-12-17T17:00:33Z,0.15,2025-12-17 12:00:41 ET,-187.0,140.0
3dfcf87c4c788368e199e9d23b2c1831,Ja Morant,player_steals,0.5,draftkings,Memphis Grizzlies @ Minnesota Timberwolves,2025-12-18T01:10:00Z,,2025-12-17T17:00:33Z,0.15,2025-12-17 12:00:41 ET,-170.0,127.0
3dfcf87c4c788368e199e9d23b2c1831,Anthony Edwards,player_threes,3.5,draftkings,Memphis Grizzlies @ Minnesota Timberwolves,2025-12-18T01:10:00Z,,2025-12-17T17:00:33Z,0.15,2025-12-17 12:00:41 ET,114.0,-150.0
3dfcf87c4c788368e199e9d23b2c1831,Donte DiVincenzo,player_threes,3.5,draftkings,Memphis Grizzlies @ Minnesota Timberwolves,2025-12-18T01:10:00Z,,2025-12-17T17:00:33Z,0.15,2025-12-17 12:00:41 ET,130.0,-172.0
3dfcf87c4c788368e199e9d23b2c1831,Naz Reid,player_threes,2.5,draftkings,Memphis Grizzlies @ Minnesota Timberwolves,2025-12-18T01:10:00Z,,2025-12-17T17:00:33Z,0.15,2025-12-17 12:00:41 ET,110.0,-145.0
3dfcf87c4c788368e199e9d23b2c1831,Jaylen Wells,player_threes,1.5,draftkings,Memphis Grizzlies @ Minnesota Timberwolves,2025-12-18T01:10:00Z,,2025-12-17T17:00:33Z,0.15,2025-12-17 12:00:41 ET,-189.0,142.0
3dfcf87c4c788368e199e9d23b2c1831,Santi Aldama,player_threes,1.5,draftkings,Memphis Grizzlies @ Minnesota Timberwolves,2025-12-18T01:10:00Z,,2025-12-17T17:00:33Z,0.15,2025-12-17 12:00:41 ET,-178.0,134.0
3dfcf87c4c788368e199e9d23b2c1831,Julius Randle,player_threes,1.5,draftkings,Memphis Grizzlies @ Minnesota Timberwolves,2025-12-18T01:10:00Z,,2025-12-17T17:00:33Z,0.15,2025-12-17 12:00:41 ET,-144.0,109.0
3dfcf87c4c788368e199e9d23b2c1831,Jaren Jackson Jr,player_threes,1.5,draftkings,Memphis Grizzlies @ Minnesota Timberwolves,2025-12-18T01:10:00Z,,2025-12-17T17:00:33Z,0.15,2025-12-17 12:00:41 ET,-122.0,-108.0
3dfcf87c4c788368e199e9d23b2c1831,Cedric Coward,player_threes,1.5,draftkings,Memphis Grizzlies @ Minnesota Timberwolves,2025-12-18T01:10:00Z,,2025-12-17T17:00:33Z,0.15,2025-12-17 12:00:41 ET,100.0,-132.0
3dfcf87c4c788368e199e9d23b2c1831,Jaden McDaniels,player_threes,1.5,draftkings,Memphis Grizzlies @ Minnesota Timberwolves,2025-12-18T01:10:00Z,,2025-12-17T17:00:33Z,0.15,2025-12-17 12:00:41 ET,108.0,-142.0
3dfcf87c4c788368e199e9d23b2c1831,Kentavious Caldwell-Pope,player_threes,1.5,draftkings,Memphis Grizzlies @ Minnesota Timberwolves,2025-12-18T01:10:00Z,,2025-12-17T17:00:33Z,0.15,2025-12-17 12:00:41 ET,138.0,-183.0
3dfcf87c4c788368e199e9d23b2c1831,Julius Randle,player_triple_double,,draftkings,Memphis Grizzlies @ Minnesota Timberwolves,2025-12-18T01:10:00Z,,2025-12-17T17:00:33Z,0.15,2025-12-17 12:00:41 ET,,
3dfcf87c4c788368e199e9d23b2c1831,Jaren Jackson Jr,player_assists,2.5,williamhill_us,Memphis Grizzlies @ Minnesota Timberwolves,2025-12-18T01:10:00Z,,2025-12-17T17:00:42Z,-0.0,2025-12-17 12:00:41 ET,146.0,-197.0
3dfcf87c4c788368e199e9d23b2c1831,Donte DiVincenzo,player_assists,3.5,williamhill_us,Memphis Grizzlies @ Minnesota Timberwolves,2025-12-18T01:10:00Z,,2025-12-17T17:00:42Z,-0.0,2025-12-17 12:00:41 ET,-157.0,118.0
3dfcf87c4c788368e199e9d23b2c1831,Jaden McDaniels,player_assists,2.5,williamhill_us,Memphis Grizzlies @ Minnesota Timberwolves,2025-12-18T01:10:00Z,,2025-12-17T17:00:42Z,-0.0,2025-12-17 12:00:41 ET,-132.0,100.0
3dfcf87c4c788368e199e9d23b2c1831,Anthony Edwards,player_assists,4.5,williamhill_us,Memphis Grizzlies @ Minnesota Timberwolves,2025-12-18T01:10:00Z,,2025-12-17T17:00:42Z,-0.0,2025-12-17 12:00:41 ET,102.0,-136.0
3dfcf87c4c788368e199e9d23b2c1831,Julius Randle,player_assists,5.5,williamhill_us,Memphis Grizzlies @ Minnesota Timberwolves,2025-12-18T01:10:00Z,,2025-12-17T17:00:42Z,-0.0,2025-12-17 12:00:41 ET,-118.0,-112.0
3dfcf87c4c788368e199e9d23b2c1831,Cedric Coward,player_assists,2.5,williamhill_us,Memphis Grizzlies @ Minnesota Timberwolves,2025-12-18T01:10:00Z,,2025-12-17T17:00:42Z,-0.0,2025-12-17 12:00:41 ET,-162.0,122.0
3dfcf87c4c788368e199e9d23b2c1831,Naz Reid,player_assists,2.5,williamhill_us,Memphis Grizzlies @ Minnesota Timberwolves,2025-12-18T01:10:00Z,,2025-12-17T17:00:42Z,-0.0,2025-12-17 12:00:41 ET,102.0,-136.0
3dfcf87c4c788368e199e9d23b2c1831,Ja Morant,player_assists,7.5,williamhill_us,Memphis Grizzlies @ Minnesota Timberwolves,2025-12-18T01:10:00Z,,2025-12-17T17:00:42Z,-0.0,2025-12-17 12:00:41 ET,115.0,-154.0
3dfcf87c4c788368e199e9d23b2c1831,Santi Aldama,player_assists,3.5,williamhill_us,Memphis Grizzlies @ Minnesota Timberwolves,2025-12-18T01:10:00Z,,2025-12-17T17:00:42Z,-0.0,2025-12-17 12:00:41 ET,118.0,-160.0
3dfcf87c4c788368e199e9d23b2c1831,Kentavious Caldwell-Pope,player_assists,3.5,williamhill_us,Memphis Grizzlies @ Minnesota Timberwolves,2025-12-18T01:10:00Z,,2025-12-17T17:00:42Z,-0.0,2025-12-17 12:00:41 ET,139.0,-190.0
3dfcf87c4c788368e199e9d23b2c1831,Rudy Gobert,player_double_double,,williamhill_us,Memphis Grizzlies @ Minnesota Timberwolves,2025-12-18T01:10:00Z,,2025-12-17T17:00:42Z,-0.0,2025-12-17 12:00:41 ET,,
3dfcf87c4c788368e199e9d23b2c1831,Julius Randle,player_double_double,,williamhill_us,Memphis Grizzlies @ Minnesota Timberwolves,2025-12-18T01:10:00Z,,2025-12-17T17:00:42Z,-0.0,2025-12-17 12:00:41 ET,,
3dfcf87c4c788368e199e9d23b2c1831,Ja Morant,player_double_double,,williamhill_us,Memphis Grizzlies @ Minnesota Timberwolves,2025-12-18T01:10:00Z,,2025-12-17T17:00:42Z,-0.0,2025-12-17 12:00:41 ET,,
3dfcf87c4c788368e199e9d23b2c1831,Santi Aldama,player_double_double,,williamhill_us,Memphis Grizzlies @ Minnesota Timberwolves,2025-12-18T01:10:00Z,,2025-12-17T17:00:42Z,-0.0,2025-12-17 12:00:41 ET,,
3dfcf87c4c788368e199e9d23b2c1831,Cedric Coward,player_double_double,,williamhill_us,Memphis Grizzlies @ Minnesota Timberwolves,2025-12-18T01:10:00Z,,2025-12-17T17:00:42Z,-0.0,2025-12-17 12:00:41 ET,,
3dfcf87c4c788368e199e9d23b2c1831,Naz Reid,player_double_double,,williamhill_us,Memphis Grizzlies @ Minnesota Timberwolves,2025-12-18T01:10:00Z,,2025-12-17T17:00:42Z,-0.0,2025-12-17 12:00:41 ET,,
3dfcf87c4c788368e199e9d23b2c1831,Jock Landale,player_double_double,,williamhill_us,Memphis Grizzlies @ Minnesota Timberwolves,2025-12-18T01:10:00Z,,2025-12-17T17:00:42Z,-0.0,2025-12-17 12:00:41 ET,,
3dfcf87c4c788368e199e9d23b2c1831,Anthony Edwards,player_double_double,,williamhill_us,Memphis Grizzlies @ Minnesota Timberwolves,2025-12-18T01:10:00Z,,2025-12-17T17:00:42Z,-0.0,2025-12-17 12:00:41 ET,,
3dfcf87c4c788368e199e9d23b2c1831,Jaren Jackson Jr,player_double_double,,williamhill_us,Memphis Grizzlies @ Minnesota Timberwolves,2025-12-18T01:10:00Z,,2025-12-17T17:00:42Z,-0.0,2025-12-17 12:00:41 ET,,
3dfcf87c4c788368e199e9d23b2c1831,Jaden McDaniels,player_double_double,,williamhill_us,Memphis Grizzlies @ Minnesota Timberwolves,2025-12-18T01:10:00Z,,2025-12-17T17:00:42Z,-0.0,2025-12-17 12:00:41 ET,,
3dfcf87c4c788368e199e9d23b2c1831,Donte DiVincenzo,player_double_double,,williamhill_us,Memphis Grizzlies @ Minnesota Timberwolves,2025-12-18T01:10:00Z,,2025-12-17T17:00:42Z,-0.0,2025-12-17 12:00:41 ET,,
3dfcf87c4c788368e199e9d23b2c1831,Jaden McDaniels,player_points,14.5,williamhill_us,Memphis Grizzlies @ Minnesota Timberwolves,2025-12-18T01:10:00Z,,2025-12-17T17:00:42Z,-0.0,2025-12-17 12:00:41 ET,-125.0,-107.0
3dfcf87c4c788368e199e9d23b2c1831,Julius Randle,player_points,22.5,williamhill_us,Memphis Grizzlies @ Minnesota Timberwolves,2025-12-18T01:10:00Z,,2025-12-17T17:00:42Z,-0.0,2025-12-17 12:00:41 ET,-121.0,-110.0
3dfcf87c4c788368e199e9d23b2c1831,Rudy Gobert,player_points,10.5,williamhill_us,Memphis Grizzlies @ Minnesota Timberwolves,2025-12-18T01:10:00Z,,2025-12-17T17:00:42Z,-0.0,2025-12-17 12:00:41 ET,-125.0,-106.0
3dfcf87c4c788368e199e9d23b2c1831,Jaren Jackson Jr,player_points,19.5,williamhill_us,Memphis Grizzlies @ Minnesota Timberwolves,2025-12-18T01:10:00Z,,2025-12-17T17:00:42Z,-0.0,2025-12-17 12:00:41 ET,-109.0,-122.0
3dfcf87c4c788368e199e9d23b2c1831,Jaylen Wells,player_points,14.5,williamhill_us,Memphis Grizzlies @ Minnesota Timberwolves,2025-12-18T01:10:00Z,,2025-12-17T17:00:42Z,-0.0,2025-12-17 12:00:41 ET,102.0,-135.0
3dfcf87c4c788368e199e9d23b2c1831,Naz Reid,player_points,14.5,williamhill_us,Memphis Grizzlies @ Minnesota Timberwolves,2025-12-18T01:10:00Z,,2025-12-17T17:00:42Z,-0.0,2025-12-17 12:00:41 ET,-115.0,-115.0
3dfcf87c4c788368e199e9d23b2c1831,Kentavious Caldwell-Pope,player_points,7.5,williamhill_us,Memphis Grizzlies @ Minnesota Timberwolves,2025-12-18T01:10:00Z,,2025-12-17T17:00:42Z,-0.0,2025-12-17 12:00:41 ET,-130.0,-103.0
3dfcf87c4c788368e199e9d23b2c1831,Jock Landale,player_points,9.5,williamhill_us,Memphis Grizzlies @ Minnesota Timberwolves,2025-12-18T01:10:00Z,,2025-12-17T17:00:42Z,-0.0,2025-12-17 12:00:41 ET,-110.0,-121.0
3dfcf87c4c788368e199e9d23b2c1831,Ja Morant,player_points,18.5,williamhill_us,Memphis Grizzlies @ Minnesota Timberwolves,2025-12-18T01:10:00Z,,2025-12-17T17:00:42Z,-0.0,2025-12-17 12:00:41 ET,-108.0,-122.0
3dfcf87c4c788368e199e9d23b2c1831,Santi Aldama,player_points,14.5,williamhill_us,Memphis Grizzlies @ Minnesota Timberwolves,2025-12-18T01:10:00Z,,2025-12-17T17:00:42Z,-0.0,2025-12-17 12:00:41 ET,-127.0,-106.0
3dfcf87c4c788368e199e9d23b2c1831,Terrence Shannon Jr.,player_points,5.5,williamhill_us,Memphis Grizzlies @ Minnesota Timberwolves,2025-12-18T01:10:00Z,,2025-12-17T17:00:42Z,-0.0,2025-12-17 12:00:41 ET,-102.0,-135.0
3dfcf87c4c788368e199e9d23b2c1831,Anthony Edwards,player_points,27.5,williamhill_us,Memphis Grizzlies @ Minnesota Timberwolves,2025-12-18T01:10:00Z,,2025-12-17T17:00:42Z,-0.0,2025-12-17 12:00:41 ET,-122.0,-110.0
3dfcf87c4c788368e199e9d23b2c1831,Donte DiVincenzo,player_points,13.5,williamhill_us,Memphis Grizzlies @ Minnesota Timberwolves,2025-12-18T01:10:00Z,,2025-12-17T17:00:42Z,-0.0,2025-12-17 12:00:41 ET,-127.0,-105.0
3dfcf87c4c788368e199e9d23b2c1831,Cedric Coward,player_points,14.5,williamhill_us,Memphis Grizzlies @ Minnesota Timberwolves,2025-12-18T01:10:00Z,,2025-12-17T17:00:42Z,-0.0,2025-12-17 12:00:41 ET,-112.0,-120.0
3dfcf87c4c788368e199e9d23b2c1831,Naz Reid,player_rebounds,6.5,williamhill_us,Memphis Grizzlies @ Minnesota Timberwolves,2025-12-18T01:10:00Z,,2025-12-17T17:00:42Z,-0.0,2025-12-17 12:00:41 ET,-103.0,-130.0
3dfcf87c4c788368e199e9d23b2c1831,Jock Landale,player_rebounds,6.5,williamhill_us,Memphis Grizzlies @ Minnesota Timberwolves,2025-12-18T01:10:00Z,,2025-12-17T17:00:42Z,-0.0,2025-12-17 12:00:41 ET,104.0,-139.0
3dfcf87c4c788368e199e9d23b2c1831,Rudy Gobert,player_rebounds,11.5,williamhill_us,Memphis Grizzlies @ Minnesota Timberwolves,2025-12-18T01:10:00Z,,2025-12-17T17:00:42Z,-0.0,2025-12-17 12:00:41 ET,-110.0,-122.0
3dfcf87c4c788368e199e9d23b2c1831,Jaren Jackson Jr,player_rebounds,4.5,williamhill_us,Memphis Grizzlies @ Minnesota Timberwolves,2025-12-18T01:10:00Z,,2025-12-17T17:00:42Z,-0.0,2025-12-17 12:00:41 ET,-152.0,114.0
3dfcf87c4c788368e199e9d23b2c1831,Santi Aldama,player_rebounds,6.5,williamhill_us,Memphis Grizzlies @ Minnesota Timberwolves,2025-12-18T01:10:00Z,,2025-12-17T17:00:42Z,-0.0,2025-12-17 12:00:41 ET,-140.0,107.0
3dfcf87c4c788368e199e9d23b2c1831,Anthony Edwards,player_rebounds,5.5,williamhill_us,Memphis Grizzlies @ Minnesota Timberwolves,2025-12-18T01:10:00Z,,2025-12-17T17:00:42Z,-0.0,2025-12-17 12:00:41 ET,119.0,-159.0
3dfcf87c4c788368e199e9d23b2c1831,Julius Randle,player_rebounds,7.5,williamhill_us,Memphis Grizzlies @ Minnesota Timberwolves,2025-12-18T01:10:00Z,,2025-12-17T17:00:42Z,-0.0,2025-12-17 12:00:41 ET,106.0,-141.0
3dfcf87c4c788368e199e9d23b2c1831,Jaylen Wells,player_rebounds,3.5,williamhill_us,Memphis Grizzlies @ Minnesota Timberwolves,2025-12-18T01:10:00Z,,2025-12-17T17:00:42Z,-0.0,2025-12-17 12:00:41 ET,-139.0,105.0
3dfcf87c4c788368e199e9d23b2c1831,Cedric Coward,player_rebounds,6.5,williamhill_us,Memphis Grizzlies @ Minnesota Timberwolves,2025-12-18T01:10:00Z,,2025-12-17T17:00:42Z,-0.0,2025-12-17 12:00:41 ET,-106.0,-127.0
3dfcf87c4c788368e199e9d23b2c1831,Kentavious Caldwell-Pope,player_rebounds,2.5,williamhill_us,Memphis Grizzlies @ Minnesota Timberwolves,2025-12-18T01:10:00Z,,2025-12-17T17:00:42Z,-0.0,2025-12-17 12:00:41 ET,115.0,-155.0
3dfcf87c4c788368e199e9d23b2c1831,Ja Morant,player_rebounds,3.5,williamhill_us,Memphis Grizzlies @ Minnesota Timberwolves,2025-12-18T01:10:00Z,,2025-12-17T17:00:42Z,-0.0,2025-12-17 12:00:41 ET,-117.0,-114.0
3dfcf87c4c788368e199e9d23b2c1831,Jaden McDaniels,player_rebounds,4.5,williamhill_us,Memphis Grizzlies @ Minnesota Timberwolves,2025-12-18T01:10:00Z,,2025-12-17T17:00:42Z,-0.0,2025-12-17 12:00:41 ET,-143.0,107.0
3dfcf87c4c788368e199e9d23b2c1831,Donte DiVincenzo,player_rebounds,3.5,williamhill_us,Memphis Grizzlies @ Minnesota Timberwolves,2025-12-18T01:10:00Z,,2025-12-17T17:00:42Z,-0.0,2025-12-17 12:00:41 ET,-164.0,123.0
3dfcf87c4c788368e199e9d23b2c1831,Cedric Coward,player_threes,1.5,williamhill_us,Memphis Grizzlies @ Minnesota Timberwolves,2025-12-18T01:10:00Z,,2025-12-17T17:00:42Z,-0.0,2025-12-17 12:00:41 ET,108.0,-143.0
3dfcf87c4c788368e199e9d23b2c1831,Jaren Jackson Jr,player_threes,1.5,williamhill_us,Memphis Grizzlies @ Minnesota Timberwolves,2025-12-18T01:10:00Z,,2025-12-17T17:00:42Z,-0.0,2025-12-17 12:00:41 ET,-118.0,-113.0
3dfcf87c4c788368e199e9d23b2c1831,Ja Morant,player_threes,1.5,williamhill_us,Memphis Grizzlies @ Minnesota Timberwolves,2025-12-18T01:10:00Z,,2025-12-17T17:00:42Z,-0.0,2025-12-17 12:00:41 ET,142.0,-193.0
3dfcf87c4c788368e199e9d23b2c1831,Naz Reid,player_threes,2.5,williamhill_us,Memphis Grizzlies @ Minnesota Timberwolves,2025-12-18T01:10:00Z,,2025-12-17T17:00:42Z,-0.0,2025-12-17 12:00:41 ET,113.0,-150.0
3dfcf87c4c788368e199e9d23b2c1831,Jaylen Wells,player_threes,1.5,williamhill_us,Memphis Grizzlies @ Minnesota Timberwolves,2025-12-18T01:10:00Z,,2025-12-17T17:00:42Z,-0.0,2025-12-17 12:00:41 ET,-182.0,136.0
3dfcf87c4c788368e199e9d23b2c1831,Anthony Edwards,player_threes,3.5,williamhill_us,Memphis Grizzlies @ Minnesota Timberwolves,2025-12-18T01:10:00Z,,2025-12-17T17:00:42Z,-0.0,2025-12-17 12:00:41 ET,118.0,-157.0
3dfcf87c4c788368e199e9d23b2c1831,Donte DiVincenzo,player_threes,3.5,williamhill_us,Memphis Grizzlies @ Minnesota Timberwolves,2025-12-18T01:10:00Z,,2025-12-17T17:00:42Z,-0.0,2025-12-17 12:00:41 ET,131.0,-176.0
3dfcf87c4c788368e199e9d23b2c1831,Jock Landale,player_threes,0.5,williamhill_us,Memphis Grizzlies @ Minnesota Timberwolves,2025-12-18T01:10:00Z,,2025-12-17T17:00:42Z,-0.0,2025-12-17 12:00:41 ET,-130.0,105.0
3dfcf87c4c788368e199e9d23b2c1831,Jaden McDaniels,player_threes,1.5,williamhill_us,Memphis Grizzlies @ Minnesota Timberwolves,2025-12-18T01:10:00Z,,2025-12-17T17:00:42Z,-0.0,2025-12-17 12:00:41 ET,111.0,-148.0
3dfcf87c4c788368e199e9d23b2c1831,Santi Aldama,player_threes,1.5,williamhill_us,Memphis Grizzlies @ Minnesota Timberwolves,2025-12-18T01:10:00Z,,2025-12-17T17:00:42Z,-0.0,2025-12-17 12:00:41 ET,-170.0,127.0
3dfcf87c4c788368e199e9d23b2c1831,Julius Randle,player_threes,1.5,williamhill_us,Memphis Grizzlies @ Minnesota Timberwolves,2025-12-18T01:10:00Z,,2025-12-17T17:00:42Z,-0.0,2025-12-17 12:00:41 ET,-157.0,117.0
3dfcf87c4c788368e199e9d23b2c1831,Kentavious Caldwell-Pope,player_threes,1.5,williamhill_us,Memphis Grizzlies @ Minnesota Timberwolves,2025-12-18T01:10:00Z,,2025-12-17T17:00:42Z,-0.0,2025-12-17 12:00:41 ET,138.0,-190.0
3dfcf87c4c788368e199e9d23b2c1831,Julius Randle,player_triple_double,,williamhill_us,Memphis Grizzlies @ Minnesota Timberwolves,2025-12-18T01:10:00Z,,2025-12-17T17:00:42Z,-0.0,2025-12-17 12:00:41 ET,,
3dfcf87c4c788368e199e9d23b2c1831,Anthony Edwards,player_assists,4.5,betrivers,Memphis Grizzlies @ Minnesota Timberwolves,2025-12-18T01:10:00Z,,2025-12-17T16:59:55Z,0.78,2025-12-17 12:00:41 ET,107.0,-141.0
3dfcf87c4c788368e199e9d23b2c1831,Donte DiVincenzo,player_assists,3.5,betrivers,Memphis Grizzlies @ Minnesota Timberwolves,2025-12-18T01:10:00Z,,2025-12-17T16:59:55Z,0.78,2025-12-17 12:00:41 ET,-150.0,112.0
3dfcf87c4c788368e199e9d23b2c1831,Julius Randle,player_assists,5.5,betrivers,Memphis Grizzlies @ Minnesota Timberwolves,2025-12-18T01:10:00Z,,2025-12-17T16:59:55Z,0.78,2025-12-17 12:00:41 ET,-109.0,-122.0
3dfcf87c4c788368e199e9d23b2c1831,Ja Morant,player_assists,6.5,betrivers,Memphis Grizzlies @ Minnesota Timberwolves,2025-12-18T01:10:00Z,,2025-12-17T16:59:55Z,0.78,2025-12-17 12:00:41 ET,-157.0,118.0
3dfcf87c4c788368e199e9d23b2c1831,Cedric Coward,player_assists,2.5,betrivers,Memphis Grizzlies @ Minnesota Timberwolves,2025-12-18T01:10:00Z,,2025-12-17T16:59:55Z,0.78,2025-12-17 12:00:41 ET,-186.0,138.0
3dfcf87c4c788368e199e9d23b2c1831,Julius Randle,player_points,22.5,betrivers,Memphis Grizzlies @ Minnesota Timberwolves,2025-12-18T01:10:00Z,,2025-12-17T16:59:55Z,0.78,2025-12-17 12:00:41 ET,-122.0,-108.0
3dfcf87c4c788368e199e9d23b2c1831,Jaren Jackson Jr,player_points,20.5,betrivers,Memphis Grizzlies @ Minnesota Timberwolves,2025-12-18T01:10:00Z,,2025-12-17T16:59:55Z,0.78,2025-12-17 12:00:41 ET,112.0,-152.0
3dfcf87c4c788368e199e9d23b2c1831,Cedric Coward,player_points,15.5,betrivers,Memphis Grizzlies @ Minnesota Timberwolves,2025-12-18T01:10:00Z,,2025-12-17T16:59:55Z,0.78,2025-12-17 12:00:41 ET,114.0,-155.0
3dfcf87c4c788368e199e9d23b2c1831,Jaylen Wells,player_points,15.5,betrivers,Memphis Grizzlies @ Minnesota Timberwolves,2025-12-18T01:10:00Z,,2025-12-17T16:59:55Z,0.78,2025-12-17 12:00:41 ET,120.0,-167.0
3dfcf87c4c788368e199e9d23b2c1831,Jaren Jackson Jr,player_points,18.5,betrivers,Memphis Grizzlies @ Minnesota Timberwolves,2025-12-18T01:10:00Z,,2025-12-17T16:59:55Z,0.78,2025-12-17 12:00:41 ET,-143.0,107.0
3dfcf87c4c788368e199e9d23b2c1831,Donte DiVincenzo,player_points,13.5,betrivers,Memphis Grizzlies @ Minnesota Timberwolves,2025-12-18T01:10:00Z,,2025-12-17T16:59:55Z,0.78,2025-12-17 12:00:41 ET,-118.0,-113.0
3dfcf87c4c788368e199e9d23b2c1831,Jaylen Wells,player_points,13.5,betrivers,Memphis Grizzlies @ Minnesota Timberwolves,2025-12-18T01:10:00Z,,2025-12-17T16:59:55Z,0.78,2025-12-17 12:00:41 ET,-141.0,106.0
3dfcf87c4c788368e199e9d23b2c1831,Ja Morant,player_points,16.5,betrivers,Memphis Grizzlies @ Minnesota Timberwolves,2025-12-18T01:10:00Z,,2025-12-17T16:59:55Z,0.78,2025-12-17 12:00:41 ET,-159.0,116.0
3dfcf87c4c788368e199e9d23b2c1831,Anthony Edwards,player_points,28.5,betrivers,Memphis Grizzlies @ Minnesota Timberwolves,2025-12-18T01:10:00Z,,2025-12-17T16:59:55Z,0.78,2025-12-17 12:00:41 ET,104.0,-137.0
3dfcf87c4c788368e199e9d23b2c1831,Anthony Edwards,player_points,26.5,betrivers,Memphis Grizzlies @ Minnesota Timberwolves,2025-12-18T01:10:00Z,,2025-12-17T16:59:55Z,0.78,2025-12-17 12:00:41 ET,-148.0,110.0
3dfcf87c4c788368e199e9d23b2c1831,Ja Morant,player_points,17.5,betrivers,Memphis Grizzlies @ Minnesota Timberwolves,2025-12-18T01:10:00Z,,2025-12-17T16:59:55Z,0.78,2025-12-17 12:00:41 ET,-120.0,-112.0
3dfcf87c4c788368e199e9d23b2c1831,Jaden McDaniels,player_points,15.5,betrivers,Memphis Grizzlies @ Minnesota Timberwolves,2025-12-18T01:10:00Z,,2025-12-17T16:59:55Z,0.78,2025-12-17 12:00:41 ET,-103.0,-130.0
3dfcf87c4c788368e199e9d23b2c1831,Julius Randle,player_points,21.5,betrivers,Memphis Grizzlies @ Minnesota Timberwolves,2025-12-18T01:10:00Z,,2025-12-17T16:59:55Z,0.78,2025-12-17 12:00:41 ET,-159.0,116.0
3dfcf87c4c788368e199e9d23b2c1831,Naz Reid,player_points,13.5,betrivers,Memphis Grizzlies @ Minnesota Timberwolves,2025-12-18T01:10:00Z,,2025-12-17T16:59:55Z,0.78,2025-12-17 12:00:41 ET,-136.0,102.0
3dfcf87c4c788368e199e9d23b2c1831,Jaden McDaniels,player_points,14.5,betrivers,Memphis Grizzlies @ Minnesota Timberwolves,2025-12-18T01:10:00Z,,2025-12-17T16:59:55Z,0.78,2025-12-17 12:00:41 ET,-137.0,102.0
3dfcf87c4c788368e199e9d23b2c1831,Rudy Gobert,player_points,10.5,betrivers,Memphis Grizzlies @ Minnesota Timberwolves,2025-12-18T01:10:00Z,,2025-12-17T16:59:55Z,0.78,2025-12-17 12:00:41 ET,-122.0,-108.0
3dfcf87c4c788368e199e9d23b2c1831,Jaylen Wells,player_points,14.5,betrivers,Memphis Grizzlies @ Minnesota Timberwolves,2025-12-18T01:10:00Z,,2025-12-17T16:59:55Z,0.78,2025-12-17 12:00:41 ET,-107.0,-125.0
3dfcf87c4c788368e199e9d23b2c1831,Julius Randle,player_points,23.5,betrivers,Memphis Grizzlies @ Minnesota Timberwolves,2025-12-18T01:10:00Z,,2025-12-17T16:59:55Z,0.78,2025-12-17 12:00:41 ET,104.0,-137.0
3dfcf87c4c788368e199e9d23b2c1831,Donte DiVincenzo,player_points,14.5,betrivers,Memphis Grizzlies @ Minnesota Timberwolves,2025-12-18T01:10:00Z,,2025-12-17T16:59:55Z,0.78,2025-12-17 12:00:41 ET,112.0,-152.0
3dfcf87c4c788368e199e9d23b2c1831,Rudy Gobert,player_points,11.5,betrivers,Memphis Grizzlies @ Minnesota Timberwolves,2025-12-18T01:10:00Z,,2025-12-17T16:59:55Z,0.78,2025-12-17 12:00:41 ET,106.0,-141.0
3dfcf87c4c788368e199e9d23b2c1831,Anthony Edwards,player_points,27.5,betrivers,Memphis Grizzlies @ Minnesota Timberwolves,2025-12-18T01:10:00Z,,2025-12-17T16:59:55Z,0.78,2025-12-17 12:00:41 ET,-120.0,-112.0
3dfcf87c4c788368e199e9d23b2c1831,Donte DiVincenzo,player_points,12.5,betrivers,Memphis Grizzlies @ Minnesota Timberwolves,2025-12-18T01:10:00Z,,2025-12-17T16:59:55Z,0.78,2025-12-17 12:00:41 ET,-157.0,114.0
3dfcf87c4c788368e199e9d23b2c1831,Naz Reid,player_points,14.5,betrivers,Memphis Grizzlies @ Minnesota Timberwolves,2025-12-18T01:10:00Z,,2025-12-17T16:59:55Z,0.78,2025-12-17 12:00:41 ET,-105.0,-127.0
3dfcf87c4c788368e199e9d23b2c1831,Cedric Coward,player_points,14.5,betrivers,Memphis Grizzlies @ Minnesota Timberwolves,2025-12-18T01:10:00Z,,2025-12-17T16:59:55Z,0.78,2025-12-17 12:00:41 ET,-115.0,-115.0
3dfcf87c4c788368e199e9d23b2c1831,Jaren Jackson Jr,player_points,19.5,betrivers,Memphis Grizzlies @ Minnesota Timberwolves,2025-12-18T01:10:00Z,,2025-12-17T16:59:55Z,0.78,2025-12-17 12:00:41 ET,-113.0,-118.0
3dfcf87c4c788368e199e9d23b2c1831,Ja Morant,player_points,18.5,betrivers,Memphis Grizzlies @ Minnesota Timberwolves,2025-12-18T01:10:00Z,,2025-12-17T16:59:55Z,0.78,2025-12-17 12:00:41 ET,108.0,-143.0
3dfcf87c4c788368e199e9d23b2c1831,Santi Aldama,player_points,15.5,betrivers,Memphis Grizzlies @ Minnesota Timberwolves,2025-12-18T01:10:00Z,,2025-12-17T16:59:55Z,0.78,2025-12-17 12:00:41 ET,105.0,-139.0
3dfcf87c4c788368e199e9d23b2c1831,Santi Aldama,player_points,14.5,betrivers,Memphis Grizzlies @ Minnesota Timberwolves,2025-12-18T01:10:00Z,,2025-12-17T16:59:55Z,0.78,2025-12-17 12:00:41 ET,-125.0,-107.0
3dfcf87c4c788368e199e9d23b2c1831,Cedric Coward,player_points,13.5,betrivers,Memphis Grizzlies @ Minnesota Timberwolves,2025-12-18T01:10:00Z,,2025-12-17T16:59:55Z,0.78,2025-12-17 12:00:41 ET,-157.0,114.0
3dfcf87c4c788368e199e9d23b2c1831,Donte DiVincenzo,player_points_rebounds_assists,21.5,betrivers,Memphis Grizzlies @ Minnesota Timberwolves,2025-12-18T01:10:00Z,,2025-12-17T16:59:55Z,0.78,2025-12-17 12:00:41 ET,-117.0,-114.0
3dfcf87c4c788368e199e9d23b2c1831,Anthony Edwards,player_points_rebounds_assists,36.5,betrivers,Memphis Grizzlies @ Minnesota Timberwolves,2025-12-18T01:10:00Z,,2025-12-17T16:59:55Z,0.78,2025-12-17 12:00:41 ET,-132.0,100.0
3dfcf87c4c788368e199e9d23b2c1831,Julius Randle,player_points_rebounds_assists,37.5,betrivers,Memphis Grizzlies @ Minnesota Timberwolves,2025-12-18T01:10:00Z,,2025-12-17T16:59:55Z,0.78,2025-12-17 12:00:41 ET,120.0,-167.0
3dfcf87c4c788368e199e9d23b2c1831,Donte DiVincenzo,player_points_rebounds_assists,22.5,betrivers,Memphis Grizzlies @ Minnesota Timberwolves,2025-12-18T01:10:00Z,,2025-12-17T16:59:55Z,0.78,2025-12-17 12:00:41 ET,108.0,-148.0
3dfcf87c4c788368e199e9d23b2c1831,Ja Morant,player_points_rebounds_assists,29.5,betrivers,Memphis Grizzlies @ Minnesota Timberwolves,2025-12-18T01:10:00Z,,2025-12-17T16:59:55Z,0.78,2025-12-17 12:00:41 ET,108.0,-143.0
3dfcf87c4c788368e199e9d23b2c1831,Ja Morant,player_points_rebounds_assists,27.5,betrivers,Memphis Grizzlies @ Minnesota Timberwolves,2025-12-18T01:10:00Z,,2025-12-17T16:59:55Z,0.78,2025-12-17 12:00:41 ET,-143.0,108.0
3dfcf87c4c788368e199e9d23b2c1831,Donte DiVincenzo,player_points_rebounds_assists,20.5,betrivers,Memphis Grizzlies @ Minnesota Timberwolves,2025-12-18T01:10:00Z,,2025-12-17T16:59:55Z,0.78,2025-12-17 12:00:41 ET,-155.0,112.0
3dfcf87c4c788368e199e9d23b2c1831,Julius Randle,player_points_rebounds_assists,34.5,betrivers,Memphis Grizzlies @ Minnesota Timberwolves,2025-12-18T01:10:00Z,,2025-12-17T16:59:55Z,0.78,2025-12-17 12:00:41 ET,-152.0,112.0
3dfcf87c4c788368e199e9d23b2c1831,Cedric Coward,player_points_rebounds_assists,23.5,betrivers,Memphis Grizzlies @ Minnesota Timberwolves,2025-12-18T01:10:00Z,,2025-12-17T16:59:55Z,0.78,2025-12-17 12:00:41 ET,-134.0,102.0
3dfcf87c4c788368e199e9d23b2c1831,Anthony Edwards,player_points_rebounds_assists,35.5,betrivers,Memphis Grizzlies @ Minnesota Timberwolves,2025-12-18T01:10:00Z,,2025-12-17T16:59:55Z,0.78,2025-12-17 12:00:41 ET,-167.0,120.0
3dfcf87c4c788368e199e9d23b2c1831,Anthony Edwards,player_points_rebounds_assists,37.5,betrivers,Memphis Grizzlies @ Minnesota Timberwolves,2025-12-18T01:10:00Z,,2025-12-17T16:59:55Z,0.78,2025-12-17 12:00:41 ET,-109.0,-121.0
3dfcf87c4c788368e199e9d23b2c1831,Julius Randle,player_points_rebounds_assists,35.5,betrivers,Memphis Grizzlies @ Minnesota Timberwolves,2025-12-18T01:10:00Z,,2025-12-17T16:59:55Z,0.78,2025-12-17 12:00:41 ET,-122.0,-109.0
3dfcf87c4c788368e199e9d23b2c1831,Anthony Edwards,player_points_rebounds_assists,38.5,betrivers,Memphis Grizzlies @ Minnesota Timberwolves,2025-12-18T01:10:00Z,,2025-12-17T16:59:55Z,0.78,2025-12-17 12:00:41 ET,110.0,-148.0
3dfcf87c4c788368e199e9d23b2c1831,Julius Randle,player_points_rebounds_assists,36.5,betrivers,Memphis Grizzlies @ Minnesota Timberwolves,2025-12-18T01:10:00Z,,2025-12-17T16:59:55Z,0.78,2025-12-17 12:00:41 ET,100.0,-134.0
3dfcf87c4c788368e199e9d23b2c1831,Ja Morant,player_points_rebounds_assists,28.5,betrivers,Memphis Grizzlies @ Minnesota Timberwolves,2025-12-18T01:10:00Z,,2025-12-17T16:59:55Z,0.78,2025-12-17 12:00:41 ET,-115.0,-115.0
3dfcf87c4c788368e199e9d23b2c1831,Cedric Coward,player_points_rebounds_assists,24.5,betrivers,Memphis Grizzlies @ Minnesota Timberwolves,2025-12-18T01:10:00Z,,2025-12-17T16:59:55Z,0.78,2025-12-17 12:00:41 ET,-107.0,-125.0
3dfcf87c4c788368e199e9d23b2c1831,Cedric Coward,player_points_rebounds_assists,25.5,betrivers,Memphis Grizzlies @ Minnesota Timberwolves,2025-12-18T01:10:00Z,,2025-12-17T16:59:55Z,0.78,2025-12-17 12:00:41 ET,117.0,-162.0
3dfcf87c4c788368e199e9d23b2c1831,Anthony Edwards,player_rebounds,4.5,betrivers,Memphis Grizzlies @ Minnesota Timberwolves,2025-12-18T01:10:00Z,,2025-12-17T16:59:55Z,0.78,2025-12-17 12:00:41 ET,-162.0,123.0
3dfcf87c4c788368e199e9d23b2c1831,Jaden McDaniels,player_rebounds,4.5,betrivers,Memphis Grizzlies @ Minnesota Timberwolves,2025-12-18T01:10:00Z,,2025-12-17T16:59:55Z,0.78,2025-12-17 12:00:41 ET,-137.0,104.0
3dfcf87c4c788368e199e9d23b2c1831,Rudy Gobert,player_rebounds,11.5,betrivers,Memphis Grizzlies @ Minnesota Timberwolves,2025-12-18T01:10:00Z,,2025-12-17T16:59:55Z,0.78,2025-12-17 12:00:41 ET,104.0,-137.0
3dfcf87c4c788368e199e9d23b2c1831,Julius Randle,player_rebounds,7.5,betrivers,Memphis Grizzlies @ Minnesota Timberwolves,2025-12-18T01:10:00Z,,2025-12-17T16:59:55Z,0.78,2025-12-17 12:00:41 ET,104.0,-139.0
3dfcf87c4c788368e199e9d23b2c1831,Jaren Jackson Jr,player_rebounds,5.5,betrivers,Memphis Grizzlies @ Minnesota Timberwolves,2025-12-18T01:10:00Z,,2025-12-17T16:59:55Z,0.78,2025-12-17 12:00:41 ET,112.0,-148.0
3dfcf87c4c788368e199e9d23b2c1831,Donte DiVincenzo,player_rebounds,3.5,betrivers,Memphis Grizzlies @ Minnesota Timberwolves,2025-12-18T01:10:00Z,,2025-12-17T16:59:55Z,0.78,2025-12-17 12:00:41 ET,-152.0,114.0
3dfcf87c4c788368e199e9d23b2c1831,Santi Aldama,player_rebounds,6.5,betrivers,Memphis Grizzlies @ Minnesota Timberwolves,2025-12-18T01:10:00Z,,2025-12-17T16:59:55Z,0.78,2025-12-17 12:00:41 ET,-132.0,100.0
3dfcf87c4c788368e199e9d23b2c1831,Jaylen Wells,player_rebounds,3.5,betrivers,Memphis Grizzlies @ Minnesota Timberwolves,2025-12-18T01:10:00Z,,2025-12-17T16:59:55Z,0.78,2025-12-17 12:00:41 ET,-136.0,102.0
3dfcf87c4c788368e199e9d23b2c1831,Ja Morant,player_rebounds,3.5,betrivers,Memphis Grizzlies @ Minnesota Timberwolves,2025-12-18T01:10:00Z,,2025-12-17T16:59:55Z,0.78,2025-12-17 12:00:41 ET,-115.0,-115.0
3dfcf87c4c788368e199e9d23b2c1831,Naz Reid,player_rebounds,6.5,betrivers,Memphis Grizzlies @ Minnesota Timberwolves,2025-12-18T01:10:00Z,,2025-12-17T16:59:55Z,0.78,2025-12-17 12:00:41 ET,110.0,-148.0
3dfcf87c4c788368e199e9d23b2c1831,Cedric Coward,player_rebounds,6.5,betrivers,Memphis Grizzlies @ Minnesota Timberwolves,2025-12-18T01:10:00Z,,2025-12-17T16:59:55Z,0.78,2025-12-17 12:00:41 ET,-104.0,-129.0
3dfcf87c4c788368e199e9d23b2c1831,Donte DiVincenzo,player_threes,3.5,betrivers,Memphis Grizzlies @ Minnesota Timberwolves,2025-12-18T01:10:00Z,,2025-12-17T16:59:55Z,0.78,2025-12-17 12:00:41 ET,128.0,-167.0
3dfcf87c4c788368e199e9d23b2c1831,Jaden McDaniels,player_threes,1.5,betrivers,Memphis Grizzlies @ Minnesota Timberwolves,2025-12-18T01:10:00Z,,2025-12-17T16:59:55Z,0.78,2025-12-17 12:00:41 ET,120.0,-159.0
3dfcf87c4c788368e199e9d23b2c1831,Naz Reid,player_threes,2.5,betrivers,Memphis Grizzlies @ Minnesota Timberwolves,2025-12-18T01:10:00Z,,2025-12-17T16:59:55Z,0.78,2025-12-17 12:00:41 ET,123.0,-162.0
3dfcf87c4c788368e199e9d23b2c1831,Ja Morant,player_threes,1.5,betrivers,Memphis Grizzlies @ Minnesota Timberwolves,2025-12-18T01:10:00Z,,2025-12-17T16:59:55Z,0.78,2025-12-17 12:00:41 ET,150.0,-205.0
3dfcf87c4c788368e199e9d23b2c1831,Julius Randle,player_threes,1.5,betrivers,Memphis Grizzlies @ Minnesota Timberwolves,2025-12-18T01:10:00Z,,2025-12-17T16:59:55Z,0.78,2025-12-17 12:00:41 ET,-143.0,108.0
3dfcf87c4c788368e199e9d23b2c1831,Cedric Coward,player_threes,1.5,betrivers,Memphis Grizzlies @ Minnesota Timberwolves,2025-12-18T01:10:00Z,,2025-12-17T16:59:55Z,0.78,2025-12-17 12:00:41 ET,112.0,-148.0
3dfcf87c4c788368e199e9d23b2c1831,Anthony Edwards,player_threes,3.5,betrivers,Memphis Grizzlies @ Minnesota Timberwolves,2025-12-18T01:10:00Z,,2025-12-17T16:59:55Z,0.78,2025-12-17 12:00:41 ET,110.0,-148.0
3dfcf87c4c788368e199e9d23b2c1831,Jaylen Wells,player_threes,1.5,betrivers,Memphis Grizzlies @ Minnesota Timberwolves,2025-12-18T01:10:00Z,,2025-12-17T16:59:55Z,0.78,2025-12-17 12:00:41 ET,-157.0,117.0
3dfcf87c4c788368e199e9d23b2c1831,Santi Aldama,player_threes,1.5,betrivers,Memphis Grizzlies @ Minnesota Timberwolves,2025-12-18T01:10:00Z,,2025-12-17T16:59:55Z,0.78,2025-12-17 12:00:41 ET,-152.0,114.0
3dfcf87c4c788368e199e9d23b2c1831,Jaren Jackson Jr,player_threes,1.5,betrivers,Memphis Grizzlies @ Minnesota Timberwolves,2025-12-18T01:10:00Z,,2025-12-17T16:59:55Z,0.78,2025-12-17 12:00:41 ET,-113.0,-118.0
3dfcf87c4c788368e199e9d23b2c1831,Anthony Edwards,player_assists,3.5,bovada,Memphis Grizzlies @ Minnesota Timberwolves,2025-12-18T01:10:00Z,,2025-12-17T17:00:00Z,0.7,2025-12-17 12:00:41 ET,-230.0,170.0
3dfcf87c4c788368e199e9d23b2c1831,Anthony Edwards,player_assists,4.5,bovada,Memphis Grizzlies @ Minnesota Timberwolves,2025-12-18T01:10:00Z,,2025-12-17T17:00:00Z,0.7,2025-12-17 12:00:41 ET,-105.0,-125.0
3dfcf87c4c788368e199e9d23b2c1831,Anthony Edwards,player_assists,5.5,bovada,Memphis Grizzlies @ Minnesota Timberwolves,2025-12-18T01:10:00Z,,2025-12-17T17:00:00Z,0.7,2025-12-17 12:00:41 ET,190.0,-260.0
3dfcf87c4c788368e199e9d23b2c1831,Donte DiVincenzo,player_assists,3.5,bovada,Memphis Grizzlies @ Minnesota Timberwolves,2025-12-18T01:10:00Z,,2025-12-17T17:00:00Z,0.7,2025-12-17 12:00:41 ET,-180.0,135.0
3dfcf87c4c788368e199e9d23b2c1831,Donte DiVincenzo,player_assists,4.5,bovada,Memphis Grizzlies @ Minnesota Timberwolves,2025-12-18T01:10:00Z,,2025-12-17T17:00:00Z,0.7,2025-12-17 12:00:41 ET,120.0,-160.0
3dfcf87c4c788368e199e9d23b2c1831,Julius Randle,player_assists,4.5,bovada,Memphis Grizzlies @ Minnesota Timberwolves,2025-12-18T01:10:00Z,,2025-12-17T17:00:00Z,0.7,2025-12-17 12:00:41 ET,-230.0,170.0
3dfcf87c4c788368e199e9d23b2c1831,Julius Randle,player_assists,5.5,bovada,Memphis Grizzlies @ Minnesota Timberwolves,2025-12-18T01:10:00Z,,2025-12-17T17:00:00Z,0.7,2025-12-17 12:00:41 ET,-115.0,-115.0
3dfcf87c4c788368e199e9d23b2c1831,Julius Randle,player_assists,6.5,bovada,Memphis Grizzlies @ Minnesota Timberwolves,2025-12-18T01:10:00Z,,2025-12-17T17:00:00Z,0.7,2025-12-17 12:00:41 ET,165.0,-220.0
3dfcf87c4c788368e199e9d23b2c1831,Santi Aldama,player_assists,2.5,bovada,Memphis Grizzlies @ Minnesota Timberwolves,2025-12-18T01:10:00Z,,2025-12-17T17:00:00Z,0.7,2025-12-17 12:00:41 ET,-200.0,150.0
3dfcf87c4c788368e199e9d23b2c1831,Santi Aldama,player_assists,3.5,bovada,Memphis Grizzlies @ Minnesota Timberwolves,2025-12-18T01:10:00Z,,2025-12-17T17:00:00Z,0.7,2025-12-17 12:00:41 ET,120.0,-160.0
3dfcf87c4c788368e199e9d23b2c1831,Anthony Edwards,player_blocks,0.5,bovada,Memphis Grizzlies @ Minnesota Timberwolves,2025-12-18T01:10:00Z,,2025-12-17T17:00:00Z,0.7,2025-12-17 12:00:41 ET,-150.0,115.0
3dfcf87c4c788368e199e9d23b2c1831,Jaden McDaniels,player_blocks,0.5,bovada,Memphis Grizzlies @ Minnesota Timberwolves,2025-12-18T01:10:00Z,,2025-12-17T17:00:00Z,0.7,2025-12-17 12:00:41 ET,-160.0,120.0
3dfcf87c4c788368e199e9d23b2c1831,Jaren Jackson Jr,player_blocks,0.5,bovada,Memphis Grizzlies @ Minnesota Timberwolves,2025-12-18T01:10:00Z,,2025-12-17T17:00:00Z,0.7,2025-12-17 12:00:41 ET,-280.0,205.0
3dfcf87c4c788368e199e9d23b2c1831,Jaren Jackson Jr,player_blocks,1.5,bovada,Memphis Grizzlies @ Minnesota Timberwolves,2025-12-18T01:10:00Z,,2025-12-17T17:00:00Z,0.7,2025-12-17 12:00:41 ET,155.0,-210.0
3dfcf87c4c788368e199e9d23b2c1831,Julius Randle,player_blocks,0.5,bovada,Memphis Grizzlies @ Minnesota Timberwolves,2025-12-18T01:10:00Z,,2025-12-17T17:00:00Z,0.7,2025-12-17 12:00:41 ET,240.0,-340.0
3dfcf87c4c788368e199e9d23b2c1831,Rudy Gobert,player_blocks,1.5,bovada,Memphis Grizzlies @ Minnesota Timberwolves,2025-12-18T01:10:00Z,,2025-12-17T17:00:00Z,0.7,2025-12-17 12:00:41 ET,115.0,-150.0
3dfcf87c4c788368e199e9d23b2c1831,Rudy Gobert,player_double_double,,bovada,Memphis Grizzlies @ Minnesota Timberwolves,2025-12-18T01:10:00Z,,2025-12-17T17:00:00Z,0.7,2025-12-17 12:00:41 ET,,
3dfcf87c4c788368e199e9d23b2c1831,Julius Randle,player_double_double,,bovada,Memphis Grizzlies @ Minnesota Timberwolves,2025-12-18T01:10:00Z,,2025-12-17T17:00:00Z,0.7,2025-12-17 12:00:41 ET,,
3dfcf87c4c788368e199e9d23b2c1831,Ja Morant,player_double_double,,bovada,Memphis Grizzlies @ Minnesota Timberwolves,2025-12-18T01:10:00Z,,2025-12-17T17:00:00Z,0.7,2025-12-17 12:00:41 ET,,
3dfcf87c4c788368e199e9d23b2c1831,Santi Aldama,player_double_double,,bovada,Memphis Grizzlies @ Minnesota Timberwolves,2025-12-18T01:10:00Z,,2025-12-17T17:00:00Z,0.7,2025-12-17 12:00:41 ET,,
3dfcf87c4c788368e199e9d23b2c1831,Cedric Coward,player_double_double,,bovada,Memphis Grizzlies @ Minnesota Timberwolves,2025-12-18T01:10:00Z,,2025-12-17T17:00:00Z,0.7,2025-12-17 12:00:41 ET,,
3dfcf87c4c788368e199e9d23b2c1831,Naz Reid,player_double_double,,bovada,Memphis Grizzlies @ Minnesota Timberwolves,2025-12-18T01:10:00Z,,2025-12-17T17:00:00Z,0.7,2025-12-17 12:00:41 ET,,
3dfcf87c4c788368e199e9d23b2c1831,Jock Landale,player_double_double,,bovada,Memphis Grizzlies @ Minnesota Timberwolves,2025-12-18T01:10:00Z,,2025-12-17T17:00:00Z,0.7,2025-12-17 12:00:41 ET,,
3dfcf87c4c788368e199e9d23b2c1831,Anthony Edwards,player_double_double,,bovada,Memphis Grizzlies @ Minnesota Timberwolves,2025-12-18T01:10:00Z,,2025-12-17T17:00:00Z,0.7,2025-12-17 12:00:41 ET,,
3dfcf87c4c788368e199e9d23b2c1831,Jaren Jackson Jr,player_double_double,,bovada,Memphis Grizzlies @ Minnesota Timberwolves,2025-12-18T01:10:00Z,,2025-12-17T17:00:00Z,0.7,2025-12-17 12:00:41 ET,,
3dfcf87c4c788368e199e9d23b2c1831,Jaden McDaniels,player_double_double,,bovada,Memphis Grizzlies @ Minnesota Timberwolves,2025-12-18T01:10:00Z,,2025-12-17T17:00:00Z,0.7,2025-12-17 12:00:41 ET,,
3dfcf87c4c788368e199e9d23b2c1831,Donte DiVincenzo,player_double_double,,bovada,Memphis Grizzlies @ Minnesota Timberwolves,2025-12-18T01:10:00Z,,2025-12-17T17:00:00Z,0.7,2025-12-17 12:00:41 ET,,
3dfcf87c4c788368e199e9d23b2c1831,Anthony Edwards,player_points,23.5,bovada,Memphis Grizzlies @ Minnesota Timberwolves,2025-12-18T01:10:00Z,,2025-12-17T17:00:00Z,0.7,2025-12-17 12:00:41 ET,-275.0,200.0
3dfcf87c4c788368e199e9d23b2c1831,Anthony Edwards,player_points,24.5,bovada,Memphis Grizzlies @ Minnesota Timberwolves,2025-12-18T01:10:00Z,,2025-12-17T17:00:00Z,0.7,2025-12-17 12:00:41 ET,-220.0,165.0
3dfcf87c4c788368e199e9d23b2c1831,Anthony Edwards,player_points,25.5,bovada,Memphis Grizzlies @ Minnesota Timberwolves,2025-12-18T01:10:00Z,,2025-12-17T17:00:00Z,0.7,2025-12-17 12:00:41 ET,-180.0,135.0
3dfcf87c4c788368e199e9d23b2c1831,Anthony Edwards,player_points,26.5,bovada,Memphis Grizzlies @ Minnesota Timberwolves,2025-12-18T01:10:00Z,,2025-12-17T17:00:00Z,0.7,2025-12-17 12:00:41 ET,-145.0,110.0
3dfcf87c4c788368e199e9d23b2c1831,Anthony Edwards,player_points,27.5,bovada,Memphis Grizzlies @ Minnesota Timberwolves,2025-12-18T01:10:00Z,,2025-12-17T17:00:00Z,0.7,2025-12-17 12:00:41 ET,-120.0,-110.0
3dfcf87c4c788368e199e9d23b2c1831,Anthony Edwards,player_points,28.5,bovada,Memphis Grizzlies @ Minnesota Timberwolves,2025-12-18T01:10:00Z,,2025-12-17T17:00:00Z,0.7,2025-12-17 12:00:41 ET,100.0,-130.0
3dfcf87c4c788368e199e9d23b2c1831,Anthony Edwards,player_points,29.5,bovada,Memphis Grizzlies @ Minnesota Timberwolves,2025-12-18T01:10:00Z,,2025-12-17T17:00:00Z,0.7,2025-12-17 12:00:41 ET,120.0,-160.0
3dfcf87c4c788368e199e9d23b2c1831,Anthony Edwards,player_points,30.5,bovada,Memphis Grizzlies @ Minnesota Timberwolves,2025-12-18T01:10:00Z,,2025-12-17T17:00:00Z,0.7,2025-12-17 12:00:41 ET,145.0,-190.0
3dfcf87c4c788368e199e9d23b2c1831,Anthony Edwards,player_points,31.5,bovada,Memphis Grizzlies @ Minnesota Timberwolves,2025-12-18T01:10:00Z,,2025-12-17T17:00:00Z,0.7,2025-12-17 12:00:41 ET,170.0,-230.0
3dfcf87c4c788368e199e9d23b2c1831,Anthony Edwards,player_points,32.5,bovada,Memphis Grizzlies @ Minnesota Timberwolves,2025-12-18T01:10:00Z,,2025-12-17T17:00:00Z,0.7,2025-12-17 12:00:41 ET,205.0,-280.0
3dfcf87c4c788368e199e9d23b2c1831,Cedric Coward,player_points,11.5,bovada,Memphis Grizzlies @ Minnesota Timberwolves,2025-12-18T01:10:00Z,,2025-12-17T17:00:00Z,0.7,2025-12-17 12:00:41 ET,-245.0,180.0
3dfcf87c4c788368e199e9d23b2c1831,Cedric Coward,player_points,12.5,bovada,Memphis Grizzlies @ Minnesota Timberwolves,2025-12-18T01:10:00Z,,2025-12-17T17:00:00Z,0.7,2025-12-17 12:00:41 ET,-180.0,135.0
3dfcf87c4c788368e199e9d23b2c1831,Cedric Coward,player_points,13.5,bovada,Memphis Grizzlies @ Minnesota Timberwolves,2025-12-18T01:10:00Z,,2025-12-17T17:00:00Z,0.7,2025-12-17 12:00:41 ET,-135.0,105.0
3dfcf87c4c788368e199e9d23b2c1831,Cedric Coward,player_points,14.5,bovada,Memphis Grizzlies @ Minnesota Timberwolves,2025-12-18T01:10:00Z,,2025-12-17T17:00:00Z,0.7,2025-12-17 12:00:41 ET,-105.0,-125.0
3dfcf87c4c788368e199e9d23b2c1831,Cedric Coward,player_points,15.5,bovada,Memphis Grizzlies @ Minnesota Timberwolves,2025-12-18T01:10:00Z,,2025-12-17T17:00:00Z,0.7,2025-12-17 12:00:41 ET,120.0,-160.0
3dfcf87c4c788368e199e9d23b2c1831,Cedric Coward,player_points,16.5,bovada,Memphis Grizzlies @ Minnesota Timberwolves,2025-12-18T01:10:00Z,,2025-12-17T17:00:00Z,0.7,2025-12-17 12:00:41 ET,155.0,-210.0
3dfcf87c4c788368e199e9d23b2c1831,Cedric Coward,player_points,17.5,bovada,Memphis Grizzlies @ Minnesota Timberwolves,2025-12-18T01:10:00Z,,2025-12-17T17:00:00Z,0.7,2025-12-17 12:00:41 ET,200.0,-275.0
3dfcf87c4c788368e199e9d23b2c1831,Donte DiVincenzo,player_points,10.5,bovada,Memphis Grizzlies @ Minnesota Timberwolves,2025-12-18T01:10:00Z,,2025-12-17T17:00:00Z,0.7,2025-12-17 12:00:41 ET,-300.0,215.0
3dfcf87c4c788368e199e9d23b2c1831,Donte DiVincenzo,player_points,11.5,bovada,Memphis Grizzlies @ Minnesota Timberwolves,2025-12-18T01:10:00Z,,2025-12-17T17:00:00Z,0.7,2025-12-17 12:00:41 ET,-215.0,160.0
3dfcf87c4c788368e199e9d23b2c1831,Donte DiVincenzo,player_points,12.5,bovada,Memphis Grizzlies @ Minnesota Timberwolves,2025-12-18T01:10:00Z,,2025-12-17T17:00:00Z,0.7,2025-12-17 12:00:41 ET,-160.0,120.0
3dfcf87c4c788368e199e9d23b2c1831,Donte DiVincenzo,player_points,13.5,bovada,Memphis Grizzlies @ Minnesota Timberwolves,2025-12-18T01:10:00Z,,2025-12-17T17:00:00Z,0.7,2025-12-17 12:00:41 ET,-120.0,-110.0
3dfcf87c4c788368e199e9d23b2c1831,Donte DiVincenzo,player_points,14.5,bovada,Memphis Grizzlies @ Minnesota Timberwolves,2025-12-18T01:10:00Z,,2025-12-17T17:00:00Z,0.7,2025-12-17 12:00:41 ET,110.0,-145.0
3dfcf87c4c788368e199e9d23b2c1831,Donte DiVincenzo,player_points,15.5,bovada,Memphis Grizzlies @ Minnesota Timberwolves,2025-12-18T01:10:00Z,,2025-12-17T17:00:00Z,0.7,2025-12-17 12:00:41 ET,140.0,-185.0
3dfcf87c4c788368e199e9d23b2c1831,Donte DiVincenzo,player_points,16.5,bovada,Memphis Grizzlies @ Minnesota Timberwolves,2025-12-18T01:10:00Z,,2025-12-17T17:00:00Z,0.7,2025-12-17 12:00:41 ET,175.0,-240.0
3dfcf87c4c788368e199e9d23b2c1831,Ja Morant,player_points,15.5,bovada,Memphis Grizzlies @ Minnesota Timberwolves,2025-12-18T01:10:00Z,,2025-12-17T17:00:00Z,0.7,2025-12-17 12:00:41 ET,-230.0,170.0
3dfcf87c4c788368e199e9d23b2c1831,Ja Morant,player_points,16.5,bovada,Memphis Grizzlies @ Minnesota Timberwolves,2025-12-18T01:10:00Z,,2025-12-17T17:00:00Z,0.7,2025-12-17 12:00:41 ET,-180.0,135.0
3dfcf87c4c788368e199e9d23b2c1831,Ja Morant,player_points,17.5,bovada,Memphis Grizzlies @ Minnesota Timberwolves,2025-12-18T01:10:00Z,,2025-12-17T17:00:00Z,0.7,2025-12-17 12:00:41 ET,-135.0,105.0
3dfcf87c4c788368e199e9d23b2c1831,Ja Morant,player_points,18.5,bovada,Memphis Grizzlies @ Minnesota Timberwolves,2025-12-18T01:10:00Z,,2025-12-17T17:00:00Z,0.7,2025-12-17 12:00:41 ET,-110.0,-120.0
3dfcf87c4c788368e199e9d23b2c1831,Ja Morant,player_points,19.5,bovada,Memphis Grizzlies @ Minnesota Timberwolves,2025-12-18T01:10:00Z,,2025-12-17T17:00:00Z,0.7,2025-12-17 12:00:41 ET,115.0,-150.0
3dfcf87c4c788368e199e9d23b2c1831,Ja Morant,player_points,20.5,bovada,Memphis Grizzlies @ Minnesota Timberwolves,2025-12-18T01:10:00Z,,2025-12-17T17:00:00Z,0.7,2025-12-17 12:00:41 ET,140.0,-185.0
3dfcf87c4c788368e199e9d23b2c1831,Ja Morant,player_points,21.5,bovada,Memphis Grizzlies @ Minnesota Timberwolves,2025-12-18T01:10:00Z,,2025-12-17T17:00:00Z,0.7,2025-12-17 12:00:41 ET,175.0,-240.0
3dfcf87c4c788368e199e9d23b2c1831,Jaden McDaniels,player_points,12.5,bovada,Memphis Grizzlies @ Minnesota Timberwolves,2025-12-18T01:10:00Z,,2025-12-17T17:00:00Z,0.7,2025-12-17 12:00:41 ET,-220.0,165.0
3dfcf87c4c788368e199e9d23b2c1831,Jaden McDaniels,player_points,13.5,bovada,Memphis Grizzlies @ Minnesota Timberwolves,2025-12-18T01:10:00Z,,2025-12-17T17:00:00Z,0.7,2025-12-17 12:00:41 ET,-165.0,125.0
3dfcf87c4c788368e199e9d23b2c1831,Jaden McDaniels,player_points,14.5,bovada,Memphis Grizzlies @ Minnesota Timberwolves,2025-12-18T01:10:00Z,,2025-12-17T17:00:00Z,0.7,2025-12-17 12:00:41 ET,-125.0,-105.0
3dfcf87c4c788368e199e9d23b2c1831,Jaden McDaniels,player_points,15.5,bovada,Memphis Grizzlies @ Minnesota Timberwolves,2025-12-18T01:10:00Z,,2025-12-17T17:00:00Z,0.7,2025-12-17 12:00:41 ET,105.0,-135.0
3dfcf87c4c788368e199e9d23b2c1831,Jaden McDaniels,player_points,16.5,bovada,Memphis Grizzlies @ Minnesota Timberwolves,2025-12-18T01:10:00Z,,2025-12-17T17:00:00Z,0.7,2025-12-17 12:00:41 ET,130.0,-170.0
3dfcf87c4c788368e199e9d23b2c1831,Jaden McDaniels,player_points,17.5,bovada,Memphis Grizzlies @ Minnesota Timberwolves,2025-12-18T01:10:00Z,,2025-12-17T17:00:00Z,0.7,2025-12-17 12:00:41 ET,165.0,-220.0
3dfcf87c4c788368e199e9d23b2c1831,Jaden McDaniels,player_points,18.5,bovada,Memphis Grizzlies @ Minnesota Timberwolves,2025-12-18T01:10:00Z,,2025-12-17T17:00:00Z,0.7,2025-12-17 12:00:41 ET,210.0,-290.0
3dfcf87c4c788368e199e9d23b2c1831,Jaren Jackson Jr,player_points,15.5,bovada,Memphis Grizzlies @ Minnesota Timberwolves,2025-12-18T01:10:00Z,,2025-12-17T17:00:00Z,0.7,2025-12-17 12:00:41 ET,-250.0,185.0
3dfcf87c4c788368e199e9d23b2c1831,Jaren Jackson Jr,player_points,16.5,bovada,Memphis Grizzlies @ Minnesota Timberwolves,2025-12-18T01:10:00Z,,2025-12-17T17:00:00Z,0.7,2025-12-17 12:00:41 ET,-190.0,145.0
3dfcf87c4c788368e199e9d23b2c1831,Jaren Jackson Jr,player_points,17.5,bovada,Memphis Grizzlies @ Minnesota Timberwolves,2025-12-18T01:10:00Z,,2025-12-17T17:00:00Z,0.7,2025-12-17 12:00:41 ET,-150.0,115.0
3dfcf87c4c788368e199e9d23b2c1831,Jaren Jackson Jr,player_points,18.5,bovada,Memphis Grizzlies @ Minnesota Timberwolves,2025-12-18T01:10:00Z,,2025-12-17T17:00:00Z,0.7,2025-12-17 12:00:41 ET,-120.0,-110.0
3dfcf87c4c788368e199e9d23b2c1831,Jaren Jackson Jr,player_points,19.5,bovada,Memphis Grizzlies @ Minnesota Timberwolves,2025-12-18T01:10:00Z,,2025-12-17T17:00:00Z,0.7,2025-12-17 12:00:41 ET,105.0,-135.0
3dfcf87c4c788368e199e9d23b2c1831,Jaren Jackson Jr,player_points,20.5,bovada,Memphis Grizzlies @ Minnesota Timberwolves,2025-12-18T01:10:00Z,,2025-12-17T17:00:00Z,0.7,2025-12-17 12:00:41 ET,130.0,-170.0
3dfcf87c4c788368e199e9d23b2c1831,Jaren Jackson Jr,player_points,21.5,bovada,Memphis Grizzlies @ Minnesota Timberwolves,2025-12-18T01:10:00Z,,2025-12-17T17:00:00Z,0.7,2025-12-17 12:00:41 ET,160.0,-215.0
3dfcf87c4c788368e199e9d23b2c1831,Jaren Jackson Jr,player_points,22.5,bovada,Memphis Grizzlies @ Minnesota Timberwolves,2025-12-18T01:10:00Z,,2025-12-17T17:00:00Z,0.7,2025-12-17 12:00:41 ET,200.0,-275.0
3dfcf87c4c788368e199e9d23b2c1831,Jaylen Wells,player_points,10.5,bovada,Memphis Grizzlies @ Minnesota Timberwolves,2025-12-18T01:10:00Z,,2025-12-17T17:00:00Z,0.7,2025-12-17 12:00:41 ET,-290.0,210.0
3dfcf87c4c788368e199e9d23b2c1831,Jaylen Wells,player_points,11.5,bovada,Memphis Grizzlies @ Minnesota Timberwolves,2025-12-18T01:10:00Z,,2025-12-17T17:00:00Z,0.7,2025-12-17 12:00:41 ET,-210.0,155.0
3dfcf87c4c788368e199e9d23b2c1831,Jaylen Wells,player_points,12.5,bovada,Memphis Grizzlies @ Minnesota Timberwolves,2025-12-18T01:10:00Z,,2025-12-17T17:00:00Z,0.7,2025-12-17 12:00:41 ET,-160.0,120.0
3dfcf87c4c788368e199e9d23b2c1831,Jaylen Wells,player_points,13.5,bovada,Memphis Grizzlies @ Minnesota Timberwolves,2025-12-18T01:10:00Z,,2025-12-17T17:00:00Z,0.7,2025-12-17 12:00:41 ET,-120.0,-110.0
3dfcf87c4c788368e199e9d23b2c1831,Jaylen Wells,player_points,14.5,bovada,Memphis Grizzlies @ Minnesota Timberwolves,2025-12-18T01:10:00Z,,2025-12-17T17:00:00Z,0.7,2025-12-17 12:00:41 ET,110.0,-145.0
3dfcf87c4c788368e199e9d23b2c1831,Jaylen Wells,player_points,15.5,bovada,Memphis Grizzlies @ Minnesota Timberwolves,2025-12-18T01:10:00Z,,2025-12-17T17:00:00Z,0.7,2025-12-17 12:00:41 ET,140.0,-185.0
3dfcf87c4c788368e199e9d23b2c1831,Jaylen Wells,player_points,16.5,bovada,Memphis Grizzlies @ Minnesota Timberwolves,2025-12-18T01:10:00Z,,2025-12-17T17:00:00Z,0.7,2025-12-17 12:00:41 ET,180.0,-245.0
3dfcf87c4c788368e199e9d23b2c1831,Jock Landale,player_points,7.5,bovada,Memphis Grizzlies @ Minnesota Timberwolves,2025-12-18T01:10:00Z,,2025-12-17T17:00:00Z,0.7,2025-12-17 12:00:41 ET,-220.0,165.0
3dfcf87c4c788368e199e9d23b2c1831,Jock Landale,player_points,8.5,bovada,Memphis Grizzlies @ Minnesota Timberwolves,2025-12-18T01:10:00Z,,2025-12-17T17:00:00Z,0.7,2025-12-17 12:00:41 ET,-150.0,115.0
3dfcf87c4c788368e199e9d23b2c1831,Jock Landale,player_points,9.5,bovada,Memphis Grizzlies @ Minnesota Timberwolves,2025-12-18T01:10:00Z,,2025-12-17T17:00:00Z,0.7,2025-12-17 12:00:41 ET,-110.0,-120.0
3dfcf87c4c788368e199e9d23b2c1831,Jock Landale,player_points,10.5,bovada,Memphis Grizzlies @ Minnesota Timberwolves,2025-12-18T01:10:00Z,,2025-12-17T17:00:00Z,0.7,2025-12-17 12:00:41 ET,125.0,-165.0
3dfcf87c4c788368e199e9d23b2c1831,Jock Landale,player_points,11.5,bovada,Memphis Grizzlies @ Minnesota Timberwolves,2025-12-18T01:10:00Z,,2025-12-17T17:00:00Z,0.7,2025-12-17 12:00:41 ET,165.0,-220.0
3dfcf87c4c788368e199e9d23b2c1831,Julius Randle,player_points,19.5,bovada,Memphis Grizzlies @ Minnesota Timberwolves,2025-12-18T01:10:00Z,,2025-12-17T17:00:00Z,0.7,2025-12-17 12:00:41 ET,-240.0,175.0
3dfcf87c4c788368e199e9d23b2c1831,Julius Randle,player_points,20.5,bovada,Memphis Grizzlies @ Minnesota Timberwolves,2025-12-18T01:10:00Z,,2025-12-17T17:00:00Z,0.7,2025-12-17 12:00:41 ET,-185.0,140.0
3dfcf87c4c788368e199e9d23b2c1831,Julius Randle,player_points,21.5,bovada,Memphis Grizzlies @ Minnesota Timberwolves,2025-12-18T01:10:00Z,,2025-12-17T17:00:00Z,0.7,2025-12-17 12:00:41 ET,-150.0,115.0
3dfcf87c4c788368e199e9d23b2c1831,Julius Randle,player_points,22.5,bovada,Memphis Grizzlies @ Minnesota Timberwolves,2025-12-18T01:10:00Z,,2025-12-17T17:00:00Z,0.7,2025-12-17 12:00:41 ET,-120.0,-110.0
3dfcf87c4c788368e199e9d23b2c1831,Julius Randle,player_points,23.5,bovada,Memphis Grizzlies @ Minnesota Timberwolves,2025-12-18T01:10:00Z,,2025-12-17T17:00:00Z,0.7,2025-12-17 12:00:41 ET,105.0,-135.0
3dfcf87c4c788368e199e9d23b2c1831,Julius Randle,player_points,24.5,bovada,Memphis Grizzlies @ Minnesota Timberwolves,2025-12-18T01:10:00Z,,2025-12-17T17:00:00Z,0.7,2025-12-17 12:00:41 ET,125.0,-165.0
3dfcf87c4c788368e199e9d23b2c1831,Julius Randle,player_points,25.5,bovada,Memphis Grizzlies @ Minnesota Timberwolves,2025-12-18T01:10:00Z,,2025-12-17T17:00:00Z,0.7,2025-12-17 12:00:41 ET,150.0,-200.0
3dfcf87c4c788368e199e9d23b2c1831,Julius Randle,player_points,26.5,bovada,Memphis Grizzlies @ Minnesota Timberwolves,2025-12-18T01:10:00Z,,2025-12-17T17:00:00Z,0.7,2025-12-17 12:00:41 ET,185.0,-250.0
3dfcf87c4c788368e199e9d23b2c1831,Naz Reid,player_points,11.5,bovada,Memphis Grizzlies @ Minnesota Timberwolves,2025-12-18T01:10:00Z,,2025-12-17T17:00:00Z,0.7,2025-12-17 12:00:41 ET,-260.0,190.0
3dfcf87c4c788368e199e9d23b2c1831,Naz Reid,player_points,12.5,bovada,Memphis Grizzlies @ Minnesota Timberwolves,2025-12-18T01:10:00Z,,2025-12-17T17:00:00Z,0.7,2025-12-17 12:00:41 ET,-190.0,145.0
3dfcf87c4c788368e199e9d23b2c1831,Naz Reid,player_points,13.5,bovada,Memphis Grizzlies @ Minnesota Timberwolves,2025-12-18T01:10:00Z,,2025-12-17T17:00:00Z,0.7,2025-12-17 12:00:41 ET,-145.0,110.0
3dfcf87c4c788368e199e9d23b2c1831,Naz Reid,player_points,14.5,bovada,Memphis Grizzlies @ Minnesota Timberwolves,2025-12-18T01:10:00Z,,2025-12-17T17:00:00Z,0.7,2025-12-17 12:00:41 ET,-110.0,-120.0
3dfcf87c4c788368e199e9d23b2c1831,Naz Reid,player_points,15.5,bovada,Memphis Grizzlies @ Minnesota Timberwolves,2025-12-18T01:10:00Z,,2025-12-17T17:00:00Z,0.7,2025-12-17 12:00:41 ET,115.0,-150.0
3dfcf87c4c788368e199e9d23b2c1831,Naz Reid,player_points,16.5,bovada,Memphis Grizzlies @ Minnesota Timberwolves,2025-12-18T01:10:00Z,,2025-12-17T17:00:00Z,0.7,2025-12-17 12:00:41 ET,150.0,-200.0
3dfcf87c4c788368e199e9d23b2c1831,Naz Reid,player_points,17.5,bovada,Memphis Grizzlies @ Minnesota Timberwolves,2025-12-18T01:10:00Z,,2025-12-17T17:00:00Z,0.7,2025-12-17 12:00:41 ET,185.0,-250.0
3dfcf87c4c788368e199e9d23b2c1831,Rudy Gobert,player_points,8.5,bovada,Memphis Grizzlies @ Minnesota Timberwolves,2025-12-18T01:10:00Z,,2025-12-17T17:00:00Z,0.7,2025-12-17 12:00:41 ET,-245.0,180.0
3dfcf87c4c788368e199e9d23b2c1831,Rudy Gobert,player_points,9.5,bovada,Memphis Grizzlies @ Minnesota Timberwolves,2025-12-18T01:10:00Z,,2025-12-17T17:00:00Z,0.7,2025-12-17 12:00:41 ET,-170.0,130.0
3dfcf87c4c788368e199e9d23b2c1831,Rudy Gobert,player_points,10.5,bovada,Memphis Grizzlies @ Minnesota Timberwolves,2025-12-18T01:10:00Z,,2025-12-17T17:00:00Z,0.7,2025-12-17 12:00:41 ET,-125.0,-105.0
3dfcf87c4c788368e199e9d23b2c1831,Rudy Gobert,player_points,11.5,bovada,Memphis Grizzlies @ Minnesota Timberwolves,2025-12-18T01:10:00Z,,2025-12-17T17:00:00Z,0.7,2025-12-17 12:00:41 ET,105.0,-135.0
3dfcf87c4c788368e199e9d23b2c1831,Rudy Gobert,player_points,12.5,bovada,Memphis Grizzlies @ Minnesota Timberwolves,2025-12-18T01:10:00Z,,2025-12-17T17:00:00Z,0.7,2025-12-17 12:00:41 ET,140.0,-185.0
3dfcf87c4c788368e199e9d23b2c1831,Rudy Gobert,player_points,13.5,bovada,Memphis Grizzlies @ Minnesota Timberwolves,2025-12-18T01:10:00Z,,2025-12-17T17:00:00Z,0.7,2025-12-17 12:00:41 ET,180.0,-245.0
3dfcf87c4c788368e199e9d23b2c1831,Santi Aldama,player_points,12.5,bovada,Memphis Grizzlies @ Minnesota Timberwolves,2025-12-18T01:10:00Z,,2025-12-17T17:00:00Z,0.7,2025-12-17 12:00:41 ET,-230.0,170.0
3dfcf87c4c788368e199e9d23b2c1831,Santi Aldama,player_points,13.5,bovada,Memphis Grizzlies @ Minnesota Timberwolves,2025-12-18T01:10:00Z,,2025-12-17T17:00:00Z,0.7,2025-12-17 12:00:41 ET,-170.0,130.0
3dfcf87c4c788368e199e9d23b2c1831,Santi Aldama,player_points,14.5,bovada,Memphis Grizzlies @ Minnesota Timberwolves,2025-12-18T01:10:00Z,,2025-12-17T17:00:00Z,0.7,2025-12-17 12:00:41 ET,-130.0,100.0
3dfcf87c4c788368e199e9d23b2c1831,Santi Aldama,player_points,15.5,bovada,Memphis Grizzlies @ Minnesota Timberwolves,2025-12-18T01:10:00Z,,2025-12-17T17:00:00Z,0.7,2025-12-17 12:00:41 ET,100.0,-130.0
3dfcf87c4c788368e199e9d23b2c1831,Santi Aldama,player_points,16.5,bovada,Memphis Grizzlies @ Minnesota Timberwolves,2025-12-18T01:10:00Z,,2025-12-17T17:00:00Z,0.7,2025-12-17 12:00:41 ET,125.0,-165.0
3dfcf87c4c788368e199e9d23b2c1831,Santi Aldama,player_points,17.5,bovada,Memphis Grizzlies @ Minnesota Timberwolves,2025-12-18T01:10:00Z,,2025-12-17T17:00:00Z,0.7,2025-12-17 12:00:41 ET,160.0,-215.0
3dfcf87c4c788368e199e9d23b2c1831,Santi Aldama,player_points,18.5,bovada,Memphis Grizzlies @ Minnesota Timberwolves,2025-12-18T01:10:00Z,,2025-12-17T17:00:00Z,0.7,2025-12-17 12:00:41 ET,200.0,-275.0
3dfcf87c4c788368e199e9d23b2c1831,Anthony Edwards,player_points_rebounds_assists,35.5,bovada,Memphis Grizzlies @ Minnesota Timberwolves,2025-12-18T01:10:00Z,,2025-12-17T17:00:00Z,0.7,2025-12-17 12:00:41 ET,-160.0,120.0
3dfcf87c4c788368e199e9d23b2c1831,Anthony Edwards,player_points_rebounds_assists,36.5,bovada,Memphis Grizzlies @ Minnesota Timberwolves,2025-12-18T01:10:00Z,,2025-12-17T17:00:00Z,0.7,2025-12-17 12:00:41 ET,-135.0,105.0
3dfcf87c4c788368e199e9d23b2c1831,Anthony Edwards,player_points_rebounds_assists,37.5,bovada,Memphis Grizzlies @ Minnesota Timberwolves,2025-12-18T01:10:00Z,,2025-12-17T17:00:00Z,0.7,2025-12-17 12:00:41 ET,-115.0,-115.0
3dfcf87c4c788368e199e9d23b2c1831,Anthony Edwards,player_points_rebounds_assists,38.5,bovada,Memphis Grizzlies @ Minnesota Timberwolves,2025-12-18T01:10:00Z,,2025-12-17T17:00:00Z,0.7,2025-12-17 12:00:41 ET,100.0,-130.0
3dfcf87c4c788368e199e9d23b2c1831,Anthony Edwards,player_points_rebounds_assists,39.5,bovada,Memphis Grizzlies @ Minnesota Timberwolves,2025-12-18T01:10:00Z,,2025-12-17T17:00:00Z,0.7,2025-12-17 12:00:41 ET,120.0,-160.0
3dfcf87c4c788368e199e9d23b2c1831,Cedric Coward,player_points_rebounds_assists,21.5,bovada,Memphis Grizzlies @ Minnesota Timberwolves,2025-12-18T01:10:00Z,,2025-12-17T17:00:00Z,0.7,2025-12-17 12:00:41 ET,-200.0,150.0
3dfcf87c4c788368e199e9d23b2c1831,Cedric Coward,player_points_rebounds_assists,22.5,bovada,Memphis Grizzlies @ Minnesota Timberwolves,2025-12-18T01:10:00Z,,2025-12-17T17:00:00Z,0.7,2025-12-17 12:00:41 ET,-160.0,120.0
3dfcf87c4c788368e199e9d23b2c1831,Cedric Coward,player_points_rebounds_assists,23.5,bovada,Memphis Grizzlies @ Minnesota Timberwolves,2025-12-18T01:10:00Z,,2025-12-17T17:00:00Z,0.7,2025-12-17 12:00:41 ET,-130.0,100.0
3dfcf87c4c788368e199e9d23b2c1831,Cedric Coward,player_points_rebounds_assists,24.5,bovada,Memphis Grizzlies @ Minnesota Timberwolves,2025-12-18T01:10:00Z,,2025-12-17T17:00:00Z,0.7,2025-12-17 12:00:41 ET,-110.0,-120.0
3dfcf87c4c788368e199e9d23b2c1831,Cedric Coward,player_points_rebounds_assists,25.5,bovada,Memphis Grizzlies @ Minnesota Timberwolves,2025-12-18T01:10:00Z,,2025-12-17T17:00:00Z,0.7,2025-12-17 12:00:41 ET,115.0,-150.0
3dfcf87c4c788368e199e9d23b2c1831,Donte DiVincenzo,player_points_rebounds_assists,20.5,bovada,Memphis Grizzlies @ Minnesota Timberwolves,2025-12-18T01:10:00Z,,2025-12-17T17:00:00Z,0.7,2025-12-17 12:00:41 ET,-185.0,140.0
3dfcf87c4c788368e199e9d23b2c1831,Donte DiVincenzo,player_points_rebounds_assists,21.5,bovada,Memphis Grizzlies @ Minnesota Timberwolves,2025-12-18T01:10:00Z,,2025-12-17T17:00:00Z,0.7,2025-12-17 12:00:41 ET,-150.0,115.0
3dfcf87c4c788368e199e9d23b2c1831,Donte DiVincenzo,player_points_rebounds_assists,22.5,bovada,Memphis Grizzlies @ Minnesota Timberwolves,2025-12-18T01:10:00Z,,2025-12-17T17:00:00Z,0.7,2025-12-17 12:00:41 ET,-120.0,-110.0
3dfcf87c4c788368e199e9d23b2c1831,Donte DiVincenzo,player_points_rebounds_assists,23.5,bovada,Memphis Grizzlies @ Minnesota Timberwolves,2025-12-18T01:10:00Z,,2025-12-17T17:00:00Z,0.7,2025-12-17 12:00:41 ET,100.0,-130.0
3dfcf87c4c788368e199e9d23b2c1831,Donte DiVincenzo,player_points_rebounds_assists,24.5,bovada,Memphis Grizzlies @ Minnesota Timberwolves,2025-12-18T01:10:00Z,,2025-12-17T17:00:00Z,0.7,2025-12-17 12:00:41 ET,125.0,-165.0
3dfcf87c4c788368e199e9d23b2c1831,Ja Morant,player_points_rebounds_assists,27.5,bovada,Memphis Grizzlies @ Minnesota Timberwolves,2025-12-18T01:10:00Z,,2025-12-17T17:00:00Z,0.7,2025-12-17 12:00:41 ET,-165.0,125.0
3dfcf87c4c788368e199e9d23b2c1831,Ja Morant,player_points_rebounds_assists,28.5,bovada,Memphis Grizzlies @ Minnesota Timberwolves,2025-12-18T01:10:00Z,,2025-12-17T17:00:00Z,0.7,2025-12-17 12:00:41 ET,-135.0,105.0
3dfcf87c4c788368e199e9d23b2c1831,Ja Morant,player_points_rebounds_assists,29.5,bovada,Memphis Grizzlies @ Minnesota Timberwolves,2025-12-18T01:10:00Z,,2025-12-17T17:00:00Z,0.7,2025-12-17 12:00:41 ET,-115.0,-115.0
3dfcf87c4c788368e199e9d23b2c1831,Ja Morant,player_points_rebounds_assists,30.5,bovada,Memphis Grizzlies @ Minnesota Timberwolves,2025-12-18T01:10:00Z,,2025-12-17T17:00:00Z,0.7,2025-12-17 12:00:41 ET,105.0,-135.0
3dfcf87c4c788368e199e9d23b2c1831,Ja Morant,player_points_rebounds_assists,31.5,bovada,Memphis Grizzlies @ Minnesota Timberwolves,2025-12-18T01:10:00Z,,2025-12-17T17:00:00Z,0.7,2025-12-17 12:00:41 ET,120.0,-160.0
3dfcf87c4c788368e199e9d23b2c1831,Jaden McDaniels,player_points_rebounds_assists,20.5,bovada,Memphis Grizzlies @ Minnesota Timberwolves,2025-12-18T01:10:00Z,,2025-12-17T17:00:00Z,0.7,2025-12-17 12:00:41 ET,-185.0,140.0
3dfcf87c4c788368e199e9d23b2c1831,Jaden McDaniels,player_points_rebounds_assists,21.5,bovada,Memphis Grizzlies @ Minnesota Timberwolves,2025-12-18T01:10:00Z,,2025-12-17T17:00:00Z,0.7,2025-12-17 12:00:41 ET,-150.0,115.0
3dfcf87c4c788368e199e9d23b2c1831,Jaden McDaniels,player_points_rebounds_assists,22.5,bovada,Memphis Grizzlies @ Minnesota Timberwolves,2025-12-18T01:10:00Z,,2025-12-17T17:00:00Z,0.7,2025-12-17 12:00:41 ET,-120.0,-110.0
3dfcf87c4c788368e199e9d23b2c1831,Jaden McDaniels,player_points_rebounds_assists,23.5,bovada,Memphis Grizzlies @ Minnesota Timberwolves,2025-12-18T01:10:00Z,,2025-12-17T17:00:00Z,0.7,2025-12-17 12:00:41 ET,100.0,-130.0
3dfcf87c4c788368e199e9d23b2c1831,Jaden McDaniels,player_points_rebounds_assists,24.5,bovada,Memphis Grizzlies @ Minnesota Timberwolves,2025-12-18T01:10:00Z,,2025-12-17T17:00:00Z,0.7,2025-12-17 12:00:41 ET,125.0,-165.0
3dfcf87c4c788368e199e9d23b2c1831,Jaren Jackson Jr,player_points_rebounds_assists,23.5,bovada,Memphis Grizzlies @ Minnesota Timberwolves,2025-12-18T01:10:00Z,,2025-12-17T17:00:00Z,0.7,2025-12-17 12:00:41 ET,-185.0,140.0
3dfcf87c4c788368e199e9d23b2c1831,Jaren Jackson Jr,player_points_rebounds_assists,24.5,bovada,Memphis Grizzlies @ Minnesota Timberwolves,2025-12-18T01:10:00Z,,2025-12-17T17:00:00Z,0.7,2025-12-17 12:00:41 ET,-150.0,115.0
3dfcf87c4c788368e199e9d23b2c1831,Jaren Jackson Jr,player_points_rebounds_assists,25.5,bovada,Memphis Grizzlies @ Minnesota Timberwolves,2025-12-18T01:10:00Z,,2025-12-17T17:00:00Z,0.7,2025-12-17 12:00:41 ET,-125.0,-105.0
3dfcf87c4c788368e199e9d23b2c1831,Jaren Jackson Jr,player_points_rebounds_assists,26.5,bovada,Memphis Grizzlies @ Minnesota Timberwolves,2025-12-18T01:10:00Z,,2025-12-17T17:00:00Z,0.7,2025-12-17 12:00:41 ET,-105.0,-125.0
3dfcf87c4c788368e199e9d23b2c1831,Jaren Jackson Jr,player_points_rebounds_assists,27.5,bovada,Memphis Grizzlies @ Minnesota Timberwolves,2025-12-18T01:10:00Z,,2025-12-17T17:00:00Z,0.7,2025-12-17 12:00:41 ET,115.0,-150.0
3dfcf87c4c788368e199e9d23b2c1831,Jaylen Wells,player_points_rebounds_assists,17.5,bovada,Memphis Grizzlies @ Minnesota Timberwolves,2025-12-18T01:10:00Z,,2025-12-17T17:00:00Z,0.7,2025-12-17 12:00:41 ET,-220.0,165.0
3dfcf87c4c788368e199e9d23b2c1831,Jaylen Wells,player_points_rebounds_assists,18.5,bovada,Memphis Grizzlies @ Minnesota Timberwolves,2025-12-18T01:10:00Z,,2025-12-17T17:00:00Z,0.7,2025-12-17 12:00:41 ET,-170.0,130.0
3dfcf87c4c788368e199e9d23b2c1831,Jaylen Wells,player_points_rebounds_assists,19.5,bovada,Memphis Grizzlies @ Minnesota Timberwolves,2025-12-18T01:10:00Z,,2025-12-17T17:00:00Z,0.7,2025-12-17 12:00:41 ET,-135.0,105.0
3dfcf87c4c788368e199e9d23b2c1831,Jaylen Wells,player_points_rebounds_assists,20.5,bovada,Memphis Grizzlies @ Minnesota Timberwolves,2025-12-18T01:10:00Z,,2025-12-17T17:00:00Z,0.7,2025-12-17 12:00:41 ET,-110.0,-120.0
3dfcf87c4c788368e199e9d23b2c1831,Jaylen Wells,player_points_rebounds_assists,21.5,bovada,Memphis Grizzlies @ Minnesota Timberwolves,2025-12-18T01:10:00Z,,2025-12-17T17:00:00Z,0.7,2025-12-17 12:00:41 ET,110.0,-145.0
3dfcf87c4c788368e199e9d23b2c1831,Jock Landale,player_points_rebounds_assists,14.5,bovada,Memphis Grizzlies @ Minnesota Timberwolves,2025-12-18T01:10:00Z,,2025-12-17T17:00:00Z,0.7,2025-12-17 12:00:41 ET,-230.0,170.0
3dfcf87c4c788368e199e9d23b2c1831,Jock Landale,player_points_rebounds_assists,15.5,bovada,Memphis Grizzlies @ Minnesota Timberwolves,2025-12-18T01:10:00Z,,2025-12-17T17:00:00Z,0.7,2025-12-17 12:00:41 ET,-170.0,130.0
3dfcf87c4c788368e199e9d23b2c1831,Jock Landale,player_points_rebounds_assists,16.5,bovada,Memphis Grizzlies @ Minnesota Timberwolves,2025-12-18T01:10:00Z,,2025-12-17T17:00:00Z,0.7,2025-12-17 12:00:41 ET,-135.0,105.0
3dfcf87c4c788368e199e9d23b2c1831,Jock Landale,player_points_rebounds_assists,17.5,bovada,Memphis Grizzlies @ Minnesota Timberwolves,2025-12-18T01:10:00Z,,2025-12-17T17:00:00Z,0.7,2025-12-17 12:00:41 ET,-105.0,-125.0
3dfcf87c4c788368e199e9d23b2c1831,Jock Landale,player_points_rebounds_assists,18.5,bovada,Memphis Grizzlies @ Minnesota Timberwolves,2025-12-18T01:10:00Z,,2025-12-17T17:00:00Z,0.7,2025-12-17 12:00:41 ET,120.0,-160.0
3dfcf87c4c788368e199e9d23b2c1831,Julius Randle,player_points_rebounds_assists,33.5,bovada,Memphis Grizzlies @ Minnesota Timberwolves,2025-12-18T01:10:00Z,,2025-12-17T17:00:00Z,0.7,2025-12-17 12:00:41 ET,-165.0,125.0
3dfcf87c4c788368e199e9d23b2c1831,Julius Randle,player_points_rebounds_assists,34.5,bovada,Memphis Grizzlies @ Minnesota Timberwolves,2025-12-18T01:10:00Z,,2025-12-17T17:00:00Z,0.7,2025-12-17 12:00:41 ET,-145.0,110.0
3dfcf87c4c788368e199e9d23b2c1831,Julius Randle,player_points_rebounds_assists,35.5,bovada,Memphis Grizzlies @ Minnesota Timberwolves,2025-12-18T01:10:00Z,,2025-12-17T17:00:00Z,0.7,2025-12-17 12:00:41 ET,-120.0,-110.0
3dfcf87c4c788368e199e9d23b2c1831,Julius Randle,player_points_rebounds_assists,36.5,bovada,Memphis Grizzlies @ Minnesota Timberwolves,2025-12-18T01:10:00Z,,2025-12-17T17:00:00Z,0.7,2025-12-17 12:00:41 ET,100.0,-130.0
3dfcf87c4c788368e199e9d23b2c1831,Julius Randle,player_points_rebounds_assists,37.5,bovada,Memphis Grizzlies @ Minnesota Timberwolves,2025-12-18T01:10:00Z,,2025-12-17T17:00:00Z,0.7,2025-12-17 12:00:41 ET,115.0,-150.0
3dfcf87c4c788368e199e9d23b2c1831,Naz Reid,player_points_rebounds_assists,21.5,bovada,Memphis Grizzlies @ Minnesota Timberwolves,2025-12-18T01:10:00Z,,2025-12-17T17:00:00Z,0.7,2025-12-17 12:00:41 ET,-180.0,135.0
3dfcf87c4c788368e199e9d23b2c1831,Naz Reid,player_points_rebounds_assists,22.5,bovada,Memphis Grizzlies @ Minnesota Timberwolves,2025-12-18T01:10:00Z,,2025-12-17T17:00:00Z,0.7,2025-12-17 12:00:41 ET,-145.0,110.0
3dfcf87c4c788368e199e9d23b2c1831,Naz Reid,player_points_rebounds_assists,23.5,bovada,Memphis Grizzlies @ Minnesota Timberwolves,2025-12-18T01:10:00Z,,2025-12-17T17:00:00Z,0.7,2025-12-17 12:00:41 ET,-115.0,-115.0
3dfcf87c4c788368e199e9d23b2c1831,Naz Reid,player_points_rebounds_assists,24.5,bovada,Memphis Grizzlies @ Minnesota Timberwolves,2025-12-18T01:10:00Z,,2025-12-17T17:00:00Z,0.7,2025-12-17 12:00:41 ET,105.0,-135.0
3dfcf87c4c788368e199e9d23b2c1831,Naz Reid,player_points_rebounds_assists,25.5,bovada,Memphis Grizzlies @ Minnesota Timberwolves,2025-12-18T01:10:00Z,,2025-12-17T17:00:00Z,0.7,2025-12-17 12:00:41 ET,125.0,-165.0
3dfcf87c4c788368e199e9d23b2c1831,Rudy Gobert,player_points_rebounds_assists,21.5,bovada,Memphis Grizzlies @ Minnesota Timberwolves,2025-12-18T01:10:00Z,,2025-12-17T17:00:00Z,0.7,2025-12-17 12:00:41 ET,-190.0,145.0
3dfcf87c4c788368e199e9d23b2c1831,Rudy Gobert,player_points_rebounds_assists,22.5,bovada,Memphis Grizzlies @ Minnesota Timberwolves,2025-12-18T01:10:00Z,,2025-12-17T17:00:00Z,0.7,2025-12-17 12:00:41 ET,-150.0,115.0
3dfcf87c4c788368e199e9d23b2c1831,Rudy Gobert,player_points_rebounds_assists,23.5,bovada,Memphis Grizzlies @ Minnesota Timberwolves,2025-12-18T01:10:00Z,,2025-12-17T17:00:00Z,0.7,2025-12-17 12:00:41 ET,-125.0,-105.0
3dfcf87c4c788368e199e9d23b2c1831,Rudy Gobert,player_points_rebounds_assists,24.5,bovada,Memphis Grizzlies @ Minnesota Timberwolves,2025-12-18T01:10:00Z,,2025-12-17T17:00:00Z,0.7,2025-12-17 12:00:41 ET,-105.0,-125.0
3dfcf87c4c788368e199e9d23b2c1831,Rudy Gobert,player_points_rebounds_assists,25.5,bovada,Memphis Grizzlies @ Minnesota Timberwolves,2025-12-18T01:10:00Z,,2025-12-17T17:00:00Z,0.7,2025-12-17 12:00:41 ET,120.0,-160.0
3dfcf87c4c788368e199e9d23b2c1831,Santi Aldama,player_points_rebounds_assists,22.5,bovada,Memphis Grizzlies @ Minnesota Timberwolves,2025-12-18T01:10:00Z,,2025-12-17T17:00:00Z,0.7,2025-12-17 12:00:41 ET,-190.0,145.0
3dfcf87c4c788368e199e9d23b2c1831,Santi Aldama,player_points_rebounds_assists,23.5,bovada,Memphis Grizzlies @ Minnesota Timberwolves,2025-12-18T01:10:00Z,,2025-12-17T17:00:00Z,0.7,2025-12-17 12:00:41 ET,-160.0,120.0
3dfcf87c4c788368e199e9d23b2c1831,Santi Aldama,player_points_rebounds_assists,24.5,bovada,Memphis Grizzlies @ Minnesota Timberwolves,2025-12-18T01:10:00Z,,2025-12-17T17:00:00Z,0.7,2025-12-17 12:00:41 ET,-125.0,-105.0
3dfcf87c4c788368e199e9d23b2c1831,Santi Aldama,player_points_rebounds_assists,25.5,bovada,Memphis Grizzlies @ Minnesota Timberwolves,2025-12-18T01:10:00Z,,2025-12-17T17:00:00Z,0.7,2025-12-17 12:00:41 ET,-105.0,-125.0
3dfcf87c4c788368e199e9d23b2c1831,Santi Aldama,player_points_rebounds_assists,26.5,bovada,Memphis Grizzlies @ Minnesota Timberwolves,2025-12-18T01:10:00Z,,2025-12-17T17:00:00Z,0.7,2025-12-17 12:00:41 ET,115.0,-150.0
3dfcf87c4c788368e199e9d23b2c1831,Anthony Edwards,player_rebounds,4.5,bovada,Memphis Grizzlies @ Minnesota Timberwolves,2025-12-18T01:10:00Z,,2025-12-17T17:00:00Z,0.7,2025-12-17 12:00:41 ET,-185.0,140.0
3dfcf87c4c788368e199e9d23b2c1831,Anthony Edwards,player_rebounds,5.5,bovada,Memphis Grizzlies @ Minnesota Timberwolves,2025-12-18T01:10:00Z,,2025-12-17T17:00:00Z,0.7,2025-12-17 12:00:41 ET,105.0,-135.0
3dfcf87c4c788368e199e9d23b2c1831,Anthony Edwards,player_rebounds,6.5,bovada,Memphis Grizzlies @ Minnesota Timberwolves,2025-12-18T01:10:00Z,,2025-12-17T17:00:00Z,0.7,2025-12-17 12:00:41 ET,190.0,-260.0
3dfcf87c4c788368e199e9d23b2c1831,Cedric Coward,player_rebounds,5.5,bovada,Memphis Grizzlies @ Minnesota Timberwolves,2025-12-18T01:10:00Z,,2025-12-17T17:00:00Z,0.7,2025-12-17 12:00:41 ET,-210.0,155.0
3dfcf87c4c788368e199e9d23b2c1831,Cedric Coward,player_rebounds,6.5,bovada,Memphis Grizzlies @ Minnesota Timberwolves,2025-12-18T01:10:00Z,,2025-12-17T17:00:00Z,0.7,2025-12-17 12:00:41 ET,-115.0,-115.0
3dfcf87c4c788368e199e9d23b2c1831,Cedric Coward,player_rebounds,7.5,bovada,Memphis Grizzlies @ Minnesota Timberwolves,2025-12-18T01:10:00Z,,2025-12-17T17:00:00Z,0.7,2025-12-17 12:00:41 ET,150.0,-200.0
3dfcf87c4c788368e199e9d23b2c1831,Jaren Jackson Jr,player_rebounds,4.5,bovada,Memphis Grizzlies @ Minnesota Timberwolves,2025-12-18T01:10:00Z,,2025-12-17T17:00:00Z,0.7,2025-12-17 12:00:41 ET,-160.0,120.0
3dfcf87c4c788368e199e9d23b2c1831,Jaren Jackson Jr,player_rebounds,5.5,bovada,Memphis Grizzlies @ Minnesota Timberwolves,2025-12-18T01:10:00Z,,2025-12-17T17:00:00Z,0.7,2025-12-17 12:00:41 ET,120.0,-160.0
3dfcf87c4c788368e199e9d23b2c1831,Jock Landale,player_rebounds,4.5,bovada,Memphis Grizzlies @ Minnesota Timberwolves,2025-12-18T01:10:00Z,,2025-12-17T17:00:00Z,0.7,2025-12-17 12:00:41 ET,-300.0,215.0
3dfcf87c4c788368e199e9d23b2c1831,Jock Landale,player_rebounds,5.5,bovada,Memphis Grizzlies @ Minnesota Timberwolves,2025-12-18T01:10:00Z,,2025-12-17T17:00:00Z,0.7,2025-12-17 12:00:41 ET,-150.0,115.0
3dfcf87c4c788368e199e9d23b2c1831,Jock Landale,player_rebounds,6.5,bovada,Memphis Grizzlies @ Minnesota Timberwolves,2025-12-18T01:10:00Z,,2025-12-17T17:00:00Z,0.7,2025-12-17 12:00:41 ET,120.0,-160.0
3dfcf87c4c788368e199e9d23b2c1831,Julius Randle,player_rebounds,6.5,bovada,Memphis Grizzlies @ Minnesota Timberwolves,2025-12-18T01:10:00Z,,2025-12-17T17:00:00Z,0.7,2025-12-17 12:00:41 ET,-165.0,125.0
3dfcf87c4c788368e199e9d23b2c1831,Julius Randle,player_rebounds,7.5,bovada,Memphis Grizzlies @ Minnesota Timberwolves,2025-12-18T01:10:00Z,,2025-12-17T17:00:00Z,0.7,2025-12-17 12:00:41 ET,105.0,-135.0
3dfcf87c4c788368e199e9d23b2c1831,Julius Randle,player_rebounds,8.5,bovada,Memphis Grizzlies @ Minnesota Timberwolves,2025-12-18T01:10:00Z,,2025-12-17T17:00:00Z,0.7,2025-12-17 12:00:41 ET,175.0,-240.0
3dfcf87c4c788368e199e9d23b2c1831,Naz Reid,player_rebounds,5.5,bovada,Memphis Grizzlies @ Minnesota Timberwolves,2025-12-18T01:10:00Z,,2025-12-17T17:00:00Z,0.7,2025-12-17 12:00:41 ET,-190.0,145.0
3dfcf87c4c788368e199e9d23b2c1831,Naz Reid,player_rebounds,6.5,bovada,Memphis Grizzlies @ Minnesota Timberwolves,2025-12-18T01:10:00Z,,2025-12-17T17:00:00Z,0.7,2025-12-17 12:00:41 ET,-105.0,-125.0
3dfcf87c4c788368e199e9d23b2c1831,Naz Reid,player_rebounds,7.5,bovada,Memphis Grizzlies @ Minnesota Timberwolves,2025-12-18T01:10:00Z,,2025-12-17T17:00:00Z,0.7,2025-12-17 12:00:41 ET,165.0,-220.0
3dfcf87c4c788368e199e9d23b2c1831,Rudy Gobert,player_rebounds,9.5,bovada,Memphis Grizzlies @ Minnesota Timberwolves,2025-12-18T01:10:00Z,,2025-12-17T17:00:00Z,0.7,2025-12-17 12:00:41 ET,-250.0,185.0
3dfcf87c4c788368e199e9d23b2c1831,Rudy Gobert,player_rebounds,10.5,bovada,Memphis Grizzlies @ Minnesota Timberwolves,2025-12-18T01:10:00Z,,2025-12-17T17:00:00Z,0.7,2025-12-17 12:00:41 ET,-160.0,120.0
3dfcf87c4c788368e199e9d23b2c1831,Rudy Gobert,player_rebounds,11.5,bovada,Memphis Grizzlies @ Minnesota Timberwolves,2025-12-18T01:10:00Z,,2025-12-17T17:00:00Z,0.7,2025-12-17 12:00:41 ET,100.0,-130.0
3dfcf87c4c788368e199e9d23b2c1831,Rudy Gobert,player_rebounds,12.5,bovada,Memphis Grizzlies @ Minnesota Timberwolves,2025-12-18T01:10:00Z,,2025-12-17T17:00:00Z,0.7,2025-12-17 12:00:41 ET,150.0,-200.0
3dfcf87c4c788368e199e9d23b2c1831,Santi Aldama,player_rebounds,5.5,bovada,Memphis Grizzlies @ Minnesota Timberwolves,2025-12-18T01:10:00Z,,2025-12-17T17:00:00Z,0.7,2025-12-17 12:00:41 ET,-240.0,175.0
3dfcf87c4c788368e199e9d23b2c1831,Santi Aldama,player_rebounds,6.5,bovada,Memphis Grizzlies @ Minnesota Timberwolves,2025-12-18T01:10:00Z,,2025-12-17T17:00:00Z,0.7,2025-12-17 12:00:41 ET,-130.0,100.0
3dfcf87c4c788368e199e9d23b2c1831,Santi Aldama,player_rebounds,7.5,bovada,Memphis Grizzlies @ Minnesota Timberwolves,2025-12-18T01:10:00Z,,2025-12-17T17:00:00Z,0.7,2025-12-17 12:00:41 ET,130.0,-170.0
3dfcf87c4c788368e199e9d23b2c1831,Anthony Edwards,player_steals,0.5,bovada,Memphis Grizzlies @ Minnesota Timberwolves,2025-12-18T01:10:00Z,,2025-12-17T17:00:00Z,0.7,2025-12-17 12:00:41 ET,-230.0,170.0
3dfcf87c4c788368e199e9d23b2c1831,Ja Morant,player_steals,0.5,bovada,Memphis Grizzlies @ Minnesota Timberwolves,2025-12-18T01:10:00Z,,2025-12-17T17:00:00Z,0.7,2025-12-17 12:00:41 ET,-170.0,130.0
3dfcf87c4c788368e199e9d23b2c1831,Jaden McDaniels,player_steals,1.5,bovada,Memphis Grizzlies @ Minnesota Timberwolves,2025-12-18T01:10:00Z,,2025-12-17T17:00:00Z,0.7,2025-12-17 12:00:41 ET,155.0,-210.0
3dfcf87c4c788368e199e9d23b2c1831,Jaren Jackson Jr,player_steals,0.5,bovada,Memphis Grizzlies @ Minnesota Timberwolves,2025-12-18T01:10:00Z,,2025-12-17T17:00:00Z,0.7,2025-12-17 12:00:41 ET,-220.0,165.0
3dfcf87c4c788368e199e9d23b2c1831,Julius Randle,player_steals,0.5,bovada,Memphis Grizzlies @ Minnesota Timberwolves,2025-12-18T01:10:00Z,,2025-12-17T17:00:00Z,0.7,2025-12-17 12:00:41 ET,-185.0,140.0
3dfcf87c4c788368e199e9d23b2c1831,Anthony Edwards,player_threes,2.5,bovada,Memphis Grizzlies @ Minnesota Timberwolves,2025-12-18T01:10:00Z,,2025-12-17T17:00:00Z,0.7,2025-12-17 12:00:41 ET,-200.0,150.0
3dfcf87c4c788368e199e9d23b2c1831,Anthony Edwards,player_threes,3.5,bovada,Memphis Grizzlies @ Minnesota Timberwolves,2025-12-18T01:10:00Z,,2025-12-17T17:00:00Z,0.7,2025-12-17 12:00:41 ET,125.0,-165.0
3dfcf87c4c788368e199e9d23b2c1831,Cedric Coward,player_threes,1.5,bovada,Memphis Grizzlies @ Minnesota Timberwolves,2025-12-18T01:10:00Z,,2025-12-17T17:00:00Z,0.7,2025-12-17 12:00:41 ET,105.0,-135.0
3dfcf87c4c788368e199e9d23b2c1831,Donte DiVincenzo,player_threes,2.5,bovada,Memphis Grizzlies @ Minnesota Timberwolves,2025-12-18T01:10:00Z,,2025-12-17T17:00:00Z,0.7,2025-12-17 12:00:41 ET,-185.0,140.0
3dfcf87c4c788368e199e9d23b2c1831,Donte DiVincenzo,player_threes,3.5,bovada,Memphis Grizzlies @ Minnesota Timberwolves,2025-12-18T01:10:00Z,,2025-12-17T17:00:00Z,0.7,2025-12-17 12:00:41 ET,135.0,-180.0
3dfcf87c4c788368e199e9d23b2c1831,Ja Morant,player_threes,1.5,bovada,Memphis Grizzlies @ Minnesota Timberwolves,2025-12-18T01:10:00Z,,2025-12-17T17:00:00Z,0.7,2025-12-17 12:00:41 ET,145.0,-190.0
3dfcf87c4c788368e199e9d23b2c1831,Jaden McDaniels,player_threes,1.5,bovada,Memphis Grizzlies @ Minnesota Timberwolves,2025-12-18T01:10:00Z,,2025-12-17T17:00:00Z,0.7,2025-12-17 12:00:41 ET,100.0,-130.0
3dfcf87c4c788368e199e9d23b2c1831,Jaren Jackson Jr,player_threes,1.5,bovada,Memphis Grizzlies @ Minnesota Timberwolves,2025-12-18T01:10:00Z,,2025-12-17T17:00:00Z,0.7,2025-12-17 12:00:41 ET,-105.0,-125.0
3dfcf87c4c788368e199e9d23b2c1831,Jaylen Wells,player_threes,1.5,bovada,Memphis Grizzlies @ Minnesota Timberwolves,2025-12-18T01:10:00Z,,2025-12-17T17:00:00Z,0.7,2025-12-17 12:00:41 ET,-185.0,140.0
3dfcf87c4c788368e199e9d23b2c1831,Jaylen Wells,player_threes,2.5,bovada,Memphis Grizzlies @ Minnesota Timberwolves,2025-12-18T01:10:00Z,,2025-12-17T17:00:00Z,0.7,2025-12-17 12:00:41 ET,165.0,-220.0
3dfcf87c4c788368e199e9d23b2c1831,Julius Randle,player_threes,1.5,bovada,Memphis Grizzlies @ Minnesota Timberwolves,2025-12-18T01:10:00Z,,2025-12-17T17:00:00Z,0.7,2025-12-17 12:00:41 ET,-165.0,125.0
3dfcf87c4c788368e199e9d23b2c1831,Julius Randle,player_threes,2.5,bovada,Memphis Grizzlies @ Minnesota Timberwolves,2025-12-18T01:10:00Z,,2025-12-17T17:00:00Z,0.7,2025-12-17 12:00:41 ET,185.0,-250.0
3dfcf87c4c788368e199e9d23b2c1831,Kentavious Caldwell-Pope,player_threes,1.5,bovada,Memphis Grizzlies @ Minnesota Timberwolves,2025-12-18T01:10:00Z,,2025-12-17T17:00:00Z,0.7,2025-12-17 12:00:41 ET,135.0,-180.0
3dfcf87c4c788368e199e9d23b2c1831,Naz Reid,player_threes,2.5,bovada,Memphis Grizzlies @ Minnesota Timberwolves,2025-12-18T01:10:00Z,,2025-12-17T17:00:00Z,0.7,2025-12-17 12:00:41 ET,100.0,-130.0
3dfcf87c4c788368e199e9d23b2c1831,Santi Aldama,player_threes,1.5,bovada,Memphis Grizzlies @ Minnesota Timberwolves,2025-12-18T01:10:00Z,,2025-12-17T17:00:00Z,0.7,2025-12-17 12:00:41 ET,-165.0,125.0
3dfcf87c4c788368e199e9d23b2c1831,Santi Aldama,player_threes,2.5,bovada,Memphis Grizzlies @ Minnesota Timberwolves,2025-12-18T01:10:00Z,,2025-12-17T17:00:00Z,0.7,2025-12-17 12:00:41 ET,185.0,-250.0
3dfcf87c4c788368e199e9d23b2c1831,Julius Randle,player_triple_double,,bovada,Memphis Grizzlies @ Minnesota Timberwolves,2025-12-18T01:10:00Z,,2025-12-17T17:00:00Z,0.7,2025-12-17 12:00:41 ET,,
3dfcf87c4c788368e199e9d23b2c1831,Naz Reid,player_assists,2.5,betmgm,Memphis Grizzlies @ Minnesota Timberwolves,2025-12-18T01:10:00Z,,2025-12-17T16:59:53Z,0.82,2025-12-17 12:00:41 ET,105.0,-140.0
3dfcf87c4c788368e199e9d23b2c1831,Santi Aldama,player_assists,3.5,betmgm,Memphis Grizzlies @ Minnesota Timberwolves,2025-12-18T01:10:00Z,,2025-12-17T16:59:53Z,0.82,2025-12-17 12:00:41 ET,115.0,-155.0
3dfcf87c4c788368e199e9d23b2c1831,Anthony Edwards,player_assists,4.5,betmgm,Memphis Grizzlies @ Minnesota Timberwolves,2025-12-18T01:10:00Z,,2025-12-17T16:59:53Z,0.82,2025-12-17 12:00:41 ET,-105.0,-130.0
3dfcf87c4c788368e199e9d23b2c1831,Julius Randle,player_assists,5.5,betmgm,Memphis Grizzlies @ Minnesota Timberwolves,2025-12-18T01:10:00Z,,2025-12-17T16:59:53Z,0.82,2025-12-17 12:00:41 ET,-115.0,-115.0
3dfcf87c4c788368e199e9d23b2c1831,Cedric Coward,player_assists,2.5,betmgm,Memphis Grizzlies @ Minnesota Timberwolves,2025-12-18T01:10:00Z,,2025-12-17T16:59:53Z,0.82,2025-12-17 12:00:41 ET,-150.0,115.0
3dfcf87c4c788368e199e9d23b2c1831,Jock Landale,player_assists,1.5,betmgm,Memphis Grizzlies @ Minnesota Timberwolves,2025-12-18T01:10:00Z,,2025-12-17T16:59:53Z,0.82,2025-12-17 12:00:41 ET,-110.0,-120.0
3dfcf87c4c788368e199e9d23b2c1831,Donte DiVincenzo,player_assists,4.5,betmgm,Memphis Grizzlies @ Minnesota Timberwolves,2025-12-18T01:10:00Z,,2025-12-17T16:59:53Z,0.82,2025-12-17 12:00:41 ET,120.0,-160.0
3dfcf87c4c788368e199e9d23b2c1831,Jaden McDaniels,player_assists,2.5,betmgm,Memphis Grizzlies @ Minnesota Timberwolves,2025-12-18T01:10:00Z,,2025-12-17T16:59:53Z,0.82,2025-12-17 12:00:41 ET,-140.0,105.0
3dfcf87c4c788368e199e9d23b2c1831,Jaylen Wells,player_assists,1.5,betmgm,Memphis Grizzlies @ Minnesota Timberwolves,2025-12-18T01:10:00Z,,2025-12-17T16:59:53Z,0.82,2025-12-17 12:00:41 ET,-135.0,100.0
3dfcf87c4c788368e199e9d23b2c1831,Rudy Gobert,player_assists,1.5,betmgm,Memphis Grizzlies @ Minnesota Timberwolves,2025-12-18T01:10:00Z,,2025-12-17T16:59:53Z,0.82,2025-12-17 12:00:41 ET,-150.0,110.0
3dfcf87c4c788368e199e9d23b2c1831,Ja Morant,player_assists,7.5,betmgm,Memphis Grizzlies @ Minnesota Timberwolves,2025-12-18T01:10:00Z,,2025-12-17T16:59:53Z,0.82,2025-12-17 12:00:41 ET,115.0,-155.0
3dfcf87c4c788368e199e9d23b2c1831,Jaren Jackson Jr,player_assists,1.5,betmgm,Memphis Grizzlies @ Minnesota Timberwolves,2025-12-18T01:10:00Z,,2025-12-17T16:59:53Z,0.82,2025-12-17 12:00:41 ET,-190.0,140.0
3dfcf87c4c788368e199e9d23b2c1831,Kentavious Caldwell-Pope,player_assists,3.5,betmgm,Memphis Grizzlies @ Minnesota Timberwolves,2025-12-18T01:10:00Z,,2025-12-17T16:59:53Z,0.82,2025-12-17 12:00:41 ET,135.0,-185.0
3dfcf87c4c788368e199e9d23b2c1831,Ja Morant,player_blocks,0.5,betmgm,Memphis Grizzlies @ Minnesota Timberwolves,2025-12-18T01:10:00Z,,2025-12-17T16:59:53Z,0.82,2025-12-17 12:00:41 ET,375.0,-650.0
3dfcf87c4c788368e199e9d23b2c1831,Santi Aldama,player_blocks,0.5,betmgm,Memphis Grizzlies @ Minnesota Timberwolves,2025-12-18T01:10:00Z,,2025-12-17T16:59:53Z,0.82,2025-12-17 12:00:41 ET,-105.0,-130.0
3dfcf87c4c788368e199e9d23b2c1831,Anthony Edwards,player_blocks,0.5,betmgm,Memphis Grizzlies @ Minnesota Timberwolves,2025-12-18T01:10:00Z,,2025-12-17T16:59:53Z,0.82,2025-12-17 12:00:41 ET,-140.0,100.0
3dfcf87c4c788368e199e9d23b2c1831,Julius Randle,player_blocks,0.5,betmgm,Memphis Grizzlies @ Minnesota Timberwolves,2025-12-18T01:10:00Z,,2025-12-17T16:59:53Z,0.82,2025-12-17 12:00:41 ET,310.0,-525.0
3dfcf87c4c788368e199e9d23b2c1831,Cedric Coward,player_blocks,0.5,betmgm,Memphis Grizzlies @ Minnesota Timberwolves,2025-12-18T01:10:00Z,,2025-12-17T16:59:53Z,0.82,2025-12-17 12:00:41 ET,195.0,-285.0
3dfcf87c4c788368e199e9d23b2c1831,Donte DiVincenzo,player_blocks,0.5,betmgm,Memphis Grizzlies @ Minnesota Timberwolves,2025-12-18T01:10:00Z,,2025-12-17T16:59:53Z,0.82,2025-12-17 12:00:41 ET,125.0,-175.0
3dfcf87c4c788368e199e9d23b2c1831,Jaren Jackson Jr,player_blocks,1.5,betmgm,Memphis Grizzlies @ Minnesota Timberwolves,2025-12-18T01:10:00Z,,2025-12-17T16:59:53Z,0.82,2025-12-17 12:00:41 ET,165.0,-235.0
3dfcf87c4c788368e199e9d23b2c1831,Jaden McDaniels,player_blocks,0.5,betmgm,Memphis Grizzlies @ Minnesota Timberwolves,2025-12-18T01:10:00Z,,2025-12-17T16:59:53Z,0.82,2025-12-17 12:00:41 ET,-160.0,120.0
3dfcf87c4c788368e199e9d23b2c1831,Jaylen Wells,player_blocks,0.5,betmgm,Memphis Grizzlies @ Minnesota Timberwolves,2025-12-18T01:10:00Z,,2025-12-17T16:59:53Z,0.82,2025-12-17 12:00:41 ET,525.0,-1200.0
3dfcf87c4c788368e199e9d23b2c1831,Rudy Gobert,player_blocks,1.5,betmgm,Memphis Grizzlies @ Minnesota Timberwolves,2025-12-18T01:10:00Z,,2025-12-17T16:59:53Z,0.82,2025-12-17 12:00:41 ET,120.0,-165.0
3dfcf87c4c788368e199e9d23b2c1831,Ja Morant,player_double_double,,betmgm,Memphis Grizzlies @ Minnesota Timberwolves,2025-12-18T01:10:00Z,,2025-12-17T16:59:53Z,0.82,2025-12-17 12:00:41 ET,,
3dfcf87c4c788368e199e9d23b2c1831,Santi Aldama,player_double_double,,betmgm,Memphis Grizzlies @ Minnesota Timberwolves,2025-12-18T01:10:00Z,,2025-12-17T16:59:53Z,0.82,2025-12-17 12:00:41 ET,,
3dfcf87c4c788368e199e9d23b2c1831,Anthony Edwards,player_double_double,,betmgm,Memphis Grizzlies @ Minnesota Timberwolves,2025-12-18T01:10:00Z,,2025-12-17T16:59:53Z,0.82,2025-12-17 12:00:41 ET,,
3dfcf87c4c788368e199e9d23b2c1831,Julius Randle,player_double_double,,betmgm,Memphis Grizzlies @ Minnesota Timberwolves,2025-12-18T01:10:00Z,,2025-12-17T16:59:53Z,0.82,2025-12-17 12:00:41 ET,,
3dfcf87c4c788368e199e9d23b2c1831,Cedric Coward,player_double_double,,betmgm,Memphis Grizzlies @ Minnesota Timberwolves,2025-12-18T01:10:00Z,,2025-12-17T16:59:53Z,0.82,2025-12-17 12:00:41 ET,,
3dfcf87c4c788368e199e9d23b2c1831,Donte DiVincenzo,player_double_double,,betmgm,Memphis Grizzlies @ Minnesota Timberwolves,2025-12-18T01:10:00Z,,2025-12-17T16:59:53Z,0.82,2025-12-17 12:00:41 ET,,
3dfcf87c4c788368e199e9d23b2c1831,Jaren Jackson Jr,player_double_double,,betmgm,Memphis Grizzlies @ Minnesota Timberwolves,2025-12-18T01:10:00Z,,2025-12-17T16:59:53Z,0.82,2025-12-17 12:00:41 ET,,
3dfcf87c4c788368e199e9d23b2c1831,Jaden McDaniels,player_double_double,,betmgm,Memphis Grizzlies @ Minnesota Timberwolves,2025-12-18T01:10:00Z,,2025-12-17T16:59:53Z,0.82,2025-12-17 12:00:41 ET,,
3dfcf87c4c788368e199e9d23b2c1831,Jaylen Wells,player_double_double,,betmgm,Memphis Grizzlies @ Minnesota Timberwolves,2025-12-18T01:10:00Z,,2025-12-17T16:59:53Z,0.82,2025-12-17 12:00:41 ET,,
3dfcf87c4c788368e199e9d23b2c1831,Rudy Gobert,player_double_double,,betmgm,Memphis Grizzlies @ Minnesota Timberwolves,2025-12-18T01:10:00Z,,2025-12-17T16:59:53Z,0.82,2025-12-17 12:00:41 ET,,
3dfcf87c4c788368e199e9d23b2c1831,Ja Morant,player_points,18.5,betmgm,Memphis Grizzlies @ Minnesota Timberwolves,2025-12-18T01:10:00Z,,2025-12-17T16:59:53Z,0.82,2025-12-17 12:00:41 ET,-110.0,-118.0
3dfcf87c4c788368e199e9d23b2c1831,Naz Reid,player_points,14.5,betmgm,Memphis Grizzlies @ Minnesota Timberwolves,2025-12-18T01:10:00Z,,2025-12-17T16:59:53Z,0.82,2025-12-17 12:00:41 ET,-110.0,-118.0
3dfcf87c4c788368e199e9d23b2c1831,Anthony Edwards,player_points,27.5,betmgm,Memphis Grizzlies @ Minnesota Timberwolves,2025-12-18T01:10:00Z,,2025-12-17T16:59:53Z,0.82,2025-12-17 12:00:41 ET,-118.0,-110.0
3dfcf87c4c788368e199e9d23b2c1831,Julius Randle,player_points,22.5,betmgm,Memphis Grizzlies @ Minnesota Timberwolves,2025-12-18T01:10:00Z,,2025-12-17T16:59:53Z,0.82,2025-12-17 12:00:41 ET,-120.0,-110.0
3dfcf87c4c788368e199e9d23b2c1831,Cedric Coward,player_points,14.5,betmgm,Memphis Grizzlies @ Minnesota Timberwolves,2025-12-18T01:10:00Z,,2025-12-17T16:59:53Z,0.82,2025-12-17 12:00:41 ET,-105.0,-125.0
3dfcf87c4c788368e199e9d23b2c1831,Jock Landale,player_points,9.5,betmgm,Memphis Grizzlies @ Minnesota Timberwolves,2025-12-18T01:10:00Z,,2025-12-17T16:59:53Z,0.82,2025-12-17 12:00:41 ET,100.0,-130.0
3dfcf87c4c788368e199e9d23b2c1831,Donte DiVincenzo,player_points,13.5,betmgm,Memphis Grizzlies @ Minnesota Timberwolves,2025-12-18T01:10:00Z,,2025-12-17T16:59:53Z,0.82,2025-12-17 12:00:41 ET,-120.0,-110.0
3dfcf87c4c788368e199e9d23b2c1831,Jaden McDaniels,player_points,14.5,betmgm,Memphis Grizzlies @ Minnesota Timberwolves,2025-12-18T01:10:00Z,,2025-12-17T16:59:53Z,0.82,2025-12-17 12:00:41 ET,-125.0,-105.0
3dfcf87c4c788368e199e9d23b2c1831,Jaylen Wells,player_points,14.5,betmgm,Memphis Grizzlies @ Minnesota Timberwolves,2025-12-18T01:10:00Z,,2025-12-17T16:59:53Z,0.82,2025-12-17 12:00:41 ET,-105.0,-125.0
3dfcf87c4c788368e199e9d23b2c1831,Rudy Gobert,player_points,10.5,betmgm,Memphis Grizzlies @ Minnesota Timberwolves,2025-12-18T01:10:00Z,,2025-12-17T16:59:53Z,0.82,2025-12-17 12:00:41 ET,-120.0,-110.0
3dfcf87c4c788368e199e9d23b2c1831,Jaren Jackson Jr,player_points,18.5,betmgm,Memphis Grizzlies @ Minnesota Timberwolves,2025-12-18T01:10:00Z,,2025-12-17T16:59:53Z,0.82,2025-12-17 12:00:41 ET,-120.0,-110.0
3dfcf87c4c788368e199e9d23b2c1831,Santi Aldama,player_points,14.5,betmgm,Memphis Grizzlies @ Minnesota Timberwolves,2025-12-18T01:10:00Z,,2025-12-17T16:59:53Z,0.82,2025-12-17 12:00:41 ET,-130.0,-105.0
3dfcf87c4c788368e199e9d23b2c1831,Kentavious Caldwell-Pope,player_points,7.5,betmgm,Memphis Grizzlies @ Minnesota Timberwolves,2025-12-18T01:10:00Z,,2025-12-17T16:59:53Z,0.82,2025-12-17 12:00:41 ET,-130.0,-105.0
3dfcf87c4c788368e199e9d23b2c1831,Ja Morant,player_points_rebounds_assists,29.5,betmgm,Memphis Grizzlies @ Minnesota Timberwolves,2025-12-18T01:10:00Z,,2025-12-17T16:59:53Z,0.82,2025-12-17 12:00:41 ET,-115.0,-118.0
3dfcf87c4c788368e199e9d23b2c1831,Naz Reid,player_points_rebounds_assists,23.5,betmgm,Memphis Grizzlies @ Minnesota Timberwolves,2025-12-18T01:10:00Z,,2025-12-17T16:59:53Z,0.82,2025-12-17 12:00:41 ET,-115.0,-115.0
3dfcf87c4c788368e199e9d23b2c1831,Anthony Edwards,player_points_rebounds_assists,37.5,betmgm,Memphis Grizzlies @ Minnesota Timberwolves,2025-12-18T01:10:00Z,,2025-12-17T16:59:53Z,0.82,2025-12-17 12:00:41 ET,-118.0,-115.0
3dfcf87c4c788368e199e9d23b2c1831,Julius Randle,player_points_rebounds_assists,35.5,betmgm,Memphis Grizzlies @ Minnesota Timberwolves,2025-12-18T01:10:00Z,,2025-12-17T16:59:53Z,0.82,2025-12-17 12:00:41 ET,-120.0,-110.0
3dfcf87c4c788368e199e9d23b2c1831,Jock Landale,player_points_rebounds_assists,17.5,betmgm,Memphis Grizzlies @ Minnesota Timberwolves,2025-12-18T01:10:00Z,,2025-12-17T16:59:53Z,0.82,2025-12-17 12:00:41 ET,-105.0,-125.0
3dfcf87c4c788368e199e9d23b2c1831,Donte DiVincenzo,player_points_rebounds_assists,22.5,betmgm,Memphis Grizzlies @ Minnesota Timberwolves,2025-12-18T01:10:00Z,,2025-12-17T16:59:53Z,0.82,2025-12-17 12:00:41 ET,-110.0,-120.0
3dfcf87c4c788368e199e9d23b2c1831,Jaden McDaniels,player_points_rebounds_assists,22.5,betmgm,Memphis Grizzlies @ Minnesota Timberwolves,2025-12-18T01:10:00Z,,2025-12-17T16:59:53Z,0.82,2025-12-17 12:00:41 ET,-120.0,-110.0
3dfcf87c4c788368e199e9d23b2c1831,Jaylen Wells,player_points_rebounds_assists,20.5,betmgm,Memphis Grizzlies @ Minnesota Timberwolves,2025-12-18T01:10:00Z,,2025-12-17T16:59:53Z,0.82,2025-12-17 12:00:41 ET,105.0,-145.0
3dfcf87c4c788368e199e9d23b2c1831,Rudy Gobert,player_points_rebounds_assists,23.5,betmgm,Memphis Grizzlies @ Minnesota Timberwolves,2025-12-18T01:10:00Z,,2025-12-17T16:59:53Z,0.82,2025-12-17 12:00:41 ET,-125.0,-105.0
3dfcf87c4c788368e199e9d23b2c1831,Santi Aldama,player_points_rebounds_assists,25.5,betmgm,Memphis Grizzlies @ Minnesota Timberwolves,2025-12-18T01:10:00Z,,2025-12-17T16:59:53Z,0.82,2025-12-17 12:00:41 ET,-115.0,-115.0
3dfcf87c4c788368e199e9d23b2c1831,Cedric Coward,player_points_rebounds_assists,23.5,betmgm,Memphis Grizzlies @ Minnesota Timberwolves,2025-12-18T01:10:00Z,,2025-12-17T16:59:53Z,0.82,2025-12-17 12:00:41 ET,-130.0,-105.0
3dfcf87c4c788368e199e9d23b2c1831,Jaren Jackson Jr,player_points_rebounds_assists,25.5,betmgm,Memphis Grizzlies @ Minnesota Timberwolves,2025-12-18T01:10:00Z,,2025-12-17T16:59:53Z,0.82,2025-12-17 12:00:41 ET,-125.0,-105.0
3dfcf87c4c788368e199e9d23b2c1831,Kentavious Caldwell-Pope,player_points_rebounds_assists,13.5,betmgm,Memphis Grizzlies @ Minnesota Timberwolves,2025-12-18T01:10:00Z,,2025-12-17T16:59:53Z,0.82,2025-12-17 12:00:41 ET,-120.0,-110.0
3dfcf87c4c788368e199e9d23b2c1831,Ja Morant,player_rebounds,3.5,betmgm,Memphis Grizzlies @ Minnesota Timberwolves,2025-12-18T01:10:00Z,,2025-12-17T16:59:53Z,0.82,2025-12-17 12:00:41 ET,-120.0,-110.0
3dfcf87c4c788368e199e9d23b2c1831,Naz Reid,player_rebounds,6.5,betmgm,Memphis Grizzlies @ Minnesota Timberwolves,2025-12-18T01:10:00Z,,2025-12-17T16:59:53Z,0.82,2025-12-17 12:00:41 ET,-105.0,-125.0
3dfcf87c4c788368e199e9d23b2c1831,Santi Aldama,player_rebounds,6.5,betmgm,Memphis Grizzlies @ Minnesota Timberwolves,2025-12-18T01:10:00Z,,2025-12-17T16:59:53Z,0.82,2025-12-17 12:00:41 ET,-145.0,105.0
3dfcf87c4c788368e199e9d23b2c1831,Anthony Edwards,player_rebounds,5.5,betmgm,Memphis Grizzlies @ Minnesota Timberwolves,2025-12-18T01:10:00Z,,2025-12-17T16:59:53Z,0.82,2025-12-17 12:00:41 ET,110.0,-150.0
3dfcf87c4c788368e199e9d23b2c1831,Julius Randle,player_rebounds,7.5,betmgm,Memphis Grizzlies @ Minnesota Timberwolves,2025-12-18T01:10:00Z,,2025-12-17T16:59:53Z,0.82,2025-12-17 12:00:41 ET,100.0,-135.0
3dfcf87c4c788368e199e9d23b2c1831,Cedric Coward,player_rebounds,6.5,betmgm,Memphis Grizzlies @ Minnesota Timberwolves,2025-12-18T01:10:00Z,,2025-12-17T16:59:53Z,0.82,2025-12-17 12:00:41 ET,-110.0,-118.0
3dfcf87c4c788368e199e9d23b2c1831,Jock Landale,player_rebounds,6.5,betmgm,Memphis Grizzlies @ Minnesota Timberwolves,2025-12-18T01:10:00Z,,2025-12-17T16:59:53Z,0.82,2025-12-17 12:00:41 ET,105.0,-140.0
3dfcf87c4c788368e199e9d23b2c1831,Donte DiVincenzo,player_rebounds,4.5,betmgm,Memphis Grizzlies @ Minnesota Timberwolves,2025-12-18T01:10:00Z,,2025-12-17T16:59:53Z,0.82,2025-12-17 12:00:41 ET,120.0,-160.0
3dfcf87c4c788368e199e9d23b2c1831,Jaden McDaniels,player_rebounds,4.5,betmgm,Memphis Grizzlies @ Minnesota Timberwolves,2025-12-18T01:10:00Z,,2025-12-17T16:59:53Z,0.82,2025-12-17 12:00:41 ET,-135.0,100.0
3dfcf87c4c788368e199e9d23b2c1831,Rudy Gobert,player_rebounds,11.5,betmgm,Memphis Grizzlies @ Minnesota Timberwolves,2025-12-18T01:10:00Z,,2025-12-17T16:59:53Z,0.82,2025-12-17 12:00:41 ET,-110.0,-118.0
3dfcf87c4c788368e199e9d23b2c1831,Jaren Jackson Jr,player_rebounds,4.5,betmgm,Memphis Grizzlies @ Minnesota Timberwolves,2025-12-18T01:10:00Z,,2025-12-17T16:59:53Z,0.82,2025-12-17 12:00:41 ET,-155.0,115.0
3dfcf87c4c788368e199e9d23b2c1831,Jaylen Wells,player_rebounds,4.5,betmgm,Memphis Grizzlies @ Minnesota Timberwolves,2025-12-18T01:10:00Z,,2025-12-17T16:59:53Z,0.82,2025-12-17 12:00:41 ET,125.0,-165.0
3dfcf87c4c788368e199e9d23b2c1831,Kentavious Caldwell-Pope,player_rebounds,2.5,betmgm,Memphis Grizzlies @ Minnesota Timberwolves,2025-12-18T01:10:00Z,,2025-12-17T16:59:53Z,0.82,2025-12-17 12:00:41 ET,105.0,-140.0
3dfcf87c4c788368e199e9d23b2c1831,Ja Morant,player_threes,1.5,betmgm,Memphis Grizzlies @ Minnesota Timberwolves,2025-12-18T01:10:00Z,,2025-12-17T16:59:53Z,0.82,2025-12-17 12:00:41 ET,140.0,-190.0
3dfcf87c4c788368e199e9d23b2c1831,Naz Reid,player_threes,2.5,betmgm,Memphis Grizzlies @ Minnesota Timberwolves,2025-12-18T01:10:00Z,,2025-12-17T16:59:53Z,0.82,2025-12-17 12:00:41 ET,110.0,-145.0
3dfcf87c4c788368e199e9d23b2c1831,Santi Aldama,player_threes,1.5,betmgm,Memphis Grizzlies @ Minnesota Timberwolves,2025-12-18T01:10:00Z,,2025-12-17T16:59:53Z,0.82,2025-12-17 12:00:41 ET,-160.0,120.0
3dfcf87c4c788368e199e9d23b2c1831,Anthony Edwards,player_threes,3.5,betmgm,Memphis Grizzlies @ Minnesota Timberwolves,2025-12-18T01:10:00Z,,2025-12-17T16:59:53Z,0.82,2025-12-17 12:00:41 ET,120.0,-160.0
3dfcf87c4c788368e199e9d23b2c1831,Julius Randle,player_threes,1.5,betmgm,Memphis Grizzlies @ Minnesota Timberwolves,2025-12-18T01:10:00Z,,2025-12-17T16:59:53Z,0.82,2025-12-17 12:00:41 ET,-160.0,120.0
3dfcf87c4c788368e199e9d23b2c1831,Cedric Coward,player_threes,1.5,betmgm,Memphis Grizzlies @ Minnesota Timberwolves,2025-12-18T01:10:00Z,,2025-12-17T16:59:53Z,0.82,2025-12-17 12:00:41 ET,115.0,-155.0
3dfcf87c4c788368e199e9d23b2c1831,Jock Landale,player_threes,0.5,betmgm,Memphis Grizzlies @ Minnesota Timberwolves,2025-12-18T01:10:00Z,,2025-12-17T16:59:53Z,0.82,2025-12-17 12:00:41 ET,-145.0,105.0
3dfcf87c4c788368e199e9d23b2c1831,Donte DiVincenzo,player_threes,3.5,betmgm,Memphis Grizzlies @ Minnesota Timberwolves,2025-12-18T01:10:00Z,,2025-12-17T16:59:53Z,0.82,2025-12-17 12:00:41 ET,130.0,-175.0
3dfcf87c4c788368e199e9d23b2c1831,Jaren Jackson Jr,player_threes,1.5,betmgm,Memphis Grizzlies @ Minnesota Timberwolves,2025-12-18T01:10:00Z,,2025-12-17T16:59:53Z,0.82,2025-12-17 12:00:41 ET,-105.0,-125.0
3dfcf87c4c788368e199e9d23b2c1831,Jaden McDaniels,player_threes,1.5,betmgm,Memphis Grizzlies @ Minnesota Timberwolves,2025-12-18T01:10:00Z,,2025-12-17T16:59:53Z,0.82,2025-12-17 12:00:41 ET,115.0,-155.0
3dfcf87c4c788368e199e9d23b2c1831,Jaylen Wells,player_threes,1.5,betmgm,Memphis Grizzlies @ Minnesota Timberwolves,2025-12-18T01:10:00Z,,2025-12-17T16:59:53Z,0.82,2025-12-17 12:00:41 ET,-185.0,135.0
3dfcf87c4c788368e199e9d23b2c1831,Kentavious Caldwell-Pope,player_threes,1.5,betmgm,Memphis Grizzlies @ Minnesota Timberwolves,2025-12-18T01:10:00Z,,2025-12-17T16:59:53Z,0.82,2025-12-17 12:00:41 ET,130.0,-175.0
3dfcf87c4c788368e199e9d23b2c1831,Julius Randle,player_triple_double,,betmgm,Memphis Grizzlies @ Minnesota Timberwolves,2025-12-18T01:10:00Z,,2025-12-17T16:59:53Z,0.82,2025-12-17 12:00:41 ET,,
3dfcf87c4c788368e199e9d23b2c1831,Jaren Jackson Jr,player_assists,2.5,betonlineag,Memphis Grizzlies @ Minnesota Timberwolves,2025-12-18T01:10:00Z,,2025-12-17T16:58:59Z,1.72,2025-12-17 12:00:41 ET,135.0,-175.0
3dfcf87c4c788368e199e9d23b2c1831,Ja Morant,player_assists,7.5,betonlineag,Memphis Grizzlies @ Minnesota Timberwolves,2025-12-18T01:10:00Z,,2025-12-17T16:58:59Z,1.72,2025-12-17 12:00:41 ET,115.0,-149.0
3dfcf87c4c788368e199e9d23b2c1831,Anthony Edwards,player_assists,4.5,betonlineag,Memphis Grizzlies @ Minnesota Timberwolves,2025-12-18T01:10:00Z,,2025-12-17T16:58:59Z,1.72,2025-12-17 12:00:41 ET,103.0,-133.0
3dfcf87c4c788368e199e9d23b2c1831,Julius Randle,player_assists,5.5,betonlineag,Memphis Grizzlies @ Minnesota Timberwolves,2025-12-18T01:10:00Z,,2025-12-17T16:58:59Z,1.72,2025-12-17 12:00:41 ET,-116.0,-111.0
3dfcf87c4c788368e199e9d23b2c1831,Jaden McDaniels,player_assists,2.5,betonlineag,Memphis Grizzlies @ Minnesota Timberwolves,2025-12-18T01:10:00Z,,2025-12-17T16:58:59Z,1.72,2025-12-17 12:00:41 ET,-130.0,100.0
3dfcf87c4c788368e199e9d23b2c1831,Santi Aldama,player_assists,3.5,betonlineag,Memphis Grizzlies @ Minnesota Timberwolves,2025-12-18T01:10:00Z,,2025-12-17T16:58:59Z,1.72,2025-12-17 12:00:41 ET,120.0,-156.0
3dfcf87c4c788368e199e9d23b2c1831,Naz Reid,player_assists,2.5,betonlineag,Memphis Grizzlies @ Minnesota Timberwolves,2025-12-18T01:10:00Z,,2025-12-17T16:58:59Z,1.72,2025-12-17 12:00:41 ET,109.0,-141.0
3dfcf87c4c788368e199e9d23b2c1831,Cedric Coward,player_assists,3.5,betonlineag,Memphis Grizzlies @ Minnesota Timberwolves,2025-12-18T01:10:00Z,,2025-12-17T16:58:59Z,1.72,2025-12-17 12:00:41 ET,141.0,-185.0
3dfcf87c4c788368e199e9d23b2c1831,Donte DiVincenzo,player_assists,4.5,betonlineag,Memphis Grizzlies @ Minnesota Timberwolves,2025-12-18T01:10:00Z,,2025-12-17T16:58:59Z,1.72,2025-12-17 12:00:41 ET,124.0,-161.0
3dfcf87c4c788368e199e9d23b2c1831,Jaylen Wells,player_assists,1.5,betonlineag,Memphis Grizzlies @ Minnesota Timberwolves,2025-12-18T01:10:00Z,,2025-12-17T16:58:59Z,1.72,2025-12-17 12:00:41 ET,-167.0,128.0
3dfcf87c4c788368e199e9d23b2c1831,Kentavious Caldwell-Pope,player_assists,3.5,betonlineag,Memphis Grizzlies @ Minnesota Timberwolves,2025-12-18T01:10:00Z,,2025-12-17T16:58:59Z,1.72,2025-12-17 12:00:41 ET,134.0,-175.0
3dfcf87c4c788368e199e9d23b2c1831,Ja Morant,player_points,18.5,betonlineag,Memphis Grizzlies @ Minnesota Timberwolves,2025-12-18T01:10:00Z,,2025-12-17T16:58:59Z,1.72,2025-12-17 12:00:41 ET,100.0,-130.0
3dfcf87c4c788368e199e9d23b2c1831,Anthony Edwards,player_points,28.5,betonlineag,Memphis Grizzlies @ Minnesota Timberwolves,2025-12-18T01:10:00Z,,2025-12-17T16:58:59Z,1.72,2025-12-17 12:00:41 ET,-103.0,-125.0
3dfcf87c4c788368e199e9d23b2c1831,Julius Randle,player_points,23.5,betonlineag,Memphis Grizzlies @ Minnesota Timberwolves,2025-12-18T01:10:00Z,,2025-12-17T16:58:59Z,1.72,2025-12-17 12:00:41 ET,107.0,-139.0
3dfcf87c4c788368e199e9d23b2c1831,Jaren Jackson Jr,player_points,19.5,betonlineag,Memphis Grizzlies @ Minnesota Timberwolves,2025-12-18T01:10:00Z,,2025-12-17T16:58:59Z,1.72,2025-12-17 12:00:41 ET,-103.0,-125.0
3dfcf87c4c788368e199e9d23b2c1831,Rudy Gobert,player_points,11.5,betonlineag,Memphis Grizzlies @ Minnesota Timberwolves,2025-12-18T01:10:00Z,,2025-12-17T16:58:59Z,1.72,2025-12-17 12:00:41 ET,106.0,-137.0
3dfcf87c4c788368e199e9d23b2c1831,Donte DiVincenzo,player_points,14.5,betonlineag,Memphis Grizzlies @ Minnesota Timberwolves,2025-12-18T01:10:00Z,,2025-12-17T16:58:59Z,1.72,2025-12-17 12:00:41 ET,106.0,-137.0
3dfcf87c4c788368e199e9d23b2c1831,Jaden McDaniels,player_points,15.5,betonlineag,Memphis Grizzlies @ Minnesota Timberwolves,2025-12-18T01:10:00Z,,2025-12-17T16:58:59Z,1.72,2025-12-17 12:00:41 ET,104.0,-135.0
3dfcf87c4c788368e199e9d23b2c1831,Cedric Coward,player_points,14.5,betonlineag,Memphis Grizzlies @ Minnesota Timberwolves,2025-12-18T01:10:00Z,,2025-12-17T16:58:59Z,1.72,2025-12-17 12:00:41 ET,-108.0,-120.0
3dfcf87c4c788368e199e9d23b2c1831,Naz Reid,player_points,14.5,betonlineag,Memphis Grizzlies @ Minnesota Timberwolves,2025-12-18T01:10:00Z,,2025-12-17T16:58:59Z,1.72,2025-12-17 12:00:41 ET,-106.0,-122.0
3dfcf87c4c788368e199e9d23b2c1831,Jock Landale,player_points,9.5,betonlineag,Memphis Grizzlies @ Minnesota Timberwolves,2025-12-18T01:10:00Z,,2025-12-17T16:58:59Z,1.72,2025-12-17 12:00:41 ET,-108.0,-120.0
3dfcf87c4c788368e199e9d23b2c1831,Santi Aldama,player_points,15.5,betonlineag,Memphis Grizzlies @ Minnesota Timberwolves,2025-12-18T01:10:00Z,,2025-12-17T16:58:59Z,1.72,2025-12-17 12:00:41 ET,-102.0,-127.0
3dfcf87c4c788368e199e9d23b2c1831,Kentavious Caldwell-Pope,player_points,7.5,betonlineag,Memphis Grizzlies @ Minnesota Timberwolves,2025-12-18T01:10:00Z,,2025-12-17T16:58:59Z,1.72,2025-12-17 12:00:41 ET,-128.0,-101.0
3dfcf87c4c788368e199e9d23b2c1831,Jaylen Wells,player_points,13.5,betonlineag,Memphis Grizzlies @ Minnesota Timberwolves,2025-12-18T01:10:00Z,,2025-12-17T16:58:59Z,1.72,2025-12-17 12:00:41 ET,-114.0,-114.0
3dfcf87c4c788368e199e9d23b2c1831,Ja Morant,player_points_rebounds_assists,29.5,betonlineag,Memphis Grizzlies @ Minnesota Timberwolves,2025-12-18T01:10:00Z,,2025-12-17T16:58:59Z,1.72,2025-12-17 12:00:41 ET,-110.0,-118.0
3dfcf87c4c788368e199e9d23b2c1831,Anthony Edwards,player_points_rebounds_assists,37.5,betonlineag,Memphis Grizzlies @ Minnesota Timberwolves,2025-12-18T01:10:00Z,,2025-12-17T16:58:59Z,1.72,2025-12-17 12:00:41 ET,-112.0,-115.0
3dfcf87c4c788368e199e9d23b2c1831,Julius Randle,player_points_rebounds_assists,36.5,betonlineag,Memphis Grizzlies @ Minnesota Timberwolves,2025-12-18T01:10:00Z,,2025-12-17T16:58:59Z,1.72,2025-12-17 12:00:41 ET,100.0,-130.0
3dfcf87c4c788368e199e9d23b2c1831,Rudy Gobert,player_points_rebounds_assists,24.5,betonlineag,Memphis Grizzlies @ Minnesota Timberwolves,2025-12-18T01:10:00Z,,2025-12-17T16:58:59Z,1.72,2025-12-17 12:00:41 ET,-106.0,-122.0
3dfcf87c4c788368e199e9d23b2c1831,Jaren Jackson Jr,player_points_rebounds_assists,26.5,betonlineag,Memphis Grizzlies @ Minnesota Timberwolves,2025-12-18T01:10:00Z,,2025-12-17T16:58:59Z,1.72,2025-12-17 12:00:41 ET,-119.0,-109.0
3dfcf87c4c788368e199e9d23b2c1831,Donte DiVincenzo,player_points_rebounds_assists,22.5,betonlineag,Memphis Grizzlies @ Minnesota Timberwolves,2025-12-18T01:10:00Z,,2025-12-17T16:58:59Z,1.72,2025-12-17 12:00:41 ET,-108.0,-120.0
3dfcf87c4c788368e199e9d23b2c1831,Jaden McDaniels,player_points_rebounds_assists,23.5,betonlineag,Memphis Grizzlies @ Minnesota Timberwolves,2025-12-18T01:10:00Z,,2025-12-17T16:58:59Z,1.72,2025-12-17 12:00:41 ET,106.0,-137.0
3dfcf87c4c788368e199e9d23b2c1831,Santi Aldama,player_points_rebounds_assists,25.5,betonlineag,Memphis Grizzlies @ Minnesota Timberwolves,2025-12-18T01:10:00Z,,2025-12-17T16:58:59Z,1.72,2025-12-17 12:00:41 ET,-109.0,-119.0
3dfcf87c4c788368e199e9d23b2c1831,Naz Reid,player_points_rebounds_assists,23.5,betonlineag,Memphis Grizzlies @ Minnesota Timberwolves,2025-12-18T01:10:00Z,,2025-12-17T16:58:59Z,1.72,2025-12-17 12:00:41 ET,-108.0,-120.0
3dfcf87c4c788368e199e9d23b2c1831,Jaylen Wells,player_points_rebounds_assists,20.5,betonlineag,Memphis Grizzlies @ Minnesota Timberwolves,2025-12-18T01:10:00Z,,2025-12-17T16:58:59Z,1.72,2025-12-17 12:00:41 ET,-105.0,-123.0
3dfcf87c4c788368e199e9d23b2c1831,Jock Landale,player_points_rebounds_assists,17.5,betonlineag,Memphis Grizzlies @ Minnesota Timberwolves,2025-12-18T01:10:00Z,,2025-12-17T16:58:59Z,1.72,2025-12-17 12:00:41 ET,-109.0,-119.0
3dfcf87c4c788368e199e9d23b2c1831,Cedric Coward,player_points_rebounds_assists,24.5,betonlineag,Memphis Grizzlies @ Minnesota Timberwolves,2025-12-18T01:10:00Z,,2025-12-17T16:58:59Z,1.72,2025-12-17 12:00:41 ET,-105.0,-123.0
3dfcf87c4c788368e199e9d23b2c1831,Kentavious Caldwell-Pope,player_points_rebounds_assists,13.5,betonlineag,Memphis Grizzlies @ Minnesota Timberwolves,2025-12-18T01:10:00Z,,2025-12-17T16:58:59Z,1.72,2025-12-17 12:00:41 ET,-114.0,-114.0
3dfcf87c4c788368e199e9d23b2c1831,Ja Morant,player_rebounds,3.5,betonlineag,Memphis Grizzlies @ Minnesota Timberwolves,2025-12-18T01:10:00Z,,2025-12-17T16:58:59Z,1.72,2025-12-17 12:00:41 ET,-120.0,-108.0
3dfcf87c4c788368e199e9d23b2c1831,Jaren Jackson Jr,player_rebounds,5.5,betonlineag,Memphis Grizzlies @ Minnesota Timberwolves,2025-12-18T01:10:00Z,,2025-12-17T16:58:59Z,1.72,2025-12-17 12:00:41 ET,128.0,-167.0
3dfcf87c4c788368e199e9d23b2c1831,Anthony Edwards,player_rebounds,5.5,betonlineag,Memphis Grizzlies @ Minnesota Timberwolves,2025-12-18T01:10:00Z,,2025-12-17T16:58:59Z,1.72,2025-12-17 12:00:41 ET,120.0,-156.0
3dfcf87c4c788368e199e9d23b2c1831,Julius Randle,player_rebounds,7.5,betonlineag,Memphis Grizzlies @ Minnesota Timberwolves,2025-12-18T01:10:00Z,,2025-12-17T16:58:59Z,1.72,2025-12-17 12:00:41 ET,110.0,-143.0
3dfcf87c4c788368e199e9d23b2c1831,Rudy Gobert,player_rebounds,11.5,betonlineag,Memphis Grizzlies @ Minnesota Timberwolves,2025-12-18T01:10:00Z,,2025-12-17T16:58:59Z,1.72,2025-12-17 12:00:41 ET,-105.0,-123.0
3dfcf87c4c788368e199e9d23b2c1831,Jaden McDaniels,player_rebounds,4.5,betonlineag,Memphis Grizzlies @ Minnesota Timberwolves,2025-12-18T01:10:00Z,,2025-12-17T16:58:59Z,1.72,2025-12-17 12:00:41 ET,-137.0,106.0
3dfcf87c4c788368e199e9d23b2c1831,Santi Aldama,player_rebounds,6.5,betonlineag,Memphis Grizzlies @ Minnesota Timberwolves,2025-12-18T01:10:00Z,,2025-12-17T16:58:59Z,1.72,2025-12-17 12:00:41 ET,-135.0,104.0
3dfcf87c4c788368e199e9d23b2c1831,Jaylen Wells,player_rebounds,3.5,betonlineag,Memphis Grizzlies @ Minnesota Timberwolves,2025-12-18T01:10:00Z,,2025-12-17T16:58:59Z,1.72,2025-12-17 12:00:41 ET,-135.0,105.0
3dfcf87c4c788368e199e9d23b2c1831,Cedric Coward,player_rebounds,6.5,betonlineag,Memphis Grizzlies @ Minnesota Timberwolves,2025-12-18T01:10:00Z,,2025-12-17T16:58:59Z,1.72,2025-12-17 12:00:41 ET,-103.0,-125.0
3dfcf87c4c788368e199e9d23b2c1831,Naz Reid,player_rebounds,6.5,betonlineag,Memphis Grizzlies @ Minnesota Timberwolves,2025-12-18T01:10:00Z,,2025-12-17T16:58:59Z,1.72,2025-12-17 12:00:41 ET,102.0,-132.0
3dfcf87c4c788368e199e9d23b2c1831,Jock Landale,player_rebounds,6.5,betonlineag,Memphis Grizzlies @ Minnesota Timberwolves,2025-12-18T01:10:00Z,,2025-12-17T16:58:59Z,1.72,2025-12-17 12:00:41 ET,106.0,-137.0
3dfcf87c4c788368e199e9d23b2c1831,Donte DiVincenzo,player_rebounds,4.5,betonlineag,Memphis Grizzlies @ Minnesota Timberwolves,2025-12-18T01:10:00Z,,2025-12-17T16:58:59Z,1.72,2025-12-17 12:00:41 ET,126.0,-164.0
3dfcf87c4c788368e199e9d23b2c1831,Kentavious Caldwell-Pope,player_rebounds,2.5,betonlineag,Memphis Grizzlies @ Minnesota Timberwolves,2025-12-18T01:10:00Z,,2025-12-17T16:58:59Z,1.72,2025-12-17 12:00:41 ET,118.0,-154.0
3dfcf87c4c788368e199e9d23b2c1831,Jaren Jackson Jr,player_threes,1.5,betonlineag,Memphis Grizzlies @ Minnesota Timberwolves,2025-12-18T01:10:00Z,,2025-12-17T16:58:59Z,1.72,2025-12-17 12:00:41 ET,-125.0,-103.0
3dfcf87c4c788368e199e9d23b2c1831,Ja Morant,player_threes,1.5,betonlineag,Memphis Grizzlies @ Minnesota Timberwolves,2025-12-18T01:10:00Z,,2025-12-17T16:58:59Z,1.72,2025-12-17 12:00:41 ET,144.0,-189.0
3dfcf87c4c788368e199e9d23b2c1831,Anthony Edwards,player_threes,3.5,betonlineag,Memphis Grizzlies @ Minnesota Timberwolves,2025-12-18T01:10:00Z,,2025-12-17T16:58:59Z,1.72,2025-12-17 12:00:41 ET,115.0,-149.0
3dfcf87c4c788368e199e9d23b2c1831,Julius Randle,player_threes,1.5,betonlineag,Memphis Grizzlies @ Minnesota Timberwolves,2025-12-18T01:10:00Z,,2025-12-17T16:58:59Z,1.72,2025-12-17 12:00:41 ET,-147.0,114.0
3dfcf87c4c788368e199e9d23b2c1831,Donte DiVincenzo,player_threes,3.5,betonlineag,Memphis Grizzlies @ Minnesota Timberwolves,2025-12-18T01:10:00Z,,2025-12-17T16:58:59Z,1.72,2025-12-17 12:00:41 ET,136.0,-179.0
3dfcf87c4c788368e199e9d23b2c1831,Jaden McDaniels,player_threes,1.5,betonlineag,Memphis Grizzlies @ Minnesota Timberwolves,2025-12-18T01:10:00Z,,2025-12-17T16:58:59Z,1.72,2025-12-17 12:00:41 ET,113.0,-147.0
3dfcf87c4c788368e199e9d23b2c1831,Santi Aldama,player_threes,1.5,betonlineag,Memphis Grizzlies @ Minnesota Timberwolves,2025-12-18T01:10:00Z,,2025-12-17T16:58:59Z,1.72,2025-12-17 12:00:41 ET,-161.0,124.0
3dfcf87c4c788368e199e9d23b2c1831,Jaylen Wells,player_threes,1.5,betonlineag,Memphis Grizzlies @ Minnesota Timberwolves,2025-12-18T01:10:00Z,,2025-12-17T16:58:59Z,1.72,2025-12-17 12:00:41 ET,-185.0,140.0
3dfcf87c4c788368e199e9d23b2c1831,Cedric Coward,player_threes,1.5,betonlineag,Memphis Grizzlies @ Minnesota Timberwolves,2025-12-18T01:10:00Z,,2025-12-17T16:58:59Z,1.72,2025-12-17 12:00:41 ET,110.0,-143.0
3dfcf87c4c788368e199e9d23b2c1831,Naz Reid,player_threes,2.5,betonlineag,Memphis Grizzlies @ Minnesota Timberwolves,2025-12-18T01:10:00Z,,2025-12-17T16:58:59Z,1.72,2025-12-17 12:00:41 ET,112.0,-145.0
3dfcf87c4c788368e199e9d23b2c1831,Jock Landale,player_threes,0.5,betonlineag,Memphis Grizzlies @ Minnesota Timberwolves,2025-12-18T01:10:00Z,,2025-12-17T16:58:59Z,1.72,2025-12-17 12:00:41 ET,-156.0,120.0
3dfcf87c4c788368e199e9d23b2c1831,Kentavious Caldwell-Pope,player_threes,1.5,betonlineag,Memphis Grizzlies @ Minnesota Timberwolves,2025-12-18T01:10:00Z,,2025-12-17T16:58:59Z,1.72,2025-12-17 12:00:41 ET,136.0,-179.0
