event_id,player,market,line,bookmaker,game,game_time,over_odds,under_odds
099fbdb7f4738db6e1f5b7889ab3d707,Davion Mitchell,player_assists,6.5,draftkings,Miami Heat @ Orlando Magic,2025-12-09T23:10:00Z,-135.0,102.0
099fbdb7f4738db6e1f5b7889ab3d707,Jalen Suggs,player_assists,4.5,draftkings,Miami Heat @ Orlando Magic,2025-12-09T23:10:00Z,-153.0,116.0
099fbdb7f4738db6e1f5b7889ab3d707,Desmond Bane,player_assists,4.5,draftkings,Miami Heat @ Orlando Magic,2025-12-09T23:10:00Z,-119.0,-111.0
099fbdb7f4738db6e1f5b7889ab3d707,Paolo Banchero,player_assists,3.5,draftkings,Miami Heat @ Orlando Magic,2025-12-09T23:10:00Z,-139.0,105.0
099fbdb7f4738db6e1f5b7889ab3d707,Anthony Black,player_assists,3.5,draftkings,Miami Heat @ Orlando Magic,2025-12-09T23:10:00Z,-115.0,-114.0
099fbdb7f4738db6e1f5b7889ab3d707,Tyler Herro,player_assists,3.5,draftkings,Miami Heat @ Orlando Magic,2025-12-09T23:10:00Z,117.0,-154.0
099fbdb7f4738db6e1f5b7889ab3d707,Jaime Jaquez Jr,player_assists,3.5,draftkings,Miami Heat @ Orlando Magic,2025-12-09T23:10:00Z,120.0,-159.0
099fbdb7f4738db6e1f5b7889ab3d707,Bam Adebayo,player_assists,2.5,draftkings,Miami Heat @ Orlando Magic,2025-12-09T23:10:00Z,-127.0,-104.0
099fbdb7f4738db6e1f5b7889ab3d707,Andrew Wiggins,player_assists,2.5,draftkings,Miami Heat @ Orlando Magic,2025-12-09T23:10:00Z,-120.0,-109.0
099fbdb7f4738db6e1f5b7889ab3d707,Kel'el Ware,player_blocks,1.5,draftkings,Miami Heat @ Orlando Magic,2025-12-09T23:10:00Z,146.0,-195.0
099fbdb7f4738db6e1f5b7889ab3d707,Bam Adebayo,player_double_double,,draftkings,Miami Heat @ Orlando Magic,2025-12-09T23:10:00Z,,
099fbdb7f4738db6e1f5b7889ab3d707,Paolo Banchero,player_double_double,,draftkings,Miami Heat @ Orlando Magic,2025-12-09T23:10:00Z,,
099fbdb7f4738db6e1f5b7889ab3d707,Wendell Carter Jr,player_double_double,,draftkings,Miami Heat @ Orlando Magic,2025-12-09T23:10:00Z,,
099fbdb7f4738db6e1f5b7889ab3d707,Kel'el Ware,player_double_double,,draftkings,Miami Heat @ Orlando Magic,2025-12-09T23:10:00Z,,
099fbdb7f4738db6e1f5b7889ab3d707,Davion Mitchell,player_double_double,,draftkings,Miami Heat @ Orlando Magic,2025-12-09T23:10:00Z,,
099fbdb7f4738db6e1f5b7889ab3d707,Anthony Black,player_double_double,,draftkings,Miami Heat @ Orlando Magic,2025-12-09T23:10:00Z,,
099fbdb7f4738db6e1f5b7889ab3d707,Desmond Bane,player_double_double,,draftkings,Miami Heat @ Orlando Magic,2025-12-09T23:10:00Z,,
099fbdb7f4738db6e1f5b7889ab3d707,Jalen Suggs,player_double_double,,draftkings,Miami Heat @ Orlando Magic,2025-12-09T23:10:00Z,,
099fbdb7f4738db6e1f5b7889ab3d707,Goga Bitadze,player_double_double,,draftkings,Miami Heat @ Orlando Magic,2025-12-09T23:10:00Z,,
099fbdb7f4738db6e1f5b7889ab3d707,Tyler Herro,player_double_double,,draftkings,Miami Heat @ Orlando Magic,2025-12-09T23:10:00Z,,
099fbdb7f4738db6e1f5b7889ab3d707,Andrew Wiggins,player_double_double,,draftkings,Miami Heat @ Orlando Magic,2025-12-09T23:10:00Z,,
099fbdb7f4738db6e1f5b7889ab3d707,Jaime Jaquez Jr,player_double_double,,draftkings,Miami Heat @ Orlando Magic,2025-12-09T23:10:00Z,,
099fbdb7f4738db6e1f5b7889ab3d707,Tristan da Silva,player_double_double,,draftkings,Miami Heat @ Orlando Magic,2025-12-09T23:10:00Z,,
099fbdb7f4738db6e1f5b7889ab3d707,Tyler Herro,player_points,22.5,draftkings,Miami Heat @ Orlando Magic,2025-12-09T23:10:00Z,-133.0,104.0
099fbdb7f4738db6e1f5b7889ab3d707,Desmond Bane,player_points,22.5,draftkings,Miami Heat @ Orlando Magic,2025-12-09T23:10:00Z,-107.0,-119.0
099fbdb7f4738db6e1f5b7889ab3d707,Norman Powell,player_points,21.5,draftkings,Miami Heat @ Orlando Magic,2025-12-09T23:10:00Z,-107.0,-119.0
099fbdb7f4738db6e1f5b7889ab3d707,Paolo Banchero,player_points,19.5,draftkings,Miami Heat @ Orlando Magic,2025-12-09T23:10:00Z,-120.0,-106.0
099fbdb7f4738db6e1f5b7889ab3d707,Bam Adebayo,player_points,18.5,draftkings,Miami Heat @ Orlando Magic,2025-12-09T23:10:00Z,-110.0,-116.0
099fbdb7f4738db6e1f5b7889ab3d707,Jalen Suggs,player_points,18.5,draftkings,Miami Heat @ Orlando Magic,2025-12-09T23:10:00Z,-102.0,-125.0
099fbdb7f4738db6e1f5b7889ab3d707,Anthony Black,player_points,14.5,draftkings,Miami Heat @ Orlando Magic,2025-12-09T23:10:00Z,-117.0,-109.0
099fbdb7f4738db6e1f5b7889ab3d707,Andrew Wiggins,player_points,14.5,draftkings,Miami Heat @ Orlando Magic,2025-12-09T23:10:00Z,-102.0,-125.0
099fbdb7f4738db6e1f5b7889ab3d707,Wendell Carter Jr,player_points,11.5,draftkings,Miami Heat @ Orlando Magic,2025-12-09T23:10:00Z,-107.0,-119.0
099fbdb7f4738db6e1f5b7889ab3d707,Jaime Jaquez Jr,player_points,10.5,draftkings,Miami Heat @ Orlando Magic,2025-12-09T23:10:00Z,-110.0,-115.0
099fbdb7f4738db6e1f5b7889ab3d707,Tristan da Silva,player_points,9.5,draftkings,Miami Heat @ Orlando Magic,2025-12-09T23:10:00Z,-103.0,-124.0
099fbdb7f4738db6e1f5b7889ab3d707,Davion Mitchell,player_points,8.5,draftkings,Miami Heat @ Orlando Magic,2025-12-09T23:10:00Z,-110.0,-116.0
099fbdb7f4738db6e1f5b7889ab3d707,Kel'el Ware,player_points,8.5,draftkings,Miami Heat @ Orlando Magic,2025-12-09T23:10:00Z,-108.0,-118.0
099fbdb7f4738db6e1f5b7889ab3d707,Goga Bitadze,player_points,5.5,draftkings,Miami Heat @ Orlando Magic,2025-12-09T23:10:00Z,-137.0,107.0
099fbdb7f4738db6e1f5b7889ab3d707,Desmond Bane,player_points_rebounds_assists,31.5,draftkings,Miami Heat @ Orlando Magic,2025-12-09T23:10:00Z,-123.0,-107.0
099fbdb7f4738db6e1f5b7889ab3d707,Paolo Banchero,player_points_rebounds_assists,31.5,draftkings,Miami Heat @ Orlando Magic,2025-12-09T23:10:00Z,-117.0,-112.0
099fbdb7f4738db6e1f5b7889ab3d707,Bam Adebayo,player_points_rebounds_assists,31.5,draftkings,Miami Heat @ Orlando Magic,2025-12-09T23:10:00Z,-106.0,-124.0
099fbdb7f4738db6e1f5b7889ab3d707,Tyler Herro,player_points_rebounds_assists,30.5,draftkings,Miami Heat @ Orlando Magic,2025-12-09T23:10:00Z,-125.0,-106.0
099fbdb7f4738db6e1f5b7889ab3d707,Jalen Suggs,player_points_rebounds_assists,27.5,draftkings,Miami Heat @ Orlando Magic,2025-12-09T23:10:00Z,-112.0,-118.0
099fbdb7f4738db6e1f5b7889ab3d707,Norman Powell,player_points_rebounds_assists,26.5,draftkings,Miami Heat @ Orlando Magic,2025-12-09T23:10:00Z,-126.0,-105.0
099fbdb7f4738db6e1f5b7889ab3d707,Anthony Black,player_points_rebounds_assists,23.5,draftkings,Miami Heat @ Orlando Magic,2025-12-09T23:10:00Z,-123.0,-107.0
099fbdb7f4738db6e1f5b7889ab3d707,Andrew Wiggins,player_points_rebounds_assists,21.5,draftkings,Miami Heat @ Orlando Magic,2025-12-09T23:10:00Z,-122.0,-108.0
099fbdb7f4738db6e1f5b7889ab3d707,Wendell Carter Jr,player_points_rebounds_assists,21.5,draftkings,Miami Heat @ Orlando Magic,2025-12-09T23:10:00Z,-113.0,-116.0
099fbdb7f4738db6e1f5b7889ab3d707,Davion Mitchell,player_points_rebounds_assists,18.5,draftkings,Miami Heat @ Orlando Magic,2025-12-09T23:10:00Z,-106.0,-124.0
099fbdb7f4738db6e1f5b7889ab3d707,Jaime Jaquez Jr,player_points_rebounds_assists,18.5,draftkings,Miami Heat @ Orlando Magic,2025-12-09T23:10:00Z,-105.0,-126.0
099fbdb7f4738db6e1f5b7889ab3d707,Bam Adebayo,player_rebounds,9.5,draftkings,Miami Heat @ Orlando Magic,2025-12-09T23:10:00Z,-114.0,-116.0
099fbdb7f4738db6e1f5b7889ab3d707,Kel'el Ware,player_rebounds,8.5,draftkings,Miami Heat @ Orlando Magic,2025-12-09T23:10:00Z,101.0,-133.0
099fbdb7f4738db6e1f5b7889ab3d707,Wendell Carter Jr,player_rebounds,7.5,draftkings,Miami Heat @ Orlando Magic,2025-12-09T23:10:00Z,-141.0,107.0
099fbdb7f4738db6e1f5b7889ab3d707,Paolo Banchero,player_rebounds,7.5,draftkings,Miami Heat @ Orlando Magic,2025-12-09T23:10:00Z,-110.0,-119.0
099fbdb7f4738db6e1f5b7889ab3d707,Goga Bitadze,player_rebounds,5.5,draftkings,Miami Heat @ Orlando Magic,2025-12-09T23:10:00Z,100.0,-132.0
099fbdb7f4738db6e1f5b7889ab3d707,Anthony Black,player_rebounds,5.5,draftkings,Miami Heat @ Orlando Magic,2025-12-09T23:10:00Z,104.0,-137.0
099fbdb7f4738db6e1f5b7889ab3d707,Andrew Wiggins,player_rebounds,4.5,draftkings,Miami Heat @ Orlando Magic,2025-12-09T23:10:00Z,-133.0,101.0
099fbdb7f4738db6e1f5b7889ab3d707,Tyler Herro,player_rebounds,4.5,draftkings,Miami Heat @ Orlando Magic,2025-12-09T23:10:00Z,-131.0,-101.0
099fbdb7f4738db6e1f5b7889ab3d707,Desmond Bane,player_rebounds,4.5,draftkings,Miami Heat @ Orlando Magic,2025-12-09T23:10:00Z,-130.0,-101.0
099fbdb7f4738db6e1f5b7889ab3d707,Tristan da Silva,player_rebounds,4.5,draftkings,Miami Heat @ Orlando Magic,2025-12-09T23:10:00Z,-112.0,-118.0
099fbdb7f4738db6e1f5b7889ab3d707,Jaime Jaquez Jr,player_rebounds,4.5,draftkings,Miami Heat @ Orlando Magic,2025-12-09T23:10:00Z,110.0,-145.0
099fbdb7f4738db6e1f5b7889ab3d707,Jalen Suggs,player_rebounds,3.5,draftkings,Miami Heat @ Orlando Magic,2025-12-09T23:10:00Z,-151.0,114.0
099fbdb7f4738db6e1f5b7889ab3d707,Norman Powell,player_rebounds,3.5,draftkings,Miami Heat @ Orlando Magic,2025-12-09T23:10:00Z,-102.0,-129.0
099fbdb7f4738db6e1f5b7889ab3d707,Davion Mitchell,player_rebounds,2.5,draftkings,Miami Heat @ Orlando Magic,2025-12-09T23:10:00Z,-127.0,-104.0
099fbdb7f4738db6e1f5b7889ab3d707,Jalen Suggs,player_steals,1.5,draftkings,Miami Heat @ Orlando Magic,2025-12-09T23:10:00Z,-171.0,128.0
099fbdb7f4738db6e1f5b7889ab3d707,Bam Adebayo,player_steals,1.5,draftkings,Miami Heat @ Orlando Magic,2025-12-09T23:10:00Z,159.0,-215.0
099fbdb7f4738db6e1f5b7889ab3d707,Davion Mitchell,player_steals,1.5,draftkings,Miami Heat @ Orlando Magic,2025-12-09T23:10:00Z,160.0,-215.0
099fbdb7f4738db6e1f5b7889ab3d707,Tyler Herro,player_threes,2.5,draftkings,Miami Heat @ Orlando Magic,2025-12-09T23:10:00Z,-136.0,104.0
099fbdb7f4738db6e1f5b7889ab3d707,Norman Powell,player_threes,2.5,draftkings,Miami Heat @ Orlando Magic,2025-12-09T23:10:00Z,-135.0,103.0
099fbdb7f4738db6e1f5b7889ab3d707,Desmond Bane,player_threes,2.5,draftkings,Miami Heat @ Orlando Magic,2025-12-09T23:10:00Z,109.0,-144.0
099fbdb7f4738db6e1f5b7889ab3d707,Jalen Suggs,player_threes,2.5,draftkings,Miami Heat @ Orlando Magic,2025-12-09T23:10:00Z,110.0,-145.0
099fbdb7f4738db6e1f5b7889ab3d707,Tristan da Silva,player_threes,1.5,draftkings,Miami Heat @ Orlando Magic,2025-12-09T23:10:00Z,113.0,-149.0
099fbdb7f4738db6e1f5b7889ab3d707,Bam Adebayo,player_threes,1.5,draftkings,Miami Heat @ Orlando Magic,2025-12-09T23:10:00Z,124.0,-164.0
099fbdb7f4738db6e1f5b7889ab3d707,Andrew Wiggins,player_threes,1.5,draftkings,Miami Heat @ Orlando Magic,2025-12-09T23:10:00Z,126.0,-166.0
099fbdb7f4738db6e1f5b7889ab3d707,Anthony Black,player_threes,1.5,draftkings,Miami Heat @ Orlando Magic,2025-12-09T23:10:00Z,135.0,-179.0
099fbdb7f4738db6e1f5b7889ab3d707,Paolo Banchero,player_threes,1.5,draftkings,Miami Heat @ Orlando Magic,2025-12-09T23:10:00Z,165.0,-221.0
099fbdb7f4738db6e1f5b7889ab3d707,Anthony Black,player_assists,3.5,fanduel,Miami Heat @ Orlando Magic,2025-12-09T23:10:00Z,-110.0,-120.0
099fbdb7f4738db6e1f5b7889ab3d707,Paolo Banchero,player_assists,3.5,fanduel,Miami Heat @ Orlando Magic,2025-12-09T23:10:00Z,-140.0,106.0
099fbdb7f4738db6e1f5b7889ab3d707,Desmond Bane,player_assists,4.5,fanduel,Miami Heat @ Orlando Magic,2025-12-09T23:10:00Z,-112.0,-118.0
099fbdb7f4738db6e1f5b7889ab3d707,Andrew Wiggins,player_assists,2.5,fanduel,Miami Heat @ Orlando Magic,2025-12-09T23:10:00Z,-128.0,-104.0
099fbdb7f4738db6e1f5b7889ab3d707,Jaime Jaquez Jr,player_assists,3.5,fanduel,Miami Heat @ Orlando Magic,2025-12-09T23:10:00Z,130.0,-174.0
099fbdb7f4738db6e1f5b7889ab3d707,Davion Mitchell,player_assists,6.5,fanduel,Miami Heat @ Orlando Magic,2025-12-09T23:10:00Z,-138.0,104.0
099fbdb7f4738db6e1f5b7889ab3d707,Jalen Suggs,player_assists,4.5,fanduel,Miami Heat @ Orlando Magic,2025-12-09T23:10:00Z,-158.0,118.0
099fbdb7f4738db6e1f5b7889ab3d707,Bam Adebayo,player_assists,2.5,fanduel,Miami Heat @ Orlando Magic,2025-12-09T23:10:00Z,-130.0,-102.0
099fbdb7f4738db6e1f5b7889ab3d707,Tyler Herro,player_assists,3.5,fanduel,Miami Heat @ Orlando Magic,2025-12-09T23:10:00Z,110.0,-146.0
099fbdb7f4738db6e1f5b7889ab3d707,Goga Bitadze,player_blocks,1.5,fanduel,Miami Heat @ Orlando Magic,2025-12-09T23:10:00Z,162.0,-220.0
099fbdb7f4738db6e1f5b7889ab3d707,Kel'el Ware,player_blocks,1.5,fanduel,Miami Heat @ Orlando Magic,2025-12-09T23:10:00Z,148.0,-200.0
099fbdb7f4738db6e1f5b7889ab3d707,Bam Adebayo,player_double_double,,fanduel,Miami Heat @ Orlando Magic,2025-12-09T23:10:00Z,,
099fbdb7f4738db6e1f5b7889ab3d707,Paolo Banchero,player_double_double,,fanduel,Miami Heat @ Orlando Magic,2025-12-09T23:10:00Z,,
099fbdb7f4738db6e1f5b7889ab3d707,Wendell Carter Jr,player_double_double,,fanduel,Miami Heat @ Orlando Magic,2025-12-09T23:10:00Z,,
099fbdb7f4738db6e1f5b7889ab3d707,Kel'el Ware,player_double_double,,fanduel,Miami Heat @ Orlando Magic,2025-12-09T23:10:00Z,,
099fbdb7f4738db6e1f5b7889ab3d707,Davion Mitchell,player_double_double,,fanduel,Miami Heat @ Orlando Magic,2025-12-09T23:10:00Z,,
099fbdb7f4738db6e1f5b7889ab3d707,Anthony Black,player_double_double,,fanduel,Miami Heat @ Orlando Magic,2025-12-09T23:10:00Z,,
099fbdb7f4738db6e1f5b7889ab3d707,Jalen Suggs,player_double_double,,fanduel,Miami Heat @ Orlando Magic,2025-12-09T23:10:00Z,,
099fbdb7f4738db6e1f5b7889ab3d707,Desmond Bane,player_double_double,,fanduel,Miami Heat @ Orlando Magic,2025-12-09T23:10:00Z,,
099fbdb7f4738db6e1f5b7889ab3d707,Goga Bitadze,player_double_double,,fanduel,Miami Heat @ Orlando Magic,2025-12-09T23:10:00Z,,
099fbdb7f4738db6e1f5b7889ab3d707,Tyler Herro,player_double_double,,fanduel,Miami Heat @ Orlando Magic,2025-12-09T23:10:00Z,,
099fbdb7f4738db6e1f5b7889ab3d707,Jaime Jaquez Jr,player_double_double,,fanduel,Miami Heat @ Orlando Magic,2025-12-09T23:10:00Z,,
099fbdb7f4738db6e1f5b7889ab3d707,Andrew Wiggins,player_double_double,,fanduel,Miami Heat @ Orlando Magic,2025-12-09T23:10:00Z,,
099fbdb7f4738db6e1f5b7889ab3d707,Tristan da Silva,player_double_double,,fanduel,Miami Heat @ Orlando Magic,2025-12-09T23:10:00Z,,
099fbdb7f4738db6e1f5b7889ab3d707,Kel'el Ware,player_points,7.5,fanduel,Miami Heat @ Orlando Magic,2025-12-09T23:10:00Z,-125.0,-106.0
099fbdb7f4738db6e1f5b7889ab3d707,Tristan da Silva,player_points,9.5,fanduel,Miami Heat @ Orlando Magic,2025-12-09T23:10:00Z,-102.0,-130.0
099fbdb7f4738db6e1f5b7889ab3d707,Andrew Wiggins,player_points,13.5,fanduel,Miami Heat @ Orlando Magic,2025-12-09T23:10:00Z,-130.0,-102.0
099fbdb7f4738db6e1f5b7889ab3d707,Tyler Herro,player_points,22.5,fanduel,Miami Heat @ Orlando Magic,2025-12-09T23:10:00Z,-125.0,-104.0
099fbdb7f4738db6e1f5b7889ab3d707,Jalen Suggs,player_points,18.5,fanduel,Miami Heat @ Orlando Magic,2025-12-09T23:10:00Z,100.0,-132.0
099fbdb7f4738db6e1f5b7889ab3d707,Desmond Bane,player_points,22.5,fanduel,Miami Heat @ Orlando Magic,2025-12-09T23:10:00Z,-102.0,-130.0
099fbdb7f4738db6e1f5b7889ab3d707,Goga Bitadze,player_points,5.5,fanduel,Miami Heat @ Orlando Magic,2025-12-09T23:10:00Z,-125.0,-106.0
099fbdb7f4738db6e1f5b7889ab3d707,Norman Powell,player_points,21.5,fanduel,Miami Heat @ Orlando Magic,2025-12-09T23:10:00Z,-108.0,-122.0
099fbdb7f4738db6e1f5b7889ab3d707,Anthony Black,player_points,14.5,fanduel,Miami Heat @ Orlando Magic,2025-12-09T23:10:00Z,-122.0,-108.0
099fbdb7f4738db6e1f5b7889ab3d707,Paolo Banchero,player_points,19.5,fanduel,Miami Heat @ Orlando Magic,2025-12-09T23:10:00Z,-108.0,-122.0
099fbdb7f4738db6e1f5b7889ab3d707,Davion Mitchell,player_points,8.5,fanduel,Miami Heat @ Orlando Magic,2025-12-09T23:10:00Z,-112.0,-118.0
099fbdb7f4738db6e1f5b7889ab3d707,Bam Adebayo,player_points,18.5,fanduel,Miami Heat @ Orlando Magic,2025-12-09T23:10:00Z,-104.0,-125.0
099fbdb7f4738db6e1f5b7889ab3d707,Jaime Jaquez Jr,player_points,10.5,fanduel,Miami Heat @ Orlando Magic,2025-12-09T23:10:00Z,-102.0,-130.0
099fbdb7f4738db6e1f5b7889ab3d707,Wendell Carter Jr,player_points,11.5,fanduel,Miami Heat @ Orlando Magic,2025-12-09T23:10:00Z,-112.0,-118.0
099fbdb7f4738db6e1f5b7889ab3d707,Paolo Banchero,player_points_rebounds_assists,31.5,fanduel,Miami Heat @ Orlando Magic,2025-12-09T23:10:00Z,-106.0,-125.0
099fbdb7f4738db6e1f5b7889ab3d707,Jaime Jaquez Jr,player_points_rebounds_assists,17.5,fanduel,Miami Heat @ Orlando Magic,2025-12-09T23:10:00Z,-125.0,-106.0
099fbdb7f4738db6e1f5b7889ab3d707,Wendell Carter Jr,player_points_rebounds_assists,21.5,fanduel,Miami Heat @ Orlando Magic,2025-12-09T23:10:00Z,-112.0,-118.0
099fbdb7f4738db6e1f5b7889ab3d707,Tyler Herro,player_points_rebounds_assists,31.5,fanduel,Miami Heat @ Orlando Magic,2025-12-09T23:10:00Z,-108.0,-122.0
099fbdb7f4738db6e1f5b7889ab3d707,Desmond Bane,player_points_rebounds_assists,31.5,fanduel,Miami Heat @ Orlando Magic,2025-12-09T23:10:00Z,-114.0,-114.0
099fbdb7f4738db6e1f5b7889ab3d707,Anthony Black,player_points_rebounds_assists,23.5,fanduel,Miami Heat @ Orlando Magic,2025-12-09T23:10:00Z,-128.0,-104.0
099fbdb7f4738db6e1f5b7889ab3d707,Andrew Wiggins,player_points_rebounds_assists,21.5,fanduel,Miami Heat @ Orlando Magic,2025-12-09T23:10:00Z,-118.0,-112.0
099fbdb7f4738db6e1f5b7889ab3d707,Bam Adebayo,player_points_rebounds_assists,30.5,fanduel,Miami Heat @ Orlando Magic,2025-12-09T23:10:00Z,-108.0,-122.0
099fbdb7f4738db6e1f5b7889ab3d707,Davion Mitchell,player_points_rebounds_assists,18.5,fanduel,Miami Heat @ Orlando Magic,2025-12-09T23:10:00Z,-108.0,-122.0
099fbdb7f4738db6e1f5b7889ab3d707,Norman Powell,player_points_rebounds_assists,26.5,fanduel,Miami Heat @ Orlando Magic,2025-12-09T23:10:00Z,-125.0,-106.0
099fbdb7f4738db6e1f5b7889ab3d707,Jalen Suggs,player_points_rebounds_assists,27.5,fanduel,Miami Heat @ Orlando Magic,2025-12-09T23:10:00Z,-106.0,-125.0
099fbdb7f4738db6e1f5b7889ab3d707,Paolo Banchero,player_rebounds,7.5,fanduel,Miami Heat @ Orlando Magic,2025-12-09T23:10:00Z,-112.0,-118.0
099fbdb7f4738db6e1f5b7889ab3d707,Desmond Bane,player_rebounds,4.5,fanduel,Miami Heat @ Orlando Magic,2025-12-09T23:10:00Z,-120.0,-110.0
099fbdb7f4738db6e1f5b7889ab3d707,Anthony Black,player_rebounds,5.5,fanduel,Miami Heat @ Orlando Magic,2025-12-09T23:10:00Z,110.0,-146.0
099fbdb7f4738db6e1f5b7889ab3d707,Davion Mitchell,player_rebounds,2.5,fanduel,Miami Heat @ Orlando Magic,2025-12-09T23:10:00Z,-120.0,-110.0
099fbdb7f4738db6e1f5b7889ab3d707,Tristan da Silva,player_rebounds,4.5,fanduel,Miami Heat @ Orlando Magic,2025-12-09T23:10:00Z,-104.0,-128.0
099fbdb7f4738db6e1f5b7889ab3d707,Andrew Wiggins,player_rebounds,4.5,fanduel,Miami Heat @ Orlando Magic,2025-12-09T23:10:00Z,-125.0,-106.0
099fbdb7f4738db6e1f5b7889ab3d707,Jaime Jaquez Jr,player_rebounds,4.5,fanduel,Miami Heat @ Orlando Magic,2025-12-09T23:10:00Z,114.0,-152.0
099fbdb7f4738db6e1f5b7889ab3d707,Jalen Suggs,player_rebounds,3.5,fanduel,Miami Heat @ Orlando Magic,2025-12-09T23:10:00Z,-158.0,118.0
099fbdb7f4738db6e1f5b7889ab3d707,Bam Adebayo,player_rebounds,9.5,fanduel,Miami Heat @ Orlando Magic,2025-12-09T23:10:00Z,-102.0,-130.0
099fbdb7f4738db6e1f5b7889ab3d707,Kel'el Ware,player_rebounds,8.5,fanduel,Miami Heat @ Orlando Magic,2025-12-09T23:10:00Z,-112.0,-118.0
099fbdb7f4738db6e1f5b7889ab3d707,Goga Bitadze,player_rebounds,5.5,fanduel,Miami Heat @ Orlando Magic,2025-12-09T23:10:00Z,104.0,-138.0
099fbdb7f4738db6e1f5b7889ab3d707,Norman Powell,player_rebounds,3.5,fanduel,Miami Heat @ Orlando Magic,2025-12-09T23:10:00Z,112.0,-148.0
099fbdb7f4738db6e1f5b7889ab3d707,Wendell Carter Jr,player_rebounds,7.5,fanduel,Miami Heat @ Orlando Magic,2025-12-09T23:10:00Z,-130.0,-102.0
099fbdb7f4738db6e1f5b7889ab3d707,Tyler Herro,player_rebounds,4.5,fanduel,Miami Heat @ Orlando Magic,2025-12-09T23:10:00Z,-118.0,-112.0
099fbdb7f4738db6e1f5b7889ab3d707,Davion Mitchell,player_steals,1.5,fanduel,Miami Heat @ Orlando Magic,2025-12-09T23:10:00Z,164.0,-225.0
099fbdb7f4738db6e1f5b7889ab3d707,Jalen Suggs,player_steals,1.5,fanduel,Miami Heat @ Orlando Magic,2025-12-09T23:10:00Z,-146.0,110.0
099fbdb7f4738db6e1f5b7889ab3d707,Bam Adebayo,player_steals,1.5,fanduel,Miami Heat @ Orlando Magic,2025-12-09T23:10:00Z,164.0,-225.0
099fbdb7f4738db6e1f5b7889ab3d707,Anthony Black,player_steals,1.5,fanduel,Miami Heat @ Orlando Magic,2025-12-09T23:10:00Z,148.0,-200.0
099fbdb7f4738db6e1f5b7889ab3d707,Anthony Black,player_threes,1.5,fanduel,Miami Heat @ Orlando Magic,2025-12-09T23:10:00Z,138.0,-186.0
099fbdb7f4738db6e1f5b7889ab3d707,Tristan da Silva,player_threes,1.5,fanduel,Miami Heat @ Orlando Magic,2025-12-09T23:10:00Z,116.0,-154.0
099fbdb7f4738db6e1f5b7889ab3d707,Andrew Wiggins,player_threes,1.5,fanduel,Miami Heat @ Orlando Magic,2025-12-09T23:10:00Z,118.0,-158.0
099fbdb7f4738db6e1f5b7889ab3d707,Paolo Banchero,player_threes,1.5,fanduel,Miami Heat @ Orlando Magic,2025-12-09T23:10:00Z,174.0,-240.0
099fbdb7f4738db6e1f5b7889ab3d707,Tyler Herro,player_threes,2.5,fanduel,Miami Heat @ Orlando Magic,2025-12-09T23:10:00Z,-125.0,-106.0
099fbdb7f4738db6e1f5b7889ab3d707,Bam Adebayo,player_threes,1.5,fanduel,Miami Heat @ Orlando Magic,2025-12-09T23:10:00Z,118.0,-158.0
099fbdb7f4738db6e1f5b7889ab3d707,Jalen Suggs,player_threes,2.5,fanduel,Miami Heat @ Orlando Magic,2025-12-09T23:10:00Z,-104.0,-128.0
099fbdb7f4738db6e1f5b7889ab3d707,Desmond Bane,player_threes,2.5,fanduel,Miami Heat @ Orlando Magic,2025-12-09T23:10:00Z,116.0,-154.0
099fbdb7f4738db6e1f5b7889ab3d707,Norman Powell,player_threes,2.5,fanduel,Miami Heat @ Orlando Magic,2025-12-09T23:10:00Z,-138.0,104.0
099fbdb7f4738db6e1f5b7889ab3d707,Paolo Banchero,player_triple_double,,fanduel,Miami Heat @ Orlando Magic,2025-12-09T23:10:00Z,,
099fbdb7f4738db6e1f5b7889ab3d707,Paolo Banchero,player_assists,3.5,williamhill_us,Miami Heat @ Orlando Magic,2025-12-09T23:10:00Z,-139.0,104.0
099fbdb7f4738db6e1f5b7889ab3d707,Tyler Herro,player_assists,3.5,williamhill_us,Miami Heat @ Orlando Magic,2025-12-09T23:10:00Z,114.0,-152.0
099fbdb7f4738db6e1f5b7889ab3d707,Davion Mitchell,player_assists,6.5,williamhill_us,Miami Heat @ Orlando Magic,2025-12-09T23:10:00Z,-138.0,105.0
099fbdb7f4738db6e1f5b7889ab3d707,Wendell Carter Jr,player_assists,1.5,williamhill_us,Miami Heat @ Orlando Magic,2025-12-09T23:10:00Z,-129.0,-104.0
099fbdb7f4738db6e1f5b7889ab3d707,Jaime Jaquez Jr,player_assists,3.5,williamhill_us,Miami Heat @ Orlando Magic,2025-12-09T23:10:00Z,124.0,-170.0
099fbdb7f4738db6e1f5b7889ab3d707,Desmond Bane,player_assists,4.5,williamhill_us,Miami Heat @ Orlando Magic,2025-12-09T23:10:00Z,-115.0,-115.0
099fbdb7f4738db6e1f5b7889ab3d707,Jalen Suggs,player_assists,4.5,williamhill_us,Miami Heat @ Orlando Magic,2025-12-09T23:10:00Z,-155.0,118.0
099fbdb7f4738db6e1f5b7889ab3d707,Andrew Wiggins,player_assists,2.5,williamhill_us,Miami Heat @ Orlando Magic,2025-12-09T23:10:00Z,-127.0,-105.0
099fbdb7f4738db6e1f5b7889ab3d707,Bam Adebayo,player_assists,2.5,williamhill_us,Miami Heat @ Orlando Magic,2025-12-09T23:10:00Z,-125.0,-107.0
099fbdb7f4738db6e1f5b7889ab3d707,Anthony Black,player_assists,3.5,williamhill_us,Miami Heat @ Orlando Magic,2025-12-09T23:10:00Z,-115.0,-113.0
099fbdb7f4738db6e1f5b7889ab3d707,Norman Powell,player_assists,2.5,williamhill_us,Miami Heat @ Orlando Magic,2025-12-09T23:10:00Z,146.0,-197.0
099fbdb7f4738db6e1f5b7889ab3d707,Bam Adebayo,player_double_double,,williamhill_us,Miami Heat @ Orlando Magic,2025-12-09T23:10:00Z,,
099fbdb7f4738db6e1f5b7889ab3d707,Paolo Banchero,player_double_double,,williamhill_us,Miami Heat @ Orlando Magic,2025-12-09T23:10:00Z,,
099fbdb7f4738db6e1f5b7889ab3d707,Wendell Carter Jr,player_double_double,,williamhill_us,Miami Heat @ Orlando Magic,2025-12-09T23:10:00Z,,
099fbdb7f4738db6e1f5b7889ab3d707,Kel'el Ware,player_double_double,,williamhill_us,Miami Heat @ Orlando Magic,2025-12-09T23:10:00Z,,
099fbdb7f4738db6e1f5b7889ab3d707,Davion Mitchell,player_double_double,,williamhill_us,Miami Heat @ Orlando Magic,2025-12-09T23:10:00Z,,
099fbdb7f4738db6e1f5b7889ab3d707,Anthony Black,player_double_double,,williamhill_us,Miami Heat @ Orlando Magic,2025-12-09T23:10:00Z,,
099fbdb7f4738db6e1f5b7889ab3d707,Jalen Suggs,player_double_double,,williamhill_us,Miami Heat @ Orlando Magic,2025-12-09T23:10:00Z,,
099fbdb7f4738db6e1f5b7889ab3d707,Desmond Bane,player_double_double,,williamhill_us,Miami Heat @ Orlando Magic,2025-12-09T23:10:00Z,,
099fbdb7f4738db6e1f5b7889ab3d707,Goga Bitadze,player_double_double,,williamhill_us,Miami Heat @ Orlando Magic,2025-12-09T23:10:00Z,,
099fbdb7f4738db6e1f5b7889ab3d707,Tyler Herro,player_double_double,,williamhill_us,Miami Heat @ Orlando Magic,2025-12-09T23:10:00Z,,
099fbdb7f4738db6e1f5b7889ab3d707,Andrew Wiggins,player_double_double,,williamhill_us,Miami Heat @ Orlando Magic,2025-12-09T23:10:00Z,,
099fbdb7f4738db6e1f5b7889ab3d707,Jaime Jaquez Jr,player_double_double,,williamhill_us,Miami Heat @ Orlando Magic,2025-12-09T23:10:00Z,,
099fbdb7f4738db6e1f5b7889ab3d707,Tristan da Silva,player_double_double,,williamhill_us,Miami Heat @ Orlando Magic,2025-12-09T23:10:00Z,,
099fbdb7f4738db6e1f5b7889ab3d707,Davion Mitchell,player_points,8.5,williamhill_us,Miami Heat @ Orlando Magic,2025-12-09T23:10:00Z,-112.0,-120.0
099fbdb7f4738db6e1f5b7889ab3d707,Tristan da Silva,player_points,9.5,williamhill_us,Miami Heat @ Orlando Magic,2025-12-09T23:10:00Z,-112.0,-120.0
099fbdb7f4738db6e1f5b7889ab3d707,Kel'el Ware,player_points,7.5,williamhill_us,Miami Heat @ Orlando Magic,2025-12-09T23:10:00Z,-122.0,-109.0
099fbdb7f4738db6e1f5b7889ab3d707,Bam Adebayo,player_points,18.5,williamhill_us,Miami Heat @ Orlando Magic,2025-12-09T23:10:00Z,-110.0,-121.0
099fbdb7f4738db6e1f5b7889ab3d707,Wendell Carter Jr,player_points,11.5,williamhill_us,Miami Heat @ Orlando Magic,2025-12-09T23:10:00Z,-114.0,-117.0
099fbdb7f4738db6e1f5b7889ab3d707,Jalen Suggs,player_points,18.5,williamhill_us,Miami Heat @ Orlando Magic,2025-12-09T23:10:00Z,-114.0,-117.0
099fbdb7f4738db6e1f5b7889ab3d707,Goga Bitadze,player_points,5.5,williamhill_us,Miami Heat @ Orlando Magic,2025-12-09T23:10:00Z,-129.0,-104.0
099fbdb7f4738db6e1f5b7889ab3d707,Paolo Banchero,player_points,19.5,williamhill_us,Miami Heat @ Orlando Magic,2025-12-09T23:10:00Z,-120.0,-113.0
099fbdb7f4738db6e1f5b7889ab3d707,Jaime Jaquez Jr,player_points,10.5,williamhill_us,Miami Heat @ Orlando Magic,2025-12-09T23:10:00Z,-109.0,-122.0
099fbdb7f4738db6e1f5b7889ab3d707,Anthony Black,player_points,14.5,williamhill_us,Miami Heat @ Orlando Magic,2025-12-09T23:10:00Z,-115.0,-115.0
099fbdb7f4738db6e1f5b7889ab3d707,Desmond Bane,player_points,22.5,williamhill_us,Miami Heat @ Orlando Magic,2025-12-09T23:10:00Z,-110.0,-121.0
099fbdb7f4738db6e1f5b7889ab3d707,Norman Powell,player_points,21.5,williamhill_us,Miami Heat @ Orlando Magic,2025-12-09T23:10:00Z,-113.0,-120.0
099fbdb7f4738db6e1f5b7889ab3d707,Tyler Herro,player_points,22.5,williamhill_us,Miami Heat @ Orlando Magic,2025-12-09T23:10:00Z,-135.0,100.0
099fbdb7f4738db6e1f5b7889ab3d707,Andrew Wiggins,player_points,13.5,williamhill_us,Miami Heat @ Orlando Magic,2025-12-09T23:10:00Z,-135.0,-102.0
099fbdb7f4738db6e1f5b7889ab3d707,Paolo Banchero,player_rebounds,7.5,williamhill_us,Miami Heat @ Orlando Magic,2025-12-09T23:10:00Z,-110.0,-122.0
099fbdb7f4738db6e1f5b7889ab3d707,Jaime Jaquez Jr,player_rebounds,4.5,williamhill_us,Miami Heat @ Orlando Magic,2025-12-09T23:10:00Z,107.0,-141.0
099fbdb7f4738db6e1f5b7889ab3d707,Bam Adebayo,player_rebounds,9.5,williamhill_us,Miami Heat @ Orlando Magic,2025-12-09T23:10:00Z,-110.0,-125.0
099fbdb7f4738db6e1f5b7889ab3d707,Norman Powell,player_rebounds,3.5,williamhill_us,Miami Heat @ Orlando Magic,2025-12-09T23:10:00Z,111.0,-148.0
099fbdb7f4738db6e1f5b7889ab3d707,Desmond Bane,player_rebounds,4.5,williamhill_us,Miami Heat @ Orlando Magic,2025-12-09T23:10:00Z,-122.0,-108.0
099fbdb7f4738db6e1f5b7889ab3d707,Davion Mitchell,player_rebounds,2.5,williamhill_us,Miami Heat @ Orlando Magic,2025-12-09T23:10:00Z,-121.0,-110.0
099fbdb7f4738db6e1f5b7889ab3d707,Tristan da Silva,player_rebounds,4.5,williamhill_us,Miami Heat @ Orlando Magic,2025-12-09T23:10:00Z,-107.0,-124.0
099fbdb7f4738db6e1f5b7889ab3d707,Goga Bitadze,player_rebounds,5.5,williamhill_us,Miami Heat @ Orlando Magic,2025-12-09T23:10:00Z,104.0,-137.0
099fbdb7f4738db6e1f5b7889ab3d707,Kel'el Ware,player_rebounds,8.5,williamhill_us,Miami Heat @ Orlando Magic,2025-12-09T23:10:00Z,105.0,-137.0
099fbdb7f4738db6e1f5b7889ab3d707,Tyler Herro,player_rebounds,4.5,williamhill_us,Miami Heat @ Orlando Magic,2025-12-09T23:10:00Z,-129.0,-104.0
099fbdb7f4738db6e1f5b7889ab3d707,Andrew Wiggins,player_rebounds,4.5,williamhill_us,Miami Heat @ Orlando Magic,2025-12-09T23:10:00Z,-129.0,-104.0
099fbdb7f4738db6e1f5b7889ab3d707,Anthony Black,player_rebounds,5.5,williamhill_us,Miami Heat @ Orlando Magic,2025-12-09T23:10:00Z,111.0,-145.0
099fbdb7f4738db6e1f5b7889ab3d707,Wendell Carter Jr,player_rebounds,7.5,williamhill_us,Miami Heat @ Orlando Magic,2025-12-09T23:10:00Z,-134.0,100.0
099fbdb7f4738db6e1f5b7889ab3d707,Jalen Suggs,player_rebounds,3.5,williamhill_us,Miami Heat @ Orlando Magic,2025-12-09T23:10:00Z,-154.0,115.0
099fbdb7f4738db6e1f5b7889ab3d707,Andrew Wiggins,player_threes,1.5,williamhill_us,Miami Heat @ Orlando Magic,2025-12-09T23:10:00Z,130.0,-176.0
099fbdb7f4738db6e1f5b7889ab3d707,Jalen Suggs,player_threes,2.5,williamhill_us,Miami Heat @ Orlando Magic,2025-12-09T23:10:00Z,-104.0,-129.0
099fbdb7f4738db6e1f5b7889ab3d707,Paolo Banchero,player_threes,1.5,williamhill_us,Miami Heat @ Orlando Magic,2025-12-09T23:10:00Z,160.0,-218.0
099fbdb7f4738db6e1f5b7889ab3d707,Tristan da Silva,player_threes,1.5,williamhill_us,Miami Heat @ Orlando Magic,2025-12-09T23:10:00Z,109.0,-145.0
099fbdb7f4738db6e1f5b7889ab3d707,Bam Adebayo,player_threes,1.5,williamhill_us,Miami Heat @ Orlando Magic,2025-12-09T23:10:00Z,122.0,-164.0
099fbdb7f4738db6e1f5b7889ab3d707,Norman Powell,player_threes,2.5,williamhill_us,Miami Heat @ Orlando Magic,2025-12-09T23:10:00Z,-136.0,102.0
099fbdb7f4738db6e1f5b7889ab3d707,Wendell Carter Jr,player_threes,0.5,williamhill_us,Miami Heat @ Orlando Magic,2025-12-09T23:10:00Z,-209.0,154.0
099fbdb7f4738db6e1f5b7889ab3d707,Desmond Bane,player_threes,2.5,williamhill_us,Miami Heat @ Orlando Magic,2025-12-09T23:10:00Z,118.0,-157.0
099fbdb7f4738db6e1f5b7889ab3d707,Anthony Black,player_threes,1.5,williamhill_us,Miami Heat @ Orlando Magic,2025-12-09T23:10:00Z,131.0,-176.0
099fbdb7f4738db6e1f5b7889ab3d707,Tyler Herro,player_threes,2.5,williamhill_us,Miami Heat @ Orlando Magic,2025-12-09T23:10:00Z,-138.0,107.0
099fbdb7f4738db6e1f5b7889ab3d707,Paolo Banchero,player_assists,3.5,betrivers,Miami Heat @ Orlando Magic,2025-12-09T23:10:00Z,-157.0,117.0
099fbdb7f4738db6e1f5b7889ab3d707,Bam Adebayo,player_assists,2.5,betrivers,Miami Heat @ Orlando Magic,2025-12-09T23:10:00Z,-124.0,-107.0
099fbdb7f4738db6e1f5b7889ab3d707,Jalen Suggs,player_assists,5.5,betrivers,Miami Heat @ Orlando Magic,2025-12-09T23:10:00Z,120.0,-159.0
099fbdb7f4738db6e1f5b7889ab3d707,Andrew Wiggins,player_assists,2.5,betrivers,Miami Heat @ Orlando Magic,2025-12-09T23:10:00Z,-125.0,-107.0
099fbdb7f4738db6e1f5b7889ab3d707,Jaime Jaquez Jr,player_assists,3.5,betrivers,Miami Heat @ Orlando Magic,2025-12-09T23:10:00Z,123.0,-165.0
099fbdb7f4738db6e1f5b7889ab3d707,Anthony Black,player_assists,3.5,betrivers,Miami Heat @ Orlando Magic,2025-12-09T23:10:00Z,-122.0,-109.0
099fbdb7f4738db6e1f5b7889ab3d707,Davion Mitchell,player_assists,6.5,betrivers,Miami Heat @ Orlando Magic,2025-12-09T23:10:00Z,-148.0,110.0
099fbdb7f4738db6e1f5b7889ab3d707,Tyler Herro,player_assists,3.5,betrivers,Miami Heat @ Orlando Magic,2025-12-09T23:10:00Z,112.0,-150.0
099fbdb7f4738db6e1f5b7889ab3d707,Desmond Bane,player_assists,4.5,betrivers,Miami Heat @ Orlando Magic,2025-12-09T23:10:00Z,-117.0,-114.0
099fbdb7f4738db6e1f5b7889ab3d707,Norman Powell,player_points,20.5,betrivers,Miami Heat @ Orlando Magic,2025-12-09T23:10:00Z,-141.0,106.0
099fbdb7f4738db6e1f5b7889ab3d707,Norman Powell,player_points,21.5,betrivers,Miami Heat @ Orlando Magic,2025-12-09T23:10:00Z,-113.0,-118.0
099fbdb7f4738db6e1f5b7889ab3d707,Tyler Herro,player_points,22.5,betrivers,Miami Heat @ Orlando Magic,2025-12-09T23:10:00Z,-127.0,-106.0
099fbdb7f4738db6e1f5b7889ab3d707,Bam Adebayo,player_points,18.5,betrivers,Miami Heat @ Orlando Magic,2025-12-09T23:10:00Z,-107.0,-124.0
099fbdb7f4738db6e1f5b7889ab3d707,Andrew Wiggins,player_points,13.5,betrivers,Miami Heat @ Orlando Magic,2025-12-09T23:10:00Z,-124.0,-108.0
099fbdb7f4738db6e1f5b7889ab3d707,Bam Adebayo,player_points,17.5,betrivers,Miami Heat @ Orlando Magic,2025-12-09T23:10:00Z,-139.0,104.0
099fbdb7f4738db6e1f5b7889ab3d707,Anthony Black,player_points,13.5,betrivers,Miami Heat @ Orlando Magic,2025-12-09T23:10:00Z,-157.0,115.0
099fbdb7f4738db6e1f5b7889ab3d707,Jaime Jaquez Jr,player_points,9.5,betrivers,Miami Heat @ Orlando Magic,2025-12-09T23:10:00Z,-167.0,120.0
099fbdb7f4738db6e1f5b7889ab3d707,Desmond Bane,player_points,23.5,betrivers,Miami Heat @ Orlando Magic,2025-12-09T23:10:00Z,110.0,-150.0
099fbdb7f4738db6e1f5b7889ab3d707,Norman Powell,player_points,22.5,betrivers,Miami Heat @ Orlando Magic,2025-12-09T23:10:00Z,110.0,-150.0
099fbdb7f4738db6e1f5b7889ab3d707,Wendell Carter Jr,player_points,12.5,betrivers,Miami Heat @ Orlando Magic,2025-12-09T23:10:00Z,114.0,-157.0
099fbdb7f4738db6e1f5b7889ab3d707,Desmond Bane,player_points,22.5,betrivers,Miami Heat @ Orlando Magic,2025-12-09T23:10:00Z,-113.0,-118.0
099fbdb7f4738db6e1f5b7889ab3d707,Wendell Carter Jr,player_points,11.5,betrivers,Miami Heat @ Orlando Magic,2025-12-09T23:10:00Z,-121.0,-110.0
099fbdb7f4738db6e1f5b7889ab3d707,Jalen Suggs,player_points,17.5,betrivers,Miami Heat @ Orlando Magic,2025-12-09T23:10:00Z,-143.0,106.0
099fbdb7f4738db6e1f5b7889ab3d707,Jalen Suggs,player_points,18.5,betrivers,Miami Heat @ Orlando Magic,2025-12-09T23:10:00Z,-110.0,-120.0
099fbdb7f4738db6e1f5b7889ab3d707,Paolo Banchero,player_points,18.5,betrivers,Miami Heat @ Orlando Magic,2025-12-09T23:10:00Z,-136.0,102.0
099fbdb7f4738db6e1f5b7889ab3d707,Paolo Banchero,player_points,19.5,betrivers,Miami Heat @ Orlando Magic,2025-12-09T23:10:00Z,-105.0,-127.0
099fbdb7f4738db6e1f5b7889ab3d707,Tristan da Silva,player_points,9.5,betrivers,Miami Heat @ Orlando Magic,2025-12-09T23:10:00Z,-103.0,-130.0
099fbdb7f4738db6e1f5b7889ab3d707,Tristan da Silva,player_points,8.5,betrivers,Miami Heat @ Orlando Magic,2025-12-09T23:10:00Z,-148.0,108.0
099fbdb7f4738db6e1f5b7889ab3d707,Tyler Herro,player_points,21.5,betrivers,Miami Heat @ Orlando Magic,2025-12-09T23:10:00Z,-162.0,117.0
099fbdb7f4738db6e1f5b7889ab3d707,Davion Mitchell,player_points,7.5,betrivers,Miami Heat @ Orlando Magic,2025-12-09T23:10:00Z,-148.0,110.0
099fbdb7f4738db6e1f5b7889ab3d707,Bam Adebayo,player_points,19.5,betrivers,Miami Heat @ Orlando Magic,2025-12-09T23:10:00Z,118.0,-162.0
099fbdb7f4738db6e1f5b7889ab3d707,Andrew Wiggins,player_points,14.5,betrivers,Miami Heat @ Orlando Magic,2025-12-09T23:10:00Z,108.0,-148.0
099fbdb7f4738db6e1f5b7889ab3d707,Anthony Black,player_points,15.5,betrivers,Miami Heat @ Orlando Magic,2025-12-09T23:10:00Z,114.0,-157.0
099fbdb7f4738db6e1f5b7889ab3d707,Tyler Herro,player_points,23.5,betrivers,Miami Heat @ Orlando Magic,2025-12-09T23:10:00Z,100.0,-132.0
099fbdb7f4738db6e1f5b7889ab3d707,Jalen Suggs,player_points,19.5,betrivers,Miami Heat @ Orlando Magic,2025-12-09T23:10:00Z,115.0,-157.0
099fbdb7f4738db6e1f5b7889ab3d707,Paolo Banchero,player_points,20.5,betrivers,Miami Heat @ Orlando Magic,2025-12-09T23:10:00Z,120.0,-167.0
099fbdb7f4738db6e1f5b7889ab3d707,Davion Mitchell,player_points,8.5,betrivers,Miami Heat @ Orlando Magic,2025-12-09T23:10:00Z,-103.0,-130.0
099fbdb7f4738db6e1f5b7889ab3d707,Anthony Black,player_points,14.5,betrivers,Miami Heat @ Orlando Magic,2025-12-09T23:10:00Z,-117.0,-114.0
099fbdb7f4738db6e1f5b7889ab3d707,Jaime Jaquez Jr,player_points,10.5,betrivers,Miami Heat @ Orlando Magic,2025-12-09T23:10:00Z,-109.0,-122.0
099fbdb7f4738db6e1f5b7889ab3d707,Desmond Bane,player_points,21.5,betrivers,Miami Heat @ Orlando Magic,2025-12-09T23:10:00Z,-143.0,106.0
099fbdb7f4738db6e1f5b7889ab3d707,Kel'el Ware,player_points,7.5,betrivers,Miami Heat @ Orlando Magic,2025-12-09T23:10:00Z,-129.0,-104.0
099fbdb7f4738db6e1f5b7889ab3d707,Anthony Black,player_points_rebounds_assists,22.5,betrivers,Miami Heat @ Orlando Magic,2025-12-09T23:10:00Z,-159.0,116.0
099fbdb7f4738db6e1f5b7889ab3d707,Andrew Wiggins,player_points_rebounds_assists,20.5,betrivers,Miami Heat @ Orlando Magic,2025-12-09T23:10:00Z,-143.0,107.0
099fbdb7f4738db6e1f5b7889ab3d707,Bam Adebayo,player_points_rebounds_assists,30.5,betrivers,Miami Heat @ Orlando Magic,2025-12-09T23:10:00Z,-115.0,-115.0
099fbdb7f4738db6e1f5b7889ab3d707,Andrew Wiggins,player_points_rebounds_assists,22.5,betrivers,Miami Heat @ Orlando Magic,2025-12-09T23:10:00Z,116.0,-159.0
099fbdb7f4738db6e1f5b7889ab3d707,Davion Mitchell,player_points_rebounds_assists,17.5,betrivers,Miami Heat @ Orlando Magic,2025-12-09T23:10:00Z,-127.0,-105.0
099fbdb7f4738db6e1f5b7889ab3d707,Jaime Jaquez Jr,player_points_rebounds_assists,18.5,betrivers,Miami Heat @ Orlando Magic,2025-12-09T23:10:00Z,-107.0,-124.0
099fbdb7f4738db6e1f5b7889ab3d707,Bam Adebayo,player_points_rebounds_assists,31.5,betrivers,Miami Heat @ Orlando Magic,2025-12-09T23:10:00Z,107.0,-143.0
099fbdb7f4738db6e1f5b7889ab3d707,Jaime Jaquez Jr,player_points_rebounds_assists,19.5,betrivers,Miami Heat @ Orlando Magic,2025-12-09T23:10:00Z,120.0,-167.0
099fbdb7f4738db6e1f5b7889ab3d707,Desmond Bane,player_points_rebounds_assists,30.5,betrivers,Miami Heat @ Orlando Magic,2025-12-09T23:10:00Z,-162.0,117.0
099fbdb7f4738db6e1f5b7889ab3d707,Desmond Bane,player_points_rebounds_assists,31.5,betrivers,Miami Heat @ Orlando Magic,2025-12-09T23:10:00Z,-127.0,-105.0
099fbdb7f4738db6e1f5b7889ab3d707,Jaime Jaquez Jr,player_points_rebounds_assists,17.5,betrivers,Miami Heat @ Orlando Magic,2025-12-09T23:10:00Z,-143.0,106.0
099fbdb7f4738db6e1f5b7889ab3d707,Tyler Herro,player_points_rebounds_assists,29.5,betrivers,Miami Heat @ Orlando Magic,2025-12-09T23:10:00Z,-167.0,120.0
099fbdb7f4738db6e1f5b7889ab3d707,Anthony Black,player_points_rebounds_assists,23.5,betrivers,Miami Heat @ Orlando Magic,2025-12-09T23:10:00Z,-122.0,-109.0
099fbdb7f4738db6e1f5b7889ab3d707,Paolo Banchero,player_points_rebounds_assists,30.5,betrivers,Miami Heat @ Orlando Magic,2025-12-09T23:10:00Z,-118.0,-113.0
099fbdb7f4738db6e1f5b7889ab3d707,Paolo Banchero,player_points_rebounds_assists,31.5,betrivers,Miami Heat @ Orlando Magic,2025-12-09T23:10:00Z,105.0,-139.0
099fbdb7f4738db6e1f5b7889ab3d707,Tyler Herro,player_points_rebounds_assists,32.5,betrivers,Miami Heat @ Orlando Magic,2025-12-09T23:10:00Z,112.0,-152.0
099fbdb7f4738db6e1f5b7889ab3d707,Jalen Suggs,player_points_rebounds_assists,28.5,betrivers,Miami Heat @ Orlando Magic,2025-12-09T23:10:00Z,105.0,-141.0
099fbdb7f4738db6e1f5b7889ab3d707,Anthony Black,player_points_rebounds_assists,24.5,betrivers,Miami Heat @ Orlando Magic,2025-12-09T23:10:00Z,105.0,-139.0
099fbdb7f4738db6e1f5b7889ab3d707,Andrew Wiggins,player_points_rebounds_assists,21.5,betrivers,Miami Heat @ Orlando Magic,2025-12-09T23:10:00Z,-110.0,-121.0
099fbdb7f4738db6e1f5b7889ab3d707,Tyler Herro,player_points_rebounds_assists,30.5,betrivers,Miami Heat @ Orlando Magic,2025-12-09T23:10:00Z,-134.0,100.0
099fbdb7f4738db6e1f5b7889ab3d707,Tyler Herro,player_points_rebounds_assists,31.5,betrivers,Miami Heat @ Orlando Magic,2025-12-09T23:10:00Z,-109.0,-122.0
099fbdb7f4738db6e1f5b7889ab3d707,Bam Adebayo,player_points_rebounds_assists,29.5,betrivers,Miami Heat @ Orlando Magic,2025-12-09T23:10:00Z,-143.0,106.0
099fbdb7f4738db6e1f5b7889ab3d707,Paolo Banchero,player_points_rebounds_assists,29.5,betrivers,Miami Heat @ Orlando Magic,2025-12-09T23:10:00Z,-150.0,110.0
099fbdb7f4738db6e1f5b7889ab3d707,Desmond Bane,player_points_rebounds_assists,33.5,betrivers,Miami Heat @ Orlando Magic,2025-12-09T23:10:00Z,116.0,-159.0
099fbdb7f4738db6e1f5b7889ab3d707,Davion Mitchell,player_points_rebounds_assists,18.5,betrivers,Miami Heat @ Orlando Magic,2025-12-09T23:10:00Z,106.0,-141.0
099fbdb7f4738db6e1f5b7889ab3d707,Desmond Bane,player_points_rebounds_assists,32.5,betrivers,Miami Heat @ Orlando Magic,2025-12-09T23:10:00Z,-104.0,-129.0
099fbdb7f4738db6e1f5b7889ab3d707,Jalen Suggs,player_points_rebounds_assists,26.5,betrivers,Miami Heat @ Orlando Magic,2025-12-09T23:10:00Z,-150.0,110.0
099fbdb7f4738db6e1f5b7889ab3d707,Jalen Suggs,player_points_rebounds_assists,27.5,betrivers,Miami Heat @ Orlando Magic,2025-12-09T23:10:00Z,-118.0,-113.0
099fbdb7f4738db6e1f5b7889ab3d707,Jalen Suggs,player_rebounds,3.5,betrivers,Miami Heat @ Orlando Magic,2025-12-09T23:10:00Z,-159.0,120.0
099fbdb7f4738db6e1f5b7889ab3d707,Jaime Jaquez Jr,player_rebounds,4.5,betrivers,Miami Heat @ Orlando Magic,2025-12-09T23:10:00Z,-105.0,-127.0
099fbdb7f4738db6e1f5b7889ab3d707,Bam Adebayo,player_rebounds,9.5,betrivers,Miami Heat @ Orlando Magic,2025-12-09T23:10:00Z,-103.0,-130.0
099fbdb7f4738db6e1f5b7889ab3d707,Desmond Bane,player_rebounds,4.5,betrivers,Miami Heat @ Orlando Magic,2025-12-09T23:10:00Z,-134.0,102.0
099fbdb7f4738db6e1f5b7889ab3d707,Tristan da Silva,player_rebounds,4.5,betrivers,Miami Heat @ Orlando Magic,2025-12-09T23:10:00Z,-112.0,-118.0
099fbdb7f4738db6e1f5b7889ab3d707,Wendell Carter Jr,player_rebounds,7.5,betrivers,Miami Heat @ Orlando Magic,2025-12-09T23:10:00Z,-134.0,102.0
099fbdb7f4738db6e1f5b7889ab3d707,Paolo Banchero,player_rebounds,7.5,betrivers,Miami Heat @ Orlando Magic,2025-12-09T23:10:00Z,-103.0,-130.0
099fbdb7f4738db6e1f5b7889ab3d707,Anthony Black,player_rebounds,5.5,betrivers,Miami Heat @ Orlando Magic,2025-12-09T23:10:00Z,100.0,-134.0
099fbdb7f4738db6e1f5b7889ab3d707,Norman Powell,player_rebounds,3.5,betrivers,Miami Heat @ Orlando Magic,2025-12-09T23:10:00Z,110.0,-148.0
099fbdb7f4738db6e1f5b7889ab3d707,Tyler Herro,player_rebounds,4.5,betrivers,Miami Heat @ Orlando Magic,2025-12-09T23:10:00Z,-134.0,100.0
099fbdb7f4738db6e1f5b7889ab3d707,Andrew Wiggins,player_rebounds,4.5,betrivers,Miami Heat @ Orlando Magic,2025-12-09T23:10:00Z,-125.0,-107.0
099fbdb7f4738db6e1f5b7889ab3d707,Davion Mitchell,player_rebounds,2.5,betrivers,Miami Heat @ Orlando Magic,2025-12-09T23:10:00Z,-107.0,-125.0
099fbdb7f4738db6e1f5b7889ab3d707,Kel'el Ware,player_rebounds,8.5,betrivers,Miami Heat @ Orlando Magic,2025-12-09T23:10:00Z,-122.0,-109.0
099fbdb7f4738db6e1f5b7889ab3d707,Andrew Wiggins,player_threes,1.5,betrivers,Miami Heat @ Orlando Magic,2025-12-09T23:10:00Z,120.0,-162.0
099fbdb7f4738db6e1f5b7889ab3d707,Bam Adebayo,player_threes,1.5,betrivers,Miami Heat @ Orlando Magic,2025-12-09T23:10:00Z,123.0,-165.0
099fbdb7f4738db6e1f5b7889ab3d707,Norman Powell,player_threes,2.5,betrivers,Miami Heat @ Orlando Magic,2025-12-09T23:10:00Z,-134.0,102.0
099fbdb7f4738db6e1f5b7889ab3d707,Desmond Bane,player_threes,2.5,betrivers,Miami Heat @ Orlando Magic,2025-12-09T23:10:00Z,116.0,-155.0
099fbdb7f4738db6e1f5b7889ab3d707,Jalen Suggs,player_threes,2.5,betrivers,Miami Heat @ Orlando Magic,2025-12-09T23:10:00Z,-107.0,-124.0
099fbdb7f4738db6e1f5b7889ab3d707,Paolo Banchero,player_threes,1.5,betrivers,Miami Heat @ Orlando Magic,2025-12-09T23:10:00Z,175.0,-240.0
099fbdb7f4738db6e1f5b7889ab3d707,Tristan da Silva,player_threes,1.5,betrivers,Miami Heat @ Orlando Magic,2025-12-09T23:10:00Z,133.0,-180.0
099fbdb7f4738db6e1f5b7889ab3d707,Anthony Black,player_threes,1.5,betrivers,Miami Heat @ Orlando Magic,2025-12-09T23:10:00Z,140.0,-190.0
099fbdb7f4738db6e1f5b7889ab3d707,Tyler Herro,player_threes,2.5,betrivers,Miami Heat @ Orlando Magic,2025-12-09T23:10:00Z,-113.0,-118.0
099fbdb7f4738db6e1f5b7889ab3d707,Andrew Wiggins,player_assists,2.5,betmgm,Miami Heat @ Orlando Magic,2025-12-09T23:10:00Z,-130.0,100.0
099fbdb7f4738db6e1f5b7889ab3d707,Norman Powell,player_assists,2.5,betmgm,Miami Heat @ Orlando Magic,2025-12-09T23:10:00Z,135.0,-185.0
099fbdb7f4738db6e1f5b7889ab3d707,Jaime Jaquez Jr,player_assists,3.5,betmgm,Miami Heat @ Orlando Magic,2025-12-09T23:10:00Z,120.0,-160.0
099fbdb7f4738db6e1f5b7889ab3d707,Bam Adebayo,player_assists,2.5,betmgm,Miami Heat @ Orlando Magic,2025-12-09T23:10:00Z,-118.0,-110.0
099fbdb7f4738db6e1f5b7889ab3d707,Tyler Herro,player_assists,3.5,betmgm,Miami Heat @ Orlando Magic,2025-12-09T23:10:00Z,115.0,-155.0
099fbdb7f4738db6e1f5b7889ab3d707,Tristan da Silva,player_assists,1.5,betmgm,Miami Heat @ Orlando Magic,2025-12-09T23:10:00Z,150.0,-200.0
099fbdb7f4738db6e1f5b7889ab3d707,Wendell Carter Jr,player_assists,1.5,betmgm,Miami Heat @ Orlando Magic,2025-12-09T23:10:00Z,-118.0,-110.0
099fbdb7f4738db6e1f5b7889ab3d707,Goga Bitadze,player_assists,1.5,betmgm,Miami Heat @ Orlando Magic,2025-12-09T23:10:00Z,140.0,-190.0
099fbdb7f4738db6e1f5b7889ab3d707,Anthony Black,player_assists,3.5,betmgm,Miami Heat @ Orlando Magic,2025-12-09T23:10:00Z,-110.0,-120.0
099fbdb7f4738db6e1f5b7889ab3d707,Desmond Bane,player_assists,4.5,betmgm,Miami Heat @ Orlando Magic,2025-12-09T23:10:00Z,-105.0,-130.0
099fbdb7f4738db6e1f5b7889ab3d707,Jalen Suggs,player_assists,4.5,betmgm,Miami Heat @ Orlando Magic,2025-12-09T23:10:00Z,-155.0,115.0
099fbdb7f4738db6e1f5b7889ab3d707,Paolo Banchero,player_assists,3.5,betmgm,Miami Heat @ Orlando Magic,2025-12-09T23:10:00Z,-140.0,105.0
099fbdb7f4738db6e1f5b7889ab3d707,Davion Mitchell,player_assists,6.5,betmgm,Miami Heat @ Orlando Magic,2025-12-09T23:10:00Z,-140.0,105.0
099fbdb7f4738db6e1f5b7889ab3d707,Kel'el Ware,player_assists,0.5,betmgm,Miami Heat @ Orlando Magic,2025-12-09T23:10:00Z,135.0,-185.0
099fbdb7f4738db6e1f5b7889ab3d707,Tyus Jones,player_assists,2.5,betmgm,Miami Heat @ Orlando Magic,2025-12-09T23:10:00Z,-135.0,100.0
099fbdb7f4738db6e1f5b7889ab3d707,Andrew Wiggins,player_blocks,0.5,betmgm,Miami Heat @ Orlando Magic,2025-12-09T23:10:00Z,-235.0,165.0
099fbdb7f4738db6e1f5b7889ab3d707,Norman Powell,player_blocks,0.5,betmgm,Miami Heat @ Orlando Magic,2025-12-09T23:10:00Z,220.0,-325.0
099fbdb7f4738db6e1f5b7889ab3d707,Bam Adebayo,player_blocks,0.5,betmgm,Miami Heat @ Orlando Magic,2025-12-09T23:10:00Z,-175.0,125.0
099fbdb7f4738db6e1f5b7889ab3d707,Tyler Herro,player_blocks,0.5,betmgm,Miami Heat @ Orlando Magic,2025-12-09T23:10:00Z,210.0,-325.0
099fbdb7f4738db6e1f5b7889ab3d707,Tristan da Silva,player_blocks,0.5,betmgm,Miami Heat @ Orlando Magic,2025-12-09T23:10:00Z,210.0,-300.0
099fbdb7f4738db6e1f5b7889ab3d707,Wendell Carter Jr,player_blocks,0.5,betmgm,Miami Heat @ Orlando Magic,2025-12-09T23:10:00Z,115.0,-160.0
099fbdb7f4738db6e1f5b7889ab3d707,Desmond Bane,player_blocks,0.5,betmgm,Miami Heat @ Orlando Magic,2025-12-09T23:10:00Z,200.0,-300.0
099fbdb7f4738db6e1f5b7889ab3d707,Davion Mitchell,player_blocks,0.5,betmgm,Miami Heat @ Orlando Magic,2025-12-09T23:10:00Z,500.0,-1100.0
099fbdb7f4738db6e1f5b7889ab3d707,Jalen Suggs,player_blocks,0.5,betmgm,Miami Heat @ Orlando Magic,2025-12-09T23:10:00Z,-130.0,-110.0
099fbdb7f4738db6e1f5b7889ab3d707,Paolo Banchero,player_blocks,0.5,betmgm,Miami Heat @ Orlando Magic,2025-12-09T23:10:00Z,130.0,-185.0
099fbdb7f4738db6e1f5b7889ab3d707,Andrew Wiggins,player_double_double,,betmgm,Miami Heat @ Orlando Magic,2025-12-09T23:10:00Z,,
099fbdb7f4738db6e1f5b7889ab3d707,Bam Adebayo,player_double_double,,betmgm,Miami Heat @ Orlando Magic,2025-12-09T23:10:00Z,,
099fbdb7f4738db6e1f5b7889ab3d707,Tyler Herro,player_double_double,,betmgm,Miami Heat @ Orlando Magic,2025-12-09T23:10:00Z,,
099fbdb7f4738db6e1f5b7889ab3d707,Tristan da Silva,player_double_double,,betmgm,Miami Heat @ Orlando Magic,2025-12-09T23:10:00Z,,
099fbdb7f4738db6e1f5b7889ab3d707,Wendell Carter Jr,player_double_double,,betmgm,Miami Heat @ Orlando Magic,2025-12-09T23:10:00Z,,
099fbdb7f4738db6e1f5b7889ab3d707,Desmond Bane,player_double_double,,betmgm,Miami Heat @ Orlando Magic,2025-12-09T23:10:00Z,,
099fbdb7f4738db6e1f5b7889ab3d707,Davion Mitchell,player_double_double,,betmgm,Miami Heat @ Orlando Magic,2025-12-09T23:10:00Z,,
099fbdb7f4738db6e1f5b7889ab3d707,Jalen Suggs,player_double_double,,betmgm,Miami Heat @ Orlando Magic,2025-12-09T23:10:00Z,,
099fbdb7f4738db6e1f5b7889ab3d707,Paolo Banchero,player_double_double,,betmgm,Miami Heat @ Orlando Magic,2025-12-09T23:10:00Z,,
099fbdb7f4738db6e1f5b7889ab3d707,Andrew Wiggins,player_points,13.5,betmgm,Miami Heat @ Orlando Magic,2025-12-09T23:10:00Z,-125.0,-105.0
099fbdb7f4738db6e1f5b7889ab3d707,Norman Powell,player_points,21.5,betmgm,Miami Heat @ Orlando Magic,2025-12-09T23:10:00Z,-105.0,-125.0
099fbdb7f4738db6e1f5b7889ab3d707,Jaime Jaquez Jr,player_points,10.5,betmgm,Miami Heat @ Orlando Magic,2025-12-09T23:10:00Z,-105.0,-130.0
099fbdb7f4738db6e1f5b7889ab3d707,Tyler Herro,player_points,22.5,betmgm,Miami Heat @ Orlando Magic,2025-12-09T23:10:00Z,-120.0,-110.0
099fbdb7f4738db6e1f5b7889ab3d707,Tristan da Silva,player_points,9.5,betmgm,Miami Heat @ Orlando Magic,2025-12-09T23:10:00Z,-115.0,-115.0
099fbdb7f4738db6e1f5b7889ab3d707,Wendell Carter Jr,player_points,11.5,betmgm,Miami Heat @ Orlando Magic,2025-12-09T23:10:00Z,-105.0,-125.0
099fbdb7f4738db6e1f5b7889ab3d707,Goga Bitadze,player_points,5.5,betmgm,Miami Heat @ Orlando Magic,2025-12-09T23:10:00Z,-125.0,-105.0
099fbdb7f4738db6e1f5b7889ab3d707,Anthony Black,player_points,14.5,betmgm,Miami Heat @ Orlando Magic,2025-12-09T23:10:00Z,-105.0,-125.0
099fbdb7f4738db6e1f5b7889ab3d707,Kel'el Ware,player_points,7.5,betmgm,Miami Heat @ Orlando Magic,2025-12-09T23:10:00Z,-110.0,-118.0
099fbdb7f4738db6e1f5b7889ab3d707,Jalen Suggs,player_points,18.5,betmgm,Miami Heat @ Orlando Magic,2025-12-09T23:10:00Z,-115.0,-115.0
099fbdb7f4738db6e1f5b7889ab3d707,Paolo Banchero,player_points,19.5,betmgm,Miami Heat @ Orlando Magic,2025-12-09T23:10:00Z,-130.0,-105.0
099fbdb7f4738db6e1f5b7889ab3d707,Davion Mitchell,player_points,7.5,betmgm,Miami Heat @ Orlando Magic,2025-12-09T23:10:00Z,-135.0,100.0
099fbdb7f4738db6e1f5b7889ab3d707,Tyus Jones,player_points,4.5,betmgm,Miami Heat @ Orlando Magic,2025-12-09T23:10:00Z,-118.0,-110.0
099fbdb7f4738db6e1f5b7889ab3d707,Bam Adebayo,player_points,18.5,betmgm,Miami Heat @ Orlando Magic,2025-12-09T23:10:00Z,-110.0,-120.0
099fbdb7f4738db6e1f5b7889ab3d707,Desmond Bane,player_points,21.5,betmgm,Miami Heat @ Orlando Magic,2025-12-09T23:10:00Z,-120.0,-110.0
099fbdb7f4738db6e1f5b7889ab3d707,Jonathan Isaac,player_points,4.5,betmgm,Miami Heat @ Orlando Magic,2025-12-09T23:10:00Z,110.0,-145.0
099fbdb7f4738db6e1f5b7889ab3d707,Andrew Wiggins,player_points_rebounds_assists,21.5,betmgm,Miami Heat @ Orlando Magic,2025-12-09T23:10:00Z,-105.0,-125.0
099fbdb7f4738db6e1f5b7889ab3d707,Norman Powell,player_points_rebounds_assists,26.5,betmgm,Miami Heat @ Orlando Magic,2025-12-09T23:10:00Z,-125.0,-110.0
099fbdb7f4738db6e1f5b7889ab3d707,Wendell Carter Jr,player_points_rebounds_assists,21.5,betmgm,Miami Heat @ Orlando Magic,2025-12-09T23:10:00Z,-110.0,-120.0
099fbdb7f4738db6e1f5b7889ab3d707,Goga Bitadze,player_points_rebounds_assists,12.5,betmgm,Miami Heat @ Orlando Magic,2025-12-09T23:10:00Z,-110.0,-120.0
099fbdb7f4738db6e1f5b7889ab3d707,Desmond Bane,player_points_rebounds_assists,31.5,betmgm,Miami Heat @ Orlando Magic,2025-12-09T23:10:00Z,-115.0,-115.0
099fbdb7f4738db6e1f5b7889ab3d707,Jalen Suggs,player_points_rebounds_assists,27.5,betmgm,Miami Heat @ Orlando Magic,2025-12-09T23:10:00Z,-118.0,-110.0
099fbdb7f4738db6e1f5b7889ab3d707,Davion Mitchell,player_points_rebounds_assists,17.5,betmgm,Miami Heat @ Orlando Magic,2025-12-09T23:10:00Z,-120.0,-110.0
099fbdb7f4738db6e1f5b7889ab3d707,Tristan da Silva,player_points_rebounds_assists,15.5,betmgm,Miami Heat @ Orlando Magic,2025-12-09T23:10:00Z,-115.0,-115.0
099fbdb7f4738db6e1f5b7889ab3d707,Tyler Herro,player_points_rebounds_assists,31.5,betmgm,Miami Heat @ Orlando Magic,2025-12-09T23:10:00Z,100.0,-135.0
099fbdb7f4738db6e1f5b7889ab3d707,Jaime Jaquez Jr,player_points_rebounds_assists,17.5,betmgm,Miami Heat @ Orlando Magic,2025-12-09T23:10:00Z,-130.0,-105.0
099fbdb7f4738db6e1f5b7889ab3d707,Kel'el Ware,player_points_rebounds_assists,16.5,betmgm,Miami Heat @ Orlando Magic,2025-12-09T23:10:00Z,-115.0,-115.0
099fbdb7f4738db6e1f5b7889ab3d707,Bam Adebayo,player_points_rebounds_assists,30.5,betmgm,Miami Heat @ Orlando Magic,2025-12-09T23:10:00Z,-118.0,-115.0
099fbdb7f4738db6e1f5b7889ab3d707,Tyus Jones,player_points_rebounds_assists,8.5,betmgm,Miami Heat @ Orlando Magic,2025-12-09T23:10:00Z,-130.0,-105.0
099fbdb7f4738db6e1f5b7889ab3d707,Anthony Black,player_points_rebounds_assists,22.5,betmgm,Miami Heat @ Orlando Magic,2025-12-09T23:10:00Z,-125.0,-105.0
099fbdb7f4738db6e1f5b7889ab3d707,Paolo Banchero,player_points_rebounds_assists,31.5,betmgm,Miami Heat @ Orlando Magic,2025-12-09T23:10:00Z,-110.0,-118.0
099fbdb7f4738db6e1f5b7889ab3d707,Jonathan Isaac,player_points_rebounds_assists,8.5,betmgm,Miami Heat @ Orlando Magic,2025-12-09T23:10:00Z,-105.0,-130.0
099fbdb7f4738db6e1f5b7889ab3d707,Andrew Wiggins,player_rebounds,4.5,betmgm,Miami Heat @ Orlando Magic,2025-12-09T23:10:00Z,-130.0,-105.0
099fbdb7f4738db6e1f5b7889ab3d707,Norman Powell,player_rebounds,3.5,betmgm,Miami Heat @ Orlando Magic,2025-12-09T23:10:00Z,115.0,-155.0
099fbdb7f4738db6e1f5b7889ab3d707,Jaime Jaquez Jr,player_rebounds,4.5,betmgm,Miami Heat @ Orlando Magic,2025-12-09T23:10:00Z,100.0,-135.0
099fbdb7f4738db6e1f5b7889ab3d707,Bam Adebayo,player_rebounds,9.5,betmgm,Miami Heat @ Orlando Magic,2025-12-09T23:10:00Z,-105.0,-130.0
099fbdb7f4738db6e1f5b7889ab3d707,Tyler Herro,player_rebounds,4.5,betmgm,Miami Heat @ Orlando Magic,2025-12-09T23:10:00Z,-120.0,-110.0
099fbdb7f4738db6e1f5b7889ab3d707,Tristan da Silva,player_rebounds,4.5,betmgm,Miami Heat @ Orlando Magic,2025-12-09T23:10:00Z,-110.0,-118.0
099fbdb7f4738db6e1f5b7889ab3d707,Goga Bitadze,player_rebounds,5.5,betmgm,Miami Heat @ Orlando Magic,2025-12-09T23:10:00Z,105.0,-140.0
099fbdb7f4738db6e1f5b7889ab3d707,Anthony Black,player_rebounds,5.5,betmgm,Miami Heat @ Orlando Magic,2025-12-09T23:10:00Z,120.0,-160.0
099fbdb7f4738db6e1f5b7889ab3d707,Desmond Bane,player_rebounds,4.5,betmgm,Miami Heat @ Orlando Magic,2025-12-09T23:10:00Z,-120.0,-110.0
099fbdb7f4738db6e1f5b7889ab3d707,Davion Mitchell,player_rebounds,2.5,betmgm,Miami Heat @ Orlando Magic,2025-12-09T23:10:00Z,100.0,-135.0
099fbdb7f4738db6e1f5b7889ab3d707,Kel'el Ware,player_rebounds,8.5,betmgm,Miami Heat @ Orlando Magic,2025-12-09T23:10:00Z,100.0,-135.0
099fbdb7f4738db6e1f5b7889ab3d707,Jalen Suggs,player_rebounds,3.5,betmgm,Miami Heat @ Orlando Magic,2025-12-09T23:10:00Z,-135.0,100.0
099fbdb7f4738db6e1f5b7889ab3d707,Paolo Banchero,player_rebounds,7.5,betmgm,Miami Heat @ Orlando Magic,2025-12-09T23:10:00Z,-105.0,-125.0
099fbdb7f4738db6e1f5b7889ab3d707,Wendell Carter Jr,player_rebounds,7.5,betmgm,Miami Heat @ Orlando Magic,2025-12-09T23:10:00Z,-145.0,110.0
099fbdb7f4738db6e1f5b7889ab3d707,Tyus Jones,player_rebounds,1.5,betmgm,Miami Heat @ Orlando Magic,2025-12-09T23:10:00Z,110.0,-145.0
099fbdb7f4738db6e1f5b7889ab3d707,Jonathan Isaac,player_rebounds,3.5,betmgm,Miami Heat @ Orlando Magic,2025-12-09T23:10:00Z,-130.0,-105.0
099fbdb7f4738db6e1f5b7889ab3d707,Andrew Wiggins,player_threes,1.5,betmgm,Miami Heat @ Orlando Magic,2025-12-09T23:10:00Z,145.0,-190.0
099fbdb7f4738db6e1f5b7889ab3d707,Norman Powell,player_threes,2.5,betmgm,Miami Heat @ Orlando Magic,2025-12-09T23:10:00Z,-140.0,105.0
099fbdb7f4738db6e1f5b7889ab3d707,Jaime Jaquez Jr,player_threes,0.5,betmgm,Miami Heat @ Orlando Magic,2025-12-09T23:10:00Z,260.0,-375.0
099fbdb7f4738db6e1f5b7889ab3d707,Bam Adebayo,player_threes,1.5,betmgm,Miami Heat @ Orlando Magic,2025-12-09T23:10:00Z,125.0,-165.0
099fbdb7f4738db6e1f5b7889ab3d707,Tyler Herro,player_threes,2.5,betmgm,Miami Heat @ Orlando Magic,2025-12-09T23:10:00Z,-120.0,-110.0
099fbdb7f4738db6e1f5b7889ab3d707,Tristan da Silva,player_threes,1.5,betmgm,Miami Heat @ Orlando Magic,2025-12-09T23:10:00Z,120.0,-160.0
099fbdb7f4738db6e1f5b7889ab3d707,Wendell Carter Jr,player_threes,0.5,betmgm,Miami Heat @ Orlando Magic,2025-12-09T23:10:00Z,-200.0,150.0
099fbdb7f4738db6e1f5b7889ab3d707,Anthony Black,player_threes,1.5,betmgm,Miami Heat @ Orlando Magic,2025-12-09T23:10:00Z,125.0,-165.0
099fbdb7f4738db6e1f5b7889ab3d707,Desmond Bane,player_threes,2.5,betmgm,Miami Heat @ Orlando Magic,2025-12-09T23:10:00Z,120.0,-160.0
099fbdb7f4738db6e1f5b7889ab3d707,Davion Mitchell,player_threes,0.5,betmgm,Miami Heat @ Orlando Magic,2025-12-09T23:10:00Z,-155.0,115.0
099fbdb7f4738db6e1f5b7889ab3d707,Kel'el Ware,player_threes,0.5,betmgm,Miami Heat @ Orlando Magic,2025-12-09T23:10:00Z,120.0,-160.0
099fbdb7f4738db6e1f5b7889ab3d707,Jalen Suggs,player_threes,2.5,betmgm,Miami Heat @ Orlando Magic,2025-12-09T23:10:00Z,-110.0,-120.0
099fbdb7f4738db6e1f5b7889ab3d707,Paolo Banchero,player_threes,1.5,betmgm,Miami Heat @ Orlando Magic,2025-12-09T23:10:00Z,140.0,-190.0
099fbdb7f4738db6e1f5b7889ab3d707,Tyus Jones,player_threes,0.5,betmgm,Miami Heat @ Orlando Magic,2025-12-09T23:10:00Z,-185.0,135.0
099fbdb7f4738db6e1f5b7889ab3d707,Jonathan Isaac,player_threes,0.5,betmgm,Miami Heat @ Orlando Magic,2025-12-09T23:10:00Z,165.0,-220.0
099fbdb7f4738db6e1f5b7889ab3d707,Anthony Black,player_assists,2.5,bovada,Miami Heat @ Orlando Magic,2025-12-09T23:10:00Z,-250.0,185.0
099fbdb7f4738db6e1f5b7889ab3d707,Anthony Black,player_assists,3.5,bovada,Miami Heat @ Orlando Magic,2025-12-09T23:10:00Z,100.0,-130.0
099fbdb7f4738db6e1f5b7889ab3d707,Davion Mitchell,player_assists,5.5,bovada,Miami Heat @ Orlando Magic,2025-12-09T23:10:00Z,-260.0,190.0
099fbdb7f4738db6e1f5b7889ab3d707,Davion Mitchell,player_assists,6.5,bovada,Miami Heat @ Orlando Magic,2025-12-09T23:10:00Z,-135.0,105.0
099fbdb7f4738db6e1f5b7889ab3d707,Davion Mitchell,player_assists,7.5,bovada,Miami Heat @ Orlando Magic,2025-12-09T23:10:00Z,130.0,-170.0
099fbdb7f4738db6e1f5b7889ab3d707,Desmond Bane,player_assists,3.5,bovada,Miami Heat @ Orlando Magic,2025-12-09T23:10:00Z,-220.0,165.0
099fbdb7f4738db6e1f5b7889ab3d707,Desmond Bane,player_assists,4.5,bovada,Miami Heat @ Orlando Magic,2025-12-09T23:10:00Z,100.0,-130.0
099fbdb7f4738db6e1f5b7889ab3d707,Desmond Bane,player_assists,5.5,bovada,Miami Heat @ Orlando Magic,2025-12-09T23:10:00Z,200.0,-275.0
099fbdb7f4738db6e1f5b7889ab3d707,Jaime Jaquez Jr,player_assists,2.5,bovada,Miami Heat @ Orlando Magic,2025-12-09T23:10:00Z,-200.0,150.0
099fbdb7f4738db6e1f5b7889ab3d707,Jaime Jaquez Jr,player_assists,3.5,bovada,Miami Heat @ Orlando Magic,2025-12-09T23:10:00Z,125.0,-165.0
099fbdb7f4738db6e1f5b7889ab3d707,Jalen Suggs,player_assists,4.5,bovada,Miami Heat @ Orlando Magic,2025-12-09T23:10:00Z,-160.0,120.0
099fbdb7f4738db6e1f5b7889ab3d707,Jalen Suggs,player_assists,5.5,bovada,Miami Heat @ Orlando Magic,2025-12-09T23:10:00Z,125.0,-165.0
099fbdb7f4738db6e1f5b7889ab3d707,Paolo Banchero,player_assists,3.5,bovada,Miami Heat @ Orlando Magic,2025-12-09T23:10:00Z,-135.0,105.0
099fbdb7f4738db6e1f5b7889ab3d707,Paolo Banchero,player_assists,4.5,bovada,Miami Heat @ Orlando Magic,2025-12-09T23:10:00Z,155.0,-210.0
099fbdb7f4738db6e1f5b7889ab3d707,Tyler Herro,player_assists,2.5,bovada,Miami Heat @ Orlando Magic,2025-12-09T23:10:00Z,-250.0,185.0
099fbdb7f4738db6e1f5b7889ab3d707,Tyler Herro,player_assists,3.5,bovada,Miami Heat @ Orlando Magic,2025-12-09T23:10:00Z,100.0,-130.0
099fbdb7f4738db6e1f5b7889ab3d707,Kel'el Ware,player_blocks,1.5,bovada,Miami Heat @ Orlando Magic,2025-12-09T23:10:00Z,145.0,-190.0
099fbdb7f4738db6e1f5b7889ab3d707,Bam Adebayo,player_double_double,,bovada,Miami Heat @ Orlando Magic,2025-12-09T23:10:00Z,,
099fbdb7f4738db6e1f5b7889ab3d707,Paolo Banchero,player_double_double,,bovada,Miami Heat @ Orlando Magic,2025-12-09T23:10:00Z,,
099fbdb7f4738db6e1f5b7889ab3d707,Wendell Carter Jr,player_double_double,,bovada,Miami Heat @ Orlando Magic,2025-12-09T23:10:00Z,,
099fbdb7f4738db6e1f5b7889ab3d707,Kel'el Ware,player_double_double,,bovada,Miami Heat @ Orlando Magic,2025-12-09T23:10:00Z,,
099fbdb7f4738db6e1f5b7889ab3d707,Davion Mitchell,player_double_double,,bovada,Miami Heat @ Orlando Magic,2025-12-09T23:10:00Z,,
099fbdb7f4738db6e1f5b7889ab3d707,Anthony Black,player_double_double,,bovada,Miami Heat @ Orlando Magic,2025-12-09T23:10:00Z,,
099fbdb7f4738db6e1f5b7889ab3d707,Jalen Suggs,player_double_double,,bovada,Miami Heat @ Orlando Magic,2025-12-09T23:10:00Z,,
099fbdb7f4738db6e1f5b7889ab3d707,Desmond Bane,player_double_double,,bovada,Miami Heat @ Orlando Magic,2025-12-09T23:10:00Z,,
099fbdb7f4738db6e1f5b7889ab3d707,Tyler Herro,player_double_double,,bovada,Miami Heat @ Orlando Magic,2025-12-09T23:10:00Z,,
099fbdb7f4738db6e1f5b7889ab3d707,Goga Bitadze,player_double_double,,bovada,Miami Heat @ Orlando Magic,2025-12-09T23:10:00Z,,
099fbdb7f4738db6e1f5b7889ab3d707,Jaime Jaquez Jr,player_double_double,,bovada,Miami Heat @ Orlando Magic,2025-12-09T23:10:00Z,,
099fbdb7f4738db6e1f5b7889ab3d707,Andrew Wiggins,player_double_double,,bovada,Miami Heat @ Orlando Magic,2025-12-09T23:10:00Z,,
099fbdb7f4738db6e1f5b7889ab3d707,Tristan da Silva,player_double_double,,bovada,Miami Heat @ Orlando Magic,2025-12-09T23:10:00Z,,
099fbdb7f4738db6e1f5b7889ab3d707,Andrew Wiggins,player_points,10.5,bovada,Miami Heat @ Orlando Magic,2025-12-09T23:10:00Z,-300.0,215.0
099fbdb7f4738db6e1f5b7889ab3d707,Andrew Wiggins,player_points,11.5,bovada,Miami Heat @ Orlando Magic,2025-12-09T23:10:00Z,-215.0,160.0
099fbdb7f4738db6e1f5b7889ab3d707,Andrew Wiggins,player_points,12.5,bovada,Miami Heat @ Orlando Magic,2025-12-09T23:10:00Z,-160.0,120.0
099fbdb7f4738db6e1f5b7889ab3d707,Andrew Wiggins,player_points,13.5,bovada,Miami Heat @ Orlando Magic,2025-12-09T23:10:00Z,-120.0,-110.0
099fbdb7f4738db6e1f5b7889ab3d707,Andrew Wiggins,player_points,14.5,bovada,Miami Heat @ Orlando Magic,2025-12-09T23:10:00Z,110.0,-145.0
099fbdb7f4738db6e1f5b7889ab3d707,Andrew Wiggins,player_points,15.5,bovada,Miami Heat @ Orlando Magic,2025-12-09T23:10:00Z,140.0,-185.0
099fbdb7f4738db6e1f5b7889ab3d707,Andrew Wiggins,player_points,16.5,bovada,Miami Heat @ Orlando Magic,2025-12-09T23:10:00Z,175.0,-240.0
099fbdb7f4738db6e1f5b7889ab3d707,Anthony Black,player_points,11.5,bovada,Miami Heat @ Orlando Magic,2025-12-09T23:10:00Z,-245.0,180.0
099fbdb7f4738db6e1f5b7889ab3d707,Anthony Black,player_points,12.5,bovada,Miami Heat @ Orlando Magic,2025-12-09T23:10:00Z,-180.0,135.0
099fbdb7f4738db6e1f5b7889ab3d707,Anthony Black,player_points,13.5,bovada,Miami Heat @ Orlando Magic,2025-12-09T23:10:00Z,-135.0,105.0
099fbdb7f4738db6e1f5b7889ab3d707,Anthony Black,player_points,14.5,bovada,Miami Heat @ Orlando Magic,2025-12-09T23:10:00Z,-105.0,-125.0
099fbdb7f4738db6e1f5b7889ab3d707,Anthony Black,player_points,15.5,bovada,Miami Heat @ Orlando Magic,2025-12-09T23:10:00Z,120.0,-160.0
099fbdb7f4738db6e1f5b7889ab3d707,Anthony Black,player_points,16.5,bovada,Miami Heat @ Orlando Magic,2025-12-09T23:10:00Z,155.0,-210.0
099fbdb7f4738db6e1f5b7889ab3d707,Anthony Black,player_points,17.5,bovada,Miami Heat @ Orlando Magic,2025-12-09T23:10:00Z,200.0,-275.0
099fbdb7f4738db6e1f5b7889ab3d707,Bam Adebayo,player_points,15.5,bovada,Miami Heat @ Orlando Magic,2025-12-09T23:10:00Z,-230.0,170.0
099fbdb7f4738db6e1f5b7889ab3d707,Bam Adebayo,player_points,16.5,bovada,Miami Heat @ Orlando Magic,2025-12-09T23:10:00Z,-180.0,135.0
099fbdb7f4738db6e1f5b7889ab3d707,Bam Adebayo,player_points,17.5,bovada,Miami Heat @ Orlando Magic,2025-12-09T23:10:00Z,-135.0,105.0
099fbdb7f4738db6e1f5b7889ab3d707,Bam Adebayo,player_points,18.5,bovada,Miami Heat @ Orlando Magic,2025-12-09T23:10:00Z,-110.0,-120.0
099fbdb7f4738db6e1f5b7889ab3d707,Bam Adebayo,player_points,19.5,bovada,Miami Heat @ Orlando Magic,2025-12-09T23:10:00Z,115.0,-150.0
099fbdb7f4738db6e1f5b7889ab3d707,Bam Adebayo,player_points,20.5,bovada,Miami Heat @ Orlando Magic,2025-12-09T23:10:00Z,140.0,-185.0
099fbdb7f4738db6e1f5b7889ab3d707,Bam Adebayo,player_points,21.5,bovada,Miami Heat @ Orlando Magic,2025-12-09T23:10:00Z,175.0,-240.0
099fbdb7f4738db6e1f5b7889ab3d707,Davion Mitchell,player_points,5.5,bovada,Miami Heat @ Orlando Magic,2025-12-09T23:10:00Z,-300.0,215.0
099fbdb7f4738db6e1f5b7889ab3d707,Davion Mitchell,player_points,6.5,bovada,Miami Heat @ Orlando Magic,2025-12-09T23:10:00Z,-190.0,145.0
099fbdb7f4738db6e1f5b7889ab3d707,Davion Mitchell,player_points,7.5,bovada,Miami Heat @ Orlando Magic,2025-12-09T23:10:00Z,-130.0,100.0
099fbdb7f4738db6e1f5b7889ab3d707,Davion Mitchell,player_points,8.5,bovada,Miami Heat @ Orlando Magic,2025-12-09T23:10:00Z,110.0,-145.0
099fbdb7f4738db6e1f5b7889ab3d707,Davion Mitchell,player_points,9.5,bovada,Miami Heat @ Orlando Magic,2025-12-09T23:10:00Z,145.0,-190.0
099fbdb7f4738db6e1f5b7889ab3d707,Desmond Bane,player_points,18.5,bovada,Miami Heat @ Orlando Magic,2025-12-09T23:10:00Z,-240.0,175.0
099fbdb7f4738db6e1f5b7889ab3d707,Desmond Bane,player_points,19.5,bovada,Miami Heat @ Orlando Magic,2025-12-09T23:10:00Z,-185.0,140.0
099fbdb7f4738db6e1f5b7889ab3d707,Desmond Bane,player_points,20.5,bovada,Miami Heat @ Orlando Magic,2025-12-09T23:10:00Z,-150.0,115.0
099fbdb7f4738db6e1f5b7889ab3d707,Desmond Bane,player_points,21.5,bovada,Miami Heat @ Orlando Magic,2025-12-09T23:10:00Z,-120.0,-110.0
099fbdb7f4738db6e1f5b7889ab3d707,Desmond Bane,player_points,22.5,bovada,Miami Heat @ Orlando Magic,2025-12-09T23:10:00Z,105.0,-135.0
099fbdb7f4738db6e1f5b7889ab3d707,Desmond Bane,player_points,23.5,bovada,Miami Heat @ Orlando Magic,2025-12-09T23:10:00Z,125.0,-165.0
099fbdb7f4738db6e1f5b7889ab3d707,Desmond Bane,player_points,24.5,bovada,Miami Heat @ Orlando Magic,2025-12-09T23:10:00Z,155.0,-210.0
099fbdb7f4738db6e1f5b7889ab3d707,Desmond Bane,player_points,25.5,bovada,Miami Heat @ Orlando Magic,2025-12-09T23:10:00Z,190.0,-260.0
099fbdb7f4738db6e1f5b7889ab3d707,Jaime Jaquez Jr,player_points,7.5,bovada,Miami Heat @ Orlando Magic,2025-12-09T23:10:00Z,-300.0,215.0
099fbdb7f4738db6e1f5b7889ab3d707,Jaime Jaquez Jr,player_points,8.5,bovada,Miami Heat @ Orlando Magic,2025-12-09T23:10:00Z,-200.0,150.0
099fbdb7f4738db6e1f5b7889ab3d707,Jaime Jaquez Jr,player_points,9.5,bovada,Miami Heat @ Orlando Magic,2025-12-09T23:10:00Z,-145.0,110.0
099fbdb7f4738db6e1f5b7889ab3d707,Jaime Jaquez Jr,player_points,10.5,bovada,Miami Heat @ Orlando Magic,2025-12-09T23:10:00Z,-105.0,-125.0
099fbdb7f4738db6e1f5b7889ab3d707,Jaime Jaquez Jr,player_points,11.5,bovada,Miami Heat @ Orlando Magic,2025-12-09T23:10:00Z,125.0,-165.0
099fbdb7f4738db6e1f5b7889ab3d707,Jaime Jaquez Jr,player_points,12.5,bovada,Miami Heat @ Orlando Magic,2025-12-09T23:10:00Z,165.0,-220.0
099fbdb7f4738db6e1f5b7889ab3d707,Jalen Suggs,player_points,15.5,bovada,Miami Heat @ Orlando Magic,2025-12-09T23:10:00Z,-250.0,185.0
099fbdb7f4738db6e1f5b7889ab3d707,Jalen Suggs,player_points,16.5,bovada,Miami Heat @ Orlando Magic,2025-12-09T23:10:00Z,-190.0,145.0
099fbdb7f4738db6e1f5b7889ab3d707,Jalen Suggs,player_points,17.5,bovada,Miami Heat @ Orlando Magic,2025-12-09T23:10:00Z,-150.0,115.0
099fbdb7f4738db6e1f5b7889ab3d707,Jalen Suggs,player_points,18.5,bovada,Miami Heat @ Orlando Magic,2025-12-09T23:10:00Z,-120.0,-110.0
099fbdb7f4738db6e1f5b7889ab3d707,Jalen Suggs,player_points,19.5,bovada,Miami Heat @ Orlando Magic,2025-12-09T23:10:00Z,105.0,-135.0
099fbdb7f4738db6e1f5b7889ab3d707,Jalen Suggs,player_points,20.5,bovada,Miami Heat @ Orlando Magic,2025-12-09T23:10:00Z,130.0,-170.0
099fbdb7f4738db6e1f5b7889ab3d707,Jalen Suggs,player_points,21.5,bovada,Miami Heat @ Orlando Magic,2025-12-09T23:10:00Z,160.0,-215.0
099fbdb7f4738db6e1f5b7889ab3d707,Norman Powell,player_points,17.5,bovada,Miami Heat @ Orlando Magic,2025-12-09T23:10:00Z,-275.0,200.0
099fbdb7f4738db6e1f5b7889ab3d707,Norman Powell,player_points,18.5,bovada,Miami Heat @ Orlando Magic,2025-12-09T23:10:00Z,-210.0,155.0
099fbdb7f4738db6e1f5b7889ab3d707,Norman Powell,player_points,19.5,bovada,Miami Heat @ Orlando Magic,2025-12-09T23:10:00Z,-165.0,125.0
099fbdb7f4738db6e1f5b7889ab3d707,Norman Powell,player_points,20.5,bovada,Miami Heat @ Orlando Magic,2025-12-09T23:10:00Z,-130.0,100.0
099fbdb7f4738db6e1f5b7889ab3d707,Norman Powell,player_points,21.5,bovada,Miami Heat @ Orlando Magic,2025-12-09T23:10:00Z,-105.0,-125.0
099fbdb7f4738db6e1f5b7889ab3d707,Norman Powell,player_points,22.5,bovada,Miami Heat @ Orlando Magic,2025-12-09T23:10:00Z,120.0,-160.0
099fbdb7f4738db6e1f5b7889ab3d707,Norman Powell,player_points,23.5,bovada,Miami Heat @ Orlando Magic,2025-12-09T23:10:00Z,145.0,-190.0
099fbdb7f4738db6e1f5b7889ab3d707,Norman Powell,player_points,24.5,bovada,Miami Heat @ Orlando Magic,2025-12-09T23:10:00Z,175.0,-240.0
099fbdb7f4738db6e1f5b7889ab3d707,Norman Powell,player_points,25.5,bovada,Miami Heat @ Orlando Magic,2025-12-09T23:10:00Z,215.0,-300.0
099fbdb7f4738db6e1f5b7889ab3d707,Paolo Banchero,player_points,16.5,bovada,Miami Heat @ Orlando Magic,2025-12-09T23:10:00Z,-290.0,210.0
099fbdb7f4738db6e1f5b7889ab3d707,Paolo Banchero,player_points,17.5,bovada,Miami Heat @ Orlando Magic,2025-12-09T23:10:00Z,-220.0,165.0
099fbdb7f4738db6e1f5b7889ab3d707,Paolo Banchero,player_points,18.5,bovada,Miami Heat @ Orlando Magic,2025-12-09T23:10:00Z,-170.0,130.0
099fbdb7f4738db6e1f5b7889ab3d707,Paolo Banchero,player_points,19.5,bovada,Miami Heat @ Orlando Magic,2025-12-09T23:10:00Z,-135.0,105.0
099fbdb7f4738db6e1f5b7889ab3d707,Paolo Banchero,player_points,20.5,bovada,Miami Heat @ Orlando Magic,2025-12-09T23:10:00Z,-110.0,-120.0
099fbdb7f4738db6e1f5b7889ab3d707,Paolo Banchero,player_points,21.5,bovada,Miami Heat @ Orlando Magic,2025-12-09T23:10:00Z,115.0,-150.0
099fbdb7f4738db6e1f5b7889ab3d707,Paolo Banchero,player_points,22.5,bovada,Miami Heat @ Orlando Magic,2025-12-09T23:10:00Z,140.0,-185.0
099fbdb7f4738db6e1f5b7889ab3d707,Paolo Banchero,player_points,23.5,bovada,Miami Heat @ Orlando Magic,2025-12-09T23:10:00Z,170.0,-230.0
099fbdb7f4738db6e1f5b7889ab3d707,Tristan da Silva,player_points,7.5,bovada,Miami Heat @ Orlando Magic,2025-12-09T23:10:00Z,-230.0,170.0
099fbdb7f4738db6e1f5b7889ab3d707,Tristan da Silva,player_points,8.5,bovada,Miami Heat @ Orlando Magic,2025-12-09T23:10:00Z,-160.0,120.0
099fbdb7f4738db6e1f5b7889ab3d707,Tristan da Silva,player_points,9.5,bovada,Miami Heat @ Orlando Magic,2025-12-09T23:10:00Z,-115.0,-115.0
099fbdb7f4738db6e1f5b7889ab3d707,Tristan da Silva,player_points,10.5,bovada,Miami Heat @ Orlando Magic,2025-12-09T23:10:00Z,120.0,-160.0
099fbdb7f4738db6e1f5b7889ab3d707,Tristan da Silva,player_points,11.5,bovada,Miami Heat @ Orlando Magic,2025-12-09T23:10:00Z,155.0,-210.0
099fbdb7f4738db6e1f5b7889ab3d707,Tyler Herro,player_points,19.5,bovada,Miami Heat @ Orlando Magic,2025-12-09T23:10:00Z,-275.0,200.0
099fbdb7f4738db6e1f5b7889ab3d707,Tyler Herro,player_points,20.5,bovada,Miami Heat @ Orlando Magic,2025-12-09T23:10:00Z,-215.0,160.0
099fbdb7f4738db6e1f5b7889ab3d707,Tyler Herro,player_points,21.5,bovada,Miami Heat @ Orlando Magic,2025-12-09T23:10:00Z,-170.0,130.0
099fbdb7f4738db6e1f5b7889ab3d707,Tyler Herro,player_points,22.5,bovada,Miami Heat @ Orlando Magic,2025-12-09T23:10:00Z,-135.0,105.0
099fbdb7f4738db6e1f5b7889ab3d707,Tyler Herro,player_points,23.5,bovada,Miami Heat @ Orlando Magic,2025-12-09T23:10:00Z,-110.0,-120.0
099fbdb7f4738db6e1f5b7889ab3d707,Tyler Herro,player_points,24.5,bovada,Miami Heat @ Orlando Magic,2025-12-09T23:10:00Z,110.0,-145.0
099fbdb7f4738db6e1f5b7889ab3d707,Tyler Herro,player_points,25.5,bovada,Miami Heat @ Orlando Magic,2025-12-09T23:10:00Z,135.0,-180.0
099fbdb7f4738db6e1f5b7889ab3d707,Tyler Herro,player_points,26.5,bovada,Miami Heat @ Orlando Magic,2025-12-09T23:10:00Z,160.0,-215.0
099fbdb7f4738db6e1f5b7889ab3d707,Tyler Herro,player_points,27.5,bovada,Miami Heat @ Orlando Magic,2025-12-09T23:10:00Z,200.0,-275.0
099fbdb7f4738db6e1f5b7889ab3d707,Wendell Carter Jr,player_points,8.5,bovada,Miami Heat @ Orlando Magic,2025-12-09T23:10:00Z,-275.0,200.0
099fbdb7f4738db6e1f5b7889ab3d707,Wendell Carter Jr,player_points,9.5,bovada,Miami Heat @ Orlando Magic,2025-12-09T23:10:00Z,-190.0,145.0
099fbdb7f4738db6e1f5b7889ab3d707,Wendell Carter Jr,player_points,10.5,bovada,Miami Heat @ Orlando Magic,2025-12-09T23:10:00Z,-145.0,110.0
099fbdb7f4738db6e1f5b7889ab3d707,Wendell Carter Jr,player_points,11.5,bovada,Miami Heat @ Orlando Magic,2025-12-09T23:10:00Z,-105.0,-125.0
099fbdb7f4738db6e1f5b7889ab3d707,Wendell Carter Jr,player_points,12.5,bovada,Miami Heat @ Orlando Magic,2025-12-09T23:10:00Z,125.0,-165.0
099fbdb7f4738db6e1f5b7889ab3d707,Wendell Carter Jr,player_points,13.5,bovada,Miami Heat @ Orlando Magic,2025-12-09T23:10:00Z,165.0,-220.0
099fbdb7f4738db6e1f5b7889ab3d707,Wendell Carter Jr,player_points,14.5,bovada,Miami Heat @ Orlando Magic,2025-12-09T23:10:00Z,210.0,-290.0
099fbdb7f4738db6e1f5b7889ab3d707,Andrew Wiggins,player_points_rebounds_assists,18.5,bovada,Miami Heat @ Orlando Magic,2025-12-09T23:10:00Z,-210.0,155.0
099fbdb7f4738db6e1f5b7889ab3d707,Andrew Wiggins,player_points_rebounds_assists,19.5,bovada,Miami Heat @ Orlando Magic,2025-12-09T23:10:00Z,-165.0,125.0
099fbdb7f4738db6e1f5b7889ab3d707,Andrew Wiggins,player_points_rebounds_assists,20.5,bovada,Miami Heat @ Orlando Magic,2025-12-09T23:10:00Z,-130.0,100.0
099fbdb7f4738db6e1f5b7889ab3d707,Andrew Wiggins,player_points_rebounds_assists,21.5,bovada,Miami Heat @ Orlando Magic,2025-12-09T23:10:00Z,-105.0,-125.0
099fbdb7f4738db6e1f5b7889ab3d707,Andrew Wiggins,player_points_rebounds_assists,22.5,bovada,Miami Heat @ Orlando Magic,2025-12-09T23:10:00Z,115.0,-150.0
099fbdb7f4738db6e1f5b7889ab3d707,Anthony Black,player_points_rebounds_assists,20.5,bovada,Miami Heat @ Orlando Magic,2025-12-09T23:10:00Z,-200.0,150.0
099fbdb7f4738db6e1f5b7889ab3d707,Anthony Black,player_points_rebounds_assists,21.5,bovada,Miami Heat @ Orlando Magic,2025-12-09T23:10:00Z,-165.0,125.0
099fbdb7f4738db6e1f5b7889ab3d707,Anthony Black,player_points_rebounds_assists,22.5,bovada,Miami Heat @ Orlando Magic,2025-12-09T23:10:00Z,-130.0,100.0
099fbdb7f4738db6e1f5b7889ab3d707,Anthony Black,player_points_rebounds_assists,23.5,bovada,Miami Heat @ Orlando Magic,2025-12-09T23:10:00Z,-110.0,-120.0
099fbdb7f4738db6e1f5b7889ab3d707,Anthony Black,player_points_rebounds_assists,24.5,bovada,Miami Heat @ Orlando Magic,2025-12-09T23:10:00Z,115.0,-150.0
099fbdb7f4738db6e1f5b7889ab3d707,Bam Adebayo,player_points_rebounds_assists,28.5,bovada,Miami Heat @ Orlando Magic,2025-12-09T23:10:00Z,-165.0,125.0
099fbdb7f4738db6e1f5b7889ab3d707,Bam Adebayo,player_points_rebounds_assists,29.5,bovada,Miami Heat @ Orlando Magic,2025-12-09T23:10:00Z,-135.0,105.0
099fbdb7f4738db6e1f5b7889ab3d707,Bam Adebayo,player_points_rebounds_assists,30.5,bovada,Miami Heat @ Orlando Magic,2025-12-09T23:10:00Z,-115.0,-115.0
099fbdb7f4738db6e1f5b7889ab3d707,Bam Adebayo,player_points_rebounds_assists,31.5,bovada,Miami Heat @ Orlando Magic,2025-12-09T23:10:00Z,105.0,-135.0
099fbdb7f4738db6e1f5b7889ab3d707,Bam Adebayo,player_points_rebounds_assists,32.5,bovada,Miami Heat @ Orlando Magic,2025-12-09T23:10:00Z,120.0,-160.0
099fbdb7f4738db6e1f5b7889ab3d707,Davion Mitchell,player_points_rebounds_assists,15.5,bovada,Miami Heat @ Orlando Magic,2025-12-09T23:10:00Z,-200.0,150.0
099fbdb7f4738db6e1f5b7889ab3d707,Davion Mitchell,player_points_rebounds_assists,16.5,bovada,Miami Heat @ Orlando Magic,2025-12-09T23:10:00Z,-150.0,115.0
099fbdb7f4738db6e1f5b7889ab3d707,Davion Mitchell,player_points_rebounds_assists,17.5,bovada,Miami Heat @ Orlando Magic,2025-12-09T23:10:00Z,-120.0,-110.0
099fbdb7f4738db6e1f5b7889ab3d707,Davion Mitchell,player_points_rebounds_assists,18.5,bovada,Miami Heat @ Orlando Magic,2025-12-09T23:10:00Z,105.0,-135.0
099fbdb7f4738db6e1f5b7889ab3d707,Davion Mitchell,player_points_rebounds_assists,19.5,bovada,Miami Heat @ Orlando Magic,2025-12-09T23:10:00Z,130.0,-170.0
099fbdb7f4738db6e1f5b7889ab3d707,Desmond Bane,player_points_rebounds_assists,29.5,bovada,Miami Heat @ Orlando Magic,2025-12-09T23:10:00Z,-165.0,125.0
099fbdb7f4738db6e1f5b7889ab3d707,Desmond Bane,player_points_rebounds_assists,30.5,bovada,Miami Heat @ Orlando Magic,2025-12-09T23:10:00Z,-135.0,105.0
099fbdb7f4738db6e1f5b7889ab3d707,Desmond Bane,player_points_rebounds_assists,31.5,bovada,Miami Heat @ Orlando Magic,2025-12-09T23:10:00Z,-115.0,-115.0
099fbdb7f4738db6e1f5b7889ab3d707,Desmond Bane,player_points_rebounds_assists,32.5,bovada,Miami Heat @ Orlando Magic,2025-12-09T23:10:00Z,105.0,-135.0
099fbdb7f4738db6e1f5b7889ab3d707,Desmond Bane,player_points_rebounds_assists,33.5,bovada,Miami Heat @ Orlando Magic,2025-12-09T23:10:00Z,120.0,-160.0
099fbdb7f4738db6e1f5b7889ab3d707,Jaime Jaquez Jr,player_points_rebounds_assists,15.5,bovada,Miami Heat @ Orlando Magic,2025-12-09T23:10:00Z,-220.0,165.0
099fbdb7f4738db6e1f5b7889ab3d707,Jaime Jaquez Jr,player_points_rebounds_assists,16.5,bovada,Miami Heat @ Orlando Magic,2025-12-09T23:10:00Z,-170.0,130.0
099fbdb7f4738db6e1f5b7889ab3d707,Jaime Jaquez Jr,player_points_rebounds_assists,17.5,bovada,Miami Heat @ Orlando Magic,2025-12-09T23:10:00Z,-130.0,100.0
099fbdb7f4738db6e1f5b7889ab3d707,Jaime Jaquez Jr,player_points_rebounds_assists,18.5,bovada,Miami Heat @ Orlando Magic,2025-12-09T23:10:00Z,-105.0,-125.0
099fbdb7f4738db6e1f5b7889ab3d707,Jaime Jaquez Jr,player_points_rebounds_assists,19.5,bovada,Miami Heat @ Orlando Magic,2025-12-09T23:10:00Z,120.0,-160.0
099fbdb7f4738db6e1f5b7889ab3d707,Jalen Suggs,player_points_rebounds_assists,25.5,bovada,Miami Heat @ Orlando Magic,2025-12-09T23:10:00Z,-190.0,145.0
099fbdb7f4738db6e1f5b7889ab3d707,Jalen Suggs,player_points_rebounds_assists,26.5,bovada,Miami Heat @ Orlando Magic,2025-12-09T23:10:00Z,-160.0,120.0
099fbdb7f4738db6e1f5b7889ab3d707,Jalen Suggs,player_points_rebounds_assists,27.5,bovada,Miami Heat @ Orlando Magic,2025-12-09T23:10:00Z,-130.0,100.0
099fbdb7f4738db6e1f5b7889ab3d707,Jalen Suggs,player_points_rebounds_assists,28.5,bovada,Miami Heat @ Orlando Magic,2025-12-09T23:10:00Z,-110.0,-120.0
099fbdb7f4738db6e1f5b7889ab3d707,Jalen Suggs,player_points_rebounds_assists,29.5,bovada,Miami Heat @ Orlando Magic,2025-12-09T23:10:00Z,110.0,-145.0
099fbdb7f4738db6e1f5b7889ab3d707,Kel'el Ware,player_points_rebounds_assists,14.5,bovada,Miami Heat @ Orlando Magic,2025-12-09T23:10:00Z,-190.0,145.0
099fbdb7f4738db6e1f5b7889ab3d707,Kel'el Ware,player_points_rebounds_assists,15.5,bovada,Miami Heat @ Orlando Magic,2025-12-09T23:10:00Z,-150.0,115.0
099fbdb7f4738db6e1f5b7889ab3d707,Kel'el Ware,player_points_rebounds_assists,16.5,bovada,Miami Heat @ Orlando Magic,2025-12-09T23:10:00Z,-115.0,-115.0
099fbdb7f4738db6e1f5b7889ab3d707,Kel'el Ware,player_points_rebounds_assists,17.5,bovada,Miami Heat @ Orlando Magic,2025-12-09T23:10:00Z,110.0,-145.0
099fbdb7f4738db6e1f5b7889ab3d707,Kel'el Ware,player_points_rebounds_assists,18.5,bovada,Miami Heat @ Orlando Magic,2025-12-09T23:10:00Z,135.0,-180.0
099fbdb7f4738db6e1f5b7889ab3d707,Norman Powell,player_points_rebounds_assists,24.5,bovada,Miami Heat @ Orlando Magic,2025-12-09T23:10:00Z,-185.0,140.0
099fbdb7f4738db6e1f5b7889ab3d707,Norman Powell,player_points_rebounds_assists,25.5,bovada,Miami Heat @ Orlando Magic,2025-12-09T23:10:00Z,-150.0,115.0
099fbdb7f4738db6e1f5b7889ab3d707,Norman Powell,player_points_rebounds_assists,26.5,bovada,Miami Heat @ Orlando Magic,2025-12-09T23:10:00Z,-125.0,-105.0
099fbdb7f4738db6e1f5b7889ab3d707,Norman Powell,player_points_rebounds_assists,27.5,bovada,Miami Heat @ Orlando Magic,2025-12-09T23:10:00Z,-105.0,-125.0
099fbdb7f4738db6e1f5b7889ab3d707,Norman Powell,player_points_rebounds_assists,28.5,bovada,Miami Heat @ Orlando Magic,2025-12-09T23:10:00Z,115.0,-150.0
099fbdb7f4738db6e1f5b7889ab3d707,Paolo Banchero,player_points_rebounds_assists,29.5,bovada,Miami Heat @ Orlando Magic,2025-12-09T23:10:00Z,-165.0,125.0
099fbdb7f4738db6e1f5b7889ab3d707,Paolo Banchero,player_points_rebounds_assists,30.5,bovada,Miami Heat @ Orlando Magic,2025-12-09T23:10:00Z,-135.0,105.0
099fbdb7f4738db6e1f5b7889ab3d707,Paolo Banchero,player_points_rebounds_assists,31.5,bovada,Miami Heat @ Orlando Magic,2025-12-09T23:10:00Z,-115.0,-115.0
099fbdb7f4738db6e1f5b7889ab3d707,Paolo Banchero,player_points_rebounds_assists,32.5,bovada,Miami Heat @ Orlando Magic,2025-12-09T23:10:00Z,105.0,-135.0
099fbdb7f4738db6e1f5b7889ab3d707,Paolo Banchero,player_points_rebounds_assists,33.5,bovada,Miami Heat @ Orlando Magic,2025-12-09T23:10:00Z,120.0,-160.0
099fbdb7f4738db6e1f5b7889ab3d707,Tristan da Silva,player_points_rebounds_assists,13.5,bovada,Miami Heat @ Orlando Magic,2025-12-09T23:10:00Z,-200.0,150.0
099fbdb7f4738db6e1f5b7889ab3d707,Tristan da Silva,player_points_rebounds_assists,14.5,bovada,Miami Heat @ Orlando Magic,2025-12-09T23:10:00Z,-150.0,115.0
099fbdb7f4738db6e1f5b7889ab3d707,Tristan da Silva,player_points_rebounds_assists,15.5,bovada,Miami Heat @ Orlando Magic,2025-12-09T23:10:00Z,-115.0,-115.0
099fbdb7f4738db6e1f5b7889ab3d707,Tristan da Silva,player_points_rebounds_assists,16.5,bovada,Miami Heat @ Orlando Magic,2025-12-09T23:10:00Z,110.0,-145.0
099fbdb7f4738db6e1f5b7889ab3d707,Tristan da Silva,player_points_rebounds_assists,17.5,bovada,Miami Heat @ Orlando Magic,2025-12-09T23:10:00Z,140.0,-185.0
099fbdb7f4738db6e1f5b7889ab3d707,Tyler Herro,player_points_rebounds_assists,28.5,bovada,Miami Heat @ Orlando Magic,2025-12-09T23:10:00Z,-185.0,140.0
099fbdb7f4738db6e1f5b7889ab3d707,Tyler Herro,player_points_rebounds_assists,29.5,bovada,Miami Heat @ Orlando Magic,2025-12-09T23:10:00Z,-150.0,115.0
099fbdb7f4738db6e1f5b7889ab3d707,Tyler Herro,player_points_rebounds_assists,30.5,bovada,Miami Heat @ Orlando Magic,2025-12-09T23:10:00Z,-125.0,-105.0
099fbdb7f4738db6e1f5b7889ab3d707,Tyler Herro,player_points_rebounds_assists,31.5,bovada,Miami Heat @ Orlando Magic,2025-12-09T23:10:00Z,-105.0,-125.0
099fbdb7f4738db6e1f5b7889ab3d707,Tyler Herro,player_points_rebounds_assists,32.5,bovada,Miami Heat @ Orlando Magic,2025-12-09T23:10:00Z,110.0,-145.0
099fbdb7f4738db6e1f5b7889ab3d707,Wendell Carter Jr,player_points_rebounds_assists,18.5,bovada,Miami Heat @ Orlando Magic,2025-12-09T23:10:00Z,-215.0,160.0
099fbdb7f4738db6e1f5b7889ab3d707,Wendell Carter Jr,player_points_rebounds_assists,19.5,bovada,Miami Heat @ Orlando Magic,2025-12-09T23:10:00Z,-170.0,130.0
099fbdb7f4738db6e1f5b7889ab3d707,Wendell Carter Jr,player_points_rebounds_assists,20.5,bovada,Miami Heat @ Orlando Magic,2025-12-09T23:10:00Z,-135.0,105.0
099fbdb7f4738db6e1f5b7889ab3d707,Wendell Carter Jr,player_points_rebounds_assists,21.5,bovada,Miami Heat @ Orlando Magic,2025-12-09T23:10:00Z,-110.0,-120.0
099fbdb7f4738db6e1f5b7889ab3d707,Wendell Carter Jr,player_points_rebounds_assists,22.5,bovada,Miami Heat @ Orlando Magic,2025-12-09T23:10:00Z,110.0,-145.0
099fbdb7f4738db6e1f5b7889ab3d707,Anthony Black,player_rebounds,4.5,bovada,Miami Heat @ Orlando Magic,2025-12-09T23:10:00Z,-160.0,120.0
099fbdb7f4738db6e1f5b7889ab3d707,Anthony Black,player_rebounds,5.5,bovada,Miami Heat @ Orlando Magic,2025-12-09T23:10:00Z,120.0,-160.0
099fbdb7f4738db6e1f5b7889ab3d707,Bam Adebayo,player_rebounds,7.5,bovada,Miami Heat @ Orlando Magic,2025-12-09T23:10:00Z,-280.0,205.0
099fbdb7f4738db6e1f5b7889ab3d707,Bam Adebayo,player_rebounds,8.5,bovada,Miami Heat @ Orlando Magic,2025-12-09T23:10:00Z,-165.0,125.0
099fbdb7f4738db6e1f5b7889ab3d707,Bam Adebayo,player_rebounds,9.5,bovada,Miami Heat @ Orlando Magic,2025-12-09T23:10:00Z,100.0,-130.0
099fbdb7f4738db6e1f5b7889ab3d707,Bam Adebayo,player_rebounds,10.5,bovada,Miami Heat @ Orlando Magic,2025-12-09T23:10:00Z,155.0,-210.0
099fbdb7f4738db6e1f5b7889ab3d707,Goga Bitadze,player_rebounds,4.5,bovada,Miami Heat @ Orlando Magic,2025-12-09T23:10:00Z,-170.0,130.0
099fbdb7f4738db6e1f5b7889ab3d707,Goga Bitadze,player_rebounds,5.5,bovada,Miami Heat @ Orlando Magic,2025-12-09T23:10:00Z,110.0,-145.0
099fbdb7f4738db6e1f5b7889ab3d707,Goga Bitadze,player_rebounds,6.5,bovada,Miami Heat @ Orlando Magic,2025-12-09T23:10:00Z,200.0,-275.0
099fbdb7f4738db6e1f5b7889ab3d707,Kel'el Ware,player_rebounds,6.5,bovada,Miami Heat @ Orlando Magic,2025-12-09T23:10:00Z,-275.0,200.0
099fbdb7f4738db6e1f5b7889ab3d707,Kel'el Ware,player_rebounds,7.5,bovada,Miami Heat @ Orlando Magic,2025-12-09T23:10:00Z,-150.0,115.0
099fbdb7f4738db6e1f5b7889ab3d707,Kel'el Ware,player_rebounds,8.5,bovada,Miami Heat @ Orlando Magic,2025-12-09T23:10:00Z,110.0,-145.0
099fbdb7f4738db6e1f5b7889ab3d707,Kel'el Ware,player_rebounds,9.5,bovada,Miami Heat @ Orlando Magic,2025-12-09T23:10:00Z,180.0,-245.0
099fbdb7f4738db6e1f5b7889ab3d707,Paolo Banchero,player_rebounds,6.5,bovada,Miami Heat @ Orlando Magic,2025-12-09T23:10:00Z,-185.0,140.0
099fbdb7f4738db6e1f5b7889ab3d707,Paolo Banchero,player_rebounds,7.5,bovada,Miami Heat @ Orlando Magic,2025-12-09T23:10:00Z,-105.0,-125.0
099fbdb7f4738db6e1f5b7889ab3d707,Paolo Banchero,player_rebounds,8.5,bovada,Miami Heat @ Orlando Magic,2025-12-09T23:10:00Z,160.0,-215.0
099fbdb7f4738db6e1f5b7889ab3d707,Wendell Carter Jr,player_rebounds,6.5,bovada,Miami Heat @ Orlando Magic,2025-12-09T23:10:00Z,-260.0,190.0
099fbdb7f4738db6e1f5b7889ab3d707,Wendell Carter Jr,player_rebounds,7.5,bovada,Miami Heat @ Orlando Magic,2025-12-09T23:10:00Z,-145.0,110.0
099fbdb7f4738db6e1f5b7889ab3d707,Wendell Carter Jr,player_rebounds,8.5,bovada,Miami Heat @ Orlando Magic,2025-12-09T23:10:00Z,115.0,-150.0
099fbdb7f4738db6e1f5b7889ab3d707,Wendell Carter Jr,player_rebounds,9.5,bovada,Miami Heat @ Orlando Magic,2025-12-09T23:10:00Z,185.0,-250.0
099fbdb7f4738db6e1f5b7889ab3d707,Bam Adebayo,player_steals,1.5,bovada,Miami Heat @ Orlando Magic,2025-12-09T23:10:00Z,160.0,-215.0
099fbdb7f4738db6e1f5b7889ab3d707,Davion Mitchell,player_steals,1.5,bovada,Miami Heat @ Orlando Magic,2025-12-09T23:10:00Z,160.0,-215.0
099fbdb7f4738db6e1f5b7889ab3d707,Jalen Suggs,player_steals,1.5,bovada,Miami Heat @ Orlando Magic,2025-12-09T23:10:00Z,-170.0,130.0
099fbdb7f4738db6e1f5b7889ab3d707,Jalen Suggs,player_steals,2.5,bovada,Miami Heat @ Orlando Magic,2025-12-09T23:10:00Z,190.0,-260.0
099fbdb7f4738db6e1f5b7889ab3d707,Andrew Wiggins,player_threes,1.5,bovada,Miami Heat @ Orlando Magic,2025-12-09T23:10:00Z,150.0,-200.0
099fbdb7f4738db6e1f5b7889ab3d707,Anthony Black,player_threes,1.5,bovada,Miami Heat @ Orlando Magic,2025-12-09T23:10:00Z,125.0,-165.0
099fbdb7f4738db6e1f5b7889ab3d707,Bam Adebayo,player_threes,1.5,bovada,Miami Heat @ Orlando Magic,2025-12-09T23:10:00Z,130.0,-170.0
099fbdb7f4738db6e1f5b7889ab3d707,Desmond Bane,player_threes,1.5,bovada,Miami Heat @ Orlando Magic,2025-12-09T23:10:00Z,-245.0,180.0
099fbdb7f4738db6e1f5b7889ab3d707,Desmond Bane,player_threes,2.5,bovada,Miami Heat @ Orlando Magic,2025-12-09T23:10:00Z,125.0,-165.0
099fbdb7f4738db6e1f5b7889ab3d707,Jalen Suggs,player_threes,2.5,bovada,Miami Heat @ Orlando Magic,2025-12-09T23:10:00Z,105.0,-135.0
099fbdb7f4738db6e1f5b7889ab3d707,Norman Powell,player_threes,2.5,bovada,Miami Heat @ Orlando Magic,2025-12-09T23:10:00Z,-135.0,105.0
099fbdb7f4738db6e1f5b7889ab3d707,Norman Powell,player_threes,3.5,bovada,Miami Heat @ Orlando Magic,2025-12-09T23:10:00Z,180.0,-245.0
099fbdb7f4738db6e1f5b7889ab3d707,Paolo Banchero,player_threes,1.5,bovada,Miami Heat @ Orlando Magic,2025-12-09T23:10:00Z,145.0,-190.0
099fbdb7f4738db6e1f5b7889ab3d707,Tristan da Silva,player_threes,1.5,bovada,Miami Heat @ Orlando Magic,2025-12-09T23:10:00Z,-105.0,-125.0
099fbdb7f4738db6e1f5b7889ab3d707,Tyler Herro,player_threes,2.5,bovada,Miami Heat @ Orlando Magic,2025-12-09T23:10:00Z,-125.0,-105.0
099fbdb7f4738db6e1f5b7889ab3d707,Tyler Herro,player_threes,3.5,bovada,Miami Heat @ Orlando Magic,2025-12-09T23:10:00Z,200.0,-275.0
099fbdb7f4738db6e1f5b7889ab3d707,Paolo Banchero,player_triple_double,,bovada,Miami Heat @ Orlando Magic,2025-12-09T23:10:00Z,,
099fbdb7f4738db6e1f5b7889ab3d707,Bam Adebayo,player_assists,2.5,fanatics,Miami Heat @ Orlando Magic,2025-12-09T23:10:00Z,-125.0,-105.0
099fbdb7f4738db6e1f5b7889ab3d707,Jaime Jaquez Jr,player_assists,3.5,fanatics,Miami Heat @ Orlando Magic,2025-12-09T23:10:00Z,120.0,-165.0
099fbdb7f4738db6e1f5b7889ab3d707,Paolo Banchero,player_assists,3.5,fanatics,Miami Heat @ Orlando Magic,2025-12-09T23:10:00Z,-130.0,100.0
099fbdb7f4738db6e1f5b7889ab3d707,Tyler Herro,player_assists,3.5,fanatics,Miami Heat @ Orlando Magic,2025-12-09T23:10:00Z,115.0,-150.0
099fbdb7f4738db6e1f5b7889ab3d707,Andrew Wiggins,player_assists,2.5,fanatics,Miami Heat @ Orlando Magic,2025-12-09T23:10:00Z,-125.0,-105.0
099fbdb7f4738db6e1f5b7889ab3d707,Desmond Bane,player_assists,4.5,fanatics,Miami Heat @ Orlando Magic,2025-12-09T23:10:00Z,-110.0,-120.0
099fbdb7f4738db6e1f5b7889ab3d707,Davion Mitchell,player_assists,6.5,fanatics,Miami Heat @ Orlando Magic,2025-12-09T23:10:00Z,-125.0,-105.0
099fbdb7f4738db6e1f5b7889ab3d707,Jalen Suggs,player_assists,4.5,fanatics,Miami Heat @ Orlando Magic,2025-12-09T23:10:00Z,-165.0,120.0
099fbdb7f4738db6e1f5b7889ab3d707,Anthony Black,player_assists,3.5,fanatics,Miami Heat @ Orlando Magic,2025-12-09T23:10:00Z,-115.0,-115.0
099fbdb7f4738db6e1f5b7889ab3d707,Wendell Carter Jr,player_assists,1.5,fanatics,Miami Heat @ Orlando Magic,2025-12-09T23:10:00Z,-120.0,-110.0
099fbdb7f4738db6e1f5b7889ab3d707,Norman Powell,player_assists,2.5,fanatics,Miami Heat @ Orlando Magic,2025-12-09T23:10:00Z,130.0,-190.0
099fbdb7f4738db6e1f5b7889ab3d707,Tristan da Silva,player_assists,1.5,fanatics,Miami Heat @ Orlando Magic,2025-12-09T23:10:00Z,140.0,-225.0
099fbdb7f4738db6e1f5b7889ab3d707,Goga Bitadze,player_assists,1.5,fanatics,Miami Heat @ Orlando Magic,2025-12-09T23:10:00Z,135.0,-210.0
099fbdb7f4738db6e1f5b7889ab3d707,Tyus Jones,player_assists,2.5,fanatics,Miami Heat @ Orlando Magic,2025-12-09T23:10:00Z,-140.0,105.0
099fbdb7f4738db6e1f5b7889ab3d707,Desmond Bane,player_double_double,,fanatics,Miami Heat @ Orlando Magic,2025-12-09T23:10:00Z,,
099fbdb7f4738db6e1f5b7889ab3d707,Jalen Suggs,player_double_double,,fanatics,Miami Heat @ Orlando Magic,2025-12-09T23:10:00Z,,
099fbdb7f4738db6e1f5b7889ab3d707,Anthony Black,player_double_double,,fanatics,Miami Heat @ Orlando Magic,2025-12-09T23:10:00Z,,
099fbdb7f4738db6e1f5b7889ab3d707,Goga Bitadze,player_double_double,,fanatics,Miami Heat @ Orlando Magic,2025-12-09T23:10:00Z,,
099fbdb7f4738db6e1f5b7889ab3d707,Tyler Herro,player_double_double,,fanatics,Miami Heat @ Orlando Magic,2025-12-09T23:10:00Z,,
099fbdb7f4738db6e1f5b7889ab3d707,Bam Adebayo,player_double_double,,fanatics,Miami Heat @ Orlando Magic,2025-12-09T23:10:00Z,,
099fbdb7f4738db6e1f5b7889ab3d707,Jaime Jaquez Jr,player_double_double,,fanatics,Miami Heat @ Orlando Magic,2025-12-09T23:10:00Z,,
099fbdb7f4738db6e1f5b7889ab3d707,Paolo Banchero,player_double_double,,fanatics,Miami Heat @ Orlando Magic,2025-12-09T23:10:00Z,,
099fbdb7f4738db6e1f5b7889ab3d707,Wendell Carter Jr,player_double_double,,fanatics,Miami Heat @ Orlando Magic,2025-12-09T23:10:00Z,,
099fbdb7f4738db6e1f5b7889ab3d707,Andrew Wiggins,player_double_double,,fanatics,Miami Heat @ Orlando Magic,2025-12-09T23:10:00Z,,
099fbdb7f4738db6e1f5b7889ab3d707,Tristan da Silva,player_double_double,,fanatics,Miami Heat @ Orlando Magic,2025-12-09T23:10:00Z,,
099fbdb7f4738db6e1f5b7889ab3d707,Davion Mitchell,player_double_double,,fanatics,Miami Heat @ Orlando Magic,2025-12-09T23:10:00Z,,
099fbdb7f4738db6e1f5b7889ab3d707,Desmond Bane,player_points,22.5,fanatics,Miami Heat @ Orlando Magic,2025-12-09T23:10:00Z,-105.0,-125.0
099fbdb7f4738db6e1f5b7889ab3d707,Goga Bitadze,player_points,5.5,fanatics,Miami Heat @ Orlando Magic,2025-12-09T23:10:00Z,-125.0,-105.0
099fbdb7f4738db6e1f5b7889ab3d707,Bam Adebayo,player_points,18.5,fanatics,Miami Heat @ Orlando Magic,2025-12-09T23:10:00Z,-105.0,-125.0
099fbdb7f4738db6e1f5b7889ab3d707,Anthony Black,player_points,14.5,fanatics,Miami Heat @ Orlando Magic,2025-12-09T23:10:00Z,-110.0,-120.0
099fbdb7f4738db6e1f5b7889ab3d707,Jaime Jaquez Jr,player_points,10.5,fanatics,Miami Heat @ Orlando Magic,2025-12-09T23:10:00Z,-105.0,-125.0
099fbdb7f4738db6e1f5b7889ab3d707,Jalen Suggs,player_points,18.5,fanatics,Miami Heat @ Orlando Magic,2025-12-09T23:10:00Z,-105.0,-125.0
099fbdb7f4738db6e1f5b7889ab3d707,Norman Powell,player_points,21.5,fanatics,Miami Heat @ Orlando Magic,2025-12-09T23:10:00Z,-110.0,-120.0
099fbdb7f4738db6e1f5b7889ab3d707,Andrew Wiggins,player_points,14.5,fanatics,Miami Heat @ Orlando Magic,2025-12-09T23:10:00Z,100.0,-130.0
099fbdb7f4738db6e1f5b7889ab3d707,Davion Mitchell,player_points,8.5,fanatics,Miami Heat @ Orlando Magic,2025-12-09T23:10:00Z,-110.0,-120.0
099fbdb7f4738db6e1f5b7889ab3d707,Kel'el Ware,player_points,7.5,fanatics,Miami Heat @ Orlando Magic,2025-12-09T23:10:00Z,-130.0,100.0
099fbdb7f4738db6e1f5b7889ab3d707,Paolo Banchero,player_points,19.5,fanatics,Miami Heat @ Orlando Magic,2025-12-09T23:10:00Z,-115.0,-115.0
099fbdb7f4738db6e1f5b7889ab3d707,Tristan da Silva,player_points,9.5,fanatics,Miami Heat @ Orlando Magic,2025-12-09T23:10:00Z,-110.0,-120.0
099fbdb7f4738db6e1f5b7889ab3d707,Wendell Carter Jr,player_points,11.5,fanatics,Miami Heat @ Orlando Magic,2025-12-09T23:10:00Z,-110.0,-120.0
099fbdb7f4738db6e1f5b7889ab3d707,Tyler Herro,player_points,22.5,fanatics,Miami Heat @ Orlando Magic,2025-12-09T23:10:00Z,-125.0,-105.0
099fbdb7f4738db6e1f5b7889ab3d707,Tyus Jones,player_points,4.5,fanatics,Miami Heat @ Orlando Magic,2025-12-09T23:10:00Z,-115.0,-115.0
099fbdb7f4738db6e1f5b7889ab3d707,Jonathan Isaac,player_points,4.5,fanatics,Miami Heat @ Orlando Magic,2025-12-09T23:10:00Z,105.0,-140.0
099fbdb7f4738db6e1f5b7889ab3d707,Wendell Carter Jr,player_points_rebounds_assists,21.5,fanatics,Miami Heat @ Orlando Magic,2025-12-09T23:10:00Z,-105.0,-125.0
099fbdb7f4738db6e1f5b7889ab3d707,Jaime Jaquez Jr,player_points_rebounds_assists,18.5,fanatics,Miami Heat @ Orlando Magic,2025-12-09T23:10:00Z,105.0,-140.0
099fbdb7f4738db6e1f5b7889ab3d707,Norman Powell,player_points_rebounds_assists,27.5,fanatics,Miami Heat @ Orlando Magic,2025-12-09T23:10:00Z,-105.0,-125.0
099fbdb7f4738db6e1f5b7889ab3d707,Desmond Bane,player_points_rebounds_assists,31.5,fanatics,Miami Heat @ Orlando Magic,2025-12-09T23:10:00Z,-115.0,-115.0
099fbdb7f4738db6e1f5b7889ab3d707,Tyler Herro,player_points_rebounds_assists,31.5,fanatics,Miami Heat @ Orlando Magic,2025-12-09T23:10:00Z,-110.0,-120.0
099fbdb7f4738db6e1f5b7889ab3d707,Paolo Banchero,player_points_rebounds_assists,31.5,fanatics,Miami Heat @ Orlando Magic,2025-12-09T23:10:00Z,-110.0,-120.0
099fbdb7f4738db6e1f5b7889ab3d707,Andrew Wiggins,player_points_rebounds_assists,21.5,fanatics,Miami Heat @ Orlando Magic,2025-12-09T23:10:00Z,-125.0,-105.0
099fbdb7f4738db6e1f5b7889ab3d707,Jalen Suggs,player_points_rebounds_assists,27.5,fanatics,Miami Heat @ Orlando Magic,2025-12-09T23:10:00Z,-115.0,-115.0
099fbdb7f4738db6e1f5b7889ab3d707,Bam Adebayo,player_points_rebounds_assists,30.5,fanatics,Miami Heat @ Orlando Magic,2025-12-09T23:10:00Z,-115.0,-115.0
099fbdb7f4738db6e1f5b7889ab3d707,Anthony Black,player_points_rebounds_assists,23.5,fanatics,Miami Heat @ Orlando Magic,2025-12-09T23:10:00Z,-115.0,-115.0
099fbdb7f4738db6e1f5b7889ab3d707,Tristan da Silva,player_points_rebounds_assists,15.5,fanatics,Miami Heat @ Orlando Magic,2025-12-09T23:10:00Z,-115.0,-115.0
099fbdb7f4738db6e1f5b7889ab3d707,Goga Bitadze,player_points_rebounds_assists,12.5,fanatics,Miami Heat @ Orlando Magic,2025-12-09T23:10:00Z,-115.0,-115.0
099fbdb7f4738db6e1f5b7889ab3d707,Davion Mitchell,player_points_rebounds_assists,17.5,fanatics,Miami Heat @ Orlando Magic,2025-12-09T23:10:00Z,-130.0,100.0
099fbdb7f4738db6e1f5b7889ab3d707,Tyus Jones,player_points_rebounds_assists,9.5,fanatics,Miami Heat @ Orlando Magic,2025-12-09T23:10:00Z,105.0,-140.0
099fbdb7f4738db6e1f5b7889ab3d707,Anthony Black,player_rebounds,5.5,fanatics,Miami Heat @ Orlando Magic,2025-12-09T23:10:00Z,110.0,-145.0
099fbdb7f4738db6e1f5b7889ab3d707,Tyler Herro,player_rebounds,4.5,fanatics,Miami Heat @ Orlando Magic,2025-12-09T23:10:00Z,-125.0,-105.0
099fbdb7f4738db6e1f5b7889ab3d707,Davion Mitchell,player_rebounds,2.5,fanatics,Miami Heat @ Orlando Magic,2025-12-09T23:10:00Z,-115.0,-115.0
099fbdb7f4738db6e1f5b7889ab3d707,Kel'el Ware,player_rebounds,8.5,fanatics,Miami Heat @ Orlando Magic,2025-12-09T23:10:00Z,-105.0,-125.0
099fbdb7f4738db6e1f5b7889ab3d707,Jaime Jaquez Jr,player_rebounds,4.5,fanatics,Miami Heat @ Orlando Magic,2025-12-09T23:10:00Z,110.0,-145.0
099fbdb7f4738db6e1f5b7889ab3d707,Norman Powell,player_rebounds,3.5,fanatics,Miami Heat @ Orlando Magic,2025-12-09T23:10:00Z,105.0,-140.0
099fbdb7f4738db6e1f5b7889ab3d707,Tristan da Silva,player_rebounds,4.5,fanatics,Miami Heat @ Orlando Magic,2025-12-09T23:10:00Z,-115.0,-115.0
099fbdb7f4738db6e1f5b7889ab3d707,Bam Adebayo,player_rebounds,9.5,fanatics,Miami Heat @ Orlando Magic,2025-12-09T23:10:00Z,-110.0,-120.0
099fbdb7f4738db6e1f5b7889ab3d707,Jalen Suggs,player_rebounds,3.5,fanatics,Miami Heat @ Orlando Magic,2025-12-09T23:10:00Z,-150.0,115.0
099fbdb7f4738db6e1f5b7889ab3d707,Goga Bitadze,player_rebounds,5.5,fanatics,Miami Heat @ Orlando Magic,2025-12-09T23:10:00Z,100.0,-130.0
099fbdb7f4738db6e1f5b7889ab3d707,Wendell Carter Jr,player_rebounds,7.5,fanatics,Miami Heat @ Orlando Magic,2025-12-09T23:10:00Z,-130.0,100.0
099fbdb7f4738db6e1f5b7889ab3d707,Andrew Wiggins,player_rebounds,4.5,fanatics,Miami Heat @ Orlando Magic,2025-12-09T23:10:00Z,-125.0,-105.0
099fbdb7f4738db6e1f5b7889ab3d707,Paolo Banchero,player_rebounds,7.5,fanatics,Miami Heat @ Orlando Magic,2025-12-09T23:10:00Z,-115.0,-115.0
099fbdb7f4738db6e1f5b7889ab3d707,Desmond Bane,player_rebounds,4.5,fanatics,Miami Heat @ Orlando Magic,2025-12-09T23:10:00Z,-115.0,-115.0
099fbdb7f4738db6e1f5b7889ab3d707,Tyus Jones,player_rebounds,1.5,fanatics,Miami Heat @ Orlando Magic,2025-12-09T23:10:00Z,105.0,-140.0
099fbdb7f4738db6e1f5b7889ab3d707,Jonathan Isaac,player_rebounds,3.5,fanatics,Miami Heat @ Orlando Magic,2025-12-09T23:10:00Z,-130.0,100.0
099fbdb7f4738db6e1f5b7889ab3d707,Desmond Bane,player_threes,2.5,fanatics,Miami Heat @ Orlando Magic,2025-12-09T23:10:00Z,115.0,-150.0
099fbdb7f4738db6e1f5b7889ab3d707,Anthony Black,player_threes,1.5,fanatics,Miami Heat @ Orlando Magic,2025-12-09T23:10:00Z,130.0,-190.0
099fbdb7f4738db6e1f5b7889ab3d707,Tristan da Silva,player_threes,1.5,fanatics,Miami Heat @ Orlando Magic,2025-12-09T23:10:00Z,115.0,-150.0
099fbdb7f4738db6e1f5b7889ab3d707,Paolo Banchero,player_threes,1.5,fanatics,Miami Heat @ Orlando Magic,2025-12-09T23:10:00Z,140.0,-225.0
099fbdb7f4738db6e1f5b7889ab3d707,Andrew Wiggins,player_threes,1.5,fanatics,Miami Heat @ Orlando Magic,2025-12-09T23:10:00Z,120.0,-165.0
099fbdb7f4738db6e1f5b7889ab3d707,Tyler Herro,player_threes,2.5,fanatics,Miami Heat @ Orlando Magic,2025-12-09T23:10:00Z,-125.0,-105.0
099fbdb7f4738db6e1f5b7889ab3d707,Bam Adebayo,player_threes,1.5,fanatics,Miami Heat @ Orlando Magic,2025-12-09T23:10:00Z,120.0,-165.0
099fbdb7f4738db6e1f5b7889ab3d707,Norman Powell,player_threes,2.5,fanatics,Miami Heat @ Orlando Magic,2025-12-09T23:10:00Z,-130.0,100.0
099fbdb7f4738db6e1f5b7889ab3d707,Jalen Suggs,player_threes,2.5,fanatics,Miami Heat @ Orlando Magic,2025-12-09T23:10:00Z,100.0,-130.0
099fbdb7f4738db6e1f5b7889ab3d707,Jaime Jaquez Jr,player_threes,0.5,fanatics,Miami Heat @ Orlando Magic,2025-12-09T23:10:00Z,225.0,-375.0
099fbdb7f4738db6e1f5b7889ab3d707,Wendell Carter Jr,player_threes,0.5,fanatics,Miami Heat @ Orlando Magic,2025-12-09T23:10:00Z,-210.0,135.0
099fbdb7f4738db6e1f5b7889ab3d707,Davion Mitchell,player_threes,0.5,fanatics,Miami Heat @ Orlando Magic,2025-12-09T23:10:00Z,-165.0,120.0
099fbdb7f4738db6e1f5b7889ab3d707,Tyus Jones,player_threes,0.5,fanatics,Miami Heat @ Orlando Magic,2025-12-09T23:10:00Z,-175.0,125.0
099fbdb7f4738db6e1f5b7889ab3d707,Jonathan Isaac,player_threes,0.5,fanatics,Miami Heat @ Orlando Magic,2025-12-09T23:10:00Z,140.0,-225.0
099fbdb7f4738db6e1f5b7889ab3d707,Bam Adebayo,player_assists,2.5,betonlineag,Miami Heat @ Orlando Magic,2025-12-09T23:10:00Z,-133.0,103.0
099fbdb7f4738db6e1f5b7889ab3d707,Tyler Herro,player_assists,3.5,betonlineag,Miami Heat @ Orlando Magic,2025-12-09T23:10:00Z,109.0,-141.0
099fbdb7f4738db6e1f5b7889ab3d707,Jalen Suggs,player_assists,4.5,betonlineag,Miami Heat @ Orlando Magic,2025-12-09T23:10:00Z,-154.0,118.0
099fbdb7f4738db6e1f5b7889ab3d707,Paolo Banchero,player_assists,3.5,betonlineag,Miami Heat @ Orlando Magic,2025-12-09T23:10:00Z,-137.0,106.0
099fbdb7f4738db6e1f5b7889ab3d707,Jaime Jaquez Jr,player_assists,3.5,betonlineag,Miami Heat @ Orlando Magic,2025-12-09T23:10:00Z,126.0,-164.0
099fbdb7f4738db6e1f5b7889ab3d707,Anthony Black,player_assists,3.5,betonlineag,Miami Heat @ Orlando Magic,2025-12-09T23:10:00Z,103.0,-133.0
099fbdb7f4738db6e1f5b7889ab3d707,Andrew Wiggins,player_assists,2.5,betonlineag,Miami Heat @ Orlando Magic,2025-12-09T23:10:00Z,-122.0,-106.0
099fbdb7f4738db6e1f5b7889ab3d707,Desmond Bane,player_assists,4.5,betonlineag,Miami Heat @ Orlando Magic,2025-12-09T23:10:00Z,-109.0,-119.0
099fbdb7f4738db6e1f5b7889ab3d707,Norman Powell,player_assists,2.5,betonlineag,Miami Heat @ Orlando Magic,2025-12-09T23:10:00Z,136.0,-179.0
099fbdb7f4738db6e1f5b7889ab3d707,Davion Mitchell,player_assists,6.5,betonlineag,Miami Heat @ Orlando Magic,2025-12-09T23:10:00Z,-143.0,110.0
099fbdb7f4738db6e1f5b7889ab3d707,Bam Adebayo,player_points,18.5,betonlineag,Miami Heat @ Orlando Magic,2025-12-09T23:10:00Z,-108.0,-120.0
099fbdb7f4738db6e1f5b7889ab3d707,Wendell Carter Jr,player_points,11.5,betonlineag,Miami Heat @ Orlando Magic,2025-12-09T23:10:00Z,-108.0,-120.0
099fbdb7f4738db6e1f5b7889ab3d707,Paolo Banchero,player_points,19.5,betonlineag,Miami Heat @ Orlando Magic,2025-12-09T23:10:00Z,-105.0,-123.0
099fbdb7f4738db6e1f5b7889ab3d707,Anthony Black,player_points,14.5,betonlineag,Miami Heat @ Orlando Magic,2025-12-09T23:10:00Z,-111.0,-116.0
099fbdb7f4738db6e1f5b7889ab3d707,Jaime Jaquez Jr,player_points,10.5,betonlineag,Miami Heat @ Orlando Magic,2025-12-09T23:10:00Z,-105.0,-123.0
099fbdb7f4738db6e1f5b7889ab3d707,Davion Mitchell,player_points,8.5,betonlineag,Miami Heat @ Orlando Magic,2025-12-09T23:10:00Z,-112.0,-115.0
099fbdb7f4738db6e1f5b7889ab3d707,Desmond Bane,player_points,22.5,betonlineag,Miami Heat @ Orlando Magic,2025-12-09T23:10:00Z,-105.0,-123.0
099fbdb7f4738db6e1f5b7889ab3d707,Andrew Wiggins,player_points,13.5,betonlineag,Miami Heat @ Orlando Magic,2025-12-09T23:10:00Z,-122.0,-106.0
099fbdb7f4738db6e1f5b7889ab3d707,Norman Powell,player_points,21.5,betonlineag,Miami Heat @ Orlando Magic,2025-12-09T23:10:00Z,-105.0,-123.0
099fbdb7f4738db6e1f5b7889ab3d707,Goga Bitadze,player_points,5.5,betonlineag,Miami Heat @ Orlando Magic,2025-12-09T23:10:00Z,-114.0,-114.0
099fbdb7f4738db6e1f5b7889ab3d707,Tyler Herro,player_points,22.5,betonlineag,Miami Heat @ Orlando Magic,2025-12-09T23:10:00Z,-135.0,105.0
099fbdb7f4738db6e1f5b7889ab3d707,Kel'el Ware,player_points,8.5,betonlineag,Miami Heat @ Orlando Magic,2025-12-09T23:10:00Z,-102.0,-127.0
099fbdb7f4738db6e1f5b7889ab3d707,Jalen Suggs,player_points,18.5,betonlineag,Miami Heat @ Orlando Magic,2025-12-09T23:10:00Z,-110.0,-118.0
099fbdb7f4738db6e1f5b7889ab3d707,Tristan da Silva,player_points,9.5,betonlineag,Miami Heat @ Orlando Magic,2025-12-09T23:10:00Z,-106.0,-122.0
099fbdb7f4738db6e1f5b7889ab3d707,Bam Adebayo,player_points_rebounds_assists,30.5,betonlineag,Miami Heat @ Orlando Magic,2025-12-09T23:10:00Z,-111.0,-116.0
099fbdb7f4738db6e1f5b7889ab3d707,Wendell Carter Jr,player_points_rebounds_assists,21.5,betonlineag,Miami Heat @ Orlando Magic,2025-12-09T23:10:00Z,-108.0,-120.0
099fbdb7f4738db6e1f5b7889ab3d707,Jalen Suggs,player_points_rebounds_assists,27.5,betonlineag,Miami Heat @ Orlando Magic,2025-12-09T23:10:00Z,-110.0,-118.0
099fbdb7f4738db6e1f5b7889ab3d707,Davion Mitchell,player_points_rebounds_assists,18.5,betonlineag,Miami Heat @ Orlando Magic,2025-12-09T23:10:00Z,-105.0,-123.0
099fbdb7f4738db6e1f5b7889ab3d707,Desmond Bane,player_points_rebounds_assists,31.5,betonlineag,Miami Heat @ Orlando Magic,2025-12-09T23:10:00Z,-115.0,-112.0
099fbdb7f4738db6e1f5b7889ab3d707,Norman Powell,player_points_rebounds_assists,26.5,betonlineag,Miami Heat @ Orlando Magic,2025-12-09T23:10:00Z,-122.0,-106.0
099fbdb7f4738db6e1f5b7889ab3d707,Andrew Wiggins,player_points_rebounds_assists,21.5,betonlineag,Miami Heat @ Orlando Magic,2025-12-09T23:10:00Z,-108.0,-120.0
099fbdb7f4738db6e1f5b7889ab3d707,Anthony Black,player_points_rebounds_assists,23.5,betonlineag,Miami Heat @ Orlando Magic,2025-12-09T23:10:00Z,-115.0,-112.0
099fbdb7f4738db6e1f5b7889ab3d707,Tyler Herro,player_points_rebounds_assists,31.5,betonlineag,Miami Heat @ Orlando Magic,2025-12-09T23:10:00Z,-105.0,-123.0
099fbdb7f4738db6e1f5b7889ab3d707,Paolo Banchero,player_points_rebounds_assists,31.5,betonlineag,Miami Heat @ Orlando Magic,2025-12-09T23:10:00Z,-128.0,-101.0
099fbdb7f4738db6e1f5b7889ab3d707,Jaime Jaquez Jr,player_points_rebounds_assists,17.5,betonlineag,Miami Heat @ Orlando Magic,2025-12-09T23:10:00Z,-114.0,-114.0
099fbdb7f4738db6e1f5b7889ab3d707,Tristan da Silva,player_points_rebounds_assists,15.5,betonlineag,Miami Heat @ Orlando Magic,2025-12-09T23:10:00Z,-110.0,-118.0
099fbdb7f4738db6e1f5b7889ab3d707,Kel'el Ware,player_points_rebounds_assists,16.5,betonlineag,Miami Heat @ Orlando Magic,2025-12-09T23:10:00Z,-114.0,-114.0
099fbdb7f4738db6e1f5b7889ab3d707,Bam Adebayo,player_rebounds,9.5,betonlineag,Miami Heat @ Orlando Magic,2025-12-09T23:10:00Z,-102.0,-127.0
099fbdb7f4738db6e1f5b7889ab3d707,Jalen Suggs,player_rebounds,3.5,betonlineag,Miami Heat @ Orlando Magic,2025-12-09T23:10:00Z,-152.0,116.0
099fbdb7f4738db6e1f5b7889ab3d707,Paolo Banchero,player_rebounds,7.5,betonlineag,Miami Heat @ Orlando Magic,2025-12-09T23:10:00Z,-106.0,-122.0
099fbdb7f4738db6e1f5b7889ab3d707,Tyler Herro,player_rebounds,4.5,betonlineag,Miami Heat @ Orlando Magic,2025-12-09T23:10:00Z,-120.0,-108.0
099fbdb7f4738db6e1f5b7889ab3d707,Anthony Black,player_rebounds,4.5,betonlineag,Miami Heat @ Orlando Magic,2025-12-09T23:10:00Z,-143.0,110.0
099fbdb7f4738db6e1f5b7889ab3d707,Jaime Jaquez Jr,player_rebounds,4.5,betonlineag,Miami Heat @ Orlando Magic,2025-12-09T23:10:00Z,112.0,-145.0
099fbdb7f4738db6e1f5b7889ab3d707,Kel'el Ware,player_rebounds,8.5,betonlineag,Miami Heat @ Orlando Magic,2025-12-09T23:10:00Z,110.0,-143.0
099fbdb7f4738db6e1f5b7889ab3d707,Goga Bitadze,player_rebounds,5.5,betonlineag,Miami Heat @ Orlando Magic,2025-12-09T23:10:00Z,107.0,-139.0
099fbdb7f4738db6e1f5b7889ab3d707,Tristan da Silva,player_rebounds,4.5,betonlineag,Miami Heat @ Orlando Magic,2025-12-09T23:10:00Z,-108.0,-120.0
099fbdb7f4738db6e1f5b7889ab3d707,Andrew Wiggins,player_rebounds,4.5,betonlineag,Miami Heat @ Orlando Magic,2025-12-09T23:10:00Z,-125.0,-103.0
099fbdb7f4738db6e1f5b7889ab3d707,Davion Mitchell,player_rebounds,2.5,betonlineag,Miami Heat @ Orlando Magic,2025-12-09T23:10:00Z,-120.0,-108.0
099fbdb7f4738db6e1f5b7889ab3d707,Desmond Bane,player_rebounds,4.5,betonlineag,Miami Heat @ Orlando Magic,2025-12-09T23:10:00Z,-125.0,-103.0
099fbdb7f4738db6e1f5b7889ab3d707,Norman Powell,player_rebounds,3.5,betonlineag,Miami Heat @ Orlando Magic,2025-12-09T23:10:00Z,106.0,-137.0
099fbdb7f4738db6e1f5b7889ab3d707,Wendell Carter Jr,player_rebounds,7.5,betonlineag,Miami Heat @ Orlando Magic,2025-12-09T23:10:00Z,-137.0,106.0
099fbdb7f4738db6e1f5b7889ab3d707,Bam Adebayo,player_threes,1.5,betonlineag,Miami Heat @ Orlando Magic,2025-12-09T23:10:00Z,126.0,-164.0
099fbdb7f4738db6e1f5b7889ab3d707,Jalen Suggs,player_threes,2.5,betonlineag,Miami Heat @ Orlando Magic,2025-12-09T23:10:00Z,106.0,-137.0
099fbdb7f4738db6e1f5b7889ab3d707,Tyler Herro,player_threes,2.5,betonlineag,Miami Heat @ Orlando Magic,2025-12-09T23:10:00Z,-125.0,-103.0
099fbdb7f4738db6e1f5b7889ab3d707,Paolo Banchero,player_threes,1.5,betonlineag,Miami Heat @ Orlando Magic,2025-12-09T23:10:00Z,155.0,-204.0
099fbdb7f4738db6e1f5b7889ab3d707,Anthony Black,player_threes,1.5,betonlineag,Miami Heat @ Orlando Magic,2025-12-09T23:10:00Z,130.0,-169.0
099fbdb7f4738db6e1f5b7889ab3d707,Tristan da Silva,player_threes,1.5,betonlineag,Miami Heat @ Orlando Magic,2025-12-09T23:10:00Z,109.0,-141.0
099fbdb7f4738db6e1f5b7889ab3d707,Andrew Wiggins,player_threes,1.5,betonlineag,Miami Heat @ Orlando Magic,2025-12-09T23:10:00Z,134.0,-175.0
099fbdb7f4738db6e1f5b7889ab3d707,Desmond Bane,player_threes,2.5,betonlineag,Miami Heat @ Orlando Magic,2025-12-09T23:10:00Z,120.0,-156.0
099fbdb7f4738db6e1f5b7889ab3d707,Norman Powell,player_threes,2.5,betonlineag,Miami Heat @ Orlando Magic,2025-12-09T23:10:00Z,-132.0,102.0
099fbdb7f4738db6e1f5b7889ab3d707,Wendell Carter Jr,player_threes,0.5,betonlineag,Miami Heat @ Orlando Magic,2025-12-09T23:10:00Z,-204.0,154.0
582a77bcdc5401a29e263ffed5d26609,Jalen Brunson,player_assists,6.5,draftkings,New York Knicks @ Toronto Raptors,2025-12-10T01:30:00Z,-116.0,-114.0
582a77bcdc5401a29e263ffed5d26609,Immanuel Quickley,player_assists,6.5,draftkings,New York Knicks @ Toronto Raptors,2025-12-10T01:30:00Z,111.0,-146.0
582a77bcdc5401a29e263ffed5d26609,Josh Hart,player_assists,5.5,draftkings,New York Knicks @ Toronto Raptors,2025-12-10T01:30:00Z,-115.0,-114.0
582a77bcdc5401a29e263ffed5d26609,Mikal Bridges,player_assists,3.5,draftkings,New York Knicks @ Toronto Raptors,2025-12-10T01:30:00Z,101.0,-133.0
582a77bcdc5401a29e263ffed5d26609,Karl-Anthony Towns,player_assists,2.5,draftkings,New York Knicks @ Toronto Raptors,2025-12-10T01:30:00Z,-152.0,115.0
582a77bcdc5401a29e263ffed5d26609,Mikal Bridges,player_blocks,0.5,draftkings,New York Knicks @ Toronto Raptors,2025-12-10T01:30:00Z,-189.0,141.0
582a77bcdc5401a29e263ffed5d26609,OG Anunoby,player_blocks,0.5,draftkings,New York Knicks @ Toronto Raptors,2025-12-10T01:30:00Z,-164.0,123.0
582a77bcdc5401a29e263ffed5d26609,Karl-Anthony Towns,player_blocks,0.5,draftkings,New York Knicks @ Toronto Raptors,2025-12-10T01:30:00Z,-134.0,101.0
582a77bcdc5401a29e263ffed5d26609,Karl-Anthony Towns,player_double_double,,draftkings,New York Knicks @ Toronto Raptors,2025-12-10T01:30:00Z,,
582a77bcdc5401a29e263ffed5d26609,Josh Hart,player_double_double,,draftkings,New York Knicks @ Toronto Raptors,2025-12-10T01:30:00Z,,
582a77bcdc5401a29e263ffed5d26609,Jalen Brunson,player_double_double,,draftkings,New York Knicks @ Toronto Raptors,2025-12-10T01:30:00Z,,
582a77bcdc5401a29e263ffed5d26609,Immanuel Quickley,player_double_double,,draftkings,New York Knicks @ Toronto Raptors,2025-12-10T01:30:00Z,,
582a77bcdc5401a29e263ffed5d26609,Mitchell Robinson,player_double_double,,draftkings,New York Knicks @ Toronto Raptors,2025-12-10T01:30:00Z,,
582a77bcdc5401a29e263ffed5d26609,OG Anunoby,player_double_double,,draftkings,New York Knicks @ Toronto Raptors,2025-12-10T01:30:00Z,,
582a77bcdc5401a29e263ffed5d26609,Mikal Bridges,player_double_double,,draftkings,New York Knicks @ Toronto Raptors,2025-12-10T01:30:00Z,,
582a77bcdc5401a29e263ffed5d26609,Jalen Brunson,player_points,28.5,draftkings,New York Knicks @ Toronto Raptors,2025-12-10T01:30:00Z,-104.0,-122.0
582a77bcdc5401a29e263ffed5d26609,Karl-Anthony Towns,player_points,21.5,draftkings,New York Knicks @ Toronto Raptors,2025-12-10T01:30:00Z,-120.0,-106.0
582a77bcdc5401a29e263ffed5d26609,Immanuel Quickley,player_points,18.5,draftkings,New York Knicks @ Toronto Raptors,2025-12-10T01:30:00Z,-115.0,-111.0
582a77bcdc5401a29e263ffed5d26609,OG Anunoby,player_points,15.5,draftkings,New York Knicks @ Toronto Raptors,2025-12-10T01:30:00Z,-112.0,-114.0
582a77bcdc5401a29e263ffed5d26609,Mikal Bridges,player_points,14.5,draftkings,New York Knicks @ Toronto Raptors,2025-12-10T01:30:00Z,-122.0,-105.0
582a77bcdc5401a29e263ffed5d26609,Josh Hart,player_points,12.5,draftkings,New York Knicks @ Toronto Raptors,2025-12-10T01:30:00Z,-116.0,-110.0
582a77bcdc5401a29e263ffed5d26609,Jordan Clarkson,player_points,10.5,draftkings,New York Knicks @ Toronto Raptors,2025-12-10T01:30:00Z,-103.0,-124.0
582a77bcdc5401a29e263ffed5d26609,Jalen Brunson,player_points_rebounds_assists,37.5,draftkings,New York Knicks @ Toronto Raptors,2025-12-10T01:30:00Z,-118.0,-111.0
582a77bcdc5401a29e263ffed5d26609,Karl-Anthony Towns,player_points_rebounds_assists,36.5,draftkings,New York Knicks @ Toronto Raptors,2025-12-10T01:30:00Z,-116.0,-114.0
582a77bcdc5401a29e263ffed5d26609,Immanuel Quickley,player_points_rebounds_assists,28.5,draftkings,New York Knicks @ Toronto Raptors,2025-12-10T01:30:00Z,-112.0,-117.0
582a77bcdc5401a29e263ffed5d26609,Josh Hart,player_points_rebounds_assists,27.5,draftkings,New York Knicks @ Toronto Raptors,2025-12-10T01:30:00Z,-115.0,-114.0
582a77bcdc5401a29e263ffed5d26609,Mikal Bridges,player_points_rebounds_assists,22.5,draftkings,New York Knicks @ Toronto Raptors,2025-12-10T01:30:00Z,-114.0,-116.0
582a77bcdc5401a29e263ffed5d26609,Karl-Anthony Towns,player_rebounds,11.5,draftkings,New York Knicks @ Toronto Raptors,2025-12-10T01:30:00Z,-108.0,-122.0
582a77bcdc5401a29e263ffed5d26609,Josh Hart,player_rebounds,8.5,draftkings,New York Knicks @ Toronto Raptors,2025-12-10T01:30:00Z,-121.0,-109.0
582a77bcdc5401a29e263ffed5d26609,Mitchell Robinson,player_rebounds,7.5,draftkings,New York Knicks @ Toronto Raptors,2025-12-10T01:30:00Z,103.0,-136.0
582a77bcdc5401a29e263ffed5d26609,OG Anunoby,player_rebounds,4.5,draftkings,New York Knicks @ Toronto Raptors,2025-12-10T01:30:00Z,108.0,-142.0
582a77bcdc5401a29e263ffed5d26609,Mikal Bridges,player_rebounds,3.5,draftkings,New York Knicks @ Toronto Raptors,2025-12-10T01:30:00Z,-151.0,115.0
582a77bcdc5401a29e263ffed5d26609,Immanuel Quickley,player_rebounds,3.5,draftkings,New York Knicks @ Toronto Raptors,2025-12-10T01:30:00Z,-107.0,-123.0
582a77bcdc5401a29e263ffed5d26609,Jalen Brunson,player_rebounds,2.5,draftkings,New York Knicks @ Toronto Raptors,2025-12-10T01:30:00Z,-145.0,110.0
582a77bcdc5401a29e263ffed5d26609,Jordan Clarkson,player_rebounds,1.5,draftkings,New York Knicks @ Toronto Raptors,2025-12-10T01:30:00Z,-176.0,133.0
582a77bcdc5401a29e263ffed5d26609,Mikal Bridges,player_steals,1.5,draftkings,New York Knicks @ Toronto Raptors,2025-12-10T01:30:00Z,-121.0,-109.0
582a77bcdc5401a29e263ffed5d26609,Josh Hart,player_steals,1.5,draftkings,New York Knicks @ Toronto Raptors,2025-12-10T01:30:00Z,138.0,-185.0
582a77bcdc5401a29e263ffed5d26609,Immanuel Quickley,player_steals,0.5,draftkings,New York Knicks @ Toronto Raptors,2025-12-10T01:30:00Z,-244.0,180.0
582a77bcdc5401a29e263ffed5d26609,Jalen Brunson,player_steals,0.5,draftkings,New York Knicks @ Toronto Raptors,2025-12-10T01:30:00Z,-188.0,141.0
582a77bcdc5401a29e263ffed5d26609,Jalen Brunson,player_threes,2.5,draftkings,New York Knicks @ Toronto Raptors,2025-12-10T01:30:00Z,-125.0,-105.0
582a77bcdc5401a29e263ffed5d26609,Immanuel Quickley,player_threes,2.5,draftkings,New York Knicks @ Toronto Raptors,2025-12-10T01:30:00Z,-124.0,-106.0
582a77bcdc5401a29e263ffed5d26609,OG Anunoby,player_threes,2.5,draftkings,New York Knicks @ Toronto Raptors,2025-12-10T01:30:00Z,114.0,-151.0
582a77bcdc5401a29e263ffed5d26609,Mikal Bridges,player_threes,1.5,draftkings,New York Knicks @ Toronto Raptors,2025-12-10T01:30:00Z,-169.0,127.0
582a77bcdc5401a29e263ffed5d26609,Karl-Anthony Towns,player_threes,1.5,draftkings,New York Knicks @ Toronto Raptors,2025-12-10T01:30:00Z,-128.0,-103.0
582a77bcdc5401a29e263ffed5d26609,Josh Hart,player_threes,1.5,draftkings,New York Knicks @ Toronto Raptors,2025-12-10T01:30:00Z,-103.0,-128.0
582a77bcdc5401a29e263ffed5d26609,Jordan Clarkson,player_threes,1.5,draftkings,New York Knicks @ Toronto Raptors,2025-12-10T01:30:00Z,116.0,-153.0
582a77bcdc5401a29e263ffed5d26609,Josh Hart,player_triple_double,,draftkings,New York Knicks @ Toronto Raptors,2025-12-10T01:30:00Z,,
582a77bcdc5401a29e263ffed5d26609,Jalen Brunson,player_assists,6.5,fanduel,New York Knicks @ Toronto Raptors,2025-12-10T01:30:00Z,106.0,-140.0
582a77bcdc5401a29e263ffed5d26609,Mikal Bridges,player_assists,3.5,fanduel,New York Knicks @ Toronto Raptors,2025-12-10T01:30:00Z,104.0,-138.0
582a77bcdc5401a29e263ffed5d26609,Karl-Anthony Towns,player_assists,2.5,fanduel,New York Knicks @ Toronto Raptors,2025-12-10T01:30:00Z,-154.0,116.0
582a77bcdc5401a29e263ffed5d26609,Immanuel Quickley,player_assists,6.5,fanduel,New York Knicks @ Toronto Raptors,2025-12-10T01:30:00Z,102.0,-136.0
582a77bcdc5401a29e263ffed5d26609,Josh Hart,player_assists,5.5,fanduel,New York Knicks @ Toronto Raptors,2025-12-10T01:30:00Z,-114.0,-114.0
582a77bcdc5401a29e263ffed5d26609,Scottie Barnes,player_blocks,1.5,fanduel,New York Knicks @ Toronto Raptors,2025-12-10T01:30:00Z,116.0,-158.0
582a77bcdc5401a29e263ffed5d26609,Karl-Anthony Towns,player_double_double,,fanduel,New York Knicks @ Toronto Raptors,2025-12-10T01:30:00Z,,
582a77bcdc5401a29e263ffed5d26609,Josh Hart,player_double_double,,fanduel,New York Knicks @ Toronto Raptors,2025-12-10T01:30:00Z,,
582a77bcdc5401a29e263ffed5d26609,Immanuel Quickley,player_double_double,,fanduel,New York Knicks @ Toronto Raptors,2025-12-10T01:30:00Z,,
582a77bcdc5401a29e263ffed5d26609,Jalen Brunson,player_double_double,,fanduel,New York Knicks @ Toronto Raptors,2025-12-10T01:30:00Z,,
582a77bcdc5401a29e263ffed5d26609,Mitchell Robinson,player_double_double,,fanduel,New York Knicks @ Toronto Raptors,2025-12-10T01:30:00Z,,
582a77bcdc5401a29e263ffed5d26609,OG Anunoby,player_double_double,,fanduel,New York Knicks @ Toronto Raptors,2025-12-10T01:30:00Z,,
582a77bcdc5401a29e263ffed5d26609,Mikal Bridges,player_double_double,,fanduel,New York Knicks @ Toronto Raptors,2025-12-10T01:30:00Z,,
582a77bcdc5401a29e263ffed5d26609,Jalen Brunson,player_points,28.5,fanduel,New York Knicks @ Toronto Raptors,2025-12-10T01:30:00Z,-102.0,-130.0
582a77bcdc5401a29e263ffed5d26609,Jordan Clarkson,player_points,10.5,fanduel,New York Knicks @ Toronto Raptors,2025-12-10T01:30:00Z,-102.0,-130.0
582a77bcdc5401a29e263ffed5d26609,Immanuel Quickley,player_points,18.5,fanduel,New York Knicks @ Toronto Raptors,2025-12-10T01:30:00Z,-110.0,-120.0
582a77bcdc5401a29e263ffed5d26609,Mikal Bridges,player_points,14.5,fanduel,New York Knicks @ Toronto Raptors,2025-12-10T01:30:00Z,-114.0,-114.0
582a77bcdc5401a29e263ffed5d26609,Karl-Anthony Towns,player_points,22.5,fanduel,New York Knicks @ Toronto Raptors,2025-12-10T01:30:00Z,-108.0,-122.0
582a77bcdc5401a29e263ffed5d26609,OG Anunoby,player_points,15.5,fanduel,New York Knicks @ Toronto Raptors,2025-12-10T01:30:00Z,-102.0,-130.0
582a77bcdc5401a29e263ffed5d26609,Josh Hart,player_points,12.5,fanduel,New York Knicks @ Toronto Raptors,2025-12-10T01:30:00Z,-128.0,-104.0
582a77bcdc5401a29e263ffed5d26609,Mitchell Robinson,player_points,3.5,fanduel,New York Knicks @ Toronto Raptors,2025-12-10T01:30:00Z,-125.0,-106.0
582a77bcdc5401a29e263ffed5d26609,Karl-Anthony Towns,player_points_rebounds_assists,36.5,fanduel,New York Knicks @ Toronto Raptors,2025-12-10T01:30:00Z,-125.0,-106.0
582a77bcdc5401a29e263ffed5d26609,Jalen Brunson,player_points_rebounds_assists,37.5,fanduel,New York Knicks @ Toronto Raptors,2025-12-10T01:30:00Z,-114.0,-114.0
582a77bcdc5401a29e263ffed5d26609,Josh Hart,player_points_rebounds_assists,27.5,fanduel,New York Knicks @ Toronto Raptors,2025-12-10T01:30:00Z,-112.0,-118.0
582a77bcdc5401a29e263ffed5d26609,Mikal Bridges,player_points_rebounds_assists,22.5,fanduel,New York Knicks @ Toronto Raptors,2025-12-10T01:30:00Z,-102.0,-130.0
582a77bcdc5401a29e263ffed5d26609,Immanuel Quickley,player_points_rebounds_assists,28.5,fanduel,New York Knicks @ Toronto Raptors,2025-12-10T01:30:00Z,-118.0,-114.0
582a77bcdc5401a29e263ffed5d26609,OG Anunoby,player_points_rebounds_assists,20.5,fanduel,New York Knicks @ Toronto Raptors,2025-12-10T01:30:00Z,-128.0,-104.0
582a77bcdc5401a29e263ffed5d26609,Jalen Brunson,player_rebounds,2.5,fanduel,New York Knicks @ Toronto Raptors,2025-12-10T01:30:00Z,-154.0,116.0
582a77bcdc5401a29e263ffed5d26609,OG Anunoby,player_rebounds,3.5,fanduel,New York Knicks @ Toronto Raptors,2025-12-10T01:30:00Z,-172.0,128.0
582a77bcdc5401a29e263ffed5d26609,Josh Hart,player_rebounds,8.5,fanduel,New York Knicks @ Toronto Raptors,2025-12-10T01:30:00Z,-114.0,-114.0
582a77bcdc5401a29e263ffed5d26609,Karl-Anthony Towns,player_rebounds,11.5,fanduel,New York Knicks @ Toronto Raptors,2025-12-10T01:30:00Z,-114.0,-114.0
582a77bcdc5401a29e263ffed5d26609,Mikal Bridges,player_rebounds,3.5,fanduel,New York Knicks @ Toronto Raptors,2025-12-10T01:30:00Z,-144.0,108.0
582a77bcdc5401a29e263ffed5d26609,Immanuel Quickley,player_rebounds,3.5,fanduel,New York Knicks @ Toronto Raptors,2025-12-10T01:30:00Z,-114.0,-114.0
582a77bcdc5401a29e263ffed5d26609,Jordan Clarkson,player_rebounds,2.5,fanduel,New York Knicks @ Toronto Raptors,2025-12-10T01:30:00Z,154.0,-210.0
582a77bcdc5401a29e263ffed5d26609,Mitchell Robinson,player_rebounds,7.5,fanduel,New York Knicks @ Toronto Raptors,2025-12-10T01:30:00Z,116.0,-154.0
582a77bcdc5401a29e263ffed5d26609,Mikal Bridges,player_steals,1.5,fanduel,New York Knicks @ Toronto Raptors,2025-12-10T01:30:00Z,-114.0,-114.0
582a77bcdc5401a29e263ffed5d26609,Josh Hart,player_steals,1.5,fanduel,New York Knicks @ Toronto Raptors,2025-12-10T01:30:00Z,148.0,-200.0
582a77bcdc5401a29e263ffed5d26609,Immanuel Quickley,player_steals,0.5,fanduel,New York Knicks @ Toronto Raptors,2025-12-10T01:30:00Z,-225.0,164.0
582a77bcdc5401a29e263ffed5d26609,Jalen Brunson,player_threes,2.5,fanduel,New York Knicks @ Toronto Raptors,2025-12-10T01:30:00Z,-130.0,-102.0
582a77bcdc5401a29e263ffed5d26609,Karl-Anthony Towns,player_threes,1.5,fanduel,New York Knicks @ Toronto Raptors,2025-12-10T01:30:00Z,-148.0,112.0
582a77bcdc5401a29e263ffed5d26609,OG Anunoby,player_threes,2.5,fanduel,New York Knicks @ Toronto Raptors,2025-12-10T01:30:00Z,118.0,-158.0
582a77bcdc5401a29e263ffed5d26609,Jordan Clarkson,player_threes,1.5,fanduel,New York Knicks @ Toronto Raptors,2025-12-10T01:30:00Z,-102.0,-130.0
582a77bcdc5401a29e263ffed5d26609,Immanuel Quickley,player_threes,2.5,fanduel,New York Knicks @ Toronto Raptors,2025-12-10T01:30:00Z,-136.0,102.0
582a77bcdc5401a29e263ffed5d26609,Josh Hart,player_threes,1.5,fanduel,New York Knicks @ Toronto Raptors,2025-12-10T01:30:00Z,-108.0,-122.0
582a77bcdc5401a29e263ffed5d26609,Mikal Bridges,player_threes,1.5,fanduel,New York Knicks @ Toronto Raptors,2025-12-10T01:30:00Z,-188.0,140.0
582a77bcdc5401a29e263ffed5d26609,Josh Hart,player_triple_double,,fanduel,New York Knicks @ Toronto Raptors,2025-12-10T01:30:00Z,,
582a77bcdc5401a29e263ffed5d26609,Josh Hart,player_assists,5.5,williamhill_us,New York Knicks @ Toronto Raptors,2025-12-10T01:30:00Z,-117.0,-115.0
582a77bcdc5401a29e263ffed5d26609,OG Anunoby,player_assists,1.5,williamhill_us,New York Knicks @ Toronto Raptors,2025-12-10T01:30:00Z,-106.0,-127.0
582a77bcdc5401a29e263ffed5d26609,Jalen Brunson,player_assists,6.5,williamhill_us,New York Knicks @ Toronto Raptors,2025-12-10T01:30:00Z,-110.0,-122.0
582a77bcdc5401a29e263ffed5d26609,Mikal Bridges,player_assists,3.5,williamhill_us,New York Knicks @ Toronto Raptors,2025-12-10T01:30:00Z,100.0,-132.0
582a77bcdc5401a29e263ffed5d26609,Scottie Barnes,player_assists,6.5,williamhill_us,New York Knicks @ Toronto Raptors,2025-12-10T01:30:00Z,115.0,-160.0
582a77bcdc5401a29e263ffed5d26609,Karl-Anthony Towns,player_assists,2.5,williamhill_us,New York Knicks @ Toronto Raptors,2025-12-10T01:30:00Z,-162.0,121.0
582a77bcdc5401a29e263ffed5d26609,Immanuel Quickley,player_assists,6.5,williamhill_us,New York Knicks @ Toronto Raptors,2025-12-10T01:30:00Z,-102.0,-135.0
582a77bcdc5401a29e263ffed5d26609,Brandon Ingram,player_assists,4.5,williamhill_us,New York Knicks @ Toronto Raptors,2025-12-10T01:30:00Z,112.0,-150.0
582a77bcdc5401a29e263ffed5d26609,Karl-Anthony Towns,player_double_double,,williamhill_us,New York Knicks @ Toronto Raptors,2025-12-10T01:30:00Z,,
582a77bcdc5401a29e263ffed5d26609,Josh Hart,player_double_double,,williamhill_us,New York Knicks @ Toronto Raptors,2025-12-10T01:30:00Z,,
582a77bcdc5401a29e263ffed5d26609,Scottie Barnes,player_double_double,,williamhill_us,New York Knicks @ Toronto Raptors,2025-12-10T01:30:00Z,,
582a77bcdc5401a29e263ffed5d26609,Jakob Poeltl,player_double_double,,williamhill_us,New York Knicks @ Toronto Raptors,2025-12-10T01:30:00Z,,
582a77bcdc5401a29e263ffed5d26609,Jalen Brunson,player_double_double,,williamhill_us,New York Knicks @ Toronto Raptors,2025-12-10T01:30:00Z,,
582a77bcdc5401a29e263ffed5d26609,Immanuel Quickley,player_double_double,,williamhill_us,New York Knicks @ Toronto Raptors,2025-12-10T01:30:00Z,,
582a77bcdc5401a29e263ffed5d26609,Brandon Ingram,player_double_double,,williamhill_us,New York Knicks @ Toronto Raptors,2025-12-10T01:30:00Z,,
582a77bcdc5401a29e263ffed5d26609,Mitchell Robinson,player_double_double,,williamhill_us,New York Knicks @ Toronto Raptors,2025-12-10T01:30:00Z,,
582a77bcdc5401a29e263ffed5d26609,Scottie Barnes,player_points,21.5,williamhill_us,New York Knicks @ Toronto Raptors,2025-12-10T01:30:00Z,-113.0,-118.0
582a77bcdc5401a29e263ffed5d26609,Jalen Brunson,player_points,28.5,williamhill_us,New York Knicks @ Toronto Raptors,2025-12-10T01:30:00Z,-114.0,-117.0
582a77bcdc5401a29e263ffed5d26609,Mikal Bridges,player_points,14.5,williamhill_us,New York Knicks @ Toronto Raptors,2025-12-10T01:30:00Z,-124.0,-108.0
582a77bcdc5401a29e263ffed5d26609,Karl-Anthony Towns,player_points,22.5,williamhill_us,New York Knicks @ Toronto Raptors,2025-12-10T01:30:00Z,-114.0,-118.0
582a77bcdc5401a29e263ffed5d26609,Brandon Ingram,player_points,23.5,williamhill_us,New York Knicks @ Toronto Raptors,2025-12-10T01:30:00Z,-109.0,-122.0
582a77bcdc5401a29e263ffed5d26609,Sandro Mamukelashvili,player_points,9.5,williamhill_us,New York Knicks @ Toronto Raptors,2025-12-10T01:30:00Z,-130.0,-103.0
582a77bcdc5401a29e263ffed5d26609,Mitchell Robinson,player_points,3.5,williamhill_us,New York Knicks @ Toronto Raptors,2025-12-10T01:30:00Z,-136.0,102.0
582a77bcdc5401a29e263ffed5d26609,Josh Hart,player_points,13.5,williamhill_us,New York Knicks @ Toronto Raptors,2025-12-10T01:30:00Z,-104.0,-129.0
582a77bcdc5401a29e263ffed5d26609,Immanuel Quickley,player_points,18.5,williamhill_us,New York Knicks @ Toronto Raptors,2025-12-10T01:30:00Z,-109.0,-122.0
582a77bcdc5401a29e263ffed5d26609,OG Anunoby,player_points,15.5,williamhill_us,New York Knicks @ Toronto Raptors,2025-12-10T01:30:00Z,-110.0,-121.0
582a77bcdc5401a29e263ffed5d26609,Jakob Poeltl,player_points,9.5,williamhill_us,New York Knicks @ Toronto Raptors,2025-12-10T01:30:00Z,-121.0,-110.0
582a77bcdc5401a29e263ffed5d26609,Jordan Clarkson,player_points,10.5,williamhill_us,New York Knicks @ Toronto Raptors,2025-12-10T01:30:00Z,-108.0,-124.0
582a77bcdc5401a29e263ffed5d26609,Jordan Clarkson,player_rebounds,1.5,williamhill_us,New York Knicks @ Toronto Raptors,2025-12-10T01:30:00Z,-179.0,133.0
582a77bcdc5401a29e263ffed5d26609,Sandro Mamukelashvili,player_rebounds,4.5,williamhill_us,New York Knicks @ Toronto Raptors,2025-12-10T01:30:00Z,-127.0,-106.0
582a77bcdc5401a29e263ffed5d26609,Mitchell Robinson,player_rebounds,7.5,williamhill_us,New York Knicks @ Toronto Raptors,2025-12-10T01:30:00Z,105.0,-138.0
582a77bcdc5401a29e263ffed5d26609,Jakob Poeltl,player_rebounds,8.5,williamhill_us,New York Knicks @ Toronto Raptors,2025-12-10T01:30:00Z,108.0,-145.0
582a77bcdc5401a29e263ffed5d26609,OG Anunoby,player_rebounds,3.5,williamhill_us,New York Knicks @ Toronto Raptors,2025-12-10T01:30:00Z,-180.0,135.0
582a77bcdc5401a29e263ffed5d26609,Jalen Brunson,player_rebounds,2.5,williamhill_us,New York Knicks @ Toronto Raptors,2025-12-10T01:30:00Z,-150.0,111.0
582a77bcdc5401a29e263ffed5d26609,Immanuel Quickley,player_rebounds,3.5,williamhill_us,New York Knicks @ Toronto Raptors,2025-12-10T01:30:00Z,-113.0,-120.0
582a77bcdc5401a29e263ffed5d26609,Karl-Anthony Towns,player_rebounds,11.5,williamhill_us,New York Knicks @ Toronto Raptors,2025-12-10T01:30:00Z,-112.0,-120.0
582a77bcdc5401a29e263ffed5d26609,Mikal Bridges,player_rebounds,3.5,williamhill_us,New York Knicks @ Toronto Raptors,2025-12-10T01:30:00Z,-145.0,109.0
582a77bcdc5401a29e263ffed5d26609,Brandon Ingram,player_rebounds,5.5,williamhill_us,New York Knicks @ Toronto Raptors,2025-12-10T01:30:00Z,109.0,-145.0
582a77bcdc5401a29e263ffed5d26609,Josh Hart,player_rebounds,8.5,williamhill_us,New York Knicks @ Toronto Raptors,2025-12-10T01:30:00Z,-120.0,-112.0
582a77bcdc5401a29e263ffed5d26609,Scottie Barnes,player_rebounds,7.5,williamhill_us,New York Knicks @ Toronto Raptors,2025-12-10T01:30:00Z,-130.0,-104.0
582a77bcdc5401a29e263ffed5d26609,Jalen Brunson,player_threes,2.5,williamhill_us,New York Knicks @ Toronto Raptors,2025-12-10T01:30:00Z,-134.0,101.0
582a77bcdc5401a29e263ffed5d26609,Mikal Bridges,player_threes,1.5,williamhill_us,New York Knicks @ Toronto Raptors,2025-12-10T01:30:00Z,-179.0,133.0
582a77bcdc5401a29e263ffed5d26609,Jordan Clarkson,player_threes,1.5,williamhill_us,New York Knicks @ Toronto Raptors,2025-12-10T01:30:00Z,102.0,-136.0
582a77bcdc5401a29e263ffed5d26609,OG Anunoby,player_threes,2.5,williamhill_us,New York Knicks @ Toronto Raptors,2025-12-10T01:30:00Z,114.0,-152.0
582a77bcdc5401a29e263ffed5d26609,Josh Hart,player_threes,1.5,williamhill_us,New York Knicks @ Toronto Raptors,2025-12-10T01:30:00Z,-108.0,-127.0
582a77bcdc5401a29e263ffed5d26609,Sandro Mamukelashvili,player_threes,1.5,williamhill_us,New York Knicks @ Toronto Raptors,2025-12-10T01:30:00Z,160.0,-230.0
582a77bcdc5401a29e263ffed5d26609,Brandon Ingram,player_threes,1.5,williamhill_us,New York Knicks @ Toronto Raptors,2025-12-10T01:30:00Z,-141.0,106.0
582a77bcdc5401a29e263ffed5d26609,Scottie Barnes,player_threes,1.5,williamhill_us,New York Knicks @ Toronto Raptors,2025-12-10T01:30:00Z,122.0,-162.0
582a77bcdc5401a29e263ffed5d26609,Karl-Anthony Towns,player_threes,1.5,williamhill_us,New York Knicks @ Toronto Raptors,2025-12-10T01:30:00Z,-154.0,116.0
582a77bcdc5401a29e263ffed5d26609,Josh Hart,player_triple_double,,williamhill_us,New York Knicks @ Toronto Raptors,2025-12-10T01:30:00Z,,
582a77bcdc5401a29e263ffed5d26609,Scottie Barnes,player_triple_double,,williamhill_us,New York Knicks @ Toronto Raptors,2025-12-10T01:30:00Z,,
582a77bcdc5401a29e263ffed5d26609,Josh Hart,player_assists,5.5,betrivers,New York Knicks @ Toronto Raptors,2025-12-10T01:30:00Z,-117.0,-114.0
582a77bcdc5401a29e263ffed5d26609,Karl-Anthony Towns,player_assists,2.5,betrivers,New York Knicks @ Toronto Raptors,2025-12-10T01:30:00Z,-175.0,130.0
582a77bcdc5401a29e263ffed5d26609,Mikal Bridges,player_assists,3.5,betrivers,New York Knicks @ Toronto Raptors,2025-12-10T01:30:00Z,112.0,-148.0
582a77bcdc5401a29e263ffed5d26609,Jalen Brunson,player_assists,6.5,betrivers,New York Knicks @ Toronto Raptors,2025-12-10T01:30:00Z,102.0,-136.0
582a77bcdc5401a29e263ffed5d26609,Jalen Brunson,player_points,29.5,betrivers,New York Knicks @ Toronto Raptors,2025-12-10T01:30:00Z,115.0,-159.0
582a77bcdc5401a29e263ffed5d26609,Mikal Bridges,player_points,15.5,betrivers,New York Knicks @ Toronto Raptors,2025-12-10T01:30:00Z,112.0,-152.0
582a77bcdc5401a29e263ffed5d26609,Karl-Anthony Towns,player_points,23.5,betrivers,New York Knicks @ Toronto Raptors,2025-12-10T01:30:00Z,114.0,-157.0
582a77bcdc5401a29e263ffed5d26609,Jordan Clarkson,player_points,9.5,betrivers,New York Knicks @ Toronto Raptors,2025-12-10T01:30:00Z,-152.0,112.0
582a77bcdc5401a29e263ffed5d26609,Josh Hart,player_points,12.5,betrivers,New York Knicks @ Toronto Raptors,2025-12-10T01:30:00Z,-136.0,102.0
582a77bcdc5401a29e263ffed5d26609,Josh Hart,player_points,13.5,betrivers,New York Knicks @ Toronto Raptors,2025-12-10T01:30:00Z,100.0,-134.0
582a77bcdc5401a29e263ffed5d26609,OG Anunoby,player_points,14.5,betrivers,New York Knicks @ Toronto Raptors,2025-12-10T01:30:00Z,-134.0,100.0
582a77bcdc5401a29e263ffed5d26609,OG Anunoby,player_points,15.5,betrivers,New York Knicks @ Toronto Raptors,2025-12-10T01:30:00Z,100.0,-134.0
582a77bcdc5401a29e263ffed5d26609,Karl-Anthony Towns,player_points,22.5,betrivers,New York Knicks @ Toronto Raptors,2025-12-10T01:30:00Z,-109.0,-122.0
582a77bcdc5401a29e263ffed5d26609,Mikal Bridges,player_points,14.5,betrivers,New York Knicks @ Toronto Raptors,2025-12-10T01:30:00Z,-115.0,-115.0
582a77bcdc5401a29e263ffed5d26609,Jalen Brunson,player_points,27.5,betrivers,New York Knicks @ Toronto Raptors,2025-12-10T01:30:00Z,-130.0,-103.0
582a77bcdc5401a29e263ffed5d26609,Mikal Bridges,player_points,13.5,betrivers,New York Knicks @ Toronto Raptors,2025-12-10T01:30:00Z,-155.0,114.0
582a77bcdc5401a29e263ffed5d26609,Jordan Clarkson,player_points,10.5,betrivers,New York Knicks @ Toronto Raptors,2025-12-10T01:30:00Z,-108.0,-124.0
582a77bcdc5401a29e263ffed5d26609,Jalen Brunson,player_points,28.5,betrivers,New York Knicks @ Toronto Raptors,2025-12-10T01:30:00Z,-106.0,-127.0
582a77bcdc5401a29e263ffed5d26609,Mitchell Robinson,player_points,3.5,betrivers,New York Knicks @ Toronto Raptors,2025-12-10T01:30:00Z,-113.0,-118.0
582a77bcdc5401a29e263ffed5d26609,Karl-Anthony Towns,player_points,21.5,betrivers,New York Knicks @ Toronto Raptors,2025-12-10T01:30:00Z,-139.0,104.0
582a77bcdc5401a29e263ffed5d26609,Mitchell Robinson,player_points,2.5,betrivers,New York Knicks @ Toronto Raptors,2025-12-10T01:30:00Z,-143.0,107.0
582a77bcdc5401a29e263ffed5d26609,Jalen Brunson,player_points,26.5,betrivers,New York Knicks @ Toronto Raptors,2025-12-10T01:30:00Z,-167.0,120.0
582a77bcdc5401a29e263ffed5d26609,Jalen Brunson,player_points_rebounds_assists,38.5,betrivers,New York Knicks @ Toronto Raptors,2025-12-10T01:30:00Z,104.0,-139.0
582a77bcdc5401a29e263ffed5d26609,Karl-Anthony Towns,player_points_rebounds_assists,38.5,betrivers,New York Knicks @ Toronto Raptors,2025-12-10T01:30:00Z,112.0,-152.0
582a77bcdc5401a29e263ffed5d26609,Karl-Anthony Towns,player_points_rebounds_assists,37.5,betrivers,New York Knicks @ Toronto Raptors,2025-12-10T01:30:00Z,-107.0,-124.0
582a77bcdc5401a29e263ffed5d26609,Mikal Bridges,player_points_rebounds_assists,21.5,betrivers,New York Knicks @ Toronto Raptors,2025-12-10T01:30:00Z,-125.0,-107.0
582a77bcdc5401a29e263ffed5d26609,Jalen Brunson,player_points_rebounds_assists,36.5,betrivers,New York Knicks @ Toronto Raptors,2025-12-10T01:30:00Z,-143.0,107.0
582a77bcdc5401a29e263ffed5d26609,Karl-Anthony Towns,player_points_rebounds_assists,36.5,betrivers,New York Knicks @ Toronto Raptors,2025-12-10T01:30:00Z,-130.0,-103.0
582a77bcdc5401a29e263ffed5d26609,Mikal Bridges,player_points_rebounds_assists,22.5,betrivers,New York Knicks @ Toronto Raptors,2025-12-10T01:30:00Z,100.0,-134.0
582a77bcdc5401a29e263ffed5d26609,Josh Hart,player_points_rebounds_assists,26.5,betrivers,New York Knicks @ Toronto Raptors,2025-12-10T01:30:00Z,-150.0,110.0
582a77bcdc5401a29e263ffed5d26609,Mikal Bridges,player_points_rebounds_assists,20.5,betrivers,New York Knicks @ Toronto Raptors,2025-12-10T01:30:00Z,-165.0,120.0
582a77bcdc5401a29e263ffed5d26609,Jalen Brunson,player_points_rebounds_assists,37.5,betrivers,New York Knicks @ Toronto Raptors,2025-12-10T01:30:00Z,-117.0,-114.0
582a77bcdc5401a29e263ffed5d26609,Josh Hart,player_points_rebounds_assists,27.5,betrivers,New York Knicks @ Toronto Raptors,2025-12-10T01:30:00Z,-117.0,-114.0
582a77bcdc5401a29e263ffed5d26609,Karl-Anthony Towns,player_points_rebounds_assists,35.5,betrivers,New York Knicks @ Toronto Raptors,2025-12-10T01:30:00Z,-165.0,118.0
582a77bcdc5401a29e263ffed5d26609,Josh Hart,player_points_rebounds_assists,28.5,betrivers,New York Knicks @ Toronto Raptors,2025-12-10T01:30:00Z,108.0,-148.0
582a77bcdc5401a29e263ffed5d26609,Josh Hart,player_rebounds,8.5,betrivers,New York Knicks @ Toronto Raptors,2025-12-10T01:30:00Z,-121.0,-110.0
582a77bcdc5401a29e263ffed5d26609,Mikal Bridges,player_rebounds,3.5,betrivers,New York Knicks @ Toronto Raptors,2025-12-10T01:30:00Z,-143.0,108.0
582a77bcdc5401a29e263ffed5d26609,Jalen Brunson,player_rebounds,2.5,betrivers,New York Knicks @ Toronto Raptors,2025-12-10T01:30:00Z,-157.0,118.0
582a77bcdc5401a29e263ffed5d26609,OG Anunoby,player_rebounds,3.5,betrivers,New York Knicks @ Toronto Raptors,2025-12-10T01:30:00Z,-165.0,123.0
582a77bcdc5401a29e263ffed5d26609,Jordan Clarkson,player_rebounds,2.5,betrivers,New York Knicks @ Toronto Raptors,2025-12-10T01:30:00Z,155.0,-210.0
582a77bcdc5401a29e263ffed5d26609,Karl-Anthony Towns,player_rebounds,11.5,betrivers,New York Knicks @ Toronto Raptors,2025-12-10T01:30:00Z,-115.0,-115.0
582a77bcdc5401a29e263ffed5d26609,Mitchell Robinson,player_rebounds,6.5,betrivers,New York Knicks @ Toronto Raptors,2025-12-10T01:30:00Z,-148.0,110.0
582a77bcdc5401a29e263ffed5d26609,Jalen Brunson,player_threes,2.5,betrivers,New York Knicks @ Toronto Raptors,2025-12-10T01:30:00Z,-129.0,-105.0
582a77bcdc5401a29e263ffed5d26609,OG Anunoby,player_threes,2.5,betrivers,New York Knicks @ Toronto Raptors,2025-12-10T01:30:00Z,120.0,-162.0
582a77bcdc5401a29e263ffed5d26609,Mikal Bridges,player_threes,1.5,betrivers,New York Knicks @ Toronto Raptors,2025-12-10T01:30:00Z,-190.0,140.0
582a77bcdc5401a29e263ffed5d26609,Jordan Clarkson,player_threes,1.5,betrivers,New York Knicks @ Toronto Raptors,2025-12-10T01:30:00Z,106.0,-141.0
582a77bcdc5401a29e263ffed5d26609,Karl-Anthony Towns,player_threes,1.5,betrivers,New York Knicks @ Toronto Raptors,2025-12-10T01:30:00Z,-148.0,110.0
582a77bcdc5401a29e263ffed5d26609,Josh Hart,player_threes,1.5,betrivers,New York Knicks @ Toronto Raptors,2025-12-10T01:30:00Z,112.0,-150.0
582a77bcdc5401a29e263ffed5d26609,OG Anunoby,player_assists,1.5,betmgm,New York Knicks @ Toronto Raptors,2025-12-10T01:30:00Z,-110.0,-120.0
582a77bcdc5401a29e263ffed5d26609,Immanuel Quickley,player_assists,6.5,betmgm,New York Knicks @ Toronto Raptors,2025-12-10T01:30:00Z,-110.0,-120.0
582a77bcdc5401a29e263ffed5d26609,Mikal Bridges,player_assists,3.5,betmgm,New York Knicks @ Toronto Raptors,2025-12-10T01:30:00Z,-110.0,-120.0
582a77bcdc5401a29e263ffed5d26609,Jalen Brunson,player_assists,6.5,betmgm,New York Knicks @ Toronto Raptors,2025-12-10T01:30:00Z,-105.0,-125.0
582a77bcdc5401a29e263ffed5d26609,Josh Hart,player_assists,5.5,betmgm,New York Knicks @ Toronto Raptors,2025-12-10T01:30:00Z,-110.0,-120.0
582a77bcdc5401a29e263ffed5d26609,Karl-Anthony Towns,player_assists,2.5,betmgm,New York Knicks @ Toronto Raptors,2025-12-10T01:30:00Z,-165.0,125.0
582a77bcdc5401a29e263ffed5d26609,Collin Murray-Boyles,player_assists,1.5,betmgm,New York Knicks @ Toronto Raptors,2025-12-10T01:30:00Z,100.0,-135.0
582a77bcdc5401a29e263ffed5d26609,Mitchell Robinson,player_assists,0.5,betmgm,New York Knicks @ Toronto Raptors,2025-12-10T01:30:00Z,115.0,-150.0
582a77bcdc5401a29e263ffed5d26609,Sandro Mamukelashvili,player_assists,1.5,betmgm,New York Knicks @ Toronto Raptors,2025-12-10T01:30:00Z,-115.0,-115.0
582a77bcdc5401a29e263ffed5d26609,Jordan Clarkson,player_assists,1.5,betmgm,New York Knicks @ Toronto Raptors,2025-12-10T01:30:00Z,-175.0,130.0
582a77bcdc5401a29e263ffed5d26609,Jakob Poeltl,player_assists,2.5,betmgm,New York Knicks @ Toronto Raptors,2025-12-10T01:30:00Z,120.0,-155.0
582a77bcdc5401a29e263ffed5d26609,Tyler Kolek,player_assists,1.5,betmgm,New York Knicks @ Toronto Raptors,2025-12-10T01:30:00Z,-175.0,130.0
582a77bcdc5401a29e263ffed5d26609,Scottie Barnes,player_assists,6.5,betmgm,New York Knicks @ Toronto Raptors,2025-12-10T01:30:00Z,100.0,-135.0
582a77bcdc5401a29e263ffed5d26609,Brandon Ingram,player_assists,4.5,betmgm,New York Knicks @ Toronto Raptors,2025-12-10T01:30:00Z,100.0,-135.0
582a77bcdc5401a29e263ffed5d26609,OG Anunoby,player_blocks,0.5,betmgm,New York Knicks @ Toronto Raptors,2025-12-10T01:30:00Z,-150.0,105.0
582a77bcdc5401a29e263ffed5d26609,Brandon Ingram,player_blocks,0.5,betmgm,New York Knicks @ Toronto Raptors,2025-12-10T01:30:00Z,125.0,-175.0
582a77bcdc5401a29e263ffed5d26609,Immanuel Quickley,player_blocks,0.5,betmgm,New York Knicks @ Toronto Raptors,2025-12-10T01:30:00Z,500.0,-1000.0
582a77bcdc5401a29e263ffed5d26609,Jalen Brunson,player_blocks,0.5,betmgm,New York Knicks @ Toronto Raptors,2025-12-10T01:30:00Z,550.0,-1200.0
582a77bcdc5401a29e263ffed5d26609,Josh Hart,player_blocks,0.5,betmgm,New York Knicks @ Toronto Raptors,2025-12-10T01:30:00Z,170.0,-235.0
582a77bcdc5401a29e263ffed5d26609,Karl-Anthony Towns,player_blocks,0.5,betmgm,New York Knicks @ Toronto Raptors,2025-12-10T01:30:00Z,-115.0,-120.0
582a77bcdc5401a29e263ffed5d26609,Jakob Poeltl,player_blocks,0.5,betmgm,New York Knicks @ Toronto Raptors,2025-12-10T01:30:00Z,-140.0,100.0
582a77bcdc5401a29e263ffed5d26609,Scottie Barnes,player_blocks,1.5,betmgm,New York Knicks @ Toronto Raptors,2025-12-10T01:30:00Z,120.0,-165.0
582a77bcdc5401a29e263ffed5d26609,Mikal Bridges,player_blocks,1.5,betmgm,New York Knicks @ Toronto Raptors,2025-12-10T01:30:00Z,180.0,-250.0
582a77bcdc5401a29e263ffed5d26609,OG Anunoby,player_double_double,,betmgm,New York Knicks @ Toronto Raptors,2025-12-10T01:30:00Z,,
582a77bcdc5401a29e263ffed5d26609,Brandon Ingram,player_double_double,,betmgm,New York Knicks @ Toronto Raptors,2025-12-10T01:30:00Z,,
582a77bcdc5401a29e263ffed5d26609,Immanuel Quickley,player_double_double,,betmgm,New York Knicks @ Toronto Raptors,2025-12-10T01:30:00Z,,
582a77bcdc5401a29e263ffed5d26609,Mikal Bridges,player_double_double,,betmgm,New York Knicks @ Toronto Raptors,2025-12-10T01:30:00Z,,
582a77bcdc5401a29e263ffed5d26609,Jalen Brunson,player_double_double,,betmgm,New York Knicks @ Toronto Raptors,2025-12-10T01:30:00Z,,
582a77bcdc5401a29e263ffed5d26609,Josh Hart,player_double_double,,betmgm,New York Knicks @ Toronto Raptors,2025-12-10T01:30:00Z,,
582a77bcdc5401a29e263ffed5d26609,Karl-Anthony Towns,player_double_double,,betmgm,New York Knicks @ Toronto Raptors,2025-12-10T01:30:00Z,,
582a77bcdc5401a29e263ffed5d26609,Jakob Poeltl,player_double_double,,betmgm,New York Knicks @ Toronto Raptors,2025-12-10T01:30:00Z,,
582a77bcdc5401a29e263ffed5d26609,Scottie Barnes,player_double_double,,betmgm,New York Knicks @ Toronto Raptors,2025-12-10T01:30:00Z,,
582a77bcdc5401a29e263ffed5d26609,OG Anunoby,player_points,15.5,betmgm,New York Knicks @ Toronto Raptors,2025-12-10T01:30:00Z,-105.0,-125.0
582a77bcdc5401a29e263ffed5d26609,Brandon Ingram,player_points,23.5,betmgm,New York Knicks @ Toronto Raptors,2025-12-10T01:30:00Z,-115.0,-115.0
582a77bcdc5401a29e263ffed5d26609,Tyler Kolek,player_points,3.5,betmgm,New York Knicks @ Toronto Raptors,2025-12-10T01:30:00Z,110.0,-145.0
582a77bcdc5401a29e263ffed5d26609,Mikal Bridges,player_points,14.5,betmgm,New York Knicks @ Toronto Raptors,2025-12-10T01:30:00Z,-115.0,-115.0
582a77bcdc5401a29e263ffed5d26609,Jalen Brunson,player_points,28.5,betmgm,New York Knicks @ Toronto Raptors,2025-12-10T01:30:00Z,-118.0,-110.0
582a77bcdc5401a29e263ffed5d26609,Karl-Anthony Towns,player_points,22.5,betmgm,New York Knicks @ Toronto Raptors,2025-12-10T01:30:00Z,-110.0,-118.0
582a77bcdc5401a29e263ffed5d26609,Mitchell Robinson,player_points,3.5,betmgm,New York Knicks @ Toronto Raptors,2025-12-10T01:30:00Z,-130.0,100.0
582a77bcdc5401a29e263ffed5d26609,Jordan Clarkson,player_points,9.5,betmgm,New York Knicks @ Toronto Raptors,2025-12-10T01:30:00Z,-135.0,100.0
582a77bcdc5401a29e263ffed5d26609,Immanuel Quickley,player_points,18.5,betmgm,New York Knicks @ Toronto Raptors,2025-12-10T01:30:00Z,-105.0,-130.0
582a77bcdc5401a29e263ffed5d26609,Josh Hart,player_points,13.5,betmgm,New York Knicks @ Toronto Raptors,2025-12-10T01:30:00Z,-110.0,-120.0
582a77bcdc5401a29e263ffed5d26609,Sandro Mamukelashvili,player_points,9.5,betmgm,New York Knicks @ Toronto Raptors,2025-12-10T01:30:00Z,-130.0,100.0
582a77bcdc5401a29e263ffed5d26609,Scottie Barnes,player_points,21.5,betmgm,New York Knicks @ Toronto Raptors,2025-12-10T01:30:00Z,-118.0,-110.0
582a77bcdc5401a29e263ffed5d26609,Jakob Poeltl,player_points,10.5,betmgm,New York Knicks @ Toronto Raptors,2025-12-10T01:30:00Z,105.0,-145.0
582a77bcdc5401a29e263ffed5d26609,Collin Murray-Boyles,player_points,6.5,betmgm,New York Knicks @ Toronto Raptors,2025-12-10T01:30:00Z,105.0,-140.0
582a77bcdc5401a29e263ffed5d26609,OG Anunoby,player_points_rebounds_assists,20.5,betmgm,New York Knicks @ Toronto Raptors,2025-12-10T01:30:00Z,-130.0,-105.0
582a77bcdc5401a29e263ffed5d26609,Immanuel Quickley,player_points_rebounds_assists,28.5,betmgm,New York Knicks @ Toronto Raptors,2025-12-10T01:30:00Z,-110.0,-118.0
582a77bcdc5401a29e263ffed5d26609,Jalen Brunson,player_points_rebounds_assists,37.5,betmgm,New York Knicks @ Toronto Raptors,2025-12-10T01:30:00Z,-125.0,-105.0
582a77bcdc5401a29e263ffed5d26609,Karl-Anthony Towns,player_points_rebounds_assists,37.5,betmgm,New York Knicks @ Toronto Raptors,2025-12-10T01:30:00Z,-110.0,-125.0
582a77bcdc5401a29e263ffed5d26609,Jakob Poeltl,player_points_rebounds_assists,20.5,betmgm,New York Knicks @ Toronto Raptors,2025-12-10T01:30:00Z,-120.0,-110.0
582a77bcdc5401a29e263ffed5d26609,Tyler Kolek,player_points_rebounds_assists,6.5,betmgm,New York Knicks @ Toronto Raptors,2025-12-10T01:30:00Z,-105.0,-130.0
582a77bcdc5401a29e263ffed5d26609,Mitchell Robinson,player_points_rebounds_assists,11.5,betmgm,New York Knicks @ Toronto Raptors,2025-12-10T01:30:00Z,-115.0,-115.0
582a77bcdc5401a29e263ffed5d26609,Jordan Clarkson,player_points_rebounds_assists,14.5,betmgm,New York Knicks @ Toronto Raptors,2025-12-10T01:30:00Z,-105.0,-125.0
582a77bcdc5401a29e263ffed5d26609,Mikal Bridges,player_points_rebounds_assists,22.5,betmgm,New York Knicks @ Toronto Raptors,2025-12-10T01:30:00Z,-105.0,-130.0
582a77bcdc5401a29e263ffed5d26609,Brandon Ingram,player_points_rebounds_assists,33.5,betmgm,New York Knicks @ Toronto Raptors,2025-12-10T01:30:00Z,-115.0,-115.0
582a77bcdc5401a29e263ffed5d26609,Sandro Mamukelashvili,player_points_rebounds_assists,16.5,betmgm,New York Knicks @ Toronto Raptors,2025-12-10T01:30:00Z,-118.0,-115.0
582a77bcdc5401a29e263ffed5d26609,Collin Murray-Boyles,player_points_rebounds_assists,11.5,betmgm,New York Knicks @ Toronto Raptors,2025-12-10T01:30:00Z,100.0,-135.0
582a77bcdc5401a29e263ffed5d26609,Josh Hart,player_points_rebounds_assists,28.5,betmgm,New York Knicks @ Toronto Raptors,2025-12-10T01:30:00Z,-105.0,-130.0
582a77bcdc5401a29e263ffed5d26609,Scottie Barnes,player_points_rebounds_assists,36.5,betmgm,New York Knicks @ Toronto Raptors,2025-12-10T01:30:00Z,-105.0,-125.0
582a77bcdc5401a29e263ffed5d26609,OG Anunoby,player_rebounds,3.5,betmgm,New York Knicks @ Toronto Raptors,2025-12-10T01:30:00Z,-175.0,130.0
582a77bcdc5401a29e263ffed5d26609,Brandon Ingram,player_rebounds,5.5,betmgm,New York Knicks @ Toronto Raptors,2025-12-10T01:30:00Z,105.0,-140.0
582a77bcdc5401a29e263ffed5d26609,Immanuel Quickley,player_rebounds,3.5,betmgm,New York Knicks @ Toronto Raptors,2025-12-10T01:30:00Z,-115.0,-118.0
582a77bcdc5401a29e263ffed5d26609,Tyler Kolek,player_rebounds,0.5,betmgm,New York Knicks @ Toronto Raptors,2025-12-10T01:30:00Z,-175.0,130.0
582a77bcdc5401a29e263ffed5d26609,Mikal Bridges,player_rebounds,3.5,betmgm,New York Knicks @ Toronto Raptors,2025-12-10T01:30:00Z,-140.0,105.0
582a77bcdc5401a29e263ffed5d26609,Jalen Brunson,player_rebounds,2.5,betmgm,New York Knicks @ Toronto Raptors,2025-12-10T01:30:00Z,-145.0,110.0
582a77bcdc5401a29e263ffed5d26609,Josh Hart,player_rebounds,8.5,betmgm,New York Knicks @ Toronto Raptors,2025-12-10T01:30:00Z,-120.0,-110.0
582a77bcdc5401a29e263ffed5d26609,Karl-Anthony Towns,player_rebounds,11.5,betmgm,New York Knicks @ Toronto Raptors,2025-12-10T01:30:00Z,-105.0,-125.0
582a77bcdc5401a29e263ffed5d26609,Sandro Mamukelashvili,player_rebounds,4.5,betmgm,New York Knicks @ Toronto Raptors,2025-12-10T01:30:00Z,-135.0,100.0
582a77bcdc5401a29e263ffed5d26609,Jordan Clarkson,player_rebounds,1.5,betmgm,New York Knicks @ Toronto Raptors,2025-12-10T01:30:00Z,-185.0,135.0
582a77bcdc5401a29e263ffed5d26609,Scottie Barnes,player_rebounds,7.5,betmgm,New York Knicks @ Toronto Raptors,2025-12-10T01:30:00Z,-130.0,-105.0
582a77bcdc5401a29e263ffed5d26609,Jakob Poeltl,player_rebounds,8.5,betmgm,New York Knicks @ Toronto Raptors,2025-12-10T01:30:00Z,105.0,-145.0
582a77bcdc5401a29e263ffed5d26609,Mitchell Robinson,player_rebounds,7.5,betmgm,New York Knicks @ Toronto Raptors,2025-12-10T01:30:00Z,105.0,-140.0
582a77bcdc5401a29e263ffed5d26609,Collin Murray-Boyles,player_rebounds,3.5,betmgm,New York Knicks @ Toronto Raptors,2025-12-10T01:30:00Z,110.0,-145.0
582a77bcdc5401a29e263ffed5d26609,OG Anunoby,player_threes,2.5,betmgm,New York Knicks @ Toronto Raptors,2025-12-10T01:30:00Z,110.0,-145.0
582a77bcdc5401a29e263ffed5d26609,Brandon Ingram,player_threes,1.5,betmgm,New York Knicks @ Toronto Raptors,2025-12-10T01:30:00Z,-140.0,105.0
582a77bcdc5401a29e263ffed5d26609,Immanuel Quickley,player_threes,2.5,betmgm,New York Knicks @ Toronto Raptors,2025-12-10T01:30:00Z,-140.0,105.0
582a77bcdc5401a29e263ffed5d26609,Tyler Kolek,player_threes,0.5,betmgm,New York Knicks @ Toronto Raptors,2025-12-10T01:30:00Z,110.0,-150.0
582a77bcdc5401a29e263ffed5d26609,Mikal Bridges,player_threes,1.5,betmgm,New York Knicks @ Toronto Raptors,2025-12-10T01:30:00Z,-175.0,130.0
582a77bcdc5401a29e263ffed5d26609,Jalen Brunson,player_threes,2.5,betmgm,New York Knicks @ Toronto Raptors,2025-12-10T01:30:00Z,-140.0,105.0
582a77bcdc5401a29e263ffed5d26609,Josh Hart,player_threes,1.5,betmgm,New York Knicks @ Toronto Raptors,2025-12-10T01:30:00Z,100.0,-135.0
582a77bcdc5401a29e263ffed5d26609,Karl-Anthony Towns,player_threes,1.5,betmgm,New York Knicks @ Toronto Raptors,2025-12-10T01:30:00Z,-165.0,125.0
582a77bcdc5401a29e263ffed5d26609,Collin Murray-Boyles,player_threes,0.5,betmgm,New York Knicks @ Toronto Raptors,2025-12-10T01:30:00Z,135.0,-185.0
582a77bcdc5401a29e263ffed5d26609,Jordan Clarkson,player_threes,1.5,betmgm,New York Knicks @ Toronto Raptors,2025-12-10T01:30:00Z,-105.0,-130.0
582a77bcdc5401a29e263ffed5d26609,Scottie Barnes,player_threes,1.5,betmgm,New York Knicks @ Toronto Raptors,2025-12-10T01:30:00Z,120.0,-155.0
582a77bcdc5401a29e263ffed5d26609,Sandro Mamukelashvili,player_threes,1.5,betmgm,New York Knicks @ Toronto Raptors,2025-12-10T01:30:00Z,160.0,-220.0
582a77bcdc5401a29e263ffed5d26609,Josh Hart,player_triple_double,,betmgm,New York Knicks @ Toronto Raptors,2025-12-10T01:30:00Z,,
582a77bcdc5401a29e263ffed5d26609,Scottie Barnes,player_triple_double,,betmgm,New York Knicks @ Toronto Raptors,2025-12-10T01:30:00Z,,
582a77bcdc5401a29e263ffed5d26609,Brandon Ingram,player_assists,3.5,bovada,New York Knicks @ Toronto Raptors,2025-12-10T01:30:00Z,-210.0,155.0
582a77bcdc5401a29e263ffed5d26609,Brandon Ingram,player_assists,4.5,bovada,New York Knicks @ Toronto Raptors,2025-12-10T01:30:00Z,105.0,-135.0
582a77bcdc5401a29e263ffed5d26609,Immanuel Quickley,player_assists,5.5,bovada,New York Knicks @ Toronto Raptors,2025-12-10T01:30:00Z,-210.0,155.0
582a77bcdc5401a29e263ffed5d26609,Immanuel Quickley,player_assists,6.5,bovada,New York Knicks @ Toronto Raptors,2025-12-10T01:30:00Z,-110.0,-120.0
582a77bcdc5401a29e263ffed5d26609,Immanuel Quickley,player_assists,7.5,bovada,New York Knicks @ Toronto Raptors,2025-12-10T01:30:00Z,165.0,-220.0
582a77bcdc5401a29e263ffed5d26609,Jalen Brunson,player_assists,5.5,bovada,New York Knicks @ Toronto Raptors,2025-12-10T01:30:00Z,-185.0,140.0
582a77bcdc5401a29e263ffed5d26609,Jalen Brunson,player_assists,6.5,bovada,New York Knicks @ Toronto Raptors,2025-12-10T01:30:00Z,105.0,-135.0
582a77bcdc5401a29e263ffed5d26609,Jalen Brunson,player_assists,7.5,bovada,New York Knicks @ Toronto Raptors,2025-12-10T01:30:00Z,185.0,-250.0
582a77bcdc5401a29e263ffed5d26609,Josh Hart,player_assists,4.5,bovada,New York Knicks @ Toronto Raptors,2025-12-10T01:30:00Z,-220.0,165.0
582a77bcdc5401a29e263ffed5d26609,Josh Hart,player_assists,5.5,bovada,New York Knicks @ Toronto Raptors,2025-12-10T01:30:00Z,-110.0,-120.0
582a77bcdc5401a29e263ffed5d26609,Josh Hart,player_assists,6.5,bovada,New York Knicks @ Toronto Raptors,2025-12-10T01:30:00Z,170.0,-230.0
582a77bcdc5401a29e263ffed5d26609,Mikal Bridges,player_assists,2.5,bovada,New York Knicks @ Toronto Raptors,2025-12-10T01:30:00Z,-260.0,190.0
582a77bcdc5401a29e263ffed5d26609,Mikal Bridges,player_assists,3.5,bovada,New York Knicks @ Toronto Raptors,2025-12-10T01:30:00Z,-105.0,-125.0
582a77bcdc5401a29e263ffed5d26609,Scottie Barnes,player_assists,5.5,bovada,New York Knicks @ Toronto Raptors,2025-12-10T01:30:00Z,-185.0,140.0
582a77bcdc5401a29e263ffed5d26609,Scottie Barnes,player_assists,6.5,bovada,New York Knicks @ Toronto Raptors,2025-12-10T01:30:00Z,105.0,-135.0
582a77bcdc5401a29e263ffed5d26609,Scottie Barnes,player_assists,7.5,bovada,New York Knicks @ Toronto Raptors,2025-12-10T01:30:00Z,185.0,-250.0
582a77bcdc5401a29e263ffed5d26609,Karl-Anthony Towns,player_blocks,0.5,bovada,New York Knicks @ Toronto Raptors,2025-12-10T01:30:00Z,-135.0,105.0
582a77bcdc5401a29e263ffed5d26609,Mikal Bridges,player_blocks,0.5,bovada,New York Knicks @ Toronto Raptors,2025-12-10T01:30:00Z,-190.0,145.0
582a77bcdc5401a29e263ffed5d26609,Karl-Anthony Towns,player_double_double,,bovada,New York Knicks @ Toronto Raptors,2025-12-10T01:30:00Z,,
582a77bcdc5401a29e263ffed5d26609,Josh Hart,player_double_double,,bovada,New York Knicks @ Toronto Raptors,2025-12-10T01:30:00Z,,
582a77bcdc5401a29e263ffed5d26609,Scottie Barnes,player_double_double,,bovada,New York Knicks @ Toronto Raptors,2025-12-10T01:30:00Z,,
582a77bcdc5401a29e263ffed5d26609,Jakob Poeltl,player_double_double,,bovada,New York Knicks @ Toronto Raptors,2025-12-10T01:30:00Z,,
582a77bcdc5401a29e263ffed5d26609,Immanuel Quickley,player_double_double,,bovada,New York Knicks @ Toronto Raptors,2025-12-10T01:30:00Z,,
582a77bcdc5401a29e263ffed5d26609,Jalen Brunson,player_double_double,,bovada,New York Knicks @ Toronto Raptors,2025-12-10T01:30:00Z,,
582a77bcdc5401a29e263ffed5d26609,Brandon Ingram,player_double_double,,bovada,New York Knicks @ Toronto Raptors,2025-12-10T01:30:00Z,,
582a77bcdc5401a29e263ffed5d26609,Sandro Mamukelashvili,player_double_double,,bovada,New York Knicks @ Toronto Raptors,2025-12-10T01:30:00Z,,
582a77bcdc5401a29e263ffed5d26609,Mitchell Robinson,player_double_double,,bovada,New York Knicks @ Toronto Raptors,2025-12-10T01:30:00Z,,
582a77bcdc5401a29e263ffed5d26609,Jamal Shead,player_double_double,,bovada,New York Knicks @ Toronto Raptors,2025-12-10T01:30:00Z,,
582a77bcdc5401a29e263ffed5d26609,OG Anunoby,player_double_double,,bovada,New York Knicks @ Toronto Raptors,2025-12-10T01:30:00Z,,
582a77bcdc5401a29e263ffed5d26609,Brandon Ingram,player_points,19.5,bovada,New York Knicks @ Toronto Raptors,2025-12-10T01:30:00Z,-280.0,205.0
582a77bcdc5401a29e263ffed5d26609,Brandon Ingram,player_points,20.5,bovada,New York Knicks @ Toronto Raptors,2025-12-10T01:30:00Z,-220.0,165.0
582a77bcdc5401a29e263ffed5d26609,Brandon Ingram,player_points,21.5,bovada,New York Knicks @ Toronto Raptors,2025-12-10T01:30:00Z,-180.0,135.0
582a77bcdc5401a29e263ffed5d26609,Brandon Ingram,player_points,22.5,bovada,New York Knicks @ Toronto Raptors,2025-12-10T01:30:00Z,-145.0,110.0
582a77bcdc5401a29e263ffed5d26609,Brandon Ingram,player_points,23.5,bovada,New York Knicks @ Toronto Raptors,2025-12-10T01:30:00Z,-115.0,-115.0
582a77bcdc5401a29e263ffed5d26609,Brandon Ingram,player_points,24.5,bovada,New York Knicks @ Toronto Raptors,2025-12-10T01:30:00Z,105.0,-135.0
582a77bcdc5401a29e263ffed5d26609,Brandon Ingram,player_points,25.5,bovada,New York Knicks @ Toronto Raptors,2025-12-10T01:30:00Z,130.0,-170.0
582a77bcdc5401a29e263ffed5d26609,Brandon Ingram,player_points,26.5,bovada,New York Knicks @ Toronto Raptors,2025-12-10T01:30:00Z,155.0,-210.0
582a77bcdc5401a29e263ffed5d26609,Brandon Ingram,player_points,27.5,bovada,New York Knicks @ Toronto Raptors,2025-12-10T01:30:00Z,190.0,-260.0
582a77bcdc5401a29e263ffed5d26609,Immanuel Quickley,player_points,14.5,bovada,New York Knicks @ Toronto Raptors,2025-12-10T01:30:00Z,-290.0,210.0
582a77bcdc5401a29e263ffed5d26609,Immanuel Quickley,player_points,15.5,bovada,New York Knicks @ Toronto Raptors,2025-12-10T01:30:00Z,-220.0,165.0
582a77bcdc5401a29e263ffed5d26609,Immanuel Quickley,player_points,16.5,bovada,New York Knicks @ Toronto Raptors,2025-12-10T01:30:00Z,-170.0,130.0
582a77bcdc5401a29e263ffed5d26609,Immanuel Quickley,player_points,17.5,bovada,New York Knicks @ Toronto Raptors,2025-12-10T01:30:00Z,-130.0,100.0
582a77bcdc5401a29e263ffed5d26609,Immanuel Quickley,player_points,18.5,bovada,New York Knicks @ Toronto Raptors,2025-12-10T01:30:00Z,-105.0,-125.0
582a77bcdc5401a29e263ffed5d26609,Immanuel Quickley,player_points,19.5,bovada,New York Knicks @ Toronto Raptors,2025-12-10T01:30:00Z,120.0,-160.0
582a77bcdc5401a29e263ffed5d26609,Immanuel Quickley,player_points,20.5,bovada,New York Knicks @ Toronto Raptors,2025-12-10T01:30:00Z,150.0,-200.0
582a77bcdc5401a29e263ffed5d26609,Immanuel Quickley,player_points,21.5,bovada,New York Knicks @ Toronto Raptors,2025-12-10T01:30:00Z,185.0,-250.0
582a77bcdc5401a29e263ffed5d26609,Jakob Poeltl,player_points,7.5,bovada,New York Knicks @ Toronto Raptors,2025-12-10T01:30:00Z,-220.0,165.0
582a77bcdc5401a29e263ffed5d26609,Jakob Poeltl,player_points,8.5,bovada,New York Knicks @ Toronto Raptors,2025-12-10T01:30:00Z,-160.0,120.0
582a77bcdc5401a29e263ffed5d26609,Jakob Poeltl,player_points,9.5,bovada,New York Knicks @ Toronto Raptors,2025-12-10T01:30:00Z,-110.0,-120.0
582a77bcdc5401a29e263ffed5d26609,Jakob Poeltl,player_points,10.5,bovada,New York Knicks @ Toronto Raptors,2025-12-10T01:30:00Z,120.0,-160.0
582a77bcdc5401a29e263ffed5d26609,Jakob Poeltl,player_points,11.5,bovada,New York Knicks @ Toronto Raptors,2025-12-10T01:30:00Z,160.0,-215.0
582a77bcdc5401a29e263ffed5d26609,Jakob Poeltl,player_points,12.5,bovada,New York Knicks @ Toronto Raptors,2025-12-10T01:30:00Z,210.0,-290.0
582a77bcdc5401a29e263ffed5d26609,Jalen Brunson,player_points,24.5,bovada,New York Knicks @ Toronto Raptors,2025-12-10T01:30:00Z,-260.0,190.0
582a77bcdc5401a29e263ffed5d26609,Jalen Brunson,player_points,25.5,bovada,New York Knicks @ Toronto Raptors,2025-12-10T01:30:00Z,-210.0,155.0
582a77bcdc5401a29e263ffed5d26609,Jalen Brunson,player_points,26.5,bovada,New York Knicks @ Toronto Raptors,2025-12-10T01:30:00Z,-170.0,130.0
582a77bcdc5401a29e263ffed5d26609,Jalen Brunson,player_points,27.5,bovada,New York Knicks @ Toronto Raptors,2025-12-10T01:30:00Z,-135.0,105.0
582a77bcdc5401a29e263ffed5d26609,Jalen Brunson,player_points,28.5,bovada,New York Knicks @ Toronto Raptors,2025-12-10T01:30:00Z,-115.0,-115.0
582a77bcdc5401a29e263ffed5d26609,Jalen Brunson,player_points,29.5,bovada,New York Knicks @ Toronto Raptors,2025-12-10T01:30:00Z,105.0,-135.0
582a77bcdc5401a29e263ffed5d26609,Jalen Brunson,player_points,30.5,bovada,New York Knicks @ Toronto Raptors,2025-12-10T01:30:00Z,125.0,-165.0
582a77bcdc5401a29e263ffed5d26609,Jalen Brunson,player_points,31.5,bovada,New York Knicks @ Toronto Raptors,2025-12-10T01:30:00Z,150.0,-200.0
582a77bcdc5401a29e263ffed5d26609,Jalen Brunson,player_points,32.5,bovada,New York Knicks @ Toronto Raptors,2025-12-10T01:30:00Z,175.0,-240.0
582a77bcdc5401a29e263ffed5d26609,Jalen Brunson,player_points,33.5,bovada,New York Knicks @ Toronto Raptors,2025-12-10T01:30:00Z,210.0,-290.0
582a77bcdc5401a29e263ffed5d26609,Jordan Clarkson,player_points,7.5,bovada,New York Knicks @ Toronto Raptors,2025-12-10T01:30:00Z,-260.0,190.0
582a77bcdc5401a29e263ffed5d26609,Jordan Clarkson,player_points,8.5,bovada,New York Knicks @ Toronto Raptors,2025-12-10T01:30:00Z,-185.0,140.0
582a77bcdc5401a29e263ffed5d26609,Jordan Clarkson,player_points,9.5,bovada,New York Knicks @ Toronto Raptors,2025-12-10T01:30:00Z,-130.0,100.0
582a77bcdc5401a29e263ffed5d26609,Jordan Clarkson,player_points,10.5,bovada,New York Knicks @ Toronto Raptors,2025-12-10T01:30:00Z,105.0,-135.0
582a77bcdc5401a29e263ffed5d26609,Jordan Clarkson,player_points,11.5,bovada,New York Knicks @ Toronto Raptors,2025-12-10T01:30:00Z,140.0,-185.0
582a77bcdc5401a29e263ffed5d26609,Jordan Clarkson,player_points,12.5,bovada,New York Knicks @ Toronto Raptors,2025-12-10T01:30:00Z,180.0,-245.0
582a77bcdc5401a29e263ffed5d26609,Josh Hart,player_points,10.5,bovada,New York Knicks @ Toronto Raptors,2025-12-10T01:30:00Z,-275.0,200.0
582a77bcdc5401a29e263ffed5d26609,Josh Hart,player_points,11.5,bovada,New York Knicks @ Toronto Raptors,2025-12-10T01:30:00Z,-190.0,145.0
582a77bcdc5401a29e263ffed5d26609,Josh Hart,player_points,12.5,bovada,New York Knicks @ Toronto Raptors,2025-12-10T01:30:00Z,-145.0,110.0
582a77bcdc5401a29e263ffed5d26609,Josh Hart,player_points,13.5,bovada,New York Knicks @ Toronto Raptors,2025-12-10T01:30:00Z,-110.0,-120.0
582a77bcdc5401a29e263ffed5d26609,Josh Hart,player_points,14.5,bovada,New York Knicks @ Toronto Raptors,2025-12-10T01:30:00Z,120.0,-160.0
582a77bcdc5401a29e263ffed5d26609,Josh Hart,player_points,15.5,bovada,New York Knicks @ Toronto Raptors,2025-12-10T01:30:00Z,150.0,-200.0
582a77bcdc5401a29e263ffed5d26609,Josh Hart,player_points,16.5,bovada,New York Knicks @ Toronto Raptors,2025-12-10T01:30:00Z,190.0,-260.0
582a77bcdc5401a29e263ffed5d26609,Karl-Anthony Towns,player_points,18.5,bovada,New York Knicks @ Toronto Raptors,2025-12-10T01:30:00Z,-290.0,210.0
582a77bcdc5401a29e263ffed5d26609,Karl-Anthony Towns,player_points,19.5,bovada,New York Knicks @ Toronto Raptors,2025-12-10T01:30:00Z,-220.0,165.0
582a77bcdc5401a29e263ffed5d26609,Karl-Anthony Towns,player_points,20.5,bovada,New York Knicks @ Toronto Raptors,2025-12-10T01:30:00Z,-180.0,135.0
582a77bcdc5401a29e263ffed5d26609,Karl-Anthony Towns,player_points,21.5,bovada,New York Knicks @ Toronto Raptors,2025-12-10T01:30:00Z,-145.0,110.0
582a77bcdc5401a29e263ffed5d26609,Karl-Anthony Towns,player_points,22.5,bovada,New York Knicks @ Toronto Raptors,2025-12-10T01:30:00Z,-115.0,-115.0
582a77bcdc5401a29e263ffed5d26609,Karl-Anthony Towns,player_points,23.5,bovada,New York Knicks @ Toronto Raptors,2025-12-10T01:30:00Z,110.0,-145.0
582a77bcdc5401a29e263ffed5d26609,Karl-Anthony Towns,player_points,24.5,bovada,New York Knicks @ Toronto Raptors,2025-12-10T01:30:00Z,130.0,-170.0
582a77bcdc5401a29e263ffed5d26609,Karl-Anthony Towns,player_points,25.5,bovada,New York Knicks @ Toronto Raptors,2025-12-10T01:30:00Z,160.0,-215.0
582a77bcdc5401a29e263ffed5d26609,Karl-Anthony Towns,player_points,26.5,bovada,New York Knicks @ Toronto Raptors,2025-12-10T01:30:00Z,190.0,-260.0
582a77bcdc5401a29e263ffed5d26609,Mikal Bridges,player_points,12.5,bovada,New York Knicks @ Toronto Raptors,2025-12-10T01:30:00Z,-260.0,190.0
582a77bcdc5401a29e263ffed5d26609,Mikal Bridges,player_points,13.5,bovada,New York Knicks @ Toronto Raptors,2025-12-10T01:30:00Z,-190.0,145.0
582a77bcdc5401a29e263ffed5d26609,Mikal Bridges,player_points,14.5,bovada,New York Knicks @ Toronto Raptors,2025-12-10T01:30:00Z,-145.0,110.0
582a77bcdc5401a29e263ffed5d26609,Mikal Bridges,player_points,15.5,bovada,New York Knicks @ Toronto Raptors,2025-12-10T01:30:00Z,-115.0,-115.0
582a77bcdc5401a29e263ffed5d26609,Mikal Bridges,player_points,16.5,bovada,New York Knicks @ Toronto Raptors,2025-12-10T01:30:00Z,115.0,-150.0
582a77bcdc5401a29e263ffed5d26609,Mikal Bridges,player_points,17.5,bovada,New York Knicks @ Toronto Raptors,2025-12-10T01:30:00Z,145.0,-190.0
582a77bcdc5401a29e263ffed5d26609,Mikal Bridges,player_points,18.5,bovada,New York Knicks @ Toronto Raptors,2025-12-10T01:30:00Z,180.0,-245.0
582a77bcdc5401a29e263ffed5d26609,OG Anunoby,player_points,12.5,bovada,New York Knicks @ Toronto Raptors,2025-12-10T01:30:00Z,-240.0,175.0
582a77bcdc5401a29e263ffed5d26609,OG Anunoby,player_points,13.5,bovada,New York Knicks @ Toronto Raptors,2025-12-10T01:30:00Z,-180.0,135.0
582a77bcdc5401a29e263ffed5d26609,OG Anunoby,player_points,14.5,bovada,New York Knicks @ Toronto Raptors,2025-12-10T01:30:00Z,-135.0,105.0
582a77bcdc5401a29e263ffed5d26609,OG Anunoby,player_points,15.5,bovada,New York Knicks @ Toronto Raptors,2025-12-10T01:30:00Z,-105.0,-125.0
582a77bcdc5401a29e263ffed5d26609,OG Anunoby,player_points,16.5,bovada,New York Knicks @ Toronto Raptors,2025-12-10T01:30:00Z,120.0,-160.0
582a77bcdc5401a29e263ffed5d26609,OG Anunoby,player_points,17.5,bovada,New York Knicks @ Toronto Raptors,2025-12-10T01:30:00Z,150.0,-200.0
582a77bcdc5401a29e263ffed5d26609,OG Anunoby,player_points,18.5,bovada,New York Knicks @ Toronto Raptors,2025-12-10T01:30:00Z,190.0,-260.0
582a77bcdc5401a29e263ffed5d26609,Sandro Mamukelashvili,player_points,7.5,bovada,New York Knicks @ Toronto Raptors,2025-12-10T01:30:00Z,-260.0,190.0
582a77bcdc5401a29e263ffed5d26609,Sandro Mamukelashvili,player_points,8.5,bovada,New York Knicks @ Toronto Raptors,2025-12-10T01:30:00Z,-185.0,140.0
582a77bcdc5401a29e263ffed5d26609,Sandro Mamukelashvili,player_points,9.5,bovada,New York Knicks @ Toronto Raptors,2025-12-10T01:30:00Z,-130.0,100.0
582a77bcdc5401a29e263ffed5d26609,Sandro Mamukelashvili,player_points,10.5,bovada,New York Knicks @ Toronto Raptors,2025-12-10T01:30:00Z,105.0,-135.0
582a77bcdc5401a29e263ffed5d26609,Sandro Mamukelashvili,player_points,11.5,bovada,New York Knicks @ Toronto Raptors,2025-12-10T01:30:00Z,140.0,-185.0
582a77bcdc5401a29e263ffed5d26609,Sandro Mamukelashvili,player_points,12.5,bovada,New York Knicks @ Toronto Raptors,2025-12-10T01:30:00Z,180.0,-245.0
582a77bcdc5401a29e263ffed5d26609,Scottie Barnes,player_points,18.5,bovada,New York Knicks @ Toronto Raptors,2025-12-10T01:30:00Z,-240.0,175.0
582a77bcdc5401a29e263ffed5d26609,Scottie Barnes,player_points,19.5,bovada,New York Knicks @ Toronto Raptors,2025-12-10T01:30:00Z,-185.0,140.0
582a77bcdc5401a29e263ffed5d26609,Scottie Barnes,player_points,20.5,bovada,New York Knicks @ Toronto Raptors,2025-12-10T01:30:00Z,-150.0,115.0
582a77bcdc5401a29e263ffed5d26609,Scottie Barnes,player_points,21.5,bovada,New York Knicks @ Toronto Raptors,2025-12-10T01:30:00Z,-120.0,-110.0
582a77bcdc5401a29e263ffed5d26609,Scottie Barnes,player_points,22.5,bovada,New York Knicks @ Toronto Raptors,2025-12-10T01:30:00Z,105.0,-135.0
582a77bcdc5401a29e263ffed5d26609,Scottie Barnes,player_points,23.5,bovada,New York Knicks @ Toronto Raptors,2025-12-10T01:30:00Z,125.0,-165.0
582a77bcdc5401a29e263ffed5d26609,Scottie Barnes,player_points,24.5,bovada,New York Knicks @ Toronto Raptors,2025-12-10T01:30:00Z,155.0,-210.0
582a77bcdc5401a29e263ffed5d26609,Scottie Barnes,player_points,25.5,bovada,New York Knicks @ Toronto Raptors,2025-12-10T01:30:00Z,190.0,-260.0
582a77bcdc5401a29e263ffed5d26609,Brandon Ingram,player_points_rebounds_assists,31.5,bovada,New York Knicks @ Toronto Raptors,2025-12-10T01:30:00Z,-165.0,125.0
582a77bcdc5401a29e263ffed5d26609,Brandon Ingram,player_points_rebounds_assists,32.5,bovada,New York Knicks @ Toronto Raptors,2025-12-10T01:30:00Z,-135.0,105.0
582a77bcdc5401a29e263ffed5d26609,Brandon Ingram,player_points_rebounds_assists,33.5,bovada,New York Knicks @ Toronto Raptors,2025-12-10T01:30:00Z,-115.0,-115.0
582a77bcdc5401a29e263ffed5d26609,Brandon Ingram,player_points_rebounds_assists,34.5,bovada,New York Knicks @ Toronto Raptors,2025-12-10T01:30:00Z,105.0,-135.0
582a77bcdc5401a29e263ffed5d26609,Brandon Ingram,player_points_rebounds_assists,35.5,bovada,New York Knicks @ Toronto Raptors,2025-12-10T01:30:00Z,120.0,-160.0
582a77bcdc5401a29e263ffed5d26609,Immanuel Quickley,player_points_rebounds_assists,26.5,bovada,New York Knicks @ Toronto Raptors,2025-12-10T01:30:00Z,-170.0,130.0
582a77bcdc5401a29e263ffed5d26609,Immanuel Quickley,player_points_rebounds_assists,27.5,bovada,New York Knicks @ Toronto Raptors,2025-12-10T01:30:00Z,-135.0,105.0
582a77bcdc5401a29e263ffed5d26609,Immanuel Quickley,player_points_rebounds_assists,28.5,bovada,New York Knicks @ Toronto Raptors,2025-12-10T01:30:00Z,-115.0,-115.0
582a77bcdc5401a29e263ffed5d26609,Immanuel Quickley,player_points_rebounds_assists,29.5,bovada,New York Knicks @ Toronto Raptors,2025-12-10T01:30:00Z,105.0,-135.0
582a77bcdc5401a29e263ffed5d26609,Immanuel Quickley,player_points_rebounds_assists,30.5,bovada,New York Knicks @ Toronto Raptors,2025-12-10T01:30:00Z,125.0,-165.0
582a77bcdc5401a29e263ffed5d26609,Jakob Poeltl,player_points_rebounds_assists,18.5,bovada,New York Knicks @ Toronto Raptors,2025-12-10T01:30:00Z,-190.0,145.0
582a77bcdc5401a29e263ffed5d26609,Jakob Poeltl,player_points_rebounds_assists,19.5,bovada,New York Knicks @ Toronto Raptors,2025-12-10T01:30:00Z,-150.0,115.0
582a77bcdc5401a29e263ffed5d26609,Jakob Poeltl,player_points_rebounds_assists,20.5,bovada,New York Knicks @ Toronto Raptors,2025-12-10T01:30:00Z,-120.0,-110.0
582a77bcdc5401a29e263ffed5d26609,Jakob Poeltl,player_points_rebounds_assists,21.5,bovada,New York Knicks @ Toronto Raptors,2025-12-10T01:30:00Z,105.0,-135.0
582a77bcdc5401a29e263ffed5d26609,Jakob Poeltl,player_points_rebounds_assists,22.5,bovada,New York Knicks @ Toronto Raptors,2025-12-10T01:30:00Z,125.0,-165.0
582a77bcdc5401a29e263ffed5d26609,Jalen Brunson,player_points_rebounds_assists,35.5,bovada,New York Knicks @ Toronto Raptors,2025-12-10T01:30:00Z,-170.0,130.0
582a77bcdc5401a29e263ffed5d26609,Jalen Brunson,player_points_rebounds_assists,36.5,bovada,New York Knicks @ Toronto Raptors,2025-12-10T01:30:00Z,-145.0,110.0
582a77bcdc5401a29e263ffed5d26609,Jalen Brunson,player_points_rebounds_assists,37.5,bovada,New York Knicks @ Toronto Raptors,2025-12-10T01:30:00Z,-125.0,-105.0
582a77bcdc5401a29e263ffed5d26609,Jalen Brunson,player_points_rebounds_assists,38.5,bovada,New York Knicks @ Toronto Raptors,2025-12-10T01:30:00Z,-105.0,-125.0
582a77bcdc5401a29e263ffed5d26609,Jalen Brunson,player_points_rebounds_assists,39.5,bovada,New York Knicks @ Toronto Raptors,2025-12-10T01:30:00Z,110.0,-145.0
582a77bcdc5401a29e263ffed5d26609,Jordan Clarkson,player_points_rebounds_assists,11.5,bovada,New York Knicks @ Toronto Raptors,2025-12-10T01:30:00Z,-245.0,180.0
582a77bcdc5401a29e263ffed5d26609,Jordan Clarkson,player_points_rebounds_assists,12.5,bovada,New York Knicks @ Toronto Raptors,2025-12-10T01:30:00Z,-180.0,135.0
582a77bcdc5401a29e263ffed5d26609,Jordan Clarkson,player_points_rebounds_assists,13.5,bovada,New York Knicks @ Toronto Raptors,2025-12-10T01:30:00Z,-135.0,105.0
582a77bcdc5401a29e263ffed5d26609,Jordan Clarkson,player_points_rebounds_assists,14.5,bovada,New York Knicks @ Toronto Raptors,2025-12-10T01:30:00Z,-105.0,-125.0
582a77bcdc5401a29e263ffed5d26609,Jordan Clarkson,player_points_rebounds_assists,15.5,bovada,New York Knicks @ Toronto Raptors,2025-12-10T01:30:00Z,120.0,-160.0
582a77bcdc5401a29e263ffed5d26609,Josh Hart,player_points_rebounds_assists,25.5,bovada,New York Knicks @ Toronto Raptors,2025-12-10T01:30:00Z,-185.0,140.0
582a77bcdc5401a29e263ffed5d26609,Josh Hart,player_points_rebounds_assists,26.5,bovada,New York Knicks @ Toronto Raptors,2025-12-10T01:30:00Z,-150.0,115.0
582a77bcdc5401a29e263ffed5d26609,Josh Hart,player_points_rebounds_assists,27.5,bovada,New York Knicks @ Toronto Raptors,2025-12-10T01:30:00Z,-125.0,-105.0
582a77bcdc5401a29e263ffed5d26609,Josh Hart,player_points_rebounds_assists,28.5,bovada,New York Knicks @ Toronto Raptors,2025-12-10T01:30:00Z,-105.0,-125.0
582a77bcdc5401a29e263ffed5d26609,Josh Hart,player_points_rebounds_assists,29.5,bovada,New York Knicks @ Toronto Raptors,2025-12-10T01:30:00Z,115.0,-150.0
582a77bcdc5401a29e263ffed5d26609,Karl-Anthony Towns,player_points_rebounds_assists,34.5,bovada,New York Knicks @ Toronto Raptors,2025-12-10T01:30:00Z,-170.0,130.0
582a77bcdc5401a29e263ffed5d26609,Karl-Anthony Towns,player_points_rebounds_assists,35.5,bovada,New York Knicks @ Toronto Raptors,2025-12-10T01:30:00Z,-145.0,110.0
582a77bcdc5401a29e263ffed5d26609,Karl-Anthony Towns,player_points_rebounds_assists,36.5,bovada,New York Knicks @ Toronto Raptors,2025-12-10T01:30:00Z,-125.0,-105.0
582a77bcdc5401a29e263ffed5d26609,Karl-Anthony Towns,player_points_rebounds_assists,37.5,bovada,New York Knicks @ Toronto Raptors,2025-12-10T01:30:00Z,-105.0,-125.0
582a77bcdc5401a29e263ffed5d26609,Karl-Anthony Towns,player_points_rebounds_assists,38.5,bovada,New York Knicks @ Toronto Raptors,2025-12-10T01:30:00Z,110.0,-145.0
582a77bcdc5401a29e263ffed5d26609,Mikal Bridges,player_points_rebounds_assists,19.5,bovada,New York Knicks @ Toronto Raptors,2025-12-10T01:30:00Z,-190.0,145.0
582a77bcdc5401a29e263ffed5d26609,Mikal Bridges,player_points_rebounds_assists,20.5,bovada,New York Knicks @ Toronto Raptors,2025-12-10T01:30:00Z,-150.0,115.0
582a77bcdc5401a29e263ffed5d26609,Mikal Bridges,player_points_rebounds_assists,21.5,bovada,New York Knicks @ Toronto Raptors,2025-12-10T01:30:00Z,-125.0,-105.0
582a77bcdc5401a29e263ffed5d26609,Mikal Bridges,player_points_rebounds_assists,22.5,bovada,New York Knicks @ Toronto Raptors,2025-12-10T01:30:00Z,100.0,-130.0
582a77bcdc5401a29e263ffed5d26609,Mikal Bridges,player_points_rebounds_assists,23.5,bovada,New York Knicks @ Toronto Raptors,2025-12-10T01:30:00Z,120.0,-160.0
582a77bcdc5401a29e263ffed5d26609,OG Anunoby,player_points_rebounds_assists,18.5,bovada,New York Knicks @ Toronto Raptors,2025-12-10T01:30:00Z,-200.0,150.0
582a77bcdc5401a29e263ffed5d26609,OG Anunoby,player_points_rebounds_assists,19.5,bovada,New York Knicks @ Toronto Raptors,2025-12-10T01:30:00Z,-160.0,120.0
582a77bcdc5401a29e263ffed5d26609,OG Anunoby,player_points_rebounds_assists,20.5,bovada,New York Knicks @ Toronto Raptors,2025-12-10T01:30:00Z,-125.0,-105.0
582a77bcdc5401a29e263ffed5d26609,OG Anunoby,player_points_rebounds_assists,21.5,bovada,New York Knicks @ Toronto Raptors,2025-12-10T01:30:00Z,100.0,-130.0
582a77bcdc5401a29e263ffed5d26609,OG Anunoby,player_points_rebounds_assists,22.5,bovada,New York Knicks @ Toronto Raptors,2025-12-10T01:30:00Z,120.0,-160.0
582a77bcdc5401a29e263ffed5d26609,Sandro Mamukelashvili,player_points_rebounds_assists,14.5,bovada,New York Knicks @ Toronto Raptors,2025-12-10T01:30:00Z,-190.0,145.0
582a77bcdc5401a29e263ffed5d26609,Sandro Mamukelashvili,player_points_rebounds_assists,15.5,bovada,New York Knicks @ Toronto Raptors,2025-12-10T01:30:00Z,-150.0,115.0
582a77bcdc5401a29e263ffed5d26609,Sandro Mamukelashvili,player_points_rebounds_assists,16.5,bovada,New York Knicks @ Toronto Raptors,2025-12-10T01:30:00Z,-115.0,-115.0
582a77bcdc5401a29e263ffed5d26609,Sandro Mamukelashvili,player_points_rebounds_assists,17.5,bovada,New York Knicks @ Toronto Raptors,2025-12-10T01:30:00Z,110.0,-145.0
582a77bcdc5401a29e263ffed5d26609,Sandro Mamukelashvili,player_points_rebounds_assists,18.5,bovada,New York Knicks @ Toronto Raptors,2025-12-10T01:30:00Z,135.0,-180.0
582a77bcdc5401a29e263ffed5d26609,Scottie Barnes,player_points_rebounds_assists,33.5,bovada,New York Knicks @ Toronto Raptors,2025-12-10T01:30:00Z,-170.0,130.0
582a77bcdc5401a29e263ffed5d26609,Scottie Barnes,player_points_rebounds_assists,34.5,bovada,New York Knicks @ Toronto Raptors,2025-12-10T01:30:00Z,-145.0,110.0
582a77bcdc5401a29e263ffed5d26609,Scottie Barnes,player_points_rebounds_assists,35.5,bovada,New York Knicks @ Toronto Raptors,2025-12-10T01:30:00Z,-125.0,-105.0
582a77bcdc5401a29e263ffed5d26609,Scottie Barnes,player_points_rebounds_assists,36.5,bovada,New York Knicks @ Toronto Raptors,2025-12-10T01:30:00Z,-105.0,-125.0
582a77bcdc5401a29e263ffed5d26609,Scottie Barnes,player_points_rebounds_assists,37.5,bovada,New York Knicks @ Toronto Raptors,2025-12-10T01:30:00Z,110.0,-145.0
582a77bcdc5401a29e263ffed5d26609,Brandon Ingram,player_rebounds,4.5,bovada,New York Knicks @ Toronto Raptors,2025-12-10T01:30:00Z,-185.0,140.0
582a77bcdc5401a29e263ffed5d26609,Brandon Ingram,player_rebounds,5.5,bovada,New York Knicks @ Toronto Raptors,2025-12-10T01:30:00Z,105.0,-135.0
582a77bcdc5401a29e263ffed5d26609,Brandon Ingram,player_rebounds,6.5,bovada,New York Knicks @ Toronto Raptors,2025-12-10T01:30:00Z,190.0,-260.0
582a77bcdc5401a29e263ffed5d26609,Jakob Poeltl,player_rebounds,6.5,bovada,New York Knicks @ Toronto Raptors,2025-12-10T01:30:00Z,-275.0,200.0
582a77bcdc5401a29e263ffed5d26609,Jakob Poeltl,player_rebounds,7.5,bovada,New York Knicks @ Toronto Raptors,2025-12-10T01:30:00Z,-150.0,115.0
582a77bcdc5401a29e263ffed5d26609,Jakob Poeltl,player_rebounds,8.5,bovada,New York Knicks @ Toronto Raptors,2025-12-10T01:30:00Z,110.0,-145.0
582a77bcdc5401a29e263ffed5d26609,Jakob Poeltl,player_rebounds,9.5,bovada,New York Knicks @ Toronto Raptors,2025-12-10T01:30:00Z,180.0,-245.0
582a77bcdc5401a29e263ffed5d26609,Josh Hart,player_rebounds,7.5,bovada,New York Knicks @ Toronto Raptors,2025-12-10T01:30:00Z,-215.0,160.0
582a77bcdc5401a29e263ffed5d26609,Josh Hart,player_rebounds,8.5,bovada,New York Knicks @ Toronto Raptors,2025-12-10T01:30:00Z,-125.0,-105.0
582a77bcdc5401a29e263ffed5d26609,Josh Hart,player_rebounds,9.5,bovada,New York Knicks @ Toronto Raptors,2025-12-10T01:30:00Z,130.0,-170.0
582a77bcdc5401a29e263ffed5d26609,Karl-Anthony Towns,player_rebounds,9.5,bovada,New York Knicks @ Toronto Raptors,2025-12-10T01:30:00Z,-260.0,190.0
582a77bcdc5401a29e263ffed5d26609,Karl-Anthony Towns,player_rebounds,10.5,bovada,New York Knicks @ Toronto Raptors,2025-12-10T01:30:00Z,-165.0,125.0
582a77bcdc5401a29e263ffed5d26609,Karl-Anthony Towns,player_rebounds,11.5,bovada,New York Knicks @ Toronto Raptors,2025-12-10T01:30:00Z,-105.0,-125.0
582a77bcdc5401a29e263ffed5d26609,Karl-Anthony Towns,player_rebounds,12.5,bovada,New York Knicks @ Toronto Raptors,2025-12-10T01:30:00Z,145.0,-190.0
582a77bcdc5401a29e263ffed5d26609,Mitchell Robinson,player_rebounds,6.5,bovada,New York Knicks @ Toronto Raptors,2025-12-10T01:30:00Z,-165.0,125.0
582a77bcdc5401a29e263ffed5d26609,Mitchell Robinson,player_rebounds,7.5,bovada,New York Knicks @ Toronto Raptors,2025-12-10T01:30:00Z,105.0,-135.0
582a77bcdc5401a29e263ffed5d26609,Mitchell Robinson,player_rebounds,8.5,bovada,New York Knicks @ Toronto Raptors,2025-12-10T01:30:00Z,175.0,-240.0
582a77bcdc5401a29e263ffed5d26609,Scottie Barnes,player_rebounds,6.5,bovada,New York Knicks @ Toronto Raptors,2025-12-10T01:30:00Z,-210.0,155.0
582a77bcdc5401a29e263ffed5d26609,Scottie Barnes,player_rebounds,7.5,bovada,New York Knicks @ Toronto Raptors,2025-12-10T01:30:00Z,-120.0,-110.0
582a77bcdc5401a29e263ffed5d26609,Scottie Barnes,player_rebounds,8.5,bovada,New York Knicks @ Toronto Raptors,2025-12-10T01:30:00Z,140.0,-185.0
582a77bcdc5401a29e263ffed5d26609,Immanuel Quickley,player_steals,0.5,bovada,New York Knicks @ Toronto Raptors,2025-12-10T01:30:00Z,-245.0,180.0
582a77bcdc5401a29e263ffed5d26609,Jalen Brunson,player_steals,0.5,bovada,New York Knicks @ Toronto Raptors,2025-12-10T01:30:00Z,-185.0,140.0
582a77bcdc5401a29e263ffed5d26609,Josh Hart,player_steals,1.5,bovada,New York Knicks @ Toronto Raptors,2025-12-10T01:30:00Z,140.0,-185.0
582a77bcdc5401a29e263ffed5d26609,Mikal Bridges,player_steals,1.5,bovada,New York Knicks @ Toronto Raptors,2025-12-10T01:30:00Z,-120.0,-110.0
582a77bcdc5401a29e263ffed5d26609,Brandon Ingram,player_threes,1.5,bovada,New York Knicks @ Toronto Raptors,2025-12-10T01:30:00Z,-135.0,105.0
582a77bcdc5401a29e263ffed5d26609,Immanuel Quickley,player_threes,2.5,bovada,New York Knicks @ Toronto Raptors,2025-12-10T01:30:00Z,-145.0,110.0
582a77bcdc5401a29e263ffed5d26609,Immanuel Quickley,player_threes,3.5,bovada,New York Knicks @ Toronto Raptors,2025-12-10T01:30:00Z,170.0,-230.0
582a77bcdc5401a29e263ffed5d26609,Jalen Brunson,player_threes,2.5,bovada,New York Knicks @ Toronto Raptors,2025-12-10T01:30:00Z,-135.0,105.0
582a77bcdc5401a29e263ffed5d26609,Jalen Brunson,player_threes,3.5,bovada,New York Knicks @ Toronto Raptors,2025-12-10T01:30:00Z,180.0,-245.0
582a77bcdc5401a29e263ffed5d26609,Jordan Clarkson,player_threes,1.5,bovada,New York Knicks @ Toronto Raptors,2025-12-10T01:30:00Z,100.0,-130.0
582a77bcdc5401a29e263ffed5d26609,Josh Hart,player_threes,1.5,bovada,New York Knicks @ Toronto Raptors,2025-12-10T01:30:00Z,105.0,-135.0
582a77bcdc5401a29e263ffed5d26609,Karl-Anthony Towns,player_threes,1.5,bovada,New York Knicks @ Toronto Raptors,2025-12-10T01:30:00Z,-170.0,130.0
582a77bcdc5401a29e263ffed5d26609,Karl-Anthony Towns,player_threes,2.5,bovada,New York Knicks @ Toronto Raptors,2025-12-10T01:30:00Z,175.0,-240.0
582a77bcdc5401a29e263ffed5d26609,Mikal Bridges,player_threes,1.5,bovada,New York Knicks @ Toronto Raptors,2025-12-10T01:30:00Z,-180.0,135.0
582a77bcdc5401a29e263ffed5d26609,Mikal Bridges,player_threes,2.5,bovada,New York Knicks @ Toronto Raptors,2025-12-10T01:30:00Z,170.0,-230.0
582a77bcdc5401a29e263ffed5d26609,OG Anunoby,player_threes,1.5,bovada,New York Knicks @ Toronto Raptors,2025-12-10T01:30:00Z,-280.0,205.0
582a77bcdc5401a29e263ffed5d26609,OG Anunoby,player_threes,2.5,bovada,New York Knicks @ Toronto Raptors,2025-12-10T01:30:00Z,110.0,-145.0
582a77bcdc5401a29e263ffed5d26609,Scottie Barnes,player_threes,1.5,bovada,New York Knicks @ Toronto Raptors,2025-12-10T01:30:00Z,120.0,-160.0
582a77bcdc5401a29e263ffed5d26609,Josh Hart,player_triple_double,,bovada,New York Knicks @ Toronto Raptors,2025-12-10T01:30:00Z,,
582a77bcdc5401a29e263ffed5d26609,Scottie Barnes,player_triple_double,,bovada,New York Knicks @ Toronto Raptors,2025-12-10T01:30:00Z,,
582a77bcdc5401a29e263ffed5d26609,Jalen Brunson,player_assists,6.5,betonlineag,New York Knicks @ Toronto Raptors,2025-12-10T01:30:00Z,100.0,-130.0
582a77bcdc5401a29e263ffed5d26609,Josh Hart,player_assists,5.5,betonlineag,New York Knicks @ Toronto Raptors,2025-12-10T01:30:00Z,-112.0,-115.0
582a77bcdc5401a29e263ffed5d26609,Mikal Bridges,player_assists,3.5,betonlineag,New York Knicks @ Toronto Raptors,2025-12-10T01:30:00Z,100.0,-130.0
582a77bcdc5401a29e263ffed5d26609,Karl-Anthony Towns,player_assists,2.5,betonlineag,New York Knicks @ Toronto Raptors,2025-12-10T01:30:00Z,-154.0,119.0
582a77bcdc5401a29e263ffed5d26609,Jordan Clarkson,player_assists,2.5,betonlineag,New York Knicks @ Toronto Raptors,2025-12-10T01:30:00Z,158.0,-208.0
582a77bcdc5401a29e263ffed5d26609,Jalen Brunson,player_points,28.5,betonlineag,New York Knicks @ Toronto Raptors,2025-12-10T01:30:00Z,-111.0,-116.0
582a77bcdc5401a29e263ffed5d26609,Josh Hart,player_points,13.5,betonlineag,New York Knicks @ Toronto Raptors,2025-12-10T01:30:00Z,-105.0,-123.0
582a77bcdc5401a29e263ffed5d26609,OG Anunoby,player_points,15.5,betonlineag,New York Knicks @ Toronto Raptors,2025-12-10T01:30:00Z,-103.0,-125.0
582a77bcdc5401a29e263ffed5d26609,Mikal Bridges,player_points,14.5,betonlineag,New York Knicks @ Toronto Raptors,2025-12-10T01:30:00Z,-125.0,-103.0
582a77bcdc5401a29e263ffed5d26609,Jordan Clarkson,player_points,10.5,betonlineag,New York Knicks @ Toronto Raptors,2025-12-10T01:30:00Z,-103.0,-125.0
582a77bcdc5401a29e263ffed5d26609,Karl-Anthony Towns,player_points,22.5,betonlineag,New York Knicks @ Toronto Raptors,2025-12-10T01:30:00Z,-111.0,-116.0
582a77bcdc5401a29e263ffed5d26609,Mitchell Robinson,player_points,3.5,betonlineag,New York Knicks @ Toronto Raptors,2025-12-10T01:30:00Z,-114.0,-114.0
582a77bcdc5401a29e263ffed5d26609,Josh Hart,player_points_rebounds_assists,27.5,betonlineag,New York Knicks @ Toronto Raptors,2025-12-10T01:30:00Z,-130.0,100.0
582a77bcdc5401a29e263ffed5d26609,OG Anunoby,player_points_rebounds_assists,20.5,betonlineag,New York Knicks @ Toronto Raptors,2025-12-10T01:30:00Z,-123.0,-104.0
582a77bcdc5401a29e263ffed5d26609,Mikal Bridges,player_points_rebounds_assists,22.5,betonlineag,New York Knicks @ Toronto Raptors,2025-12-10T01:30:00Z,-105.0,-123.0
582a77bcdc5401a29e263ffed5d26609,Karl-Anthony Towns,player_points_rebounds_assists,37.5,betonlineag,New York Knicks @ Toronto Raptors,2025-12-10T01:30:00Z,-103.0,-125.0
582a77bcdc5401a29e263ffed5d26609,Jalen Brunson,player_points_rebounds_assists,37.5,betonlineag,New York Knicks @ Toronto Raptors,2025-12-10T01:30:00Z,-116.0,-111.0
582a77bcdc5401a29e263ffed5d26609,Jordan Clarkson,player_points_rebounds_assists,14.5,betonlineag,New York Knicks @ Toronto Raptors,2025-12-10T01:30:00Z,-106.0,-122.0
582a77bcdc5401a29e263ffed5d26609,Jalen Brunson,player_rebounds,2.5,betonlineag,New York Knicks @ Toronto Raptors,2025-12-10T01:30:00Z,-147.0,113.0
582a77bcdc5401a29e263ffed5d26609,Josh Hart,player_rebounds,8.5,betonlineag,New York Knicks @ Toronto Raptors,2025-12-10T01:30:00Z,-119.0,-109.0
582a77bcdc5401a29e263ffed5d26609,Mikal Bridges,player_rebounds,3.5,betonlineag,New York Knicks @ Toronto Raptors,2025-12-10T01:30:00Z,-145.0,112.0
582a77bcdc5401a29e263ffed5d26609,Karl-Anthony Towns,player_rebounds,11.5,betonlineag,New York Knicks @ Toronto Raptors,2025-12-10T01:30:00Z,-105.0,-123.0
582a77bcdc5401a29e263ffed5d26609,OG Anunoby,player_rebounds,4.5,betonlineag,New York Knicks @ Toronto Raptors,2025-12-10T01:30:00Z,110.0,-143.0
582a77bcdc5401a29e263ffed5d26609,Jordan Clarkson,player_rebounds,1.5,betonlineag,New York Knicks @ Toronto Raptors,2025-12-10T01:30:00Z,-185.0,142.0
582a77bcdc5401a29e263ffed5d26609,Mitchell Robinson,player_rebounds,7.5,betonlineag,New York Knicks @ Toronto Raptors,2025-12-10T01:30:00Z,115.0,-149.0
582a77bcdc5401a29e263ffed5d26609,Jalen Brunson,player_threes,2.5,betonlineag,New York Knicks @ Toronto Raptors,2025-12-10T01:30:00Z,-128.0,-101.0
582a77bcdc5401a29e263ffed5d26609,Josh Hart,player_threes,1.5,betonlineag,New York Knicks @ Toronto Raptors,2025-12-10T01:30:00Z,-101.0,-128.0
582a77bcdc5401a29e263ffed5d26609,OG Anunoby,player_threes,2.5,betonlineag,New York Knicks @ Toronto Raptors,2025-12-10T01:30:00Z,117.0,-152.0
582a77bcdc5401a29e263ffed5d26609,Mikal Bridges,player_threes,1.5,betonlineag,New York Knicks @ Toronto Raptors,2025-12-10T01:30:00Z,-172.0,133.0
582a77bcdc5401a29e263ffed5d26609,Karl-Anthony Towns,player_threes,1.5,betonlineag,New York Knicks @ Toronto Raptors,2025-12-10T01:30:00Z,-152.0,116.0
582a77bcdc5401a29e263ffed5d26609,Jordan Clarkson,player_threes,1.5,betonlineag,New York Knicks @ Toronto Raptors,2025-12-10T01:30:00Z,106.0,-137.0
582a77bcdc5401a29e263ffed5d26609,Jalen Brunson,player_assists,6.5,fanatics,New York Knicks @ Toronto Raptors,2025-12-10T01:30:00Z,-105.0,-125.0
582a77bcdc5401a29e263ffed5d26609,Scottie Barnes,player_assists,5.5,fanatics,New York Knicks @ Toronto Raptors,2025-12-10T01:30:00Z,-120.0,-110.0
582a77bcdc5401a29e263ffed5d26609,Mikal Bridges,player_assists,3.5,fanatics,New York Knicks @ Toronto Raptors,2025-12-10T01:30:00Z,100.0,-130.0
582a77bcdc5401a29e263ffed5d26609,Immanuel Quickley,player_assists,6.5,fanatics,New York Knicks @ Toronto Raptors,2025-12-10T01:30:00Z,-105.0,-125.0
582a77bcdc5401a29e263ffed5d26609,Brandon Ingram,player_assists,3.5,fanatics,New York Knicks @ Toronto Raptors,2025-12-10T01:30:00Z,-150.0,115.0
582a77bcdc5401a29e263ffed5d26609,Josh Hart,player_assists,5.5,fanatics,New York Knicks @ Toronto Raptors,2025-12-10T01:30:00Z,-125.0,-105.0
582a77bcdc5401a29e263ffed5d26609,Karl-Anthony Towns,player_assists,2.5,fanatics,New York Knicks @ Toronto Raptors,2025-12-10T01:30:00Z,-165.0,120.0
582a77bcdc5401a29e263ffed5d26609,Jakob Poeltl,player_assists,2.5,fanatics,New York Knicks @ Toronto Raptors,2025-12-10T01:30:00Z,130.0,-190.0
582a77bcdc5401a29e263ffed5d26609,Jamal Shead,player_assists,4.5,fanatics,New York Knicks @ Toronto Raptors,2025-12-10T01:30:00Z,-130.0,100.0
582a77bcdc5401a29e263ffed5d26609,Jordan Clarkson,player_assists,1.5,fanatics,New York Knicks @ Toronto Raptors,2025-12-10T01:30:00Z,-190.0,130.0
582a77bcdc5401a29e263ffed5d26609,OG Anunoby,player_assists,1.5,fanatics,New York Knicks @ Toronto Raptors,2025-12-10T01:30:00Z,-105.0,-125.0
582a77bcdc5401a29e263ffed5d26609,Tyler Kolek,player_assists,1.5,fanatics,New York Knicks @ Toronto Raptors,2025-12-10T01:30:00Z,-175.0,125.0
582a77bcdc5401a29e263ffed5d26609,Mitchell Robinson,player_assists,0.5,fanatics,New York Knicks @ Toronto Raptors,2025-12-10T01:30:00Z,110.0,-145.0
582a77bcdc5401a29e263ffed5d26609,Brandon Ingram,player_double_double,,fanatics,New York Knicks @ Toronto Raptors,2025-12-10T01:30:00Z,,
582a77bcdc5401a29e263ffed5d26609,Scottie Barnes,player_double_double,,fanatics,New York Knicks @ Toronto Raptors,2025-12-10T01:30:00Z,,
582a77bcdc5401a29e263ffed5d26609,Immanuel Quickley,player_double_double,,fanatics,New York Knicks @ Toronto Raptors,2025-12-10T01:30:00Z,,
582a77bcdc5401a29e263ffed5d26609,Jakob Poeltl,player_double_double,,fanatics,New York Knicks @ Toronto Raptors,2025-12-10T01:30:00Z,,
582a77bcdc5401a29e263ffed5d26609,Jalen Brunson,player_double_double,,fanatics,New York Knicks @ Toronto Raptors,2025-12-10T01:30:00Z,,
582a77bcdc5401a29e263ffed5d26609,Karl-Anthony Towns,player_double_double,,fanatics,New York Knicks @ Toronto Raptors,2025-12-10T01:30:00Z,,
582a77bcdc5401a29e263ffed5d26609,Mikal Bridges,player_double_double,,fanatics,New York Knicks @ Toronto Raptors,2025-12-10T01:30:00Z,,
582a77bcdc5401a29e263ffed5d26609,OG Anunoby,player_double_double,,fanatics,New York Knicks @ Toronto Raptors,2025-12-10T01:30:00Z,,
582a77bcdc5401a29e263ffed5d26609,Josh Hart,player_double_double,,fanatics,New York Knicks @ Toronto Raptors,2025-12-10T01:30:00Z,,
582a77bcdc5401a29e263ffed5d26609,Brandon Ingram,player_points,22.5,fanatics,New York Knicks @ Toronto Raptors,2025-12-10T01:30:00Z,-120.0,-110.0
582a77bcdc5401a29e263ffed5d26609,Immanuel Quickley,player_points,18.5,fanatics,New York Knicks @ Toronto Raptors,2025-12-10T01:30:00Z,-115.0,-115.0
582a77bcdc5401a29e263ffed5d26609,Scottie Barnes,player_points,20.5,fanatics,New York Knicks @ Toronto Raptors,2025-12-10T01:30:00Z,-125.0,-105.0
582a77bcdc5401a29e263ffed5d26609,Karl-Anthony Towns,player_points,22.5,fanatics,New York Knicks @ Toronto Raptors,2025-12-10T01:30:00Z,-110.0,-120.0
582a77bcdc5401a29e263ffed5d26609,Jalen Brunson,player_points,28.5,fanatics,New York Knicks @ Toronto Raptors,2025-12-10T01:30:00Z,-105.0,-125.0
582a77bcdc5401a29e263ffed5d26609,Mikal Bridges,player_points,14.5,fanatics,New York Knicks @ Toronto Raptors,2025-12-10T01:30:00Z,-125.0,-105.0
582a77bcdc5401a29e263ffed5d26609,Josh Hart,player_points,13.5,fanatics,New York Knicks @ Toronto Raptors,2025-12-10T01:30:00Z,100.0,-130.0
582a77bcdc5401a29e263ffed5d26609,Jakob Poeltl,player_points,9.5,fanatics,New York Knicks @ Toronto Raptors,2025-12-10T01:30:00Z,-125.0,-105.0
582a77bcdc5401a29e263ffed5d26609,OG Anunoby,player_points,15.5,fanatics,New York Knicks @ Toronto Raptors,2025-12-10T01:30:00Z,-105.0,-125.0
582a77bcdc5401a29e263ffed5d26609,Jordan Clarkson,player_points,10.5,fanatics,New York Knicks @ Toronto Raptors,2025-12-10T01:30:00Z,-110.0,-120.0
582a77bcdc5401a29e263ffed5d26609,Sandro Mamukelashvili,player_points,9.5,fanatics,New York Knicks @ Toronto Raptors,2025-12-10T01:30:00Z,-115.0,-115.0
582a77bcdc5401a29e263ffed5d26609,Mitchell Robinson,player_points,3.5,fanatics,New York Knicks @ Toronto Raptors,2025-12-10T01:30:00Z,-130.0,100.0
582a77bcdc5401a29e263ffed5d26609,Tyler Kolek,player_points,3.5,fanatics,New York Knicks @ Toronto Raptors,2025-12-10T01:30:00Z,110.0,-145.0
582a77bcdc5401a29e263ffed5d26609,Scottie Barnes,player_points_rebounds_assists,34.5,fanatics,New York Knicks @ Toronto Raptors,2025-12-10T01:30:00Z,-115.0,-115.0
582a77bcdc5401a29e263ffed5d26609,Josh Hart,player_points_rebounds_assists,27.5,fanatics,New York Knicks @ Toronto Raptors,2025-12-10T01:30:00Z,-120.0,-110.0
582a77bcdc5401a29e263ffed5d26609,Mitchell Robinson,player_points_rebounds_assists,11.5,fanatics,New York Knicks @ Toronto Raptors,2025-12-10T01:30:00Z,-115.0,-115.0
582a77bcdc5401a29e263ffed5d26609,Jalen Brunson,player_points_rebounds_assists,37.5,fanatics,New York Knicks @ Toronto Raptors,2025-12-10T01:30:00Z,-115.0,-115.0
582a77bcdc5401a29e263ffed5d26609,OG Anunoby,player_points_rebounds_assists,21.5,fanatics,New York Knicks @ Toronto Raptors,2025-12-10T01:30:00Z,-105.0,-125.0
582a77bcdc5401a29e263ffed5d26609,Immanuel Quickley,player_points_rebounds_assists,28.5,fanatics,New York Knicks @ Toronto Raptors,2025-12-10T01:30:00Z,-115.0,-115.0
582a77bcdc5401a29e263ffed5d26609,Karl-Anthony Towns,player_points_rebounds_assists,37.5,fanatics,New York Knicks @ Toronto Raptors,2025-12-10T01:30:00Z,-105.0,-125.0
582a77bcdc5401a29e263ffed5d26609,Jordan Clarkson,player_points_rebounds_assists,14.5,fanatics,New York Knicks @ Toronto Raptors,2025-12-10T01:30:00Z,-115.0,-115.0
582a77bcdc5401a29e263ffed5d26609,Jakob Poeltl,player_points_rebounds_assists,20.5,fanatics,New York Knicks @ Toronto Raptors,2025-12-10T01:30:00Z,-110.0,-120.0
582a77bcdc5401a29e263ffed5d26609,Mikal Bridges,player_points_rebounds_assists,22.5,fanatics,New York Knicks @ Toronto Raptors,2025-12-10T01:30:00Z,-115.0,-115.0
582a77bcdc5401a29e263ffed5d26609,Brandon Ingram,player_points_rebounds_assists,31.5,fanatics,New York Knicks @ Toronto Raptors,2025-12-10T01:30:00Z,-125.0,-105.0
582a77bcdc5401a29e263ffed5d26609,Tyler Kolek,player_points_rebounds_assists,6.5,fanatics,New York Knicks @ Toronto Raptors,2025-12-10T01:30:00Z,100.0,-130.0
582a77bcdc5401a29e263ffed5d26609,Jalen Brunson,player_rebounds,2.5,fanatics,New York Knicks @ Toronto Raptors,2025-12-10T01:30:00Z,-150.0,115.0
582a77bcdc5401a29e263ffed5d26609,Brandon Ingram,player_rebounds,5.5,fanatics,New York Knicks @ Toronto Raptors,2025-12-10T01:30:00Z,115.0,-150.0
582a77bcdc5401a29e263ffed5d26609,Jakob Poeltl,player_rebounds,8.5,fanatics,New York Knicks @ Toronto Raptors,2025-12-10T01:30:00Z,105.0,-140.0
582a77bcdc5401a29e263ffed5d26609,Scottie Barnes,player_rebounds,7.5,fanatics,New York Knicks @ Toronto Raptors,2025-12-10T01:30:00Z,-140.0,105.0
582a77bcdc5401a29e263ffed5d26609,Karl-Anthony Towns,player_rebounds,11.5,fanatics,New York Knicks @ Toronto Raptors,2025-12-10T01:30:00Z,-105.0,-125.0
582a77bcdc5401a29e263ffed5d26609,Immanuel Quickley,player_rebounds,3.5,fanatics,New York Knicks @ Toronto Raptors,2025-12-10T01:30:00Z,-115.0,-115.0
582a77bcdc5401a29e263ffed5d26609,Mikal Bridges,player_rebounds,3.5,fanatics,New York Knicks @ Toronto Raptors,2025-12-10T01:30:00Z,-145.0,110.0
582a77bcdc5401a29e263ffed5d26609,OG Anunoby,player_rebounds,4.5,fanatics,New York Knicks @ Toronto Raptors,2025-12-10T01:30:00Z,110.0,-145.0
582a77bcdc5401a29e263ffed5d26609,Josh Hart,player_rebounds,8.5,fanatics,New York Knicks @ Toronto Raptors,2025-12-10T01:30:00Z,-120.0,-110.0
582a77bcdc5401a29e263ffed5d26609,Jordan Clarkson,player_rebounds,1.5,fanatics,New York Knicks @ Toronto Raptors,2025-12-10T01:30:00Z,-175.0,125.0
582a77bcdc5401a29e263ffed5d26609,Sandro Mamukelashvili,player_rebounds,4.5,fanatics,New York Knicks @ Toronto Raptors,2025-12-10T01:30:00Z,-120.0,-110.0
582a77bcdc5401a29e263ffed5d26609,Mitchell Robinson,player_rebounds,7.5,fanatics,New York Knicks @ Toronto Raptors,2025-12-10T01:30:00Z,105.0,-140.0
582a77bcdc5401a29e263ffed5d26609,Tyler Kolek,player_rebounds,0.5,fanatics,New York Knicks @ Toronto Raptors,2025-12-10T01:30:00Z,-190.0,130.0
582a77bcdc5401a29e263ffed5d26609,Collin Murray-Boyles,player_rebounds,3.5,fanatics,New York Knicks @ Toronto Raptors,2025-12-10T01:30:00Z,105.0,-140.0
582a77bcdc5401a29e263ffed5d26609,Immanuel Quickley,player_threes,2.5,fanatics,New York Knicks @ Toronto Raptors,2025-12-10T01:30:00Z,-125.0,-105.0
582a77bcdc5401a29e263ffed5d26609,Jalen Brunson,player_threes,2.5,fanatics,New York Knicks @ Toronto Raptors,2025-12-10T01:30:00Z,-130.0,100.0
582a77bcdc5401a29e263ffed5d26609,OG Anunoby,player_threes,2.5,fanatics,New York Knicks @ Toronto Raptors,2025-12-10T01:30:00Z,120.0,-165.0
582a77bcdc5401a29e263ffed5d26609,Scottie Barnes,player_threes,1.5,fanatics,New York Knicks @ Toronto Raptors,2025-12-10T01:30:00Z,120.0,-165.0
582a77bcdc5401a29e263ffed5d26609,Karl-Anthony Towns,player_threes,1.5,fanatics,New York Knicks @ Toronto Raptors,2025-12-10T01:30:00Z,-150.0,115.0
582a77bcdc5401a29e263ffed5d26609,Josh Hart,player_threes,1.5,fanatics,New York Knicks @ Toronto Raptors,2025-12-10T01:30:00Z,100.0,-130.0
582a77bcdc5401a29e263ffed5d26609,Mikal Bridges,player_threes,1.5,fanatics,New York Knicks @ Toronto Raptors,2025-12-10T01:30:00Z,-190.0,130.0
582a77bcdc5401a29e263ffed5d26609,Brandon Ingram,player_threes,1.5,fanatics,New York Knicks @ Toronto Raptors,2025-12-10T01:30:00Z,-145.0,110.0
582a77bcdc5401a29e263ffed5d26609,Jordan Clarkson,player_threes,1.5,fanatics,New York Knicks @ Toronto Raptors,2025-12-10T01:30:00Z,115.0,-150.0
582a77bcdc5401a29e263ffed5d26609,Sandro Mamukelashvili,player_threes,1.5,fanatics,New York Knicks @ Toronto Raptors,2025-12-10T01:30:00Z,150.0,-240.0
582a77bcdc5401a29e263ffed5d26609,Tyler Kolek,player_threes,0.5,fanatics,New York Knicks @ Toronto Raptors,2025-12-10T01:30:00Z,115.0,-150.0
582a77bcdc5401a29e263ffed5d26609,Scottie Barnes,player_triple_double,,fanatics,New York Knicks @ Toronto Raptors,2025-12-10T01:30:00Z,,
582a77bcdc5401a29e263ffed5d26609,Josh Hart,player_triple_double,,fanatics,New York Knicks @ Toronto Raptors,2025-12-10T01:30:00Z,,
