player,game,game_time,market,line,bookmaker,bookmaker_last_update,market_last_update,over_odds,under_odds
Andrew Nembhard,Oklahoma City Thunder @ Indiana Pacers,2025-10-23T23:40:00Z,player_assists,7.5,draftkings,2025-10-23T14:55:10Z,2025-10-23T14:56:07Z,-101.0,-128.0
Shai Gilgeous-Alexander,Oklahoma City Thunder @ Indiana Pacers,2025-10-23T23:40:00Z,player_assists,6.5,draftkings,2025-10-23T14:55:10Z,2025-10-23T14:56:07Z,-128.0,-102.0
Pascal Siakam,Oklahoma City Thunder @ Indiana Pacers,2025-10-23T23:40:00Z,player_assists,3.5,draftkings,2025-10-23T14:55:10Z,2025-10-23T14:56:07Z,-160.0,123.0
Isaiah Hartenstein,Oklahoma City Thunder @ Indiana Pacers,2025-10-23T23:40:00Z,player_assists,3.5,draftkings,2025-10-23T14:55:10Z,2025-10-23T14:56:07Z,128.0,-166.0
Chet Holmgren,Oklahoma City Thunder @ Indiana Pacers,2025-10-23T23:40:00Z,player_assists,1.5,draftkings,2025-10-23T14:55:10Z,2025-10-23T14:56:07Z,-179.0,137.0
Chet Holmgren,Oklahoma City Thunder @ Indiana Pacers,2025-10-23T23:40:00Z,player_blocks,1.5,draftkings,2025-10-23T14:55:10Z,2025-10-23T14:54:59Z,-179.0,134.0
Shai Gilgeous-Alexander,Oklahoma City Thunder @ Indiana Pacers,2025-10-23T23:40:00Z,player_blocks,0.5,draftkings,2025-10-23T14:55:10Z,2025-10-23T14:54:59Z,-152.0,115.0
Isaiah Hartenstein,Oklahoma City Thunder @ Indiana Pacers,2025-10-23T23:40:00Z,player_blocks,0.5,draftkings,2025-10-23T14:55:10Z,2025-10-23T14:54:59Z,-145.0,109.0
Pascal Siakam,Oklahoma City Thunder @ Indiana Pacers,2025-10-23T23:40:00Z,player_blocks,0.5,draftkings,2025-10-23T14:55:10Z,2025-10-23T14:54:59Z,130.0,-173.0
Chet Holmgren,Oklahoma City Thunder @ Indiana Pacers,2025-10-23T23:40:00Z,player_double_double,,draftkings,2025-10-23T14:55:10Z,2025-10-23T14:56:07Z,,
Pascal Siakam,Oklahoma City Thunder @ Indiana Pacers,2025-10-23T23:40:00Z,player_double_double,,draftkings,2025-10-23T14:55:10Z,2025-10-23T14:56:07Z,,
Andrew Nembhard,Oklahoma City Thunder @ Indiana Pacers,2025-10-23T23:40:00Z,player_double_double,,draftkings,2025-10-23T14:55:10Z,2025-10-23T14:56:07Z,,
Shai Gilgeous-Alexander,Oklahoma City Thunder @ Indiana Pacers,2025-10-23T23:40:00Z,player_double_double,,draftkings,2025-10-23T14:55:10Z,2025-10-23T14:56:07Z,,
Bennedict Mathurin,Oklahoma City Thunder @ Indiana Pacers,2025-10-23T23:40:00Z,player_double_double,,draftkings,2025-10-23T14:55:10Z,2025-10-23T14:56:07Z,,
Aaron Nesmith,Oklahoma City Thunder @ Indiana Pacers,2025-10-23T23:40:00Z,player_double_double,,draftkings,2025-10-23T14:55:10Z,2025-10-23T14:56:07Z,,
Shai Gilgeous-Alexander,Oklahoma City Thunder @ Indiana Pacers,2025-10-23T23:40:00Z,player_points,32.5,draftkings,2025-10-23T14:55:10Z,2025-10-23T14:56:07Z,-108.0,-118.0
Pascal Siakam,Oklahoma City Thunder @ Indiana Pacers,2025-10-23T23:40:00Z,player_points,19.5,draftkings,2025-10-23T14:55:10Z,2025-10-23T14:56:07Z,-117.0,-109.0
Bennedict Mathurin,Oklahoma City Thunder @ Indiana Pacers,2025-10-23T23:40:00Z,player_points,18.5,draftkings,2025-10-23T14:55:10Z,2025-10-23T14:56:07Z,-112.0,-114.0
Chet Holmgren,Oklahoma City Thunder @ Indiana Pacers,2025-10-23T23:40:00Z,player_points,18.5,draftkings,2025-10-23T14:55:10Z,2025-10-23T14:56:07Z,-102.0,-125.0
Aaron Nesmith,Oklahoma City Thunder @ Indiana Pacers,2025-10-23T23:40:00Z,player_points,14.5,draftkings,2025-10-23T14:55:10Z,2025-10-23T14:56:07Z,-103.0,-123.0
Andrew Nembhard,Oklahoma City Thunder @ Indiana Pacers,2025-10-23T23:40:00Z,player_points,12.5,draftkings,2025-10-23T14:55:10Z,2025-10-23T14:56:07Z,-128.0,100.0
Aaron Wiggins,Oklahoma City Thunder @ Indiana Pacers,2025-10-23T23:40:00Z,player_points,11.5,draftkings,2025-10-23T14:55:10Z,2025-10-23T14:56:07Z,-120.0,-106.0
Obi Toppin,Oklahoma City Thunder @ Indiana Pacers,2025-10-23T23:40:00Z,player_points,10.5,draftkings,2025-10-23T14:55:10Z,2025-10-23T14:56:07Z,-122.0,-105.0
Luguentz Dort,Oklahoma City Thunder @ Indiana Pacers,2025-10-23T23:40:00Z,player_points,10.5,draftkings,2025-10-23T14:55:10Z,2025-10-23T14:56:07Z,-107.0,-120.0
Isaiah Hartenstein,Oklahoma City Thunder @ Indiana Pacers,2025-10-23T23:40:00Z,player_points,10.5,draftkings,2025-10-23T14:55:10Z,2025-10-23T14:56:07Z,100.0,-128.0
Cason Wallace,Oklahoma City Thunder @ Indiana Pacers,2025-10-23T23:40:00Z,player_points,8.5,draftkings,2025-10-23T14:55:10Z,2025-10-23T14:56:07Z,-130.0,102.0
Shai Gilgeous-Alexander,Oklahoma City Thunder @ Indiana Pacers,2025-10-23T23:40:00Z,player_points_rebounds_assists,43.5,draftkings,2025-10-23T14:55:10Z,2025-10-23T14:54:59Z,-121.0,-107.0
Pascal Siakam,Oklahoma City Thunder @ Indiana Pacers,2025-10-23T23:40:00Z,player_points_rebounds_assists,31.5,draftkings,2025-10-23T14:55:10Z,2025-10-23T14:54:59Z,-104.0,-124.0
Chet Holmgren,Oklahoma City Thunder @ Indiana Pacers,2025-10-23T23:40:00Z,player_points_rebounds_assists,28.5,draftkings,2025-10-23T14:55:10Z,2025-10-23T14:54:59Z,-109.0,-119.0
Andrew Nembhard,Oklahoma City Thunder @ Indiana Pacers,2025-10-23T23:40:00Z,player_points_rebounds_assists,24.5,draftkings,2025-10-23T14:55:10Z,2025-10-23T14:54:59Z,-106.0,-123.0
Isaiah Hartenstein,Oklahoma City Thunder @ Indiana Pacers,2025-10-23T23:40:00Z,player_points_rebounds_assists,23.5,draftkings,2025-10-23T14:55:10Z,2025-10-23T14:54:59Z,-113.0,-115.0
Isaiah Hartenstein,Oklahoma City Thunder @ Indiana Pacers,2025-10-23T23:40:00Z,player_rebounds,9.5,draftkings,2025-10-23T14:55:10Z,2025-10-23T14:56:07Z,-125.0,-104.0
Chet Holmgren,Oklahoma City Thunder @ Indiana Pacers,2025-10-23T23:40:00Z,player_rebounds,7.5,draftkings,2025-10-23T14:55:10Z,2025-10-23T14:56:07Z,-139.0,107.0
Pascal Siakam,Oklahoma City Thunder @ Indiana Pacers,2025-10-23T23:40:00Z,player_rebounds,7.5,draftkings,2025-10-23T14:55:10Z,2025-10-23T14:56:07Z,108.0,-140.0
Bennedict Mathurin,Oklahoma City Thunder @ Indiana Pacers,2025-10-23T23:40:00Z,player_rebounds,5.5,draftkings,2025-10-23T14:55:10Z,2025-10-23T14:56:07Z,-113.0,-114.0
Isaiah Jackson,Oklahoma City Thunder @ Indiana Pacers,2025-10-23T23:40:00Z,player_rebounds,5.5,draftkings,2025-10-23T14:55:10Z,2025-10-23T14:56:07Z,108.0,-140.0
Shai Gilgeous-Alexander,Oklahoma City Thunder @ Indiana Pacers,2025-10-23T23:40:00Z,player_rebounds,4.5,draftkings,2025-10-23T14:55:10Z,2025-10-23T14:56:07Z,-122.0,-106.0
Luguentz Dort,Oklahoma City Thunder @ Indiana Pacers,2025-10-23T23:40:00Z,player_rebounds,4.5,draftkings,2025-10-23T14:55:10Z,2025-10-23T14:56:07Z,120.0,-156.0
Obi Toppin,Oklahoma City Thunder @ Indiana Pacers,2025-10-23T23:40:00Z,player_rebounds,3.5,draftkings,2025-10-23T14:55:10Z,2025-10-23T14:56:07Z,-158.0,122.0
Aaron Nesmith,Oklahoma City Thunder @ Indiana Pacers,2025-10-23T23:40:00Z,player_rebounds,3.5,draftkings,2025-10-23T14:55:10Z,2025-10-23T14:56:07Z,-146.0,113.0
Cason Wallace,Oklahoma City Thunder @ Indiana Pacers,2025-10-23T23:40:00Z,player_rebounds,3.5,draftkings,2025-10-23T14:55:10Z,2025-10-23T14:56:07Z,-103.0,-125.0
Andrew Nembhard,Oklahoma City Thunder @ Indiana Pacers,2025-10-23T23:40:00Z,player_rebounds,3.5,draftkings,2025-10-23T14:55:10Z,2025-10-23T14:56:07Z,100.0,-130.0
Aaron Wiggins,Oklahoma City Thunder @ Indiana Pacers,2025-10-23T23:40:00Z,player_rebounds,3.5,draftkings,2025-10-23T14:55:10Z,2025-10-23T14:56:07Z,118.0,-153.0
Andrew Nembhard,Oklahoma City Thunder @ Indiana Pacers,2025-10-23T23:40:00Z,player_steals,1.5,draftkings,2025-10-23T14:55:10Z,2025-10-23T14:54:59Z,126.0,-168.0
Pascal Siakam,Oklahoma City Thunder @ Indiana Pacers,2025-10-23T23:40:00Z,player_steals,0.5,draftkings,2025-10-23T14:55:10Z,2025-10-23T14:54:59Z,-249.0,184.0
Shai Gilgeous-Alexander,Oklahoma City Thunder @ Indiana Pacers,2025-10-23T23:40:00Z,player_steals,0.5,draftkings,2025-10-23T14:55:10Z,2025-10-23T14:54:59Z,-222.0,165.0
Chet Holmgren,Oklahoma City Thunder @ Indiana Pacers,2025-10-23T23:40:00Z,player_steals,0.5,draftkings,2025-10-23T14:55:10Z,2025-10-23T14:54:59Z,-108.0,-123.0
Aaron Nesmith,Oklahoma City Thunder @ Indiana Pacers,2025-10-23T23:40:00Z,player_threes,2.5,draftkings,2025-10-23T14:55:10Z,2025-10-23T14:56:07Z,116.0,-151.0
Luguentz Dort,Oklahoma City Thunder @ Indiana Pacers,2025-10-23T23:40:00Z,player_threes,2.5,draftkings,2025-10-23T14:55:10Z,2025-10-23T14:56:07Z,140.0,-182.0
Shai Gilgeous-Alexander,Oklahoma City Thunder @ Indiana Pacers,2025-10-23T23:40:00Z,player_threes,1.5,draftkings,2025-10-23T14:55:10Z,2025-10-23T14:56:07Z,-155.0,119.0
Aaron Wiggins,Oklahoma City Thunder @ Indiana Pacers,2025-10-23T23:40:00Z,player_threes,1.5,draftkings,2025-10-23T14:55:10Z,2025-10-23T14:56:07Z,-136.0,105.0
Obi Toppin,Oklahoma City Thunder @ Indiana Pacers,2025-10-23T23:40:00Z,player_threes,1.5,draftkings,2025-10-23T14:55:10Z,2025-10-23T14:56:07Z,-134.0,103.0
Chet Holmgren,Oklahoma City Thunder @ Indiana Pacers,2025-10-23T23:40:00Z,player_threes,1.5,draftkings,2025-10-23T14:55:10Z,2025-10-23T14:56:07Z,-128.0,-101.0
Bennedict Mathurin,Oklahoma City Thunder @ Indiana Pacers,2025-10-23T23:40:00Z,player_threes,1.5,draftkings,2025-10-23T14:55:10Z,2025-10-23T14:56:07Z,-109.0,-118.0
Pascal Siakam,Oklahoma City Thunder @ Indiana Pacers,2025-10-23T23:40:00Z,player_threes,1.5,draftkings,2025-10-23T14:55:10Z,2025-10-23T14:56:07Z,120.0,-156.0
Andrew Nembhard,Oklahoma City Thunder @ Indiana Pacers,2025-10-23T23:40:00Z,player_threes,1.5,draftkings,2025-10-23T14:55:10Z,2025-10-23T14:56:07Z,136.0,-177.0
Cason Wallace,Oklahoma City Thunder @ Indiana Pacers,2025-10-23T23:40:00Z,player_threes,1.5,draftkings,2025-10-23T14:55:10Z,2025-10-23T14:56:07Z,139.0,-181.0
Cason Wallace,Oklahoma City Thunder @ Indiana Pacers,2025-10-23T23:40:00Z,player_assists,2.5,williamhill_us,2025-10-23T14:54:56Z,2025-10-23T14:55:18Z,-170.0,120.0
Isaiah Hartenstein,Oklahoma City Thunder @ Indiana Pacers,2025-10-23T23:40:00Z,player_assists,3.5,williamhill_us,2025-10-23T14:54:56Z,2025-10-23T14:55:18Z,115.0,-162.0
Andrew Nembhard,Oklahoma City Thunder @ Indiana Pacers,2025-10-23T23:40:00Z,player_assists,7.5,williamhill_us,2025-10-23T14:54:56Z,2025-10-23T14:55:18Z,100.0,-137.0
Pascal Siakam,Oklahoma City Thunder @ Indiana Pacers,2025-10-23T23:40:00Z,player_assists,3.5,williamhill_us,2025-10-23T14:54:56Z,2025-10-23T14:55:18Z,-164.0,120.0
Shai Gilgeous-Alexander,Oklahoma City Thunder @ Indiana Pacers,2025-10-23T23:40:00Z,player_assists,6.5,williamhill_us,2025-10-23T14:54:56Z,2025-10-23T14:55:18Z,-121.0,-112.0
Chet Holmgren,Oklahoma City Thunder @ Indiana Pacers,2025-10-23T23:40:00Z,player_assists,1.5,williamhill_us,2025-10-23T14:54:56Z,2025-10-23T14:55:18Z,-190.0,135.0
Isaiah Hartenstein,Oklahoma City Thunder @ Indiana Pacers,2025-10-23T23:40:00Z,player_double_double,,williamhill_us,2025-10-23T14:54:56Z,2025-10-23T14:55:18Z,,
Chet Holmgren,Oklahoma City Thunder @ Indiana Pacers,2025-10-23T23:40:00Z,player_double_double,,williamhill_us,2025-10-23T14:54:56Z,2025-10-23T14:55:18Z,,
Pascal Siakam,Oklahoma City Thunder @ Indiana Pacers,2025-10-23T23:40:00Z,player_double_double,,williamhill_us,2025-10-23T14:54:56Z,2025-10-23T14:55:18Z,,
Andrew Nembhard,Oklahoma City Thunder @ Indiana Pacers,2025-10-23T23:40:00Z,player_double_double,,williamhill_us,2025-10-23T14:54:56Z,2025-10-23T14:55:18Z,,
Shai Gilgeous-Alexander,Oklahoma City Thunder @ Indiana Pacers,2025-10-23T23:40:00Z,player_double_double,,williamhill_us,2025-10-23T14:54:56Z,2025-10-23T14:55:18Z,,
Bennedict Mathurin,Oklahoma City Thunder @ Indiana Pacers,2025-10-23T23:40:00Z,player_double_double,,williamhill_us,2025-10-23T14:54:56Z,2025-10-23T14:55:18Z,,
Isaiah Jackson,Oklahoma City Thunder @ Indiana Pacers,2025-10-23T23:40:00Z,player_double_double,,williamhill_us,2025-10-23T14:54:56Z,2025-10-23T14:55:18Z,,
Aaron Nesmith,Oklahoma City Thunder @ Indiana Pacers,2025-10-23T23:40:00Z,player_double_double,,williamhill_us,2025-10-23T14:54:56Z,2025-10-23T14:55:18Z,,
Isaiah Jackson,Oklahoma City Thunder @ Indiana Pacers,2025-10-23T23:40:00Z,player_points,7.5,williamhill_us,2025-10-23T14:54:56Z,2025-10-23T14:55:18Z,-109.0,-124.0
Isaiah Hartenstein,Oklahoma City Thunder @ Indiana Pacers,2025-10-23T23:40:00Z,player_points,10.5,williamhill_us,2025-10-23T14:54:56Z,2025-10-23T14:55:18Z,-110.0,-122.0
Pascal Siakam,Oklahoma City Thunder @ Indiana Pacers,2025-10-23T23:40:00Z,player_points,19.5,williamhill_us,2025-10-23T14:54:56Z,2025-10-23T14:55:18Z,-130.0,-104.0
Aaron Wiggins,Oklahoma City Thunder @ Indiana Pacers,2025-10-23T23:40:00Z,player_points,11.5,williamhill_us,2025-10-23T14:54:56Z,2025-10-23T14:55:18Z,-125.0,-108.0
Chet Holmgren,Oklahoma City Thunder @ Indiana Pacers,2025-10-23T23:40:00Z,player_points,17.5,williamhill_us,2025-10-23T14:54:56Z,2025-10-23T14:55:18Z,-125.0,-108.0
Aaron Nesmith,Oklahoma City Thunder @ Indiana Pacers,2025-10-23T23:40:00Z,player_points,14.5,williamhill_us,2025-10-23T14:54:56Z,2025-10-23T14:55:18Z,-108.0,-124.0
Andrew Nembhard,Oklahoma City Thunder @ Indiana Pacers,2025-10-23T23:40:00Z,player_points,13.5,williamhill_us,2025-10-23T14:54:56Z,2025-10-23T14:55:18Z,-106.0,-127.0
Bennedict Mathurin,Oklahoma City Thunder @ Indiana Pacers,2025-10-23T23:40:00Z,player_points,18.5,williamhill_us,2025-10-23T14:54:56Z,2025-10-23T14:55:18Z,-117.0,-115.0
Luguentz Dort,Oklahoma City Thunder @ Indiana Pacers,2025-10-23T23:40:00Z,player_points,10.5,williamhill_us,2025-10-23T14:54:56Z,2025-10-23T14:55:18Z,-106.0,-127.0
Shai Gilgeous-Alexander,Oklahoma City Thunder @ Indiana Pacers,2025-10-23T23:40:00Z,player_points,32.5,williamhill_us,2025-10-23T14:54:56Z,2025-10-23T14:55:18Z,-115.0,-117.0
Cason Wallace,Oklahoma City Thunder @ Indiana Pacers,2025-10-23T23:40:00Z,player_points,8.5,williamhill_us,2025-10-23T14:54:56Z,2025-10-23T14:55:18Z,-136.0,100.0
Cason Wallace,Oklahoma City Thunder @ Indiana Pacers,2025-10-23T23:40:00Z,player_rebounds,3.5,williamhill_us,2025-10-23T14:54:56Z,2025-10-23T14:55:18Z,-105.0,-129.0
Chet Holmgren,Oklahoma City Thunder @ Indiana Pacers,2025-10-23T23:40:00Z,player_rebounds,7.5,williamhill_us,2025-10-23T14:54:56Z,2025-10-23T14:55:18Z,-141.0,105.0
Aaron Wiggins,Oklahoma City Thunder @ Indiana Pacers,2025-10-23T23:40:00Z,player_rebounds,3.5,williamhill_us,2025-10-23T14:54:56Z,2025-10-23T14:55:18Z,110.0,-152.0
Shai Gilgeous-Alexander,Oklahoma City Thunder @ Indiana Pacers,2025-10-23T23:40:00Z,player_rebounds,4.5,williamhill_us,2025-10-23T14:54:56Z,2025-10-23T14:55:18Z,-129.0,-105.0
Andrew Nembhard,Oklahoma City Thunder @ Indiana Pacers,2025-10-23T23:40:00Z,player_rebounds,3.5,williamhill_us,2025-10-23T14:54:56Z,2025-10-23T14:55:18Z,105.0,-141.0
Isaiah Hartenstein,Oklahoma City Thunder @ Indiana Pacers,2025-10-23T23:40:00Z,player_rebounds,9.5,williamhill_us,2025-10-23T14:54:56Z,2025-10-23T14:55:18Z,-130.0,-105.0
Bennedict Mathurin,Oklahoma City Thunder @ Indiana Pacers,2025-10-23T23:40:00Z,player_rebounds,5.5,williamhill_us,2025-10-23T14:54:56Z,2025-10-23T14:55:18Z,-134.0,-102.0
Isaiah Jackson,Oklahoma City Thunder @ Indiana Pacers,2025-10-23T23:40:00Z,player_rebounds,5.5,williamhill_us,2025-10-23T14:54:56Z,2025-10-23T14:55:18Z,-106.0,-129.0
Luguentz Dort,Oklahoma City Thunder @ Indiana Pacers,2025-10-23T23:40:00Z,player_rebounds,4.5,williamhill_us,2025-10-23T14:54:56Z,2025-10-23T14:55:18Z,110.0,-152.0
Pascal Siakam,Oklahoma City Thunder @ Indiana Pacers,2025-10-23T23:40:00Z,player_rebounds,7.5,williamhill_us,2025-10-23T14:54:56Z,2025-10-23T14:55:18Z,105.0,-141.0
Pascal Siakam,Oklahoma City Thunder @ Indiana Pacers,2025-10-23T23:40:00Z,player_threes,1.5,williamhill_us,2025-10-23T14:54:56Z,2025-10-23T14:55:18Z,120.0,-170.0
Luguentz Dort,Oklahoma City Thunder @ Indiana Pacers,2025-10-23T23:40:00Z,player_threes,2.5,williamhill_us,2025-10-23T14:54:56Z,2025-10-23T14:55:18Z,140.0,-193.0
Aaron Nesmith,Oklahoma City Thunder @ Indiana Pacers,2025-10-23T23:40:00Z,player_threes,2.5,williamhill_us,2025-10-23T14:54:56Z,2025-10-23T14:55:18Z,115.0,-154.0
Aaron Wiggins,Oklahoma City Thunder @ Indiana Pacers,2025-10-23T23:40:00Z,player_threes,1.5,williamhill_us,2025-10-23T14:54:56Z,2025-10-23T14:55:18Z,-132.0,-102.0
Cason Wallace,Oklahoma City Thunder @ Indiana Pacers,2025-10-23T23:40:00Z,player_threes,1.5,williamhill_us,2025-10-23T14:54:56Z,2025-10-23T14:55:18Z,135.0,-190.0
Bennedict Mathurin,Oklahoma City Thunder @ Indiana Pacers,2025-10-23T23:40:00Z,player_threes,1.5,williamhill_us,2025-10-23T14:54:56Z,2025-10-23T14:55:18Z,-114.0,-120.0
Shai Gilgeous-Alexander,Oklahoma City Thunder @ Indiana Pacers,2025-10-23T23:40:00Z,player_threes,1.5,williamhill_us,2025-10-23T14:54:56Z,2025-10-23T14:55:18Z,-170.0,125.0
Chet Holmgren,Oklahoma City Thunder @ Indiana Pacers,2025-10-23T23:40:00Z,player_threes,1.5,williamhill_us,2025-10-23T14:54:56Z,2025-10-23T14:55:18Z,-122.0,-110.0
Andrew Nembhard,Oklahoma City Thunder @ Indiana Pacers,2025-10-23T23:40:00Z,player_threes,1.5,williamhill_us,2025-10-23T14:54:56Z,2025-10-23T14:55:18Z,130.0,-182.0
Pascal Siakam,Oklahoma City Thunder @ Indiana Pacers,2025-10-23T23:40:00Z,player_assists,3.5,fanatics,2025-10-23T14:54:59Z,2025-10-23T14:55:32Z,-165.0,120.0
Shai Gilgeous-Alexander,Oklahoma City Thunder @ Indiana Pacers,2025-10-23T23:40:00Z,player_assists,6.5,fanatics,2025-10-23T14:54:59Z,2025-10-23T14:55:32Z,-115.0,-115.0
Chet Holmgren,Oklahoma City Thunder @ Indiana Pacers,2025-10-23T23:40:00Z,player_assists,1.5,fanatics,2025-10-23T14:54:59Z,2025-10-23T14:55:32Z,-175.0,125.0
Andrew Nembhard,Oklahoma City Thunder @ Indiana Pacers,2025-10-23T23:40:00Z,player_assists,7.5,fanatics,2025-10-23T14:54:59Z,2025-10-23T14:55:32Z,100.0,-130.0
Isaiah Hartenstein,Oklahoma City Thunder @ Indiana Pacers,2025-10-23T23:40:00Z,player_assists,3.5,fanatics,2025-10-23T14:54:59Z,2025-10-23T14:55:32Z,120.0,-165.0
Cason Wallace,Oklahoma City Thunder @ Indiana Pacers,2025-10-23T23:40:00Z,player_assists,2.5,fanatics,2025-10-23T14:54:59Z,2025-10-23T14:55:32Z,-165.0,120.0
Aaron Nesmith,Oklahoma City Thunder @ Indiana Pacers,2025-10-23T23:40:00Z,player_assists,1.5,fanatics,2025-10-23T14:54:59Z,2025-10-23T14:55:32Z,-110.0,-120.0
Luguentz Dort,Oklahoma City Thunder @ Indiana Pacers,2025-10-23T23:40:00Z,player_assists,1.5,fanatics,2025-10-23T14:54:59Z,2025-10-23T14:55:32Z,-110.0,-120.0
Bennedict Mathurin,Oklahoma City Thunder @ Indiana Pacers,2025-10-23T23:40:00Z,player_assists,2.5,fanatics,2025-10-23T14:54:59Z,2025-10-23T14:55:32Z,100.0,-130.0
Aaron Wiggins,Oklahoma City Thunder @ Indiana Pacers,2025-10-23T23:40:00Z,player_assists,1.5,fanatics,2025-10-23T14:54:59Z,2025-10-23T14:55:32Z,-120.0,-110.0
Obi Toppin,Oklahoma City Thunder @ Indiana Pacers,2025-10-23T23:40:00Z,player_assists,1.5,fanatics,2025-10-23T14:54:59Z,2025-10-23T14:55:32Z,-105.0,-125.0
Pascal Siakam,Oklahoma City Thunder @ Indiana Pacers,2025-10-23T23:40:00Z,player_double_double,,fanatics,2025-10-23T14:54:59Z,2025-10-23T14:55:32Z,,
Bennedict Mathurin,Oklahoma City Thunder @ Indiana Pacers,2025-10-23T23:40:00Z,player_double_double,,fanatics,2025-10-23T14:54:59Z,2025-10-23T14:55:32Z,,
Aaron Nesmith,Oklahoma City Thunder @ Indiana Pacers,2025-10-23T23:40:00Z,player_double_double,,fanatics,2025-10-23T14:54:59Z,2025-10-23T14:55:32Z,,
Andrew Nembhard,Oklahoma City Thunder @ Indiana Pacers,2025-10-23T23:40:00Z,player_double_double,,fanatics,2025-10-23T14:54:59Z,2025-10-23T14:55:32Z,,
Shai Gilgeous-Alexander,Oklahoma City Thunder @ Indiana Pacers,2025-10-23T23:40:00Z,player_double_double,,fanatics,2025-10-23T14:54:59Z,2025-10-23T14:55:32Z,,
Chet Holmgren,Oklahoma City Thunder @ Indiana Pacers,2025-10-23T23:40:00Z,player_double_double,,fanatics,2025-10-23T14:54:59Z,2025-10-23T14:55:32Z,,
Isaiah Hartenstein,Oklahoma City Thunder @ Indiana Pacers,2025-10-23T23:40:00Z,player_double_double,,fanatics,2025-10-23T14:54:59Z,2025-10-23T14:55:32Z,,
Obi Toppin,Oklahoma City Thunder @ Indiana Pacers,2025-10-23T23:40:00Z,player_double_double,,fanatics,2025-10-23T14:54:59Z,2025-10-23T14:55:32Z,,
Pascal Siakam,Oklahoma City Thunder @ Indiana Pacers,2025-10-23T23:40:00Z,player_points,19.5,fanatics,2025-10-23T14:54:59Z,2025-10-23T14:55:32Z,-125.0,-105.0
Aaron Nesmith,Oklahoma City Thunder @ Indiana Pacers,2025-10-23T23:40:00Z,player_points,14.5,fanatics,2025-10-23T14:54:59Z,2025-10-23T14:55:32Z,-105.0,-125.0
Andrew Nembhard,Oklahoma City Thunder @ Indiana Pacers,2025-10-23T23:40:00Z,player_points,12.5,fanatics,2025-10-23T14:54:59Z,2025-10-23T14:55:32Z,-130.0,100.0
Bennedict Mathurin,Oklahoma City Thunder @ Indiana Pacers,2025-10-23T23:40:00Z,player_points,18.5,fanatics,2025-10-23T14:54:59Z,2025-10-23T14:55:32Z,-105.0,-125.0
Shai Gilgeous-Alexander,Oklahoma City Thunder @ Indiana Pacers,2025-10-23T23:40:00Z,player_points,32.5,fanatics,2025-10-23T14:54:59Z,2025-10-23T14:55:32Z,-115.0,-115.0
Chet Holmgren,Oklahoma City Thunder @ Indiana Pacers,2025-10-23T23:40:00Z,player_points,17.5,fanatics,2025-10-23T14:54:59Z,2025-10-23T14:55:32Z,-125.0,-105.0
Cason Wallace,Oklahoma City Thunder @ Indiana Pacers,2025-10-23T23:40:00Z,player_points,8.5,fanatics,2025-10-23T14:54:59Z,2025-10-23T14:55:32Z,-130.0,100.0
Isaiah Hartenstein,Oklahoma City Thunder @ Indiana Pacers,2025-10-23T23:40:00Z,player_points,10.5,fanatics,2025-10-23T14:54:59Z,2025-10-23T14:55:32Z,100.0,-130.0
Luguentz Dort,Oklahoma City Thunder @ Indiana Pacers,2025-10-23T23:40:00Z,player_points,10.5,fanatics,2025-10-23T14:54:59Z,2025-10-23T14:55:32Z,-105.0,-125.0
Aaron Wiggins,Oklahoma City Thunder @ Indiana Pacers,2025-10-23T23:40:00Z,player_points,11.5,fanatics,2025-10-23T14:54:59Z,2025-10-23T14:55:32Z,-125.0,-105.0
Obi Toppin,Oklahoma City Thunder @ Indiana Pacers,2025-10-23T23:40:00Z,player_points,10.5,fanatics,2025-10-23T14:54:59Z,2025-10-23T14:55:32Z,-120.0,-110.0
Isaiah Jackson,Oklahoma City Thunder @ Indiana Pacers,2025-10-23T23:40:00Z,player_points,7.5,fanatics,2025-10-23T14:54:59Z,2025-10-23T14:55:32Z,-105.0,-125.0
Chet Holmgren,Oklahoma City Thunder @ Indiana Pacers,2025-10-23T23:40:00Z,player_points_rebounds_assists,28.5,fanatics,2025-10-23T14:54:59Z,2025-10-23T14:55:32Z,-115.0,-115.0
Isaiah Hartenstein,Oklahoma City Thunder @ Indiana Pacers,2025-10-23T23:40:00Z,player_points_rebounds_assists,23.5,fanatics,2025-10-23T14:54:59Z,2025-10-23T14:55:32Z,-110.0,-120.0
Pascal Siakam,Oklahoma City Thunder @ Indiana Pacers,2025-10-23T23:40:00Z,player_points_rebounds_assists,31.5,fanatics,2025-10-23T14:54:59Z,2025-10-23T14:55:32Z,-115.0,-115.0
Andrew Nembhard,Oklahoma City Thunder @ Indiana Pacers,2025-10-23T23:40:00Z,player_points_rebounds_assists,23.5,fanatics,2025-10-23T14:54:59Z,2025-10-23T14:55:32Z,-130.0,100.0
Cason Wallace,Oklahoma City Thunder @ Indiana Pacers,2025-10-23T23:40:00Z,player_points_rebounds_assists,15.5,fanatics,2025-10-23T14:54:59Z,2025-10-23T14:55:32Z,-115.0,-115.0
Shai Gilgeous-Alexander,Oklahoma City Thunder @ Indiana Pacers,2025-10-23T23:40:00Z,player_points_rebounds_assists,43.5,fanatics,2025-10-23T14:54:59Z,2025-10-23T14:55:32Z,-125.0,-105.0
Luguentz Dort,Oklahoma City Thunder @ Indiana Pacers,2025-10-23T23:40:00Z,player_points_rebounds_assists,16.5,fanatics,2025-10-23T14:54:59Z,2025-10-23T14:55:32Z,-115.0,-115.0
Aaron Nesmith,Oklahoma City Thunder @ Indiana Pacers,2025-10-23T23:40:00Z,player_points_rebounds_assists,20.5,fanatics,2025-10-23T14:54:59Z,2025-10-23T14:55:32Z,-105.0,-125.0
Bennedict Mathurin,Oklahoma City Thunder @ Indiana Pacers,2025-10-23T23:40:00Z,player_points_rebounds_assists,26.5,fanatics,2025-10-23T14:54:59Z,2025-10-23T14:55:32Z,-115.0,-115.0
Aaron Wiggins,Oklahoma City Thunder @ Indiana Pacers,2025-10-23T23:40:00Z,player_points_rebounds_assists,17.5,fanatics,2025-10-23T14:54:59Z,2025-10-23T14:55:32Z,100.0,-130.0
Obi Toppin,Oklahoma City Thunder @ Indiana Pacers,2025-10-23T23:40:00Z,player_points_rebounds_assists,17.5,fanatics,2025-10-23T14:54:59Z,2025-10-23T14:55:32Z,100.0,-130.0
Pascal Siakam,Oklahoma City Thunder @ Indiana Pacers,2025-10-23T23:40:00Z,player_rebounds,7.5,fanatics,2025-10-23T14:54:59Z,2025-10-23T14:55:32Z,105.0,-140.0
Aaron Nesmith,Oklahoma City Thunder @ Indiana Pacers,2025-10-23T23:40:00Z,player_rebounds,4.5,fanatics,2025-10-23T14:54:59Z,2025-10-23T14:55:32Z,120.0,-165.0
Shai Gilgeous-Alexander,Oklahoma City Thunder @ Indiana Pacers,2025-10-23T23:40:00Z,player_rebounds,4.5,fanatics,2025-10-23T14:54:59Z,2025-10-23T14:55:32Z,-130.0,100.0
Bennedict Mathurin,Oklahoma City Thunder @ Indiana Pacers,2025-10-23T23:40:00Z,player_rebounds,5.5,fanatics,2025-10-23T14:54:59Z,2025-10-23T14:55:32Z,-115.0,-115.0
Chet Holmgren,Oklahoma City Thunder @ Indiana Pacers,2025-10-23T23:40:00Z,player_rebounds,8.5,fanatics,2025-10-23T14:54:59Z,2025-10-23T14:55:32Z,110.0,-145.0
Andrew Nembhard,Oklahoma City Thunder @ Indiana Pacers,2025-10-23T23:40:00Z,player_rebounds,3.5,fanatics,2025-10-23T14:54:59Z,2025-10-23T14:55:32Z,100.0,-130.0
Cason Wallace,Oklahoma City Thunder @ Indiana Pacers,2025-10-23T23:40:00Z,player_rebounds,3.5,fanatics,2025-10-23T14:54:59Z,2025-10-23T14:55:32Z,-105.0,-125.0
Isaiah Hartenstein,Oklahoma City Thunder @ Indiana Pacers,2025-10-23T23:40:00Z,player_rebounds,9.5,fanatics,2025-10-23T14:54:59Z,2025-10-23T14:55:32Z,-110.0,-120.0
Luguentz Dort,Oklahoma City Thunder @ Indiana Pacers,2025-10-23T23:40:00Z,player_rebounds,4.5,fanatics,2025-10-23T14:54:59Z,2025-10-23T14:55:32Z,110.0,-145.0
Obi Toppin,Oklahoma City Thunder @ Indiana Pacers,2025-10-23T23:40:00Z,player_rebounds,4.5,fanatics,2025-10-23T14:54:59Z,2025-10-23T14:55:32Z,110.0,-145.0
Aaron Wiggins,Oklahoma City Thunder @ Indiana Pacers,2025-10-23T23:40:00Z,player_rebounds,3.5,fanatics,2025-10-23T14:54:59Z,2025-10-23T14:55:32Z,110.0,-145.0
Isaiah Jackson,Oklahoma City Thunder @ Indiana Pacers,2025-10-23T23:40:00Z,player_rebounds,5.5,fanatics,2025-10-23T14:54:59Z,2025-10-23T14:55:32Z,100.0,-130.0
Pascal Siakam,Oklahoma City Thunder @ Indiana Pacers,2025-10-23T23:40:00Z,player_threes,1.5,fanatics,2025-10-23T14:54:59Z,2025-10-23T14:55:32Z,110.0,-145.0
Bennedict Mathurin,Oklahoma City Thunder @ Indiana Pacers,2025-10-23T23:40:00Z,player_threes,1.5,fanatics,2025-10-23T14:54:59Z,2025-10-23T14:55:32Z,-115.0,-115.0
Andrew Nembhard,Oklahoma City Thunder @ Indiana Pacers,2025-10-23T23:40:00Z,player_threes,1.5,fanatics,2025-10-23T14:54:59Z,2025-10-23T14:55:32Z,120.0,-165.0
Shai Gilgeous-Alexander,Oklahoma City Thunder @ Indiana Pacers,2025-10-23T23:40:00Z,player_threes,1.5,fanatics,2025-10-23T14:54:59Z,2025-10-23T14:55:32Z,-165.0,120.0
Aaron Nesmith,Oklahoma City Thunder @ Indiana Pacers,2025-10-23T23:40:00Z,player_threes,2.5,fanatics,2025-10-23T14:54:59Z,2025-10-23T14:55:32Z,115.0,-145.0
Chet Holmgren,Oklahoma City Thunder @ Indiana Pacers,2025-10-23T23:40:00Z,player_threes,1.5,fanatics,2025-10-23T14:54:59Z,2025-10-23T14:55:32Z,-115.0,-115.0
Cason Wallace,Oklahoma City Thunder @ Indiana Pacers,2025-10-23T23:40:00Z,player_threes,1.5,fanatics,2025-10-23T14:54:59Z,2025-10-23T14:55:32Z,130.0,-190.0
Luguentz Dort,Oklahoma City Thunder @ Indiana Pacers,2025-10-23T23:40:00Z,player_threes,2.5,fanatics,2025-10-23T14:54:59Z,2025-10-23T14:55:32Z,125.0,-175.0
Aaron Wiggins,Oklahoma City Thunder @ Indiana Pacers,2025-10-23T23:40:00Z,player_threes,1.5,fanatics,2025-10-23T14:54:59Z,2025-10-23T14:55:32Z,-125.0,-105.0
Obi Toppin,Oklahoma City Thunder @ Indiana Pacers,2025-10-23T23:40:00Z,player_threes,1.5,fanatics,2025-10-23T14:54:59Z,2025-10-23T14:55:32Z,-125.0,-105.0
Pascal Siakam,Oklahoma City Thunder @ Indiana Pacers,2025-10-23T23:40:00Z,player_assists,4.5,fanduel,2025-10-23T14:53:51Z,2025-10-23T14:55:34Z,134.0,-180.0
Isaiah Hartenstein,Oklahoma City Thunder @ Indiana Pacers,2025-10-23T23:40:00Z,player_assists,3.5,fanduel,2025-10-23T14:53:51Z,2025-10-23T14:55:34Z,116.0,-154.0
Andrew Nembhard,Oklahoma City Thunder @ Indiana Pacers,2025-10-23T23:40:00Z,player_assists,7.5,fanduel,2025-10-23T14:53:51Z,2025-10-23T14:55:34Z,110.0,-146.0
Shai Gilgeous-Alexander,Oklahoma City Thunder @ Indiana Pacers,2025-10-23T23:40:00Z,player_assists,6.5,fanduel,2025-10-23T14:53:51Z,2025-10-23T14:55:34Z,-114.0,-114.0
Chet Holmgren,Oklahoma City Thunder @ Indiana Pacers,2025-10-23T23:40:00Z,player_assists,1.5,fanduel,2025-10-23T14:53:51Z,2025-10-23T14:55:34Z,-188.0,140.0
Chet Holmgren,Oklahoma City Thunder @ Indiana Pacers,2025-10-23T23:40:00Z,player_double_double,,fanduel,2025-10-23T14:53:51Z,2025-10-23T14:55:34Z,,
Isaiah Hartenstein,Oklahoma City Thunder @ Indiana Pacers,2025-10-23T23:40:00Z,player_double_double,,fanduel,2025-10-23T14:53:51Z,2025-10-23T14:55:34Z,,
Pascal Siakam,Oklahoma City Thunder @ Indiana Pacers,2025-10-23T23:40:00Z,player_double_double,,fanduel,2025-10-23T14:53:51Z,2025-10-23T14:55:34Z,,
Shai Gilgeous-Alexander,Oklahoma City Thunder @ Indiana Pacers,2025-10-23T23:40:00Z,player_double_double,,fanduel,2025-10-23T14:53:51Z,2025-10-23T14:55:34Z,,
Andrew Nembhard,Oklahoma City Thunder @ Indiana Pacers,2025-10-23T23:40:00Z,player_double_double,,fanduel,2025-10-23T14:53:51Z,2025-10-23T14:55:34Z,,
Bennedict Mathurin,Oklahoma City Thunder @ Indiana Pacers,2025-10-23T23:40:00Z,player_double_double,,fanduel,2025-10-23T14:53:51Z,2025-10-23T14:55:34Z,,
Isaiah Jackson,Oklahoma City Thunder @ Indiana Pacers,2025-10-23T23:40:00Z,player_double_double,,fanduel,2025-10-23T14:53:51Z,2025-10-23T14:55:34Z,,
Aaron Nesmith,Oklahoma City Thunder @ Indiana Pacers,2025-10-23T23:40:00Z,player_double_double,,fanduel,2025-10-23T14:53:51Z,2025-10-23T14:55:34Z,,
Obi Toppin,Oklahoma City Thunder @ Indiana Pacers,2025-10-23T23:40:00Z,player_double_double,,fanduel,2025-10-23T14:53:51Z,2025-10-23T14:55:34Z,,
Andrew Nembhard,Oklahoma City Thunder @ Indiana Pacers,2025-10-23T23:40:00Z,player_points,13.5,fanduel,2025-10-23T14:53:51Z,2025-10-23T14:55:34Z,-102.0,-130.0
Bennedict Mathurin,Oklahoma City Thunder @ Indiana Pacers,2025-10-23T23:40:00Z,player_points,18.5,fanduel,2025-10-23T14:53:51Z,2025-10-23T14:55:34Z,-112.0,-118.0
Aaron Nesmith,Oklahoma City Thunder @ Indiana Pacers,2025-10-23T23:40:00Z,player_points,14.5,fanduel,2025-10-23T14:53:51Z,2025-10-23T14:55:34Z,-102.0,-130.0
Shai Gilgeous-Alexander,Oklahoma City Thunder @ Indiana Pacers,2025-10-23T23:40:00Z,player_points,32.5,fanduel,2025-10-23T14:53:51Z,2025-10-23T14:55:34Z,-114.0,-114.0
Cason Wallace,Oklahoma City Thunder @ Indiana Pacers,2025-10-23T23:40:00Z,player_points,8.5,fanduel,2025-10-23T14:53:51Z,2025-10-23T14:55:34Z,-132.0,100.0
Isaiah Jackson,Oklahoma City Thunder @ Indiana Pacers,2025-10-23T23:40:00Z,player_points,7.5,fanduel,2025-10-23T14:53:51Z,2025-10-23T14:55:34Z,-106.0,-125.0
Aaron Wiggins,Oklahoma City Thunder @ Indiana Pacers,2025-10-23T23:40:00Z,player_points,11.5,fanduel,2025-10-23T14:53:51Z,2025-10-23T14:55:34Z,-118.0,-112.0
Obi Toppin,Oklahoma City Thunder @ Indiana Pacers,2025-10-23T23:40:00Z,player_points,10.5,fanduel,2025-10-23T14:53:51Z,2025-10-23T14:55:34Z,-128.0,-104.0
Isaiah Hartenstein,Oklahoma City Thunder @ Indiana Pacers,2025-10-23T23:40:00Z,player_points,10.5,fanduel,2025-10-23T14:53:51Z,2025-10-23T14:55:34Z,-102.0,-130.0
Pascal Siakam,Oklahoma City Thunder @ Indiana Pacers,2025-10-23T23:40:00Z,player_points,19.5,fanduel,2025-10-23T14:53:51Z,2025-10-23T14:55:34Z,-130.0,-102.0
Chet Holmgren,Oklahoma City Thunder @ Indiana Pacers,2025-10-23T23:40:00Z,player_points,17.5,fanduel,2025-10-23T14:53:51Z,2025-10-23T14:55:34Z,-120.0,-110.0
Luguentz Dort,Oklahoma City Thunder @ Indiana Pacers,2025-10-23T23:40:00Z,player_points,10.5,fanduel,2025-10-23T14:53:51Z,2025-10-23T14:55:34Z,100.0,-132.0
Isaiah Hartenstein,Oklahoma City Thunder @ Indiana Pacers,2025-10-23T23:40:00Z,player_points_rebounds_assists,22.5,fanduel,2025-10-23T14:53:51Z,2025-10-23T14:55:34Z,-130.0,-102.0
Pascal Siakam,Oklahoma City Thunder @ Indiana Pacers,2025-10-23T23:40:00Z,player_points_rebounds_assists,31.5,fanduel,2025-10-23T14:53:51Z,2025-10-23T14:55:34Z,-114.0,-114.0
Andrew Nembhard,Oklahoma City Thunder @ Indiana Pacers,2025-10-23T23:40:00Z,player_points_rebounds_assists,24.5,fanduel,2025-10-23T14:53:51Z,2025-10-23T14:55:34Z,-102.0,-128.0
Chet Holmgren,Oklahoma City Thunder @ Indiana Pacers,2025-10-23T23:40:00Z,player_points_rebounds_assists,28.5,fanduel,2025-10-23T14:53:51Z,2025-10-23T14:55:34Z,-104.0,-128.0
Cason Wallace,Oklahoma City Thunder @ Indiana Pacers,2025-10-23T23:40:00Z,player_points_rebounds_assists,15.5,fanduel,2025-10-23T14:53:51Z,2025-10-23T14:55:34Z,-118.0,-112.0
Shai Gilgeous-Alexander,Oklahoma City Thunder @ Indiana Pacers,2025-10-23T23:40:00Z,player_points_rebounds_assists,44.5,fanduel,2025-10-23T14:53:51Z,2025-10-23T14:55:34Z,-110.0,-120.0
Bennedict Mathurin,Oklahoma City Thunder @ Indiana Pacers,2025-10-23T23:40:00Z,player_rebounds,5.5,fanduel,2025-10-23T14:53:51Z,2025-10-23T14:55:34Z,-144.0,108.0
Andrew Nembhard,Oklahoma City Thunder @ Indiana Pacers,2025-10-23T23:40:00Z,player_rebounds,3.5,fanduel,2025-10-23T14:53:51Z,2025-10-23T14:55:34Z,104.0,-138.0
Aaron Nesmith,Oklahoma City Thunder @ Indiana Pacers,2025-10-23T23:40:00Z,player_rebounds,4.5,fanduel,2025-10-23T14:53:51Z,2025-10-23T14:55:34Z,116.0,-158.0
Shai Gilgeous-Alexander,Oklahoma City Thunder @ Indiana Pacers,2025-10-23T23:40:00Z,player_rebounds,4.5,fanduel,2025-10-23T14:53:51Z,2025-10-23T14:55:34Z,-125.0,-106.0
Chet Holmgren,Oklahoma City Thunder @ Indiana Pacers,2025-10-23T23:40:00Z,player_rebounds,7.5,fanduel,2025-10-23T14:53:51Z,2025-10-23T14:55:34Z,-148.0,112.0
Obi Toppin,Oklahoma City Thunder @ Indiana Pacers,2025-10-23T23:40:00Z,player_rebounds,4.5,fanduel,2025-10-23T14:53:51Z,2025-10-23T14:55:34Z,134.0,-180.0
Aaron Wiggins,Oklahoma City Thunder @ Indiana Pacers,2025-10-23T23:40:00Z,player_rebounds,3.5,fanduel,2025-10-23T14:53:51Z,2025-10-23T14:55:34Z,116.0,-154.0
Isaiah Jackson,Oklahoma City Thunder @ Indiana Pacers,2025-10-23T23:40:00Z,player_rebounds,5.5,fanduel,2025-10-23T14:53:51Z,2025-10-23T14:55:34Z,-114.0,-114.0
Isaiah Hartenstein,Oklahoma City Thunder @ Indiana Pacers,2025-10-23T23:40:00Z,player_rebounds,9.5,fanduel,2025-10-23T14:53:51Z,2025-10-23T14:55:34Z,-106.0,-125.0
Cason Wallace,Oklahoma City Thunder @ Indiana Pacers,2025-10-23T23:40:00Z,player_rebounds,3.5,fanduel,2025-10-23T14:53:51Z,2025-10-23T14:55:34Z,-104.0,-128.0
Luguentz Dort,Oklahoma City Thunder @ Indiana Pacers,2025-10-23T23:40:00Z,player_rebounds,3.5,fanduel,2025-10-23T14:53:51Z,2025-10-23T14:55:34Z,-172.0,128.0
Pascal Siakam,Oklahoma City Thunder @ Indiana Pacers,2025-10-23T23:40:00Z,player_rebounds,7.5,fanduel,2025-10-23T14:53:51Z,2025-10-23T14:55:34Z,114.0,-152.0
Andrew Nembhard,Oklahoma City Thunder @ Indiana Pacers,2025-10-23T23:40:00Z,player_threes,1.5,fanduel,2025-10-23T14:53:51Z,2025-10-23T14:55:34Z,136.0,-182.0
Chet Holmgren,Oklahoma City Thunder @ Indiana Pacers,2025-10-23T23:40:00Z,player_threes,1.5,fanduel,2025-10-23T14:53:51Z,2025-10-23T14:55:34Z,-122.0,-108.0
Cason Wallace,Oklahoma City Thunder @ Indiana Pacers,2025-10-23T23:40:00Z,player_threes,1.5,fanduel,2025-10-23T14:53:51Z,2025-10-23T14:55:34Z,136.0,-182.0
Bennedict Mathurin,Oklahoma City Thunder @ Indiana Pacers,2025-10-23T23:40:00Z,player_threes,1.5,fanduel,2025-10-23T14:53:51Z,2025-10-23T14:55:34Z,-125.0,-106.0
Aaron Wiggins,Oklahoma City Thunder @ Indiana Pacers,2025-10-23T23:40:00Z,player_threes,1.5,fanduel,2025-10-23T14:53:51Z,2025-10-23T14:55:34Z,-125.0,-106.0
Obi Toppin,Oklahoma City Thunder @ Indiana Pacers,2025-10-23T23:40:00Z,player_threes,1.5,fanduel,2025-10-23T14:53:51Z,2025-10-23T14:55:34Z,-130.0,-102.0
Aaron Nesmith,Oklahoma City Thunder @ Indiana Pacers,2025-10-23T23:40:00Z,player_threes,2.5,fanduel,2025-10-23T14:53:51Z,2025-10-23T14:55:34Z,116.0,-154.0
Shai Gilgeous-Alexander,Oklahoma City Thunder @ Indiana Pacers,2025-10-23T23:40:00Z,player_threes,1.5,fanduel,2025-10-23T14:53:51Z,2025-10-23T14:55:34Z,-166.0,124.0
Luguentz Dort,Oklahoma City Thunder @ Indiana Pacers,2025-10-23T23:40:00Z,player_threes,2.5,fanduel,2025-10-23T14:53:51Z,2025-10-23T14:55:34Z,154.0,-210.0
Pascal Siakam,Oklahoma City Thunder @ Indiana Pacers,2025-10-23T23:40:00Z,player_threes,1.5,fanduel,2025-10-23T14:53:51Z,2025-10-23T14:55:34Z,124.0,-166.0
Shai Gilgeous-Alexander,Oklahoma City Thunder @ Indiana Pacers,2025-10-23T23:40:00Z,player_triple_double,,fanduel,2025-10-23T14:53:51Z,2025-10-23T14:55:34Z,,
Pascal Siakam,Oklahoma City Thunder @ Indiana Pacers,2025-10-23T23:40:00Z,player_triple_double,,fanduel,2025-10-23T14:53:51Z,2025-10-23T14:55:34Z,,
Cason Wallace,Oklahoma City Thunder @ Indiana Pacers,2025-10-23T23:40:00Z,player_assists,3.5,betrivers,2025-10-23T14:54:59Z,2025-10-23T14:55:31Z,123.0,-165.0
Andrew Nembhard,Oklahoma City Thunder @ Indiana Pacers,2025-10-23T23:40:00Z,player_assists,7.5,betrivers,2025-10-23T14:54:59Z,2025-10-23T14:55:31Z,106.0,-141.0
Pascal Siakam,Oklahoma City Thunder @ Indiana Pacers,2025-10-23T23:40:00Z,player_assists,3.5,betrivers,2025-10-23T14:54:59Z,2025-10-23T14:55:31Z,-159.0,120.0
Isaiah Hartenstein,Oklahoma City Thunder @ Indiana Pacers,2025-10-23T23:40:00Z,player_assists,3.5,betrivers,2025-10-23T14:54:59Z,2025-10-23T14:55:31Z,120.0,-159.0
Chet Holmgren,Oklahoma City Thunder @ Indiana Pacers,2025-10-23T23:40:00Z,player_assists,1.5,betrivers,2025-10-23T14:54:59Z,2025-10-23T14:55:31Z,-190.0,140.0
Shai Gilgeous-Alexander,Oklahoma City Thunder @ Indiana Pacers,2025-10-23T23:40:00Z,player_assists,6.5,betrivers,2025-10-23T14:54:59Z,2025-10-23T14:55:31Z,-122.0,-108.0
Cason Wallace,Oklahoma City Thunder @ Indiana Pacers,2025-10-23T23:40:00Z,player_points,9.5,betrivers,2025-10-23T14:54:59Z,2025-10-23T14:55:31Z,100.0,-132.0
Cason Wallace,Oklahoma City Thunder @ Indiana Pacers,2025-10-23T23:40:00Z,player_points,8.5,betrivers,2025-10-23T14:54:59Z,2025-10-23T14:55:31Z,-134.0,100.0
Aaron Wiggins,Oklahoma City Thunder @ Indiana Pacers,2025-10-23T23:40:00Z,player_points,11.5,betrivers,2025-10-23T14:54:59Z,2025-10-23T14:55:31Z,-124.0,-108.0
Luguentz Dort,Oklahoma City Thunder @ Indiana Pacers,2025-10-23T23:40:00Z,player_points,10.5,betrivers,2025-10-23T14:54:59Z,2025-10-23T14:55:31Z,-104.0,-129.0
Aaron Nesmith,Oklahoma City Thunder @ Indiana Pacers,2025-10-23T23:40:00Z,player_points,14.5,betrivers,2025-10-23T14:54:59Z,2025-10-23T14:55:31Z,-110.0,-121.0
Isaiah Jackson,Oklahoma City Thunder @ Indiana Pacers,2025-10-23T23:40:00Z,player_points,6.5,betrivers,2025-10-23T14:54:59Z,2025-10-23T14:55:31Z,-157.0,115.0
Aaron Nesmith,Oklahoma City Thunder @ Indiana Pacers,2025-10-23T23:40:00Z,player_points,15.5,betrivers,2025-10-23T14:54:59Z,2025-10-23T14:55:31Z,112.0,-152.0
Chet Holmgren,Oklahoma City Thunder @ Indiana Pacers,2025-10-23T23:40:00Z,player_points,18.5,betrivers,2025-10-23T14:54:59Z,2025-10-23T14:55:31Z,-105.0,-129.0
Andrew Nembhard,Oklahoma City Thunder @ Indiana Pacers,2025-10-23T23:40:00Z,player_points,14.5,betrivers,2025-10-23T14:54:59Z,2025-10-23T14:55:31Z,118.0,-162.0
Shai Gilgeous-Alexander,Oklahoma City Thunder @ Indiana Pacers,2025-10-23T23:40:00Z,player_points,34.5,betrivers,2025-10-23T14:54:59Z,2025-10-23T14:55:31Z,118.0,-165.0
Pascal Siakam,Oklahoma City Thunder @ Indiana Pacers,2025-10-23T23:40:00Z,player_points,21.5,betrivers,2025-10-23T14:54:59Z,2025-10-23T14:55:31Z,112.0,-152.0
Shai Gilgeous-Alexander,Oklahoma City Thunder @ Indiana Pacers,2025-10-23T23:40:00Z,player_points,30.5,betrivers,2025-10-23T14:54:59Z,2025-10-23T14:55:31Z,-159.0,116.0
Aaron Wiggins,Oklahoma City Thunder @ Indiana Pacers,2025-10-23T23:40:00Z,player_points,10.5,betrivers,2025-10-23T14:54:59Z,2025-10-23T14:55:31Z,-148.0,110.0
Shai Gilgeous-Alexander,Oklahoma City Thunder @ Indiana Pacers,2025-10-23T23:40:00Z,player_points,32.5,betrivers,2025-10-23T14:54:59Z,2025-10-23T14:55:31Z,-114.0,-117.0
Shai Gilgeous-Alexander,Oklahoma City Thunder @ Indiana Pacers,2025-10-23T23:40:00Z,player_points,33.5,betrivers,2025-10-23T14:54:59Z,2025-10-23T14:55:31Z,102.0,-136.0
Chet Holmgren,Oklahoma City Thunder @ Indiana Pacers,2025-10-23T23:40:00Z,player_points,16.5,betrivers,2025-10-23T14:54:59Z,2025-10-23T14:55:31Z,-159.0,115.0
Aaron Wiggins,Oklahoma City Thunder @ Indiana Pacers,2025-10-23T23:40:00Z,player_points,13.5,betrivers,2025-10-23T14:54:59Z,2025-10-23T14:55:31Z,112.0,-152.0
Pascal Siakam,Oklahoma City Thunder @ Indiana Pacers,2025-10-23T23:40:00Z,player_points,18.5,betrivers,2025-10-23T14:54:59Z,2025-10-23T14:55:31Z,-162.0,117.0
Aaron Wiggins,Oklahoma City Thunder @ Indiana Pacers,2025-10-23T23:40:00Z,player_points,12.5,betrivers,2025-10-23T14:54:59Z,2025-10-23T14:55:31Z,-104.0,-129.0
Isaiah Hartenstein,Oklahoma City Thunder @ Indiana Pacers,2025-10-23T23:40:00Z,player_points,9.5,betrivers,2025-10-23T14:54:59Z,2025-10-23T14:55:31Z,-148.0,110.0
Chet Holmgren,Oklahoma City Thunder @ Indiana Pacers,2025-10-23T23:40:00Z,player_points,19.5,betrivers,2025-10-23T14:54:59Z,2025-10-23T14:55:31Z,116.0,-159.0
Obi Toppin,Oklahoma City Thunder @ Indiana Pacers,2025-10-23T23:40:00Z,player_points,11.5,betrivers,2025-10-23T14:54:59Z,2025-10-23T14:55:31Z,-103.0,-130.0
Andrew Nembhard,Oklahoma City Thunder @ Indiana Pacers,2025-10-23T23:40:00Z,player_points,12.5,betrivers,2025-10-23T14:54:59Z,2025-10-23T14:55:31Z,-137.0,102.0
Shai Gilgeous-Alexander,Oklahoma City Thunder @ Indiana Pacers,2025-10-23T23:40:00Z,player_points,31.5,betrivers,2025-10-23T14:54:59Z,2025-10-23T14:55:31Z,-134.0,100.0
Luguentz Dort,Oklahoma City Thunder @ Indiana Pacers,2025-10-23T23:40:00Z,player_points,9.5,betrivers,2025-10-23T14:54:59Z,2025-10-23T14:55:31Z,-134.0,100.0
Isaiah Hartenstein,Oklahoma City Thunder @ Indiana Pacers,2025-10-23T23:40:00Z,player_points,11.5,betrivers,2025-10-23T14:54:59Z,2025-10-23T14:55:31Z,120.0,-167.0
Isaiah Hartenstein,Oklahoma City Thunder @ Indiana Pacers,2025-10-23T23:40:00Z,player_points,10.5,betrivers,2025-10-23T14:54:59Z,2025-10-23T14:55:31Z,-107.0,-125.0
Bennedict Mathurin,Oklahoma City Thunder @ Indiana Pacers,2025-10-23T23:40:00Z,player_points,17.5,betrivers,2025-10-23T14:54:59Z,2025-10-23T14:55:31Z,-141.0,106.0
Chet Holmgren,Oklahoma City Thunder @ Indiana Pacers,2025-10-23T23:40:00Z,player_points,17.5,betrivers,2025-10-23T14:54:59Z,2025-10-23T14:55:31Z,-127.0,-105.0
Pascal Siakam,Oklahoma City Thunder @ Indiana Pacers,2025-10-23T23:40:00Z,player_points,19.5,betrivers,2025-10-23T14:54:59Z,2025-10-23T14:55:31Z,-130.0,-103.0
Bennedict Mathurin,Oklahoma City Thunder @ Indiana Pacers,2025-10-23T23:40:00Z,player_points,18.5,betrivers,2025-10-23T14:54:59Z,2025-10-23T14:55:31Z,-115.0,-115.0
Bennedict Mathurin,Oklahoma City Thunder @ Indiana Pacers,2025-10-23T23:40:00Z,player_points,19.5,betrivers,2025-10-23T14:54:59Z,2025-10-23T14:55:31Z,106.0,-143.0
Obi Toppin,Oklahoma City Thunder @ Indiana Pacers,2025-10-23T23:40:00Z,player_points,12.5,betrivers,2025-10-23T14:54:59Z,2025-10-23T14:55:31Z,120.0,-167.0
Obi Toppin,Oklahoma City Thunder @ Indiana Pacers,2025-10-23T23:40:00Z,player_points,10.5,betrivers,2025-10-23T14:54:59Z,2025-10-23T14:55:31Z,-130.0,-103.0
Aaron Nesmith,Oklahoma City Thunder @ Indiana Pacers,2025-10-23T23:40:00Z,player_points,13.5,betrivers,2025-10-23T14:54:59Z,2025-10-23T14:55:31Z,-136.0,102.0
Andrew Nembhard,Oklahoma City Thunder @ Indiana Pacers,2025-10-23T23:40:00Z,player_points,13.5,betrivers,2025-10-23T14:54:59Z,2025-10-23T14:55:31Z,-107.0,-124.0
Isaiah Jackson,Oklahoma City Thunder @ Indiana Pacers,2025-10-23T23:40:00Z,player_points,7.5,betrivers,2025-10-23T14:54:59Z,2025-10-23T14:55:31Z,-108.0,-124.0
Pascal Siakam,Oklahoma City Thunder @ Indiana Pacers,2025-10-23T23:40:00Z,player_points,20.5,betrivers,2025-10-23T14:54:59Z,2025-10-23T14:55:31Z,-108.0,-122.0
Shai Gilgeous-Alexander,Oklahoma City Thunder @ Indiana Pacers,2025-10-23T23:40:00Z,player_points_rebounds_assists,45.5,betrivers,2025-10-23T14:54:59Z,2025-10-23T14:55:31Z,-105.0,-127.0
Isaiah Hartenstein,Oklahoma City Thunder @ Indiana Pacers,2025-10-23T23:40:00Z,player_points_rebounds_assists,23.5,betrivers,2025-10-23T14:54:59Z,2025-10-23T14:55:31Z,-115.0,-115.0
Cason Wallace,Oklahoma City Thunder @ Indiana Pacers,2025-10-23T23:40:00Z,player_points_rebounds_assists,15.5,betrivers,2025-10-23T14:54:59Z,2025-10-23T14:55:31Z,-130.0,-103.0
Andrew Nembhard,Oklahoma City Thunder @ Indiana Pacers,2025-10-23T23:40:00Z,player_points_rebounds_assists,23.5,betrivers,2025-10-23T14:54:59Z,2025-10-23T14:55:31Z,-137.0,104.0
Cason Wallace,Oklahoma City Thunder @ Indiana Pacers,2025-10-23T23:40:00Z,player_points_rebounds_assists,17.5,betrivers,2025-10-23T14:54:59Z,2025-10-23T14:55:31Z,114.0,-157.0
Pascal Siakam,Oklahoma City Thunder @ Indiana Pacers,2025-10-23T23:40:00Z,player_points_rebounds_assists,31.5,betrivers,2025-10-23T14:54:59Z,2025-10-23T14:55:31Z,-125.0,-106.0
Pascal Siakam,Oklahoma City Thunder @ Indiana Pacers,2025-10-23T23:40:00Z,player_points_rebounds_assists,34.5,betrivers,2025-10-23T14:54:59Z,2025-10-23T14:55:31Z,120.0,-167.0
Chet Holmgren,Oklahoma City Thunder @ Indiana Pacers,2025-10-23T23:40:00Z,player_points_rebounds_assists,29.5,betrivers,2025-10-23T14:54:59Z,2025-10-23T14:55:31Z,-103.0,-130.0
Shai Gilgeous-Alexander,Oklahoma City Thunder @ Indiana Pacers,2025-10-23T23:40:00Z,player_points_rebounds_assists,43.5,betrivers,2025-10-23T14:54:59Z,2025-10-23T14:55:31Z,-136.0,102.0
Chet Holmgren,Oklahoma City Thunder @ Indiana Pacers,2025-10-23T23:40:00Z,player_points_rebounds_assists,28.5,betrivers,2025-10-23T14:54:59Z,2025-10-23T14:55:31Z,-118.0,-113.0
Shai Gilgeous-Alexander,Oklahoma City Thunder @ Indiana Pacers,2025-10-23T23:40:00Z,player_points_rebounds_assists,46.5,betrivers,2025-10-23T14:54:59Z,2025-10-23T14:55:31Z,108.0,-148.0
Pascal Siakam,Oklahoma City Thunder @ Indiana Pacers,2025-10-23T23:40:00Z,player_points_rebounds_assists,32.5,betrivers,2025-10-23T14:54:59Z,2025-10-23T14:55:31Z,-109.0,-122.0
Isaiah Hartenstein,Oklahoma City Thunder @ Indiana Pacers,2025-10-23T23:40:00Z,player_points_rebounds_assists,22.5,betrivers,2025-10-23T14:54:59Z,2025-10-23T14:55:31Z,-139.0,104.0
Andrew Nembhard,Oklahoma City Thunder @ Indiana Pacers,2025-10-23T23:40:00Z,player_points_rebounds_assists,26.5,betrivers,2025-10-23T14:54:59Z,2025-10-23T14:55:31Z,120.0,-167.0
Pascal Siakam,Oklahoma City Thunder @ Indiana Pacers,2025-10-23T23:40:00Z,player_points_rebounds_assists,33.5,betrivers,2025-10-23T14:54:59Z,2025-10-23T14:55:31Z,106.0,-141.0
Cason Wallace,Oklahoma City Thunder @ Indiana Pacers,2025-10-23T23:40:00Z,player_points_rebounds_assists,16.5,betrivers,2025-10-23T14:54:59Z,2025-10-23T14:55:31Z,-106.0,-125.0
Shai Gilgeous-Alexander,Oklahoma City Thunder @ Indiana Pacers,2025-10-23T23:40:00Z,player_points_rebounds_assists,42.5,betrivers,2025-10-23T14:54:59Z,2025-10-23T14:55:31Z,-159.0,116.0
Isaiah Hartenstein,Oklahoma City Thunder @ Indiana Pacers,2025-10-23T23:40:00Z,player_points_rebounds_assists,21.5,betrivers,2025-10-23T14:54:59Z,2025-10-23T14:55:31Z,-167.0,123.0
Chet Holmgren,Oklahoma City Thunder @ Indiana Pacers,2025-10-23T23:40:00Z,player_points_rebounds_assists,26.5,betrivers,2025-10-23T14:54:59Z,2025-10-23T14:55:31Z,-165.0,118.0
Chet Holmgren,Oklahoma City Thunder @ Indiana Pacers,2025-10-23T23:40:00Z,player_points_rebounds_assists,30.5,betrivers,2025-10-23T14:54:59Z,2025-10-23T14:55:31Z,112.0,-155.0
Andrew Nembhard,Oklahoma City Thunder @ Indiana Pacers,2025-10-23T23:40:00Z,player_points_rebounds_assists,25.5,betrivers,2025-10-23T14:54:59Z,2025-10-23T14:55:31Z,104.0,-137.0
Isaiah Hartenstein,Oklahoma City Thunder @ Indiana Pacers,2025-10-23T23:40:00Z,player_points_rebounds_assists,24.5,betrivers,2025-10-23T14:54:59Z,2025-10-23T14:55:31Z,104.0,-139.0
Cason Wallace,Oklahoma City Thunder @ Indiana Pacers,2025-10-23T23:40:00Z,player_points_rebounds_assists,14.5,betrivers,2025-10-23T14:54:59Z,2025-10-23T14:55:31Z,-162.0,118.0
Chet Holmgren,Oklahoma City Thunder @ Indiana Pacers,2025-10-23T23:40:00Z,player_points_rebounds_assists,27.5,betrivers,2025-10-23T14:54:59Z,2025-10-23T14:55:31Z,-137.0,104.0
Andrew Nembhard,Oklahoma City Thunder @ Indiana Pacers,2025-10-23T23:40:00Z,player_points_rebounds_assists,22.5,betrivers,2025-10-23T14:54:59Z,2025-10-23T14:55:31Z,-167.0,120.0
Shai Gilgeous-Alexander,Oklahoma City Thunder @ Indiana Pacers,2025-10-23T23:40:00Z,player_points_rebounds_assists,44.5,betrivers,2025-10-23T14:54:59Z,2025-10-23T14:55:31Z,-120.0,-112.0
Pascal Siakam,Oklahoma City Thunder @ Indiana Pacers,2025-10-23T23:40:00Z,player_points_rebounds_assists,30.5,betrivers,2025-10-23T14:54:59Z,2025-10-23T14:55:31Z,-148.0,108.0
Andrew Nembhard,Oklahoma City Thunder @ Indiana Pacers,2025-10-23T23:40:00Z,player_points_rebounds_assists,24.5,betrivers,2025-10-23T14:54:59Z,2025-10-23T14:55:31Z,-115.0,-115.0
Aaron Wiggins,Oklahoma City Thunder @ Indiana Pacers,2025-10-23T23:40:00Z,player_rebounds,3.5,betrivers,2025-10-23T14:54:59Z,2025-10-23T14:55:31Z,117.0,-157.0
Cason Wallace,Oklahoma City Thunder @ Indiana Pacers,2025-10-23T23:40:00Z,player_rebounds,3.5,betrivers,2025-10-23T14:54:59Z,2025-10-23T14:55:31Z,-105.0,-129.0
Chet Holmgren,Oklahoma City Thunder @ Indiana Pacers,2025-10-23T23:40:00Z,player_rebounds,7.5,betrivers,2025-10-23T14:54:59Z,2025-10-23T14:55:31Z,-143.0,107.0
Luguentz Dort,Oklahoma City Thunder @ Indiana Pacers,2025-10-23T23:40:00Z,player_rebounds,4.5,betrivers,2025-10-23T14:54:59Z,2025-10-23T14:55:31Z,117.0,-157.0
Isaiah Hartenstein,Oklahoma City Thunder @ Indiana Pacers,2025-10-23T23:40:00Z,player_rebounds,9.5,betrivers,2025-10-23T14:54:59Z,2025-10-23T14:55:31Z,-109.0,-122.0
Pascal Siakam,Oklahoma City Thunder @ Indiana Pacers,2025-10-23T23:40:00Z,player_rebounds,7.5,betrivers,2025-10-23T14:54:59Z,2025-10-23T14:55:31Z,107.0,-143.0
Obi Toppin,Oklahoma City Thunder @ Indiana Pacers,2025-10-23T23:40:00Z,player_rebounds,3.5,betrivers,2025-10-23T14:54:59Z,2025-10-23T14:55:31Z,-157.0,118.0
Bennedict Mathurin,Oklahoma City Thunder @ Indiana Pacers,2025-10-23T23:40:00Z,player_rebounds,5.5,betrivers,2025-10-23T14:54:59Z,2025-10-23T14:55:31Z,-148.0,112.0
Aaron Nesmith,Oklahoma City Thunder @ Indiana Pacers,2025-10-23T23:40:00Z,player_rebounds,4.5,betrivers,2025-10-23T14:54:59Z,2025-10-23T14:55:31Z,110.0,-148.0
Andrew Nembhard,Oklahoma City Thunder @ Indiana Pacers,2025-10-23T23:40:00Z,player_rebounds,3.5,betrivers,2025-10-23T14:54:59Z,2025-10-23T14:55:31Z,-105.0,-127.0
Shai Gilgeous-Alexander,Oklahoma City Thunder @ Indiana Pacers,2025-10-23T23:40:00Z,player_rebounds,4.5,betrivers,2025-10-23T14:54:59Z,2025-10-23T14:55:31Z,-129.0,-104.0
Isaiah Jackson,Oklahoma City Thunder @ Indiana Pacers,2025-10-23T23:40:00Z,player_rebounds,5.5,betrivers,2025-10-23T14:54:59Z,2025-10-23T14:55:31Z,112.0,-148.0
Shai Gilgeous-Alexander,Oklahoma City Thunder @ Indiana Pacers,2025-10-23T23:40:00Z,player_threes,1.5,betrivers,2025-10-23T14:54:59Z,2025-10-23T14:55:31Z,-165.0,123.0
Cason Wallace,Oklahoma City Thunder @ Indiana Pacers,2025-10-23T23:40:00Z,player_threes,1.5,betrivers,2025-10-23T14:54:59Z,2025-10-23T14:55:31Z,145.0,-195.0
Andrew Nembhard,Oklahoma City Thunder @ Indiana Pacers,2025-10-23T23:40:00Z,player_threes,1.5,betrivers,2025-10-23T14:54:59Z,2025-10-23T14:55:31Z,130.0,-177.0
Pascal Siakam,Oklahoma City Thunder @ Indiana Pacers,2025-10-23T23:40:00Z,player_threes,1.5,betrivers,2025-10-23T14:54:59Z,2025-10-23T14:55:31Z,123.0,-165.0
Aaron Wiggins,Oklahoma City Thunder @ Indiana Pacers,2025-10-23T23:40:00Z,player_threes,1.5,betrivers,2025-10-23T14:54:59Z,2025-10-23T14:55:31Z,-127.0,-105.0
Bennedict Mathurin,Oklahoma City Thunder @ Indiana Pacers,2025-10-23T23:40:00Z,player_threes,1.5,betrivers,2025-10-23T14:54:59Z,2025-10-23T14:55:31Z,-115.0,-115.0
Aaron Nesmith,Oklahoma City Thunder @ Indiana Pacers,2025-10-23T23:40:00Z,player_threes,2.5,betrivers,2025-10-23T14:54:59Z,2025-10-23T14:55:31Z,112.0,-150.0
Chet Holmgren,Oklahoma City Thunder @ Indiana Pacers,2025-10-23T23:40:00Z,player_threes,1.5,betrivers,2025-10-23T14:54:59Z,2025-10-23T14:55:31Z,-125.0,-106.0
Obi Toppin,Oklahoma City Thunder @ Indiana Pacers,2025-10-23T23:40:00Z,player_threes,1.5,betrivers,2025-10-23T14:54:59Z,2025-10-23T14:55:31Z,-132.0,100.0
Luguentz Dort,Oklahoma City Thunder @ Indiana Pacers,2025-10-23T23:40:00Z,player_threes,2.5,betrivers,2025-10-23T14:54:59Z,2025-10-23T14:55:31Z,145.0,-195.0
Pascal Siakam,Oklahoma City Thunder @ Indiana Pacers,2025-10-23T23:40:00Z,player_assists,3.5,betmgm,2025-10-23T14:55:34Z,2025-10-23T14:54:10Z,-165.0,125.0
Bennedict Mathurin,Oklahoma City Thunder @ Indiana Pacers,2025-10-23T23:40:00Z,player_assists,2.5,betmgm,2025-10-23T14:55:34Z,2025-10-23T14:54:10Z,105.0,-145.0
Aaron Nesmith,Oklahoma City Thunder @ Indiana Pacers,2025-10-23T23:40:00Z,player_assists,1.5,betmgm,2025-10-23T14:55:34Z,2025-10-23T14:54:10Z,-130.0,-105.0
Andrew Nembhard,Oklahoma City Thunder @ Indiana Pacers,2025-10-23T23:40:00Z,player_assists,6.5,betmgm,2025-10-23T14:55:34Z,2025-10-23T14:54:10Z,-155.0,115.0
Shai Gilgeous-Alexander,Oklahoma City Thunder @ Indiana Pacers,2025-10-23T23:40:00Z,player_assists,6.5,betmgm,2025-10-23T14:55:34Z,2025-10-23T14:54:10Z,-110.0,-120.0
Luguentz Dort,Oklahoma City Thunder @ Indiana Pacers,2025-10-23T23:40:00Z,player_assists,1.5,betmgm,2025-10-23T14:55:34Z,2025-10-23T14:54:10Z,110.0,-150.0
Chet Holmgren,Oklahoma City Thunder @ Indiana Pacers,2025-10-23T23:40:00Z,player_assists,1.5,betmgm,2025-10-23T14:55:34Z,2025-10-23T14:54:10Z,-190.0,140.0
Isaiah Hartenstein,Oklahoma City Thunder @ Indiana Pacers,2025-10-23T23:40:00Z,player_assists,3.5,betmgm,2025-10-23T14:55:34Z,2025-10-23T14:54:10Z,115.0,-155.0
Cason Wallace,Oklahoma City Thunder @ Indiana Pacers,2025-10-23T23:40:00Z,player_assists,2.5,betmgm,2025-10-23T14:55:34Z,2025-10-23T14:54:10Z,-165.0,130.0
Aaron Wiggins,Oklahoma City Thunder @ Indiana Pacers,2025-10-23T23:40:00Z,player_assists,1.5,betmgm,2025-10-23T14:55:34Z,2025-10-23T14:54:10Z,-115.0,-115.0
Pascal Siakam,Oklahoma City Thunder @ Indiana Pacers,2025-10-23T23:40:00Z,player_blocks,0.5,betmgm,2025-10-23T14:55:34Z,2025-10-23T14:54:10Z,125.0,-175.0
Bennedict Mathurin,Oklahoma City Thunder @ Indiana Pacers,2025-10-23T23:40:00Z,player_blocks,0.5,betmgm,2025-10-23T14:55:34Z,2025-10-23T14:54:10Z,170.0,-235.0
Aaron Nesmith,Oklahoma City Thunder @ Indiana Pacers,2025-10-23T23:40:00Z,player_blocks,0.5,betmgm,2025-10-23T14:55:34Z,2025-10-23T14:54:10Z,130.0,-185.0
Andrew Nembhard,Oklahoma City Thunder @ Indiana Pacers,2025-10-23T23:40:00Z,player_blocks,0.5,betmgm,2025-10-23T14:55:34Z,2025-10-23T14:54:10Z,270.0,-400.0
Shai Gilgeous-Alexander,Oklahoma City Thunder @ Indiana Pacers,2025-10-23T23:40:00Z,player_blocks,0.5,betmgm,2025-10-23T14:55:34Z,2025-10-23T14:54:10Z,-140.0,100.0
Luguentz Dort,Oklahoma City Thunder @ Indiana Pacers,2025-10-23T23:40:00Z,player_blocks,0.5,betmgm,2025-10-23T14:55:34Z,2025-10-23T14:54:10Z,150.0,-220.0
Chet Holmgren,Oklahoma City Thunder @ Indiana Pacers,2025-10-23T23:40:00Z,player_blocks,1.5,betmgm,2025-10-23T14:55:34Z,2025-10-23T14:54:10Z,-175.0,125.0
Isaiah Hartenstein,Oklahoma City Thunder @ Indiana Pacers,2025-10-23T23:40:00Z,player_blocks,0.5,betmgm,2025-10-23T14:55:34Z,2025-10-23T14:54:10Z,-150.0,110.0
Cason Wallace,Oklahoma City Thunder @ Indiana Pacers,2025-10-23T23:40:00Z,player_blocks,0.5,betmgm,2025-10-23T14:55:34Z,2025-10-23T14:54:10Z,165.0,-235.0
Bennedict Mathurin,Oklahoma City Thunder @ Indiana Pacers,2025-10-23T23:40:00Z,player_points,18.5,betmgm,2025-10-23T14:55:34Z,2025-10-23T14:54:10Z,-120.0,-110.0
Pascal Siakam,Oklahoma City Thunder @ Indiana Pacers,2025-10-23T23:40:00Z,player_points,20.5,betmgm,2025-10-23T14:55:34Z,2025-10-23T14:54:10Z,100.0,-130.0
Shai Gilgeous-Alexander,Oklahoma City Thunder @ Indiana Pacers,2025-10-23T23:40:00Z,player_points,32.5,betmgm,2025-10-23T14:55:34Z,2025-10-23T14:54:10Z,-115.0,-115.0
Luguentz Dort,Oklahoma City Thunder @ Indiana Pacers,2025-10-23T23:40:00Z,player_points,10.5,betmgm,2025-10-23T14:55:34Z,2025-10-23T14:54:10Z,100.0,-135.0
Chet Holmgren,Oklahoma City Thunder @ Indiana Pacers,2025-10-23T23:40:00Z,player_points,17.5,betmgm,2025-10-23T14:55:34Z,2025-10-23T14:54:10Z,-125.0,-105.0
Isaiah Hartenstein,Oklahoma City Thunder @ Indiana Pacers,2025-10-23T23:40:00Z,player_points,10.5,betmgm,2025-10-23T14:55:34Z,2025-10-23T14:54:10Z,-105.0,-125.0
Cason Wallace,Oklahoma City Thunder @ Indiana Pacers,2025-10-23T23:40:00Z,player_points,8.5,betmgm,2025-10-23T14:55:34Z,2025-10-23T14:54:10Z,-135.0,100.0
Andrew Nembhard,Oklahoma City Thunder @ Indiana Pacers,2025-10-23T23:40:00Z,player_points,13.5,betmgm,2025-10-23T14:55:34Z,2025-10-23T14:54:10Z,-110.0,-125.0
Obi Toppin,Oklahoma City Thunder @ Indiana Pacers,2025-10-23T23:40:00Z,player_points,10.5,betmgm,2025-10-23T14:55:34Z,2025-10-23T14:54:10Z,-120.0,-110.0
Aaron Nesmith,Oklahoma City Thunder @ Indiana Pacers,2025-10-23T23:40:00Z,player_points,14.5,betmgm,2025-10-23T14:55:34Z,2025-10-23T14:54:10Z,-105.0,-130.0
Aaron Wiggins,Oklahoma City Thunder @ Indiana Pacers,2025-10-23T23:40:00Z,player_points,12.5,betmgm,2025-10-23T14:55:34Z,2025-10-23T14:54:10Z,100.0,-135.0
Pascal Siakam,Oklahoma City Thunder @ Indiana Pacers,2025-10-23T23:40:00Z,player_rebounds,7.5,betmgm,2025-10-23T14:55:34Z,2025-10-23T14:54:10Z,-110.0,-120.0
Bennedict Mathurin,Oklahoma City Thunder @ Indiana Pacers,2025-10-23T23:40:00Z,player_rebounds,5.5,betmgm,2025-10-23T14:55:34Z,2025-10-23T14:54:10Z,-150.0,115.0
Aaron Nesmith,Oklahoma City Thunder @ Indiana Pacers,2025-10-23T23:40:00Z,player_rebounds,4.5,betmgm,2025-10-23T14:55:34Z,2025-10-23T14:54:10Z,105.0,-140.0
Andrew Nembhard,Oklahoma City Thunder @ Indiana Pacers,2025-10-23T23:40:00Z,player_rebounds,3.5,betmgm,2025-10-23T14:55:34Z,2025-10-23T14:54:10Z,120.0,-160.0
Shai Gilgeous-Alexander,Oklahoma City Thunder @ Indiana Pacers,2025-10-23T23:40:00Z,player_rebounds,4.5,betmgm,2025-10-23T14:55:34Z,2025-10-23T14:54:10Z,-135.0,100.0
Luguentz Dort,Oklahoma City Thunder @ Indiana Pacers,2025-10-23T23:40:00Z,player_rebounds,4.5,betmgm,2025-10-23T14:55:34Z,2025-10-23T14:54:10Z,-105.0,-130.0
Cason Wallace,Oklahoma City Thunder @ Indiana Pacers,2025-10-23T23:40:00Z,player_rebounds,3.5,betmgm,2025-10-23T14:55:34Z,2025-10-23T14:54:10Z,100.0,-130.0
Aaron Wiggins,Oklahoma City Thunder @ Indiana Pacers,2025-10-23T23:40:00Z,player_rebounds,3.5,betmgm,2025-10-23T14:55:34Z,2025-10-23T14:54:10Z,100.0,-130.0
Isaiah Hartenstein,Oklahoma City Thunder @ Indiana Pacers,2025-10-23T23:40:00Z,player_rebounds,10.5,betmgm,2025-10-23T14:55:34Z,2025-10-23T14:54:10Z,105.0,-145.0
Obi Toppin,Oklahoma City Thunder @ Indiana Pacers,2025-10-23T23:40:00Z,player_rebounds,4.5,betmgm,2025-10-23T14:55:34Z,2025-10-23T14:54:10Z,105.0,-140.0
Chet Holmgren,Oklahoma City Thunder @ Indiana Pacers,2025-10-23T23:40:00Z,player_rebounds,8.5,betmgm,2025-10-23T14:55:34Z,2025-10-23T14:54:10Z,110.0,-150.0
Pascal Siakam,Oklahoma City Thunder @ Indiana Pacers,2025-10-23T23:40:00Z,player_threes,1.5,betmgm,2025-10-23T14:55:34Z,2025-10-23T14:54:10Z,125.0,-165.0
Bennedict Mathurin,Oklahoma City Thunder @ Indiana Pacers,2025-10-23T23:40:00Z,player_threes,1.5,betmgm,2025-10-23T14:55:34Z,2025-10-23T14:54:10Z,-110.0,-120.0
Aaron Nesmith,Oklahoma City Thunder @ Indiana Pacers,2025-10-23T23:40:00Z,player_threes,2.5,betmgm,2025-10-23T14:55:34Z,2025-10-23T14:54:10Z,115.0,-155.0
Andrew Nembhard,Oklahoma City Thunder @ Indiana Pacers,2025-10-23T23:40:00Z,player_threes,1.5,betmgm,2025-10-23T14:55:34Z,2025-10-23T14:54:10Z,140.0,-190.0
Shai Gilgeous-Alexander,Oklahoma City Thunder @ Indiana Pacers,2025-10-23T23:40:00Z,player_threes,1.5,betmgm,2025-10-23T14:55:34Z,2025-10-23T14:54:10Z,-175.0,130.0
Luguentz Dort,Oklahoma City Thunder @ Indiana Pacers,2025-10-23T23:40:00Z,player_threes,2.5,betmgm,2025-10-23T14:55:34Z,2025-10-23T14:54:10Z,140.0,-190.0
Chet Holmgren,Oklahoma City Thunder @ Indiana Pacers,2025-10-23T23:40:00Z,player_threes,1.5,betmgm,2025-10-23T14:55:34Z,2025-10-23T14:54:10Z,-120.0,-110.0
Cason Wallace,Oklahoma City Thunder @ Indiana Pacers,2025-10-23T23:40:00Z,player_threes,1.5,betmgm,2025-10-23T14:55:34Z,2025-10-23T14:54:10Z,145.0,-200.0
Aaron Wiggins,Oklahoma City Thunder @ Indiana Pacers,2025-10-23T23:40:00Z,player_threes,1.5,betmgm,2025-10-23T14:55:34Z,2025-10-23T14:54:10Z,-135.0,100.0
Obi Toppin,Oklahoma City Thunder @ Indiana Pacers,2025-10-23T23:40:00Z,player_threes,1.5,betmgm,2025-10-23T14:55:34Z,2025-10-23T14:54:10Z,-135.0,105.0
Shai Gilgeous-Alexander,Oklahoma City Thunder @ Indiana Pacers,2025-10-23T23:40:00Z,player_assists,6.5,betonlineag,2025-10-23T14:54:59Z,2025-10-23T14:55:49Z,-123.0,-105.0
Pascal Siakam,Oklahoma City Thunder @ Indiana Pacers,2025-10-23T23:40:00Z,player_assists,3.5,betonlineag,2025-10-23T14:54:59Z,2025-10-23T14:55:49Z,-172.0,132.0
Chet Holmgren,Oklahoma City Thunder @ Indiana Pacers,2025-10-23T23:40:00Z,player_assists,2.5,betonlineag,2025-10-23T14:54:59Z,2025-10-23T14:55:49Z,155.0,-204.0
Isaiah Hartenstein,Oklahoma City Thunder @ Indiana Pacers,2025-10-23T23:40:00Z,player_assists,3.5,betonlineag,2025-10-23T14:54:59Z,2025-10-23T14:55:49Z,124.0,-161.0
Andrew Nembhard,Oklahoma City Thunder @ Indiana Pacers,2025-10-23T23:40:00Z,player_assists,7.5,betonlineag,2025-10-23T14:54:59Z,2025-10-23T14:55:49Z,104.0,-135.0
Cason Wallace,Oklahoma City Thunder @ Indiana Pacers,2025-10-23T23:40:00Z,player_assists,3.5,betonlineag,2025-10-23T14:54:59Z,2025-10-23T14:55:49Z,152.0,-200.0
Shai Gilgeous-Alexander,Oklahoma City Thunder @ Indiana Pacers,2025-10-23T23:40:00Z,player_points,32.5,betonlineag,2025-10-23T14:54:59Z,2025-10-23T14:55:49Z,-110.0,-118.0
Aaron Nesmith,Oklahoma City Thunder @ Indiana Pacers,2025-10-23T23:40:00Z,player_points,14.5,betonlineag,2025-10-23T14:54:59Z,2025-10-23T14:55:49Z,-102.0,-127.0
Pascal Siakam,Oklahoma City Thunder @ Indiana Pacers,2025-10-23T23:40:00Z,player_points,19.5,betonlineag,2025-10-23T14:54:59Z,2025-10-23T14:55:49Z,-130.0,100.0
Bennedict Mathurin,Oklahoma City Thunder @ Indiana Pacers,2025-10-23T23:40:00Z,player_points,18.5,betonlineag,2025-10-23T14:54:59Z,2025-10-23T14:55:49Z,-114.0,-114.0
Chet Holmgren,Oklahoma City Thunder @ Indiana Pacers,2025-10-23T23:40:00Z,player_points,17.5,betonlineag,2025-10-23T14:54:59Z,2025-10-23T14:55:49Z,-122.0,-106.0
Cason Wallace,Oklahoma City Thunder @ Indiana Pacers,2025-10-23T23:40:00Z,player_points,8.5,betonlineag,2025-10-23T14:54:59Z,2025-10-23T14:55:49Z,-130.0,100.0
Isaiah Hartenstein,Oklahoma City Thunder @ Indiana Pacers,2025-10-23T23:40:00Z,player_points,10.5,betonlineag,2025-10-23T14:54:59Z,2025-10-23T14:55:49Z,-101.0,-128.0
Luguentz Dort,Oklahoma City Thunder @ Indiana Pacers,2025-10-23T23:40:00Z,player_points,10.5,betonlineag,2025-10-23T14:54:59Z,2025-10-23T14:55:49Z,-102.0,-127.0
Obi Toppin,Oklahoma City Thunder @ Indiana Pacers,2025-10-23T23:40:00Z,player_points,10.5,betonlineag,2025-10-23T14:54:59Z,2025-10-23T14:55:49Z,-120.0,-108.0
Aaron Wiggins,Oklahoma City Thunder @ Indiana Pacers,2025-10-23T23:40:00Z,player_points,11.5,betonlineag,2025-10-23T14:54:59Z,2025-10-23T14:55:49Z,-143.0,110.0
Isaiah Jackson,Oklahoma City Thunder @ Indiana Pacers,2025-10-23T23:40:00Z,player_points,7.5,betonlineag,2025-10-23T14:54:59Z,2025-10-23T14:55:49Z,-106.0,-122.0
Andrew Nembhard,Oklahoma City Thunder @ Indiana Pacers,2025-10-23T23:40:00Z,player_points,13.5,betonlineag,2025-10-23T14:54:59Z,2025-10-23T14:55:49Z,-110.0,-118.0
Shai Gilgeous-Alexander,Oklahoma City Thunder @ Indiana Pacers,2025-10-23T23:40:00Z,player_points_rebounds_assists,44.5,betonlineag,2025-10-23T14:54:59Z,2025-10-23T14:55:49Z,-110.0,-118.0
Pascal Siakam,Oklahoma City Thunder @ Indiana Pacers,2025-10-23T23:40:00Z,player_points_rebounds_assists,31.5,betonlineag,2025-10-23T14:54:59Z,2025-10-23T14:55:49Z,-114.0,-114.0
Chet Holmgren,Oklahoma City Thunder @ Indiana Pacers,2025-10-23T23:40:00Z,player_points_rebounds_assists,28.5,betonlineag,2025-10-23T14:54:59Z,2025-10-23T14:55:49Z,-108.0,-120.0
Isaiah Hartenstein,Oklahoma City Thunder @ Indiana Pacers,2025-10-23T23:40:00Z,player_points_rebounds_assists,23.5,betonlineag,2025-10-23T14:54:59Z,2025-10-23T14:55:49Z,-115.0,-112.0
Cason Wallace,Oklahoma City Thunder @ Indiana Pacers,2025-10-23T23:40:00Z,player_points_rebounds_assists,15.5,betonlineag,2025-10-23T14:54:59Z,2025-10-23T14:55:49Z,-125.0,-103.0
Andrew Nembhard,Oklahoma City Thunder @ Indiana Pacers,2025-10-23T23:40:00Z,player_points_rebounds_assists,24.5,betonlineag,2025-10-23T14:54:59Z,2025-10-23T14:55:49Z,-130.0,100.0
Aaron Nesmith,Oklahoma City Thunder @ Indiana Pacers,2025-10-23T23:40:00Z,player_points_rebounds_assists,20.5,betonlineag,2025-10-23T14:54:59Z,2025-10-23T14:55:49Z,-106.0,-122.0
Aaron Wiggins,Oklahoma City Thunder @ Indiana Pacers,2025-10-23T23:40:00Z,player_points_rebounds_assists,17.5,betonlineag,2025-10-23T14:54:59Z,2025-10-23T14:55:49Z,-105.0,-123.0
Luguentz Dort,Oklahoma City Thunder @ Indiana Pacers,2025-10-23T23:40:00Z,player_points_rebounds_assists,16.5,betonlineag,2025-10-23T14:54:59Z,2025-10-23T14:55:49Z,-105.0,-123.0
Obi Toppin,Oklahoma City Thunder @ Indiana Pacers,2025-10-23T23:40:00Z,player_points_rebounds_assists,17.5,betonlineag,2025-10-23T14:54:59Z,2025-10-23T14:55:49Z,-102.0,-127.0
Bennedict Mathurin,Oklahoma City Thunder @ Indiana Pacers,2025-10-23T23:40:00Z,player_points_rebounds_assists,27.5,betonlineag,2025-10-23T14:54:59Z,2025-10-23T14:55:49Z,-111.0,-116.0
Shai Gilgeous-Alexander,Oklahoma City Thunder @ Indiana Pacers,2025-10-23T23:40:00Z,player_rebounds,4.5,betonlineag,2025-10-23T14:54:59Z,2025-10-23T14:55:49Z,-123.0,-105.0
Andrew Nembhard,Oklahoma City Thunder @ Indiana Pacers,2025-10-23T23:40:00Z,player_rebounds,3.5,betonlineag,2025-10-23T14:54:59Z,2025-10-23T14:55:49Z,102.0,-132.0
Chet Holmgren,Oklahoma City Thunder @ Indiana Pacers,2025-10-23T23:40:00Z,player_rebounds,7.5,betonlineag,2025-10-23T14:54:59Z,2025-10-23T14:55:49Z,-141.0,108.0
Aaron Nesmith,Oklahoma City Thunder @ Indiana Pacers,2025-10-23T23:40:00Z,player_rebounds,4.5,betonlineag,2025-10-23T14:54:59Z,2025-10-23T14:55:49Z,124.0,-161.0
Pascal Siakam,Oklahoma City Thunder @ Indiana Pacers,2025-10-23T23:40:00Z,player_rebounds,7.5,betonlineag,2025-10-23T14:54:59Z,2025-10-23T14:55:49Z,106.0,-137.0
Cason Wallace,Oklahoma City Thunder @ Indiana Pacers,2025-10-23T23:40:00Z,player_rebounds,3.5,betonlineag,2025-10-23T14:54:59Z,2025-10-23T14:55:49Z,-103.0,-125.0
Isaiah Hartenstein,Oklahoma City Thunder @ Indiana Pacers,2025-10-23T23:40:00Z,player_rebounds,9.5,betonlineag,2025-10-23T14:54:59Z,2025-10-23T14:55:49Z,-115.0,-112.0
Bennedict Mathurin,Oklahoma City Thunder @ Indiana Pacers,2025-10-23T23:40:00Z,player_rebounds,5.5,betonlineag,2025-10-23T14:54:59Z,2025-10-23T14:55:49Z,-128.0,-101.0
Luguentz Dort,Oklahoma City Thunder @ Indiana Pacers,2025-10-23T23:40:00Z,player_rebounds,4.5,betonlineag,2025-10-23T14:54:59Z,2025-10-23T14:55:49Z,115.0,-149.0
Aaron Wiggins,Oklahoma City Thunder @ Indiana Pacers,2025-10-23T23:40:00Z,player_rebounds,3.5,betonlineag,2025-10-23T14:54:59Z,2025-10-23T14:55:49Z,115.0,-149.0
Obi Toppin,Oklahoma City Thunder @ Indiana Pacers,2025-10-23T23:40:00Z,player_rebounds,4.5,betonlineag,2025-10-23T14:54:59Z,2025-10-23T14:55:49Z,122.0,-159.0
Isaiah Jackson,Oklahoma City Thunder @ Indiana Pacers,2025-10-23T23:40:00Z,player_rebounds,5.5,betonlineag,2025-10-23T14:54:59Z,2025-10-23T14:55:49Z,-101.0,-128.0
Shai Gilgeous-Alexander,Oklahoma City Thunder @ Indiana Pacers,2025-10-23T23:40:00Z,player_threes,1.5,betonlineag,2025-10-23T14:54:59Z,2025-10-23T14:55:49Z,-161.0,124.0
Andrew Nembhard,Oklahoma City Thunder @ Indiana Pacers,2025-10-23T23:40:00Z,player_threes,1.5,betonlineag,2025-10-23T14:54:59Z,2025-10-23T14:55:49Z,132.0,-172.0
Chet Holmgren,Oklahoma City Thunder @ Indiana Pacers,2025-10-23T23:40:00Z,player_threes,1.5,betonlineag,2025-10-23T14:54:59Z,2025-10-23T14:55:49Z,-120.0,-108.0
Bennedict Mathurin,Oklahoma City Thunder @ Indiana Pacers,2025-10-23T23:40:00Z,player_threes,1.5,betonlineag,2025-10-23T14:54:59Z,2025-10-23T14:55:49Z,-110.0,-118.0
Aaron Nesmith,Oklahoma City Thunder @ Indiana Pacers,2025-10-23T23:40:00Z,player_threes,2.5,betonlineag,2025-10-23T14:54:59Z,2025-10-23T14:55:49Z,117.0,-152.0
Pascal Siakam,Oklahoma City Thunder @ Indiana Pacers,2025-10-23T23:40:00Z,player_threes,1.5,betonlineag,2025-10-23T14:54:59Z,2025-10-23T14:55:49Z,124.0,-161.0
Luguentz Dort,Oklahoma City Thunder @ Indiana Pacers,2025-10-23T23:40:00Z,player_threes,2.5,betonlineag,2025-10-23T14:54:59Z,2025-10-23T14:55:49Z,146.0,-192.0
Obi Toppin,Oklahoma City Thunder @ Indiana Pacers,2025-10-23T23:40:00Z,player_threes,1.5,betonlineag,2025-10-23T14:54:59Z,2025-10-23T14:55:49Z,-130.0,101.0
Aaron Wiggins,Oklahoma City Thunder @ Indiana Pacers,2025-10-23T23:40:00Z,player_threes,1.5,betonlineag,2025-10-23T14:54:59Z,2025-10-23T14:55:49Z,-130.0,101.0
Cason Wallace,Oklahoma City Thunder @ Indiana Pacers,2025-10-23T23:40:00Z,player_threes,1.5,betonlineag,2025-10-23T14:54:59Z,2025-10-23T14:55:49Z,141.0,-185.0
Andrew Nembhard,Oklahoma City Thunder @ Indiana Pacers,2025-10-23T23:40:00Z,player_assists,6.5,bovada,2025-10-23T14:55:27Z,2025-10-23T14:55:26Z,-165.0,125.0
Andrew Nembhard,Oklahoma City Thunder @ Indiana Pacers,2025-10-23T23:40:00Z,player_assists,7.5,bovada,2025-10-23T14:55:27Z,2025-10-23T14:55:26Z,110.0,-145.0
Andrew Nembhard,Oklahoma City Thunder @ Indiana Pacers,2025-10-23T23:40:00Z,player_assists,8.5,bovada,2025-10-23T14:55:27Z,2025-10-23T14:55:26Z,190.0,-260.0
Isaiah Hartenstein,Oklahoma City Thunder @ Indiana Pacers,2025-10-23T23:40:00Z,player_assists,2.5,bovada,2025-10-23T14:55:27Z,2025-10-23T14:55:26Z,-200.0,150.0
Isaiah Hartenstein,Oklahoma City Thunder @ Indiana Pacers,2025-10-23T23:40:00Z,player_assists,3.5,bovada,2025-10-23T14:55:27Z,2025-10-23T14:55:26Z,120.0,-160.0
Pascal Siakam,Oklahoma City Thunder @ Indiana Pacers,2025-10-23T23:40:00Z,player_assists,3.5,bovada,2025-10-23T14:55:27Z,2025-10-23T14:55:26Z,-170.0,130.0
Pascal Siakam,Oklahoma City Thunder @ Indiana Pacers,2025-10-23T23:40:00Z,player_assists,4.5,bovada,2025-10-23T14:55:27Z,2025-10-23T14:55:26Z,125.0,-165.0
Shai Gilgeous-Alexander,Oklahoma City Thunder @ Indiana Pacers,2025-10-23T23:40:00Z,player_assists,5.5,bovada,2025-10-23T14:55:27Z,2025-10-23T14:55:26Z,-250.0,185.0
Shai Gilgeous-Alexander,Oklahoma City Thunder @ Indiana Pacers,2025-10-23T23:40:00Z,player_assists,6.5,bovada,2025-10-23T14:55:27Z,2025-10-23T14:55:26Z,-130.0,100.0
Shai Gilgeous-Alexander,Oklahoma City Thunder @ Indiana Pacers,2025-10-23T23:40:00Z,player_assists,7.5,bovada,2025-10-23T14:55:27Z,2025-10-23T14:55:26Z,135.0,-180.0
Chet Holmgren,Oklahoma City Thunder @ Indiana Pacers,2025-10-23T23:40:00Z,player_blocks,1.5,bovada,2025-10-23T14:55:27Z,2025-10-23T14:55:26Z,-180.0,135.0
Chet Holmgren,Oklahoma City Thunder @ Indiana Pacers,2025-10-23T23:40:00Z,player_blocks,2.5,bovada,2025-10-23T14:55:27Z,2025-10-23T14:55:26Z,160.0,-215.0
Isaiah Hartenstein,Oklahoma City Thunder @ Indiana Pacers,2025-10-23T23:40:00Z,player_blocks,0.5,bovada,2025-10-23T14:55:27Z,2025-10-23T14:55:26Z,-145.0,110.0
Pascal Siakam,Oklahoma City Thunder @ Indiana Pacers,2025-10-23T23:40:00Z,player_blocks,0.5,bovada,2025-10-23T14:55:27Z,2025-10-23T14:55:26Z,130.0,-170.0
Shai Gilgeous-Alexander,Oklahoma City Thunder @ Indiana Pacers,2025-10-23T23:40:00Z,player_blocks,0.5,bovada,2025-10-23T14:55:27Z,2025-10-23T14:55:26Z,-150.0,115.0
Chet Holmgren,Oklahoma City Thunder @ Indiana Pacers,2025-10-23T23:40:00Z,player_double_double,,bovada,2025-10-23T14:55:27Z,2025-10-23T14:55:26Z,,
Isaiah Hartenstein,Oklahoma City Thunder @ Indiana Pacers,2025-10-23T23:40:00Z,player_double_double,,bovada,2025-10-23T14:55:27Z,2025-10-23T14:55:26Z,,
Pascal Siakam,Oklahoma City Thunder @ Indiana Pacers,2025-10-23T23:40:00Z,player_double_double,,bovada,2025-10-23T14:55:27Z,2025-10-23T14:55:26Z,,
Shai Gilgeous-Alexander,Oklahoma City Thunder @ Indiana Pacers,2025-10-23T23:40:00Z,player_double_double,,bovada,2025-10-23T14:55:27Z,2025-10-23T14:55:26Z,,
Andrew Nembhard,Oklahoma City Thunder @ Indiana Pacers,2025-10-23T23:40:00Z,player_double_double,,bovada,2025-10-23T14:55:27Z,2025-10-23T14:55:26Z,,
Bennedict Mathurin,Oklahoma City Thunder @ Indiana Pacers,2025-10-23T23:40:00Z,player_double_double,,bovada,2025-10-23T14:55:27Z,2025-10-23T14:55:26Z,,
Isaiah Jackson,Oklahoma City Thunder @ Indiana Pacers,2025-10-23T23:40:00Z,player_double_double,,bovada,2025-10-23T14:55:27Z,2025-10-23T14:55:26Z,,
Aaron Nesmith,Oklahoma City Thunder @ Indiana Pacers,2025-10-23T23:40:00Z,player_double_double,,bovada,2025-10-23T14:55:27Z,2025-10-23T14:55:26Z,,
Obi Toppin,Oklahoma City Thunder @ Indiana Pacers,2025-10-23T23:40:00Z,player_double_double,,bovada,2025-10-23T14:55:27Z,2025-10-23T14:55:26Z,,
Aaron Nesmith,Oklahoma City Thunder @ Indiana Pacers,2025-10-23T23:40:00Z,player_points,11.5,bovada,2025-10-23T14:55:27Z,2025-10-23T14:55:26Z,-245.0,180.0
Aaron Nesmith,Oklahoma City Thunder @ Indiana Pacers,2025-10-23T23:40:00Z,player_points,12.5,bovada,2025-10-23T14:55:27Z,2025-10-23T14:55:26Z,-180.0,135.0
Aaron Nesmith,Oklahoma City Thunder @ Indiana Pacers,2025-10-23T23:40:00Z,player_points,13.5,bovada,2025-10-23T14:55:27Z,2025-10-23T14:55:26Z,-135.0,105.0
Aaron Nesmith,Oklahoma City Thunder @ Indiana Pacers,2025-10-23T23:40:00Z,player_points,14.5,bovada,2025-10-23T14:55:27Z,2025-10-23T14:55:26Z,-105.0,-125.0
Aaron Nesmith,Oklahoma City Thunder @ Indiana Pacers,2025-10-23T23:40:00Z,player_points,15.5,bovada,2025-10-23T14:55:27Z,2025-10-23T14:55:26Z,120.0,-160.0
Aaron Nesmith,Oklahoma City Thunder @ Indiana Pacers,2025-10-23T23:40:00Z,player_points,16.5,bovada,2025-10-23T14:55:27Z,2025-10-23T14:55:26Z,155.0,-210.0
Aaron Nesmith,Oklahoma City Thunder @ Indiana Pacers,2025-10-23T23:40:00Z,player_points,17.5,bovada,2025-10-23T14:55:27Z,2025-10-23T14:55:26Z,200.0,-275.0
Aaron Wiggins,Oklahoma City Thunder @ Indiana Pacers,2025-10-23T23:40:00Z,player_points,9.5,bovada,2025-10-23T14:55:27Z,2025-10-23T14:55:26Z,-260.0,190.0
Aaron Wiggins,Oklahoma City Thunder @ Indiana Pacers,2025-10-23T23:40:00Z,player_points,10.5,bovada,2025-10-23T14:55:27Z,2025-10-23T14:55:26Z,-190.0,145.0
Aaron Wiggins,Oklahoma City Thunder @ Indiana Pacers,2025-10-23T23:40:00Z,player_points,11.5,bovada,2025-10-23T14:55:27Z,2025-10-23T14:55:26Z,-135.0,105.0
Aaron Wiggins,Oklahoma City Thunder @ Indiana Pacers,2025-10-23T23:40:00Z,player_points,12.5,bovada,2025-10-23T14:55:27Z,2025-10-23T14:55:26Z,-105.0,-125.0
Aaron Wiggins,Oklahoma City Thunder @ Indiana Pacers,2025-10-23T23:40:00Z,player_points,13.5,bovada,2025-10-23T14:55:27Z,2025-10-23T14:55:26Z,125.0,-165.0
Aaron Wiggins,Oklahoma City Thunder @ Indiana Pacers,2025-10-23T23:40:00Z,player_points,14.5,bovada,2025-10-23T14:55:27Z,2025-10-23T14:55:26Z,160.0,-215.0
Aaron Wiggins,Oklahoma City Thunder @ Indiana Pacers,2025-10-23T23:40:00Z,player_points,15.5,bovada,2025-10-23T14:55:27Z,2025-10-23T14:55:26Z,205.0,-280.0
Andrew Nembhard,Oklahoma City Thunder @ Indiana Pacers,2025-10-23T23:40:00Z,player_points,10.5,bovada,2025-10-23T14:55:27Z,2025-10-23T14:55:26Z,-260.0,190.0
Andrew Nembhard,Oklahoma City Thunder @ Indiana Pacers,2025-10-23T23:40:00Z,player_points,11.5,bovada,2025-10-23T14:55:27Z,2025-10-23T14:55:26Z,-185.0,140.0
Andrew Nembhard,Oklahoma City Thunder @ Indiana Pacers,2025-10-23T23:40:00Z,player_points,12.5,bovada,2025-10-23T14:55:27Z,2025-10-23T14:55:26Z,-135.0,105.0
Andrew Nembhard,Oklahoma City Thunder @ Indiana Pacers,2025-10-23T23:40:00Z,player_points,13.5,bovada,2025-10-23T14:55:27Z,2025-10-23T14:55:26Z,-105.0,-125.0
Andrew Nembhard,Oklahoma City Thunder @ Indiana Pacers,2025-10-23T23:40:00Z,player_points,14.5,bovada,2025-10-23T14:55:27Z,2025-10-23T14:55:26Z,120.0,-160.0
Andrew Nembhard,Oklahoma City Thunder @ Indiana Pacers,2025-10-23T23:40:00Z,player_points,15.5,bovada,2025-10-23T14:55:27Z,2025-10-23T14:55:26Z,155.0,-210.0
Andrew Nembhard,Oklahoma City Thunder @ Indiana Pacers,2025-10-23T23:40:00Z,player_points,16.5,bovada,2025-10-23T14:55:27Z,2025-10-23T14:55:26Z,200.0,-275.0
Bennedict Mathurin,Oklahoma City Thunder @ Indiana Pacers,2025-10-23T23:40:00Z,player_points,15.5,bovada,2025-10-23T14:55:27Z,2025-10-23T14:55:26Z,-275.0,200.0
Bennedict Mathurin,Oklahoma City Thunder @ Indiana Pacers,2025-10-23T23:40:00Z,player_points,16.5,bovada,2025-10-23T14:55:27Z,2025-10-23T14:55:26Z,-200.0,150.0
Bennedict Mathurin,Oklahoma City Thunder @ Indiana Pacers,2025-10-23T23:40:00Z,player_points,17.5,bovada,2025-10-23T14:55:27Z,2025-10-23T14:55:26Z,-160.0,120.0
Bennedict Mathurin,Oklahoma City Thunder @ Indiana Pacers,2025-10-23T23:40:00Z,player_points,18.5,bovada,2025-10-23T14:55:27Z,2025-10-23T14:55:26Z,-125.0,-105.0
Bennedict Mathurin,Oklahoma City Thunder @ Indiana Pacers,2025-10-23T23:40:00Z,player_points,19.5,bovada,2025-10-23T14:55:27Z,2025-10-23T14:55:26Z,100.0,-130.0
Bennedict Mathurin,Oklahoma City Thunder @ Indiana Pacers,2025-10-23T23:40:00Z,player_points,20.5,bovada,2025-10-23T14:55:27Z,2025-10-23T14:55:26Z,125.0,-165.0
Bennedict Mathurin,Oklahoma City Thunder @ Indiana Pacers,2025-10-23T23:40:00Z,player_points,21.5,bovada,2025-10-23T14:55:27Z,2025-10-23T14:55:26Z,155.0,-210.0
Bennedict Mathurin,Oklahoma City Thunder @ Indiana Pacers,2025-10-23T23:40:00Z,player_points,22.5,bovada,2025-10-23T14:55:27Z,2025-10-23T14:55:26Z,190.0,-260.0
Cason Wallace,Oklahoma City Thunder @ Indiana Pacers,2025-10-23T23:40:00Z,player_points,6.5,bovada,2025-10-23T14:55:27Z,2025-10-23T14:55:26Z,-280.0,205.0
Cason Wallace,Oklahoma City Thunder @ Indiana Pacers,2025-10-23T23:40:00Z,player_points,7.5,bovada,2025-10-23T14:55:27Z,2025-10-23T14:55:26Z,-185.0,140.0
Cason Wallace,Oklahoma City Thunder @ Indiana Pacers,2025-10-23T23:40:00Z,player_points,8.5,bovada,2025-10-23T14:55:27Z,2025-10-23T14:55:26Z,-130.0,100.0
Cason Wallace,Oklahoma City Thunder @ Indiana Pacers,2025-10-23T23:40:00Z,player_points,9.5,bovada,2025-10-23T14:55:27Z,2025-10-23T14:55:26Z,105.0,-135.0
Cason Wallace,Oklahoma City Thunder @ Indiana Pacers,2025-10-23T23:40:00Z,player_points,10.5,bovada,2025-10-23T14:55:27Z,2025-10-23T14:55:26Z,145.0,-190.0
Cason Wallace,Oklahoma City Thunder @ Indiana Pacers,2025-10-23T23:40:00Z,player_points,11.5,bovada,2025-10-23T14:55:27Z,2025-10-23T14:55:26Z,190.0,-260.0
Chet Holmgren,Oklahoma City Thunder @ Indiana Pacers,2025-10-23T23:40:00Z,player_points,14.5,bovada,2025-10-23T14:55:27Z,2025-10-23T14:55:26Z,-275.0,200.0
Chet Holmgren,Oklahoma City Thunder @ Indiana Pacers,2025-10-23T23:40:00Z,player_points,15.5,bovada,2025-10-23T14:55:27Z,2025-10-23T14:55:26Z,-210.0,155.0
Chet Holmgren,Oklahoma City Thunder @ Indiana Pacers,2025-10-23T23:40:00Z,player_points,16.5,bovada,2025-10-23T14:55:27Z,2025-10-23T14:55:26Z,-160.0,120.0
Chet Holmgren,Oklahoma City Thunder @ Indiana Pacers,2025-10-23T23:40:00Z,player_points,17.5,bovada,2025-10-23T14:55:27Z,2025-10-23T14:55:26Z,-125.0,-105.0
Chet Holmgren,Oklahoma City Thunder @ Indiana Pacers,2025-10-23T23:40:00Z,player_points,18.5,bovada,2025-10-23T14:55:27Z,2025-10-23T14:55:26Z,100.0,-130.0
Chet Holmgren,Oklahoma City Thunder @ Indiana Pacers,2025-10-23T23:40:00Z,player_points,19.5,bovada,2025-10-23T14:55:27Z,2025-10-23T14:55:26Z,125.0,-165.0
Chet Holmgren,Oklahoma City Thunder @ Indiana Pacers,2025-10-23T23:40:00Z,player_points,20.5,bovada,2025-10-23T14:55:27Z,2025-10-23T14:55:26Z,155.0,-210.0
Chet Holmgren,Oklahoma City Thunder @ Indiana Pacers,2025-10-23T23:40:00Z,player_points,21.5,bovada,2025-10-23T14:55:27Z,2025-10-23T14:55:26Z,190.0,-260.0
Isaiah Hartenstein,Oklahoma City Thunder @ Indiana Pacers,2025-10-23T23:40:00Z,player_points,7.5,bovada,2025-10-23T14:55:27Z,2025-10-23T14:55:26Z,-300.0,215.0
Isaiah Hartenstein,Oklahoma City Thunder @ Indiana Pacers,2025-10-23T23:40:00Z,player_points,8.5,bovada,2025-10-23T14:55:27Z,2025-10-23T14:55:26Z,-200.0,150.0
Isaiah Hartenstein,Oklahoma City Thunder @ Indiana Pacers,2025-10-23T23:40:00Z,player_points,9.5,bovada,2025-10-23T14:55:27Z,2025-10-23T14:55:26Z,-145.0,110.0
Isaiah Hartenstein,Oklahoma City Thunder @ Indiana Pacers,2025-10-23T23:40:00Z,player_points,10.5,bovada,2025-10-23T14:55:27Z,2025-10-23T14:55:26Z,-105.0,-125.0
Isaiah Hartenstein,Oklahoma City Thunder @ Indiana Pacers,2025-10-23T23:40:00Z,player_points,11.5,bovada,2025-10-23T14:55:27Z,2025-10-23T14:55:26Z,125.0,-165.0
Isaiah Hartenstein,Oklahoma City Thunder @ Indiana Pacers,2025-10-23T23:40:00Z,player_points,12.5,bovada,2025-10-23T14:55:27Z,2025-10-23T14:55:26Z,165.0,-220.0
Isaiah Jackson,Oklahoma City Thunder @ Indiana Pacers,2025-10-23T23:40:00Z,player_points,5.5,bovada,2025-10-23T14:55:27Z,2025-10-23T14:55:26Z,-230.0,170.0
Isaiah Jackson,Oklahoma City Thunder @ Indiana Pacers,2025-10-23T23:40:00Z,player_points,6.5,bovada,2025-10-23T14:55:27Z,2025-10-23T14:55:26Z,-150.0,115.0
Isaiah Jackson,Oklahoma City Thunder @ Indiana Pacers,2025-10-23T23:40:00Z,player_points,7.5,bovada,2025-10-23T14:55:27Z,2025-10-23T14:55:26Z,-105.0,-125.0
Isaiah Jackson,Oklahoma City Thunder @ Indiana Pacers,2025-10-23T23:40:00Z,player_points,8.5,bovada,2025-10-23T14:55:27Z,2025-10-23T14:55:26Z,135.0,-180.0
Isaiah Jackson,Oklahoma City Thunder @ Indiana Pacers,2025-10-23T23:40:00Z,player_points,9.5,bovada,2025-10-23T14:55:27Z,2025-10-23T14:55:26Z,180.0,-245.0
Luguentz Dort,Oklahoma City Thunder @ Indiana Pacers,2025-10-23T23:40:00Z,player_points,7.5,bovada,2025-10-23T14:55:27Z,2025-10-23T14:55:26Z,-280.0,205.0
Luguentz Dort,Oklahoma City Thunder @ Indiana Pacers,2025-10-23T23:40:00Z,player_points,8.5,bovada,2025-10-23T14:55:27Z,2025-10-23T14:55:26Z,-190.0,145.0
Luguentz Dort,Oklahoma City Thunder @ Indiana Pacers,2025-10-23T23:40:00Z,player_points,9.5,bovada,2025-10-23T14:55:27Z,2025-10-23T14:55:26Z,-135.0,105.0
Luguentz Dort,Oklahoma City Thunder @ Indiana Pacers,2025-10-23T23:40:00Z,player_points,10.5,bovada,2025-10-23T14:55:27Z,2025-10-23T14:55:26Z,100.0,-130.0
Luguentz Dort,Oklahoma City Thunder @ Indiana Pacers,2025-10-23T23:40:00Z,player_points,11.5,bovada,2025-10-23T14:55:27Z,2025-10-23T14:55:26Z,130.0,-170.0
Luguentz Dort,Oklahoma City Thunder @ Indiana Pacers,2025-10-23T23:40:00Z,player_points,12.5,bovada,2025-10-23T14:55:27Z,2025-10-23T14:55:26Z,175.0,-240.0
Obi Toppin,Oklahoma City Thunder @ Indiana Pacers,2025-10-23T23:40:00Z,player_points,8.5,bovada,2025-10-23T14:55:27Z,2025-10-23T14:55:26Z,-230.0,170.0
Obi Toppin,Oklahoma City Thunder @ Indiana Pacers,2025-10-23T23:40:00Z,player_points,9.5,bovada,2025-10-23T14:55:27Z,2025-10-23T14:55:26Z,-165.0,125.0
Obi Toppin,Oklahoma City Thunder @ Indiana Pacers,2025-10-23T23:40:00Z,player_points,10.5,bovada,2025-10-23T14:55:27Z,2025-10-23T14:55:26Z,-120.0,-110.0
Obi Toppin,Oklahoma City Thunder @ Indiana Pacers,2025-10-23T23:40:00Z,player_points,11.5,bovada,2025-10-23T14:55:27Z,2025-10-23T14:55:26Z,110.0,-145.0
Obi Toppin,Oklahoma City Thunder @ Indiana Pacers,2025-10-23T23:40:00Z,player_points,12.5,bovada,2025-10-23T14:55:27Z,2025-10-23T14:55:26Z,145.0,-190.0
Obi Toppin,Oklahoma City Thunder @ Indiana Pacers,2025-10-23T23:40:00Z,player_points,13.5,bovada,2025-10-23T14:55:27Z,2025-10-23T14:55:26Z,190.0,-260.0
Pascal Siakam,Oklahoma City Thunder @ Indiana Pacers,2025-10-23T23:40:00Z,player_points,16.5,bovada,2025-10-23T14:55:27Z,2025-10-23T14:55:26Z,-275.0,200.0
Pascal Siakam,Oklahoma City Thunder @ Indiana Pacers,2025-10-23T23:40:00Z,player_points,17.5,bovada,2025-10-23T14:55:27Z,2025-10-23T14:55:26Z,-215.0,160.0
Pascal Siakam,Oklahoma City Thunder @ Indiana Pacers,2025-10-23T23:40:00Z,player_points,18.5,bovada,2025-10-23T14:55:27Z,2025-10-23T14:55:26Z,-165.0,125.0
Pascal Siakam,Oklahoma City Thunder @ Indiana Pacers,2025-10-23T23:40:00Z,player_points,19.5,bovada,2025-10-23T14:55:27Z,2025-10-23T14:55:26Z,-130.0,100.0
Pascal Siakam,Oklahoma City Thunder @ Indiana Pacers,2025-10-23T23:40:00Z,player_points,20.5,bovada,2025-10-23T14:55:27Z,2025-10-23T14:55:26Z,-105.0,-125.0
Pascal Siakam,Oklahoma City Thunder @ Indiana Pacers,2025-10-23T23:40:00Z,player_points,21.5,bovada,2025-10-23T14:55:27Z,2025-10-23T14:55:26Z,120.0,-160.0
Pascal Siakam,Oklahoma City Thunder @ Indiana Pacers,2025-10-23T23:40:00Z,player_points,22.5,bovada,2025-10-23T14:55:27Z,2025-10-23T14:55:26Z,145.0,-190.0
Pascal Siakam,Oklahoma City Thunder @ Indiana Pacers,2025-10-23T23:40:00Z,player_points,23.5,bovada,2025-10-23T14:55:27Z,2025-10-23T14:55:26Z,175.0,-240.0
Shai Gilgeous-Alexander,Oklahoma City Thunder @ Indiana Pacers,2025-10-23T23:40:00Z,player_points,27.5,bovada,2025-10-23T14:55:27Z,2025-10-23T14:55:26Z,-290.0,210.0
Shai Gilgeous-Alexander,Oklahoma City Thunder @ Indiana Pacers,2025-10-23T23:40:00Z,player_points,28.5,bovada,2025-10-23T14:55:27Z,2025-10-23T14:55:26Z,-230.0,170.0
Shai Gilgeous-Alexander,Oklahoma City Thunder @ Indiana Pacers,2025-10-23T23:40:00Z,player_points,29.5,bovada,2025-10-23T14:55:27Z,2025-10-23T14:55:26Z,-190.0,145.0
Shai Gilgeous-Alexander,Oklahoma City Thunder @ Indiana Pacers,2025-10-23T23:40:00Z,player_points,30.5,bovada,2025-10-23T14:55:27Z,2025-10-23T14:55:26Z,-160.0,120.0
Shai Gilgeous-Alexander,Oklahoma City Thunder @ Indiana Pacers,2025-10-23T23:40:00Z,player_points,31.5,bovada,2025-10-23T14:55:27Z,2025-10-23T14:55:26Z,-130.0,100.0
Shai Gilgeous-Alexander,Oklahoma City Thunder @ Indiana Pacers,2025-10-23T23:40:00Z,player_points,32.5,bovada,2025-10-23T14:55:27Z,2025-10-23T14:55:26Z,-110.0,-120.0
Shai Gilgeous-Alexander,Oklahoma City Thunder @ Indiana Pacers,2025-10-23T23:40:00Z,player_points,33.5,bovada,2025-10-23T14:55:27Z,2025-10-23T14:55:26Z,110.0,-145.0
Shai Gilgeous-Alexander,Oklahoma City Thunder @ Indiana Pacers,2025-10-23T23:40:00Z,player_points,34.5,bovada,2025-10-23T14:55:27Z,2025-10-23T14:55:26Z,130.0,-170.0
Shai Gilgeous-Alexander,Oklahoma City Thunder @ Indiana Pacers,2025-10-23T23:40:00Z,player_points,35.5,bovada,2025-10-23T14:55:27Z,2025-10-23T14:55:26Z,150.0,-200.0
Shai Gilgeous-Alexander,Oklahoma City Thunder @ Indiana Pacers,2025-10-23T23:40:00Z,player_points,36.5,bovada,2025-10-23T14:55:27Z,2025-10-23T14:55:26Z,180.0,-245.0
Shai Gilgeous-Alexander,Oklahoma City Thunder @ Indiana Pacers,2025-10-23T23:40:00Z,player_points,37.5,bovada,2025-10-23T14:55:27Z,2025-10-23T14:55:26Z,210.0,-290.0
Aaron Nesmith,Oklahoma City Thunder @ Indiana Pacers,2025-10-23T23:40:00Z,player_points_rebounds_assists,16.5,bovada,2025-10-23T14:55:27Z,2025-10-23T14:55:26Z,-280.0,205.0
Aaron Nesmith,Oklahoma City Thunder @ Indiana Pacers,2025-10-23T23:40:00Z,player_points_rebounds_assists,17.5,bovada,2025-10-23T14:55:27Z,2025-10-23T14:55:26Z,-220.0,165.0
Aaron Nesmith,Oklahoma City Thunder @ Indiana Pacers,2025-10-23T23:40:00Z,player_points_rebounds_assists,18.5,bovada,2025-10-23T14:55:27Z,2025-10-23T14:55:26Z,-170.0,130.0
Aaron Nesmith,Oklahoma City Thunder @ Indiana Pacers,2025-10-23T23:40:00Z,player_points_rebounds_assists,19.5,bovada,2025-10-23T14:55:27Z,2025-10-23T14:55:26Z,-135.0,105.0
Aaron Nesmith,Oklahoma City Thunder @ Indiana Pacers,2025-10-23T23:40:00Z,player_points_rebounds_assists,20.5,bovada,2025-10-23T14:55:27Z,2025-10-23T14:55:26Z,-110.0,-120.0
Aaron Nesmith,Oklahoma City Thunder @ Indiana Pacers,2025-10-23T23:40:00Z,player_points_rebounds_assists,21.5,bovada,2025-10-23T14:55:27Z,2025-10-23T14:55:26Z,110.0,-145.0
Aaron Nesmith,Oklahoma City Thunder @ Indiana Pacers,2025-10-23T23:40:00Z,player_points_rebounds_assists,22.5,bovada,2025-10-23T14:55:27Z,2025-10-23T14:55:26Z,140.0,-185.0
Aaron Nesmith,Oklahoma City Thunder @ Indiana Pacers,2025-10-23T23:40:00Z,player_points_rebounds_assists,23.5,bovada,2025-10-23T14:55:27Z,2025-10-23T14:55:26Z,170.0,-230.0
Aaron Nesmith,Oklahoma City Thunder @ Indiana Pacers,2025-10-23T23:40:00Z,player_points_rebounds_assists,24.5,bovada,2025-10-23T14:55:27Z,2025-10-23T14:55:26Z,205.0,-280.0
Aaron Wiggins,Oklahoma City Thunder @ Indiana Pacers,2025-10-23T23:40:00Z,player_points_rebounds_assists,14.5,bovada,2025-10-23T14:55:27Z,2025-10-23T14:55:26Z,-240.0,175.0
Aaron Wiggins,Oklahoma City Thunder @ Indiana Pacers,2025-10-23T23:40:00Z,player_points_rebounds_assists,15.5,bovada,2025-10-23T14:55:27Z,2025-10-23T14:55:26Z,-180.0,135.0
Aaron Wiggins,Oklahoma City Thunder @ Indiana Pacers,2025-10-23T23:40:00Z,player_points_rebounds_assists,16.5,bovada,2025-10-23T14:55:27Z,2025-10-23T14:55:26Z,-135.0,105.0
Aaron Wiggins,Oklahoma City Thunder @ Indiana Pacers,2025-10-23T23:40:00Z,player_points_rebounds_assists,17.5,bovada,2025-10-23T14:55:27Z,2025-10-23T14:55:26Z,-110.0,-120.0
Aaron Wiggins,Oklahoma City Thunder @ Indiana Pacers,2025-10-23T23:40:00Z,player_points_rebounds_assists,18.5,bovada,2025-10-23T14:55:27Z,2025-10-23T14:55:26Z,115.0,-150.0
Aaron Wiggins,Oklahoma City Thunder @ Indiana Pacers,2025-10-23T23:40:00Z,player_points_rebounds_assists,19.5,bovada,2025-10-23T14:55:27Z,2025-10-23T14:55:26Z,140.0,-185.0
Aaron Wiggins,Oklahoma City Thunder @ Indiana Pacers,2025-10-23T23:40:00Z,player_points_rebounds_assists,20.5,bovada,2025-10-23T14:55:27Z,2025-10-23T14:55:26Z,175.0,-240.0
Andrew Nembhard,Oklahoma City Thunder @ Indiana Pacers,2025-10-23T23:40:00Z,player_points_rebounds_assists,20.5,bovada,2025-10-23T14:55:27Z,2025-10-23T14:55:26Z,-260.0,190.0
Andrew Nembhard,Oklahoma City Thunder @ Indiana Pacers,2025-10-23T23:40:00Z,player_points_rebounds_assists,21.5,bovada,2025-10-23T14:55:27Z,2025-10-23T14:55:26Z,-210.0,155.0
Andrew Nembhard,Oklahoma City Thunder @ Indiana Pacers,2025-10-23T23:40:00Z,player_points_rebounds_assists,22.5,bovada,2025-10-23T14:55:27Z,2025-10-23T14:55:26Z,-170.0,130.0
Andrew Nembhard,Oklahoma City Thunder @ Indiana Pacers,2025-10-23T23:40:00Z,player_points_rebounds_assists,23.5,bovada,2025-10-23T14:55:27Z,2025-10-23T14:55:26Z,-135.0,105.0
Andrew Nembhard,Oklahoma City Thunder @ Indiana Pacers,2025-10-23T23:40:00Z,player_points_rebounds_assists,24.5,bovada,2025-10-23T14:55:27Z,2025-10-23T14:55:26Z,-115.0,-115.0
Andrew Nembhard,Oklahoma City Thunder @ Indiana Pacers,2025-10-23T23:40:00Z,player_points_rebounds_assists,25.5,bovada,2025-10-23T14:55:27Z,2025-10-23T14:55:26Z,110.0,-145.0
Andrew Nembhard,Oklahoma City Thunder @ Indiana Pacers,2025-10-23T23:40:00Z,player_points_rebounds_assists,26.5,bovada,2025-10-23T14:55:27Z,2025-10-23T14:55:26Z,130.0,-170.0
Andrew Nembhard,Oklahoma City Thunder @ Indiana Pacers,2025-10-23T23:40:00Z,player_points_rebounds_assists,27.5,bovada,2025-10-23T14:55:27Z,2025-10-23T14:55:26Z,155.0,-210.0
Andrew Nembhard,Oklahoma City Thunder @ Indiana Pacers,2025-10-23T23:40:00Z,player_points_rebounds_assists,28.5,bovada,2025-10-23T14:55:27Z,2025-10-23T14:55:26Z,190.0,-260.0
Bennedict Mathurin,Oklahoma City Thunder @ Indiana Pacers,2025-10-23T23:40:00Z,player_points_rebounds_assists,23.5,bovada,2025-10-23T14:55:27Z,2025-10-23T14:55:26Z,-260.0,190.0
Bennedict Mathurin,Oklahoma City Thunder @ Indiana Pacers,2025-10-23T23:40:00Z,player_points_rebounds_assists,24.5,bovada,2025-10-23T14:55:27Z,2025-10-23T14:55:26Z,-210.0,155.0
Bennedict Mathurin,Oklahoma City Thunder @ Indiana Pacers,2025-10-23T23:40:00Z,player_points_rebounds_assists,25.5,bovada,2025-10-23T14:55:27Z,2025-10-23T14:55:26Z,-170.0,130.0
Bennedict Mathurin,Oklahoma City Thunder @ Indiana Pacers,2025-10-23T23:40:00Z,player_points_rebounds_assists,26.5,bovada,2025-10-23T14:55:27Z,2025-10-23T14:55:26Z,-135.0,105.0
Bennedict Mathurin,Oklahoma City Thunder @ Indiana Pacers,2025-10-23T23:40:00Z,player_points_rebounds_assists,27.5,bovada,2025-10-23T14:55:27Z,2025-10-23T14:55:26Z,-115.0,-115.0
Bennedict Mathurin,Oklahoma City Thunder @ Indiana Pacers,2025-10-23T23:40:00Z,player_points_rebounds_assists,28.5,bovada,2025-10-23T14:55:27Z,2025-10-23T14:55:26Z,105.0,-135.0
Bennedict Mathurin,Oklahoma City Thunder @ Indiana Pacers,2025-10-23T23:40:00Z,player_points_rebounds_assists,29.5,bovada,2025-10-23T14:55:27Z,2025-10-23T14:55:26Z,125.0,-165.0
Bennedict Mathurin,Oklahoma City Thunder @ Indiana Pacers,2025-10-23T23:40:00Z,player_points_rebounds_assists,30.5,bovada,2025-10-23T14:55:27Z,2025-10-23T14:55:26Z,150.0,-200.0
Bennedict Mathurin,Oklahoma City Thunder @ Indiana Pacers,2025-10-23T23:40:00Z,player_points_rebounds_assists,31.5,bovada,2025-10-23T14:55:27Z,2025-10-23T14:55:26Z,175.0,-240.0
Bennedict Mathurin,Oklahoma City Thunder @ Indiana Pacers,2025-10-23T23:40:00Z,player_points_rebounds_assists,32.5,bovada,2025-10-23T14:55:27Z,2025-10-23T14:55:26Z,210.0,-290.0
Cason Wallace,Oklahoma City Thunder @ Indiana Pacers,2025-10-23T23:40:00Z,player_points_rebounds_assists,12.5,bovada,2025-10-23T14:55:27Z,2025-10-23T14:55:26Z,-300.0,215.0
Cason Wallace,Oklahoma City Thunder @ Indiana Pacers,2025-10-23T23:40:00Z,player_points_rebounds_assists,13.5,bovada,2025-10-23T14:55:27Z,2025-10-23T14:55:26Z,-220.0,165.0
Cason Wallace,Oklahoma City Thunder @ Indiana Pacers,2025-10-23T23:40:00Z,player_points_rebounds_assists,14.5,bovada,2025-10-23T14:55:27Z,2025-10-23T14:55:26Z,-165.0,125.0
Cason Wallace,Oklahoma City Thunder @ Indiana Pacers,2025-10-23T23:40:00Z,player_points_rebounds_assists,15.5,bovada,2025-10-23T14:55:27Z,2025-10-23T14:55:26Z,-130.0,100.0
Cason Wallace,Oklahoma City Thunder @ Indiana Pacers,2025-10-23T23:40:00Z,player_points_rebounds_assists,16.5,bovada,2025-10-23T14:55:27Z,2025-10-23T14:55:26Z,100.0,-130.0
Cason Wallace,Oklahoma City Thunder @ Indiana Pacers,2025-10-23T23:40:00Z,player_points_rebounds_assists,17.5,bovada,2025-10-23T14:55:27Z,2025-10-23T14:55:26Z,125.0,-165.0
Cason Wallace,Oklahoma City Thunder @ Indiana Pacers,2025-10-23T23:40:00Z,player_points_rebounds_assists,18.5,bovada,2025-10-23T14:55:27Z,2025-10-23T14:55:26Z,155.0,-210.0
Cason Wallace,Oklahoma City Thunder @ Indiana Pacers,2025-10-23T23:40:00Z,player_points_rebounds_assists,19.5,bovada,2025-10-23T14:55:27Z,2025-10-23T14:55:26Z,200.0,-275.0
Chet Holmgren,Oklahoma City Thunder @ Indiana Pacers,2025-10-23T23:40:00Z,player_points_rebounds_assists,24.5,bovada,2025-10-23T14:55:27Z,2025-10-23T14:55:26Z,-240.0,175.0
Chet Holmgren,Oklahoma City Thunder @ Indiana Pacers,2025-10-23T23:40:00Z,player_points_rebounds_assists,25.5,bovada,2025-10-23T14:55:27Z,2025-10-23T14:55:26Z,-190.0,145.0
Chet Holmgren,Oklahoma City Thunder @ Indiana Pacers,2025-10-23T23:40:00Z,player_points_rebounds_assists,26.5,bovada,2025-10-23T14:55:27Z,2025-10-23T14:55:26Z,-160.0,120.0
Chet Holmgren,Oklahoma City Thunder @ Indiana Pacers,2025-10-23T23:40:00Z,player_points_rebounds_assists,27.5,bovada,2025-10-23T14:55:27Z,2025-10-23T14:55:26Z,-130.0,100.0
Chet Holmgren,Oklahoma City Thunder @ Indiana Pacers,2025-10-23T23:40:00Z,player_points_rebounds_assists,28.5,bovada,2025-10-23T14:55:27Z,2025-10-23T14:55:26Z,-110.0,-120.0
Chet Holmgren,Oklahoma City Thunder @ Indiana Pacers,2025-10-23T23:40:00Z,player_points_rebounds_assists,29.5,bovada,2025-10-23T14:55:27Z,2025-10-23T14:55:26Z,110.0,-145.0
Chet Holmgren,Oklahoma City Thunder @ Indiana Pacers,2025-10-23T23:40:00Z,player_points_rebounds_assists,30.5,bovada,2025-10-23T14:55:27Z,2025-10-23T14:55:26Z,130.0,-170.0
Chet Holmgren,Oklahoma City Thunder @ Indiana Pacers,2025-10-23T23:40:00Z,player_points_rebounds_assists,31.5,bovada,2025-10-23T14:55:27Z,2025-10-23T14:55:26Z,155.0,-210.0
Chet Holmgren,Oklahoma City Thunder @ Indiana Pacers,2025-10-23T23:40:00Z,player_points_rebounds_assists,32.5,bovada,2025-10-23T14:55:27Z,2025-10-23T14:55:26Z,185.0,-250.0
Isaiah Hartenstein,Oklahoma City Thunder @ Indiana Pacers,2025-10-23T23:40:00Z,player_points_rebounds_assists,20.5,bovada,2025-10-23T14:55:27Z,2025-10-23T14:55:26Z,-240.0,175.0
Isaiah Hartenstein,Oklahoma City Thunder @ Indiana Pacers,2025-10-23T23:40:00Z,player_points_rebounds_assists,21.5,bovada,2025-10-23T14:55:27Z,2025-10-23T14:55:26Z,-185.0,140.0
Isaiah Hartenstein,Oklahoma City Thunder @ Indiana Pacers,2025-10-23T23:40:00Z,player_points_rebounds_assists,22.5,bovada,2025-10-23T14:55:27Z,2025-10-23T14:55:26Z,-150.0,115.0
Isaiah Hartenstein,Oklahoma City Thunder @ Indiana Pacers,2025-10-23T23:40:00Z,player_points_rebounds_assists,23.5,bovada,2025-10-23T14:55:27Z,2025-10-23T14:55:26Z,-125.0,-105.0
Isaiah Hartenstein,Oklahoma City Thunder @ Indiana Pacers,2025-10-23T23:40:00Z,player_points_rebounds_assists,24.5,bovada,2025-10-23T14:55:27Z,2025-10-23T14:55:26Z,100.0,-130.0
Isaiah Hartenstein,Oklahoma City Thunder @ Indiana Pacers,2025-10-23T23:40:00Z,player_points_rebounds_assists,25.5,bovada,2025-10-23T14:55:27Z,2025-10-23T14:55:26Z,120.0,-160.0
Isaiah Hartenstein,Oklahoma City Thunder @ Indiana Pacers,2025-10-23T23:40:00Z,player_points_rebounds_assists,26.5,bovada,2025-10-23T14:55:27Z,2025-10-23T14:55:26Z,145.0,-190.0
Isaiah Hartenstein,Oklahoma City Thunder @ Indiana Pacers,2025-10-23T23:40:00Z,player_points_rebounds_assists,27.5,bovada,2025-10-23T14:55:27Z,2025-10-23T14:55:26Z,175.0,-240.0
Isaiah Hartenstein,Oklahoma City Thunder @ Indiana Pacers,2025-10-23T23:40:00Z,player_points_rebounds_assists,28.5,bovada,2025-10-23T14:55:27Z,2025-10-23T14:55:26Z,210.0,-290.0
Isaiah Jackson,Oklahoma City Thunder @ Indiana Pacers,2025-10-23T23:40:00Z,player_points_rebounds_assists,11.5,bovada,2025-10-23T14:55:27Z,2025-10-23T14:55:26Z,-260.0,190.0
Isaiah Jackson,Oklahoma City Thunder @ Indiana Pacers,2025-10-23T23:40:00Z,player_points_rebounds_assists,12.5,bovada,2025-10-23T14:55:27Z,2025-10-23T14:55:26Z,-190.0,145.0
Isaiah Jackson,Oklahoma City Thunder @ Indiana Pacers,2025-10-23T23:40:00Z,player_points_rebounds_assists,13.5,bovada,2025-10-23T14:55:27Z,2025-10-23T14:55:26Z,-145.0,110.0
Isaiah Jackson,Oklahoma City Thunder @ Indiana Pacers,2025-10-23T23:40:00Z,player_points_rebounds_assists,14.5,bovada,2025-10-23T14:55:27Z,2025-10-23T14:55:26Z,-110.0,-120.0
Isaiah Jackson,Oklahoma City Thunder @ Indiana Pacers,2025-10-23T23:40:00Z,player_points_rebounds_assists,15.5,bovada,2025-10-23T14:55:27Z,2025-10-23T14:55:26Z,115.0,-150.0
Isaiah Jackson,Oklahoma City Thunder @ Indiana Pacers,2025-10-23T23:40:00Z,player_points_rebounds_assists,16.5,bovada,2025-10-23T14:55:27Z,2025-10-23T14:55:26Z,150.0,-200.0
Isaiah Jackson,Oklahoma City Thunder @ Indiana Pacers,2025-10-23T23:40:00Z,player_points_rebounds_assists,17.5,bovada,2025-10-23T14:55:27Z,2025-10-23T14:55:26Z,185.0,-250.0
Luguentz Dort,Oklahoma City Thunder @ Indiana Pacers,2025-10-23T23:40:00Z,player_points_rebounds_assists,12.5,bovada,2025-10-23T14:55:27Z,2025-10-23T14:55:26Z,-300.0,215.0
Luguentz Dort,Oklahoma City Thunder @ Indiana Pacers,2025-10-23T23:40:00Z,player_points_rebounds_assists,13.5,bovada,2025-10-23T14:55:27Z,2025-10-23T14:55:26Z,-220.0,165.0
Luguentz Dort,Oklahoma City Thunder @ Indiana Pacers,2025-10-23T23:40:00Z,player_points_rebounds_assists,14.5,bovada,2025-10-23T14:55:27Z,2025-10-23T14:55:26Z,-165.0,125.0
Luguentz Dort,Oklahoma City Thunder @ Indiana Pacers,2025-10-23T23:40:00Z,player_points_rebounds_assists,15.5,bovada,2025-10-23T14:55:27Z,2025-10-23T14:55:26Z,-130.0,100.0
Luguentz Dort,Oklahoma City Thunder @ Indiana Pacers,2025-10-23T23:40:00Z,player_points_rebounds_assists,16.5,bovada,2025-10-23T14:55:27Z,2025-10-23T14:55:26Z,100.0,-130.0
Luguentz Dort,Oklahoma City Thunder @ Indiana Pacers,2025-10-23T23:40:00Z,player_points_rebounds_assists,17.5,bovada,2025-10-23T14:55:27Z,2025-10-23T14:55:26Z,125.0,-165.0
Luguentz Dort,Oklahoma City Thunder @ Indiana Pacers,2025-10-23T23:40:00Z,player_points_rebounds_assists,18.5,bovada,2025-10-23T14:55:27Z,2025-10-23T14:55:26Z,155.0,-210.0
Luguentz Dort,Oklahoma City Thunder @ Indiana Pacers,2025-10-23T23:40:00Z,player_points_rebounds_assists,19.5,bovada,2025-10-23T14:55:27Z,2025-10-23T14:55:26Z,200.0,-275.0
Obi Toppin,Oklahoma City Thunder @ Indiana Pacers,2025-10-23T23:40:00Z,player_points_rebounds_assists,14.5,bovada,2025-10-23T14:55:27Z,2025-10-23T14:55:26Z,-230.0,170.0
Obi Toppin,Oklahoma City Thunder @ Indiana Pacers,2025-10-23T23:40:00Z,player_points_rebounds_assists,15.5,bovada,2025-10-23T14:55:27Z,2025-10-23T14:55:26Z,-170.0,130.0
Obi Toppin,Oklahoma City Thunder @ Indiana Pacers,2025-10-23T23:40:00Z,player_points_rebounds_assists,16.5,bovada,2025-10-23T14:55:27Z,2025-10-23T14:55:26Z,-135.0,105.0
Obi Toppin,Oklahoma City Thunder @ Indiana Pacers,2025-10-23T23:40:00Z,player_points_rebounds_assists,17.5,bovada,2025-10-23T14:55:27Z,2025-10-23T14:55:26Z,-105.0,-125.0
Obi Toppin,Oklahoma City Thunder @ Indiana Pacers,2025-10-23T23:40:00Z,player_points_rebounds_assists,18.5,bovada,2025-10-23T14:55:27Z,2025-10-23T14:55:26Z,120.0,-160.0
Obi Toppin,Oklahoma City Thunder @ Indiana Pacers,2025-10-23T23:40:00Z,player_points_rebounds_assists,19.5,bovada,2025-10-23T14:55:27Z,2025-10-23T14:55:26Z,145.0,-190.0
Obi Toppin,Oklahoma City Thunder @ Indiana Pacers,2025-10-23T23:40:00Z,player_points_rebounds_assists,20.5,bovada,2025-10-23T14:55:27Z,2025-10-23T14:55:26Z,180.0,-245.0
Pascal Siakam,Oklahoma City Thunder @ Indiana Pacers,2025-10-23T23:40:00Z,player_points_rebounds_assists,27.5,bovada,2025-10-23T14:55:27Z,2025-10-23T14:55:26Z,-250.0,185.0
Pascal Siakam,Oklahoma City Thunder @ Indiana Pacers,2025-10-23T23:40:00Z,player_points_rebounds_assists,28.5,bovada,2025-10-23T14:55:27Z,2025-10-23T14:55:26Z,-210.0,155.0
Pascal Siakam,Oklahoma City Thunder @ Indiana Pacers,2025-10-23T23:40:00Z,player_points_rebounds_assists,29.5,bovada,2025-10-23T14:55:27Z,2025-10-23T14:55:26Z,-170.0,130.0
Pascal Siakam,Oklahoma City Thunder @ Indiana Pacers,2025-10-23T23:40:00Z,player_points_rebounds_assists,30.5,bovada,2025-10-23T14:55:27Z,2025-10-23T14:55:26Z,-145.0,110.0
Pascal Siakam,Oklahoma City Thunder @ Indiana Pacers,2025-10-23T23:40:00Z,player_points_rebounds_assists,31.5,bovada,2025-10-23T14:55:27Z,2025-10-23T14:55:26Z,-120.0,-110.0
Pascal Siakam,Oklahoma City Thunder @ Indiana Pacers,2025-10-23T23:40:00Z,player_points_rebounds_assists,32.5,bovada,2025-10-23T14:55:27Z,2025-10-23T14:55:26Z,100.0,-130.0
Pascal Siakam,Oklahoma City Thunder @ Indiana Pacers,2025-10-23T23:40:00Z,player_points_rebounds_assists,33.5,bovada,2025-10-23T14:55:27Z,2025-10-23T14:55:26Z,115.0,-150.0
Pascal Siakam,Oklahoma City Thunder @ Indiana Pacers,2025-10-23T23:40:00Z,player_points_rebounds_assists,34.5,bovada,2025-10-23T14:55:27Z,2025-10-23T14:55:26Z,140.0,-185.0
Pascal Siakam,Oklahoma City Thunder @ Indiana Pacers,2025-10-23T23:40:00Z,player_points_rebounds_assists,35.5,bovada,2025-10-23T14:55:27Z,2025-10-23T14:55:26Z,160.0,-215.0
Pascal Siakam,Oklahoma City Thunder @ Indiana Pacers,2025-10-23T23:40:00Z,player_points_rebounds_assists,36.5,bovada,2025-10-23T14:55:27Z,2025-10-23T14:55:26Z,190.0,-260.0
Shai Gilgeous-Alexander,Oklahoma City Thunder @ Indiana Pacers,2025-10-23T23:40:00Z,player_points_rebounds_assists,39.5,bovada,2025-10-23T14:55:27Z,2025-10-23T14:55:26Z,-250.0,185.0
Shai Gilgeous-Alexander,Oklahoma City Thunder @ Indiana Pacers,2025-10-23T23:40:00Z,player_points_rebounds_assists,40.5,bovada,2025-10-23T14:55:27Z,2025-10-23T14:55:26Z,-215.0,160.0
Shai Gilgeous-Alexander,Oklahoma City Thunder @ Indiana Pacers,2025-10-23T23:40:00Z,player_points_rebounds_assists,41.5,bovada,2025-10-23T14:55:27Z,2025-10-23T14:55:26Z,-180.0,135.0
Shai Gilgeous-Alexander,Oklahoma City Thunder @ Indiana Pacers,2025-10-23T23:40:00Z,player_points_rebounds_assists,42.5,bovada,2025-10-23T14:55:27Z,2025-10-23T14:55:26Z,-160.0,120.0
Shai Gilgeous-Alexander,Oklahoma City Thunder @ Indiana Pacers,2025-10-23T23:40:00Z,player_points_rebounds_assists,43.5,bovada,2025-10-23T14:55:27Z,2025-10-23T14:55:26Z,-135.0,105.0
Shai Gilgeous-Alexander,Oklahoma City Thunder @ Indiana Pacers,2025-10-23T23:40:00Z,player_points_rebounds_assists,44.5,bovada,2025-10-23T14:55:27Z,2025-10-23T14:55:26Z,-115.0,-115.0
Shai Gilgeous-Alexander,Oklahoma City Thunder @ Indiana Pacers,2025-10-23T23:40:00Z,player_points_rebounds_assists,45.5,bovada,2025-10-23T14:55:27Z,2025-10-23T14:55:26Z,100.0,-130.0
Shai Gilgeous-Alexander,Oklahoma City Thunder @ Indiana Pacers,2025-10-23T23:40:00Z,player_points_rebounds_assists,46.5,bovada,2025-10-23T14:55:27Z,2025-10-23T14:55:26Z,115.0,-150.0
Shai Gilgeous-Alexander,Oklahoma City Thunder @ Indiana Pacers,2025-10-23T23:40:00Z,player_points_rebounds_assists,47.5,bovada,2025-10-23T14:55:27Z,2025-10-23T14:55:26Z,135.0,-180.0
Shai Gilgeous-Alexander,Oklahoma City Thunder @ Indiana Pacers,2025-10-23T23:40:00Z,player_points_rebounds_assists,48.5,bovada,2025-10-23T14:55:27Z,2025-10-23T14:55:26Z,150.0,-200.0
Shai Gilgeous-Alexander,Oklahoma City Thunder @ Indiana Pacers,2025-10-23T23:40:00Z,player_points_rebounds_assists,49.5,bovada,2025-10-23T14:55:27Z,2025-10-23T14:55:26Z,175.0,-240.0
Shai Gilgeous-Alexander,Oklahoma City Thunder @ Indiana Pacers,2025-10-23T23:40:00Z,player_points_rebounds_assists,50.5,bovada,2025-10-23T14:55:27Z,2025-10-23T14:55:26Z,200.0,-275.0
Bennedict Mathurin,Oklahoma City Thunder @ Indiana Pacers,2025-10-23T23:40:00Z,player_rebounds,5.5,bovada,2025-10-23T14:55:27Z,2025-10-23T14:55:26Z,-145.0,110.0
Chet Holmgren,Oklahoma City Thunder @ Indiana Pacers,2025-10-23T23:40:00Z,player_rebounds,6.5,bovada,2025-10-23T14:55:27Z,2025-10-23T14:55:26Z,-260.0,190.0
Chet Holmgren,Oklahoma City Thunder @ Indiana Pacers,2025-10-23T23:40:00Z,player_rebounds,7.5,bovada,2025-10-23T14:55:27Z,2025-10-23T14:55:26Z,-145.0,110.0
Chet Holmgren,Oklahoma City Thunder @ Indiana Pacers,2025-10-23T23:40:00Z,player_rebounds,8.5,bovada,2025-10-23T14:55:27Z,2025-10-23T14:55:26Z,115.0,-150.0
Chet Holmgren,Oklahoma City Thunder @ Indiana Pacers,2025-10-23T23:40:00Z,player_rebounds,9.5,bovada,2025-10-23T14:55:27Z,2025-10-23T14:55:26Z,185.0,-250.0
Isaiah Hartenstein,Oklahoma City Thunder @ Indiana Pacers,2025-10-23T23:40:00Z,player_rebounds,8.5,bovada,2025-10-23T14:55:27Z,2025-10-23T14:55:26Z,-240.0,175.0
Isaiah Hartenstein,Oklahoma City Thunder @ Indiana Pacers,2025-10-23T23:40:00Z,player_rebounds,9.5,bovada,2025-10-23T14:55:27Z,2025-10-23T14:55:26Z,-145.0,110.0
Isaiah Hartenstein,Oklahoma City Thunder @ Indiana Pacers,2025-10-23T23:40:00Z,player_rebounds,10.5,bovada,2025-10-23T14:55:27Z,2025-10-23T14:55:26Z,110.0,-145.0
Isaiah Hartenstein,Oklahoma City Thunder @ Indiana Pacers,2025-10-23T23:40:00Z,player_rebounds,11.5,bovada,2025-10-23T14:55:27Z,2025-10-23T14:55:26Z,170.0,-230.0
Isaiah Jackson,Oklahoma City Thunder @ Indiana Pacers,2025-10-23T23:40:00Z,player_rebounds,4.5,bovada,2025-10-23T14:55:27Z,2025-10-23T14:55:26Z,-200.0,150.0
Isaiah Jackson,Oklahoma City Thunder @ Indiana Pacers,2025-10-23T23:40:00Z,player_rebounds,5.5,bovada,2025-10-23T14:55:27Z,2025-10-23T14:55:26Z,-105.0,-125.0
Isaiah Jackson,Oklahoma City Thunder @ Indiana Pacers,2025-10-23T23:40:00Z,player_rebounds,6.5,bovada,2025-10-23T14:55:27Z,2025-10-23T14:55:26Z,170.0,-230.0
Pascal Siakam,Oklahoma City Thunder @ Indiana Pacers,2025-10-23T23:40:00Z,player_rebounds,6.5,bovada,2025-10-23T14:55:27Z,2025-10-23T14:55:26Z,-185.0,140.0
Pascal Siakam,Oklahoma City Thunder @ Indiana Pacers,2025-10-23T23:40:00Z,player_rebounds,7.5,bovada,2025-10-23T14:55:27Z,2025-10-23T14:55:26Z,-105.0,-125.0
Pascal Siakam,Oklahoma City Thunder @ Indiana Pacers,2025-10-23T23:40:00Z,player_rebounds,8.5,bovada,2025-10-23T14:55:27Z,2025-10-23T14:55:26Z,160.0,-215.0
Andrew Nembhard,Oklahoma City Thunder @ Indiana Pacers,2025-10-23T23:40:00Z,player_steals,1.5,bovada,2025-10-23T14:55:27Z,2025-10-23T14:55:26Z,125.0,-165.0
Chet Holmgren,Oklahoma City Thunder @ Indiana Pacers,2025-10-23T23:40:00Z,player_steals,0.5,bovada,2025-10-23T14:55:27Z,2025-10-23T14:55:26Z,-110.0,-120.0
Pascal Siakam,Oklahoma City Thunder @ Indiana Pacers,2025-10-23T23:40:00Z,player_steals,0.5,bovada,2025-10-23T14:55:27Z,2025-10-23T14:55:26Z,-250.0,185.0
Pascal Siakam,Oklahoma City Thunder @ Indiana Pacers,2025-10-23T23:40:00Z,player_steals,1.5,bovada,2025-10-23T14:55:27Z,2025-10-23T14:55:26Z,205.0,-280.0
Shai Gilgeous-Alexander,Oklahoma City Thunder @ Indiana Pacers,2025-10-23T23:40:00Z,player_steals,0.5,bovada,2025-10-23T14:55:27Z,2025-10-23T14:55:26Z,-220.0,165.0
Aaron Nesmith,Oklahoma City Thunder @ Indiana Pacers,2025-10-23T23:40:00Z,player_threes,1.5,bovada,2025-10-23T14:55:27Z,2025-10-23T14:55:26Z,-250.0,185.0
Aaron Nesmith,Oklahoma City Thunder @ Indiana Pacers,2025-10-23T23:40:00Z,player_threes,2.5,bovada,2025-10-23T14:55:27Z,2025-10-23T14:55:26Z,120.0,-160.0
Aaron Wiggins,Oklahoma City Thunder @ Indiana Pacers,2025-10-23T23:40:00Z,player_threes,1.5,bovada,2025-10-23T14:55:27Z,2025-10-23T14:55:26Z,-135.0,105.0
Andrew Nembhard,Oklahoma City Thunder @ Indiana Pacers,2025-10-23T23:40:00Z,player_threes,1.5,bovada,2025-10-23T14:55:27Z,2025-10-23T14:55:26Z,125.0,-165.0
Bennedict Mathurin,Oklahoma City Thunder @ Indiana Pacers,2025-10-23T23:40:00Z,player_threes,1.5,bovada,2025-10-23T14:55:27Z,2025-10-23T14:55:26Z,-110.0,-120.0
Cason Wallace,Oklahoma City Thunder @ Indiana Pacers,2025-10-23T23:40:00Z,player_threes,1.5,bovada,2025-10-23T14:55:27Z,2025-10-23T14:55:26Z,145.0,-190.0
Chet Holmgren,Oklahoma City Thunder @ Indiana Pacers,2025-10-23T23:40:00Z,player_threes,1.5,bovada,2025-10-23T14:55:27Z,2025-10-23T14:55:26Z,-120.0,-110.0
Luguentz Dort,Oklahoma City Thunder @ Indiana Pacers,2025-10-23T23:40:00Z,player_threes,2.5,bovada,2025-10-23T14:55:27Z,2025-10-23T14:55:26Z,150.0,-200.0
Obi Toppin,Oklahoma City Thunder @ Indiana Pacers,2025-10-23T23:40:00Z,player_threes,1.5,bovada,2025-10-23T14:55:27Z,2025-10-23T14:55:26Z,-135.0,105.0
Pascal Siakam,Oklahoma City Thunder @ Indiana Pacers,2025-10-23T23:40:00Z,player_threes,1.5,bovada,2025-10-23T14:55:27Z,2025-10-23T14:55:26Z,125.0,-165.0
Shai Gilgeous-Alexander,Oklahoma City Thunder @ Indiana Pacers,2025-10-23T23:40:00Z,player_threes,1.5,bovada,2025-10-23T14:55:27Z,2025-10-23T14:55:26Z,-170.0,130.0
Shai Gilgeous-Alexander,Oklahoma City Thunder @ Indiana Pacers,2025-10-23T23:40:00Z,player_threes,2.5,bovada,2025-10-23T14:55:27Z,2025-10-23T14:55:26Z,175.0,-240.0
Shai Gilgeous-Alexander,Oklahoma City Thunder @ Indiana Pacers,2025-10-23T23:40:00Z,player_triple_double,,bovada,2025-10-23T14:55:27Z,2025-10-23T14:55:26Z,,
Pascal Siakam,Oklahoma City Thunder @ Indiana Pacers,2025-10-23T23:40:00Z,player_triple_double,,bovada,2025-10-23T14:55:27Z,2025-10-23T14:55:26Z,,
Nikola Jokic,Denver Nuggets @ Golden State Warriors,2025-10-24T02:10:00Z,player_assists,9.5,draftkings,2025-10-23T14:55:10Z,2025-10-23T14:55:50Z,112.0,-145.0
Draymond Green,Denver Nuggets @ Golden State Warriors,2025-10-24T02:10:00Z,player_assists,5.5,draftkings,2025-10-23T14:55:10Z,2025-10-23T14:55:50Z,-104.0,-125.0
Stephen Curry,Denver Nuggets @ Golden State Warriors,2025-10-24T02:10:00Z,player_assists,5.5,draftkings,2025-10-23T14:55:10Z,2025-10-23T14:55:50Z,-101.0,-128.0
Jamal Murray,Denver Nuggets @ Golden State Warriors,2025-10-24T02:10:00Z,player_assists,5.5,draftkings,2025-10-23T14:55:10Z,2025-10-23T14:55:50Z,106.0,-138.0
Jimmy Butler,Denver Nuggets @ Golden State Warriors,2025-10-24T02:10:00Z,player_assists,5.5,draftkings,2025-10-23T14:55:10Z,2025-10-23T14:55:50Z,107.0,-138.0
Brandin Podziemski,Denver Nuggets @ Golden State Warriors,2025-10-24T02:10:00Z,player_assists,3.5,draftkings,2025-10-23T14:55:10Z,2025-10-23T14:55:50Z,-103.0,-125.0
Aaron Gordon,Denver Nuggets @ Golden State Warriors,2025-10-24T02:10:00Z,player_assists,3.5,draftkings,2025-10-23T14:55:10Z,2025-10-23T14:55:50Z,129.0,-168.0
Cameron Johnson,Denver Nuggets @ Golden State Warriors,2025-10-24T02:10:00Z,player_assists,2.5,draftkings,2025-10-23T14:55:10Z,2025-10-23T14:55:50Z,-165.0,127.0
Jonathan Kuminga,Denver Nuggets @ Golden State Warriors,2025-10-24T02:10:00Z,player_assists,2.5,draftkings,2025-10-23T14:55:10Z,2025-10-23T14:55:50Z,-158.0,122.0
Christian Braun,Denver Nuggets @ Golden State Warriors,2025-10-24T02:10:00Z,player_assists,2.5,draftkings,2025-10-23T14:55:10Z,2025-10-23T14:55:50Z,101.0,-131.0
Draymond Green,Denver Nuggets @ Golden State Warriors,2025-10-24T02:10:00Z,player_blocks,0.5,draftkings,2025-10-23T14:55:10Z,2025-10-23T14:55:50Z,-170.0,128.0
Nikola Jokic,Denver Nuggets @ Golden State Warriors,2025-10-24T02:10:00Z,player_blocks,0.5,draftkings,2025-10-23T14:55:10Z,2025-10-23T14:55:50Z,113.0,-150.0
Christian Braun,Denver Nuggets @ Golden State Warriors,2025-10-24T02:10:00Z,player_blocks,0.5,draftkings,2025-10-23T14:55:10Z,2025-10-23T14:55:50Z,168.0,-227.0
Aaron Gordon,Denver Nuggets @ Golden State Warriors,2025-10-24T02:10:00Z,player_blocks,0.5,draftkings,2025-10-23T14:55:10Z,2025-10-23T14:55:50Z,214.0,-293.0
Jimmy Butler,Denver Nuggets @ Golden State Warriors,2025-10-24T02:10:00Z,player_blocks,0.5,draftkings,2025-10-23T14:55:10Z,2025-10-23T14:55:50Z,224.0,-309.0
Nikola Jokic,Denver Nuggets @ Golden State Warriors,2025-10-24T02:10:00Z,player_double_double,,draftkings,2025-10-23T14:55:10Z,2025-10-23T14:55:50Z,,
Jimmy Butler,Denver Nuggets @ Golden State Warriors,2025-10-24T02:10:00Z,player_double_double,,draftkings,2025-10-23T14:55:10Z,2025-10-23T14:55:50Z,,
Aaron Gordon,Denver Nuggets @ Golden State Warriors,2025-10-24T02:10:00Z,player_double_double,,draftkings,2025-10-23T14:55:10Z,2025-10-23T14:55:50Z,,
Draymond Green,Denver Nuggets @ Golden State Warriors,2025-10-24T02:10:00Z,player_double_double,,draftkings,2025-10-23T14:55:10Z,2025-10-23T14:55:50Z,,
Stephen Curry,Denver Nuggets @ Golden State Warriors,2025-10-24T02:10:00Z,player_double_double,,draftkings,2025-10-23T14:55:10Z,2025-10-23T14:55:50Z,,
Jamal Murray,Denver Nuggets @ Golden State Warriors,2025-10-24T02:10:00Z,player_double_double,,draftkings,2025-10-23T14:55:10Z,2025-10-23T14:55:50Z,,
Jonathan Kuminga,Denver Nuggets @ Golden State Warriors,2025-10-24T02:10:00Z,player_double_double,,draftkings,2025-10-23T14:55:10Z,2025-10-23T14:55:50Z,,
Brandin Podziemski,Denver Nuggets @ Golden State Warriors,2025-10-24T02:10:00Z,player_double_double,,draftkings,2025-10-23T14:55:10Z,2025-10-23T14:55:50Z,,
Christian Braun,Denver Nuggets @ Golden State Warriors,2025-10-24T02:10:00Z,player_double_double,,draftkings,2025-10-23T14:55:10Z,2025-10-23T14:55:50Z,,
Cameron Johnson,Denver Nuggets @ Golden State Warriors,2025-10-24T02:10:00Z,player_double_double,,draftkings,2025-10-23T14:55:10Z,2025-10-23T14:55:50Z,,
Al Horford,Denver Nuggets @ Golden State Warriors,2025-10-24T02:10:00Z,player_double_double,,draftkings,2025-10-23T14:55:10Z,2025-10-23T14:55:50Z,,
Nikola Jokic,Denver Nuggets @ Golden State Warriors,2025-10-24T02:10:00Z,player_points,28.5,draftkings,2025-10-23T14:55:10Z,2025-10-23T14:55:50Z,-114.0,-112.0
Stephen Curry,Denver Nuggets @ Golden State Warriors,2025-10-24T02:10:00Z,player_points,25.5,draftkings,2025-10-23T14:55:10Z,2025-10-23T14:55:50Z,-110.0,-116.0
Jamal Murray,Denver Nuggets @ Golden State Warriors,2025-10-24T02:10:00Z,player_points,21.5,draftkings,2025-10-23T14:55:10Z,2025-10-23T14:55:50Z,-107.0,-119.0
Jimmy Butler,Denver Nuggets @ Golden State Warriors,2025-10-24T02:10:00Z,player_points,18.5,draftkings,2025-10-23T14:55:10Z,2025-10-23T14:55:50Z,-115.0,-110.0
Jonathan Kuminga,Denver Nuggets @ Golden State Warriors,2025-10-24T02:10:00Z,player_points,15.5,draftkings,2025-10-23T14:55:10Z,2025-10-23T14:55:50Z,-123.0,-103.0
Cameron Johnson,Denver Nuggets @ Golden State Warriors,2025-10-24T02:10:00Z,player_points,15.5,draftkings,2025-10-23T14:55:10Z,2025-10-23T14:55:50Z,-102.0,-126.0
Aaron Gordon,Denver Nuggets @ Golden State Warriors,2025-10-24T02:10:00Z,player_points,14.5,draftkings,2025-10-23T14:55:10Z,2025-10-23T14:55:50Z,-117.0,-109.0
Christian Braun,Denver Nuggets @ Golden State Warriors,2025-10-24T02:10:00Z,player_points,12.5,draftkings,2025-10-23T14:55:10Z,2025-10-23T14:55:50Z,-127.0,-101.0
Brandin Podziemski,Denver Nuggets @ Golden State Warriors,2025-10-24T02:10:00Z,player_points,12.5,draftkings,2025-10-23T14:55:10Z,2025-10-23T14:55:50Z,-119.0,-107.0
Draymond Green,Denver Nuggets @ Golden State Warriors,2025-10-24T02:10:00Z,player_points,8.5,draftkings,2025-10-23T14:55:10Z,2025-10-23T14:55:50Z,-105.0,-121.0
Al Horford,Denver Nuggets @ Golden State Warriors,2025-10-24T02:10:00Z,player_points,6.5,draftkings,2025-10-23T14:55:10Z,2025-10-23T14:55:50Z,-109.0,-117.0
Nikola Jokic,Denver Nuggets @ Golden State Warriors,2025-10-24T02:10:00Z,player_points_rebounds_assists,49.5,draftkings,2025-10-23T14:55:10Z,2025-10-23T14:55:50Z,-120.0,-108.0
Stephen Curry,Denver Nuggets @ Golden State Warriors,2025-10-24T02:10:00Z,player_points_rebounds_assists,35.5,draftkings,2025-10-23T14:55:10Z,2025-10-23T14:55:50Z,-109.0,-119.0
Jamal Murray,Denver Nuggets @ Golden State Warriors,2025-10-24T02:10:00Z,player_points_rebounds_assists,30.5,draftkings,2025-10-23T14:55:10Z,2025-10-23T14:55:50Z,-106.0,-123.0
Jimmy Butler,Denver Nuggets @ Golden State Warriors,2025-10-24T02:10:00Z,player_points_rebounds_assists,29.5,draftkings,2025-10-23T14:55:10Z,2025-10-23T14:55:50Z,-116.0,-112.0
Jonathan Kuminga,Denver Nuggets @ Golden State Warriors,2025-10-24T02:10:00Z,player_points_rebounds_assists,23.5,draftkings,2025-10-23T14:55:10Z,2025-10-23T14:55:50Z,-120.0,-108.0
Aaron Gordon,Denver Nuggets @ Golden State Warriors,2025-10-24T02:10:00Z,player_points_rebounds_assists,23.5,draftkings,2025-10-23T14:55:10Z,2025-10-23T14:55:50Z,-115.0,-112.0
Cameron Johnson,Denver Nuggets @ Golden State Warriors,2025-10-24T02:10:00Z,player_points_rebounds_assists,22.5,draftkings,2025-10-23T14:55:10Z,2025-10-23T14:55:50Z,-112.0,-116.0
Brandin Podziemski,Denver Nuggets @ Golden State Warriors,2025-10-24T02:10:00Z,player_points_rebounds_assists,21.5,draftkings,2025-10-23T14:55:10Z,2025-10-23T14:55:50Z,-114.0,-114.0
Christian Braun,Denver Nuggets @ Golden State Warriors,2025-10-24T02:10:00Z,player_points_rebounds_assists,20.5,draftkings,2025-10-23T14:55:10Z,2025-10-23T14:55:50Z,-109.0,-119.0
Draymond Green,Denver Nuggets @ Golden State Warriors,2025-10-24T02:10:00Z,player_points_rebounds_assists,19.5,draftkings,2025-10-23T14:55:10Z,2025-10-23T14:55:50Z,-128.0,-101.0
Nikola Jokic,Denver Nuggets @ Golden State Warriors,2025-10-24T02:10:00Z,player_rebounds,11.5,draftkings,2025-10-23T14:55:10Z,2025-10-23T14:55:50Z,-116.0,-111.0
Draymond Green,Denver Nuggets @ Golden State Warriors,2025-10-24T02:10:00Z,player_rebounds,5.5,draftkings,2025-10-23T14:55:10Z,2025-10-23T14:55:50Z,-137.0,106.0
Aaron Gordon,Denver Nuggets @ Golden State Warriors,2025-10-24T02:10:00Z,player_rebounds,5.5,draftkings,2025-10-23T14:55:10Z,2025-10-23T14:55:50Z,-105.0,-123.0
Jimmy Butler,Denver Nuggets @ Golden State Warriors,2025-10-24T02:10:00Z,player_rebounds,5.5,draftkings,2025-10-23T14:55:10Z,2025-10-23T14:55:50Z,-104.0,-124.0
Brandin Podziemski,Denver Nuggets @ Golden State Warriors,2025-10-24T02:10:00Z,player_rebounds,5.5,draftkings,2025-10-23T14:55:10Z,2025-10-23T14:55:50Z,114.0,-147.0
Jonathan Kuminga,Denver Nuggets @ Golden State Warriors,2025-10-24T02:10:00Z,player_rebounds,4.5,draftkings,2025-10-23T14:55:10Z,2025-10-23T14:55:50Z,-126.0,-102.0
Christian Braun,Denver Nuggets @ Golden State Warriors,2025-10-24T02:10:00Z,player_rebounds,4.5,draftkings,2025-10-23T14:55:10Z,2025-10-23T14:55:50Z,-124.0,-105.0
Al Horford,Denver Nuggets @ Golden State Warriors,2025-10-24T02:10:00Z,player_rebounds,4.5,draftkings,2025-10-23T14:55:10Z,2025-10-23T14:55:50Z,102.0,-132.0
Stephen Curry,Denver Nuggets @ Golden State Warriors,2025-10-24T02:10:00Z,player_rebounds,4.5,draftkings,2025-10-23T14:55:10Z,2025-10-23T14:55:50Z,123.0,-159.0
Cameron Johnson,Denver Nuggets @ Golden State Warriors,2025-10-24T02:10:00Z,player_rebounds,3.5,draftkings,2025-10-23T14:55:10Z,2025-10-23T14:55:50Z,-133.0,103.0
Jamal Murray,Denver Nuggets @ Golden State Warriors,2025-10-24T02:10:00Z,player_rebounds,3.5,draftkings,2025-10-23T14:55:10Z,2025-10-23T14:55:50Z,110.0,-143.0
Nikola Jokic,Denver Nuggets @ Golden State Warriors,2025-10-24T02:10:00Z,player_steals,1.5,draftkings,2025-10-23T14:55:10Z,2025-10-23T14:55:50Z,-136.0,103.0
Jimmy Butler,Denver Nuggets @ Golden State Warriors,2025-10-24T02:10:00Z,player_steals,1.5,draftkings,2025-10-23T14:55:10Z,2025-10-23T14:55:50Z,128.0,-170.0
Draymond Green,Denver Nuggets @ Golden State Warriors,2025-10-24T02:10:00Z,player_steals,1.5,draftkings,2025-10-23T14:55:10Z,2025-10-23T14:55:50Z,157.0,-211.0
Jamal Murray,Denver Nuggets @ Golden State Warriors,2025-10-24T02:10:00Z,player_steals,0.5,draftkings,2025-10-23T14:55:10Z,2025-10-23T14:55:50Z,-242.0,179.0
Stephen Curry,Denver Nuggets @ Golden State Warriors,2025-10-24T02:10:00Z,player_steals,0.5,draftkings,2025-10-23T14:55:10Z,2025-10-23T14:55:50Z,-234.0,173.0
Christian Braun,Denver Nuggets @ Golden State Warriors,2025-10-24T02:10:00Z,player_steals,0.5,draftkings,2025-10-23T14:55:10Z,2025-10-23T14:55:50Z,-216.0,160.0
Aaron Gordon,Denver Nuggets @ Golden State Warriors,2025-10-24T02:10:00Z,player_steals,0.5,draftkings,2025-10-23T14:55:10Z,2025-10-23T14:55:50Z,-116.0,-115.0
Stephen Curry,Denver Nuggets @ Golden State Warriors,2025-10-24T02:10:00Z,player_threes,4.5,draftkings,2025-10-23T14:55:10Z,2025-10-23T14:55:50Z,-104.0,-125.0
Cameron Johnson,Denver Nuggets @ Golden State Warriors,2025-10-24T02:10:00Z,player_threes,2.5,draftkings,2025-10-23T14:55:10Z,2025-10-23T14:55:50Z,107.0,-138.0
Jamal Murray,Denver Nuggets @ Golden State Warriors,2025-10-24T02:10:00Z,player_threes,2.5,draftkings,2025-10-23T14:55:10Z,2025-10-23T14:55:50Z,126.0,-163.0
Brandin Podziemski,Denver Nuggets @ Golden State Warriors,2025-10-24T02:10:00Z,player_threes,1.5,draftkings,2025-10-23T14:55:10Z,2025-10-23T14:55:50Z,-180.0,138.0
Nikola Jokic,Denver Nuggets @ Golden State Warriors,2025-10-24T02:10:00Z,player_threes,1.5,draftkings,2025-10-23T14:55:10Z,2025-10-23T14:55:50Z,-107.0,-121.0
Aaron Gordon,Denver Nuggets @ Golden State Warriors,2025-10-24T02:10:00Z,player_threes,1.5,draftkings,2025-10-23T14:55:10Z,2025-10-23T14:55:50Z,120.0,-155.0
Jonathan Kuminga,Denver Nuggets @ Golden State Warriors,2025-10-24T02:10:00Z,player_threes,1.5,draftkings,2025-10-23T14:55:10Z,2025-10-23T14:55:50Z,131.0,-170.0
Al Horford,Denver Nuggets @ Golden State Warriors,2025-10-24T02:10:00Z,player_threes,1.5,draftkings,2025-10-23T14:55:10Z,2025-10-23T14:55:50Z,151.0,-198.0
Christian Braun,Denver Nuggets @ Golden State Warriors,2025-10-24T02:10:00Z,player_threes,1.5,draftkings,2025-10-23T14:55:10Z,2025-10-23T14:55:50Z,156.0,-205.0
Draymond Green,Denver Nuggets @ Golden State Warriors,2025-10-24T02:10:00Z,player_threes,1.5,draftkings,2025-10-23T14:55:10Z,2025-10-23T14:55:50Z,163.0,-214.0
Nikola Jokic,Denver Nuggets @ Golden State Warriors,2025-10-24T02:10:00Z,player_triple_double,,draftkings,2025-10-23T14:55:10Z,2025-10-23T14:55:50Z,,
Jimmy Butler,Denver Nuggets @ Golden State Warriors,2025-10-24T02:10:00Z,player_triple_double,,draftkings,2025-10-23T14:55:10Z,2025-10-23T14:55:50Z,,
Draymond Green,Denver Nuggets @ Golden State Warriors,2025-10-24T02:10:00Z,player_triple_double,,draftkings,2025-10-23T14:55:10Z,2025-10-23T14:55:50Z,,
Jimmy Butler,Denver Nuggets @ Golden State Warriors,2025-10-24T02:10:00Z,player_assists,5.5,williamhill_us,2025-10-23T14:54:56Z,2025-10-23T14:55:58Z,100.0,-139.0
Jamal Murray,Denver Nuggets @ Golden State Warriors,2025-10-24T02:10:00Z,player_assists,5.5,williamhill_us,2025-10-23T14:54:56Z,2025-10-23T14:55:58Z,105.0,-141.0
Aaron Gordon,Denver Nuggets @ Golden State Warriors,2025-10-24T02:10:00Z,player_assists,2.5,williamhill_us,2025-10-23T14:54:56Z,2025-10-23T14:55:58Z,-176.0,125.0
Al Horford,Denver Nuggets @ Golden State Warriors,2025-10-24T02:10:00Z,player_assists,1.5,williamhill_us,2025-10-23T14:54:56Z,2025-10-23T14:55:58Z,-152.0,110.0
Stephen Curry,Denver Nuggets @ Golden State Warriors,2025-10-24T02:10:00Z,player_assists,5.5,williamhill_us,2025-10-23T14:54:56Z,2025-10-23T14:55:58Z,100.0,-136.0
Brandin Podziemski,Denver Nuggets @ Golden State Warriors,2025-10-24T02:10:00Z,player_assists,3.5,williamhill_us,2025-10-23T14:54:56Z,2025-10-23T14:55:58Z,-109.0,-124.0
Jonathan Kuminga,Denver Nuggets @ Golden State Warriors,2025-10-24T02:10:00Z,player_assists,2.5,williamhill_us,2025-10-23T14:54:56Z,2025-10-23T14:55:58Z,-154.0,110.0
Draymond Green,Denver Nuggets @ Golden State Warriors,2025-10-24T02:10:00Z,player_assists,5.5,williamhill_us,2025-10-23T14:54:56Z,2025-10-23T14:55:58Z,100.0,-136.0
Cameron Johnson,Denver Nuggets @ Golden State Warriors,2025-10-24T02:10:00Z,player_assists,3.5,williamhill_us,2025-10-23T14:54:56Z,2025-10-23T14:55:58Z,125.0,-176.0
Nikola Jokic,Denver Nuggets @ Golden State Warriors,2025-10-24T02:10:00Z,player_assists,9.5,williamhill_us,2025-10-23T14:54:56Z,2025-10-23T14:55:58Z,110.0,-150.0
Christian Braun,Denver Nuggets @ Golden State Warriors,2025-10-24T02:10:00Z,player_assists,2.5,williamhill_us,2025-10-23T14:54:56Z,2025-10-23T14:55:58Z,-102.0,-134.0
Nikola Jokic,Denver Nuggets @ Golden State Warriors,2025-10-24T02:10:00Z,player_double_double,,williamhill_us,2025-10-23T14:54:56Z,2025-10-23T14:55:58Z,,
Jimmy Butler,Denver Nuggets @ Golden State Warriors,2025-10-24T02:10:00Z,player_double_double,,williamhill_us,2025-10-23T14:54:56Z,2025-10-23T14:55:58Z,,
Draymond Green,Denver Nuggets @ Golden State Warriors,2025-10-24T02:10:00Z,player_double_double,,williamhill_us,2025-10-23T14:54:56Z,2025-10-23T14:55:58Z,,
Aaron Gordon,Denver Nuggets @ Golden State Warriors,2025-10-24T02:10:00Z,player_double_double,,williamhill_us,2025-10-23T14:54:56Z,2025-10-23T14:55:58Z,,
Stephen Curry,Denver Nuggets @ Golden State Warriors,2025-10-24T02:10:00Z,player_double_double,,williamhill_us,2025-10-23T14:54:56Z,2025-10-23T14:55:58Z,,
Brandin Podziemski,Denver Nuggets @ Golden State Warriors,2025-10-24T02:10:00Z,player_double_double,,williamhill_us,2025-10-23T14:54:56Z,2025-10-23T14:55:58Z,,
Jamal Murray,Denver Nuggets @ Golden State Warriors,2025-10-24T02:10:00Z,player_double_double,,williamhill_us,2025-10-23T14:54:56Z,2025-10-23T14:55:58Z,,
Jonathan Kuminga,Denver Nuggets @ Golden State Warriors,2025-10-24T02:10:00Z,player_double_double,,williamhill_us,2025-10-23T14:54:56Z,2025-10-23T14:55:58Z,,
Christian Braun,Denver Nuggets @ Golden State Warriors,2025-10-24T02:10:00Z,player_double_double,,williamhill_us,2025-10-23T14:54:56Z,2025-10-23T14:55:58Z,,
Christian Braun,Denver Nuggets @ Golden State Warriors,2025-10-24T02:10:00Z,player_points,13.5,williamhill_us,2025-10-23T14:54:56Z,2025-10-23T14:55:58Z,-103.0,-132.0
Al Horford,Denver Nuggets @ Golden State Warriors,2025-10-24T02:10:00Z,player_points,6.5,williamhill_us,2025-10-23T14:54:56Z,2025-10-23T14:55:58Z,-113.0,-121.0
Jamal Murray,Denver Nuggets @ Golden State Warriors,2025-10-24T02:10:00Z,player_points,21.5,williamhill_us,2025-10-23T14:54:56Z,2025-10-23T14:55:58Z,-110.0,-122.0
Brandin Podziemski,Denver Nuggets @ Golden State Warriors,2025-10-24T02:10:00Z,player_points,12.5,williamhill_us,2025-10-23T14:54:56Z,2025-10-23T14:55:58Z,-122.0,-110.0
Jonathan Kuminga,Denver Nuggets @ Golden State Warriors,2025-10-24T02:10:00Z,player_points,15.5,williamhill_us,2025-10-23T14:54:56Z,2025-10-23T14:55:58Z,-124.0,-109.0
Aaron Gordon,Denver Nuggets @ Golden State Warriors,2025-10-24T02:10:00Z,player_points,14.5,williamhill_us,2025-10-23T14:54:56Z,2025-10-23T14:55:58Z,-117.0,-115.0
Stephen Curry,Denver Nuggets @ Golden State Warriors,2025-10-24T02:10:00Z,player_points,25.5,williamhill_us,2025-10-23T14:54:56Z,2025-10-23T14:55:58Z,-125.0,-110.0
Draymond Green,Denver Nuggets @ Golden State Warriors,2025-10-24T02:10:00Z,player_points,8.5,williamhill_us,2025-10-23T14:54:56Z,2025-10-23T14:55:58Z,-115.0,-117.0
Buddy Hield,Denver Nuggets @ Golden State Warriors,2025-10-24T02:10:00Z,player_points,10.5,williamhill_us,2025-10-23T14:54:56Z,2025-10-23T14:55:58Z,-115.0,-117.0
Nikola Jokic,Denver Nuggets @ Golden State Warriors,2025-10-24T02:10:00Z,player_points,28.5,williamhill_us,2025-10-23T14:54:56Z,2025-10-23T14:55:58Z,-121.0,-112.0
Jimmy Butler,Denver Nuggets @ Golden State Warriors,2025-10-24T02:10:00Z,player_points,18.5,williamhill_us,2025-10-23T14:54:56Z,2025-10-23T14:55:58Z,-118.0,-114.0
Cameron Johnson,Denver Nuggets @ Golden State Warriors,2025-10-24T02:10:00Z,player_points,14.5,williamhill_us,2025-10-23T14:54:56Z,2025-10-23T14:55:58Z,-127.0,-107.0
Jamal Murray,Denver Nuggets @ Golden State Warriors,2025-10-24T02:10:00Z,player_rebounds,3.5,williamhill_us,2025-10-23T14:54:56Z,2025-10-23T14:55:58Z,110.0,-148.0
Cameron Johnson,Denver Nuggets @ Golden State Warriors,2025-10-24T02:10:00Z,player_rebounds,3.5,williamhill_us,2025-10-23T14:54:56Z,2025-10-23T14:55:58Z,-132.0,-103.0
Brandin Podziemski,Denver Nuggets @ Golden State Warriors,2025-10-24T02:10:00Z,player_rebounds,5.5,williamhill_us,2025-10-23T14:54:56Z,2025-10-23T14:55:58Z,100.0,-134.0
Jonathan Kuminga,Denver Nuggets @ Golden State Warriors,2025-10-24T02:10:00Z,player_rebounds,4.5,williamhill_us,2025-10-23T14:54:56Z,2025-10-23T14:55:58Z,-128.0,-107.0
Christian Braun,Denver Nuggets @ Golden State Warriors,2025-10-24T02:10:00Z,player_rebounds,4.5,williamhill_us,2025-10-23T14:54:56Z,2025-10-23T14:55:58Z,-125.0,-108.0
Buddy Hield,Denver Nuggets @ Golden State Warriors,2025-10-24T02:10:00Z,player_rebounds,2.5,williamhill_us,2025-10-23T14:54:56Z,2025-10-23T14:55:58Z,-121.0,-113.0
Nikola Jokic,Denver Nuggets @ Golden State Warriors,2025-10-24T02:10:00Z,player_rebounds,11.5,williamhill_us,2025-10-23T14:54:56Z,2025-10-23T14:55:58Z,-117.0,-115.0
Aaron Gordon,Denver Nuggets @ Golden State Warriors,2025-10-24T02:10:00Z,player_rebounds,5.5,williamhill_us,2025-10-23T14:54:56Z,2025-10-23T14:55:58Z,100.0,-134.0
Stephen Curry,Denver Nuggets @ Golden State Warriors,2025-10-24T02:10:00Z,player_rebounds,3.5,williamhill_us,2025-10-23T14:54:56Z,2025-10-23T14:55:58Z,-154.0,115.0
Al Horford,Denver Nuggets @ Golden State Warriors,2025-10-24T02:10:00Z,player_rebounds,4.5,williamhill_us,2025-10-23T14:54:56Z,2025-10-23T14:55:58Z,-107.0,-127.0
Jimmy Butler,Denver Nuggets @ Golden State Warriors,2025-10-24T02:10:00Z,player_rebounds,5.5,williamhill_us,2025-10-23T14:54:56Z,2025-10-23T14:55:58Z,-110.0,-122.0
Draymond Green,Denver Nuggets @ Golden State Warriors,2025-10-24T02:10:00Z,player_rebounds,5.5,williamhill_us,2025-10-23T14:54:56Z,2025-10-23T14:55:58Z,-145.0,105.0
Cameron Johnson,Denver Nuggets @ Golden State Warriors,2025-10-24T02:10:00Z,player_threes,2.5,williamhill_us,2025-10-23T14:54:56Z,2025-10-23T14:55:58Z,110.0,-150.0
Jonathan Kuminga,Denver Nuggets @ Golden State Warriors,2025-10-24T02:10:00Z,player_threes,1.5,williamhill_us,2025-10-23T14:54:56Z,2025-10-23T14:55:58Z,125.0,-173.0
Stephen Curry,Denver Nuggets @ Golden State Warriors,2025-10-24T02:10:00Z,player_threes,4.5,williamhill_us,2025-10-23T14:54:56Z,2025-10-23T14:55:58Z,-112.0,-121.0
Al Horford,Denver Nuggets @ Golden State Warriors,2025-10-24T02:10:00Z,player_threes,1.5,williamhill_us,2025-10-23T14:54:56Z,2025-10-23T14:55:58Z,135.0,-190.0
Aaron Gordon,Denver Nuggets @ Golden State Warriors,2025-10-24T02:10:00Z,player_threes,1.5,williamhill_us,2025-10-23T14:54:56Z,2025-10-23T14:55:58Z,120.0,-164.0
Brandin Podziemski,Denver Nuggets @ Golden State Warriors,2025-10-24T02:10:00Z,player_threes,1.5,williamhill_us,2025-10-23T14:54:56Z,2025-10-23T14:55:58Z,-179.0,130.0
Jimmy Butler,Denver Nuggets @ Golden State Warriors,2025-10-24T02:10:00Z,player_threes,0.5,williamhill_us,2025-10-23T14:54:56Z,2025-10-23T14:55:58Z,-141.0,105.0
Jamal Murray,Denver Nuggets @ Golden State Warriors,2025-10-24T02:10:00Z,player_threes,2.5,williamhill_us,2025-10-23T14:54:56Z,2025-10-23T14:55:58Z,125.0,-170.0
Buddy Hield,Denver Nuggets @ Golden State Warriors,2025-10-24T02:10:00Z,player_threes,2.5,williamhill_us,2025-10-23T14:54:56Z,2025-10-23T14:55:58Z,-114.0,-118.0
Draymond Green,Denver Nuggets @ Golden State Warriors,2025-10-24T02:10:00Z,player_threes,1.5,williamhill_us,2025-10-23T14:54:56Z,2025-10-23T14:55:58Z,165.0,-235.0
Christian Braun,Denver Nuggets @ Golden State Warriors,2025-10-24T02:10:00Z,player_threes,1.5,williamhill_us,2025-10-23T14:54:56Z,2025-10-23T14:55:58Z,140.0,-193.0
Nikola Jokic,Denver Nuggets @ Golden State Warriors,2025-10-24T02:10:00Z,player_threes,1.5,williamhill_us,2025-10-23T14:54:56Z,2025-10-23T14:55:58Z,-109.0,-124.0
Nikola Jokic,Denver Nuggets @ Golden State Warriors,2025-10-24T02:10:00Z,player_triple_double,,williamhill_us,2025-10-23T14:54:56Z,2025-10-23T14:55:58Z,,
Nikola Jokic,Denver Nuggets @ Golden State Warriors,2025-10-24T02:10:00Z,player_assists,9.5,fanatics,2025-10-23T14:54:59Z,2025-10-23T14:55:23Z,110.0,-145.0
Jamal Murray,Denver Nuggets @ Golden State Warriors,2025-10-24T02:10:00Z,player_assists,5.5,fanatics,2025-10-23T14:54:59Z,2025-10-23T14:55:23Z,115.0,-150.0
Aaron Gordon,Denver Nuggets @ Golden State Warriors,2025-10-24T02:10:00Z,player_assists,2.5,fanatics,2025-10-23T14:54:59Z,2025-10-23T14:55:23Z,-175.0,125.0
Brandin Podziemski,Denver Nuggets @ Golden State Warriors,2025-10-24T02:10:00Z,player_assists,3.5,fanatics,2025-10-23T14:54:59Z,2025-10-23T14:55:23Z,-105.0,-125.0
Draymond Green,Denver Nuggets @ Golden State Warriors,2025-10-24T02:10:00Z,player_assists,5.5,fanatics,2025-10-23T14:54:59Z,2025-10-23T14:55:23Z,-105.0,-125.0
Jimmy Butler,Denver Nuggets @ Golden State Warriors,2025-10-24T02:10:00Z,player_assists,5.5,fanatics,2025-10-23T14:54:59Z,2025-10-23T14:55:23Z,105.0,-140.0
Stephen Curry,Denver Nuggets @ Golden State Warriors,2025-10-24T02:10:00Z,player_assists,5.5,fanatics,2025-10-23T14:54:59Z,2025-10-23T14:55:23Z,-105.0,-125.0
Cameron Johnson,Denver Nuggets @ Golden State Warriors,2025-10-24T02:10:00Z,player_assists,3.5,fanatics,2025-10-23T14:54:59Z,2025-10-23T14:55:23Z,125.0,-175.0
Jonathan Kuminga,Denver Nuggets @ Golden State Warriors,2025-10-24T02:10:00Z,player_assists,2.5,fanatics,2025-10-23T14:54:59Z,2025-10-23T14:55:23Z,-150.0,115.0
Christian Braun,Denver Nuggets @ Golden State Warriors,2025-10-24T02:10:00Z,player_assists,2.5,fanatics,2025-10-23T14:54:59Z,2025-10-23T14:55:23Z,-110.0,-120.0
Al Horford,Denver Nuggets @ Golden State Warriors,2025-10-24T02:10:00Z,player_assists,1.5,fanatics,2025-10-23T14:54:59Z,2025-10-23T14:55:23Z,-150.0,115.0
Buddy Hield,Denver Nuggets @ Golden State Warriors,2025-10-24T02:10:00Z,player_assists,1.5,fanatics,2025-10-23T14:54:59Z,2025-10-23T14:55:23Z,120.0,-165.0
Nikola Jokic,Denver Nuggets @ Golden State Warriors,2025-10-24T02:10:00Z,player_double_double,,fanatics,2025-10-23T14:54:59Z,2025-10-23T14:55:23Z,,
Jamal Murray,Denver Nuggets @ Golden State Warriors,2025-10-24T02:10:00Z,player_double_double,,fanatics,2025-10-23T14:54:59Z,2025-10-23T14:55:23Z,,
Aaron Gordon,Denver Nuggets @ Golden State Warriors,2025-10-24T02:10:00Z,player_double_double,,fanatics,2025-10-23T14:54:59Z,2025-10-23T14:55:23Z,,
Christian Braun,Denver Nuggets @ Golden State Warriors,2025-10-24T02:10:00Z,player_double_double,,fanatics,2025-10-23T14:54:59Z,2025-10-23T14:55:23Z,,
Stephen Curry,Denver Nuggets @ Golden State Warriors,2025-10-24T02:10:00Z,player_double_double,,fanatics,2025-10-23T14:54:59Z,2025-10-23T14:55:23Z,,
Jimmy Butler,Denver Nuggets @ Golden State Warriors,2025-10-24T02:10:00Z,player_double_double,,fanatics,2025-10-23T14:54:59Z,2025-10-23T14:55:23Z,,
Brandin Podziemski,Denver Nuggets @ Golden State Warriors,2025-10-24T02:10:00Z,player_double_double,,fanatics,2025-10-23T14:54:59Z,2025-10-23T14:55:23Z,,
Draymond Green,Denver Nuggets @ Golden State Warriors,2025-10-24T02:10:00Z,player_double_double,,fanatics,2025-10-23T14:54:59Z,2025-10-23T14:55:23Z,,
Jonathan Kuminga,Denver Nuggets @ Golden State Warriors,2025-10-24T02:10:00Z,player_double_double,,fanatics,2025-10-23T14:54:59Z,2025-10-23T14:55:23Z,,
Nikola Jokic,Denver Nuggets @ Golden State Warriors,2025-10-24T02:10:00Z,player_points,28.5,fanatics,2025-10-23T14:54:59Z,2025-10-23T14:55:23Z,-115.0,-115.0
Jamal Murray,Denver Nuggets @ Golden State Warriors,2025-10-24T02:10:00Z,player_points,21.5,fanatics,2025-10-23T14:54:59Z,2025-10-23T14:55:23Z,-110.0,-120.0
Christian Braun,Denver Nuggets @ Golden State Warriors,2025-10-24T02:10:00Z,player_points,13.5,fanatics,2025-10-23T14:54:59Z,2025-10-23T14:55:23Z,100.0,-130.0
Aaron Gordon,Denver Nuggets @ Golden State Warriors,2025-10-24T02:10:00Z,player_points,14.5,fanatics,2025-10-23T14:54:59Z,2025-10-23T14:55:23Z,-115.0,-115.0
Cameron Johnson,Denver Nuggets @ Golden State Warriors,2025-10-24T02:10:00Z,player_points,14.5,fanatics,2025-10-23T14:54:59Z,2025-10-23T14:55:23Z,-130.0,100.0
Jimmy Butler,Denver Nuggets @ Golden State Warriors,2025-10-24T02:10:00Z,player_points,18.5,fanatics,2025-10-23T14:54:59Z,2025-10-23T14:55:23Z,-115.0,-115.0
Brandin Podziemski,Denver Nuggets @ Golden State Warriors,2025-10-24T02:10:00Z,player_points,12.5,fanatics,2025-10-23T14:54:59Z,2025-10-23T14:55:23Z,-115.0,-115.0
Stephen Curry,Denver Nuggets @ Golden State Warriors,2025-10-24T02:10:00Z,player_points,25.5,fanatics,2025-10-23T14:54:59Z,2025-10-23T14:55:23Z,-115.0,-115.0
Draymond Green,Denver Nuggets @ Golden State Warriors,2025-10-24T02:10:00Z,player_points,8.5,fanatics,2025-10-23T14:54:59Z,2025-10-23T14:55:23Z,-110.0,-120.0
Al Horford,Denver Nuggets @ Golden State Warriors,2025-10-24T02:10:00Z,player_points,6.5,fanatics,2025-10-23T14:54:59Z,2025-10-23T14:55:23Z,-105.0,-125.0
Jonathan Kuminga,Denver Nuggets @ Golden State Warriors,2025-10-24T02:10:00Z,player_points,15.5,fanatics,2025-10-23T14:54:59Z,2025-10-23T14:55:23Z,-125.0,-105.0
Buddy Hield,Denver Nuggets @ Golden State Warriors,2025-10-24T02:10:00Z,player_points,10.5,fanatics,2025-10-23T14:54:59Z,2025-10-23T14:55:23Z,-115.0,-115.0
Bruce Brown,Denver Nuggets @ Golden State Warriors,2025-10-24T02:10:00Z,player_points,5.5,fanatics,2025-10-23T14:54:59Z,2025-10-23T14:55:23Z,-115.0,-115.0
Gary Payton II,Denver Nuggets @ Golden State Warriors,2025-10-24T02:10:00Z,player_points,4.5,fanatics,2025-10-23T14:54:59Z,2025-10-23T14:55:23Z,-105.0,-125.0
Aaron Gordon,Denver Nuggets @ Golden State Warriors,2025-10-24T02:10:00Z,player_points_rebounds_assists,23.5,fanatics,2025-10-23T14:54:59Z,2025-10-23T14:55:23Z,-110.0,-120.0
Al Horford,Denver Nuggets @ Golden State Warriors,2025-10-24T02:10:00Z,player_points_rebounds_assists,13.5,fanatics,2025-10-23T14:54:59Z,2025-10-23T14:55:23Z,100.0,-130.0
Jamal Murray,Denver Nuggets @ Golden State Warriors,2025-10-24T02:10:00Z,player_points_rebounds_assists,30.5,fanatics,2025-10-23T14:54:59Z,2025-10-23T14:55:23Z,-105.0,-125.0
Buddy Hield,Denver Nuggets @ Golden State Warriors,2025-10-24T02:10:00Z,player_points_rebounds_assists,14.5,fanatics,2025-10-23T14:54:59Z,2025-10-23T14:55:23Z,-115.0,-115.0
Draymond Green,Denver Nuggets @ Golden State Warriors,2025-10-24T02:10:00Z,player_points_rebounds_assists,20.5,fanatics,2025-10-23T14:54:59Z,2025-10-23T14:55:23Z,100.0,-130.0
Jimmy Butler,Denver Nuggets @ Golden State Warriors,2025-10-24T02:10:00Z,player_points_rebounds_assists,29.5,fanatics,2025-10-23T14:54:59Z,2025-10-23T14:55:23Z,-115.0,-115.0
Jonathan Kuminga,Denver Nuggets @ Golden State Warriors,2025-10-24T02:10:00Z,player_points_rebounds_assists,23.5,fanatics,2025-10-23T14:54:59Z,2025-10-23T14:55:23Z,-115.0,-115.0
Stephen Curry,Denver Nuggets @ Golden State Warriors,2025-10-24T02:10:00Z,player_points_rebounds_assists,35.5,fanatics,2025-10-23T14:54:59Z,2025-10-23T14:55:23Z,-110.0,-120.0
Brandin Podziemski,Denver Nuggets @ Golden State Warriors,2025-10-24T02:10:00Z,player_points_rebounds_assists,21.5,fanatics,2025-10-23T14:54:59Z,2025-10-23T14:55:23Z,-115.0,-115.0
Cameron Johnson,Denver Nuggets @ Golden State Warriors,2025-10-24T02:10:00Z,player_points_rebounds_assists,22.5,fanatics,2025-10-23T14:54:59Z,2025-10-23T14:55:23Z,-105.0,-125.0
Nikola Jokic,Denver Nuggets @ Golden State Warriors,2025-10-24T02:10:00Z,player_points_rebounds_assists,49.5,fanatics,2025-10-23T14:54:59Z,2025-10-23T14:55:23Z,-115.0,-115.0
Christian Braun,Denver Nuggets @ Golden State Warriors,2025-10-24T02:10:00Z,player_points_rebounds_assists,20.5,fanatics,2025-10-23T14:54:59Z,2025-10-23T14:55:23Z,-115.0,-115.0
Nikola Jokic,Denver Nuggets @ Golden State Warriors,2025-10-24T02:10:00Z,player_rebounds,11.5,fanatics,2025-10-23T14:54:59Z,2025-10-23T14:55:23Z,-115.0,-115.0
Christian Braun,Denver Nuggets @ Golden State Warriors,2025-10-24T02:10:00Z,player_rebounds,4.5,fanatics,2025-10-23T14:54:59Z,2025-10-23T14:55:23Z,-120.0,-110.0
Jamal Murray,Denver Nuggets @ Golden State Warriors,2025-10-24T02:10:00Z,player_rebounds,3.5,fanatics,2025-10-23T14:54:59Z,2025-10-23T14:55:23Z,105.0,-140.0
Aaron Gordon,Denver Nuggets @ Golden State Warriors,2025-10-24T02:10:00Z,player_rebounds,5.5,fanatics,2025-10-23T14:54:59Z,2025-10-23T14:55:23Z,105.0,-140.0
Cameron Johnson,Denver Nuggets @ Golden State Warriors,2025-10-24T02:10:00Z,player_rebounds,3.5,fanatics,2025-10-23T14:54:59Z,2025-10-23T14:55:23Z,-140.0,105.0
Brandin Podziemski,Denver Nuggets @ Golden State Warriors,2025-10-24T02:10:00Z,player_rebounds,5.5,fanatics,2025-10-23T14:54:59Z,2025-10-23T14:55:23Z,105.0,-140.0
Draymond Green,Denver Nuggets @ Golden State Warriors,2025-10-24T02:10:00Z,player_rebounds,5.5,fanatics,2025-10-23T14:54:59Z,2025-10-23T14:55:23Z,-130.0,100.0
Stephen Curry,Denver Nuggets @ Golden State Warriors,2025-10-24T02:10:00Z,player_rebounds,3.5,fanatics,2025-10-23T14:54:59Z,2025-10-23T14:55:23Z,-165.0,120.0
Jimmy Butler,Denver Nuggets @ Golden State Warriors,2025-10-24T02:10:00Z,player_rebounds,5.5,fanatics,2025-10-23T14:54:59Z,2025-10-23T14:55:23Z,-115.0,-115.0
Al Horford,Denver Nuggets @ Golden State Warriors,2025-10-24T02:10:00Z,player_rebounds,4.5,fanatics,2025-10-23T14:54:59Z,2025-10-23T14:55:23Z,-105.0,-125.0
Jonathan Kuminga,Denver Nuggets @ Golden State Warriors,2025-10-24T02:10:00Z,player_rebounds,4.5,fanatics,2025-10-23T14:54:59Z,2025-10-23T14:55:23Z,-125.0,-105.0
Buddy Hield,Denver Nuggets @ Golden State Warriors,2025-10-24T02:10:00Z,player_rebounds,2.5,fanatics,2025-10-23T14:54:59Z,2025-10-23T14:55:23Z,-120.0,-110.0
Nikola Jokic,Denver Nuggets @ Golden State Warriors,2025-10-24T02:10:00Z,player_threes,1.5,fanatics,2025-10-23T14:54:59Z,2025-10-23T14:55:23Z,-115.0,-115.0
Aaron Gordon,Denver Nuggets @ Golden State Warriors,2025-10-24T02:10:00Z,player_threes,1.5,fanatics,2025-10-23T14:54:59Z,2025-10-23T14:55:23Z,120.0,-165.0
Cameron Johnson,Denver Nuggets @ Golden State Warriors,2025-10-24T02:10:00Z,player_threes,2.5,fanatics,2025-10-23T14:54:59Z,2025-10-23T14:55:23Z,120.0,-165.0
Jamal Murray,Denver Nuggets @ Golden State Warriors,2025-10-24T02:10:00Z,player_threes,2.5,fanatics,2025-10-23T14:54:59Z,2025-10-23T14:55:23Z,120.0,-165.0
Stephen Curry,Denver Nuggets @ Golden State Warriors,2025-10-24T02:10:00Z,player_threes,4.5,fanatics,2025-10-23T14:54:59Z,2025-10-23T14:55:23Z,-105.0,-125.0
Brandin Podziemski,Denver Nuggets @ Golden State Warriors,2025-10-24T02:10:00Z,player_threes,1.5,fanatics,2025-10-23T14:54:59Z,2025-10-23T14:55:23Z,-165.0,120.0
Draymond Green,Denver Nuggets @ Golden State Warriors,2025-10-24T02:10:00Z,player_threes,1.5,fanatics,2025-10-23T14:54:59Z,2025-10-23T14:55:23Z,150.0,-240.0
Al Horford,Denver Nuggets @ Golden State Warriors,2025-10-24T02:10:00Z,player_threes,1.5,fanatics,2025-10-23T14:54:59Z,2025-10-23T14:55:23Z,135.0,-210.0
Christian Braun,Denver Nuggets @ Golden State Warriors,2025-10-24T02:10:00Z,player_threes,1.5,fanatics,2025-10-23T14:54:59Z,2025-10-23T14:55:23Z,130.0,-190.0
Jimmy Butler,Denver Nuggets @ Golden State Warriors,2025-10-24T02:10:00Z,player_threes,0.5,fanatics,2025-10-23T14:54:59Z,2025-10-23T14:55:23Z,-130.0,100.0
Jonathan Kuminga,Denver Nuggets @ Golden State Warriors,2025-10-24T02:10:00Z,player_threes,1.5,fanatics,2025-10-23T14:54:59Z,2025-10-23T14:55:23Z,130.0,-190.0
Gary Payton II,Denver Nuggets @ Golden State Warriors,2025-10-24T02:10:00Z,player_threes,0.5,fanatics,2025-10-23T14:54:59Z,2025-10-23T14:55:23Z,110.0,
Bruce Brown,Denver Nuggets @ Golden State Warriors,2025-10-24T02:10:00Z,player_threes,0.5,fanatics,2025-10-23T14:54:59Z,2025-10-23T14:55:23Z,115.0,
Buddy Hield,Denver Nuggets @ Golden State Warriors,2025-10-24T02:10:00Z,player_threes,2.5,fanatics,2025-10-23T14:54:59Z,2025-10-23T14:55:23Z,-115.0,-115.0
Nikola Jokic,Denver Nuggets @ Golden State Warriors,2025-10-24T02:10:00Z,player_triple_double,,fanatics,2025-10-23T14:54:59Z,2025-10-23T14:55:23Z,,
Draymond Green,Denver Nuggets @ Golden State Warriors,2025-10-24T02:10:00Z,player_assists,5.5,fanduel,2025-10-23T14:53:51Z,2025-10-23T14:54:27Z,104.0,-138.0
Cameron Johnson,Denver Nuggets @ Golden State Warriors,2025-10-24T02:10:00Z,player_assists,3.5,fanduel,2025-10-23T14:53:51Z,2025-10-23T14:54:27Z,134.0,-180.0
Stephen Curry,Denver Nuggets @ Golden State Warriors,2025-10-24T02:10:00Z,player_assists,5.5,fanduel,2025-10-23T14:53:51Z,2025-10-23T14:54:27Z,-108.0,-122.0
Jimmy Butler,Denver Nuggets @ Golden State Warriors,2025-10-24T02:10:00Z,player_assists,5.5,fanduel,2025-10-23T14:53:51Z,2025-10-23T14:54:27Z,108.0,-144.0
Brandin Podziemski,Denver Nuggets @ Golden State Warriors,2025-10-24T02:10:00Z,player_assists,3.5,fanduel,2025-10-23T14:53:51Z,2025-10-23T14:54:27Z,100.0,-132.0
Jamal Murray,Denver Nuggets @ Golden State Warriors,2025-10-24T02:10:00Z,player_assists,5.5,fanduel,2025-10-23T14:53:51Z,2025-10-23T14:54:27Z,102.0,-136.0
Aaron Gordon,Denver Nuggets @ Golden State Warriors,2025-10-24T02:10:00Z,player_assists,3.5,fanduel,2025-10-23T14:53:51Z,2025-10-23T14:54:27Z,134.0,-180.0
Nikola Jokic,Denver Nuggets @ Golden State Warriors,2025-10-24T02:10:00Z,player_assists,9.5,fanduel,2025-10-23T14:53:51Z,2025-10-23T14:54:27Z,116.0,-154.0
Nikola Jokic,Denver Nuggets @ Golden State Warriors,2025-10-24T02:10:00Z,player_double_double,,fanduel,2025-10-23T14:53:51Z,2025-10-23T14:55:37Z,,
Jimmy Butler,Denver Nuggets @ Golden State Warriors,2025-10-24T02:10:00Z,player_double_double,,fanduel,2025-10-23T14:53:51Z,2025-10-23T14:55:37Z,,
Aaron Gordon,Denver Nuggets @ Golden State Warriors,2025-10-24T02:10:00Z,player_double_double,,fanduel,2025-10-23T14:53:51Z,2025-10-23T14:55:37Z,,
Draymond Green,Denver Nuggets @ Golden State Warriors,2025-10-24T02:10:00Z,player_double_double,,fanduel,2025-10-23T14:53:51Z,2025-10-23T14:55:37Z,,
Stephen Curry,Denver Nuggets @ Golden State Warriors,2025-10-24T02:10:00Z,player_double_double,,fanduel,2025-10-23T14:53:51Z,2025-10-23T14:55:37Z,,
Jamal Murray,Denver Nuggets @ Golden State Warriors,2025-10-24T02:10:00Z,player_double_double,,fanduel,2025-10-23T14:53:51Z,2025-10-23T14:55:37Z,,
Brandin Podziemski,Denver Nuggets @ Golden State Warriors,2025-10-24T02:10:00Z,player_double_double,,fanduel,2025-10-23T14:53:51Z,2025-10-23T14:55:37Z,,
Jonathan Kuminga,Denver Nuggets @ Golden State Warriors,2025-10-24T02:10:00Z,player_double_double,,fanduel,2025-10-23T14:53:51Z,2025-10-23T14:55:37Z,,
Christian Braun,Denver Nuggets @ Golden State Warriors,2025-10-24T02:10:00Z,player_double_double,,fanduel,2025-10-23T14:53:51Z,2025-10-23T14:55:37Z,,
Al Horford,Denver Nuggets @ Golden State Warriors,2025-10-24T02:10:00Z,player_double_double,,fanduel,2025-10-23T14:53:51Z,2025-10-23T14:55:37Z,,
Cameron Johnson,Denver Nuggets @ Golden State Warriors,2025-10-24T02:10:00Z,player_double_double,,fanduel,2025-10-23T14:53:51Z,2025-10-23T14:55:37Z,,
Bruce Brown,Denver Nuggets @ Golden State Warriors,2025-10-24T02:10:00Z,player_points,5.5,fanduel,2025-10-23T14:53:51Z,2025-10-23T14:55:37Z,-118.0,-114.0
Al Horford,Denver Nuggets @ Golden State Warriors,2025-10-24T02:10:00Z,player_points,6.5,fanduel,2025-10-23T14:53:51Z,2025-10-23T14:55:37Z,-102.0,-130.0
Draymond Green,Denver Nuggets @ Golden State Warriors,2025-10-24T02:10:00Z,player_points,8.5,fanduel,2025-10-23T14:53:51Z,2025-10-23T14:55:37Z,-112.0,-118.0
Jamal Murray,Denver Nuggets @ Golden State Warriors,2025-10-24T02:10:00Z,player_points,21.5,fanduel,2025-10-23T14:53:51Z,2025-10-23T14:55:37Z,100.0,-132.0
Nikola Jokic,Denver Nuggets @ Golden State Warriors,2025-10-24T02:10:00Z,player_points,28.5,fanduel,2025-10-23T14:53:51Z,2025-10-23T14:55:37Z,-120.0,-110.0
Jimmy Butler,Denver Nuggets @ Golden State Warriors,2025-10-24T02:10:00Z,player_points,18.5,fanduel,2025-10-23T14:53:51Z,2025-10-23T14:55:37Z,-112.0,-118.0
Stephen Curry,Denver Nuggets @ Golden State Warriors,2025-10-24T02:10:00Z,player_points,24.5,fanduel,2025-10-23T14:53:51Z,2025-10-23T14:55:37Z,-130.0,-102.0
Aaron Gordon,Denver Nuggets @ Golden State Warriors,2025-10-24T02:10:00Z,player_points,14.5,fanduel,2025-10-23T14:53:51Z,2025-10-23T14:55:37Z,-114.0,-114.0
Christian Braun,Denver Nuggets @ Golden State Warriors,2025-10-24T02:10:00Z,player_points,13.5,fanduel,2025-10-23T14:53:51Z,2025-10-23T14:55:37Z,104.0,-136.0
Brandin Podziemski,Denver Nuggets @ Golden State Warriors,2025-10-24T02:10:00Z,player_points,12.5,fanduel,2025-10-23T14:53:51Z,2025-10-23T14:55:37Z,-114.0,-114.0
Jonathan Kuminga,Denver Nuggets @ Golden State Warriors,2025-10-24T02:10:00Z,player_points,15.5,fanduel,2025-10-23T14:53:51Z,2025-10-23T14:55:37Z,-118.0,-112.0
Buddy Hield,Denver Nuggets @ Golden State Warriors,2025-10-24T02:10:00Z,player_points,10.5,fanduel,2025-10-23T14:53:51Z,2025-10-23T14:55:37Z,-112.0,-118.0
Cameron Johnson,Denver Nuggets @ Golden State Warriors,2025-10-24T02:10:00Z,player_points,15.5,fanduel,2025-10-23T14:53:51Z,2025-10-23T14:55:37Z,-104.0,-128.0
Nikola Jokic,Denver Nuggets @ Golden State Warriors,2025-10-24T02:10:00Z,player_points_rebounds_assists,49.5,fanduel,2025-10-23T14:53:51Z,2025-10-23T14:55:37Z,-112.0,-118.0
Jamal Murray,Denver Nuggets @ Golden State Warriors,2025-10-24T02:10:00Z,player_points_rebounds_assists,29.5,fanduel,2025-10-23T14:53:51Z,2025-10-23T14:55:37Z,-125.0,-106.0
Cameron Johnson,Denver Nuggets @ Golden State Warriors,2025-10-24T02:10:00Z,player_points_rebounds_assists,22.5,fanduel,2025-10-23T14:53:51Z,2025-10-23T14:55:37Z,-110.0,-120.0
Christian Braun,Denver Nuggets @ Golden State Warriors,2025-10-24T02:10:00Z,player_points_rebounds_assists,20.5,fanduel,2025-10-23T14:53:51Z,2025-10-23T14:55:37Z,-110.0,-120.0
Al Horford,Denver Nuggets @ Golden State Warriors,2025-10-24T02:10:00Z,player_points_rebounds_assists,12.5,fanduel,2025-10-23T14:53:51Z,2025-10-23T14:55:37Z,-130.0,-102.0
Stephen Curry,Denver Nuggets @ Golden State Warriors,2025-10-24T02:10:00Z,player_points_rebounds_assists,34.5,fanduel,2025-10-23T14:53:51Z,2025-10-23T14:55:37Z,-125.0,-106.0
Draymond Green,Denver Nuggets @ Golden State Warriors,2025-10-24T02:10:00Z,player_points_rebounds_assists,20.5,fanduel,2025-10-23T14:53:51Z,2025-10-23T14:55:37Z,-110.0,-120.0
Jimmy Butler,Denver Nuggets @ Golden State Warriors,2025-10-24T02:10:00Z,player_points_rebounds_assists,29.5,fanduel,2025-10-23T14:53:51Z,2025-10-23T14:55:37Z,-118.0,-112.0
Brandin Podziemski,Denver Nuggets @ Golden State Warriors,2025-10-24T02:10:00Z,player_points_rebounds_assists,21.5,fanduel,2025-10-23T14:53:51Z,2025-10-23T14:55:37Z,-118.0,-112.0
Aaron Gordon,Denver Nuggets @ Golden State Warriors,2025-10-24T02:10:00Z,player_points_rebounds_assists,23.5,fanduel,2025-10-23T14:53:51Z,2025-10-23T14:55:37Z,-110.0,-120.0
Jonathan Kuminga,Denver Nuggets @ Golden State Warriors,2025-10-24T02:10:00Z,player_points_rebounds_assists,23.5,fanduel,2025-10-23T14:53:51Z,2025-10-23T14:55:37Z,-120.0,-110.0
Jimmy Butler,Denver Nuggets @ Golden State Warriors,2025-10-24T02:10:00Z,player_rebounds,5.5,fanduel,2025-10-23T14:53:51Z,2025-10-23T14:54:27Z,-114.0,-114.0
Aaron Gordon,Denver Nuggets @ Golden State Warriors,2025-10-24T02:10:00Z,player_rebounds,5.5,fanduel,2025-10-23T14:53:51Z,2025-10-23T14:54:27Z,-102.0,-130.0
Nikola Jokic,Denver Nuggets @ Golden State Warriors,2025-10-24T02:10:00Z,player_rebounds,11.5,fanduel,2025-10-23T14:53:51Z,2025-10-23T14:54:27Z,-114.0,-114.0
Stephen Curry,Denver Nuggets @ Golden State Warriors,2025-10-24T02:10:00Z,player_rebounds,3.5,fanduel,2025-10-23T14:53:51Z,2025-10-23T14:54:27Z,-162.0,122.0
Christian Braun,Denver Nuggets @ Golden State Warriors,2025-10-24T02:10:00Z,player_rebounds,4.5,fanduel,2025-10-23T14:53:51Z,2025-10-23T14:54:27Z,-125.0,-106.0
Draymond Green,Denver Nuggets @ Golden State Warriors,2025-10-24T02:10:00Z,player_rebounds,6.5,fanduel,2025-10-23T14:53:51Z,2025-10-23T14:54:27Z,116.0,-154.0
Jonathan Kuminga,Denver Nuggets @ Golden State Warriors,2025-10-24T02:10:00Z,player_rebounds,4.5,fanduel,2025-10-23T14:53:51Z,2025-10-23T14:54:27Z,-130.0,-102.0
Jamal Murray,Denver Nuggets @ Golden State Warriors,2025-10-24T02:10:00Z,player_rebounds,3.5,fanduel,2025-10-23T14:53:51Z,2025-10-23T14:54:27Z,104.0,-138.0
Cameron Johnson,Denver Nuggets @ Golden State Warriors,2025-10-24T02:10:00Z,player_rebounds,3.5,fanduel,2025-10-23T14:53:51Z,2025-10-23T14:54:27Z,-136.0,102.0
Al Horford,Denver Nuggets @ Golden State Warriors,2025-10-24T02:10:00Z,player_rebounds,4.5,fanduel,2025-10-23T14:53:51Z,2025-10-23T14:54:27Z,-110.0,-120.0
Brandin Podziemski,Denver Nuggets @ Golden State Warriors,2025-10-24T02:10:00Z,player_rebounds,5.5,fanduel,2025-10-23T14:53:51Z,2025-10-23T14:54:27Z,104.0,-138.0
Draymond Green,Denver Nuggets @ Golden State Warriors,2025-10-24T02:10:00Z,player_steals,1.5,fanduel,2025-10-23T14:53:51Z,2025-10-23T14:55:37Z,148.0,-200.0
Nikola Jokic,Denver Nuggets @ Golden State Warriors,2025-10-24T02:10:00Z,player_steals,1.5,fanduel,2025-10-23T14:53:51Z,2025-10-23T14:55:37Z,-138.0,104.0
Brandin Podziemski,Denver Nuggets @ Golden State Warriors,2025-10-24T02:10:00Z,player_steals,1.5,fanduel,2025-10-23T14:53:51Z,2025-10-23T14:55:37Z,178.0,-245.0
Jimmy Butler,Denver Nuggets @ Golden State Warriors,2025-10-24T02:10:00Z,player_steals,1.5,fanduel,2025-10-23T14:53:51Z,2025-10-23T14:55:37Z,126.0,-168.0
Stephen Curry,Denver Nuggets @ Golden State Warriors,2025-10-24T02:10:00Z,player_steals,1.5,fanduel,2025-10-23T14:53:51Z,2025-10-23T14:55:37Z,178.0,-245.0
Nikola Jokic,Denver Nuggets @ Golden State Warriors,2025-10-24T02:10:00Z,player_threes,1.5,fanduel,2025-10-23T14:53:51Z,2025-10-23T14:55:37Z,-106.0,-125.0
Brandin Podziemski,Denver Nuggets @ Golden State Warriors,2025-10-24T02:10:00Z,player_threes,1.5,fanduel,2025-10-23T14:53:51Z,2025-10-23T14:55:37Z,-168.0,126.0
Stephen Curry,Denver Nuggets @ Golden State Warriors,2025-10-24T02:10:00Z,player_threes,4.5,fanduel,2025-10-23T14:53:51Z,2025-10-23T14:55:37Z,100.0,-132.0
Cameron Johnson,Denver Nuggets @ Golden State Warriors,2025-10-24T02:10:00Z,player_threes,2.5,fanduel,2025-10-23T14:53:51Z,2025-10-23T14:55:37Z,116.0,-154.0
Draymond Green,Denver Nuggets @ Golden State Warriors,2025-10-24T02:10:00Z,player_threes,1.5,fanduel,2025-10-23T14:53:51Z,2025-10-23T14:55:37Z,162.0,-220.0
Christian Braun,Denver Nuggets @ Golden State Warriors,2025-10-24T02:10:00Z,player_threes,1.5,fanduel,2025-10-23T14:53:51Z,2025-10-23T14:55:37Z,164.0,-225.0
Aaron Gordon,Denver Nuggets @ Golden State Warriors,2025-10-24T02:10:00Z,player_threes,1.5,fanduel,2025-10-23T14:53:51Z,2025-10-23T14:55:37Z,118.0,-158.0
Jonathan Kuminga,Denver Nuggets @ Golden State Warriors,2025-10-24T02:10:00Z,player_threes,1.5,fanduel,2025-10-23T14:53:51Z,2025-10-23T14:55:37Z,136.0,-182.0
Jamal Murray,Denver Nuggets @ Golden State Warriors,2025-10-24T02:10:00Z,player_threes,2.5,fanduel,2025-10-23T14:53:51Z,2025-10-23T14:55:37Z,124.0,-166.0
Al Horford,Denver Nuggets @ Golden State Warriors,2025-10-24T02:10:00Z,player_threes,1.5,fanduel,2025-10-23T14:53:51Z,2025-10-23T14:55:37Z,162.0,-220.0
Nikola Jokic,Denver Nuggets @ Golden State Warriors,2025-10-24T02:10:00Z,player_triple_double,,fanduel,2025-10-23T14:53:51Z,2025-10-23T14:55:37Z,,
Draymond Green,Denver Nuggets @ Golden State Warriors,2025-10-24T02:10:00Z,player_triple_double,,fanduel,2025-10-23T14:53:51Z,2025-10-23T14:55:37Z,,
Jimmy Butler,Denver Nuggets @ Golden State Warriors,2025-10-24T02:10:00Z,player_triple_double,,fanduel,2025-10-23T14:53:51Z,2025-10-23T14:55:37Z,,
Jamal Murray,Denver Nuggets @ Golden State Warriors,2025-10-24T02:10:00Z,player_assists,5.5,betrivers,2025-10-23T14:54:59Z,2025-10-23T14:56:18Z,100.0,-134.0
Stephen Curry,Denver Nuggets @ Golden State Warriors,2025-10-24T02:10:00Z,player_assists,5.5,betrivers,2025-10-23T14:54:59Z,2025-10-23T14:56:18Z,-106.0,-125.0
Brandin Podziemski,Denver Nuggets @ Golden State Warriors,2025-10-24T02:10:00Z,player_assists,3.5,betrivers,2025-10-23T14:54:59Z,2025-10-23T14:56:18Z,-120.0,-112.0
Nikola Jokic,Denver Nuggets @ Golden State Warriors,2025-10-24T02:10:00Z,player_assists,9.5,betrivers,2025-10-23T14:54:59Z,2025-10-23T14:56:18Z,108.0,-143.0
Jimmy Butler,Denver Nuggets @ Golden State Warriors,2025-10-24T02:10:00Z,player_assists,5.5,betrivers,2025-10-23T14:54:59Z,2025-10-23T14:56:18Z,108.0,-143.0
Cameron Johnson,Denver Nuggets @ Golden State Warriors,2025-10-24T02:10:00Z,player_assists,3.5,betrivers,2025-10-23T14:54:59Z,2025-10-23T14:56:18Z,128.0,-167.0
Draymond Green,Denver Nuggets @ Golden State Warriors,2025-10-24T02:10:00Z,player_assists,5.5,betrivers,2025-10-23T14:54:59Z,2025-10-23T14:56:18Z,100.0,-132.0
Aaron Gordon,Denver Nuggets @ Golden State Warriors,2025-10-24T02:10:00Z,player_assists,3.5,betrivers,2025-10-23T14:54:59Z,2025-10-23T14:56:18Z,130.0,-175.0
Nikola Jokic,Denver Nuggets @ Golden State Warriors,2025-10-24T02:10:00Z,player_points,29.5,betrivers,2025-10-23T14:54:59Z,2025-10-23T14:56:18Z,100.0,-132.0
Jonathan Kuminga,Denver Nuggets @ Golden State Warriors,2025-10-24T02:10:00Z,player_points,16.5,betrivers,2025-10-23T14:54:59Z,2025-10-23T14:56:18Z,102.0,-136.0
Stephen Curry,Denver Nuggets @ Golden State Warriors,2025-10-24T02:10:00Z,player_points,24.5,betrivers,2025-10-23T14:54:59Z,2025-10-23T14:56:18Z,-136.0,102.0
Draymond Green,Denver Nuggets @ Golden State Warriors,2025-10-24T02:10:00Z,player_points,9.5,betrivers,2025-10-23T14:54:59Z,2025-10-23T14:56:18Z,114.0,-155.0
Jimmy Butler,Denver Nuggets @ Golden State Warriors,2025-10-24T02:10:00Z,player_points,18.5,betrivers,2025-10-23T14:54:59Z,2025-10-23T14:56:18Z,-112.0,-120.0
Aaron Gordon,Denver Nuggets @ Golden State Warriors,2025-10-24T02:10:00Z,player_points,15.5,betrivers,2025-10-23T14:54:59Z,2025-10-23T14:56:18Z,106.0,-141.0
Cameron Johnson,Denver Nuggets @ Golden State Warriors,2025-10-24T02:10:00Z,player_points,16.5,betrivers,2025-10-23T14:54:59Z,2025-10-23T14:56:18Z,117.0,-162.0
Jamal Murray,Denver Nuggets @ Golden State Warriors,2025-10-24T02:10:00Z,player_points,19.5,betrivers,2025-10-23T14:54:59Z,2025-10-23T14:56:18Z,-167.0,120.0
Nikola Jokic,Denver Nuggets @ Golden State Warriors,2025-10-24T02:10:00Z,player_points,30.5,betrivers,2025-10-23T14:54:59Z,2025-10-23T14:56:18Z,116.0,-159.0
Jamal Murray,Denver Nuggets @ Golden State Warriors,2025-10-24T02:10:00Z,player_points,22.5,betrivers,2025-10-23T14:54:59Z,2025-10-23T14:56:18Z,108.0,-143.0
Nikola Jokic,Denver Nuggets @ Golden State Warriors,2025-10-24T02:10:00Z,player_points,27.5,betrivers,2025-10-23T14:54:59Z,2025-10-23T14:56:18Z,-143.0,106.0
Buddy Hield,Denver Nuggets @ Golden State Warriors,2025-10-24T02:10:00Z,player_points,9.5,betrivers,2025-10-23T14:54:59Z,2025-10-23T14:56:18Z,-139.0,104.0
Christian Braun,Denver Nuggets @ Golden State Warriors,2025-10-24T02:10:00Z,player_points,12.5,betrivers,2025-10-23T14:54:59Z,2025-10-23T14:56:18Z,-130.0,-103.0
Brandin Podziemski,Denver Nuggets @ Golden State Warriors,2025-10-24T02:10:00Z,player_points,11.5,betrivers,2025-10-23T14:54:59Z,2025-10-23T14:56:18Z,-148.0,110.0
Christian Braun,Denver Nuggets @ Golden State Warriors,2025-10-24T02:10:00Z,player_points,13.5,betrivers,2025-10-23T14:54:59Z,2025-10-23T14:56:18Z,-103.0,-130.0
Jamal Murray,Denver Nuggets @ Golden State Warriors,2025-10-24T02:10:00Z,player_points,20.5,betrivers,2025-10-23T14:54:59Z,2025-10-23T14:56:18Z,-134.0,102.0
Jimmy Butler,Denver Nuggets @ Golden State Warriors,2025-10-24T02:10:00Z,player_points,17.5,betrivers,2025-10-23T14:54:59Z,2025-10-23T14:56:18Z,-137.0,104.0
Aaron Gordon,Denver Nuggets @ Golden State Warriors,2025-10-24T02:10:00Z,player_points,14.5,betrivers,2025-10-23T14:54:59Z,2025-10-23T14:56:18Z,-120.0,-112.0
Stephen Curry,Denver Nuggets @ Golden State Warriors,2025-10-24T02:10:00Z,player_points,27.5,betrivers,2025-10-23T14:54:59Z,2025-10-23T14:56:18Z,120.0,-167.0
Buddy Hield,Denver Nuggets @ Golden State Warriors,2025-10-24T02:10:00Z,player_points,10.5,betrivers,2025-10-23T14:54:59Z,2025-10-23T14:56:18Z,-115.0,-115.0
Cameron Johnson,Denver Nuggets @ Golden State Warriors,2025-10-24T02:10:00Z,player_points,14.5,betrivers,2025-10-23T14:54:59Z,2025-10-23T14:56:18Z,-130.0,-103.0
Buddy Hield,Denver Nuggets @ Golden State Warriors,2025-10-24T02:10:00Z,player_points,11.5,betrivers,2025-10-23T14:54:59Z,2025-10-23T14:56:18Z,114.0,-155.0
Brandin Podziemski,Denver Nuggets @ Golden State Warriors,2025-10-24T02:10:00Z,player_points,12.5,betrivers,2025-10-23T14:54:59Z,2025-10-23T14:56:18Z,-117.0,-114.0
Draymond Green,Denver Nuggets @ Golden State Warriors,2025-10-24T02:10:00Z,player_points,8.5,betrivers,2025-10-23T14:54:59Z,2025-10-23T14:56:18Z,-117.0,-114.0
Brandin Podziemski,Denver Nuggets @ Golden State Warriors,2025-10-24T02:10:00Z,player_points,13.5,betrivers,2025-10-23T14:54:59Z,2025-10-23T14:56:18Z,108.0,-143.0
Stephen Curry,Denver Nuggets @ Golden State Warriors,2025-10-24T02:10:00Z,player_points,25.5,betrivers,2025-10-23T14:54:59Z,2025-10-23T14:56:18Z,-115.0,-115.0
Jonathan Kuminga,Denver Nuggets @ Golden State Warriors,2025-10-24T02:10:00Z,player_points,15.5,betrivers,2025-10-23T14:54:59Z,2025-10-23T14:56:18Z,-122.0,-109.0
Aaron Gordon,Denver Nuggets @ Golden State Warriors,2025-10-24T02:10:00Z,player_points,13.5,betrivers,2025-10-23T14:54:59Z,2025-10-23T14:56:18Z,-152.0,112.0
Jonathan Kuminga,Denver Nuggets @ Golden State Warriors,2025-10-24T02:10:00Z,player_points,14.5,betrivers,2025-10-23T14:54:59Z,2025-10-23T14:56:18Z,-155.0,112.0
Draymond Green,Denver Nuggets @ Golden State Warriors,2025-10-24T02:10:00Z,player_points,7.5,betrivers,2025-10-23T14:54:59Z,2025-10-23T14:56:18Z,-162.0,118.0
Jimmy Butler,Denver Nuggets @ Golden State Warriors,2025-10-24T02:10:00Z,player_points,19.5,betrivers,2025-10-23T14:54:59Z,2025-10-23T14:56:18Z,110.0,-150.0
Stephen Curry,Denver Nuggets @ Golden State Warriors,2025-10-24T02:10:00Z,player_points,26.5,betrivers,2025-10-23T14:54:59Z,2025-10-23T14:56:18Z,104.0,-137.0
Stephen Curry,Denver Nuggets @ Golden State Warriors,2025-10-24T02:10:00Z,player_points,23.5,betrivers,2025-10-23T14:54:59Z,2025-10-23T14:56:18Z,-165.0,118.0
Nikola Jokic,Denver Nuggets @ Golden State Warriors,2025-10-24T02:10:00Z,player_points,28.5,betrivers,2025-10-23T14:54:59Z,2025-10-23T14:56:18Z,-120.0,-112.0
Cameron Johnson,Denver Nuggets @ Golden State Warriors,2025-10-24T02:10:00Z,player_points,15.5,betrivers,2025-10-23T14:54:59Z,2025-10-23T14:56:18Z,-105.0,-127.0
Jamal Murray,Denver Nuggets @ Golden State Warriors,2025-10-24T02:10:00Z,player_points,21.5,betrivers,2025-10-23T14:54:59Z,2025-10-23T14:56:18Z,-112.0,-120.0
Cameron Johnson,Denver Nuggets @ Golden State Warriors,2025-10-24T02:10:00Z,player_points,13.5,betrivers,2025-10-23T14:54:59Z,2025-10-23T14:56:18Z,-167.0,120.0
Nikola Jokic,Denver Nuggets @ Golden State Warriors,2025-10-24T02:10:00Z,player_points_rebounds_assists,50.5,betrivers,2025-10-23T14:54:59Z,2025-10-23T14:56:18Z,-114.0,-117.0
Jimmy Butler,Denver Nuggets @ Golden State Warriors,2025-10-24T02:10:00Z,player_points_rebounds_assists,31.5,betrivers,2025-10-23T14:54:59Z,2025-10-23T14:56:18Z,112.0,-155.0
Brandin Podziemski,Denver Nuggets @ Golden State Warriors,2025-10-24T02:10:00Z,player_points_rebounds_assists,22.5,betrivers,2025-10-23T14:54:59Z,2025-10-23T14:56:18Z,-108.0,-122.0
Stephen Curry,Denver Nuggets @ Golden State Warriors,2025-10-24T02:10:00Z,player_points_rebounds_assists,36.5,betrivers,2025-10-23T14:54:59Z,2025-10-23T14:56:18Z,-104.0,-129.0
Stephen Curry,Denver Nuggets @ Golden State Warriors,2025-10-24T02:10:00Z,player_points_rebounds_assists,35.5,betrivers,2025-10-23T14:54:59Z,2025-10-23T14:56:18Z,-120.0,-112.0
Cameron Johnson,Denver Nuggets @ Golden State Warriors,2025-10-24T02:10:00Z,player_points_rebounds_assists,23.5,betrivers,2025-10-23T14:54:59Z,2025-10-23T14:56:18Z,105.0,-139.0
Nikola Jokic,Denver Nuggets @ Golden State Warriors,2025-10-24T02:10:00Z,player_points_rebounds_assists,48.5,betrivers,2025-10-23T14:54:59Z,2025-10-23T14:56:18Z,-150.0,110.0
Jimmy Butler,Denver Nuggets @ Golden State Warriors,2025-10-24T02:10:00Z,player_points_rebounds_assists,28.5,betrivers,2025-10-23T14:54:59Z,2025-10-23T14:56:18Z,-143.0,108.0
Aaron Gordon,Denver Nuggets @ Golden State Warriors,2025-10-24T02:10:00Z,player_points_rebounds_assists,22.5,betrivers,2025-10-23T14:54:59Z,2025-10-23T14:56:18Z,-148.0,110.0
Aaron Gordon,Denver Nuggets @ Golden State Warriors,2025-10-24T02:10:00Z,player_points_rebounds_assists,25.5,betrivers,2025-10-23T14:54:59Z,2025-10-23T14:56:18Z,118.0,-162.0
Nikola Jokic,Denver Nuggets @ Golden State Warriors,2025-10-24T02:10:00Z,player_points_rebounds_assists,51.5,betrivers,2025-10-23T14:54:59Z,2025-10-23T14:56:18Z,100.0,-134.0
Aaron Gordon,Denver Nuggets @ Golden State Warriors,2025-10-24T02:10:00Z,player_points_rebounds_assists,24.5,betrivers,2025-10-23T14:54:59Z,2025-10-23T14:56:18Z,100.0,-132.0
Cameron Johnson,Denver Nuggets @ Golden State Warriors,2025-10-24T02:10:00Z,player_points_rebounds_assists,22.5,betrivers,2025-10-23T14:54:59Z,2025-10-23T14:56:18Z,-115.0,-115.0
Jamal Murray,Denver Nuggets @ Golden State Warriors,2025-10-24T02:10:00Z,player_points_rebounds_assists,31.5,betrivers,2025-10-23T14:54:59Z,2025-10-23T14:56:18Z,-104.0,-129.0
Aaron Gordon,Denver Nuggets @ Golden State Warriors,2025-10-24T02:10:00Z,player_points_rebounds_assists,23.5,betrivers,2025-10-23T14:54:59Z,2025-10-23T14:56:18Z,-121.0,-109.0
Jamal Murray,Denver Nuggets @ Golden State Warriors,2025-10-24T02:10:00Z,player_points_rebounds_assists,30.5,betrivers,2025-10-23T14:54:59Z,2025-10-23T14:56:18Z,-120.0,-110.0
Jimmy Butler,Denver Nuggets @ Golden State Warriors,2025-10-24T02:10:00Z,player_points_rebounds_assists,30.5,betrivers,2025-10-23T14:54:59Z,2025-10-23T14:56:18Z,-105.0,-127.0
Nikola Jokic,Denver Nuggets @ Golden State Warriors,2025-10-24T02:10:00Z,player_points_rebounds_assists,52.5,betrivers,2025-10-23T14:54:59Z,2025-10-23T14:56:18Z,114.0,-157.0
Brandin Podziemski,Denver Nuggets @ Golden State Warriors,2025-10-24T02:10:00Z,player_points_rebounds_assists,23.5,betrivers,2025-10-23T14:54:59Z,2025-10-23T14:56:18Z,110.0,-148.0
Draymond Green,Denver Nuggets @ Golden State Warriors,2025-10-24T02:10:00Z,player_points_rebounds_assists,21.5,betrivers,2025-10-23T14:54:59Z,2025-10-23T14:56:18Z,102.0,-137.0
Stephen Curry,Denver Nuggets @ Golden State Warriors,2025-10-24T02:10:00Z,player_points_rebounds_assists,37.5,betrivers,2025-10-23T14:54:59Z,2025-10-23T14:56:18Z,112.0,-152.0
Stephen Curry,Denver Nuggets @ Golden State Warriors,2025-10-24T02:10:00Z,player_points_rebounds_assists,34.5,betrivers,2025-10-23T14:54:59Z,2025-10-23T14:56:18Z,-139.0,104.0
Jimmy Butler,Denver Nuggets @ Golden State Warriors,2025-10-24T02:10:00Z,player_points_rebounds_assists,29.5,betrivers,2025-10-23T14:54:59Z,2025-10-23T14:56:18Z,-122.0,-109.0
Draymond Green,Denver Nuggets @ Golden State Warriors,2025-10-24T02:10:00Z,player_points_rebounds_assists,20.5,betrivers,2025-10-23T14:54:59Z,2025-10-23T14:56:18Z,-118.0,-113.0
Stephen Curry,Denver Nuggets @ Golden State Warriors,2025-10-24T02:10:00Z,player_points_rebounds_assists,33.5,betrivers,2025-10-23T14:54:59Z,2025-10-23T14:56:18Z,-162.0,118.0
Brandin Podziemski,Denver Nuggets @ Golden State Warriors,2025-10-24T02:10:00Z,player_points_rebounds_assists,21.5,betrivers,2025-10-23T14:54:59Z,2025-10-23T14:56:18Z,-127.0,-105.0
Draymond Green,Denver Nuggets @ Golden State Warriors,2025-10-24T02:10:00Z,player_points_rebounds_assists,19.5,betrivers,2025-10-23T14:54:59Z,2025-10-23T14:56:18Z,-143.0,107.0
Jamal Murray,Denver Nuggets @ Golden State Warriors,2025-10-24T02:10:00Z,player_points_rebounds_assists,29.5,betrivers,2025-10-23T14:54:59Z,2025-10-23T14:56:18Z,-141.0,105.0
Nikola Jokic,Denver Nuggets @ Golden State Warriors,2025-10-24T02:10:00Z,player_points_rebounds_assists,49.5,betrivers,2025-10-23T14:54:59Z,2025-10-23T14:56:18Z,-130.0,-103.0
Jamal Murray,Denver Nuggets @ Golden State Warriors,2025-10-24T02:10:00Z,player_points_rebounds_assists,28.5,betrivers,2025-10-23T14:54:59Z,2025-10-23T14:56:18Z,-167.0,120.0
Brandin Podziemski,Denver Nuggets @ Golden State Warriors,2025-10-24T02:10:00Z,player_points_rebounds_assists,20.5,betrivers,2025-10-23T14:54:59Z,2025-10-23T14:56:18Z,-152.0,112.0
Cameron Johnson,Denver Nuggets @ Golden State Warriors,2025-10-24T02:10:00Z,player_points_rebounds_assists,21.5,betrivers,2025-10-23T14:54:59Z,2025-10-23T14:56:18Z,-136.0,102.0
Jamal Murray,Denver Nuggets @ Golden State Warriors,2025-10-24T02:10:00Z,player_points_rebounds_assists,32.5,betrivers,2025-10-23T14:54:59Z,2025-10-23T14:56:18Z,112.0,-152.0
Cameron Johnson,Denver Nuggets @ Golden State Warriors,2025-10-24T02:10:00Z,player_points_rebounds_assists,20.5,betrivers,2025-10-23T14:54:59Z,2025-10-23T14:56:18Z,-167.0,120.0
Jimmy Butler,Denver Nuggets @ Golden State Warriors,2025-10-24T02:10:00Z,player_rebounds,5.5,betrivers,2025-10-23T14:54:59Z,2025-10-23T14:56:18Z,-114.0,-117.0
Stephen Curry,Denver Nuggets @ Golden State Warriors,2025-10-24T02:10:00Z,player_rebounds,3.5,betrivers,2025-10-23T14:54:59Z,2025-10-23T14:56:18Z,-165.0,123.0
Cameron Johnson,Denver Nuggets @ Golden State Warriors,2025-10-24T02:10:00Z,player_rebounds,3.5,betrivers,2025-10-23T14:54:59Z,2025-10-23T14:56:18Z,-130.0,-103.0
Draymond Green,Denver Nuggets @ Golden State Warriors,2025-10-24T02:10:00Z,player_rebounds,6.5,betrivers,2025-10-23T14:54:59Z,2025-10-23T14:56:18Z,112.0,-150.0
Aaron Gordon,Denver Nuggets @ Golden State Warriors,2025-10-24T02:10:00Z,player_rebounds,5.5,betrivers,2025-10-23T14:54:59Z,2025-10-23T14:56:18Z,-108.0,-122.0
Jonathan Kuminga,Denver Nuggets @ Golden State Warriors,2025-10-24T02:10:00Z,player_rebounds,4.5,betrivers,2025-10-23T14:54:59Z,2025-10-23T14:56:18Z,-125.0,-107.0
Brandin Podziemski,Denver Nuggets @ Golden State Warriors,2025-10-24T02:10:00Z,player_rebounds,5.5,betrivers,2025-10-23T14:54:59Z,2025-10-23T14:56:18Z,-103.0,-130.0
Christian Braun,Denver Nuggets @ Golden State Warriors,2025-10-24T02:10:00Z,player_rebounds,4.5,betrivers,2025-10-23T14:54:59Z,2025-10-23T14:56:18Z,-129.0,-104.0
Nikola Jokic,Denver Nuggets @ Golden State Warriors,2025-10-24T02:10:00Z,player_rebounds,11.5,betrivers,2025-10-23T14:54:59Z,2025-10-23T14:56:18Z,-110.0,-121.0
Jamal Murray,Denver Nuggets @ Golden State Warriors,2025-10-24T02:10:00Z,player_rebounds,3.5,betrivers,2025-10-23T14:54:59Z,2025-10-23T14:56:18Z,100.0,-132.0
Brandin Podziemski,Denver Nuggets @ Golden State Warriors,2025-10-24T02:10:00Z,player_threes,1.5,betrivers,2025-10-23T14:54:59Z,2025-10-23T14:56:18Z,-167.0,125.0
Draymond Green,Denver Nuggets @ Golden State Warriors,2025-10-24T02:10:00Z,player_threes,1.5,betrivers,2025-10-23T14:54:59Z,2025-10-23T14:56:18Z,155.0,-210.0
Jonathan Kuminga,Denver Nuggets @ Golden State Warriors,2025-10-24T02:10:00Z,player_threes,1.5,betrivers,2025-10-23T14:54:59Z,2025-10-23T14:56:18Z,133.0,-180.0
Cameron Johnson,Denver Nuggets @ Golden State Warriors,2025-10-24T02:10:00Z,player_threes,2.5,betrivers,2025-10-23T14:54:59Z,2025-10-23T14:56:18Z,117.0,-157.0
Jamal Murray,Denver Nuggets @ Golden State Warriors,2025-10-24T02:10:00Z,player_threes,2.5,betrivers,2025-10-23T14:54:59Z,2025-10-23T14:56:18Z,125.0,-167.0
Nikola Jokic,Denver Nuggets @ Golden State Warriors,2025-10-24T02:10:00Z,player_threes,1.5,betrivers,2025-10-23T14:54:59Z,2025-10-23T14:56:18Z,-112.0,-120.0
Stephen Curry,Denver Nuggets @ Golden State Warriors,2025-10-24T02:10:00Z,player_threes,4.5,betrivers,2025-10-23T14:54:59Z,2025-10-23T14:56:18Z,-104.0,-129.0
Aaron Gordon,Denver Nuggets @ Golden State Warriors,2025-10-24T02:10:00Z,player_threes,1.5,betrivers,2025-10-23T14:54:59Z,2025-10-23T14:56:18Z,116.0,-155.0
Brandin Podziemski,Denver Nuggets @ Golden State Warriors,2025-10-24T02:10:00Z,player_assists,3.5,betmgm,2025-10-23T14:55:34Z,2025-10-23T14:55:52Z,-105.0,-125.0
Draymond Green,Denver Nuggets @ Golden State Warriors,2025-10-24T02:10:00Z,player_assists,5.5,betmgm,2025-10-23T14:55:34Z,2025-10-23T14:55:52Z,115.0,-155.0
Jimmy Butler,Denver Nuggets @ Golden State Warriors,2025-10-24T02:10:00Z,player_assists,5.5,betmgm,2025-10-23T14:55:34Z,2025-10-23T14:55:52Z,105.0,-140.0
Christian Braun,Denver Nuggets @ Golden State Warriors,2025-10-24T02:10:00Z,player_assists,2.5,betmgm,2025-10-23T14:55:34Z,2025-10-23T14:55:52Z,100.0,-135.0
Al Horford,Denver Nuggets @ Golden State Warriors,2025-10-24T02:10:00Z,player_assists,1.5,betmgm,2025-10-23T14:55:34Z,2025-10-23T14:55:52Z,-140.0,105.0
Cameron Johnson,Denver Nuggets @ Golden State Warriors,2025-10-24T02:10:00Z,player_assists,3.5,betmgm,2025-10-23T14:55:34Z,2025-10-23T14:55:52Z,130.0,-175.0
Jonathan Kuminga,Denver Nuggets @ Golden State Warriors,2025-10-24T02:10:00Z,player_assists,2.5,betmgm,2025-10-23T14:55:34Z,2025-10-23T14:55:52Z,-145.0,110.0
Buddy Hield,Denver Nuggets @ Golden State Warriors,2025-10-24T02:10:00Z,player_assists,1.5,betmgm,2025-10-23T14:55:34Z,2025-10-23T14:55:52Z,155.0,-210.0
Aaron Gordon,Denver Nuggets @ Golden State Warriors,2025-10-24T02:10:00Z,player_assists,2.5,betmgm,2025-10-23T14:55:34Z,2025-10-23T14:55:52Z,-165.0,125.0
Gary Payton II,Denver Nuggets @ Golden State Warriors,2025-10-24T02:10:00Z,player_assists,1.5,betmgm,2025-10-23T14:55:34Z,2025-10-23T14:55:52Z,130.0,-175.0
Bruce Brown,Denver Nuggets @ Golden State Warriors,2025-10-24T02:10:00Z,player_assists,1.5,betmgm,2025-10-23T14:55:34Z,2025-10-23T14:55:52Z,-145.0,110.0
Stephen Curry,Denver Nuggets @ Golden State Warriors,2025-10-24T02:10:00Z,player_assists,5.5,betmgm,2025-10-23T14:55:34Z,2025-10-23T14:55:52Z,105.0,-140.0
Jamal Murray,Denver Nuggets @ Golden State Warriors,2025-10-24T02:10:00Z,player_assists,4.5,betmgm,2025-10-23T14:55:34Z,2025-10-23T14:55:52Z,-160.0,120.0
Nikola Jokic,Denver Nuggets @ Golden State Warriors,2025-10-24T02:10:00Z,player_assists,9.5,betmgm,2025-10-23T14:55:34Z,2025-10-23T14:55:52Z,105.0,-145.0
Brandin Podziemski,Denver Nuggets @ Golden State Warriors,2025-10-24T02:10:00Z,player_blocks,0.5,betmgm,2025-10-23T14:55:34Z,2025-10-23T14:55:52Z,280.0,-450.0
Draymond Green,Denver Nuggets @ Golden State Warriors,2025-10-24T02:10:00Z,player_blocks,0.5,betmgm,2025-10-23T14:55:34Z,2025-10-23T14:55:52Z,-200.0,140.0
Jimmy Butler,Denver Nuggets @ Golden State Warriors,2025-10-24T02:10:00Z,player_blocks,0.5,betmgm,2025-10-23T14:55:34Z,2025-10-23T14:55:52Z,220.0,-325.0
Stephen Curry,Denver Nuggets @ Golden State Warriors,2025-10-24T02:10:00Z,player_blocks,0.5,betmgm,2025-10-23T14:55:34Z,2025-10-23T14:55:52Z,170.0,-250.0
Christian Braun,Denver Nuggets @ Golden State Warriors,2025-10-24T02:10:00Z,player_blocks,0.5,betmgm,2025-10-23T14:55:34Z,2025-10-23T14:55:52Z,155.0,-220.0
Cameron Johnson,Denver Nuggets @ Golden State Warriors,2025-10-24T02:10:00Z,player_blocks,0.5,betmgm,2025-10-23T14:55:34Z,2025-10-23T14:55:52Z,195.0,-285.0
Jonathan Kuminga,Denver Nuggets @ Golden State Warriors,2025-10-24T02:10:00Z,player_blocks,0.5,betmgm,2025-10-23T14:55:34Z,2025-10-23T14:55:52Z,130.0,-185.0
Aaron Gordon,Denver Nuggets @ Golden State Warriors,2025-10-24T02:10:00Z,player_blocks,0.5,betmgm,2025-10-23T14:55:34Z,2025-10-23T14:55:52Z,210.0,-300.0
Nikola Jokic,Denver Nuggets @ Golden State Warriors,2025-10-24T02:10:00Z,player_blocks,0.5,betmgm,2025-10-23T14:55:34Z,2025-10-23T14:55:52Z,100.0,-140.0
Jamal Murray,Denver Nuggets @ Golden State Warriors,2025-10-24T02:10:00Z,player_blocks,0.5,betmgm,2025-10-23T14:55:34Z,2025-10-23T14:55:52Z,145.0,-210.0
Brandin Podziemski,Denver Nuggets @ Golden State Warriors,2025-10-24T02:10:00Z,player_points,12.5,betmgm,2025-10-23T14:55:34Z,2025-10-23T14:55:52Z,-120.0,-110.0
Draymond Green,Denver Nuggets @ Golden State Warriors,2025-10-24T02:10:00Z,player_points,8.5,betmgm,2025-10-23T14:55:34Z,2025-10-23T14:55:52Z,-118.0,-110.0
Jimmy Butler,Denver Nuggets @ Golden State Warriors,2025-10-24T02:10:00Z,player_points,18.5,betmgm,2025-10-23T14:55:34Z,2025-10-23T14:55:52Z,-125.0,-105.0
Christian Braun,Denver Nuggets @ Golden State Warriors,2025-10-24T02:10:00Z,player_points,13.5,betmgm,2025-10-23T14:55:34Z,2025-10-23T14:55:52Z,105.0,-135.0
Al Horford,Denver Nuggets @ Golden State Warriors,2025-10-24T02:10:00Z,player_points,6.5,betmgm,2025-10-23T14:55:34Z,2025-10-23T14:55:52Z,-115.0,-115.0
Jonathan Kuminga,Denver Nuggets @ Golden State Warriors,2025-10-24T02:10:00Z,player_points,15.5,betmgm,2025-10-23T14:55:34Z,2025-10-23T14:55:52Z,-125.0,-105.0
Gary Payton II,Denver Nuggets @ Golden State Warriors,2025-10-24T02:10:00Z,player_points,4.5,betmgm,2025-10-23T14:55:34Z,2025-10-23T14:55:52Z,-130.0,-105.0
Nikola Jokic,Denver Nuggets @ Golden State Warriors,2025-10-24T02:10:00Z,player_points,28.5,betmgm,2025-10-23T14:55:34Z,2025-10-23T14:55:52Z,-110.0,-120.0
Bruce Brown,Denver Nuggets @ Golden State Warriors,2025-10-24T02:10:00Z,player_points,5.5,betmgm,2025-10-23T14:55:34Z,2025-10-23T14:55:52Z,-115.0,-118.0
Jamal Murray,Denver Nuggets @ Golden State Warriors,2025-10-24T02:10:00Z,player_points,21.5,betmgm,2025-10-23T14:55:34Z,2025-10-23T14:55:52Z,-115.0,-115.0
Cameron Johnson,Denver Nuggets @ Golden State Warriors,2025-10-24T02:10:00Z,player_points,14.5,betmgm,2025-10-23T14:55:34Z,2025-10-23T14:55:52Z,-115.0,-118.0
Aaron Gordon,Denver Nuggets @ Golden State Warriors,2025-10-24T02:10:00Z,player_points,14.5,betmgm,2025-10-23T14:55:34Z,2025-10-23T14:55:52Z,-110.0,-120.0
Buddy Hield,Denver Nuggets @ Golden State Warriors,2025-10-24T02:10:00Z,player_points,10.5,betmgm,2025-10-23T14:55:34Z,2025-10-23T14:55:52Z,-110.0,-118.0
Stephen Curry,Denver Nuggets @ Golden State Warriors,2025-10-24T02:10:00Z,player_points,26.5,betmgm,2025-10-23T14:55:34Z,2025-10-23T14:55:52Z,-105.0,-125.0
Brandin Podziemski,Denver Nuggets @ Golden State Warriors,2025-10-24T02:10:00Z,player_rebounds,5.5,betmgm,2025-10-23T14:55:34Z,2025-10-23T14:55:52Z,-105.0,-130.0
Draymond Green,Denver Nuggets @ Golden State Warriors,2025-10-24T02:10:00Z,player_rebounds,5.5,betmgm,2025-10-23T14:55:34Z,2025-10-23T14:55:52Z,-145.0,105.0
Jimmy Butler,Denver Nuggets @ Golden State Warriors,2025-10-24T02:10:00Z,player_rebounds,5.5,betmgm,2025-10-23T14:55:34Z,2025-10-23T14:55:52Z,-105.0,-130.0
Stephen Curry,Denver Nuggets @ Golden State Warriors,2025-10-24T02:10:00Z,player_rebounds,3.5,betmgm,2025-10-23T14:55:34Z,2025-10-23T14:55:52Z,-145.0,110.0
Christian Braun,Denver Nuggets @ Golden State Warriors,2025-10-24T02:10:00Z,player_rebounds,4.5,betmgm,2025-10-23T14:55:34Z,2025-10-23T14:55:52Z,-135.0,100.0
Al Horford,Denver Nuggets @ Golden State Warriors,2025-10-24T02:10:00Z,player_rebounds,4.5,betmgm,2025-10-23T14:55:34Z,2025-10-23T14:55:52Z,100.0,-135.0
Cameron Johnson,Denver Nuggets @ Golden State Warriors,2025-10-24T02:10:00Z,player_rebounds,3.5,betmgm,2025-10-23T14:55:34Z,2025-10-23T14:55:52Z,-140.0,105.0
Jonathan Kuminga,Denver Nuggets @ Golden State Warriors,2025-10-24T02:10:00Z,player_rebounds,4.5,betmgm,2025-10-23T14:55:34Z,2025-10-23T14:55:52Z,-125.0,-105.0
Buddy Hield,Denver Nuggets @ Golden State Warriors,2025-10-24T02:10:00Z,player_rebounds,2.5,betmgm,2025-10-23T14:55:34Z,2025-10-23T14:55:52Z,-120.0,-110.0
Aaron Gordon,Denver Nuggets @ Golden State Warriors,2025-10-24T02:10:00Z,player_rebounds,4.5,betmgm,2025-10-23T14:55:34Z,2025-10-23T14:55:52Z,-185.0,135.0
Bruce Brown,Denver Nuggets @ Golden State Warriors,2025-10-24T02:10:00Z,player_rebounds,2.5,betmgm,2025-10-23T14:55:34Z,2025-10-23T14:55:52Z,-140.0,105.0
Jamal Murray,Denver Nuggets @ Golden State Warriors,2025-10-24T02:10:00Z,player_rebounds,3.5,betmgm,2025-10-23T14:55:34Z,2025-10-23T14:55:52Z,105.0,-140.0
Gary Payton II,Denver Nuggets @ Golden State Warriors,2025-10-24T02:10:00Z,player_rebounds,2.5,betmgm,2025-10-23T14:55:34Z,2025-10-23T14:55:52Z,135.0,-185.0
Nikola Jokic,Denver Nuggets @ Golden State Warriors,2025-10-24T02:10:00Z,player_rebounds,10.5,betmgm,2025-10-23T14:55:34Z,2025-10-23T14:55:52Z,-165.0,125.0
Brandin Podziemski,Denver Nuggets @ Golden State Warriors,2025-10-24T02:10:00Z,player_threes,1.5,betmgm,2025-10-23T14:55:34Z,2025-10-23T14:55:52Z,-175.0,130.0
Draymond Green,Denver Nuggets @ Golden State Warriors,2025-10-24T02:10:00Z,player_threes,1.5,betmgm,2025-10-23T14:55:34Z,2025-10-23T14:55:52Z,175.0,-250.0
Jimmy Butler,Denver Nuggets @ Golden State Warriors,2025-10-24T02:10:00Z,player_threes,0.5,betmgm,2025-10-23T14:55:34Z,2025-10-23T14:55:52Z,-135.0,100.0
Stephen Curry,Denver Nuggets @ Golden State Warriors,2025-10-24T02:10:00Z,player_threes,4.5,betmgm,2025-10-23T14:55:34Z,2025-10-23T14:55:52Z,-110.0,-120.0
Christian Braun,Denver Nuggets @ Golden State Warriors,2025-10-24T02:10:00Z,player_threes,1.5,betmgm,2025-10-23T14:55:34Z,2025-10-23T14:55:52Z,130.0,-175.0
Al Horford,Denver Nuggets @ Golden State Warriors,2025-10-24T02:10:00Z,player_threes,1.5,betmgm,2025-10-23T14:55:34Z,2025-10-23T14:55:52Z,135.0,-185.0
Cameron Johnson,Denver Nuggets @ Golden State Warriors,2025-10-24T02:10:00Z,player_threes,2.5,betmgm,2025-10-23T14:55:34Z,2025-10-23T14:55:52Z,110.0,-150.0
Jonathan Kuminga,Denver Nuggets @ Golden State Warriors,2025-10-24T02:10:00Z,player_threes,1.5,betmgm,2025-10-23T14:55:34Z,2025-10-23T14:55:52Z,130.0,-165.0
Buddy Hield,Denver Nuggets @ Golden State Warriors,2025-10-24T02:10:00Z,player_threes,2.5,betmgm,2025-10-23T14:55:34Z,2025-10-23T14:55:52Z,-110.0,-120.0
Aaron Gordon,Denver Nuggets @ Golden State Warriors,2025-10-24T02:10:00Z,player_threes,1.5,betmgm,2025-10-23T14:55:34Z,2025-10-23T14:55:52Z,125.0,-165.0
Gary Payton II,Denver Nuggets @ Golden State Warriors,2025-10-24T02:10:00Z,player_threes,0.5,betmgm,2025-10-23T14:55:34Z,2025-10-23T14:55:52Z,130.0,-175.0
Nikola Jokic,Denver Nuggets @ Golden State Warriors,2025-10-24T02:10:00Z,player_threes,1.5,betmgm,2025-10-23T14:55:34Z,2025-10-23T14:55:52Z,-118.0,-110.0
Bruce Brown,Denver Nuggets @ Golden State Warriors,2025-10-24T02:10:00Z,player_threes,0.5,betmgm,2025-10-23T14:55:34Z,2025-10-23T14:55:52Z,150.0,-210.0
Jamal Murray,Denver Nuggets @ Golden State Warriors,2025-10-24T02:10:00Z,player_threes,2.5,betmgm,2025-10-23T14:55:34Z,2025-10-23T14:55:52Z,130.0,-175.0
Draymond Green,Denver Nuggets @ Golden State Warriors,2025-10-24T02:10:00Z,player_assists,5.5,betonlineag,2025-10-23T14:54:59Z,2025-10-23T14:55:12Z,102.0,-132.0
Stephen Curry,Denver Nuggets @ Golden State Warriors,2025-10-24T02:10:00Z,player_assists,5.5,betonlineag,2025-10-23T14:54:59Z,2025-10-23T14:55:12Z,100.0,-130.0
Jamal Murray,Denver Nuggets @ Golden State Warriors,2025-10-24T02:10:00Z,player_assists,5.5,betonlineag,2025-10-23T14:54:59Z,2025-10-23T14:55:12Z,112.0,-145.0
Nikola Jokic,Denver Nuggets @ Golden State Warriors,2025-10-24T02:10:00Z,player_assists,9.5,betonlineag,2025-10-23T14:54:59Z,2025-10-23T14:55:12Z,113.0,-147.0
Brandin Podziemski,Denver Nuggets @ Golden State Warriors,2025-10-24T02:10:00Z,player_assists,3.5,betonlineag,2025-10-23T14:54:59Z,2025-10-23T14:55:12Z,-102.0,-127.0
Aaron Gordon,Denver Nuggets @ Golden State Warriors,2025-10-24T02:10:00Z,player_assists,3.5,betonlineag,2025-10-23T14:54:59Z,2025-10-23T14:55:12Z,132.0,-172.0
Jimmy Butler,Denver Nuggets @ Golden State Warriors,2025-10-24T02:10:00Z,player_assists,5.5,betonlineag,2025-10-23T14:54:59Z,2025-10-23T14:55:12Z,104.0,-135.0
Jonathan Kuminga,Denver Nuggets @ Golden State Warriors,2025-10-24T02:10:00Z,player_assists,2.5,betonlineag,2025-10-23T14:54:59Z,2025-10-23T14:55:12Z,-152.0,116.0
Christian Braun,Denver Nuggets @ Golden State Warriors,2025-10-24T02:10:00Z,player_assists,2.5,betonlineag,2025-10-23T14:54:59Z,2025-10-23T14:55:12Z,-102.0,-127.0
Cameron Johnson,Denver Nuggets @ Golden State Warriors,2025-10-24T02:10:00Z,player_assists,3.5,betonlineag,2025-10-23T14:54:59Z,2025-10-23T14:55:12Z,136.0,-179.0
Draymond Green,Denver Nuggets @ Golden State Warriors,2025-10-24T02:10:00Z,player_points,8.5,betonlineag,2025-10-23T14:54:59Z,2025-10-23T14:55:12Z,-111.0,-116.0
Jamal Murray,Denver Nuggets @ Golden State Warriors,2025-10-24T02:10:00Z,player_points,21.5,betonlineag,2025-10-23T14:54:59Z,2025-10-23T14:55:12Z,-106.0,-122.0
Aaron Gordon,Denver Nuggets @ Golden State Warriors,2025-10-24T02:10:00Z,player_points,14.5,betonlineag,2025-10-23T14:54:59Z,2025-10-23T14:55:12Z,-112.0,-115.0
Christian Braun,Denver Nuggets @ Golden State Warriors,2025-10-24T02:10:00Z,player_points,13.5,betonlineag,2025-10-23T14:54:59Z,2025-10-23T14:55:12Z,102.0,-132.0
Brandin Podziemski,Denver Nuggets @ Golden State Warriors,2025-10-24T02:10:00Z,player_points,12.5,betonlineag,2025-10-23T14:54:59Z,2025-10-23T14:55:12Z,-116.0,-111.0
Jimmy Butler,Denver Nuggets @ Golden State Warriors,2025-10-24T02:10:00Z,player_points,18.5,betonlineag,2025-10-23T14:54:59Z,2025-10-23T14:55:12Z,-115.0,-112.0
Al Horford,Denver Nuggets @ Golden State Warriors,2025-10-24T02:10:00Z,player_points,6.5,betonlineag,2025-10-23T14:54:59Z,2025-10-23T14:55:12Z,-106.0,-122.0
Cameron Johnson,Denver Nuggets @ Golden State Warriors,2025-10-24T02:10:00Z,player_points,15.5,betonlineag,2025-10-23T14:54:59Z,2025-10-23T14:55:12Z,-102.0,-127.0
Nikola Jokic,Denver Nuggets @ Golden State Warriors,2025-10-24T02:10:00Z,player_points,28.5,betonlineag,2025-10-23T14:54:59Z,2025-10-23T14:55:12Z,-114.0,-114.0
Jonathan Kuminga,Denver Nuggets @ Golden State Warriors,2025-10-24T02:10:00Z,player_points,15.5,betonlineag,2025-10-23T14:54:59Z,2025-10-23T14:55:12Z,-123.0,-104.0
Buddy Hield,Denver Nuggets @ Golden State Warriors,2025-10-24T02:10:00Z,player_points,10.5,betonlineag,2025-10-23T14:54:59Z,2025-10-23T14:55:12Z,-109.0,-119.0
Stephen Curry,Denver Nuggets @ Golden State Warriors,2025-10-24T02:10:00Z,player_points,25.5,betonlineag,2025-10-23T14:54:59Z,2025-10-23T14:55:12Z,-108.0,-120.0
Draymond Green,Denver Nuggets @ Golden State Warriors,2025-10-24T02:10:00Z,player_points_rebounds_assists,20.5,betonlineag,2025-10-23T14:54:59Z,2025-10-23T14:55:12Z,-103.0,-125.0
Nikola Jokic,Denver Nuggets @ Golden State Warriors,2025-10-24T02:10:00Z,player_points_rebounds_assists,49.5,betonlineag,2025-10-23T14:54:59Z,2025-10-23T14:55:12Z,-118.0,-110.0
Jamal Murray,Denver Nuggets @ Golden State Warriors,2025-10-24T02:10:00Z,player_points_rebounds_assists,30.5,betonlineag,2025-10-23T14:54:59Z,2025-10-23T14:55:12Z,-103.0,-125.0
Jimmy Butler,Denver Nuggets @ Golden State Warriors,2025-10-24T02:10:00Z,player_points_rebounds_assists,29.5,betonlineag,2025-10-23T14:54:59Z,2025-10-23T14:55:12Z,-115.0,-112.0
Brandin Podziemski,Denver Nuggets @ Golden State Warriors,2025-10-24T02:10:00Z,player_points_rebounds_assists,21.5,betonlineag,2025-10-23T14:54:59Z,2025-10-23T14:55:12Z,-115.0,-112.0
Christian Braun,Denver Nuggets @ Golden State Warriors,2025-10-24T02:10:00Z,player_points_rebounds_assists,20.5,betonlineag,2025-10-23T14:54:59Z,2025-10-23T14:55:12Z,-111.0,-116.0
Cameron Johnson,Denver Nuggets @ Golden State Warriors,2025-10-24T02:10:00Z,player_points_rebounds_assists,22.5,betonlineag,2025-10-23T14:54:59Z,2025-10-23T14:55:12Z,-108.0,-120.0
Jonathan Kuminga,Denver Nuggets @ Golden State Warriors,2025-10-24T02:10:00Z,player_points_rebounds_assists,23.5,betonlineag,2025-10-23T14:54:59Z,2025-10-23T14:55:12Z,-120.0,-108.0
Al Horford,Denver Nuggets @ Golden State Warriors,2025-10-24T02:10:00Z,player_points_rebounds_assists,13.5,betonlineag,2025-10-23T14:54:59Z,2025-10-23T14:55:12Z,-102.0,-127.0
Aaron Gordon,Denver Nuggets @ Golden State Warriors,2025-10-24T02:10:00Z,player_points_rebounds_assists,23.5,betonlineag,2025-10-23T14:54:59Z,2025-10-23T14:55:12Z,-110.0,-118.0
Stephen Curry,Denver Nuggets @ Golden State Warriors,2025-10-24T02:10:00Z,player_points_rebounds_assists,35.5,betonlineag,2025-10-23T14:54:59Z,2025-10-23T14:55:12Z,-120.0,-108.0
Buddy Hield,Denver Nuggets @ Golden State Warriors,2025-10-24T02:10:00Z,player_points_rebounds_assists,14.5,betonlineag,2025-10-23T14:54:59Z,2025-10-23T14:55:12Z,-109.0,-119.0
Nikola Jokic,Denver Nuggets @ Golden State Warriors,2025-10-24T02:10:00Z,player_rebounds,11.5,betonlineag,2025-10-23T14:54:59Z,2025-10-23T14:55:12Z,-110.0,-118.0
Jamal Murray,Denver Nuggets @ Golden State Warriors,2025-10-24T02:10:00Z,player_rebounds,3.5,betonlineag,2025-10-23T14:54:59Z,2025-10-23T14:55:12Z,110.0,-143.0
Christian Braun,Denver Nuggets @ Golden State Warriors,2025-10-24T02:10:00Z,player_rebounds,4.5,betonlineag,2025-10-23T14:54:59Z,2025-10-23T14:55:12Z,-122.0,-106.0
Jimmy Butler,Denver Nuggets @ Golden State Warriors,2025-10-24T02:10:00Z,player_rebounds,5.5,betonlineag,2025-10-23T14:54:59Z,2025-10-23T14:55:12Z,-106.0,-122.0
Brandin Podziemski,Denver Nuggets @ Golden State Warriors,2025-10-24T02:10:00Z,player_rebounds,5.5,betonlineag,2025-10-23T14:54:59Z,2025-10-23T14:55:12Z,107.0,-139.0
Al Horford,Denver Nuggets @ Golden State Warriors,2025-10-24T02:10:00Z,player_rebounds,4.5,betonlineag,2025-10-23T14:54:59Z,2025-10-23T14:55:12Z,-102.0,-127.0
Stephen Curry,Denver Nuggets @ Golden State Warriors,2025-10-24T02:10:00Z,player_rebounds,4.5,betonlineag,2025-10-23T14:54:59Z,2025-10-23T14:55:12Z,122.0,-159.0
Draymond Green,Denver Nuggets @ Golden State Warriors,2025-10-24T02:10:00Z,player_rebounds,5.5,betonlineag,2025-10-23T14:54:59Z,2025-10-23T14:55:12Z,-137.0,106.0
Jonathan Kuminga,Denver Nuggets @ Golden State Warriors,2025-10-24T02:10:00Z,player_rebounds,4.5,betonlineag,2025-10-23T14:54:59Z,2025-10-23T14:55:12Z,-130.0,100.0
Aaron Gordon,Denver Nuggets @ Golden State Warriors,2025-10-24T02:10:00Z,player_rebounds,5.5,betonlineag,2025-10-23T14:54:59Z,2025-10-23T14:55:12Z,-110.0,-118.0
Cameron Johnson,Denver Nuggets @ Golden State Warriors,2025-10-24T02:10:00Z,player_rebounds,4.5,betonlineag,2025-10-23T14:54:59Z,2025-10-23T14:55:12Z,110.0,-143.0
Stephen Curry,Denver Nuggets @ Golden State Warriors,2025-10-24T02:10:00Z,player_threes,4.5,betonlineag,2025-10-23T14:54:59Z,2025-10-23T14:55:12Z,-105.0,-123.0
Draymond Green,Denver Nuggets @ Golden State Warriors,2025-10-24T02:10:00Z,player_threes,1.5,betonlineag,2025-10-23T14:54:59Z,2025-10-23T14:55:12Z,171.0,-227.0
Nikola Jokic,Denver Nuggets @ Golden State Warriors,2025-10-24T02:10:00Z,player_threes,1.5,betonlineag,2025-10-23T14:54:59Z,2025-10-23T14:55:12Z,-102.0,-127.0
Aaron Gordon,Denver Nuggets @ Golden State Warriors,2025-10-24T02:10:00Z,player_threes,1.5,betonlineag,2025-10-23T14:54:59Z,2025-10-23T14:55:12Z,124.0,-161.0
Brandin Podziemski,Denver Nuggets @ Golden State Warriors,2025-10-24T02:10:00Z,player_threes,1.5,betonlineag,2025-10-23T14:54:59Z,2025-10-23T14:55:12Z,-172.0,131.0
Cameron Johnson,Denver Nuggets @ Golden State Warriors,2025-10-24T02:10:00Z,player_threes,2.5,betonlineag,2025-10-23T14:54:59Z,2025-10-23T14:55:12Z,113.0,-147.0
Al Horford,Denver Nuggets @ Golden State Warriors,2025-10-24T02:10:00Z,player_threes,1.5,betonlineag,2025-10-23T14:54:59Z,2025-10-23T14:55:12Z,149.0,-196.0
Jamal Murray,Denver Nuggets @ Golden State Warriors,2025-10-24T02:10:00Z,player_threes,2.5,betonlineag,2025-10-23T14:54:59Z,2025-10-23T14:55:12Z,130.0,-169.0
Jimmy Butler,Denver Nuggets @ Golden State Warriors,2025-10-24T02:10:00Z,player_threes,0.5,betonlineag,2025-10-23T14:54:59Z,2025-10-23T14:55:12Z,-145.0,111.0
Jonathan Kuminga,Denver Nuggets @ Golden State Warriors,2025-10-24T02:10:00Z,player_threes,1.5,betonlineag,2025-10-23T14:54:59Z,2025-10-23T14:55:12Z,134.0,-175.0
Christian Braun,Denver Nuggets @ Golden State Warriors,2025-10-24T02:10:00Z,player_threes,1.5,betonlineag,2025-10-23T14:54:59Z,2025-10-23T14:55:12Z,152.0,-200.0
Buddy Hield,Denver Nuggets @ Golden State Warriors,2025-10-24T02:10:00Z,player_threes,2.5,betonlineag,2025-10-23T14:54:59Z,2025-10-23T14:55:12Z,-114.0,-114.0
Brandin Podziemski,Denver Nuggets @ Golden State Warriors,2025-10-24T02:10:00Z,player_assists,2.5,bovada,2025-10-23T14:55:27Z,2025-10-23T14:55:36Z,-260.0,190.0
Brandin Podziemski,Denver Nuggets @ Golden State Warriors,2025-10-24T02:10:00Z,player_assists,3.5,bovada,2025-10-23T14:55:27Z,2025-10-23T14:55:36Z,-105.0,-125.0
Brandin Podziemski,Denver Nuggets @ Golden State Warriors,2025-10-24T02:10:00Z,player_assists,4.5,bovada,2025-10-23T14:55:27Z,2025-10-23T14:55:36Z,205.0,-280.0
Cameron Johnson,Denver Nuggets @ Golden State Warriors,2025-10-24T02:10:00Z,player_assists,2.5,bovada,2025-10-23T14:55:27Z,2025-10-23T14:55:36Z,-180.0,135.0
Cameron Johnson,Denver Nuggets @ Golden State Warriors,2025-10-24T02:10:00Z,player_assists,3.5,bovada,2025-10-23T14:55:27Z,2025-10-23T14:55:36Z,135.0,-180.0
Draymond Green,Denver Nuggets @ Golden State Warriors,2025-10-24T02:10:00Z,player_assists,4.5,bovada,2025-10-23T14:55:27Z,2025-10-23T14:55:36Z,-190.0,145.0
Draymond Green,Denver Nuggets @ Golden State Warriors,2025-10-24T02:10:00Z,player_assists,5.5,bovada,2025-10-23T14:55:27Z,2025-10-23T14:55:36Z,105.0,-135.0
Draymond Green,Denver Nuggets @ Golden State Warriors,2025-10-24T02:10:00Z,player_assists,6.5,bovada,2025-10-23T14:55:27Z,2025-10-23T14:55:36Z,200.0,-275.0
Jamal Murray,Denver Nuggets @ Golden State Warriors,2025-10-24T02:10:00Z,player_assists,4.5,bovada,2025-10-23T14:55:27Z,2025-10-23T14:55:36Z,-165.0,125.0
Jamal Murray,Denver Nuggets @ Golden State Warriors,2025-10-24T02:10:00Z,player_assists,5.5,bovada,2025-10-23T14:55:27Z,2025-10-23T14:55:36Z,120.0,-160.0
Jimmy Butler,Denver Nuggets @ Golden State Warriors,2025-10-24T02:10:00Z,player_assists,4.5,bovada,2025-10-23T14:55:27Z,2025-10-23T14:55:36Z,-215.0,160.0
Jimmy Butler,Denver Nuggets @ Golden State Warriors,2025-10-24T02:10:00Z,player_assists,5.5,bovada,2025-10-23T14:55:27Z,2025-10-23T14:55:36Z,-105.0,-125.0
Jimmy Butler,Denver Nuggets @ Golden State Warriors,2025-10-24T02:10:00Z,player_assists,6.5,bovada,2025-10-23T14:55:27Z,2025-10-23T14:55:36Z,180.0,-245.0
Nikola Jokic,Denver Nuggets @ Golden State Warriors,2025-10-24T02:10:00Z,player_assists,7.5,bovada,2025-10-23T14:55:27Z,2025-10-23T14:55:36Z,-275.0,200.0
Nikola Jokic,Denver Nuggets @ Golden State Warriors,2025-10-24T02:10:00Z,player_assists,8.5,bovada,2025-10-23T14:55:27Z,2025-10-23T14:55:36Z,-150.0,115.0
Nikola Jokic,Denver Nuggets @ Golden State Warriors,2025-10-24T02:10:00Z,player_assists,9.5,bovada,2025-10-23T14:55:27Z,2025-10-23T14:55:36Z,110.0,-145.0
Nikola Jokic,Denver Nuggets @ Golden State Warriors,2025-10-24T02:10:00Z,player_assists,10.5,bovada,2025-10-23T14:55:27Z,2025-10-23T14:55:36Z,180.0,-245.0
Stephen Curry,Denver Nuggets @ Golden State Warriors,2025-10-24T02:10:00Z,player_assists,4.5,bovada,2025-10-23T14:55:27Z,2025-10-23T14:55:36Z,-190.0,145.0
Stephen Curry,Denver Nuggets @ Golden State Warriors,2025-10-24T02:10:00Z,player_assists,5.5,bovada,2025-10-23T14:55:27Z,2025-10-23T14:55:36Z,105.0,-135.0
Stephen Curry,Denver Nuggets @ Golden State Warriors,2025-10-24T02:10:00Z,player_assists,6.5,bovada,2025-10-23T14:55:27Z,2025-10-23T14:55:36Z,200.0,-275.0
Aaron Gordon,Denver Nuggets @ Golden State Warriors,2025-10-24T02:10:00Z,player_blocks,0.5,bovada,2025-10-23T14:55:27Z,2025-10-23T14:55:36Z,215.0,-300.0
Christian Braun,Denver Nuggets @ Golden State Warriors,2025-10-24T02:10:00Z,player_blocks,0.5,bovada,2025-10-23T14:55:27Z,2025-10-23T14:55:36Z,170.0,-230.0
Draymond Green,Denver Nuggets @ Golden State Warriors,2025-10-24T02:10:00Z,player_blocks,0.5,bovada,2025-10-23T14:55:27Z,2025-10-23T14:55:36Z,-170.0,130.0
Jimmy Butler,Denver Nuggets @ Golden State Warriors,2025-10-24T02:10:00Z,player_blocks,0.5,bovada,2025-10-23T14:55:27Z,2025-10-23T14:55:36Z,225.0,-310.0
Nikola Jokic,Denver Nuggets @ Golden State Warriors,2025-10-24T02:10:00Z,player_blocks,0.5,bovada,2025-10-23T14:55:27Z,2025-10-23T14:55:36Z,115.0,-150.0
Nikola Jokic,Denver Nuggets @ Golden State Warriors,2025-10-24T02:10:00Z,player_double_double,,bovada,2025-10-23T14:55:27Z,2025-10-23T14:55:36Z,,
Jimmy Butler,Denver Nuggets @ Golden State Warriors,2025-10-24T02:10:00Z,player_double_double,,bovada,2025-10-23T14:55:27Z,2025-10-23T14:55:36Z,,
Draymond Green,Denver Nuggets @ Golden State Warriors,2025-10-24T02:10:00Z,player_double_double,,bovada,2025-10-23T14:55:27Z,2025-10-23T14:55:36Z,,
Stephen Curry,Denver Nuggets @ Golden State Warriors,2025-10-24T02:10:00Z,player_double_double,,bovada,2025-10-23T14:55:27Z,2025-10-23T14:55:36Z,,
Aaron Gordon,Denver Nuggets @ Golden State Warriors,2025-10-24T02:10:00Z,player_double_double,,bovada,2025-10-23T14:55:27Z,2025-10-23T14:55:36Z,,
Jamal Murray,Denver Nuggets @ Golden State Warriors,2025-10-24T02:10:00Z,player_double_double,,bovada,2025-10-23T14:55:27Z,2025-10-23T14:55:36Z,,
Brandin Podziemski,Denver Nuggets @ Golden State Warriors,2025-10-24T02:10:00Z,player_double_double,,bovada,2025-10-23T14:55:27Z,2025-10-23T14:55:36Z,,
Christian Braun,Denver Nuggets @ Golden State Warriors,2025-10-24T02:10:00Z,player_double_double,,bovada,2025-10-23T14:55:27Z,2025-10-23T14:55:36Z,,
Jonathan Kuminga,Denver Nuggets @ Golden State Warriors,2025-10-24T02:10:00Z,player_double_double,,bovada,2025-10-23T14:55:27Z,2025-10-23T14:55:36Z,,
Al Horford,Denver Nuggets @ Golden State Warriors,2025-10-24T02:10:00Z,player_double_double,,bovada,2025-10-23T14:55:27Z,2025-10-23T14:55:36Z,,
Cameron Johnson,Denver Nuggets @ Golden State Warriors,2025-10-24T02:10:00Z,player_double_double,,bovada,2025-10-23T14:55:27Z,2025-10-23T14:55:36Z,,
Aaron Gordon,Denver Nuggets @ Golden State Warriors,2025-10-24T02:10:00Z,player_points,11.5,bovada,2025-10-23T14:55:27Z,2025-10-23T14:55:36Z,-260.0,190.0
Aaron Gordon,Denver Nuggets @ Golden State Warriors,2025-10-24T02:10:00Z,player_points,12.5,bovada,2025-10-23T14:55:27Z,2025-10-23T14:55:36Z,-190.0,145.0
Aaron Gordon,Denver Nuggets @ Golden State Warriors,2025-10-24T02:10:00Z,player_points,13.5,bovada,2025-10-23T14:55:27Z,2025-10-23T14:55:36Z,-145.0,110.0
Aaron Gordon,Denver Nuggets @ Golden State Warriors,2025-10-24T02:10:00Z,player_points,14.5,bovada,2025-10-23T14:55:27Z,2025-10-23T14:55:36Z,-110.0,-120.0
Aaron Gordon,Denver Nuggets @ Golden State Warriors,2025-10-24T02:10:00Z,player_points,15.5,bovada,2025-10-23T14:55:27Z,2025-10-23T14:55:36Z,115.0,-150.0
Aaron Gordon,Denver Nuggets @ Golden State Warriors,2025-10-24T02:10:00Z,player_points,16.5,bovada,2025-10-23T14:55:27Z,2025-10-23T14:55:36Z,150.0,-200.0
Aaron Gordon,Denver Nuggets @ Golden State Warriors,2025-10-24T02:10:00Z,player_points,17.5,bovada,2025-10-23T14:55:27Z,2025-10-23T14:55:36Z,185.0,-250.0
Brandin Podziemski,Denver Nuggets @ Golden State Warriors,2025-10-24T02:10:00Z,player_points,10.5,bovada,2025-10-23T14:55:27Z,2025-10-23T14:55:36Z,-220.0,165.0
Brandin Podziemski,Denver Nuggets @ Golden State Warriors,2025-10-24T02:10:00Z,player_points,11.5,bovada,2025-10-23T14:55:27Z,2025-10-23T14:55:36Z,-160.0,120.0
Brandin Podziemski,Denver Nuggets @ Golden State Warriors,2025-10-24T02:10:00Z,player_points,12.5,bovada,2025-10-23T14:55:27Z,2025-10-23T14:55:36Z,-120.0,-110.0
Brandin Podziemski,Denver Nuggets @ Golden State Warriors,2025-10-24T02:10:00Z,player_points,13.5,bovada,2025-10-23T14:55:27Z,2025-10-23T14:55:36Z,110.0,-145.0
Brandin Podziemski,Denver Nuggets @ Golden State Warriors,2025-10-24T02:10:00Z,player_points,14.5,bovada,2025-10-23T14:55:27Z,2025-10-23T14:55:36Z,140.0,-185.0
Brandin Podziemski,Denver Nuggets @ Golden State Warriors,2025-10-24T02:10:00Z,player_points,15.5,bovada,2025-10-23T14:55:27Z,2025-10-23T14:55:36Z,180.0,-245.0
Buddy Hield,Denver Nuggets @ Golden State Warriors,2025-10-24T02:10:00Z,player_points,8.5,bovada,2025-10-23T14:55:27Z,2025-10-23T14:55:36Z,-210.0,155.0
Buddy Hield,Denver Nuggets @ Golden State Warriors,2025-10-24T02:10:00Z,player_points,9.5,bovada,2025-10-23T14:55:27Z,2025-10-23T14:55:36Z,-150.0,115.0
Buddy Hield,Denver Nuggets @ Golden State Warriors,2025-10-24T02:10:00Z,player_points,10.5,bovada,2025-10-23T14:55:27Z,2025-10-23T14:55:36Z,-110.0,-120.0
Buddy Hield,Denver Nuggets @ Golden State Warriors,2025-10-24T02:10:00Z,player_points,11.5,bovada,2025-10-23T14:55:27Z,2025-10-23T14:55:36Z,120.0,-160.0
Buddy Hield,Denver Nuggets @ Golden State Warriors,2025-10-24T02:10:00Z,player_points,12.5,bovada,2025-10-23T14:55:27Z,2025-10-23T14:55:36Z,160.0,-215.0
Buddy Hield,Denver Nuggets @ Golden State Warriors,2025-10-24T02:10:00Z,player_points,13.5,bovada,2025-10-23T14:55:27Z,2025-10-23T14:55:36Z,210.0,-290.0
Cameron Johnson,Denver Nuggets @ Golden State Warriors,2025-10-24T02:10:00Z,player_points,11.5,bovada,2025-10-23T14:55:27Z,2025-10-23T14:55:36Z,-290.0,210.0
Cameron Johnson,Denver Nuggets @ Golden State Warriors,2025-10-24T02:10:00Z,player_points,12.5,bovada,2025-10-23T14:55:27Z,2025-10-23T14:55:36Z,-210.0,155.0
Cameron Johnson,Denver Nuggets @ Golden State Warriors,2025-10-24T02:10:00Z,player_points,13.5,bovada,2025-10-23T14:55:27Z,2025-10-23T14:55:36Z,-160.0,120.0
Cameron Johnson,Denver Nuggets @ Golden State Warriors,2025-10-24T02:10:00Z,player_points,14.5,bovada,2025-10-23T14:55:27Z,2025-10-23T14:55:36Z,-120.0,-110.0
Cameron Johnson,Denver Nuggets @ Golden State Warriors,2025-10-24T02:10:00Z,player_points,15.5,bovada,2025-10-23T14:55:27Z,2025-10-23T14:55:36Z,110.0,-145.0
Cameron Johnson,Denver Nuggets @ Golden State Warriors,2025-10-24T02:10:00Z,player_points,16.5,bovada,2025-10-23T14:55:27Z,2025-10-23T14:55:36Z,135.0,-180.0
Cameron Johnson,Denver Nuggets @ Golden State Warriors,2025-10-24T02:10:00Z,player_points,17.5,bovada,2025-10-23T14:55:27Z,2025-10-23T14:55:36Z,170.0,-230.0
Christian Braun,Denver Nuggets @ Golden State Warriors,2025-10-24T02:10:00Z,player_points,10.5,bovada,2025-10-23T14:55:27Z,2025-10-23T14:55:36Z,-245.0,180.0
Christian Braun,Denver Nuggets @ Golden State Warriors,2025-10-24T02:10:00Z,player_points,11.5,bovada,2025-10-23T14:55:27Z,2025-10-23T14:55:36Z,-180.0,135.0
Christian Braun,Denver Nuggets @ Golden State Warriors,2025-10-24T02:10:00Z,player_points,12.5,bovada,2025-10-23T14:55:27Z,2025-10-23T14:55:36Z,-130.0,100.0
Christian Braun,Denver Nuggets @ Golden State Warriors,2025-10-24T02:10:00Z,player_points,13.5,bovada,2025-10-23T14:55:27Z,2025-10-23T14:55:36Z,100.0,-130.0
Christian Braun,Denver Nuggets @ Golden State Warriors,2025-10-24T02:10:00Z,player_points,14.5,bovada,2025-10-23T14:55:27Z,2025-10-23T14:55:36Z,130.0,-170.0
Christian Braun,Denver Nuggets @ Golden State Warriors,2025-10-24T02:10:00Z,player_points,15.5,bovada,2025-10-23T14:55:27Z,2025-10-23T14:55:36Z,165.0,-220.0
Christian Braun,Denver Nuggets @ Golden State Warriors,2025-10-24T02:10:00Z,player_points,16.5,bovada,2025-10-23T14:55:27Z,2025-10-23T14:55:36Z,210.0,-290.0
Draymond Green,Denver Nuggets @ Golden State Warriors,2025-10-24T02:10:00Z,player_points,6.5,bovada,2025-10-23T14:55:27Z,2025-10-23T14:55:36Z,-250.0,185.0
Draymond Green,Denver Nuggets @ Golden State Warriors,2025-10-24T02:10:00Z,player_points,7.5,bovada,2025-10-23T14:55:27Z,2025-10-23T14:55:36Z,-170.0,130.0
Draymond Green,Denver Nuggets @ Golden State Warriors,2025-10-24T02:10:00Z,player_points,8.5,bovada,2025-10-23T14:55:27Z,2025-10-23T14:55:36Z,-120.0,-110.0
Draymond Green,Denver Nuggets @ Golden State Warriors,2025-10-24T02:10:00Z,player_points,9.5,bovada,2025-10-23T14:55:27Z,2025-10-23T14:55:36Z,115.0,-150.0
Draymond Green,Denver Nuggets @ Golden State Warriors,2025-10-24T02:10:00Z,player_points,10.5,bovada,2025-10-23T14:55:27Z,2025-10-23T14:55:36Z,155.0,-210.0
Draymond Green,Denver Nuggets @ Golden State Warriors,2025-10-24T02:10:00Z,player_points,11.5,bovada,2025-10-23T14:55:27Z,2025-10-23T14:55:36Z,205.0,-280.0
Jamal Murray,Denver Nuggets @ Golden State Warriors,2025-10-24T02:10:00Z,player_points,17.5,bovada,2025-10-23T14:55:27Z,2025-10-23T14:55:36Z,-280.0,205.0
Jamal Murray,Denver Nuggets @ Golden State Warriors,2025-10-24T02:10:00Z,player_points,18.5,bovada,2025-10-23T14:55:27Z,2025-10-23T14:55:36Z,-215.0,160.0
Jamal Murray,Denver Nuggets @ Golden State Warriors,2025-10-24T02:10:00Z,player_points,19.5,bovada,2025-10-23T14:55:27Z,2025-10-23T14:55:36Z,-170.0,130.0
Jamal Murray,Denver Nuggets @ Golden State Warriors,2025-10-24T02:10:00Z,player_points,20.5,bovada,2025-10-23T14:55:27Z,2025-10-23T14:55:36Z,-135.0,105.0
Jamal Murray,Denver Nuggets @ Golden State Warriors,2025-10-24T02:10:00Z,player_points,21.5,bovada,2025-10-23T14:55:27Z,2025-10-23T14:55:36Z,-110.0,-120.0
Jamal Murray,Denver Nuggets @ Golden State Warriors,2025-10-24T02:10:00Z,player_points,22.5,bovada,2025-10-23T14:55:27Z,2025-10-23T14:55:36Z,115.0,-150.0
Jamal Murray,Denver Nuggets @ Golden State Warriors,2025-10-24T02:10:00Z,player_points,23.5,bovada,2025-10-23T14:55:27Z,2025-10-23T14:55:36Z,140.0,-185.0
Jamal Murray,Denver Nuggets @ Golden State Warriors,2025-10-24T02:10:00Z,player_points,24.5,bovada,2025-10-23T14:55:27Z,2025-10-23T14:55:36Z,170.0,-230.0
Jamal Murray,Denver Nuggets @ Golden State Warriors,2025-10-24T02:10:00Z,player_points,25.5,bovada,2025-10-23T14:55:27Z,2025-10-23T14:55:36Z,205.0,-280.0
Jimmy Butler,Denver Nuggets @ Golden State Warriors,2025-10-24T02:10:00Z,player_points,15.5,bovada,2025-10-23T14:55:27Z,2025-10-23T14:55:36Z,-275.0,200.0
Jimmy Butler,Denver Nuggets @ Golden State Warriors,2025-10-24T02:10:00Z,player_points,16.5,bovada,2025-10-23T14:55:27Z,2025-10-23T14:55:36Z,-200.0,150.0
Jimmy Butler,Denver Nuggets @ Golden State Warriors,2025-10-24T02:10:00Z,player_points,17.5,bovada,2025-10-23T14:55:27Z,2025-10-23T14:55:36Z,-160.0,120.0
Jimmy Butler,Denver Nuggets @ Golden State Warriors,2025-10-24T02:10:00Z,player_points,18.5,bovada,2025-10-23T14:55:27Z,2025-10-23T14:55:36Z,-125.0,-105.0
Jimmy Butler,Denver Nuggets @ Golden State Warriors,2025-10-24T02:10:00Z,player_points,19.5,bovada,2025-10-23T14:55:27Z,2025-10-23T14:55:36Z,100.0,-130.0
Jimmy Butler,Denver Nuggets @ Golden State Warriors,2025-10-24T02:10:00Z,player_points,20.5,bovada,2025-10-23T14:55:27Z,2025-10-23T14:55:36Z,125.0,-165.0
Jimmy Butler,Denver Nuggets @ Golden State Warriors,2025-10-24T02:10:00Z,player_points,21.5,bovada,2025-10-23T14:55:27Z,2025-10-23T14:55:36Z,155.0,-210.0
Jimmy Butler,Denver Nuggets @ Golden State Warriors,2025-10-24T02:10:00Z,player_points,22.5,bovada,2025-10-23T14:55:27Z,2025-10-23T14:55:36Z,190.0,-260.0
Jonathan Kuminga,Denver Nuggets @ Golden State Warriors,2025-10-24T02:10:00Z,player_points,13.5,bovada,2025-10-23T14:55:27Z,2025-10-23T14:55:36Z,-240.0,175.0
Jonathan Kuminga,Denver Nuggets @ Golden State Warriors,2025-10-24T02:10:00Z,player_points,14.5,bovada,2025-10-23T14:55:27Z,2025-10-23T14:55:36Z,-180.0,135.0
Jonathan Kuminga,Denver Nuggets @ Golden State Warriors,2025-10-24T02:10:00Z,player_points,15.5,bovada,2025-10-23T14:55:27Z,2025-10-23T14:55:36Z,-135.0,105.0
Jonathan Kuminga,Denver Nuggets @ Golden State Warriors,2025-10-24T02:10:00Z,player_points,16.5,bovada,2025-10-23T14:55:27Z,2025-10-23T14:55:36Z,-105.0,-125.0
Jonathan Kuminga,Denver Nuggets @ Golden State Warriors,2025-10-24T02:10:00Z,player_points,17.5,bovada,2025-10-23T14:55:27Z,2025-10-23T14:55:36Z,120.0,-160.0
Jonathan Kuminga,Denver Nuggets @ Golden State Warriors,2025-10-24T02:10:00Z,player_points,18.5,bovada,2025-10-23T14:55:27Z,2025-10-23T14:55:36Z,150.0,-200.0
Jonathan Kuminga,Denver Nuggets @ Golden State Warriors,2025-10-24T02:10:00Z,player_points,19.5,bovada,2025-10-23T14:55:27Z,2025-10-23T14:55:36Z,185.0,-250.0
Nikola Jokic,Denver Nuggets @ Golden State Warriors,2025-10-24T02:10:00Z,player_points,24.5,bovada,2025-10-23T14:55:27Z,2025-10-23T14:55:36Z,-260.0,190.0
Nikola Jokic,Denver Nuggets @ Golden State Warriors,2025-10-24T02:10:00Z,player_points,25.5,bovada,2025-10-23T14:55:27Z,2025-10-23T14:55:36Z,-210.0,155.0
Nikola Jokic,Denver Nuggets @ Golden State Warriors,2025-10-24T02:10:00Z,player_points,26.5,bovada,2025-10-23T14:55:27Z,2025-10-23T14:55:36Z,-170.0,130.0
Nikola Jokic,Denver Nuggets @ Golden State Warriors,2025-10-24T02:10:00Z,player_points,27.5,bovada,2025-10-23T14:55:27Z,2025-10-23T14:55:36Z,-135.0,105.0
Nikola Jokic,Denver Nuggets @ Golden State Warriors,2025-10-24T02:10:00Z,player_points,28.5,bovada,2025-10-23T14:55:27Z,2025-10-23T14:55:36Z,-115.0,-115.0
Nikola Jokic,Denver Nuggets @ Golden State Warriors,2025-10-24T02:10:00Z,player_points,29.5,bovada,2025-10-23T14:55:27Z,2025-10-23T14:55:36Z,105.0,-135.0
Nikola Jokic,Denver Nuggets @ Golden State Warriors,2025-10-24T02:10:00Z,player_points,30.5,bovada,2025-10-23T14:55:27Z,2025-10-23T14:55:36Z,125.0,-165.0
Nikola Jokic,Denver Nuggets @ Golden State Warriors,2025-10-24T02:10:00Z,player_points,31.5,bovada,2025-10-23T14:55:27Z,2025-10-23T14:55:36Z,150.0,-200.0
Nikola Jokic,Denver Nuggets @ Golden State Warriors,2025-10-24T02:10:00Z,player_points,32.5,bovada,2025-10-23T14:55:27Z,2025-10-23T14:55:36Z,175.0,-240.0
Nikola Jokic,Denver Nuggets @ Golden State Warriors,2025-10-24T02:10:00Z,player_points,33.5,bovada,2025-10-23T14:55:27Z,2025-10-23T14:55:36Z,210.0,-290.0
Stephen Curry,Denver Nuggets @ Golden State Warriors,2025-10-24T02:10:00Z,player_points,21.5,bovada,2025-10-23T14:55:27Z,2025-10-23T14:55:36Z,-290.0,210.0
Stephen Curry,Denver Nuggets @ Golden State Warriors,2025-10-24T02:10:00Z,player_points,22.5,bovada,2025-10-23T14:55:27Z,2025-10-23T14:55:36Z,-230.0,170.0
Stephen Curry,Denver Nuggets @ Golden State Warriors,2025-10-24T02:10:00Z,player_points,23.5,bovada,2025-10-23T14:55:27Z,2025-10-23T14:55:36Z,-185.0,140.0
Stephen Curry,Denver Nuggets @ Golden State Warriors,2025-10-24T02:10:00Z,player_points,24.5,bovada,2025-10-23T14:55:27Z,2025-10-23T14:55:36Z,-150.0,115.0
Stephen Curry,Denver Nuggets @ Golden State Warriors,2025-10-24T02:10:00Z,player_points,25.5,bovada,2025-10-23T14:55:27Z,2025-10-23T14:55:36Z,-120.0,-110.0
Stephen Curry,Denver Nuggets @ Golden State Warriors,2025-10-24T02:10:00Z,player_points,26.5,bovada,2025-10-23T14:55:27Z,2025-10-23T14:55:36Z,100.0,-130.0
Stephen Curry,Denver Nuggets @ Golden State Warriors,2025-10-24T02:10:00Z,player_points,27.5,bovada,2025-10-23T14:55:27Z,2025-10-23T14:55:36Z,120.0,-160.0
Stephen Curry,Denver Nuggets @ Golden State Warriors,2025-10-24T02:10:00Z,player_points,28.5,bovada,2025-10-23T14:55:27Z,2025-10-23T14:55:36Z,145.0,-190.0
Stephen Curry,Denver Nuggets @ Golden State Warriors,2025-10-24T02:10:00Z,player_points,29.5,bovada,2025-10-23T14:55:27Z,2025-10-23T14:55:36Z,175.0,-240.0
Stephen Curry,Denver Nuggets @ Golden State Warriors,2025-10-24T02:10:00Z,player_points,30.5,bovada,2025-10-23T14:55:27Z,2025-10-23T14:55:36Z,210.0,-290.0
Aaron Gordon,Denver Nuggets @ Golden State Warriors,2025-10-24T02:10:00Z,player_points_rebounds_assists,19.5,bovada,2025-10-23T14:55:27Z,2025-10-23T14:55:36Z,-275.0,200.0
Aaron Gordon,Denver Nuggets @ Golden State Warriors,2025-10-24T02:10:00Z,player_points_rebounds_assists,20.5,bovada,2025-10-23T14:55:27Z,2025-10-23T14:55:36Z,-210.0,155.0
Aaron Gordon,Denver Nuggets @ Golden State Warriors,2025-10-24T02:10:00Z,player_points_rebounds_assists,21.5,bovada,2025-10-23T14:55:27Z,2025-10-23T14:55:36Z,-170.0,130.0
Aaron Gordon,Denver Nuggets @ Golden State Warriors,2025-10-24T02:10:00Z,player_points_rebounds_assists,22.5,bovada,2025-10-23T14:55:27Z,2025-10-23T14:55:36Z,-135.0,105.0
Aaron Gordon,Denver Nuggets @ Golden State Warriors,2025-10-24T02:10:00Z,player_points_rebounds_assists,23.5,bovada,2025-10-23T14:55:27Z,2025-10-23T14:55:36Z,-110.0,-120.0
Aaron Gordon,Denver Nuggets @ Golden State Warriors,2025-10-24T02:10:00Z,player_points_rebounds_assists,24.5,bovada,2025-10-23T14:55:27Z,2025-10-23T14:55:36Z,110.0,-145.0
Aaron Gordon,Denver Nuggets @ Golden State Warriors,2025-10-24T02:10:00Z,player_points_rebounds_assists,25.5,bovada,2025-10-23T14:55:27Z,2025-10-23T14:55:36Z,130.0,-170.0
Aaron Gordon,Denver Nuggets @ Golden State Warriors,2025-10-24T02:10:00Z,player_points_rebounds_assists,26.5,bovada,2025-10-23T14:55:27Z,2025-10-23T14:55:36Z,160.0,-215.0
Aaron Gordon,Denver Nuggets @ Golden State Warriors,2025-10-24T02:10:00Z,player_points_rebounds_assists,27.5,bovada,2025-10-23T14:55:27Z,2025-10-23T14:55:36Z,190.0,-260.0
Al Horford,Denver Nuggets @ Golden State Warriors,2025-10-24T02:10:00Z,player_points_rebounds_assists,10.5,bovada,2025-10-23T14:55:27Z,2025-10-23T14:55:36Z,-250.0,185.0
Al Horford,Denver Nuggets @ Golden State Warriors,2025-10-24T02:10:00Z,player_points_rebounds_assists,11.5,bovada,2025-10-23T14:55:27Z,2025-10-23T14:55:36Z,-185.0,140.0
Al Horford,Denver Nuggets @ Golden State Warriors,2025-10-24T02:10:00Z,player_points_rebounds_assists,12.5,bovada,2025-10-23T14:55:27Z,2025-10-23T14:55:36Z,-135.0,105.0
Al Horford,Denver Nuggets @ Golden State Warriors,2025-10-24T02:10:00Z,player_points_rebounds_assists,13.5,bovada,2025-10-23T14:55:27Z,2025-10-23T14:55:36Z,-105.0,-125.0
Al Horford,Denver Nuggets @ Golden State Warriors,2025-10-24T02:10:00Z,player_points_rebounds_assists,14.5,bovada,2025-10-23T14:55:27Z,2025-10-23T14:55:36Z,125.0,-165.0
Al Horford,Denver Nuggets @ Golden State Warriors,2025-10-24T02:10:00Z,player_points_rebounds_assists,15.5,bovada,2025-10-23T14:55:27Z,2025-10-23T14:55:36Z,155.0,-210.0
Al Horford,Denver Nuggets @ Golden State Warriors,2025-10-24T02:10:00Z,player_points_rebounds_assists,16.5,bovada,2025-10-23T14:55:27Z,2025-10-23T14:55:36Z,200.0,-275.0
Brandin Podziemski,Denver Nuggets @ Golden State Warriors,2025-10-24T02:10:00Z,player_points_rebounds_assists,18.5,bovada,2025-10-23T14:55:27Z,2025-10-23T14:55:36Z,-240.0,175.0
Brandin Podziemski,Denver Nuggets @ Golden State Warriors,2025-10-24T02:10:00Z,player_points_rebounds_assists,19.5,bovada,2025-10-23T14:55:27Z,2025-10-23T14:55:36Z,-185.0,140.0
Brandin Podziemski,Denver Nuggets @ Golden State Warriors,2025-10-24T02:10:00Z,player_points_rebounds_assists,20.5,bovada,2025-10-23T14:55:27Z,2025-10-23T14:55:36Z,-150.0,115.0
Brandin Podziemski,Denver Nuggets @ Golden State Warriors,2025-10-24T02:10:00Z,player_points_rebounds_assists,21.5,bovada,2025-10-23T14:55:27Z,2025-10-23T14:55:36Z,-120.0,-110.0
Brandin Podziemski,Denver Nuggets @ Golden State Warriors,2025-10-24T02:10:00Z,player_points_rebounds_assists,22.5,bovada,2025-10-23T14:55:27Z,2025-10-23T14:55:36Z,105.0,-135.0
Brandin Podziemski,Denver Nuggets @ Golden State Warriors,2025-10-24T02:10:00Z,player_points_rebounds_assists,23.5,bovada,2025-10-23T14:55:27Z,2025-10-23T14:55:36Z,125.0,-165.0
Brandin Podziemski,Denver Nuggets @ Golden State Warriors,2025-10-24T02:10:00Z,player_points_rebounds_assists,24.5,bovada,2025-10-23T14:55:27Z,2025-10-23T14:55:36Z,150.0,-200.0
Brandin Podziemski,Denver Nuggets @ Golden State Warriors,2025-10-24T02:10:00Z,player_points_rebounds_assists,25.5,bovada,2025-10-23T14:55:27Z,2025-10-23T14:55:36Z,185.0,-250.0
Buddy Hield,Denver Nuggets @ Golden State Warriors,2025-10-24T02:10:00Z,player_points_rebounds_assists,11.5,bovada,2025-10-23T14:55:27Z,2025-10-23T14:55:36Z,-260.0,190.0
Buddy Hield,Denver Nuggets @ Golden State Warriors,2025-10-24T02:10:00Z,player_points_rebounds_assists,12.5,bovada,2025-10-23T14:55:27Z,2025-10-23T14:55:36Z,-190.0,145.0
Buddy Hield,Denver Nuggets @ Golden State Warriors,2025-10-24T02:10:00Z,player_points_rebounds_assists,13.5,bovada,2025-10-23T14:55:27Z,2025-10-23T14:55:36Z,-145.0,110.0
Buddy Hield,Denver Nuggets @ Golden State Warriors,2025-10-24T02:10:00Z,player_points_rebounds_assists,14.5,bovada,2025-10-23T14:55:27Z,2025-10-23T14:55:36Z,-110.0,-120.0
Buddy Hield,Denver Nuggets @ Golden State Warriors,2025-10-24T02:10:00Z,player_points_rebounds_assists,15.5,bovada,2025-10-23T14:55:27Z,2025-10-23T14:55:36Z,115.0,-150.0
Buddy Hield,Denver Nuggets @ Golden State Warriors,2025-10-24T02:10:00Z,player_points_rebounds_assists,16.5,bovada,2025-10-23T14:55:27Z,2025-10-23T14:55:36Z,150.0,-200.0
Buddy Hield,Denver Nuggets @ Golden State Warriors,2025-10-24T02:10:00Z,player_points_rebounds_assists,17.5,bovada,2025-10-23T14:55:27Z,2025-10-23T14:55:36Z,185.0,-250.0
Cameron Johnson,Denver Nuggets @ Golden State Warriors,2025-10-24T02:10:00Z,player_points_rebounds_assists,17.5,bovada,2025-10-23T14:55:27Z,2025-10-23T14:55:36Z,-300.0,215.0
Cameron Johnson,Denver Nuggets @ Golden State Warriors,2025-10-24T02:10:00Z,player_points_rebounds_assists,18.5,bovada,2025-10-23T14:55:27Z,2025-10-23T14:55:36Z,-230.0,170.0
Cameron Johnson,Denver Nuggets @ Golden State Warriors,2025-10-24T02:10:00Z,player_points_rebounds_assists,19.5,bovada,2025-10-23T14:55:27Z,2025-10-23T14:55:36Z,-180.0,135.0
Cameron Johnson,Denver Nuggets @ Golden State Warriors,2025-10-24T02:10:00Z,player_points_rebounds_assists,20.5,bovada,2025-10-23T14:55:27Z,2025-10-23T14:55:36Z,-145.0,110.0
Cameron Johnson,Denver Nuggets @ Golden State Warriors,2025-10-24T02:10:00Z,player_points_rebounds_assists,21.5,bovada,2025-10-23T14:55:27Z,2025-10-23T14:55:36Z,-115.0,-115.0
Cameron Johnson,Denver Nuggets @ Golden State Warriors,2025-10-24T02:10:00Z,player_points_rebounds_assists,22.5,bovada,2025-10-23T14:55:27Z,2025-10-23T14:55:36Z,105.0,-135.0
Cameron Johnson,Denver Nuggets @ Golden State Warriors,2025-10-24T02:10:00Z,player_points_rebounds_assists,23.5,bovada,2025-10-23T14:55:27Z,2025-10-23T14:55:36Z,130.0,-170.0
Cameron Johnson,Denver Nuggets @ Golden State Warriors,2025-10-24T02:10:00Z,player_points_rebounds_assists,24.5,bovada,2025-10-23T14:55:27Z,2025-10-23T14:55:36Z,155.0,-210.0
Cameron Johnson,Denver Nuggets @ Golden State Warriors,2025-10-24T02:10:00Z,player_points_rebounds_assists,25.5,bovada,2025-10-23T14:55:27Z,2025-10-23T14:55:36Z,190.0,-260.0
Christian Braun,Denver Nuggets @ Golden State Warriors,2025-10-24T02:10:00Z,player_points_rebounds_assists,17.5,bovada,2025-10-23T14:55:27Z,2025-10-23T14:55:36Z,-250.0,185.0
Christian Braun,Denver Nuggets @ Golden State Warriors,2025-10-24T02:10:00Z,player_points_rebounds_assists,18.5,bovada,2025-10-23T14:55:27Z,2025-10-23T14:55:36Z,-200.0,150.0
Christian Braun,Denver Nuggets @ Golden State Warriors,2025-10-24T02:10:00Z,player_points_rebounds_assists,19.5,bovada,2025-10-23T14:55:27Z,2025-10-23T14:55:36Z,-160.0,120.0
Christian Braun,Denver Nuggets @ Golden State Warriors,2025-10-24T02:10:00Z,player_points_rebounds_assists,20.5,bovada,2025-10-23T14:55:27Z,2025-10-23T14:55:36Z,-125.0,-105.0
Christian Braun,Denver Nuggets @ Golden State Warriors,2025-10-24T02:10:00Z,player_points_rebounds_assists,21.5,bovada,2025-10-23T14:55:27Z,2025-10-23T14:55:36Z,100.0,-130.0
Christian Braun,Denver Nuggets @ Golden State Warriors,2025-10-24T02:10:00Z,player_points_rebounds_assists,22.5,bovada,2025-10-23T14:55:27Z,2025-10-23T14:55:36Z,120.0,-160.0
Christian Braun,Denver Nuggets @ Golden State Warriors,2025-10-24T02:10:00Z,player_points_rebounds_assists,23.5,bovada,2025-10-23T14:55:27Z,2025-10-23T14:55:36Z,150.0,-200.0
Christian Braun,Denver Nuggets @ Golden State Warriors,2025-10-24T02:10:00Z,player_points_rebounds_assists,24.5,bovada,2025-10-23T14:55:27Z,2025-10-23T14:55:36Z,180.0,-245.0
Draymond Green,Denver Nuggets @ Golden State Warriors,2025-10-24T02:10:00Z,player_points_rebounds_assists,16.5,bovada,2025-10-23T14:55:27Z,2025-10-23T14:55:36Z,-280.0,205.0
Draymond Green,Denver Nuggets @ Golden State Warriors,2025-10-24T02:10:00Z,player_points_rebounds_assists,17.5,bovada,2025-10-23T14:55:27Z,2025-10-23T14:55:36Z,-220.0,165.0
Draymond Green,Denver Nuggets @ Golden State Warriors,2025-10-24T02:10:00Z,player_points_rebounds_assists,18.5,bovada,2025-10-23T14:55:27Z,2025-10-23T14:55:36Z,-170.0,130.0
Draymond Green,Denver Nuggets @ Golden State Warriors,2025-10-24T02:10:00Z,player_points_rebounds_assists,19.5,bovada,2025-10-23T14:55:27Z,2025-10-23T14:55:36Z,-135.0,105.0
Draymond Green,Denver Nuggets @ Golden State Warriors,2025-10-24T02:10:00Z,player_points_rebounds_assists,20.5,bovada,2025-10-23T14:55:27Z,2025-10-23T14:55:36Z,-110.0,-120.0
Draymond Green,Denver Nuggets @ Golden State Warriors,2025-10-24T02:10:00Z,player_points_rebounds_assists,21.5,bovada,2025-10-23T14:55:27Z,2025-10-23T14:55:36Z,110.0,-145.0
Draymond Green,Denver Nuggets @ Golden State Warriors,2025-10-24T02:10:00Z,player_points_rebounds_assists,22.5,bovada,2025-10-23T14:55:27Z,2025-10-23T14:55:36Z,140.0,-185.0
Draymond Green,Denver Nuggets @ Golden State Warriors,2025-10-24T02:10:00Z,player_points_rebounds_assists,23.5,bovada,2025-10-23T14:55:27Z,2025-10-23T14:55:36Z,170.0,-230.0
Draymond Green,Denver Nuggets @ Golden State Warriors,2025-10-24T02:10:00Z,player_points_rebounds_assists,24.5,bovada,2025-10-23T14:55:27Z,2025-10-23T14:55:36Z,205.0,-280.0
Jamal Murray,Denver Nuggets @ Golden State Warriors,2025-10-24T02:10:00Z,player_points_rebounds_assists,25.5,bovada,2025-10-23T14:55:27Z,2025-10-23T14:55:36Z,-275.0,200.0
Jamal Murray,Denver Nuggets @ Golden State Warriors,2025-10-24T02:10:00Z,player_points_rebounds_assists,26.5,bovada,2025-10-23T14:55:27Z,2025-10-23T14:55:36Z,-220.0,165.0
Jamal Murray,Denver Nuggets @ Golden State Warriors,2025-10-24T02:10:00Z,player_points_rebounds_assists,27.5,bovada,2025-10-23T14:55:27Z,2025-10-23T14:55:36Z,-180.0,135.0
Jamal Murray,Denver Nuggets @ Golden State Warriors,2025-10-24T02:10:00Z,player_points_rebounds_assists,28.5,bovada,2025-10-23T14:55:27Z,2025-10-23T14:55:36Z,-150.0,115.0
Jamal Murray,Denver Nuggets @ Golden State Warriors,2025-10-24T02:10:00Z,player_points_rebounds_assists,29.5,bovada,2025-10-23T14:55:27Z,2025-10-23T14:55:36Z,-125.0,-105.0
Jamal Murray,Denver Nuggets @ Golden State Warriors,2025-10-24T02:10:00Z,player_points_rebounds_assists,30.5,bovada,2025-10-23T14:55:27Z,2025-10-23T14:55:36Z,-105.0,-125.0
Jamal Murray,Denver Nuggets @ Golden State Warriors,2025-10-24T02:10:00Z,player_points_rebounds_assists,31.5,bovada,2025-10-23T14:55:27Z,2025-10-23T14:55:36Z,115.0,-150.0
Jamal Murray,Denver Nuggets @ Golden State Warriors,2025-10-24T02:10:00Z,player_points_rebounds_assists,32.5,bovada,2025-10-23T14:55:27Z,2025-10-23T14:55:36Z,135.0,-180.0
Jamal Murray,Denver Nuggets @ Golden State Warriors,2025-10-24T02:10:00Z,player_points_rebounds_assists,33.5,bovada,2025-10-23T14:55:27Z,2025-10-23T14:55:36Z,160.0,-215.0
Jamal Murray,Denver Nuggets @ Golden State Warriors,2025-10-24T02:10:00Z,player_points_rebounds_assists,34.5,bovada,2025-10-23T14:55:27Z,2025-10-23T14:55:36Z,185.0,-250.0
Jimmy Butler,Denver Nuggets @ Golden State Warriors,2025-10-24T02:10:00Z,player_points_rebounds_assists,25.5,bovada,2025-10-23T14:55:27Z,2025-10-23T14:55:36Z,-275.0,200.0
Jimmy Butler,Denver Nuggets @ Golden State Warriors,2025-10-24T02:10:00Z,player_points_rebounds_assists,26.5,bovada,2025-10-23T14:55:27Z,2025-10-23T14:55:36Z,-220.0,165.0
Jimmy Butler,Denver Nuggets @ Golden State Warriors,2025-10-24T02:10:00Z,player_points_rebounds_assists,27.5,bovada,2025-10-23T14:55:27Z,2025-10-23T14:55:36Z,-180.0,135.0
Jimmy Butler,Denver Nuggets @ Golden State Warriors,2025-10-24T02:10:00Z,player_points_rebounds_assists,28.5,bovada,2025-10-23T14:55:27Z,2025-10-23T14:55:36Z,-150.0,115.0
Jimmy Butler,Denver Nuggets @ Golden State Warriors,2025-10-24T02:10:00Z,player_points_rebounds_assists,29.5,bovada,2025-10-23T14:55:27Z,2025-10-23T14:55:36Z,-125.0,-105.0
Jimmy Butler,Denver Nuggets @ Golden State Warriors,2025-10-24T02:10:00Z,player_points_rebounds_assists,30.5,bovada,2025-10-23T14:55:27Z,2025-10-23T14:55:36Z,-105.0,-125.0
Jimmy Butler,Denver Nuggets @ Golden State Warriors,2025-10-24T02:10:00Z,player_points_rebounds_assists,31.5,bovada,2025-10-23T14:55:27Z,2025-10-23T14:55:36Z,115.0,-150.0
Jimmy Butler,Denver Nuggets @ Golden State Warriors,2025-10-24T02:10:00Z,player_points_rebounds_assists,32.5,bovada,2025-10-23T14:55:27Z,2025-10-23T14:55:36Z,135.0,-180.0
Jimmy Butler,Denver Nuggets @ Golden State Warriors,2025-10-24T02:10:00Z,player_points_rebounds_assists,33.5,bovada,2025-10-23T14:55:27Z,2025-10-23T14:55:36Z,160.0,-215.0
Jimmy Butler,Denver Nuggets @ Golden State Warriors,2025-10-24T02:10:00Z,player_points_rebounds_assists,34.5,bovada,2025-10-23T14:55:27Z,2025-10-23T14:55:36Z,185.0,-250.0
Jonathan Kuminga,Denver Nuggets @ Golden State Warriors,2025-10-24T02:10:00Z,player_points_rebounds_assists,19.5,bovada,2025-10-23T14:55:27Z,2025-10-23T14:55:36Z,-275.0,200.0
Jonathan Kuminga,Denver Nuggets @ Golden State Warriors,2025-10-24T02:10:00Z,player_points_rebounds_assists,20.5,bovada,2025-10-23T14:55:27Z,2025-10-23T14:55:36Z,-215.0,160.0
Jonathan Kuminga,Denver Nuggets @ Golden State Warriors,2025-10-24T02:10:00Z,player_points_rebounds_assists,21.5,bovada,2025-10-23T14:55:27Z,2025-10-23T14:55:36Z,-170.0,130.0
Jonathan Kuminga,Denver Nuggets @ Golden State Warriors,2025-10-24T02:10:00Z,player_points_rebounds_assists,22.5,bovada,2025-10-23T14:55:27Z,2025-10-23T14:55:36Z,-135.0,105.0
Jonathan Kuminga,Denver Nuggets @ Golden State Warriors,2025-10-24T02:10:00Z,player_points_rebounds_assists,23.5,bovada,2025-10-23T14:55:27Z,2025-10-23T14:55:36Z,-110.0,-120.0
Jonathan Kuminga,Denver Nuggets @ Golden State Warriors,2025-10-24T02:10:00Z,player_points_rebounds_assists,24.5,bovada,2025-10-23T14:55:27Z,2025-10-23T14:55:36Z,110.0,-145.0
Jonathan Kuminga,Denver Nuggets @ Golden State Warriors,2025-10-24T02:10:00Z,player_points_rebounds_assists,25.5,bovada,2025-10-23T14:55:27Z,2025-10-23T14:55:36Z,130.0,-170.0
Jonathan Kuminga,Denver Nuggets @ Golden State Warriors,2025-10-24T02:10:00Z,player_points_rebounds_assists,26.5,bovada,2025-10-23T14:55:27Z,2025-10-23T14:55:36Z,160.0,-215.0
Jonathan Kuminga,Denver Nuggets @ Golden State Warriors,2025-10-24T02:10:00Z,player_points_rebounds_assists,27.5,bovada,2025-10-23T14:55:27Z,2025-10-23T14:55:36Z,190.0,-260.0
Nikola Jokic,Denver Nuggets @ Golden State Warriors,2025-10-24T02:10:00Z,player_points_rebounds_assists,43.5,bovada,2025-10-23T14:55:27Z,2025-10-23T14:55:36Z,-250.0,185.0
Nikola Jokic,Denver Nuggets @ Golden State Warriors,2025-10-24T02:10:00Z,player_points_rebounds_assists,44.5,bovada,2025-10-23T14:55:27Z,2025-10-23T14:55:36Z,-215.0,160.0
Nikola Jokic,Denver Nuggets @ Golden State Warriors,2025-10-24T02:10:00Z,player_points_rebounds_assists,45.5,bovada,2025-10-23T14:55:27Z,2025-10-23T14:55:36Z,-185.0,140.0
Nikola Jokic,Denver Nuggets @ Golden State Warriors,2025-10-24T02:10:00Z,player_points_rebounds_assists,46.5,bovada,2025-10-23T14:55:27Z,2025-10-23T14:55:36Z,-160.0,120.0
Nikola Jokic,Denver Nuggets @ Golden State Warriors,2025-10-24T02:10:00Z,player_points_rebounds_assists,47.5,bovada,2025-10-23T14:55:27Z,2025-10-23T14:55:36Z,-135.0,105.0
Nikola Jokic,Denver Nuggets @ Golden State Warriors,2025-10-24T02:10:00Z,player_points_rebounds_assists,48.5,bovada,2025-10-23T14:55:27Z,2025-10-23T14:55:36Z,-120.0,-110.0
Nikola Jokic,Denver Nuggets @ Golden State Warriors,2025-10-24T02:10:00Z,player_points_rebounds_assists,49.5,bovada,2025-10-23T14:55:27Z,2025-10-23T14:55:36Z,-105.0,-125.0
Nikola Jokic,Denver Nuggets @ Golden State Warriors,2025-10-24T02:10:00Z,player_points_rebounds_assists,50.5,bovada,2025-10-23T14:55:27Z,2025-10-23T14:55:36Z,110.0,-145.0
Nikola Jokic,Denver Nuggets @ Golden State Warriors,2025-10-24T02:10:00Z,player_points_rebounds_assists,51.5,bovada,2025-10-23T14:55:27Z,2025-10-23T14:55:36Z,125.0,-165.0
Nikola Jokic,Denver Nuggets @ Golden State Warriors,2025-10-24T02:10:00Z,player_points_rebounds_assists,52.5,bovada,2025-10-23T14:55:27Z,2025-10-23T14:55:36Z,145.0,-190.0
Nikola Jokic,Denver Nuggets @ Golden State Warriors,2025-10-24T02:10:00Z,player_points_rebounds_assists,53.5,bovada,2025-10-23T14:55:27Z,2025-10-23T14:55:36Z,165.0,-220.0
Nikola Jokic,Denver Nuggets @ Golden State Warriors,2025-10-24T02:10:00Z,player_points_rebounds_assists,54.5,bovada,2025-10-23T14:55:27Z,2025-10-23T14:55:36Z,185.0,-250.0
Nikola Jokic,Denver Nuggets @ Golden State Warriors,2025-10-24T02:10:00Z,player_points_rebounds_assists,55.5,bovada,2025-10-23T14:55:27Z,2025-10-23T14:55:36Z,215.0,-300.0
Stephen Curry,Denver Nuggets @ Golden State Warriors,2025-10-24T02:10:00Z,player_points_rebounds_assists,31.5,bovada,2025-10-23T14:55:27Z,2025-10-23T14:55:36Z,-260.0,190.0
Stephen Curry,Denver Nuggets @ Golden State Warriors,2025-10-24T02:10:00Z,player_points_rebounds_assists,32.5,bovada,2025-10-23T14:55:27Z,2025-10-23T14:55:36Z,-220.0,165.0
Stephen Curry,Denver Nuggets @ Golden State Warriors,2025-10-24T02:10:00Z,player_points_rebounds_assists,33.5,bovada,2025-10-23T14:55:27Z,2025-10-23T14:55:36Z,-185.0,140.0
Stephen Curry,Denver Nuggets @ Golden State Warriors,2025-10-24T02:10:00Z,player_points_rebounds_assists,34.5,bovada,2025-10-23T14:55:27Z,2025-10-23T14:55:36Z,-150.0,115.0
Stephen Curry,Denver Nuggets @ Golden State Warriors,2025-10-24T02:10:00Z,player_points_rebounds_assists,35.5,bovada,2025-10-23T14:55:27Z,2025-10-23T14:55:36Z,-130.0,100.0
Stephen Curry,Denver Nuggets @ Golden State Warriors,2025-10-24T02:10:00Z,player_points_rebounds_assists,36.5,bovada,2025-10-23T14:55:27Z,2025-10-23T14:55:36Z,-110.0,-120.0
Stephen Curry,Denver Nuggets @ Golden State Warriors,2025-10-24T02:10:00Z,player_points_rebounds_assists,37.5,bovada,2025-10-23T14:55:27Z,2025-10-23T14:55:36Z,105.0,-135.0
Stephen Curry,Denver Nuggets @ Golden State Warriors,2025-10-24T02:10:00Z,player_points_rebounds_assists,38.5,bovada,2025-10-23T14:55:27Z,2025-10-23T14:55:36Z,125.0,-165.0
Stephen Curry,Denver Nuggets @ Golden State Warriors,2025-10-24T02:10:00Z,player_points_rebounds_assists,39.5,bovada,2025-10-23T14:55:27Z,2025-10-23T14:55:36Z,145.0,-190.0
Stephen Curry,Denver Nuggets @ Golden State Warriors,2025-10-24T02:10:00Z,player_points_rebounds_assists,40.5,bovada,2025-10-23T14:55:27Z,2025-10-23T14:55:36Z,165.0,-220.0
Stephen Curry,Denver Nuggets @ Golden State Warriors,2025-10-24T02:10:00Z,player_points_rebounds_assists,41.5,bovada,2025-10-23T14:55:27Z,2025-10-23T14:55:36Z,190.0,-260.0
Brandin Podziemski,Denver Nuggets @ Golden State Warriors,2025-10-24T02:10:00Z,player_rebounds,4.5,bovada,2025-10-23T14:55:27Z,2025-10-23T14:55:36Z,-190.0,145.0
Brandin Podziemski,Denver Nuggets @ Golden State Warriors,2025-10-24T02:10:00Z,player_rebounds,5.5,bovada,2025-10-23T14:55:27Z,2025-10-23T14:55:36Z,100.0,-130.0
Brandin Podziemski,Denver Nuggets @ Golden State Warriors,2025-10-24T02:10:00Z,player_rebounds,6.5,bovada,2025-10-23T14:55:27Z,2025-10-23T14:55:36Z,175.0,-240.0
Draymond Green,Denver Nuggets @ Golden State Warriors,2025-10-24T02:10:00Z,player_rebounds,4.5,bovada,2025-10-23T14:55:27Z,2025-10-23T14:55:36Z,-300.0,215.0
Draymond Green,Denver Nuggets @ Golden State Warriors,2025-10-24T02:10:00Z,player_rebounds,5.5,bovada,2025-10-23T14:55:27Z,2025-10-23T14:55:36Z,-145.0,110.0
Draymond Green,Denver Nuggets @ Golden State Warriors,2025-10-24T02:10:00Z,player_rebounds,6.5,bovada,2025-10-23T14:55:27Z,2025-10-23T14:55:36Z,120.0,-160.0
Draymond Green,Denver Nuggets @ Golden State Warriors,2025-10-24T02:10:00Z,player_rebounds,7.5,bovada,2025-10-23T14:55:27Z,2025-10-23T14:55:36Z,210.0,-290.0
Jimmy Butler,Denver Nuggets @ Golden State Warriors,2025-10-24T02:10:00Z,player_rebounds,4.5,bovada,2025-10-23T14:55:27Z,2025-10-23T14:55:36Z,-190.0,145.0
Jimmy Butler,Denver Nuggets @ Golden State Warriors,2025-10-24T02:10:00Z,player_rebounds,5.5,bovada,2025-10-23T14:55:27Z,2025-10-23T14:55:36Z,100.0,-130.0
Jimmy Butler,Denver Nuggets @ Golden State Warriors,2025-10-24T02:10:00Z,player_rebounds,6.5,bovada,2025-10-23T14:55:27Z,2025-10-23T14:55:36Z,175.0,-240.0
Nikola Jokic,Denver Nuggets @ Golden State Warriors,2025-10-24T02:10:00Z,player_rebounds,9.5,bovada,2025-10-23T14:55:27Z,2025-10-23T14:55:36Z,-240.0,175.0
Nikola Jokic,Denver Nuggets @ Golden State Warriors,2025-10-24T02:10:00Z,player_rebounds,10.5,bovada,2025-10-23T14:55:27Z,2025-10-23T14:55:36Z,-145.0,110.0
Nikola Jokic,Denver Nuggets @ Golden State Warriors,2025-10-24T02:10:00Z,player_rebounds,11.5,bovada,2025-10-23T14:55:27Z,2025-10-23T14:55:36Z,105.0,-135.0
Nikola Jokic,Denver Nuggets @ Golden State Warriors,2025-10-24T02:10:00Z,player_rebounds,12.5,bovada,2025-10-23T14:55:27Z,2025-10-23T14:55:36Z,160.0,-215.0
Aaron Gordon,Denver Nuggets @ Golden State Warriors,2025-10-24T02:10:00Z,player_steals,0.5,bovada,2025-10-23T14:55:27Z,2025-10-23T14:55:36Z,-115.0,-115.0
Christian Braun,Denver Nuggets @ Golden State Warriors,2025-10-24T02:10:00Z,player_steals,0.5,bovada,2025-10-23T14:55:27Z,2025-10-23T14:55:36Z,-215.0,160.0
Draymond Green,Denver Nuggets @ Golden State Warriors,2025-10-24T02:10:00Z,player_steals,1.5,bovada,2025-10-23T14:55:27Z,2025-10-23T14:55:36Z,155.0,-210.0
Jamal Murray,Denver Nuggets @ Golden State Warriors,2025-10-24T02:10:00Z,player_steals,0.5,bovada,2025-10-23T14:55:27Z,2025-10-23T14:55:36Z,-245.0,180.0
Jamal Murray,Denver Nuggets @ Golden State Warriors,2025-10-24T02:10:00Z,player_steals,1.5,bovada,2025-10-23T14:55:27Z,2025-10-23T14:55:36Z,210.0,-290.0
Jimmy Butler,Denver Nuggets @ Golden State Warriors,2025-10-24T02:10:00Z,player_steals,1.5,bovada,2025-10-23T14:55:27Z,2025-10-23T14:55:36Z,130.0,-170.0
Nikola Jokic,Denver Nuggets @ Golden State Warriors,2025-10-24T02:10:00Z,player_steals,1.5,bovada,2025-10-23T14:55:27Z,2025-10-23T14:55:36Z,-135.0,105.0
Stephen Curry,Denver Nuggets @ Golden State Warriors,2025-10-24T02:10:00Z,player_steals,0.5,bovada,2025-10-23T14:55:27Z,2025-10-23T14:55:36Z,-240.0,175.0
Stephen Curry,Denver Nuggets @ Golden State Warriors,2025-10-24T02:10:00Z,player_steals,1.5,bovada,2025-10-23T14:55:27Z,2025-10-23T14:55:36Z,215.0,-300.0
Aaron Gordon,Denver Nuggets @ Golden State Warriors,2025-10-24T02:10:00Z,player_threes,1.5,bovada,2025-10-23T14:55:27Z,2025-10-23T14:55:36Z,130.0,-170.0
Al Horford,Denver Nuggets @ Golden State Warriors,2025-10-24T02:10:00Z,player_threes,1.5,bovada,2025-10-23T14:55:27Z,2025-10-23T14:55:36Z,135.0,-180.0
Brandin Podziemski,Denver Nuggets @ Golden State Warriors,2025-10-24T02:10:00Z,player_threes,1.5,bovada,2025-10-23T14:55:27Z,2025-10-23T14:55:36Z,-180.0,135.0
Brandin Podziemski,Denver Nuggets @ Golden State Warriors,2025-10-24T02:10:00Z,player_threes,2.5,bovada,2025-10-23T14:55:27Z,2025-10-23T14:55:36Z,170.0,-230.0
Buddy Hield,Denver Nuggets @ Golden State Warriors,2025-10-24T02:10:00Z,player_threes,2.5,bovada,2025-10-23T14:55:27Z,2025-10-23T14:55:36Z,-110.0,-120.0
Cameron Johnson,Denver Nuggets @ Golden State Warriors,2025-10-24T02:10:00Z,player_threes,1.5,bovada,2025-10-23T14:55:27Z,2025-10-23T14:55:36Z,-275.0,200.0
Cameron Johnson,Denver Nuggets @ Golden State Warriors,2025-10-24T02:10:00Z,player_threes,2.5,bovada,2025-10-23T14:55:27Z,2025-10-23T14:55:36Z,115.0,-150.0
Christian Braun,Denver Nuggets @ Golden State Warriors,2025-10-24T02:10:00Z,player_threes,1.5,bovada,2025-10-23T14:55:27Z,2025-10-23T14:55:36Z,135.0,-180.0
Draymond Green,Denver Nuggets @ Golden State Warriors,2025-10-24T02:10:00Z,player_threes,0.5,bovada,2025-10-23T14:55:27Z,2025-10-23T14:55:36Z,-245.0,180.0
Draymond Green,Denver Nuggets @ Golden State Warriors,2025-10-24T02:10:00Z,player_threes,1.5,bovada,2025-10-23T14:55:27Z,2025-10-23T14:55:36Z,190.0,-260.0
Jamal Murray,Denver Nuggets @ Golden State Warriors,2025-10-24T02:10:00Z,player_threes,1.5,bovada,2025-10-23T14:55:27Z,2025-10-23T14:55:36Z,-220.0,165.0
Jamal Murray,Denver Nuggets @ Golden State Warriors,2025-10-24T02:10:00Z,player_threes,2.5,bovada,2025-10-23T14:55:27Z,2025-10-23T14:55:36Z,135.0,-180.0
Jonathan Kuminga,Denver Nuggets @ Golden State Warriors,2025-10-24T02:10:00Z,player_threes,1.5,bovada,2025-10-23T14:55:27Z,2025-10-23T14:55:36Z,130.0,-170.0
Nikola Jokic,Denver Nuggets @ Golden State Warriors,2025-10-24T02:10:00Z,player_threes,1.5,bovada,2025-10-23T14:55:27Z,2025-10-23T14:55:36Z,105.0,-135.0
Stephen Curry,Denver Nuggets @ Golden State Warriors,2025-10-24T02:10:00Z,player_threes,3.5,bovada,2025-10-23T14:55:27Z,2025-10-23T14:55:36Z,-245.0,180.0
Stephen Curry,Denver Nuggets @ Golden State Warriors,2025-10-24T02:10:00Z,player_threes,4.5,bovada,2025-10-23T14:55:27Z,2025-10-23T14:55:36Z,-110.0,-120.0
Stephen Curry,Denver Nuggets @ Golden State Warriors,2025-10-24T02:10:00Z,player_threes,5.5,bovada,2025-10-23T14:55:27Z,2025-10-23T14:55:36Z,185.0,-250.0
Nikola Jokic,Denver Nuggets @ Golden State Warriors,2025-10-24T02:10:00Z,player_triple_double,,bovada,2025-10-23T14:55:27Z,2025-10-23T14:55:36Z,,
Draymond Green,Denver Nuggets @ Golden State Warriors,2025-10-24T02:10:00Z,player_triple_double,,bovada,2025-10-23T14:55:27Z,2025-10-23T14:55:36Z,,
Jimmy Butler,Denver Nuggets @ Golden State Warriors,2025-10-24T02:10:00Z,player_triple_double,,bovada,2025-10-23T14:55:27Z,2025-10-23T14:55:36Z,,
