player,game,game_time,market,line,bookmaker,bookmaker_last_update,market_last_update,over_odds,under_odds
Cade Cunningham,Cleveland Cavaliers @ Detroit Pistons,2025-10-27T23:00:00Z,player_assists,8.5,draftkings,2025-10-27T14:54:53Z,2025-10-27T14:55:18Z,-137.0,105.0
Donovan Mitchell,Cleveland Cavaliers @ Detroit Pistons,2025-10-27T23:00:00Z,player_assists,5.5,draftkings,2025-10-27T14:54:53Z,2025-10-27T14:55:18Z,105.0,-136.0
Evan Mobley,Cleveland Cavaliers @ Detroit Pistons,2025-10-27T23:00:00Z,player_assists,3.5,draftkings,2025-10-27T14:54:53Z,2025-10-27T14:55:18Z,-133.0,102.0
Evan Mobley,Cleveland Cavaliers @ Detroit Pistons,2025-10-27T23:00:00Z,player_blocks,1.5,draftkings,2025-10-27T14:54:53Z,2025-10-27T14:55:18Z,-139.0,105.0
Jarrett Allen,Cleveland Cavaliers @ Detroit Pistons,2025-10-27T23:00:00Z,player_blocks,0.5,draftkings,2025-10-27T14:54:53Z,2025-10-27T14:55:18Z,-177.0,133.0
Cade Cunningham,Cleveland Cavaliers @ Detroit Pistons,2025-10-27T23:00:00Z,player_blocks,0.5,draftkings,2025-10-27T14:54:53Z,2025-10-27T14:55:18Z,-117.0,-113.0
Ausar Thompson,Cleveland Cavaliers @ Detroit Pistons,2025-10-27T23:00:00Z,player_blocks,0.5,draftkings,2025-10-27T14:54:53Z,2025-10-27T14:55:18Z,105.0,-140.0
Jalen Duren,Cleveland Cavaliers @ Detroit Pistons,2025-10-27T23:00:00Z,player_double_double,,draftkings,2025-10-27T14:54:53Z,2025-10-27T14:55:18Z,,
Cade Cunningham,Cleveland Cavaliers @ Detroit Pistons,2025-10-27T23:00:00Z,player_double_double,,draftkings,2025-10-27T14:54:53Z,2025-10-27T14:55:18Z,,
Evan Mobley,Cleveland Cavaliers @ Detroit Pistons,2025-10-27T23:00:00Z,player_double_double,,draftkings,2025-10-27T14:54:53Z,2025-10-27T14:55:18Z,,
Jarrett Allen,Cleveland Cavaliers @ Detroit Pistons,2025-10-27T23:00:00Z,player_double_double,,draftkings,2025-10-27T14:54:53Z,2025-10-27T14:55:18Z,,
Tobias Harris,Cleveland Cavaliers @ Detroit Pistons,2025-10-27T23:00:00Z,player_double_double,,draftkings,2025-10-27T14:54:53Z,2025-10-27T14:55:18Z,,
Ausar Thompson,Cleveland Cavaliers @ Detroit Pistons,2025-10-27T23:00:00Z,player_double_double,,draftkings,2025-10-27T14:54:53Z,2025-10-27T14:55:18Z,,
Donovan Mitchell,Cleveland Cavaliers @ Detroit Pistons,2025-10-27T23:00:00Z,player_double_double,,draftkings,2025-10-27T14:54:53Z,2025-10-27T14:55:18Z,,
Donovan Mitchell,Cleveland Cavaliers @ Detroit Pistons,2025-10-27T23:00:00Z,player_points,27.5,draftkings,2025-10-27T14:54:53Z,2025-10-27T14:55:18Z,-108.0,-118.0
Cade Cunningham,Cleveland Cavaliers @ Detroit Pistons,2025-10-27T23:00:00Z,player_points,26.5,draftkings,2025-10-27T14:54:53Z,2025-10-27T14:55:18Z,-103.0,-123.0
Evan Mobley,Cleveland Cavaliers @ Detroit Pistons,2025-10-27T23:00:00Z,player_points,18.5,draftkings,2025-10-27T14:54:53Z,2025-10-27T14:55:18Z,-108.0,-118.0
De'Andre Hunter,Cleveland Cavaliers @ Detroit Pistons,2025-10-27T23:00:00Z,player_points,14.5,draftkings,2025-10-27T14:54:53Z,2025-10-27T14:55:18Z,-126.0,-101.0
Tobias Harris,Cleveland Cavaliers @ Detroit Pistons,2025-10-27T23:00:00Z,player_points,13.5,draftkings,2025-10-27T14:54:53Z,2025-10-27T14:55:18Z,-127.0,-101.0
Ausar Thompson,Cleveland Cavaliers @ Detroit Pistons,2025-10-27T23:00:00Z,player_points,13.5,draftkings,2025-10-27T14:54:53Z,2025-10-27T14:55:18Z,-126.0,-101.0
Jalen Duren,Cleveland Cavaliers @ Detroit Pistons,2025-10-27T23:00:00Z,player_points,12.5,draftkings,2025-10-27T14:54:53Z,2025-10-27T14:55:18Z,-117.0,-109.0
Sam Merrill,Cleveland Cavaliers @ Detroit Pistons,2025-10-27T23:00:00Z,player_points,12.5,draftkings,2025-10-27T14:54:53Z,2025-10-27T14:55:18Z,-109.0,-117.0
Jarrett Allen,Cleveland Cavaliers @ Detroit Pistons,2025-10-27T23:00:00Z,player_points,11.5,draftkings,2025-10-27T14:54:53Z,2025-10-27T14:55:18Z,-129.0,102.0
Duncan Robinson,Cleveland Cavaliers @ Detroit Pistons,2025-10-27T23:00:00Z,player_points,9.5,draftkings,2025-10-27T14:54:53Z,2025-10-27T14:55:18Z,-116.0,-110.0
Cade Cunningham,Cleveland Cavaliers @ Detroit Pistons,2025-10-27T23:00:00Z,player_points_rebounds_assists,40.5,draftkings,2025-10-27T14:54:53Z,2025-10-27T14:55:18Z,-120.0,-108.0
Donovan Mitchell,Cleveland Cavaliers @ Detroit Pistons,2025-10-27T23:00:00Z,player_points_rebounds_assists,36.5,draftkings,2025-10-27T14:54:53Z,2025-10-27T14:55:18Z,-119.0,-109.0
Evan Mobley,Cleveland Cavaliers @ Detroit Pistons,2025-10-27T23:00:00Z,player_points_rebounds_assists,31.5,draftkings,2025-10-27T14:54:53Z,2025-10-27T14:55:18Z,-106.0,-122.0
Jalen Duren,Cleveland Cavaliers @ Detroit Pistons,2025-10-27T23:00:00Z,player_rebounds,10.5,draftkings,2025-10-27T14:54:53Z,2025-10-27T14:55:18Z,-106.0,-122.0
Evan Mobley,Cleveland Cavaliers @ Detroit Pistons,2025-10-27T23:00:00Z,player_rebounds,8.5,draftkings,2025-10-27T14:54:53Z,2025-10-27T14:55:18Z,-126.0,-103.0
Jarrett Allen,Cleveland Cavaliers @ Detroit Pistons,2025-10-27T23:00:00Z,player_rebounds,8.5,draftkings,2025-10-27T14:54:53Z,2025-10-27T14:55:18Z,-103.0,-126.0
Tobias Harris,Cleveland Cavaliers @ Detroit Pistons,2025-10-27T23:00:00Z,player_rebounds,6.5,draftkings,2025-10-27T14:54:53Z,2025-10-27T14:55:18Z,109.0,-141.0
Ausar Thompson,Cleveland Cavaliers @ Detroit Pistons,2025-10-27T23:00:00Z,player_rebounds,6.5,draftkings,2025-10-27T14:54:53Z,2025-10-27T14:55:18Z,115.0,-149.0
Cade Cunningham,Cleveland Cavaliers @ Detroit Pistons,2025-10-27T23:00:00Z,player_rebounds,5.5,draftkings,2025-10-27T14:54:53Z,2025-10-27T14:55:18Z,-117.0,-111.0
Donovan Mitchell,Cleveland Cavaliers @ Detroit Pistons,2025-10-27T23:00:00Z,player_rebounds,3.5,draftkings,2025-10-27T14:54:53Z,2025-10-27T14:55:18Z,-134.0,103.0
De'Andre Hunter,Cleveland Cavaliers @ Detroit Pistons,2025-10-27T23:00:00Z,player_rebounds,3.5,draftkings,2025-10-27T14:54:53Z,2025-10-27T14:55:18Z,-125.0,-104.0
Donovan Mitchell,Cleveland Cavaliers @ Detroit Pistons,2025-10-27T23:00:00Z,player_steals,1.5,draftkings,2025-10-27T14:54:53Z,2025-10-27T14:55:18Z,-109.0,-122.0
Ausar Thompson,Cleveland Cavaliers @ Detroit Pistons,2025-10-27T23:00:00Z,player_steals,1.5,draftkings,2025-10-27T14:54:53Z,2025-10-27T14:55:18Z,150.0,-202.0
Evan Mobley,Cleveland Cavaliers @ Detroit Pistons,2025-10-27T23:00:00Z,player_steals,1.5,draftkings,2025-10-27T14:54:53Z,2025-10-27T14:55:18Z,172.0,-232.0
Cade Cunningham,Cleveland Cavaliers @ Detroit Pistons,2025-10-27T23:00:00Z,player_steals,0.5,draftkings,2025-10-27T14:54:53Z,2025-10-27T14:55:18Z,-246.0,181.0
Donovan Mitchell,Cleveland Cavaliers @ Detroit Pistons,2025-10-27T23:00:00Z,player_threes,3.5,draftkings,2025-10-27T14:54:53Z,2025-10-27T14:55:16Z,-106.0,-122.0
Sam Merrill,Cleveland Cavaliers @ Detroit Pistons,2025-10-27T23:00:00Z,player_threes,3.5,draftkings,2025-10-27T14:54:53Z,2025-10-27T14:55:16Z,105.0,-136.0
Duncan Robinson,Cleveland Cavaliers @ Detroit Pistons,2025-10-27T23:00:00Z,player_threes,2.5,draftkings,2025-10-27T14:54:53Z,2025-10-27T14:55:16Z,-109.0,-119.0
Cade Cunningham,Cleveland Cavaliers @ Detroit Pistons,2025-10-27T23:00:00Z,player_threes,2.5,draftkings,2025-10-27T14:54:53Z,2025-10-27T14:55:16Z,126.0,-164.0
De'Andre Hunter,Cleveland Cavaliers @ Detroit Pistons,2025-10-27T23:00:00Z,player_threes,1.5,draftkings,2025-10-27T14:54:53Z,2025-10-27T14:55:16Z,-163.0,125.0
Tobias Harris,Cleveland Cavaliers @ Detroit Pistons,2025-10-27T23:00:00Z,player_threes,1.5,draftkings,2025-10-27T14:54:53Z,2025-10-27T14:55:16Z,110.0,-143.0
Evan Mobley,Cleveland Cavaliers @ Detroit Pistons,2025-10-27T23:00:00Z,player_threes,1.5,draftkings,2025-10-27T14:54:53Z,2025-10-27T14:55:16Z,114.0,-148.0
Cade Cunningham,Cleveland Cavaliers @ Detroit Pistons,2025-10-27T23:00:00Z,player_triple_double,,draftkings,2025-10-27T14:54:53Z,2025-10-27T14:55:18Z,,
Evan Mobley,Cleveland Cavaliers @ Detroit Pistons,2025-10-27T23:00:00Z,player_assists,3.5,williamhill_us,2025-10-27T14:54:59Z,2025-10-27T14:55:09Z,-122.0,-110.0
Donovan Mitchell,Cleveland Cavaliers @ Detroit Pistons,2025-10-27T23:00:00Z,player_assists,5.5,williamhill_us,2025-10-27T14:54:59Z,2025-10-27T14:55:09Z,-109.0,-124.0
Cade Cunningham,Cleveland Cavaliers @ Detroit Pistons,2025-10-27T23:00:00Z,player_assists,8.5,williamhill_us,2025-10-27T14:54:59Z,2025-10-27T14:55:09Z,-130.0,-104.0
Jalen Duren,Cleveland Cavaliers @ Detroit Pistons,2025-10-27T23:00:00Z,player_double_double,,williamhill_us,2025-10-27T14:54:59Z,2025-10-27T14:55:09Z,,
Cade Cunningham,Cleveland Cavaliers @ Detroit Pistons,2025-10-27T23:00:00Z,player_double_double,,williamhill_us,2025-10-27T14:54:59Z,2025-10-27T14:55:09Z,,
Evan Mobley,Cleveland Cavaliers @ Detroit Pistons,2025-10-27T23:00:00Z,player_double_double,,williamhill_us,2025-10-27T14:54:59Z,2025-10-27T14:55:09Z,,
Jarrett Allen,Cleveland Cavaliers @ Detroit Pistons,2025-10-27T23:00:00Z,player_double_double,,williamhill_us,2025-10-27T14:54:59Z,2025-10-27T14:55:09Z,,
Ausar Thompson,Cleveland Cavaliers @ Detroit Pistons,2025-10-27T23:00:00Z,player_double_double,,williamhill_us,2025-10-27T14:54:59Z,2025-10-27T14:55:09Z,,
Tobias Harris,Cleveland Cavaliers @ Detroit Pistons,2025-10-27T23:00:00Z,player_double_double,,williamhill_us,2025-10-27T14:54:59Z,2025-10-27T14:55:09Z,,
Donovan Mitchell,Cleveland Cavaliers @ Detroit Pistons,2025-10-27T23:00:00Z,player_double_double,,williamhill_us,2025-10-27T14:54:59Z,2025-10-27T14:55:09Z,,
De'Andre Hunter,Cleveland Cavaliers @ Detroit Pistons,2025-10-27T23:00:00Z,player_points,15.5,williamhill_us,2025-10-27T14:54:59Z,2025-10-27T14:55:09Z,-108.0,-125.0
Donovan Mitchell,Cleveland Cavaliers @ Detroit Pistons,2025-10-27T23:00:00Z,player_points,27.5,williamhill_us,2025-10-27T14:54:59Z,2025-10-27T14:55:09Z,-112.0,-121.0
Jalen Duren,Cleveland Cavaliers @ Detroit Pistons,2025-10-27T23:00:00Z,player_points,12.5,williamhill_us,2025-10-27T14:54:59Z,2025-10-27T14:55:09Z,-125.0,-107.0
Tobias Harris,Cleveland Cavaliers @ Detroit Pistons,2025-10-27T23:00:00Z,player_points,13.5,williamhill_us,2025-10-27T14:54:59Z,2025-10-27T14:55:09Z,-118.0,-115.0
Evan Mobley,Cleveland Cavaliers @ Detroit Pistons,2025-10-27T23:00:00Z,player_points,18.5,williamhill_us,2025-10-27T14:54:59Z,2025-10-27T14:55:09Z,-122.0,-110.0
Sam Merrill,Cleveland Cavaliers @ Detroit Pistons,2025-10-27T23:00:00Z,player_points,12.5,williamhill_us,2025-10-27T14:54:59Z,2025-10-27T14:55:09Z,-110.0,-122.0
Jarrett Allen,Cleveland Cavaliers @ Detroit Pistons,2025-10-27T23:00:00Z,player_points,11.5,williamhill_us,2025-10-27T14:54:59Z,2025-10-27T14:55:09Z,-132.0,-102.0
Ausar Thompson,Cleveland Cavaliers @ Detroit Pistons,2025-10-27T23:00:00Z,player_points,14.5,williamhill_us,2025-10-27T14:54:59Z,2025-10-27T14:55:09Z,-109.0,-124.0
Duncan Robinson,Cleveland Cavaliers @ Detroit Pistons,2025-10-27T23:00:00Z,player_points,9.5,williamhill_us,2025-10-27T14:54:59Z,2025-10-27T14:55:09Z,-134.0,-102.0
Cade Cunningham,Cleveland Cavaliers @ Detroit Pistons,2025-10-27T23:00:00Z,player_points,25.5,williamhill_us,2025-10-27T14:54:59Z,2025-10-27T14:55:09Z,-135.0,-102.0
Cade Cunningham,Cleveland Cavaliers @ Detroit Pistons,2025-10-27T23:00:00Z,player_rebounds,5.5,williamhill_us,2025-10-27T14:54:59Z,2025-10-27T14:55:09Z,-114.0,-118.0
Ausar Thompson,Cleveland Cavaliers @ Detroit Pistons,2025-10-27T23:00:00Z,player_rebounds,6.5,williamhill_us,2025-10-27T14:54:59Z,2025-10-27T14:55:09Z,100.0,-141.0
De'Andre Hunter,Cleveland Cavaliers @ Detroit Pistons,2025-10-27T23:00:00Z,player_rebounds,3.5,williamhill_us,2025-10-27T14:54:59Z,2025-10-27T14:55:09Z,-130.0,-104.0
Donovan Mitchell,Cleveland Cavaliers @ Detroit Pistons,2025-10-27T23:00:00Z,player_rebounds,3.5,williamhill_us,2025-10-27T14:54:59Z,2025-10-27T14:55:09Z,-136.0,100.0
Jarrett Allen,Cleveland Cavaliers @ Detroit Pistons,2025-10-27T23:00:00Z,player_rebounds,8.5,williamhill_us,2025-10-27T14:54:59Z,2025-10-27T14:55:09Z,-105.0,-129.0
Jalen Duren,Cleveland Cavaliers @ Detroit Pistons,2025-10-27T23:00:00Z,player_rebounds,10.5,williamhill_us,2025-10-27T14:54:59Z,2025-10-27T14:55:09Z,-114.0,-118.0
Tobias Harris,Cleveland Cavaliers @ Detroit Pistons,2025-10-27T23:00:00Z,player_rebounds,6.5,williamhill_us,2025-10-27T14:54:59Z,2025-10-27T14:55:09Z,110.0,-150.0
Evan Mobley,Cleveland Cavaliers @ Detroit Pistons,2025-10-27T23:00:00Z,player_rebounds,8.5,williamhill_us,2025-10-27T14:54:59Z,2025-10-27T14:55:09Z,-115.0,-117.0
Duncan Robinson,Cleveland Cavaliers @ Detroit Pistons,2025-10-27T23:00:00Z,player_threes,2.5,williamhill_us,2025-10-27T14:54:59Z,2025-10-27T14:55:09Z,-106.0,-129.0
Donovan Mitchell,Cleveland Cavaliers @ Detroit Pistons,2025-10-27T23:00:00Z,player_threes,3.5,williamhill_us,2025-10-27T14:54:59Z,2025-10-27T14:55:09Z,-105.0,-130.0
Cade Cunningham,Cleveland Cavaliers @ Detroit Pistons,2025-10-27T23:00:00Z,player_threes,2.5,williamhill_us,2025-10-27T14:54:59Z,2025-10-27T14:55:09Z,130.0,-182.0
Evan Mobley,Cleveland Cavaliers @ Detroit Pistons,2025-10-27T23:00:00Z,player_threes,1.5,williamhill_us,2025-10-27T14:54:59Z,2025-10-27T14:55:09Z,105.0,-141.0
De'Andre Hunter,Cleveland Cavaliers @ Detroit Pistons,2025-10-27T23:00:00Z,player_threes,1.5,williamhill_us,2025-10-27T14:54:59Z,2025-10-27T14:55:09Z,-170.0,125.0
Sam Merrill,Cleveland Cavaliers @ Detroit Pistons,2025-10-27T23:00:00Z,player_threes,3.5,williamhill_us,2025-10-27T14:54:59Z,2025-10-27T14:55:09Z,100.0,-139.0
Tobias Harris,Cleveland Cavaliers @ Detroit Pistons,2025-10-27T23:00:00Z,player_threes,1.5,williamhill_us,2025-10-27T14:54:59Z,2025-10-27T14:55:09Z,105.0,-141.0
Cade Cunningham,Cleveland Cavaliers @ Detroit Pistons,2025-10-27T23:00:00Z,player_triple_double,,williamhill_us,2025-10-27T14:54:59Z,2025-10-27T14:55:09Z,,
Cade Cunningham,Cleveland Cavaliers @ Detroit Pistons,2025-10-27T23:00:00Z,player_assists,8.5,fanduel,2025-10-27T14:55:19Z,2025-10-27T14:55:01Z,-130.0,-102.0
Ausar Thompson,Cleveland Cavaliers @ Detroit Pistons,2025-10-27T23:00:00Z,player_assists,2.5,fanduel,2025-10-27T14:55:19Z,2025-10-27T14:55:01Z,-174.0,130.0
Lonzo Ball,Cleveland Cavaliers @ Detroit Pistons,2025-10-27T23:00:00Z,player_assists,4.5,fanduel,2025-10-27T14:55:19Z,2025-10-27T14:55:01Z,-125.0,-106.0
Evan Mobley,Cleveland Cavaliers @ Detroit Pistons,2025-10-27T23:00:00Z,player_assists,3.5,fanduel,2025-10-27T14:55:19Z,2025-10-27T14:55:01Z,-114.0,-114.0
Donovan Mitchell,Cleveland Cavaliers @ Detroit Pistons,2025-10-27T23:00:00Z,player_assists,5.5,fanduel,2025-10-27T14:55:19Z,2025-10-27T14:55:01Z,-114.0,-114.0
Jalen Duren,Cleveland Cavaliers @ Detroit Pistons,2025-10-27T23:00:00Z,player_double_double,,fanduel,2025-10-27T14:55:19Z,2025-10-27T14:55:01Z,,
Cade Cunningham,Cleveland Cavaliers @ Detroit Pistons,2025-10-27T23:00:00Z,player_double_double,,fanduel,2025-10-27T14:55:19Z,2025-10-27T14:55:01Z,,
Evan Mobley,Cleveland Cavaliers @ Detroit Pistons,2025-10-27T23:00:00Z,player_double_double,,fanduel,2025-10-27T14:55:19Z,2025-10-27T14:55:01Z,,
Jarrett Allen,Cleveland Cavaliers @ Detroit Pistons,2025-10-27T23:00:00Z,player_double_double,,fanduel,2025-10-27T14:55:19Z,2025-10-27T14:55:01Z,,
Ausar Thompson,Cleveland Cavaliers @ Detroit Pistons,2025-10-27T23:00:00Z,player_double_double,,fanduel,2025-10-27T14:55:19Z,2025-10-27T14:55:01Z,,
Tobias Harris,Cleveland Cavaliers @ Detroit Pistons,2025-10-27T23:00:00Z,player_double_double,,fanduel,2025-10-27T14:55:19Z,2025-10-27T14:55:01Z,,
Donovan Mitchell,Cleveland Cavaliers @ Detroit Pistons,2025-10-27T23:00:00Z,player_double_double,,fanduel,2025-10-27T14:55:19Z,2025-10-27T14:55:01Z,,
Lonzo Ball,Cleveland Cavaliers @ Detroit Pistons,2025-10-27T23:00:00Z,player_double_double,,fanduel,2025-10-27T14:55:19Z,2025-10-27T14:55:01Z,,
De'Andre Hunter,Cleveland Cavaliers @ Detroit Pistons,2025-10-27T23:00:00Z,player_double_double,,fanduel,2025-10-27T14:55:19Z,2025-10-27T14:55:01Z,,
Duncan Robinson,Cleveland Cavaliers @ Detroit Pistons,2025-10-27T23:00:00Z,player_points,10.5,fanduel,2025-10-27T14:55:19Z,2025-10-27T14:55:01Z,-112.0,-118.0
Evan Mobley,Cleveland Cavaliers @ Detroit Pistons,2025-10-27T23:00:00Z,player_points,18.5,fanduel,2025-10-27T14:55:19Z,2025-10-27T14:55:01Z,-118.0,-112.0
Jarrett Allen,Cleveland Cavaliers @ Detroit Pistons,2025-10-27T23:00:00Z,player_points,12.5,fanduel,2025-10-27T14:55:19Z,2025-10-27T14:55:01Z,102.0,-136.0
Sam Merrill,Cleveland Cavaliers @ Detroit Pistons,2025-10-27T23:00:00Z,player_points,12.5,fanduel,2025-10-27T14:55:19Z,2025-10-27T14:55:01Z,-102.0,-130.0
Tobias Harris,Cleveland Cavaliers @ Detroit Pistons,2025-10-27T23:00:00Z,player_points,13.5,fanduel,2025-10-27T14:55:19Z,2025-10-27T14:55:01Z,-128.0,-104.0
Cade Cunningham,Cleveland Cavaliers @ Detroit Pistons,2025-10-27T23:00:00Z,player_points,25.5,fanduel,2025-10-27T14:55:19Z,2025-10-27T14:55:01Z,-122.0,-108.0
Jalen Duren,Cleveland Cavaliers @ Detroit Pistons,2025-10-27T23:00:00Z,player_points,12.5,fanduel,2025-10-27T14:55:19Z,2025-10-27T14:55:01Z,-130.0,-102.0
Donovan Mitchell,Cleveland Cavaliers @ Detroit Pistons,2025-10-27T23:00:00Z,player_points,27.5,fanduel,2025-10-27T14:55:19Z,2025-10-27T14:55:01Z,-102.0,-130.0
Lonzo Ball,Cleveland Cavaliers @ Detroit Pistons,2025-10-27T23:00:00Z,player_points,6.5,fanduel,2025-10-27T14:55:19Z,2025-10-27T14:55:01Z,-110.0,-120.0
De'Andre Hunter,Cleveland Cavaliers @ Detroit Pistons,2025-10-27T23:00:00Z,player_points,15.5,fanduel,2025-10-27T14:55:19Z,2025-10-27T14:55:01Z,-112.0,-118.0
Ausar Thompson,Cleveland Cavaliers @ Detroit Pistons,2025-10-27T23:00:00Z,player_points,14.5,fanduel,2025-10-27T14:55:19Z,2025-10-27T14:55:01Z,-108.0,-122.0
Cade Cunningham,Cleveland Cavaliers @ Detroit Pistons,2025-10-27T23:00:00Z,player_points_rebounds_assists,40.5,fanduel,2025-10-27T14:55:19Z,2025-10-27T14:55:01Z,-120.0,-110.0
Lonzo Ball,Cleveland Cavaliers @ Detroit Pistons,2025-10-27T23:00:00Z,player_points_rebounds_assists,14.5,fanduel,2025-10-27T14:55:19Z,2025-10-27T14:55:01Z,-118.0,-112.0
Ausar Thompson,Cleveland Cavaliers @ Detroit Pistons,2025-10-27T23:00:00Z,player_points_rebounds_assists,24.5,fanduel,2025-10-27T14:55:19Z,2025-10-27T14:55:01Z,-104.0,-125.0
Donovan Mitchell,Cleveland Cavaliers @ Detroit Pistons,2025-10-27T23:00:00Z,player_points_rebounds_assists,36.5,fanduel,2025-10-27T14:55:19Z,2025-10-27T14:55:01Z,-118.0,-112.0
Evan Mobley,Cleveland Cavaliers @ Detroit Pistons,2025-10-27T23:00:00Z,player_points_rebounds_assists,31.5,fanduel,2025-10-27T14:55:19Z,2025-10-27T14:55:01Z,-110.0,-120.0
Lonzo Ball,Cleveland Cavaliers @ Detroit Pistons,2025-10-27T23:00:00Z,player_rebounds,3.5,fanduel,2025-10-27T14:55:19Z,2025-10-27T14:55:01Z,142.0,-192.0
Cade Cunningham,Cleveland Cavaliers @ Detroit Pistons,2025-10-27T23:00:00Z,player_rebounds,5.5,fanduel,2025-10-27T14:55:19Z,2025-10-27T14:55:01Z,-114.0,-114.0
Jarrett Allen,Cleveland Cavaliers @ Detroit Pistons,2025-10-27T23:00:00Z,player_rebounds,8.5,fanduel,2025-10-27T14:55:19Z,2025-10-27T14:55:01Z,-112.0,-118.0
Ausar Thompson,Cleveland Cavaliers @ Detroit Pistons,2025-10-27T23:00:00Z,player_rebounds,6.5,fanduel,2025-10-27T14:55:19Z,2025-10-27T14:55:01Z,-102.0,-130.0
Jalen Duren,Cleveland Cavaliers @ Detroit Pistons,2025-10-27T23:00:00Z,player_rebounds,10.5,fanduel,2025-10-27T14:55:19Z,2025-10-27T14:55:01Z,-122.0,-108.0
Evan Mobley,Cleveland Cavaliers @ Detroit Pistons,2025-10-27T23:00:00Z,player_rebounds,8.5,fanduel,2025-10-27T14:55:19Z,2025-10-27T14:55:01Z,-108.0,-122.0
Tobias Harris,Cleveland Cavaliers @ Detroit Pistons,2025-10-27T23:00:00Z,player_rebounds,6.5,fanduel,2025-10-27T14:55:19Z,2025-10-27T14:55:01Z,116.0,-154.0
De'Andre Hunter,Cleveland Cavaliers @ Detroit Pistons,2025-10-27T23:00:00Z,player_rebounds,3.5,fanduel,2025-10-27T14:55:19Z,2025-10-27T14:55:01Z,-136.0,102.0
Donovan Mitchell,Cleveland Cavaliers @ Detroit Pistons,2025-10-27T23:00:00Z,player_rebounds,3.5,fanduel,2025-10-27T14:55:19Z,2025-10-27T14:55:01Z,-144.0,108.0
Donovan Mitchell,Cleveland Cavaliers @ Detroit Pistons,2025-10-27T23:00:00Z,player_threes,3.5,fanduel,2025-10-27T14:55:19Z,2025-10-27T14:55:01Z,106.0,-140.0
Duncan Robinson,Cleveland Cavaliers @ Detroit Pistons,2025-10-27T23:00:00Z,player_threes,2.5,fanduel,2025-10-27T14:55:19Z,2025-10-27T14:55:01Z,-102.0,-130.0
Sam Merrill,Cleveland Cavaliers @ Detroit Pistons,2025-10-27T23:00:00Z,player_threes,3.5,fanduel,2025-10-27T14:55:19Z,2025-10-27T14:55:01Z,112.0,-148.0
Tobias Harris,Cleveland Cavaliers @ Detroit Pistons,2025-10-27T23:00:00Z,player_threes,1.5,fanduel,2025-10-27T14:55:19Z,2025-10-27T14:55:01Z,108.0,-144.0
De'Andre Hunter,Cleveland Cavaliers @ Detroit Pistons,2025-10-27T23:00:00Z,player_threes,1.5,fanduel,2025-10-27T14:55:19Z,2025-10-27T14:55:01Z,-174.0,130.0
Evan Mobley,Cleveland Cavaliers @ Detroit Pistons,2025-10-27T23:00:00Z,player_threes,1.5,fanduel,2025-10-27T14:55:19Z,2025-10-27T14:55:01Z,110.0,-146.0
Cade Cunningham,Cleveland Cavaliers @ Detroit Pistons,2025-10-27T23:00:00Z,player_threes,2.5,fanduel,2025-10-27T14:55:19Z,2025-10-27T14:55:01Z,140.0,-188.0
Cade Cunningham,Cleveland Cavaliers @ Detroit Pistons,2025-10-27T23:00:00Z,player_triple_double,,fanduel,2025-10-27T14:55:19Z,2025-10-27T14:55:01Z,,
Ausar Thompson,Cleveland Cavaliers @ Detroit Pistons,2025-10-27T23:00:00Z,player_assists,3.5,bovada,2025-10-27T14:54:45Z,2025-10-27T14:55:02Z,140.0,-185.0
Donovan Mitchell,Cleveland Cavaliers @ Detroit Pistons,2025-10-27T23:00:00Z,player_assists,4.5,bovada,2025-10-27T14:54:45Z,2025-10-27T14:55:02Z,-230.0,170.0
Donovan Mitchell,Cleveland Cavaliers @ Detroit Pistons,2025-10-27T23:00:00Z,player_assists,5.5,bovada,2025-10-27T14:54:45Z,2025-10-27T14:55:02Z,-115.0,-115.0
Donovan Mitchell,Cleveland Cavaliers @ Detroit Pistons,2025-10-27T23:00:00Z,player_assists,6.5,bovada,2025-10-27T14:54:45Z,2025-10-27T14:55:02Z,165.0,-220.0
Lonzo Ball,Cleveland Cavaliers @ Detroit Pistons,2025-10-27T23:00:00Z,player_assists,4.5,bovada,2025-10-27T14:54:45Z,2025-10-27T14:55:02Z,-135.0,105.0
Lonzo Ball,Cleveland Cavaliers @ Detroit Pistons,2025-10-27T23:00:00Z,player_assists,5.5,bovada,2025-10-27T14:54:45Z,2025-10-27T14:55:02Z,145.0,-190.0
Cade Cunningham,Cleveland Cavaliers @ Detroit Pistons,2025-10-27T23:00:00Z,player_double_double,,bovada,2025-10-27T14:54:45Z,2025-10-27T14:55:02Z,,
Jalen Duren,Cleveland Cavaliers @ Detroit Pistons,2025-10-27T23:00:00Z,player_double_double,,bovada,2025-10-27T14:54:45Z,2025-10-27T14:55:02Z,,
Evan Mobley,Cleveland Cavaliers @ Detroit Pistons,2025-10-27T23:00:00Z,player_double_double,,bovada,2025-10-27T14:54:45Z,2025-10-27T14:55:02Z,,
Jarrett Allen,Cleveland Cavaliers @ Detroit Pistons,2025-10-27T23:00:00Z,player_double_double,,bovada,2025-10-27T14:54:45Z,2025-10-27T14:55:02Z,,
Tobias Harris,Cleveland Cavaliers @ Detroit Pistons,2025-10-27T23:00:00Z,player_double_double,,bovada,2025-10-27T14:54:45Z,2025-10-27T14:55:02Z,,
Ausar Thompson,Cleveland Cavaliers @ Detroit Pistons,2025-10-27T23:00:00Z,player_double_double,,bovada,2025-10-27T14:54:45Z,2025-10-27T14:55:02Z,,
Donovan Mitchell,Cleveland Cavaliers @ Detroit Pistons,2025-10-27T23:00:00Z,player_double_double,,bovada,2025-10-27T14:54:45Z,2025-10-27T14:55:02Z,,
Lonzo Ball,Cleveland Cavaliers @ Detroit Pistons,2025-10-27T23:00:00Z,player_double_double,,bovada,2025-10-27T14:54:45Z,2025-10-27T14:55:02Z,,
De'Andre Hunter,Cleveland Cavaliers @ Detroit Pistons,2025-10-27T23:00:00Z,player_double_double,,bovada,2025-10-27T14:54:45Z,2025-10-27T14:55:02Z,,
Cade Cunningham,Cleveland Cavaliers @ Detroit Pistons,2025-10-27T23:00:00Z,player_points,21.5,bovada,2025-10-27T14:54:45Z,2025-10-27T14:55:02Z,-290.0,210.0
Cade Cunningham,Cleveland Cavaliers @ Detroit Pistons,2025-10-27T23:00:00Z,player_points,22.5,bovada,2025-10-27T14:54:45Z,2025-10-27T14:55:02Z,-230.0,170.0
Cade Cunningham,Cleveland Cavaliers @ Detroit Pistons,2025-10-27T23:00:00Z,player_points,23.5,bovada,2025-10-27T14:54:45Z,2025-10-27T14:55:02Z,-180.0,135.0
Cade Cunningham,Cleveland Cavaliers @ Detroit Pistons,2025-10-27T23:00:00Z,player_points,24.5,bovada,2025-10-27T14:54:45Z,2025-10-27T14:55:02Z,-145.0,110.0
Cade Cunningham,Cleveland Cavaliers @ Detroit Pistons,2025-10-27T23:00:00Z,player_points,25.5,bovada,2025-10-27T14:54:45Z,2025-10-27T14:55:02Z,-120.0,-110.0
Cade Cunningham,Cleveland Cavaliers @ Detroit Pistons,2025-10-27T23:00:00Z,player_points,26.5,bovada,2025-10-27T14:54:45Z,2025-10-27T14:55:02Z,100.0,-130.0
Cade Cunningham,Cleveland Cavaliers @ Detroit Pistons,2025-10-27T23:00:00Z,player_points,27.5,bovada,2025-10-27T14:54:45Z,2025-10-27T14:55:02Z,120.0,-160.0
Cade Cunningham,Cleveland Cavaliers @ Detroit Pistons,2025-10-27T23:00:00Z,player_points,28.5,bovada,2025-10-27T14:54:45Z,2025-10-27T14:55:02Z,150.0,-200.0
Cade Cunningham,Cleveland Cavaliers @ Detroit Pistons,2025-10-27T23:00:00Z,player_points,29.5,bovada,2025-10-27T14:54:45Z,2025-10-27T14:55:02Z,175.0,-240.0
Cade Cunningham,Cleveland Cavaliers @ Detroit Pistons,2025-10-27T23:00:00Z,player_points,30.5,bovada,2025-10-27T14:54:45Z,2025-10-27T14:55:02Z,215.0,-300.0
De'Andre Hunter,Cleveland Cavaliers @ Detroit Pistons,2025-10-27T23:00:00Z,player_points,12.5,bovada,2025-10-27T14:54:45Z,2025-10-27T14:55:02Z,-250.0,185.0
De'Andre Hunter,Cleveland Cavaliers @ Detroit Pistons,2025-10-27T23:00:00Z,player_points,13.5,bovada,2025-10-27T14:54:45Z,2025-10-27T14:55:02Z,-185.0,140.0
De'Andre Hunter,Cleveland Cavaliers @ Detroit Pistons,2025-10-27T23:00:00Z,player_points,14.5,bovada,2025-10-27T14:54:45Z,2025-10-27T14:55:02Z,-145.0,110.0
De'Andre Hunter,Cleveland Cavaliers @ Detroit Pistons,2025-10-27T23:00:00Z,player_points,15.5,bovada,2025-10-27T14:54:45Z,2025-10-27T14:55:02Z,-110.0,-120.0
De'Andre Hunter,Cleveland Cavaliers @ Detroit Pistons,2025-10-27T23:00:00Z,player_points,16.5,bovada,2025-10-27T14:54:45Z,2025-10-27T14:55:02Z,115.0,-150.0
De'Andre Hunter,Cleveland Cavaliers @ Detroit Pistons,2025-10-27T23:00:00Z,player_points,17.5,bovada,2025-10-27T14:54:45Z,2025-10-27T14:55:02Z,150.0,-200.0
De'Andre Hunter,Cleveland Cavaliers @ Detroit Pistons,2025-10-27T23:00:00Z,player_points,18.5,bovada,2025-10-27T14:54:45Z,2025-10-27T14:55:02Z,185.0,-250.0
Duncan Robinson,Cleveland Cavaliers @ Detroit Pistons,2025-10-27T23:00:00Z,player_points,8.5,bovada,2025-10-27T14:54:45Z,2025-10-27T14:55:02Z,-210.0,155.0
Duncan Robinson,Cleveland Cavaliers @ Detroit Pistons,2025-10-27T23:00:00Z,player_points,9.5,bovada,2025-10-27T14:54:45Z,2025-10-27T14:55:02Z,-150.0,115.0
Duncan Robinson,Cleveland Cavaliers @ Detroit Pistons,2025-10-27T23:00:00Z,player_points,10.5,bovada,2025-10-27T14:54:45Z,2025-10-27T14:55:02Z,-110.0,-120.0
Duncan Robinson,Cleveland Cavaliers @ Detroit Pistons,2025-10-27T23:00:00Z,player_points,11.5,bovada,2025-10-27T14:54:45Z,2025-10-27T14:55:02Z,120.0,-160.0
Duncan Robinson,Cleveland Cavaliers @ Detroit Pistons,2025-10-27T23:00:00Z,player_points,12.5,bovada,2025-10-27T14:54:45Z,2025-10-27T14:55:02Z,160.0,-215.0
Duncan Robinson,Cleveland Cavaliers @ Detroit Pistons,2025-10-27T23:00:00Z,player_points,13.5,bovada,2025-10-27T14:54:45Z,2025-10-27T14:55:02Z,210.0,-290.0
Evan Mobley,Cleveland Cavaliers @ Detroit Pistons,2025-10-27T23:00:00Z,player_points,15.5,bovada,2025-10-27T14:54:45Z,2025-10-27T14:55:02Z,-250.0,185.0
Evan Mobley,Cleveland Cavaliers @ Detroit Pistons,2025-10-27T23:00:00Z,player_points,16.5,bovada,2025-10-27T14:54:45Z,2025-10-27T14:55:02Z,-190.0,145.0
Evan Mobley,Cleveland Cavaliers @ Detroit Pistons,2025-10-27T23:00:00Z,player_points,17.5,bovada,2025-10-27T14:54:45Z,2025-10-27T14:55:02Z,-150.0,115.0
Evan Mobley,Cleveland Cavaliers @ Detroit Pistons,2025-10-27T23:00:00Z,player_points,18.5,bovada,2025-10-27T14:54:45Z,2025-10-27T14:55:02Z,-120.0,-110.0
Evan Mobley,Cleveland Cavaliers @ Detroit Pistons,2025-10-27T23:00:00Z,player_points,19.5,bovada,2025-10-27T14:54:45Z,2025-10-27T14:55:02Z,105.0,-135.0
Evan Mobley,Cleveland Cavaliers @ Detroit Pistons,2025-10-27T23:00:00Z,player_points,20.5,bovada,2025-10-27T14:54:45Z,2025-10-27T14:55:02Z,130.0,-170.0
Evan Mobley,Cleveland Cavaliers @ Detroit Pistons,2025-10-27T23:00:00Z,player_points,21.5,bovada,2025-10-27T14:54:45Z,2025-10-27T14:55:02Z,160.0,-215.0
Evan Mobley,Cleveland Cavaliers @ Detroit Pistons,2025-10-27T23:00:00Z,player_points,22.5,bovada,2025-10-27T14:54:45Z,2025-10-27T14:55:02Z,200.0,-275.0
Jarrett Allen,Cleveland Cavaliers @ Detroit Pistons,2025-10-27T23:00:00Z,player_points,9.5,bovada,2025-10-27T14:54:45Z,2025-10-27T14:55:02Z,-250.0,185.0
Jarrett Allen,Cleveland Cavaliers @ Detroit Pistons,2025-10-27T23:00:00Z,player_points,10.5,bovada,2025-10-27T14:54:45Z,2025-10-27T14:55:02Z,-180.0,135.0
Jarrett Allen,Cleveland Cavaliers @ Detroit Pistons,2025-10-27T23:00:00Z,player_points,11.5,bovada,2025-10-27T14:54:45Z,2025-10-27T14:55:02Z,-130.0,100.0
Jarrett Allen,Cleveland Cavaliers @ Detroit Pistons,2025-10-27T23:00:00Z,player_points,12.5,bovada,2025-10-27T14:54:45Z,2025-10-27T14:55:02Z,100.0,-130.0
Jarrett Allen,Cleveland Cavaliers @ Detroit Pistons,2025-10-27T23:00:00Z,player_points,13.5,bovada,2025-10-27T14:54:45Z,2025-10-27T14:55:02Z,130.0,-170.0
Jarrett Allen,Cleveland Cavaliers @ Detroit Pistons,2025-10-27T23:00:00Z,player_points,14.5,bovada,2025-10-27T14:54:45Z,2025-10-27T14:55:02Z,170.0,-230.0
Tobias Harris,Cleveland Cavaliers @ Detroit Pistons,2025-10-27T23:00:00Z,player_points,11.5,bovada,2025-10-27T14:54:45Z,2025-10-27T14:55:02Z,-245.0,180.0
Tobias Harris,Cleveland Cavaliers @ Detroit Pistons,2025-10-27T23:00:00Z,player_points,12.5,bovada,2025-10-27T14:54:45Z,2025-10-27T14:55:02Z,-180.0,135.0
Tobias Harris,Cleveland Cavaliers @ Detroit Pistons,2025-10-27T23:00:00Z,player_points,13.5,bovada,2025-10-27T14:54:45Z,2025-10-27T14:55:02Z,-135.0,105.0
Tobias Harris,Cleveland Cavaliers @ Detroit Pistons,2025-10-27T23:00:00Z,player_points,14.5,bovada,2025-10-27T14:54:45Z,2025-10-27T14:55:02Z,-105.0,-125.0
Tobias Harris,Cleveland Cavaliers @ Detroit Pistons,2025-10-27T23:00:00Z,player_points,15.5,bovada,2025-10-27T14:54:45Z,2025-10-27T14:55:02Z,120.0,-160.0
Tobias Harris,Cleveland Cavaliers @ Detroit Pistons,2025-10-27T23:00:00Z,player_points,16.5,bovada,2025-10-27T14:54:45Z,2025-10-27T14:55:02Z,155.0,-210.0
Tobias Harris,Cleveland Cavaliers @ Detroit Pistons,2025-10-27T23:00:00Z,player_points,17.5,bovada,2025-10-27T14:54:45Z,2025-10-27T14:55:02Z,200.0,-275.0
Ausar Thompson,Cleveland Cavaliers @ Detroit Pistons,2025-10-27T23:00:00Z,player_points_rebounds_assists,19.5,bovada,2025-10-27T14:54:45Z,2025-10-27T14:55:02Z,-290.0,210.0
Ausar Thompson,Cleveland Cavaliers @ Detroit Pistons,2025-10-27T23:00:00Z,player_points_rebounds_assists,20.5,bovada,2025-10-27T14:54:45Z,2025-10-27T14:55:02Z,-230.0,170.0
Ausar Thompson,Cleveland Cavaliers @ Detroit Pistons,2025-10-27T23:00:00Z,player_points_rebounds_assists,21.5,bovada,2025-10-27T14:54:45Z,2025-10-27T14:55:02Z,-180.0,135.0
Ausar Thompson,Cleveland Cavaliers @ Detroit Pistons,2025-10-27T23:00:00Z,player_points_rebounds_assists,22.5,bovada,2025-10-27T14:54:45Z,2025-10-27T14:55:02Z,-145.0,110.0
Ausar Thompson,Cleveland Cavaliers @ Detroit Pistons,2025-10-27T23:00:00Z,player_points_rebounds_assists,23.5,bovada,2025-10-27T14:54:45Z,2025-10-27T14:55:02Z,-120.0,-110.0
Ausar Thompson,Cleveland Cavaliers @ Detroit Pistons,2025-10-27T23:00:00Z,player_points_rebounds_assists,24.5,bovada,2025-10-27T14:54:45Z,2025-10-27T14:55:02Z,105.0,-135.0
Ausar Thompson,Cleveland Cavaliers @ Detroit Pistons,2025-10-27T23:00:00Z,player_points_rebounds_assists,25.5,bovada,2025-10-27T14:54:45Z,2025-10-27T14:55:02Z,125.0,-165.0
Ausar Thompson,Cleveland Cavaliers @ Detroit Pistons,2025-10-27T23:00:00Z,player_points_rebounds_assists,26.5,bovada,2025-10-27T14:54:45Z,2025-10-27T14:55:02Z,150.0,-200.0
Ausar Thompson,Cleveland Cavaliers @ Detroit Pistons,2025-10-27T23:00:00Z,player_points_rebounds_assists,27.5,bovada,2025-10-27T14:54:45Z,2025-10-27T14:55:02Z,180.0,-245.0
Cade Cunningham,Cleveland Cavaliers @ Detroit Pistons,2025-10-27T23:00:00Z,player_points_rebounds_assists,35.5,bovada,2025-10-27T14:54:45Z,2025-10-27T14:55:02Z,-275.0,200.0
Cade Cunningham,Cleveland Cavaliers @ Detroit Pistons,2025-10-27T23:00:00Z,player_points_rebounds_assists,36.5,bovada,2025-10-27T14:54:45Z,2025-10-27T14:55:02Z,-230.0,170.0
Cade Cunningham,Cleveland Cavaliers @ Detroit Pistons,2025-10-27T23:00:00Z,player_points_rebounds_assists,37.5,bovada,2025-10-27T14:54:45Z,2025-10-27T14:55:02Z,-190.0,145.0
Cade Cunningham,Cleveland Cavaliers @ Detroit Pistons,2025-10-27T23:00:00Z,player_points_rebounds_assists,38.5,bovada,2025-10-27T14:54:45Z,2025-10-27T14:55:02Z,-165.0,125.0
Cade Cunningham,Cleveland Cavaliers @ Detroit Pistons,2025-10-27T23:00:00Z,player_points_rebounds_assists,39.5,bovada,2025-10-27T14:54:45Z,2025-10-27T14:55:02Z,-135.0,105.0
Cade Cunningham,Cleveland Cavaliers @ Detroit Pistons,2025-10-27T23:00:00Z,player_points_rebounds_assists,40.5,bovada,2025-10-27T14:54:45Z,2025-10-27T14:55:02Z,-120.0,-110.0
Cade Cunningham,Cleveland Cavaliers @ Detroit Pistons,2025-10-27T23:00:00Z,player_points_rebounds_assists,41.5,bovada,2025-10-27T14:54:45Z,2025-10-27T14:55:02Z,-105.0,-125.0
Cade Cunningham,Cleveland Cavaliers @ Detroit Pistons,2025-10-27T23:00:00Z,player_points_rebounds_assists,42.5,bovada,2025-10-27T14:54:45Z,2025-10-27T14:55:02Z,115.0,-150.0
Cade Cunningham,Cleveland Cavaliers @ Detroit Pistons,2025-10-27T23:00:00Z,player_points_rebounds_assists,43.5,bovada,2025-10-27T14:54:45Z,2025-10-27T14:55:02Z,130.0,-170.0
Cade Cunningham,Cleveland Cavaliers @ Detroit Pistons,2025-10-27T23:00:00Z,player_points_rebounds_assists,44.5,bovada,2025-10-27T14:54:45Z,2025-10-27T14:55:02Z,150.0,-200.0
Cade Cunningham,Cleveland Cavaliers @ Detroit Pistons,2025-10-27T23:00:00Z,player_points_rebounds_assists,45.5,bovada,2025-10-27T14:54:45Z,2025-10-27T14:55:02Z,175.0,-240.0
Cade Cunningham,Cleveland Cavaliers @ Detroit Pistons,2025-10-27T23:00:00Z,player_points_rebounds_assists,46.5,bovada,2025-10-27T14:54:45Z,2025-10-27T14:55:02Z,200.0,-275.0
Donovan Mitchell,Cleveland Cavaliers @ Detroit Pistons,2025-10-27T23:00:00Z,player_points_rebounds_assists,31.5,bovada,2025-10-27T14:54:45Z,2025-10-27T14:55:02Z,-290.0,210.0
Donovan Mitchell,Cleveland Cavaliers @ Detroit Pistons,2025-10-27T23:00:00Z,player_points_rebounds_assists,32.5,bovada,2025-10-27T14:54:45Z,2025-10-27T14:55:02Z,-240.0,175.0
Donovan Mitchell,Cleveland Cavaliers @ Detroit Pistons,2025-10-27T23:00:00Z,player_points_rebounds_assists,33.5,bovada,2025-10-27T14:54:45Z,2025-10-27T14:55:02Z,-200.0,150.0
Donovan Mitchell,Cleveland Cavaliers @ Detroit Pistons,2025-10-27T23:00:00Z,player_points_rebounds_assists,34.5,bovada,2025-10-27T14:54:45Z,2025-10-27T14:55:02Z,-165.0,125.0
Donovan Mitchell,Cleveland Cavaliers @ Detroit Pistons,2025-10-27T23:00:00Z,player_points_rebounds_assists,35.5,bovada,2025-10-27T14:54:45Z,2025-10-27T14:55:02Z,-145.0,110.0
Donovan Mitchell,Cleveland Cavaliers @ Detroit Pistons,2025-10-27T23:00:00Z,player_points_rebounds_assists,36.5,bovada,2025-10-27T14:54:45Z,2025-10-27T14:55:02Z,-120.0,-110.0
Donovan Mitchell,Cleveland Cavaliers @ Detroit Pistons,2025-10-27T23:00:00Z,player_points_rebounds_assists,37.5,bovada,2025-10-27T14:54:45Z,2025-10-27T14:55:02Z,100.0,-130.0
Donovan Mitchell,Cleveland Cavaliers @ Detroit Pistons,2025-10-27T23:00:00Z,player_points_rebounds_assists,38.5,bovada,2025-10-27T14:54:45Z,2025-10-27T14:55:02Z,115.0,-150.0
Donovan Mitchell,Cleveland Cavaliers @ Detroit Pistons,2025-10-27T23:00:00Z,player_points_rebounds_assists,39.5,bovada,2025-10-27T14:54:45Z,2025-10-27T14:55:02Z,135.0,-180.0
Donovan Mitchell,Cleveland Cavaliers @ Detroit Pistons,2025-10-27T23:00:00Z,player_points_rebounds_assists,40.5,bovada,2025-10-27T14:54:45Z,2025-10-27T14:55:02Z,155.0,-210.0
Donovan Mitchell,Cleveland Cavaliers @ Detroit Pistons,2025-10-27T23:00:00Z,player_points_rebounds_assists,41.5,bovada,2025-10-27T14:54:45Z,2025-10-27T14:55:02Z,180.0,-245.0
Donovan Mitchell,Cleveland Cavaliers @ Detroit Pistons,2025-10-27T23:00:00Z,player_points_rebounds_assists,42.5,bovada,2025-10-27T14:54:45Z,2025-10-27T14:55:02Z,210.0,-290.0
Evan Mobley,Cleveland Cavaliers @ Detroit Pistons,2025-10-27T23:00:00Z,player_points_rebounds_assists,26.5,bovada,2025-10-27T14:54:45Z,2025-10-27T14:55:02Z,-280.0,205.0
Evan Mobley,Cleveland Cavaliers @ Detroit Pistons,2025-10-27T23:00:00Z,player_points_rebounds_assists,27.5,bovada,2025-10-27T14:54:45Z,2025-10-27T14:55:02Z,-230.0,170.0
Evan Mobley,Cleveland Cavaliers @ Detroit Pistons,2025-10-27T23:00:00Z,player_points_rebounds_assists,28.5,bovada,2025-10-27T14:54:45Z,2025-10-27T14:55:02Z,-190.0,145.0
Evan Mobley,Cleveland Cavaliers @ Detroit Pistons,2025-10-27T23:00:00Z,player_points_rebounds_assists,29.5,bovada,2025-10-27T14:54:45Z,2025-10-27T14:55:02Z,-160.0,120.0
Evan Mobley,Cleveland Cavaliers @ Detroit Pistons,2025-10-27T23:00:00Z,player_points_rebounds_assists,30.5,bovada,2025-10-27T14:54:45Z,2025-10-27T14:55:02Z,-130.0,100.0
Evan Mobley,Cleveland Cavaliers @ Detroit Pistons,2025-10-27T23:00:00Z,player_points_rebounds_assists,31.5,bovada,2025-10-27T14:54:45Z,2025-10-27T14:55:02Z,-110.0,-120.0
Evan Mobley,Cleveland Cavaliers @ Detroit Pistons,2025-10-27T23:00:00Z,player_points_rebounds_assists,32.5,bovada,2025-10-27T14:54:45Z,2025-10-27T14:55:02Z,110.0,-145.0
Evan Mobley,Cleveland Cavaliers @ Detroit Pistons,2025-10-27T23:00:00Z,player_points_rebounds_assists,33.5,bovada,2025-10-27T14:54:45Z,2025-10-27T14:55:02Z,130.0,-170.0
Evan Mobley,Cleveland Cavaliers @ Detroit Pistons,2025-10-27T23:00:00Z,player_points_rebounds_assists,34.5,bovada,2025-10-27T14:54:45Z,2025-10-27T14:55:02Z,150.0,-200.0
Evan Mobley,Cleveland Cavaliers @ Detroit Pistons,2025-10-27T23:00:00Z,player_points_rebounds_assists,35.5,bovada,2025-10-27T14:54:45Z,2025-10-27T14:55:02Z,175.0,-240.0
Evan Mobley,Cleveland Cavaliers @ Detroit Pistons,2025-10-27T23:00:00Z,player_points_rebounds_assists,36.5,bovada,2025-10-27T14:54:45Z,2025-10-27T14:55:02Z,210.0,-290.0
Lonzo Ball,Cleveland Cavaliers @ Detroit Pistons,2025-10-27T23:00:00Z,player_points_rebounds_assists,11.5,bovada,2025-10-27T14:54:45Z,2025-10-27T14:55:02Z,-280.0,205.0
Lonzo Ball,Cleveland Cavaliers @ Detroit Pistons,2025-10-27T23:00:00Z,player_points_rebounds_assists,12.5,bovada,2025-10-27T14:54:45Z,2025-10-27T14:55:02Z,-210.0,155.0
Lonzo Ball,Cleveland Cavaliers @ Detroit Pistons,2025-10-27T23:00:00Z,player_points_rebounds_assists,13.5,bovada,2025-10-27T14:54:45Z,2025-10-27T14:55:02Z,-160.0,120.0
Lonzo Ball,Cleveland Cavaliers @ Detroit Pistons,2025-10-27T23:00:00Z,player_points_rebounds_assists,14.5,bovada,2025-10-27T14:54:45Z,2025-10-27T14:55:02Z,-120.0,-110.0
Lonzo Ball,Cleveland Cavaliers @ Detroit Pistons,2025-10-27T23:00:00Z,player_points_rebounds_assists,15.5,bovada,2025-10-27T14:54:45Z,2025-10-27T14:55:02Z,110.0,-145.0
Lonzo Ball,Cleveland Cavaliers @ Detroit Pistons,2025-10-27T23:00:00Z,player_points_rebounds_assists,16.5,bovada,2025-10-27T14:54:45Z,2025-10-27T14:55:02Z,135.0,-180.0
Lonzo Ball,Cleveland Cavaliers @ Detroit Pistons,2025-10-27T23:00:00Z,player_points_rebounds_assists,17.5,bovada,2025-10-27T14:54:45Z,2025-10-27T14:55:02Z,170.0,-230.0
Jarrett Allen,Cleveland Cavaliers @ Detroit Pistons,2025-10-27T23:00:00Z,player_rebounds,7.5,bovada,2025-10-27T14:54:45Z,2025-10-27T14:55:02Z,-185.0,140.0
Jarrett Allen,Cleveland Cavaliers @ Detroit Pistons,2025-10-27T23:00:00Z,player_rebounds,8.5,bovada,2025-10-27T14:54:45Z,2025-10-27T14:55:02Z,-110.0,-120.0
Jarrett Allen,Cleveland Cavaliers @ Detroit Pistons,2025-10-27T23:00:00Z,player_rebounds,9.5,bovada,2025-10-27T14:54:45Z,2025-10-27T14:55:02Z,150.0,-200.0
Duncan Robinson,Cleveland Cavaliers @ Detroit Pistons,2025-10-27T23:00:00Z,player_threes,2.5,bovada,2025-10-27T14:54:45Z,2025-10-27T14:55:02Z,105.0,-135.0
Cade Cunningham,Cleveland Cavaliers @ Detroit Pistons,2025-10-27T23:00:00Z,player_triple_double,,bovada,2025-10-27T14:54:45Z,2025-10-27T14:55:02Z,,
Jarrett Allen,Cleveland Cavaliers @ Detroit Pistons,2025-10-27T23:00:00Z,player_assists,1.5,betmgm,2025-10-27T14:55:29Z,2025-10-27T14:55:29Z,-118.0,-110.0
Ausar Thompson,Cleveland Cavaliers @ Detroit Pistons,2025-10-27T23:00:00Z,player_assists,2.5,betmgm,2025-10-27T14:55:29Z,2025-10-27T14:55:29Z,-175.0,130.0
Sam Merrill,Cleveland Cavaliers @ Detroit Pistons,2025-10-27T23:00:00Z,player_assists,2.5,betmgm,2025-10-27T14:55:29Z,2025-10-27T14:55:29Z,-125.0,-105.0
Duncan Robinson,Cleveland Cavaliers @ Detroit Pistons,2025-10-27T23:00:00Z,player_assists,1.5,betmgm,2025-10-27T14:55:29Z,2025-10-27T14:55:29Z,-110.0,-120.0
Jalen Duren,Cleveland Cavaliers @ Detroit Pistons,2025-10-27T23:00:00Z,player_assists,2.5,betmgm,2025-10-27T14:55:29Z,2025-10-27T14:55:29Z,110.0,-145.0
Tobias Harris,Cleveland Cavaliers @ Detroit Pistons,2025-10-27T23:00:00Z,player_assists,1.5,betmgm,2025-10-27T14:55:29Z,2025-10-27T14:55:29Z,-165.0,125.0
Cade Cunningham,Cleveland Cavaliers @ Detroit Pistons,2025-10-27T23:00:00Z,player_assists,8.5,betmgm,2025-10-27T14:55:29Z,2025-10-27T14:55:29Z,-115.0,-115.0
Evan Mobley,Cleveland Cavaliers @ Detroit Pistons,2025-10-27T23:00:00Z,player_assists,3.5,betmgm,2025-10-27T14:55:29Z,2025-10-27T14:55:29Z,-125.0,-105.0
De'Andre Hunter,Cleveland Cavaliers @ Detroit Pistons,2025-10-27T23:00:00Z,player_assists,1.5,betmgm,2025-10-27T14:55:29Z,2025-10-27T14:55:29Z,-150.0,110.0
Isaiah Stewart II,Cleveland Cavaliers @ Detroit Pistons,2025-10-27T23:00:00Z,player_assists,1.5,betmgm,2025-10-27T14:55:29Z,2025-10-27T14:55:29Z,130.0,-175.0
Dean Wade,Cleveland Cavaliers @ Detroit Pistons,2025-10-27T23:00:00Z,player_assists,0.5,betmgm,2025-10-27T14:55:29Z,2025-10-27T14:55:29Z,-235.0,175.0
Donovan Mitchell,Cleveland Cavaliers @ Detroit Pistons,2025-10-27T23:00:00Z,player_assists,5.5,betmgm,2025-10-27T14:55:29Z,2025-10-27T14:55:29Z,-105.0,-125.0
Jarrett Allen,Cleveland Cavaliers @ Detroit Pistons,2025-10-27T23:00:00Z,player_blocks,0.5,betmgm,2025-10-27T14:55:29Z,2025-10-27T14:55:29Z,-160.0,115.0
Ausar Thompson,Cleveland Cavaliers @ Detroit Pistons,2025-10-27T23:00:00Z,player_blocks,0.5,betmgm,2025-10-27T14:55:29Z,2025-10-27T14:55:29Z,-110.0,-125.0
Sam Merrill,Cleveland Cavaliers @ Detroit Pistons,2025-10-27T23:00:00Z,player_blocks,0.5,betmgm,2025-10-27T14:55:29Z,2025-10-27T14:55:29Z,220.0,-325.0
Duncan Robinson,Cleveland Cavaliers @ Detroit Pistons,2025-10-27T23:00:00Z,player_blocks,0.5,betmgm,2025-10-27T14:55:29Z,2025-10-27T14:55:29Z,333.0,-550.0
Jalen Duren,Cleveland Cavaliers @ Detroit Pistons,2025-10-27T23:00:00Z,player_blocks,1.5,betmgm,2025-10-27T14:55:29Z,2025-10-27T14:55:29Z,165.0,-235.0
Tobias Harris,Cleveland Cavaliers @ Detroit Pistons,2025-10-27T23:00:00Z,player_blocks,0.5,betmgm,2025-10-27T14:55:29Z,2025-10-27T14:55:29Z,125.0,-175.0
Cade Cunningham,Cleveland Cavaliers @ Detroit Pistons,2025-10-27T23:00:00Z,player_blocks,0.5,betmgm,2025-10-27T14:55:29Z,2025-10-27T14:55:29Z,-135.0,100.0
Evan Mobley,Cleveland Cavaliers @ Detroit Pistons,2025-10-27T23:00:00Z,player_blocks,1.5,betmgm,2025-10-27T14:55:29Z,2025-10-27T14:55:29Z,-145.0,100.0
De'Andre Hunter,Cleveland Cavaliers @ Detroit Pistons,2025-10-27T23:00:00Z,player_blocks,0.5,betmgm,2025-10-27T14:55:29Z,2025-10-27T14:55:29Z,260.0,-400.0
Donovan Mitchell,Cleveland Cavaliers @ Detroit Pistons,2025-10-27T23:00:00Z,player_blocks,0.5,betmgm,2025-10-27T14:55:29Z,2025-10-27T14:55:29Z,160.0,-225.0
Jarrett Allen,Cleveland Cavaliers @ Detroit Pistons,2025-10-27T23:00:00Z,player_double_double,,betmgm,2025-10-27T14:55:29Z,2025-10-27T14:55:29Z,,
Ausar Thompson,Cleveland Cavaliers @ Detroit Pistons,2025-10-27T23:00:00Z,player_double_double,,betmgm,2025-10-27T14:55:29Z,2025-10-27T14:55:29Z,,
Jalen Duren,Cleveland Cavaliers @ Detroit Pistons,2025-10-27T23:00:00Z,player_double_double,,betmgm,2025-10-27T14:55:29Z,2025-10-27T14:55:29Z,,
Tobias Harris,Cleveland Cavaliers @ Detroit Pistons,2025-10-27T23:00:00Z,player_double_double,,betmgm,2025-10-27T14:55:29Z,2025-10-27T14:55:29Z,,
Cade Cunningham,Cleveland Cavaliers @ Detroit Pistons,2025-10-27T23:00:00Z,player_double_double,,betmgm,2025-10-27T14:55:29Z,2025-10-27T14:55:29Z,,
Evan Mobley,Cleveland Cavaliers @ Detroit Pistons,2025-10-27T23:00:00Z,player_double_double,,betmgm,2025-10-27T14:55:29Z,2025-10-27T14:55:29Z,,
De'Andre Hunter,Cleveland Cavaliers @ Detroit Pistons,2025-10-27T23:00:00Z,player_double_double,,betmgm,2025-10-27T14:55:29Z,2025-10-27T14:55:29Z,,
Donovan Mitchell,Cleveland Cavaliers @ Detroit Pistons,2025-10-27T23:00:00Z,player_double_double,,betmgm,2025-10-27T14:55:29Z,2025-10-27T14:55:29Z,,
Jarrett Allen,Cleveland Cavaliers @ Detroit Pistons,2025-10-27T23:00:00Z,player_points,11.5,betmgm,2025-10-27T14:55:29Z,2025-10-27T14:55:29Z,-130.0,-105.0
Ausar Thompson,Cleveland Cavaliers @ Detroit Pistons,2025-10-27T23:00:00Z,player_points,14.5,betmgm,2025-10-27T14:55:29Z,2025-10-27T14:55:29Z,-105.0,-125.0
Sam Merrill,Cleveland Cavaliers @ Detroit Pistons,2025-10-27T23:00:00Z,player_points,12.5,betmgm,2025-10-27T14:55:29Z,2025-10-27T14:55:29Z,-105.0,-130.0
Jalen Duren,Cleveland Cavaliers @ Detroit Pistons,2025-10-27T23:00:00Z,player_points,12.5,betmgm,2025-10-27T14:55:29Z,2025-10-27T14:55:29Z,-118.0,-110.0
Tobias Harris,Cleveland Cavaliers @ Detroit Pistons,2025-10-27T23:00:00Z,player_points,14.5,betmgm,2025-10-27T14:55:29Z,2025-10-27T14:55:29Z,-105.0,-130.0
Cade Cunningham,Cleveland Cavaliers @ Detroit Pistons,2025-10-27T23:00:00Z,player_points,25.5,betmgm,2025-10-27T14:55:29Z,2025-10-27T14:55:29Z,-140.0,105.0
Evan Mobley,Cleveland Cavaliers @ Detroit Pistons,2025-10-27T23:00:00Z,player_points,19.5,betmgm,2025-10-27T14:55:29Z,2025-10-27T14:55:29Z,-105.0,-125.0
Isaiah Stewart II,Cleveland Cavaliers @ Detroit Pistons,2025-10-27T23:00:00Z,player_points,6.5,betmgm,2025-10-27T14:55:29Z,2025-10-27T14:55:29Z,-120.0,-110.0
Dean Wade,Cleveland Cavaliers @ Detroit Pistons,2025-10-27T23:00:00Z,player_points,5.5,betmgm,2025-10-27T14:55:29Z,2025-10-27T14:55:29Z,-118.0,-110.0
Donovan Mitchell,Cleveland Cavaliers @ Detroit Pistons,2025-10-27T23:00:00Z,player_points,27.5,betmgm,2025-10-27T14:55:29Z,2025-10-27T14:55:29Z,-115.0,-118.0
Duncan Robinson,Cleveland Cavaliers @ Detroit Pistons,2025-10-27T23:00:00Z,player_points,9.5,betmgm,2025-10-27T14:55:29Z,2025-10-27T14:55:29Z,-120.0,-110.0
De'Andre Hunter,Cleveland Cavaliers @ Detroit Pistons,2025-10-27T23:00:00Z,player_points,15.5,betmgm,2025-10-27T14:55:29Z,2025-10-27T14:55:29Z,-105.0,-125.0
Ausar Thompson,Cleveland Cavaliers @ Detroit Pistons,2025-10-27T23:00:00Z,player_points_rebounds_assists,23.5,betmgm,2025-10-27T14:55:29Z,2025-10-27T14:55:29Z,-120.0,-110.0
Sam Merrill,Cleveland Cavaliers @ Detroit Pistons,2025-10-27T23:00:00Z,player_points_rebounds_assists,18.5,betmgm,2025-10-27T14:55:29Z,2025-10-27T14:55:29Z,-115.0,-115.0
Duncan Robinson,Cleveland Cavaliers @ Detroit Pistons,2025-10-27T23:00:00Z,player_points_rebounds_assists,14.5,betmgm,2025-10-27T14:55:29Z,2025-10-27T14:55:29Z,-105.0,-125.0
Jalen Duren,Cleveland Cavaliers @ Detroit Pistons,2025-10-27T23:00:00Z,player_points_rebounds_assists,25.5,betmgm,2025-10-27T14:55:29Z,2025-10-27T14:55:29Z,-118.0,-115.0
Cade Cunningham,Cleveland Cavaliers @ Detroit Pistons,2025-10-27T23:00:00Z,player_points_rebounds_assists,40.5,betmgm,2025-10-27T14:55:29Z,2025-10-27T14:55:29Z,-110.0,-118.0
Evan Mobley,Cleveland Cavaliers @ Detroit Pistons,2025-10-27T23:00:00Z,player_points_rebounds_assists,31.5,betmgm,2025-10-27T14:55:29Z,2025-10-27T14:55:29Z,-120.0,-110.0
Isaiah Stewart II,Cleveland Cavaliers @ Detroit Pistons,2025-10-27T23:00:00Z,player_points_rebounds_assists,13.5,betmgm,2025-10-27T14:55:29Z,2025-10-27T14:55:29Z,-135.0,100.0
Dean Wade,Cleveland Cavaliers @ Detroit Pistons,2025-10-27T23:00:00Z,player_points_rebounds_assists,10.5,betmgm,2025-10-27T14:55:29Z,2025-10-27T14:55:29Z,-130.0,-105.0
Donovan Mitchell,Cleveland Cavaliers @ Detroit Pistons,2025-10-27T23:00:00Z,player_points_rebounds_assists,37.5,betmgm,2025-10-27T14:55:29Z,2025-10-27T14:55:29Z,110.0,-145.0
Tobias Harris,Cleveland Cavaliers @ Detroit Pistons,2025-10-27T23:00:00Z,player_points_rebounds_assists,23.5,betmgm,2025-10-27T14:55:29Z,2025-10-27T14:55:29Z,-105.0,-130.0
Jarrett Allen,Cleveland Cavaliers @ Detroit Pistons,2025-10-27T23:00:00Z,player_points_rebounds_assists,21.5,betmgm,2025-10-27T14:55:29Z,2025-10-27T14:55:29Z,-130.0,-105.0
De'Andre Hunter,Cleveland Cavaliers @ Detroit Pistons,2025-10-27T23:00:00Z,player_points_rebounds_assists,21.5,betmgm,2025-10-27T14:55:29Z,2025-10-27T14:55:29Z,-105.0,-125.0
Jarrett Allen,Cleveland Cavaliers @ Detroit Pistons,2025-10-27T23:00:00Z,player_rebounds,8.5,betmgm,2025-10-27T14:55:29Z,2025-10-27T14:55:29Z,100.0,-135.0
Ausar Thompson,Cleveland Cavaliers @ Detroit Pistons,2025-10-27T23:00:00Z,player_rebounds,6.5,betmgm,2025-10-27T14:55:29Z,2025-10-27T14:55:29Z,105.0,-140.0
Sam Merrill,Cleveland Cavaliers @ Detroit Pistons,2025-10-27T23:00:00Z,player_rebounds,2.5,betmgm,2025-10-27T14:55:29Z,2025-10-27T14:55:29Z,-135.0,100.0
Duncan Robinson,Cleveland Cavaliers @ Detroit Pistons,2025-10-27T23:00:00Z,player_rebounds,2.5,betmgm,2025-10-27T14:55:29Z,2025-10-27T14:55:29Z,-105.0,-130.0
Jalen Duren,Cleveland Cavaliers @ Detroit Pistons,2025-10-27T23:00:00Z,player_rebounds,10.5,betmgm,2025-10-27T14:55:29Z,2025-10-27T14:55:29Z,-110.0,-120.0
Tobias Harris,Cleveland Cavaliers @ Detroit Pistons,2025-10-27T23:00:00Z,player_rebounds,6.5,betmgm,2025-10-27T14:55:29Z,2025-10-27T14:55:29Z,110.0,-150.0
Cade Cunningham,Cleveland Cavaliers @ Detroit Pistons,2025-10-27T23:00:00Z,player_rebounds,5.5,betmgm,2025-10-27T14:55:29Z,2025-10-27T14:55:29Z,-125.0,-105.0
Evan Mobley,Cleveland Cavaliers @ Detroit Pistons,2025-10-27T23:00:00Z,player_rebounds,8.5,betmgm,2025-10-27T14:55:29Z,2025-10-27T14:55:29Z,-118.0,-110.0
De'Andre Hunter,Cleveland Cavaliers @ Detroit Pistons,2025-10-27T23:00:00Z,player_rebounds,3.5,betmgm,2025-10-27T14:55:29Z,2025-10-27T14:55:29Z,-145.0,110.0
Isaiah Stewart II,Cleveland Cavaliers @ Detroit Pistons,2025-10-27T23:00:00Z,player_rebounds,5.5,betmgm,2025-10-27T14:55:29Z,2025-10-27T14:55:29Z,-130.0,100.0
Dean Wade,Cleveland Cavaliers @ Detroit Pistons,2025-10-27T23:00:00Z,player_rebounds,4.5,betmgm,2025-10-27T14:55:29Z,2025-10-27T14:55:29Z,110.0,-145.0
Donovan Mitchell,Cleveland Cavaliers @ Detroit Pistons,2025-10-27T23:00:00Z,player_rebounds,3.5,betmgm,2025-10-27T14:55:29Z,2025-10-27T14:55:29Z,-125.0,-105.0
Ausar Thompson,Cleveland Cavaliers @ Detroit Pistons,2025-10-27T23:00:00Z,player_threes,0.5,betmgm,2025-10-27T14:55:29Z,2025-10-27T14:55:29Z,165.0,-225.0
Sam Merrill,Cleveland Cavaliers @ Detroit Pistons,2025-10-27T23:00:00Z,player_threes,3.5,betmgm,2025-10-27T14:55:29Z,2025-10-27T14:55:29Z,-105.0,-130.0
Duncan Robinson,Cleveland Cavaliers @ Detroit Pistons,2025-10-27T23:00:00Z,player_threes,2.5,betmgm,2025-10-27T14:55:29Z,2025-10-27T14:55:29Z,-105.0,-125.0
Tobias Harris,Cleveland Cavaliers @ Detroit Pistons,2025-10-27T23:00:00Z,player_threes,1.5,betmgm,2025-10-27T14:55:29Z,2025-10-27T14:55:29Z,105.0,-140.0
Cade Cunningham,Cleveland Cavaliers @ Detroit Pistons,2025-10-27T23:00:00Z,player_threes,2.5,betmgm,2025-10-27T14:55:29Z,2025-10-27T14:55:29Z,135.0,-175.0
Evan Mobley,Cleveland Cavaliers @ Detroit Pistons,2025-10-27T23:00:00Z,player_threes,1.5,betmgm,2025-10-27T14:55:29Z,2025-10-27T14:55:29Z,105.0,-140.0
De'Andre Hunter,Cleveland Cavaliers @ Detroit Pistons,2025-10-27T23:00:00Z,player_threes,1.5,betmgm,2025-10-27T14:55:29Z,2025-10-27T14:55:29Z,-165.0,125.0
Isaiah Stewart II,Cleveland Cavaliers @ Detroit Pistons,2025-10-27T23:00:00Z,player_threes,0.5,betmgm,2025-10-27T14:55:29Z,2025-10-27T14:55:29Z,135.0,-185.0
Dean Wade,Cleveland Cavaliers @ Detroit Pistons,2025-10-27T23:00:00Z,player_threes,1.5,betmgm,2025-10-27T14:55:29Z,2025-10-27T14:55:29Z,110.0,-150.0
Donovan Mitchell,Cleveland Cavaliers @ Detroit Pistons,2025-10-27T23:00:00Z,player_threes,3.5,betmgm,2025-10-27T14:55:29Z,2025-10-27T14:55:29Z,-105.0,-130.0
Cade Cunningham,Cleveland Cavaliers @ Detroit Pistons,2025-10-27T23:00:00Z,player_triple_double,,betmgm,2025-10-27T14:55:29Z,2025-10-27T14:55:29Z,,
Evan Mobley,Cleveland Cavaliers @ Detroit Pistons,2025-10-27T23:00:00Z,player_triple_double,,betmgm,2025-10-27T14:55:29Z,2025-10-27T14:55:29Z,,
Ausar Thompson,Cleveland Cavaliers @ Detroit Pistons,2025-10-27T23:00:00Z,player_assists,2.5,betrivers,2025-10-27T14:54:42Z,2025-10-27T14:55:51Z,-152.0,114.0
Donovan Mitchell,Cleveland Cavaliers @ Detroit Pistons,2025-10-27T23:00:00Z,player_assists,5.5,betrivers,2025-10-27T14:54:42Z,2025-10-27T14:55:51Z,-105.0,-127.0
Cade Cunningham,Cleveland Cavaliers @ Detroit Pistons,2025-10-27T23:00:00Z,player_assists,8.5,betrivers,2025-10-27T14:54:42Z,2025-10-27T14:55:51Z,-129.0,-104.0
Evan Mobley,Cleveland Cavaliers @ Detroit Pistons,2025-10-27T23:00:00Z,player_assists,3.5,betrivers,2025-10-27T14:54:42Z,2025-10-27T14:55:51Z,-117.0,-114.0
Lonzo Ball,Cleveland Cavaliers @ Detroit Pistons,2025-10-27T23:00:00Z,player_assists,4.5,betrivers,2025-10-27T14:54:42Z,2025-10-27T14:55:51Z,-124.0,-108.0
Jarrett Allen,Cleveland Cavaliers @ Detroit Pistons,2025-10-27T23:00:00Z,player_points,11.5,betrivers,2025-10-27T14:54:42Z,2025-10-27T14:55:51Z,-122.0,-108.0
Donovan Mitchell,Cleveland Cavaliers @ Detroit Pistons,2025-10-27T23:00:00Z,player_points,26.5,betrivers,2025-10-27T14:54:42Z,2025-10-27T14:55:51Z,-125.0,-107.0
Evan Mobley,Cleveland Cavaliers @ Detroit Pistons,2025-10-27T23:00:00Z,player_points,18.5,betrivers,2025-10-27T14:54:42Z,2025-10-27T14:55:51Z,-120.0,-112.0
De'Andre Hunter,Cleveland Cavaliers @ Detroit Pistons,2025-10-27T23:00:00Z,player_points,14.5,betrivers,2025-10-27T14:54:42Z,2025-10-27T14:55:51Z,-117.0,-114.0
Duncan Robinson,Cleveland Cavaliers @ Detroit Pistons,2025-10-27T23:00:00Z,player_points,9.5,betrivers,2025-10-27T14:54:42Z,2025-10-27T14:55:51Z,-120.0,-112.0
Sam Merrill,Cleveland Cavaliers @ Detroit Pistons,2025-10-27T23:00:00Z,player_points,11.5,betrivers,2025-10-27T14:54:42Z,2025-10-27T14:55:51Z,-130.0,-103.0
Lonzo Ball,Cleveland Cavaliers @ Detroit Pistons,2025-10-27T23:00:00Z,player_points,6.5,betrivers,2025-10-27T14:54:42Z,2025-10-27T14:55:51Z,-107.0,-124.0
Jalen Duren,Cleveland Cavaliers @ Detroit Pistons,2025-10-27T23:00:00Z,player_points,12.5,betrivers,2025-10-27T14:54:42Z,2025-10-27T14:55:51Z,-127.0,-105.0
Cade Cunningham,Cleveland Cavaliers @ Detroit Pistons,2025-10-27T23:00:00Z,player_points,25.5,betrivers,2025-10-27T14:54:42Z,2025-10-27T14:55:51Z,-110.0,-121.0
Tobias Harris,Cleveland Cavaliers @ Detroit Pistons,2025-10-27T23:00:00Z,player_points,14.5,betrivers,2025-10-27T14:54:42Z,2025-10-27T14:55:51Z,-120.0,-112.0
Ausar Thompson,Cleveland Cavaliers @ Detroit Pistons,2025-10-27T23:00:00Z,player_points,14.5,betrivers,2025-10-27T14:54:42Z,2025-10-27T14:55:51Z,-107.0,-124.0
Donovan Mitchell,Cleveland Cavaliers @ Detroit Pistons,2025-10-27T23:00:00Z,player_points_rebounds_assists,37.5,betrivers,2025-10-27T14:54:42Z,2025-10-27T14:55:51Z,-109.0,-122.0
Cade Cunningham,Cleveland Cavaliers @ Detroit Pistons,2025-10-27T23:00:00Z,player_points_rebounds_assists,40.5,betrivers,2025-10-27T14:54:42Z,2025-10-27T14:55:51Z,-117.0,-114.0
Lonzo Ball,Cleveland Cavaliers @ Detroit Pistons,2025-10-27T23:00:00Z,player_points_rebounds_assists,14.5,betrivers,2025-10-27T14:54:42Z,2025-10-27T14:55:51Z,-107.0,-124.0
Ausar Thompson,Cleveland Cavaliers @ Detroit Pistons,2025-10-27T23:00:00Z,player_points_rebounds_assists,24.5,betrivers,2025-10-27T14:54:42Z,2025-10-27T14:55:51Z,-108.0,-124.0
Evan Mobley,Cleveland Cavaliers @ Detroit Pistons,2025-10-27T23:00:00Z,player_points_rebounds_assists,31.5,betrivers,2025-10-27T14:54:42Z,2025-10-27T14:55:51Z,-117.0,-114.0
Tobias Harris,Cleveland Cavaliers @ Detroit Pistons,2025-10-27T23:00:00Z,player_rebounds,5.5,betrivers,2025-10-27T14:54:42Z,2025-10-27T14:55:51Z,-150.0,112.0
Cade Cunningham,Cleveland Cavaliers @ Detroit Pistons,2025-10-27T23:00:00Z,player_rebounds,5.5,betrivers,2025-10-27T14:54:42Z,2025-10-27T14:55:51Z,-114.0,-117.0
Evan Mobley,Cleveland Cavaliers @ Detroit Pistons,2025-10-27T23:00:00Z,player_rebounds,8.5,betrivers,2025-10-27T14:54:42Z,2025-10-27T14:55:51Z,-115.0,-115.0
Donovan Mitchell,Cleveland Cavaliers @ Detroit Pistons,2025-10-27T23:00:00Z,player_rebounds,3.5,betrivers,2025-10-27T14:54:42Z,2025-10-27T14:55:51Z,-152.0,114.0
Jarrett Allen,Cleveland Cavaliers @ Detroit Pistons,2025-10-27T23:00:00Z,player_rebounds,8.5,betrivers,2025-10-27T14:54:42Z,2025-10-27T14:55:51Z,100.0,-132.0
De'Andre Hunter,Cleveland Cavaliers @ Detroit Pistons,2025-10-27T23:00:00Z,player_rebounds,3.5,betrivers,2025-10-27T14:54:42Z,2025-10-27T14:55:51Z,-143.0,108.0
Ausar Thompson,Cleveland Cavaliers @ Detroit Pistons,2025-10-27T23:00:00Z,player_rebounds,6.5,betrivers,2025-10-27T14:54:42Z,2025-10-27T14:55:51Z,-107.0,-125.0
Lonzo Ball,Cleveland Cavaliers @ Detroit Pistons,2025-10-27T23:00:00Z,player_rebounds,2.5,betrivers,2025-10-27T14:54:42Z,2025-10-27T14:55:51Z,-150.0,112.0
Jalen Duren,Cleveland Cavaliers @ Detroit Pistons,2025-10-27T23:00:00Z,player_rebounds,10.5,betrivers,2025-10-27T14:54:42Z,2025-10-27T14:55:51Z,-120.0,-112.0
Duncan Robinson,Cleveland Cavaliers @ Detroit Pistons,2025-10-27T23:00:00Z,player_threes,2.5,betrivers,2025-10-27T14:54:42Z,2025-10-27T14:55:51Z,-113.0,-118.0
Donovan Mitchell,Cleveland Cavaliers @ Detroit Pistons,2025-10-27T23:00:00Z,player_threes,3.5,betrivers,2025-10-27T14:54:42Z,2025-10-27T14:55:51Z,102.0,-136.0
Cade Cunningham,Cleveland Cavaliers @ Detroit Pistons,2025-10-27T23:00:00Z,player_threes,2.5,betrivers,2025-10-27T14:54:42Z,2025-10-27T14:55:51Z,148.0,-200.0
Sam Merrill,Cleveland Cavaliers @ Detroit Pistons,2025-10-27T23:00:00Z,player_threes,3.5,betrivers,2025-10-27T14:54:42Z,2025-10-27T14:55:51Z,108.0,-143.0
De'Andre Hunter,Cleveland Cavaliers @ Detroit Pistons,2025-10-27T23:00:00Z,player_threes,1.5,betrivers,2025-10-27T14:54:42Z,2025-10-27T14:55:51Z,-182.0,135.0
Evan Mobley,Cleveland Cavaliers @ Detroit Pistons,2025-10-27T23:00:00Z,player_threes,1.5,betrivers,2025-10-27T14:54:42Z,2025-10-27T14:55:51Z,105.0,-139.0
Tobias Harris,Cleveland Cavaliers @ Detroit Pistons,2025-10-27T23:00:00Z,player_threes,1.5,betrivers,2025-10-27T14:54:42Z,2025-10-27T14:55:51Z,107.0,-143.0
Tyrese Maxey,Orlando Magic @ Philadelphia 76ers,2025-10-27T23:00:00Z,player_assists,6.5,draftkings,2025-10-27T14:54:53Z,2025-10-27T14:54:19Z,106.0,-138.0
Paolo Banchero,Orlando Magic @ Philadelphia 76ers,2025-10-27T23:00:00Z,player_assists,4.5,draftkings,2025-10-27T14:54:53Z,2025-10-27T14:54:19Z,116.0,-150.0
Franz Wagner,Orlando Magic @ Philadelphia 76ers,2025-10-27T23:00:00Z,player_assists,3.5,draftkings,2025-10-27T14:54:53Z,2025-10-27T14:54:19Z,-160.0,123.0
VJ Edgecombe,Orlando Magic @ Philadelphia 76ers,2025-10-27T23:00:00Z,player_assists,3.5,draftkings,2025-10-27T14:54:53Z,2025-10-27T14:54:19Z,-156.0,120.0
Desmond Bane,Orlando Magic @ Philadelphia 76ers,2025-10-27T23:00:00Z,player_assists,3.5,draftkings,2025-10-27T14:54:53Z,2025-10-27T14:54:19Z,-152.0,117.0
Quentin Grimes,Orlando Magic @ Philadelphia 76ers,2025-10-27T23:00:00Z,player_assists,3.5,draftkings,2025-10-27T14:54:53Z,2025-10-27T14:54:19Z,-137.0,106.0
Jalen Suggs,Orlando Magic @ Philadelphia 76ers,2025-10-27T23:00:00Z,player_assists,2.5,draftkings,2025-10-27T14:54:53Z,2025-10-27T14:54:19Z,120.0,-156.0
Paolo Banchero,Orlando Magic @ Philadelphia 76ers,2025-10-27T23:00:00Z,player_blocks,0.5,draftkings,2025-10-27T14:54:53Z,2025-10-27T14:54:19Z,-134.0,101.0
Wendell Carter Jr,Orlando Magic @ Philadelphia 76ers,2025-10-27T23:00:00Z,player_blocks,0.5,draftkings,2025-10-27T14:54:53Z,2025-10-27T14:54:19Z,-126.0,-105.0
Franz Wagner,Orlando Magic @ Philadelphia 76ers,2025-10-27T23:00:00Z,player_blocks,0.5,draftkings,2025-10-27T14:54:53Z,2025-10-27T14:54:19Z,184.0,-250.0
Paolo Banchero,Orlando Magic @ Philadelphia 76ers,2025-10-27T23:00:00Z,player_double_double,,draftkings,2025-10-27T14:54:53Z,2025-10-27T14:54:19Z,,
Wendell Carter Jr,Orlando Magic @ Philadelphia 76ers,2025-10-27T23:00:00Z,player_double_double,,draftkings,2025-10-27T14:54:53Z,2025-10-27T14:54:19Z,,
Tyrese Maxey,Orlando Magic @ Philadelphia 76ers,2025-10-27T23:00:00Z,player_double_double,,draftkings,2025-10-27T14:54:53Z,2025-10-27T14:54:19Z,,
VJ Edgecombe,Orlando Magic @ Philadelphia 76ers,2025-10-27T23:00:00Z,player_double_double,,draftkings,2025-10-27T14:54:53Z,2025-10-27T14:54:19Z,,
Franz Wagner,Orlando Magic @ Philadelphia 76ers,2025-10-27T23:00:00Z,player_double_double,,draftkings,2025-10-27T14:54:53Z,2025-10-27T14:54:19Z,,
Kelly Oubre Jr,Orlando Magic @ Philadelphia 76ers,2025-10-27T23:00:00Z,player_double_double,,draftkings,2025-10-27T14:54:53Z,2025-10-27T14:54:19Z,,
Desmond Bane,Orlando Magic @ Philadelphia 76ers,2025-10-27T23:00:00Z,player_double_double,,draftkings,2025-10-27T14:54:53Z,2025-10-27T14:54:19Z,,
Tyrese Maxey,Orlando Magic @ Philadelphia 76ers,2025-10-27T23:00:00Z,player_points,28.5,draftkings,2025-10-27T14:54:53Z,2025-10-27T14:54:19Z,-110.0,-116.0
Paolo Banchero,Orlando Magic @ Philadelphia 76ers,2025-10-27T23:00:00Z,player_points,24.5,draftkings,2025-10-27T14:54:53Z,2025-10-27T14:54:19Z,-111.0,-115.0
Franz Wagner,Orlando Magic @ Philadelphia 76ers,2025-10-27T23:00:00Z,player_points,22.5,draftkings,2025-10-27T14:54:53Z,2025-10-27T14:54:19Z,-117.0,-109.0
VJ Edgecombe,Orlando Magic @ Philadelphia 76ers,2025-10-27T23:00:00Z,player_points,18.5,draftkings,2025-10-27T14:54:53Z,2025-10-27T14:54:19Z,-120.0,-106.0
Desmond Bane,Orlando Magic @ Philadelphia 76ers,2025-10-27T23:00:00Z,player_points,17.5,draftkings,2025-10-27T14:54:53Z,2025-10-27T14:54:19Z,-115.0,-111.0
Quentin Grimes,Orlando Magic @ Philadelphia 76ers,2025-10-27T23:00:00Z,player_points,14.5,draftkings,2025-10-27T14:54:53Z,2025-10-27T14:54:19Z,-112.0,-114.0
Kelly Oubre Jr,Orlando Magic @ Philadelphia 76ers,2025-10-27T23:00:00Z,player_points,13.5,draftkings,2025-10-27T14:54:53Z,2025-10-27T14:54:19Z,-123.0,-103.0
Jalen Suggs,Orlando Magic @ Philadelphia 76ers,2025-10-27T23:00:00Z,player_points,9.5,draftkings,2025-10-27T14:54:53Z,2025-10-27T14:54:19Z,-116.0,-109.0
Wendell Carter Jr,Orlando Magic @ Philadelphia 76ers,2025-10-27T23:00:00Z,player_points,9.5,draftkings,2025-10-27T14:54:53Z,2025-10-27T14:54:19Z,-115.0,-111.0
Tyrese Maxey,Orlando Magic @ Philadelphia 76ers,2025-10-27T23:00:00Z,player_points_rebounds_assists,37.5,draftkings,2025-10-27T14:54:53Z,2025-10-27T14:54:19Z,-117.0,-111.0
Paolo Banchero,Orlando Magic @ Philadelphia 76ers,2025-10-27T23:00:00Z,player_points_rebounds_assists,36.5,draftkings,2025-10-27T14:54:53Z,2025-10-27T14:54:19Z,-120.0,-108.0
Franz Wagner,Orlando Magic @ Philadelphia 76ers,2025-10-27T23:00:00Z,player_points_rebounds_assists,32.5,draftkings,2025-10-27T14:54:53Z,2025-10-27T14:54:19Z,-107.0,-121.0
VJ Edgecombe,Orlando Magic @ Philadelphia 76ers,2025-10-27T23:00:00Z,player_points_rebounds_assists,28.5,draftkings,2025-10-27T14:54:53Z,2025-10-27T14:54:19Z,-117.0,-111.0
Desmond Bane,Orlando Magic @ Philadelphia 76ers,2025-10-27T23:00:00Z,player_points_rebounds_assists,26.5,draftkings,2025-10-27T14:54:53Z,2025-10-27T14:54:19Z,-117.0,-110.0
Quentin Grimes,Orlando Magic @ Philadelphia 76ers,2025-10-27T23:00:00Z,player_points_rebounds_assists,21.5,draftkings,2025-10-27T14:54:53Z,2025-10-27T14:54:19Z,-123.0,-105.0
Jalen Suggs,Orlando Magic @ Philadelphia 76ers,2025-10-27T23:00:00Z,player_points_rebounds_assists,14.5,draftkings,2025-10-27T14:54:53Z,2025-10-27T14:54:19Z,-123.0,-106.0
Wendell Carter Jr,Orlando Magic @ Philadelphia 76ers,2025-10-27T23:00:00Z,player_rebounds,8.5,draftkings,2025-10-27T14:54:53Z,2025-10-27T14:54:19Z,-103.0,-125.0
Paolo Banchero,Orlando Magic @ Philadelphia 76ers,2025-10-27T23:00:00Z,player_rebounds,7.5,draftkings,2025-10-27T14:54:53Z,2025-10-27T14:54:19Z,-124.0,-105.0
VJ Edgecombe,Orlando Magic @ Philadelphia 76ers,2025-10-27T23:00:00Z,player_rebounds,5.5,draftkings,2025-10-27T14:54:53Z,2025-10-27T14:54:19Z,-109.0,-119.0
Franz Wagner,Orlando Magic @ Philadelphia 76ers,2025-10-27T23:00:00Z,player_rebounds,5.5,draftkings,2025-10-27T14:54:53Z,2025-10-27T14:54:19Z,113.0,-146.0
Desmond Bane,Orlando Magic @ Philadelphia 76ers,2025-10-27T23:00:00Z,player_rebounds,4.5,draftkings,2025-10-27T14:54:53Z,2025-10-27T14:54:19Z,-145.0,112.0
Kelly Oubre Jr,Orlando Magic @ Philadelphia 76ers,2025-10-27T23:00:00Z,player_rebounds,4.5,draftkings,2025-10-27T14:54:53Z,2025-10-27T14:54:19Z,-128.0,-101.0
Quentin Grimes,Orlando Magic @ Philadelphia 76ers,2025-10-27T23:00:00Z,player_rebounds,3.5,draftkings,2025-10-27T14:54:53Z,2025-10-27T14:54:19Z,-108.0,-120.0
Tyrese Maxey,Orlando Magic @ Philadelphia 76ers,2025-10-27T23:00:00Z,player_rebounds,2.5,draftkings,2025-10-27T14:54:53Z,2025-10-27T14:54:19Z,-156.0,120.0
Jalen Suggs,Orlando Magic @ Philadelphia 76ers,2025-10-27T23:00:00Z,player_rebounds,2.5,draftkings,2025-10-27T14:54:53Z,2025-10-27T14:54:19Z,-118.0,-109.0
VJ Edgecombe,Orlando Magic @ Philadelphia 76ers,2025-10-27T23:00:00Z,player_steals,1.5,draftkings,2025-10-27T14:54:53Z,2025-10-27T14:54:19Z,130.0,-174.0
Tyrese Maxey,Orlando Magic @ Philadelphia 76ers,2025-10-27T23:00:00Z,player_steals,1.5,draftkings,2025-10-27T14:54:53Z,2025-10-27T14:54:19Z,131.0,-175.0
Jalen Suggs,Orlando Magic @ Philadelphia 76ers,2025-10-27T23:00:00Z,player_steals,1.5,draftkings,2025-10-27T14:54:53Z,2025-10-27T14:54:19Z,162.0,-219.0
Franz Wagner,Orlando Magic @ Philadelphia 76ers,2025-10-27T23:00:00Z,player_steals,0.5,draftkings,2025-10-27T14:54:53Z,2025-10-27T14:54:19Z,-224.0,166.0
Desmond Bane,Orlando Magic @ Philadelphia 76ers,2025-10-27T23:00:00Z,player_steals,0.5,draftkings,2025-10-27T14:54:53Z,2025-10-27T14:54:19Z,-174.0,130.0
Paolo Banchero,Orlando Magic @ Philadelphia 76ers,2025-10-27T23:00:00Z,player_steals,0.5,draftkings,2025-10-27T14:54:53Z,2025-10-27T14:54:19Z,-115.0,-115.0
Tyrese Maxey,Orlando Magic @ Philadelphia 76ers,2025-10-27T23:00:00Z,player_threes,3.5,draftkings,2025-10-27T14:54:53Z,2025-10-27T14:54:19Z,118.0,-153.0
Desmond Bane,Orlando Magic @ Philadelphia 76ers,2025-10-27T23:00:00Z,player_threes,2.5,draftkings,2025-10-27T14:54:53Z,2025-10-27T14:54:19Z,-110.0,-118.0
VJ Edgecombe,Orlando Magic @ Philadelphia 76ers,2025-10-27T23:00:00Z,player_threes,2.5,draftkings,2025-10-27T14:54:53Z,2025-10-27T14:54:19Z,136.0,-178.0
Franz Wagner,Orlando Magic @ Philadelphia 76ers,2025-10-27T23:00:00Z,player_threes,1.5,draftkings,2025-10-27T14:54:53Z,2025-10-27T14:54:19Z,-136.0,105.0
Paolo Banchero,Orlando Magic @ Philadelphia 76ers,2025-10-27T23:00:00Z,player_threes,1.5,draftkings,2025-10-27T14:54:53Z,2025-10-27T14:54:19Z,-118.0,-110.0
Jalen Suggs,Orlando Magic @ Philadelphia 76ers,2025-10-27T23:00:00Z,player_threes,1.5,draftkings,2025-10-27T14:54:53Z,2025-10-27T14:54:19Z,110.0,-143.0
Kelly Oubre Jr,Orlando Magic @ Philadelphia 76ers,2025-10-27T23:00:00Z,player_threes,1.5,draftkings,2025-10-27T14:54:53Z,2025-10-27T14:54:19Z,151.0,-198.0
Wendell Carter Jr,Orlando Magic @ Philadelphia 76ers,2025-10-27T23:00:00Z,player_threes,0.5,draftkings,2025-10-27T14:54:53Z,2025-10-27T14:54:19Z,-133.0,103.0
Paolo Banchero,Orlando Magic @ Philadelphia 76ers,2025-10-27T23:00:00Z,player_triple_double,,draftkings,2025-10-27T14:54:53Z,2025-10-27T14:54:19Z,,
Desmond Bane,Orlando Magic @ Philadelphia 76ers,2025-10-27T23:00:00Z,player_assists,3.5,fanatics,2025-10-27T14:55:17Z,2025-10-27T14:55:52Z,-150.0,115.0
Franz Wagner,Orlando Magic @ Philadelphia 76ers,2025-10-27T23:00:00Z,player_assists,3.5,fanatics,2025-10-27T14:55:17Z,2025-10-27T14:55:52Z,-165.0,120.0
Jalen Suggs,Orlando Magic @ Philadelphia 76ers,2025-10-27T23:00:00Z,player_assists,2.5,fanatics,2025-10-27T14:55:17Z,2025-10-27T14:55:52Z,115.0,-150.0
Tyrese Maxey,Orlando Magic @ Philadelphia 76ers,2025-10-27T23:00:00Z,player_assists,6.5,fanatics,2025-10-27T14:55:17Z,2025-10-27T14:55:52Z,100.0,-130.0
Paolo Banchero,Orlando Magic @ Philadelphia 76ers,2025-10-27T23:00:00Z,player_assists,4.5,fanatics,2025-10-27T14:55:17Z,2025-10-27T14:55:52Z,120.0,-165.0
VJ Edgecombe,Orlando Magic @ Philadelphia 76ers,2025-10-27T23:00:00Z,player_assists,3.5,fanatics,2025-10-27T14:55:17Z,2025-10-27T14:55:52Z,-140.0,105.0
Quentin Grimes,Orlando Magic @ Philadelphia 76ers,2025-10-27T23:00:00Z,player_assists,3.5,fanatics,2025-10-27T14:55:17Z,2025-10-27T14:55:52Z,-145.0,110.0
Goga Bitadze,Orlando Magic @ Philadelphia 76ers,2025-10-27T23:00:00Z,player_assists,1.5,fanatics,2025-10-27T14:55:17Z,2025-10-27T14:55:52Z,125.0,-175.0
Kelly Oubre Jr,Orlando Magic @ Philadelphia 76ers,2025-10-27T23:00:00Z,player_assists,1.5,fanatics,2025-10-27T14:55:17Z,2025-10-27T14:55:52Z,130.0,-190.0
Tristan da Silva,Orlando Magic @ Philadelphia 76ers,2025-10-27T23:00:00Z,player_assists,1.5,fanatics,2025-10-27T14:55:17Z,2025-10-27T14:55:52Z,125.0,-175.0
Tyus Jones,Orlando Magic @ Philadelphia 76ers,2025-10-27T23:00:00Z,player_assists,2.5,fanatics,2025-10-27T14:55:17Z,2025-10-27T14:55:52Z,-115.0,-115.0
Anthony Black,Orlando Magic @ Philadelphia 76ers,2025-10-27T23:00:00Z,player_assists,1.5,fanatics,2025-10-27T14:55:17Z,2025-10-27T14:55:52Z,-140.0,105.0
Andre Drummond,Orlando Magic @ Philadelphia 76ers,2025-10-27T23:00:00Z,player_assists,0.5,fanatics,2025-10-27T14:55:17Z,2025-10-27T14:55:52Z,-190.0,130.0
Tyrese Maxey,Orlando Magic @ Philadelphia 76ers,2025-10-27T23:00:00Z,player_double_double,,fanatics,2025-10-27T14:55:17Z,2025-10-27T14:55:52Z,,
VJ Edgecombe,Orlando Magic @ Philadelphia 76ers,2025-10-27T23:00:00Z,player_double_double,,fanatics,2025-10-27T14:55:17Z,2025-10-27T14:55:52Z,,
Kelly Oubre Jr,Orlando Magic @ Philadelphia 76ers,2025-10-27T23:00:00Z,player_double_double,,fanatics,2025-10-27T14:55:17Z,2025-10-27T14:55:52Z,,
Paolo Banchero,Orlando Magic @ Philadelphia 76ers,2025-10-27T23:00:00Z,player_double_double,,fanatics,2025-10-27T14:55:17Z,2025-10-27T14:55:52Z,,
Franz Wagner,Orlando Magic @ Philadelphia 76ers,2025-10-27T23:00:00Z,player_double_double,,fanatics,2025-10-27T14:55:17Z,2025-10-27T14:55:52Z,,
Desmond Bane,Orlando Magic @ Philadelphia 76ers,2025-10-27T23:00:00Z,player_double_double,,fanatics,2025-10-27T14:55:17Z,2025-10-27T14:55:52Z,,
Quentin Grimes,Orlando Magic @ Philadelphia 76ers,2025-10-27T23:00:00Z,player_double_double,,fanatics,2025-10-27T14:55:17Z,2025-10-27T14:55:52Z,,
Goga Bitadze,Orlando Magic @ Philadelphia 76ers,2025-10-27T23:00:00Z,player_double_double,,fanatics,2025-10-27T14:55:17Z,2025-10-27T14:55:52Z,,
Andre Drummond,Orlando Magic @ Philadelphia 76ers,2025-10-27T23:00:00Z,player_double_double,,fanatics,2025-10-27T14:55:17Z,2025-10-27T14:55:52Z,,
Paolo Banchero,Orlando Magic @ Philadelphia 76ers,2025-10-27T23:00:00Z,player_points,24.5,fanatics,2025-10-27T14:55:17Z,2025-10-27T14:55:52Z,-110.0,-120.0
Tyrese Maxey,Orlando Magic @ Philadelphia 76ers,2025-10-27T23:00:00Z,player_points,28.5,fanatics,2025-10-27T14:55:17Z,2025-10-27T14:55:52Z,-110.0,-120.0
Desmond Bane,Orlando Magic @ Philadelphia 76ers,2025-10-27T23:00:00Z,player_points,17.5,fanatics,2025-10-27T14:55:17Z,2025-10-27T14:55:52Z,-115.0,-115.0
VJ Edgecombe,Orlando Magic @ Philadelphia 76ers,2025-10-27T23:00:00Z,player_points,18.5,fanatics,2025-10-27T14:55:17Z,2025-10-27T14:55:52Z,-115.0,-115.0
Jalen Suggs,Orlando Magic @ Philadelphia 76ers,2025-10-27T23:00:00Z,player_points,9.5,fanatics,2025-10-27T14:55:17Z,2025-10-27T14:55:52Z,-120.0,-110.0
Franz Wagner,Orlando Magic @ Philadelphia 76ers,2025-10-27T23:00:00Z,player_points,22.5,fanatics,2025-10-27T14:55:17Z,2025-10-27T14:55:52Z,-125.0,-105.0
Wendell Carter Jr,Orlando Magic @ Philadelphia 76ers,2025-10-27T23:00:00Z,player_points,9.5,fanatics,2025-10-27T14:55:17Z,2025-10-27T14:55:52Z,-130.0,100.0
Kelly Oubre Jr,Orlando Magic @ Philadelphia 76ers,2025-10-27T23:00:00Z,player_points,13.5,fanatics,2025-10-27T14:55:17Z,2025-10-27T14:55:52Z,-125.0,-105.0
Quentin Grimes,Orlando Magic @ Philadelphia 76ers,2025-10-27T23:00:00Z,player_points,14.5,fanatics,2025-10-27T14:55:17Z,2025-10-27T14:55:52Z,-125.0,-105.0
Goga Bitadze,Orlando Magic @ Philadelphia 76ers,2025-10-27T23:00:00Z,player_points,4.5,fanatics,2025-10-27T14:55:17Z,2025-10-27T14:55:52Z,105.0,-140.0
Anthony Black,Orlando Magic @ Philadelphia 76ers,2025-10-27T23:00:00Z,player_points,8.5,fanatics,2025-10-27T14:55:17Z,2025-10-27T14:55:52Z,105.0,-140.0
Tristan da Silva,Orlando Magic @ Philadelphia 76ers,2025-10-27T23:00:00Z,player_points,7.5,fanatics,2025-10-27T14:55:17Z,2025-10-27T14:55:52Z,-105.0,-125.0
Tyus Jones,Orlando Magic @ Philadelphia 76ers,2025-10-27T23:00:00Z,player_points,5.5,fanatics,2025-10-27T14:55:17Z,2025-10-27T14:55:52Z,100.0,-130.0
Andre Drummond,Orlando Magic @ Philadelphia 76ers,2025-10-27T23:00:00Z,player_points,6.5,fanatics,2025-10-27T14:55:17Z,2025-10-27T14:55:52Z,100.0,-130.0
Tyrese Maxey,Orlando Magic @ Philadelphia 76ers,2025-10-27T23:00:00Z,player_points_rebounds_assists,37.5,fanatics,2025-10-27T14:55:17Z,2025-10-27T14:55:52Z,-120.0,-110.0
Desmond Bane,Orlando Magic @ Philadelphia 76ers,2025-10-27T23:00:00Z,player_points_rebounds_assists,27.5,fanatics,2025-10-27T14:55:17Z,2025-10-27T14:55:52Z,100.0,-130.0
Franz Wagner,Orlando Magic @ Philadelphia 76ers,2025-10-27T23:00:00Z,player_points_rebounds_assists,32.5,fanatics,2025-10-27T14:55:17Z,2025-10-27T14:55:52Z,-115.0,-115.0
VJ Edgecombe,Orlando Magic @ Philadelphia 76ers,2025-10-27T23:00:00Z,player_points_rebounds_assists,28.5,fanatics,2025-10-27T14:55:17Z,2025-10-27T14:55:52Z,-105.0,-125.0
Jalen Suggs,Orlando Magic @ Philadelphia 76ers,2025-10-27T23:00:00Z,player_points_rebounds_assists,15.5,fanatics,2025-10-27T14:55:17Z,2025-10-27T14:55:52Z,100.0,-130.0
Paolo Banchero,Orlando Magic @ Philadelphia 76ers,2025-10-27T23:00:00Z,player_points_rebounds_assists,36.5,fanatics,2025-10-27T14:55:17Z,2025-10-27T14:55:52Z,-115.0,-115.0
Quentin Grimes,Orlando Magic @ Philadelphia 76ers,2025-10-27T23:00:00Z,player_points_rebounds_assists,22.5,fanatics,2025-10-27T14:55:17Z,2025-10-27T14:55:52Z,-115.0,-115.0
Kelly Oubre Jr,Orlando Magic @ Philadelphia 76ers,2025-10-27T23:00:00Z,player_points_rebounds_assists,20.5,fanatics,2025-10-27T14:55:17Z,2025-10-27T14:55:52Z,-105.0,-125.0
Goga Bitadze,Orlando Magic @ Philadelphia 76ers,2025-10-27T23:00:00Z,player_points_rebounds_assists,10.5,fanatics,2025-10-27T14:55:17Z,2025-10-27T14:55:52Z,-125.0,-105.0
Tyus Jones,Orlando Magic @ Philadelphia 76ers,2025-10-27T23:00:00Z,player_points_rebounds_assists,9.5,fanatics,2025-10-27T14:55:17Z,2025-10-27T14:55:52Z,-115.0,-115.0
Anthony Black,Orlando Magic @ Philadelphia 76ers,2025-10-27T23:00:00Z,player_points_rebounds_assists,13.5,fanatics,2025-10-27T14:55:17Z,2025-10-27T14:55:52Z,105.0,-140.0
Tristan da Silva,Orlando Magic @ Philadelphia 76ers,2025-10-27T23:00:00Z,player_points_rebounds_assists,12.5,fanatics,2025-10-27T14:55:17Z,2025-10-27T14:55:52Z,-105.0,-125.0
Andre Drummond,Orlando Magic @ Philadelphia 76ers,2025-10-27T23:00:00Z,player_points_rebounds_assists,15.5,fanatics,2025-10-27T14:55:17Z,2025-10-27T14:55:52Z,-115.0,-115.0
Franz Wagner,Orlando Magic @ Philadelphia 76ers,2025-10-27T23:00:00Z,player_rebounds,5.5,fanatics,2025-10-27T14:55:17Z,2025-10-27T14:55:52Z,105.0,-140.0
Desmond Bane,Orlando Magic @ Philadelphia 76ers,2025-10-27T23:00:00Z,player_rebounds,5.5,fanatics,2025-10-27T14:55:17Z,2025-10-27T14:55:52Z,120.0,-165.0
Tyrese Maxey,Orlando Magic @ Philadelphia 76ers,2025-10-27T23:00:00Z,player_rebounds,2.5,fanatics,2025-10-27T14:55:17Z,2025-10-27T14:55:52Z,-165.0,120.0
Wendell Carter Jr,Orlando Magic @ Philadelphia 76ers,2025-10-27T23:00:00Z,player_rebounds,8.5,fanatics,2025-10-27T14:55:17Z,2025-10-27T14:55:52Z,105.0,-140.0
Jalen Suggs,Orlando Magic @ Philadelphia 76ers,2025-10-27T23:00:00Z,player_rebounds,2.5,fanatics,2025-10-27T14:55:17Z,2025-10-27T14:55:52Z,-125.0,-105.0
Paolo Banchero,Orlando Magic @ Philadelphia 76ers,2025-10-27T23:00:00Z,player_rebounds,7.5,fanatics,2025-10-27T14:55:17Z,2025-10-27T14:55:52Z,-125.0,-105.0
Kelly Oubre Jr,Orlando Magic @ Philadelphia 76ers,2025-10-27T23:00:00Z,player_rebounds,4.5,fanatics,2025-10-27T14:55:17Z,2025-10-27T14:55:52Z,-130.0,100.0
VJ Edgecombe,Orlando Magic @ Philadelphia 76ers,2025-10-27T23:00:00Z,player_rebounds,5.5,fanatics,2025-10-27T14:55:17Z,2025-10-27T14:55:52Z,100.0,-130.0
Quentin Grimes,Orlando Magic @ Philadelphia 76ers,2025-10-27T23:00:00Z,player_rebounds,3.5,fanatics,2025-10-27T14:55:17Z,2025-10-27T14:55:52Z,-115.0,-115.0
Goga Bitadze,Orlando Magic @ Philadelphia 76ers,2025-10-27T23:00:00Z,player_rebounds,4.5,fanatics,2025-10-27T14:55:17Z,2025-10-27T14:55:52Z,-165.0,120.0
Tyus Jones,Orlando Magic @ Philadelphia 76ers,2025-10-27T23:00:00Z,player_rebounds,1.5,fanatics,2025-10-27T14:55:17Z,2025-10-27T14:55:52Z,105.0,-140.0
Anthony Black,Orlando Magic @ Philadelphia 76ers,2025-10-27T23:00:00Z,player_rebounds,2.5,fanatics,2025-10-27T14:55:17Z,2025-10-27T14:55:52Z,-145.0,110.0
Tristan da Silva,Orlando Magic @ Philadelphia 76ers,2025-10-27T23:00:00Z,player_rebounds,3.5,fanatics,2025-10-27T14:55:17Z,2025-10-27T14:55:52Z,100.0,-130.0
Andre Drummond,Orlando Magic @ Philadelphia 76ers,2025-10-27T23:00:00Z,player_rebounds,7.5,fanatics,2025-10-27T14:55:17Z,2025-10-27T14:55:52Z,-125.0,-105.0
Wendell Carter Jr,Orlando Magic @ Philadelphia 76ers,2025-10-27T23:00:00Z,player_threes,0.5,fanatics,2025-10-27T14:55:17Z,2025-10-27T14:55:52Z,-125.0,-105.0
Paolo Banchero,Orlando Magic @ Philadelphia 76ers,2025-10-27T23:00:00Z,player_threes,1.5,fanatics,2025-10-27T14:55:17Z,2025-10-27T14:55:52Z,-115.0,-115.0
Desmond Bane,Orlando Magic @ Philadelphia 76ers,2025-10-27T23:00:00Z,player_threes,2.5,fanatics,2025-10-27T14:55:17Z,2025-10-27T14:55:52Z,-110.0,-120.0
Tyrese Maxey,Orlando Magic @ Philadelphia 76ers,2025-10-27T23:00:00Z,player_threes,3.5,fanatics,2025-10-27T14:55:17Z,2025-10-27T14:55:52Z,120.0,-165.0
Franz Wagner,Orlando Magic @ Philadelphia 76ers,2025-10-27T23:00:00Z,player_threes,1.5,fanatics,2025-10-27T14:55:17Z,2025-10-27T14:55:52Z,-140.0,105.0
VJ Edgecombe,Orlando Magic @ Philadelphia 76ers,2025-10-27T23:00:00Z,player_threes,2.5,fanatics,2025-10-27T14:55:17Z,2025-10-27T14:55:52Z,130.0,-190.0
Kelly Oubre Jr,Orlando Magic @ Philadelphia 76ers,2025-10-27T23:00:00Z,player_threes,1.5,fanatics,2025-10-27T14:55:17Z,2025-10-27T14:55:52Z,135.0,-210.0
Jalen Suggs,Orlando Magic @ Philadelphia 76ers,2025-10-27T23:00:00Z,player_threes,1.5,fanatics,2025-10-27T14:55:17Z,2025-10-27T14:55:52Z,120.0,-165.0
Quentin Grimes,Orlando Magic @ Philadelphia 76ers,2025-10-27T23:00:00Z,player_threes,2.5,fanatics,2025-10-27T14:55:17Z,2025-10-27T14:55:52Z,100.0,-130.0
Tyus Jones,Orlando Magic @ Philadelphia 76ers,2025-10-27T23:00:00Z,player_threes,0.5,fanatics,2025-10-27T14:55:17Z,2025-10-27T14:55:52Z,-250.0,155.0
Tristan da Silva,Orlando Magic @ Philadelphia 76ers,2025-10-27T23:00:00Z,player_threes,1.5,fanatics,2025-10-27T14:55:17Z,2025-10-27T14:55:52Z,155.0,-250.0
Anthony Black,Orlando Magic @ Philadelphia 76ers,2025-10-27T23:00:00Z,player_threes,0.5,fanatics,2025-10-27T14:55:17Z,2025-10-27T14:55:52Z,-120.0,-110.0
Desmond Bane,Orlando Magic @ Philadelphia 76ers,2025-10-27T23:00:00Z,player_assists,3.5,fanduel,2025-10-27T14:55:19Z,2025-10-27T14:56:01Z,-166.0,124.0
Tyrese Maxey,Orlando Magic @ Philadelphia 76ers,2025-10-27T23:00:00Z,player_assists,6.5,fanduel,2025-10-27T14:55:19Z,2025-10-27T14:56:01Z,-104.0,-128.0
Jalen Suggs,Orlando Magic @ Philadelphia 76ers,2025-10-27T23:00:00Z,player_assists,2.5,fanduel,2025-10-27T14:55:19Z,2025-10-27T14:56:01Z,114.0,-152.0
Franz Wagner,Orlando Magic @ Philadelphia 76ers,2025-10-27T23:00:00Z,player_assists,3.5,fanduel,2025-10-27T14:55:19Z,2025-10-27T14:56:01Z,-154.0,116.0
Quentin Grimes,Orlando Magic @ Philadelphia 76ers,2025-10-27T23:00:00Z,player_assists,3.5,fanduel,2025-10-27T14:55:19Z,2025-10-27T14:56:01Z,-152.0,114.0
Paolo Banchero,Orlando Magic @ Philadelphia 76ers,2025-10-27T23:00:00Z,player_assists,4.5,fanduel,2025-10-27T14:55:19Z,2025-10-27T14:56:01Z,116.0,-154.0
VJ Edgecombe,Orlando Magic @ Philadelphia 76ers,2025-10-27T23:00:00Z,player_assists,3.5,fanduel,2025-10-27T14:55:19Z,2025-10-27T14:56:01Z,-132.0,100.0
Paolo Banchero,Orlando Magic @ Philadelphia 76ers,2025-10-27T23:00:00Z,player_double_double,,fanduel,2025-10-27T14:55:19Z,2025-10-27T14:56:01Z,,
Wendell Carter Jr,Orlando Magic @ Philadelphia 76ers,2025-10-27T23:00:00Z,player_double_double,,fanduel,2025-10-27T14:55:19Z,2025-10-27T14:56:01Z,,
Tyrese Maxey,Orlando Magic @ Philadelphia 76ers,2025-10-27T23:00:00Z,player_double_double,,fanduel,2025-10-27T14:55:19Z,2025-10-27T14:56:01Z,,
Franz Wagner,Orlando Magic @ Philadelphia 76ers,2025-10-27T23:00:00Z,player_double_double,,fanduel,2025-10-27T14:55:19Z,2025-10-27T14:56:01Z,,
VJ Edgecombe,Orlando Magic @ Philadelphia 76ers,2025-10-27T23:00:00Z,player_double_double,,fanduel,2025-10-27T14:55:19Z,2025-10-27T14:56:01Z,,
Desmond Bane,Orlando Magic @ Philadelphia 76ers,2025-10-27T23:00:00Z,player_double_double,,fanduel,2025-10-27T14:55:19Z,2025-10-27T14:56:01Z,,
Kelly Oubre Jr,Orlando Magic @ Philadelphia 76ers,2025-10-27T23:00:00Z,player_double_double,,fanduel,2025-10-27T14:55:19Z,2025-10-27T14:56:01Z,,
Quentin Grimes,Orlando Magic @ Philadelphia 76ers,2025-10-27T23:00:00Z,player_double_double,,fanduel,2025-10-27T14:55:19Z,2025-10-27T14:56:01Z,,
Kelly Oubre Jr,Orlando Magic @ Philadelphia 76ers,2025-10-27T23:00:00Z,player_points,13.5,fanduel,2025-10-27T14:55:19Z,2025-10-27T14:56:01Z,-132.0,100.0
Paolo Banchero,Orlando Magic @ Philadelphia 76ers,2025-10-27T23:00:00Z,player_points,24.5,fanduel,2025-10-27T14:55:19Z,2025-10-27T14:56:01Z,-102.0,-130.0
Jalen Suggs,Orlando Magic @ Philadelphia 76ers,2025-10-27T23:00:00Z,player_points,9.5,fanduel,2025-10-27T14:55:19Z,2025-10-27T14:56:01Z,-118.0,-112.0
Tyrese Maxey,Orlando Magic @ Philadelphia 76ers,2025-10-27T23:00:00Z,player_points,27.5,fanduel,2025-10-27T14:55:19Z,2025-10-27T14:56:01Z,-120.0,-110.0
Quentin Grimes,Orlando Magic @ Philadelphia 76ers,2025-10-27T23:00:00Z,player_points,15.5,fanduel,2025-10-27T14:55:19Z,2025-10-27T14:56:01Z,-104.0,-128.0
Wendell Carter Jr,Orlando Magic @ Philadelphia 76ers,2025-10-27T23:00:00Z,player_points,10.5,fanduel,2025-10-27T14:55:19Z,2025-10-27T14:56:01Z,100.0,-132.0
Franz Wagner,Orlando Magic @ Philadelphia 76ers,2025-10-27T23:00:00Z,player_points,22.5,fanduel,2025-10-27T14:55:19Z,2025-10-27T14:56:01Z,-122.0,-108.0
Desmond Bane,Orlando Magic @ Philadelphia 76ers,2025-10-27T23:00:00Z,player_points,17.5,fanduel,2025-10-27T14:55:19Z,2025-10-27T14:56:01Z,-118.0,-112.0
VJ Edgecombe,Orlando Magic @ Philadelphia 76ers,2025-10-27T23:00:00Z,player_points,18.5,fanduel,2025-10-27T14:55:19Z,2025-10-27T14:56:01Z,-128.0,-104.0
Paolo Banchero,Orlando Magic @ Philadelphia 76ers,2025-10-27T23:00:00Z,player_points_rebounds_assists,36.5,fanduel,2025-10-27T14:55:19Z,2025-10-27T14:56:01Z,-112.0,-118.0
Quentin Grimes,Orlando Magic @ Philadelphia 76ers,2025-10-27T23:00:00Z,player_points_rebounds_assists,23.5,fanduel,2025-10-27T14:55:19Z,2025-10-27T14:56:01Z,-106.0,-125.0
Tyrese Maxey,Orlando Magic @ Philadelphia 76ers,2025-10-27T23:00:00Z,player_points_rebounds_assists,37.5,fanduel,2025-10-27T14:55:19Z,2025-10-27T14:56:01Z,-114.0,-114.0
Desmond Bane,Orlando Magic @ Philadelphia 76ers,2025-10-27T23:00:00Z,player_points_rebounds_assists,26.5,fanduel,2025-10-27T14:55:19Z,2025-10-27T14:56:01Z,-125.0,-106.0
Jalen Suggs,Orlando Magic @ Philadelphia 76ers,2025-10-27T23:00:00Z,player_points_rebounds_assists,14.5,fanduel,2025-10-27T14:55:19Z,2025-10-27T14:56:01Z,-128.0,-104.0
Franz Wagner,Orlando Magic @ Philadelphia 76ers,2025-10-27T23:00:00Z,player_points_rebounds_assists,32.5,fanduel,2025-10-27T14:55:19Z,2025-10-27T14:56:01Z,-110.0,-120.0
VJ Edgecombe,Orlando Magic @ Philadelphia 76ers,2025-10-27T23:00:00Z,player_points_rebounds_assists,28.5,fanduel,2025-10-27T14:55:19Z,2025-10-27T14:56:01Z,-106.0,-125.0
Paolo Banchero,Orlando Magic @ Philadelphia 76ers,2025-10-27T23:00:00Z,player_rebounds,7.5,fanduel,2025-10-27T14:55:19Z,2025-10-27T14:56:01Z,-128.0,-104.0
Franz Wagner,Orlando Magic @ Philadelphia 76ers,2025-10-27T23:00:00Z,player_rebounds,5.5,fanduel,2025-10-27T14:55:19Z,2025-10-27T14:56:01Z,108.0,-144.0
Tyrese Maxey,Orlando Magic @ Philadelphia 76ers,2025-10-27T23:00:00Z,player_rebounds,3.5,fanduel,2025-10-27T14:55:19Z,2025-10-27T14:56:01Z,142.0,-192.0
Wendell Carter Jr,Orlando Magic @ Philadelphia 76ers,2025-10-27T23:00:00Z,player_rebounds,8.5,fanduel,2025-10-27T14:55:19Z,2025-10-27T14:56:01Z,108.0,-144.0
Kelly Oubre Jr,Orlando Magic @ Philadelphia 76ers,2025-10-27T23:00:00Z,player_rebounds,4.5,fanduel,2025-10-27T14:55:19Z,2025-10-27T14:56:01Z,-138.0,104.0
Jalen Suggs,Orlando Magic @ Philadelphia 76ers,2025-10-27T23:00:00Z,player_rebounds,2.5,fanduel,2025-10-27T14:55:19Z,2025-10-27T14:56:01Z,-132.0,100.0
Desmond Bane,Orlando Magic @ Philadelphia 76ers,2025-10-27T23:00:00Z,player_rebounds,4.5,fanduel,2025-10-27T14:55:19Z,2025-10-27T14:56:01Z,-160.0,120.0
Quentin Grimes,Orlando Magic @ Philadelphia 76ers,2025-10-27T23:00:00Z,player_rebounds,3.5,fanduel,2025-10-27T14:55:19Z,2025-10-27T14:56:01Z,-125.0,-106.0
VJ Edgecombe,Orlando Magic @ Philadelphia 76ers,2025-10-27T23:00:00Z,player_rebounds,5.5,fanduel,2025-10-27T14:55:19Z,2025-10-27T14:56:01Z,110.0,-146.0
Jalen Suggs,Orlando Magic @ Philadelphia 76ers,2025-10-27T23:00:00Z,player_threes,1.5,fanduel,2025-10-27T14:55:19Z,2025-10-27T14:56:01Z,124.0,-166.0
Paolo Banchero,Orlando Magic @ Philadelphia 76ers,2025-10-27T23:00:00Z,player_threes,1.5,fanduel,2025-10-27T14:55:19Z,2025-10-27T14:56:01Z,-110.0,-120.0
Desmond Bane,Orlando Magic @ Philadelphia 76ers,2025-10-27T23:00:00Z,player_threes,2.5,fanduel,2025-10-27T14:55:19Z,2025-10-27T14:56:01Z,-114.0,-114.0
Franz Wagner,Orlando Magic @ Philadelphia 76ers,2025-10-27T23:00:00Z,player_threes,1.5,fanduel,2025-10-27T14:55:19Z,2025-10-27T14:56:01Z,-130.0,-102.0
VJ Edgecombe,Orlando Magic @ Philadelphia 76ers,2025-10-27T23:00:00Z,player_threes,2.5,fanduel,2025-10-27T14:55:19Z,2025-10-27T14:56:01Z,148.0,-200.0
Kelly Oubre Jr,Orlando Magic @ Philadelphia 76ers,2025-10-27T23:00:00Z,player_threes,1.5,fanduel,2025-10-27T14:55:19Z,2025-10-27T14:56:01Z,152.0,-205.0
Tyrese Maxey,Orlando Magic @ Philadelphia 76ers,2025-10-27T23:00:00Z,player_threes,3.5,fanduel,2025-10-27T14:55:19Z,2025-10-27T14:56:01Z,130.0,-174.0
Paolo Banchero,Orlando Magic @ Philadelphia 76ers,2025-10-27T23:00:00Z,player_triple_double,,fanduel,2025-10-27T14:55:19Z,2025-10-27T14:56:01Z,,
Tyrese Maxey,Orlando Magic @ Philadelphia 76ers,2025-10-27T23:00:00Z,player_assists,6.5,williamhill_us,2025-10-27T14:54:59Z,2025-10-27T14:55:49Z,-107.0,-127.0
Franz Wagner,Orlando Magic @ Philadelphia 76ers,2025-10-27T23:00:00Z,player_assists,3.5,williamhill_us,2025-10-27T14:54:59Z,2025-10-27T14:55:49Z,-162.0,120.0
Desmond Bane,Orlando Magic @ Philadelphia 76ers,2025-10-27T23:00:00Z,player_assists,3.5,williamhill_us,2025-10-27T14:54:59Z,2025-10-27T14:55:49Z,-152.0,110.0
VJ Edgecombe,Orlando Magic @ Philadelphia 76ers,2025-10-27T23:00:00Z,player_assists,3.5,williamhill_us,2025-10-27T14:54:59Z,2025-10-27T14:55:49Z,-155.0,108.0
Quentin Grimes,Orlando Magic @ Philadelphia 76ers,2025-10-27T23:00:00Z,player_assists,3.5,williamhill_us,2025-10-27T14:54:59Z,2025-10-27T14:55:49Z,-154.0,110.0
Paolo Banchero,Orlando Magic @ Philadelphia 76ers,2025-10-27T23:00:00Z,player_assists,4.5,williamhill_us,2025-10-27T14:54:59Z,2025-10-27T14:55:49Z,110.0,-150.0
Jalen Suggs,Orlando Magic @ Philadelphia 76ers,2025-10-27T23:00:00Z,player_assists,2.5,williamhill_us,2025-10-27T14:54:59Z,2025-10-27T14:55:49Z,115.0,-157.0
Paolo Banchero,Orlando Magic @ Philadelphia 76ers,2025-10-27T23:00:00Z,player_double_double,,williamhill_us,2025-10-27T14:54:59Z,2025-10-27T14:55:49Z,,
Wendell Carter Jr,Orlando Magic @ Philadelphia 76ers,2025-10-27T23:00:00Z,player_double_double,,williamhill_us,2025-10-27T14:54:59Z,2025-10-27T14:55:49Z,,
Tyrese Maxey,Orlando Magic @ Philadelphia 76ers,2025-10-27T23:00:00Z,player_double_double,,williamhill_us,2025-10-27T14:54:59Z,2025-10-27T14:55:49Z,,
VJ Edgecombe,Orlando Magic @ Philadelphia 76ers,2025-10-27T23:00:00Z,player_double_double,,williamhill_us,2025-10-27T14:54:59Z,2025-10-27T14:55:49Z,,
Franz Wagner,Orlando Magic @ Philadelphia 76ers,2025-10-27T23:00:00Z,player_double_double,,williamhill_us,2025-10-27T14:54:59Z,2025-10-27T14:55:49Z,,
Desmond Bane,Orlando Magic @ Philadelphia 76ers,2025-10-27T23:00:00Z,player_double_double,,williamhill_us,2025-10-27T14:54:59Z,2025-10-27T14:55:49Z,,
Kelly Oubre Jr,Orlando Magic @ Philadelphia 76ers,2025-10-27T23:00:00Z,player_double_double,,williamhill_us,2025-10-27T14:54:59Z,2025-10-27T14:55:49Z,,
Jalen Suggs,Orlando Magic @ Philadelphia 76ers,2025-10-27T23:00:00Z,player_points,9.5,williamhill_us,2025-10-27T14:54:59Z,2025-10-27T14:55:49Z,-120.0,-113.0
Anthony Black,Orlando Magic @ Philadelphia 76ers,2025-10-27T23:00:00Z,player_points,8.5,williamhill_us,2025-10-27T14:54:59Z,2025-10-27T14:55:49Z,-104.0,-130.0
VJ Edgecombe,Orlando Magic @ Philadelphia 76ers,2025-10-27T23:00:00Z,player_points,18.5,williamhill_us,2025-10-27T14:54:59Z,2025-10-27T14:55:49Z,-121.0,-112.0
Wendell Carter Jr,Orlando Magic @ Philadelphia 76ers,2025-10-27T23:00:00Z,player_points,9.5,williamhill_us,2025-10-27T14:54:59Z,2025-10-27T14:55:49Z,-136.0,100.0
Tyrese Maxey,Orlando Magic @ Philadelphia 76ers,2025-10-27T23:00:00Z,player_points,28.5,williamhill_us,2025-10-27T14:54:59Z,2025-10-27T14:55:49Z,-115.0,-118.0
Quentin Grimes,Orlando Magic @ Philadelphia 76ers,2025-10-27T23:00:00Z,player_points,15.5,williamhill_us,2025-10-27T14:54:59Z,2025-10-27T14:55:49Z,-104.0,-130.0
Franz Wagner,Orlando Magic @ Philadelphia 76ers,2025-10-27T23:00:00Z,player_points,22.5,williamhill_us,2025-10-27T14:54:59Z,2025-10-27T14:55:49Z,-124.0,-109.0
Kelly Oubre Jr,Orlando Magic @ Philadelphia 76ers,2025-10-27T23:00:00Z,player_points,13.5,williamhill_us,2025-10-27T14:54:59Z,2025-10-27T14:55:49Z,-130.0,-104.0
Paolo Banchero,Orlando Magic @ Philadelphia 76ers,2025-10-27T23:00:00Z,player_points,24.5,williamhill_us,2025-10-27T14:54:59Z,2025-10-27T14:55:49Z,-108.0,-124.0
Desmond Bane,Orlando Magic @ Philadelphia 76ers,2025-10-27T23:00:00Z,player_points,17.5,williamhill_us,2025-10-27T14:54:59Z,2025-10-27T14:55:49Z,-118.0,-114.0
Franz Wagner,Orlando Magic @ Philadelphia 76ers,2025-10-27T23:00:00Z,player_rebounds,5.5,williamhill_us,2025-10-27T14:54:59Z,2025-10-27T14:55:49Z,110.0,-150.0
VJ Edgecombe,Orlando Magic @ Philadelphia 76ers,2025-10-27T23:00:00Z,player_rebounds,5.5,williamhill_us,2025-10-27T14:54:59Z,2025-10-27T14:55:49Z,-115.0,-118.0
Desmond Bane,Orlando Magic @ Philadelphia 76ers,2025-10-27T23:00:00Z,player_rebounds,4.5,williamhill_us,2025-10-27T14:54:59Z,2025-10-27T14:55:49Z,-154.0,110.0
Quentin Grimes,Orlando Magic @ Philadelphia 76ers,2025-10-27T23:00:00Z,player_rebounds,3.5,williamhill_us,2025-10-27T14:54:59Z,2025-10-27T14:55:49Z,-113.0,-121.0
Wendell Carter Jr,Orlando Magic @ Philadelphia 76ers,2025-10-27T23:00:00Z,player_rebounds,8.5,williamhill_us,2025-10-27T14:54:59Z,2025-10-27T14:55:49Z,100.0,-137.0
Tyrese Maxey,Orlando Magic @ Philadelphia 76ers,2025-10-27T23:00:00Z,player_rebounds,2.5,williamhill_us,2025-10-27T14:54:59Z,2025-10-27T14:55:49Z,-164.0,120.0
Paolo Banchero,Orlando Magic @ Philadelphia 76ers,2025-10-27T23:00:00Z,player_rebounds,7.5,williamhill_us,2025-10-27T14:54:59Z,2025-10-27T14:55:49Z,-127.0,-107.0
Kelly Oubre Jr,Orlando Magic @ Philadelphia 76ers,2025-10-27T23:00:00Z,player_rebounds,4.5,williamhill_us,2025-10-27T14:54:59Z,2025-10-27T14:55:49Z,-132.0,-102.0
Jalen Suggs,Orlando Magic @ Philadelphia 76ers,2025-10-27T23:00:00Z,player_rebounds,2.5,williamhill_us,2025-10-27T14:54:59Z,2025-10-27T14:55:49Z,-125.0,-108.0
Tristan da Silva,Orlando Magic @ Philadelphia 76ers,2025-10-27T23:00:00Z,player_threes,1.5,williamhill_us,2025-10-27T14:54:59Z,2025-10-27T14:55:49Z,175.0,-245.0
Desmond Bane,Orlando Magic @ Philadelphia 76ers,2025-10-27T23:00:00Z,player_threes,2.5,williamhill_us,2025-10-27T14:54:59Z,2025-10-27T14:55:49Z,-114.0,-120.0
Franz Wagner,Orlando Magic @ Philadelphia 76ers,2025-10-27T23:00:00Z,player_threes,1.5,williamhill_us,2025-10-27T14:54:59Z,2025-10-27T14:55:49Z,-143.0,105.0
Jalen Suggs,Orlando Magic @ Philadelphia 76ers,2025-10-27T23:00:00Z,player_threes,1.5,williamhill_us,2025-10-27T14:54:59Z,2025-10-27T14:55:49Z,115.0,-154.0
Quentin Grimes,Orlando Magic @ Philadelphia 76ers,2025-10-27T23:00:00Z,player_threes,2.5,williamhill_us,2025-10-27T14:54:59Z,2025-10-27T14:55:49Z,-103.0,-132.0
Tyrese Maxey,Orlando Magic @ Philadelphia 76ers,2025-10-27T23:00:00Z,player_threes,3.5,williamhill_us,2025-10-27T14:54:59Z,2025-10-27T14:55:49Z,115.0,-157.0
Kelly Oubre Jr,Orlando Magic @ Philadelphia 76ers,2025-10-27T23:00:00Z,player_threes,1.5,williamhill_us,2025-10-27T14:54:59Z,2025-10-27T14:55:49Z,145.0,-200.0
VJ Edgecombe,Orlando Magic @ Philadelphia 76ers,2025-10-27T23:00:00Z,player_threes,1.5,williamhill_us,2025-10-27T14:54:59Z,2025-10-27T14:55:49Z,-205.0,145.0
Paolo Banchero,Orlando Magic @ Philadelphia 76ers,2025-10-27T23:00:00Z,player_threes,1.5,williamhill_us,2025-10-27T14:54:59Z,2025-10-27T14:55:49Z,-108.0,-125.0
Wendell Carter Jr,Orlando Magic @ Philadelphia 76ers,2025-10-27T23:00:00Z,player_threes,0.5,williamhill_us,2025-10-27T14:54:59Z,2025-10-27T14:55:49Z,-129.0,-105.0
Franz Wagner,Orlando Magic @ Philadelphia 76ers,2025-10-27T23:00:00Z,player_assists,3.5,betrivers,2025-10-27T14:54:42Z,2025-10-27T14:55:15Z,-155.0,116.0
Desmond Bane,Orlando Magic @ Philadelphia 76ers,2025-10-27T23:00:00Z,player_assists,3.5,betrivers,2025-10-27T14:54:42Z,2025-10-27T14:55:15Z,-159.0,120.0
Paolo Banchero,Orlando Magic @ Philadelphia 76ers,2025-10-27T23:00:00Z,player_assists,4.5,betrivers,2025-10-27T14:54:42Z,2025-10-27T14:55:15Z,118.0,-157.0
Tyrese Maxey,Orlando Magic @ Philadelphia 76ers,2025-10-27T23:00:00Z,player_assists,6.5,betrivers,2025-10-27T14:54:42Z,2025-10-27T14:55:15Z,-104.0,-129.0
Quentin Grimes,Orlando Magic @ Philadelphia 76ers,2025-10-27T23:00:00Z,player_assists,3.5,betrivers,2025-10-27T14:54:42Z,2025-10-27T14:55:15Z,-152.0,115.0
Jalen Suggs,Orlando Magic @ Philadelphia 76ers,2025-10-27T23:00:00Z,player_assists,2.5,betrivers,2025-10-27T14:54:42Z,2025-10-27T14:55:15Z,112.0,-150.0
VJ Edgecombe,Orlando Magic @ Philadelphia 76ers,2025-10-27T23:00:00Z,player_assists,3.5,betrivers,2025-10-27T14:54:42Z,2025-10-27T14:55:15Z,-148.0,110.0
Paolo Banchero,Orlando Magic @ Philadelphia 76ers,2025-10-27T23:00:00Z,player_points,24.5,betrivers,2025-10-27T14:54:42Z,2025-10-27T14:55:15Z,-110.0,-121.0
Jalen Suggs,Orlando Magic @ Philadelphia 76ers,2025-10-27T23:00:00Z,player_points,9.5,betrivers,2025-10-27T14:54:42Z,2025-10-27T14:55:15Z,-117.0,-114.0
Franz Wagner,Orlando Magic @ Philadelphia 76ers,2025-10-27T23:00:00Z,player_points,22.5,betrivers,2025-10-27T14:54:42Z,2025-10-27T14:55:15Z,-124.0,-108.0
Wendell Carter Jr,Orlando Magic @ Philadelphia 76ers,2025-10-27T23:00:00Z,player_points,9.5,betrivers,2025-10-27T14:54:42Z,2025-10-27T14:55:15Z,-127.0,-105.0
Desmond Bane,Orlando Magic @ Philadelphia 76ers,2025-10-27T23:00:00Z,player_points,17.5,betrivers,2025-10-27T14:54:42Z,2025-10-27T14:55:15Z,-124.0,-108.0
Quentin Grimes,Orlando Magic @ Philadelphia 76ers,2025-10-27T23:00:00Z,player_points,15.5,betrivers,2025-10-27T14:54:42Z,2025-10-27T14:55:15Z,-104.0,-129.0
Tyrese Maxey,Orlando Magic @ Philadelphia 76ers,2025-10-27T23:00:00Z,player_points,28.5,betrivers,2025-10-27T14:54:42Z,2025-10-27T14:55:15Z,-109.0,-122.0
VJ Edgecombe,Orlando Magic @ Philadelphia 76ers,2025-10-27T23:00:00Z,player_points,17.5,betrivers,2025-10-27T14:54:42Z,2025-10-27T14:55:15Z,-125.0,-107.0
Kelly Oubre Jr,Orlando Magic @ Philadelphia 76ers,2025-10-27T23:00:00Z,player_points,13.5,betrivers,2025-10-27T14:54:42Z,2025-10-27T14:55:15Z,-120.0,-112.0
Desmond Bane,Orlando Magic @ Philadelphia 76ers,2025-10-27T23:00:00Z,player_points_rebounds_assists,27.5,betrivers,2025-10-27T14:54:42Z,2025-10-27T14:55:15Z,-121.0,-110.0
Franz Wagner,Orlando Magic @ Philadelphia 76ers,2025-10-27T23:00:00Z,player_points_rebounds_assists,32.5,betrivers,2025-10-27T14:54:42Z,2025-10-27T14:55:15Z,-124.0,-108.0
Jalen Suggs,Orlando Magic @ Philadelphia 76ers,2025-10-27T23:00:00Z,player_points_rebounds_assists,14.5,betrivers,2025-10-27T14:54:42Z,2025-10-27T14:55:15Z,-127.0,-105.0
Paolo Banchero,Orlando Magic @ Philadelphia 76ers,2025-10-27T23:00:00Z,player_points_rebounds_assists,37.5,betrivers,2025-10-27T14:54:42Z,2025-10-27T14:55:15Z,-110.0,-121.0
VJ Edgecombe,Orlando Magic @ Philadelphia 76ers,2025-10-27T23:00:00Z,player_points_rebounds_assists,27.5,betrivers,2025-10-27T14:54:42Z,2025-10-27T14:55:15Z,-122.0,-108.0
Tyrese Maxey,Orlando Magic @ Philadelphia 76ers,2025-10-27T23:00:00Z,player_points_rebounds_assists,38.5,betrivers,2025-10-27T14:54:42Z,2025-10-27T14:55:15Z,-110.0,-121.0
Quentin Grimes,Orlando Magic @ Philadelphia 76ers,2025-10-27T23:00:00Z,player_points_rebounds_assists,23.5,betrivers,2025-10-27T14:54:42Z,2025-10-27T14:55:15Z,-110.0,-121.0
Quentin Grimes,Orlando Magic @ Philadelphia 76ers,2025-10-27T23:00:00Z,player_rebounds,3.5,betrivers,2025-10-27T14:54:42Z,2025-10-27T14:55:15Z,-130.0,-103.0
Jalen Suggs,Orlando Magic @ Philadelphia 76ers,2025-10-27T23:00:00Z,player_rebounds,2.5,betrivers,2025-10-27T14:54:42Z,2025-10-27T14:55:15Z,-124.0,-108.0
Kelly Oubre Jr,Orlando Magic @ Philadelphia 76ers,2025-10-27T23:00:00Z,player_rebounds,4.5,betrivers,2025-10-27T14:54:42Z,2025-10-27T14:55:15Z,-139.0,105.0
Paolo Banchero,Orlando Magic @ Philadelphia 76ers,2025-10-27T23:00:00Z,player_rebounds,7.5,betrivers,2025-10-27T14:54:42Z,2025-10-27T14:55:15Z,-137.0,104.0
Tyrese Maxey,Orlando Magic @ Philadelphia 76ers,2025-10-27T23:00:00Z,player_rebounds,2.5,betrivers,2025-10-27T14:54:42Z,2025-10-27T14:55:15Z,-162.0,120.0
Desmond Bane,Orlando Magic @ Philadelphia 76ers,2025-10-27T23:00:00Z,player_rebounds,5.5,betrivers,2025-10-27T14:54:42Z,2025-10-27T14:55:15Z,110.0,-148.0
Franz Wagner,Orlando Magic @ Philadelphia 76ers,2025-10-27T23:00:00Z,player_rebounds,5.5,betrivers,2025-10-27T14:54:42Z,2025-10-27T14:55:15Z,102.0,-136.0
Wendell Carter Jr,Orlando Magic @ Philadelphia 76ers,2025-10-27T23:00:00Z,player_rebounds,8.5,betrivers,2025-10-27T14:54:42Z,2025-10-27T14:55:15Z,-103.0,-132.0
VJ Edgecombe,Orlando Magic @ Philadelphia 76ers,2025-10-27T23:00:00Z,player_rebounds,5.5,betrivers,2025-10-27T14:54:42Z,2025-10-27T14:55:15Z,-105.0,-127.0
Paolo Banchero,Orlando Magic @ Philadelphia 76ers,2025-10-27T23:00:00Z,player_threes,1.5,betrivers,2025-10-27T14:54:42Z,2025-10-27T14:55:15Z,-120.0,-112.0
Jalen Suggs,Orlando Magic @ Philadelphia 76ers,2025-10-27T23:00:00Z,player_threes,1.5,betrivers,2025-10-27T14:54:42Z,2025-10-27T14:55:15Z,128.0,-175.0
Tyrese Maxey,Orlando Magic @ Philadelphia 76ers,2025-10-27T23:00:00Z,player_threes,3.5,betrivers,2025-10-27T14:54:42Z,2025-10-27T14:55:15Z,130.0,-177.0
VJ Edgecombe,Orlando Magic @ Philadelphia 76ers,2025-10-27T23:00:00Z,player_threes,1.5,betrivers,2025-10-27T14:54:42Z,2025-10-27T14:55:15Z,-195.0,143.0
Franz Wagner,Orlando Magic @ Philadelphia 76ers,2025-10-27T23:00:00Z,player_threes,1.5,betrivers,2025-10-27T14:54:42Z,2025-10-27T14:55:15Z,-139.0,104.0
Kelly Oubre Jr,Orlando Magic @ Philadelphia 76ers,2025-10-27T23:00:00Z,player_threes,1.5,betrivers,2025-10-27T14:54:42Z,2025-10-27T14:55:15Z,170.0,-230.0
Desmond Bane,Orlando Magic @ Philadelphia 76ers,2025-10-27T23:00:00Z,player_threes,2.5,betrivers,2025-10-27T14:54:42Z,2025-10-27T14:55:15Z,-122.0,-109.0
Tyrese Maxey,Orlando Magic @ Philadelphia 76ers,2025-10-27T23:00:00Z,player_assists,6.5,betmgm,2025-10-27T14:55:29Z,2025-10-27T14:56:04Z,-105.0,-125.0
Kelly Oubre Jr,Orlando Magic @ Philadelphia 76ers,2025-10-27T23:00:00Z,player_assists,1.5,betmgm,2025-10-27T14:55:29Z,2025-10-27T14:56:04Z,140.0,-190.0
Goga Bitadze,Orlando Magic @ Philadelphia 76ers,2025-10-27T23:00:00Z,player_assists,1.5,betmgm,2025-10-27T14:55:29Z,2025-10-27T14:56:04Z,130.0,-175.0
Wendell Carter Jr,Orlando Magic @ Philadelphia 76ers,2025-10-27T23:00:00Z,player_assists,1.5,betmgm,2025-10-27T14:55:29Z,2025-10-27T14:56:04Z,120.0,-160.0
Tristan da Silva,Orlando Magic @ Philadelphia 76ers,2025-10-27T23:00:00Z,player_assists,1.5,betmgm,2025-10-27T14:55:29Z,2025-10-27T14:56:04Z,135.0,-185.0
Tyus Jones,Orlando Magic @ Philadelphia 76ers,2025-10-27T23:00:00Z,player_assists,2.5,betmgm,2025-10-27T14:55:29Z,2025-10-27T14:56:04Z,-118.0,-110.0
Anthony Black,Orlando Magic @ Philadelphia 76ers,2025-10-27T23:00:00Z,player_assists,1.5,betmgm,2025-10-27T14:55:29Z,2025-10-27T14:56:04Z,-140.0,105.0
Desmond Bane,Orlando Magic @ Philadelphia 76ers,2025-10-27T23:00:00Z,player_assists,3.5,betmgm,2025-10-27T14:55:29Z,2025-10-27T14:56:04Z,-135.0,100.0
Franz Wagner,Orlando Magic @ Philadelphia 76ers,2025-10-27T23:00:00Z,player_assists,3.5,betmgm,2025-10-27T14:55:29Z,2025-10-27T14:56:04Z,-160.0,120.0
Jalen Suggs,Orlando Magic @ Philadelphia 76ers,2025-10-27T23:00:00Z,player_assists,2.5,betmgm,2025-10-27T14:55:29Z,2025-10-27T14:56:04Z,110.0,-145.0
VJ Edgecombe,Orlando Magic @ Philadelphia 76ers,2025-10-27T23:00:00Z,player_assists,3.5,betmgm,2025-10-27T14:55:29Z,2025-10-27T14:56:04Z,-140.0,105.0
Paolo Banchero,Orlando Magic @ Philadelphia 76ers,2025-10-27T23:00:00Z,player_assists,4.5,betmgm,2025-10-27T14:55:29Z,2025-10-27T14:56:04Z,105.0,-140.0
Andre Drummond,Orlando Magic @ Philadelphia 76ers,2025-10-27T23:00:00Z,player_assists,0.5,betmgm,2025-10-27T14:55:29Z,2025-10-27T14:56:04Z,-190.0,140.0
Quentin Grimes,Orlando Magic @ Philadelphia 76ers,2025-10-27T23:00:00Z,player_assists,3.5,betmgm,2025-10-27T14:55:29Z,2025-10-27T14:56:04Z,-165.0,125.0
Tyrese Maxey,Orlando Magic @ Philadelphia 76ers,2025-10-27T23:00:00Z,player_blocks,0.5,betmgm,2025-10-27T14:55:29Z,2025-10-27T14:56:04Z,145.0,-210.0
Kelly Oubre Jr,Orlando Magic @ Philadelphia 76ers,2025-10-27T23:00:00Z,player_blocks,0.5,betmgm,2025-10-27T14:55:29Z,2025-10-27T14:56:04Z,-105.0,-130.0
Wendell Carter Jr,Orlando Magic @ Philadelphia 76ers,2025-10-27T23:00:00Z,player_blocks,0.5,betmgm,2025-10-27T14:55:29Z,2025-10-27T14:56:04Z,-118.0,-118.0
Desmond Bane,Orlando Magic @ Philadelphia 76ers,2025-10-27T23:00:00Z,player_blocks,0.5,betmgm,2025-10-27T14:55:29Z,2025-10-27T14:56:04Z,150.0,-210.0
Franz Wagner,Orlando Magic @ Philadelphia 76ers,2025-10-27T23:00:00Z,player_blocks,0.5,betmgm,2025-10-27T14:55:29Z,2025-10-27T14:56:04Z,200.0,-300.0
Jalen Suggs,Orlando Magic @ Philadelphia 76ers,2025-10-27T23:00:00Z,player_blocks,0.5,betmgm,2025-10-27T14:55:29Z,2025-10-27T14:56:04Z,145.0,-200.0
VJ Edgecombe,Orlando Magic @ Philadelphia 76ers,2025-10-27T23:00:00Z,player_blocks,0.5,betmgm,2025-10-27T14:55:29Z,2025-10-27T14:56:04Z,125.0,-175.0
Paolo Banchero,Orlando Magic @ Philadelphia 76ers,2025-10-27T23:00:00Z,player_blocks,0.5,betmgm,2025-10-27T14:55:29Z,2025-10-27T14:56:04Z,-140.0,100.0
Tyrese Maxey,Orlando Magic @ Philadelphia 76ers,2025-10-27T23:00:00Z,player_double_double,,betmgm,2025-10-27T14:55:29Z,2025-10-27T14:56:04Z,,
Kelly Oubre Jr,Orlando Magic @ Philadelphia 76ers,2025-10-27T23:00:00Z,player_double_double,,betmgm,2025-10-27T14:55:29Z,2025-10-27T14:56:04Z,,
Wendell Carter Jr,Orlando Magic @ Philadelphia 76ers,2025-10-27T23:00:00Z,player_double_double,,betmgm,2025-10-27T14:55:29Z,2025-10-27T14:56:04Z,,
Desmond Bane,Orlando Magic @ Philadelphia 76ers,2025-10-27T23:00:00Z,player_double_double,,betmgm,2025-10-27T14:55:29Z,2025-10-27T14:56:04Z,,
Franz Wagner,Orlando Magic @ Philadelphia 76ers,2025-10-27T23:00:00Z,player_double_double,,betmgm,2025-10-27T14:55:29Z,2025-10-27T14:56:04Z,,
VJ Edgecombe,Orlando Magic @ Philadelphia 76ers,2025-10-27T23:00:00Z,player_double_double,,betmgm,2025-10-27T14:55:29Z,2025-10-27T14:56:04Z,,
Paolo Banchero,Orlando Magic @ Philadelphia 76ers,2025-10-27T23:00:00Z,player_double_double,,betmgm,2025-10-27T14:55:29Z,2025-10-27T14:56:04Z,,
Tyrese Maxey,Orlando Magic @ Philadelphia 76ers,2025-10-27T23:00:00Z,player_points,28.5,betmgm,2025-10-27T14:55:29Z,2025-10-27T14:56:04Z,-115.0,-115.0
Kelly Oubre Jr,Orlando Magic @ Philadelphia 76ers,2025-10-27T23:00:00Z,player_points,13.5,betmgm,2025-10-27T14:55:29Z,2025-10-27T14:56:04Z,-115.0,-115.0
Goga Bitadze,Orlando Magic @ Philadelphia 76ers,2025-10-27T23:00:00Z,player_points,3.5,betmgm,2025-10-27T14:55:29Z,2025-10-27T14:56:04Z,-185.0,135.0
Wendell Carter Jr,Orlando Magic @ Philadelphia 76ers,2025-10-27T23:00:00Z,player_points,9.5,betmgm,2025-10-27T14:55:29Z,2025-10-27T14:56:04Z,-145.0,105.0
Tristan da Silva,Orlando Magic @ Philadelphia 76ers,2025-10-27T23:00:00Z,player_points,7.5,betmgm,2025-10-27T14:55:29Z,2025-10-27T14:56:04Z,-110.0,-118.0
Tyus Jones,Orlando Magic @ Philadelphia 76ers,2025-10-27T23:00:00Z,player_points,5.5,betmgm,2025-10-27T14:55:29Z,2025-10-27T14:56:04Z,-105.0,-130.0
Anthony Black,Orlando Magic @ Philadelphia 76ers,2025-10-27T23:00:00Z,player_points,8.5,betmgm,2025-10-27T14:55:29Z,2025-10-27T14:56:04Z,100.0,-135.0
Desmond Bane,Orlando Magic @ Philadelphia 76ers,2025-10-27T23:00:00Z,player_points,17.5,betmgm,2025-10-27T14:55:29Z,2025-10-27T14:56:04Z,-110.0,-120.0
Jalen Suggs,Orlando Magic @ Philadelphia 76ers,2025-10-27T23:00:00Z,player_points,9.5,betmgm,2025-10-27T14:55:29Z,2025-10-27T14:56:04Z,-120.0,-110.0
VJ Edgecombe,Orlando Magic @ Philadelphia 76ers,2025-10-27T23:00:00Z,player_points,18.5,betmgm,2025-10-27T14:55:29Z,2025-10-27T14:56:04Z,-120.0,-110.0
Paolo Banchero,Orlando Magic @ Philadelphia 76ers,2025-10-27T23:00:00Z,player_points,24.5,betmgm,2025-10-27T14:55:29Z,2025-10-27T14:56:04Z,-105.0,-125.0
Andre Drummond,Orlando Magic @ Philadelphia 76ers,2025-10-27T23:00:00Z,player_points,6.5,betmgm,2025-10-27T14:55:29Z,2025-10-27T14:56:04Z,100.0,-130.0
Quentin Grimes,Orlando Magic @ Philadelphia 76ers,2025-10-27T23:00:00Z,player_points,15.5,betmgm,2025-10-27T14:55:29Z,2025-10-27T14:56:04Z,-105.0,-130.0
Franz Wagner,Orlando Magic @ Philadelphia 76ers,2025-10-27T23:00:00Z,player_points,23.5,betmgm,2025-10-27T14:55:29Z,2025-10-27T14:56:04Z,-105.0,-130.0
Tyrese Maxey,Orlando Magic @ Philadelphia 76ers,2025-10-27T23:00:00Z,player_points_rebounds_assists,37.5,betmgm,2025-10-27T14:55:29Z,2025-10-27T14:56:04Z,-125.0,-105.0
Kelly Oubre Jr,Orlando Magic @ Philadelphia 76ers,2025-10-27T23:00:00Z,player_points_rebounds_assists,19.5,betmgm,2025-10-27T14:55:29Z,2025-10-27T14:56:04Z,-120.0,-110.0
Quentin Grimes,Orlando Magic @ Philadelphia 76ers,2025-10-27T23:00:00Z,player_points_rebounds_assists,22.5,betmgm,2025-10-27T14:55:29Z,2025-10-27T14:56:04Z,-125.0,-105.0
Goga Bitadze,Orlando Magic @ Philadelphia 76ers,2025-10-27T23:00:00Z,player_points_rebounds_assists,10.5,betmgm,2025-10-27T14:55:29Z,2025-10-27T14:56:04Z,-105.0,-125.0
Wendell Carter Jr,Orlando Magic @ Philadelphia 76ers,2025-10-27T23:00:00Z,player_points_rebounds_assists,19.5,betmgm,2025-10-27T14:55:29Z,2025-10-27T14:56:04Z,-118.0,-115.0
Tristan da Silva,Orlando Magic @ Philadelphia 76ers,2025-10-27T23:00:00Z,player_points_rebounds_assists,12.5,betmgm,2025-10-27T14:55:29Z,2025-10-27T14:56:04Z,-105.0,-125.0
Tyus Jones,Orlando Magic @ Philadelphia 76ers,2025-10-27T23:00:00Z,player_points_rebounds_assists,9.5,betmgm,2025-10-27T14:55:29Z,2025-10-27T14:56:04Z,-118.0,-115.0
Anthony Black,Orlando Magic @ Philadelphia 76ers,2025-10-27T23:00:00Z,player_points_rebounds_assists,13.5,betmgm,2025-10-27T14:55:29Z,2025-10-27T14:56:04Z,100.0,-130.0
Desmond Bane,Orlando Magic @ Philadelphia 76ers,2025-10-27T23:00:00Z,player_points_rebounds_assists,26.5,betmgm,2025-10-27T14:55:29Z,2025-10-27T14:56:04Z,-115.0,-118.0
Franz Wagner,Orlando Magic @ Philadelphia 76ers,2025-10-27T23:00:00Z,player_points_rebounds_assists,32.5,betmgm,2025-10-27T14:55:29Z,2025-10-27T14:56:04Z,-115.0,-115.0
Jalen Suggs,Orlando Magic @ Philadelphia 76ers,2025-10-27T23:00:00Z,player_points_rebounds_assists,14.5,betmgm,2025-10-27T14:55:29Z,2025-10-27T14:56:04Z,-125.0,-105.0
VJ Edgecombe,Orlando Magic @ Philadelphia 76ers,2025-10-27T23:00:00Z,player_points_rebounds_assists,28.5,betmgm,2025-10-27T14:55:29Z,2025-10-27T14:56:04Z,-118.0,-110.0
Paolo Banchero,Orlando Magic @ Philadelphia 76ers,2025-10-27T23:00:00Z,player_points_rebounds_assists,36.5,betmgm,2025-10-27T14:55:29Z,2025-10-27T14:56:04Z,-110.0,-120.0
Andre Drummond,Orlando Magic @ Philadelphia 76ers,2025-10-27T23:00:00Z,player_points_rebounds_assists,15.5,betmgm,2025-10-27T14:55:29Z,2025-10-27T14:56:04Z,-110.0,-120.0
Tyrese Maxey,Orlando Magic @ Philadelphia 76ers,2025-10-27T23:00:00Z,player_rebounds,2.5,betmgm,2025-10-27T14:55:29Z,2025-10-27T14:56:04Z,-155.0,120.0
Kelly Oubre Jr,Orlando Magic @ Philadelphia 76ers,2025-10-27T23:00:00Z,player_rebounds,4.5,betmgm,2025-10-27T14:55:29Z,2025-10-27T14:56:04Z,-125.0,-105.0
Quentin Grimes,Orlando Magic @ Philadelphia 76ers,2025-10-27T23:00:00Z,player_rebounds,3.5,betmgm,2025-10-27T14:55:29Z,2025-10-27T14:56:04Z,-110.0,-120.0
Goga Bitadze,Orlando Magic @ Philadelphia 76ers,2025-10-27T23:00:00Z,player_rebounds,4.5,betmgm,2025-10-27T14:55:29Z,2025-10-27T14:56:04Z,-185.0,135.0
Wendell Carter Jr,Orlando Magic @ Philadelphia 76ers,2025-10-27T23:00:00Z,player_rebounds,8.5,betmgm,2025-10-27T14:55:29Z,2025-10-27T14:56:04Z,100.0,-135.0
Tristan da Silva,Orlando Magic @ Philadelphia 76ers,2025-10-27T23:00:00Z,player_rebounds,3.5,betmgm,2025-10-27T14:55:29Z,2025-10-27T14:56:04Z,100.0,-130.0
Tyus Jones,Orlando Magic @ Philadelphia 76ers,2025-10-27T23:00:00Z,player_rebounds,1.5,betmgm,2025-10-27T14:55:29Z,2025-10-27T14:56:04Z,105.0,-140.0
Anthony Black,Orlando Magic @ Philadelphia 76ers,2025-10-27T23:00:00Z,player_rebounds,2.5,betmgm,2025-10-27T14:55:29Z,2025-10-27T14:56:04Z,-145.0,105.0
Desmond Bane,Orlando Magic @ Philadelphia 76ers,2025-10-27T23:00:00Z,player_rebounds,4.5,betmgm,2025-10-27T14:55:29Z,2025-10-27T14:56:04Z,-160.0,120.0
Franz Wagner,Orlando Magic @ Philadelphia 76ers,2025-10-27T23:00:00Z,player_rebounds,5.5,betmgm,2025-10-27T14:55:29Z,2025-10-27T14:56:04Z,110.0,-150.0
Jalen Suggs,Orlando Magic @ Philadelphia 76ers,2025-10-27T23:00:00Z,player_rebounds,2.5,betmgm,2025-10-27T14:55:29Z,2025-10-27T14:56:04Z,-120.0,-110.0
VJ Edgecombe,Orlando Magic @ Philadelphia 76ers,2025-10-27T23:00:00Z,player_rebounds,5.5,betmgm,2025-10-27T14:55:29Z,2025-10-27T14:56:04Z,-110.0,-125.0
Paolo Banchero,Orlando Magic @ Philadelphia 76ers,2025-10-27T23:00:00Z,player_rebounds,7.5,betmgm,2025-10-27T14:55:29Z,2025-10-27T14:56:04Z,-120.0,-110.0
Andre Drummond,Orlando Magic @ Philadelphia 76ers,2025-10-27T23:00:00Z,player_rebounds,7.5,betmgm,2025-10-27T14:55:29Z,2025-10-27T14:56:04Z,-130.0,-105.0
Tyrese Maxey,Orlando Magic @ Philadelphia 76ers,2025-10-27T23:00:00Z,player_threes,3.5,betmgm,2025-10-27T14:55:29Z,2025-10-27T14:56:04Z,115.0,-155.0
Kelly Oubre Jr,Orlando Magic @ Philadelphia 76ers,2025-10-27T23:00:00Z,player_threes,1.5,betmgm,2025-10-27T14:55:29Z,2025-10-27T14:56:04Z,145.0,-190.0
Quentin Grimes,Orlando Magic @ Philadelphia 76ers,2025-10-27T23:00:00Z,player_threes,2.5,betmgm,2025-10-27T14:55:29Z,2025-10-27T14:56:04Z,100.0,-135.0
Wendell Carter Jr,Orlando Magic @ Philadelphia 76ers,2025-10-27T23:00:00Z,player_threes,0.5,betmgm,2025-10-27T14:55:29Z,2025-10-27T14:56:04Z,-120.0,-110.0
Tristan da Silva,Orlando Magic @ Philadelphia 76ers,2025-10-27T23:00:00Z,player_threes,1.5,betmgm,2025-10-27T14:55:29Z,2025-10-27T14:56:04Z,175.0,-235.0
Tyus Jones,Orlando Magic @ Philadelphia 76ers,2025-10-27T23:00:00Z,player_threes,1.5,betmgm,2025-10-27T14:55:29Z,2025-10-27T14:56:04Z,175.0,-235.0
Anthony Black,Orlando Magic @ Philadelphia 76ers,2025-10-27T23:00:00Z,player_threes,0.5,betmgm,2025-10-27T14:55:29Z,2025-10-27T14:56:04Z,-125.0,-110.0
Desmond Bane,Orlando Magic @ Philadelphia 76ers,2025-10-27T23:00:00Z,player_threes,2.5,betmgm,2025-10-27T14:55:29Z,2025-10-27T14:56:04Z,-105.0,-125.0
Franz Wagner,Orlando Magic @ Philadelphia 76ers,2025-10-27T23:00:00Z,player_threes,1.5,betmgm,2025-10-27T14:55:29Z,2025-10-27T14:56:04Z,-150.0,110.0
Jalen Suggs,Orlando Magic @ Philadelphia 76ers,2025-10-27T23:00:00Z,player_threes,1.5,betmgm,2025-10-27T14:55:29Z,2025-10-27T14:56:04Z,120.0,-160.0
VJ Edgecombe,Orlando Magic @ Philadelphia 76ers,2025-10-27T23:00:00Z,player_threes,1.5,betmgm,2025-10-27T14:55:29Z,2025-10-27T14:56:04Z,-200.0,150.0
Paolo Banchero,Orlando Magic @ Philadelphia 76ers,2025-10-27T23:00:00Z,player_threes,1.5,betmgm,2025-10-27T14:55:29Z,2025-10-27T14:56:04Z,-105.0,-130.0
Paolo Banchero,Orlando Magic @ Philadelphia 76ers,2025-10-27T23:00:00Z,player_triple_double,,betmgm,2025-10-27T14:55:29Z,2025-10-27T14:56:04Z,,
Desmond Bane,Orlando Magic @ Philadelphia 76ers,2025-10-27T23:00:00Z,player_assists,3.5,bovada,2025-10-27T14:54:45Z,2025-10-27T14:55:13Z,-170.0,130.0
Desmond Bane,Orlando Magic @ Philadelphia 76ers,2025-10-27T23:00:00Z,player_assists,4.5,bovada,2025-10-27T14:54:45Z,2025-10-27T14:55:13Z,125.0,-165.0
Franz Wagner,Orlando Magic @ Philadelphia 76ers,2025-10-27T23:00:00Z,player_assists,3.5,bovada,2025-10-27T14:54:45Z,2025-10-27T14:55:13Z,-160.0,120.0
Franz Wagner,Orlando Magic @ Philadelphia 76ers,2025-10-27T23:00:00Z,player_assists,4.5,bovada,2025-10-27T14:54:45Z,2025-10-27T14:55:13Z,135.0,-180.0
Jalen Suggs,Orlando Magic @ Philadelphia 76ers,2025-10-27T23:00:00Z,player_assists,1.5,bovada,2025-10-27T14:54:45Z,2025-10-27T14:55:13Z,-275.0,200.0
Jalen Suggs,Orlando Magic @ Philadelphia 76ers,2025-10-27T23:00:00Z,player_assists,2.5,bovada,2025-10-27T14:54:45Z,2025-10-27T14:55:13Z,110.0,-145.0
Paolo Banchero,Orlando Magic @ Philadelphia 76ers,2025-10-27T23:00:00Z,player_assists,3.5,bovada,2025-10-27T14:54:45Z,2025-10-27T14:55:13Z,-180.0,135.0
Paolo Banchero,Orlando Magic @ Philadelphia 76ers,2025-10-27T23:00:00Z,player_assists,4.5,bovada,2025-10-27T14:54:45Z,2025-10-27T14:55:13Z,120.0,-160.0
Tyrese Maxey,Orlando Magic @ Philadelphia 76ers,2025-10-27T23:00:00Z,player_assists,5.5,bovada,2025-10-27T14:54:45Z,2025-10-27T14:55:13Z,-185.0,140.0
Tyrese Maxey,Orlando Magic @ Philadelphia 76ers,2025-10-27T23:00:00Z,player_assists,6.5,bovada,2025-10-27T14:54:45Z,2025-10-27T14:55:13Z,105.0,-135.0
Tyrese Maxey,Orlando Magic @ Philadelphia 76ers,2025-10-27T23:00:00Z,player_assists,7.5,bovada,2025-10-27T14:54:45Z,2025-10-27T14:55:13Z,185.0,-250.0
VJ Edgecombe,Orlando Magic @ Philadelphia 76ers,2025-10-27T23:00:00Z,player_assists,3.5,bovada,2025-10-27T14:54:45Z,2025-10-27T14:55:13Z,-135.0,105.0
VJ Edgecombe,Orlando Magic @ Philadelphia 76ers,2025-10-27T23:00:00Z,player_assists,4.5,bovada,2025-10-27T14:54:45Z,2025-10-27T14:55:13Z,155.0,-210.0
Paolo Banchero,Orlando Magic @ Philadelphia 76ers,2025-10-27T23:00:00Z,player_double_double,,bovada,2025-10-27T14:54:45Z,2025-10-27T14:55:13Z,,
Wendell Carter Jr,Orlando Magic @ Philadelphia 76ers,2025-10-27T23:00:00Z,player_double_double,,bovada,2025-10-27T14:54:45Z,2025-10-27T14:55:13Z,,
Tyrese Maxey,Orlando Magic @ Philadelphia 76ers,2025-10-27T23:00:00Z,player_double_double,,bovada,2025-10-27T14:54:45Z,2025-10-27T14:55:13Z,,
VJ Edgecombe,Orlando Magic @ Philadelphia 76ers,2025-10-27T23:00:00Z,player_double_double,,bovada,2025-10-27T14:54:45Z,2025-10-27T14:55:13Z,,
Franz Wagner,Orlando Magic @ Philadelphia 76ers,2025-10-27T23:00:00Z,player_double_double,,bovada,2025-10-27T14:54:45Z,2025-10-27T14:55:13Z,,
Desmond Bane,Orlando Magic @ Philadelphia 76ers,2025-10-27T23:00:00Z,player_double_double,,bovada,2025-10-27T14:54:45Z,2025-10-27T14:55:13Z,,
Kelly Oubre Jr,Orlando Magic @ Philadelphia 76ers,2025-10-27T23:00:00Z,player_double_double,,bovada,2025-10-27T14:54:45Z,2025-10-27T14:55:13Z,,
Quentin Grimes,Orlando Magic @ Philadelphia 76ers,2025-10-27T23:00:00Z,player_double_double,,bovada,2025-10-27T14:54:45Z,2025-10-27T14:55:13Z,,
Desmond Bane,Orlando Magic @ Philadelphia 76ers,2025-10-27T23:00:00Z,player_points,14.5,bovada,2025-10-27T14:54:45Z,2025-10-27T14:55:13Z,-250.0,185.0
Desmond Bane,Orlando Magic @ Philadelphia 76ers,2025-10-27T23:00:00Z,player_points,15.5,bovada,2025-10-27T14:54:45Z,2025-10-27T14:55:13Z,-190.0,145.0
Desmond Bane,Orlando Magic @ Philadelphia 76ers,2025-10-27T23:00:00Z,player_points,16.5,bovada,2025-10-27T14:54:45Z,2025-10-27T14:55:13Z,-150.0,115.0
Desmond Bane,Orlando Magic @ Philadelphia 76ers,2025-10-27T23:00:00Z,player_points,17.5,bovada,2025-10-27T14:54:45Z,2025-10-27T14:55:13Z,-115.0,-115.0
Desmond Bane,Orlando Magic @ Philadelphia 76ers,2025-10-27T23:00:00Z,player_points,18.5,bovada,2025-10-27T14:54:45Z,2025-10-27T14:55:13Z,110.0,-145.0
Desmond Bane,Orlando Magic @ Philadelphia 76ers,2025-10-27T23:00:00Z,player_points,19.5,bovada,2025-10-27T14:54:45Z,2025-10-27T14:55:13Z,135.0,-180.0
Desmond Bane,Orlando Magic @ Philadelphia 76ers,2025-10-27T23:00:00Z,player_points,20.5,bovada,2025-10-27T14:54:45Z,2025-10-27T14:55:13Z,170.0,-230.0
Desmond Bane,Orlando Magic @ Philadelphia 76ers,2025-10-27T23:00:00Z,player_points,21.5,bovada,2025-10-27T14:54:45Z,2025-10-27T14:55:13Z,210.0,-290.0
Franz Wagner,Orlando Magic @ Philadelphia 76ers,2025-10-27T23:00:00Z,player_points,19.5,bovada,2025-10-27T14:54:45Z,2025-10-27T14:55:13Z,-240.0,175.0
Franz Wagner,Orlando Magic @ Philadelphia 76ers,2025-10-27T23:00:00Z,player_points,20.5,bovada,2025-10-27T14:54:45Z,2025-10-27T14:55:13Z,-185.0,140.0
Franz Wagner,Orlando Magic @ Philadelphia 76ers,2025-10-27T23:00:00Z,player_points,21.5,bovada,2025-10-27T14:54:45Z,2025-10-27T14:55:13Z,-150.0,115.0
Franz Wagner,Orlando Magic @ Philadelphia 76ers,2025-10-27T23:00:00Z,player_points,22.5,bovada,2025-10-27T14:54:45Z,2025-10-27T14:55:13Z,-120.0,-110.0
Franz Wagner,Orlando Magic @ Philadelphia 76ers,2025-10-27T23:00:00Z,player_points,23.5,bovada,2025-10-27T14:54:45Z,2025-10-27T14:55:13Z,105.0,-135.0
Franz Wagner,Orlando Magic @ Philadelphia 76ers,2025-10-27T23:00:00Z,player_points,24.5,bovada,2025-10-27T14:54:45Z,2025-10-27T14:55:13Z,125.0,-165.0
Franz Wagner,Orlando Magic @ Philadelphia 76ers,2025-10-27T23:00:00Z,player_points,25.5,bovada,2025-10-27T14:54:45Z,2025-10-27T14:55:13Z,150.0,-200.0
Franz Wagner,Orlando Magic @ Philadelphia 76ers,2025-10-27T23:00:00Z,player_points,26.5,bovada,2025-10-27T14:54:45Z,2025-10-27T14:55:13Z,185.0,-250.0
Jalen Suggs,Orlando Magic @ Philadelphia 76ers,2025-10-27T23:00:00Z,player_points,7.5,bovada,2025-10-27T14:54:45Z,2025-10-27T14:55:13Z,-230.0,170.0
Jalen Suggs,Orlando Magic @ Philadelphia 76ers,2025-10-27T23:00:00Z,player_points,8.5,bovada,2025-10-27T14:54:45Z,2025-10-27T14:55:13Z,-160.0,120.0
Jalen Suggs,Orlando Magic @ Philadelphia 76ers,2025-10-27T23:00:00Z,player_points,9.5,bovada,2025-10-27T14:54:45Z,2025-10-27T14:55:13Z,-115.0,-115.0
Jalen Suggs,Orlando Magic @ Philadelphia 76ers,2025-10-27T23:00:00Z,player_points,10.5,bovada,2025-10-27T14:54:45Z,2025-10-27T14:55:13Z,120.0,-160.0
Jalen Suggs,Orlando Magic @ Philadelphia 76ers,2025-10-27T23:00:00Z,player_points,11.5,bovada,2025-10-27T14:54:45Z,2025-10-27T14:55:13Z,155.0,-210.0
Jalen Suggs,Orlando Magic @ Philadelphia 76ers,2025-10-27T23:00:00Z,player_points,12.5,bovada,2025-10-27T14:54:45Z,2025-10-27T14:55:13Z,205.0,-280.0
Kelly Oubre Jr,Orlando Magic @ Philadelphia 76ers,2025-10-27T23:00:00Z,player_points,11.5,bovada,2025-10-27T14:54:45Z,2025-10-27T14:55:13Z,-220.0,165.0
Kelly Oubre Jr,Orlando Magic @ Philadelphia 76ers,2025-10-27T23:00:00Z,player_points,12.5,bovada,2025-10-27T14:54:45Z,2025-10-27T14:55:13Z,-165.0,125.0
Kelly Oubre Jr,Orlando Magic @ Philadelphia 76ers,2025-10-27T23:00:00Z,player_points,13.5,bovada,2025-10-27T14:54:45Z,2025-10-27T14:55:13Z,-125.0,-105.0
Kelly Oubre Jr,Orlando Magic @ Philadelphia 76ers,2025-10-27T23:00:00Z,player_points,14.5,bovada,2025-10-27T14:54:45Z,2025-10-27T14:55:13Z,105.0,-135.0
Kelly Oubre Jr,Orlando Magic @ Philadelphia 76ers,2025-10-27T23:00:00Z,player_points,15.5,bovada,2025-10-27T14:54:45Z,2025-10-27T14:55:13Z,135.0,-180.0
Kelly Oubre Jr,Orlando Magic @ Philadelphia 76ers,2025-10-27T23:00:00Z,player_points,16.5,bovada,2025-10-27T14:54:45Z,2025-10-27T14:55:13Z,170.0,-230.0
Kelly Oubre Jr,Orlando Magic @ Philadelphia 76ers,2025-10-27T23:00:00Z,player_points,17.5,bovada,2025-10-27T14:54:45Z,2025-10-27T14:55:13Z,215.0,-300.0
Paolo Banchero,Orlando Magic @ Philadelphia 76ers,2025-10-27T23:00:00Z,player_points,20.5,bovada,2025-10-27T14:54:45Z,2025-10-27T14:55:13Z,-250.0,185.0
Paolo Banchero,Orlando Magic @ Philadelphia 76ers,2025-10-27T23:00:00Z,player_points,21.5,bovada,2025-10-27T14:54:45Z,2025-10-27T14:55:13Z,-200.0,150.0
Paolo Banchero,Orlando Magic @ Philadelphia 76ers,2025-10-27T23:00:00Z,player_points,22.5,bovada,2025-10-27T14:54:45Z,2025-10-27T14:55:13Z,-160.0,120.0
Paolo Banchero,Orlando Magic @ Philadelphia 76ers,2025-10-27T23:00:00Z,player_points,23.5,bovada,2025-10-27T14:54:45Z,2025-10-27T14:55:13Z,-130.0,100.0
Paolo Banchero,Orlando Magic @ Philadelphia 76ers,2025-10-27T23:00:00Z,player_points,24.5,bovada,2025-10-27T14:54:45Z,2025-10-27T14:55:13Z,-105.0,-125.0
Paolo Banchero,Orlando Magic @ Philadelphia 76ers,2025-10-27T23:00:00Z,player_points,25.5,bovada,2025-10-27T14:54:45Z,2025-10-27T14:55:13Z,115.0,-150.0
Paolo Banchero,Orlando Magic @ Philadelphia 76ers,2025-10-27T23:00:00Z,player_points,26.5,bovada,2025-10-27T14:54:45Z,2025-10-27T14:55:13Z,140.0,-185.0
Paolo Banchero,Orlando Magic @ Philadelphia 76ers,2025-10-27T23:00:00Z,player_points,27.5,bovada,2025-10-27T14:54:45Z,2025-10-27T14:55:13Z,170.0,-230.0
Paolo Banchero,Orlando Magic @ Philadelphia 76ers,2025-10-27T23:00:00Z,player_points,28.5,bovada,2025-10-27T14:54:45Z,2025-10-27T14:55:13Z,205.0,-280.0
Quentin Grimes,Orlando Magic @ Philadelphia 76ers,2025-10-27T23:00:00Z,player_points,12.5,bovada,2025-10-27T14:54:45Z,2025-10-27T14:55:13Z,-230.0,170.0
Quentin Grimes,Orlando Magic @ Philadelphia 76ers,2025-10-27T23:00:00Z,player_points,13.5,bovada,2025-10-27T14:54:45Z,2025-10-27T14:55:13Z,-170.0,130.0
Quentin Grimes,Orlando Magic @ Philadelphia 76ers,2025-10-27T23:00:00Z,player_points,14.5,bovada,2025-10-27T14:54:45Z,2025-10-27T14:55:13Z,-130.0,100.0
Quentin Grimes,Orlando Magic @ Philadelphia 76ers,2025-10-27T23:00:00Z,player_points,15.5,bovada,2025-10-27T14:54:45Z,2025-10-27T14:55:13Z,100.0,-130.0
Quentin Grimes,Orlando Magic @ Philadelphia 76ers,2025-10-27T23:00:00Z,player_points,16.5,bovada,2025-10-27T14:54:45Z,2025-10-27T14:55:13Z,125.0,-165.0
Quentin Grimes,Orlando Magic @ Philadelphia 76ers,2025-10-27T23:00:00Z,player_points,17.5,bovada,2025-10-27T14:54:45Z,2025-10-27T14:55:13Z,160.0,-215.0
Quentin Grimes,Orlando Magic @ Philadelphia 76ers,2025-10-27T23:00:00Z,player_points,18.5,bovada,2025-10-27T14:54:45Z,2025-10-27T14:55:13Z,200.0,-275.0
Tyrese Maxey,Orlando Magic @ Philadelphia 76ers,2025-10-27T23:00:00Z,player_points,23.5,bovada,2025-10-27T14:54:45Z,2025-10-27T14:55:13Z,-275.0,200.0
Tyrese Maxey,Orlando Magic @ Philadelphia 76ers,2025-10-27T23:00:00Z,player_points,24.5,bovada,2025-10-27T14:54:45Z,2025-10-27T14:55:13Z,-220.0,165.0
Tyrese Maxey,Orlando Magic @ Philadelphia 76ers,2025-10-27T23:00:00Z,player_points,25.5,bovada,2025-10-27T14:54:45Z,2025-10-27T14:55:13Z,-180.0,135.0
Tyrese Maxey,Orlando Magic @ Philadelphia 76ers,2025-10-27T23:00:00Z,player_points,26.5,bovada,2025-10-27T14:54:45Z,2025-10-27T14:55:13Z,-145.0,110.0
Tyrese Maxey,Orlando Magic @ Philadelphia 76ers,2025-10-27T23:00:00Z,player_points,27.5,bovada,2025-10-27T14:54:45Z,2025-10-27T14:55:13Z,-120.0,-110.0
Tyrese Maxey,Orlando Magic @ Philadelphia 76ers,2025-10-27T23:00:00Z,player_points,28.5,bovada,2025-10-27T14:54:45Z,2025-10-27T14:55:13Z,100.0,-130.0
Tyrese Maxey,Orlando Magic @ Philadelphia 76ers,2025-10-27T23:00:00Z,player_points,29.5,bovada,2025-10-27T14:54:45Z,2025-10-27T14:55:13Z,120.0,-160.0
Tyrese Maxey,Orlando Magic @ Philadelphia 76ers,2025-10-27T23:00:00Z,player_points,30.5,bovada,2025-10-27T14:54:45Z,2025-10-27T14:55:13Z,145.0,-190.0
Tyrese Maxey,Orlando Magic @ Philadelphia 76ers,2025-10-27T23:00:00Z,player_points,31.5,bovada,2025-10-27T14:54:45Z,2025-10-27T14:55:13Z,170.0,-230.0
Tyrese Maxey,Orlando Magic @ Philadelphia 76ers,2025-10-27T23:00:00Z,player_points,32.5,bovada,2025-10-27T14:54:45Z,2025-10-27T14:55:13Z,205.0,-280.0
VJ Edgecombe,Orlando Magic @ Philadelphia 76ers,2025-10-27T23:00:00Z,player_points,15.5,bovada,2025-10-27T14:54:45Z,2025-10-27T14:55:13Z,-275.0,200.0
VJ Edgecombe,Orlando Magic @ Philadelphia 76ers,2025-10-27T23:00:00Z,player_points,16.5,bovada,2025-10-27T14:54:45Z,2025-10-27T14:55:13Z,-200.0,150.0
VJ Edgecombe,Orlando Magic @ Philadelphia 76ers,2025-10-27T23:00:00Z,player_points,17.5,bovada,2025-10-27T14:54:45Z,2025-10-27T14:55:13Z,-160.0,120.0
VJ Edgecombe,Orlando Magic @ Philadelphia 76ers,2025-10-27T23:00:00Z,player_points,18.5,bovada,2025-10-27T14:54:45Z,2025-10-27T14:55:13Z,-125.0,-105.0
VJ Edgecombe,Orlando Magic @ Philadelphia 76ers,2025-10-27T23:00:00Z,player_points,19.5,bovada,2025-10-27T14:54:45Z,2025-10-27T14:55:13Z,100.0,-130.0
VJ Edgecombe,Orlando Magic @ Philadelphia 76ers,2025-10-27T23:00:00Z,player_points,20.5,bovada,2025-10-27T14:54:45Z,2025-10-27T14:55:13Z,125.0,-165.0
VJ Edgecombe,Orlando Magic @ Philadelphia 76ers,2025-10-27T23:00:00Z,player_points,21.5,bovada,2025-10-27T14:54:45Z,2025-10-27T14:55:13Z,155.0,-210.0
VJ Edgecombe,Orlando Magic @ Philadelphia 76ers,2025-10-27T23:00:00Z,player_points,22.5,bovada,2025-10-27T14:54:45Z,2025-10-27T14:55:13Z,190.0,-260.0
Wendell Carter Jr,Orlando Magic @ Philadelphia 76ers,2025-10-27T23:00:00Z,player_points,7.5,bovada,2025-10-27T14:54:45Z,2025-10-27T14:55:13Z,-300.0,215.0
Wendell Carter Jr,Orlando Magic @ Philadelphia 76ers,2025-10-27T23:00:00Z,player_points,8.5,bovada,2025-10-27T14:54:45Z,2025-10-27T14:55:13Z,-200.0,150.0
Wendell Carter Jr,Orlando Magic @ Philadelphia 76ers,2025-10-27T23:00:00Z,player_points,9.5,bovada,2025-10-27T14:54:45Z,2025-10-27T14:55:13Z,-145.0,110.0
Wendell Carter Jr,Orlando Magic @ Philadelphia 76ers,2025-10-27T23:00:00Z,player_points,10.5,bovada,2025-10-27T14:54:45Z,2025-10-27T14:55:13Z,-105.0,-125.0
Wendell Carter Jr,Orlando Magic @ Philadelphia 76ers,2025-10-27T23:00:00Z,player_points,11.5,bovada,2025-10-27T14:54:45Z,2025-10-27T14:55:13Z,125.0,-165.0
Wendell Carter Jr,Orlando Magic @ Philadelphia 76ers,2025-10-27T23:00:00Z,player_points,12.5,bovada,2025-10-27T14:54:45Z,2025-10-27T14:55:13Z,165.0,-220.0
Desmond Bane,Orlando Magic @ Philadelphia 76ers,2025-10-27T23:00:00Z,player_points_rebounds_assists,23.5,bovada,2025-10-27T14:54:45Z,2025-10-27T14:55:13Z,-250.0,185.0
Desmond Bane,Orlando Magic @ Philadelphia 76ers,2025-10-27T23:00:00Z,player_points_rebounds_assists,24.5,bovada,2025-10-27T14:54:45Z,2025-10-27T14:55:13Z,-200.0,150.0
Desmond Bane,Orlando Magic @ Philadelphia 76ers,2025-10-27T23:00:00Z,player_points_rebounds_assists,25.5,bovada,2025-10-27T14:54:45Z,2025-10-27T14:55:13Z,-165.0,125.0
Desmond Bane,Orlando Magic @ Philadelphia 76ers,2025-10-27T23:00:00Z,player_points_rebounds_assists,26.5,bovada,2025-10-27T14:54:45Z,2025-10-27T14:55:13Z,-135.0,105.0
Desmond Bane,Orlando Magic @ Philadelphia 76ers,2025-10-27T23:00:00Z,player_points_rebounds_assists,27.5,bovada,2025-10-27T14:54:45Z,2025-10-27T14:55:13Z,-115.0,-115.0
Desmond Bane,Orlando Magic @ Philadelphia 76ers,2025-10-27T23:00:00Z,player_points_rebounds_assists,28.5,bovada,2025-10-27T14:54:45Z,2025-10-27T14:55:13Z,105.0,-135.0
Desmond Bane,Orlando Magic @ Philadelphia 76ers,2025-10-27T23:00:00Z,player_points_rebounds_assists,29.5,bovada,2025-10-27T14:54:45Z,2025-10-27T14:55:13Z,125.0,-165.0
Desmond Bane,Orlando Magic @ Philadelphia 76ers,2025-10-27T23:00:00Z,player_points_rebounds_assists,30.5,bovada,2025-10-27T14:54:45Z,2025-10-27T14:55:13Z,150.0,-200.0
Desmond Bane,Orlando Magic @ Philadelphia 76ers,2025-10-27T23:00:00Z,player_points_rebounds_assists,31.5,bovada,2025-10-27T14:54:45Z,2025-10-27T14:55:13Z,180.0,-245.0
Desmond Bane,Orlando Magic @ Philadelphia 76ers,2025-10-27T23:00:00Z,player_points_rebounds_assists,32.5,bovada,2025-10-27T14:54:45Z,2025-10-27T14:55:13Z,210.0,-290.0
Franz Wagner,Orlando Magic @ Philadelphia 76ers,2025-10-27T23:00:00Z,player_points_rebounds_assists,27.5,bovada,2025-10-27T14:54:45Z,2025-10-27T14:55:13Z,-280.0,205.0
Franz Wagner,Orlando Magic @ Philadelphia 76ers,2025-10-27T23:00:00Z,player_points_rebounds_assists,28.5,bovada,2025-10-27T14:54:45Z,2025-10-27T14:55:13Z,-230.0,170.0
Franz Wagner,Orlando Magic @ Philadelphia 76ers,2025-10-27T23:00:00Z,player_points_rebounds_assists,29.5,bovada,2025-10-27T14:54:45Z,2025-10-27T14:55:13Z,-185.0,140.0
Franz Wagner,Orlando Magic @ Philadelphia 76ers,2025-10-27T23:00:00Z,player_points_rebounds_assists,30.5,bovada,2025-10-27T14:54:45Z,2025-10-27T14:55:13Z,-160.0,120.0
Franz Wagner,Orlando Magic @ Philadelphia 76ers,2025-10-27T23:00:00Z,player_points_rebounds_assists,31.5,bovada,2025-10-27T14:54:45Z,2025-10-27T14:55:13Z,-130.0,100.0
Franz Wagner,Orlando Magic @ Philadelphia 76ers,2025-10-27T23:00:00Z,player_points_rebounds_assists,32.5,bovada,2025-10-27T14:54:45Z,2025-10-27T14:55:13Z,-110.0,-120.0
Franz Wagner,Orlando Magic @ Philadelphia 76ers,2025-10-27T23:00:00Z,player_points_rebounds_assists,33.5,bovada,2025-10-27T14:54:45Z,2025-10-27T14:55:13Z,110.0,-145.0
Franz Wagner,Orlando Magic @ Philadelphia 76ers,2025-10-27T23:00:00Z,player_points_rebounds_assists,34.5,bovada,2025-10-27T14:54:45Z,2025-10-27T14:55:13Z,125.0,-165.0
Franz Wagner,Orlando Magic @ Philadelphia 76ers,2025-10-27T23:00:00Z,player_points_rebounds_assists,35.5,bovada,2025-10-27T14:54:45Z,2025-10-27T14:55:13Z,150.0,-200.0
Franz Wagner,Orlando Magic @ Philadelphia 76ers,2025-10-27T23:00:00Z,player_points_rebounds_assists,36.5,bovada,2025-10-27T14:54:45Z,2025-10-27T14:55:13Z,175.0,-240.0
Franz Wagner,Orlando Magic @ Philadelphia 76ers,2025-10-27T23:00:00Z,player_points_rebounds_assists,37.5,bovada,2025-10-27T14:54:45Z,2025-10-27T14:55:13Z,205.0,-280.0
Jalen Suggs,Orlando Magic @ Philadelphia 76ers,2025-10-27T23:00:00Z,player_points_rebounds_assists,12.5,bovada,2025-10-27T14:54:45Z,2025-10-27T14:55:13Z,-240.0,175.0
Jalen Suggs,Orlando Magic @ Philadelphia 76ers,2025-10-27T23:00:00Z,player_points_rebounds_assists,13.5,bovada,2025-10-27T14:54:45Z,2025-10-27T14:55:13Z,-180.0,135.0
Jalen Suggs,Orlando Magic @ Philadelphia 76ers,2025-10-27T23:00:00Z,player_points_rebounds_assists,14.5,bovada,2025-10-27T14:54:45Z,2025-10-27T14:55:13Z,-135.0,105.0
Jalen Suggs,Orlando Magic @ Philadelphia 76ers,2025-10-27T23:00:00Z,player_points_rebounds_assists,15.5,bovada,2025-10-27T14:54:45Z,2025-10-27T14:55:13Z,-105.0,-125.0
Jalen Suggs,Orlando Magic @ Philadelphia 76ers,2025-10-27T23:00:00Z,player_points_rebounds_assists,16.5,bovada,2025-10-27T14:54:45Z,2025-10-27T14:55:13Z,120.0,-160.0
Jalen Suggs,Orlando Magic @ Philadelphia 76ers,2025-10-27T23:00:00Z,player_points_rebounds_assists,17.5,bovada,2025-10-27T14:54:45Z,2025-10-27T14:55:13Z,150.0,-200.0
Jalen Suggs,Orlando Magic @ Philadelphia 76ers,2025-10-27T23:00:00Z,player_points_rebounds_assists,18.5,bovada,2025-10-27T14:54:45Z,2025-10-27T14:55:13Z,190.0,-260.0
Paolo Banchero,Orlando Magic @ Philadelphia 76ers,2025-10-27T23:00:00Z,player_points_rebounds_assists,31.5,bovada,2025-10-27T14:54:45Z,2025-10-27T14:55:13Z,-260.0,190.0
Paolo Banchero,Orlando Magic @ Philadelphia 76ers,2025-10-27T23:00:00Z,player_points_rebounds_assists,32.5,bovada,2025-10-27T14:54:45Z,2025-10-27T14:55:13Z,-220.0,165.0
Paolo Banchero,Orlando Magic @ Philadelphia 76ers,2025-10-27T23:00:00Z,player_points_rebounds_assists,33.5,bovada,2025-10-27T14:54:45Z,2025-10-27T14:55:13Z,-185.0,140.0
Paolo Banchero,Orlando Magic @ Philadelphia 76ers,2025-10-27T23:00:00Z,player_points_rebounds_assists,34.5,bovada,2025-10-27T14:54:45Z,2025-10-27T14:55:13Z,-150.0,115.0
Paolo Banchero,Orlando Magic @ Philadelphia 76ers,2025-10-27T23:00:00Z,player_points_rebounds_assists,35.5,bovada,2025-10-27T14:54:45Z,2025-10-27T14:55:13Z,-130.0,100.0
Paolo Banchero,Orlando Magic @ Philadelphia 76ers,2025-10-27T23:00:00Z,player_points_rebounds_assists,36.5,bovada,2025-10-27T14:54:45Z,2025-10-27T14:55:13Z,-110.0,-120.0
Paolo Banchero,Orlando Magic @ Philadelphia 76ers,2025-10-27T23:00:00Z,player_points_rebounds_assists,37.5,bovada,2025-10-27T14:54:45Z,2025-10-27T14:55:13Z,105.0,-135.0
Paolo Banchero,Orlando Magic @ Philadelphia 76ers,2025-10-27T23:00:00Z,player_points_rebounds_assists,38.5,bovada,2025-10-27T14:54:45Z,2025-10-27T14:55:13Z,125.0,-165.0
Paolo Banchero,Orlando Magic @ Philadelphia 76ers,2025-10-27T23:00:00Z,player_points_rebounds_assists,39.5,bovada,2025-10-27T14:54:45Z,2025-10-27T14:55:13Z,145.0,-190.0
Paolo Banchero,Orlando Magic @ Philadelphia 76ers,2025-10-27T23:00:00Z,player_points_rebounds_assists,40.5,bovada,2025-10-27T14:54:45Z,2025-10-27T14:55:13Z,170.0,-230.0
Paolo Banchero,Orlando Magic @ Philadelphia 76ers,2025-10-27T23:00:00Z,player_points_rebounds_assists,41.5,bovada,2025-10-27T14:54:45Z,2025-10-27T14:55:13Z,190.0,-260.0
Quentin Grimes,Orlando Magic @ Philadelphia 76ers,2025-10-27T23:00:00Z,player_points_rebounds_assists,18.5,bovada,2025-10-27T14:54:45Z,2025-10-27T14:55:13Z,-290.0,210.0
Quentin Grimes,Orlando Magic @ Philadelphia 76ers,2025-10-27T23:00:00Z,player_points_rebounds_assists,19.5,bovada,2025-10-27T14:54:45Z,2025-10-27T14:55:13Z,-230.0,170.0
Quentin Grimes,Orlando Magic @ Philadelphia 76ers,2025-10-27T23:00:00Z,player_points_rebounds_assists,20.5,bovada,2025-10-27T14:54:45Z,2025-10-27T14:55:13Z,-180.0,135.0
Quentin Grimes,Orlando Magic @ Philadelphia 76ers,2025-10-27T23:00:00Z,player_points_rebounds_assists,21.5,bovada,2025-10-27T14:54:45Z,2025-10-27T14:55:13Z,-145.0,110.0
Quentin Grimes,Orlando Magic @ Philadelphia 76ers,2025-10-27T23:00:00Z,player_points_rebounds_assists,22.5,bovada,2025-10-27T14:54:45Z,2025-10-27T14:55:13Z,-120.0,-110.0
Quentin Grimes,Orlando Magic @ Philadelphia 76ers,2025-10-27T23:00:00Z,player_points_rebounds_assists,23.5,bovada,2025-10-27T14:54:45Z,2025-10-27T14:55:13Z,105.0,-135.0
Quentin Grimes,Orlando Magic @ Philadelphia 76ers,2025-10-27T23:00:00Z,player_points_rebounds_assists,24.5,bovada,2025-10-27T14:54:45Z,2025-10-27T14:55:13Z,125.0,-165.0
Quentin Grimes,Orlando Magic @ Philadelphia 76ers,2025-10-27T23:00:00Z,player_points_rebounds_assists,25.5,bovada,2025-10-27T14:54:45Z,2025-10-27T14:55:13Z,155.0,-210.0
Quentin Grimes,Orlando Magic @ Philadelphia 76ers,2025-10-27T23:00:00Z,player_points_rebounds_assists,26.5,bovada,2025-10-27T14:54:45Z,2025-10-27T14:55:13Z,185.0,-250.0
Tyrese Maxey,Orlando Magic @ Philadelphia 76ers,2025-10-27T23:00:00Z,player_points_rebounds_assists,32.5,bovada,2025-10-27T14:54:45Z,2025-10-27T14:55:13Z,-275.0,200.0
Tyrese Maxey,Orlando Magic @ Philadelphia 76ers,2025-10-27T23:00:00Z,player_points_rebounds_assists,33.5,bovada,2025-10-27T14:54:45Z,2025-10-27T14:55:13Z,-230.0,170.0
Tyrese Maxey,Orlando Magic @ Philadelphia 76ers,2025-10-27T23:00:00Z,player_points_rebounds_assists,34.5,bovada,2025-10-27T14:54:45Z,2025-10-27T14:55:13Z,-190.0,145.0
Tyrese Maxey,Orlando Magic @ Philadelphia 76ers,2025-10-27T23:00:00Z,player_points_rebounds_assists,35.5,bovada,2025-10-27T14:54:45Z,2025-10-27T14:55:13Z,-160.0,120.0
Tyrese Maxey,Orlando Magic @ Philadelphia 76ers,2025-10-27T23:00:00Z,player_points_rebounds_assists,36.5,bovada,2025-10-27T14:54:45Z,2025-10-27T14:55:13Z,-135.0,105.0
Tyrese Maxey,Orlando Magic @ Philadelphia 76ers,2025-10-27T23:00:00Z,player_points_rebounds_assists,37.5,bovada,2025-10-27T14:54:45Z,2025-10-27T14:55:13Z,-115.0,-115.0
Tyrese Maxey,Orlando Magic @ Philadelphia 76ers,2025-10-27T23:00:00Z,player_points_rebounds_assists,38.5,bovada,2025-10-27T14:54:45Z,2025-10-27T14:55:13Z,100.0,-130.0
Tyrese Maxey,Orlando Magic @ Philadelphia 76ers,2025-10-27T23:00:00Z,player_points_rebounds_assists,39.5,bovada,2025-10-27T14:54:45Z,2025-10-27T14:55:13Z,120.0,-160.0
Tyrese Maxey,Orlando Magic @ Philadelphia 76ers,2025-10-27T23:00:00Z,player_points_rebounds_assists,40.5,bovada,2025-10-27T14:54:45Z,2025-10-27T14:55:13Z,135.0,-180.0
Tyrese Maxey,Orlando Magic @ Philadelphia 76ers,2025-10-27T23:00:00Z,player_points_rebounds_assists,41.5,bovada,2025-10-27T14:54:45Z,2025-10-27T14:55:13Z,160.0,-215.0
Tyrese Maxey,Orlando Magic @ Philadelphia 76ers,2025-10-27T23:00:00Z,player_points_rebounds_assists,42.5,bovada,2025-10-27T14:54:45Z,2025-10-27T14:55:13Z,185.0,-250.0
Tyrese Maxey,Orlando Magic @ Philadelphia 76ers,2025-10-27T23:00:00Z,player_points_rebounds_assists,43.5,bovada,2025-10-27T14:54:45Z,2025-10-27T14:55:13Z,215.0,-300.0
VJ Edgecombe,Orlando Magic @ Philadelphia 76ers,2025-10-27T23:00:00Z,player_points_rebounds_assists,23.5,bovada,2025-10-27T14:54:45Z,2025-10-27T14:55:13Z,-260.0,190.0
VJ Edgecombe,Orlando Magic @ Philadelphia 76ers,2025-10-27T23:00:00Z,player_points_rebounds_assists,24.5,bovada,2025-10-27T14:54:45Z,2025-10-27T14:55:13Z,-210.0,155.0
VJ Edgecombe,Orlando Magic @ Philadelphia 76ers,2025-10-27T23:00:00Z,player_points_rebounds_assists,25.5,bovada,2025-10-27T14:54:45Z,2025-10-27T14:55:13Z,-170.0,130.0
VJ Edgecombe,Orlando Magic @ Philadelphia 76ers,2025-10-27T23:00:00Z,player_points_rebounds_assists,26.5,bovada,2025-10-27T14:54:45Z,2025-10-27T14:55:13Z,-135.0,105.0
VJ Edgecombe,Orlando Magic @ Philadelphia 76ers,2025-10-27T23:00:00Z,player_points_rebounds_assists,27.5,bovada,2025-10-27T14:54:45Z,2025-10-27T14:55:13Z,-115.0,-115.0
VJ Edgecombe,Orlando Magic @ Philadelphia 76ers,2025-10-27T23:00:00Z,player_points_rebounds_assists,28.5,bovada,2025-10-27T14:54:45Z,2025-10-27T14:55:13Z,105.0,-135.0
VJ Edgecombe,Orlando Magic @ Philadelphia 76ers,2025-10-27T23:00:00Z,player_points_rebounds_assists,29.5,bovada,2025-10-27T14:54:45Z,2025-10-27T14:55:13Z,125.0,-165.0
VJ Edgecombe,Orlando Magic @ Philadelphia 76ers,2025-10-27T23:00:00Z,player_points_rebounds_assists,30.5,bovada,2025-10-27T14:54:45Z,2025-10-27T14:55:13Z,150.0,-200.0
VJ Edgecombe,Orlando Magic @ Philadelphia 76ers,2025-10-27T23:00:00Z,player_points_rebounds_assists,31.5,bovada,2025-10-27T14:54:45Z,2025-10-27T14:55:13Z,175.0,-240.0
VJ Edgecombe,Orlando Magic @ Philadelphia 76ers,2025-10-27T23:00:00Z,player_points_rebounds_assists,32.5,bovada,2025-10-27T14:54:45Z,2025-10-27T14:55:13Z,210.0,-290.0
Tyrese Maxey,Orlando Magic @ Philadelphia 76ers,2025-10-27T23:00:00Z,player_rebounds,2.5,bovada,2025-10-27T14:54:45Z,2025-10-27T14:55:13Z,-165.0,125.0
Tyrese Maxey,Orlando Magic @ Philadelphia 76ers,2025-10-27T23:00:00Z,player_rebounds,3.5,bovada,2025-10-27T14:54:45Z,2025-10-27T14:55:13Z,140.0,-185.0
VJ Edgecombe,Orlando Magic @ Philadelphia 76ers,2025-10-27T23:00:00Z,player_rebounds,4.5,bovada,2025-10-27T14:54:45Z,2025-10-27T14:55:13Z,-170.0,130.0
VJ Edgecombe,Orlando Magic @ Philadelphia 76ers,2025-10-27T23:00:00Z,player_rebounds,6.5,bovada,2025-10-27T14:54:45Z,2025-10-27T14:55:13Z,200.0,-275.0
Desmond Bane,Orlando Magic @ Philadelphia 76ers,2025-10-27T23:00:00Z,player_threes,2.5,bovada,2025-10-27T14:54:45Z,2025-10-27T14:55:13Z,-115.0,-115.0
Paolo Banchero,Orlando Magic @ Philadelphia 76ers,2025-10-27T23:00:00Z,player_threes,1.5,bovada,2025-10-27T14:54:45Z,2025-10-27T14:55:13Z,-110.0,-120.0
VJ Edgecombe,Orlando Magic @ Philadelphia 76ers,2025-10-27T23:00:00Z,player_threes,1.5,bovada,2025-10-27T14:54:45Z,2025-10-27T14:55:13Z,-200.0,150.0
VJ Edgecombe,Orlando Magic @ Philadelphia 76ers,2025-10-27T23:00:00Z,player_threes,2.5,bovada,2025-10-27T14:54:45Z,2025-10-27T14:55:13Z,150.0,-200.0
Paolo Banchero,Orlando Magic @ Philadelphia 76ers,2025-10-27T23:00:00Z,player_triple_double,,bovada,2025-10-27T14:54:45Z,2025-10-27T14:55:13Z,,
Trae Young,Atlanta Hawks @ Chicago Bulls,2025-10-28T00:00:00Z,player_assists,10.5,draftkings,2025-10-27T14:54:53Z,2025-10-27T14:55:01Z,107.0,-139.0
Josh Giddey,Atlanta Hawks @ Chicago Bulls,2025-10-28T00:00:00Z,player_assists,7.5,draftkings,2025-10-27T14:54:53Z,2025-10-27T14:55:01Z,-128.0,-102.0
Tre Jones,Atlanta Hawks @ Chicago Bulls,2025-10-28T00:00:00Z,player_assists,6.5,draftkings,2025-10-27T14:54:53Z,2025-10-27T14:55:01Z,-139.0,108.0
Jalen Johnson,Atlanta Hawks @ Chicago Bulls,2025-10-28T00:00:00Z,player_assists,3.5,draftkings,2025-10-27T14:54:53Z,2025-10-27T14:55:01Z,-150.0,115.0
Dyson Daniels,Atlanta Hawks @ Chicago Bulls,2025-10-28T00:00:00Z,player_assists,3.5,draftkings,2025-10-27T14:54:53Z,2025-10-27T14:55:01Z,-137.0,106.0
Nikola Vucevic,Atlanta Hawks @ Chicago Bulls,2025-10-28T00:00:00Z,player_assists,3.5,draftkings,2025-10-27T14:54:53Z,2025-10-27T14:55:01Z,-104.0,-125.0
Kristaps Porzingis,Atlanta Hawks @ Chicago Bulls,2025-10-28T00:00:00Z,player_blocks,1.5,draftkings,2025-10-27T14:54:53Z,2025-10-27T14:55:01Z,-104.0,-128.0
Matas Buzelis,Atlanta Hawks @ Chicago Bulls,2025-10-28T00:00:00Z,player_blocks,1.5,draftkings,2025-10-27T14:54:53Z,2025-10-27T14:55:01Z,138.0,-184.0
Jalen Johnson,Atlanta Hawks @ Chicago Bulls,2025-10-28T00:00:00Z,player_blocks,0.5,draftkings,2025-10-27T14:54:53Z,2025-10-27T14:55:01Z,-142.0,107.0
Nikola Vucevic,Atlanta Hawks @ Chicago Bulls,2025-10-28T00:00:00Z,player_blocks,0.5,draftkings,2025-10-27T14:54:53Z,2025-10-27T14:55:01Z,-135.0,101.0
Dyson Daniels,Atlanta Hawks @ Chicago Bulls,2025-10-28T00:00:00Z,player_blocks,0.5,draftkings,2025-10-27T14:54:53Z,2025-10-27T14:55:01Z,104.0,-138.0
Josh Giddey,Atlanta Hawks @ Chicago Bulls,2025-10-28T00:00:00Z,player_blocks,0.5,draftkings,2025-10-27T14:54:53Z,2025-10-27T14:55:01Z,108.0,-143.0
Nikola Vucevic,Atlanta Hawks @ Chicago Bulls,2025-10-28T00:00:00Z,player_double_double,,draftkings,2025-10-27T14:54:53Z,2025-10-27T14:55:01Z,,
Trae Young,Atlanta Hawks @ Chicago Bulls,2025-10-28T00:00:00Z,player_double_double,,draftkings,2025-10-27T14:54:53Z,2025-10-27T14:55:01Z,,
Josh Giddey,Atlanta Hawks @ Chicago Bulls,2025-10-28T00:00:00Z,player_double_double,,draftkings,2025-10-27T14:54:53Z,2025-10-27T14:55:01Z,,
Jalen Johnson,Atlanta Hawks @ Chicago Bulls,2025-10-28T00:00:00Z,player_double_double,,draftkings,2025-10-27T14:54:53Z,2025-10-27T14:55:01Z,,
Tre Jones,Atlanta Hawks @ Chicago Bulls,2025-10-28T00:00:00Z,player_double_double,,draftkings,2025-10-27T14:54:53Z,2025-10-27T14:55:01Z,,
Kristaps Porzingis,Atlanta Hawks @ Chicago Bulls,2025-10-28T00:00:00Z,player_double_double,,draftkings,2025-10-27T14:54:53Z,2025-10-27T14:55:01Z,,
Dyson Daniels,Atlanta Hawks @ Chicago Bulls,2025-10-28T00:00:00Z,player_double_double,,draftkings,2025-10-27T14:54:53Z,2025-10-27T14:55:01Z,,
Matas Buzelis,Atlanta Hawks @ Chicago Bulls,2025-10-28T00:00:00Z,player_double_double,,draftkings,2025-10-27T14:54:53Z,2025-10-27T14:55:01Z,,
Trae Young,Atlanta Hawks @ Chicago Bulls,2025-10-28T00:00:00Z,player_points,23.5,draftkings,2025-10-27T14:54:53Z,2025-10-27T14:55:01Z,-123.0,-104.0
Nikola Vucevic,Atlanta Hawks @ Chicago Bulls,2025-10-28T00:00:00Z,player_points,19.5,draftkings,2025-10-27T14:54:53Z,2025-10-27T14:55:01Z,-125.0,-102.0
Josh Giddey,Atlanta Hawks @ Chicago Bulls,2025-10-28T00:00:00Z,player_points,19.5,draftkings,2025-10-27T14:54:53Z,2025-10-27T14:55:01Z,-117.0,-109.0
Jalen Johnson,Atlanta Hawks @ Chicago Bulls,2025-10-28T00:00:00Z,player_points,18.5,draftkings,2025-10-27T14:54:53Z,2025-10-27T14:55:01Z,-106.0,-121.0
Kristaps Porzingis,Atlanta Hawks @ Chicago Bulls,2025-10-28T00:00:00Z,player_points,16.5,draftkings,2025-10-27T14:54:53Z,2025-10-27T14:55:01Z,-117.0,-109.0
Matas Buzelis,Atlanta Hawks @ Chicago Bulls,2025-10-28T00:00:00Z,player_points,16.5,draftkings,2025-10-27T14:54:53Z,2025-10-27T14:55:01Z,-115.0,-111.0
Dyson Daniels,Atlanta Hawks @ Chicago Bulls,2025-10-28T00:00:00Z,player_points,12.5,draftkings,2025-10-27T14:54:53Z,2025-10-27T14:55:01Z,-106.0,-120.0
Tre Jones,Atlanta Hawks @ Chicago Bulls,2025-10-28T00:00:00Z,player_points,12.5,draftkings,2025-10-27T14:54:53Z,2025-10-27T14:55:01Z,-104.0,-123.0
Zaccharie Risacher,Atlanta Hawks @ Chicago Bulls,2025-10-28T00:00:00Z,player_points,11.5,draftkings,2025-10-27T14:54:53Z,2025-10-27T14:55:01Z,-122.0,-105.0
Trae Young,Atlanta Hawks @ Chicago Bulls,2025-10-28T00:00:00Z,player_points_rebounds_assists,37.5,draftkings,2025-10-27T14:54:53Z,2025-10-27T14:55:01Z,-106.0,-122.0
Josh Giddey,Atlanta Hawks @ Chicago Bulls,2025-10-28T00:00:00Z,player_points_rebounds_assists,36.5,draftkings,2025-10-27T14:54:53Z,2025-10-27T14:55:01Z,-114.0,-113.0
Nikola Vucevic,Atlanta Hawks @ Chicago Bulls,2025-10-28T00:00:00Z,player_points_rebounds_assists,34.5,draftkings,2025-10-27T14:54:53Z,2025-10-27T14:55:01Z,-120.0,-108.0
Jalen Johnson,Atlanta Hawks @ Chicago Bulls,2025-10-28T00:00:00Z,player_points_rebounds_assists,31.5,draftkings,2025-10-27T14:54:53Z,2025-10-27T14:55:01Z,-108.0,-120.0
Tre Jones,Atlanta Hawks @ Chicago Bulls,2025-10-28T00:00:00Z,player_points_rebounds_assists,22.5,draftkings,2025-10-27T14:54:53Z,2025-10-27T14:55:01Z,-127.0,-102.0
Dyson Daniels,Atlanta Hawks @ Chicago Bulls,2025-10-28T00:00:00Z,player_points_rebounds_assists,22.5,draftkings,2025-10-27T14:54:53Z,2025-10-27T14:55:01Z,-113.0,-115.0
Nikola Vucevic,Atlanta Hawks @ Chicago Bulls,2025-10-28T00:00:00Z,player_rebounds,10.5,draftkings,2025-10-27T14:54:53Z,2025-10-27T14:55:01Z,-138.0,107.0
Josh Giddey,Atlanta Hawks @ Chicago Bulls,2025-10-28T00:00:00Z,player_rebounds,8.5,draftkings,2025-10-27T14:54:53Z,2025-10-27T14:55:01Z,-108.0,-120.0
Jalen Johnson,Atlanta Hawks @ Chicago Bulls,2025-10-28T00:00:00Z,player_rebounds,8.5,draftkings,2025-10-27T14:54:53Z,2025-10-27T14:55:01Z,-104.0,-125.0
Kristaps Porzingis,Atlanta Hawks @ Chicago Bulls,2025-10-28T00:00:00Z,player_rebounds,6.5,draftkings,2025-10-27T14:54:53Z,2025-10-27T14:55:01Z,110.0,-143.0
Dyson Daniels,Atlanta Hawks @ Chicago Bulls,2025-10-28T00:00:00Z,player_rebounds,5.5,draftkings,2025-10-27T14:54:53Z,2025-10-27T14:55:01Z,-136.0,105.0
Matas Buzelis,Atlanta Hawks @ Chicago Bulls,2025-10-28T00:00:00Z,player_rebounds,5.5,draftkings,2025-10-27T14:54:53Z,2025-10-27T14:55:01Z,-117.0,-110.0
Tre Jones,Atlanta Hawks @ Chicago Bulls,2025-10-28T00:00:00Z,player_rebounds,3.5,draftkings,2025-10-27T14:54:53Z,2025-10-27T14:55:01Z,-117.0,-110.0
Trae Young,Atlanta Hawks @ Chicago Bulls,2025-10-28T00:00:00Z,player_rebounds,2.5,draftkings,2025-10-27T14:54:53Z,2025-10-27T14:55:01Z,-114.0,-114.0
Dyson Daniels,Atlanta Hawks @ Chicago Bulls,2025-10-28T00:00:00Z,player_steals,2.5,draftkings,2025-10-27T14:54:53Z,2025-10-27T14:55:01Z,132.0,-176.0
Josh Giddey,Atlanta Hawks @ Chicago Bulls,2025-10-28T00:00:00Z,player_steals,1.5,draftkings,2025-10-27T14:54:53Z,2025-10-27T14:55:01Z,125.0,-167.0
Jalen Johnson,Atlanta Hawks @ Chicago Bulls,2025-10-28T00:00:00Z,player_steals,1.5,draftkings,2025-10-27T14:54:53Z,2025-10-27T14:55:01Z,160.0,-215.0
Nikola Vucevic,Atlanta Hawks @ Chicago Bulls,2025-10-28T00:00:00Z,player_steals,0.5,draftkings,2025-10-27T14:54:53Z,2025-10-27T14:55:01Z,-212.0,158.0
Matas Buzelis,Atlanta Hawks @ Chicago Bulls,2025-10-28T00:00:00Z,player_steals,0.5,draftkings,2025-10-27T14:54:53Z,2025-10-27T14:55:01Z,-197.0,147.0
Trae Young,Atlanta Hawks @ Chicago Bulls,2025-10-28T00:00:00Z,player_steals,0.5,draftkings,2025-10-27T14:54:53Z,2025-10-27T14:55:01Z,-193.0,144.0
Kristaps Porzingis,Atlanta Hawks @ Chicago Bulls,2025-10-28T00:00:00Z,player_steals,0.5,draftkings,2025-10-27T14:54:53Z,2025-10-27T14:55:01Z,-126.0,-105.0
Trae Young,Atlanta Hawks @ Chicago Bulls,2025-10-28T00:00:00Z,player_threes,2.5,draftkings,2025-10-27T14:54:53Z,2025-10-27T14:55:01Z,-146.0,112.0
Kristaps Porzingis,Atlanta Hawks @ Chicago Bulls,2025-10-28T00:00:00Z,player_threes,1.5,draftkings,2025-10-27T14:54:53Z,2025-10-27T14:55:01Z,-158.0,121.0
Matas Buzelis,Atlanta Hawks @ Chicago Bulls,2025-10-28T00:00:00Z,player_threes,1.5,draftkings,2025-10-27T14:54:53Z,2025-10-27T14:55:01Z,-133.0,103.0
Zaccharie Risacher,Atlanta Hawks @ Chicago Bulls,2025-10-28T00:00:00Z,player_threes,1.5,draftkings,2025-10-27T14:54:53Z,2025-10-27T14:55:01Z,-119.0,-109.0
Josh Giddey,Atlanta Hawks @ Chicago Bulls,2025-10-28T00:00:00Z,player_threes,1.5,draftkings,2025-10-27T14:54:53Z,2025-10-27T14:55:01Z,109.0,-141.0
Nikola Vucevic,Atlanta Hawks @ Chicago Bulls,2025-10-28T00:00:00Z,player_threes,1.5,draftkings,2025-10-27T14:54:53Z,2025-10-27T14:55:01Z,110.0,-142.0
Josh Giddey,Atlanta Hawks @ Chicago Bulls,2025-10-28T00:00:00Z,player_triple_double,,draftkings,2025-10-27T14:54:53Z,2025-10-27T14:55:01Z,,
Jalen Johnson,Atlanta Hawks @ Chicago Bulls,2025-10-28T00:00:00Z,player_triple_double,,draftkings,2025-10-27T14:54:53Z,2025-10-27T14:55:01Z,,
Trae Young,Atlanta Hawks @ Chicago Bulls,2025-10-28T00:00:00Z,player_triple_double,,draftkings,2025-10-27T14:54:53Z,2025-10-27T14:55:01Z,,
Nikola Vucevic,Atlanta Hawks @ Chicago Bulls,2025-10-28T00:00:00Z,player_triple_double,,draftkings,2025-10-27T14:54:53Z,2025-10-27T14:55:01Z,,
Jalen Johnson,Atlanta Hawks @ Chicago Bulls,2025-10-28T00:00:00Z,player_assists,3.5,fanatics,2025-10-27T14:55:17Z,2025-10-27T14:55:39Z,-150.0,115.0
Dyson Daniels,Atlanta Hawks @ Chicago Bulls,2025-10-28T00:00:00Z,player_assists,3.5,fanatics,2025-10-27T14:55:17Z,2025-10-27T14:55:39Z,-140.0,105.0
Trae Young,Atlanta Hawks @ Chicago Bulls,2025-10-28T00:00:00Z,player_assists,10.5,fanatics,2025-10-27T14:55:17Z,2025-10-27T14:55:39Z,100.0,-130.0
Kristaps Porzingis,Atlanta Hawks @ Chicago Bulls,2025-10-28T00:00:00Z,player_assists,1.5,fanatics,2025-10-27T14:55:17Z,2025-10-27T14:55:39Z,-140.0,105.0
Tre Jones,Atlanta Hawks @ Chicago Bulls,2025-10-28T00:00:00Z,player_assists,6.5,fanatics,2025-10-27T14:55:17Z,2025-10-27T14:55:39Z,-145.0,110.0
Matas Buzelis,Atlanta Hawks @ Chicago Bulls,2025-10-28T00:00:00Z,player_assists,1.5,fanatics,2025-10-27T14:55:17Z,2025-10-27T14:55:39Z,-125.0,-105.0
Josh Giddey,Atlanta Hawks @ Chicago Bulls,2025-10-28T00:00:00Z,player_assists,7.5,fanatics,2025-10-27T14:55:17Z,2025-10-27T14:55:39Z,-115.0,-115.0
Nikola Vucevic,Atlanta Hawks @ Chicago Bulls,2025-10-28T00:00:00Z,player_assists,3.5,fanatics,2025-10-27T14:55:17Z,2025-10-27T14:55:39Z,-105.0,-125.0
Zaccharie Risacher,Atlanta Hawks @ Chicago Bulls,2025-10-28T00:00:00Z,player_assists,0.5,fanatics,2025-10-27T14:55:17Z,2025-10-27T14:55:39Z,120.0,-165.0
Isaac Okoro,Atlanta Hawks @ Chicago Bulls,2025-10-28T00:00:00Z,player_assists,1.5,fanatics,2025-10-27T14:55:17Z,2025-10-27T14:55:39Z,-125.0,-105.0
Trae Young,Atlanta Hawks @ Chicago Bulls,2025-10-28T00:00:00Z,player_double_double,,fanatics,2025-10-27T14:55:17Z,2025-10-27T14:55:39Z,,
Jalen Johnson,Atlanta Hawks @ Chicago Bulls,2025-10-28T00:00:00Z,player_double_double,,fanatics,2025-10-27T14:55:17Z,2025-10-27T14:55:39Z,,
Kristaps Porzingis,Atlanta Hawks @ Chicago Bulls,2025-10-28T00:00:00Z,player_double_double,,fanatics,2025-10-27T14:55:17Z,2025-10-27T14:55:39Z,,
Dyson Daniels,Atlanta Hawks @ Chicago Bulls,2025-10-28T00:00:00Z,player_double_double,,fanatics,2025-10-27T14:55:17Z,2025-10-27T14:55:39Z,,
Josh Giddey,Atlanta Hawks @ Chicago Bulls,2025-10-28T00:00:00Z,player_double_double,,fanatics,2025-10-27T14:55:17Z,2025-10-27T14:55:39Z,,
Nikola Vucevic,Atlanta Hawks @ Chicago Bulls,2025-10-28T00:00:00Z,player_double_double,,fanatics,2025-10-27T14:55:17Z,2025-10-27T14:55:39Z,,
Matas Buzelis,Atlanta Hawks @ Chicago Bulls,2025-10-28T00:00:00Z,player_double_double,,fanatics,2025-10-27T14:55:17Z,2025-10-27T14:55:39Z,,
Tre Jones,Atlanta Hawks @ Chicago Bulls,2025-10-28T00:00:00Z,player_double_double,,fanatics,2025-10-27T14:55:17Z,2025-10-27T14:55:39Z,,
Jalen Johnson,Atlanta Hawks @ Chicago Bulls,2025-10-28T00:00:00Z,player_points,18.5,fanatics,2025-10-27T14:55:17Z,2025-10-27T14:55:39Z,-105.0,-125.0
Zaccharie Risacher,Atlanta Hawks @ Chicago Bulls,2025-10-28T00:00:00Z,player_points,11.5,fanatics,2025-10-27T14:55:17Z,2025-10-27T14:55:39Z,-115.0,-115.0
Kristaps Porzingis,Atlanta Hawks @ Chicago Bulls,2025-10-28T00:00:00Z,player_points,16.5,fanatics,2025-10-27T14:55:17Z,2025-10-27T14:55:39Z,-125.0,-105.0
Trae Young,Atlanta Hawks @ Chicago Bulls,2025-10-28T00:00:00Z,player_points,23.5,fanatics,2025-10-27T14:55:17Z,2025-10-27T14:55:39Z,-125.0,-105.0
Dyson Daniels,Atlanta Hawks @ Chicago Bulls,2025-10-28T00:00:00Z,player_points,12.5,fanatics,2025-10-27T14:55:17Z,2025-10-27T14:55:39Z,-110.0,-120.0
Tre Jones,Atlanta Hawks @ Chicago Bulls,2025-10-28T00:00:00Z,player_points,12.5,fanatics,2025-10-27T14:55:17Z,2025-10-27T14:55:39Z,-115.0,-115.0
Matas Buzelis,Atlanta Hawks @ Chicago Bulls,2025-10-28T00:00:00Z,player_points,16.5,fanatics,2025-10-27T14:55:17Z,2025-10-27T14:55:39Z,-125.0,-105.0
Nikola Vucevic,Atlanta Hawks @ Chicago Bulls,2025-10-28T00:00:00Z,player_points,20.5,fanatics,2025-10-27T14:55:17Z,2025-10-27T14:55:39Z,-105.0,-125.0
Josh Giddey,Atlanta Hawks @ Chicago Bulls,2025-10-28T00:00:00Z,player_points,20.5,fanatics,2025-10-27T14:55:17Z,2025-10-27T14:55:39Z,-110.0,-120.0
Isaac Okoro,Atlanta Hawks @ Chicago Bulls,2025-10-28T00:00:00Z,player_points,6.5,fanatics,2025-10-27T14:55:17Z,2025-10-27T14:55:39Z,-130.0,100.0
Jalen Johnson,Atlanta Hawks @ Chicago Bulls,2025-10-28T00:00:00Z,player_points_rebounds_assists,30.5,fanatics,2025-10-27T14:55:17Z,2025-10-27T14:55:39Z,-120.0,-110.0
Dyson Daniels,Atlanta Hawks @ Chicago Bulls,2025-10-28T00:00:00Z,player_points_rebounds_assists,22.5,fanatics,2025-10-27T14:55:17Z,2025-10-27T14:55:39Z,-115.0,-115.0
Tre Jones,Atlanta Hawks @ Chicago Bulls,2025-10-28T00:00:00Z,player_points_rebounds_assists,23.5,fanatics,2025-10-27T14:55:17Z,2025-10-27T14:55:39Z,-115.0,-115.0
Nikola Vucevic,Atlanta Hawks @ Chicago Bulls,2025-10-28T00:00:00Z,player_points_rebounds_assists,34.5,fanatics,2025-10-27T14:55:17Z,2025-10-27T14:55:39Z,-125.0,-105.0
Josh Giddey,Atlanta Hawks @ Chicago Bulls,2025-10-28T00:00:00Z,player_points_rebounds_assists,36.5,fanatics,2025-10-27T14:55:17Z,2025-10-27T14:55:39Z,-125.0,-105.0
Matas Buzelis,Atlanta Hawks @ Chicago Bulls,2025-10-28T00:00:00Z,player_points_rebounds_assists,24.5,fanatics,2025-10-27T14:55:17Z,2025-10-27T14:55:39Z,-115.0,-115.0
Zaccharie Risacher,Atlanta Hawks @ Chicago Bulls,2025-10-28T00:00:00Z,player_points_rebounds_assists,15.5,fanatics,2025-10-27T14:55:17Z,2025-10-27T14:55:39Z,-105.0,-125.0
Trae Young,Atlanta Hawks @ Chicago Bulls,2025-10-28T00:00:00Z,player_points_rebounds_assists,37.5,fanatics,2025-10-27T14:55:17Z,2025-10-27T14:55:39Z,-105.0,-125.0
Kristaps Porzingis,Atlanta Hawks @ Chicago Bulls,2025-10-28T00:00:00Z,player_points_rebounds_assists,24.5,fanatics,2025-10-27T14:55:17Z,2025-10-27T14:55:39Z,-125.0,-105.0
Isaac Okoro,Atlanta Hawks @ Chicago Bulls,2025-10-28T00:00:00Z,player_points_rebounds_assists,11.5,fanatics,2025-10-27T14:55:17Z,2025-10-27T14:55:39Z,-120.0,-110.0
Jalen Johnson,Atlanta Hawks @ Chicago Bulls,2025-10-28T00:00:00Z,player_rebounds,8.5,fanatics,2025-10-27T14:55:17Z,2025-10-27T14:55:39Z,-105.0,-125.0
Trae Young,Atlanta Hawks @ Chicago Bulls,2025-10-28T00:00:00Z,player_rebounds,2.5,fanatics,2025-10-27T14:55:17Z,2025-10-27T14:55:39Z,-115.0,-115.0
Zaccharie Risacher,Atlanta Hawks @ Chicago Bulls,2025-10-28T00:00:00Z,player_rebounds,2.5,fanatics,2025-10-27T14:55:17Z,2025-10-27T14:55:39Z,-165.0,120.0
Kristaps Porzingis,Atlanta Hawks @ Chicago Bulls,2025-10-28T00:00:00Z,player_rebounds,6.5,fanatics,2025-10-27T14:55:17Z,2025-10-27T14:55:39Z,110.0,-145.0
Dyson Daniels,Atlanta Hawks @ Chicago Bulls,2025-10-28T00:00:00Z,player_rebounds,5.5,fanatics,2025-10-27T14:55:17Z,2025-10-27T14:55:39Z,-140.0,105.0
Nikola Vucevic,Atlanta Hawks @ Chicago Bulls,2025-10-28T00:00:00Z,player_rebounds,10.5,fanatics,2025-10-27T14:55:17Z,2025-10-27T14:55:39Z,-140.0,105.0
Matas Buzelis,Atlanta Hawks @ Chicago Bulls,2025-10-28T00:00:00Z,player_rebounds,5.5,fanatics,2025-10-27T14:55:17Z,2025-10-27T14:55:39Z,-130.0,100.0
Tre Jones,Atlanta Hawks @ Chicago Bulls,2025-10-28T00:00:00Z,player_rebounds,3.5,fanatics,2025-10-27T14:55:17Z,2025-10-27T14:55:39Z,-115.0,-115.0
Josh Giddey,Atlanta Hawks @ Chicago Bulls,2025-10-28T00:00:00Z,player_rebounds,8.5,fanatics,2025-10-27T14:55:17Z,2025-10-27T14:55:39Z,-115.0,-115.0
Isaac Okoro,Atlanta Hawks @ Chicago Bulls,2025-10-28T00:00:00Z,player_rebounds,2.5,fanatics,2025-10-27T14:55:17Z,2025-10-27T14:55:39Z,-165.0,120.0
Kristaps Porzingis,Atlanta Hawks @ Chicago Bulls,2025-10-28T00:00:00Z,player_threes,1.5,fanatics,2025-10-27T14:55:17Z,2025-10-27T14:55:39Z,-150.0,115.0
Trae Young,Atlanta Hawks @ Chicago Bulls,2025-10-28T00:00:00Z,player_threes,2.5,fanatics,2025-10-27T14:55:17Z,2025-10-27T14:55:39Z,-140.0,105.0
Dyson Daniels,Atlanta Hawks @ Chicago Bulls,2025-10-28T00:00:00Z,player_threes,0.5,fanatics,2025-10-27T14:55:17Z,2025-10-27T14:55:39Z,-145.0,110.0
Jalen Johnson,Atlanta Hawks @ Chicago Bulls,2025-10-28T00:00:00Z,player_threes,0.5,fanatics,2025-10-27T14:55:17Z,2025-10-27T14:55:39Z,-175.0,125.0
Zaccharie Risacher,Atlanta Hawks @ Chicago Bulls,2025-10-28T00:00:00Z,player_threes,1.5,fanatics,2025-10-27T14:55:17Z,2025-10-27T14:55:39Z,-120.0,-110.0
Matas Buzelis,Atlanta Hawks @ Chicago Bulls,2025-10-28T00:00:00Z,player_threes,1.5,fanatics,2025-10-27T14:55:17Z,2025-10-27T14:55:39Z,-135.0,100.0
Nikola Vucevic,Atlanta Hawks @ Chicago Bulls,2025-10-28T00:00:00Z,player_threes,1.5,fanatics,2025-10-27T14:55:17Z,2025-10-27T14:55:39Z,100.0,-130.0
Josh Giddey,Atlanta Hawks @ Chicago Bulls,2025-10-28T00:00:00Z,player_threes,1.5,fanatics,2025-10-27T14:55:17Z,2025-10-27T14:55:39Z,100.0,-130.0
Tre Jones,Atlanta Hawks @ Chicago Bulls,2025-10-28T00:00:00Z,player_threes,0.5,fanatics,2025-10-27T14:55:17Z,2025-10-27T14:55:39Z,-115.0,-115.0
Isaac Okoro,Atlanta Hawks @ Chicago Bulls,2025-10-28T00:00:00Z,player_threes,0.5,fanatics,2025-10-27T14:55:17Z,2025-10-27T14:55:39Z,-190.0,130.0
Josh Giddey,Atlanta Hawks @ Chicago Bulls,2025-10-28T00:00:00Z,player_triple_double,,fanatics,2025-10-27T14:55:17Z,2025-10-27T14:55:39Z,,
Kristaps Porzingis,Atlanta Hawks @ Chicago Bulls,2025-10-28T00:00:00Z,player_assists,1.5,fanduel,2025-10-27T14:55:19Z,2025-10-27T14:55:45Z,-144.0,108.0
Tre Jones,Atlanta Hawks @ Chicago Bulls,2025-10-28T00:00:00Z,player_assists,6.5,fanduel,2025-10-27T14:55:19Z,2025-10-27T14:55:45Z,-140.0,106.0
Dyson Daniels,Atlanta Hawks @ Chicago Bulls,2025-10-28T00:00:00Z,player_assists,3.5,fanduel,2025-10-27T14:55:19Z,2025-10-27T14:55:45Z,-154.0,116.0
Jalen Johnson,Atlanta Hawks @ Chicago Bulls,2025-10-28T00:00:00Z,player_assists,3.5,fanduel,2025-10-27T14:55:19Z,2025-10-27T14:55:45Z,-146.0,110.0
Nikola Vucevic,Atlanta Hawks @ Chicago Bulls,2025-10-28T00:00:00Z,player_assists,3.5,fanduel,2025-10-27T14:55:19Z,2025-10-27T14:55:45Z,-106.0,-125.0
Josh Giddey,Atlanta Hawks @ Chicago Bulls,2025-10-28T00:00:00Z,player_assists,7.5,fanduel,2025-10-27T14:55:19Z,2025-10-27T14:55:45Z,-122.0,-108.0
Trae Young,Atlanta Hawks @ Chicago Bulls,2025-10-28T00:00:00Z,player_assists,10.5,fanduel,2025-10-27T14:55:19Z,2025-10-27T14:55:45Z,104.0,-138.0
Nikola Vucevic,Atlanta Hawks @ Chicago Bulls,2025-10-28T00:00:00Z,player_double_double,,fanduel,2025-10-27T14:55:19Z,2025-10-27T14:55:45Z,,
Trae Young,Atlanta Hawks @ Chicago Bulls,2025-10-28T00:00:00Z,player_double_double,,fanduel,2025-10-27T14:55:19Z,2025-10-27T14:55:45Z,,
Josh Giddey,Atlanta Hawks @ Chicago Bulls,2025-10-28T00:00:00Z,player_double_double,,fanduel,2025-10-27T14:55:19Z,2025-10-27T14:55:45Z,,
Jalen Johnson,Atlanta Hawks @ Chicago Bulls,2025-10-28T00:00:00Z,player_double_double,,fanduel,2025-10-27T14:55:19Z,2025-10-27T14:55:45Z,,
Tre Jones,Atlanta Hawks @ Chicago Bulls,2025-10-28T00:00:00Z,player_double_double,,fanduel,2025-10-27T14:55:19Z,2025-10-27T14:55:45Z,,
Kristaps Porzingis,Atlanta Hawks @ Chicago Bulls,2025-10-28T00:00:00Z,player_double_double,,fanduel,2025-10-27T14:55:19Z,2025-10-27T14:55:45Z,,
Dyson Daniels,Atlanta Hawks @ Chicago Bulls,2025-10-28T00:00:00Z,player_double_double,,fanduel,2025-10-27T14:55:19Z,2025-10-27T14:55:45Z,,
Matas Buzelis,Atlanta Hawks @ Chicago Bulls,2025-10-28T00:00:00Z,player_double_double,,fanduel,2025-10-27T14:55:19Z,2025-10-27T14:55:45Z,,
Josh Giddey,Atlanta Hawks @ Chicago Bulls,2025-10-28T00:00:00Z,player_points,19.5,fanduel,2025-10-27T14:55:19Z,2025-10-27T14:55:45Z,-122.0,-108.0
Matas Buzelis,Atlanta Hawks @ Chicago Bulls,2025-10-28T00:00:00Z,player_points,16.5,fanduel,2025-10-27T14:55:19Z,2025-10-27T14:55:45Z,-125.0,-106.0
Zaccharie Risacher,Atlanta Hawks @ Chicago Bulls,2025-10-28T00:00:00Z,player_points,11.5,fanduel,2025-10-27T14:55:19Z,2025-10-27T14:55:45Z,-112.0,-118.0
Dyson Daniels,Atlanta Hawks @ Chicago Bulls,2025-10-28T00:00:00Z,player_points,12.5,fanduel,2025-10-27T14:55:19Z,2025-10-27T14:55:45Z,-110.0,-120.0
Jalen Johnson,Atlanta Hawks @ Chicago Bulls,2025-10-28T00:00:00Z,player_points,18.5,fanduel,2025-10-27T14:55:19Z,2025-10-27T14:55:45Z,-104.0,-128.0
Tre Jones,Atlanta Hawks @ Chicago Bulls,2025-10-28T00:00:00Z,player_points,12.5,fanduel,2025-10-27T14:55:19Z,2025-10-27T14:55:45Z,-110.0,-120.0
Trae Young,Atlanta Hawks @ Chicago Bulls,2025-10-28T00:00:00Z,player_points,23.5,fanduel,2025-10-27T14:55:19Z,2025-10-27T14:55:45Z,-112.0,-118.0
Kristaps Porzingis,Atlanta Hawks @ Chicago Bulls,2025-10-28T00:00:00Z,player_points,16.5,fanduel,2025-10-27T14:55:19Z,2025-10-27T14:55:45Z,-130.0,-102.0
Nikola Vucevic,Atlanta Hawks @ Chicago Bulls,2025-10-28T00:00:00Z,player_points,20.5,fanduel,2025-10-27T14:55:19Z,2025-10-27T14:55:45Z,-120.0,-110.0
Isaac Okoro,Atlanta Hawks @ Chicago Bulls,2025-10-28T00:00:00Z,player_points,6.5,fanduel,2025-10-27T14:55:19Z,2025-10-27T14:55:45Z,-125.0,-106.0
Kristaps Porzingis,Atlanta Hawks @ Chicago Bulls,2025-10-28T00:00:00Z,player_points_rebounds_assists,25.5,fanduel,2025-10-27T14:55:19Z,2025-10-27T14:55:45Z,-108.0,-122.0
Tre Jones,Atlanta Hawks @ Chicago Bulls,2025-10-28T00:00:00Z,player_points_rebounds_assists,23.5,fanduel,2025-10-27T14:55:19Z,2025-10-27T14:55:45Z,-108.0,-122.0
Trae Young,Atlanta Hawks @ Chicago Bulls,2025-10-28T00:00:00Z,player_points_rebounds_assists,37.5,fanduel,2025-10-27T14:55:19Z,2025-10-27T14:55:45Z,-104.0,-128.0
Nikola Vucevic,Atlanta Hawks @ Chicago Bulls,2025-10-28T00:00:00Z,player_points_rebounds_assists,35.5,fanduel,2025-10-27T14:55:19Z,2025-10-27T14:55:45Z,-112.0,-118.0
Matas Buzelis,Atlanta Hawks @ Chicago Bulls,2025-10-28T00:00:00Z,player_points_rebounds_assists,24.5,fanduel,2025-10-27T14:55:19Z,2025-10-27T14:55:45Z,-118.0,-112.0
Jalen Johnson,Atlanta Hawks @ Chicago Bulls,2025-10-28T00:00:00Z,player_points_rebounds_assists,30.5,fanduel,2025-10-27T14:55:19Z,2025-10-27T14:55:45Z,-128.0,-104.0
Dyson Daniels,Atlanta Hawks @ Chicago Bulls,2025-10-28T00:00:00Z,player_points_rebounds_assists,22.5,fanduel,2025-10-27T14:55:19Z,2025-10-27T14:55:45Z,-120.0,-110.0
Josh Giddey,Atlanta Hawks @ Chicago Bulls,2025-10-28T00:00:00Z,player_points_rebounds_assists,36.5,fanduel,2025-10-27T14:55:19Z,2025-10-27T14:55:45Z,-118.0,-112.0
Matas Buzelis,Atlanta Hawks @ Chicago Bulls,2025-10-28T00:00:00Z,player_rebounds,5.5,fanduel,2025-10-27T14:55:19Z,2025-10-27T14:55:41Z,-132.0,100.0
Trae Young,Atlanta Hawks @ Chicago Bulls,2025-10-28T00:00:00Z,player_rebounds,3.5,fanduel,2025-10-27T14:55:19Z,2025-10-27T14:55:41Z,142.0,-192.0
Jalen Johnson,Atlanta Hawks @ Chicago Bulls,2025-10-28T00:00:00Z,player_rebounds,8.5,fanduel,2025-10-27T14:55:19Z,2025-10-27T14:55:41Z,-108.0,-122.0
Kristaps Porzingis,Atlanta Hawks @ Chicago Bulls,2025-10-28T00:00:00Z,player_rebounds,6.5,fanduel,2025-10-27T14:55:19Z,2025-10-27T14:55:41Z,116.0,-154.0
Dyson Daniels,Atlanta Hawks @ Chicago Bulls,2025-10-28T00:00:00Z,player_rebounds,5.5,fanduel,2025-10-27T14:55:19Z,2025-10-27T14:55:41Z,-148.0,112.0
Josh Giddey,Atlanta Hawks @ Chicago Bulls,2025-10-28T00:00:00Z,player_rebounds,8.5,fanduel,2025-10-27T14:55:19Z,2025-10-27T14:55:41Z,-104.0,-128.0
Tre Jones,Atlanta Hawks @ Chicago Bulls,2025-10-28T00:00:00Z,player_rebounds,3.5,fanduel,2025-10-27T14:55:19Z,2025-10-27T14:55:41Z,-104.0,-128.0
Zaccharie Risacher,Atlanta Hawks @ Chicago Bulls,2025-10-28T00:00:00Z,player_rebounds,3.5,fanduel,2025-10-27T14:55:19Z,2025-10-27T14:55:41Z,142.0,-192.0
Nikola Vucevic,Atlanta Hawks @ Chicago Bulls,2025-10-28T00:00:00Z,player_rebounds,10.5,fanduel,2025-10-27T14:55:19Z,2025-10-27T14:55:41Z,-132.0,100.0
Nikola Vucevic,Atlanta Hawks @ Chicago Bulls,2025-10-28T00:00:00Z,player_threes,1.5,fanduel,2025-10-27T14:55:19Z,2025-10-27T14:55:45Z,108.0,-144.0
Dyson Daniels,Atlanta Hawks @ Chicago Bulls,2025-10-28T00:00:00Z,player_threes,0.5,fanduel,2025-10-27T14:55:19Z,2025-10-27T14:55:45Z,-146.0,110.0
Josh Giddey,Atlanta Hawks @ Chicago Bulls,2025-10-28T00:00:00Z,player_threes,1.5,fanduel,2025-10-27T14:55:19Z,2025-10-27T14:55:45Z,104.0,-138.0
Jalen Johnson,Atlanta Hawks @ Chicago Bulls,2025-10-28T00:00:00Z,player_threes,0.5,fanduel,2025-10-27T14:55:19Z,2025-10-27T14:55:45Z,-160.0,120.0
Kristaps Porzingis,Atlanta Hawks @ Chicago Bulls,2025-10-28T00:00:00Z,player_threes,1.5,fanduel,2025-10-27T14:55:19Z,2025-10-27T14:55:45Z,-158.0,118.0
Zaccharie Risacher,Atlanta Hawks @ Chicago Bulls,2025-10-28T00:00:00Z,player_threes,1.5,fanduel,2025-10-27T14:55:19Z,2025-10-27T14:55:45Z,-132.0,100.0
Trae Young,Atlanta Hawks @ Chicago Bulls,2025-10-28T00:00:00Z,player_threes,2.5,fanduel,2025-10-27T14:55:19Z,2025-10-27T14:55:45Z,-154.0,116.0
Matas Buzelis,Atlanta Hawks @ Chicago Bulls,2025-10-28T00:00:00Z,player_threes,1.5,fanduel,2025-10-27T14:55:19Z,2025-10-27T14:55:45Z,-144.0,108.0
Josh Giddey,Atlanta Hawks @ Chicago Bulls,2025-10-28T00:00:00Z,player_triple_double,,fanduel,2025-10-27T14:55:19Z,2025-10-27T14:55:45Z,,
Jalen Johnson,Atlanta Hawks @ Chicago Bulls,2025-10-28T00:00:00Z,player_triple_double,,fanduel,2025-10-27T14:55:19Z,2025-10-27T14:55:45Z,,
Nikola Vucevic,Atlanta Hawks @ Chicago Bulls,2025-10-28T00:00:00Z,player_triple_double,,fanduel,2025-10-27T14:55:19Z,2025-10-27T14:55:45Z,,
Matas Buzelis,Atlanta Hawks @ Chicago Bulls,2025-10-28T00:00:00Z,player_assists,1.5,williamhill_us,2025-10-27T14:54:59Z,2025-10-27T14:55:51Z,-130.0,-105.0
Jalen Johnson,Atlanta Hawks @ Chicago Bulls,2025-10-28T00:00:00Z,player_assists,3.5,williamhill_us,2025-10-27T14:54:59Z,2025-10-27T14:55:51Z,-155.0,111.0
Josh Giddey,Atlanta Hawks @ Chicago Bulls,2025-10-28T00:00:00Z,player_assists,7.5,williamhill_us,2025-10-27T14:54:59Z,2025-10-27T14:55:51Z,-125.0,-108.0
Dyson Daniels,Atlanta Hawks @ Chicago Bulls,2025-10-28T00:00:00Z,player_assists,3.5,williamhill_us,2025-10-27T14:54:59Z,2025-10-27T14:55:51Z,-148.0,105.0
Tre Jones,Atlanta Hawks @ Chicago Bulls,2025-10-28T00:00:00Z,player_assists,6.5,williamhill_us,2025-10-27T14:54:59Z,2025-10-27T14:55:51Z,-155.0,108.0
Trae Young,Atlanta Hawks @ Chicago Bulls,2025-10-28T00:00:00Z,player_assists,10.5,williamhill_us,2025-10-27T14:54:59Z,2025-10-27T14:55:51Z,100.0,-137.0
Kristaps Porzingis,Atlanta Hawks @ Chicago Bulls,2025-10-28T00:00:00Z,player_assists,1.5,williamhill_us,2025-10-27T14:54:59Z,2025-10-27T14:55:51Z,-143.0,105.0
Nikola Vucevic,Atlanta Hawks @ Chicago Bulls,2025-10-28T00:00:00Z,player_assists,3.5,williamhill_us,2025-10-27T14:54:59Z,2025-10-27T14:55:51Z,-106.0,-127.0
Nikola Vucevic,Atlanta Hawks @ Chicago Bulls,2025-10-28T00:00:00Z,player_double_double,,williamhill_us,2025-10-27T14:54:59Z,2025-10-27T14:55:51Z,,
Trae Young,Atlanta Hawks @ Chicago Bulls,2025-10-28T00:00:00Z,player_double_double,,williamhill_us,2025-10-27T14:54:59Z,2025-10-27T14:55:51Z,,
Josh Giddey,Atlanta Hawks @ Chicago Bulls,2025-10-28T00:00:00Z,player_double_double,,williamhill_us,2025-10-27T14:54:59Z,2025-10-27T14:55:51Z,,
Jalen Johnson,Atlanta Hawks @ Chicago Bulls,2025-10-28T00:00:00Z,player_double_double,,williamhill_us,2025-10-27T14:54:59Z,2025-10-27T14:55:51Z,,
Tre Jones,Atlanta Hawks @ Chicago Bulls,2025-10-28T00:00:00Z,player_double_double,,williamhill_us,2025-10-27T14:54:59Z,2025-10-27T14:55:51Z,,
Kristaps Porzingis,Atlanta Hawks @ Chicago Bulls,2025-10-28T00:00:00Z,player_double_double,,williamhill_us,2025-10-27T14:54:59Z,2025-10-27T14:55:51Z,,
Dyson Daniels,Atlanta Hawks @ Chicago Bulls,2025-10-28T00:00:00Z,player_double_double,,williamhill_us,2025-10-27T14:54:59Z,2025-10-27T14:55:51Z,,
Matas Buzelis,Atlanta Hawks @ Chicago Bulls,2025-10-28T00:00:00Z,player_double_double,,williamhill_us,2025-10-27T14:54:59Z,2025-10-27T14:55:51Z,,
Tre Jones,Atlanta Hawks @ Chicago Bulls,2025-10-28T00:00:00Z,player_points,12.5,williamhill_us,2025-10-27T14:54:59Z,2025-10-27T14:55:51Z,-118.0,-114.0
Trae Young,Atlanta Hawks @ Chicago Bulls,2025-10-28T00:00:00Z,player_points,23.5,williamhill_us,2025-10-27T14:54:59Z,2025-10-27T14:55:51Z,-125.0,-107.0
Zaccharie Risacher,Atlanta Hawks @ Chicago Bulls,2025-10-28T00:00:00Z,player_points,11.5,williamhill_us,2025-10-27T14:54:59Z,2025-10-27T14:55:51Z,-121.0,-112.0
Kristaps Porzingis,Atlanta Hawks @ Chicago Bulls,2025-10-28T00:00:00Z,player_points,16.5,williamhill_us,2025-10-27T14:54:59Z,2025-10-27T14:55:51Z,-115.0,-117.0
Matas Buzelis,Atlanta Hawks @ Chicago Bulls,2025-10-28T00:00:00Z,player_points,16.5,williamhill_us,2025-10-27T14:54:59Z,2025-10-27T14:55:51Z,-127.0,-107.0
Josh Giddey,Atlanta Hawks @ Chicago Bulls,2025-10-28T00:00:00Z,player_points,19.5,williamhill_us,2025-10-27T14:54:59Z,2025-10-27T14:55:51Z,-130.0,-105.0
Dyson Daniels,Atlanta Hawks @ Chicago Bulls,2025-10-28T00:00:00Z,player_points,12.5,williamhill_us,2025-10-27T14:54:59Z,2025-10-27T14:55:51Z,-112.0,-121.0
Jalen Johnson,Atlanta Hawks @ Chicago Bulls,2025-10-28T00:00:00Z,player_points,18.5,williamhill_us,2025-10-27T14:54:59Z,2025-10-27T14:55:51Z,-110.0,-122.0
Isaac Okoro,Atlanta Hawks @ Chicago Bulls,2025-10-28T00:00:00Z,player_points,6.5,williamhill_us,2025-10-27T14:54:59Z,2025-10-27T14:55:51Z,-130.0,-105.0
Nikola Vucevic,Atlanta Hawks @ Chicago Bulls,2025-10-28T00:00:00Z,player_points,19.5,williamhill_us,2025-10-27T14:54:59Z,2025-10-27T14:55:51Z,-129.0,-106.0
Dyson Daniels,Atlanta Hawks @ Chicago Bulls,2025-10-28T00:00:00Z,player_rebounds,5.5,williamhill_us,2025-10-27T14:54:59Z,2025-10-27T14:55:51Z,-139.0,100.0
Nikola Vucevic,Atlanta Hawks @ Chicago Bulls,2025-10-28T00:00:00Z,player_rebounds,10.5,williamhill_us,2025-10-27T14:54:59Z,2025-10-27T14:55:51Z,-134.0,100.0
Kristaps Porzingis,Atlanta Hawks @ Chicago Bulls,2025-10-28T00:00:00Z,player_rebounds,6.5,williamhill_us,2025-10-27T14:54:59Z,2025-10-27T14:55:51Z,110.0,-150.0
Tre Jones,Atlanta Hawks @ Chicago Bulls,2025-10-28T00:00:00Z,player_rebounds,3.5,williamhill_us,2025-10-27T14:54:59Z,2025-10-27T14:55:51Z,-115.0,-117.0
Trae Young,Atlanta Hawks @ Chicago Bulls,2025-10-28T00:00:00Z,player_rebounds,2.5,williamhill_us,2025-10-27T14:54:59Z,2025-10-27T14:55:51Z,-120.0,-113.0
Josh Giddey,Atlanta Hawks @ Chicago Bulls,2025-10-28T00:00:00Z,player_rebounds,8.5,williamhill_us,2025-10-27T14:54:59Z,2025-10-27T14:55:51Z,-110.0,-122.0
Jalen Johnson,Atlanta Hawks @ Chicago Bulls,2025-10-28T00:00:00Z,player_rebounds,8.5,williamhill_us,2025-10-27T14:54:59Z,2025-10-27T14:55:51Z,-105.0,-129.0
Matas Buzelis,Atlanta Hawks @ Chicago Bulls,2025-10-28T00:00:00Z,player_rebounds,5.5,williamhill_us,2025-10-27T14:54:59Z,2025-10-27T14:55:51Z,-137.0,100.0
Zaccharie Risacher,Atlanta Hawks @ Chicago Bulls,2025-10-28T00:00:00Z,player_rebounds,3.5,williamhill_us,2025-10-27T14:54:59Z,2025-10-27T14:55:51Z,135.0,-182.0
Dyson Daniels,Atlanta Hawks @ Chicago Bulls,2025-10-28T00:00:00Z,player_threes,0.5,williamhill_us,2025-10-27T14:54:59Z,2025-10-27T14:55:51Z,-141.0,105.0
Matas Buzelis,Atlanta Hawks @ Chicago Bulls,2025-10-28T00:00:00Z,player_threes,1.5,williamhill_us,2025-10-27T14:54:59Z,2025-10-27T14:55:51Z,-139.0,100.0
Nikola Vucevic,Atlanta Hawks @ Chicago Bulls,2025-10-28T00:00:00Z,player_threes,1.5,williamhill_us,2025-10-27T14:54:59Z,2025-10-27T14:55:51Z,105.0,-145.0
Josh Giddey,Atlanta Hawks @ Chicago Bulls,2025-10-28T00:00:00Z,player_threes,1.5,williamhill_us,2025-10-27T14:54:59Z,2025-10-27T14:55:51Z,105.0,-141.0
Trae Young,Atlanta Hawks @ Chicago Bulls,2025-10-28T00:00:00Z,player_threes,2.5,williamhill_us,2025-10-27T14:54:59Z,2025-10-27T14:55:51Z,-137.0,100.0
Kristaps Porzingis,Atlanta Hawks @ Chicago Bulls,2025-10-28T00:00:00Z,player_threes,1.5,williamhill_us,2025-10-27T14:54:59Z,2025-10-27T14:55:51Z,-154.0,115.0
Jalen Johnson,Atlanta Hawks @ Chicago Bulls,2025-10-28T00:00:00Z,player_threes,0.5,williamhill_us,2025-10-27T14:54:59Z,2025-10-27T14:55:51Z,-152.0,110.0
Zaccharie Risacher,Atlanta Hawks @ Chicago Bulls,2025-10-28T00:00:00Z,player_threes,1.5,williamhill_us,2025-10-27T14:54:59Z,2025-10-27T14:55:51Z,-122.0,-110.0
Jalen Johnson,Atlanta Hawks @ Chicago Bulls,2025-10-28T00:00:00Z,player_triple_double,,williamhill_us,2025-10-27T14:54:59Z,2025-10-27T14:55:51Z,,
Josh Giddey,Atlanta Hawks @ Chicago Bulls,2025-10-28T00:00:00Z,player_triple_double,,williamhill_us,2025-10-27T14:54:59Z,2025-10-27T14:55:51Z,,
Jalen Johnson,Atlanta Hawks @ Chicago Bulls,2025-10-28T00:00:00Z,player_assists,3.5,betmgm,2025-10-27T14:55:29Z,2025-10-27T14:55:16Z,-145.0,110.0
Dyson Daniels,Atlanta Hawks @ Chicago Bulls,2025-10-28T00:00:00Z,player_assists,3.5,betmgm,2025-10-27T14:55:29Z,2025-10-27T14:55:16Z,-135.0,100.0
Josh Giddey,Atlanta Hawks @ Chicago Bulls,2025-10-28T00:00:00Z,player_assists,7.5,betmgm,2025-10-27T14:55:29Z,2025-10-27T14:55:16Z,-120.0,-110.0
Zaccharie Risacher,Atlanta Hawks @ Chicago Bulls,2025-10-28T00:00:00Z,player_assists,0.5,betmgm,2025-10-27T14:55:29Z,2025-10-27T14:55:16Z,120.0,-160.0
Kristaps Porzingis,Atlanta Hawks @ Chicago Bulls,2025-10-28T00:00:00Z,player_assists,1.5,betmgm,2025-10-27T14:55:29Z,2025-10-27T14:55:16Z,-130.0,100.0
Nikola Vucevic,Atlanta Hawks @ Chicago Bulls,2025-10-28T00:00:00Z,player_assists,3.5,betmgm,2025-10-27T14:55:29Z,2025-10-27T14:55:16Z,-105.0,-125.0
Tre Jones,Atlanta Hawks @ Chicago Bulls,2025-10-28T00:00:00Z,player_assists,6.5,betmgm,2025-10-27T14:55:29Z,2025-10-27T14:55:16Z,-140.0,105.0
Trae Young,Atlanta Hawks @ Chicago Bulls,2025-10-28T00:00:00Z,player_assists,10.5,betmgm,2025-10-27T14:55:29Z,2025-10-27T14:55:16Z,105.0,-140.0
Matas Buzelis,Atlanta Hawks @ Chicago Bulls,2025-10-28T00:00:00Z,player_assists,1.5,betmgm,2025-10-27T14:55:29Z,2025-10-27T14:55:16Z,-135.0,100.0
Isaac Okoro,Atlanta Hawks @ Chicago Bulls,2025-10-28T00:00:00Z,player_assists,1.5,betmgm,2025-10-27T14:55:29Z,2025-10-27T14:55:16Z,-130.0,100.0
Jalen Johnson,Atlanta Hawks @ Chicago Bulls,2025-10-28T00:00:00Z,player_blocks,0.5,betmgm,2025-10-27T14:55:29Z,2025-10-27T14:55:16Z,-140.0,100.0
Dyson Daniels,Atlanta Hawks @ Chicago Bulls,2025-10-28T00:00:00Z,player_blocks,0.5,betmgm,2025-10-27T14:55:29Z,2025-10-27T14:55:16Z,100.0,-140.0
Josh Giddey,Atlanta Hawks @ Chicago Bulls,2025-10-28T00:00:00Z,player_blocks,0.5,betmgm,2025-10-27T14:55:29Z,2025-10-27T14:55:16Z,105.0,-145.0
Zaccharie Risacher,Atlanta Hawks @ Chicago Bulls,2025-10-28T00:00:00Z,player_blocks,0.5,betmgm,2025-10-27T14:55:29Z,2025-10-27T14:55:16Z,155.0,-220.0
Kristaps Porzingis,Atlanta Hawks @ Chicago Bulls,2025-10-28T00:00:00Z,player_blocks,1.5,betmgm,2025-10-27T14:55:29Z,2025-10-27T14:55:16Z,-110.0,-130.0
Nikola Vucevic,Atlanta Hawks @ Chicago Bulls,2025-10-28T00:00:00Z,player_blocks,0.5,betmgm,2025-10-27T14:55:29Z,2025-10-27T14:55:16Z,-130.0,-105.0
Tre Jones,Atlanta Hawks @ Chicago Bulls,2025-10-28T00:00:00Z,player_blocks,0.5,betmgm,2025-10-27T14:55:29Z,2025-10-27T14:55:16Z,333.0,-550.0
Trae Young,Atlanta Hawks @ Chicago Bulls,2025-10-28T00:00:00Z,player_blocks,0.5,betmgm,2025-10-27T14:55:29Z,2025-10-27T14:55:16Z,425.0,-750.0
Matas Buzelis,Atlanta Hawks @ Chicago Bulls,2025-10-28T00:00:00Z,player_blocks,1.5,betmgm,2025-10-27T14:55:29Z,2025-10-27T14:55:16Z,130.0,-185.0
Isaac Okoro,Atlanta Hawks @ Chicago Bulls,2025-10-28T00:00:00Z,player_blocks,0.5,betmgm,2025-10-27T14:55:29Z,2025-10-27T14:55:16Z,190.0,-275.0
Jalen Johnson,Atlanta Hawks @ Chicago Bulls,2025-10-28T00:00:00Z,player_double_double,,betmgm,2025-10-27T14:55:29Z,2025-10-27T14:55:16Z,,
Dyson Daniels,Atlanta Hawks @ Chicago Bulls,2025-10-28T00:00:00Z,player_double_double,,betmgm,2025-10-27T14:55:29Z,2025-10-27T14:55:16Z,,
Josh Giddey,Atlanta Hawks @ Chicago Bulls,2025-10-28T00:00:00Z,player_double_double,,betmgm,2025-10-27T14:55:29Z,2025-10-27T14:55:16Z,,
Kristaps Porzingis,Atlanta Hawks @ Chicago Bulls,2025-10-28T00:00:00Z,player_double_double,,betmgm,2025-10-27T14:55:29Z,2025-10-27T14:55:16Z,,
Nikola Vucevic,Atlanta Hawks @ Chicago Bulls,2025-10-28T00:00:00Z,player_double_double,,betmgm,2025-10-27T14:55:29Z,2025-10-27T14:55:16Z,,
Tre Jones,Atlanta Hawks @ Chicago Bulls,2025-10-28T00:00:00Z,player_double_double,,betmgm,2025-10-27T14:55:29Z,2025-10-27T14:55:16Z,,
Trae Young,Atlanta Hawks @ Chicago Bulls,2025-10-28T00:00:00Z,player_double_double,,betmgm,2025-10-27T14:55:29Z,2025-10-27T14:55:16Z,,
Matas Buzelis,Atlanta Hawks @ Chicago Bulls,2025-10-28T00:00:00Z,player_double_double,,betmgm,2025-10-27T14:55:29Z,2025-10-27T14:55:16Z,,
Dyson Daniels,Atlanta Hawks @ Chicago Bulls,2025-10-28T00:00:00Z,player_points,11.5,betmgm,2025-10-27T14:55:29Z,2025-10-27T14:55:16Z,-135.0,100.0
Zaccharie Risacher,Atlanta Hawks @ Chicago Bulls,2025-10-28T00:00:00Z,player_points,11.5,betmgm,2025-10-27T14:55:29Z,2025-10-27T14:55:16Z,-120.0,-110.0
Kristaps Porzingis,Atlanta Hawks @ Chicago Bulls,2025-10-28T00:00:00Z,player_points,15.5,betmgm,2025-10-27T14:55:29Z,2025-10-27T14:55:16Z,-125.0,-105.0
Nikola Vucevic,Atlanta Hawks @ Chicago Bulls,2025-10-28T00:00:00Z,player_points,19.5,betmgm,2025-10-27T14:55:29Z,2025-10-27T14:55:16Z,-118.0,-115.0
Tre Jones,Atlanta Hawks @ Chicago Bulls,2025-10-28T00:00:00Z,player_points,12.5,betmgm,2025-10-27T14:55:29Z,2025-10-27T14:55:16Z,-115.0,-115.0
Trae Young,Atlanta Hawks @ Chicago Bulls,2025-10-28T00:00:00Z,player_points,24.5,betmgm,2025-10-27T14:55:29Z,2025-10-27T14:55:16Z,100.0,-130.0
Isaac Okoro,Atlanta Hawks @ Chicago Bulls,2025-10-28T00:00:00Z,player_points,6.5,betmgm,2025-10-27T14:55:29Z,2025-10-27T14:55:16Z,-140.0,105.0
Matas Buzelis,Atlanta Hawks @ Chicago Bulls,2025-10-28T00:00:00Z,player_points,17.5,betmgm,2025-10-27T14:55:29Z,2025-10-27T14:55:16Z,-105.0,-130.0
Josh Giddey,Atlanta Hawks @ Chicago Bulls,2025-10-28T00:00:00Z,player_points,20.5,betmgm,2025-10-27T14:55:29Z,2025-10-27T14:55:16Z,-105.0,-125.0
Jalen Johnson,Atlanta Hawks @ Chicago Bulls,2025-10-28T00:00:00Z,player_points,18.5,betmgm,2025-10-27T14:55:29Z,2025-10-27T14:55:16Z,-110.0,-120.0
Zaccharie Risacher,Atlanta Hawks @ Chicago Bulls,2025-10-28T00:00:00Z,player_points_rebounds_assists,15.5,betmgm,2025-10-27T14:55:29Z,2025-10-27T14:55:16Z,-115.0,-118.0
Kristaps Porzingis,Atlanta Hawks @ Chicago Bulls,2025-10-28T00:00:00Z,player_points_rebounds_assists,23.5,betmgm,2025-10-27T14:55:29Z,2025-10-27T14:55:16Z,-140.0,105.0
Nikola Vucevic,Atlanta Hawks @ Chicago Bulls,2025-10-28T00:00:00Z,player_points_rebounds_assists,34.5,betmgm,2025-10-27T14:55:29Z,2025-10-27T14:55:16Z,-125.0,-105.0
Tre Jones,Atlanta Hawks @ Chicago Bulls,2025-10-28T00:00:00Z,player_points_rebounds_assists,23.5,betmgm,2025-10-27T14:55:29Z,2025-10-27T14:55:16Z,-110.0,-118.0
Trae Young,Atlanta Hawks @ Chicago Bulls,2025-10-28T00:00:00Z,player_points_rebounds_assists,37.5,betmgm,2025-10-27T14:55:29Z,2025-10-27T14:55:16Z,-118.0,-110.0
Matas Buzelis,Atlanta Hawks @ Chicago Bulls,2025-10-28T00:00:00Z,player_points_rebounds_assists,24.5,betmgm,2025-10-27T14:55:29Z,2025-10-27T14:55:16Z,-120.0,-110.0
Isaac Okoro,Atlanta Hawks @ Chicago Bulls,2025-10-28T00:00:00Z,player_points_rebounds_assists,11.5,betmgm,2025-10-27T14:55:29Z,2025-10-27T14:55:16Z,-125.0,-105.0
Josh Giddey,Atlanta Hawks @ Chicago Bulls,2025-10-28T00:00:00Z,player_points_rebounds_assists,37.5,betmgm,2025-10-27T14:55:29Z,2025-10-27T14:55:16Z,100.0,-130.0
Dyson Daniels,Atlanta Hawks @ Chicago Bulls,2025-10-28T00:00:00Z,player_points_rebounds_assists,22.5,betmgm,2025-10-27T14:55:29Z,2025-10-27T14:55:16Z,-105.0,-130.0
Jalen Johnson,Atlanta Hawks @ Chicago Bulls,2025-10-28T00:00:00Z,player_points_rebounds_assists,30.5,betmgm,2025-10-27T14:55:29Z,2025-10-27T14:55:16Z,-115.0,-118.0
Jalen Johnson,Atlanta Hawks @ Chicago Bulls,2025-10-28T00:00:00Z,player_rebounds,8.5,betmgm,2025-10-27T14:55:29Z,2025-10-27T14:55:16Z,100.0,-135.0
Josh Giddey,Atlanta Hawks @ Chicago Bulls,2025-10-28T00:00:00Z,player_rebounds,8.5,betmgm,2025-10-27T14:55:29Z,2025-10-27T14:55:16Z,-115.0,-118.0
Zaccharie Risacher,Atlanta Hawks @ Chicago Bulls,2025-10-28T00:00:00Z,player_rebounds,3.5,betmgm,2025-10-27T14:55:29Z,2025-10-27T14:55:16Z,130.0,-175.0
Nikola Vucevic,Atlanta Hawks @ Chicago Bulls,2025-10-28T00:00:00Z,player_rebounds,11.5,betmgm,2025-10-27T14:55:29Z,2025-10-27T14:55:16Z,115.0,-155.0
Tre Jones,Atlanta Hawks @ Chicago Bulls,2025-10-28T00:00:00Z,player_rebounds,3.5,betmgm,2025-10-27T14:55:29Z,2025-10-27T14:55:16Z,-120.0,-110.0
Trae Young,Atlanta Hawks @ Chicago Bulls,2025-10-28T00:00:00Z,player_rebounds,2.5,betmgm,2025-10-27T14:55:29Z,2025-10-27T14:55:16Z,-118.0,-110.0
Matas Buzelis,Atlanta Hawks @ Chicago Bulls,2025-10-28T00:00:00Z,player_rebounds,5.5,betmgm,2025-10-27T14:55:29Z,2025-10-27T14:55:16Z,-130.0,-105.0
Isaac Okoro,Atlanta Hawks @ Chicago Bulls,2025-10-28T00:00:00Z,player_rebounds,2.5,betmgm,2025-10-27T14:55:29Z,2025-10-27T14:55:16Z,-160.0,120.0
Dyson Daniels,Atlanta Hawks @ Chicago Bulls,2025-10-28T00:00:00Z,player_rebounds,6.5,betmgm,2025-10-27T14:55:29Z,2025-10-27T14:55:16Z,115.0,-150.0
Kristaps Porzingis,Atlanta Hawks @ Chicago Bulls,2025-10-28T00:00:00Z,player_rebounds,6.5,betmgm,2025-10-27T14:55:29Z,2025-10-27T14:55:16Z,115.0,-150.0
Jalen Johnson,Atlanta Hawks @ Chicago Bulls,2025-10-28T00:00:00Z,player_threes,0.5,betmgm,2025-10-27T14:55:29Z,2025-10-27T14:55:16Z,-140.0,105.0
Dyson Daniels,Atlanta Hawks @ Chicago Bulls,2025-10-28T00:00:00Z,player_threes,0.5,betmgm,2025-10-27T14:55:29Z,2025-10-27T14:55:16Z,-135.0,100.0
Josh Giddey,Atlanta Hawks @ Chicago Bulls,2025-10-28T00:00:00Z,player_threes,1.5,betmgm,2025-10-27T14:55:29Z,2025-10-27T14:55:16Z,100.0,-135.0
Zaccharie Risacher,Atlanta Hawks @ Chicago Bulls,2025-10-28T00:00:00Z,player_threes,1.5,betmgm,2025-10-27T14:55:29Z,2025-10-27T14:55:16Z,-118.0,-110.0
Kristaps Porzingis,Atlanta Hawks @ Chicago Bulls,2025-10-28T00:00:00Z,player_threes,1.5,betmgm,2025-10-27T14:55:29Z,2025-10-27T14:55:16Z,-145.0,110.0
Nikola Vucevic,Atlanta Hawks @ Chicago Bulls,2025-10-28T00:00:00Z,player_threes,1.5,betmgm,2025-10-27T14:55:29Z,2025-10-27T14:55:16Z,100.0,-135.0
Tre Jones,Atlanta Hawks @ Chicago Bulls,2025-10-28T00:00:00Z,player_threes,0.5,betmgm,2025-10-27T14:55:29Z,2025-10-27T14:55:16Z,-110.0,-120.0
Trae Young,Atlanta Hawks @ Chicago Bulls,2025-10-28T00:00:00Z,player_threes,2.5,betmgm,2025-10-27T14:55:29Z,2025-10-27T14:55:16Z,-130.0,-105.0
Matas Buzelis,Atlanta Hawks @ Chicago Bulls,2025-10-28T00:00:00Z,player_threes,1.5,betmgm,2025-10-27T14:55:29Z,2025-10-27T14:55:16Z,-140.0,105.0
Isaac Okoro,Atlanta Hawks @ Chicago Bulls,2025-10-28T00:00:00Z,player_threes,0.5,betmgm,2025-10-27T14:55:29Z,2025-10-27T14:55:16Z,-175.0,135.0
Josh Giddey,Atlanta Hawks @ Chicago Bulls,2025-10-28T00:00:00Z,player_triple_double,,betmgm,2025-10-27T14:55:29Z,2025-10-27T14:55:16Z,,
Nikola Vucevic,Atlanta Hawks @ Chicago Bulls,2025-10-28T00:00:00Z,player_triple_double,,betmgm,2025-10-27T14:55:29Z,2025-10-27T14:55:16Z,,
Tre Jones,Atlanta Hawks @ Chicago Bulls,2025-10-28T00:00:00Z,player_triple_double,,betmgm,2025-10-27T14:55:29Z,2025-10-27T14:55:16Z,,
Jalen Johnson,Atlanta Hawks @ Chicago Bulls,2025-10-28T00:00:00Z,player_triple_double,,betmgm,2025-10-27T14:55:29Z,2025-10-27T14:55:16Z,,
Dyson Daniels,Atlanta Hawks @ Chicago Bulls,2025-10-28T00:00:00Z,player_assists,3.5,bovada,2025-10-27T14:54:45Z,2025-10-27T14:55:21Z,-160.0,120.0
Dyson Daniels,Atlanta Hawks @ Chicago Bulls,2025-10-28T00:00:00Z,player_assists,4.5,bovada,2025-10-27T14:54:45Z,2025-10-27T14:55:21Z,150.0,-200.0
Josh Giddey,Atlanta Hawks @ Chicago Bulls,2025-10-28T00:00:00Z,player_assists,6.5,bovada,2025-10-27T14:54:45Z,2025-10-27T14:55:21Z,-230.0,170.0
Josh Giddey,Atlanta Hawks @ Chicago Bulls,2025-10-28T00:00:00Z,player_assists,7.5,bovada,2025-10-27T14:54:45Z,2025-10-27T14:55:21Z,-125.0,-105.0
Josh Giddey,Atlanta Hawks @ Chicago Bulls,2025-10-28T00:00:00Z,player_assists,8.5,bovada,2025-10-27T14:54:45Z,2025-10-27T14:55:21Z,140.0,-185.0
Nikola Vucevic,Atlanta Hawks @ Chicago Bulls,2025-10-28T00:00:00Z,player_assists,2.5,bovada,2025-10-27T14:54:45Z,2025-10-27T14:55:21Z,-240.0,175.0
Nikola Vucevic,Atlanta Hawks @ Chicago Bulls,2025-10-28T00:00:00Z,player_assists,3.5,bovada,2025-10-27T14:54:45Z,2025-10-27T14:55:21Z,105.0,-135.0
Trae Young,Atlanta Hawks @ Chicago Bulls,2025-10-28T00:00:00Z,player_assists,8.5,bovada,2025-10-27T14:54:45Z,2025-10-27T14:55:21Z,-250.0,185.0
Trae Young,Atlanta Hawks @ Chicago Bulls,2025-10-28T00:00:00Z,player_assists,9.5,bovada,2025-10-27T14:54:45Z,2025-10-27T14:55:21Z,-150.0,115.0
Trae Young,Atlanta Hawks @ Chicago Bulls,2025-10-28T00:00:00Z,player_assists,10.5,bovada,2025-10-27T14:54:45Z,2025-10-27T14:55:21Z,110.0,-145.0
Trae Young,Atlanta Hawks @ Chicago Bulls,2025-10-28T00:00:00Z,player_assists,11.5,bovada,2025-10-27T14:54:45Z,2025-10-27T14:55:21Z,175.0,-240.0
Tre Jones,Atlanta Hawks @ Chicago Bulls,2025-10-28T00:00:00Z,player_assists,5.5,bovada,2025-10-27T14:54:45Z,2025-10-27T14:55:21Z,-280.0,205.0
Tre Jones,Atlanta Hawks @ Chicago Bulls,2025-10-28T00:00:00Z,player_assists,6.5,bovada,2025-10-27T14:54:45Z,2025-10-27T14:55:21Z,-145.0,110.0
Tre Jones,Atlanta Hawks @ Chicago Bulls,2025-10-28T00:00:00Z,player_assists,7.5,bovada,2025-10-27T14:54:45Z,2025-10-27T14:55:21Z,125.0,-165.0
Nikola Vucevic,Atlanta Hawks @ Chicago Bulls,2025-10-28T00:00:00Z,player_double_double,,bovada,2025-10-27T14:54:45Z,2025-10-27T14:55:21Z,,
Trae Young,Atlanta Hawks @ Chicago Bulls,2025-10-28T00:00:00Z,player_double_double,,bovada,2025-10-27T14:54:45Z,2025-10-27T14:55:21Z,,
Josh Giddey,Atlanta Hawks @ Chicago Bulls,2025-10-28T00:00:00Z,player_double_double,,bovada,2025-10-27T14:54:45Z,2025-10-27T14:55:21Z,,
Jalen Johnson,Atlanta Hawks @ Chicago Bulls,2025-10-28T00:00:00Z,player_double_double,,bovada,2025-10-27T14:54:45Z,2025-10-27T14:55:21Z,,
Kristaps Porzingis,Atlanta Hawks @ Chicago Bulls,2025-10-28T00:00:00Z,player_double_double,,bovada,2025-10-27T14:54:45Z,2025-10-27T14:55:21Z,,
Dyson Daniels,Atlanta Hawks @ Chicago Bulls,2025-10-28T00:00:00Z,player_double_double,,bovada,2025-10-27T14:54:45Z,2025-10-27T14:55:21Z,,
Matas Buzelis,Atlanta Hawks @ Chicago Bulls,2025-10-28T00:00:00Z,player_double_double,,bovada,2025-10-27T14:54:45Z,2025-10-27T14:55:21Z,,
Dyson Daniels,Atlanta Hawks @ Chicago Bulls,2025-10-28T00:00:00Z,player_points,9.5,bovada,2025-10-27T14:54:45Z,2025-10-27T14:55:21Z,-280.0,205.0
Dyson Daniels,Atlanta Hawks @ Chicago Bulls,2025-10-28T00:00:00Z,player_points,10.5,bovada,2025-10-27T14:54:45Z,2025-10-27T14:55:21Z,-200.0,150.0
Dyson Daniels,Atlanta Hawks @ Chicago Bulls,2025-10-28T00:00:00Z,player_points,11.5,bovada,2025-10-27T14:54:45Z,2025-10-27T14:55:21Z,-145.0,110.0
Dyson Daniels,Atlanta Hawks @ Chicago Bulls,2025-10-28T00:00:00Z,player_points,12.5,bovada,2025-10-27T14:54:45Z,2025-10-27T14:55:21Z,-110.0,-120.0
Dyson Daniels,Atlanta Hawks @ Chicago Bulls,2025-10-28T00:00:00Z,player_points,13.5,bovada,2025-10-27T14:54:45Z,2025-10-27T14:55:21Z,120.0,-160.0
Dyson Daniels,Atlanta Hawks @ Chicago Bulls,2025-10-28T00:00:00Z,player_points,14.5,bovada,2025-10-27T14:54:45Z,2025-10-27T14:55:21Z,155.0,-210.0
Dyson Daniels,Atlanta Hawks @ Chicago Bulls,2025-10-28T00:00:00Z,player_points,15.5,bovada,2025-10-27T14:54:45Z,2025-10-27T14:55:21Z,200.0,-275.0
Isaac Okoro,Atlanta Hawks @ Chicago Bulls,2025-10-28T00:00:00Z,player_points,5.5,bovada,2025-10-27T14:54:45Z,2025-10-27T14:55:21Z,-210.0,155.0
Isaac Okoro,Atlanta Hawks @ Chicago Bulls,2025-10-28T00:00:00Z,player_points,6.5,bovada,2025-10-27T14:54:45Z,2025-10-27T14:55:21Z,-135.0,105.0
Isaac Okoro,Atlanta Hawks @ Chicago Bulls,2025-10-28T00:00:00Z,player_points,7.5,bovada,2025-10-27T14:54:45Z,2025-10-27T14:55:21Z,105.0,-135.0
Isaac Okoro,Atlanta Hawks @ Chicago Bulls,2025-10-28T00:00:00Z,player_points,8.5,bovada,2025-10-27T14:54:45Z,2025-10-27T14:55:21Z,145.0,-190.0
Isaac Okoro,Atlanta Hawks @ Chicago Bulls,2025-10-28T00:00:00Z,player_points,9.5,bovada,2025-10-27T14:54:45Z,2025-10-27T14:55:21Z,200.0,-275.0
Josh Giddey,Atlanta Hawks @ Chicago Bulls,2025-10-28T00:00:00Z,player_points,16.5,bovada,2025-10-27T14:54:45Z,2025-10-27T14:55:21Z,-250.0,185.0
Josh Giddey,Atlanta Hawks @ Chicago Bulls,2025-10-28T00:00:00Z,player_points,17.5,bovada,2025-10-27T14:54:45Z,2025-10-27T14:55:21Z,-190.0,145.0
Josh Giddey,Atlanta Hawks @ Chicago Bulls,2025-10-28T00:00:00Z,player_points,18.5,bovada,2025-10-27T14:54:45Z,2025-10-27T14:55:21Z,-150.0,115.0
Josh Giddey,Atlanta Hawks @ Chicago Bulls,2025-10-28T00:00:00Z,player_points,19.5,bovada,2025-10-27T14:54:45Z,2025-10-27T14:55:21Z,-120.0,-110.0
Josh Giddey,Atlanta Hawks @ Chicago Bulls,2025-10-28T00:00:00Z,player_points,20.5,bovada,2025-10-27T14:54:45Z,2025-10-27T14:55:21Z,105.0,-135.0
Josh Giddey,Atlanta Hawks @ Chicago Bulls,2025-10-28T00:00:00Z,player_points,21.5,bovada,2025-10-27T14:54:45Z,2025-10-27T14:55:21Z,130.0,-170.0
Josh Giddey,Atlanta Hawks @ Chicago Bulls,2025-10-28T00:00:00Z,player_points,22.5,bovada,2025-10-27T14:54:45Z,2025-10-27T14:55:21Z,160.0,-215.0
Josh Giddey,Atlanta Hawks @ Chicago Bulls,2025-10-28T00:00:00Z,player_points,23.5,bovada,2025-10-27T14:54:45Z,2025-10-27T14:55:21Z,190.0,-260.0
Nikola Vucevic,Atlanta Hawks @ Chicago Bulls,2025-10-28T00:00:00Z,player_points,17.5,bovada,2025-10-27T14:54:45Z,2025-10-27T14:55:21Z,-230.0,170.0
Nikola Vucevic,Atlanta Hawks @ Chicago Bulls,2025-10-28T00:00:00Z,player_points,18.5,bovada,2025-10-27T14:54:45Z,2025-10-27T14:55:21Z,-180.0,135.0
Nikola Vucevic,Atlanta Hawks @ Chicago Bulls,2025-10-28T00:00:00Z,player_points,19.5,bovada,2025-10-27T14:54:45Z,2025-10-27T14:55:21Z,-145.0,110.0
Nikola Vucevic,Atlanta Hawks @ Chicago Bulls,2025-10-28T00:00:00Z,player_points,20.5,bovada,2025-10-27T14:54:45Z,2025-10-27T14:55:21Z,-115.0,-115.0
Nikola Vucevic,Atlanta Hawks @ Chicago Bulls,2025-10-28T00:00:00Z,player_points,21.5,bovada,2025-10-27T14:54:45Z,2025-10-27T14:55:21Z,110.0,-145.0
Nikola Vucevic,Atlanta Hawks @ Chicago Bulls,2025-10-28T00:00:00Z,player_points,22.5,bovada,2025-10-27T14:54:45Z,2025-10-27T14:55:21Z,135.0,-180.0
Nikola Vucevic,Atlanta Hawks @ Chicago Bulls,2025-10-28T00:00:00Z,player_points,23.5,bovada,2025-10-27T14:54:45Z,2025-10-27T14:55:21Z,165.0,-220.0
Nikola Vucevic,Atlanta Hawks @ Chicago Bulls,2025-10-28T00:00:00Z,player_points,24.5,bovada,2025-10-27T14:54:45Z,2025-10-27T14:55:21Z,200.0,-275.0
Trae Young,Atlanta Hawks @ Chicago Bulls,2025-10-28T00:00:00Z,player_points,19.5,bovada,2025-10-27T14:54:45Z,2025-10-27T14:55:21Z,-275.0,200.0
Trae Young,Atlanta Hawks @ Chicago Bulls,2025-10-28T00:00:00Z,player_points,20.5,bovada,2025-10-27T14:54:45Z,2025-10-27T14:55:21Z,-210.0,155.0
Trae Young,Atlanta Hawks @ Chicago Bulls,2025-10-28T00:00:00Z,player_points,21.5,bovada,2025-10-27T14:54:45Z,2025-10-27T14:55:21Z,-165.0,125.0
Trae Young,Atlanta Hawks @ Chicago Bulls,2025-10-28T00:00:00Z,player_points,22.5,bovada,2025-10-27T14:54:45Z,2025-10-27T14:55:21Z,-135.0,105.0
Trae Young,Atlanta Hawks @ Chicago Bulls,2025-10-28T00:00:00Z,player_points,23.5,bovada,2025-10-27T14:54:45Z,2025-10-27T14:55:21Z,-110.0,-120.0
Trae Young,Atlanta Hawks @ Chicago Bulls,2025-10-28T00:00:00Z,player_points,24.5,bovada,2025-10-27T14:54:45Z,2025-10-27T14:55:21Z,110.0,-145.0
Trae Young,Atlanta Hawks @ Chicago Bulls,2025-10-28T00:00:00Z,player_points,25.5,bovada,2025-10-27T14:54:45Z,2025-10-27T14:55:21Z,135.0,-180.0
Trae Young,Atlanta Hawks @ Chicago Bulls,2025-10-28T00:00:00Z,player_points,26.5,bovada,2025-10-27T14:54:45Z,2025-10-27T14:55:21Z,165.0,-220.0
Trae Young,Atlanta Hawks @ Chicago Bulls,2025-10-28T00:00:00Z,player_points,27.5,bovada,2025-10-27T14:54:45Z,2025-10-27T14:55:21Z,200.0,-275.0
Tre Jones,Atlanta Hawks @ Chicago Bulls,2025-10-28T00:00:00Z,player_points,9.5,bovada,2025-10-27T14:54:45Z,2025-10-27T14:55:21Z,-280.0,205.0
Tre Jones,Atlanta Hawks @ Chicago Bulls,2025-10-28T00:00:00Z,player_points,10.5,bovada,2025-10-27T14:54:45Z,2025-10-27T14:55:21Z,-200.0,150.0
Tre Jones,Atlanta Hawks @ Chicago Bulls,2025-10-28T00:00:00Z,player_points,11.5,bovada,2025-10-27T14:54:45Z,2025-10-27T14:55:21Z,-145.0,110.0
Tre Jones,Atlanta Hawks @ Chicago Bulls,2025-10-28T00:00:00Z,player_points,12.5,bovada,2025-10-27T14:54:45Z,2025-10-27T14:55:21Z,-110.0,-120.0
Tre Jones,Atlanta Hawks @ Chicago Bulls,2025-10-28T00:00:00Z,player_points,13.5,bovada,2025-10-27T14:54:45Z,2025-10-27T14:55:21Z,120.0,-160.0
Tre Jones,Atlanta Hawks @ Chicago Bulls,2025-10-28T00:00:00Z,player_points,14.5,bovada,2025-10-27T14:54:45Z,2025-10-27T14:55:21Z,155.0,-210.0
Tre Jones,Atlanta Hawks @ Chicago Bulls,2025-10-28T00:00:00Z,player_points,15.5,bovada,2025-10-27T14:54:45Z,2025-10-27T14:55:21Z,200.0,-275.0
Zaccharie Risacher,Atlanta Hawks @ Chicago Bulls,2025-10-28T00:00:00Z,player_points,9.5,bovada,2025-10-27T14:54:45Z,2025-10-27T14:55:21Z,-215.0,160.0
Zaccharie Risacher,Atlanta Hawks @ Chicago Bulls,2025-10-28T00:00:00Z,player_points,10.5,bovada,2025-10-27T14:54:45Z,2025-10-27T14:55:21Z,-150.0,115.0
Zaccharie Risacher,Atlanta Hawks @ Chicago Bulls,2025-10-28T00:00:00Z,player_points,11.5,bovada,2025-10-27T14:54:45Z,2025-10-27T14:55:21Z,-115.0,-115.0
Zaccharie Risacher,Atlanta Hawks @ Chicago Bulls,2025-10-28T00:00:00Z,player_points,12.5,bovada,2025-10-27T14:54:45Z,2025-10-27T14:55:21Z,115.0,-150.0
Zaccharie Risacher,Atlanta Hawks @ Chicago Bulls,2025-10-28T00:00:00Z,player_points,13.5,bovada,2025-10-27T14:54:45Z,2025-10-27T14:55:21Z,150.0,-200.0
Zaccharie Risacher,Atlanta Hawks @ Chicago Bulls,2025-10-28T00:00:00Z,player_points,14.5,bovada,2025-10-27T14:54:45Z,2025-10-27T14:55:21Z,190.0,-260.0
Dyson Daniels,Atlanta Hawks @ Chicago Bulls,2025-10-28T00:00:00Z,player_points_rebounds_assists,19.5,bovada,2025-10-27T14:54:45Z,2025-10-27T14:55:21Z,-230.0,170.0
Dyson Daniels,Atlanta Hawks @ Chicago Bulls,2025-10-28T00:00:00Z,player_points_rebounds_assists,20.5,bovada,2025-10-27T14:54:45Z,2025-10-27T14:55:21Z,-185.0,140.0
Dyson Daniels,Atlanta Hawks @ Chicago Bulls,2025-10-28T00:00:00Z,player_points_rebounds_assists,21.5,bovada,2025-10-27T14:54:45Z,2025-10-27T14:55:21Z,-150.0,115.0
Dyson Daniels,Atlanta Hawks @ Chicago Bulls,2025-10-28T00:00:00Z,player_points_rebounds_assists,23.5,bovada,2025-10-27T14:54:45Z,2025-10-27T14:55:21Z,100.0,-130.0
Dyson Daniels,Atlanta Hawks @ Chicago Bulls,2025-10-28T00:00:00Z,player_points_rebounds_assists,24.5,bovada,2025-10-27T14:54:45Z,2025-10-27T14:55:21Z,125.0,-165.0
Dyson Daniels,Atlanta Hawks @ Chicago Bulls,2025-10-28T00:00:00Z,player_points_rebounds_assists,25.5,bovada,2025-10-27T14:54:45Z,2025-10-27T14:55:21Z,150.0,-200.0
Dyson Daniels,Atlanta Hawks @ Chicago Bulls,2025-10-28T00:00:00Z,player_points_rebounds_assists,26.5,bovada,2025-10-27T14:54:45Z,2025-10-27T14:55:21Z,180.0,-245.0
Jalen Johnson,Atlanta Hawks @ Chicago Bulls,2025-10-28T00:00:00Z,player_points_rebounds_assists,27.5,bovada,2025-10-27T14:54:45Z,2025-10-27T14:55:21Z,-245.0,180.0
Jalen Johnson,Atlanta Hawks @ Chicago Bulls,2025-10-28T00:00:00Z,player_points_rebounds_assists,28.5,bovada,2025-10-27T14:54:45Z,2025-10-27T14:55:21Z,-200.0,150.0
Jalen Johnson,Atlanta Hawks @ Chicago Bulls,2025-10-28T00:00:00Z,player_points_rebounds_assists,29.5,bovada,2025-10-27T14:54:45Z,2025-10-27T14:55:21Z,-165.0,125.0
Jalen Johnson,Atlanta Hawks @ Chicago Bulls,2025-10-28T00:00:00Z,player_points_rebounds_assists,30.5,bovada,2025-10-27T14:54:45Z,2025-10-27T14:55:21Z,-135.0,105.0
Jalen Johnson,Atlanta Hawks @ Chicago Bulls,2025-10-28T00:00:00Z,player_points_rebounds_assists,31.5,bovada,2025-10-27T14:54:45Z,2025-10-27T14:55:21Z,-115.0,-115.0
Jalen Johnson,Atlanta Hawks @ Chicago Bulls,2025-10-28T00:00:00Z,player_points_rebounds_assists,32.5,bovada,2025-10-27T14:54:45Z,2025-10-27T14:55:21Z,105.0,-135.0
Jalen Johnson,Atlanta Hawks @ Chicago Bulls,2025-10-28T00:00:00Z,player_points_rebounds_assists,33.5,bovada,2025-10-27T14:54:45Z,2025-10-27T14:55:21Z,120.0,-160.0
Jalen Johnson,Atlanta Hawks @ Chicago Bulls,2025-10-28T00:00:00Z,player_points_rebounds_assists,34.5,bovada,2025-10-27T14:54:45Z,2025-10-27T14:55:21Z,145.0,-190.0
Jalen Johnson,Atlanta Hawks @ Chicago Bulls,2025-10-28T00:00:00Z,player_points_rebounds_assists,35.5,bovada,2025-10-27T14:54:45Z,2025-10-27T14:55:21Z,170.0,-230.0
Jalen Johnson,Atlanta Hawks @ Chicago Bulls,2025-10-28T00:00:00Z,player_points_rebounds_assists,36.5,bovada,2025-10-27T14:54:45Z,2025-10-27T14:55:21Z,200.0,-275.0
Josh Giddey,Atlanta Hawks @ Chicago Bulls,2025-10-28T00:00:00Z,player_points_rebounds_assists,31.5,bovada,2025-10-27T14:54:45Z,2025-10-27T14:55:21Z,-280.0,205.0
Josh Giddey,Atlanta Hawks @ Chicago Bulls,2025-10-28T00:00:00Z,player_points_rebounds_assists,32.5,bovada,2025-10-27T14:54:45Z,2025-10-27T14:55:21Z,-230.0,170.0
Josh Giddey,Atlanta Hawks @ Chicago Bulls,2025-10-28T00:00:00Z,player_points_rebounds_assists,33.5,bovada,2025-10-27T14:54:45Z,2025-10-27T14:55:21Z,-190.0,145.0
Josh Giddey,Atlanta Hawks @ Chicago Bulls,2025-10-28T00:00:00Z,player_points_rebounds_assists,34.5,bovada,2025-10-27T14:54:45Z,2025-10-27T14:55:21Z,-160.0,120.0
Josh Giddey,Atlanta Hawks @ Chicago Bulls,2025-10-28T00:00:00Z,player_points_rebounds_assists,35.5,bovada,2025-10-27T14:54:45Z,2025-10-27T14:55:21Z,-135.0,105.0
Josh Giddey,Atlanta Hawks @ Chicago Bulls,2025-10-28T00:00:00Z,player_points_rebounds_assists,36.5,bovada,2025-10-27T14:54:45Z,2025-10-27T14:55:21Z,-115.0,-115.0
Josh Giddey,Atlanta Hawks @ Chicago Bulls,2025-10-28T00:00:00Z,player_points_rebounds_assists,37.5,bovada,2025-10-27T14:54:45Z,2025-10-27T14:55:21Z,100.0,-130.0
Josh Giddey,Atlanta Hawks @ Chicago Bulls,2025-10-28T00:00:00Z,player_points_rebounds_assists,38.5,bovada,2025-10-27T14:54:45Z,2025-10-27T14:55:21Z,120.0,-160.0
Josh Giddey,Atlanta Hawks @ Chicago Bulls,2025-10-28T00:00:00Z,player_points_rebounds_assists,39.5,bovada,2025-10-27T14:54:45Z,2025-10-27T14:55:21Z,140.0,-185.0
Josh Giddey,Atlanta Hawks @ Chicago Bulls,2025-10-28T00:00:00Z,player_points_rebounds_assists,40.5,bovada,2025-10-27T14:54:45Z,2025-10-27T14:55:21Z,160.0,-215.0
Josh Giddey,Atlanta Hawks @ Chicago Bulls,2025-10-28T00:00:00Z,player_points_rebounds_assists,41.5,bovada,2025-10-27T14:54:45Z,2025-10-27T14:55:21Z,185.0,-250.0
Kristaps Porzingis,Atlanta Hawks @ Chicago Bulls,2025-10-28T00:00:00Z,player_points_rebounds_assists,20.5,bovada,2025-10-27T14:54:45Z,2025-10-27T14:55:21Z,-290.0,210.0
Kristaps Porzingis,Atlanta Hawks @ Chicago Bulls,2025-10-28T00:00:00Z,player_points_rebounds_assists,21.5,bovada,2025-10-27T14:54:45Z,2025-10-27T14:55:21Z,-230.0,170.0
Kristaps Porzingis,Atlanta Hawks @ Chicago Bulls,2025-10-28T00:00:00Z,player_points_rebounds_assists,22.5,bovada,2025-10-27T14:54:45Z,2025-10-27T14:55:21Z,-185.0,140.0
Kristaps Porzingis,Atlanta Hawks @ Chicago Bulls,2025-10-28T00:00:00Z,player_points_rebounds_assists,23.5,bovada,2025-10-27T14:54:45Z,2025-10-27T14:55:21Z,-150.0,115.0
Kristaps Porzingis,Atlanta Hawks @ Chicago Bulls,2025-10-28T00:00:00Z,player_points_rebounds_assists,24.5,bovada,2025-10-27T14:54:45Z,2025-10-27T14:55:21Z,-120.0,-110.0
Kristaps Porzingis,Atlanta Hawks @ Chicago Bulls,2025-10-28T00:00:00Z,player_points_rebounds_assists,25.5,bovada,2025-10-27T14:54:45Z,2025-10-27T14:55:21Z,100.0,-130.0
Kristaps Porzingis,Atlanta Hawks @ Chicago Bulls,2025-10-28T00:00:00Z,player_points_rebounds_assists,26.5,bovada,2025-10-27T14:54:45Z,2025-10-27T14:55:21Z,120.0,-160.0
Kristaps Porzingis,Atlanta Hawks @ Chicago Bulls,2025-10-28T00:00:00Z,player_points_rebounds_assists,27.5,bovada,2025-10-27T14:54:45Z,2025-10-27T14:55:21Z,145.0,-190.0
Kristaps Porzingis,Atlanta Hawks @ Chicago Bulls,2025-10-28T00:00:00Z,player_points_rebounds_assists,28.5,bovada,2025-10-27T14:54:45Z,2025-10-27T14:55:21Z,170.0,-230.0
Kristaps Porzingis,Atlanta Hawks @ Chicago Bulls,2025-10-28T00:00:00Z,player_points_rebounds_assists,29.5,bovada,2025-10-27T14:54:45Z,2025-10-27T14:55:21Z,205.0,-280.0
Matas Buzelis,Atlanta Hawks @ Chicago Bulls,2025-10-28T00:00:00Z,player_points_rebounds_assists,20.5,bovada,2025-10-27T14:54:45Z,2025-10-27T14:55:21Z,-280.0,205.0
Matas Buzelis,Atlanta Hawks @ Chicago Bulls,2025-10-28T00:00:00Z,player_points_rebounds_assists,21.5,bovada,2025-10-27T14:54:45Z,2025-10-27T14:55:21Z,-220.0,165.0
Matas Buzelis,Atlanta Hawks @ Chicago Bulls,2025-10-28T00:00:00Z,player_points_rebounds_assists,22.5,bovada,2025-10-27T14:54:45Z,2025-10-27T14:55:21Z,-180.0,135.0
Matas Buzelis,Atlanta Hawks @ Chicago Bulls,2025-10-28T00:00:00Z,player_points_rebounds_assists,23.5,bovada,2025-10-27T14:54:45Z,2025-10-27T14:55:21Z,-145.0,110.0
Matas Buzelis,Atlanta Hawks @ Chicago Bulls,2025-10-28T00:00:00Z,player_points_rebounds_assists,25.5,bovada,2025-10-27T14:54:45Z,2025-10-27T14:55:21Z,100.0,-130.0
Matas Buzelis,Atlanta Hawks @ Chicago Bulls,2025-10-28T00:00:00Z,player_points_rebounds_assists,26.5,bovada,2025-10-27T14:54:45Z,2025-10-27T14:55:21Z,120.0,-160.0
Matas Buzelis,Atlanta Hawks @ Chicago Bulls,2025-10-28T00:00:00Z,player_points_rebounds_assists,27.5,bovada,2025-10-27T14:54:45Z,2025-10-27T14:55:21Z,150.0,-200.0
Matas Buzelis,Atlanta Hawks @ Chicago Bulls,2025-10-28T00:00:00Z,player_points_rebounds_assists,28.5,bovada,2025-10-27T14:54:45Z,2025-10-27T14:55:21Z,175.0,-240.0
Matas Buzelis,Atlanta Hawks @ Chicago Bulls,2025-10-28T00:00:00Z,player_points_rebounds_assists,29.5,bovada,2025-10-27T14:54:45Z,2025-10-27T14:55:21Z,210.0,-290.0
Nikola Vucevic,Atlanta Hawks @ Chicago Bulls,2025-10-28T00:00:00Z,player_points_rebounds_assists,30.5,bovada,2025-10-27T14:54:45Z,2025-10-27T14:55:21Z,-260.0,190.0
Nikola Vucevic,Atlanta Hawks @ Chicago Bulls,2025-10-28T00:00:00Z,player_points_rebounds_assists,31.5,bovada,2025-10-27T14:54:45Z,2025-10-27T14:55:21Z,-220.0,165.0
Nikola Vucevic,Atlanta Hawks @ Chicago Bulls,2025-10-28T00:00:00Z,player_points_rebounds_assists,32.5,bovada,2025-10-27T14:54:45Z,2025-10-27T14:55:21Z,-185.0,140.0
Nikola Vucevic,Atlanta Hawks @ Chicago Bulls,2025-10-28T00:00:00Z,player_points_rebounds_assists,33.5,bovada,2025-10-27T14:54:45Z,2025-10-27T14:55:21Z,-150.0,115.0
Nikola Vucevic,Atlanta Hawks @ Chicago Bulls,2025-10-28T00:00:00Z,player_points_rebounds_assists,34.5,bovada,2025-10-27T14:54:45Z,2025-10-27T14:55:21Z,-130.0,100.0
Nikola Vucevic,Atlanta Hawks @ Chicago Bulls,2025-10-28T00:00:00Z,player_points_rebounds_assists,35.5,bovada,2025-10-27T14:54:45Z,2025-10-27T14:55:21Z,-110.0,-120.0
Nikola Vucevic,Atlanta Hawks @ Chicago Bulls,2025-10-28T00:00:00Z,player_points_rebounds_assists,36.5,bovada,2025-10-27T14:54:45Z,2025-10-27T14:55:21Z,105.0,-135.0
Nikola Vucevic,Atlanta Hawks @ Chicago Bulls,2025-10-28T00:00:00Z,player_points_rebounds_assists,37.5,bovada,2025-10-27T14:54:45Z,2025-10-27T14:55:21Z,125.0,-165.0
Nikola Vucevic,Atlanta Hawks @ Chicago Bulls,2025-10-28T00:00:00Z,player_points_rebounds_assists,38.5,bovada,2025-10-27T14:54:45Z,2025-10-27T14:55:21Z,145.0,-190.0
Nikola Vucevic,Atlanta Hawks @ Chicago Bulls,2025-10-28T00:00:00Z,player_points_rebounds_assists,39.5,bovada,2025-10-27T14:54:45Z,2025-10-27T14:55:21Z,170.0,-230.0
Nikola Vucevic,Atlanta Hawks @ Chicago Bulls,2025-10-28T00:00:00Z,player_points_rebounds_assists,40.5,bovada,2025-10-27T14:54:45Z,2025-10-27T14:55:21Z,200.0,-275.0
Trae Young,Atlanta Hawks @ Chicago Bulls,2025-10-28T00:00:00Z,player_points_rebounds_assists,31.5,bovada,2025-10-27T14:54:45Z,2025-10-27T14:55:21Z,-275.0,200.0
Trae Young,Atlanta Hawks @ Chicago Bulls,2025-10-28T00:00:00Z,player_points_rebounds_assists,32.5,bovada,2025-10-27T14:54:45Z,2025-10-27T14:55:21Z,-230.0,170.0
Trae Young,Atlanta Hawks @ Chicago Bulls,2025-10-28T00:00:00Z,player_points_rebounds_assists,33.5,bovada,2025-10-27T14:54:45Z,2025-10-27T14:55:21Z,-190.0,145.0
Trae Young,Atlanta Hawks @ Chicago Bulls,2025-10-28T00:00:00Z,player_points_rebounds_assists,34.5,bovada,2025-10-27T14:54:45Z,2025-10-27T14:55:21Z,-160.0,120.0
Trae Young,Atlanta Hawks @ Chicago Bulls,2025-10-28T00:00:00Z,player_points_rebounds_assists,35.5,bovada,2025-10-27T14:54:45Z,2025-10-27T14:55:21Z,-135.0,105.0
Trae Young,Atlanta Hawks @ Chicago Bulls,2025-10-28T00:00:00Z,player_points_rebounds_assists,36.5,bovada,2025-10-27T14:54:45Z,2025-10-27T14:55:21Z,-115.0,-115.0
Trae Young,Atlanta Hawks @ Chicago Bulls,2025-10-28T00:00:00Z,player_points_rebounds_assists,37.5,bovada,2025-10-27T14:54:45Z,2025-10-27T14:55:21Z,105.0,-135.0
Trae Young,Atlanta Hawks @ Chicago Bulls,2025-10-28T00:00:00Z,player_points_rebounds_assists,38.5,bovada,2025-10-27T14:54:45Z,2025-10-27T14:55:21Z,120.0,-160.0
Trae Young,Atlanta Hawks @ Chicago Bulls,2025-10-28T00:00:00Z,player_points_rebounds_assists,39.5,bovada,2025-10-27T14:54:45Z,2025-10-27T14:55:21Z,140.0,-185.0
Trae Young,Atlanta Hawks @ Chicago Bulls,2025-10-28T00:00:00Z,player_points_rebounds_assists,40.5,bovada,2025-10-27T14:54:45Z,2025-10-27T14:55:21Z,160.0,-215.0
Trae Young,Atlanta Hawks @ Chicago Bulls,2025-10-28T00:00:00Z,player_points_rebounds_assists,41.5,bovada,2025-10-27T14:54:45Z,2025-10-27T14:55:21Z,190.0,-260.0
Tre Jones,Atlanta Hawks @ Chicago Bulls,2025-10-28T00:00:00Z,player_points_rebounds_assists,19.5,bovada,2025-10-27T14:54:45Z,2025-10-27T14:55:21Z,-275.0,200.0
Tre Jones,Atlanta Hawks @ Chicago Bulls,2025-10-28T00:00:00Z,player_points_rebounds_assists,20.5,bovada,2025-10-27T14:54:45Z,2025-10-27T14:55:21Z,-215.0,160.0
Tre Jones,Atlanta Hawks @ Chicago Bulls,2025-10-28T00:00:00Z,player_points_rebounds_assists,21.5,bovada,2025-10-27T14:54:45Z,2025-10-27T14:55:21Z,-170.0,130.0
Tre Jones,Atlanta Hawks @ Chicago Bulls,2025-10-28T00:00:00Z,player_points_rebounds_assists,22.5,bovada,2025-10-27T14:54:45Z,2025-10-27T14:55:21Z,-135.0,105.0
Tre Jones,Atlanta Hawks @ Chicago Bulls,2025-10-28T00:00:00Z,player_points_rebounds_assists,23.5,bovada,2025-10-27T14:54:45Z,2025-10-27T14:55:21Z,-110.0,-120.0
Tre Jones,Atlanta Hawks @ Chicago Bulls,2025-10-28T00:00:00Z,player_points_rebounds_assists,24.5,bovada,2025-10-27T14:54:45Z,2025-10-27T14:55:21Z,110.0,-145.0
Tre Jones,Atlanta Hawks @ Chicago Bulls,2025-10-28T00:00:00Z,player_points_rebounds_assists,25.5,bovada,2025-10-27T14:54:45Z,2025-10-27T14:55:21Z,130.0,-170.0
Tre Jones,Atlanta Hawks @ Chicago Bulls,2025-10-28T00:00:00Z,player_points_rebounds_assists,26.5,bovada,2025-10-27T14:54:45Z,2025-10-27T14:55:21Z,160.0,-215.0
Tre Jones,Atlanta Hawks @ Chicago Bulls,2025-10-28T00:00:00Z,player_points_rebounds_assists,27.5,bovada,2025-10-27T14:54:45Z,2025-10-27T14:55:21Z,190.0,-260.0
Josh Giddey,Atlanta Hawks @ Chicago Bulls,2025-10-28T00:00:00Z,player_rebounds,6.5,bovada,2025-10-27T14:54:45Z,2025-10-27T14:55:21Z,-290.0,210.0
Josh Giddey,Atlanta Hawks @ Chicago Bulls,2025-10-28T00:00:00Z,player_rebounds,7.5,bovada,2025-10-27T14:54:45Z,2025-10-27T14:55:21Z,-165.0,125.0
Josh Giddey,Atlanta Hawks @ Chicago Bulls,2025-10-28T00:00:00Z,player_rebounds,9.5,bovada,2025-10-27T14:54:45Z,2025-10-27T14:55:21Z,165.0,-220.0
Nikola Vucevic,Atlanta Hawks @ Chicago Bulls,2025-10-28T00:00:00Z,player_rebounds,9.5,bovada,2025-10-27T14:54:45Z,2025-10-27T14:55:21Z,-220.0,165.0
Nikola Vucevic,Atlanta Hawks @ Chicago Bulls,2025-10-28T00:00:00Z,player_rebounds,11.5,bovada,2025-10-27T14:54:45Z,2025-10-27T14:55:21Z,115.0,-150.0
Nikola Vucevic,Atlanta Hawks @ Chicago Bulls,2025-10-28T00:00:00Z,player_rebounds,12.5,bovada,2025-10-27T14:54:45Z,2025-10-27T14:55:21Z,170.0,-230.0
Tre Jones,Atlanta Hawks @ Chicago Bulls,2025-10-28T00:00:00Z,player_rebounds,2.5,bovada,2025-10-27T14:54:45Z,2025-10-27T14:55:21Z,-245.0,180.0
Tre Jones,Atlanta Hawks @ Chicago Bulls,2025-10-28T00:00:00Z,player_rebounds,3.5,bovada,2025-10-27T14:54:45Z,2025-10-27T14:55:21Z,-105.0,-125.0
Tre Jones,Atlanta Hawks @ Chicago Bulls,2025-10-28T00:00:00Z,player_rebounds,4.5,bovada,2025-10-27T14:54:45Z,2025-10-27T14:55:21Z,200.0,-275.0
Zaccharie Risacher,Atlanta Hawks @ Chicago Bulls,2025-10-28T00:00:00Z,player_rebounds,2.5,bovada,2025-10-27T14:54:45Z,2025-10-27T14:55:21Z,-165.0,125.0
Zaccharie Risacher,Atlanta Hawks @ Chicago Bulls,2025-10-28T00:00:00Z,player_rebounds,3.5,bovada,2025-10-27T14:54:45Z,2025-10-27T14:55:21Z,140.0,-185.0
Jalen Johnson,Atlanta Hawks @ Chicago Bulls,2025-10-28T00:00:00Z,player_threes,0.5,bovada,2025-10-27T14:54:45Z,2025-10-27T14:55:21Z,-160.0,120.0
Kristaps Porzingis,Atlanta Hawks @ Chicago Bulls,2025-10-28T00:00:00Z,player_threes,2.5,bovada,2025-10-27T14:54:45Z,2025-10-27T14:55:21Z,190.0,-260.0
Matas Buzelis,Atlanta Hawks @ Chicago Bulls,2025-10-28T00:00:00Z,player_threes,1.5,bovada,2025-10-27T14:54:45Z,2025-10-27T14:55:21Z,-130.0,100.0
Zaccharie Risacher,Atlanta Hawks @ Chicago Bulls,2025-10-28T00:00:00Z,player_threes,1.5,bovada,2025-10-27T14:54:45Z,2025-10-27T14:55:21Z,-135.0,105.0
Josh Giddey,Atlanta Hawks @ Chicago Bulls,2025-10-28T00:00:00Z,player_triple_double,,bovada,2025-10-27T14:54:45Z,2025-10-27T14:55:21Z,,
Jalen Johnson,Atlanta Hawks @ Chicago Bulls,2025-10-28T00:00:00Z,player_triple_double,,bovada,2025-10-27T14:54:45Z,2025-10-27T14:55:21Z,,
Derrick White,Boston Celtics @ New Orleans Pelicans,2025-10-28T00:00:00Z,player_assists,5.5,draftkings,2025-10-27T14:54:53Z,2025-10-27T14:56:03Z,-104.0,-124.0
Zion Williamson,Boston Celtics @ New Orleans Pelicans,2025-10-28T00:00:00Z,player_assists,4.5,draftkings,2025-10-27T14:54:53Z,2025-10-27T14:56:03Z,-151.0,116.0
Jaylen Brown,Boston Celtics @ New Orleans Pelicans,2025-10-28T00:00:00Z,player_assists,4.5,draftkings,2025-10-27T14:54:53Z,2025-10-27T14:56:03Z,110.0,-143.0
Payton Pritchard,Boston Celtics @ New Orleans Pelicans,2025-10-28T00:00:00Z,player_assists,4.5,draftkings,2025-10-27T14:54:53Z,2025-10-27T14:56:03Z,111.0,-144.0
Jordan Poole,Boston Celtics @ New Orleans Pelicans,2025-10-28T00:00:00Z,player_assists,4.5,draftkings,2025-10-27T14:54:53Z,2025-10-27T14:56:03Z,118.0,-153.0
Anfernee Simons,Boston Celtics @ New Orleans Pelicans,2025-10-28T00:00:00Z,player_assists,3.5,draftkings,2025-10-27T14:54:53Z,2025-10-27T14:56:03Z,-147.0,114.0
Trey Murphy III,Boston Celtics @ New Orleans Pelicans,2025-10-28T00:00:00Z,player_assists,3.5,draftkings,2025-10-27T14:54:53Z,2025-10-27T14:56:03Z,104.0,-134.0
Herb Jones,Boston Celtics @ New Orleans Pelicans,2025-10-28T00:00:00Z,player_assists,2.5,draftkings,2025-10-27T14:54:53Z,2025-10-27T14:56:03Z,-118.0,-110.0
Derrick White,Boston Celtics @ New Orleans Pelicans,2025-10-28T00:00:00Z,player_blocks,0.5,draftkings,2025-10-27T14:54:53Z,2025-10-27T14:56:03Z,-214.0,159.0
Zion Williamson,Boston Celtics @ New Orleans Pelicans,2025-10-28T00:00:00Z,player_blocks,0.5,draftkings,2025-10-27T14:54:53Z,2025-10-27T14:56:03Z,124.0,-166.0
Trey Murphy III,Boston Celtics @ New Orleans Pelicans,2025-10-28T00:00:00Z,player_blocks,0.5,draftkings,2025-10-27T14:54:53Z,2025-10-27T14:56:03Z,137.0,-183.0
Herb Jones,Boston Celtics @ New Orleans Pelicans,2025-10-28T00:00:00Z,player_blocks,0.5,draftkings,2025-10-27T14:54:53Z,2025-10-27T14:56:03Z,158.0,-212.0
Jaylen Brown,Boston Celtics @ New Orleans Pelicans,2025-10-28T00:00:00Z,player_blocks,0.5,draftkings,2025-10-27T14:54:53Z,2025-10-27T14:56:03Z,185.0,-252.0
Zion Williamson,Boston Celtics @ New Orleans Pelicans,2025-10-28T00:00:00Z,player_double_double,,draftkings,2025-10-27T14:54:53Z,2025-10-27T14:56:03Z,,
Jaylen Brown,Boston Celtics @ New Orleans Pelicans,2025-10-28T00:00:00Z,player_double_double,,draftkings,2025-10-27T14:54:53Z,2025-10-27T14:56:03Z,,
Derrick White,Boston Celtics @ New Orleans Pelicans,2025-10-28T00:00:00Z,player_double_double,,draftkings,2025-10-27T14:54:53Z,2025-10-27T14:56:03Z,,
Trey Murphy III,Boston Celtics @ New Orleans Pelicans,2025-10-28T00:00:00Z,player_double_double,,draftkings,2025-10-27T14:54:53Z,2025-10-27T14:56:03Z,,
Payton Pritchard,Boston Celtics @ New Orleans Pelicans,2025-10-28T00:00:00Z,player_double_double,,draftkings,2025-10-27T14:54:53Z,2025-10-27T14:56:03Z,,
Zion Williamson,Boston Celtics @ New Orleans Pelicans,2025-10-28T00:00:00Z,player_points,26.5,draftkings,2025-10-27T14:54:53Z,2025-10-27T14:54:54Z,-105.0,-122.0
Jaylen Brown,Boston Celtics @ New Orleans Pelicans,2025-10-28T00:00:00Z,player_points,24.5,draftkings,2025-10-27T14:54:53Z,2025-10-27T14:54:54Z,-108.0,-118.0
Derrick White,Boston Celtics @ New Orleans Pelicans,2025-10-28T00:00:00Z,player_points,19.5,draftkings,2025-10-27T14:54:53Z,2025-10-27T14:54:54Z,-119.0,-107.0
Trey Murphy III,Boston Celtics @ New Orleans Pelicans,2025-10-28T00:00:00Z,player_points,19.5,draftkings,2025-10-27T14:54:53Z,2025-10-27T14:54:54Z,-106.0,-120.0
Payton Pritchard,Boston Celtics @ New Orleans Pelicans,2025-10-28T00:00:00Z,player_points,17.5,draftkings,2025-10-27T14:54:53Z,2025-10-27T14:54:54Z,-101.0,-126.0
Jordan Poole,Boston Celtics @ New Orleans Pelicans,2025-10-28T00:00:00Z,player_points,16.5,draftkings,2025-10-27T14:54:53Z,2025-10-27T14:54:54Z,-125.0,-102.0
Anfernee Simons,Boston Celtics @ New Orleans Pelicans,2025-10-28T00:00:00Z,player_points,13.5,draftkings,2025-10-27T14:54:53Z,2025-10-27T14:54:54Z,-106.0,-120.0
Herb Jones,Boston Celtics @ New Orleans Pelicans,2025-10-28T00:00:00Z,player_points,10.5,draftkings,2025-10-27T14:54:53Z,2025-10-27T14:54:54Z,-108.0,-118.0
Neemias Queta,Boston Celtics @ New Orleans Pelicans,2025-10-28T00:00:00Z,player_points,7.5,draftkings,2025-10-27T14:54:53Z,2025-10-27T14:54:54Z,-134.0,105.0
Zion Williamson,Boston Celtics @ New Orleans Pelicans,2025-10-28T00:00:00Z,player_points_rebounds_assists,39.5,draftkings,2025-10-27T14:54:53Z,2025-10-27T14:56:03Z,-115.0,-113.0
Jaylen Brown,Boston Celtics @ New Orleans Pelicans,2025-10-28T00:00:00Z,player_points_rebounds_assists,34.5,draftkings,2025-10-27T14:54:53Z,2025-10-27T14:56:03Z,-116.0,-111.0
Derrick White,Boston Celtics @ New Orleans Pelicans,2025-10-28T00:00:00Z,player_points_rebounds_assists,30.5,draftkings,2025-10-27T14:54:53Z,2025-10-27T14:56:03Z,-105.0,-123.0
Trey Murphy III,Boston Celtics @ New Orleans Pelicans,2025-10-28T00:00:00Z,player_points_rebounds_assists,28.5,draftkings,2025-10-27T14:54:53Z,2025-10-27T14:56:03Z,-115.0,-113.0
Payton Pritchard,Boston Celtics @ New Orleans Pelicans,2025-10-28T00:00:00Z,player_points_rebounds_assists,25.5,draftkings,2025-10-27T14:54:53Z,2025-10-27T14:56:03Z,-118.0,-110.0
Jordan Poole,Boston Celtics @ New Orleans Pelicans,2025-10-28T00:00:00Z,player_points_rebounds_assists,24.5,draftkings,2025-10-27T14:54:53Z,2025-10-27T14:56:03Z,-111.0,-116.0
Anfernee Simons,Boston Celtics @ New Orleans Pelicans,2025-10-28T00:00:00Z,player_points_rebounds_assists,19.5,draftkings,2025-10-27T14:54:53Z,2025-10-27T14:56:03Z,-113.0,-114.0
Herb Jones,Boston Celtics @ New Orleans Pelicans,2025-10-28T00:00:00Z,player_points_rebounds_assists,17.5,draftkings,2025-10-27T14:54:53Z,2025-10-27T14:56:03Z,-114.0,-113.0
Zion Williamson,Boston Celtics @ New Orleans Pelicans,2025-10-28T00:00:00Z,player_rebounds,7.5,draftkings,2025-10-27T14:54:53Z,2025-10-27T14:56:03Z,-139.0,107.0
Neemias Queta,Boston Celtics @ New Orleans Pelicans,2025-10-28T00:00:00Z,player_rebounds,6.5,draftkings,2025-10-27T14:54:53Z,2025-10-27T14:56:03Z,-122.0,-107.0
Jaylen Brown,Boston Celtics @ New Orleans Pelicans,2025-10-28T00:00:00Z,player_rebounds,5.5,draftkings,2025-10-27T14:54:53Z,2025-10-27T14:56:03Z,-125.0,-103.0
Trey Murphy III,Boston Celtics @ New Orleans Pelicans,2025-10-28T00:00:00Z,player_rebounds,5.5,draftkings,2025-10-27T14:54:53Z,2025-10-27T14:56:03Z,-119.0,-109.0
Derrick White,Boston Celtics @ New Orleans Pelicans,2025-10-28T00:00:00Z,player_rebounds,4.5,draftkings,2025-10-27T14:54:53Z,2025-10-27T14:56:03Z,103.0,-133.0
Herb Jones,Boston Celtics @ New Orleans Pelicans,2025-10-28T00:00:00Z,player_rebounds,4.5,draftkings,2025-10-27T14:54:53Z,2025-10-27T14:56:03Z,113.0,-147.0
Payton Pritchard,Boston Celtics @ New Orleans Pelicans,2025-10-28T00:00:00Z,player_rebounds,4.5,draftkings,2025-10-27T14:54:53Z,2025-10-27T14:56:03Z,118.0,-153.0
Jordan Poole,Boston Celtics @ New Orleans Pelicans,2025-10-28T00:00:00Z,player_rebounds,2.5,draftkings,2025-10-27T14:54:53Z,2025-10-27T14:56:03Z,-168.0,129.0
Herb Jones,Boston Celtics @ New Orleans Pelicans,2025-10-28T00:00:00Z,player_steals,1.5,draftkings,2025-10-27T14:54:53Z,2025-10-27T14:56:03Z,-102.0,-130.0
Zion Williamson,Boston Celtics @ New Orleans Pelicans,2025-10-28T00:00:00Z,player_steals,1.5,draftkings,2025-10-27T14:54:53Z,2025-10-27T14:56:03Z,125.0,-167.0
Derrick White,Boston Celtics @ New Orleans Pelicans,2025-10-28T00:00:00Z,player_steals,0.5,draftkings,2025-10-27T14:54:53Z,2025-10-27T14:56:03Z,-207.0,154.0
Trey Murphy III,Boston Celtics @ New Orleans Pelicans,2025-10-28T00:00:00Z,player_steals,0.5,draftkings,2025-10-27T14:54:53Z,2025-10-27T14:56:03Z,-206.0,154.0
Payton Pritchard,Boston Celtics @ New Orleans Pelicans,2025-10-28T00:00:00Z,player_steals,0.5,draftkings,2025-10-27T14:54:53Z,2025-10-27T14:56:03Z,-197.0,147.0
Jaylen Brown,Boston Celtics @ New Orleans Pelicans,2025-10-28T00:00:00Z,player_steals,0.5,draftkings,2025-10-27T14:54:53Z,2025-10-27T14:56:03Z,-171.0,128.0
Jordan Poole,Boston Celtics @ New Orleans Pelicans,2025-10-28T00:00:00Z,player_steals,0.5,draftkings,2025-10-27T14:54:53Z,2025-10-27T14:56:03Z,-154.0,116.0
Derrick White,Boston Celtics @ New Orleans Pelicans,2025-10-28T00:00:00Z,player_threes,3.5,draftkings,2025-10-27T14:54:53Z,2025-10-27T14:56:03Z,-136.0,105.0
Payton Pritchard,Boston Celtics @ New Orleans Pelicans,2025-10-28T00:00:00Z,player_threes,2.5,draftkings,2025-10-27T14:54:53Z,2025-10-27T14:56:03Z,-158.0,122.0
Trey Murphy III,Boston Celtics @ New Orleans Pelicans,2025-10-28T00:00:00Z,player_threes,2.5,draftkings,2025-10-27T14:54:53Z,2025-10-27T14:56:03Z,-131.0,101.0
Jordan Poole,Boston Celtics @ New Orleans Pelicans,2025-10-28T00:00:00Z,player_threes,2.5,draftkings,2025-10-27T14:54:53Z,2025-10-27T14:56:03Z,-118.0,-109.0
Anfernee Simons,Boston Celtics @ New Orleans Pelicans,2025-10-28T00:00:00Z,player_threes,2.5,draftkings,2025-10-27T14:54:53Z,2025-10-27T14:56:03Z,133.0,-173.0
Jaylen Brown,Boston Celtics @ New Orleans Pelicans,2025-10-28T00:00:00Z,player_threes,2.5,draftkings,2025-10-27T14:54:53Z,2025-10-27T14:56:03Z,133.0,-173.0
Herb Jones,Boston Celtics @ New Orleans Pelicans,2025-10-28T00:00:00Z,player_threes,1.5,draftkings,2025-10-27T14:54:53Z,2025-10-27T14:56:03Z,124.0,-161.0
Zion Williamson,Boston Celtics @ New Orleans Pelicans,2025-10-28T00:00:00Z,player_triple_double,,draftkings,2025-10-27T14:54:53Z,2025-10-27T14:56:03Z,,
Jaylen Brown,Boston Celtics @ New Orleans Pelicans,2025-10-28T00:00:00Z,player_triple_double,,draftkings,2025-10-27T14:54:53Z,2025-10-27T14:56:03Z,,
Herb Jones,Boston Celtics @ New Orleans Pelicans,2025-10-28T00:00:00Z,player_assists,2.5,fanatics,2025-10-27T14:55:17Z,2025-10-27T14:55:21Z,-120.0,-110.0
Jordan Poole,Boston Celtics @ New Orleans Pelicans,2025-10-28T00:00:00Z,player_assists,4.5,fanatics,2025-10-27T14:55:17Z,2025-10-27T14:55:21Z,120.0,-165.0
Trey Murphy III,Boston Celtics @ New Orleans Pelicans,2025-10-28T00:00:00Z,player_assists,3.5,fanatics,2025-10-27T14:55:17Z,2025-10-27T14:55:21Z,105.0,-140.0
Derrick White,Boston Celtics @ New Orleans Pelicans,2025-10-28T00:00:00Z,player_assists,5.5,fanatics,2025-10-27T14:55:17Z,2025-10-27T14:55:21Z,100.0,-130.0
Jaylen Brown,Boston Celtics @ New Orleans Pelicans,2025-10-28T00:00:00Z,player_assists,4.5,fanatics,2025-10-27T14:55:17Z,2025-10-27T14:55:21Z,-105.0,-125.0
Zion Williamson,Boston Celtics @ New Orleans Pelicans,2025-10-28T00:00:00Z,player_assists,4.5,fanatics,2025-10-27T14:55:17Z,2025-10-27T14:55:21Z,-165.0,120.0
Payton Pritchard,Boston Celtics @ New Orleans Pelicans,2025-10-28T00:00:00Z,player_assists,4.5,fanatics,2025-10-27T14:55:17Z,2025-10-27T14:55:21Z,115.0,-150.0
Neemias Queta,Boston Celtics @ New Orleans Pelicans,2025-10-28T00:00:00Z,player_assists,1.5,fanatics,2025-10-27T14:55:17Z,2025-10-27T14:55:21Z,125.0,-175.0
Anfernee Simons,Boston Celtics @ New Orleans Pelicans,2025-10-28T00:00:00Z,player_assists,3.5,fanatics,2025-10-27T14:55:17Z,2025-10-27T14:55:21Z,-145.0,110.0
Sam Hauser,Boston Celtics @ New Orleans Pelicans,2025-10-28T00:00:00Z,player_assists,0.5,fanatics,2025-10-27T14:55:17Z,2025-10-27T14:55:21Z,-210.0,135.0
Zion Williamson,Boston Celtics @ New Orleans Pelicans,2025-10-28T00:00:00Z,player_double_double,,fanatics,2025-10-27T14:55:17Z,2025-10-27T14:55:21Z,,
Trey Murphy III,Boston Celtics @ New Orleans Pelicans,2025-10-28T00:00:00Z,player_double_double,,fanatics,2025-10-27T14:55:17Z,2025-10-27T14:55:21Z,,
Jordan Poole,Boston Celtics @ New Orleans Pelicans,2025-10-28T00:00:00Z,player_double_double,,fanatics,2025-10-27T14:55:17Z,2025-10-27T14:55:21Z,,
Herb Jones,Boston Celtics @ New Orleans Pelicans,2025-10-28T00:00:00Z,player_double_double,,fanatics,2025-10-27T14:55:17Z,2025-10-27T14:55:21Z,,
Jaylen Brown,Boston Celtics @ New Orleans Pelicans,2025-10-28T00:00:00Z,player_double_double,,fanatics,2025-10-27T14:55:17Z,2025-10-27T14:55:21Z,,
Derrick White,Boston Celtics @ New Orleans Pelicans,2025-10-28T00:00:00Z,player_double_double,,fanatics,2025-10-27T14:55:17Z,2025-10-27T14:55:21Z,,
Payton Pritchard,Boston Celtics @ New Orleans Pelicans,2025-10-28T00:00:00Z,player_double_double,,fanatics,2025-10-27T14:55:17Z,2025-10-27T14:55:21Z,,
Neemias Queta,Boston Celtics @ New Orleans Pelicans,2025-10-28T00:00:00Z,player_double_double,,fanatics,2025-10-27T14:55:17Z,2025-10-27T14:55:21Z,,
Zion Williamson,Boston Celtics @ New Orleans Pelicans,2025-10-28T00:00:00Z,player_points,26.5,fanatics,2025-10-27T14:55:17Z,2025-10-27T14:55:21Z,-105.0,-125.0
Derrick White,Boston Celtics @ New Orleans Pelicans,2025-10-28T00:00:00Z,player_points,19.5,fanatics,2025-10-27T14:55:17Z,2025-10-27T14:55:21Z,-120.0,-110.0
Jordan Poole,Boston Celtics @ New Orleans Pelicans,2025-10-28T00:00:00Z,player_points,17.5,fanatics,2025-10-27T14:55:17Z,2025-10-27T14:55:21Z,-115.0,-115.0
Trey Murphy III,Boston Celtics @ New Orleans Pelicans,2025-10-28T00:00:00Z,player_points,18.5,fanatics,2025-10-27T14:55:17Z,2025-10-27T14:55:21Z,-125.0,-105.0
Payton Pritchard,Boston Celtics @ New Orleans Pelicans,2025-10-28T00:00:00Z,player_points,16.5,fanatics,2025-10-27T14:55:17Z,2025-10-27T14:55:21Z,-115.0,-115.0
Herb Jones,Boston Celtics @ New Orleans Pelicans,2025-10-28T00:00:00Z,player_points,10.5,fanatics,2025-10-27T14:55:17Z,2025-10-27T14:55:21Z,-115.0,-115.0
Jaylen Brown,Boston Celtics @ New Orleans Pelicans,2025-10-28T00:00:00Z,player_points,24.5,fanatics,2025-10-27T14:55:17Z,2025-10-27T14:55:21Z,-115.0,-115.0
Neemias Queta,Boston Celtics @ New Orleans Pelicans,2025-10-28T00:00:00Z,player_points,8.5,fanatics,2025-10-27T14:55:17Z,2025-10-27T14:55:21Z,105.0,-140.0
Anfernee Simons,Boston Celtics @ New Orleans Pelicans,2025-10-28T00:00:00Z,player_points,13.5,fanatics,2025-10-27T14:55:17Z,2025-10-27T14:55:21Z,-115.0,-115.0
Sam Hauser,Boston Celtics @ New Orleans Pelicans,2025-10-28T00:00:00Z,player_points,8.5,fanatics,2025-10-27T14:55:17Z,2025-10-27T14:55:21Z,-140.0,105.0
Derrick White,Boston Celtics @ New Orleans Pelicans,2025-10-28T00:00:00Z,player_points_rebounds_assists,29.5,fanatics,2025-10-27T14:55:17Z,2025-10-27T14:55:21Z,-120.0,-110.0
Sam Hauser,Boston Celtics @ New Orleans Pelicans,2025-10-28T00:00:00Z,player_points_rebounds_assists,13.5,fanatics,2025-10-27T14:55:17Z,2025-10-27T14:55:21Z,-110.0,-120.0
Zion Williamson,Boston Celtics @ New Orleans Pelicans,2025-10-28T00:00:00Z,player_points_rebounds_assists,39.5,fanatics,2025-10-27T14:55:17Z,2025-10-27T14:55:21Z,-115.0,-115.0
Payton Pritchard,Boston Celtics @ New Orleans Pelicans,2025-10-28T00:00:00Z,player_points_rebounds_assists,25.5,fanatics,2025-10-27T14:55:17Z,2025-10-27T14:55:21Z,-115.0,-115.0
Jaylen Brown,Boston Celtics @ New Orleans Pelicans,2025-10-28T00:00:00Z,player_points_rebounds_assists,34.5,fanatics,2025-10-27T14:55:17Z,2025-10-27T14:55:21Z,-125.0,-105.0
Trey Murphy III,Boston Celtics @ New Orleans Pelicans,2025-10-28T00:00:00Z,player_points_rebounds_assists,28.5,fanatics,2025-10-27T14:55:17Z,2025-10-27T14:55:21Z,-115.0,-115.0
Neemias Queta,Boston Celtics @ New Orleans Pelicans,2025-10-28T00:00:00Z,player_points_rebounds_assists,16.5,fanatics,2025-10-27T14:55:17Z,2025-10-27T14:55:21Z,-110.0,-120.0
Anfernee Simons,Boston Celtics @ New Orleans Pelicans,2025-10-28T00:00:00Z,player_points_rebounds_assists,19.5,fanatics,2025-10-27T14:55:17Z,2025-10-27T14:55:21Z,-120.0,-110.0
Jordan Poole,Boston Celtics @ New Orleans Pelicans,2025-10-28T00:00:00Z,player_points_rebounds_assists,24.5,fanatics,2025-10-27T14:55:17Z,2025-10-27T14:55:21Z,-125.0,-105.0
Herb Jones,Boston Celtics @ New Orleans Pelicans,2025-10-28T00:00:00Z,player_points_rebounds_assists,17.5,fanatics,2025-10-27T14:55:17Z,2025-10-27T14:55:21Z,-120.0,-110.0
Trey Murphy III,Boston Celtics @ New Orleans Pelicans,2025-10-28T00:00:00Z,player_rebounds,5.5,fanatics,2025-10-27T14:55:17Z,2025-10-27T14:55:21Z,-125.0,-105.0
Zion Williamson,Boston Celtics @ New Orleans Pelicans,2025-10-28T00:00:00Z,player_rebounds,7.5,fanatics,2025-10-27T14:55:17Z,2025-10-27T14:55:21Z,-140.0,105.0
Jaylen Brown,Boston Celtics @ New Orleans Pelicans,2025-10-28T00:00:00Z,player_rebounds,5.5,fanatics,2025-10-27T14:55:17Z,2025-10-27T14:55:21Z,-130.0,100.0
Jordan Poole,Boston Celtics @ New Orleans Pelicans,2025-10-28T00:00:00Z,player_rebounds,2.5,fanatics,2025-10-27T14:55:17Z,2025-10-27T14:55:21Z,-175.0,125.0
Derrick White,Boston Celtics @ New Orleans Pelicans,2025-10-28T00:00:00Z,player_rebounds,4.5,fanatics,2025-10-27T14:55:17Z,2025-10-27T14:55:21Z,100.0,-130.0
Payton Pritchard,Boston Celtics @ New Orleans Pelicans,2025-10-28T00:00:00Z,player_rebounds,4.5,fanatics,2025-10-27T14:55:17Z,2025-10-27T14:55:21Z,115.0,-150.0
Herb Jones,Boston Celtics @ New Orleans Pelicans,2025-10-28T00:00:00Z,player_rebounds,4.5,fanatics,2025-10-27T14:55:17Z,2025-10-27T14:55:21Z,105.0,-140.0
Neemias Queta,Boston Celtics @ New Orleans Pelicans,2025-10-28T00:00:00Z,player_rebounds,6.5,fanatics,2025-10-27T14:55:17Z,2025-10-27T14:55:21Z,-130.0,100.0
Anfernee Simons,Boston Celtics @ New Orleans Pelicans,2025-10-28T00:00:00Z,player_rebounds,2.5,fanatics,2025-10-27T14:55:17Z,2025-10-27T14:55:21Z,130.0,-190.0
Sam Hauser,Boston Celtics @ New Orleans Pelicans,2025-10-28T00:00:00Z,player_rebounds,3.5,fanatics,2025-10-27T14:55:17Z,2025-10-27T14:55:21Z,110.0,-145.0
Zion Williamson,Boston Celtics @ New Orleans Pelicans,2025-10-28T00:00:00Z,player_threes,0.5,fanatics,2025-10-27T14:55:17Z,2025-10-27T14:55:21Z,210.0,-350.0
Trey Murphy III,Boston Celtics @ New Orleans Pelicans,2025-10-28T00:00:00Z,player_threes,2.5,fanatics,2025-10-27T14:55:17Z,2025-10-27T14:55:21Z,-130.0,100.0
Payton Pritchard,Boston Celtics @ New Orleans Pelicans,2025-10-28T00:00:00Z,player_threes,2.5,fanatics,2025-10-27T14:55:17Z,2025-10-27T14:55:21Z,-150.0,115.0
Derrick White,Boston Celtics @ New Orleans Pelicans,2025-10-28T00:00:00Z,player_threes,3.5,fanatics,2025-10-27T14:55:17Z,2025-10-27T14:55:21Z,-130.0,100.0
Jaylen Brown,Boston Celtics @ New Orleans Pelicans,2025-10-28T00:00:00Z,player_threes,2.5,fanatics,2025-10-27T14:55:17Z,2025-10-27T14:55:21Z,125.0,-175.0
Jordan Poole,Boston Celtics @ New Orleans Pelicans,2025-10-28T00:00:00Z,player_threes,2.5,fanatics,2025-10-27T14:55:17Z,2025-10-27T14:55:21Z,-125.0,-105.0
Herb Jones,Boston Celtics @ New Orleans Pelicans,2025-10-28T00:00:00Z,player_threes,1.5,fanatics,2025-10-27T14:55:17Z,2025-10-27T14:55:21Z,125.0,-175.0
Anfernee Simons,Boston Celtics @ New Orleans Pelicans,2025-10-28T00:00:00Z,player_threes,2.5,fanatics,2025-10-27T14:55:17Z,2025-10-27T14:55:21Z,130.0,-190.0
Sam Hauser,Boston Celtics @ New Orleans Pelicans,2025-10-28T00:00:00Z,player_threes,2.5,fanatics,2025-10-27T14:55:17Z,2025-10-27T14:55:21Z,-115.0,-115.0
Zion Williamson,Boston Celtics @ New Orleans Pelicans,2025-10-28T00:00:00Z,player_triple_double,,fanatics,2025-10-27T14:55:17Z,2025-10-27T14:55:21Z,,
Jaylen Brown,Boston Celtics @ New Orleans Pelicans,2025-10-28T00:00:00Z,player_assists,4.5,williamhill_us,2025-10-27T14:54:59Z,2025-10-27T14:55:23Z,-107.0,-127.0
Trey Murphy III,Boston Celtics @ New Orleans Pelicans,2025-10-28T00:00:00Z,player_assists,3.5,williamhill_us,2025-10-27T14:54:59Z,2025-10-27T14:55:23Z,-104.0,-130.0
Zion Williamson,Boston Celtics @ New Orleans Pelicans,2025-10-28T00:00:00Z,player_assists,4.5,williamhill_us,2025-10-27T14:54:59Z,2025-10-27T14:55:23Z,-170.0,120.0
Anfernee Simons,Boston Celtics @ New Orleans Pelicans,2025-10-28T00:00:00Z,player_assists,3.5,williamhill_us,2025-10-27T14:54:59Z,2025-10-27T14:55:23Z,-150.0,110.0
Derrick White,Boston Celtics @ New Orleans Pelicans,2025-10-28T00:00:00Z,player_assists,5.5,williamhill_us,2025-10-27T14:54:59Z,2025-10-27T14:55:23Z,-105.0,-130.0
Payton Pritchard,Boston Celtics @ New Orleans Pelicans,2025-10-28T00:00:00Z,player_assists,4.5,williamhill_us,2025-10-27T14:54:59Z,2025-10-27T14:55:23Z,115.0,-157.0
Herb Jones,Boston Celtics @ New Orleans Pelicans,2025-10-28T00:00:00Z,player_assists,2.5,williamhill_us,2025-10-27T14:54:59Z,2025-10-27T14:55:23Z,-125.0,-108.0
Jordan Poole,Boston Celtics @ New Orleans Pelicans,2025-10-28T00:00:00Z,player_assists,4.5,williamhill_us,2025-10-27T14:54:59Z,2025-10-27T14:55:23Z,110.0,-150.0
Zion Williamson,Boston Celtics @ New Orleans Pelicans,2025-10-28T00:00:00Z,player_double_double,,williamhill_us,2025-10-27T14:54:59Z,2025-10-27T14:55:23Z,,
Jaylen Brown,Boston Celtics @ New Orleans Pelicans,2025-10-28T00:00:00Z,player_double_double,,williamhill_us,2025-10-27T14:54:59Z,2025-10-27T14:55:23Z,,
Trey Murphy III,Boston Celtics @ New Orleans Pelicans,2025-10-28T00:00:00Z,player_double_double,,williamhill_us,2025-10-27T14:54:59Z,2025-10-27T14:55:23Z,,
Derrick White,Boston Celtics @ New Orleans Pelicans,2025-10-28T00:00:00Z,player_double_double,,williamhill_us,2025-10-27T14:54:59Z,2025-10-27T14:55:23Z,,
Payton Pritchard,Boston Celtics @ New Orleans Pelicans,2025-10-28T00:00:00Z,player_double_double,,williamhill_us,2025-10-27T14:54:59Z,2025-10-27T14:55:23Z,,
Herb Jones,Boston Celtics @ New Orleans Pelicans,2025-10-28T00:00:00Z,player_double_double,,williamhill_us,2025-10-27T14:54:59Z,2025-10-27T14:55:23Z,,
Jordan Poole,Boston Celtics @ New Orleans Pelicans,2025-10-28T00:00:00Z,player_double_double,,williamhill_us,2025-10-27T14:54:59Z,2025-10-27T14:55:23Z,,
Payton Pritchard,Boston Celtics @ New Orleans Pelicans,2025-10-28T00:00:00Z,player_points,16.5,williamhill_us,2025-10-27T14:54:59Z,2025-10-27T14:55:23Z,-117.0,-117.0
Neemias Queta,Boston Celtics @ New Orleans Pelicans,2025-10-28T00:00:00Z,player_points,7.5,williamhill_us,2025-10-27T14:54:59Z,2025-10-27T14:55:23Z,-145.0,105.0
Derrick White,Boston Celtics @ New Orleans Pelicans,2025-10-28T00:00:00Z,player_points,19.5,williamhill_us,2025-10-27T14:54:59Z,2025-10-27T14:55:23Z,-118.0,-114.0
Sam Hauser,Boston Celtics @ New Orleans Pelicans,2025-10-28T00:00:00Z,player_points,8.5,williamhill_us,2025-10-27T14:54:59Z,2025-10-27T14:55:23Z,-139.0,100.0
Anfernee Simons,Boston Celtics @ New Orleans Pelicans,2025-10-28T00:00:00Z,player_points,13.5,williamhill_us,2025-10-27T14:54:59Z,2025-10-27T14:55:23Z,-115.0,-117.0
Jordan Poole,Boston Celtics @ New Orleans Pelicans,2025-10-28T00:00:00Z,player_points,17.5,williamhill_us,2025-10-27T14:54:59Z,2025-10-27T14:55:23Z,-118.0,-114.0
Jaylen Brown,Boston Celtics @ New Orleans Pelicans,2025-10-28T00:00:00Z,player_points,24.5,williamhill_us,2025-10-27T14:54:59Z,2025-10-27T14:55:23Z,-115.0,-117.0
Trey Murphy III,Boston Celtics @ New Orleans Pelicans,2025-10-28T00:00:00Z,player_points,18.5,williamhill_us,2025-10-27T14:54:59Z,2025-10-27T14:55:23Z,-129.0,-105.0
Zion Williamson,Boston Celtics @ New Orleans Pelicans,2025-10-28T00:00:00Z,player_points,26.5,williamhill_us,2025-10-27T14:54:59Z,2025-10-27T14:55:23Z,-108.0,-125.0
Herb Jones,Boston Celtics @ New Orleans Pelicans,2025-10-28T00:00:00Z,player_points,10.5,williamhill_us,2025-10-27T14:54:59Z,2025-10-27T14:55:23Z,-122.0,-110.0
Derrick White,Boston Celtics @ New Orleans Pelicans,2025-10-28T00:00:00Z,player_rebounds,4.5,williamhill_us,2025-10-27T14:54:59Z,2025-10-27T14:55:23Z,100.0,-136.0
Herb Jones,Boston Celtics @ New Orleans Pelicans,2025-10-28T00:00:00Z,player_rebounds,4.5,williamhill_us,2025-10-27T14:54:59Z,2025-10-27T14:55:23Z,100.0,-137.0
Jaylen Brown,Boston Celtics @ New Orleans Pelicans,2025-10-28T00:00:00Z,player_rebounds,5.5,williamhill_us,2025-10-27T14:54:59Z,2025-10-27T14:55:23Z,-137.0,100.0
Zion Williamson,Boston Celtics @ New Orleans Pelicans,2025-10-28T00:00:00Z,player_rebounds,7.5,williamhill_us,2025-10-27T14:54:59Z,2025-10-27T14:55:23Z,-139.0,100.0
Trey Murphy III,Boston Celtics @ New Orleans Pelicans,2025-10-28T00:00:00Z,player_rebounds,5.5,williamhill_us,2025-10-27T14:54:59Z,2025-10-27T14:55:23Z,-130.0,-104.0
Jordan Poole,Boston Celtics @ New Orleans Pelicans,2025-10-28T00:00:00Z,player_rebounds,2.5,williamhill_us,2025-10-27T14:54:59Z,2025-10-27T14:55:23Z,-173.0,125.0
Payton Pritchard,Boston Celtics @ New Orleans Pelicans,2025-10-28T00:00:00Z,player_rebounds,4.5,williamhill_us,2025-10-27T14:54:59Z,2025-10-27T14:55:23Z,115.0,-157.0
Neemias Queta,Boston Celtics @ New Orleans Pelicans,2025-10-28T00:00:00Z,player_rebounds,6.5,williamhill_us,2025-10-27T14:54:59Z,2025-10-27T14:55:23Z,-129.0,-105.0
Sam Hauser,Boston Celtics @ New Orleans Pelicans,2025-10-28T00:00:00Z,player_threes,2.5,williamhill_us,2025-10-27T14:54:59Z,2025-10-27T14:55:23Z,-113.0,-120.0
Herb Jones,Boston Celtics @ New Orleans Pelicans,2025-10-28T00:00:00Z,player_threes,1.5,williamhill_us,2025-10-27T14:54:59Z,2025-10-27T14:55:23Z,125.0,-173.0
Jaylen Brown,Boston Celtics @ New Orleans Pelicans,2025-10-28T00:00:00Z,player_threes,2.5,williamhill_us,2025-10-27T14:54:59Z,2025-10-27T14:55:23Z,130.0,-179.0
Jordan Poole,Boston Celtics @ New Orleans Pelicans,2025-10-28T00:00:00Z,player_threes,2.5,williamhill_us,2025-10-27T14:54:59Z,2025-10-27T14:55:23Z,-127.0,-106.0
Trey Murphy III,Boston Celtics @ New Orleans Pelicans,2025-10-28T00:00:00Z,player_threes,2.5,williamhill_us,2025-10-27T14:54:59Z,2025-10-27T14:55:23Z,-132.0,-103.0
Payton Pritchard,Boston Celtics @ New Orleans Pelicans,2025-10-28T00:00:00Z,player_threes,2.5,williamhill_us,2025-10-27T14:54:59Z,2025-10-27T14:55:23Z,-150.0,110.0
Derrick White,Boston Celtics @ New Orleans Pelicans,2025-10-28T00:00:00Z,player_threes,3.5,williamhill_us,2025-10-27T14:54:59Z,2025-10-27T14:55:23Z,-129.0,-106.0
Anfernee Simons,Boston Celtics @ New Orleans Pelicans,2025-10-28T00:00:00Z,player_threes,2.5,williamhill_us,2025-10-27T14:54:59Z,2025-10-27T14:55:23Z,130.0,-182.0
Jaylen Brown,Boston Celtics @ New Orleans Pelicans,2025-10-28T00:00:00Z,player_triple_double,,williamhill_us,2025-10-27T14:54:59Z,2025-10-27T14:55:23Z,,
Zion Williamson,Boston Celtics @ New Orleans Pelicans,2025-10-28T00:00:00Z,player_triple_double,,williamhill_us,2025-10-27T14:54:59Z,2025-10-27T14:55:23Z,,
Derrick White,Boston Celtics @ New Orleans Pelicans,2025-10-28T00:00:00Z,player_assists,5.5,fanduel,2025-10-27T14:55:19Z,2025-10-27T14:55:08Z,104.0,-138.0
Jaylen Brown,Boston Celtics @ New Orleans Pelicans,2025-10-28T00:00:00Z,player_assists,4.5,fanduel,2025-10-27T14:55:19Z,2025-10-27T14:55:08Z,-108.0,-122.0
Zion Williamson,Boston Celtics @ New Orleans Pelicans,2025-10-28T00:00:00Z,player_assists,5.5,fanduel,2025-10-27T14:55:19Z,2025-10-27T14:55:08Z,110.0,-146.0
Trey Murphy III,Boston Celtics @ New Orleans Pelicans,2025-10-28T00:00:00Z,player_assists,3.5,fanduel,2025-10-27T14:55:19Z,2025-10-27T14:55:08Z,-104.0,-128.0
Herb Jones,Boston Celtics @ New Orleans Pelicans,2025-10-28T00:00:00Z,player_assists,2.5,fanduel,2025-10-27T14:55:19Z,2025-10-27T14:55:08Z,-128.0,-104.0
Jordan Poole,Boston Celtics @ New Orleans Pelicans,2025-10-28T00:00:00Z,player_assists,3.5,fanduel,2025-10-27T14:55:19Z,2025-10-27T14:55:08Z,-152.0,114.0
Zion Williamson,Boston Celtics @ New Orleans Pelicans,2025-10-28T00:00:00Z,player_double_double,,fanduel,2025-10-27T14:55:19Z,2025-10-27T14:55:08Z,,
Jaylen Brown,Boston Celtics @ New Orleans Pelicans,2025-10-28T00:00:00Z,player_double_double,,fanduel,2025-10-27T14:55:19Z,2025-10-27T14:55:08Z,,
Trey Murphy III,Boston Celtics @ New Orleans Pelicans,2025-10-28T00:00:00Z,player_double_double,,fanduel,2025-10-27T14:55:19Z,2025-10-27T14:55:08Z,,
Derrick White,Boston Celtics @ New Orleans Pelicans,2025-10-28T00:00:00Z,player_double_double,,fanduel,2025-10-27T14:55:19Z,2025-10-27T14:55:08Z,,
Herb Jones,Boston Celtics @ New Orleans Pelicans,2025-10-28T00:00:00Z,player_double_double,,fanduel,2025-10-27T14:55:19Z,2025-10-27T14:55:08Z,,
Jordan Poole,Boston Celtics @ New Orleans Pelicans,2025-10-28T00:00:00Z,player_double_double,,fanduel,2025-10-27T14:55:19Z,2025-10-27T14:55:08Z,,
Jordan Poole,Boston Celtics @ New Orleans Pelicans,2025-10-28T00:00:00Z,player_points,17.5,fanduel,2025-10-27T14:55:19Z,2025-10-27T14:55:08Z,-112.0,-118.0
Derrick White,Boston Celtics @ New Orleans Pelicans,2025-10-28T00:00:00Z,player_points,19.5,fanduel,2025-10-27T14:55:19Z,2025-10-27T14:55:08Z,-114.0,-114.0
Zion Williamson,Boston Celtics @ New Orleans Pelicans,2025-10-28T00:00:00Z,player_points,26.5,fanduel,2025-10-27T14:55:19Z,2025-10-27T14:55:08Z,-108.0,-122.0
Jaylen Brown,Boston Celtics @ New Orleans Pelicans,2025-10-28T00:00:00Z,player_points,24.5,fanduel,2025-10-27T14:55:19Z,2025-10-27T14:55:08Z,-114.0,-114.0
Herb Jones,Boston Celtics @ New Orleans Pelicans,2025-10-28T00:00:00Z,player_points,10.5,fanduel,2025-10-27T14:55:19Z,2025-10-27T14:55:08Z,-122.0,-108.0
Trey Murphy III,Boston Celtics @ New Orleans Pelicans,2025-10-28T00:00:00Z,player_points,19.5,fanduel,2025-10-27T14:55:19Z,2025-10-27T14:55:08Z,-104.0,-128.0
Trey Murphy III,Boston Celtics @ New Orleans Pelicans,2025-10-28T00:00:00Z,player_points_rebounds_assists,28.5,fanduel,2025-10-27T14:55:19Z,2025-10-27T14:55:08Z,-122.0,-108.0
Herb Jones,Boston Celtics @ New Orleans Pelicans,2025-10-28T00:00:00Z,player_points_rebounds_assists,18.5,fanduel,2025-10-27T14:55:19Z,2025-10-27T14:55:08Z,-102.0,-128.0
Derrick White,Boston Celtics @ New Orleans Pelicans,2025-10-28T00:00:00Z,player_points_rebounds_assists,29.5,fanduel,2025-10-27T14:55:19Z,2025-10-27T14:55:08Z,-114.0,-114.0
Zion Williamson,Boston Celtics @ New Orleans Pelicans,2025-10-28T00:00:00Z,player_points_rebounds_assists,39.5,fanduel,2025-10-27T14:55:19Z,2025-10-27T14:55:08Z,-125.0,-106.0
Jordan Poole,Boston Celtics @ New Orleans Pelicans,2025-10-28T00:00:00Z,player_points_rebounds_assists,24.5,fanduel,2025-10-27T14:55:19Z,2025-10-27T14:55:08Z,-118.0,-112.0
Jaylen Brown,Boston Celtics @ New Orleans Pelicans,2025-10-28T00:00:00Z,player_points_rebounds_assists,35.5,fanduel,2025-10-27T14:55:19Z,2025-10-27T14:55:08Z,-112.0,-118.0
Jordan Poole,Boston Celtics @ New Orleans Pelicans,2025-10-28T00:00:00Z,player_rebounds,3.5,fanduel,2025-10-27T14:55:19Z,2025-10-27T14:55:08Z,142.0,-192.0
Trey Murphy III,Boston Celtics @ New Orleans Pelicans,2025-10-28T00:00:00Z,player_rebounds,5.5,fanduel,2025-10-27T14:55:19Z,2025-10-27T14:55:08Z,-132.0,100.0
Jaylen Brown,Boston Celtics @ New Orleans Pelicans,2025-10-28T00:00:00Z,player_rebounds,5.5,fanduel,2025-10-27T14:55:19Z,2025-10-27T14:55:08Z,-144.0,108.0
Derrick White,Boston Celtics @ New Orleans Pelicans,2025-10-28T00:00:00Z,player_rebounds,4.5,fanduel,2025-10-27T14:55:19Z,2025-10-27T14:55:08Z,-102.0,-130.0
Zion Williamson,Boston Celtics @ New Orleans Pelicans,2025-10-28T00:00:00Z,player_rebounds,7.5,fanduel,2025-10-27T14:55:19Z,2025-10-27T14:55:08Z,-136.0,102.0
Herb Jones,Boston Celtics @ New Orleans Pelicans,2025-10-28T00:00:00Z,player_rebounds,4.5,fanduel,2025-10-27T14:55:19Z,2025-10-27T14:55:08Z,102.0,-136.0
Herb Jones,Boston Celtics @ New Orleans Pelicans,2025-10-28T00:00:00Z,player_threes,1.5,fanduel,2025-10-27T14:55:19Z,2025-10-27T14:52:57Z,138.0,-186.0
Jordan Poole,Boston Celtics @ New Orleans Pelicans,2025-10-28T00:00:00Z,player_threes,2.5,fanduel,2025-10-27T14:55:19Z,2025-10-27T14:52:57Z,-114.0,-114.0
Derrick White,Boston Celtics @ New Orleans Pelicans,2025-10-28T00:00:00Z,player_threes,3.5,fanduel,2025-10-27T14:55:19Z,2025-10-27T14:52:57Z,-120.0,-110.0
Trey Murphy III,Boston Celtics @ New Orleans Pelicans,2025-10-28T00:00:00Z,player_threes,2.5,fanduel,2025-10-27T14:55:19Z,2025-10-27T14:52:57Z,-132.0,100.0
Jaylen Brown,Boston Celtics @ New Orleans Pelicans,2025-10-28T00:00:00Z,player_threes,1.5,fanduel,2025-10-27T14:55:19Z,2025-10-27T14:52:57Z,-200.0,148.0
Zion Williamson,Boston Celtics @ New Orleans Pelicans,2025-10-28T00:00:00Z,player_triple_double,,fanduel,2025-10-27T14:55:19Z,2025-10-27T14:55:08Z,,
Zion Williamson,Boston Celtics @ New Orleans Pelicans,2025-10-28T00:00:00Z,player_assists,5.5,betrivers,2025-10-27T14:54:42Z,2025-10-27T14:55:33Z,112.0,-148.0
Jaylen Brown,Boston Celtics @ New Orleans Pelicans,2025-10-28T00:00:00Z,player_assists,4.5,betrivers,2025-10-27T14:54:42Z,2025-10-27T14:55:33Z,-105.0,-127.0
Trey Murphy III,Boston Celtics @ New Orleans Pelicans,2025-10-28T00:00:00Z,player_assists,3.5,betrivers,2025-10-27T14:54:42Z,2025-10-27T14:55:33Z,114.0,-152.0
Herb Jones,Boston Celtics @ New Orleans Pelicans,2025-10-28T00:00:00Z,player_assists,2.5,betrivers,2025-10-27T14:54:42Z,2025-10-27T14:55:33Z,-132.0,100.0
Jordan Poole,Boston Celtics @ New Orleans Pelicans,2025-10-28T00:00:00Z,player_assists,4.5,betrivers,2025-10-27T14:54:42Z,2025-10-27T14:55:33Z,114.0,-152.0
Derrick White,Boston Celtics @ New Orleans Pelicans,2025-10-28T00:00:00Z,player_assists,4.5,betrivers,2025-10-27T14:54:42Z,2025-10-27T14:55:33Z,-157.0,117.0
Derrick White,Boston Celtics @ New Orleans Pelicans,2025-10-28T00:00:00Z,player_points,20.5,betrivers,2025-10-27T14:54:42Z,2025-10-27T14:55:33Z,-107.0,-124.0
Jordan Poole,Boston Celtics @ New Orleans Pelicans,2025-10-28T00:00:00Z,player_points,17.5,betrivers,2025-10-27T14:54:42Z,2025-10-27T14:55:33Z,-113.0,-118.0
Trey Murphy III,Boston Celtics @ New Orleans Pelicans,2025-10-28T00:00:00Z,player_points,18.5,betrivers,2025-10-27T14:54:42Z,2025-10-27T14:55:33Z,-110.0,-121.0
Zion Williamson,Boston Celtics @ New Orleans Pelicans,2025-10-28T00:00:00Z,player_points,25.5,betrivers,2025-10-27T14:54:42Z,2025-10-27T14:55:33Z,-121.0,-110.0
Herb Jones,Boston Celtics @ New Orleans Pelicans,2025-10-28T00:00:00Z,player_points,10.5,betrivers,2025-10-27T14:54:42Z,2025-10-27T14:55:33Z,-129.0,-103.0
Jaylen Brown,Boston Celtics @ New Orleans Pelicans,2025-10-28T00:00:00Z,player_points,24.5,betrivers,2025-10-27T14:54:42Z,2025-10-27T14:55:33Z,-114.0,-117.0
Derrick White,Boston Celtics @ New Orleans Pelicans,2025-10-28T00:00:00Z,player_points_rebounds_assists,30.5,betrivers,2025-10-27T14:54:42Z,2025-10-27T14:55:33Z,-110.0,-121.0
Jaylen Brown,Boston Celtics @ New Orleans Pelicans,2025-10-28T00:00:00Z,player_points_rebounds_assists,35.5,betrivers,2025-10-27T14:54:42Z,2025-10-27T14:55:33Z,-117.0,-114.0
Jordan Poole,Boston Celtics @ New Orleans Pelicans,2025-10-28T00:00:00Z,player_points_rebounds_assists,25.5,betrivers,2025-10-27T14:54:42Z,2025-10-27T14:55:33Z,-109.0,-122.0
Zion Williamson,Boston Celtics @ New Orleans Pelicans,2025-10-28T00:00:00Z,player_points_rebounds_assists,39.5,betrivers,2025-10-27T14:54:42Z,2025-10-27T14:55:33Z,-115.0,-115.0
Trey Murphy III,Boston Celtics @ New Orleans Pelicans,2025-10-28T00:00:00Z,player_points_rebounds_assists,28.5,betrivers,2025-10-27T14:54:42Z,2025-10-27T14:55:33Z,-107.0,-124.0
Herb Jones,Boston Celtics @ New Orleans Pelicans,2025-10-28T00:00:00Z,player_points_rebounds_assists,18.5,betrivers,2025-10-27T14:54:42Z,2025-10-27T14:55:33Z,-113.0,-118.0
Jaylen Brown,Boston Celtics @ New Orleans Pelicans,2025-10-28T00:00:00Z,player_rebounds,5.5,betrivers,2025-10-27T14:54:42Z,2025-10-27T14:55:33Z,-141.0,107.0
Derrick White,Boston Celtics @ New Orleans Pelicans,2025-10-28T00:00:00Z,player_rebounds,4.5,betrivers,2025-10-27T14:54:42Z,2025-10-27T14:55:33Z,100.0,-132.0
Trey Murphy III,Boston Celtics @ New Orleans Pelicans,2025-10-28T00:00:00Z,player_rebounds,5.5,betrivers,2025-10-27T14:54:42Z,2025-10-27T14:55:33Z,-130.0,-103.0
Jordan Poole,Boston Celtics @ New Orleans Pelicans,2025-10-28T00:00:00Z,player_rebounds,2.5,betrivers,2025-10-27T14:54:42Z,2025-10-27T14:55:33Z,-162.0,120.0
Zion Williamson,Boston Celtics @ New Orleans Pelicans,2025-10-28T00:00:00Z,player_rebounds,7.5,betrivers,2025-10-27T14:54:42Z,2025-10-27T14:55:33Z,-118.0,-113.0
Herb Jones,Boston Celtics @ New Orleans Pelicans,2025-10-28T00:00:00Z,player_rebounds,4.5,betrivers,2025-10-27T14:54:42Z,2025-10-27T14:55:33Z,110.0,-148.0
Jordan Poole,Boston Celtics @ New Orleans Pelicans,2025-10-28T00:00:00Z,player_threes,2.5,betrivers,2025-10-27T14:54:42Z,2025-10-27T14:55:33Z,-113.0,-118.0
Trey Murphy III,Boston Celtics @ New Orleans Pelicans,2025-10-28T00:00:00Z,player_threes,2.5,betrivers,2025-10-27T14:54:42Z,2025-10-27T14:55:33Z,-125.0,-106.0
Jaylen Brown,Boston Celtics @ New Orleans Pelicans,2025-10-28T00:00:00Z,player_threes,1.5,betrivers,2025-10-27T14:54:42Z,2025-10-27T14:55:33Z,-195.0,145.0
Herb Jones,Boston Celtics @ New Orleans Pelicans,2025-10-28T00:00:00Z,player_threes,1.5,betrivers,2025-10-27T14:54:42Z,2025-10-27T14:55:33Z,138.0,-186.0
Derrick White,Boston Celtics @ New Orleans Pelicans,2025-10-28T00:00:00Z,player_threes,3.5,betrivers,2025-10-27T14:54:42Z,2025-10-27T14:55:33Z,-122.0,-109.0
Jaylen Brown,Boston Celtics @ New Orleans Pelicans,2025-10-28T00:00:00Z,player_assists,4.5,betmgm,2025-10-27T14:55:29Z,2025-10-27T14:54:00Z,-110.0,-118.0
Herb Jones,Boston Celtics @ New Orleans Pelicans,2025-10-28T00:00:00Z,player_assists,2.5,betmgm,2025-10-27T14:55:29Z,2025-10-27T14:54:00Z,-125.0,-110.0
Trey Murphy III,Boston Celtics @ New Orleans Pelicans,2025-10-28T00:00:00Z,player_assists,3.5,betmgm,2025-10-27T14:55:29Z,2025-10-27T14:54:00Z,100.0,-135.0
Jordan Poole,Boston Celtics @ New Orleans Pelicans,2025-10-28T00:00:00Z,player_assists,4.5,betmgm,2025-10-27T14:55:29Z,2025-10-27T14:54:00Z,105.0,-145.0
Neemias Queta,Boston Celtics @ New Orleans Pelicans,2025-10-28T00:00:00Z,player_assists,1.5,betmgm,2025-10-27T14:55:29Z,2025-10-27T14:54:00Z,135.0,-185.0
Derrick White,Boston Celtics @ New Orleans Pelicans,2025-10-28T00:00:00Z,player_assists,4.5,betmgm,2025-10-27T14:55:29Z,2025-10-27T14:54:00Z,-185.0,135.0
Sam Hauser,Boston Celtics @ New Orleans Pelicans,2025-10-28T00:00:00Z,player_assists,0.5,betmgm,2025-10-27T14:55:29Z,2025-10-27T14:54:00Z,-200.0,145.0
Anfernee Simons,Boston Celtics @ New Orleans Pelicans,2025-10-28T00:00:00Z,player_assists,3.5,betmgm,2025-10-27T14:55:29Z,2025-10-27T14:54:00Z,-145.0,110.0
Payton Pritchard,Boston Celtics @ New Orleans Pelicans,2025-10-28T00:00:00Z,player_assists,4.5,betmgm,2025-10-27T14:55:29Z,2025-10-27T14:54:00Z,125.0,-165.0
Zion Williamson,Boston Celtics @ New Orleans Pelicans,2025-10-28T00:00:00Z,player_assists,4.5,betmgm,2025-10-27T14:55:29Z,2025-10-27T14:54:00Z,-165.0,125.0
Jaylen Brown,Boston Celtics @ New Orleans Pelicans,2025-10-28T00:00:00Z,player_blocks,0.5,betmgm,2025-10-27T14:55:29Z,2025-10-27T14:54:00Z,190.0,-275.0
Herb Jones,Boston Celtics @ New Orleans Pelicans,2025-10-28T00:00:00Z,player_blocks,0.5,betmgm,2025-10-27T14:55:29Z,2025-10-27T14:54:00Z,155.0,-220.0
Trey Murphy III,Boston Celtics @ New Orleans Pelicans,2025-10-28T00:00:00Z,player_blocks,0.5,betmgm,2025-10-27T14:55:29Z,2025-10-27T14:54:00Z,130.0,-185.0
Jordan Poole,Boston Celtics @ New Orleans Pelicans,2025-10-28T00:00:00Z,player_blocks,0.5,betmgm,2025-10-27T14:55:29Z,2025-10-27T14:54:00Z,210.0,-325.0
Neemias Queta,Boston Celtics @ New Orleans Pelicans,2025-10-28T00:00:00Z,player_blocks,1.5,betmgm,2025-10-27T14:55:29Z,2025-10-27T14:54:00Z,110.0,-155.0
Derrick White,Boston Celtics @ New Orleans Pelicans,2025-10-28T00:00:00Z,player_blocks,0.5,betmgm,2025-10-27T14:55:29Z,2025-10-27T14:54:00Z,-235.0,165.0
Sam Hauser,Boston Celtics @ New Orleans Pelicans,2025-10-28T00:00:00Z,player_blocks,0.5,betmgm,2025-10-27T14:55:29Z,2025-10-27T14:54:00Z,180.0,-275.0
Payton Pritchard,Boston Celtics @ New Orleans Pelicans,2025-10-28T00:00:00Z,player_blocks,0.5,betmgm,2025-10-27T14:55:29Z,2025-10-27T14:54:00Z,310.0,-500.0
Zion Williamson,Boston Celtics @ New Orleans Pelicans,2025-10-28T00:00:00Z,player_blocks,0.5,betmgm,2025-10-27T14:55:29Z,2025-10-27T14:54:00Z,110.0,-155.0
Jaylen Brown,Boston Celtics @ New Orleans Pelicans,2025-10-28T00:00:00Z,player_double_double,,betmgm,2025-10-27T14:55:29Z,2025-10-27T14:54:00Z,,
Herb Jones,Boston Celtics @ New Orleans Pelicans,2025-10-28T00:00:00Z,player_double_double,,betmgm,2025-10-27T14:55:29Z,2025-10-27T14:54:00Z,,
Trey Murphy III,Boston Celtics @ New Orleans Pelicans,2025-10-28T00:00:00Z,player_double_double,,betmgm,2025-10-27T14:55:29Z,2025-10-27T14:54:00Z,,
Jordan Poole,Boston Celtics @ New Orleans Pelicans,2025-10-28T00:00:00Z,player_double_double,,betmgm,2025-10-27T14:55:29Z,2025-10-27T14:54:00Z,,
Neemias Queta,Boston Celtics @ New Orleans Pelicans,2025-10-28T00:00:00Z,player_double_double,,betmgm,2025-10-27T14:55:29Z,2025-10-27T14:54:00Z,,
Derrick White,Boston Celtics @ New Orleans Pelicans,2025-10-28T00:00:00Z,player_double_double,,betmgm,2025-10-27T14:55:29Z,2025-10-27T14:54:00Z,,
Payton Pritchard,Boston Celtics @ New Orleans Pelicans,2025-10-28T00:00:00Z,player_double_double,,betmgm,2025-10-27T14:55:29Z,2025-10-27T14:54:00Z,,
Zion Williamson,Boston Celtics @ New Orleans Pelicans,2025-10-28T00:00:00Z,player_double_double,,betmgm,2025-10-27T14:55:29Z,2025-10-27T14:54:00Z,,
Jaylen Brown,Boston Celtics @ New Orleans Pelicans,2025-10-28T00:00:00Z,player_points,24.5,betmgm,2025-10-27T14:55:29Z,2025-10-27T14:54:00Z,-110.0,-120.0
Trey Murphy III,Boston Celtics @ New Orleans Pelicans,2025-10-28T00:00:00Z,player_points,18.5,betmgm,2025-10-27T14:55:29Z,2025-10-27T14:54:00Z,-130.0,-105.0
Jordan Poole,Boston Celtics @ New Orleans Pelicans,2025-10-28T00:00:00Z,player_points,17.5,betmgm,2025-10-27T14:55:29Z,2025-10-27T14:54:00Z,-120.0,-110.0
Neemias Queta,Boston Celtics @ New Orleans Pelicans,2025-10-28T00:00:00Z,player_points,7.5,betmgm,2025-10-27T14:55:29Z,2025-10-27T14:54:00Z,-160.0,120.0
Derrick White,Boston Celtics @ New Orleans Pelicans,2025-10-28T00:00:00Z,player_points,19.5,betmgm,2025-10-27T14:55:29Z,2025-10-27T14:54:00Z,-118.0,-110.0
Sam Hauser,Boston Celtics @ New Orleans Pelicans,2025-10-28T00:00:00Z,player_points,8.5,betmgm,2025-10-27T14:55:29Z,2025-10-27T14:54:00Z,-140.0,105.0
Anfernee Simons,Boston Celtics @ New Orleans Pelicans,2025-10-28T00:00:00Z,player_points,13.5,betmgm,2025-10-27T14:55:29Z,2025-10-27T14:54:00Z,-118.0,-110.0
Payton Pritchard,Boston Celtics @ New Orleans Pelicans,2025-10-28T00:00:00Z,player_points,16.5,betmgm,2025-10-27T14:55:29Z,2025-10-27T14:54:00Z,-105.0,-125.0
Herb Jones,Boston Celtics @ New Orleans Pelicans,2025-10-28T00:00:00Z,player_points,10.5,betmgm,2025-10-27T14:55:29Z,2025-10-27T14:54:00Z,-125.0,-105.0
Zion Williamson,Boston Celtics @ New Orleans Pelicans,2025-10-28T00:00:00Z,player_points,26.5,betmgm,2025-10-27T14:55:29Z,2025-10-27T14:54:00Z,-110.0,-120.0
Jaylen Brown,Boston Celtics @ New Orleans Pelicans,2025-10-28T00:00:00Z,player_points_rebounds_assists,35.5,betmgm,2025-10-27T14:55:29Z,2025-10-27T14:54:00Z,-120.0,-110.0
Herb Jones,Boston Celtics @ New Orleans Pelicans,2025-10-28T00:00:00Z,player_points_rebounds_assists,18.5,betmgm,2025-10-27T14:55:29Z,2025-10-27T14:54:00Z,-105.0,-130.0
Trey Murphy III,Boston Celtics @ New Orleans Pelicans,2025-10-28T00:00:00Z,player_points_rebounds_assists,28.5,betmgm,2025-10-27T14:55:29Z,2025-10-27T14:54:00Z,-105.0,-125.0
Jordan Poole,Boston Celtics @ New Orleans Pelicans,2025-10-28T00:00:00Z,player_points_rebounds_assists,25.5,betmgm,2025-10-27T14:55:29Z,2025-10-27T14:54:00Z,-110.0,-120.0
Neemias Queta,Boston Celtics @ New Orleans Pelicans,2025-10-28T00:00:00Z,player_points_rebounds_assists,16.5,betmgm,2025-10-27T14:55:29Z,2025-10-27T14:54:00Z,-110.0,-120.0
Derrick White,Boston Celtics @ New Orleans Pelicans,2025-10-28T00:00:00Z,player_points_rebounds_assists,29.5,betmgm,2025-10-27T14:55:29Z,2025-10-27T14:54:00Z,-110.0,-118.0
Sam Hauser,Boston Celtics @ New Orleans Pelicans,2025-10-28T00:00:00Z,player_points_rebounds_assists,13.5,betmgm,2025-10-27T14:55:29Z,2025-10-27T14:54:00Z,-110.0,-120.0
Anfernee Simons,Boston Celtics @ New Orleans Pelicans,2025-10-28T00:00:00Z,player_points_rebounds_assists,19.5,betmgm,2025-10-27T14:55:29Z,2025-10-27T14:54:00Z,-118.0,-110.0
Payton Pritchard,Boston Celtics @ New Orleans Pelicans,2025-10-28T00:00:00Z,player_points_rebounds_assists,24.5,betmgm,2025-10-27T14:55:29Z,2025-10-27T14:54:00Z,-125.0,-105.0
Zion Williamson,Boston Celtics @ New Orleans Pelicans,2025-10-28T00:00:00Z,player_points_rebounds_assists,39.5,betmgm,2025-10-27T14:55:29Z,2025-10-27T14:54:00Z,-120.0,-110.0
Jaylen Brown,Boston Celtics @ New Orleans Pelicans,2025-10-28T00:00:00Z,player_rebounds,5.5,betmgm,2025-10-27T14:55:29Z,2025-10-27T14:54:00Z,-145.0,105.0
Herb Jones,Boston Celtics @ New Orleans Pelicans,2025-10-28T00:00:00Z,player_rebounds,4.5,betmgm,2025-10-27T14:55:29Z,2025-10-27T14:54:00Z,-110.0,-125.0
Trey Murphy III,Boston Celtics @ New Orleans Pelicans,2025-10-28T00:00:00Z,player_rebounds,5.5,betmgm,2025-10-27T14:55:29Z,2025-10-27T14:54:00Z,-125.0,-105.0
Jordan Poole,Boston Celtics @ New Orleans Pelicans,2025-10-28T00:00:00Z,player_rebounds,3.5,betmgm,2025-10-27T14:55:29Z,2025-10-27T14:54:00Z,125.0,-165.0
Neemias Queta,Boston Celtics @ New Orleans Pelicans,2025-10-28T00:00:00Z,player_rebounds,6.5,betmgm,2025-10-27T14:55:29Z,2025-10-27T14:54:00Z,-130.0,100.0
Derrick White,Boston Celtics @ New Orleans Pelicans,2025-10-28T00:00:00Z,player_rebounds,4.5,betmgm,2025-10-27T14:55:29Z,2025-10-27T14:54:00Z,110.0,-150.0
Sam Hauser,Boston Celtics @ New Orleans Pelicans,2025-10-28T00:00:00Z,player_rebounds,3.5,betmgm,2025-10-27T14:55:29Z,2025-10-27T14:54:00Z,120.0,-160.0
Payton Pritchard,Boston Celtics @ New Orleans Pelicans,2025-10-28T00:00:00Z,player_rebounds,4.5,betmgm,2025-10-27T14:55:29Z,2025-10-27T14:54:00Z,115.0,-150.0
Zion Williamson,Boston Celtics @ New Orleans Pelicans,2025-10-28T00:00:00Z,player_rebounds,7.5,betmgm,2025-10-27T14:55:29Z,2025-10-27T14:54:00Z,-145.0,110.0
Anfernee Simons,Boston Celtics @ New Orleans Pelicans,2025-10-28T00:00:00Z,player_rebounds,2.5,betmgm,2025-10-27T14:55:29Z,2025-10-27T14:54:00Z,145.0,-190.0
Jaylen Brown,Boston Celtics @ New Orleans Pelicans,2025-10-28T00:00:00Z,player_threes,2.5,betmgm,2025-10-27T14:55:29Z,2025-10-27T14:54:00Z,130.0,-175.0
Herb Jones,Boston Celtics @ New Orleans Pelicans,2025-10-28T00:00:00Z,player_threes,1.5,betmgm,2025-10-27T14:55:29Z,2025-10-27T14:54:00Z,130.0,-175.0
Trey Murphy III,Boston Celtics @ New Orleans Pelicans,2025-10-28T00:00:00Z,player_threes,2.5,betmgm,2025-10-27T14:55:29Z,2025-10-27T14:54:00Z,-125.0,-105.0
Jordan Poole,Boston Celtics @ New Orleans Pelicans,2025-10-28T00:00:00Z,player_threes,2.5,betmgm,2025-10-27T14:55:29Z,2025-10-27T14:54:00Z,-125.0,-105.0
Derrick White,Boston Celtics @ New Orleans Pelicans,2025-10-28T00:00:00Z,player_threes,3.5,betmgm,2025-10-27T14:55:29Z,2025-10-27T14:54:00Z,-118.0,-110.0
Sam Hauser,Boston Celtics @ New Orleans Pelicans,2025-10-28T00:00:00Z,player_threes,2.5,betmgm,2025-10-27T14:55:29Z,2025-10-27T14:54:00Z,-110.0,-120.0
Anfernee Simons,Boston Celtics @ New Orleans Pelicans,2025-10-28T00:00:00Z,player_threes,2.5,betmgm,2025-10-27T14:55:29Z,2025-10-27T14:54:00Z,135.0,-185.0
Payton Pritchard,Boston Celtics @ New Orleans Pelicans,2025-10-28T00:00:00Z,player_threes,2.5,betmgm,2025-10-27T14:55:29Z,2025-10-27T14:54:00Z,-150.0,110.0
Jaylen Brown,Boston Celtics @ New Orleans Pelicans,2025-10-28T00:00:00Z,player_triple_double,,betmgm,2025-10-27T14:55:29Z,2025-10-27T14:54:00Z,,
Zion Williamson,Boston Celtics @ New Orleans Pelicans,2025-10-28T00:00:00Z,player_triple_double,,betmgm,2025-10-27T14:55:29Z,2025-10-27T14:54:00Z,,
Derrick White,Boston Celtics @ New Orleans Pelicans,2025-10-28T00:00:00Z,player_assists,4.5,bovada,2025-10-27T14:54:45Z,2025-10-27T14:55:49Z,-180.0,135.0
Derrick White,Boston Celtics @ New Orleans Pelicans,2025-10-28T00:00:00Z,player_assists,5.5,bovada,2025-10-27T14:54:45Z,2025-10-27T14:55:49Z,110.0,-145.0
Derrick White,Boston Celtics @ New Orleans Pelicans,2025-10-28T00:00:00Z,player_assists,6.5,bovada,2025-10-27T14:54:45Z,2025-10-27T14:55:49Z,210.0,-290.0
Herb Jones,Boston Celtics @ New Orleans Pelicans,2025-10-28T00:00:00Z,player_assists,3.5,bovada,2025-10-27T14:54:45Z,2025-10-27T14:55:49Z,175.0,-240.0
Jaylen Brown,Boston Celtics @ New Orleans Pelicans,2025-10-28T00:00:00Z,player_assists,3.5,bovada,2025-10-27T14:54:45Z,2025-10-27T14:55:49Z,-240.0,175.0
Jaylen Brown,Boston Celtics @ New Orleans Pelicans,2025-10-28T00:00:00Z,player_assists,5.5,bovada,2025-10-27T14:54:45Z,2025-10-27T14:55:49Z,180.0,-245.0
Jordan Poole,Boston Celtics @ New Orleans Pelicans,2025-10-28T00:00:00Z,player_assists,3.5,bovada,2025-10-27T14:54:45Z,2025-10-27T14:55:49Z,-145.0,110.0
Jordan Poole,Boston Celtics @ New Orleans Pelicans,2025-10-28T00:00:00Z,player_assists,4.5,bovada,2025-10-27T14:54:45Z,2025-10-27T14:55:49Z,150.0,-200.0
Trey Murphy III,Boston Celtics @ New Orleans Pelicans,2025-10-28T00:00:00Z,player_assists,2.5,bovada,2025-10-27T14:54:45Z,2025-10-27T14:55:49Z,-240.0,175.0
Trey Murphy III,Boston Celtics @ New Orleans Pelicans,2025-10-28T00:00:00Z,player_assists,3.5,bovada,2025-10-27T14:54:45Z,2025-10-27T14:55:49Z,105.0,-135.0
Zion Williamson,Boston Celtics @ New Orleans Pelicans,2025-10-28T00:00:00Z,player_double_double,,bovada,2025-10-27T14:54:45Z,2025-10-27T14:55:49Z,,
Jaylen Brown,Boston Celtics @ New Orleans Pelicans,2025-10-28T00:00:00Z,player_double_double,,bovada,2025-10-27T14:54:45Z,2025-10-27T14:55:49Z,,
Trey Murphy III,Boston Celtics @ New Orleans Pelicans,2025-10-28T00:00:00Z,player_double_double,,bovada,2025-10-27T14:54:45Z,2025-10-27T14:55:49Z,,
Derrick White,Boston Celtics @ New Orleans Pelicans,2025-10-28T00:00:00Z,player_double_double,,bovada,2025-10-27T14:54:45Z,2025-10-27T14:55:49Z,,
Herb Jones,Boston Celtics @ New Orleans Pelicans,2025-10-28T00:00:00Z,player_double_double,,bovada,2025-10-27T14:54:45Z,2025-10-27T14:55:49Z,,
Jordan Poole,Boston Celtics @ New Orleans Pelicans,2025-10-28T00:00:00Z,player_double_double,,bovada,2025-10-27T14:54:45Z,2025-10-27T14:55:49Z,,
Derrick White,Boston Celtics @ New Orleans Pelicans,2025-10-28T00:00:00Z,player_points,16.5,bovada,2025-10-27T14:54:45Z,2025-10-27T14:55:49Z,-240.0,175.0
Derrick White,Boston Celtics @ New Orleans Pelicans,2025-10-28T00:00:00Z,player_points,17.5,bovada,2025-10-27T14:54:45Z,2025-10-27T14:55:49Z,-185.0,140.0
Derrick White,Boston Celtics @ New Orleans Pelicans,2025-10-28T00:00:00Z,player_points,18.5,bovada,2025-10-27T14:54:45Z,2025-10-27T14:55:49Z,-145.0,110.0
Derrick White,Boston Celtics @ New Orleans Pelicans,2025-10-28T00:00:00Z,player_points,19.5,bovada,2025-10-27T14:54:45Z,2025-10-27T14:55:49Z,-115.0,-115.0
Derrick White,Boston Celtics @ New Orleans Pelicans,2025-10-28T00:00:00Z,player_points,20.5,bovada,2025-10-27T14:54:45Z,2025-10-27T14:55:49Z,110.0,-145.0
Derrick White,Boston Celtics @ New Orleans Pelicans,2025-10-28T00:00:00Z,player_points,21.5,bovada,2025-10-27T14:54:45Z,2025-10-27T14:55:49Z,135.0,-180.0
Derrick White,Boston Celtics @ New Orleans Pelicans,2025-10-28T00:00:00Z,player_points,22.5,bovada,2025-10-27T14:54:45Z,2025-10-27T14:55:49Z,165.0,-220.0
Derrick White,Boston Celtics @ New Orleans Pelicans,2025-10-28T00:00:00Z,player_points,23.5,bovada,2025-10-27T14:54:45Z,2025-10-27T14:55:49Z,205.0,-280.0
Herb Jones,Boston Celtics @ New Orleans Pelicans,2025-10-28T00:00:00Z,player_points,8.5,bovada,2025-10-27T14:54:45Z,2025-10-27T14:55:49Z,-230.0,170.0
Herb Jones,Boston Celtics @ New Orleans Pelicans,2025-10-28T00:00:00Z,player_points,9.5,bovada,2025-10-27T14:54:45Z,2025-10-27T14:55:49Z,-165.0,125.0
Herb Jones,Boston Celtics @ New Orleans Pelicans,2025-10-28T00:00:00Z,player_points,10.5,bovada,2025-10-27T14:54:45Z,2025-10-27T14:55:49Z,-120.0,-110.0
Herb Jones,Boston Celtics @ New Orleans Pelicans,2025-10-28T00:00:00Z,player_points,11.5,bovada,2025-10-27T14:54:45Z,2025-10-27T14:55:49Z,110.0,-145.0
Herb Jones,Boston Celtics @ New Orleans Pelicans,2025-10-28T00:00:00Z,player_points,12.5,bovada,2025-10-27T14:54:45Z,2025-10-27T14:55:49Z,145.0,-190.0
Herb Jones,Boston Celtics @ New Orleans Pelicans,2025-10-28T00:00:00Z,player_points,13.5,bovada,2025-10-27T14:54:45Z,2025-10-27T14:55:49Z,190.0,-260.0
Jaylen Brown,Boston Celtics @ New Orleans Pelicans,2025-10-28T00:00:00Z,player_points,20.5,bovada,2025-10-27T14:54:45Z,2025-10-27T14:55:49Z,-275.0,200.0
Jaylen Brown,Boston Celtics @ New Orleans Pelicans,2025-10-28T00:00:00Z,player_points,21.5,bovada,2025-10-27T14:54:45Z,2025-10-27T14:55:49Z,-220.0,165.0
Jaylen Brown,Boston Celtics @ New Orleans Pelicans,2025-10-28T00:00:00Z,player_points,22.5,bovada,2025-10-27T14:54:45Z,2025-10-27T14:55:49Z,-170.0,130.0
Jaylen Brown,Boston Celtics @ New Orleans Pelicans,2025-10-28T00:00:00Z,player_points,23.5,bovada,2025-10-27T14:54:45Z,2025-10-27T14:55:49Z,-145.0,110.0
Jaylen Brown,Boston Celtics @ New Orleans Pelicans,2025-10-28T00:00:00Z,player_points,24.5,bovada,2025-10-27T14:54:45Z,2025-10-27T14:55:49Z,-115.0,-115.0
Jaylen Brown,Boston Celtics @ New Orleans Pelicans,2025-10-28T00:00:00Z,player_points,25.5,bovada,2025-10-27T14:54:45Z,2025-10-27T14:55:49Z,105.0,-135.0
Jaylen Brown,Boston Celtics @ New Orleans Pelicans,2025-10-28T00:00:00Z,player_points,26.5,bovada,2025-10-27T14:54:45Z,2025-10-27T14:55:49Z,130.0,-170.0
Jaylen Brown,Boston Celtics @ New Orleans Pelicans,2025-10-28T00:00:00Z,player_points,27.5,bovada,2025-10-27T14:54:45Z,2025-10-27T14:55:49Z,155.0,-210.0
Jaylen Brown,Boston Celtics @ New Orleans Pelicans,2025-10-28T00:00:00Z,player_points,28.5,bovada,2025-10-27T14:54:45Z,2025-10-27T14:55:49Z,185.0,-250.0
Trey Murphy III,Boston Celtics @ New Orleans Pelicans,2025-10-28T00:00:00Z,player_points,15.5,bovada,2025-10-27T14:54:45Z,2025-10-27T14:55:49Z,-260.0,190.0
Trey Murphy III,Boston Celtics @ New Orleans Pelicans,2025-10-28T00:00:00Z,player_points,16.5,bovada,2025-10-27T14:54:45Z,2025-10-27T14:55:49Z,-200.0,150.0
Trey Murphy III,Boston Celtics @ New Orleans Pelicans,2025-10-28T00:00:00Z,player_points,17.5,bovada,2025-10-27T14:54:45Z,2025-10-27T14:55:49Z,-160.0,120.0
Trey Murphy III,Boston Celtics @ New Orleans Pelicans,2025-10-28T00:00:00Z,player_points,18.5,bovada,2025-10-27T14:54:45Z,2025-10-27T14:55:49Z,-125.0,-105.0
Trey Murphy III,Boston Celtics @ New Orleans Pelicans,2025-10-28T00:00:00Z,player_points,19.5,bovada,2025-10-27T14:54:45Z,2025-10-27T14:55:49Z,105.0,-135.0
Trey Murphy III,Boston Celtics @ New Orleans Pelicans,2025-10-28T00:00:00Z,player_points,20.5,bovada,2025-10-27T14:54:45Z,2025-10-27T14:55:49Z,125.0,-165.0
Trey Murphy III,Boston Celtics @ New Orleans Pelicans,2025-10-28T00:00:00Z,player_points,21.5,bovada,2025-10-27T14:54:45Z,2025-10-27T14:55:49Z,155.0,-210.0
Trey Murphy III,Boston Celtics @ New Orleans Pelicans,2025-10-28T00:00:00Z,player_points,22.5,bovada,2025-10-27T14:54:45Z,2025-10-27T14:55:49Z,190.0,-260.0
Zion Williamson,Boston Celtics @ New Orleans Pelicans,2025-10-28T00:00:00Z,player_points,22.5,bovada,2025-10-27T14:54:45Z,2025-10-27T14:55:49Z,-250.0,185.0
Zion Williamson,Boston Celtics @ New Orleans Pelicans,2025-10-28T00:00:00Z,player_points,23.5,bovada,2025-10-27T14:54:45Z,2025-10-27T14:55:49Z,-200.0,150.0
Zion Williamson,Boston Celtics @ New Orleans Pelicans,2025-10-28T00:00:00Z,player_points,24.5,bovada,2025-10-27T14:54:45Z,2025-10-27T14:55:49Z,-165.0,125.0
Zion Williamson,Boston Celtics @ New Orleans Pelicans,2025-10-28T00:00:00Z,player_points,25.5,bovada,2025-10-27T14:54:45Z,2025-10-27T14:55:49Z,-135.0,105.0
Zion Williamson,Boston Celtics @ New Orleans Pelicans,2025-10-28T00:00:00Z,player_points,26.5,bovada,2025-10-27T14:54:45Z,2025-10-27T14:55:49Z,-110.0,-120.0
Zion Williamson,Boston Celtics @ New Orleans Pelicans,2025-10-28T00:00:00Z,player_points,27.5,bovada,2025-10-27T14:54:45Z,2025-10-27T14:55:49Z,110.0,-145.0
Zion Williamson,Boston Celtics @ New Orleans Pelicans,2025-10-28T00:00:00Z,player_points,28.5,bovada,2025-10-27T14:54:45Z,2025-10-27T14:55:49Z,135.0,-180.0
Zion Williamson,Boston Celtics @ New Orleans Pelicans,2025-10-28T00:00:00Z,player_points,29.5,bovada,2025-10-27T14:54:45Z,2025-10-27T14:55:49Z,160.0,-215.0
Zion Williamson,Boston Celtics @ New Orleans Pelicans,2025-10-28T00:00:00Z,player_points,30.5,bovada,2025-10-27T14:54:45Z,2025-10-27T14:55:49Z,190.0,-260.0
Derrick White,Boston Celtics @ New Orleans Pelicans,2025-10-28T00:00:00Z,player_points_rebounds_assists,25.5,bovada,2025-10-27T14:54:45Z,2025-10-27T14:55:49Z,-250.0,185.0
Derrick White,Boston Celtics @ New Orleans Pelicans,2025-10-28T00:00:00Z,player_points_rebounds_assists,26.5,bovada,2025-10-27T14:54:45Z,2025-10-27T14:55:49Z,-210.0,155.0
Derrick White,Boston Celtics @ New Orleans Pelicans,2025-10-28T00:00:00Z,player_points_rebounds_assists,27.5,bovada,2025-10-27T14:54:45Z,2025-10-27T14:55:49Z,-165.0,125.0
Derrick White,Boston Celtics @ New Orleans Pelicans,2025-10-28T00:00:00Z,player_points_rebounds_assists,28.5,bovada,2025-10-27T14:54:45Z,2025-10-27T14:55:49Z,-135.0,105.0
Derrick White,Boston Celtics @ New Orleans Pelicans,2025-10-28T00:00:00Z,player_points_rebounds_assists,29.5,bovada,2025-10-27T14:54:45Z,2025-10-27T14:55:49Z,-115.0,-115.0
Derrick White,Boston Celtics @ New Orleans Pelicans,2025-10-28T00:00:00Z,player_points_rebounds_assists,30.5,bovada,2025-10-27T14:54:45Z,2025-10-27T14:55:49Z,105.0,-135.0
Derrick White,Boston Celtics @ New Orleans Pelicans,2025-10-28T00:00:00Z,player_points_rebounds_assists,31.5,bovada,2025-10-27T14:54:45Z,2025-10-27T14:55:49Z,120.0,-160.0
Derrick White,Boston Celtics @ New Orleans Pelicans,2025-10-28T00:00:00Z,player_points_rebounds_assists,32.5,bovada,2025-10-27T14:54:45Z,2025-10-27T14:55:49Z,145.0,-190.0
Derrick White,Boston Celtics @ New Orleans Pelicans,2025-10-28T00:00:00Z,player_points_rebounds_assists,33.5,bovada,2025-10-27T14:54:45Z,2025-10-27T14:55:49Z,170.0,-230.0
Derrick White,Boston Celtics @ New Orleans Pelicans,2025-10-28T00:00:00Z,player_points_rebounds_assists,34.5,bovada,2025-10-27T14:54:45Z,2025-10-27T14:55:49Z,200.0,-275.0
Herb Jones,Boston Celtics @ New Orleans Pelicans,2025-10-28T00:00:00Z,player_points_rebounds_assists,14.5,bovada,2025-10-27T14:54:45Z,2025-10-27T14:55:49Z,-260.0,190.0
Herb Jones,Boston Celtics @ New Orleans Pelicans,2025-10-28T00:00:00Z,player_points_rebounds_assists,15.5,bovada,2025-10-27T14:54:45Z,2025-10-27T14:55:49Z,-200.0,150.0
Herb Jones,Boston Celtics @ New Orleans Pelicans,2025-10-28T00:00:00Z,player_points_rebounds_assists,16.5,bovada,2025-10-27T14:54:45Z,2025-10-27T14:55:49Z,-150.0,115.0
Herb Jones,Boston Celtics @ New Orleans Pelicans,2025-10-28T00:00:00Z,player_points_rebounds_assists,17.5,bovada,2025-10-27T14:54:45Z,2025-10-27T14:55:49Z,-120.0,-110.0
Herb Jones,Boston Celtics @ New Orleans Pelicans,2025-10-28T00:00:00Z,player_points_rebounds_assists,18.5,bovada,2025-10-27T14:54:45Z,2025-10-27T14:55:49Z,105.0,-135.0
Herb Jones,Boston Celtics @ New Orleans Pelicans,2025-10-28T00:00:00Z,player_points_rebounds_assists,19.5,bovada,2025-10-27T14:54:45Z,2025-10-27T14:55:49Z,130.0,-170.0
Herb Jones,Boston Celtics @ New Orleans Pelicans,2025-10-28T00:00:00Z,player_points_rebounds_assists,20.5,bovada,2025-10-27T14:54:45Z,2025-10-27T14:55:49Z,160.0,-215.0
Herb Jones,Boston Celtics @ New Orleans Pelicans,2025-10-28T00:00:00Z,player_points_rebounds_assists,21.5,bovada,2025-10-27T14:54:45Z,2025-10-27T14:55:49Z,200.0,-275.0
Jaylen Brown,Boston Celtics @ New Orleans Pelicans,2025-10-28T00:00:00Z,player_points_rebounds_assists,30.5,bovada,2025-10-27T14:54:45Z,2025-10-27T14:55:49Z,-260.0,190.0
Jaylen Brown,Boston Celtics @ New Orleans Pelicans,2025-10-28T00:00:00Z,player_points_rebounds_assists,31.5,bovada,2025-10-27T14:54:45Z,2025-10-27T14:55:49Z,-220.0,165.0
Jaylen Brown,Boston Celtics @ New Orleans Pelicans,2025-10-28T00:00:00Z,player_points_rebounds_assists,32.5,bovada,2025-10-27T14:54:45Z,2025-10-27T14:55:49Z,-185.0,140.0
Jaylen Brown,Boston Celtics @ New Orleans Pelicans,2025-10-28T00:00:00Z,player_points_rebounds_assists,33.5,bovada,2025-10-27T14:54:45Z,2025-10-27T14:55:49Z,-150.0,115.0
Jaylen Brown,Boston Celtics @ New Orleans Pelicans,2025-10-28T00:00:00Z,player_points_rebounds_assists,34.5,bovada,2025-10-27T14:54:45Z,2025-10-27T14:55:49Z,-130.0,100.0
Jaylen Brown,Boston Celtics @ New Orleans Pelicans,2025-10-28T00:00:00Z,player_points_rebounds_assists,35.5,bovada,2025-10-27T14:54:45Z,2025-10-27T14:55:49Z,-110.0,-120.0
Jaylen Brown,Boston Celtics @ New Orleans Pelicans,2025-10-28T00:00:00Z,player_points_rebounds_assists,36.5,bovada,2025-10-27T14:54:45Z,2025-10-27T14:55:49Z,105.0,-135.0
Jaylen Brown,Boston Celtics @ New Orleans Pelicans,2025-10-28T00:00:00Z,player_points_rebounds_assists,37.5,bovada,2025-10-27T14:54:45Z,2025-10-27T14:55:49Z,125.0,-165.0
Jaylen Brown,Boston Celtics @ New Orleans Pelicans,2025-10-28T00:00:00Z,player_points_rebounds_assists,38.5,bovada,2025-10-27T14:54:45Z,2025-10-27T14:55:49Z,145.0,-190.0
Jaylen Brown,Boston Celtics @ New Orleans Pelicans,2025-10-28T00:00:00Z,player_points_rebounds_assists,39.5,bovada,2025-10-27T14:54:45Z,2025-10-27T14:55:49Z,170.0,-230.0
Jaylen Brown,Boston Celtics @ New Orleans Pelicans,2025-10-28T00:00:00Z,player_points_rebounds_assists,40.5,bovada,2025-10-27T14:54:45Z,2025-10-27T14:55:49Z,200.0,-275.0
Jordan Poole,Boston Celtics @ New Orleans Pelicans,2025-10-28T00:00:00Z,player_points_rebounds_assists,20.5,bovada,2025-10-27T14:54:45Z,2025-10-27T14:55:49Z,-275.0,200.0
Jordan Poole,Boston Celtics @ New Orleans Pelicans,2025-10-28T00:00:00Z,player_points_rebounds_assists,21.5,bovada,2025-10-27T14:54:45Z,2025-10-27T14:55:49Z,-215.0,160.0
Jordan Poole,Boston Celtics @ New Orleans Pelicans,2025-10-28T00:00:00Z,player_points_rebounds_assists,22.5,bovada,2025-10-27T14:54:45Z,2025-10-27T14:55:49Z,-170.0,130.0
Jordan Poole,Boston Celtics @ New Orleans Pelicans,2025-10-28T00:00:00Z,player_points_rebounds_assists,23.5,bovada,2025-10-27T14:54:45Z,2025-10-27T14:55:49Z,-145.0,110.0
Jordan Poole,Boston Celtics @ New Orleans Pelicans,2025-10-28T00:00:00Z,player_points_rebounds_assists,24.5,bovada,2025-10-27T14:54:45Z,2025-10-27T14:55:49Z,-115.0,-115.0
Jordan Poole,Boston Celtics @ New Orleans Pelicans,2025-10-28T00:00:00Z,player_points_rebounds_assists,25.5,bovada,2025-10-27T14:54:45Z,2025-10-27T14:55:49Z,105.0,-135.0
Jordan Poole,Boston Celtics @ New Orleans Pelicans,2025-10-28T00:00:00Z,player_points_rebounds_assists,26.5,bovada,2025-10-27T14:54:45Z,2025-10-27T14:55:49Z,125.0,-165.0
Jordan Poole,Boston Celtics @ New Orleans Pelicans,2025-10-28T00:00:00Z,player_points_rebounds_assists,27.5,bovada,2025-10-27T14:54:45Z,2025-10-27T14:55:49Z,150.0,-200.0
Jordan Poole,Boston Celtics @ New Orleans Pelicans,2025-10-28T00:00:00Z,player_points_rebounds_assists,28.5,bovada,2025-10-27T14:54:45Z,2025-10-27T14:55:49Z,180.0,-245.0
Trey Murphy III,Boston Celtics @ New Orleans Pelicans,2025-10-28T00:00:00Z,player_points_rebounds_assists,24.5,bovada,2025-10-27T14:54:45Z,2025-10-27T14:55:49Z,-260.0,190.0
Trey Murphy III,Boston Celtics @ New Orleans Pelicans,2025-10-28T00:00:00Z,player_points_rebounds_assists,25.5,bovada,2025-10-27T14:54:45Z,2025-10-27T14:55:49Z,-215.0,160.0
Trey Murphy III,Boston Celtics @ New Orleans Pelicans,2025-10-28T00:00:00Z,player_points_rebounds_assists,26.5,bovada,2025-10-27T14:54:45Z,2025-10-27T14:55:49Z,-170.0,130.0
Trey Murphy III,Boston Celtics @ New Orleans Pelicans,2025-10-28T00:00:00Z,player_points_rebounds_assists,27.5,bovada,2025-10-27T14:54:45Z,2025-10-27T14:55:49Z,-145.0,110.0
Trey Murphy III,Boston Celtics @ New Orleans Pelicans,2025-10-28T00:00:00Z,player_points_rebounds_assists,28.5,bovada,2025-10-27T14:54:45Z,2025-10-27T14:55:49Z,-120.0,-110.0
Trey Murphy III,Boston Celtics @ New Orleans Pelicans,2025-10-28T00:00:00Z,player_points_rebounds_assists,29.5,bovada,2025-10-27T14:54:45Z,2025-10-27T14:55:49Z,100.0,-130.0
Trey Murphy III,Boston Celtics @ New Orleans Pelicans,2025-10-28T00:00:00Z,player_points_rebounds_assists,30.5,bovada,2025-10-27T14:54:45Z,2025-10-27T14:55:49Z,120.0,-160.0
Trey Murphy III,Boston Celtics @ New Orleans Pelicans,2025-10-28T00:00:00Z,player_points_rebounds_assists,31.5,bovada,2025-10-27T14:54:45Z,2025-10-27T14:55:49Z,140.0,-185.0
Trey Murphy III,Boston Celtics @ New Orleans Pelicans,2025-10-28T00:00:00Z,player_points_rebounds_assists,32.5,bovada,2025-10-27T14:54:45Z,2025-10-27T14:55:49Z,170.0,-230.0
Trey Murphy III,Boston Celtics @ New Orleans Pelicans,2025-10-28T00:00:00Z,player_points_rebounds_assists,33.5,bovada,2025-10-27T14:54:45Z,2025-10-27T14:55:49Z,200.0,-275.0
Zion Williamson,Boston Celtics @ New Orleans Pelicans,2025-10-28T00:00:00Z,player_points_rebounds_assists,35.5,bovada,2025-10-27T14:54:45Z,2025-10-27T14:55:49Z,-275.0,200.0
Zion Williamson,Boston Celtics @ New Orleans Pelicans,2025-10-28T00:00:00Z,player_points_rebounds_assists,36.5,bovada,2025-10-27T14:54:45Z,2025-10-27T14:55:49Z,-220.0,165.0
Zion Williamson,Boston Celtics @ New Orleans Pelicans,2025-10-28T00:00:00Z,player_points_rebounds_assists,37.5,bovada,2025-10-27T14:54:45Z,2025-10-27T14:55:49Z,-190.0,145.0
Zion Williamson,Boston Celtics @ New Orleans Pelicans,2025-10-28T00:00:00Z,player_points_rebounds_assists,38.5,bovada,2025-10-27T14:54:45Z,2025-10-27T14:55:49Z,-160.0,120.0
Zion Williamson,Boston Celtics @ New Orleans Pelicans,2025-10-28T00:00:00Z,player_points_rebounds_assists,39.5,bovada,2025-10-27T14:54:45Z,2025-10-27T14:55:49Z,-135.0,105.0
Zion Williamson,Boston Celtics @ New Orleans Pelicans,2025-10-28T00:00:00Z,player_points_rebounds_assists,40.5,bovada,2025-10-27T14:54:45Z,2025-10-27T14:55:49Z,-120.0,-110.0
Zion Williamson,Boston Celtics @ New Orleans Pelicans,2025-10-28T00:00:00Z,player_points_rebounds_assists,41.5,bovada,2025-10-27T14:54:45Z,2025-10-27T14:55:49Z,100.0,-130.0
Zion Williamson,Boston Celtics @ New Orleans Pelicans,2025-10-28T00:00:00Z,player_points_rebounds_assists,42.5,bovada,2025-10-27T14:54:45Z,2025-10-27T14:55:49Z,115.0,-150.0
Zion Williamson,Boston Celtics @ New Orleans Pelicans,2025-10-28T00:00:00Z,player_points_rebounds_assists,43.5,bovada,2025-10-27T14:54:45Z,2025-10-27T14:55:49Z,135.0,-180.0
Zion Williamson,Boston Celtics @ New Orleans Pelicans,2025-10-28T00:00:00Z,player_points_rebounds_assists,44.5,bovada,2025-10-27T14:54:45Z,2025-10-27T14:55:49Z,155.0,-210.0
Zion Williamson,Boston Celtics @ New Orleans Pelicans,2025-10-28T00:00:00Z,player_points_rebounds_assists,45.5,bovada,2025-10-27T14:54:45Z,2025-10-27T14:55:49Z,175.0,-240.0
Zion Williamson,Boston Celtics @ New Orleans Pelicans,2025-10-28T00:00:00Z,player_points_rebounds_assists,46.5,bovada,2025-10-27T14:54:45Z,2025-10-27T14:55:49Z,205.0,-280.0
Herb Jones,Boston Celtics @ New Orleans Pelicans,2025-10-28T00:00:00Z,player_rebounds,3.5,bovada,2025-10-27T14:54:45Z,2025-10-27T14:55:49Z,-185.0,140.0
Herb Jones,Boston Celtics @ New Orleans Pelicans,2025-10-28T00:00:00Z,player_rebounds,4.5,bovada,2025-10-27T14:54:45Z,2025-10-27T14:55:49Z,110.0,-145.0
Herb Jones,Boston Celtics @ New Orleans Pelicans,2025-10-28T00:00:00Z,player_rebounds,5.5,bovada,2025-10-27T14:54:45Z,2025-10-27T14:55:49Z,210.0,-290.0
Jordan Poole,Boston Celtics @ New Orleans Pelicans,2025-10-28T00:00:00Z,player_rebounds,2.5,bovada,2025-10-27T14:54:45Z,2025-10-27T14:55:49Z,-165.0,125.0
Jordan Poole,Boston Celtics @ New Orleans Pelicans,2025-10-28T00:00:00Z,player_rebounds,3.5,bovada,2025-10-27T14:54:45Z,2025-10-27T14:55:49Z,140.0,-185.0
Trey Murphy III,Boston Celtics @ New Orleans Pelicans,2025-10-28T00:00:00Z,player_rebounds,4.5,bovada,2025-10-27T14:54:45Z,2025-10-27T14:55:49Z,-275.0,200.0
Trey Murphy III,Boston Celtics @ New Orleans Pelicans,2025-10-28T00:00:00Z,player_rebounds,5.5,bovada,2025-10-27T14:54:45Z,2025-10-27T14:55:49Z,-135.0,105.0
Trey Murphy III,Boston Celtics @ New Orleans Pelicans,2025-10-28T00:00:00Z,player_rebounds,6.5,bovada,2025-10-27T14:54:45Z,2025-10-27T14:55:49Z,130.0,-170.0
Zion Williamson,Boston Celtics @ New Orleans Pelicans,2025-10-28T00:00:00Z,player_rebounds,6.5,bovada,2025-10-27T14:54:45Z,2025-10-27T14:55:49Z,-240.0,175.0
Zion Williamson,Boston Celtics @ New Orleans Pelicans,2025-10-28T00:00:00Z,player_rebounds,7.5,bovada,2025-10-27T14:54:45Z,2025-10-27T14:55:49Z,-135.0,105.0
Zion Williamson,Boston Celtics @ New Orleans Pelicans,2025-10-28T00:00:00Z,player_rebounds,8.5,bovada,2025-10-27T14:54:45Z,2025-10-27T14:55:49Z,120.0,-160.0
Zion Williamson,Boston Celtics @ New Orleans Pelicans,2025-10-28T00:00:00Z,player_rebounds,9.5,bovada,2025-10-27T14:54:45Z,2025-10-27T14:55:49Z,200.0,-275.0
Derrick White,Boston Celtics @ New Orleans Pelicans,2025-10-28T00:00:00Z,player_threes,4.5,bovada,2025-10-27T14:54:45Z,2025-10-27T14:55:49Z,180.0,-245.0
Herb Jones,Boston Celtics @ New Orleans Pelicans,2025-10-28T00:00:00Z,player_threes,1.5,bovada,2025-10-27T14:54:45Z,2025-10-27T14:55:49Z,130.0,-170.0
Jordan Poole,Boston Celtics @ New Orleans Pelicans,2025-10-28T00:00:00Z,player_threes,2.5,bovada,2025-10-27T14:54:45Z,2025-10-27T14:55:49Z,-115.0,-115.0
Trey Murphy III,Boston Celtics @ New Orleans Pelicans,2025-10-28T00:00:00Z,player_threes,2.5,bovada,2025-10-27T14:54:45Z,2025-10-27T14:55:49Z,-135.0,105.0
Trey Murphy III,Boston Celtics @ New Orleans Pelicans,2025-10-28T00:00:00Z,player_threes,3.5,bovada,2025-10-27T14:54:45Z,2025-10-27T14:55:49Z,180.0,-245.0
Zion Williamson,Boston Celtics @ New Orleans Pelicans,2025-10-28T00:00:00Z,player_triple_double,,bovada,2025-10-27T14:54:45Z,2025-10-27T14:55:49Z,,
Alperen Sengun,Brooklyn Nets @ Houston Rockets,2025-10-28T00:00:00Z,player_assists,6.5,draftkings,2025-10-27T14:54:53Z,2025-10-27T14:55:15Z,104.0,-134.0
Amen Thompson,Brooklyn Nets @ Houston Rockets,2025-10-28T00:00:00Z,player_assists,5.5,draftkings,2025-10-27T14:54:53Z,2025-10-27T14:55:15Z,105.0,-136.0
Cam Thomas,Brooklyn Nets @ Houston Rockets,2025-10-28T00:00:00Z,player_assists,3.5,draftkings,2025-10-27T14:54:53Z,2025-10-27T14:55:15Z,-162.0,125.0
Kevin Durant,Brooklyn Nets @ Houston Rockets,2025-10-28T00:00:00Z,player_assists,3.5,draftkings,2025-10-27T14:54:53Z,2025-10-27T14:55:15Z,117.0,-152.0
Nicolas Claxton,Brooklyn Nets @ Houston Rockets,2025-10-28T00:00:00Z,player_assists,2.5,draftkings,2025-10-27T14:54:53Z,2025-10-27T14:55:15Z,117.0,-152.0
Michael Porter Jr,Brooklyn Nets @ Houston Rockets,2025-10-28T00:00:00Z,player_assists,2.5,draftkings,2025-10-27T14:54:53Z,2025-10-27T14:55:15Z,119.0,-155.0
Amen Thompson,Brooklyn Nets @ Houston Rockets,2025-10-28T00:00:00Z,player_blocks,0.5,draftkings,2025-10-27T14:54:53Z,2025-10-27T14:55:15Z,-246.0,182.0
Nicolas Claxton,Brooklyn Nets @ Houston Rockets,2025-10-28T00:00:00Z,player_blocks,0.5,draftkings,2025-10-27T14:54:53Z,2025-10-27T14:55:15Z,-243.0,179.0
Kevin Durant,Brooklyn Nets @ Houston Rockets,2025-10-28T00:00:00Z,player_blocks,0.5,draftkings,2025-10-27T14:54:53Z,2025-10-27T14:55:15Z,-132.0,-101.0
Michael Porter Jr,Brooklyn Nets @ Houston Rockets,2025-10-28T00:00:00Z,player_blocks,0.5,draftkings,2025-10-27T14:54:53Z,2025-10-27T14:55:15Z,138.0,-184.0
Alperen Sengun,Brooklyn Nets @ Houston Rockets,2025-10-28T00:00:00Z,player_double_double,,draftkings,2025-10-27T14:54:53Z,2025-10-27T14:55:15Z,,
Amen Thompson,Brooklyn Nets @ Houston Rockets,2025-10-28T00:00:00Z,player_double_double,,draftkings,2025-10-27T14:54:53Z,2025-10-27T14:55:15Z,,
Nicolas Claxton,Brooklyn Nets @ Houston Rockets,2025-10-28T00:00:00Z,player_double_double,,draftkings,2025-10-27T14:54:53Z,2025-10-27T14:55:15Z,,
Jabari Smith Jr,Brooklyn Nets @ Houston Rockets,2025-10-28T00:00:00Z,player_double_double,,draftkings,2025-10-27T14:54:53Z,2025-10-27T14:55:15Z,,
Michael Porter Jr,Brooklyn Nets @ Houston Rockets,2025-10-28T00:00:00Z,player_double_double,,draftkings,2025-10-27T14:54:53Z,2025-10-27T14:55:15Z,,
Kevin Durant,Brooklyn Nets @ Houston Rockets,2025-10-28T00:00:00Z,player_double_double,,draftkings,2025-10-27T14:54:53Z,2025-10-27T14:55:15Z,,
Kevin Durant,Brooklyn Nets @ Houston Rockets,2025-10-28T00:00:00Z,player_points,25.5,draftkings,2025-10-27T14:54:53Z,2025-10-27T14:55:15Z,-108.0,-118.0
Cam Thomas,Brooklyn Nets @ Houston Rockets,2025-10-28T00:00:00Z,player_points,23.5,draftkings,2025-10-27T14:54:53Z,2025-10-27T14:55:15Z,-110.0,-116.0
Alperen Sengun,Brooklyn Nets @ Houston Rockets,2025-10-28T00:00:00Z,player_points,21.5,draftkings,2025-10-27T14:54:53Z,2025-10-27T14:55:15Z,-110.0,-116.0
Michael Porter Jr,Brooklyn Nets @ Houston Rockets,2025-10-28T00:00:00Z,player_points,17.5,draftkings,2025-10-27T14:54:53Z,2025-10-27T14:55:15Z,-112.0,-114.0
Amen Thompson,Brooklyn Nets @ Houston Rockets,2025-10-28T00:00:00Z,player_points,16.5,draftkings,2025-10-27T14:54:53Z,2025-10-27T14:55:15Z,-102.0,-124.0
Jabari Smith Jr,Brooklyn Nets @ Houston Rockets,2025-10-28T00:00:00Z,player_points,13.5,draftkings,2025-10-27T14:54:53Z,2025-10-27T14:55:15Z,-106.0,-120.0
Nicolas Claxton,Brooklyn Nets @ Houston Rockets,2025-10-28T00:00:00Z,player_points,10.5,draftkings,2025-10-27T14:54:53Z,2025-10-27T14:55:15Z,105.0,-134.0
Alperen Sengun,Brooklyn Nets @ Houston Rockets,2025-10-28T00:00:00Z,player_points_rebounds_assists,36.5,draftkings,2025-10-27T14:54:53Z,2025-10-27T14:54:05Z,-124.0,-105.0
Kevin Durant,Brooklyn Nets @ Houston Rockets,2025-10-28T00:00:00Z,player_points_rebounds_assists,33.5,draftkings,2025-10-27T14:54:53Z,2025-10-27T14:54:05Z,-116.0,-111.0
Cam Thomas,Brooklyn Nets @ Houston Rockets,2025-10-28T00:00:00Z,player_points_rebounds_assists,30.5,draftkings,2025-10-27T14:54:53Z,2025-10-27T14:54:05Z,-104.0,-124.0
Amen Thompson,Brooklyn Nets @ Houston Rockets,2025-10-28T00:00:00Z,player_points_rebounds_assists,27.5,draftkings,2025-10-27T14:54:53Z,2025-10-27T14:54:05Z,-121.0,-107.0
Michael Porter Jr,Brooklyn Nets @ Houston Rockets,2025-10-28T00:00:00Z,player_points_rebounds_assists,25.5,draftkings,2025-10-27T14:54:53Z,2025-10-27T14:54:05Z,-106.0,-122.0
Nicolas Claxton,Brooklyn Nets @ Houston Rockets,2025-10-28T00:00:00Z,player_points_rebounds_assists,19.5,draftkings,2025-10-27T14:54:53Z,2025-10-27T14:54:05Z,-118.0,-109.0
Alperen Sengun,Brooklyn Nets @ Houston Rockets,2025-10-28T00:00:00Z,player_rebounds,9.5,draftkings,2025-10-27T14:54:53Z,2025-10-27T14:55:15Z,112.0,-145.0
Steven Adams,Brooklyn Nets @ Houston Rockets,2025-10-28T00:00:00Z,player_rebounds,8.5,draftkings,2025-10-27T14:54:53Z,2025-10-27T14:55:15Z,-133.0,103.0
Nicolas Claxton,Brooklyn Nets @ Houston Rockets,2025-10-28T00:00:00Z,player_rebounds,7.5,draftkings,2025-10-27T14:54:53Z,2025-10-27T14:55:15Z,116.0,-151.0
Amen Thompson,Brooklyn Nets @ Houston Rockets,2025-10-28T00:00:00Z,player_rebounds,5.5,draftkings,2025-10-27T14:54:53Z,2025-10-27T14:55:15Z,-152.0,117.0
Jabari Smith Jr,Brooklyn Nets @ Houston Rockets,2025-10-28T00:00:00Z,player_rebounds,5.5,draftkings,2025-10-27T14:54:53Z,2025-10-27T14:55:15Z,-134.0,103.0
Michael Porter Jr,Brooklyn Nets @ Houston Rockets,2025-10-28T00:00:00Z,player_rebounds,5.5,draftkings,2025-10-27T14:54:53Z,2025-10-27T14:55:15Z,102.0,-132.0
Kevin Durant,Brooklyn Nets @ Houston Rockets,2025-10-28T00:00:00Z,player_rebounds,4.5,draftkings,2025-10-27T14:54:53Z,2025-10-27T14:55:15Z,-134.0,103.0
Cam Thomas,Brooklyn Nets @ Houston Rockets,2025-10-28T00:00:00Z,player_rebounds,2.5,draftkings,2025-10-27T14:54:53Z,2025-10-27T14:55:15Z,109.0,-142.0
Alperen Sengun,Brooklyn Nets @ Houston Rockets,2025-10-28T00:00:00Z,player_steals,1.5,draftkings,2025-10-27T14:54:53Z,2025-10-27T14:55:15Z,144.0,-194.0
Amen Thompson,Brooklyn Nets @ Houston Rockets,2025-10-28T00:00:00Z,player_steals,1.5,draftkings,2025-10-27T14:54:53Z,2025-10-27T14:55:15Z,155.0,-208.0
Michael Porter Jr,Brooklyn Nets @ Houston Rockets,2025-10-28T00:00:00Z,player_steals,0.5,draftkings,2025-10-27T14:54:53Z,2025-10-27T14:55:15Z,-144.0,108.0
Nicolas Claxton,Brooklyn Nets @ Houston Rockets,2025-10-28T00:00:00Z,player_steals,0.5,draftkings,2025-10-27T14:54:53Z,2025-10-27T14:55:15Z,-134.0,101.0
Kevin Durant,Brooklyn Nets @ Houston Rockets,2025-10-28T00:00:00Z,player_steals,0.5,draftkings,2025-10-27T14:54:53Z,2025-10-27T14:55:15Z,-116.0,-114.0
Michael Porter Jr,Brooklyn Nets @ Houston Rockets,2025-10-28T00:00:00Z,player_threes,2.5,draftkings,2025-10-27T14:54:53Z,2025-10-27T14:55:15Z,-152.0,117.0
Cam Thomas,Brooklyn Nets @ Houston Rockets,2025-10-28T00:00:00Z,player_threes,2.5,draftkings,2025-10-27T14:54:53Z,2025-10-27T14:55:15Z,-113.0,-114.0
Kevin Durant,Brooklyn Nets @ Houston Rockets,2025-10-28T00:00:00Z,player_threes,2.5,draftkings,2025-10-27T14:54:53Z,2025-10-27T14:55:15Z,120.0,-156.0
Jabari Smith Jr,Brooklyn Nets @ Houston Rockets,2025-10-28T00:00:00Z,player_threes,2.5,draftkings,2025-10-27T14:54:53Z,2025-10-27T14:55:15Z,143.0,-186.0
Alperen Sengun,Brooklyn Nets @ Houston Rockets,2025-10-28T00:00:00Z,player_threes,0.5,draftkings,2025-10-27T14:54:53Z,2025-10-27T14:55:15Z,-125.0,-104.0
Alperen Sengun,Brooklyn Nets @ Houston Rockets,2025-10-28T00:00:00Z,player_triple_double,,draftkings,2025-10-27T14:54:53Z,2025-10-27T14:55:15Z,,
Alperen Sengun,Brooklyn Nets @ Houston Rockets,2025-10-28T00:00:00Z,player_assists,6.5,fanatics,2025-10-27T14:55:17Z,2025-10-27T14:56:02Z,105.0,-140.0
Amen Thompson,Brooklyn Nets @ Houston Rockets,2025-10-28T00:00:00Z,player_assists,5.5,fanatics,2025-10-27T14:55:17Z,2025-10-27T14:56:02Z,110.0,-145.0
Kevin Durant,Brooklyn Nets @ Houston Rockets,2025-10-28T00:00:00Z,player_assists,3.5,fanatics,2025-10-27T14:55:17Z,2025-10-27T14:56:02Z,120.0,-165.0
Cam Thomas,Brooklyn Nets @ Houston Rockets,2025-10-28T00:00:00Z,player_assists,3.5,fanatics,2025-10-27T14:55:17Z,2025-10-27T14:56:02Z,-150.0,115.0
Nicolas Claxton,Brooklyn Nets @ Houston Rockets,2025-10-28T00:00:00Z,player_assists,2.5,fanatics,2025-10-27T14:55:17Z,2025-10-27T14:56:02Z,110.0,-145.0
Michael Porter Jr,Brooklyn Nets @ Houston Rockets,2025-10-28T00:00:00Z,player_assists,2.5,fanatics,2025-10-27T14:55:17Z,2025-10-27T14:56:02Z,120.0,-165.0
Ben Saraf,Brooklyn Nets @ Houston Rockets,2025-10-28T00:00:00Z,player_assists,2.5,fanatics,2025-10-27T14:55:17Z,2025-10-27T14:56:02Z,-120.0,-110.0
Josh Okogie,Brooklyn Nets @ Houston Rockets,2025-10-28T00:00:00Z,player_assists,1.5,fanatics,2025-10-27T14:55:17Z,2025-10-27T14:56:02Z,155.0,-250.0
Tari Eason,Brooklyn Nets @ Houston Rockets,2025-10-28T00:00:00Z,player_assists,1.5,fanatics,2025-10-27T14:55:17Z,2025-10-27T14:56:02Z,100.0,-130.0
Jabari Smith Jr,Brooklyn Nets @ Houston Rockets,2025-10-28T00:00:00Z,player_assists,1.5,fanatics,2025-10-27T14:55:17Z,2025-10-27T14:56:02Z,130.0,-190.0
Steven Adams,Brooklyn Nets @ Houston Rockets,2025-10-28T00:00:00Z,player_assists,2.5,fanatics,2025-10-27T14:55:17Z,2025-10-27T14:56:02Z,125.0,-175.0
Terance Mann,Brooklyn Nets @ Houston Rockets,2025-10-28T00:00:00Z,player_assists,1.5,fanatics,2025-10-27T14:55:17Z,2025-10-27T14:56:02Z,-175.0,125.0
Reed Sheppard,Brooklyn Nets @ Houston Rockets,2025-10-28T00:00:00Z,player_assists,2.5,fanatics,2025-10-27T14:55:17Z,2025-10-27T14:56:02Z,-165.0,120.0
Egor Demin,Brooklyn Nets @ Houston Rockets,2025-10-28T00:00:00Z,player_assists,3.5,fanatics,2025-10-27T14:55:17Z,2025-10-27T14:56:02Z,-115.0,-115.0
Noah Clowney,Brooklyn Nets @ Houston Rockets,2025-10-28T00:00:00Z,player_assists,1.5,fanatics,2025-10-27T14:55:17Z,2025-10-27T14:56:02Z,150.0,-240.0
Day'Ron Sharpe,Brooklyn Nets @ Houston Rockets,2025-10-28T00:00:00Z,player_assists,1.5,fanatics,2025-10-27T14:55:17Z,2025-10-27T14:56:02Z,-125.0,-105.0
Kevin Durant,Brooklyn Nets @ Houston Rockets,2025-10-28T00:00:00Z,player_double_double,,fanatics,2025-10-27T14:55:17Z,2025-10-27T14:56:02Z,,
Alperen Sengun,Brooklyn Nets @ Houston Rockets,2025-10-28T00:00:00Z,player_double_double,,fanatics,2025-10-27T14:55:17Z,2025-10-27T14:56:02Z,,
Amen Thompson,Brooklyn Nets @ Houston Rockets,2025-10-28T00:00:00Z,player_double_double,,fanatics,2025-10-27T14:55:17Z,2025-10-27T14:56:02Z,,
Jabari Smith Jr,Brooklyn Nets @ Houston Rockets,2025-10-28T00:00:00Z,player_double_double,,fanatics,2025-10-27T14:55:17Z,2025-10-27T14:56:02Z,,
Cam Thomas,Brooklyn Nets @ Houston Rockets,2025-10-28T00:00:00Z,player_double_double,,fanatics,2025-10-27T14:55:17Z,2025-10-27T14:56:02Z,,
Michael Porter Jr,Brooklyn Nets @ Houston Rockets,2025-10-28T00:00:00Z,player_double_double,,fanatics,2025-10-27T14:55:17Z,2025-10-27T14:56:02Z,,
Nicolas Claxton,Brooklyn Nets @ Houston Rockets,2025-10-28T00:00:00Z,player_double_double,,fanatics,2025-10-27T14:55:17Z,2025-10-27T14:56:02Z,,
Tari Eason,Brooklyn Nets @ Houston Rockets,2025-10-28T00:00:00Z,player_double_double,,fanatics,2025-10-27T14:55:17Z,2025-10-27T14:56:02Z,,
Steven Adams,Brooklyn Nets @ Houston Rockets,2025-10-28T00:00:00Z,player_double_double,,fanatics,2025-10-27T14:55:17Z,2025-10-27T14:56:02Z,,
Egor Demin,Brooklyn Nets @ Houston Rockets,2025-10-28T00:00:00Z,player_double_double,,fanatics,2025-10-27T14:55:17Z,2025-10-27T14:56:02Z,,
Day'Ron Sharpe,Brooklyn Nets @ Houston Rockets,2025-10-28T00:00:00Z,player_double_double,,fanatics,2025-10-27T14:55:17Z,2025-10-27T14:56:02Z,,
Amen Thompson,Brooklyn Nets @ Houston Rockets,2025-10-28T00:00:00Z,player_points,16.5,fanatics,2025-10-27T14:55:17Z,2025-10-27T14:56:02Z,-105.0,-125.0
Jabari Smith Jr,Brooklyn Nets @ Houston Rockets,2025-10-28T00:00:00Z,player_points,13.5,fanatics,2025-10-27T14:55:17Z,2025-10-27T14:56:02Z,100.0,-130.0
Alperen Sengun,Brooklyn Nets @ Houston Rockets,2025-10-28T00:00:00Z,player_points,21.5,fanatics,2025-10-27T14:55:17Z,2025-10-27T14:56:02Z,-125.0,-105.0
Kevin Durant,Brooklyn Nets @ Houston Rockets,2025-10-28T00:00:00Z,player_points,25.5,fanatics,2025-10-27T14:55:17Z,2025-10-27T14:56:02Z,-115.0,-115.0
Cam Thomas,Brooklyn Nets @ Houston Rockets,2025-10-28T00:00:00Z,player_points,23.5,fanatics,2025-10-27T14:55:17Z,2025-10-27T14:56:02Z,-110.0,-120.0
Nicolas Claxton,Brooklyn Nets @ Houston Rockets,2025-10-28T00:00:00Z,player_points,10.5,fanatics,2025-10-27T14:55:17Z,2025-10-27T14:56:02Z,105.0,-140.0
Michael Porter Jr,Brooklyn Nets @ Houston Rockets,2025-10-28T00:00:00Z,player_points,17.5,fanatics,2025-10-27T14:55:17Z,2025-10-27T14:56:02Z,-115.0,-115.0
Ben Saraf,Brooklyn Nets @ Houston Rockets,2025-10-28T00:00:00Z,player_points,4.5,fanatics,2025-10-27T14:55:17Z,2025-10-27T14:56:02Z,-140.0,105.0
Josh Okogie,Brooklyn Nets @ Houston Rockets,2025-10-28T00:00:00Z,player_points,6.5,fanatics,2025-10-27T14:55:17Z,2025-10-27T14:56:02Z,-130.0,100.0
Tari Eason,Brooklyn Nets @ Houston Rockets,2025-10-28T00:00:00Z,player_points,9.5,fanatics,2025-10-27T14:55:17Z,2025-10-27T14:56:02Z,-120.0,-110.0
Steven Adams,Brooklyn Nets @ Houston Rockets,2025-10-28T00:00:00Z,player_points,6.5,fanatics,2025-10-27T14:55:17Z,2025-10-27T14:56:02Z,-125.0,-105.0
Terance Mann,Brooklyn Nets @ Houston Rockets,2025-10-28T00:00:00Z,player_points,7.5,fanatics,2025-10-27T14:55:17Z,2025-10-27T14:56:02Z,-110.0,-120.0
Egor Demin,Brooklyn Nets @ Houston Rockets,2025-10-28T00:00:00Z,player_points,7.5,fanatics,2025-10-27T14:55:17Z,2025-10-27T14:56:02Z,-115.0,-115.0
Reed Sheppard,Brooklyn Nets @ Houston Rockets,2025-10-28T00:00:00Z,player_points,9.5,fanatics,2025-10-27T14:55:17Z,2025-10-27T14:56:02Z,-105.0,-125.0
Noah Clowney,Brooklyn Nets @ Houston Rockets,2025-10-28T00:00:00Z,player_points,7.5,fanatics,2025-10-27T14:55:17Z,2025-10-27T14:56:02Z,-140.0,105.0
Day'Ron Sharpe,Brooklyn Nets @ Houston Rockets,2025-10-28T00:00:00Z,player_points,6.5,fanatics,2025-10-27T14:55:17Z,2025-10-27T14:56:02Z,-115.0,-115.0
Amen Thompson,Brooklyn Nets @ Houston Rockets,2025-10-28T00:00:00Z,player_points_rebounds_assists,27.5,fanatics,2025-10-27T14:55:17Z,2025-10-27T14:56:02Z,-125.0,-105.0
Nicolas Claxton,Brooklyn Nets @ Houston Rockets,2025-10-28T00:00:00Z,player_points_rebounds_assists,19.5,fanatics,2025-10-27T14:55:17Z,2025-10-27T14:56:02Z,-125.0,-105.0
Cam Thomas,Brooklyn Nets @ Houston Rockets,2025-10-28T00:00:00Z,player_points_rebounds_assists,29.5,fanatics,2025-10-27T14:55:17Z,2025-10-27T14:56:02Z,-120.0,-110.0
Michael Porter Jr,Brooklyn Nets @ Houston Rockets,2025-10-28T00:00:00Z,player_points_rebounds_assists,25.5,fanatics,2025-10-27T14:55:17Z,2025-10-27T14:56:02Z,-110.0,-120.0
Alperen Sengun,Brooklyn Nets @ Houston Rockets,2025-10-28T00:00:00Z,player_points_rebounds_assists,37.5,fanatics,2025-10-27T14:55:17Z,2025-10-27T14:56:02Z,-115.0,-115.0
Kevin Durant,Brooklyn Nets @ Houston Rockets,2025-10-28T00:00:00Z,player_points_rebounds_assists,33.5,fanatics,2025-10-27T14:55:17Z,2025-10-27T14:56:02Z,-120.0,-110.0
Ben Saraf,Brooklyn Nets @ Houston Rockets,2025-10-28T00:00:00Z,player_points_rebounds_assists,10.5,fanatics,2025-10-27T14:55:17Z,2025-10-27T14:56:02Z,105.0,-140.0
Josh Okogie,Brooklyn Nets @ Houston Rockets,2025-10-28T00:00:00Z,player_points_rebounds_assists,11.5,fanatics,2025-10-27T14:55:17Z,2025-10-27T14:56:02Z,105.0,-140.0
Tari Eason,Brooklyn Nets @ Houston Rockets,2025-10-28T00:00:00Z,player_points_rebounds_assists,16.5,fanatics,2025-10-27T14:55:17Z,2025-10-27T14:56:02Z,-115.0,-115.0
Steven Adams,Brooklyn Nets @ Houston Rockets,2025-10-28T00:00:00Z,player_points_rebounds_assists,18.5,fanatics,2025-10-27T14:55:17Z,2025-10-27T14:56:02Z,100.0,-130.0
Terance Mann,Brooklyn Nets @ Houston Rockets,2025-10-28T00:00:00Z,player_points_rebounds_assists,12.5,fanatics,2025-10-27T14:55:17Z,2025-10-27T14:56:02Z,-105.0,-125.0
Egor Demin,Brooklyn Nets @ Houston Rockets,2025-10-28T00:00:00Z,player_points_rebounds_assists,15.5,fanatics,2025-10-27T14:55:17Z,2025-10-27T14:56:02Z,100.0,-130.0
Reed Sheppard,Brooklyn Nets @ Houston Rockets,2025-10-28T00:00:00Z,player_points_rebounds_assists,14.5,fanatics,2025-10-27T14:55:17Z,2025-10-27T14:56:02Z,-125.0,-105.0
Noah Clowney,Brooklyn Nets @ Houston Rockets,2025-10-28T00:00:00Z,player_points_rebounds_assists,13.5,fanatics,2025-10-27T14:55:17Z,2025-10-27T14:56:02Z,105.0,-140.0
Day'Ron Sharpe,Brooklyn Nets @ Houston Rockets,2025-10-28T00:00:00Z,player_points_rebounds_assists,14.5,fanatics,2025-10-27T14:55:17Z,2025-10-27T14:56:02Z,105.0,-140.0
Jabari Smith Jr,Brooklyn Nets @ Houston Rockets,2025-10-28T00:00:00Z,player_points_rebounds_assists,20.5,fanatics,2025-10-27T14:55:17Z,2025-10-27T14:56:02Z,-115.0,-115.0
Alperen Sengun,Brooklyn Nets @ Houston Rockets,2025-10-28T00:00:00Z,player_rebounds,9.5,fanatics,2025-10-27T14:55:17Z,2025-10-27T14:56:02Z,105.0,-140.0
Kevin Durant,Brooklyn Nets @ Houston Rockets,2025-10-28T00:00:00Z,player_rebounds,4.5,fanatics,2025-10-27T14:55:17Z,2025-10-27T14:56:02Z,-140.0,105.0
Jabari Smith Jr,Brooklyn Nets @ Houston Rockets,2025-10-28T00:00:00Z,player_rebounds,5.5,fanatics,2025-10-27T14:55:17Z,2025-10-27T14:56:02Z,-140.0,105.0
Amen Thompson,Brooklyn Nets @ Houston Rockets,2025-10-28T00:00:00Z,player_rebounds,6.5,fanatics,2025-10-27T14:55:17Z,2025-10-27T14:56:02Z,115.0,-150.0
Cam Thomas,Brooklyn Nets @ Houston Rockets,2025-10-28T00:00:00Z,player_rebounds,2.5,fanatics,2025-10-27T14:55:17Z,2025-10-27T14:56:02Z,105.0,-140.0
Michael Porter Jr,Brooklyn Nets @ Houston Rockets,2025-10-28T00:00:00Z,player_rebounds,5.5,fanatics,2025-10-27T14:55:17Z,2025-10-27T14:56:02Z,100.0,-130.0
Nicolas Claxton,Brooklyn Nets @ Houston Rockets,2025-10-28T00:00:00Z,player_rebounds,6.5,fanatics,2025-10-27T14:55:17Z,2025-10-27T14:56:02Z,-145.0,110.0
Ben Saraf,Brooklyn Nets @ Houston Rockets,2025-10-28T00:00:00Z,player_rebounds,2.5,fanatics,2025-10-27T14:55:17Z,2025-10-27T14:56:02Z,130.0,-190.0
Josh Okogie,Brooklyn Nets @ Houston Rockets,2025-10-28T00:00:00Z,player_rebounds,2.5,fanatics,2025-10-27T14:55:17Z,2025-10-27T14:56:02Z,-125.0,-105.0
Tari Eason,Brooklyn Nets @ Houston Rockets,2025-10-28T00:00:00Z,player_rebounds,4.5,fanatics,2025-10-27T14:55:17Z,2025-10-27T14:56:02Z,-145.0,110.0
Steven Adams,Brooklyn Nets @ Houston Rockets,2025-10-28T00:00:00Z,player_rebounds,8.5,fanatics,2025-10-27T14:55:17Z,2025-10-27T14:56:02Z,-125.0,-105.0
Terance Mann,Brooklyn Nets @ Houston Rockets,2025-10-28T00:00:00Z,player_rebounds,2.5,fanatics,2025-10-27T14:55:17Z,2025-10-27T14:56:02Z,-125.0,-105.0
Egor Demin,Brooklyn Nets @ Houston Rockets,2025-10-28T00:00:00Z,player_rebounds,3.5,fanatics,2025-10-27T14:55:17Z,2025-10-27T14:56:02Z,-115.0,-115.0
Reed Sheppard,Brooklyn Nets @ Houston Rockets,2025-10-28T00:00:00Z,player_rebounds,2.5,fanatics,2025-10-27T14:55:17Z,2025-10-27T14:56:02Z,125.0,-175.0
Noah Clowney,Brooklyn Nets @ Houston Rockets,2025-10-28T00:00:00Z,player_rebounds,3.5,fanatics,2025-10-27T14:55:17Z,2025-10-27T14:56:02Z,-105.0,-125.0
Day'Ron Sharpe,Brooklyn Nets @ Houston Rockets,2025-10-28T00:00:00Z,player_rebounds,5.5,fanatics,2025-10-27T14:55:17Z,2025-10-27T14:56:02Z,105.0,-140.0
Kevin Durant,Brooklyn Nets @ Houston Rockets,2025-10-28T00:00:00Z,player_threes,2.5,fanatics,2025-10-27T14:55:17Z,2025-10-27T14:56:02Z,120.0,-165.0
Jabari Smith Jr,Brooklyn Nets @ Houston Rockets,2025-10-28T00:00:00Z,player_threes,1.5,fanatics,2025-10-27T14:55:17Z,2025-10-27T14:56:02Z,-210.0,135.0
Cam Thomas,Brooklyn Nets @ Houston Rockets,2025-10-28T00:00:00Z,player_threes,2.5,fanatics,2025-10-27T14:55:17Z,2025-10-27T14:56:02Z,-105.0,-125.0
Michael Porter Jr,Brooklyn Nets @ Houston Rockets,2025-10-28T00:00:00Z,player_threes,2.5,fanatics,2025-10-27T14:55:17Z,2025-10-27T14:56:02Z,-145.0,110.0
Alperen Sengun,Brooklyn Nets @ Houston Rockets,2025-10-28T00:00:00Z,player_threes,0.5,fanatics,2025-10-27T14:55:17Z,2025-10-27T14:56:02Z,-125.0,-105.0
Ben Saraf,Brooklyn Nets @ Houston Rockets,2025-10-28T00:00:00Z,player_threes,0.5,fanatics,2025-10-27T14:55:17Z,2025-10-27T14:56:02Z,105.0,-140.0
Josh Okogie,Brooklyn Nets @ Houston Rockets,2025-10-28T00:00:00Z,player_threes,0.5,fanatics,2025-10-27T14:55:17Z,2025-10-27T14:56:02Z,-165.0,120.0
Tari Eason,Brooklyn Nets @ Houston Rockets,2025-10-28T00:00:00Z,player_threes,0.5,fanatics,2025-10-27T14:55:17Z,2025-10-27T14:56:02Z,-250.0,155.0
Amen Thompson,Brooklyn Nets @ Houston Rockets,2025-10-28T00:00:00Z,player_threes,0.5,fanatics,2025-10-27T14:55:17Z,2025-10-27T14:56:02Z,110.0,-145.0
Terance Mann,Brooklyn Nets @ Houston Rockets,2025-10-28T00:00:00Z,player_threes,0.5,fanatics,2025-10-27T14:55:17Z,2025-10-27T14:56:02Z,-225.0,140.0
Egor Demin,Brooklyn Nets @ Houston Rockets,2025-10-28T00:00:00Z,player_threes,1.5,fanatics,2025-10-27T14:55:17Z,2025-10-27T14:56:02Z,120.0,-165.0
Reed Sheppard,Brooklyn Nets @ Houston Rockets,2025-10-28T00:00:00Z,player_threes,1.5,fanatics,2025-10-27T14:55:17Z,2025-10-27T14:56:02Z,-140.0,105.0
Noah Clowney,Brooklyn Nets @ Houston Rockets,2025-10-28T00:00:00Z,player_threes,1.5,fanatics,2025-10-27T14:55:17Z,2025-10-27T14:56:02Z,110.0,-145.0
Day'Ron Sharpe,Brooklyn Nets @ Houston Rockets,2025-10-28T00:00:00Z,player_threes,0.5,fanatics,2025-10-27T14:55:17Z,2025-10-27T14:56:02Z,240.0,-425.0
Alperen Sengun,Brooklyn Nets @ Houston Rockets,2025-10-28T00:00:00Z,player_triple_double,,fanatics,2025-10-27T14:55:17Z,2025-10-27T14:56:02Z,,
Alperen Sengun,Brooklyn Nets @ Houston Rockets,2025-10-28T00:00:00Z,player_assists,6.5,williamhill_us,2025-10-27T14:54:59Z,2025-10-27T14:55:09Z,100.0,-136.0
Kevin Durant,Brooklyn Nets @ Houston Rockets,2025-10-28T00:00:00Z,player_assists,3.5,williamhill_us,2025-10-27T14:54:59Z,2025-10-27T14:55:09Z,120.0,-162.0
Nicolas Claxton,Brooklyn Nets @ Houston Rockets,2025-10-28T00:00:00Z,player_assists,2.5,williamhill_us,2025-10-27T14:54:59Z,2025-10-27T14:55:09Z,115.0,-162.0
Michael Porter Jr,Brooklyn Nets @ Houston Rockets,2025-10-28T00:00:00Z,player_assists,2.5,williamhill_us,2025-10-27T14:54:59Z,2025-10-27T14:55:09Z,120.0,-162.0
Amen Thompson,Brooklyn Nets @ Houston Rockets,2025-10-28T00:00:00Z,player_assists,5.5,williamhill_us,2025-10-27T14:54:59Z,2025-10-27T14:55:09Z,105.0,-143.0
Cam Thomas,Brooklyn Nets @ Houston Rockets,2025-10-28T00:00:00Z,player_assists,3.5,williamhill_us,2025-10-27T14:54:59Z,2025-10-27T14:55:09Z,-157.0,115.0
Alperen Sengun,Brooklyn Nets @ Houston Rockets,2025-10-28T00:00:00Z,player_double_double,,williamhill_us,2025-10-27T14:54:59Z,2025-10-27T14:55:09Z,,
Amen Thompson,Brooklyn Nets @ Houston Rockets,2025-10-28T00:00:00Z,player_double_double,,williamhill_us,2025-10-27T14:54:59Z,2025-10-27T14:55:09Z,,
Nicolas Claxton,Brooklyn Nets @ Houston Rockets,2025-10-28T00:00:00Z,player_double_double,,williamhill_us,2025-10-27T14:54:59Z,2025-10-27T14:55:09Z,,
Jabari Smith Jr,Brooklyn Nets @ Houston Rockets,2025-10-28T00:00:00Z,player_double_double,,williamhill_us,2025-10-27T14:54:59Z,2025-10-27T14:55:09Z,,
Michael Porter Jr,Brooklyn Nets @ Houston Rockets,2025-10-28T00:00:00Z,player_double_double,,williamhill_us,2025-10-27T14:54:59Z,2025-10-27T14:55:09Z,,
Kevin Durant,Brooklyn Nets @ Houston Rockets,2025-10-28T00:00:00Z,player_double_double,,williamhill_us,2025-10-27T14:54:59Z,2025-10-27T14:55:09Z,,
Alperen Sengun,Brooklyn Nets @ Houston Rockets,2025-10-28T00:00:00Z,player_points,21.5,williamhill_us,2025-10-27T14:54:59Z,2025-10-27T14:55:09Z,-124.0,-109.0
Cam Thomas,Brooklyn Nets @ Houston Rockets,2025-10-28T00:00:00Z,player_points,23.5,williamhill_us,2025-10-27T14:54:59Z,2025-10-27T14:55:09Z,-109.0,-124.0
Amen Thompson,Brooklyn Nets @ Houston Rockets,2025-10-28T00:00:00Z,player_points,16.5,williamhill_us,2025-10-27T14:54:59Z,2025-10-27T14:55:09Z,-106.0,-127.0
Nicolas Claxton,Brooklyn Nets @ Houston Rockets,2025-10-28T00:00:00Z,player_points,9.5,williamhill_us,2025-10-27T14:54:59Z,2025-10-27T14:55:09Z,-127.0,-106.0
Jabari Smith Jr,Brooklyn Nets @ Houston Rockets,2025-10-28T00:00:00Z,player_points,13.5,williamhill_us,2025-10-27T14:54:59Z,2025-10-27T14:55:09Z,-112.0,-121.0
Kevin Durant,Brooklyn Nets @ Houston Rockets,2025-10-28T00:00:00Z,player_points,25.5,williamhill_us,2025-10-27T14:54:59Z,2025-10-27T14:55:09Z,-115.0,-117.0
Michael Porter Jr,Brooklyn Nets @ Houston Rockets,2025-10-28T00:00:00Z,player_points,17.5,williamhill_us,2025-10-27T14:54:59Z,2025-10-27T14:55:09Z,-113.0,-120.0
Jabari Smith Jr,Brooklyn Nets @ Houston Rockets,2025-10-28T00:00:00Z,player_rebounds,5.5,williamhill_us,2025-10-27T14:54:59Z,2025-10-27T14:55:09Z,-143.0,105.0
Kevin Durant,Brooklyn Nets @ Houston Rockets,2025-10-28T00:00:00Z,player_rebounds,4.5,williamhill_us,2025-10-27T14:54:59Z,2025-10-27T14:55:09Z,-145.0,105.0
Alperen Sengun,Brooklyn Nets @ Houston Rockets,2025-10-28T00:00:00Z,player_rebounds,9.5,williamhill_us,2025-10-27T14:54:59Z,2025-10-27T14:55:09Z,105.0,-141.0
Michael Porter Jr,Brooklyn Nets @ Houston Rockets,2025-10-28T00:00:00Z,player_rebounds,5.5,williamhill_us,2025-10-27T14:54:59Z,2025-10-27T14:55:09Z,-108.0,-127.0
Nicolas Claxton,Brooklyn Nets @ Houston Rockets,2025-10-28T00:00:00Z,player_rebounds,6.5,williamhill_us,2025-10-27T14:54:59Z,2025-10-27T14:55:09Z,-148.0,110.0
Amen Thompson,Brooklyn Nets @ Houston Rockets,2025-10-28T00:00:00Z,player_rebounds,6.5,williamhill_us,2025-10-27T14:54:59Z,2025-10-27T14:55:09Z,110.0,-150.0
Steven Adams,Brooklyn Nets @ Houston Rockets,2025-10-28T00:00:00Z,player_rebounds,8.5,williamhill_us,2025-10-27T14:54:59Z,2025-10-27T14:55:09Z,-130.0,-104.0
Cam Thomas,Brooklyn Nets @ Houston Rockets,2025-10-28T00:00:00Z,player_rebounds,2.5,williamhill_us,2025-10-27T14:54:59Z,2025-10-27T14:55:09Z,107.0,-140.0
Cam Thomas,Brooklyn Nets @ Houston Rockets,2025-10-28T00:00:00Z,player_threes,2.5,williamhill_us,2025-10-27T14:54:59Z,2025-10-27T14:55:09Z,-114.0,-120.0
Alperen Sengun,Brooklyn Nets @ Houston Rockets,2025-10-28T00:00:00Z,player_threes,0.5,williamhill_us,2025-10-27T14:54:59Z,2025-10-27T14:55:09Z,-129.0,-105.0
Jabari Smith Jr,Brooklyn Nets @ Houston Rockets,2025-10-28T00:00:00Z,player_threes,2.5,williamhill_us,2025-10-27T14:54:59Z,2025-10-27T14:55:09Z,145.0,-200.0
Kevin Durant,Brooklyn Nets @ Houston Rockets,2025-10-28T00:00:00Z,player_threes,2.5,williamhill_us,2025-10-27T14:54:59Z,2025-10-27T14:55:09Z,120.0,-164.0
Michael Porter Jr,Brooklyn Nets @ Houston Rockets,2025-10-28T00:00:00Z,player_threes,2.5,williamhill_us,2025-10-27T14:54:59Z,2025-10-27T14:55:09Z,-152.0,110.0
Alperen Sengun,Brooklyn Nets @ Houston Rockets,2025-10-28T00:00:00Z,player_triple_double,,williamhill_us,2025-10-27T14:54:59Z,2025-10-27T14:55:09Z,,
Amen Thompson,Brooklyn Nets @ Houston Rockets,2025-10-28T00:00:00Z,player_triple_double,,williamhill_us,2025-10-27T14:54:59Z,2025-10-27T14:55:09Z,,
Alperen Sengun,Brooklyn Nets @ Houston Rockets,2025-10-28T00:00:00Z,player_assists,6.5,fanduel,2025-10-27T14:55:19Z,2025-10-27T14:55:06Z,104.0,-138.0
Kevin Durant,Brooklyn Nets @ Houston Rockets,2025-10-28T00:00:00Z,player_assists,2.5,fanduel,2025-10-27T14:55:19Z,2025-10-27T14:55:06Z,-188.0,140.0
Amen Thompson,Brooklyn Nets @ Houston Rockets,2025-10-28T00:00:00Z,player_assists,5.5,fanduel,2025-10-27T14:55:19Z,2025-10-27T14:55:06Z,116.0,-154.0
Cam Thomas,Brooklyn Nets @ Houston Rockets,2025-10-28T00:00:00Z,player_assists,3.5,fanduel,2025-10-27T14:55:19Z,2025-10-27T14:55:06Z,-152.0,114.0
Michael Porter Jr,Brooklyn Nets @ Houston Rockets,2025-10-28T00:00:00Z,player_assists,2.5,fanduel,2025-10-27T14:55:19Z,2025-10-27T14:55:06Z,122.0,-162.0
Amen Thompson,Brooklyn Nets @ Houston Rockets,2025-10-28T00:00:00Z,player_blocks,1.5,fanduel,2025-10-27T14:55:19Z,2025-10-27T14:55:06Z,162.0,-220.0
Alperen Sengun,Brooklyn Nets @ Houston Rockets,2025-10-28T00:00:00Z,player_double_double,,fanduel,2025-10-27T14:55:19Z,2025-10-27T14:55:06Z,,
Amen Thompson,Brooklyn Nets @ Houston Rockets,2025-10-28T00:00:00Z,player_double_double,,fanduel,2025-10-27T14:55:19Z,2025-10-27T14:55:06Z,,
Nicolas Claxton,Brooklyn Nets @ Houston Rockets,2025-10-28T00:00:00Z,player_double_double,,fanduel,2025-10-27T14:55:19Z,2025-10-27T14:55:06Z,,
Jabari Smith Jr,Brooklyn Nets @ Houston Rockets,2025-10-28T00:00:00Z,player_double_double,,fanduel,2025-10-27T14:55:19Z,2025-10-27T14:55:06Z,,
Michael Porter Jr,Brooklyn Nets @ Houston Rockets,2025-10-28T00:00:00Z,player_double_double,,fanduel,2025-10-27T14:55:19Z,2025-10-27T14:55:06Z,,
Kevin Durant,Brooklyn Nets @ Houston Rockets,2025-10-28T00:00:00Z,player_double_double,,fanduel,2025-10-27T14:55:19Z,2025-10-27T14:55:06Z,,
Cam Thomas,Brooklyn Nets @ Houston Rockets,2025-10-28T00:00:00Z,player_double_double,,fanduel,2025-10-27T14:55:19Z,2025-10-27T14:55:06Z,,
Jabari Smith Jr,Brooklyn Nets @ Houston Rockets,2025-10-28T00:00:00Z,player_points,13.5,fanduel,2025-10-27T14:55:19Z,2025-10-27T14:55:06Z,-104.0,-128.0
Cam Thomas,Brooklyn Nets @ Houston Rockets,2025-10-28T00:00:00Z,player_points,22.5,fanduel,2025-10-27T14:55:19Z,2025-10-27T14:55:06Z,-125.0,-106.0
Alperen Sengun,Brooklyn Nets @ Houston Rockets,2025-10-28T00:00:00Z,player_points,21.5,fanduel,2025-10-27T14:55:19Z,2025-10-27T14:55:06Z,-128.0,-104.0
Michael Porter Jr,Brooklyn Nets @ Houston Rockets,2025-10-28T00:00:00Z,player_points,17.5,fanduel,2025-10-27T14:55:19Z,2025-10-27T14:55:06Z,-112.0,-118.0
Amen Thompson,Brooklyn Nets @ Houston Rockets,2025-10-28T00:00:00Z,player_points,16.5,fanduel,2025-10-27T14:55:19Z,2025-10-27T14:55:06Z,-106.0,-125.0
Nicolas Claxton,Brooklyn Nets @ Houston Rockets,2025-10-28T00:00:00Z,player_points,9.5,fanduel,2025-10-27T14:55:19Z,2025-10-27T14:55:06Z,-122.0,-108.0
Kevin Durant,Brooklyn Nets @ Houston Rockets,2025-10-28T00:00:00Z,player_points,25.5,fanduel,2025-10-27T14:55:19Z,2025-10-27T14:55:06Z,-114.0,-114.0
Alperen Sengun,Brooklyn Nets @ Houston Rockets,2025-10-28T00:00:00Z,player_points_rebounds_assists,37.5,fanduel,2025-10-27T14:55:19Z,2025-10-27T14:55:06Z,-122.0,-110.0
Cam Thomas,Brooklyn Nets @ Houston Rockets,2025-10-28T00:00:00Z,player_points_rebounds_assists,29.5,fanduel,2025-10-27T14:55:19Z,2025-10-27T14:55:06Z,-114.0,-114.0
Michael Porter Jr,Brooklyn Nets @ Houston Rockets,2025-10-28T00:00:00Z,player_points_rebounds_assists,25.5,fanduel,2025-10-27T14:55:19Z,2025-10-27T14:55:06Z,-114.0,-118.0
Kevin Durant,Brooklyn Nets @ Houston Rockets,2025-10-28T00:00:00Z,player_points_rebounds_assists,33.5,fanduel,2025-10-27T14:55:19Z,2025-10-27T14:55:06Z,-120.0,-110.0
Amen Thompson,Brooklyn Nets @ Houston Rockets,2025-10-28T00:00:00Z,player_points_rebounds_assists,27.5,fanduel,2025-10-27T14:55:19Z,2025-10-27T14:55:06Z,-125.0,-106.0
Michael Porter Jr,Brooklyn Nets @ Houston Rockets,2025-10-28T00:00:00Z,player_rebounds,5.5,fanduel,2025-10-27T14:55:19Z,2025-10-27T14:55:06Z,102.0,-136.0
Kevin Durant,Brooklyn Nets @ Houston Rockets,2025-10-28T00:00:00Z,player_rebounds,4.5,fanduel,2025-10-27T14:55:19Z,2025-10-27T14:55:06Z,-146.0,110.0
Amen Thompson,Brooklyn Nets @ Houston Rockets,2025-10-28T00:00:00Z,player_rebounds,6.5,fanduel,2025-10-27T14:55:19Z,2025-10-27T14:55:06Z,108.0,-144.0
Nicolas Claxton,Brooklyn Nets @ Houston Rockets,2025-10-28T00:00:00Z,player_rebounds,6.5,fanduel,2025-10-27T14:55:19Z,2025-10-27T14:55:06Z,-152.0,114.0
Jabari Smith Jr,Brooklyn Nets @ Houston Rockets,2025-10-28T00:00:00Z,player_rebounds,5.5,fanduel,2025-10-27T14:55:19Z,2025-10-27T14:55:06Z,-148.0,112.0
Alperen Sengun,Brooklyn Nets @ Houston Rockets,2025-10-28T00:00:00Z,player_rebounds,8.5,fanduel,2025-10-27T14:55:19Z,2025-10-27T14:55:06Z,-152.0,114.0
Amen Thompson,Brooklyn Nets @ Houston Rockets,2025-10-28T00:00:00Z,player_steals,1.5,fanduel,2025-10-27T14:55:19Z,2025-10-27T14:55:06Z,138.0,-186.0
Jabari Smith Jr,Brooklyn Nets @ Houston Rockets,2025-10-28T00:00:00Z,player_threes,2.5,fanduel,2025-10-27T14:55:19Z,2025-10-27T14:55:06Z,158.0,-215.0
Michael Porter Jr,Brooklyn Nets @ Houston Rockets,2025-10-28T00:00:00Z,player_threes,2.5,fanduel,2025-10-27T14:55:19Z,2025-10-27T14:55:06Z,-128.0,-102.0
Cam Thomas,Brooklyn Nets @ Houston Rockets,2025-10-28T00:00:00Z,player_threes,2.5,fanduel,2025-10-27T14:55:19Z,2025-10-27T14:55:06Z,-108.0,-122.0
Kevin Durant,Brooklyn Nets @ Houston Rockets,2025-10-28T00:00:00Z,player_threes,2.5,fanduel,2025-10-27T14:55:19Z,2025-10-27T14:55:06Z,116.0,-154.0
Alperen Sengun,Brooklyn Nets @ Houston Rockets,2025-10-28T00:00:00Z,player_threes,0.5,fanduel,2025-10-27T14:55:19Z,2025-10-27T14:55:06Z,-125.0,-106.0
Alperen Sengun,Brooklyn Nets @ Houston Rockets,2025-10-28T00:00:00Z,player_triple_double,,fanduel,2025-10-27T14:55:19Z,2025-10-27T14:55:06Z,,
Amen Thompson,Brooklyn Nets @ Houston Rockets,2025-10-28T00:00:00Z,player_triple_double,,fanduel,2025-10-27T14:55:19Z,2025-10-27T14:55:06Z,,
Michael Porter Jr,Brooklyn Nets @ Houston Rockets,2025-10-28T00:00:00Z,player_assists,2.5,betrivers,2025-10-27T14:54:42Z,2025-10-27T14:55:41Z,120.0,-159.0
Cam Thomas,Brooklyn Nets @ Houston Rockets,2025-10-28T00:00:00Z,player_assists,3.5,betrivers,2025-10-27T14:54:42Z,2025-10-27T14:55:41Z,-150.0,112.0
Amen Thompson,Brooklyn Nets @ Houston Rockets,2025-10-28T00:00:00Z,player_assists,5.5,betrivers,2025-10-27T14:54:42Z,2025-10-27T14:55:41Z,116.0,-155.0
Alperen Sengun,Brooklyn Nets @ Houston Rockets,2025-10-28T00:00:00Z,player_assists,6.5,betrivers,2025-10-27T14:54:42Z,2025-10-27T14:55:41Z,102.0,-134.0
Kevin Durant,Brooklyn Nets @ Houston Rockets,2025-10-28T00:00:00Z,player_assists,3.5,betrivers,2025-10-27T14:54:42Z,2025-10-27T14:55:41Z,112.0,-150.0
Michael Porter Jr,Brooklyn Nets @ Houston Rockets,2025-10-28T00:00:00Z,player_points,17.5,betrivers,2025-10-27T14:54:42Z,2025-10-27T14:55:41Z,-110.0,-121.0
Cam Thomas,Brooklyn Nets @ Houston Rockets,2025-10-28T00:00:00Z,player_points,22.5,betrivers,2025-10-27T14:54:42Z,2025-10-27T14:55:41Z,-121.0,-110.0
Kevin Durant,Brooklyn Nets @ Houston Rockets,2025-10-28T00:00:00Z,player_points,25.5,betrivers,2025-10-27T14:54:42Z,2025-10-27T14:55:41Z,-110.0,-121.0
Nicolas Claxton,Brooklyn Nets @ Houston Rockets,2025-10-28T00:00:00Z,player_points,9.5,betrivers,2025-10-27T14:54:42Z,2025-10-27T14:55:41Z,-124.0,-108.0
Jabari Smith Jr,Brooklyn Nets @ Houston Rockets,2025-10-28T00:00:00Z,player_points,13.5,betrivers,2025-10-27T14:54:42Z,2025-10-27T14:55:41Z,-110.0,-121.0
Alperen Sengun,Brooklyn Nets @ Houston Rockets,2025-10-28T00:00:00Z,player_points,21.5,betrivers,2025-10-27T14:54:42Z,2025-10-27T14:55:41Z,-121.0,-110.0
Amen Thompson,Brooklyn Nets @ Houston Rockets,2025-10-28T00:00:00Z,player_points,16.5,betrivers,2025-10-27T14:54:42Z,2025-10-27T14:55:41Z,-109.0,-122.0
Amen Thompson,Brooklyn Nets @ Houston Rockets,2025-10-28T00:00:00Z,player_points_rebounds_assists,28.5,betrivers,2025-10-27T14:54:42Z,2025-10-27T14:55:41Z,-113.0,-118.0
Alperen Sengun,Brooklyn Nets @ Houston Rockets,2025-10-28T00:00:00Z,player_points_rebounds_assists,38.5,betrivers,2025-10-27T14:54:42Z,2025-10-27T14:55:41Z,-108.0,-124.0
Cam Thomas,Brooklyn Nets @ Houston Rockets,2025-10-28T00:00:00Z,player_points_rebounds_assists,29.5,betrivers,2025-10-27T14:54:42Z,2025-10-27T14:55:41Z,-120.0,-112.0
Michael Porter Jr,Brooklyn Nets @ Houston Rockets,2025-10-28T00:00:00Z,player_points_rebounds_assists,25.5,betrivers,2025-10-27T14:54:42Z,2025-10-27T14:55:41Z,-114.0,-117.0
Kevin Durant,Brooklyn Nets @ Houston Rockets,2025-10-28T00:00:00Z,player_points_rebounds_assists,34.5,betrivers,2025-10-27T14:54:42Z,2025-10-27T14:55:41Z,-109.0,-121.0
Kevin Durant,Brooklyn Nets @ Houston Rockets,2025-10-28T00:00:00Z,player_rebounds,4.5,betrivers,2025-10-27T14:54:42Z,2025-10-27T14:55:41Z,-141.0,107.0
Amen Thompson,Brooklyn Nets @ Houston Rockets,2025-10-28T00:00:00Z,player_rebounds,6.5,betrivers,2025-10-27T14:54:42Z,2025-10-27T14:55:41Z,105.0,-139.0
Michael Porter Jr,Brooklyn Nets @ Houston Rockets,2025-10-28T00:00:00Z,player_rebounds,5.5,betrivers,2025-10-27T14:54:42Z,2025-10-27T14:55:41Z,102.0,-136.0
Alperen Sengun,Brooklyn Nets @ Houston Rockets,2025-10-28T00:00:00Z,player_rebounds,8.5,betrivers,2025-10-27T14:54:42Z,2025-10-27T14:55:41Z,-143.0,108.0
Cam Thomas,Brooklyn Nets @ Houston Rockets,2025-10-28T00:00:00Z,player_rebounds,2.5,betrivers,2025-10-27T14:54:42Z,2025-10-27T14:55:41Z,105.0,-139.0
Nicolas Claxton,Brooklyn Nets @ Houston Rockets,2025-10-28T00:00:00Z,player_rebounds,7.5,betrivers,2025-10-27T14:54:42Z,2025-10-27T14:55:41Z,106.0,-141.0
Jabari Smith Jr,Brooklyn Nets @ Houston Rockets,2025-10-28T00:00:00Z,player_rebounds,6.5,betrivers,2025-10-27T14:54:42Z,2025-10-27T14:55:41Z,112.0,-150.0
Jabari Smith Jr,Brooklyn Nets @ Houston Rockets,2025-10-28T00:00:00Z,player_threes,1.5,betrivers,2025-10-27T14:54:42Z,2025-10-27T14:55:41Z,-195.0,143.0
Michael Porter Jr,Brooklyn Nets @ Houston Rockets,2025-10-28T00:00:00Z,player_threes,2.5,betrivers,2025-10-27T14:54:42Z,2025-10-27T14:55:41Z,-122.0,-109.0
Cam Thomas,Brooklyn Nets @ Houston Rockets,2025-10-28T00:00:00Z,player_threes,2.5,betrivers,2025-10-27T14:54:42Z,2025-10-27T14:55:41Z,-112.0,-120.0
Kevin Durant,Brooklyn Nets @ Houston Rockets,2025-10-28T00:00:00Z,player_threes,2.5,betrivers,2025-10-27T14:54:42Z,2025-10-27T14:55:41Z,112.0,-150.0
Ben Saraf,Brooklyn Nets @ Houston Rockets,2025-10-28T00:00:00Z,player_assists,2.5,betmgm,2025-10-27T14:55:29Z,2025-10-27T14:55:51Z,-118.0,-115.0
Alperen Sengun,Brooklyn Nets @ Houston Rockets,2025-10-28T00:00:00Z,player_assists,6.5,betmgm,2025-10-27T14:55:29Z,2025-10-27T14:55:51Z,-105.0,-130.0
Josh Okogie,Brooklyn Nets @ Houston Rockets,2025-10-28T00:00:00Z,player_assists,1.5,betmgm,2025-10-27T14:55:29Z,2025-10-27T14:55:51Z,170.0,-235.0
Amen Thompson,Brooklyn Nets @ Houston Rockets,2025-10-28T00:00:00Z,player_assists,5.5,betmgm,2025-10-27T14:55:29Z,2025-10-27T14:55:51Z,105.0,-140.0
Nicolas Claxton,Brooklyn Nets @ Houston Rockets,2025-10-28T00:00:00Z,player_assists,2.5,betmgm,2025-10-27T14:55:29Z,2025-10-27T14:55:51Z,120.0,-160.0
Tari Eason,Brooklyn Nets @ Houston Rockets,2025-10-28T00:00:00Z,player_assists,1.5,betmgm,2025-10-27T14:55:29Z,2025-10-27T14:55:51Z,-105.0,-130.0
Jabari Smith Jr,Brooklyn Nets @ Houston Rockets,2025-10-28T00:00:00Z,player_assists,1.5,betmgm,2025-10-27T14:55:29Z,2025-10-27T14:55:51Z,130.0,-175.0
Steven Adams,Brooklyn Nets @ Houston Rockets,2025-10-28T00:00:00Z,player_assists,2.5,betmgm,2025-10-27T14:55:29Z,2025-10-27T14:55:51Z,125.0,-165.0
Terance Mann,Brooklyn Nets @ Houston Rockets,2025-10-28T00:00:00Z,player_assists,1.5,betmgm,2025-10-27T14:55:29Z,2025-10-27T14:55:51Z,-165.0,125.0
Michael Porter Jr,Brooklyn Nets @ Houston Rockets,2025-10-28T00:00:00Z,player_assists,2.5,betmgm,2025-10-27T14:55:29Z,2025-10-27T14:55:51Z,125.0,-165.0
Kevin Durant,Brooklyn Nets @ Houston Rockets,2025-10-28T00:00:00Z,player_assists,3.5,betmgm,2025-10-27T14:55:29Z,2025-10-27T14:55:51Z,110.0,-145.0
Egor Demin,Brooklyn Nets @ Houston Rockets,2025-10-28T00:00:00Z,player_assists,3.5,betmgm,2025-10-27T14:55:29Z,2025-10-27T14:55:51Z,-105.0,-130.0
Reed Sheppard,Brooklyn Nets @ Houston Rockets,2025-10-28T00:00:00Z,player_assists,2.5,betmgm,2025-10-27T14:55:29Z,2025-10-27T14:55:51Z,-160.0,120.0
Cam Thomas,Brooklyn Nets @ Houston Rockets,2025-10-28T00:00:00Z,player_assists,3.5,betmgm,2025-10-27T14:55:29Z,2025-10-27T14:55:51Z,-160.0,120.0
Noah Clowney,Brooklyn Nets @ Houston Rockets,2025-10-28T00:00:00Z,player_assists,1.5,betmgm,2025-10-27T14:55:29Z,2025-10-27T14:55:51Z,170.0,-225.0
Day'Ron Sharpe,Brooklyn Nets @ Houston Rockets,2025-10-28T00:00:00Z,player_assists,1.5,betmgm,2025-10-27T14:55:29Z,2025-10-27T14:55:51Z,-130.0,-105.0
Ben Saraf,Brooklyn Nets @ Houston Rockets,2025-10-28T00:00:00Z,player_blocks,0.5,betmgm,2025-10-27T14:55:29Z,2025-10-27T14:55:51Z,320.0,-525.0
Alperen Sengun,Brooklyn Nets @ Houston Rockets,2025-10-28T00:00:00Z,player_blocks,0.5,betmgm,2025-10-27T14:55:29Z,2025-10-27T14:55:51Z,135.0,-190.0
Amen Thompson,Brooklyn Nets @ Houston Rockets,2025-10-28T00:00:00Z,player_blocks,0.5,betmgm,2025-10-27T14:55:29Z,2025-10-27T14:55:51Z,-200.0,140.0
Nicolas Claxton,Brooklyn Nets @ Houston Rockets,2025-10-28T00:00:00Z,player_blocks,0.5,betmgm,2025-10-27T14:55:29Z,2025-10-27T14:55:51Z,-250.0,170.0
Jabari Smith Jr,Brooklyn Nets @ Houston Rockets,2025-10-28T00:00:00Z,player_blocks,0.5,betmgm,2025-10-27T14:55:29Z,2025-10-27T14:55:51Z,-110.0,-120.0
Steven Adams,Brooklyn Nets @ Houston Rockets,2025-10-28T00:00:00Z,player_blocks,0.5,betmgm,2025-10-27T14:55:29Z,2025-10-27T14:55:51Z,-118.0,-115.0
Terance Mann,Brooklyn Nets @ Houston Rockets,2025-10-28T00:00:00Z,player_blocks,0.5,betmgm,2025-10-27T14:55:29Z,2025-10-27T14:55:51Z,340.0,-600.0
Michael Porter Jr,Brooklyn Nets @ Houston Rockets,2025-10-28T00:00:00Z,player_blocks,0.5,betmgm,2025-10-27T14:55:29Z,2025-10-27T14:55:51Z,160.0,-225.0
Kevin Durant,Brooklyn Nets @ Houston Rockets,2025-10-28T00:00:00Z,player_blocks,0.5,betmgm,2025-10-27T14:55:29Z,2025-10-27T14:55:51Z,-135.0,-105.0
Cam Thomas,Brooklyn Nets @ Houston Rockets,2025-10-28T00:00:00Z,player_blocks,0.5,betmgm,2025-10-27T14:55:29Z,2025-10-27T14:55:51Z,400.0,-700.0
Alperen Sengun,Brooklyn Nets @ Houston Rockets,2025-10-28T00:00:00Z,player_double_double,,betmgm,2025-10-27T14:55:29Z,2025-10-27T14:55:51Z,,
Amen Thompson,Brooklyn Nets @ Houston Rockets,2025-10-28T00:00:00Z,player_double_double,,betmgm,2025-10-27T14:55:29Z,2025-10-27T14:55:51Z,,
Nicolas Claxton,Brooklyn Nets @ Houston Rockets,2025-10-28T00:00:00Z,player_double_double,,betmgm,2025-10-27T14:55:29Z,2025-10-27T14:55:51Z,,
Jabari Smith Jr,Brooklyn Nets @ Houston Rockets,2025-10-28T00:00:00Z,player_double_double,,betmgm,2025-10-27T14:55:29Z,2025-10-27T14:55:51Z,,
Steven Adams,Brooklyn Nets @ Houston Rockets,2025-10-28T00:00:00Z,player_double_double,,betmgm,2025-10-27T14:55:29Z,2025-10-27T14:55:51Z,,
Michael Porter Jr,Brooklyn Nets @ Houston Rockets,2025-10-28T00:00:00Z,player_double_double,,betmgm,2025-10-27T14:55:29Z,2025-10-27T14:55:51Z,,
Kevin Durant,Brooklyn Nets @ Houston Rockets,2025-10-28T00:00:00Z,player_double_double,,betmgm,2025-10-27T14:55:29Z,2025-10-27T14:55:51Z,,
Cam Thomas,Brooklyn Nets @ Houston Rockets,2025-10-28T00:00:00Z,player_double_double,,betmgm,2025-10-27T14:55:29Z,2025-10-27T14:55:51Z,,
Ben Saraf,Brooklyn Nets @ Houston Rockets,2025-10-28T00:00:00Z,player_points,4.5,betmgm,2025-10-27T14:55:29Z,2025-10-27T14:55:51Z,-135.0,100.0
Alperen Sengun,Brooklyn Nets @ Houston Rockets,2025-10-28T00:00:00Z,player_points,21.5,betmgm,2025-10-27T14:55:29Z,2025-10-27T14:55:51Z,-120.0,-110.0
Amen Thompson,Brooklyn Nets @ Houston Rockets,2025-10-28T00:00:00Z,player_points,15.5,betmgm,2025-10-27T14:55:29Z,2025-10-27T14:55:51Z,-120.0,-110.0
Nicolas Claxton,Brooklyn Nets @ Houston Rockets,2025-10-28T00:00:00Z,player_points,9.5,betmgm,2025-10-27T14:55:29Z,2025-10-27T14:55:51Z,-135.0,100.0
Tari Eason,Brooklyn Nets @ Houston Rockets,2025-10-28T00:00:00Z,player_points,9.5,betmgm,2025-10-27T14:55:29Z,2025-10-27T14:55:51Z,-120.0,-110.0
Jabari Smith Jr,Brooklyn Nets @ Houston Rockets,2025-10-28T00:00:00Z,player_points,13.5,betmgm,2025-10-27T14:55:29Z,2025-10-27T14:55:51Z,-105.0,-125.0
Steven Adams,Brooklyn Nets @ Houston Rockets,2025-10-28T00:00:00Z,player_points,6.5,betmgm,2025-10-27T14:55:29Z,2025-10-27T14:55:51Z,-130.0,-105.0
Terance Mann,Brooklyn Nets @ Houston Rockets,2025-10-28T00:00:00Z,player_points,7.5,betmgm,2025-10-27T14:55:29Z,2025-10-27T14:55:51Z,-110.0,-120.0
Michael Porter Jr,Brooklyn Nets @ Houston Rockets,2025-10-28T00:00:00Z,player_points,17.5,betmgm,2025-10-27T14:55:29Z,2025-10-27T14:55:51Z,-110.0,-120.0
Kevin Durant,Brooklyn Nets @ Houston Rockets,2025-10-28T00:00:00Z,player_points,25.5,betmgm,2025-10-27T14:55:29Z,2025-10-27T14:55:51Z,-110.0,-120.0
Egor Demin,Brooklyn Nets @ Houston Rockets,2025-10-28T00:00:00Z,player_points,7.5,betmgm,2025-10-27T14:55:29Z,2025-10-27T14:55:51Z,-125.0,-110.0
Reed Sheppard,Brooklyn Nets @ Houston Rockets,2025-10-28T00:00:00Z,player_points,9.5,betmgm,2025-10-27T14:55:29Z,2025-10-27T14:55:51Z,-110.0,-120.0
Cam Thomas,Brooklyn Nets @ Houston Rockets,2025-10-28T00:00:00Z,player_points,22.5,betmgm,2025-10-27T14:55:29Z,2025-10-27T14:55:51Z,-125.0,-110.0
Josh Okogie,Brooklyn Nets @ Houston Rockets,2025-10-28T00:00:00Z,player_points,6.5,betmgm,2025-10-27T14:55:29Z,2025-10-27T14:55:51Z,-135.0,100.0
Noah Clowney,Brooklyn Nets @ Houston Rockets,2025-10-28T00:00:00Z,player_points,7.5,betmgm,2025-10-27T14:55:29Z,2025-10-27T14:55:51Z,-140.0,105.0
Day'Ron Sharpe,Brooklyn Nets @ Houston Rockets,2025-10-28T00:00:00Z,player_points,6.5,betmgm,2025-10-27T14:55:29Z,2025-10-27T14:55:51Z,-115.0,-115.0
Ben Saraf,Brooklyn Nets @ Houston Rockets,2025-10-28T00:00:00Z,player_points_rebounds_assists,9.5,betmgm,2025-10-27T14:55:29Z,2025-10-27T14:55:51Z,-115.0,-115.0
Alperen Sengun,Brooklyn Nets @ Houston Rockets,2025-10-28T00:00:00Z,player_points_rebounds_assists,37.5,betmgm,2025-10-27T14:55:29Z,2025-10-27T14:55:51Z,-110.0,-120.0
Josh Okogie,Brooklyn Nets @ Houston Rockets,2025-10-28T00:00:00Z,player_points_rebounds_assists,11.5,betmgm,2025-10-27T14:55:29Z,2025-10-27T14:55:51Z,100.0,-130.0
Amen Thompson,Brooklyn Nets @ Houston Rockets,2025-10-28T00:00:00Z,player_points_rebounds_assists,27.5,betmgm,2025-10-27T14:55:29Z,2025-10-27T14:55:51Z,-115.0,-115.0
Tari Eason,Brooklyn Nets @ Houston Rockets,2025-10-28T00:00:00Z,player_points_rebounds_assists,16.5,betmgm,2025-10-27T14:55:29Z,2025-10-27T14:55:51Z,-110.0,-118.0
Jabari Smith Jr,Brooklyn Nets @ Houston Rockets,2025-10-28T00:00:00Z,player_points_rebounds_assists,20.5,betmgm,2025-10-27T14:55:29Z,2025-10-27T14:55:51Z,-125.0,-105.0
Steven Adams,Brooklyn Nets @ Houston Rockets,2025-10-28T00:00:00Z,player_points_rebounds_assists,18.5,betmgm,2025-10-27T14:55:29Z,2025-10-27T14:55:51Z,100.0,-130.0
Terance Mann,Brooklyn Nets @ Houston Rockets,2025-10-28T00:00:00Z,player_points_rebounds_assists,12.5,betmgm,2025-10-27T14:55:29Z,2025-10-27T14:55:51Z,-105.0,-125.0
Michael Porter Jr,Brooklyn Nets @ Houston Rockets,2025-10-28T00:00:00Z,player_points_rebounds_assists,24.5,betmgm,2025-10-27T14:55:29Z,2025-10-27T14:55:51Z,-125.0,-105.0
Kevin Durant,Brooklyn Nets @ Houston Rockets,2025-10-28T00:00:00Z,player_points_rebounds_assists,34.5,betmgm,2025-10-27T14:55:29Z,2025-10-27T14:55:51Z,-105.0,-125.0
Egor Demin,Brooklyn Nets @ Houston Rockets,2025-10-28T00:00:00Z,player_points_rebounds_assists,14.5,betmgm,2025-10-27T14:55:29Z,2025-10-27T14:55:51Z,-130.0,100.0
Reed Sheppard,Brooklyn Nets @ Houston Rockets,2025-10-28T00:00:00Z,player_points_rebounds_assists,14.5,betmgm,2025-10-27T14:55:29Z,2025-10-27T14:55:51Z,-140.0,105.0
Cam Thomas,Brooklyn Nets @ Houston Rockets,2025-10-28T00:00:00Z,player_points_rebounds_assists,29.5,betmgm,2025-10-27T14:55:29Z,2025-10-27T14:55:51Z,-115.0,-118.0
Nicolas Claxton,Brooklyn Nets @ Houston Rockets,2025-10-28T00:00:00Z,player_points_rebounds_assists,19.5,betmgm,2025-10-27T14:55:29Z,2025-10-27T14:55:51Z,-115.0,-118.0
Noah Clowney,Brooklyn Nets @ Houston Rockets,2025-10-28T00:00:00Z,player_points_rebounds_assists,12.5,betmgm,2025-10-27T14:55:29Z,2025-10-27T14:55:51Z,-125.0,-105.0
Day'Ron Sharpe,Brooklyn Nets @ Houston Rockets,2025-10-28T00:00:00Z,player_points_rebounds_assists,13.5,betmgm,2025-10-27T14:55:29Z,2025-10-27T14:55:51Z,-120.0,-110.0
Ben Saraf,Brooklyn Nets @ Houston Rockets,2025-10-28T00:00:00Z,player_rebounds,1.5,betmgm,2025-10-27T14:55:29Z,2025-10-27T14:55:51Z,-190.0,140.0
Alperen Sengun,Brooklyn Nets @ Houston Rockets,2025-10-28T00:00:00Z,player_rebounds,8.5,betmgm,2025-10-27T14:55:29Z,2025-10-27T14:55:51Z,-155.0,115.0
Josh Okogie,Brooklyn Nets @ Houston Rockets,2025-10-28T00:00:00Z,player_rebounds,2.5,betmgm,2025-10-27T14:55:29Z,2025-10-27T14:55:51Z,-130.0,-105.0
Amen Thompson,Brooklyn Nets @ Houston Rockets,2025-10-28T00:00:00Z,player_rebounds,6.5,betmgm,2025-10-27T14:55:29Z,2025-10-27T14:55:51Z,110.0,-145.0
Nicolas Claxton,Brooklyn Nets @ Houston Rockets,2025-10-28T00:00:00Z,player_rebounds,6.5,betmgm,2025-10-27T14:55:29Z,2025-10-27T14:55:51Z,-145.0,110.0
Tari Eason,Brooklyn Nets @ Houston Rockets,2025-10-28T00:00:00Z,player_rebounds,4.5,betmgm,2025-10-27T14:55:29Z,2025-10-27T14:55:51Z,-145.0,110.0
Jabari Smith Jr,Brooklyn Nets @ Houston Rockets,2025-10-28T00:00:00Z,player_rebounds,6.5,betmgm,2025-10-27T14:55:29Z,2025-10-27T14:55:51Z,120.0,-155.0
Steven Adams,Brooklyn Nets @ Houston Rockets,2025-10-28T00:00:00Z,player_rebounds,8.5,betmgm,2025-10-27T14:55:29Z,2025-10-27T14:55:51Z,-130.0,-105.0
Terance Mann,Brooklyn Nets @ Houston Rockets,2025-10-28T00:00:00Z,player_rebounds,2.5,betmgm,2025-10-27T14:55:29Z,2025-10-27T14:55:51Z,-130.0,100.0
Michael Porter Jr,Brooklyn Nets @ Houston Rockets,2025-10-28T00:00:00Z,player_rebounds,4.5,betmgm,2025-10-27T14:55:29Z,2025-10-27T14:55:51Z,-190.0,145.0
Kevin Durant,Brooklyn Nets @ Houston Rockets,2025-10-28T00:00:00Z,player_rebounds,4.5,betmgm,2025-10-27T14:55:29Z,2025-10-27T14:55:51Z,-160.0,120.0
Egor Demin,Brooklyn Nets @ Houston Rockets,2025-10-28T00:00:00Z,player_rebounds,3.5,betmgm,2025-10-27T14:55:29Z,2025-10-27T14:55:51Z,-105.0,-125.0
Reed Sheppard,Brooklyn Nets @ Houston Rockets,2025-10-28T00:00:00Z,player_rebounds,2.5,betmgm,2025-10-27T14:55:29Z,2025-10-27T14:55:51Z,120.0,-160.0
Cam Thomas,Brooklyn Nets @ Houston Rockets,2025-10-28T00:00:00Z,player_rebounds,2.5,betmgm,2025-10-27T14:55:29Z,2025-10-27T14:55:51Z,105.0,-140.0
Noah Clowney,Brooklyn Nets @ Houston Rockets,2025-10-28T00:00:00Z,player_rebounds,3.5,betmgm,2025-10-27T14:55:29Z,2025-10-27T14:55:51Z,-105.0,-130.0
Day'Ron Sharpe,Brooklyn Nets @ Houston Rockets,2025-10-28T00:00:00Z,player_rebounds,5.5,betmgm,2025-10-27T14:55:29Z,2025-10-27T14:55:51Z,105.0,-145.0
Ben Saraf,Brooklyn Nets @ Houston Rockets,2025-10-28T00:00:00Z,player_threes,0.5,betmgm,2025-10-27T14:55:29Z,2025-10-27T14:55:51Z,105.0,-145.0
Alperen Sengun,Brooklyn Nets @ Houston Rockets,2025-10-28T00:00:00Z,player_threes,0.5,betmgm,2025-10-27T14:55:29Z,2025-10-27T14:55:51Z,-135.0,100.0
Josh Okogie,Brooklyn Nets @ Houston Rockets,2025-10-28T00:00:00Z,player_threes,0.5,betmgm,2025-10-27T14:55:29Z,2025-10-27T14:55:51Z,-165.0,125.0
Amen Thompson,Brooklyn Nets @ Houston Rockets,2025-10-28T00:00:00Z,player_threes,0.5,betmgm,2025-10-27T14:55:29Z,2025-10-27T14:55:51Z,110.0,-150.0
Tari Eason,Brooklyn Nets @ Houston Rockets,2025-10-28T00:00:00Z,player_threes,0.5,betmgm,2025-10-27T14:55:29Z,2025-10-27T14:55:51Z,-235.0,175.0
Terance Mann,Brooklyn Nets @ Houston Rockets,2025-10-28T00:00:00Z,player_threes,0.5,betmgm,2025-10-27T14:55:29Z,2025-10-27T14:55:51Z,-220.0,165.0
Michael Porter Jr,Brooklyn Nets @ Houston Rockets,2025-10-28T00:00:00Z,player_threes,2.5,betmgm,2025-10-27T14:55:29Z,2025-10-27T14:55:51Z,-155.0,120.0
Kevin Durant,Brooklyn Nets @ Houston Rockets,2025-10-28T00:00:00Z,player_threes,2.5,betmgm,2025-10-27T14:55:29Z,2025-10-27T14:55:51Z,125.0,-165.0
Egor Demin,Brooklyn Nets @ Houston Rockets,2025-10-28T00:00:00Z,player_threes,1.5,betmgm,2025-10-27T14:55:29Z,2025-10-27T14:55:51Z,125.0,-165.0
Reed Sheppard,Brooklyn Nets @ Houston Rockets,2025-10-28T00:00:00Z,player_threes,1.5,betmgm,2025-10-27T14:55:29Z,2025-10-27T14:55:51Z,-145.0,105.0
Cam Thomas,Brooklyn Nets @ Houston Rockets,2025-10-28T00:00:00Z,player_threes,2.5,betmgm,2025-10-27T14:55:29Z,2025-10-27T14:55:51Z,-120.0,-110.0
Jabari Smith Jr,Brooklyn Nets @ Houston Rockets,2025-10-28T00:00:00Z,player_threes,1.5,betmgm,2025-10-27T14:55:29Z,2025-10-27T14:55:51Z,-200.0,150.0
Noah Clowney,Brooklyn Nets @ Houston Rockets,2025-10-28T00:00:00Z,player_threes,1.5,betmgm,2025-10-27T14:55:29Z,2025-10-27T14:55:51Z,105.0,-145.0
Day'Ron Sharpe,Brooklyn Nets @ Houston Rockets,2025-10-28T00:00:00Z,player_threes,0.5,betmgm,2025-10-27T14:55:29Z,2025-10-27T14:55:51Z,260.0,-375.0
Alperen Sengun,Brooklyn Nets @ Houston Rockets,2025-10-28T00:00:00Z,player_triple_double,,betmgm,2025-10-27T14:55:29Z,2025-10-27T14:55:51Z,,
Amen Thompson,Brooklyn Nets @ Houston Rockets,2025-10-28T00:00:00Z,player_triple_double,,betmgm,2025-10-27T14:55:29Z,2025-10-27T14:55:51Z,,
Kevin Durant,Brooklyn Nets @ Houston Rockets,2025-10-28T00:00:00Z,player_assists,2.5,bovada,2025-10-27T14:54:45Z,2025-10-27T14:55:11Z,-185.0,140.0
Kevin Durant,Brooklyn Nets @ Houston Rockets,2025-10-28T00:00:00Z,player_assists,3.5,bovada,2025-10-27T14:54:45Z,2025-10-27T14:55:11Z,130.0,-170.0
Michael Porter Jr,Brooklyn Nets @ Houston Rockets,2025-10-28T00:00:00Z,player_assists,1.5,bovada,2025-10-27T14:54:45Z,2025-10-27T14:55:11Z,-245.0,180.0
Michael Porter Jr,Brooklyn Nets @ Houston Rockets,2025-10-28T00:00:00Z,player_assists,2.5,bovada,2025-10-27T14:54:45Z,2025-10-27T14:55:11Z,120.0,-160.0
Alperen Sengun,Brooklyn Nets @ Houston Rockets,2025-10-28T00:00:00Z,player_double_double,,bovada,2025-10-27T14:54:45Z,2025-10-27T14:55:11Z,,
Amen Thompson,Brooklyn Nets @ Houston Rockets,2025-10-28T00:00:00Z,player_double_double,,bovada,2025-10-27T14:54:45Z,2025-10-27T14:55:11Z,,
Nicolas Claxton,Brooklyn Nets @ Houston Rockets,2025-10-28T00:00:00Z,player_double_double,,bovada,2025-10-27T14:54:45Z,2025-10-27T14:55:11Z,,
Jabari Smith Jr,Brooklyn Nets @ Houston Rockets,2025-10-28T00:00:00Z,player_double_double,,bovada,2025-10-27T14:54:45Z,2025-10-27T14:55:11Z,,
Michael Porter Jr,Brooklyn Nets @ Houston Rockets,2025-10-28T00:00:00Z,player_double_double,,bovada,2025-10-27T14:54:45Z,2025-10-27T14:55:11Z,,
Kevin Durant,Brooklyn Nets @ Houston Rockets,2025-10-28T00:00:00Z,player_double_double,,bovada,2025-10-27T14:54:45Z,2025-10-27T14:55:11Z,,
Cam Thomas,Brooklyn Nets @ Houston Rockets,2025-10-28T00:00:00Z,player_double_double,,bovada,2025-10-27T14:54:45Z,2025-10-27T14:55:11Z,,
Alperen Sengun,Brooklyn Nets @ Houston Rockets,2025-10-28T00:00:00Z,player_points,18.5,bovada,2025-10-27T14:54:45Z,2025-10-27T14:55:11Z,-280.0,205.0
Alperen Sengun,Brooklyn Nets @ Houston Rockets,2025-10-28T00:00:00Z,player_points,19.5,bovada,2025-10-27T14:54:45Z,2025-10-27T14:55:11Z,-215.0,160.0
Alperen Sengun,Brooklyn Nets @ Houston Rockets,2025-10-28T00:00:00Z,player_points,20.5,bovada,2025-10-27T14:54:45Z,2025-10-27T14:55:11Z,-170.0,130.0
Alperen Sengun,Brooklyn Nets @ Houston Rockets,2025-10-28T00:00:00Z,player_points,21.5,bovada,2025-10-27T14:54:45Z,2025-10-27T14:55:11Z,-135.0,105.0
Alperen Sengun,Brooklyn Nets @ Houston Rockets,2025-10-28T00:00:00Z,player_points,22.5,bovada,2025-10-27T14:54:45Z,2025-10-27T14:55:11Z,-110.0,-120.0
Alperen Sengun,Brooklyn Nets @ Houston Rockets,2025-10-28T00:00:00Z,player_points,23.5,bovada,2025-10-27T14:54:45Z,2025-10-27T14:55:11Z,110.0,-145.0
Alperen Sengun,Brooklyn Nets @ Houston Rockets,2025-10-28T00:00:00Z,player_points,24.5,bovada,2025-10-27T14:54:45Z,2025-10-27T14:55:11Z,135.0,-180.0
Alperen Sengun,Brooklyn Nets @ Houston Rockets,2025-10-28T00:00:00Z,player_points,25.5,bovada,2025-10-27T14:54:45Z,2025-10-27T14:55:11Z,165.0,-220.0
Alperen Sengun,Brooklyn Nets @ Houston Rockets,2025-10-28T00:00:00Z,player_points,26.5,bovada,2025-10-27T14:54:45Z,2025-10-27T14:55:11Z,200.0,-275.0
Cam Thomas,Brooklyn Nets @ Houston Rockets,2025-10-28T00:00:00Z,player_points,19.5,bovada,2025-10-27T14:54:45Z,2025-10-27T14:55:11Z,-275.0,200.0
Cam Thomas,Brooklyn Nets @ Houston Rockets,2025-10-28T00:00:00Z,player_points,20.5,bovada,2025-10-27T14:54:45Z,2025-10-27T14:55:11Z,-215.0,160.0
Cam Thomas,Brooklyn Nets @ Houston Rockets,2025-10-28T00:00:00Z,player_points,21.5,bovada,2025-10-27T14:54:45Z,2025-10-27T14:55:11Z,-170.0,130.0
Cam Thomas,Brooklyn Nets @ Houston Rockets,2025-10-28T00:00:00Z,player_points,22.5,bovada,2025-10-27T14:54:45Z,2025-10-27T14:55:11Z,-135.0,105.0
Cam Thomas,Brooklyn Nets @ Houston Rockets,2025-10-28T00:00:00Z,player_points,23.5,bovada,2025-10-27T14:54:45Z,2025-10-27T14:55:11Z,-110.0,-120.0
Cam Thomas,Brooklyn Nets @ Houston Rockets,2025-10-28T00:00:00Z,player_points,24.5,bovada,2025-10-27T14:54:45Z,2025-10-27T14:55:11Z,110.0,-145.0
Cam Thomas,Brooklyn Nets @ Houston Rockets,2025-10-28T00:00:00Z,player_points,25.5,bovada,2025-10-27T14:54:45Z,2025-10-27T14:55:11Z,135.0,-180.0
Cam Thomas,Brooklyn Nets @ Houston Rockets,2025-10-28T00:00:00Z,player_points,26.5,bovada,2025-10-27T14:54:45Z,2025-10-27T14:55:11Z,160.0,-215.0
Cam Thomas,Brooklyn Nets @ Houston Rockets,2025-10-28T00:00:00Z,player_points,27.5,bovada,2025-10-27T14:54:45Z,2025-10-27T14:55:11Z,200.0,-275.0
Jabari Smith Jr,Brooklyn Nets @ Houston Rockets,2025-10-28T00:00:00Z,player_points,10.5,bovada,2025-10-27T14:54:45Z,2025-10-27T14:55:11Z,-230.0,170.0
Jabari Smith Jr,Brooklyn Nets @ Houston Rockets,2025-10-28T00:00:00Z,player_points,11.5,bovada,2025-10-27T14:54:45Z,2025-10-27T14:55:11Z,-170.0,130.0
Jabari Smith Jr,Brooklyn Nets @ Houston Rockets,2025-10-28T00:00:00Z,player_points,12.5,bovada,2025-10-27T14:54:45Z,2025-10-27T14:55:11Z,-125.0,-105.0
Jabari Smith Jr,Brooklyn Nets @ Houston Rockets,2025-10-28T00:00:00Z,player_points,13.5,bovada,2025-10-27T14:54:45Z,2025-10-27T14:55:11Z,105.0,-135.0
Jabari Smith Jr,Brooklyn Nets @ Houston Rockets,2025-10-28T00:00:00Z,player_points,14.5,bovada,2025-10-27T14:54:45Z,2025-10-27T14:55:11Z,135.0,-180.0
Jabari Smith Jr,Brooklyn Nets @ Houston Rockets,2025-10-28T00:00:00Z,player_points,15.5,bovada,2025-10-27T14:54:45Z,2025-10-27T14:55:11Z,170.0,-230.0
Kevin Durant,Brooklyn Nets @ Houston Rockets,2025-10-28T00:00:00Z,player_points,21.5,bovada,2025-10-27T14:54:45Z,2025-10-27T14:55:11Z,-275.0,200.0
Kevin Durant,Brooklyn Nets @ Houston Rockets,2025-10-28T00:00:00Z,player_points,22.5,bovada,2025-10-27T14:54:45Z,2025-10-27T14:55:11Z,-215.0,160.0
Kevin Durant,Brooklyn Nets @ Houston Rockets,2025-10-28T00:00:00Z,player_points,23.5,bovada,2025-10-27T14:54:45Z,2025-10-27T14:55:11Z,-170.0,130.0
Kevin Durant,Brooklyn Nets @ Houston Rockets,2025-10-28T00:00:00Z,player_points,24.5,bovada,2025-10-27T14:54:45Z,2025-10-27T14:55:11Z,-135.0,105.0
Kevin Durant,Brooklyn Nets @ Houston Rockets,2025-10-28T00:00:00Z,player_points,25.5,bovada,2025-10-27T14:54:45Z,2025-10-27T14:55:11Z,-115.0,-115.0
Kevin Durant,Brooklyn Nets @ Houston Rockets,2025-10-28T00:00:00Z,player_points,26.5,bovada,2025-10-27T14:54:45Z,2025-10-27T14:55:11Z,105.0,-135.0
Kevin Durant,Brooklyn Nets @ Houston Rockets,2025-10-28T00:00:00Z,player_points,27.5,bovada,2025-10-27T14:54:45Z,2025-10-27T14:55:11Z,130.0,-170.0
Kevin Durant,Brooklyn Nets @ Houston Rockets,2025-10-28T00:00:00Z,player_points,28.5,bovada,2025-10-27T14:54:45Z,2025-10-27T14:55:11Z,155.0,-210.0
Kevin Durant,Brooklyn Nets @ Houston Rockets,2025-10-28T00:00:00Z,player_points,29.5,bovada,2025-10-27T14:54:45Z,2025-10-27T14:55:11Z,185.0,-250.0
Alperen Sengun,Brooklyn Nets @ Houston Rockets,2025-10-28T00:00:00Z,player_points_rebounds_assists,32.5,bovada,2025-10-27T14:54:45Z,2025-10-27T14:55:11Z,-280.0,205.0
Alperen Sengun,Brooklyn Nets @ Houston Rockets,2025-10-28T00:00:00Z,player_points_rebounds_assists,33.5,bovada,2025-10-27T14:54:45Z,2025-10-27T14:55:11Z,-240.0,175.0
Alperen Sengun,Brooklyn Nets @ Houston Rockets,2025-10-28T00:00:00Z,player_points_rebounds_assists,34.5,bovada,2025-10-27T14:54:45Z,2025-10-27T14:55:11Z,-200.0,150.0
Alperen Sengun,Brooklyn Nets @ Houston Rockets,2025-10-28T00:00:00Z,player_points_rebounds_assists,35.5,bovada,2025-10-27T14:54:45Z,2025-10-27T14:55:11Z,-165.0,125.0
Alperen Sengun,Brooklyn Nets @ Houston Rockets,2025-10-28T00:00:00Z,player_points_rebounds_assists,36.5,bovada,2025-10-27T14:54:45Z,2025-10-27T14:55:11Z,-135.0,105.0
Alperen Sengun,Brooklyn Nets @ Houston Rockets,2025-10-28T00:00:00Z,player_points_rebounds_assists,37.5,bovada,2025-10-27T14:54:45Z,2025-10-27T14:55:11Z,-120.0,-110.0
Alperen Sengun,Brooklyn Nets @ Houston Rockets,2025-10-28T00:00:00Z,player_points_rebounds_assists,38.5,bovada,2025-10-27T14:54:45Z,2025-10-27T14:55:11Z,100.0,-130.0
Alperen Sengun,Brooklyn Nets @ Houston Rockets,2025-10-28T00:00:00Z,player_points_rebounds_assists,39.5,bovada,2025-10-27T14:54:45Z,2025-10-27T14:55:11Z,115.0,-150.0
Alperen Sengun,Brooklyn Nets @ Houston Rockets,2025-10-28T00:00:00Z,player_points_rebounds_assists,40.5,bovada,2025-10-27T14:54:45Z,2025-10-27T14:55:11Z,135.0,-180.0
Alperen Sengun,Brooklyn Nets @ Houston Rockets,2025-10-28T00:00:00Z,player_points_rebounds_assists,41.5,bovada,2025-10-27T14:54:45Z,2025-10-27T14:55:11Z,155.0,-210.0
Alperen Sengun,Brooklyn Nets @ Houston Rockets,2025-10-28T00:00:00Z,player_points_rebounds_assists,42.5,bovada,2025-10-27T14:54:45Z,2025-10-27T14:55:11Z,180.0,-245.0
Alperen Sengun,Brooklyn Nets @ Houston Rockets,2025-10-28T00:00:00Z,player_points_rebounds_assists,43.5,bovada,2025-10-27T14:54:45Z,2025-10-27T14:55:11Z,205.0,-280.0
Amen Thompson,Brooklyn Nets @ Houston Rockets,2025-10-28T00:00:00Z,player_points_rebounds_assists,24.5,bovada,2025-10-27T14:54:45Z,2025-10-27T14:55:11Z,-250.0,185.0
Amen Thompson,Brooklyn Nets @ Houston Rockets,2025-10-28T00:00:00Z,player_points_rebounds_assists,25.5,bovada,2025-10-27T14:54:45Z,2025-10-27T14:55:11Z,-200.0,150.0
Amen Thompson,Brooklyn Nets @ Houston Rockets,2025-10-28T00:00:00Z,player_points_rebounds_assists,26.5,bovada,2025-10-27T14:54:45Z,2025-10-27T14:55:11Z,-165.0,125.0
Amen Thompson,Brooklyn Nets @ Houston Rockets,2025-10-28T00:00:00Z,player_points_rebounds_assists,27.5,bovada,2025-10-27T14:54:45Z,2025-10-27T14:55:11Z,-135.0,105.0
Amen Thompson,Brooklyn Nets @ Houston Rockets,2025-10-28T00:00:00Z,player_points_rebounds_assists,28.5,bovada,2025-10-27T14:54:45Z,2025-10-27T14:55:11Z,-115.0,-115.0
Amen Thompson,Brooklyn Nets @ Houston Rockets,2025-10-28T00:00:00Z,player_points_rebounds_assists,29.5,bovada,2025-10-27T14:54:45Z,2025-10-27T14:55:11Z,105.0,-135.0
Amen Thompson,Brooklyn Nets @ Houston Rockets,2025-10-28T00:00:00Z,player_points_rebounds_assists,30.5,bovada,2025-10-27T14:54:45Z,2025-10-27T14:55:11Z,125.0,-165.0
Amen Thompson,Brooklyn Nets @ Houston Rockets,2025-10-28T00:00:00Z,player_points_rebounds_assists,31.5,bovada,2025-10-27T14:54:45Z,2025-10-27T14:55:11Z,150.0,-200.0
Amen Thompson,Brooklyn Nets @ Houston Rockets,2025-10-28T00:00:00Z,player_points_rebounds_assists,32.5,bovada,2025-10-27T14:54:45Z,2025-10-27T14:55:11Z,175.0,-240.0
Amen Thompson,Brooklyn Nets @ Houston Rockets,2025-10-28T00:00:00Z,player_points_rebounds_assists,33.5,bovada,2025-10-27T14:54:45Z,2025-10-27T14:55:11Z,210.0,-290.0
Cam Thomas,Brooklyn Nets @ Houston Rockets,2025-10-28T00:00:00Z,player_points_rebounds_assists,25.5,bovada,2025-10-27T14:54:45Z,2025-10-27T14:55:11Z,-250.0,185.0
Cam Thomas,Brooklyn Nets @ Houston Rockets,2025-10-28T00:00:00Z,player_points_rebounds_assists,26.5,bovada,2025-10-27T14:54:45Z,2025-10-27T14:55:11Z,-210.0,155.0
Cam Thomas,Brooklyn Nets @ Houston Rockets,2025-10-28T00:00:00Z,player_points_rebounds_assists,27.5,bovada,2025-10-27T14:54:45Z,2025-10-27T14:55:11Z,-165.0,125.0
Cam Thomas,Brooklyn Nets @ Houston Rockets,2025-10-28T00:00:00Z,player_points_rebounds_assists,28.5,bovada,2025-10-27T14:54:45Z,2025-10-27T14:55:11Z,-135.0,105.0
Cam Thomas,Brooklyn Nets @ Houston Rockets,2025-10-28T00:00:00Z,player_points_rebounds_assists,29.5,bovada,2025-10-27T14:54:45Z,2025-10-27T14:55:11Z,-115.0,-115.0
Cam Thomas,Brooklyn Nets @ Houston Rockets,2025-10-28T00:00:00Z,player_points_rebounds_assists,30.5,bovada,2025-10-27T14:54:45Z,2025-10-27T14:55:11Z,105.0,-135.0
Cam Thomas,Brooklyn Nets @ Houston Rockets,2025-10-28T00:00:00Z,player_points_rebounds_assists,31.5,bovada,2025-10-27T14:54:45Z,2025-10-27T14:55:11Z,120.0,-160.0
Cam Thomas,Brooklyn Nets @ Houston Rockets,2025-10-28T00:00:00Z,player_points_rebounds_assists,32.5,bovada,2025-10-27T14:54:45Z,2025-10-27T14:55:11Z,145.0,-190.0
Cam Thomas,Brooklyn Nets @ Houston Rockets,2025-10-28T00:00:00Z,player_points_rebounds_assists,33.5,bovada,2025-10-27T14:54:45Z,2025-10-27T14:55:11Z,170.0,-230.0
Cam Thomas,Brooklyn Nets @ Houston Rockets,2025-10-28T00:00:00Z,player_points_rebounds_assists,34.5,bovada,2025-10-27T14:54:45Z,2025-10-27T14:55:11Z,200.0,-275.0
Kevin Durant,Brooklyn Nets @ Houston Rockets,2025-10-28T00:00:00Z,player_points_rebounds_assists,29.5,bovada,2025-10-27T14:54:45Z,2025-10-27T14:55:11Z,-250.0,185.0
Kevin Durant,Brooklyn Nets @ Houston Rockets,2025-10-28T00:00:00Z,player_points_rebounds_assists,30.5,bovada,2025-10-27T14:54:45Z,2025-10-27T14:55:11Z,-200.0,150.0
Kevin Durant,Brooklyn Nets @ Houston Rockets,2025-10-28T00:00:00Z,player_points_rebounds_assists,31.5,bovada,2025-10-27T14:54:45Z,2025-10-27T14:55:11Z,-170.0,130.0
Kevin Durant,Brooklyn Nets @ Houston Rockets,2025-10-28T00:00:00Z,player_points_rebounds_assists,32.5,bovada,2025-10-27T14:54:45Z,2025-10-27T14:55:11Z,-145.0,110.0
Kevin Durant,Brooklyn Nets @ Houston Rockets,2025-10-28T00:00:00Z,player_points_rebounds_assists,33.5,bovada,2025-10-27T14:54:45Z,2025-10-27T14:55:11Z,-120.0,-110.0
Kevin Durant,Brooklyn Nets @ Houston Rockets,2025-10-28T00:00:00Z,player_points_rebounds_assists,34.5,bovada,2025-10-27T14:54:45Z,2025-10-27T14:55:11Z,100.0,-130.0
Kevin Durant,Brooklyn Nets @ Houston Rockets,2025-10-28T00:00:00Z,player_points_rebounds_assists,35.5,bovada,2025-10-27T14:54:45Z,2025-10-27T14:55:11Z,115.0,-150.0
Kevin Durant,Brooklyn Nets @ Houston Rockets,2025-10-28T00:00:00Z,player_points_rebounds_assists,36.5,bovada,2025-10-27T14:54:45Z,2025-10-27T14:55:11Z,135.0,-180.0
Kevin Durant,Brooklyn Nets @ Houston Rockets,2025-10-28T00:00:00Z,player_points_rebounds_assists,37.5,bovada,2025-10-27T14:54:45Z,2025-10-27T14:55:11Z,160.0,-215.0
Kevin Durant,Brooklyn Nets @ Houston Rockets,2025-10-28T00:00:00Z,player_points_rebounds_assists,38.5,bovada,2025-10-27T14:54:45Z,2025-10-27T14:55:11Z,185.0,-250.0
Michael Porter Jr,Brooklyn Nets @ Houston Rockets,2025-10-28T00:00:00Z,player_points_rebounds_assists,21.5,bovada,2025-10-27T14:54:45Z,2025-10-27T14:55:11Z,-275.0,200.0
Michael Porter Jr,Brooklyn Nets @ Houston Rockets,2025-10-28T00:00:00Z,player_points_rebounds_assists,22.5,bovada,2025-10-27T14:54:45Z,2025-10-27T14:55:11Z,-215.0,160.0
Michael Porter Jr,Brooklyn Nets @ Houston Rockets,2025-10-28T00:00:00Z,player_points_rebounds_assists,23.5,bovada,2025-10-27T14:54:45Z,2025-10-27T14:55:11Z,-170.0,130.0
Michael Porter Jr,Brooklyn Nets @ Houston Rockets,2025-10-28T00:00:00Z,player_points_rebounds_assists,24.5,bovada,2025-10-27T14:54:45Z,2025-10-27T14:55:11Z,-145.0,110.0
Michael Porter Jr,Brooklyn Nets @ Houston Rockets,2025-10-28T00:00:00Z,player_points_rebounds_assists,25.5,bovada,2025-10-27T14:54:45Z,2025-10-27T14:55:11Z,-115.0,-115.0
Michael Porter Jr,Brooklyn Nets @ Houston Rockets,2025-10-28T00:00:00Z,player_points_rebounds_assists,26.5,bovada,2025-10-27T14:54:45Z,2025-10-27T14:55:11Z,105.0,-135.0
Michael Porter Jr,Brooklyn Nets @ Houston Rockets,2025-10-28T00:00:00Z,player_points_rebounds_assists,27.5,bovada,2025-10-27T14:54:45Z,2025-10-27T14:55:11Z,125.0,-165.0
Michael Porter Jr,Brooklyn Nets @ Houston Rockets,2025-10-28T00:00:00Z,player_points_rebounds_assists,28.5,bovada,2025-10-27T14:54:45Z,2025-10-27T14:55:11Z,150.0,-200.0
Michael Porter Jr,Brooklyn Nets @ Houston Rockets,2025-10-28T00:00:00Z,player_points_rebounds_assists,29.5,bovada,2025-10-27T14:54:45Z,2025-10-27T14:55:11Z,180.0,-245.0
Michael Porter Jr,Brooklyn Nets @ Houston Rockets,2025-10-28T00:00:00Z,player_points_rebounds_assists,30.5,bovada,2025-10-27T14:54:45Z,2025-10-27T14:55:11Z,215.0,-300.0
Alperen Sengun,Brooklyn Nets @ Houston Rockets,2025-10-28T00:00:00Z,player_threes,0.5,bovada,2025-10-27T14:54:45Z,2025-10-27T14:55:11Z,-135.0,105.0
Cam Thomas,Brooklyn Nets @ Houston Rockets,2025-10-28T00:00:00Z,player_threes,2.5,bovada,2025-10-27T14:54:45Z,2025-10-27T14:55:11Z,-110.0,-120.0
Kevin Durant,Brooklyn Nets @ Houston Rockets,2025-10-28T00:00:00Z,player_threes,1.5,bovada,2025-10-27T14:54:45Z,2025-10-27T14:55:11Z,-280.0,205.0
Kevin Durant,Brooklyn Nets @ Houston Rockets,2025-10-28T00:00:00Z,player_threes,2.5,bovada,2025-10-27T14:54:45Z,2025-10-27T14:55:11Z,110.0,-145.0
Alperen Sengun,Brooklyn Nets @ Houston Rockets,2025-10-28T00:00:00Z,player_triple_double,,bovada,2025-10-27T14:54:45Z,2025-10-27T14:55:11Z,,
Amen Thompson,Brooklyn Nets @ Houston Rockets,2025-10-28T00:00:00Z,player_triple_double,,bovada,2025-10-27T14:54:45Z,2025-10-27T14:55:11Z,,
Stephon Castle,Toronto Raptors @ San Antonio Spurs,2025-10-28T00:00:00Z,player_assists,5.5,draftkings,2025-10-27T14:54:53Z,2025-10-27T14:55:35Z,114.0,-148.0
Immanuel Quickley,Toronto Raptors @ San Antonio Spurs,2025-10-28T00:00:00Z,player_assists,5.5,draftkings,2025-10-27T14:54:53Z,2025-10-27T14:55:35Z,115.0,-149.0
Scottie Barnes,Toronto Raptors @ San Antonio Spurs,2025-10-28T00:00:00Z,player_assists,4.5,draftkings,2025-10-27T14:54:53Z,2025-10-27T14:55:35Z,-145.0,112.0
Dylan Harper,Toronto Raptors @ San Antonio Spurs,2025-10-28T00:00:00Z,player_assists,3.5,draftkings,2025-10-27T14:54:53Z,2025-10-27T14:55:35Z,-141.0,109.0
Victor Wembanyama,Toronto Raptors @ San Antonio Spurs,2025-10-28T00:00:00Z,player_assists,3.5,draftkings,2025-10-27T14:54:53Z,2025-10-27T14:55:35Z,-138.0,107.0
Brandon Ingram,Toronto Raptors @ San Antonio Spurs,2025-10-28T00:00:00Z,player_assists,3.5,draftkings,2025-10-27T14:54:53Z,2025-10-27T14:55:35Z,-110.0,-118.0
R.J. Barrett,Toronto Raptors @ San Antonio Spurs,2025-10-28T00:00:00Z,player_assists,3.5,draftkings,2025-10-27T14:54:53Z,2025-10-27T14:55:35Z,112.0,-145.0
Devin Vassell,Toronto Raptors @ San Antonio Spurs,2025-10-28T00:00:00Z,player_assists,2.5,draftkings,2025-10-27T14:54:53Z,2025-10-27T14:55:35Z,-115.0,-113.0
Jakob Poeltl,Toronto Raptors @ San Antonio Spurs,2025-10-28T00:00:00Z,player_assists,2.5,draftkings,2025-10-27T14:54:53Z,2025-10-27T14:55:35Z,126.0,-164.0
Harrison Barnes,Toronto Raptors @ San Antonio Spurs,2025-10-28T00:00:00Z,player_assists,1.5,draftkings,2025-10-27T14:54:53Z,2025-10-27T14:55:35Z,-194.0,148.0
Julian Champagnie,Toronto Raptors @ San Antonio Spurs,2025-10-28T00:00:00Z,player_assists,1.5,draftkings,2025-10-27T14:54:53Z,2025-10-27T14:55:35Z,-193.0,148.0
Keldon Johnson,Toronto Raptors @ San Antonio Spurs,2025-10-28T00:00:00Z,player_assists,1.5,draftkings,2025-10-27T14:54:53Z,2025-10-27T14:55:35Z,-183.0,140.0
Victor Wembanyama,Toronto Raptors @ San Antonio Spurs,2025-10-28T00:00:00Z,player_blocks,4.5,draftkings,2025-10-27T14:54:53Z,2025-10-27T14:55:35Z,121.0,-161.0
Jakob Poeltl,Toronto Raptors @ San Antonio Spurs,2025-10-28T00:00:00Z,player_blocks,0.5,draftkings,2025-10-27T14:54:53Z,2025-10-27T14:55:35Z,-130.0,-102.0
Scottie Barnes,Toronto Raptors @ San Antonio Spurs,2025-10-28T00:00:00Z,player_blocks,0.5,draftkings,2025-10-27T14:54:53Z,2025-10-27T14:55:35Z,-123.0,-108.0
Victor Wembanyama,Toronto Raptors @ San Antonio Spurs,2025-10-28T00:00:00Z,player_double_double,,draftkings,2025-10-27T14:54:53Z,2025-10-27T14:55:35Z,,
Scottie Barnes,Toronto Raptors @ San Antonio Spurs,2025-10-28T00:00:00Z,player_double_double,,draftkings,2025-10-27T14:54:53Z,2025-10-27T14:55:35Z,,
Jakob Poeltl,Toronto Raptors @ San Antonio Spurs,2025-10-28T00:00:00Z,player_double_double,,draftkings,2025-10-27T14:54:53Z,2025-10-27T14:55:35Z,,
Stephon Castle,Toronto Raptors @ San Antonio Spurs,2025-10-28T00:00:00Z,player_double_double,,draftkings,2025-10-27T14:54:53Z,2025-10-27T14:55:35Z,,
Immanuel Quickley,Toronto Raptors @ San Antonio Spurs,2025-10-28T00:00:00Z,player_double_double,,draftkings,2025-10-27T14:54:53Z,2025-10-27T14:55:35Z,,
Brandon Ingram,Toronto Raptors @ San Antonio Spurs,2025-10-28T00:00:00Z,player_double_double,,draftkings,2025-10-27T14:54:53Z,2025-10-27T14:55:35Z,,
R.J. Barrett,Toronto Raptors @ San Antonio Spurs,2025-10-28T00:00:00Z,player_double_double,,draftkings,2025-10-27T14:54:53Z,2025-10-27T14:55:35Z,,
Victor Wembanyama,Toronto Raptors @ San Antonio Spurs,2025-10-28T00:00:00Z,player_points,28.5,draftkings,2025-10-27T14:54:53Z,2025-10-27T14:55:35Z,-119.0,-107.0
Brandon Ingram,Toronto Raptors @ San Antonio Spurs,2025-10-28T00:00:00Z,player_points,19.5,draftkings,2025-10-27T14:54:53Z,2025-10-27T14:55:35Z,-113.0,-113.0
Scottie Barnes,Toronto Raptors @ San Antonio Spurs,2025-10-28T00:00:00Z,player_points,17.5,draftkings,2025-10-27T14:54:53Z,2025-10-27T14:55:35Z,-105.0,-121.0
Devin Vassell,Toronto Raptors @ San Antonio Spurs,2025-10-28T00:00:00Z,player_points,16.5,draftkings,2025-10-27T14:54:53Z,2025-10-27T14:55:35Z,-125.0,-102.0
Immanuel Quickley,Toronto Raptors @ San Antonio Spurs,2025-10-28T00:00:00Z,player_points,16.5,draftkings,2025-10-27T14:54:53Z,2025-10-27T14:55:35Z,-119.0,-108.0
Stephon Castle,Toronto Raptors @ San Antonio Spurs,2025-10-28T00:00:00Z,player_points,16.5,draftkings,2025-10-27T14:54:53Z,2025-10-27T14:55:35Z,-119.0,-107.0
R.J. Barrett,Toronto Raptors @ San Antonio Spurs,2025-10-28T00:00:00Z,player_points,16.5,draftkings,2025-10-27T14:54:53Z,2025-10-27T14:55:35Z,-114.0,-112.0
Dylan Harper,Toronto Raptors @ San Antonio Spurs,2025-10-28T00:00:00Z,player_points,13.5,draftkings,2025-10-27T14:54:53Z,2025-10-27T14:55:35Z,-125.0,-102.0
Keldon Johnson,Toronto Raptors @ San Antonio Spurs,2025-10-28T00:00:00Z,player_points,11.5,draftkings,2025-10-27T14:54:53Z,2025-10-27T14:55:35Z,-121.0,-105.0
Harrison Barnes,Toronto Raptors @ San Antonio Spurs,2025-10-28T00:00:00Z,player_points,9.5,draftkings,2025-10-27T14:54:53Z,2025-10-27T14:55:35Z,-126.0,-101.0
Julian Champagnie,Toronto Raptors @ San Antonio Spurs,2025-10-28T00:00:00Z,player_points,8.5,draftkings,2025-10-27T14:54:53Z,2025-10-27T14:55:35Z,-127.0,-101.0
Jakob Poeltl,Toronto Raptors @ San Antonio Spurs,2025-10-28T00:00:00Z,player_points,8.5,draftkings,2025-10-27T14:54:53Z,2025-10-27T14:55:35Z,101.0,-129.0
Victor Wembanyama,Toronto Raptors @ San Antonio Spurs,2025-10-28T00:00:00Z,player_points_rebounds_assists,46.5,draftkings,2025-10-27T14:54:53Z,2025-10-27T14:55:35Z,-106.0,-122.0
Scottie Barnes,Toronto Raptors @ San Antonio Spurs,2025-10-28T00:00:00Z,player_points_rebounds_assists,29.5,draftkings,2025-10-27T14:54:53Z,2025-10-27T14:55:35Z,-108.0,-120.0
Brandon Ingram,Toronto Raptors @ San Antonio Spurs,2025-10-28T00:00:00Z,player_points_rebounds_assists,28.5,draftkings,2025-10-27T14:54:53Z,2025-10-27T14:55:35Z,-115.0,-112.0
Stephon Castle,Toronto Raptors @ San Antonio Spurs,2025-10-28T00:00:00Z,player_points_rebounds_assists,27.5,draftkings,2025-10-27T14:54:53Z,2025-10-27T14:55:35Z,-104.0,-124.0
Immanuel Quickley,Toronto Raptors @ San Antonio Spurs,2025-10-28T00:00:00Z,player_points_rebounds_assists,26.5,draftkings,2025-10-27T14:54:53Z,2025-10-27T14:55:35Z,-107.0,-121.0
R.J. Barrett,Toronto Raptors @ San Antonio Spurs,2025-10-28T00:00:00Z,player_points_rebounds_assists,25.5,draftkings,2025-10-27T14:54:53Z,2025-10-27T14:55:35Z,-114.0,-114.0
Devin Vassell,Toronto Raptors @ San Antonio Spurs,2025-10-28T00:00:00Z,player_points_rebounds_assists,23.5,draftkings,2025-10-27T14:54:53Z,2025-10-27T14:55:35Z,-120.0,-108.0
Dylan Harper,Toronto Raptors @ San Antonio Spurs,2025-10-28T00:00:00Z,player_points_rebounds_assists,22.5,draftkings,2025-10-27T14:54:53Z,2025-10-27T14:55:35Z,-102.0,-127.0
Keldon Johnson,Toronto Raptors @ San Antonio Spurs,2025-10-28T00:00:00Z,player_points_rebounds_assists,19.5,draftkings,2025-10-27T14:54:53Z,2025-10-27T14:55:35Z,-122.0,-106.0
Jakob Poeltl,Toronto Raptors @ San Antonio Spurs,2025-10-28T00:00:00Z,player_points_rebounds_assists,18.5,draftkings,2025-10-27T14:54:53Z,2025-10-27T14:55:35Z,100.0,-129.0
Julian Champagnie,Toronto Raptors @ San Antonio Spurs,2025-10-28T00:00:00Z,player_points_rebounds_assists,16.5,draftkings,2025-10-27T14:54:53Z,2025-10-27T14:55:35Z,-104.0,-125.0
Harrison Barnes,Toronto Raptors @ San Antonio Spurs,2025-10-28T00:00:00Z,player_points_rebounds_assists,15.5,draftkings,2025-10-27T14:54:53Z,2025-10-27T14:55:35Z,-130.0,100.0
Victor Wembanyama,Toronto Raptors @ San Antonio Spurs,2025-10-28T00:00:00Z,player_rebounds,12.5,draftkings,2025-10-27T14:54:53Z,2025-10-27T14:55:35Z,-121.0,-107.0
Jakob Poeltl,Toronto Raptors @ San Antonio Spurs,2025-10-28T00:00:00Z,player_rebounds,7.5,draftkings,2025-10-27T14:54:53Z,2025-10-27T14:55:35Z,108.0,-141.0
Scottie Barnes,Toronto Raptors @ San Antonio Spurs,2025-10-28T00:00:00Z,player_rebounds,6.5,draftkings,2025-10-27T14:54:53Z,2025-10-27T14:55:35Z,-118.0,-110.0
Keldon Johnson,Toronto Raptors @ San Antonio Spurs,2025-10-28T00:00:00Z,player_rebounds,5.5,draftkings,2025-10-27T14:54:53Z,2025-10-27T14:55:35Z,-136.0,105.0
Brandon Ingram,Toronto Raptors @ San Antonio Spurs,2025-10-28T00:00:00Z,player_rebounds,5.5,draftkings,2025-10-27T14:54:53Z,2025-10-27T14:55:35Z,102.0,-133.0
R.J. Barrett,Toronto Raptors @ San Antonio Spurs,2025-10-28T00:00:00Z,player_rebounds,5.5,draftkings,2025-10-27T14:54:53Z,2025-10-27T14:55:35Z,104.0,-134.0
Julian Champagnie,Toronto Raptors @ San Antonio Spurs,2025-10-28T00:00:00Z,player_rebounds,4.5,draftkings,2025-10-27T14:54:53Z,2025-10-27T14:55:35Z,-139.0,107.0
Stephon Castle,Toronto Raptors @ San Antonio Spurs,2025-10-28T00:00:00Z,player_rebounds,4.5,draftkings,2025-10-27T14:54:53Z,2025-10-27T14:55:35Z,-136.0,105.0
Devin Vassell,Toronto Raptors @ San Antonio Spurs,2025-10-28T00:00:00Z,player_rebounds,3.5,draftkings,2025-10-27T14:54:53Z,2025-10-27T14:55:35Z,-157.0,121.0
Dylan Harper,Toronto Raptors @ San Antonio Spurs,2025-10-28T00:00:00Z,player_rebounds,3.5,draftkings,2025-10-27T14:54:53Z,2025-10-27T14:55:35Z,-155.0,119.0
Immanuel Quickley,Toronto Raptors @ San Antonio Spurs,2025-10-28T00:00:00Z,player_rebounds,3.5,draftkings,2025-10-27T14:54:53Z,2025-10-27T14:55:35Z,-149.0,115.0
Harrison Barnes,Toronto Raptors @ San Antonio Spurs,2025-10-28T00:00:00Z,player_rebounds,3.5,draftkings,2025-10-27T14:54:53Z,2025-10-27T14:55:35Z,-133.0,102.0
Devin Vassell,Toronto Raptors @ San Antonio Spurs,2025-10-28T00:00:00Z,player_steals,1.5,draftkings,2025-10-27T14:54:53Z,2025-10-27T14:55:35Z,-105.0,-126.0
Scottie Barnes,Toronto Raptors @ San Antonio Spurs,2025-10-28T00:00:00Z,player_steals,1.5,draftkings,2025-10-27T14:54:53Z,2025-10-27T14:55:35Z,126.0,-168.0
Victor Wembanyama,Toronto Raptors @ San Antonio Spurs,2025-10-28T00:00:00Z,player_steals,1.5,draftkings,2025-10-27T14:54:53Z,2025-10-27T14:55:35Z,143.0,-192.0
Immanuel Quickley,Toronto Raptors @ San Antonio Spurs,2025-10-28T00:00:00Z,player_steals,0.5,draftkings,2025-10-27T14:54:53Z,2025-10-27T14:55:35Z,-228.0,169.0
Stephon Castle,Toronto Raptors @ San Antonio Spurs,2025-10-28T00:00:00Z,player_steals,0.5,draftkings,2025-10-27T14:54:53Z,2025-10-27T14:55:35Z,-222.0,165.0
Brandon Ingram,Toronto Raptors @ San Antonio Spurs,2025-10-28T00:00:00Z,player_steals,0.5,draftkings,2025-10-27T14:54:53Z,2025-10-27T14:55:35Z,-217.0,161.0
Jakob Poeltl,Toronto Raptors @ San Antonio Spurs,2025-10-28T00:00:00Z,player_steals,0.5,draftkings,2025-10-27T14:54:53Z,2025-10-27T14:55:35Z,-185.0,138.0
Harrison Barnes,Toronto Raptors @ San Antonio Spurs,2025-10-28T00:00:00Z,player_steals,0.5,draftkings,2025-10-27T14:54:53Z,2025-10-27T14:55:35Z,-182.0,136.0
Dylan Harper,Toronto Raptors @ San Antonio Spurs,2025-10-28T00:00:00Z,player_steals,0.5,draftkings,2025-10-27T14:54:53Z,2025-10-27T14:55:35Z,-173.0,130.0
R.J. Barrett,Toronto Raptors @ San Antonio Spurs,2025-10-28T00:00:00Z,player_steals,0.5,draftkings,2025-10-27T14:54:53Z,2025-10-27T14:55:35Z,-173.0,130.0
Devin Vassell,Toronto Raptors @ San Antonio Spurs,2025-10-28T00:00:00Z,player_threes,2.5,draftkings,2025-10-27T14:54:53Z,2025-10-27T14:55:35Z,-107.0,-121.0
Immanuel Quickley,Toronto Raptors @ San Antonio Spurs,2025-10-28T00:00:00Z,player_threes,2.5,draftkings,2025-10-27T14:54:53Z,2025-10-27T14:55:35Z,102.0,-132.0
Julian Champagnie,Toronto Raptors @ San Antonio Spurs,2025-10-28T00:00:00Z,player_threes,1.5,draftkings,2025-10-27T14:54:53Z,2025-10-27T14:55:35Z,-171.0,132.0
Victor Wembanyama,Toronto Raptors @ San Antonio Spurs,2025-10-28T00:00:00Z,player_threes,1.5,draftkings,2025-10-27T14:54:53Z,2025-10-27T14:55:35Z,-155.0,119.0
Brandon Ingram,Toronto Raptors @ San Antonio Spurs,2025-10-28T00:00:00Z,player_threes,1.5,draftkings,2025-10-27T14:54:53Z,2025-10-27T14:55:35Z,104.0,-134.0
R.J. Barrett,Toronto Raptors @ San Antonio Spurs,2025-10-28T00:00:00Z,player_threes,1.5,draftkings,2025-10-27T14:54:53Z,2025-10-27T14:55:35Z,107.0,-139.0
Harrison Barnes,Toronto Raptors @ San Antonio Spurs,2025-10-28T00:00:00Z,player_threes,1.5,draftkings,2025-10-27T14:54:53Z,2025-10-27T14:55:35Z,120.0,-155.0
Stephon Castle,Toronto Raptors @ San Antonio Spurs,2025-10-28T00:00:00Z,player_threes,1.5,draftkings,2025-10-27T14:54:53Z,2025-10-27T14:55:35Z,146.0,-191.0
Scottie Barnes,Toronto Raptors @ San Antonio Spurs,2025-10-28T00:00:00Z,player_threes,1.5,draftkings,2025-10-27T14:54:53Z,2025-10-27T14:55:35Z,179.0,-237.0
Keldon Johnson,Toronto Raptors @ San Antonio Spurs,2025-10-28T00:00:00Z,player_threes,0.5,draftkings,2025-10-27T14:54:53Z,2025-10-27T14:55:35Z,-244.0,184.0
Dylan Harper,Toronto Raptors @ San Antonio Spurs,2025-10-28T00:00:00Z,player_threes,0.5,draftkings,2025-10-27T14:54:53Z,2025-10-27T14:55:35Z,-237.0,180.0
Victor Wembanyama,Toronto Raptors @ San Antonio Spurs,2025-10-28T00:00:00Z,player_triple_double,,draftkings,2025-10-27T14:54:53Z,2025-10-27T14:55:35Z,,
Scottie Barnes,Toronto Raptors @ San Antonio Spurs,2025-10-28T00:00:00Z,player_triple_double,,draftkings,2025-10-27T14:54:53Z,2025-10-27T14:55:35Z,,
R.J. Barrett,Toronto Raptors @ San Antonio Spurs,2025-10-28T00:00:00Z,player_assists,3.5,williamhill_us,2025-10-27T14:54:59Z,2025-10-27T14:55:17Z,105.0,-145.0
Harrison Barnes,Toronto Raptors @ San Antonio Spurs,2025-10-28T00:00:00Z,player_assists,1.5,williamhill_us,2025-10-27T14:54:59Z,2025-10-27T14:55:17Z,-175.0,128.0
Keldon Johnson,Toronto Raptors @ San Antonio Spurs,2025-10-28T00:00:00Z,player_assists,1.5,williamhill_us,2025-10-27T14:54:59Z,2025-10-27T14:55:17Z,-190.0,135.0
Victor Wembanyama,Toronto Raptors @ San Antonio Spurs,2025-10-28T00:00:00Z,player_assists,3.5,williamhill_us,2025-10-27T14:54:59Z,2025-10-27T14:55:17Z,-136.0,100.0
Dylan Harper,Toronto Raptors @ San Antonio Spurs,2025-10-28T00:00:00Z,player_assists,3.5,williamhill_us,2025-10-27T14:54:59Z,2025-10-27T14:55:17Z,-143.0,105.0
Julian Champagnie,Toronto Raptors @ San Antonio Spurs,2025-10-28T00:00:00Z,player_assists,2.5,williamhill_us,2025-10-27T14:54:59Z,2025-10-27T14:55:17Z,140.0,-197.0
Jakob Poeltl,Toronto Raptors @ San Antonio Spurs,2025-10-28T00:00:00Z,player_assists,2.5,williamhill_us,2025-10-27T14:54:59Z,2025-10-27T14:55:17Z,115.0,-157.0
Brandon Ingram,Toronto Raptors @ San Antonio Spurs,2025-10-28T00:00:00Z,player_assists,3.5,williamhill_us,2025-10-27T14:54:59Z,2025-10-27T14:55:17Z,-113.0,-118.0
Stephon Castle,Toronto Raptors @ San Antonio Spurs,2025-10-28T00:00:00Z,player_assists,5.5,williamhill_us,2025-10-27T14:54:59Z,2025-10-27T14:55:17Z,100.0,-137.0
Scottie Barnes,Toronto Raptors @ San Antonio Spurs,2025-10-28T00:00:00Z,player_assists,4.5,williamhill_us,2025-10-27T14:54:59Z,2025-10-27T14:55:17Z,-154.0,110.0
Immanuel Quickley,Toronto Raptors @ San Antonio Spurs,2025-10-28T00:00:00Z,player_assists,5.5,williamhill_us,2025-10-27T14:54:59Z,2025-10-27T14:55:17Z,110.0,-154.0
Victor Wembanyama,Toronto Raptors @ San Antonio Spurs,2025-10-28T00:00:00Z,player_double_double,,williamhill_us,2025-10-27T14:54:59Z,2025-10-27T14:55:17Z,,
Scottie Barnes,Toronto Raptors @ San Antonio Spurs,2025-10-28T00:00:00Z,player_double_double,,williamhill_us,2025-10-27T14:54:59Z,2025-10-27T14:55:17Z,,
Jakob Poeltl,Toronto Raptors @ San Antonio Spurs,2025-10-28T00:00:00Z,player_double_double,,williamhill_us,2025-10-27T14:54:59Z,2025-10-27T14:55:17Z,,
Stephon Castle,Toronto Raptors @ San Antonio Spurs,2025-10-28T00:00:00Z,player_double_double,,williamhill_us,2025-10-27T14:54:59Z,2025-10-27T14:55:17Z,,
Immanuel Quickley,Toronto Raptors @ San Antonio Spurs,2025-10-28T00:00:00Z,player_double_double,,williamhill_us,2025-10-27T14:54:59Z,2025-10-27T14:55:17Z,,
Brandon Ingram,Toronto Raptors @ San Antonio Spurs,2025-10-28T00:00:00Z,player_double_double,,williamhill_us,2025-10-27T14:54:59Z,2025-10-27T14:55:17Z,,
R.J. Barrett,Toronto Raptors @ San Antonio Spurs,2025-10-28T00:00:00Z,player_double_double,,williamhill_us,2025-10-27T14:54:59Z,2025-10-27T14:55:17Z,,
Julian Champagnie,Toronto Raptors @ San Antonio Spurs,2025-10-28T00:00:00Z,player_double_double,,williamhill_us,2025-10-27T14:54:59Z,2025-10-27T14:55:17Z,,
Harrison Barnes,Toronto Raptors @ San Antonio Spurs,2025-10-28T00:00:00Z,player_points,9.5,williamhill_us,2025-10-27T14:54:59Z,2025-10-27T14:55:17Z,-120.0,-113.0
Devin Vassell,Toronto Raptors @ San Antonio Spurs,2025-10-28T00:00:00Z,player_points,16.5,williamhill_us,2025-10-27T14:54:59Z,2025-10-27T14:55:17Z,-122.0,-110.0
Immanuel Quickley,Toronto Raptors @ San Antonio Spurs,2025-10-28T00:00:00Z,player_points,16.5,williamhill_us,2025-10-27T14:54:59Z,2025-10-27T14:55:17Z,-125.0,-108.0
R.J. Barrett,Toronto Raptors @ San Antonio Spurs,2025-10-28T00:00:00Z,player_points,16.5,williamhill_us,2025-10-27T14:54:59Z,2025-10-27T14:55:17Z,-120.0,-113.0
Jakob Poeltl,Toronto Raptors @ San Antonio Spurs,2025-10-28T00:00:00Z,player_points,8.5,williamhill_us,2025-10-27T14:54:59Z,2025-10-27T14:55:17Z,-115.0,-118.0
Stephon Castle,Toronto Raptors @ San Antonio Spurs,2025-10-28T00:00:00Z,player_points,16.5,williamhill_us,2025-10-27T14:54:59Z,2025-10-27T14:55:17Z,-117.0,-115.0
Victor Wembanyama,Toronto Raptors @ San Antonio Spurs,2025-10-28T00:00:00Z,player_points,28.5,williamhill_us,2025-10-27T14:54:59Z,2025-10-27T14:55:17Z,-129.0,-106.0
Dylan Harper,Toronto Raptors @ San Antonio Spurs,2025-10-28T00:00:00Z,player_points,13.5,williamhill_us,2025-10-27T14:54:59Z,2025-10-27T14:55:17Z,-125.0,-108.0
Scottie Barnes,Toronto Raptors @ San Antonio Spurs,2025-10-28T00:00:00Z,player_points,17.5,williamhill_us,2025-10-27T14:54:59Z,2025-10-27T14:55:17Z,-112.0,-121.0
Brandon Ingram,Toronto Raptors @ San Antonio Spurs,2025-10-28T00:00:00Z,player_points,19.5,williamhill_us,2025-10-27T14:54:59Z,2025-10-27T14:55:17Z,-110.0,-122.0
Keldon Johnson,Toronto Raptors @ San Antonio Spurs,2025-10-28T00:00:00Z,player_points,11.5,williamhill_us,2025-10-27T14:54:59Z,2025-10-27T14:55:17Z,-113.0,-120.0
Julian Champagnie,Toronto Raptors @ San Antonio Spurs,2025-10-28T00:00:00Z,player_points,8.5,williamhill_us,2025-10-27T14:54:59Z,2025-10-27T14:55:17Z,-135.0,-102.0
Julian Champagnie,Toronto Raptors @ San Antonio Spurs,2025-10-28T00:00:00Z,player_rebounds,4.5,williamhill_us,2025-10-27T14:54:59Z,2025-10-27T14:55:17Z,-137.0,100.0
Dylan Harper,Toronto Raptors @ San Antonio Spurs,2025-10-28T00:00:00Z,player_rebounds,3.5,williamhill_us,2025-10-27T14:54:59Z,2025-10-27T14:55:17Z,-141.0,105.0
Brandon Ingram,Toronto Raptors @ San Antonio Spurs,2025-10-28T00:00:00Z,player_rebounds,5.5,williamhill_us,2025-10-27T14:54:59Z,2025-10-27T14:55:17Z,100.0,-139.0
Scottie Barnes,Toronto Raptors @ San Antonio Spurs,2025-10-28T00:00:00Z,player_rebounds,6.5,williamhill_us,2025-10-27T14:54:59Z,2025-10-27T14:55:17Z,-115.0,-117.0
R.J. Barrett,Toronto Raptors @ San Antonio Spurs,2025-10-28T00:00:00Z,player_rebounds,5.5,williamhill_us,2025-10-27T14:54:59Z,2025-10-27T14:55:17Z,100.0,-139.0
Victor Wembanyama,Toronto Raptors @ San Antonio Spurs,2025-10-28T00:00:00Z,player_rebounds,12.5,williamhill_us,2025-10-27T14:54:59Z,2025-10-27T14:55:17Z,-114.0,-118.0
Keldon Johnson,Toronto Raptors @ San Antonio Spurs,2025-10-28T00:00:00Z,player_rebounds,5.5,williamhill_us,2025-10-27T14:54:59Z,2025-10-27T14:55:17Z,-134.0,100.0
Stephon Castle,Toronto Raptors @ San Antonio Spurs,2025-10-28T00:00:00Z,player_rebounds,4.5,williamhill_us,2025-10-27T14:54:59Z,2025-10-27T14:55:17Z,-129.0,-106.0
Jakob Poeltl,Toronto Raptors @ San Antonio Spurs,2025-10-28T00:00:00Z,player_rebounds,7.5,williamhill_us,2025-10-27T14:54:59Z,2025-10-27T14:55:17Z,100.0,-138.0
Harrison Barnes,Toronto Raptors @ San Antonio Spurs,2025-10-28T00:00:00Z,player_rebounds,3.5,williamhill_us,2025-10-27T14:54:59Z,2025-10-27T14:55:17Z,-121.0,-112.0
Immanuel Quickley,Toronto Raptors @ San Antonio Spurs,2025-10-28T00:00:00Z,player_rebounds,3.5,williamhill_us,2025-10-27T14:54:59Z,2025-10-27T14:55:17Z,-154.0,110.0
Devin Vassell,Toronto Raptors @ San Antonio Spurs,2025-10-28T00:00:00Z,player_rebounds,3.5,williamhill_us,2025-10-27T14:54:59Z,2025-10-27T14:55:17Z,-162.0,115.0
Devin Vassell,Toronto Raptors @ San Antonio Spurs,2025-10-28T00:00:00Z,player_threes,2.5,williamhill_us,2025-10-27T14:54:59Z,2025-10-27T14:55:17Z,-108.0,-125.0
R.J. Barrett,Toronto Raptors @ San Antonio Spurs,2025-10-28T00:00:00Z,player_threes,1.5,williamhill_us,2025-10-27T14:54:59Z,2025-10-27T14:55:17Z,100.0,-139.0
Julian Champagnie,Toronto Raptors @ San Antonio Spurs,2025-10-28T00:00:00Z,player_threes,1.5,williamhill_us,2025-10-27T14:54:59Z,2025-10-27T14:55:17Z,-182.0,130.0
Brandon Ingram,Toronto Raptors @ San Antonio Spurs,2025-10-28T00:00:00Z,player_threes,1.5,williamhill_us,2025-10-27T14:54:59Z,2025-10-27T14:55:17Z,100.0,-137.0
Stephon Castle,Toronto Raptors @ San Antonio Spurs,2025-10-28T00:00:00Z,player_threes,1.5,williamhill_us,2025-10-27T14:54:59Z,2025-10-27T14:55:17Z,140.0,-197.0
Immanuel Quickley,Toronto Raptors @ San Antonio Spurs,2025-10-28T00:00:00Z,player_threes,2.5,williamhill_us,2025-10-27T14:54:59Z,2025-10-27T14:55:17Z,100.0,-139.0
Victor Wembanyama,Toronto Raptors @ San Antonio Spurs,2025-10-28T00:00:00Z,player_threes,1.5,williamhill_us,2025-10-27T14:54:59Z,2025-10-27T14:55:17Z,-150.0,107.0
Keldon Johnson,Toronto Raptors @ San Antonio Spurs,2025-10-28T00:00:00Z,player_threes,0.5,williamhill_us,2025-10-27T14:54:59Z,2025-10-27T14:55:17Z,-245.0,170.0
Harrison Barnes,Toronto Raptors @ San Antonio Spurs,2025-10-28T00:00:00Z,player_threes,1.5,williamhill_us,2025-10-27T14:54:59Z,2025-10-27T14:55:17Z,120.0,-164.0
Scottie Barnes,Toronto Raptors @ San Antonio Spurs,2025-10-28T00:00:00Z,player_threes,1.5,williamhill_us,2025-10-27T14:54:59Z,2025-10-27T14:55:17Z,165.0,-235.0
Dylan Harper,Toronto Raptors @ San Antonio Spurs,2025-10-28T00:00:00Z,player_threes,0.5,williamhill_us,2025-10-27T14:54:59Z,2025-10-27T14:55:17Z,-240.0,170.0
Scottie Barnes,Toronto Raptors @ San Antonio Spurs,2025-10-28T00:00:00Z,player_triple_double,,williamhill_us,2025-10-27T14:54:59Z,2025-10-27T14:55:17Z,,
Victor Wembanyama,Toronto Raptors @ San Antonio Spurs,2025-10-28T00:00:00Z,player_triple_double,,williamhill_us,2025-10-27T14:54:59Z,2025-10-27T14:55:17Z,,
Victor Wembanyama,Toronto Raptors @ San Antonio Spurs,2025-10-28T00:00:00Z,player_assists,3.5,fanatics,2025-10-27T14:55:17Z,2025-10-27T14:56:02Z,-140.0,105.0
Devin Vassell,Toronto Raptors @ San Antonio Spurs,2025-10-28T00:00:00Z,player_assists,2.5,fanatics,2025-10-27T14:55:17Z,2025-10-27T14:56:02Z,-125.0,-105.0
Stephon Castle,Toronto Raptors @ San Antonio Spurs,2025-10-28T00:00:00Z,player_assists,5.5,fanatics,2025-10-27T14:55:17Z,2025-10-27T14:56:02Z,105.0,-140.0
Julian Champagnie,Toronto Raptors @ San Antonio Spurs,2025-10-28T00:00:00Z,player_assists,2.5,fanatics,2025-10-27T14:55:17Z,2025-10-27T14:56:02Z,130.0,-190.0
Dylan Harper,Toronto Raptors @ San Antonio Spurs,2025-10-28T00:00:00Z,player_assists,3.5,fanatics,2025-10-27T14:55:17Z,2025-10-27T14:56:02Z,-145.0,110.0
Harrison Barnes,Toronto Raptors @ San Antonio Spurs,2025-10-28T00:00:00Z,player_assists,1.5,fanatics,2025-10-27T14:55:17Z,2025-10-27T14:56:02Z,-190.0,130.0
Keldon Johnson,Toronto Raptors @ San Antonio Spurs,2025-10-28T00:00:00Z,player_assists,1.5,fanatics,2025-10-27T14:55:17Z,2025-10-27T14:56:02Z,-190.0,130.0
Jakob Poeltl,Toronto Raptors @ San Antonio Spurs,2025-10-28T00:00:00Z,player_assists,2.5,fanatics,2025-10-27T14:55:17Z,2025-10-27T14:56:02Z,120.0,-165.0
Immanuel Quickley,Toronto Raptors @ San Antonio Spurs,2025-10-28T00:00:00Z,player_assists,5.5,fanatics,2025-10-27T14:55:17Z,2025-10-27T14:56:02Z,115.0,-150.0
Scottie Barnes,Toronto Raptors @ San Antonio Spurs,2025-10-28T00:00:00Z,player_assists,4.5,fanatics,2025-10-27T14:55:17Z,2025-10-27T14:56:02Z,-150.0,115.0
R.J. Barrett,Toronto Raptors @ San Antonio Spurs,2025-10-28T00:00:00Z,player_assists,3.5,fanatics,2025-10-27T14:55:17Z,2025-10-27T14:56:02Z,110.0,-145.0
Brandon Ingram,Toronto Raptors @ San Antonio Spurs,2025-10-28T00:00:00Z,player_assists,3.5,fanatics,2025-10-27T14:55:17Z,2025-10-27T14:56:02Z,-115.0,-115.0
Jamal Shead,Toronto Raptors @ San Antonio Spurs,2025-10-28T00:00:00Z,player_assists,3.5,fanatics,2025-10-27T14:55:17Z,2025-10-27T14:56:02Z,-140.0,105.0
Ochai Agbaji,Toronto Raptors @ San Antonio Spurs,2025-10-28T00:00:00Z,player_assists,0.5,fanatics,2025-10-27T14:55:17Z,2025-10-27T14:56:02Z,-115.0,-115.0
Victor Wembanyama,Toronto Raptors @ San Antonio Spurs,2025-10-28T00:00:00Z,player_double_double,,fanatics,2025-10-27T14:55:17Z,2025-10-27T14:56:02Z,,
Devin Vassell,Toronto Raptors @ San Antonio Spurs,2025-10-28T00:00:00Z,player_double_double,,fanatics,2025-10-27T14:55:17Z,2025-10-27T14:56:02Z,,
Stephon Castle,Toronto Raptors @ San Antonio Spurs,2025-10-28T00:00:00Z,player_double_double,,fanatics,2025-10-27T14:55:17Z,2025-10-27T14:56:02Z,,
Dylan Harper,Toronto Raptors @ San Antonio Spurs,2025-10-28T00:00:00Z,player_double_double,,fanatics,2025-10-27T14:55:17Z,2025-10-27T14:56:02Z,,
Keldon Johnson,Toronto Raptors @ San Antonio Spurs,2025-10-28T00:00:00Z,player_double_double,,fanatics,2025-10-27T14:55:17Z,2025-10-27T14:56:02Z,,
Julian Champagnie,Toronto Raptors @ San Antonio Spurs,2025-10-28T00:00:00Z,player_double_double,,fanatics,2025-10-27T14:55:17Z,2025-10-27T14:56:02Z,,
Brandon Ingram,Toronto Raptors @ San Antonio Spurs,2025-10-28T00:00:00Z,player_double_double,,fanatics,2025-10-27T14:55:17Z,2025-10-27T14:56:02Z,,
Scottie Barnes,Toronto Raptors @ San Antonio Spurs,2025-10-28T00:00:00Z,player_double_double,,fanatics,2025-10-27T14:55:17Z,2025-10-27T14:56:02Z,,
Immanuel Quickley,Toronto Raptors @ San Antonio Spurs,2025-10-28T00:00:00Z,player_double_double,,fanatics,2025-10-27T14:55:17Z,2025-10-27T14:56:02Z,,
R.J. Barrett,Toronto Raptors @ San Antonio Spurs,2025-10-28T00:00:00Z,player_double_double,,fanatics,2025-10-27T14:55:17Z,2025-10-27T14:56:02Z,,
Jakob Poeltl,Toronto Raptors @ San Antonio Spurs,2025-10-28T00:00:00Z,player_double_double,,fanatics,2025-10-27T14:55:17Z,2025-10-27T14:56:02Z,,
Keldon Johnson,Toronto Raptors @ San Antonio Spurs,2025-10-28T00:00:00Z,player_points,11.5,fanatics,2025-10-27T14:55:17Z,2025-10-27T14:56:02Z,-115.0,-115.0
Victor Wembanyama,Toronto Raptors @ San Antonio Spurs,2025-10-28T00:00:00Z,player_points,28.5,fanatics,2025-10-27T14:55:17Z,2025-10-27T14:56:02Z,-115.0,-115.0
Harrison Barnes,Toronto Raptors @ San Antonio Spurs,2025-10-28T00:00:00Z,player_points,9.5,fanatics,2025-10-27T14:55:17Z,2025-10-27T14:56:02Z,-115.0,-115.0
Dylan Harper,Toronto Raptors @ San Antonio Spurs,2025-10-28T00:00:00Z,player_points,13.5,fanatics,2025-10-27T14:55:17Z,2025-10-27T14:56:02Z,-120.0,-110.0
Julian Champagnie,Toronto Raptors @ San Antonio Spurs,2025-10-28T00:00:00Z,player_points,8.5,fanatics,2025-10-27T14:55:17Z,2025-10-27T14:56:02Z,-130.0,100.0
Devin Vassell,Toronto Raptors @ San Antonio Spurs,2025-10-28T00:00:00Z,player_points,16.5,fanatics,2025-10-27T14:55:17Z,2025-10-27T14:56:02Z,-125.0,-105.0
Stephon Castle,Toronto Raptors @ San Antonio Spurs,2025-10-28T00:00:00Z,player_points,16.5,fanatics,2025-10-27T14:55:17Z,2025-10-27T14:56:02Z,-120.0,-110.0
Brandon Ingram,Toronto Raptors @ San Antonio Spurs,2025-10-28T00:00:00Z,player_points,18.5,fanatics,2025-10-27T14:55:17Z,2025-10-27T14:56:02Z,-125.0,-105.0
Scottie Barnes,Toronto Raptors @ San Antonio Spurs,2025-10-28T00:00:00Z,player_points,17.5,fanatics,2025-10-27T14:55:17Z,2025-10-27T14:56:02Z,-115.0,-115.0
Immanuel Quickley,Toronto Raptors @ San Antonio Spurs,2025-10-28T00:00:00Z,player_points,16.5,fanatics,2025-10-27T14:55:17Z,2025-10-27T14:56:02Z,-125.0,-105.0
R.J. Barrett,Toronto Raptors @ San Antonio Spurs,2025-10-28T00:00:00Z,player_points,16.5,fanatics,2025-10-27T14:55:17Z,2025-10-27T14:56:02Z,-120.0,-110.0
Jakob Poeltl,Toronto Raptors @ San Antonio Spurs,2025-10-28T00:00:00Z,player_points,8.5,fanatics,2025-10-27T14:55:17Z,2025-10-27T14:56:02Z,-110.0,-120.0
Jamal Shead,Toronto Raptors @ San Antonio Spurs,2025-10-28T00:00:00Z,player_points,6.5,fanatics,2025-10-27T14:55:17Z,2025-10-27T14:56:02Z,100.0,-130.0
Ochai Agbaji,Toronto Raptors @ San Antonio Spurs,2025-10-28T00:00:00Z,player_points,5.5,fanatics,2025-10-27T14:55:17Z,2025-10-27T14:56:02Z,-105.0,-125.0
Stephon Castle,Toronto Raptors @ San Antonio Spurs,2025-10-28T00:00:00Z,player_points_rebounds_assists,27.5,fanatics,2025-10-27T14:55:17Z,2025-10-27T14:56:02Z,-105.0,-125.0
Keldon Johnson,Toronto Raptors @ San Antonio Spurs,2025-10-28T00:00:00Z,player_points_rebounds_assists,20.5,fanatics,2025-10-27T14:55:17Z,2025-10-27T14:56:02Z,100.0,-130.0
Brandon Ingram,Toronto Raptors @ San Antonio Spurs,2025-10-28T00:00:00Z,player_points_rebounds_assists,28.5,fanatics,2025-10-27T14:55:17Z,2025-10-27T14:56:02Z,-110.0,-120.0
Victor Wembanyama,Toronto Raptors @ San Antonio Spurs,2025-10-28T00:00:00Z,player_points_rebounds_assists,45.5,fanatics,2025-10-27T14:55:17Z,2025-10-27T14:56:02Z,-115.0,-115.0
Jakob Poeltl,Toronto Raptors @ San Antonio Spurs,2025-10-28T00:00:00Z,player_points_rebounds_assists,18.5,fanatics,2025-10-27T14:55:17Z,2025-10-27T14:56:02Z,100.0,-130.0
Dylan Harper,Toronto Raptors @ San Antonio Spurs,2025-10-28T00:00:00Z,player_points_rebounds_assists,21.5,fanatics,2025-10-27T14:55:17Z,2025-10-27T14:56:02Z,-115.0,-115.0
R.J. Barrett,Toronto Raptors @ San Antonio Spurs,2025-10-28T00:00:00Z,player_points_rebounds_assists,25.5,fanatics,2025-10-27T14:55:17Z,2025-10-27T14:56:02Z,-115.0,-115.0
Scottie Barnes,Toronto Raptors @ San Antonio Spurs,2025-10-28T00:00:00Z,player_points_rebounds_assists,29.5,fanatics,2025-10-27T14:55:17Z,2025-10-27T14:56:02Z,-105.0,-125.0
Julian Champagnie,Toronto Raptors @ San Antonio Spurs,2025-10-28T00:00:00Z,player_points_rebounds_assists,16.5,fanatics,2025-10-27T14:55:17Z,2025-10-27T14:56:02Z,-110.0,-120.0
Immanuel Quickley,Toronto Raptors @ San Antonio Spurs,2025-10-28T00:00:00Z,player_points_rebounds_assists,26.5,fanatics,2025-10-27T14:55:17Z,2025-10-27T14:56:02Z,-105.0,-125.0
Devin Vassell,Toronto Raptors @ San Antonio Spurs,2025-10-28T00:00:00Z,player_points_rebounds_assists,23.5,fanatics,2025-10-27T14:55:17Z,2025-10-27T14:56:02Z,-120.0,-110.0
Jamal Shead,Toronto Raptors @ San Antonio Spurs,2025-10-28T00:00:00Z,player_points_rebounds_assists,11.5,fanatics,2025-10-27T14:55:17Z,2025-10-27T14:56:02Z,-115.0,-115.0
Ochai Agbaji,Toronto Raptors @ San Antonio Spurs,2025-10-28T00:00:00Z,player_points_rebounds_assists,8.5,fanatics,2025-10-27T14:55:17Z,2025-10-27T14:56:02Z,-120.0,-110.0
Harrison Barnes,Toronto Raptors @ San Antonio Spurs,2025-10-28T00:00:00Z,player_points_rebounds_assists,15.5,fanatics,2025-10-27T14:55:17Z,2025-10-27T14:56:02Z,-115.0,-115.0
Victor Wembanyama,Toronto Raptors @ San Antonio Spurs,2025-10-28T00:00:00Z,player_rebounds,12.5,fanatics,2025-10-27T14:55:17Z,2025-10-27T14:56:02Z,-105.0,-125.0
Devin Vassell,Toronto Raptors @ San Antonio Spurs,2025-10-28T00:00:00Z,player_rebounds,3.5,fanatics,2025-10-27T14:55:17Z,2025-10-27T14:56:02Z,-150.0,115.0
Stephon Castle,Toronto Raptors @ San Antonio Spurs,2025-10-28T00:00:00Z,player_rebounds,4.5,fanatics,2025-10-27T14:55:17Z,2025-10-27T14:56:02Z,-130.0,100.0
Julian Champagnie,Toronto Raptors @ San Antonio Spurs,2025-10-28T00:00:00Z,player_rebounds,4.5,fanatics,2025-10-27T14:55:17Z,2025-10-27T14:56:02Z,-140.0,105.0
Harrison Barnes,Toronto Raptors @ San Antonio Spurs,2025-10-28T00:00:00Z,player_rebounds,3.5,fanatics,2025-10-27T14:55:17Z,2025-10-27T14:56:02Z,-125.0,-105.0
Dylan Harper,Toronto Raptors @ San Antonio Spurs,2025-10-28T00:00:00Z,player_rebounds,3.5,fanatics,2025-10-27T14:55:17Z,2025-10-27T14:56:02Z,-145.0,110.0
Keldon Johnson,Toronto Raptors @ San Antonio Spurs,2025-10-28T00:00:00Z,player_rebounds,5.5,fanatics,2025-10-27T14:55:17Z,2025-10-27T14:56:02Z,-135.0,100.0
R.J. Barrett,Toronto Raptors @ San Antonio Spurs,2025-10-28T00:00:00Z,player_rebounds,5.5,fanatics,2025-10-27T14:55:17Z,2025-10-27T14:56:02Z,110.0,-145.0
Immanuel Quickley,Toronto Raptors @ San Antonio Spurs,2025-10-28T00:00:00Z,player_rebounds,3.5,fanatics,2025-10-27T14:55:17Z,2025-10-27T14:56:02Z,-150.0,115.0
Scottie Barnes,Toronto Raptors @ San Antonio Spurs,2025-10-28T00:00:00Z,player_rebounds,6.5,fanatics,2025-10-27T14:55:17Z,2025-10-27T14:56:02Z,-115.0,-115.0
Brandon Ingram,Toronto Raptors @ San Antonio Spurs,2025-10-28T00:00:00Z,player_rebounds,5.5,fanatics,2025-10-27T14:55:17Z,2025-10-27T14:56:02Z,105.0,-140.0
Jakob Poeltl,Toronto Raptors @ San Antonio Spurs,2025-10-28T00:00:00Z,player_rebounds,7.5,fanatics,2025-10-27T14:55:17Z,2025-10-27T14:56:02Z,110.0,-145.0
Jamal Shead,Toronto Raptors @ San Antonio Spurs,2025-10-28T00:00:00Z,player_rebounds,1.5,fanatics,2025-10-27T14:55:17Z,2025-10-27T14:56:02Z,125.0,-175.0
Ochai Agbaji,Toronto Raptors @ San Antonio Spurs,2025-10-28T00:00:00Z,player_rebounds,2.5,fanatics,2025-10-27T14:55:17Z,2025-10-27T14:56:02Z,-105.0,-125.0
Harrison Barnes,Toronto Raptors @ San Antonio Spurs,2025-10-28T00:00:00Z,player_threes,1.5,fanatics,2025-10-27T14:55:17Z,2025-10-27T14:56:02Z,115.0,-150.0
Julian Champagnie,Toronto Raptors @ San Antonio Spurs,2025-10-28T00:00:00Z,player_threes,1.5,fanatics,2025-10-27T14:55:17Z,2025-10-27T14:56:02Z,-175.0,125.0
Victor Wembanyama,Toronto Raptors @ San Antonio Spurs,2025-10-28T00:00:00Z,player_threes,1.5,fanatics,2025-10-27T14:55:17Z,2025-10-27T14:56:02Z,-145.0,105.0
Devin Vassell,Toronto Raptors @ San Antonio Spurs,2025-10-28T00:00:00Z,player_threes,2.5,fanatics,2025-10-27T14:55:17Z,2025-10-27T14:56:02Z,-105.0,-125.0
Keldon Johnson,Toronto Raptors @ San Antonio Spurs,2025-10-28T00:00:00Z,player_threes,0.5,fanatics,2025-10-27T14:55:17Z,2025-10-27T14:56:02Z,-250.0,155.0
Stephon Castle,Toronto Raptors @ San Antonio Spurs,2025-10-28T00:00:00Z,player_threes,1.5,fanatics,2025-10-27T14:55:17Z,2025-10-27T14:56:02Z,135.0,-210.0
Dylan Harper,Toronto Raptors @ San Antonio Spurs,2025-10-28T00:00:00Z,player_threes,0.5,fanatics,2025-10-27T14:55:17Z,2025-10-27T14:56:02Z,-250.0,155.0
Brandon Ingram,Toronto Raptors @ San Antonio Spurs,2025-10-28T00:00:00Z,player_threes,1.5,fanatics,2025-10-27T14:55:17Z,2025-10-27T14:56:02Z,110.0,-145.0
Scottie Barnes,Toronto Raptors @ San Antonio Spurs,2025-10-28T00:00:00Z,player_threes,1.5,fanatics,2025-10-27T14:55:17Z,2025-10-27T14:56:02Z,155.0,-250.0
Immanuel Quickley,Toronto Raptors @ San Antonio Spurs,2025-10-28T00:00:00Z,player_threes,2.5,fanatics,2025-10-27T14:55:17Z,2025-10-27T14:56:02Z,110.0,-145.0
R.J. Barrett,Toronto Raptors @ San Antonio Spurs,2025-10-28T00:00:00Z,player_threes,1.5,fanatics,2025-10-27T14:55:17Z,2025-10-27T14:56:02Z,100.0,-130.0
Jamal Shead,Toronto Raptors @ San Antonio Spurs,2025-10-28T00:00:00Z,player_threes,0.5,fanatics,2025-10-27T14:55:17Z,2025-10-27T14:56:02Z,-165.0,120.0
Ochai Agbaji,Toronto Raptors @ San Antonio Spurs,2025-10-28T00:00:00Z,player_threes,0.5,fanatics,2025-10-27T14:55:17Z,2025-10-27T14:56:02Z,-150.0,115.0
Victor Wembanyama,Toronto Raptors @ San Antonio Spurs,2025-10-28T00:00:00Z,player_triple_double,,fanatics,2025-10-27T14:55:17Z,2025-10-27T14:56:02Z,,
Scottie Barnes,Toronto Raptors @ San Antonio Spurs,2025-10-28T00:00:00Z,player_assists,4.5,fanduel,2025-10-27T14:55:19Z,2025-10-27T14:53:47Z,-154.0,116.0
Victor Wembanyama,Toronto Raptors @ San Antonio Spurs,2025-10-28T00:00:00Z,player_assists,3.5,fanduel,2025-10-27T14:55:19Z,2025-10-27T14:53:47Z,-144.0,108.0
R.J. Barrett,Toronto Raptors @ San Antonio Spurs,2025-10-28T00:00:00Z,player_assists,3.5,fanduel,2025-10-27T14:55:19Z,2025-10-27T14:53:47Z,110.0,-146.0
Brandon Ingram,Toronto Raptors @ San Antonio Spurs,2025-10-28T00:00:00Z,player_assists,3.5,fanduel,2025-10-27T14:55:19Z,2025-10-27T14:53:47Z,-118.0,-112.0
Julian Champagnie,Toronto Raptors @ San Antonio Spurs,2025-10-28T00:00:00Z,player_assists,1.5,fanduel,2025-10-27T14:55:19Z,2025-10-27T14:53:47Z,-205.0,152.0
Immanuel Quickley,Toronto Raptors @ San Antonio Spurs,2025-10-28T00:00:00Z,player_assists,5.5,fanduel,2025-10-27T14:55:19Z,2025-10-27T14:53:47Z,108.0,-144.0
Stephon Castle,Toronto Raptors @ San Antonio Spurs,2025-10-28T00:00:00Z,player_assists,5.5,fanduel,2025-10-27T14:55:19Z,2025-10-27T14:53:47Z,106.0,-140.0
Victor Wembanyama,Toronto Raptors @ San Antonio Spurs,2025-10-28T00:00:00Z,player_blocks,4.5,fanduel,2025-10-27T14:55:19Z,2025-10-27T14:53:47Z,132.0,-178.0
Victor Wembanyama,Toronto Raptors @ San Antonio Spurs,2025-10-28T00:00:00Z,player_double_double,,fanduel,2025-10-27T14:55:19Z,2025-10-27T14:53:47Z,,
Scottie Barnes,Toronto Raptors @ San Antonio Spurs,2025-10-28T00:00:00Z,player_double_double,,fanduel,2025-10-27T14:55:19Z,2025-10-27T14:53:47Z,,
Jakob Poeltl,Toronto Raptors @ San Antonio Spurs,2025-10-28T00:00:00Z,player_double_double,,fanduel,2025-10-27T14:55:19Z,2025-10-27T14:53:47Z,,
Stephon Castle,Toronto Raptors @ San Antonio Spurs,2025-10-28T00:00:00Z,player_double_double,,fanduel,2025-10-27T14:55:19Z,2025-10-27T14:53:47Z,,
Brandon Ingram,Toronto Raptors @ San Antonio Spurs,2025-10-28T00:00:00Z,player_double_double,,fanduel,2025-10-27T14:55:19Z,2025-10-27T14:53:47Z,,
Immanuel Quickley,Toronto Raptors @ San Antonio Spurs,2025-10-28T00:00:00Z,player_double_double,,fanduel,2025-10-27T14:55:19Z,2025-10-27T14:53:47Z,,
R.J. Barrett,Toronto Raptors @ San Antonio Spurs,2025-10-28T00:00:00Z,player_double_double,,fanduel,2025-10-27T14:55:19Z,2025-10-27T14:53:47Z,,
Julian Champagnie,Toronto Raptors @ San Antonio Spurs,2025-10-28T00:00:00Z,player_double_double,,fanduel,2025-10-27T14:55:19Z,2025-10-27T14:53:47Z,,
Devin Vassell,Toronto Raptors @ San Antonio Spurs,2025-10-28T00:00:00Z,player_double_double,,fanduel,2025-10-27T14:55:19Z,2025-10-27T14:53:47Z,,
Stephon Castle,Toronto Raptors @ San Antonio Spurs,2025-10-28T00:00:00Z,player_points,16.5,fanduel,2025-10-27T14:55:19Z,2025-10-27T14:53:47Z,-114.0,-114.0
Immanuel Quickley,Toronto Raptors @ San Antonio Spurs,2025-10-28T00:00:00Z,player_points,16.5,fanduel,2025-10-27T14:55:19Z,2025-10-27T14:53:47Z,-122.0,-108.0
Julian Champagnie,Toronto Raptors @ San Antonio Spurs,2025-10-28T00:00:00Z,player_points,8.5,fanduel,2025-10-27T14:55:19Z,2025-10-27T14:53:47Z,-130.0,-102.0
Scottie Barnes,Toronto Raptors @ San Antonio Spurs,2025-10-28T00:00:00Z,player_points,17.5,fanduel,2025-10-27T14:55:19Z,2025-10-27T14:53:47Z,-102.0,-130.0
Jakob Poeltl,Toronto Raptors @ San Antonio Spurs,2025-10-28T00:00:00Z,player_points,8.5,fanduel,2025-10-27T14:55:19Z,2025-10-27T14:53:47Z,-114.0,-114.0
R.J. Barrett,Toronto Raptors @ San Antonio Spurs,2025-10-28T00:00:00Z,player_points,16.5,fanduel,2025-10-27T14:55:19Z,2025-10-27T14:53:47Z,-118.0,-112.0
Harrison Barnes,Toronto Raptors @ San Antonio Spurs,2025-10-28T00:00:00Z,player_points,9.5,fanduel,2025-10-27T14:55:19Z,2025-10-27T14:53:47Z,-118.0,-112.0
Victor Wembanyama,Toronto Raptors @ San Antonio Spurs,2025-10-28T00:00:00Z,player_points,28.5,fanduel,2025-10-27T14:55:19Z,2025-10-27T14:53:47Z,-122.0,-108.0
Brandon Ingram,Toronto Raptors @ San Antonio Spurs,2025-10-28T00:00:00Z,player_points,19.5,fanduel,2025-10-27T14:55:19Z,2025-10-27T14:53:47Z,-108.0,-122.0
Devin Vassell,Toronto Raptors @ San Antonio Spurs,2025-10-28T00:00:00Z,player_points,16.5,fanduel,2025-10-27T14:55:19Z,2025-10-27T14:53:47Z,-128.0,-104.0
Julian Champagnie,Toronto Raptors @ San Antonio Spurs,2025-10-28T00:00:00Z,player_points_rebounds_assists,16.5,fanduel,2025-10-27T14:55:19Z,2025-10-27T14:53:47Z,100.0,-132.0
Harrison Barnes,Toronto Raptors @ San Antonio Spurs,2025-10-28T00:00:00Z,player_points_rebounds_assists,15.5,fanduel,2025-10-27T14:55:19Z,2025-10-27T14:53:47Z,-114.0,-114.0
Devin Vassell,Toronto Raptors @ San Antonio Spurs,2025-10-28T00:00:00Z,player_points_rebounds_assists,23.5,fanduel,2025-10-27T14:55:19Z,2025-10-27T14:53:47Z,-122.0,-108.0
R.J. Barrett,Toronto Raptors @ San Antonio Spurs,2025-10-28T00:00:00Z,player_points_rebounds_assists,25.5,fanduel,2025-10-27T14:55:19Z,2025-10-27T14:53:47Z,-112.0,-118.0
Stephon Castle,Toronto Raptors @ San Antonio Spurs,2025-10-28T00:00:00Z,player_points_rebounds_assists,26.5,fanduel,2025-10-27T14:55:19Z,2025-10-27T14:53:47Z,-128.0,-104.0
Jakob Poeltl,Toronto Raptors @ San Antonio Spurs,2025-10-28T00:00:00Z,player_points_rebounds_assists,18.5,fanduel,2025-10-27T14:55:19Z,2025-10-27T14:53:47Z,-108.0,-122.0
Scottie Barnes,Toronto Raptors @ San Antonio Spurs,2025-10-28T00:00:00Z,player_points_rebounds_assists,29.5,fanduel,2025-10-27T14:55:19Z,2025-10-27T14:53:47Z,-106.0,-125.0
Immanuel Quickley,Toronto Raptors @ San Antonio Spurs,2025-10-28T00:00:00Z,player_points_rebounds_assists,26.5,fanduel,2025-10-27T14:55:19Z,2025-10-27T14:53:47Z,-110.0,-122.0
Victor Wembanyama,Toronto Raptors @ San Antonio Spurs,2025-10-28T00:00:00Z,player_points_rebounds_assists,45.5,fanduel,2025-10-27T14:55:19Z,2025-10-27T14:53:47Z,-108.0,-122.0
Brandon Ingram,Toronto Raptors @ San Antonio Spurs,2025-10-28T00:00:00Z,player_points_rebounds_assists,28.5,fanduel,2025-10-27T14:55:19Z,2025-10-27T14:53:47Z,-114.0,-114.0
Scottie Barnes,Toronto Raptors @ San Antonio Spurs,2025-10-28T00:00:00Z,player_rebounds,6.5,fanduel,2025-10-27T14:55:19Z,2025-10-27T14:53:47Z,-118.0,-112.0
Jakob Poeltl,Toronto Raptors @ San Antonio Spurs,2025-10-28T00:00:00Z,player_rebounds,7.5,fanduel,2025-10-27T14:55:19Z,2025-10-27T14:53:47Z,104.0,-138.0
Julian Champagnie,Toronto Raptors @ San Antonio Spurs,2025-10-28T00:00:00Z,player_rebounds,4.5,fanduel,2025-10-27T14:55:19Z,2025-10-27T14:53:47Z,-136.0,102.0
Harrison Barnes,Toronto Raptors @ San Antonio Spurs,2025-10-28T00:00:00Z,player_rebounds,3.5,fanduel,2025-10-27T14:55:19Z,2025-10-27T14:53:47Z,-120.0,-110.0
Victor Wembanyama,Toronto Raptors @ San Antonio Spurs,2025-10-28T00:00:00Z,player_rebounds,12.5,fanduel,2025-10-27T14:55:19Z,2025-10-27T14:53:47Z,100.0,-132.0
Devin Vassell,Toronto Raptors @ San Antonio Spurs,2025-10-28T00:00:00Z,player_rebounds,3.5,fanduel,2025-10-27T14:55:19Z,2025-10-27T14:53:47Z,-158.0,116.0
R.J. Barrett,Toronto Raptors @ San Antonio Spurs,2025-10-28T00:00:00Z,player_rebounds,5.5,fanduel,2025-10-27T14:55:19Z,2025-10-27T14:53:47Z,116.0,-154.0
Brandon Ingram,Toronto Raptors @ San Antonio Spurs,2025-10-28T00:00:00Z,player_rebounds,5.5,fanduel,2025-10-27T14:55:19Z,2025-10-27T14:53:47Z,104.0,-138.0
Immanuel Quickley,Toronto Raptors @ San Antonio Spurs,2025-10-28T00:00:00Z,player_rebounds,3.5,fanduel,2025-10-27T14:55:19Z,2025-10-27T14:53:47Z,-152.0,114.0
Stephon Castle,Toronto Raptors @ San Antonio Spurs,2025-10-28T00:00:00Z,player_rebounds,4.5,fanduel,2025-10-27T14:55:19Z,2025-10-27T14:53:47Z,-125.0,-106.0
Victor Wembanyama,Toronto Raptors @ San Antonio Spurs,2025-10-28T00:00:00Z,player_steals,1.5,fanduel,2025-10-27T14:55:19Z,2025-10-27T14:53:47Z,136.0,-182.0
Immanuel Quickley,Toronto Raptors @ San Antonio Spurs,2025-10-28T00:00:00Z,player_threes,2.5,fanduel,2025-10-27T14:55:19Z,2025-10-27T14:53:47Z,118.0,-158.0
Harrison Barnes,Toronto Raptors @ San Antonio Spurs,2025-10-28T00:00:00Z,player_threes,1.5,fanduel,2025-10-27T14:55:19Z,2025-10-27T14:53:47Z,126.0,-168.0
R.J. Barrett,Toronto Raptors @ San Antonio Spurs,2025-10-28T00:00:00Z,player_threes,1.5,fanduel,2025-10-27T14:55:19Z,2025-10-27T14:53:47Z,102.0,-136.0
Scottie Barnes,Toronto Raptors @ San Antonio Spurs,2025-10-28T00:00:00Z,player_threes,1.5,fanduel,2025-10-27T14:55:19Z,2025-10-27T14:53:47Z,164.0,-225.0
Victor Wembanyama,Toronto Raptors @ San Antonio Spurs,2025-10-28T00:00:00Z,player_threes,1.5,fanduel,2025-10-27T14:55:19Z,2025-10-27T14:53:47Z,-148.0,112.0
Devin Vassell,Toronto Raptors @ San Antonio Spurs,2025-10-28T00:00:00Z,player_threes,2.5,fanduel,2025-10-27T14:55:19Z,2025-10-27T14:53:47Z,-104.0,-128.0
Brandon Ingram,Toronto Raptors @ San Antonio Spurs,2025-10-28T00:00:00Z,player_threes,1.5,fanduel,2025-10-27T14:55:19Z,2025-10-27T14:53:47Z,108.0,-144.0
Julian Champagnie,Toronto Raptors @ San Antonio Spurs,2025-10-28T00:00:00Z,player_threes,1.5,fanduel,2025-10-27T14:55:19Z,2025-10-27T14:53:47Z,-188.0,140.0
Victor Wembanyama,Toronto Raptors @ San Antonio Spurs,2025-10-28T00:00:00Z,player_triple_double,,fanduel,2025-10-27T14:55:19Z,2025-10-27T14:53:47Z,,
Scottie Barnes,Toronto Raptors @ San Antonio Spurs,2025-10-28T00:00:00Z,player_triple_double,,fanduel,2025-10-27T14:55:19Z,2025-10-27T14:53:47Z,,
Stephon Castle,Toronto Raptors @ San Antonio Spurs,2025-10-28T00:00:00Z,player_triple_double,,fanduel,2025-10-27T14:55:19Z,2025-10-27T14:53:47Z,,
Victor Wembanyama,Toronto Raptors @ San Antonio Spurs,2025-10-28T00:00:00Z,player_assists,3.5,betrivers,2025-10-27T14:54:42Z,2025-10-27T14:55:38Z,-150.0,112.0
Victor Wembanyama,Toronto Raptors @ San Antonio Spurs,2025-10-28T00:00:00Z,player_points,29.5,betrivers,2025-10-27T14:54:42Z,2025-10-27T14:55:38Z,-108.0,-124.0
Victor Wembanyama,Toronto Raptors @ San Antonio Spurs,2025-10-28T00:00:00Z,player_points_rebounds_assists,46.5,betrivers,2025-10-27T14:54:42Z,2025-10-27T14:55:38Z,-113.0,-118.0
Victor Wembanyama,Toronto Raptors @ San Antonio Spurs,2025-10-28T00:00:00Z,player_rebounds,12.5,betrivers,2025-10-27T14:54:42Z,2025-10-27T14:55:38Z,-109.0,-122.0
Victor Wembanyama,Toronto Raptors @ San Antonio Spurs,2025-10-28T00:00:00Z,player_threes,1.5,betrivers,2025-10-27T14:54:42Z,2025-10-27T14:55:38Z,-129.0,-104.0
Brandon Ingram,Toronto Raptors @ San Antonio Spurs,2025-10-28T00:00:00Z,player_assists,3.5,betmgm,2025-10-27T14:55:29Z,2025-10-27T14:55:51Z,-105.0,-125.0
Immanuel Quickley,Toronto Raptors @ San Antonio Spurs,2025-10-28T00:00:00Z,player_assists,5.5,betmgm,2025-10-27T14:55:29Z,2025-10-27T14:55:51Z,120.0,-160.0
Stephon Castle,Toronto Raptors @ San Antonio Spurs,2025-10-28T00:00:00Z,player_assists,5.5,betmgm,2025-10-27T14:55:29Z,2025-10-27T14:55:51Z,-105.0,-130.0
Julian Champagnie,Toronto Raptors @ San Antonio Spurs,2025-10-28T00:00:00Z,player_assists,2.5,betmgm,2025-10-27T14:55:29Z,2025-10-27T14:55:51Z,140.0,-185.0
Harrison Barnes,Toronto Raptors @ San Antonio Spurs,2025-10-28T00:00:00Z,player_assists,1.5,betmgm,2025-10-27T14:55:29Z,2025-10-27T14:55:51Z,-160.0,120.0
Victor Wembanyama,Toronto Raptors @ San Antonio Spurs,2025-10-28T00:00:00Z,player_assists,3.5,betmgm,2025-10-27T14:55:29Z,2025-10-27T14:55:51Z,-120.0,-110.0
Jamal Shead,Toronto Raptors @ San Antonio Spurs,2025-10-28T00:00:00Z,player_assists,3.5,betmgm,2025-10-27T14:55:29Z,2025-10-27T14:55:51Z,-140.0,105.0
Keldon Johnson,Toronto Raptors @ San Antonio Spurs,2025-10-28T00:00:00Z,player_assists,1.5,betmgm,2025-10-27T14:55:29Z,2025-10-27T14:55:51Z,-185.0,135.0
Jakob Poeltl,Toronto Raptors @ San Antonio Spurs,2025-10-28T00:00:00Z,player_assists,2.5,betmgm,2025-10-27T14:55:29Z,2025-10-27T14:55:51Z,110.0,-150.0
Dylan Harper,Toronto Raptors @ San Antonio Spurs,2025-10-28T00:00:00Z,player_assists,3.5,betmgm,2025-10-27T14:55:29Z,2025-10-27T14:55:51Z,-145.0,110.0
R.J. Barrett,Toronto Raptors @ San Antonio Spurs,2025-10-28T00:00:00Z,player_assists,3.5,betmgm,2025-10-27T14:55:29Z,2025-10-27T14:55:51Z,110.0,-145.0
Devin Vassell,Toronto Raptors @ San Antonio Spurs,2025-10-28T00:00:00Z,player_assists,2.5,betmgm,2025-10-27T14:55:29Z,2025-10-27T14:55:51Z,-135.0,100.0
Ochai Agbaji,Toronto Raptors @ San Antonio Spurs,2025-10-28T00:00:00Z,player_assists,0.5,betmgm,2025-10-27T14:55:29Z,2025-10-27T14:55:51Z,-120.0,-110.0
Scottie Barnes,Toronto Raptors @ San Antonio Spurs,2025-10-28T00:00:00Z,player_assists,5.5,betmgm,2025-10-27T14:55:29Z,2025-10-27T14:55:51Z,120.0,-160.0
Brandon Ingram,Toronto Raptors @ San Antonio Spurs,2025-10-28T00:00:00Z,player_blocks,0.5,betmgm,2025-10-27T14:55:29Z,2025-10-27T14:55:51Z,130.0,-185.0
Immanuel Quickley,Toronto Raptors @ San Antonio Spurs,2025-10-28T00:00:00Z,player_blocks,0.5,betmgm,2025-10-27T14:55:29Z,2025-10-27T14:55:51Z,550.0,-1200.0
Stephon Castle,Toronto Raptors @ San Antonio Spurs,2025-10-28T00:00:00Z,player_blocks,0.5,betmgm,2025-10-27T14:55:29Z,2025-10-27T14:55:51Z,350.0,-625.0
Julian Champagnie,Toronto Raptors @ San Antonio Spurs,2025-10-28T00:00:00Z,player_blocks,0.5,betmgm,2025-10-27T14:55:29Z,2025-10-27T14:55:51Z,195.0,-285.0
Harrison Barnes,Toronto Raptors @ San Antonio Spurs,2025-10-28T00:00:00Z,player_blocks,0.5,betmgm,2025-10-27T14:55:29Z,2025-10-27T14:55:51Z,320.0,-525.0
Victor Wembanyama,Toronto Raptors @ San Antonio Spurs,2025-10-28T00:00:00Z,player_blocks,3.5,betmgm,2025-10-27T14:55:29Z,2025-10-27T14:55:51Z,-160.0,115.0
Jakob Poeltl,Toronto Raptors @ San Antonio Spurs,2025-10-28T00:00:00Z,player_blocks,0.5,betmgm,2025-10-27T14:55:29Z,2025-10-27T14:55:51Z,-110.0,-125.0
R.J. Barrett,Toronto Raptors @ San Antonio Spurs,2025-10-28T00:00:00Z,player_blocks,0.5,betmgm,2025-10-27T14:55:29Z,2025-10-27T14:55:51Z,240.0,-375.0
Scottie Barnes,Toronto Raptors @ San Antonio Spurs,2025-10-28T00:00:00Z,player_blocks,0.5,betmgm,2025-10-27T14:55:29Z,2025-10-27T14:55:51Z,-130.0,-105.0
Devin Vassell,Toronto Raptors @ San Antonio Spurs,2025-10-28T00:00:00Z,player_blocks,0.5,betmgm,2025-10-27T14:55:29Z,2025-10-27T14:55:51Z,175.0,-250.0
Brandon Ingram,Toronto Raptors @ San Antonio Spurs,2025-10-28T00:00:00Z,player_double_double,,betmgm,2025-10-27T14:55:29Z,2025-10-27T14:55:52Z,,
Immanuel Quickley,Toronto Raptors @ San Antonio Spurs,2025-10-28T00:00:00Z,player_double_double,,betmgm,2025-10-27T14:55:29Z,2025-10-27T14:55:52Z,,
Stephon Castle,Toronto Raptors @ San Antonio Spurs,2025-10-28T00:00:00Z,player_double_double,,betmgm,2025-10-27T14:55:29Z,2025-10-27T14:55:52Z,,
Julian Champagnie,Toronto Raptors @ San Antonio Spurs,2025-10-28T00:00:00Z,player_double_double,,betmgm,2025-10-27T14:55:29Z,2025-10-27T14:55:52Z,,
Harrison Barnes,Toronto Raptors @ San Antonio Spurs,2025-10-28T00:00:00Z,player_double_double,,betmgm,2025-10-27T14:55:29Z,2025-10-27T14:55:52Z,,
Victor Wembanyama,Toronto Raptors @ San Antonio Spurs,2025-10-28T00:00:00Z,player_double_double,,betmgm,2025-10-27T14:55:29Z,2025-10-27T14:55:52Z,,
Jakob Poeltl,Toronto Raptors @ San Antonio Spurs,2025-10-28T00:00:00Z,player_double_double,,betmgm,2025-10-27T14:55:29Z,2025-10-27T14:55:52Z,,
R.J. Barrett,Toronto Raptors @ San Antonio Spurs,2025-10-28T00:00:00Z,player_double_double,,betmgm,2025-10-27T14:55:29Z,2025-10-27T14:55:52Z,,
Scottie Barnes,Toronto Raptors @ San Antonio Spurs,2025-10-28T00:00:00Z,player_double_double,,betmgm,2025-10-27T14:55:29Z,2025-10-27T14:55:52Z,,
Devin Vassell,Toronto Raptors @ San Antonio Spurs,2025-10-28T00:00:00Z,player_double_double,,betmgm,2025-10-27T14:55:29Z,2025-10-27T14:55:52Z,,
Stephon Castle,Toronto Raptors @ San Antonio Spurs,2025-10-28T00:00:00Z,player_points,16.5,betmgm,2025-10-27T14:55:29Z,2025-10-27T14:55:51Z,-110.0,-120.0
Julian Champagnie,Toronto Raptors @ San Antonio Spurs,2025-10-28T00:00:00Z,player_points,8.5,betmgm,2025-10-27T14:55:29Z,2025-10-27T14:55:51Z,-125.0,-105.0
Harrison Barnes,Toronto Raptors @ San Antonio Spurs,2025-10-28T00:00:00Z,player_points,9.5,betmgm,2025-10-27T14:55:29Z,2025-10-27T14:55:51Z,-118.0,-110.0
Victor Wembanyama,Toronto Raptors @ San Antonio Spurs,2025-10-28T00:00:00Z,player_points,29.5,betmgm,2025-10-27T14:55:29Z,2025-10-27T14:55:51Z,-115.0,-115.0
Jamal Shead,Toronto Raptors @ San Antonio Spurs,2025-10-28T00:00:00Z,player_points,6.5,betmgm,2025-10-27T14:55:29Z,2025-10-27T14:55:51Z,100.0,-130.0
Keldon Johnson,Toronto Raptors @ San Antonio Spurs,2025-10-28T00:00:00Z,player_points,11.5,betmgm,2025-10-27T14:55:29Z,2025-10-27T14:55:51Z,-105.0,-125.0
Jakob Poeltl,Toronto Raptors @ San Antonio Spurs,2025-10-28T00:00:00Z,player_points,7.5,betmgm,2025-10-27T14:55:29Z,2025-10-27T14:55:51Z,-145.0,105.0
Dylan Harper,Toronto Raptors @ San Antonio Spurs,2025-10-28T00:00:00Z,player_points,13.5,betmgm,2025-10-27T14:55:29Z,2025-10-27T14:55:51Z,-125.0,-110.0
R.J. Barrett,Toronto Raptors @ San Antonio Spurs,2025-10-28T00:00:00Z,player_points,16.5,betmgm,2025-10-27T14:55:29Z,2025-10-27T14:55:51Z,-118.0,-110.0
Scottie Barnes,Toronto Raptors @ San Antonio Spurs,2025-10-28T00:00:00Z,player_points,17.5,betmgm,2025-10-27T14:55:29Z,2025-10-27T14:55:51Z,-110.0,-120.0
Devin Vassell,Toronto Raptors @ San Antonio Spurs,2025-10-28T00:00:00Z,player_points,16.5,betmgm,2025-10-27T14:55:29Z,2025-10-27T14:55:51Z,-118.0,-110.0
Ochai Agbaji,Toronto Raptors @ San Antonio Spurs,2025-10-28T00:00:00Z,player_points,5.5,betmgm,2025-10-27T14:55:29Z,2025-10-27T14:55:51Z,100.0,-135.0
Brandon Ingram,Toronto Raptors @ San Antonio Spurs,2025-10-28T00:00:00Z,player_points,18.5,betmgm,2025-10-27T14:55:29Z,2025-10-27T14:55:51Z,-125.0,-105.0
Immanuel Quickley,Toronto Raptors @ San Antonio Spurs,2025-10-28T00:00:00Z,player_points,16.5,betmgm,2025-10-27T14:55:29Z,2025-10-27T14:55:51Z,-130.0,-105.0
Brandon Ingram,Toronto Raptors @ San Antonio Spurs,2025-10-28T00:00:00Z,player_points_rebounds_assists,27.5,betmgm,2025-10-27T14:55:29Z,2025-10-27T14:55:51Z,-120.0,-110.0
Immanuel Quickley,Toronto Raptors @ San Antonio Spurs,2025-10-28T00:00:00Z,player_points_rebounds_assists,26.5,betmgm,2025-10-27T14:55:29Z,2025-10-27T14:55:51Z,-110.0,-120.0
Stephon Castle,Toronto Raptors @ San Antonio Spurs,2025-10-28T00:00:00Z,player_points_rebounds_assists,26.5,betmgm,2025-10-27T14:55:29Z,2025-10-27T14:55:51Z,-120.0,-110.0
Harrison Barnes,Toronto Raptors @ San Antonio Spurs,2025-10-28T00:00:00Z,player_points_rebounds_assists,15.5,betmgm,2025-10-27T14:55:29Z,2025-10-27T14:55:51Z,-110.0,-120.0
Victor Wembanyama,Toronto Raptors @ San Antonio Spurs,2025-10-28T00:00:00Z,player_points_rebounds_assists,46.5,betmgm,2025-10-27T14:55:29Z,2025-10-27T14:55:51Z,-115.0,-118.0
Jamal Shead,Toronto Raptors @ San Antonio Spurs,2025-10-28T00:00:00Z,player_points_rebounds_assists,11.5,betmgm,2025-10-27T14:55:29Z,2025-10-27T14:55:51Z,-115.0,-115.0
Keldon Johnson,Toronto Raptors @ San Antonio Spurs,2025-10-28T00:00:00Z,player_points_rebounds_assists,19.5,betmgm,2025-10-27T14:55:29Z,2025-10-27T14:55:51Z,-105.0,-125.0
Jakob Poeltl,Toronto Raptors @ San Antonio Spurs,2025-10-28T00:00:00Z,player_points_rebounds_assists,17.5,betmgm,2025-10-27T14:55:29Z,2025-10-27T14:55:51Z,-118.0,-110.0
Dylan Harper,Toronto Raptors @ San Antonio Spurs,2025-10-28T00:00:00Z,player_points_rebounds_assists,21.5,betmgm,2025-10-27T14:55:29Z,2025-10-27T14:55:51Z,-120.0,-110.0
R.J. Barrett,Toronto Raptors @ San Antonio Spurs,2025-10-28T00:00:00Z,player_points_rebounds_assists,25.5,betmgm,2025-10-27T14:55:29Z,2025-10-27T14:55:51Z,-110.0,-118.0
Scottie Barnes,Toronto Raptors @ San Antonio Spurs,2025-10-28T00:00:00Z,player_points_rebounds_assists,29.5,betmgm,2025-10-27T14:55:29Z,2025-10-27T14:55:51Z,-105.0,-125.0
Devin Vassell,Toronto Raptors @ San Antonio Spurs,2025-10-28T00:00:00Z,player_points_rebounds_assists,23.5,betmgm,2025-10-27T14:55:29Z,2025-10-27T14:55:51Z,-118.0,-110.0
Ochai Agbaji,Toronto Raptors @ San Antonio Spurs,2025-10-28T00:00:00Z,player_points_rebounds_assists,8.5,betmgm,2025-10-27T14:55:29Z,2025-10-27T14:55:51Z,-118.0,-115.0
Julian Champagnie,Toronto Raptors @ San Antonio Spurs,2025-10-28T00:00:00Z,player_points_rebounds_assists,15.5,betmgm,2025-10-27T14:55:29Z,2025-10-27T14:55:51Z,-135.0,100.0
Immanuel Quickley,Toronto Raptors @ San Antonio Spurs,2025-10-28T00:00:00Z,player_rebounds,3.5,betmgm,2025-10-27T14:55:29Z,2025-10-27T14:55:51Z,-155.0,115.0
Stephon Castle,Toronto Raptors @ San Antonio Spurs,2025-10-28T00:00:00Z,player_rebounds,4.5,betmgm,2025-10-27T14:55:29Z,2025-10-27T14:55:51Z,-125.0,-105.0
Julian Champagnie,Toronto Raptors @ San Antonio Spurs,2025-10-28T00:00:00Z,player_rebounds,4.5,betmgm,2025-10-27T14:55:29Z,2025-10-27T14:55:51Z,-135.0,100.0
Harrison Barnes,Toronto Raptors @ San Antonio Spurs,2025-10-28T00:00:00Z,player_rebounds,3.5,betmgm,2025-10-27T14:55:29Z,2025-10-27T14:55:51Z,-115.0,-115.0
Victor Wembanyama,Toronto Raptors @ San Antonio Spurs,2025-10-28T00:00:00Z,player_rebounds,12.5,betmgm,2025-10-27T14:55:29Z,2025-10-27T14:55:51Z,-120.0,-110.0
Jamal Shead,Toronto Raptors @ San Antonio Spurs,2025-10-28T00:00:00Z,player_rebounds,1.5,betmgm,2025-10-27T14:55:29Z,2025-10-27T14:55:51Z,135.0,-185.0
Keldon Johnson,Toronto Raptors @ San Antonio Spurs,2025-10-28T00:00:00Z,player_rebounds,5.5,betmgm,2025-10-27T14:55:29Z,2025-10-27T14:55:51Z,-130.0,-105.0
Jakob Poeltl,Toronto Raptors @ San Antonio Spurs,2025-10-28T00:00:00Z,player_rebounds,7.5,betmgm,2025-10-27T14:55:29Z,2025-10-27T14:55:51Z,110.0,-150.0
Dylan Harper,Toronto Raptors @ San Antonio Spurs,2025-10-28T00:00:00Z,player_rebounds,3.5,betmgm,2025-10-27T14:55:29Z,2025-10-27T14:55:51Z,-130.0,-105.0
R.J. Barrett,Toronto Raptors @ San Antonio Spurs,2025-10-28T00:00:00Z,player_rebounds,5.5,betmgm,2025-10-27T14:55:29Z,2025-10-27T14:55:51Z,105.0,-140.0
Scottie Barnes,Toronto Raptors @ San Antonio Spurs,2025-10-28T00:00:00Z,player_rebounds,6.5,betmgm,2025-10-27T14:55:29Z,2025-10-27T14:55:51Z,-105.0,-125.0
Devin Vassell,Toronto Raptors @ San Antonio Spurs,2025-10-28T00:00:00Z,player_rebounds,3.5,betmgm,2025-10-27T14:55:29Z,2025-10-27T14:55:51Z,-155.0,115.0
Ochai Agbaji,Toronto Raptors @ San Antonio Spurs,2025-10-28T00:00:00Z,player_rebounds,2.5,betmgm,2025-10-27T14:55:29Z,2025-10-27T14:55:51Z,100.0,-135.0
Brandon Ingram,Toronto Raptors @ San Antonio Spurs,2025-10-28T00:00:00Z,player_rebounds,4.5,betmgm,2025-10-27T14:55:29Z,2025-10-27T14:55:51Z,-160.0,120.0
Brandon Ingram,Toronto Raptors @ San Antonio Spurs,2025-10-28T00:00:00Z,player_threes,1.5,betmgm,2025-10-27T14:55:29Z,2025-10-27T14:55:51Z,100.0,-135.0
Immanuel Quickley,Toronto Raptors @ San Antonio Spurs,2025-10-28T00:00:00Z,player_threes,2.5,betmgm,2025-10-27T14:55:29Z,2025-10-27T14:55:51Z,105.0,-140.0
Stephon Castle,Toronto Raptors @ San Antonio Spurs,2025-10-28T00:00:00Z,player_threes,1.5,betmgm,2025-10-27T14:55:29Z,2025-10-27T14:55:51Z,150.0,-200.0
Julian Champagnie,Toronto Raptors @ San Antonio Spurs,2025-10-28T00:00:00Z,player_threes,1.5,betmgm,2025-10-27T14:55:29Z,2025-10-27T14:55:51Z,-185.0,135.0
Harrison Barnes,Toronto Raptors @ San Antonio Spurs,2025-10-28T00:00:00Z,player_threes,1.5,betmgm,2025-10-27T14:55:29Z,2025-10-27T14:55:51Z,115.0,-155.0
Victor Wembanyama,Toronto Raptors @ San Antonio Spurs,2025-10-28T00:00:00Z,player_threes,1.5,betmgm,2025-10-27T14:55:29Z,2025-10-27T14:55:51Z,-130.0,100.0
Jamal Shead,Toronto Raptors @ San Antonio Spurs,2025-10-28T00:00:00Z,player_threes,0.5,betmgm,2025-10-27T14:55:29Z,2025-10-27T14:55:51Z,-160.0,120.0
Keldon Johnson,Toronto Raptors @ San Antonio Spurs,2025-10-28T00:00:00Z,player_threes,0.5,betmgm,2025-10-27T14:55:29Z,2025-10-27T14:55:51Z,-225.0,165.0
Dylan Harper,Toronto Raptors @ San Antonio Spurs,2025-10-28T00:00:00Z,player_threes,0.5,betmgm,2025-10-27T14:55:29Z,2025-10-27T14:55:51Z,-235.0,175.0
R.J. Barrett,Toronto Raptors @ San Antonio Spurs,2025-10-28T00:00:00Z,player_threes,1.5,betmgm,2025-10-27T14:55:29Z,2025-10-27T14:55:51Z,105.0,-140.0
Scottie Barnes,Toronto Raptors @ San Antonio Spurs,2025-10-28T00:00:00Z,player_threes,0.5,betmgm,2025-10-27T14:55:29Z,2025-10-27T14:55:51Z,-250.0,180.0
Devin Vassell,Toronto Raptors @ San Antonio Spurs,2025-10-28T00:00:00Z,player_threes,2.5,betmgm,2025-10-27T14:55:29Z,2025-10-27T14:55:51Z,-105.0,-125.0
Ochai Agbaji,Toronto Raptors @ San Antonio Spurs,2025-10-28T00:00:00Z,player_threes,0.5,betmgm,2025-10-27T14:55:29Z,2025-10-27T14:55:51Z,-155.0,115.0
Stephon Castle,Toronto Raptors @ San Antonio Spurs,2025-10-28T00:00:00Z,player_triple_double,,betmgm,2025-10-27T14:55:29Z,2025-10-27T14:55:52Z,,
Victor Wembanyama,Toronto Raptors @ San Antonio Spurs,2025-10-28T00:00:00Z,player_triple_double,,betmgm,2025-10-27T14:55:29Z,2025-10-27T14:55:52Z,,
Scottie Barnes,Toronto Raptors @ San Antonio Spurs,2025-10-28T00:00:00Z,player_triple_double,,betmgm,2025-10-27T14:55:29Z,2025-10-27T14:55:52Z,,
Victor Wembanyama,Toronto Raptors @ San Antonio Spurs,2025-10-28T00:00:00Z,player_assists,3.5,bovada,2025-10-27T14:54:45Z,2025-10-27T14:55:25Z,-145.0,110.0
Victor Wembanyama,Toronto Raptors @ San Antonio Spurs,2025-10-28T00:00:00Z,player_assists,4.5,bovada,2025-10-27T14:54:45Z,2025-10-27T14:55:25Z,150.0,-200.0
Brandon Ingram,Toronto Raptors @ San Antonio Spurs,2025-10-28T00:00:00Z,player_assists,2.5,bovada,2025-10-27T14:54:45Z,2025-10-27T14:55:25Z,-290.0,210.0
Brandon Ingram,Toronto Raptors @ San Antonio Spurs,2025-10-28T00:00:00Z,player_assists,3.5,bovada,2025-10-27T14:54:45Z,2025-10-27T14:55:25Z,-115.0,-115.0
Brandon Ingram,Toronto Raptors @ San Antonio Spurs,2025-10-28T00:00:00Z,player_assists,4.5,bovada,2025-10-27T14:54:45Z,2025-10-27T14:55:25Z,190.0,-260.0
Immanuel Quickley,Toronto Raptors @ San Antonio Spurs,2025-10-28T00:00:00Z,player_assists,4.5,bovada,2025-10-27T14:54:45Z,2025-10-27T14:55:25Z,-180.0,135.0
Immanuel Quickley,Toronto Raptors @ San Antonio Spurs,2025-10-28T00:00:00Z,player_assists,5.5,bovada,2025-10-27T14:54:45Z,2025-10-27T14:55:25Z,110.0,-145.0
Immanuel Quickley,Toronto Raptors @ San Antonio Spurs,2025-10-28T00:00:00Z,player_assists,6.5,bovada,2025-10-27T14:54:45Z,2025-10-27T14:55:25Z,210.0,-290.0
Julian Champagnie,Toronto Raptors @ San Antonio Spurs,2025-10-28T00:00:00Z,player_assists,1.5,bovada,2025-10-27T14:54:45Z,2025-10-27T14:55:25Z,-200.0,150.0
Julian Champagnie,Toronto Raptors @ San Antonio Spurs,2025-10-28T00:00:00Z,player_assists,2.5,bovada,2025-10-27T14:54:45Z,2025-10-27T14:55:25Z,145.0,-190.0
R.J. Barrett,Toronto Raptors @ San Antonio Spurs,2025-10-28T00:00:00Z,player_assists,2.5,bovada,2025-10-27T14:54:45Z,2025-10-27T14:55:25Z,-220.0,165.0
R.J. Barrett,Toronto Raptors @ San Antonio Spurs,2025-10-28T00:00:00Z,player_assists,3.5,bovada,2025-10-27T14:54:45Z,2025-10-27T14:55:25Z,110.0,-145.0
Scottie Barnes,Toronto Raptors @ San Antonio Spurs,2025-10-28T00:00:00Z,player_assists,4.5,bovada,2025-10-27T14:54:45Z,2025-10-27T14:55:25Z,-145.0,110.0
Scottie Barnes,Toronto Raptors @ San Antonio Spurs,2025-10-28T00:00:00Z,player_assists,5.5,bovada,2025-10-27T14:54:45Z,2025-10-27T14:55:25Z,135.0,-180.0
Stephon Castle,Toronto Raptors @ San Antonio Spurs,2025-10-28T00:00:00Z,player_assists,4.5,bovada,2025-10-27T14:54:45Z,2025-10-27T14:55:25Z,-180.0,135.0
Stephon Castle,Toronto Raptors @ San Antonio Spurs,2025-10-28T00:00:00Z,player_assists,5.5,bovada,2025-10-27T14:54:45Z,2025-10-27T14:55:25Z,110.0,-145.0
Stephon Castle,Toronto Raptors @ San Antonio Spurs,2025-10-28T00:00:00Z,player_assists,6.5,bovada,2025-10-27T14:54:45Z,2025-10-27T14:55:25Z,210.0,-290.0
Victor Wembanyama,Toronto Raptors @ San Antonio Spurs,2025-10-28T00:00:00Z,player_double_double,,bovada,2025-10-27T14:54:45Z,2025-10-27T14:55:25Z,,
Victor Wembanyama,Toronto Raptors @ San Antonio Spurs,2025-10-28T00:00:00Z,player_points,24.5,bovada,2025-10-27T14:54:45Z,2025-10-27T14:55:25Z,-275.0,200.0
Victor Wembanyama,Toronto Raptors @ San Antonio Spurs,2025-10-28T00:00:00Z,player_points,25.5,bovada,2025-10-27T14:54:45Z,2025-10-27T14:55:25Z,-215.0,160.0
Victor Wembanyama,Toronto Raptors @ San Antonio Spurs,2025-10-28T00:00:00Z,player_points,26.5,bovada,2025-10-27T14:54:45Z,2025-10-27T14:55:25Z,-180.0,135.0
Victor Wembanyama,Toronto Raptors @ San Antonio Spurs,2025-10-28T00:00:00Z,player_points,27.5,bovada,2025-10-27T14:54:45Z,2025-10-27T14:55:25Z,-145.0,110.0
Victor Wembanyama,Toronto Raptors @ San Antonio Spurs,2025-10-28T00:00:00Z,player_points,28.5,bovada,2025-10-27T14:54:45Z,2025-10-27T14:55:25Z,-120.0,-110.0
Victor Wembanyama,Toronto Raptors @ San Antonio Spurs,2025-10-28T00:00:00Z,player_points,29.5,bovada,2025-10-27T14:54:45Z,2025-10-27T14:55:25Z,100.0,-130.0
Victor Wembanyama,Toronto Raptors @ San Antonio Spurs,2025-10-28T00:00:00Z,player_points,30.5,bovada,2025-10-27T14:54:45Z,2025-10-27T14:55:25Z,120.0,-160.0
Victor Wembanyama,Toronto Raptors @ San Antonio Spurs,2025-10-28T00:00:00Z,player_points,31.5,bovada,2025-10-27T14:54:45Z,2025-10-27T14:55:25Z,145.0,-190.0
Victor Wembanyama,Toronto Raptors @ San Antonio Spurs,2025-10-28T00:00:00Z,player_points,32.5,bovada,2025-10-27T14:54:45Z,2025-10-27T14:55:25Z,170.0,-230.0
Victor Wembanyama,Toronto Raptors @ San Antonio Spurs,2025-10-28T00:00:00Z,player_points,33.5,bovada,2025-10-27T14:54:45Z,2025-10-27T14:55:25Z,205.0,-280.0
Brandon Ingram,Toronto Raptors @ San Antonio Spurs,2025-10-28T00:00:00Z,player_points,16.5,bovada,2025-10-27T14:54:45Z,2025-10-27T14:55:25Z,-240.0,175.0
Brandon Ingram,Toronto Raptors @ San Antonio Spurs,2025-10-28T00:00:00Z,player_points,17.5,bovada,2025-10-27T14:54:45Z,2025-10-27T14:55:25Z,-185.0,140.0
Brandon Ingram,Toronto Raptors @ San Antonio Spurs,2025-10-28T00:00:00Z,player_points,18.5,bovada,2025-10-27T14:54:45Z,2025-10-27T14:55:25Z,-145.0,110.0
Brandon Ingram,Toronto Raptors @ San Antonio Spurs,2025-10-28T00:00:00Z,player_points,19.5,bovada,2025-10-27T14:54:45Z,2025-10-27T14:55:25Z,-110.0,-120.0
Brandon Ingram,Toronto Raptors @ San Antonio Spurs,2025-10-28T00:00:00Z,player_points,20.5,bovada,2025-10-27T14:54:45Z,2025-10-27T14:55:25Z,110.0,-145.0
Brandon Ingram,Toronto Raptors @ San Antonio Spurs,2025-10-28T00:00:00Z,player_points,21.5,bovada,2025-10-27T14:54:45Z,2025-10-27T14:55:25Z,135.0,-180.0
Brandon Ingram,Toronto Raptors @ San Antonio Spurs,2025-10-28T00:00:00Z,player_points,22.5,bovada,2025-10-27T14:54:45Z,2025-10-27T14:55:25Z,165.0,-220.0
Brandon Ingram,Toronto Raptors @ San Antonio Spurs,2025-10-28T00:00:00Z,player_points,23.5,bovada,2025-10-27T14:54:45Z,2025-10-27T14:55:25Z,205.0,-280.0
Devin Vassell,Toronto Raptors @ San Antonio Spurs,2025-10-28T00:00:00Z,player_points,14.5,bovada,2025-10-27T14:54:45Z,2025-10-27T14:55:25Z,-230.0,170.0
Devin Vassell,Toronto Raptors @ San Antonio Spurs,2025-10-28T00:00:00Z,player_points,15.5,bovada,2025-10-27T14:54:45Z,2025-10-27T14:55:25Z,-180.0,135.0
Devin Vassell,Toronto Raptors @ San Antonio Spurs,2025-10-28T00:00:00Z,player_points,16.5,bovada,2025-10-27T14:54:45Z,2025-10-27T14:55:25Z,-135.0,105.0
Devin Vassell,Toronto Raptors @ San Antonio Spurs,2025-10-28T00:00:00Z,player_points,17.5,bovada,2025-10-27T14:54:45Z,2025-10-27T14:55:25Z,-110.0,-120.0
Devin Vassell,Toronto Raptors @ San Antonio Spurs,2025-10-28T00:00:00Z,player_points,18.5,bovada,2025-10-27T14:54:45Z,2025-10-27T14:55:25Z,115.0,-150.0
Devin Vassell,Toronto Raptors @ San Antonio Spurs,2025-10-28T00:00:00Z,player_points,19.5,bovada,2025-10-27T14:54:45Z,2025-10-27T14:55:25Z,145.0,-190.0
Devin Vassell,Toronto Raptors @ San Antonio Spurs,2025-10-28T00:00:00Z,player_points,20.5,bovada,2025-10-27T14:54:45Z,2025-10-27T14:55:25Z,180.0,-245.0
Harrison Barnes,Toronto Raptors @ San Antonio Spurs,2025-10-28T00:00:00Z,player_points,7.5,bovada,2025-10-27T14:54:45Z,2025-10-27T14:55:25Z,-230.0,170.0
Harrison Barnes,Toronto Raptors @ San Antonio Spurs,2025-10-28T00:00:00Z,player_points,8.5,bovada,2025-10-27T14:54:45Z,2025-10-27T14:55:25Z,-160.0,120.0
Harrison Barnes,Toronto Raptors @ San Antonio Spurs,2025-10-28T00:00:00Z,player_points,9.5,bovada,2025-10-27T14:54:45Z,2025-10-27T14:55:25Z,-115.0,-115.0
Harrison Barnes,Toronto Raptors @ San Antonio Spurs,2025-10-28T00:00:00Z,player_points,10.5,bovada,2025-10-27T14:54:45Z,2025-10-27T14:55:25Z,120.0,-160.0
Harrison Barnes,Toronto Raptors @ San Antonio Spurs,2025-10-28T00:00:00Z,player_points,11.5,bovada,2025-10-27T14:54:45Z,2025-10-27T14:55:25Z,155.0,-210.0
Harrison Barnes,Toronto Raptors @ San Antonio Spurs,2025-10-28T00:00:00Z,player_points,12.5,bovada,2025-10-27T14:54:45Z,2025-10-27T14:55:25Z,205.0,-280.0
Immanuel Quickley,Toronto Raptors @ San Antonio Spurs,2025-10-28T00:00:00Z,player_points,13.5,bovada,2025-10-27T14:54:45Z,2025-10-27T14:55:25Z,-275.0,200.0
Immanuel Quickley,Toronto Raptors @ San Antonio Spurs,2025-10-28T00:00:00Z,player_points,14.5,bovada,2025-10-27T14:54:45Z,2025-10-27T14:55:25Z,-200.0,150.0
Immanuel Quickley,Toronto Raptors @ San Antonio Spurs,2025-10-28T00:00:00Z,player_points,15.5,bovada,2025-10-27T14:54:45Z,2025-10-27T14:55:25Z,-150.0,115.0
Immanuel Quickley,Toronto Raptors @ San Antonio Spurs,2025-10-28T00:00:00Z,player_points,16.5,bovada,2025-10-27T14:54:45Z,2025-10-27T14:55:25Z,-120.0,-110.0
Immanuel Quickley,Toronto Raptors @ San Antonio Spurs,2025-10-28T00:00:00Z,player_points,17.5,bovada,2025-10-27T14:54:45Z,2025-10-27T14:55:25Z,105.0,-135.0
Immanuel Quickley,Toronto Raptors @ San Antonio Spurs,2025-10-28T00:00:00Z,player_points,18.5,bovada,2025-10-27T14:54:45Z,2025-10-27T14:55:25Z,135.0,-180.0
Immanuel Quickley,Toronto Raptors @ San Antonio Spurs,2025-10-28T00:00:00Z,player_points,19.5,bovada,2025-10-27T14:54:45Z,2025-10-27T14:55:25Z,165.0,-220.0
Immanuel Quickley,Toronto Raptors @ San Antonio Spurs,2025-10-28T00:00:00Z,player_points,20.5,bovada,2025-10-27T14:54:45Z,2025-10-27T14:55:25Z,205.0,-280.0
Jakob Poeltl,Toronto Raptors @ San Antonio Spurs,2025-10-28T00:00:00Z,player_points,6.5,bovada,2025-10-27T14:54:45Z,2025-10-27T14:55:25Z,-240.0,175.0
Jakob Poeltl,Toronto Raptors @ San Antonio Spurs,2025-10-28T00:00:00Z,player_points,7.5,bovada,2025-10-27T14:54:45Z,2025-10-27T14:55:25Z,-165.0,125.0
Jakob Poeltl,Toronto Raptors @ San Antonio Spurs,2025-10-28T00:00:00Z,player_points,8.5,bovada,2025-10-27T14:54:45Z,2025-10-27T14:55:25Z,-115.0,-115.0
Jakob Poeltl,Toronto Raptors @ San Antonio Spurs,2025-10-28T00:00:00Z,player_points,9.5,bovada,2025-10-27T14:54:45Z,2025-10-27T14:55:25Z,120.0,-160.0
Jakob Poeltl,Toronto Raptors @ San Antonio Spurs,2025-10-28T00:00:00Z,player_points,10.5,bovada,2025-10-27T14:54:45Z,2025-10-27T14:55:25Z,160.0,-215.0
Julian Champagnie,Toronto Raptors @ San Antonio Spurs,2025-10-28T00:00:00Z,player_points,6.5,bovada,2025-10-27T14:54:45Z,2025-10-27T14:55:25Z,-290.0,210.0
Julian Champagnie,Toronto Raptors @ San Antonio Spurs,2025-10-28T00:00:00Z,player_points,7.5,bovada,2025-10-27T14:54:45Z,2025-10-27T14:55:25Z,-190.0,145.0
Julian Champagnie,Toronto Raptors @ San Antonio Spurs,2025-10-28T00:00:00Z,player_points,8.5,bovada,2025-10-27T14:54:45Z,2025-10-27T14:55:25Z,-135.0,105.0
Julian Champagnie,Toronto Raptors @ San Antonio Spurs,2025-10-28T00:00:00Z,player_points,9.5,bovada,2025-10-27T14:54:45Z,2025-10-27T14:55:25Z,100.0,-130.0
Julian Champagnie,Toronto Raptors @ San Antonio Spurs,2025-10-28T00:00:00Z,player_points,10.5,bovada,2025-10-27T14:54:45Z,2025-10-27T14:55:25Z,135.0,-180.0
Julian Champagnie,Toronto Raptors @ San Antonio Spurs,2025-10-28T00:00:00Z,player_points,11.5,bovada,2025-10-27T14:54:45Z,2025-10-27T14:55:25Z,180.0,-245.0
R.J. Barrett,Toronto Raptors @ San Antonio Spurs,2025-10-28T00:00:00Z,player_points,13.5,bovada,2025-10-27T14:54:45Z,2025-10-27T14:55:25Z,-260.0,190.0
R.J. Barrett,Toronto Raptors @ San Antonio Spurs,2025-10-28T00:00:00Z,player_points,14.5,bovada,2025-10-27T14:54:45Z,2025-10-27T14:55:25Z,-190.0,145.0
R.J. Barrett,Toronto Raptors @ San Antonio Spurs,2025-10-28T00:00:00Z,player_points,15.5,bovada,2025-10-27T14:54:45Z,2025-10-27T14:55:25Z,-150.0,115.0
R.J. Barrett,Toronto Raptors @ San Antonio Spurs,2025-10-28T00:00:00Z,player_points,16.5,bovada,2025-10-27T14:54:45Z,2025-10-27T14:55:25Z,-115.0,-115.0
R.J. Barrett,Toronto Raptors @ San Antonio Spurs,2025-10-28T00:00:00Z,player_points,17.5,bovada,2025-10-27T14:54:45Z,2025-10-27T14:55:25Z,110.0,-145.0
R.J. Barrett,Toronto Raptors @ San Antonio Spurs,2025-10-28T00:00:00Z,player_points,18.5,bovada,2025-10-27T14:54:45Z,2025-10-27T14:55:25Z,135.0,-180.0
R.J. Barrett,Toronto Raptors @ San Antonio Spurs,2025-10-28T00:00:00Z,player_points,19.5,bovada,2025-10-27T14:54:45Z,2025-10-27T14:55:25Z,170.0,-230.0
R.J. Barrett,Toronto Raptors @ San Antonio Spurs,2025-10-28T00:00:00Z,player_points,20.5,bovada,2025-10-27T14:54:45Z,2025-10-27T14:55:25Z,215.0,-300.0
Scottie Barnes,Toronto Raptors @ San Antonio Spurs,2025-10-28T00:00:00Z,player_points,13.5,bovada,2025-10-27T14:54:45Z,2025-10-27T14:55:25Z,-275.0,200.0
Scottie Barnes,Toronto Raptors @ San Antonio Spurs,2025-10-28T00:00:00Z,player_points,14.5,bovada,2025-10-27T14:54:45Z,2025-10-27T14:55:25Z,-210.0,155.0
Scottie Barnes,Toronto Raptors @ San Antonio Spurs,2025-10-28T00:00:00Z,player_points,15.5,bovada,2025-10-27T14:54:45Z,2025-10-27T14:55:25Z,-160.0,120.0
Scottie Barnes,Toronto Raptors @ San Antonio Spurs,2025-10-28T00:00:00Z,player_points,16.5,bovada,2025-10-27T14:54:45Z,2025-10-27T14:55:25Z,-120.0,-110.0
Scottie Barnes,Toronto Raptors @ San Antonio Spurs,2025-10-28T00:00:00Z,player_points,17.5,bovada,2025-10-27T14:54:45Z,2025-10-27T14:55:25Z,105.0,-135.0
Scottie Barnes,Toronto Raptors @ San Antonio Spurs,2025-10-28T00:00:00Z,player_points,18.5,bovada,2025-10-27T14:54:45Z,2025-10-27T14:55:25Z,130.0,-170.0
Scottie Barnes,Toronto Raptors @ San Antonio Spurs,2025-10-28T00:00:00Z,player_points,19.5,bovada,2025-10-27T14:54:45Z,2025-10-27T14:55:25Z,165.0,-220.0
Scottie Barnes,Toronto Raptors @ San Antonio Spurs,2025-10-28T00:00:00Z,player_points,20.5,bovada,2025-10-27T14:54:45Z,2025-10-27T14:55:25Z,205.0,-280.0
Stephon Castle,Toronto Raptors @ San Antonio Spurs,2025-10-28T00:00:00Z,player_points,13.5,bovada,2025-10-27T14:54:45Z,2025-10-27T14:55:25Z,-260.0,190.0
Stephon Castle,Toronto Raptors @ San Antonio Spurs,2025-10-28T00:00:00Z,player_points,14.5,bovada,2025-10-27T14:54:45Z,2025-10-27T14:55:25Z,-190.0,145.0
Stephon Castle,Toronto Raptors @ San Antonio Spurs,2025-10-28T00:00:00Z,player_points,15.5,bovada,2025-10-27T14:54:45Z,2025-10-27T14:55:25Z,-150.0,115.0
Stephon Castle,Toronto Raptors @ San Antonio Spurs,2025-10-28T00:00:00Z,player_points,16.5,bovada,2025-10-27T14:54:45Z,2025-10-27T14:55:25Z,-115.0,-115.0
Stephon Castle,Toronto Raptors @ San Antonio Spurs,2025-10-28T00:00:00Z,player_points,17.5,bovada,2025-10-27T14:54:45Z,2025-10-27T14:55:25Z,110.0,-145.0
Stephon Castle,Toronto Raptors @ San Antonio Spurs,2025-10-28T00:00:00Z,player_points,18.5,bovada,2025-10-27T14:54:45Z,2025-10-27T14:55:25Z,135.0,-180.0
Stephon Castle,Toronto Raptors @ San Antonio Spurs,2025-10-28T00:00:00Z,player_points,19.5,bovada,2025-10-27T14:54:45Z,2025-10-27T14:55:25Z,170.0,-230.0
Stephon Castle,Toronto Raptors @ San Antonio Spurs,2025-10-28T00:00:00Z,player_points,20.5,bovada,2025-10-27T14:54:45Z,2025-10-27T14:55:25Z,215.0,-300.0
Victor Wembanyama,Toronto Raptors @ San Antonio Spurs,2025-10-28T00:00:00Z,player_points_rebounds_assists,39.5,bovada,2025-10-27T14:54:45Z,2025-10-27T14:55:25Z,-280.0,205.0
Victor Wembanyama,Toronto Raptors @ San Antonio Spurs,2025-10-28T00:00:00Z,player_points_rebounds_assists,40.5,bovada,2025-10-27T14:54:45Z,2025-10-27T14:55:25Z,-240.0,175.0
Victor Wembanyama,Toronto Raptors @ San Antonio Spurs,2025-10-28T00:00:00Z,player_points_rebounds_assists,41.5,bovada,2025-10-27T14:54:45Z,2025-10-27T14:55:25Z,-200.0,150.0
Victor Wembanyama,Toronto Raptors @ San Antonio Spurs,2025-10-28T00:00:00Z,player_points_rebounds_assists,42.5,bovada,2025-10-27T14:54:45Z,2025-10-27T14:55:25Z,-170.0,130.0
Victor Wembanyama,Toronto Raptors @ San Antonio Spurs,2025-10-28T00:00:00Z,player_points_rebounds_assists,43.5,bovada,2025-10-27T14:54:45Z,2025-10-27T14:55:25Z,-145.0,110.0
Victor Wembanyama,Toronto Raptors @ San Antonio Spurs,2025-10-28T00:00:00Z,player_points_rebounds_assists,44.5,bovada,2025-10-27T14:54:45Z,2025-10-27T14:55:25Z,-125.0,-105.0
Victor Wembanyama,Toronto Raptors @ San Antonio Spurs,2025-10-28T00:00:00Z,player_points_rebounds_assists,45.5,bovada,2025-10-27T14:54:45Z,2025-10-27T14:55:25Z,-110.0,-120.0
Victor Wembanyama,Toronto Raptors @ San Antonio Spurs,2025-10-28T00:00:00Z,player_points_rebounds_assists,46.5,bovada,2025-10-27T14:54:45Z,2025-10-27T14:55:25Z,105.0,-135.0
Victor Wembanyama,Toronto Raptors @ San Antonio Spurs,2025-10-28T00:00:00Z,player_points_rebounds_assists,47.5,bovada,2025-10-27T14:54:45Z,2025-10-27T14:55:25Z,120.0,-160.0
Victor Wembanyama,Toronto Raptors @ San Antonio Spurs,2025-10-28T00:00:00Z,player_points_rebounds_assists,48.5,bovada,2025-10-27T14:54:45Z,2025-10-27T14:55:25Z,140.0,-185.0
Victor Wembanyama,Toronto Raptors @ San Antonio Spurs,2025-10-28T00:00:00Z,player_points_rebounds_assists,49.5,bovada,2025-10-27T14:54:45Z,2025-10-27T14:55:25Z,160.0,-215.0
Victor Wembanyama,Toronto Raptors @ San Antonio Spurs,2025-10-28T00:00:00Z,player_points_rebounds_assists,50.5,bovada,2025-10-27T14:54:45Z,2025-10-27T14:55:25Z,180.0,-245.0
Victor Wembanyama,Toronto Raptors @ San Antonio Spurs,2025-10-28T00:00:00Z,player_points_rebounds_assists,51.5,bovada,2025-10-27T14:54:45Z,2025-10-27T14:55:25Z,210.0,-290.0
Brandon Ingram,Toronto Raptors @ San Antonio Spurs,2025-10-28T00:00:00Z,player_points_rebounds_assists,24.5,bovada,2025-10-27T14:54:45Z,2025-10-27T14:55:25Z,-260.0,190.0
Brandon Ingram,Toronto Raptors @ San Antonio Spurs,2025-10-28T00:00:00Z,player_points_rebounds_assists,25.5,bovada,2025-10-27T14:54:45Z,2025-10-27T14:55:25Z,-215.0,160.0
Brandon Ingram,Toronto Raptors @ San Antonio Spurs,2025-10-28T00:00:00Z,player_points_rebounds_assists,26.5,bovada,2025-10-27T14:54:45Z,2025-10-27T14:55:25Z,-170.0,130.0
Brandon Ingram,Toronto Raptors @ San Antonio Spurs,2025-10-28T00:00:00Z,player_points_rebounds_assists,27.5,bovada,2025-10-27T14:54:45Z,2025-10-27T14:55:25Z,-145.0,110.0
Brandon Ingram,Toronto Raptors @ San Antonio Spurs,2025-10-28T00:00:00Z,player_points_rebounds_assists,28.5,bovada,2025-10-27T14:54:45Z,2025-10-27T14:55:25Z,-115.0,-115.0
Brandon Ingram,Toronto Raptors @ San Antonio Spurs,2025-10-28T00:00:00Z,player_points_rebounds_assists,29.5,bovada,2025-10-27T14:54:45Z,2025-10-27T14:55:25Z,100.0,-130.0
Brandon Ingram,Toronto Raptors @ San Antonio Spurs,2025-10-28T00:00:00Z,player_points_rebounds_assists,30.5,bovada,2025-10-27T14:54:45Z,2025-10-27T14:55:25Z,120.0,-160.0
Brandon Ingram,Toronto Raptors @ San Antonio Spurs,2025-10-28T00:00:00Z,player_points_rebounds_assists,31.5,bovada,2025-10-27T14:54:45Z,2025-10-27T14:55:25Z,140.0,-185.0
Brandon Ingram,Toronto Raptors @ San Antonio Spurs,2025-10-28T00:00:00Z,player_points_rebounds_assists,32.5,bovada,2025-10-27T14:54:45Z,2025-10-27T14:55:25Z,170.0,-230.0
Brandon Ingram,Toronto Raptors @ San Antonio Spurs,2025-10-28T00:00:00Z,player_points_rebounds_assists,33.5,bovada,2025-10-27T14:54:45Z,2025-10-27T14:55:25Z,200.0,-275.0
Devin Vassell,Toronto Raptors @ San Antonio Spurs,2025-10-28T00:00:00Z,player_points_rebounds_assists,19.5,bovada,2025-10-27T14:54:45Z,2025-10-27T14:55:25Z,-290.0,210.0
Devin Vassell,Toronto Raptors @ San Antonio Spurs,2025-10-28T00:00:00Z,player_points_rebounds_assists,20.5,bovada,2025-10-27T14:54:45Z,2025-10-27T14:55:25Z,-230.0,170.0
Devin Vassell,Toronto Raptors @ San Antonio Spurs,2025-10-28T00:00:00Z,player_points_rebounds_assists,21.5,bovada,2025-10-27T14:54:45Z,2025-10-27T14:55:25Z,-180.0,135.0
Devin Vassell,Toronto Raptors @ San Antonio Spurs,2025-10-28T00:00:00Z,player_points_rebounds_assists,22.5,bovada,2025-10-27T14:54:45Z,2025-10-27T14:55:25Z,-145.0,110.0
Devin Vassell,Toronto Raptors @ San Antonio Spurs,2025-10-28T00:00:00Z,player_points_rebounds_assists,23.5,bovada,2025-10-27T14:54:45Z,2025-10-27T14:55:25Z,-120.0,-110.0
Devin Vassell,Toronto Raptors @ San Antonio Spurs,2025-10-28T00:00:00Z,player_points_rebounds_assists,24.5,bovada,2025-10-27T14:54:45Z,2025-10-27T14:55:25Z,100.0,-130.0
Devin Vassell,Toronto Raptors @ San Antonio Spurs,2025-10-28T00:00:00Z,player_points_rebounds_assists,25.5,bovada,2025-10-27T14:54:45Z,2025-10-27T14:55:25Z,125.0,-165.0
Devin Vassell,Toronto Raptors @ San Antonio Spurs,2025-10-28T00:00:00Z,player_points_rebounds_assists,26.5,bovada,2025-10-27T14:54:45Z,2025-10-27T14:55:25Z,150.0,-200.0
Devin Vassell,Toronto Raptors @ San Antonio Spurs,2025-10-28T00:00:00Z,player_points_rebounds_assists,27.5,bovada,2025-10-27T14:54:45Z,2025-10-27T14:55:25Z,180.0,-245.0
Devin Vassell,Toronto Raptors @ San Antonio Spurs,2025-10-28T00:00:00Z,player_points_rebounds_assists,28.5,bovada,2025-10-27T14:54:45Z,2025-10-27T14:55:25Z,215.0,-300.0
Harrison Barnes,Toronto Raptors @ San Antonio Spurs,2025-10-28T00:00:00Z,player_points_rebounds_assists,12.5,bovada,2025-10-27T14:54:45Z,2025-10-27T14:55:25Z,-260.0,190.0
Harrison Barnes,Toronto Raptors @ San Antonio Spurs,2025-10-28T00:00:00Z,player_points_rebounds_assists,13.5,bovada,2025-10-27T14:54:45Z,2025-10-27T14:55:25Z,-200.0,150.0
Harrison Barnes,Toronto Raptors @ San Antonio Spurs,2025-10-28T00:00:00Z,player_points_rebounds_assists,14.5,bovada,2025-10-27T14:54:45Z,2025-10-27T14:55:25Z,-150.0,115.0
Harrison Barnes,Toronto Raptors @ San Antonio Spurs,2025-10-28T00:00:00Z,player_points_rebounds_assists,15.5,bovada,2025-10-27T14:54:45Z,2025-10-27T14:55:25Z,-115.0,-115.0
Harrison Barnes,Toronto Raptors @ San Antonio Spurs,2025-10-28T00:00:00Z,player_points_rebounds_assists,16.5,bovada,2025-10-27T14:54:45Z,2025-10-27T14:55:25Z,110.0,-145.0
Harrison Barnes,Toronto Raptors @ San Antonio Spurs,2025-10-28T00:00:00Z,player_points_rebounds_assists,17.5,bovada,2025-10-27T14:54:45Z,2025-10-27T14:55:25Z,140.0,-185.0
Harrison Barnes,Toronto Raptors @ San Antonio Spurs,2025-10-28T00:00:00Z,player_points_rebounds_assists,18.5,bovada,2025-10-27T14:54:45Z,2025-10-27T14:55:25Z,170.0,-230.0
Immanuel Quickley,Toronto Raptors @ San Antonio Spurs,2025-10-28T00:00:00Z,player_points_rebounds_assists,22.5,bovada,2025-10-27T14:54:45Z,2025-10-27T14:55:25Z,-260.0,190.0
Immanuel Quickley,Toronto Raptors @ San Antonio Spurs,2025-10-28T00:00:00Z,player_points_rebounds_assists,23.5,bovada,2025-10-27T14:54:45Z,2025-10-27T14:55:25Z,-215.0,160.0
Immanuel Quickley,Toronto Raptors @ San Antonio Spurs,2025-10-28T00:00:00Z,player_points_rebounds_assists,24.5,bovada,2025-10-27T14:54:45Z,2025-10-27T14:55:25Z,-170.0,130.0
Immanuel Quickley,Toronto Raptors @ San Antonio Spurs,2025-10-28T00:00:00Z,player_points_rebounds_assists,25.5,bovada,2025-10-27T14:54:45Z,2025-10-27T14:55:25Z,-145.0,110.0
Immanuel Quickley,Toronto Raptors @ San Antonio Spurs,2025-10-28T00:00:00Z,player_points_rebounds_assists,26.5,bovada,2025-10-27T14:54:45Z,2025-10-27T14:55:25Z,-110.0,-120.0
Immanuel Quickley,Toronto Raptors @ San Antonio Spurs,2025-10-28T00:00:00Z,player_points_rebounds_assists,27.5,bovada,2025-10-27T14:54:45Z,2025-10-27T14:55:25Z,105.0,-135.0
Immanuel Quickley,Toronto Raptors @ San Antonio Spurs,2025-10-28T00:00:00Z,player_points_rebounds_assists,28.5,bovada,2025-10-27T14:54:45Z,2025-10-27T14:55:25Z,125.0,-165.0
Immanuel Quickley,Toronto Raptors @ San Antonio Spurs,2025-10-28T00:00:00Z,player_points_rebounds_assists,29.5,bovada,2025-10-27T14:54:45Z,2025-10-27T14:55:25Z,150.0,-200.0
Immanuel Quickley,Toronto Raptors @ San Antonio Spurs,2025-10-28T00:00:00Z,player_points_rebounds_assists,30.5,bovada,2025-10-27T14:54:45Z,2025-10-27T14:55:25Z,175.0,-240.0
Immanuel Quickley,Toronto Raptors @ San Antonio Spurs,2025-10-28T00:00:00Z,player_points_rebounds_assists,31.5,bovada,2025-10-27T14:54:45Z,2025-10-27T14:55:25Z,210.0,-290.0
Jakob Poeltl,Toronto Raptors @ San Antonio Spurs,2025-10-28T00:00:00Z,player_points_rebounds_assists,15.5,bovada,2025-10-27T14:54:45Z,2025-10-27T14:55:25Z,-230.0,170.0
Jakob Poeltl,Toronto Raptors @ San Antonio Spurs,2025-10-28T00:00:00Z,player_points_rebounds_assists,16.5,bovada,2025-10-27T14:54:45Z,2025-10-27T14:55:25Z,-180.0,135.0
Jakob Poeltl,Toronto Raptors @ San Antonio Spurs,2025-10-28T00:00:00Z,player_points_rebounds_assists,17.5,bovada,2025-10-27T14:54:45Z,2025-10-27T14:55:25Z,-135.0,105.0
Jakob Poeltl,Toronto Raptors @ San Antonio Spurs,2025-10-28T00:00:00Z,player_points_rebounds_assists,18.5,bovada,2025-10-27T14:54:45Z,2025-10-27T14:55:25Z,-110.0,-120.0
Jakob Poeltl,Toronto Raptors @ San Antonio Spurs,2025-10-28T00:00:00Z,player_points_rebounds_assists,19.5,bovada,2025-10-27T14:54:45Z,2025-10-27T14:55:25Z,115.0,-150.0
Jakob Poeltl,Toronto Raptors @ San Antonio Spurs,2025-10-28T00:00:00Z,player_points_rebounds_assists,20.5,bovada,2025-10-27T14:54:45Z,2025-10-27T14:55:25Z,140.0,-185.0
Jakob Poeltl,Toronto Raptors @ San Antonio Spurs,2025-10-28T00:00:00Z,player_points_rebounds_assists,21.5,bovada,2025-10-27T14:54:45Z,2025-10-27T14:55:25Z,170.0,-230.0
Jakob Poeltl,Toronto Raptors @ San Antonio Spurs,2025-10-28T00:00:00Z,player_points_rebounds_assists,22.5,bovada,2025-10-27T14:54:45Z,2025-10-27T14:55:25Z,210.0,-290.0
Julian Champagnie,Toronto Raptors @ San Antonio Spurs,2025-10-28T00:00:00Z,player_points_rebounds_assists,12.5,bovada,2025-10-27T14:54:45Z,2025-10-27T14:55:25Z,-280.0,205.0
Julian Champagnie,Toronto Raptors @ San Antonio Spurs,2025-10-28T00:00:00Z,player_points_rebounds_assists,13.5,bovada,2025-10-27T14:54:45Z,2025-10-27T14:55:25Z,-210.0,155.0
Julian Champagnie,Toronto Raptors @ San Antonio Spurs,2025-10-28T00:00:00Z,player_points_rebounds_assists,14.5,bovada,2025-10-27T14:54:45Z,2025-10-27T14:55:25Z,-160.0,120.0
Julian Champagnie,Toronto Raptors @ San Antonio Spurs,2025-10-28T00:00:00Z,player_points_rebounds_assists,15.5,bovada,2025-10-27T14:54:45Z,2025-10-27T14:55:25Z,-125.0,-105.0
Julian Champagnie,Toronto Raptors @ San Antonio Spurs,2025-10-28T00:00:00Z,player_points_rebounds_assists,16.5,bovada,2025-10-27T14:54:45Z,2025-10-27T14:55:25Z,105.0,-135.0
Julian Champagnie,Toronto Raptors @ San Antonio Spurs,2025-10-28T00:00:00Z,player_points_rebounds_assists,17.5,bovada,2025-10-27T14:54:45Z,2025-10-27T14:55:25Z,130.0,-170.0
Julian Champagnie,Toronto Raptors @ San Antonio Spurs,2025-10-28T00:00:00Z,player_points_rebounds_assists,18.5,bovada,2025-10-27T14:54:45Z,2025-10-27T14:55:25Z,165.0,-220.0
Julian Champagnie,Toronto Raptors @ San Antonio Spurs,2025-10-28T00:00:00Z,player_points_rebounds_assists,19.5,bovada,2025-10-27T14:54:45Z,2025-10-27T14:55:25Z,205.0,-280.0
R.J. Barrett,Toronto Raptors @ San Antonio Spurs,2025-10-28T00:00:00Z,player_points_rebounds_assists,21.5,bovada,2025-10-27T14:54:45Z,2025-10-27T14:55:25Z,-250.0,185.0
R.J. Barrett,Toronto Raptors @ San Antonio Spurs,2025-10-28T00:00:00Z,player_points_rebounds_assists,22.5,bovada,2025-10-27T14:54:45Z,2025-10-27T14:55:25Z,-200.0,150.0
R.J. Barrett,Toronto Raptors @ San Antonio Spurs,2025-10-28T00:00:00Z,player_points_rebounds_assists,23.5,bovada,2025-10-27T14:54:45Z,2025-10-27T14:55:25Z,-165.0,125.0
R.J. Barrett,Toronto Raptors @ San Antonio Spurs,2025-10-28T00:00:00Z,player_points_rebounds_assists,24.5,bovada,2025-10-27T14:54:45Z,2025-10-27T14:55:25Z,-130.0,100.0
R.J. Barrett,Toronto Raptors @ San Antonio Spurs,2025-10-28T00:00:00Z,player_points_rebounds_assists,25.5,bovada,2025-10-27T14:54:45Z,2025-10-27T14:55:25Z,-110.0,-120.0
R.J. Barrett,Toronto Raptors @ San Antonio Spurs,2025-10-28T00:00:00Z,player_points_rebounds_assists,26.5,bovada,2025-10-27T14:54:45Z,2025-10-27T14:55:25Z,110.0,-145.0
R.J. Barrett,Toronto Raptors @ San Antonio Spurs,2025-10-28T00:00:00Z,player_points_rebounds_assists,27.5,bovada,2025-10-27T14:54:45Z,2025-10-27T14:55:25Z,135.0,-180.0
R.J. Barrett,Toronto Raptors @ San Antonio Spurs,2025-10-28T00:00:00Z,player_points_rebounds_assists,28.5,bovada,2025-10-27T14:54:45Z,2025-10-27T14:55:25Z,160.0,-215.0
R.J. Barrett,Toronto Raptors @ San Antonio Spurs,2025-10-28T00:00:00Z,player_points_rebounds_assists,29.5,bovada,2025-10-27T14:54:45Z,2025-10-27T14:55:25Z,190.0,-260.0
Scottie Barnes,Toronto Raptors @ San Antonio Spurs,2025-10-28T00:00:00Z,player_points_rebounds_assists,24.5,bovada,2025-10-27T14:54:45Z,2025-10-27T14:55:25Z,-260.0,190.0
Scottie Barnes,Toronto Raptors @ San Antonio Spurs,2025-10-28T00:00:00Z,player_points_rebounds_assists,25.5,bovada,2025-10-27T14:54:45Z,2025-10-27T14:55:25Z,-210.0,155.0
Scottie Barnes,Toronto Raptors @ San Antonio Spurs,2025-10-28T00:00:00Z,player_points_rebounds_assists,26.5,bovada,2025-10-27T14:54:45Z,2025-10-27T14:55:25Z,-170.0,130.0
Scottie Barnes,Toronto Raptors @ San Antonio Spurs,2025-10-28T00:00:00Z,player_points_rebounds_assists,27.5,bovada,2025-10-27T14:54:45Z,2025-10-27T14:55:25Z,-145.0,110.0
Scottie Barnes,Toronto Raptors @ San Antonio Spurs,2025-10-28T00:00:00Z,player_points_rebounds_assists,28.5,bovada,2025-10-27T14:54:45Z,2025-10-27T14:55:25Z,-120.0,-110.0
Scottie Barnes,Toronto Raptors @ San Antonio Spurs,2025-10-28T00:00:00Z,player_points_rebounds_assists,29.5,bovada,2025-10-27T14:54:45Z,2025-10-27T14:55:25Z,105.0,-135.0
Scottie Barnes,Toronto Raptors @ San Antonio Spurs,2025-10-28T00:00:00Z,player_points_rebounds_assists,30.5,bovada,2025-10-27T14:54:45Z,2025-10-27T14:55:25Z,120.0,-160.0
Scottie Barnes,Toronto Raptors @ San Antonio Spurs,2025-10-28T00:00:00Z,player_points_rebounds_assists,31.5,bovada,2025-10-27T14:54:45Z,2025-10-27T14:55:25Z,145.0,-190.0
Scottie Barnes,Toronto Raptors @ San Antonio Spurs,2025-10-28T00:00:00Z,player_points_rebounds_assists,32.5,bovada,2025-10-27T14:54:45Z,2025-10-27T14:55:25Z,170.0,-230.0
Scottie Barnes,Toronto Raptors @ San Antonio Spurs,2025-10-28T00:00:00Z,player_points_rebounds_assists,33.5,bovada,2025-10-27T14:54:45Z,2025-10-27T14:55:25Z,200.0,-275.0
Stephon Castle,Toronto Raptors @ San Antonio Spurs,2025-10-28T00:00:00Z,player_points_rebounds_assists,22.5,bovada,2025-10-27T14:54:45Z,2025-10-27T14:55:25Z,-275.0,200.0
Stephon Castle,Toronto Raptors @ San Antonio Spurs,2025-10-28T00:00:00Z,player_points_rebounds_assists,23.5,bovada,2025-10-27T14:54:45Z,2025-10-27T14:55:25Z,-220.0,165.0
Stephon Castle,Toronto Raptors @ San Antonio Spurs,2025-10-28T00:00:00Z,player_points_rebounds_assists,24.5,bovada,2025-10-27T14:54:45Z,2025-10-27T14:55:25Z,-180.0,135.0
Stephon Castle,Toronto Raptors @ San Antonio Spurs,2025-10-28T00:00:00Z,player_points_rebounds_assists,25.5,bovada,2025-10-27T14:54:45Z,2025-10-27T14:55:25Z,-145.0,110.0
Stephon Castle,Toronto Raptors @ San Antonio Spurs,2025-10-28T00:00:00Z,player_points_rebounds_assists,26.5,bovada,2025-10-27T14:54:45Z,2025-10-27T14:55:25Z,-135.0,105.0
Stephon Castle,Toronto Raptors @ San Antonio Spurs,2025-10-28T00:00:00Z,player_points_rebounds_assists,27.5,bovada,2025-10-27T14:54:45Z,2025-10-27T14:55:25Z,100.0,-130.0
Stephon Castle,Toronto Raptors @ San Antonio Spurs,2025-10-28T00:00:00Z,player_points_rebounds_assists,28.5,bovada,2025-10-27T14:54:45Z,2025-10-27T14:55:25Z,120.0,-160.0
Stephon Castle,Toronto Raptors @ San Antonio Spurs,2025-10-28T00:00:00Z,player_points_rebounds_assists,29.5,bovada,2025-10-27T14:54:45Z,2025-10-27T14:55:25Z,145.0,-190.0
Stephon Castle,Toronto Raptors @ San Antonio Spurs,2025-10-28T00:00:00Z,player_points_rebounds_assists,30.5,bovada,2025-10-27T14:54:45Z,2025-10-27T14:55:25Z,170.0,-230.0
Stephon Castle,Toronto Raptors @ San Antonio Spurs,2025-10-28T00:00:00Z,player_points_rebounds_assists,31.5,bovada,2025-10-27T14:54:45Z,2025-10-27T14:55:25Z,205.0,-280.0
Victor Wembanyama,Toronto Raptors @ San Antonio Spurs,2025-10-28T00:00:00Z,player_rebounds,10.5,bovada,2025-10-27T14:54:45Z,2025-10-27T14:55:25Z,-230.0,170.0
Victor Wembanyama,Toronto Raptors @ San Antonio Spurs,2025-10-28T00:00:00Z,player_rebounds,11.5,bovada,2025-10-27T14:54:45Z,2025-10-27T14:55:25Z,-145.0,110.0
Victor Wembanyama,Toronto Raptors @ San Antonio Spurs,2025-10-28T00:00:00Z,player_rebounds,12.5,bovada,2025-10-27T14:54:45Z,2025-10-27T14:55:25Z,105.0,-135.0
Victor Wembanyama,Toronto Raptors @ San Antonio Spurs,2025-10-28T00:00:00Z,player_rebounds,13.5,bovada,2025-10-27T14:54:45Z,2025-10-27T14:55:25Z,155.0,-210.0
Brandon Ingram,Toronto Raptors @ San Antonio Spurs,2025-10-28T00:00:00Z,player_rebounds,4.5,bovada,2025-10-27T14:54:45Z,2025-10-27T14:55:25Z,-170.0,130.0
Brandon Ingram,Toronto Raptors @ San Antonio Spurs,2025-10-28T00:00:00Z,player_rebounds,5.5,bovada,2025-10-27T14:54:45Z,2025-10-27T14:55:25Z,110.0,-145.0
Brandon Ingram,Toronto Raptors @ San Antonio Spurs,2025-10-28T00:00:00Z,player_rebounds,6.5,bovada,2025-10-27T14:54:45Z,2025-10-27T14:55:25Z,200.0,-275.0
Devin Vassell,Toronto Raptors @ San Antonio Spurs,2025-10-28T00:00:00Z,player_rebounds,3.5,bovada,2025-10-27T14:54:45Z,2025-10-27T14:55:25Z,-160.0,120.0
Devin Vassell,Toronto Raptors @ San Antonio Spurs,2025-10-28T00:00:00Z,player_rebounds,4.5,bovada,2025-10-27T14:54:45Z,2025-10-27T14:55:25Z,130.0,-170.0
Harrison Barnes,Toronto Raptors @ San Antonio Spurs,2025-10-28T00:00:00Z,player_rebounds,2.5,bovada,2025-10-27T14:54:45Z,2025-10-27T14:55:25Z,-280.0,205.0
Harrison Barnes,Toronto Raptors @ San Antonio Spurs,2025-10-28T00:00:00Z,player_rebounds,3.5,bovada,2025-10-27T14:54:45Z,2025-10-27T14:55:25Z,-120.0,-110.0
Harrison Barnes,Toronto Raptors @ San Antonio Spurs,2025-10-28T00:00:00Z,player_rebounds,4.5,bovada,2025-10-27T14:54:45Z,2025-10-27T14:55:25Z,170.0,-230.0
Immanuel Quickley,Toronto Raptors @ San Antonio Spurs,2025-10-28T00:00:00Z,player_rebounds,3.5,bovada,2025-10-27T14:54:45Z,2025-10-27T14:55:25Z,-145.0,110.0
Immanuel Quickley,Toronto Raptors @ San Antonio Spurs,2025-10-28T00:00:00Z,player_rebounds,4.5,bovada,2025-10-27T14:54:45Z,2025-10-27T14:55:25Z,140.0,-185.0
Jakob Poeltl,Toronto Raptors @ San Antonio Spurs,2025-10-28T00:00:00Z,player_rebounds,5.5,bovada,2025-10-27T14:54:45Z,2025-10-27T14:55:25Z,-300.0,215.0
Jakob Poeltl,Toronto Raptors @ San Antonio Spurs,2025-10-28T00:00:00Z,player_rebounds,6.5,bovada,2025-10-27T14:54:45Z,2025-10-27T14:55:25Z,-160.0,120.0
Jakob Poeltl,Toronto Raptors @ San Antonio Spurs,2025-10-28T00:00:00Z,player_rebounds,7.5,bovada,2025-10-27T14:54:45Z,2025-10-27T14:55:25Z,110.0,-145.0
Jakob Poeltl,Toronto Raptors @ San Antonio Spurs,2025-10-28T00:00:00Z,player_rebounds,8.5,bovada,2025-10-27T14:54:45Z,2025-10-27T14:55:25Z,185.0,-250.0
Julian Champagnie,Toronto Raptors @ San Antonio Spurs,2025-10-28T00:00:00Z,player_rebounds,3.5,bovada,2025-10-27T14:54:45Z,2025-10-27T14:55:25Z,-300.0,215.0
Julian Champagnie,Toronto Raptors @ San Antonio Spurs,2025-10-28T00:00:00Z,player_rebounds,4.5,bovada,2025-10-27T14:54:45Z,2025-10-27T14:55:25Z,-135.0,105.0
Julian Champagnie,Toronto Raptors @ San Antonio Spurs,2025-10-28T00:00:00Z,player_rebounds,5.5,bovada,2025-10-27T14:54:45Z,2025-10-27T14:55:25Z,140.0,-185.0
R.J. Barrett,Toronto Raptors @ San Antonio Spurs,2025-10-28T00:00:00Z,player_rebounds,4.5,bovada,2025-10-27T14:54:45Z,2025-10-27T14:55:25Z,-170.0,130.0
R.J. Barrett,Toronto Raptors @ San Antonio Spurs,2025-10-28T00:00:00Z,player_rebounds,5.5,bovada,2025-10-27T14:54:45Z,2025-10-27T14:55:25Z,110.0,-145.0
R.J. Barrett,Toronto Raptors @ San Antonio Spurs,2025-10-28T00:00:00Z,player_rebounds,6.5,bovada,2025-10-27T14:54:45Z,2025-10-27T14:55:25Z,200.0,-275.0
Scottie Barnes,Toronto Raptors @ San Antonio Spurs,2025-10-28T00:00:00Z,player_rebounds,5.5,bovada,2025-10-27T14:54:45Z,2025-10-27T14:55:25Z,-220.0,165.0
Scottie Barnes,Toronto Raptors @ San Antonio Spurs,2025-10-28T00:00:00Z,player_rebounds,6.5,bovada,2025-10-27T14:54:45Z,2025-10-27T14:55:25Z,-120.0,-110.0
Scottie Barnes,Toronto Raptors @ San Antonio Spurs,2025-10-28T00:00:00Z,player_rebounds,7.5,bovada,2025-10-27T14:54:45Z,2025-10-27T14:55:25Z,145.0,-190.0
Stephon Castle,Toronto Raptors @ San Antonio Spurs,2025-10-28T00:00:00Z,player_rebounds,3.5,bovada,2025-10-27T14:54:45Z,2025-10-27T14:55:25Z,-300.0,215.0
Stephon Castle,Toronto Raptors @ San Antonio Spurs,2025-10-28T00:00:00Z,player_rebounds,4.5,bovada,2025-10-27T14:54:45Z,2025-10-27T14:55:25Z,-135.0,105.0
Stephon Castle,Toronto Raptors @ San Antonio Spurs,2025-10-28T00:00:00Z,player_rebounds,5.5,bovada,2025-10-27T14:54:45Z,2025-10-27T14:55:25Z,140.0,-185.0
Victor Wembanyama,Toronto Raptors @ San Antonio Spurs,2025-10-28T00:00:00Z,player_threes,1.5,bovada,2025-10-27T14:54:45Z,2025-10-27T14:55:25Z,-145.0,110.0
Victor Wembanyama,Toronto Raptors @ San Antonio Spurs,2025-10-28T00:00:00Z,player_threes,2.5,bovada,2025-10-27T14:54:45Z,2025-10-27T14:55:25Z,210.0,-290.0
Brandon Ingram,Toronto Raptors @ San Antonio Spurs,2025-10-28T00:00:00Z,player_threes,1.5,bovada,2025-10-27T14:54:45Z,2025-10-27T14:55:25Z,110.0,-145.0
Devin Vassell,Toronto Raptors @ San Antonio Spurs,2025-10-28T00:00:00Z,player_threes,2.5,bovada,2025-10-27T14:54:45Z,2025-10-27T14:55:25Z,105.0,-135.0
Harrison Barnes,Toronto Raptors @ San Antonio Spurs,2025-10-28T00:00:00Z,player_threes,1.5,bovada,2025-10-27T14:54:45Z,2025-10-27T14:55:25Z,130.0,-170.0
Immanuel Quickley,Toronto Raptors @ San Antonio Spurs,2025-10-28T00:00:00Z,player_threes,1.5,bovada,2025-10-27T14:54:45Z,2025-10-27T14:55:25Z,-250.0,185.0
Immanuel Quickley,Toronto Raptors @ San Antonio Spurs,2025-10-28T00:00:00Z,player_threes,2.5,bovada,2025-10-27T14:54:45Z,2025-10-27T14:55:25Z,120.0,-160.0
Julian Champagnie,Toronto Raptors @ San Antonio Spurs,2025-10-28T00:00:00Z,player_threes,1.5,bovada,2025-10-27T14:54:45Z,2025-10-27T14:55:25Z,-185.0,140.0
Julian Champagnie,Toronto Raptors @ San Antonio Spurs,2025-10-28T00:00:00Z,player_threes,2.5,bovada,2025-10-27T14:54:45Z,2025-10-27T14:55:25Z,165.0,-220.0
R.J. Barrett,Toronto Raptors @ San Antonio Spurs,2025-10-28T00:00:00Z,player_threes,1.5,bovada,2025-10-27T14:54:45Z,2025-10-27T14:55:25Z,105.0,-135.0
Scottie Barnes,Toronto Raptors @ San Antonio Spurs,2025-10-28T00:00:00Z,player_threes,0.5,bovada,2025-10-27T14:54:45Z,2025-10-27T14:55:25Z,-280.0,205.0
Scottie Barnes,Toronto Raptors @ San Antonio Spurs,2025-10-28T00:00:00Z,player_threes,1.5,bovada,2025-10-27T14:54:45Z,2025-10-27T14:55:25Z,165.0,-220.0
Victor Wembanyama,Toronto Raptors @ San Antonio Spurs,2025-10-28T00:00:00Z,player_triple_double,,bovada,2025-10-27T14:54:45Z,2025-10-27T14:55:25Z,,
Anthony Davis,Oklahoma City Thunder @ Dallas Mavericks,2025-10-28T00:40:00Z,player_assists,3.5,fanduel,2025-10-27T14:55:19Z,2025-10-27T14:55:39Z,104.0,-138.0
Cooper Flagg,Oklahoma City Thunder @ Dallas Mavericks,2025-10-28T00:40:00Z,player_assists,3.5,fanduel,2025-10-27T14:55:19Z,2025-10-27T14:55:39Z,104.0,-138.0
Shai Gilgeous-Alexander,Oklahoma City Thunder @ Dallas Mavericks,2025-10-28T00:40:00Z,player_assists,6.5,fanduel,2025-10-27T14:55:19Z,2025-10-27T14:55:39Z,-106.0,-125.0
Chet Holmgren,Oklahoma City Thunder @ Dallas Mavericks,2025-10-28T00:40:00Z,player_blocks,1.5,fanduel,2025-10-27T14:55:19Z,2025-10-27T14:55:39Z,100.0,-132.0
Anthony Davis,Oklahoma City Thunder @ Dallas Mavericks,2025-10-28T00:40:00Z,player_double_double,,fanduel,2025-10-27T14:55:19Z,2025-10-27T14:55:39Z,,
Chet Holmgren,Oklahoma City Thunder @ Dallas Mavericks,2025-10-28T00:40:00Z,player_double_double,,fanduel,2025-10-27T14:55:19Z,2025-10-27T14:55:39Z,,
Shai Gilgeous-Alexander,Oklahoma City Thunder @ Dallas Mavericks,2025-10-28T00:40:00Z,player_double_double,,fanduel,2025-10-27T14:55:19Z,2025-10-27T14:55:39Z,,
P.J. Washington,Oklahoma City Thunder @ Dallas Mavericks,2025-10-28T00:40:00Z,player_double_double,,fanduel,2025-10-27T14:55:19Z,2025-10-27T14:55:39Z,,
Cooper Flagg,Oklahoma City Thunder @ Dallas Mavericks,2025-10-28T00:40:00Z,player_double_double,,fanduel,2025-10-27T14:55:19Z,2025-10-27T14:55:39Z,,
Dereck Lively II,Oklahoma City Thunder @ Dallas Mavericks,2025-10-28T00:40:00Z,player_double_double,,fanduel,2025-10-27T14:55:19Z,2025-10-27T14:55:39Z,,
Chet Holmgren,Oklahoma City Thunder @ Dallas Mavericks,2025-10-28T00:40:00Z,player_points,18.5,fanduel,2025-10-27T14:55:19Z,2025-10-27T14:55:39Z,100.0,-132.0
P.J. Washington,Oklahoma City Thunder @ Dallas Mavericks,2025-10-28T00:40:00Z,player_points,15.5,fanduel,2025-10-27T14:55:19Z,2025-10-27T14:55:39Z,-106.0,-125.0
Klay Thompson,Oklahoma City Thunder @ Dallas Mavericks,2025-10-28T00:40:00Z,player_points,10.5,fanduel,2025-10-27T14:55:19Z,2025-10-27T14:55:39Z,102.0,-136.0
Anthony Davis,Oklahoma City Thunder @ Dallas Mavericks,2025-10-28T00:40:00Z,player_points,23.5,fanduel,2025-10-27T14:55:19Z,2025-10-27T14:55:39Z,-130.0,-102.0
Dereck Lively II,Oklahoma City Thunder @ Dallas Mavericks,2025-10-28T00:40:00Z,player_points,5.5,fanduel,2025-10-27T14:55:19Z,2025-10-27T14:55:39Z,-125.0,-106.0
Cooper Flagg,Oklahoma City Thunder @ Dallas Mavericks,2025-10-28T00:40:00Z,player_points,16.5,fanduel,2025-10-27T14:55:19Z,2025-10-27T14:55:39Z,-125.0,-106.0
Shai Gilgeous-Alexander,Oklahoma City Thunder @ Dallas Mavericks,2025-10-28T00:40:00Z,player_points,32.5,fanduel,2025-10-27T14:55:19Z,2025-10-27T14:55:39Z,-108.0,-122.0
Anthony Davis,Oklahoma City Thunder @ Dallas Mavericks,2025-10-28T00:40:00Z,player_points_rebounds_assists,38.5,fanduel,2025-10-27T14:55:19Z,2025-10-27T14:55:39Z,-118.0,-114.0
Cooper Flagg,Oklahoma City Thunder @ Dallas Mavericks,2025-10-28T00:40:00Z,player_points_rebounds_assists,26.5,fanduel,2025-10-27T14:55:19Z,2025-10-27T14:55:39Z,-125.0,-106.0
Shai Gilgeous-Alexander,Oklahoma City Thunder @ Dallas Mavericks,2025-10-28T00:40:00Z,player_points_rebounds_assists,44.5,fanduel,2025-10-27T14:55:19Z,2025-10-27T14:55:39Z,-106.0,-125.0
Cooper Flagg,Oklahoma City Thunder @ Dallas Mavericks,2025-10-28T00:40:00Z,player_rebounds,6.5,fanduel,2025-10-27T14:55:19Z,2025-10-27T14:55:39Z,108.0,-144.0
Chet Holmgren,Oklahoma City Thunder @ Dallas Mavericks,2025-10-28T00:40:00Z,player_rebounds,8.5,fanduel,2025-10-27T14:55:19Z,2025-10-27T14:55:39Z,-114.0,-114.0
P.J. Washington,Oklahoma City Thunder @ Dallas Mavericks,2025-10-28T00:40:00Z,player_rebounds,6.5,fanduel,2025-10-27T14:55:19Z,2025-10-27T14:55:39Z,-112.0,-118.0
Anthony Davis,Oklahoma City Thunder @ Dallas Mavericks,2025-10-28T00:40:00Z,player_rebounds,10.5,fanduel,2025-10-27T14:55:19Z,2025-10-27T14:55:39Z,-130.0,-102.0
Dereck Lively II,Oklahoma City Thunder @ Dallas Mavericks,2025-10-28T00:40:00Z,player_rebounds,5.5,fanduel,2025-10-27T14:55:19Z,2025-10-27T14:55:39Z,102.0,-136.0
Shai Gilgeous-Alexander,Oklahoma City Thunder @ Dallas Mavericks,2025-10-28T00:40:00Z,player_rebounds,4.5,fanduel,2025-10-27T14:55:19Z,2025-10-27T14:55:39Z,-154.0,116.0
Shai Gilgeous-Alexander,Oklahoma City Thunder @ Dallas Mavericks,2025-10-28T00:40:00Z,player_steals,1.5,fanduel,2025-10-27T14:55:19Z,2025-10-27T14:55:39Z,128.0,-172.0
Chet Holmgren,Oklahoma City Thunder @ Dallas Mavericks,2025-10-28T00:40:00Z,player_threes,1.5,fanduel,2025-10-27T14:55:19Z,2025-10-27T14:55:39Z,-166.0,124.0
Cooper Flagg,Oklahoma City Thunder @ Dallas Mavericks,2025-10-28T00:40:00Z,player_threes,1.5,fanduel,2025-10-27T14:55:19Z,2025-10-27T14:55:39Z,124.0,-166.0
Klay Thompson,Oklahoma City Thunder @ Dallas Mavericks,2025-10-28T00:40:00Z,player_threes,2.5,fanduel,2025-10-27T14:55:19Z,2025-10-27T14:55:39Z,130.0,-174.0
Shai Gilgeous-Alexander,Oklahoma City Thunder @ Dallas Mavericks,2025-10-28T00:40:00Z,player_threes,1.5,fanduel,2025-10-27T14:55:19Z,2025-10-27T14:55:39Z,-158.0,116.0
P.J. Washington,Oklahoma City Thunder @ Dallas Mavericks,2025-10-28T00:40:00Z,player_threes,1.5,fanduel,2025-10-27T14:55:19Z,2025-10-27T14:55:39Z,-108.0,-122.0
Shai Gilgeous-Alexander,Oklahoma City Thunder @ Dallas Mavericks,2025-10-28T00:40:00Z,player_triple_double,,fanduel,2025-10-27T14:55:19Z,2025-10-27T14:55:39Z,,
Shai Gilgeous-Alexander,Oklahoma City Thunder @ Dallas Mavericks,2025-10-28T00:40:00Z,player_assists,6.5,fanatics,2025-10-27T14:55:17Z,2025-10-27T14:55:04Z,100.0,-130.0
Anthony Davis,Oklahoma City Thunder @ Dallas Mavericks,2025-10-28T00:40:00Z,player_assists,3.5,fanatics,2025-10-27T14:55:17Z,2025-10-27T14:55:04Z,110.0,-145.0
Cooper Flagg,Oklahoma City Thunder @ Dallas Mavericks,2025-10-28T00:40:00Z,player_assists,3.5,fanatics,2025-10-27T14:55:17Z,2025-10-27T14:55:04Z,105.0,-140.0
P.J. Washington,Oklahoma City Thunder @ Dallas Mavericks,2025-10-28T00:40:00Z,player_assists,2.5,fanatics,2025-10-27T14:55:17Z,2025-10-27T14:55:04Z,120.0,-165.0
Klay Thompson,Oklahoma City Thunder @ Dallas Mavericks,2025-10-28T00:40:00Z,player_assists,1.5,fanatics,2025-10-27T14:55:17Z,2025-10-27T14:55:04Z,-115.0,-115.0
Dereck Lively II,Oklahoma City Thunder @ Dallas Mavericks,2025-10-28T00:40:00Z,player_assists,2.5,fanatics,2025-10-27T14:55:17Z,2025-10-27T14:55:04Z,110.0,-145.0
Chet Holmgren,Oklahoma City Thunder @ Dallas Mavericks,2025-10-28T00:40:00Z,player_assists,1.5,fanatics,2025-10-27T14:55:17Z,2025-10-27T14:55:04Z,120.0,-165.0
Luguentz Dort,Oklahoma City Thunder @ Dallas Mavericks,2025-10-28T00:40:00Z,player_assists,1.5,fanatics,2025-10-27T14:55:17Z,2025-10-27T14:55:04Z,125.0,-175.0
Isaiah Hartenstein,Oklahoma City Thunder @ Dallas Mavericks,2025-10-28T00:40:00Z,player_assists,2.5,fanatics,2025-10-27T14:55:17Z,2025-10-27T14:55:04Z,105.0,-140.0
Cason Wallace,Oklahoma City Thunder @ Dallas Mavericks,2025-10-28T00:40:00Z,player_assists,2.5,fanatics,2025-10-27T14:55:17Z,2025-10-27T14:55:04Z,-175.0,125.0
Anthony Davis,Oklahoma City Thunder @ Dallas Mavericks,2025-10-28T00:40:00Z,player_double_double,,fanatics,2025-10-27T14:55:17Z,2025-10-27T14:55:04Z,,
Cooper Flagg,Oklahoma City Thunder @ Dallas Mavericks,2025-10-28T00:40:00Z,player_double_double,,fanatics,2025-10-27T14:55:17Z,2025-10-27T14:55:04Z,,
Shai Gilgeous-Alexander,Oklahoma City Thunder @ Dallas Mavericks,2025-10-28T00:40:00Z,player_double_double,,fanatics,2025-10-27T14:55:17Z,2025-10-27T14:55:04Z,,
P.J. Washington,Oklahoma City Thunder @ Dallas Mavericks,2025-10-28T00:40:00Z,player_double_double,,fanatics,2025-10-27T14:55:17Z,2025-10-27T14:55:04Z,,
Dereck Lively II,Oklahoma City Thunder @ Dallas Mavericks,2025-10-28T00:40:00Z,player_double_double,,fanatics,2025-10-27T14:55:17Z,2025-10-27T14:55:04Z,,
Chet Holmgren,Oklahoma City Thunder @ Dallas Mavericks,2025-10-28T00:40:00Z,player_double_double,,fanatics,2025-10-27T14:55:17Z,2025-10-27T14:55:04Z,,
Luguentz Dort,Oklahoma City Thunder @ Dallas Mavericks,2025-10-28T00:40:00Z,player_double_double,,fanatics,2025-10-27T14:55:17Z,2025-10-27T14:55:04Z,,
Isaiah Hartenstein,Oklahoma City Thunder @ Dallas Mavericks,2025-10-28T00:40:00Z,player_double_double,,fanatics,2025-10-27T14:55:17Z,2025-10-27T14:55:04Z,,
Anthony Davis,Oklahoma City Thunder @ Dallas Mavericks,2025-10-28T00:40:00Z,player_points,23.5,fanatics,2025-10-27T14:55:17Z,2025-10-27T14:55:04Z,-130.0,100.0
Shai Gilgeous-Alexander,Oklahoma City Thunder @ Dallas Mavericks,2025-10-28T00:40:00Z,player_points,32.5,fanatics,2025-10-27T14:55:17Z,2025-10-27T14:55:04Z,-115.0,-115.0
Cooper Flagg,Oklahoma City Thunder @ Dallas Mavericks,2025-10-28T00:40:00Z,player_points,16.5,fanatics,2025-10-27T14:55:17Z,2025-10-27T14:55:04Z,-130.0,100.0
P.J. Washington,Oklahoma City Thunder @ Dallas Mavericks,2025-10-28T00:40:00Z,player_points,15.5,fanatics,2025-10-27T14:55:17Z,2025-10-27T14:55:04Z,-115.0,-115.0
Dereck Lively II,Oklahoma City Thunder @ Dallas Mavericks,2025-10-28T00:40:00Z,player_points,5.5,fanatics,2025-10-27T14:55:17Z,2025-10-27T14:55:04Z,-120.0,-110.0
Klay Thompson,Oklahoma City Thunder @ Dallas Mavericks,2025-10-28T00:40:00Z,player_points,9.5,fanatics,2025-10-27T14:55:17Z,2025-10-27T14:55:04Z,-115.0,-115.0
Chet Holmgren,Oklahoma City Thunder @ Dallas Mavericks,2025-10-28T00:40:00Z,player_points,18.5,fanatics,2025-10-27T14:55:17Z,2025-10-27T14:55:04Z,-115.0,-115.0
Luguentz Dort,Oklahoma City Thunder @ Dallas Mavericks,2025-10-28T00:40:00Z,player_points,9.5,fanatics,2025-10-27T14:55:17Z,2025-10-27T14:55:04Z,-115.0,-115.0
Isaiah Hartenstein,Oklahoma City Thunder @ Dallas Mavericks,2025-10-28T00:40:00Z,player_points,8.5,fanatics,2025-10-27T14:55:17Z,2025-10-27T14:55:04Z,-125.0,-105.0
Cason Wallace,Oklahoma City Thunder @ Dallas Mavericks,2025-10-28T00:40:00Z,player_points,9.5,fanatics,2025-10-27T14:55:17Z,2025-10-27T14:55:04Z,100.0,-130.0
Chet Holmgren,Oklahoma City Thunder @ Dallas Mavericks,2025-10-28T00:40:00Z,player_points_rebounds_assists,28.5,fanatics,2025-10-27T14:55:17Z,2025-10-27T14:55:04Z,-115.0,-115.0
P.J. Washington,Oklahoma City Thunder @ Dallas Mavericks,2025-10-28T00:40:00Z,player_points_rebounds_assists,24.5,fanatics,2025-10-27T14:55:17Z,2025-10-27T14:55:04Z,-115.0,-115.0
Anthony Davis,Oklahoma City Thunder @ Dallas Mavericks,2025-10-28T00:40:00Z,player_points_rebounds_assists,38.5,fanatics,2025-10-27T14:55:17Z,2025-10-27T14:55:04Z,-115.0,-115.0
Klay Thompson,Oklahoma City Thunder @ Dallas Mavericks,2025-10-28T00:40:00Z,player_points_rebounds_assists,13.5,fanatics,2025-10-27T14:55:17Z,2025-10-27T14:55:04Z,-110.0,-120.0
Cooper Flagg,Oklahoma City Thunder @ Dallas Mavericks,2025-10-28T00:40:00Z,player_points_rebounds_assists,26.5,fanatics,2025-10-27T14:55:17Z,2025-10-27T14:55:04Z,-115.0,-115.0
Shai Gilgeous-Alexander,Oklahoma City Thunder @ Dallas Mavericks,2025-10-28T00:40:00Z,player_points_rebounds_assists,44.5,fanatics,2025-10-27T14:55:17Z,2025-10-27T14:55:04Z,-110.0,-120.0
Dereck Lively II,Oklahoma City Thunder @ Dallas Mavericks,2025-10-28T00:40:00Z,player_points_rebounds_assists,13.5,fanatics,2025-10-27T14:55:17Z,2025-10-27T14:55:04Z,-115.0,-115.0
Luguentz Dort,Oklahoma City Thunder @ Dallas Mavericks,2025-10-28T00:40:00Z,player_points_rebounds_assists,15.5,fanatics,2025-10-27T14:55:17Z,2025-10-27T14:55:04Z,-105.0,-125.0
Isaiah Hartenstein,Oklahoma City Thunder @ Dallas Mavericks,2025-10-28T00:40:00Z,player_points_rebounds_assists,21.5,fanatics,2025-10-27T14:55:17Z,2025-10-27T14:55:04Z,-105.0,-125.0
Cason Wallace,Oklahoma City Thunder @ Dallas Mavericks,2025-10-28T00:40:00Z,player_points_rebounds_assists,15.5,fanatics,2025-10-27T14:55:17Z,2025-10-27T14:55:04Z,-115.0,-115.0
Shai Gilgeous-Alexander,Oklahoma City Thunder @ Dallas Mavericks,2025-10-28T00:40:00Z,player_rebounds,4.5,fanatics,2025-10-27T14:55:17Z,2025-10-27T14:55:04Z,-150.0,115.0
Anthony Davis,Oklahoma City Thunder @ Dallas Mavericks,2025-10-28T00:40:00Z,player_rebounds,10.5,fanatics,2025-10-27T14:55:17Z,2025-10-27T14:55:04Z,-130.0,100.0
Cooper Flagg,Oklahoma City Thunder @ Dallas Mavericks,2025-10-28T00:40:00Z,player_rebounds,6.5,fanatics,2025-10-27T14:55:17Z,2025-10-27T14:55:04Z,110.0,-145.0
P.J. Washington,Oklahoma City Thunder @ Dallas Mavericks,2025-10-28T00:40:00Z,player_rebounds,6.5,fanatics,2025-10-27T14:55:17Z,2025-10-27T14:55:04Z,-110.0,-120.0
Dereck Lively II,Oklahoma City Thunder @ Dallas Mavericks,2025-10-28T00:40:00Z,player_rebounds,5.5,fanatics,2025-10-27T14:55:17Z,2025-10-27T14:55:04Z,100.0,-130.0
Chet Holmgren,Oklahoma City Thunder @ Dallas Mavericks,2025-10-28T00:40:00Z,player_rebounds,8.5,fanatics,2025-10-27T14:55:17Z,2025-10-27T14:55:04Z,-115.0,-115.0
Klay Thompson,Oklahoma City Thunder @ Dallas Mavericks,2025-10-28T00:40:00Z,player_rebounds,1.5,fanatics,2025-10-27T14:55:17Z,2025-10-27T14:55:04Z,-190.0,130.0
Luguentz Dort,Oklahoma City Thunder @ Dallas Mavericks,2025-10-28T00:40:00Z,player_rebounds,4.5,fanatics,2025-10-27T14:55:17Z,2025-10-27T14:55:04Z,115.0,-150.0
Isaiah Hartenstein,Oklahoma City Thunder @ Dallas Mavericks,2025-10-28T00:40:00Z,player_rebounds,9.5,fanatics,2025-10-27T14:55:17Z,2025-10-27T14:55:04Z,-120.0,-110.0
Cason Wallace,Oklahoma City Thunder @ Dallas Mavericks,2025-10-28T00:40:00Z,player_rebounds,3.5,fanatics,2025-10-27T14:55:17Z,2025-10-27T14:55:04Z,125.0,-175.0
Shai Gilgeous-Alexander,Oklahoma City Thunder @ Dallas Mavericks,2025-10-28T00:40:00Z,player_threes,1.5,fanatics,2025-10-27T14:55:17Z,2025-10-27T14:55:04Z,-150.0,115.0
Cooper Flagg,Oklahoma City Thunder @ Dallas Mavericks,2025-10-28T00:40:00Z,player_threes,1.5,fanatics,2025-10-27T14:55:17Z,2025-10-27T14:55:04Z,115.0,-150.0
Anthony Davis,Oklahoma City Thunder @ Dallas Mavericks,2025-10-28T00:40:00Z,player_threes,0.5,fanatics,2025-10-27T14:55:17Z,2025-10-27T14:55:04Z,-225.0,140.0
P.J. Washington,Oklahoma City Thunder @ Dallas Mavericks,2025-10-28T00:40:00Z,player_threes,1.5,fanatics,2025-10-27T14:55:17Z,2025-10-27T14:55:04Z,100.0,-130.0
Klay Thompson,Oklahoma City Thunder @ Dallas Mavericks,2025-10-28T00:40:00Z,player_threes,2.5,fanatics,2025-10-27T14:55:17Z,2025-10-27T14:55:04Z,125.0,-175.0
Chet Holmgren,Oklahoma City Thunder @ Dallas Mavericks,2025-10-28T00:40:00Z,player_threes,1.5,fanatics,2025-10-27T14:55:17Z,2025-10-27T14:55:04Z,-165.0,120.0
Luguentz Dort,Oklahoma City Thunder @ Dallas Mavericks,2025-10-28T00:40:00Z,player_threes,1.5,fanatics,2025-10-27T14:55:17Z,2025-10-27T14:55:04Z,-165.0,120.0
Cason Wallace,Oklahoma City Thunder @ Dallas Mavericks,2025-10-28T00:40:00Z,player_threes,1.5,fanatics,2025-10-27T14:55:17Z,2025-10-27T14:55:04Z,125.0,-175.0
Shai Gilgeous-Alexander,Oklahoma City Thunder @ Dallas Mavericks,2025-10-28T00:40:00Z,player_assists,6.5,williamhill_us,2025-10-27T14:54:59Z,2025-10-27T14:55:48Z,-107.0,-127.0
Anthony Davis,Oklahoma City Thunder @ Dallas Mavericks,2025-10-28T00:40:00Z,player_assists,3.5,williamhill_us,2025-10-27T14:54:59Z,2025-10-27T14:55:48Z,100.0,-139.0
P.J. Washington,Oklahoma City Thunder @ Dallas Mavericks,2025-10-28T00:40:00Z,player_assists,2.5,williamhill_us,2025-10-27T14:54:59Z,2025-10-27T14:55:48Z,115.0,-159.0
Cooper Flagg,Oklahoma City Thunder @ Dallas Mavericks,2025-10-28T00:40:00Z,player_assists,3.5,williamhill_us,2025-10-27T14:54:59Z,2025-10-27T14:55:48Z,105.0,-140.0
Anthony Davis,Oklahoma City Thunder @ Dallas Mavericks,2025-10-28T00:40:00Z,player_double_double,,williamhill_us,2025-10-27T14:54:59Z,2025-10-27T14:55:48Z,,
Chet Holmgren,Oklahoma City Thunder @ Dallas Mavericks,2025-10-28T00:40:00Z,player_double_double,,williamhill_us,2025-10-27T14:54:59Z,2025-10-27T14:55:48Z,,
Isaiah Hartenstein,Oklahoma City Thunder @ Dallas Mavericks,2025-10-28T00:40:00Z,player_double_double,,williamhill_us,2025-10-27T14:54:59Z,2025-10-27T14:55:48Z,,
Shai Gilgeous-Alexander,Oklahoma City Thunder @ Dallas Mavericks,2025-10-28T00:40:00Z,player_double_double,,williamhill_us,2025-10-27T14:54:59Z,2025-10-27T14:55:48Z,,
P.J. Washington,Oklahoma City Thunder @ Dallas Mavericks,2025-10-28T00:40:00Z,player_double_double,,williamhill_us,2025-10-27T14:54:59Z,2025-10-27T14:55:48Z,,
Cooper Flagg,Oklahoma City Thunder @ Dallas Mavericks,2025-10-28T00:40:00Z,player_double_double,,williamhill_us,2025-10-27T14:54:59Z,2025-10-27T14:55:48Z,,
Dereck Lively II,Oklahoma City Thunder @ Dallas Mavericks,2025-10-28T00:40:00Z,player_double_double,,williamhill_us,2025-10-27T14:54:59Z,2025-10-27T14:55:48Z,,
P.J. Washington,Oklahoma City Thunder @ Dallas Mavericks,2025-10-28T00:40:00Z,player_points,15.5,williamhill_us,2025-10-27T14:54:59Z,2025-10-27T14:55:48Z,-112.0,-121.0
Cooper Flagg,Oklahoma City Thunder @ Dallas Mavericks,2025-10-28T00:40:00Z,player_points,16.5,williamhill_us,2025-10-27T14:54:59Z,2025-10-27T14:55:48Z,-125.0,-108.0
Isaiah Hartenstein,Oklahoma City Thunder @ Dallas Mavericks,2025-10-28T00:40:00Z,player_points,8.5,williamhill_us,2025-10-27T14:54:59Z,2025-10-27T14:55:48Z,-124.0,-109.0
Dereck Lively II,Oklahoma City Thunder @ Dallas Mavericks,2025-10-28T00:40:00Z,player_points,5.5,williamhill_us,2025-10-27T14:54:59Z,2025-10-27T14:55:48Z,-124.0,-109.0
Anthony Davis,Oklahoma City Thunder @ Dallas Mavericks,2025-10-28T00:40:00Z,player_points,23.5,williamhill_us,2025-10-27T14:54:59Z,2025-10-27T14:55:48Z,-124.0,-109.0
Luguentz Dort,Oklahoma City Thunder @ Dallas Mavericks,2025-10-28T00:40:00Z,player_points,9.5,williamhill_us,2025-10-27T14:54:59Z,2025-10-27T14:55:48Z,-113.0,-120.0
Shai Gilgeous-Alexander,Oklahoma City Thunder @ Dallas Mavericks,2025-10-28T00:40:00Z,player_points,32.5,williamhill_us,2025-10-27T14:54:59Z,2025-10-27T14:55:48Z,-121.0,-112.0
Chet Holmgren,Oklahoma City Thunder @ Dallas Mavericks,2025-10-28T00:40:00Z,player_points,18.5,williamhill_us,2025-10-27T14:54:59Z,2025-10-27T14:55:48Z,-109.0,-124.0
Klay Thompson,Oklahoma City Thunder @ Dallas Mavericks,2025-10-28T00:40:00Z,player_points,9.5,williamhill_us,2025-10-27T14:54:59Z,2025-10-27T14:55:48Z,-114.0,-118.0
Cooper Flagg,Oklahoma City Thunder @ Dallas Mavericks,2025-10-28T00:40:00Z,player_rebounds,6.5,williamhill_us,2025-10-27T14:54:59Z,2025-10-27T14:55:48Z,110.0,-148.0
Isaiah Hartenstein,Oklahoma City Thunder @ Dallas Mavericks,2025-10-28T00:40:00Z,player_rebounds,9.5,williamhill_us,2025-10-27T14:54:59Z,2025-10-27T14:55:48Z,-118.0,-114.0
P.J. Washington,Oklahoma City Thunder @ Dallas Mavericks,2025-10-28T00:40:00Z,player_rebounds,6.5,williamhill_us,2025-10-27T14:54:59Z,2025-10-27T14:55:48Z,-108.0,-125.0
Shai Gilgeous-Alexander,Oklahoma City Thunder @ Dallas Mavericks,2025-10-28T00:40:00Z,player_rebounds,4.5,williamhill_us,2025-10-27T14:54:59Z,2025-10-27T14:55:48Z,-150.0,110.0
Chet Holmgren,Oklahoma City Thunder @ Dallas Mavericks,2025-10-28T00:40:00Z,player_rebounds,8.5,williamhill_us,2025-10-27T14:54:59Z,2025-10-27T14:55:48Z,-120.0,-113.0
Anthony Davis,Oklahoma City Thunder @ Dallas Mavericks,2025-10-28T00:40:00Z,player_rebounds,10.5,williamhill_us,2025-10-27T14:54:59Z,2025-10-27T14:55:48Z,-125.0,-108.0
Dereck Lively II,Oklahoma City Thunder @ Dallas Mavericks,2025-10-28T00:40:00Z,player_rebounds,5.5,williamhill_us,2025-10-27T14:54:59Z,2025-10-27T14:55:48Z,-104.0,-130.0
Chet Holmgren,Oklahoma City Thunder @ Dallas Mavericks,2025-10-28T00:40:00Z,player_threes,1.5,williamhill_us,2025-10-27T14:54:59Z,2025-10-27T14:55:48Z,-160.0,115.0
P.J. Washington,Oklahoma City Thunder @ Dallas Mavericks,2025-10-28T00:40:00Z,player_threes,1.5,williamhill_us,2025-10-27T14:54:59Z,2025-10-27T14:55:48Z,-103.0,-132.0
Shai Gilgeous-Alexander,Oklahoma City Thunder @ Dallas Mavericks,2025-10-28T00:40:00Z,player_threes,1.5,williamhill_us,2025-10-27T14:54:59Z,2025-10-27T14:55:48Z,-159.0,115.0
Anthony Davis,Oklahoma City Thunder @ Dallas Mavericks,2025-10-28T00:40:00Z,player_threes,0.5,williamhill_us,2025-10-27T14:54:59Z,2025-10-27T14:55:48Z,-200.0,140.0
Klay Thompson,Oklahoma City Thunder @ Dallas Mavericks,2025-10-28T00:40:00Z,player_threes,2.5,williamhill_us,2025-10-27T14:54:59Z,2025-10-27T14:55:48Z,121.0,-175.0
Luguentz Dort,Oklahoma City Thunder @ Dallas Mavericks,2025-10-28T00:40:00Z,player_threes,1.5,williamhill_us,2025-10-27T14:54:59Z,2025-10-27T14:55:48Z,-159.0,115.0
Cason Wallace,Oklahoma City Thunder @ Dallas Mavericks,2025-10-28T00:40:00Z,player_threes,1.5,williamhill_us,2025-10-27T14:54:59Z,2025-10-27T14:55:48Z,130.0,-179.0
Cooper Flagg,Oklahoma City Thunder @ Dallas Mavericks,2025-10-28T00:40:00Z,player_threes,1.5,williamhill_us,2025-10-27T14:54:59Z,2025-10-27T14:55:48Z,115.0,-162.0
Shai Gilgeous-Alexander,Oklahoma City Thunder @ Dallas Mavericks,2025-10-28T00:40:00Z,player_triple_double,,williamhill_us,2025-10-27T14:54:59Z,2025-10-27T14:55:48Z,,
Anthony Davis,Oklahoma City Thunder @ Dallas Mavericks,2025-10-28T00:40:00Z,player_assists,3.5,betmgm,2025-10-27T14:55:29Z,2025-10-27T14:55:41Z,100.0,-135.0
Klay Thompson,Oklahoma City Thunder @ Dallas Mavericks,2025-10-28T00:40:00Z,player_assists,1.5,betmgm,2025-10-27T14:55:29Z,2025-10-27T14:55:41Z,-118.0,-110.0
Shai Gilgeous-Alexander,Oklahoma City Thunder @ Dallas Mavericks,2025-10-28T00:40:00Z,player_assists,6.5,betmgm,2025-10-27T14:55:29Z,2025-10-27T14:55:41Z,-115.0,-115.0
Dereck Lively II,Oklahoma City Thunder @ Dallas Mavericks,2025-10-28T00:40:00Z,player_assists,2.5,betmgm,2025-10-27T14:55:29Z,2025-10-27T14:55:41Z,110.0,-145.0
Chet Holmgren,Oklahoma City Thunder @ Dallas Mavericks,2025-10-28T00:40:00Z,player_assists,1.5,betmgm,2025-10-27T14:55:29Z,2025-10-27T14:55:41Z,115.0,-155.0
Cooper Flagg,Oklahoma City Thunder @ Dallas Mavericks,2025-10-28T00:40:00Z,player_assists,2.5,betmgm,2025-10-27T14:55:29Z,2025-10-27T14:55:41Z,-175.0,130.0
P.J. Washington,Oklahoma City Thunder @ Dallas Mavericks,2025-10-28T00:40:00Z,player_assists,2.5,betmgm,2025-10-27T14:55:29Z,2025-10-27T14:55:41Z,110.0,-150.0
Luguentz Dort,Oklahoma City Thunder @ Dallas Mavericks,2025-10-28T00:40:00Z,player_assists,1.5,betmgm,2025-10-27T14:55:29Z,2025-10-27T14:55:41Z,130.0,-175.0
Isaiah Hartenstein,Oklahoma City Thunder @ Dallas Mavericks,2025-10-28T00:40:00Z,player_assists,2.5,betmgm,2025-10-27T14:55:29Z,2025-10-27T14:55:41Z,105.0,-140.0
Cason Wallace,Oklahoma City Thunder @ Dallas Mavericks,2025-10-28T00:40:00Z,player_assists,2.5,betmgm,2025-10-27T14:55:29Z,2025-10-27T14:55:41Z,-165.0,125.0
Anthony Davis,Oklahoma City Thunder @ Dallas Mavericks,2025-10-28T00:40:00Z,player_blocks,1.5,betmgm,2025-10-27T14:55:29Z,2025-10-27T14:55:41Z,-140.0,100.0
Klay Thompson,Oklahoma City Thunder @ Dallas Mavericks,2025-10-28T00:40:00Z,player_blocks,0.5,betmgm,2025-10-27T14:55:29Z,2025-10-27T14:55:41Z,240.0,-350.0
Shai Gilgeous-Alexander,Oklahoma City Thunder @ Dallas Mavericks,2025-10-28T00:40:00Z,player_blocks,0.5,betmgm,2025-10-27T14:55:29Z,2025-10-27T14:55:41Z,-135.0,100.0
Dereck Lively II,Oklahoma City Thunder @ Dallas Mavericks,2025-10-28T00:40:00Z,player_blocks,0.5,betmgm,2025-10-27T14:55:29Z,2025-10-27T14:55:41Z,-210.0,150.0
Chet Holmgren,Oklahoma City Thunder @ Dallas Mavericks,2025-10-28T00:40:00Z,player_blocks,1.5,betmgm,2025-10-27T14:55:29Z,2025-10-27T14:55:41Z,100.0,-140.0
Cooper Flagg,Oklahoma City Thunder @ Dallas Mavericks,2025-10-28T00:40:00Z,player_blocks,0.5,betmgm,2025-10-27T14:55:29Z,2025-10-27T14:55:41Z,-105.0,-135.0
P.J. Washington,Oklahoma City Thunder @ Dallas Mavericks,2025-10-28T00:40:00Z,player_blocks,0.5,betmgm,2025-10-27T14:55:29Z,2025-10-27T14:55:41Z,100.0,-140.0
Luguentz Dort,Oklahoma City Thunder @ Dallas Mavericks,2025-10-28T00:40:00Z,player_blocks,0.5,betmgm,2025-10-27T14:55:29Z,2025-10-27T14:55:41Z,230.0,-350.0
Isaiah Hartenstein,Oklahoma City Thunder @ Dallas Mavericks,2025-10-28T00:40:00Z,player_blocks,0.5,betmgm,2025-10-27T14:55:29Z,2025-10-27T14:55:41Z,100.0,-140.0
Cason Wallace,Oklahoma City Thunder @ Dallas Mavericks,2025-10-28T00:40:00Z,player_blocks,0.5,betmgm,2025-10-27T14:55:29Z,2025-10-27T14:55:41Z,250.0,-400.0
Anthony Davis,Oklahoma City Thunder @ Dallas Mavericks,2025-10-28T00:40:00Z,player_double_double,,betmgm,2025-10-27T14:55:29Z,2025-10-27T14:55:41Z,,
Shai Gilgeous-Alexander,Oklahoma City Thunder @ Dallas Mavericks,2025-10-28T00:40:00Z,player_double_double,,betmgm,2025-10-27T14:55:29Z,2025-10-27T14:55:41Z,,
Dereck Lively II,Oklahoma City Thunder @ Dallas Mavericks,2025-10-28T00:40:00Z,player_double_double,,betmgm,2025-10-27T14:55:29Z,2025-10-27T14:55:41Z,,
Chet Holmgren,Oklahoma City Thunder @ Dallas Mavericks,2025-10-28T00:40:00Z,player_double_double,,betmgm,2025-10-27T14:55:29Z,2025-10-27T14:55:41Z,,
Cooper Flagg,Oklahoma City Thunder @ Dallas Mavericks,2025-10-28T00:40:00Z,player_double_double,,betmgm,2025-10-27T14:55:29Z,2025-10-27T14:55:41Z,,
P.J. Washington,Oklahoma City Thunder @ Dallas Mavericks,2025-10-28T00:40:00Z,player_double_double,,betmgm,2025-10-27T14:55:29Z,2025-10-27T14:55:41Z,,
Luguentz Dort,Oklahoma City Thunder @ Dallas Mavericks,2025-10-28T00:40:00Z,player_double_double,,betmgm,2025-10-27T14:55:29Z,2025-10-27T14:55:41Z,,
Isaiah Hartenstein,Oklahoma City Thunder @ Dallas Mavericks,2025-10-28T00:40:00Z,player_double_double,,betmgm,2025-10-27T14:55:29Z,2025-10-27T14:55:41Z,,
Anthony Davis,Oklahoma City Thunder @ Dallas Mavericks,2025-10-28T00:40:00Z,player_points,23.5,betmgm,2025-10-27T14:55:29Z,2025-10-27T14:55:41Z,-115.0,-118.0
Klay Thompson,Oklahoma City Thunder @ Dallas Mavericks,2025-10-28T00:40:00Z,player_points,9.5,betmgm,2025-10-27T14:55:29Z,2025-10-27T14:55:41Z,-115.0,-115.0
Shai Gilgeous-Alexander,Oklahoma City Thunder @ Dallas Mavericks,2025-10-28T00:40:00Z,player_points,33.5,betmgm,2025-10-27T14:55:29Z,2025-10-27T14:55:41Z,-110.0,-120.0
Dereck Lively II,Oklahoma City Thunder @ Dallas Mavericks,2025-10-28T00:40:00Z,player_points,5.5,betmgm,2025-10-27T14:55:29Z,2025-10-27T14:55:41Z,-115.0,-115.0
Chet Holmgren,Oklahoma City Thunder @ Dallas Mavericks,2025-10-28T00:40:00Z,player_points,18.5,betmgm,2025-10-27T14:55:29Z,2025-10-27T14:55:41Z,-110.0,-120.0
Cooper Flagg,Oklahoma City Thunder @ Dallas Mavericks,2025-10-28T00:40:00Z,player_points,16.5,betmgm,2025-10-27T14:55:29Z,2025-10-27T14:55:41Z,-125.0,-105.0
P.J. Washington,Oklahoma City Thunder @ Dallas Mavericks,2025-10-28T00:40:00Z,player_points,15.5,betmgm,2025-10-27T14:55:29Z,2025-10-27T14:55:41Z,-105.0,-125.0
Luguentz Dort,Oklahoma City Thunder @ Dallas Mavericks,2025-10-28T00:40:00Z,player_points,9.5,betmgm,2025-10-27T14:55:29Z,2025-10-27T14:55:41Z,-110.0,-120.0
Isaiah Hartenstein,Oklahoma City Thunder @ Dallas Mavericks,2025-10-28T00:40:00Z,player_points,8.5,betmgm,2025-10-27T14:55:29Z,2025-10-27T14:55:41Z,-125.0,-105.0
Cason Wallace,Oklahoma City Thunder @ Dallas Mavericks,2025-10-28T00:40:00Z,player_points,9.5,betmgm,2025-10-27T14:55:29Z,2025-10-27T14:55:41Z,100.0,-135.0
Anthony Davis,Oklahoma City Thunder @ Dallas Mavericks,2025-10-28T00:40:00Z,player_points_rebounds_assists,37.5,betmgm,2025-10-27T14:55:29Z,2025-10-27T14:55:41Z,-120.0,-110.0
Klay Thompson,Oklahoma City Thunder @ Dallas Mavericks,2025-10-28T00:40:00Z,player_points_rebounds_assists,13.5,betmgm,2025-10-27T14:55:29Z,2025-10-27T14:55:41Z,-118.0,-110.0
Dereck Lively II,Oklahoma City Thunder @ Dallas Mavericks,2025-10-28T00:40:00Z,player_points_rebounds_assists,13.5,betmgm,2025-10-27T14:55:29Z,2025-10-27T14:55:41Z,-110.0,-118.0
Chet Holmgren,Oklahoma City Thunder @ Dallas Mavericks,2025-10-28T00:40:00Z,player_points_rebounds_assists,28.5,betmgm,2025-10-27T14:55:29Z,2025-10-27T14:55:41Z,-118.0,-110.0
Cooper Flagg,Oklahoma City Thunder @ Dallas Mavericks,2025-10-28T00:40:00Z,player_points_rebounds_assists,25.5,betmgm,2025-10-27T14:55:29Z,2025-10-27T14:55:41Z,-118.0,-110.0
P.J. Washington,Oklahoma City Thunder @ Dallas Mavericks,2025-10-28T00:40:00Z,player_points_rebounds_assists,24.5,betmgm,2025-10-27T14:55:29Z,2025-10-27T14:55:41Z,-105.0,-125.0
Shai Gilgeous-Alexander,Oklahoma City Thunder @ Dallas Mavericks,2025-10-28T00:40:00Z,player_points_rebounds_assists,45.5,betmgm,2025-10-27T14:55:29Z,2025-10-27T14:55:41Z,-110.0,-120.0
Luguentz Dort,Oklahoma City Thunder @ Dallas Mavericks,2025-10-28T00:40:00Z,player_points_rebounds_assists,15.5,betmgm,2025-10-27T14:55:29Z,2025-10-27T14:55:41Z,100.0,-130.0
Isaiah Hartenstein,Oklahoma City Thunder @ Dallas Mavericks,2025-10-28T00:40:00Z,player_points_rebounds_assists,21.5,betmgm,2025-10-27T14:55:29Z,2025-10-27T14:55:41Z,-110.0,-120.0
Cason Wallace,Oklahoma City Thunder @ Dallas Mavericks,2025-10-28T00:40:00Z,player_points_rebounds_assists,15.5,betmgm,2025-10-27T14:55:29Z,2025-10-27T14:55:41Z,-115.0,-115.0
Anthony Davis,Oklahoma City Thunder @ Dallas Mavericks,2025-10-28T00:40:00Z,player_rebounds,10.5,betmgm,2025-10-27T14:55:29Z,2025-10-27T14:55:41Z,-115.0,-115.0
Shai Gilgeous-Alexander,Oklahoma City Thunder @ Dallas Mavericks,2025-10-28T00:40:00Z,player_rebounds,4.5,betmgm,2025-10-27T14:55:29Z,2025-10-27T14:55:41Z,-130.0,100.0
Dereck Lively II,Oklahoma City Thunder @ Dallas Mavericks,2025-10-28T00:40:00Z,player_rebounds,5.5,betmgm,2025-10-27T14:55:29Z,2025-10-27T14:55:41Z,-105.0,-125.0
Chet Holmgren,Oklahoma City Thunder @ Dallas Mavericks,2025-10-28T00:40:00Z,player_rebounds,8.5,betmgm,2025-10-27T14:55:29Z,2025-10-27T14:55:41Z,-120.0,-110.0
Cooper Flagg,Oklahoma City Thunder @ Dallas Mavericks,2025-10-28T00:40:00Z,player_rebounds,5.5,betmgm,2025-10-27T14:55:29Z,2025-10-27T14:55:41Z,-130.0,-105.0
P.J. Washington,Oklahoma City Thunder @ Dallas Mavericks,2025-10-28T00:40:00Z,player_rebounds,6.5,betmgm,2025-10-27T14:55:29Z,2025-10-27T14:55:41Z,100.0,-135.0
Klay Thompson,Oklahoma City Thunder @ Dallas Mavericks,2025-10-28T00:40:00Z,player_rebounds,1.5,betmgm,2025-10-27T14:55:29Z,2025-10-27T14:55:41Z,-190.0,140.0
Luguentz Dort,Oklahoma City Thunder @ Dallas Mavericks,2025-10-28T00:40:00Z,player_rebounds,4.5,betmgm,2025-10-27T14:55:29Z,2025-10-27T14:55:41Z,115.0,-150.0
Isaiah Hartenstein,Oklahoma City Thunder @ Dallas Mavericks,2025-10-28T00:40:00Z,player_rebounds,9.5,betmgm,2025-10-27T14:55:29Z,2025-10-27T14:55:41Z,-118.0,-110.0
Cason Wallace,Oklahoma City Thunder @ Dallas Mavericks,2025-10-28T00:40:00Z,player_rebounds,3.5,betmgm,2025-10-27T14:55:29Z,2025-10-27T14:55:41Z,125.0,-165.0
Anthony Davis,Oklahoma City Thunder @ Dallas Mavericks,2025-10-28T00:40:00Z,player_threes,0.5,betmgm,2025-10-27T14:55:29Z,2025-10-27T14:55:41Z,-200.0,150.0
Klay Thompson,Oklahoma City Thunder @ Dallas Mavericks,2025-10-28T00:40:00Z,player_threes,2.5,betmgm,2025-10-27T14:55:29Z,2025-10-27T14:55:41Z,115.0,-155.0
Shai Gilgeous-Alexander,Oklahoma City Thunder @ Dallas Mavericks,2025-10-28T00:40:00Z,player_threes,1.5,betmgm,2025-10-27T14:55:29Z,2025-10-27T14:55:41Z,-190.0,140.0
Cooper Flagg,Oklahoma City Thunder @ Dallas Mavericks,2025-10-28T00:40:00Z,player_threes,1.5,betmgm,2025-10-27T14:55:29Z,2025-10-27T14:55:41Z,110.0,-145.0
P.J. Washington,Oklahoma City Thunder @ Dallas Mavericks,2025-10-28T00:40:00Z,player_threes,1.5,betmgm,2025-10-27T14:55:29Z,2025-10-27T14:55:41Z,105.0,-145.0
Chet Holmgren,Oklahoma City Thunder @ Dallas Mavericks,2025-10-28T00:40:00Z,player_threes,2.5,betmgm,2025-10-27T14:55:29Z,2025-10-27T14:55:41Z,160.0,-220.0
Luguentz Dort,Oklahoma City Thunder @ Dallas Mavericks,2025-10-28T00:40:00Z,player_threes,1.5,betmgm,2025-10-27T14:55:29Z,2025-10-27T14:55:41Z,-160.0,120.0
Cason Wallace,Oklahoma City Thunder @ Dallas Mavericks,2025-10-28T00:40:00Z,player_threes,1.5,betmgm,2025-10-27T14:55:29Z,2025-10-27T14:55:41Z,130.0,-175.0
Anthony Davis,Oklahoma City Thunder @ Dallas Mavericks,2025-10-28T00:40:00Z,player_triple_double,,betmgm,2025-10-27T14:55:29Z,2025-10-27T14:55:41Z,,
Shai Gilgeous-Alexander,Oklahoma City Thunder @ Dallas Mavericks,2025-10-28T00:40:00Z,player_triple_double,,betmgm,2025-10-27T14:55:29Z,2025-10-27T14:55:41Z,,
Shai Gilgeous-Alexander,Oklahoma City Thunder @ Dallas Mavericks,2025-10-28T00:40:00Z,player_assists,6.5,draftkings,2025-10-27T14:54:53Z,2025-10-27T14:55:32Z,101.0,-131.0
Cooper Flagg,Oklahoma City Thunder @ Dallas Mavericks,2025-10-28T00:40:00Z,player_assists,3.5,draftkings,2025-10-27T14:54:53Z,2025-10-27T14:55:32Z,100.0,-130.0
Anthony Davis,Oklahoma City Thunder @ Dallas Mavericks,2025-10-28T00:40:00Z,player_assists,3.5,draftkings,2025-10-27T14:54:53Z,2025-10-27T14:55:32Z,117.0,-152.0
P.J. Washington,Oklahoma City Thunder @ Dallas Mavericks,2025-10-28T00:40:00Z,player_assists,2.5,draftkings,2025-10-27T14:54:53Z,2025-10-27T14:55:32Z,124.0,-162.0
Anthony Davis,Oklahoma City Thunder @ Dallas Mavericks,2025-10-28T00:40:00Z,player_blocks,1.5,draftkings,2025-10-27T14:54:53Z,2025-10-27T14:55:32Z,-154.0,116.0
Chet Holmgren,Oklahoma City Thunder @ Dallas Mavericks,2025-10-28T00:40:00Z,player_blocks,1.5,draftkings,2025-10-27T14:54:53Z,2025-10-27T14:55:32Z,-112.0,-118.0
Shai Gilgeous-Alexander,Oklahoma City Thunder @ Dallas Mavericks,2025-10-28T00:40:00Z,player_blocks,0.5,draftkings,2025-10-27T14:54:53Z,2025-10-27T14:55:32Z,-155.0,117.0
P.J. Washington,Oklahoma City Thunder @ Dallas Mavericks,2025-10-28T00:40:00Z,player_blocks,0.5,draftkings,2025-10-27T14:54:53Z,2025-10-27T14:55:32Z,-113.0,-117.0
Cooper Flagg,Oklahoma City Thunder @ Dallas Mavericks,2025-10-28T00:40:00Z,player_blocks,0.5,draftkings,2025-10-27T14:54:53Z,2025-10-27T14:55:32Z,-106.0,-125.0
Isaiah Hartenstein,Oklahoma City Thunder @ Dallas Mavericks,2025-10-28T00:40:00Z,player_blocks,0.5,draftkings,2025-10-27T14:54:53Z,2025-10-27T14:55:32Z,-103.0,-129.0
Shai Gilgeous-Alexander,Oklahoma City Thunder @ Dallas Mavericks,2025-10-28T00:40:00Z,player_points,32.5,draftkings,2025-10-27T14:54:53Z,2025-10-27T14:55:32Z,-108.0,-118.0
Anthony Davis,Oklahoma City Thunder @ Dallas Mavericks,2025-10-28T00:40:00Z,player_points,23.5,draftkings,2025-10-27T14:54:53Z,2025-10-27T14:55:32Z,-123.0,-103.0
Chet Holmgren,Oklahoma City Thunder @ Dallas Mavericks,2025-10-28T00:40:00Z,player_points,18.5,draftkings,2025-10-27T14:54:53Z,2025-10-27T14:55:32Z,-111.0,-114.0
Cooper Flagg,Oklahoma City Thunder @ Dallas Mavericks,2025-10-28T00:40:00Z,player_points,17.5,draftkings,2025-10-27T14:54:53Z,2025-10-27T14:55:32Z,-101.0,-126.0
P.J. Washington,Oklahoma City Thunder @ Dallas Mavericks,2025-10-28T00:40:00Z,player_points,15.5,draftkings,2025-10-27T14:54:53Z,2025-10-27T14:55:32Z,-105.0,-121.0
Ajay Mitchell,Oklahoma City Thunder @ Dallas Mavericks,2025-10-28T00:40:00Z,player_points,14.5,draftkings,2025-10-27T14:54:53Z,2025-10-27T14:55:32Z,-123.0,-104.0
Klay Thompson,Oklahoma City Thunder @ Dallas Mavericks,2025-10-28T00:40:00Z,player_points,9.5,draftkings,2025-10-27T14:54:53Z,2025-10-27T14:55:32Z,-106.0,-120.0
Isaiah Hartenstein,Oklahoma City Thunder @ Dallas Mavericks,2025-10-28T00:40:00Z,player_points,8.5,draftkings,2025-10-27T14:54:53Z,2025-10-27T14:55:32Z,-114.0,-112.0
Dereck Lively II,Oklahoma City Thunder @ Dallas Mavericks,2025-10-28T00:40:00Z,player_points,5.5,draftkings,2025-10-27T14:54:53Z,2025-10-27T14:55:32Z,-129.0,101.0
Shai Gilgeous-Alexander,Oklahoma City Thunder @ Dallas Mavericks,2025-10-28T00:40:00Z,player_points_rebounds_assists,43.5,draftkings,2025-10-27T14:54:53Z,2025-10-27T14:55:32Z,-118.0,-109.0
Anthony Davis,Oklahoma City Thunder @ Dallas Mavericks,2025-10-28T00:40:00Z,player_points_rebounds_assists,38.5,draftkings,2025-10-27T14:54:53Z,2025-10-27T14:55:32Z,-111.0,-117.0
Cooper Flagg,Oklahoma City Thunder @ Dallas Mavericks,2025-10-28T00:40:00Z,player_points_rebounds_assists,26.5,draftkings,2025-10-27T14:54:53Z,2025-10-27T14:55:32Z,-124.0,-104.0
P.J. Washington,Oklahoma City Thunder @ Dallas Mavericks,2025-10-28T00:40:00Z,player_points_rebounds_assists,24.5,draftkings,2025-10-27T14:54:53Z,2025-10-27T14:55:32Z,-108.0,-120.0
Anthony Davis,Oklahoma City Thunder @ Dallas Mavericks,2025-10-28T00:40:00Z,player_rebounds,10.5,draftkings,2025-10-27T14:54:53Z,2025-10-27T14:55:32Z,-126.0,-103.0
Isaiah Hartenstein,Oklahoma City Thunder @ Dallas Mavericks,2025-10-28T00:40:00Z,player_rebounds,9.5,draftkings,2025-10-27T14:54:53Z,2025-10-27T14:55:32Z,-115.0,-113.0
Chet Holmgren,Oklahoma City Thunder @ Dallas Mavericks,2025-10-28T00:40:00Z,player_rebounds,8.5,draftkings,2025-10-27T14:54:53Z,2025-10-27T14:55:32Z,-112.0,-116.0
P.J. Washington,Oklahoma City Thunder @ Dallas Mavericks,2025-10-28T00:40:00Z,player_rebounds,6.5,draftkings,2025-10-27T14:54:53Z,2025-10-27T14:55:32Z,-109.0,-119.0
Cooper Flagg,Oklahoma City Thunder @ Dallas Mavericks,2025-10-28T00:40:00Z,player_rebounds,6.5,draftkings,2025-10-27T14:54:53Z,2025-10-27T14:55:32Z,106.0,-137.0
Dereck Lively II,Oklahoma City Thunder @ Dallas Mavericks,2025-10-28T00:40:00Z,player_rebounds,5.5,draftkings,2025-10-27T14:54:53Z,2025-10-27T14:55:32Z,-110.0,-118.0
Shai Gilgeous-Alexander,Oklahoma City Thunder @ Dallas Mavericks,2025-10-28T00:40:00Z,player_rebounds,4.5,draftkings,2025-10-27T14:54:53Z,2025-10-27T14:55:32Z,-144.0,111.0
Shai Gilgeous-Alexander,Oklahoma City Thunder @ Dallas Mavericks,2025-10-28T00:40:00Z,player_steals,1.5,draftkings,2025-10-27T14:54:53Z,2025-10-27T14:55:32Z,113.0,-150.0
Anthony Davis,Oklahoma City Thunder @ Dallas Mavericks,2025-10-28T00:40:00Z,player_steals,1.5,draftkings,2025-10-27T14:54:53Z,2025-10-27T14:55:32Z,146.0,-196.0
P.J. Washington,Oklahoma City Thunder @ Dallas Mavericks,2025-10-28T00:40:00Z,player_steals,0.5,draftkings,2025-10-27T14:54:53Z,2025-10-27T14:55:32Z,-237.0,175.0
Chet Holmgren,Oklahoma City Thunder @ Dallas Mavericks,2025-10-28T00:40:00Z,player_steals,0.5,draftkings,2025-10-27T14:54:53Z,2025-10-27T14:55:32Z,-229.0,170.0
Isaiah Hartenstein,Oklahoma City Thunder @ Dallas Mavericks,2025-10-28T00:40:00Z,player_steals,0.5,draftkings,2025-10-27T14:54:53Z,2025-10-27T14:55:32Z,-185.0,138.0
Cooper Flagg,Oklahoma City Thunder @ Dallas Mavericks,2025-10-28T00:40:00Z,player_steals,0.5,draftkings,2025-10-27T14:54:53Z,2025-10-27T14:55:32Z,-159.0,120.0
Klay Thompson,Oklahoma City Thunder @ Dallas Mavericks,2025-10-28T00:40:00Z,player_threes,2.5,draftkings,2025-10-27T14:54:53Z,2025-10-27T14:55:32Z,128.0,-167.0
Chet Holmgren,Oklahoma City Thunder @ Dallas Mavericks,2025-10-28T00:40:00Z,player_threes,1.5,draftkings,2025-10-27T14:54:53Z,2025-10-27T14:55:32Z,-167.0,128.0
Shai Gilgeous-Alexander,Oklahoma City Thunder @ Dallas Mavericks,2025-10-28T00:40:00Z,player_threes,1.5,draftkings,2025-10-27T14:54:53Z,2025-10-27T14:55:32Z,-144.0,111.0
P.J. Washington,Oklahoma City Thunder @ Dallas Mavericks,2025-10-28T00:40:00Z,player_threes,1.5,draftkings,2025-10-27T14:54:53Z,2025-10-27T14:55:32Z,-105.0,-123.0
Cooper Flagg,Oklahoma City Thunder @ Dallas Mavericks,2025-10-28T00:40:00Z,player_threes,1.5,draftkings,2025-10-27T14:54:53Z,2025-10-27T14:55:32Z,124.0,-161.0
Ajay Mitchell,Oklahoma City Thunder @ Dallas Mavericks,2025-10-28T00:40:00Z,player_threes,1.5,draftkings,2025-10-27T14:54:53Z,2025-10-27T14:55:32Z,158.0,-207.0
Anthony Davis,Oklahoma City Thunder @ Dallas Mavericks,2025-10-28T00:40:00Z,player_threes,0.5,draftkings,2025-10-27T14:54:53Z,2025-10-27T14:55:32Z,-201.0,153.0
Cooper Flagg,Oklahoma City Thunder @ Dallas Mavericks,2025-10-28T00:40:00Z,player_assists,3.5,betrivers,2025-10-27T14:54:42Z,2025-10-27T14:55:09Z,105.0,-139.0
Shai Gilgeous-Alexander,Oklahoma City Thunder @ Dallas Mavericks,2025-10-28T00:40:00Z,player_assists,6.5,betrivers,2025-10-27T14:54:42Z,2025-10-27T14:55:09Z,-107.0,-124.0
Anthony Davis,Oklahoma City Thunder @ Dallas Mavericks,2025-10-28T00:40:00Z,player_assists,3.5,betrivers,2025-10-27T14:54:42Z,2025-10-27T14:55:09Z,100.0,-134.0
Shai Gilgeous-Alexander,Oklahoma City Thunder @ Dallas Mavericks,2025-10-28T00:40:00Z,player_points,32.5,betrivers,2025-10-27T14:54:42Z,2025-10-27T14:55:09Z,-112.0,-120.0
Cooper Flagg,Oklahoma City Thunder @ Dallas Mavericks,2025-10-28T00:40:00Z,player_points,16.5,betrivers,2025-10-27T14:54:42Z,2025-10-27T14:55:09Z,-122.0,-108.0
Anthony Davis,Oklahoma City Thunder @ Dallas Mavericks,2025-10-28T00:40:00Z,player_points,24.5,betrivers,2025-10-27T14:54:42Z,2025-10-27T14:55:09Z,-107.0,-124.0
Cooper Flagg,Oklahoma City Thunder @ Dallas Mavericks,2025-10-28T00:40:00Z,player_points_rebounds_assists,26.5,betrivers,2025-10-27T14:54:42Z,2025-10-27T14:55:09Z,-124.0,-108.0
Anthony Davis,Oklahoma City Thunder @ Dallas Mavericks,2025-10-28T00:40:00Z,player_points_rebounds_assists,39.5,betrivers,2025-10-27T14:54:42Z,2025-10-27T14:55:09Z,-108.0,-124.0
Shai Gilgeous-Alexander,Oklahoma City Thunder @ Dallas Mavericks,2025-10-28T00:40:00Z,player_points_rebounds_assists,44.5,betrivers,2025-10-27T14:54:42Z,2025-10-27T14:55:09Z,-118.0,-113.0
Anthony Davis,Oklahoma City Thunder @ Dallas Mavericks,2025-10-28T00:40:00Z,player_rebounds,10.5,betrivers,2025-10-27T14:54:42Z,2025-10-27T14:55:09Z,-122.0,-108.0
Shai Gilgeous-Alexander,Oklahoma City Thunder @ Dallas Mavericks,2025-10-28T00:40:00Z,player_rebounds,4.5,betrivers,2025-10-27T14:54:42Z,2025-10-27T14:55:09Z,-155.0,116.0
Cooper Flagg,Oklahoma City Thunder @ Dallas Mavericks,2025-10-28T00:40:00Z,player_rebounds,6.5,betrivers,2025-10-27T14:54:42Z,2025-10-27T14:55:09Z,110.0,-148.0
Shai Gilgeous-Alexander,Oklahoma City Thunder @ Dallas Mavericks,2025-10-28T00:40:00Z,player_threes,1.5,betrivers,2025-10-27T14:54:42Z,2025-10-27T14:55:09Z,-155.0,116.0
Cooper Flagg,Oklahoma City Thunder @ Dallas Mavericks,2025-10-28T00:40:00Z,player_threes,1.5,betrivers,2025-10-27T14:54:42Z,2025-10-27T14:55:09Z,128.0,-175.0
Anthony Davis,Oklahoma City Thunder @ Dallas Mavericks,2025-10-28T00:40:00Z,player_assists,2.5,bovada,2025-10-27T14:54:45Z,2025-10-27T14:55:48Z,-220.0,165.0
Anthony Davis,Oklahoma City Thunder @ Dallas Mavericks,2025-10-28T00:40:00Z,player_assists,3.5,bovada,2025-10-27T14:54:45Z,2025-10-27T14:55:48Z,110.0,-145.0
Shai Gilgeous-Alexander,Oklahoma City Thunder @ Dallas Mavericks,2025-10-28T00:40:00Z,player_assists,5.5,bovada,2025-10-27T14:54:45Z,2025-10-27T14:55:48Z,-185.0,140.0
Shai Gilgeous-Alexander,Oklahoma City Thunder @ Dallas Mavericks,2025-10-28T00:40:00Z,player_assists,6.5,bovada,2025-10-27T14:54:45Z,2025-10-27T14:55:48Z,105.0,-135.0
Shai Gilgeous-Alexander,Oklahoma City Thunder @ Dallas Mavericks,2025-10-28T00:40:00Z,player_assists,7.5,bovada,2025-10-27T14:54:45Z,2025-10-27T14:55:48Z,185.0,-250.0
Anthony Davis,Oklahoma City Thunder @ Dallas Mavericks,2025-10-28T00:40:00Z,player_double_double,,bovada,2025-10-27T14:54:45Z,2025-10-27T14:55:48Z,,
Shai Gilgeous-Alexander,Oklahoma City Thunder @ Dallas Mavericks,2025-10-28T00:40:00Z,player_double_double,,bovada,2025-10-27T14:54:45Z,2025-10-27T14:55:48Z,,
Cooper Flagg,Oklahoma City Thunder @ Dallas Mavericks,2025-10-28T00:40:00Z,player_double_double,,bovada,2025-10-27T14:54:45Z,2025-10-27T14:55:48Z,,
Anthony Davis,Oklahoma City Thunder @ Dallas Mavericks,2025-10-28T00:40:00Z,player_points,20.5,bovada,2025-10-27T14:54:45Z,2025-10-27T14:55:48Z,-275.0,200.0
Anthony Davis,Oklahoma City Thunder @ Dallas Mavericks,2025-10-28T00:40:00Z,player_points,21.5,bovada,2025-10-27T14:54:45Z,2025-10-27T14:55:48Z,-210.0,155.0
Anthony Davis,Oklahoma City Thunder @ Dallas Mavericks,2025-10-28T00:40:00Z,player_points,22.5,bovada,2025-10-27T14:54:45Z,2025-10-27T14:55:48Z,-170.0,130.0
Anthony Davis,Oklahoma City Thunder @ Dallas Mavericks,2025-10-28T00:40:00Z,player_points,23.5,bovada,2025-10-27T14:54:45Z,2025-10-27T14:55:48Z,-135.0,105.0
Anthony Davis,Oklahoma City Thunder @ Dallas Mavericks,2025-10-28T00:40:00Z,player_points,24.5,bovada,2025-10-27T14:54:45Z,2025-10-27T14:55:48Z,-110.0,-120.0
Anthony Davis,Oklahoma City Thunder @ Dallas Mavericks,2025-10-28T00:40:00Z,player_points,25.5,bovada,2025-10-27T14:54:45Z,2025-10-27T14:55:48Z,110.0,-145.0
Anthony Davis,Oklahoma City Thunder @ Dallas Mavericks,2025-10-28T00:40:00Z,player_points,26.5,bovada,2025-10-27T14:54:45Z,2025-10-27T14:55:48Z,135.0,-180.0
Anthony Davis,Oklahoma City Thunder @ Dallas Mavericks,2025-10-28T00:40:00Z,player_points,27.5,bovada,2025-10-27T14:54:45Z,2025-10-27T14:55:48Z,160.0,-215.0
Anthony Davis,Oklahoma City Thunder @ Dallas Mavericks,2025-10-28T00:40:00Z,player_points,28.5,bovada,2025-10-27T14:54:45Z,2025-10-27T14:55:48Z,190.0,-260.0
Chet Holmgren,Oklahoma City Thunder @ Dallas Mavericks,2025-10-28T00:40:00Z,player_points,14.5,bovada,2025-10-27T14:54:45Z,2025-10-27T14:55:48Z,-260.0,190.0
Chet Holmgren,Oklahoma City Thunder @ Dallas Mavericks,2025-10-28T00:40:00Z,player_points,15.5,bovada,2025-10-27T14:54:45Z,2025-10-27T14:55:48Z,-200.0,150.0
Chet Holmgren,Oklahoma City Thunder @ Dallas Mavericks,2025-10-28T00:40:00Z,player_points,16.5,bovada,2025-10-27T14:54:45Z,2025-10-27T14:55:48Z,-160.0,120.0
Chet Holmgren,Oklahoma City Thunder @ Dallas Mavericks,2025-10-28T00:40:00Z,player_points,17.5,bovada,2025-10-27T14:54:45Z,2025-10-27T14:55:48Z,-120.0,-110.0
Chet Holmgren,Oklahoma City Thunder @ Dallas Mavericks,2025-10-28T00:40:00Z,player_points,18.5,bovada,2025-10-27T14:54:45Z,2025-10-27T14:55:48Z,105.0,-135.0
Chet Holmgren,Oklahoma City Thunder @ Dallas Mavericks,2025-10-28T00:40:00Z,player_points,19.5,bovada,2025-10-27T14:54:45Z,2025-10-27T14:55:48Z,130.0,-170.0
Chet Holmgren,Oklahoma City Thunder @ Dallas Mavericks,2025-10-28T00:40:00Z,player_points,20.5,bovada,2025-10-27T14:54:45Z,2025-10-27T14:55:48Z,160.0,-215.0
Chet Holmgren,Oklahoma City Thunder @ Dallas Mavericks,2025-10-28T00:40:00Z,player_points,21.5,bovada,2025-10-27T14:54:45Z,2025-10-27T14:55:48Z,200.0,-275.0
Cooper Flagg,Oklahoma City Thunder @ Dallas Mavericks,2025-10-28T00:40:00Z,player_points,14.5,bovada,2025-10-27T14:54:45Z,2025-10-27T14:55:48Z,-230.0,170.0
Cooper Flagg,Oklahoma City Thunder @ Dallas Mavericks,2025-10-28T00:40:00Z,player_points,15.5,bovada,2025-10-27T14:54:45Z,2025-10-27T14:55:48Z,-180.0,135.0
Cooper Flagg,Oklahoma City Thunder @ Dallas Mavericks,2025-10-28T00:40:00Z,player_points,16.5,bovada,2025-10-27T14:54:45Z,2025-10-27T14:55:48Z,-135.0,105.0
Cooper Flagg,Oklahoma City Thunder @ Dallas Mavericks,2025-10-28T00:40:00Z,player_points,17.5,bovada,2025-10-27T14:54:45Z,2025-10-27T14:55:48Z,-110.0,-120.0
Cooper Flagg,Oklahoma City Thunder @ Dallas Mavericks,2025-10-28T00:40:00Z,player_points,18.5,bovada,2025-10-27T14:54:45Z,2025-10-27T14:55:48Z,115.0,-150.0
Cooper Flagg,Oklahoma City Thunder @ Dallas Mavericks,2025-10-28T00:40:00Z,player_points,19.5,bovada,2025-10-27T14:54:45Z,2025-10-27T14:55:48Z,145.0,-190.0
Cooper Flagg,Oklahoma City Thunder @ Dallas Mavericks,2025-10-28T00:40:00Z,player_points,20.5,bovada,2025-10-27T14:54:45Z,2025-10-27T14:55:48Z,180.0,-245.0
Dereck Lively II,Oklahoma City Thunder @ Dallas Mavericks,2025-10-28T00:40:00Z,player_points,4.5,bovada,2025-10-27T14:54:45Z,2025-10-27T14:55:48Z,-215.0,160.0
Dereck Lively II,Oklahoma City Thunder @ Dallas Mavericks,2025-10-28T00:40:00Z,player_points,5.5,bovada,2025-10-27T14:54:45Z,2025-10-27T14:55:48Z,-135.0,105.0
Dereck Lively II,Oklahoma City Thunder @ Dallas Mavericks,2025-10-28T00:40:00Z,player_points,6.5,bovada,2025-10-27T14:54:45Z,2025-10-27T14:55:48Z,105.0,-135.0
Dereck Lively II,Oklahoma City Thunder @ Dallas Mavericks,2025-10-28T00:40:00Z,player_points,7.5,bovada,2025-10-27T14:54:45Z,2025-10-27T14:55:48Z,150.0,-200.0
Dereck Lively II,Oklahoma City Thunder @ Dallas Mavericks,2025-10-28T00:40:00Z,player_points,8.5,bovada,2025-10-27T14:54:45Z,2025-10-27T14:55:48Z,210.0,-290.0
Klay Thompson,Oklahoma City Thunder @ Dallas Mavericks,2025-10-28T00:40:00Z,player_points,7.5,bovada,2025-10-27T14:54:45Z,2025-10-27T14:55:48Z,-260.0,190.0
Klay Thompson,Oklahoma City Thunder @ Dallas Mavericks,2025-10-28T00:40:00Z,player_points,8.5,bovada,2025-10-27T14:54:45Z,2025-10-27T14:55:48Z,-180.0,135.0
Klay Thompson,Oklahoma City Thunder @ Dallas Mavericks,2025-10-28T00:40:00Z,player_points,9.5,bovada,2025-10-27T14:54:45Z,2025-10-27T14:55:48Z,-130.0,100.0
Klay Thompson,Oklahoma City Thunder @ Dallas Mavericks,2025-10-28T00:40:00Z,player_points,10.5,bovada,2025-10-27T14:54:45Z,2025-10-27T14:55:48Z,105.0,-135.0
Klay Thompson,Oklahoma City Thunder @ Dallas Mavericks,2025-10-28T00:40:00Z,player_points,11.5,bovada,2025-10-27T14:54:45Z,2025-10-27T14:55:48Z,140.0,-185.0
Klay Thompson,Oklahoma City Thunder @ Dallas Mavericks,2025-10-28T00:40:00Z,player_points,12.5,bovada,2025-10-27T14:54:45Z,2025-10-27T14:55:48Z,180.0,-245.0
P.J. Washington,Oklahoma City Thunder @ Dallas Mavericks,2025-10-28T00:40:00Z,player_points,11.5,bovada,2025-10-27T14:54:45Z,2025-10-27T14:55:48Z,-300.0,215.0
P.J. Washington,Oklahoma City Thunder @ Dallas Mavericks,2025-10-28T00:40:00Z,player_points,12.5,bovada,2025-10-27T14:54:45Z,2025-10-27T14:55:48Z,-215.0,160.0
P.J. Washington,Oklahoma City Thunder @ Dallas Mavericks,2025-10-28T00:40:00Z,player_points,13.5,bovada,2025-10-27T14:54:45Z,2025-10-27T14:55:48Z,-160.0,120.0
P.J. Washington,Oklahoma City Thunder @ Dallas Mavericks,2025-10-28T00:40:00Z,player_points,14.5,bovada,2025-10-27T14:54:45Z,2025-10-27T14:55:48Z,-125.0,-105.0
P.J. Washington,Oklahoma City Thunder @ Dallas Mavericks,2025-10-28T00:40:00Z,player_points,15.5,bovada,2025-10-27T14:54:45Z,2025-10-27T14:55:48Z,105.0,-135.0
P.J. Washington,Oklahoma City Thunder @ Dallas Mavericks,2025-10-28T00:40:00Z,player_points,16.5,bovada,2025-10-27T14:54:45Z,2025-10-27T14:55:48Z,135.0,-180.0
P.J. Washington,Oklahoma City Thunder @ Dallas Mavericks,2025-10-28T00:40:00Z,player_points,17.5,bovada,2025-10-27T14:54:45Z,2025-10-27T14:55:48Z,170.0,-230.0
P.J. Washington,Oklahoma City Thunder @ Dallas Mavericks,2025-10-28T00:40:00Z,player_points,18.5,bovada,2025-10-27T14:54:45Z,2025-10-27T14:55:48Z,210.0,-290.0
Anthony Davis,Oklahoma City Thunder @ Dallas Mavericks,2025-10-28T00:40:00Z,player_points_rebounds_assists,33.5,bovada,2025-10-27T14:54:45Z,2025-10-27T14:55:48Z,-275.0,200.0
Anthony Davis,Oklahoma City Thunder @ Dallas Mavericks,2025-10-28T00:40:00Z,player_points_rebounds_assists,34.5,bovada,2025-10-27T14:54:45Z,2025-10-27T14:55:48Z,-230.0,170.0
Anthony Davis,Oklahoma City Thunder @ Dallas Mavericks,2025-10-28T00:40:00Z,player_points_rebounds_assists,35.5,bovada,2025-10-27T14:54:45Z,2025-10-27T14:55:48Z,-190.0,145.0
Anthony Davis,Oklahoma City Thunder @ Dallas Mavericks,2025-10-28T00:40:00Z,player_points_rebounds_assists,36.5,bovada,2025-10-27T14:54:45Z,2025-10-27T14:55:48Z,-160.0,120.0
Anthony Davis,Oklahoma City Thunder @ Dallas Mavericks,2025-10-28T00:40:00Z,player_points_rebounds_assists,37.5,bovada,2025-10-27T14:54:45Z,2025-10-27T14:55:48Z,-135.0,105.0
Anthony Davis,Oklahoma City Thunder @ Dallas Mavericks,2025-10-28T00:40:00Z,player_points_rebounds_assists,38.5,bovada,2025-10-27T14:54:45Z,2025-10-27T14:55:48Z,-115.0,-115.0
Anthony Davis,Oklahoma City Thunder @ Dallas Mavericks,2025-10-28T00:40:00Z,player_points_rebounds_assists,39.5,bovada,2025-10-27T14:54:45Z,2025-10-27T14:55:48Z,100.0,-130.0
Anthony Davis,Oklahoma City Thunder @ Dallas Mavericks,2025-10-28T00:40:00Z,player_points_rebounds_assists,40.5,bovada,2025-10-27T14:54:45Z,2025-10-27T14:55:48Z,115.0,-150.0
Anthony Davis,Oklahoma City Thunder @ Dallas Mavericks,2025-10-28T00:40:00Z,player_points_rebounds_assists,41.5,bovada,2025-10-27T14:54:45Z,2025-10-27T14:55:48Z,135.0,-180.0
Anthony Davis,Oklahoma City Thunder @ Dallas Mavericks,2025-10-28T00:40:00Z,player_points_rebounds_assists,42.5,bovada,2025-10-27T14:54:45Z,2025-10-27T14:55:48Z,160.0,-215.0
Anthony Davis,Oklahoma City Thunder @ Dallas Mavericks,2025-10-28T00:40:00Z,player_points_rebounds_assists,43.5,bovada,2025-10-27T14:54:45Z,2025-10-27T14:55:48Z,185.0,-250.0
Anthony Davis,Oklahoma City Thunder @ Dallas Mavericks,2025-10-28T00:40:00Z,player_points_rebounds_assists,44.5,bovada,2025-10-27T14:54:45Z,2025-10-27T14:55:48Z,210.0,-290.0
Cooper Flagg,Oklahoma City Thunder @ Dallas Mavericks,2025-10-28T00:40:00Z,player_points_rebounds_assists,23.5,bovada,2025-10-27T14:54:45Z,2025-10-27T14:55:48Z,-250.0,185.0
Cooper Flagg,Oklahoma City Thunder @ Dallas Mavericks,2025-10-28T00:40:00Z,player_points_rebounds_assists,24.5,bovada,2025-10-27T14:54:45Z,2025-10-27T14:55:48Z,-200.0,150.0
Cooper Flagg,Oklahoma City Thunder @ Dallas Mavericks,2025-10-28T00:40:00Z,player_points_rebounds_assists,25.5,bovada,2025-10-27T14:54:45Z,2025-10-27T14:55:48Z,-165.0,125.0
Cooper Flagg,Oklahoma City Thunder @ Dallas Mavericks,2025-10-28T00:40:00Z,player_points_rebounds_assists,26.5,bovada,2025-10-27T14:54:45Z,2025-10-27T14:55:48Z,-135.0,105.0
Cooper Flagg,Oklahoma City Thunder @ Dallas Mavericks,2025-10-28T00:40:00Z,player_points_rebounds_assists,27.5,bovada,2025-10-27T14:54:45Z,2025-10-27T14:55:48Z,-115.0,-115.0
Cooper Flagg,Oklahoma City Thunder @ Dallas Mavericks,2025-10-28T00:40:00Z,player_points_rebounds_assists,28.5,bovada,2025-10-27T14:54:45Z,2025-10-27T14:55:48Z,105.0,-135.0
Cooper Flagg,Oklahoma City Thunder @ Dallas Mavericks,2025-10-28T00:40:00Z,player_points_rebounds_assists,29.5,bovada,2025-10-27T14:54:45Z,2025-10-27T14:55:48Z,125.0,-165.0
Cooper Flagg,Oklahoma City Thunder @ Dallas Mavericks,2025-10-28T00:40:00Z,player_points_rebounds_assists,30.5,bovada,2025-10-27T14:54:45Z,2025-10-27T14:55:48Z,150.0,-200.0
Cooper Flagg,Oklahoma City Thunder @ Dallas Mavericks,2025-10-28T00:40:00Z,player_points_rebounds_assists,31.5,bovada,2025-10-27T14:54:45Z,2025-10-27T14:55:48Z,180.0,-245.0
Cooper Flagg,Oklahoma City Thunder @ Dallas Mavericks,2025-10-28T00:40:00Z,player_points_rebounds_assists,32.5,bovada,2025-10-27T14:54:45Z,2025-10-27T14:55:48Z,210.0,-290.0
Shai Gilgeous-Alexander,Oklahoma City Thunder @ Dallas Mavericks,2025-10-28T00:40:00Z,player_points_rebounds_assists,37.5,bovada,2025-10-27T14:54:45Z,2025-10-27T14:55:48Z,-300.0,215.0
Shai Gilgeous-Alexander,Oklahoma City Thunder @ Dallas Mavericks,2025-10-28T00:40:00Z,player_points_rebounds_assists,38.5,bovada,2025-10-27T14:54:45Z,2025-10-27T14:55:48Z,-245.0,180.0
Shai Gilgeous-Alexander,Oklahoma City Thunder @ Dallas Mavericks,2025-10-28T00:40:00Z,player_points_rebounds_assists,39.5,bovada,2025-10-27T14:54:45Z,2025-10-27T14:55:48Z,-210.0,155.0
Shai Gilgeous-Alexander,Oklahoma City Thunder @ Dallas Mavericks,2025-10-28T00:40:00Z,player_points_rebounds_assists,40.5,bovada,2025-10-27T14:54:45Z,2025-10-27T14:55:48Z,-180.0,135.0
Shai Gilgeous-Alexander,Oklahoma City Thunder @ Dallas Mavericks,2025-10-28T00:40:00Z,player_points_rebounds_assists,41.5,bovada,2025-10-27T14:54:45Z,2025-10-27T14:55:48Z,-150.0,115.0
Shai Gilgeous-Alexander,Oklahoma City Thunder @ Dallas Mavericks,2025-10-28T00:40:00Z,player_points_rebounds_assists,42.5,bovada,2025-10-27T14:54:45Z,2025-10-27T14:55:48Z,-130.0,100.0
Shai Gilgeous-Alexander,Oklahoma City Thunder @ Dallas Mavericks,2025-10-28T00:40:00Z,player_points_rebounds_assists,43.5,bovada,2025-10-27T14:54:45Z,2025-10-27T14:55:48Z,-110.0,-120.0
Shai Gilgeous-Alexander,Oklahoma City Thunder @ Dallas Mavericks,2025-10-28T00:40:00Z,player_points_rebounds_assists,44.5,bovada,2025-10-27T14:54:45Z,2025-10-27T14:55:48Z,105.0,-135.0
Shai Gilgeous-Alexander,Oklahoma City Thunder @ Dallas Mavericks,2025-10-28T00:40:00Z,player_points_rebounds_assists,45.5,bovada,2025-10-27T14:54:45Z,2025-10-27T14:55:48Z,120.0,-160.0
Shai Gilgeous-Alexander,Oklahoma City Thunder @ Dallas Mavericks,2025-10-28T00:40:00Z,player_points_rebounds_assists,46.5,bovada,2025-10-27T14:54:45Z,2025-10-27T14:55:48Z,140.0,-185.0
Shai Gilgeous-Alexander,Oklahoma City Thunder @ Dallas Mavericks,2025-10-28T00:40:00Z,player_points_rebounds_assists,47.5,bovada,2025-10-27T14:54:45Z,2025-10-27T14:55:48Z,160.0,-215.0
Shai Gilgeous-Alexander,Oklahoma City Thunder @ Dallas Mavericks,2025-10-28T00:40:00Z,player_points_rebounds_assists,48.5,bovada,2025-10-27T14:54:45Z,2025-10-27T14:55:48Z,180.0,-245.0
Shai Gilgeous-Alexander,Oklahoma City Thunder @ Dallas Mavericks,2025-10-28T00:40:00Z,player_points_rebounds_assists,49.5,bovada,2025-10-27T14:54:45Z,2025-10-27T14:55:48Z,210.0,-290.0
Anthony Davis,Oklahoma City Thunder @ Dallas Mavericks,2025-10-28T00:40:00Z,player_rebounds,9.5,bovada,2025-10-27T14:54:45Z,2025-10-27T14:55:48Z,-220.0,165.0
Anthony Davis,Oklahoma City Thunder @ Dallas Mavericks,2025-10-28T00:40:00Z,player_rebounds,10.5,bovada,2025-10-27T14:54:45Z,2025-10-27T14:55:48Z,-135.0,105.0
Anthony Davis,Oklahoma City Thunder @ Dallas Mavericks,2025-10-28T00:40:00Z,player_rebounds,11.5,bovada,2025-10-27T14:54:45Z,2025-10-27T14:55:48Z,115.0,-150.0
Anthony Davis,Oklahoma City Thunder @ Dallas Mavericks,2025-10-28T00:40:00Z,player_rebounds,12.5,bovada,2025-10-27T14:54:45Z,2025-10-27T14:55:48Z,170.0,-230.0
Chet Holmgren,Oklahoma City Thunder @ Dallas Mavericks,2025-10-28T00:40:00Z,player_rebounds,7.5,bovada,2025-10-27T14:54:45Z,2025-10-27T14:55:48Z,-200.0,150.0
Chet Holmgren,Oklahoma City Thunder @ Dallas Mavericks,2025-10-28T00:40:00Z,player_rebounds,8.5,bovada,2025-10-27T14:54:45Z,2025-10-27T14:55:48Z,-115.0,-115.0
Chet Holmgren,Oklahoma City Thunder @ Dallas Mavericks,2025-10-28T00:40:00Z,player_rebounds,9.5,bovada,2025-10-27T14:54:45Z,2025-10-27T14:55:48Z,140.0,-185.0
Dereck Lively II,Oklahoma City Thunder @ Dallas Mavericks,2025-10-28T00:40:00Z,player_rebounds,4.5,bovada,2025-10-27T14:54:45Z,2025-10-27T14:55:48Z,-185.0,140.0
Dereck Lively II,Oklahoma City Thunder @ Dallas Mavericks,2025-10-28T00:40:00Z,player_rebounds,5.5,bovada,2025-10-27T14:54:45Z,2025-10-27T14:55:48Z,105.0,-135.0
Dereck Lively II,Oklahoma City Thunder @ Dallas Mavericks,2025-10-28T00:40:00Z,player_rebounds,6.5,bovada,2025-10-27T14:54:45Z,2025-10-27T14:55:48Z,190.0,-260.0
P.J. Washington,Oklahoma City Thunder @ Dallas Mavericks,2025-10-28T00:40:00Z,player_rebounds,5.5,bovada,2025-10-27T14:54:45Z,2025-10-27T14:55:48Z,-200.0,150.0
P.J. Washington,Oklahoma City Thunder @ Dallas Mavericks,2025-10-28T00:40:00Z,player_rebounds,6.5,bovada,2025-10-27T14:54:45Z,2025-10-27T14:55:48Z,-110.0,-120.0
P.J. Washington,Oklahoma City Thunder @ Dallas Mavericks,2025-10-28T00:40:00Z,player_rebounds,7.5,bovada,2025-10-27T14:54:45Z,2025-10-27T14:55:48Z,155.0,-210.0
Shai Gilgeous-Alexander,Oklahoma City Thunder @ Dallas Mavericks,2025-10-28T00:40:00Z,player_rebounds,5.5,bovada,2025-10-27T14:54:45Z,2025-10-27T14:55:48Z,130.0,-170.0
Chet Holmgren,Oklahoma City Thunder @ Dallas Mavericks,2025-10-28T00:40:00Z,player_threes,1.5,bovada,2025-10-27T14:54:45Z,2025-10-27T14:55:48Z,-170.0,130.0
Chet Holmgren,Oklahoma City Thunder @ Dallas Mavericks,2025-10-28T00:40:00Z,player_threes,2.5,bovada,2025-10-27T14:54:45Z,2025-10-27T14:55:48Z,175.0,-240.0
Klay Thompson,Oklahoma City Thunder @ Dallas Mavericks,2025-10-28T00:40:00Z,player_threes,1.5,bovada,2025-10-27T14:54:45Z,2025-10-27T14:55:48Z,-240.0,175.0
Klay Thompson,Oklahoma City Thunder @ Dallas Mavericks,2025-10-28T00:40:00Z,player_threes,2.5,bovada,2025-10-27T14:54:45Z,2025-10-27T14:55:48Z,130.0,-170.0
P.J. Washington,Oklahoma City Thunder @ Dallas Mavericks,2025-10-28T00:40:00Z,player_threes,1.5,bovada,2025-10-27T14:54:45Z,2025-10-27T14:55:48Z,-110.0,-120.0
Shai Gilgeous-Alexander,Oklahoma City Thunder @ Dallas Mavericks,2025-10-28T00:40:00Z,player_threes,2.5,bovada,2025-10-27T14:54:45Z,2025-10-27T14:55:48Z,190.0,-260.0
Shai Gilgeous-Alexander,Oklahoma City Thunder @ Dallas Mavericks,2025-10-28T00:40:00Z,player_triple_double,,bovada,2025-10-27T14:54:45Z,2025-10-27T14:55:48Z,,
Devin Booker,Phoenix Suns @ Utah Jazz,2025-10-28T01:00:00Z,player_assists,7.5,draftkings,2025-10-27T14:54:53Z,2025-10-27T14:55:07Z,-136.0,105.0
Keyonte George,Phoenix Suns @ Utah Jazz,2025-10-28T01:00:00Z,player_assists,6.5,draftkings,2025-10-27T14:54:53Z,2025-10-27T14:55:07Z,-148.0,114.0
Grayson Allen,Phoenix Suns @ Utah Jazz,2025-10-28T01:00:00Z,player_assists,4.5,draftkings,2025-10-27T14:54:53Z,2025-10-27T14:55:07Z,-115.0,-113.0
Walker Kessler,Phoenix Suns @ Utah Jazz,2025-10-28T01:00:00Z,player_blocks,2.5,draftkings,2025-10-27T14:54:53Z,2025-10-27T14:55:07Z,139.0,-186.0
Walker Kessler,Phoenix Suns @ Utah Jazz,2025-10-28T01:00:00Z,player_double_double,,draftkings,2025-10-27T14:54:53Z,2025-10-27T14:55:07Z,,
Devin Booker,Phoenix Suns @ Utah Jazz,2025-10-28T01:00:00Z,player_double_double,,draftkings,2025-10-27T14:54:53Z,2025-10-27T14:55:07Z,,
Keyonte George,Phoenix Suns @ Utah Jazz,2025-10-28T01:00:00Z,player_double_double,,draftkings,2025-10-27T14:54:53Z,2025-10-27T14:55:07Z,,
Lauri Markkanen,Phoenix Suns @ Utah Jazz,2025-10-28T01:00:00Z,player_double_double,,draftkings,2025-10-27T14:54:53Z,2025-10-27T14:55:07Z,,
Grayson Allen,Phoenix Suns @ Utah Jazz,2025-10-28T01:00:00Z,player_double_double,,draftkings,2025-10-27T14:54:53Z,2025-10-27T14:55:07Z,,
Devin Booker,Phoenix Suns @ Utah Jazz,2025-10-28T01:00:00Z,player_points,29.5,draftkings,2025-10-27T14:54:53Z,2025-10-27T14:55:07Z,-111.0,-115.0
Lauri Markkanen,Phoenix Suns @ Utah Jazz,2025-10-28T01:00:00Z,player_points,23.5,draftkings,2025-10-27T14:54:53Z,2025-10-27T14:55:07Z,-105.0,-121.0
Dillon Brooks,Phoenix Suns @ Utah Jazz,2025-10-28T01:00:00Z,player_points,18.5,draftkings,2025-10-27T14:54:53Z,2025-10-27T14:55:07Z,-105.0,-121.0
Keyonte George,Phoenix Suns @ Utah Jazz,2025-10-28T01:00:00Z,player_points,16.5,draftkings,2025-10-27T14:54:53Z,2025-10-27T14:55:07Z,-124.0,-103.0
Grayson Allen,Phoenix Suns @ Utah Jazz,2025-10-28T01:00:00Z,player_points,16.5,draftkings,2025-10-27T14:54:53Z,2025-10-27T14:55:07Z,-104.0,-123.0
Walker Kessler,Phoenix Suns @ Utah Jazz,2025-10-28T01:00:00Z,player_points,11.5,draftkings,2025-10-27T14:54:53Z,2025-10-27T14:55:07Z,100.0,-127.0
Kyle Filipowski,Phoenix Suns @ Utah Jazz,2025-10-28T01:00:00Z,player_points,10.5,draftkings,2025-10-27T14:54:53Z,2025-10-27T14:55:07Z,-102.0,-124.0
Ryan Dunn,Phoenix Suns @ Utah Jazz,2025-10-28T01:00:00Z,player_points,8.5,draftkings,2025-10-27T14:54:53Z,2025-10-27T14:55:07Z,-117.0,-109.0
Svi Mykhailiuk,Phoenix Suns @ Utah Jazz,2025-10-28T01:00:00Z,player_points,8.5,draftkings,2025-10-27T14:54:53Z,2025-10-27T14:55:07Z,-112.0,-113.0
Devin Booker,Phoenix Suns @ Utah Jazz,2025-10-28T01:00:00Z,player_points_rebounds_assists,41.5,draftkings,2025-10-27T14:54:53Z,2025-10-27T14:55:01Z,-112.0,-115.0
Keyonte George,Phoenix Suns @ Utah Jazz,2025-10-28T01:00:00Z,player_points_rebounds_assists,27.5,draftkings,2025-10-27T14:54:53Z,2025-10-27T14:55:01Z,-106.0,-122.0
Grayson Allen,Phoenix Suns @ Utah Jazz,2025-10-28T01:00:00Z,player_points_rebounds_assists,24.5,draftkings,2025-10-27T14:54:53Z,2025-10-27T14:55:01Z,-118.0,-109.0
Walker Kessler,Phoenix Suns @ Utah Jazz,2025-10-28T01:00:00Z,player_rebounds,10.5,draftkings,2025-10-27T14:54:53Z,2025-10-27T14:55:07Z,-117.0,-111.0
Kyle Filipowski,Phoenix Suns @ Utah Jazz,2025-10-28T01:00:00Z,player_rebounds,5.5,draftkings,2025-10-27T14:54:53Z,2025-10-27T14:55:07Z,-129.0,-101.0
Lauri Markkanen,Phoenix Suns @ Utah Jazz,2025-10-28T01:00:00Z,player_rebounds,5.5,draftkings,2025-10-27T14:54:53Z,2025-10-27T14:55:07Z,-120.0,-108.0
Ryan Dunn,Phoenix Suns @ Utah Jazz,2025-10-28T01:00:00Z,player_rebounds,4.5,draftkings,2025-10-27T14:54:53Z,2025-10-27T14:55:07Z,-130.0,100.0
Oso Ighodaro,Phoenix Suns @ Utah Jazz,2025-10-28T01:00:00Z,player_rebounds,4.5,draftkings,2025-10-27T14:54:53Z,2025-10-27T14:55:07Z,-107.0,-122.0
Devin Booker,Phoenix Suns @ Utah Jazz,2025-10-28T01:00:00Z,player_rebounds,3.5,draftkings,2025-10-27T14:54:53Z,2025-10-27T14:55:07Z,-146.0,112.0
Grayson Allen,Phoenix Suns @ Utah Jazz,2025-10-28T01:00:00Z,player_rebounds,3.5,draftkings,2025-10-27T14:54:53Z,2025-10-27T14:55:07Z,-121.0,-107.0
Dillon Brooks,Phoenix Suns @ Utah Jazz,2025-10-28T01:00:00Z,player_rebounds,3.5,draftkings,2025-10-27T14:54:53Z,2025-10-27T14:55:07Z,111.0,-144.0
Keyonte George,Phoenix Suns @ Utah Jazz,2025-10-28T01:00:00Z,player_rebounds,2.5,draftkings,2025-10-27T14:54:53Z,2025-10-27T14:55:07Z,-153.0,117.0
Dillon Brooks,Phoenix Suns @ Utah Jazz,2025-10-28T01:00:00Z,player_steals,0.5,draftkings,2025-10-27T14:54:53Z,2025-10-27T14:55:07Z,-224.0,166.0
Lauri Markkanen,Phoenix Suns @ Utah Jazz,2025-10-28T01:00:00Z,player_steals,0.5,draftkings,2025-10-27T14:54:53Z,2025-10-27T14:55:07Z,-213.0,158.0
Grayson Allen,Phoenix Suns @ Utah Jazz,2025-10-28T01:00:00Z,player_steals,0.5,draftkings,2025-10-27T14:54:53Z,2025-10-27T14:55:07Z,-205.0,153.0
Walker Kessler,Phoenix Suns @ Utah Jazz,2025-10-28T01:00:00Z,player_steals,0.5,draftkings,2025-10-27T14:54:53Z,2025-10-27T14:55:07Z,-194.0,145.0
Keyonte George,Phoenix Suns @ Utah Jazz,2025-10-28T01:00:00Z,player_steals,0.5,draftkings,2025-10-27T14:54:53Z,2025-10-27T14:55:07Z,-179.0,134.0
Devin Booker,Phoenix Suns @ Utah Jazz,2025-10-28T01:00:00Z,player_steals,0.5,draftkings,2025-10-27T14:54:53Z,2025-10-27T14:55:07Z,-154.0,116.0
Lauri Markkanen,Phoenix Suns @ Utah Jazz,2025-10-28T01:00:00Z,player_threes,3.5,draftkings,2025-10-27T14:54:53Z,2025-10-27T14:55:07Z,-116.0,-112.0
Grayson Allen,Phoenix Suns @ Utah Jazz,2025-10-28T01:00:00Z,player_threes,3.5,draftkings,2025-10-27T14:54:53Z,2025-10-27T14:55:07Z,102.0,-133.0
Dillon Brooks,Phoenix Suns @ Utah Jazz,2025-10-28T01:00:00Z,player_threes,2.5,draftkings,2025-10-27T14:54:53Z,2025-10-27T14:55:07Z,-123.0,-105.0
Keyonte George,Phoenix Suns @ Utah Jazz,2025-10-28T01:00:00Z,player_threes,2.5,draftkings,2025-10-27T14:54:53Z,2025-10-27T14:55:07Z,-105.0,-123.0
Devin Booker,Phoenix Suns @ Utah Jazz,2025-10-28T01:00:00Z,player_threes,2.5,draftkings,2025-10-27T14:54:53Z,2025-10-27T14:55:07Z,141.0,-185.0
Svi Mykhailiuk,Phoenix Suns @ Utah Jazz,2025-10-28T01:00:00Z,player_threes,1.5,draftkings,2025-10-27T14:54:53Z,2025-10-27T14:55:07Z,-177.0,135.0
Ryan Dunn,Phoenix Suns @ Utah Jazz,2025-10-28T01:00:00Z,player_threes,1.5,draftkings,2025-10-27T14:54:53Z,2025-10-27T14:55:07Z,121.0,-157.0
Kyle Filipowski,Phoenix Suns @ Utah Jazz,2025-10-28T01:00:00Z,player_threes,1.5,draftkings,2025-10-27T14:54:53Z,2025-10-27T14:55:07Z,123.0,-160.0
Devin Booker,Phoenix Suns @ Utah Jazz,2025-10-28T01:00:00Z,player_triple_double,,draftkings,2025-10-27T14:54:53Z,2025-10-27T14:55:07Z,,
Kyle Filipowski,Phoenix Suns @ Utah Jazz,2025-10-28T01:00:00Z,player_assists,2.5,williamhill_us,2025-10-27T14:54:59Z,2025-10-27T14:56:02Z,100.0,-137.0
Walker Kessler,Phoenix Suns @ Utah Jazz,2025-10-28T01:00:00Z,player_assists,2.5,williamhill_us,2025-10-27T14:54:59Z,2025-10-27T14:56:02Z,145.0,-200.0
Lauri Markkanen,Phoenix Suns @ Utah Jazz,2025-10-28T01:00:00Z,player_assists,1.5,williamhill_us,2025-10-27T14:54:59Z,2025-10-27T14:56:02Z,-145.0,105.0
Svi Mykhailiuk,Phoenix Suns @ Utah Jazz,2025-10-28T01:00:00Z,player_assists,2.5,williamhill_us,2025-10-27T14:54:59Z,2025-10-27T14:56:02Z,125.0,-173.0
Devin Booker,Phoenix Suns @ Utah Jazz,2025-10-28T01:00:00Z,player_assists,7.5,williamhill_us,2025-10-27T14:54:59Z,2025-10-27T14:56:02Z,-145.0,105.0
Collin Gillespie,Phoenix Suns @ Utah Jazz,2025-10-28T01:00:00Z,player_assists,4.5,williamhill_us,2025-10-27T14:54:59Z,2025-10-27T14:56:02Z,105.0,-143.0
Grayson Allen,Phoenix Suns @ Utah Jazz,2025-10-28T01:00:00Z,player_assists,4.5,williamhill_us,2025-10-27T14:54:59Z,2025-10-27T14:56:02Z,-112.0,-121.0
Keyonte George,Phoenix Suns @ Utah Jazz,2025-10-28T01:00:00Z,player_assists,6.5,williamhill_us,2025-10-27T14:54:59Z,2025-10-27T14:56:02Z,-152.0,110.0
Walker Kessler,Phoenix Suns @ Utah Jazz,2025-10-28T01:00:00Z,player_double_double,,williamhill_us,2025-10-27T14:54:59Z,2025-10-27T14:56:02Z,,
Devin Booker,Phoenix Suns @ Utah Jazz,2025-10-28T01:00:00Z,player_double_double,,williamhill_us,2025-10-27T14:54:59Z,2025-10-27T14:56:02Z,,
Keyonte George,Phoenix Suns @ Utah Jazz,2025-10-28T01:00:00Z,player_double_double,,williamhill_us,2025-10-27T14:54:59Z,2025-10-27T14:56:02Z,,
Kyle Filipowski,Phoenix Suns @ Utah Jazz,2025-10-28T01:00:00Z,player_double_double,,williamhill_us,2025-10-27T14:54:59Z,2025-10-27T14:56:02Z,,
Lauri Markkanen,Phoenix Suns @ Utah Jazz,2025-10-28T01:00:00Z,player_double_double,,williamhill_us,2025-10-27T14:54:59Z,2025-10-27T14:56:02Z,,
Grayson Allen,Phoenix Suns @ Utah Jazz,2025-10-28T01:00:00Z,player_double_double,,williamhill_us,2025-10-27T14:54:59Z,2025-10-27T14:56:02Z,,
Ryan Dunn,Phoenix Suns @ Utah Jazz,2025-10-28T01:00:00Z,player_double_double,,williamhill_us,2025-10-27T14:54:59Z,2025-10-27T14:56:02Z,,
Ryan Dunn,Phoenix Suns @ Utah Jazz,2025-10-28T01:00:00Z,player_points,8.5,williamhill_us,2025-10-27T14:54:59Z,2025-10-27T14:56:02Z,-117.0,-115.0
Svi Mykhailiuk,Phoenix Suns @ Utah Jazz,2025-10-28T01:00:00Z,player_points,8.5,williamhill_us,2025-10-27T14:54:59Z,2025-10-27T14:56:02Z,-109.0,-124.0
Devin Booker,Phoenix Suns @ Utah Jazz,2025-10-28T01:00:00Z,player_points,29.5,williamhill_us,2025-10-27T14:54:59Z,2025-10-27T14:56:02Z,-113.0,-120.0
Walker Kessler,Phoenix Suns @ Utah Jazz,2025-10-28T01:00:00Z,player_points,10.5,williamhill_us,2025-10-27T14:54:59Z,2025-10-27T14:56:02Z,-134.0,-102.0
Kyle Filipowski,Phoenix Suns @ Utah Jazz,2025-10-28T01:00:00Z,player_points,10.5,williamhill_us,2025-10-27T14:54:59Z,2025-10-27T14:56:02Z,-115.0,-118.0
Mark Williams,Phoenix Suns @ Utah Jazz,2025-10-28T01:00:00Z,player_points,12.5,williamhill_us,2025-10-27T14:54:59Z,2025-10-27T14:56:02Z,-114.0,-118.0
Collin Gillespie,Phoenix Suns @ Utah Jazz,2025-10-28T01:00:00Z,player_points,8.5,williamhill_us,2025-10-27T14:54:59Z,2025-10-27T14:56:02Z,-120.0,-113.0
Keyonte George,Phoenix Suns @ Utah Jazz,2025-10-28T01:00:00Z,player_points,17.5,williamhill_us,2025-10-27T14:54:59Z,2025-10-27T14:56:02Z,-112.0,-121.0
Dillon Brooks,Phoenix Suns @ Utah Jazz,2025-10-28T01:00:00Z,player_points,18.5,williamhill_us,2025-10-27T14:54:59Z,2025-10-27T14:56:02Z,-106.0,-129.0
Grayson Allen,Phoenix Suns @ Utah Jazz,2025-10-28T01:00:00Z,player_points,16.5,williamhill_us,2025-10-27T14:54:59Z,2025-10-27T14:56:02Z,-112.0,-121.0
Lauri Markkanen,Phoenix Suns @ Utah Jazz,2025-10-28T01:00:00Z,player_points,23.5,williamhill_us,2025-10-27T14:54:59Z,2025-10-27T14:56:02Z,-110.0,-122.0
Brice Sensabaugh,Phoenix Suns @ Utah Jazz,2025-10-28T01:00:00Z,player_points,12.5,williamhill_us,2025-10-27T14:54:59Z,2025-10-27T14:56:02Z,-125.0,-111.0
Jusuf Nurkic,Phoenix Suns @ Utah Jazz,2025-10-28T01:00:00Z,player_rebounds,5.5,williamhill_us,2025-10-27T14:54:59Z,2025-10-27T14:56:02Z,100.0,-136.0
Keyonte George,Phoenix Suns @ Utah Jazz,2025-10-28T01:00:00Z,player_rebounds,2.5,williamhill_us,2025-10-27T14:54:59Z,2025-10-27T14:56:02Z,-154.0,115.0
Ryan Dunn,Phoenix Suns @ Utah Jazz,2025-10-28T01:00:00Z,player_rebounds,4.5,williamhill_us,2025-10-27T14:54:59Z,2025-10-27T14:56:02Z,-134.0,-102.0
Kyle Filipowski,Phoenix Suns @ Utah Jazz,2025-10-28T01:00:00Z,player_rebounds,5.5,williamhill_us,2025-10-27T14:54:59Z,2025-10-27T14:56:02Z,-129.0,-105.0
Devin Booker,Phoenix Suns @ Utah Jazz,2025-10-28T01:00:00Z,player_rebounds,3.5,williamhill_us,2025-10-27T14:54:59Z,2025-10-27T14:56:02Z,-152.0,110.0
Walker Kessler,Phoenix Suns @ Utah Jazz,2025-10-28T01:00:00Z,player_rebounds,10.5,williamhill_us,2025-10-27T14:54:59Z,2025-10-27T14:56:02Z,-115.0,-118.0
Grayson Allen,Phoenix Suns @ Utah Jazz,2025-10-28T01:00:00Z,player_rebounds,3.5,williamhill_us,2025-10-27T14:54:59Z,2025-10-27T14:56:02Z,-127.0,-107.0
Oso Ighodaro,Phoenix Suns @ Utah Jazz,2025-10-28T01:00:00Z,player_rebounds,4.5,williamhill_us,2025-10-27T14:54:59Z,2025-10-27T14:56:02Z,-112.0,-121.0
Lauri Markkanen,Phoenix Suns @ Utah Jazz,2025-10-28T01:00:00Z,player_rebounds,5.5,williamhill_us,2025-10-27T14:54:59Z,2025-10-27T14:56:02Z,-120.0,-113.0
Dillon Brooks,Phoenix Suns @ Utah Jazz,2025-10-28T01:00:00Z,player_rebounds,3.5,williamhill_us,2025-10-27T14:54:59Z,2025-10-27T14:56:02Z,110.0,-152.0
Mark Williams,Phoenix Suns @ Utah Jazz,2025-10-28T01:00:00Z,player_rebounds,8.5,williamhill_us,2025-10-27T14:54:59Z,2025-10-27T14:56:02Z,-141.0,100.0
Keyonte George,Phoenix Suns @ Utah Jazz,2025-10-28T01:00:00Z,player_threes,2.5,williamhill_us,2025-10-27T14:54:59Z,2025-10-27T14:56:02Z,-104.0,-130.0
Devin Booker,Phoenix Suns @ Utah Jazz,2025-10-28T01:00:00Z,player_threes,2.5,williamhill_us,2025-10-27T14:54:59Z,2025-10-27T14:56:02Z,135.0,-190.0
Collin Gillespie,Phoenix Suns @ Utah Jazz,2025-10-28T01:00:00Z,player_threes,1.5,williamhill_us,2025-10-27T14:54:59Z,2025-10-27T14:56:02Z,-145.0,105.0
Kyle Filipowski,Phoenix Suns @ Utah Jazz,2025-10-28T01:00:00Z,player_threes,1.5,williamhill_us,2025-10-27T14:54:59Z,2025-10-27T14:56:02Z,125.0,-170.0
Dillon Brooks,Phoenix Suns @ Utah Jazz,2025-10-28T01:00:00Z,player_threes,2.5,williamhill_us,2025-10-27T14:54:59Z,2025-10-27T14:56:02Z,-121.0,-113.0
Brice Sensabaugh,Phoenix Suns @ Utah Jazz,2025-10-28T01:00:00Z,player_threes,2.5,williamhill_us,2025-10-27T14:54:59Z,2025-10-27T14:56:02Z,-108.0,-125.0
Ryan Dunn,Phoenix Suns @ Utah Jazz,2025-10-28T01:00:00Z,player_threes,1.5,williamhill_us,2025-10-27T14:54:59Z,2025-10-27T14:56:02Z,125.0,-170.0
Grayson Allen,Phoenix Suns @ Utah Jazz,2025-10-28T01:00:00Z,player_threes,3.5,williamhill_us,2025-10-27T14:54:59Z,2025-10-27T14:56:02Z,100.0,-134.0
Svi Mykhailiuk,Phoenix Suns @ Utah Jazz,2025-10-28T01:00:00Z,player_threes,1.5,williamhill_us,2025-10-27T14:54:59Z,2025-10-27T14:56:02Z,-170.0,120.0
Walter Clayton Jr.,Phoenix Suns @ Utah Jazz,2025-10-28T01:00:00Z,player_threes,1.5,williamhill_us,2025-10-27T14:54:59Z,2025-10-27T14:56:02Z,120.0,-170.0
Lauri Markkanen,Phoenix Suns @ Utah Jazz,2025-10-28T01:00:00Z,player_threes,3.5,williamhill_us,2025-10-27T14:54:59Z,2025-10-27T14:56:02Z,-113.0,-120.0
Devin Booker,Phoenix Suns @ Utah Jazz,2025-10-28T01:00:00Z,player_assists,7.5,fanatics,2025-10-27T14:55:17Z,2025-10-27T14:55:59Z,-140.0,105.0
Grayson Allen,Phoenix Suns @ Utah Jazz,2025-10-28T01:00:00Z,player_assists,4.5,fanatics,2025-10-27T14:55:17Z,2025-10-27T14:55:59Z,-115.0,-115.0
Keyonte George,Phoenix Suns @ Utah Jazz,2025-10-28T01:00:00Z,player_assists,6.5,fanatics,2025-10-27T14:55:17Z,2025-10-27T14:55:59Z,-145.0,110.0
Svi Mykhailiuk,Phoenix Suns @ Utah Jazz,2025-10-28T01:00:00Z,player_assists,2.5,fanatics,2025-10-27T14:55:17Z,2025-10-27T14:55:59Z,125.0,-175.0
Lauri Markkanen,Phoenix Suns @ Utah Jazz,2025-10-28T01:00:00Z,player_assists,1.5,fanatics,2025-10-27T14:55:17Z,2025-10-27T14:55:59Z,-145.0,110.0
Kyle Filipowski,Phoenix Suns @ Utah Jazz,2025-10-28T01:00:00Z,player_assists,2.5,fanatics,2025-10-27T14:55:17Z,2025-10-27T14:55:59Z,105.0,-140.0
Walker Kessler,Phoenix Suns @ Utah Jazz,2025-10-28T01:00:00Z,player_assists,2.5,fanatics,2025-10-27T14:55:17Z,2025-10-27T14:55:59Z,130.0,-190.0
Dillon Brooks,Phoenix Suns @ Utah Jazz,2025-10-28T01:00:00Z,player_assists,2.5,fanatics,2025-10-27T14:55:17Z,2025-10-27T14:55:59Z,130.0,-190.0
Mark Williams,Phoenix Suns @ Utah Jazz,2025-10-28T01:00:00Z,player_assists,1.5,fanatics,2025-10-27T14:55:17Z,2025-10-27T14:55:59Z,-125.0,-105.0
Jusuf Nurkic,Phoenix Suns @ Utah Jazz,2025-10-28T01:00:00Z,player_assists,2.5,fanatics,2025-10-27T14:55:17Z,2025-10-27T14:55:59Z,-120.0,-110.0
Oso Ighodaro,Phoenix Suns @ Utah Jazz,2025-10-28T01:00:00Z,player_assists,1.5,fanatics,2025-10-27T14:55:17Z,2025-10-27T14:55:59Z,130.0,-190.0
Ryan Dunn,Phoenix Suns @ Utah Jazz,2025-10-28T01:00:00Z,player_assists,1.5,fanatics,2025-10-27T14:55:17Z,2025-10-27T14:55:59Z,160.0,-275.0
Walter Clayton Jr.,Phoenix Suns @ Utah Jazz,2025-10-28T01:00:00Z,player_assists,2.5,fanatics,2025-10-27T14:55:17Z,2025-10-27T14:55:59Z,-175.0,125.0
Collin Gillespie,Phoenix Suns @ Utah Jazz,2025-10-28T01:00:00Z,player_assists,4.5,fanatics,2025-10-27T14:55:17Z,2025-10-27T14:55:59Z,105.0,-140.0
Brice Sensabaugh,Phoenix Suns @ Utah Jazz,2025-10-28T01:00:00Z,player_assists,2.5,fanatics,2025-10-27T14:55:17Z,2025-10-27T14:55:59Z,130.0,-190.0
Devin Booker,Phoenix Suns @ Utah Jazz,2025-10-28T01:00:00Z,player_double_double,,fanatics,2025-10-27T14:55:17Z,2025-10-27T14:55:59Z,,
Grayson Allen,Phoenix Suns @ Utah Jazz,2025-10-28T01:00:00Z,player_double_double,,fanatics,2025-10-27T14:55:17Z,2025-10-27T14:55:59Z,,
Ryan Dunn,Phoenix Suns @ Utah Jazz,2025-10-28T01:00:00Z,player_double_double,,fanatics,2025-10-27T14:55:17Z,2025-10-27T14:55:59Z,,
Lauri Markkanen,Phoenix Suns @ Utah Jazz,2025-10-28T01:00:00Z,player_double_double,,fanatics,2025-10-27T14:55:17Z,2025-10-27T14:55:59Z,,
Keyonte George,Phoenix Suns @ Utah Jazz,2025-10-28T01:00:00Z,player_double_double,,fanatics,2025-10-27T14:55:17Z,2025-10-27T14:55:59Z,,
Walker Kessler,Phoenix Suns @ Utah Jazz,2025-10-28T01:00:00Z,player_double_double,,fanatics,2025-10-27T14:55:17Z,2025-10-27T14:55:59Z,,
Kyle Filipowski,Phoenix Suns @ Utah Jazz,2025-10-28T01:00:00Z,player_double_double,,fanatics,2025-10-27T14:55:17Z,2025-10-27T14:55:59Z,,
Mark Williams,Phoenix Suns @ Utah Jazz,2025-10-28T01:00:00Z,player_double_double,,fanatics,2025-10-27T14:55:17Z,2025-10-27T14:55:59Z,,
Jusuf Nurkic,Phoenix Suns @ Utah Jazz,2025-10-28T01:00:00Z,player_double_double,,fanatics,2025-10-27T14:55:17Z,2025-10-27T14:55:59Z,,
Oso Ighodaro,Phoenix Suns @ Utah Jazz,2025-10-28T01:00:00Z,player_double_double,,fanatics,2025-10-27T14:55:17Z,2025-10-27T14:55:59Z,,
Collin Gillespie,Phoenix Suns @ Utah Jazz,2025-10-28T01:00:00Z,player_double_double,,fanatics,2025-10-27T14:55:17Z,2025-10-27T14:55:59Z,,
Grayson Allen,Phoenix Suns @ Utah Jazz,2025-10-28T01:00:00Z,player_points,16.5,fanatics,2025-10-27T14:55:17Z,2025-10-27T14:55:59Z,-105.0,-125.0
Ryan Dunn,Phoenix Suns @ Utah Jazz,2025-10-28T01:00:00Z,player_points,8.5,fanatics,2025-10-27T14:55:17Z,2025-10-27T14:55:59Z,-115.0,-115.0
Dillon Brooks,Phoenix Suns @ Utah Jazz,2025-10-28T01:00:00Z,player_points,18.5,fanatics,2025-10-27T14:55:17Z,2025-10-27T14:55:59Z,100.0,-130.0
Devin Booker,Phoenix Suns @ Utah Jazz,2025-10-28T01:00:00Z,player_points,29.5,fanatics,2025-10-27T14:55:17Z,2025-10-27T14:55:59Z,-115.0,-115.0
Walker Kessler,Phoenix Suns @ Utah Jazz,2025-10-28T01:00:00Z,player_points,10.5,fanatics,2025-10-27T14:55:17Z,2025-10-27T14:55:59Z,-130.0,100.0
Lauri Markkanen,Phoenix Suns @ Utah Jazz,2025-10-28T01:00:00Z,player_points,23.5,fanatics,2025-10-27T14:55:17Z,2025-10-27T14:55:59Z,-115.0,-115.0
Keyonte George,Phoenix Suns @ Utah Jazz,2025-10-28T01:00:00Z,player_points,17.5,fanatics,2025-10-27T14:55:17Z,2025-10-27T14:55:59Z,-105.0,-125.0
Kyle Filipowski,Phoenix Suns @ Utah Jazz,2025-10-28T01:00:00Z,player_points,10.5,fanatics,2025-10-27T14:55:17Z,2025-10-27T14:55:59Z,-115.0,-115.0
Svi Mykhailiuk,Phoenix Suns @ Utah Jazz,2025-10-28T01:00:00Z,player_points,8.5,fanatics,2025-10-27T14:55:17Z,2025-10-27T14:55:59Z,-105.0,-125.0
Jusuf Nurkic,Phoenix Suns @ Utah Jazz,2025-10-28T01:00:00Z,player_points,7.5,fanatics,2025-10-27T14:55:17Z,2025-10-27T14:55:59Z,-125.0,-105.0
Oso Ighodaro,Phoenix Suns @ Utah Jazz,2025-10-28T01:00:00Z,player_points,6.5,fanatics,2025-10-27T14:55:17Z,2025-10-27T14:55:59Z,105.0,-140.0
Mark Williams,Phoenix Suns @ Utah Jazz,2025-10-28T01:00:00Z,player_points,12.5,fanatics,2025-10-27T14:55:17Z,2025-10-27T14:55:59Z,-115.0,-115.0
Walter Clayton Jr.,Phoenix Suns @ Utah Jazz,2025-10-28T01:00:00Z,player_points,9.5,fanatics,2025-10-27T14:55:17Z,2025-10-27T14:55:59Z,-115.0,-115.0
Collin Gillespie,Phoenix Suns @ Utah Jazz,2025-10-28T01:00:00Z,player_points,8.5,fanatics,2025-10-27T14:55:17Z,2025-10-27T14:55:59Z,-115.0,-115.0
Brice Sensabaugh,Phoenix Suns @ Utah Jazz,2025-10-28T01:00:00Z,player_points,12.5,fanatics,2025-10-27T14:55:17Z,2025-10-27T14:55:59Z,-115.0,-115.0
Svi Mykhailiuk,Phoenix Suns @ Utah Jazz,2025-10-28T01:00:00Z,player_points_rebounds_assists,13.5,fanatics,2025-10-27T14:55:17Z,2025-10-27T14:55:59Z,105.0,-140.0
Oso Ighodaro,Phoenix Suns @ Utah Jazz,2025-10-28T01:00:00Z,player_points_rebounds_assists,12.5,fanatics,2025-10-27T14:55:17Z,2025-10-27T14:55:59Z,100.0,-130.0
Ryan Dunn,Phoenix Suns @ Utah Jazz,2025-10-28T01:00:00Z,player_points_rebounds_assists,14.5,fanatics,2025-10-27T14:55:17Z,2025-10-27T14:55:59Z,-125.0,-105.0
Kyle Filipowski,Phoenix Suns @ Utah Jazz,2025-10-28T01:00:00Z,player_points_rebounds_assists,18.5,fanatics,2025-10-27T14:55:17Z,2025-10-27T14:55:59Z,-120.0,-110.0
Lauri Markkanen,Phoenix Suns @ Utah Jazz,2025-10-28T01:00:00Z,player_points_rebounds_assists,31.5,fanatics,2025-10-27T14:55:17Z,2025-10-27T14:55:59Z,-115.0,-115.0
Walker Kessler,Phoenix Suns @ Utah Jazz,2025-10-28T01:00:00Z,player_points_rebounds_assists,23.5,fanatics,2025-10-27T14:55:17Z,2025-10-27T14:55:59Z,-125.0,-105.0
Collin Gillespie,Phoenix Suns @ Utah Jazz,2025-10-28T01:00:00Z,player_points_rebounds_assists,16.5,fanatics,2025-10-27T14:55:17Z,2025-10-27T14:55:59Z,-110.0,-120.0
Walter Clayton Jr.,Phoenix Suns @ Utah Jazz,2025-10-28T01:00:00Z,player_points_rebounds_assists,15.5,fanatics,2025-10-27T14:55:17Z,2025-10-27T14:55:59Z,-115.0,-115.0
Dillon Brooks,Phoenix Suns @ Utah Jazz,2025-10-28T01:00:00Z,player_points_rebounds_assists,23.5,fanatics,2025-10-27T14:55:17Z,2025-10-27T14:55:59Z,-115.0,-115.0
Devin Booker,Phoenix Suns @ Utah Jazz,2025-10-28T01:00:00Z,player_points_rebounds_assists,41.5,fanatics,2025-10-27T14:55:17Z,2025-10-27T14:55:59Z,-115.0,-115.0
Jusuf Nurkic,Phoenix Suns @ Utah Jazz,2025-10-28T01:00:00Z,player_points_rebounds_assists,16.5,fanatics,2025-10-27T14:55:17Z,2025-10-27T14:55:59Z,100.0,-130.0
Mark Williams,Phoenix Suns @ Utah Jazz,2025-10-28T01:00:00Z,player_points_rebounds_assists,23.5,fanatics,2025-10-27T14:55:17Z,2025-10-27T14:55:59Z,-105.0,-125.0
Brice Sensabaugh,Phoenix Suns @ Utah Jazz,2025-10-28T01:00:00Z,player_points_rebounds_assists,17.5,fanatics,2025-10-27T14:55:17Z,2025-10-27T14:55:59Z,-120.0,-110.0
Keyonte George,Phoenix Suns @ Utah Jazz,2025-10-28T01:00:00Z,player_points_rebounds_assists,27.5,fanatics,2025-10-27T14:55:17Z,2025-10-27T14:55:59Z,-115.0,-115.0
Grayson Allen,Phoenix Suns @ Utah Jazz,2025-10-28T01:00:00Z,player_points_rebounds_assists,24.5,fanatics,2025-10-27T14:55:17Z,2025-10-27T14:55:59Z,-120.0,-110.0
Dillon Brooks,Phoenix Suns @ Utah Jazz,2025-10-28T01:00:00Z,player_rebounds,3.5,fanatics,2025-10-27T14:55:17Z,2025-10-27T14:55:59Z,115.0,-150.0
Ryan Dunn,Phoenix Suns @ Utah Jazz,2025-10-28T01:00:00Z,player_rebounds,4.5,fanatics,2025-10-27T14:55:17Z,2025-10-27T14:55:59Z,-140.0,105.0
Grayson Allen,Phoenix Suns @ Utah Jazz,2025-10-28T01:00:00Z,player_rebounds,3.5,fanatics,2025-10-27T14:55:17Z,2025-10-27T14:55:59Z,-130.0,100.0
Devin Booker,Phoenix Suns @ Utah Jazz,2025-10-28T01:00:00Z,player_rebounds,3.5,fanatics,2025-10-27T14:55:17Z,2025-10-27T14:55:59Z,-145.0,110.0
Keyonte George,Phoenix Suns @ Utah Jazz,2025-10-28T01:00:00Z,player_rebounds,2.5,fanatics,2025-10-27T14:55:17Z,2025-10-27T14:55:59Z,-165.0,120.0
Walker Kessler,Phoenix Suns @ Utah Jazz,2025-10-28T01:00:00Z,player_rebounds,10.5,fanatics,2025-10-27T14:55:17Z,2025-10-27T14:55:59Z,-110.0,-120.0
Lauri Markkanen,Phoenix Suns @ Utah Jazz,2025-10-28T01:00:00Z,player_rebounds,5.5,fanatics,2025-10-27T14:55:17Z,2025-10-27T14:55:59Z,-125.0,-105.0
Kyle Filipowski,Phoenix Suns @ Utah Jazz,2025-10-28T01:00:00Z,player_rebounds,5.5,fanatics,2025-10-27T14:55:17Z,2025-10-27T14:55:59Z,-130.0,100.0
Svi Mykhailiuk,Phoenix Suns @ Utah Jazz,2025-10-28T01:00:00Z,player_rebounds,2.5,fanatics,2025-10-27T14:55:17Z,2025-10-27T14:55:59Z,120.0,-165.0
Oso Ighodaro,Phoenix Suns @ Utah Jazz,2025-10-28T01:00:00Z,player_rebounds,4.5,fanatics,2025-10-27T14:55:17Z,2025-10-27T14:55:59Z,-110.0,-120.0
Jusuf Nurkic,Phoenix Suns @ Utah Jazz,2025-10-28T01:00:00Z,player_rebounds,5.5,fanatics,2025-10-27T14:55:17Z,2025-10-27T14:55:59Z,100.0,-130.0
Mark Williams,Phoenix Suns @ Utah Jazz,2025-10-28T01:00:00Z,player_rebounds,8.5,fanatics,2025-10-27T14:55:17Z,2025-10-27T14:55:59Z,-140.0,105.0
Walter Clayton Jr.,Phoenix Suns @ Utah Jazz,2025-10-28T01:00:00Z,player_rebounds,2.5,fanatics,2025-10-27T14:55:17Z,2025-10-27T14:55:59Z,-125.0,-105.0
Collin Gillespie,Phoenix Suns @ Utah Jazz,2025-10-28T01:00:00Z,player_rebounds,2.5,fanatics,2025-10-27T14:55:17Z,2025-10-27T14:55:59Z,-175.0,125.0
Brice Sensabaugh,Phoenix Suns @ Utah Jazz,2025-10-28T01:00:00Z,player_rebounds,2.5,fanatics,2025-10-27T14:55:17Z,2025-10-27T14:55:59Z,-125.0,-105.0
Ryan Dunn,Phoenix Suns @ Utah Jazz,2025-10-28T01:00:00Z,player_threes,1.5,fanatics,2025-10-27T14:55:17Z,2025-10-27T14:55:59Z,120.0,-165.0
Devin Booker,Phoenix Suns @ Utah Jazz,2025-10-28T01:00:00Z,player_threes,2.5,fanatics,2025-10-27T14:55:17Z,2025-10-27T14:55:59Z,130.0,-190.0
Dillon Brooks,Phoenix Suns @ Utah Jazz,2025-10-28T01:00:00Z,player_threes,2.5,fanatics,2025-10-27T14:55:17Z,2025-10-27T14:55:59Z,-115.0,-115.0
Grayson Allen,Phoenix Suns @ Utah Jazz,2025-10-28T01:00:00Z,player_threes,3.5,fanatics,2025-10-27T14:55:17Z,2025-10-27T14:55:59Z,105.0,-140.0
Lauri Markkanen,Phoenix Suns @ Utah Jazz,2025-10-28T01:00:00Z,player_threes,3.5,fanatics,2025-10-27T14:55:17Z,2025-10-27T14:55:59Z,-115.0,-115.0
Keyonte George,Phoenix Suns @ Utah Jazz,2025-10-28T01:00:00Z,player_threes,2.5,fanatics,2025-10-27T14:55:17Z,2025-10-27T14:55:59Z,-105.0,-125.0
Svi Mykhailiuk,Phoenix Suns @ Utah Jazz,2025-10-28T01:00:00Z,player_threes,1.5,fanatics,2025-10-27T14:55:17Z,2025-10-27T14:55:59Z,-165.0,120.0
Kyle Filipowski,Phoenix Suns @ Utah Jazz,2025-10-28T01:00:00Z,player_threes,1.5,fanatics,2025-10-27T14:55:17Z,2025-10-27T14:55:59Z,125.0,-175.0
Jusuf Nurkic,Phoenix Suns @ Utah Jazz,2025-10-28T01:00:00Z,player_threes,0.5,fanatics,2025-10-27T14:55:17Z,2025-10-27T14:55:59Z,140.0,-225.0
Walker Kessler,Phoenix Suns @ Utah Jazz,2025-10-28T01:00:00Z,player_threes,0.5,fanatics,2025-10-27T14:55:17Z,2025-10-27T14:55:59Z,200.0,-350.0
Walter Clayton Jr.,Phoenix Suns @ Utah Jazz,2025-10-28T01:00:00Z,player_threes,1.5,fanatics,2025-10-27T14:55:17Z,2025-10-27T14:55:59Z,120.0,-165.0
Collin Gillespie,Phoenix Suns @ Utah Jazz,2025-10-28T01:00:00Z,player_threes,1.5,fanatics,2025-10-27T14:55:17Z,2025-10-27T14:55:59Z,-145.0,110.0
Brice Sensabaugh,Phoenix Suns @ Utah Jazz,2025-10-28T01:00:00Z,player_threes,2.5,fanatics,2025-10-27T14:55:17Z,2025-10-27T14:55:59Z,100.0,-130.0
Lauri Markkanen,Phoenix Suns @ Utah Jazz,2025-10-28T01:00:00Z,player_assists,1.5,fanduel,2025-10-27T14:55:19Z,2025-10-27T14:55:28Z,-158.0,118.0
Grayson Allen,Phoenix Suns @ Utah Jazz,2025-10-28T01:00:00Z,player_assists,4.5,fanduel,2025-10-27T14:55:19Z,2025-10-27T14:55:28Z,-104.0,-128.0
Walker Kessler,Phoenix Suns @ Utah Jazz,2025-10-28T01:00:00Z,player_assists,2.5,fanduel,2025-10-27T14:55:19Z,2025-10-27T14:55:28Z,146.0,-200.0
Kyle Filipowski,Phoenix Suns @ Utah Jazz,2025-10-28T01:00:00Z,player_assists,2.5,fanduel,2025-10-27T14:55:19Z,2025-10-27T14:55:28Z,108.0,-144.0
Devin Booker,Phoenix Suns @ Utah Jazz,2025-10-28T01:00:00Z,player_assists,7.5,fanduel,2025-10-27T14:55:19Z,2025-10-27T14:55:28Z,-136.0,102.0
Keyonte George,Phoenix Suns @ Utah Jazz,2025-10-28T01:00:00Z,player_assists,6.5,fanduel,2025-10-27T14:55:19Z,2025-10-27T14:55:28Z,-132.0,100.0
Svi Mykhailiuk,Phoenix Suns @ Utah Jazz,2025-10-28T01:00:00Z,player_assists,2.5,fanduel,2025-10-27T14:55:19Z,2025-10-27T14:55:28Z,138.0,-186.0
Walker Kessler,Phoenix Suns @ Utah Jazz,2025-10-28T01:00:00Z,player_double_double,,fanduel,2025-10-27T14:55:19Z,2025-10-27T14:55:28Z,,
Devin Booker,Phoenix Suns @ Utah Jazz,2025-10-28T01:00:00Z,player_double_double,,fanduel,2025-10-27T14:55:19Z,2025-10-27T14:55:28Z,,
Keyonte George,Phoenix Suns @ Utah Jazz,2025-10-28T01:00:00Z,player_double_double,,fanduel,2025-10-27T14:55:19Z,2025-10-27T14:55:28Z,,
Kyle Filipowski,Phoenix Suns @ Utah Jazz,2025-10-28T01:00:00Z,player_double_double,,fanduel,2025-10-27T14:55:19Z,2025-10-27T14:55:28Z,,
Lauri Markkanen,Phoenix Suns @ Utah Jazz,2025-10-28T01:00:00Z,player_double_double,,fanduel,2025-10-27T14:55:19Z,2025-10-27T14:55:28Z,,
Grayson Allen,Phoenix Suns @ Utah Jazz,2025-10-28T01:00:00Z,player_double_double,,fanduel,2025-10-27T14:55:19Z,2025-10-27T14:55:28Z,,
Ryan Dunn,Phoenix Suns @ Utah Jazz,2025-10-28T01:00:00Z,player_double_double,,fanduel,2025-10-27T14:55:19Z,2025-10-27T14:55:28Z,,
Ryan Dunn,Phoenix Suns @ Utah Jazz,2025-10-28T01:00:00Z,player_points,8.5,fanduel,2025-10-27T14:55:19Z,2025-10-27T14:55:28Z,-118.0,-112.0
Dillon Brooks,Phoenix Suns @ Utah Jazz,2025-10-28T01:00:00Z,player_points,17.5,fanduel,2025-10-27T14:55:19Z,2025-10-27T14:55:28Z,-114.0,-114.0
Lauri Markkanen,Phoenix Suns @ Utah Jazz,2025-10-28T01:00:00Z,player_points,23.5,fanduel,2025-10-27T14:55:19Z,2025-10-27T14:55:28Z,100.0,-132.0
Grayson Allen,Phoenix Suns @ Utah Jazz,2025-10-28T01:00:00Z,player_points,16.5,fanduel,2025-10-27T14:55:19Z,2025-10-27T14:55:28Z,-102.0,-130.0
Svi Mykhailiuk,Phoenix Suns @ Utah Jazz,2025-10-28T01:00:00Z,player_points,8.5,fanduel,2025-10-27T14:55:19Z,2025-10-27T14:55:28Z,100.0,-132.0
Devin Booker,Phoenix Suns @ Utah Jazz,2025-10-28T01:00:00Z,player_points,29.5,fanduel,2025-10-27T14:55:19Z,2025-10-27T14:55:28Z,-106.0,-125.0
Kyle Filipowski,Phoenix Suns @ Utah Jazz,2025-10-28T01:00:00Z,player_points,10.5,fanduel,2025-10-27T14:55:19Z,2025-10-27T14:55:28Z,-112.0,-118.0
Keyonte George,Phoenix Suns @ Utah Jazz,2025-10-28T01:00:00Z,player_points,17.5,fanduel,2025-10-27T14:55:19Z,2025-10-27T14:55:28Z,-102.0,-130.0
Walker Kessler,Phoenix Suns @ Utah Jazz,2025-10-28T01:00:00Z,player_points,10.5,fanduel,2025-10-27T14:55:19Z,2025-10-27T14:55:28Z,-132.0,100.0
Keyonte George,Phoenix Suns @ Utah Jazz,2025-10-28T01:00:00Z,player_points_rebounds_assists,27.5,fanduel,2025-10-27T14:55:19Z,2025-10-27T14:55:28Z,-106.0,-125.0
Grayson Allen,Phoenix Suns @ Utah Jazz,2025-10-28T01:00:00Z,player_points_rebounds_assists,24.5,fanduel,2025-10-27T14:55:19Z,2025-10-27T14:55:28Z,-114.0,-114.0
Kyle Filipowski,Phoenix Suns @ Utah Jazz,2025-10-28T01:00:00Z,player_points_rebounds_assists,19.5,fanduel,2025-10-27T14:55:19Z,2025-10-27T14:55:28Z,-102.0,-130.0
Devin Booker,Phoenix Suns @ Utah Jazz,2025-10-28T01:00:00Z,player_points_rebounds_assists,41.5,fanduel,2025-10-27T14:55:19Z,2025-10-27T14:55:28Z,-110.0,-120.0
Lauri Markkanen,Phoenix Suns @ Utah Jazz,2025-10-28T01:00:00Z,player_points_rebounds_assists,30.5,fanduel,2025-10-27T14:55:19Z,2025-10-27T14:55:28Z,-120.0,-110.0
Walker Kessler,Phoenix Suns @ Utah Jazz,2025-10-28T01:00:00Z,player_points_rebounds_assists,23.5,fanduel,2025-10-27T14:55:19Z,2025-10-27T14:55:28Z,-125.0,-106.0
Kyle Filipowski,Phoenix Suns @ Utah Jazz,2025-10-28T01:00:00Z,player_rebounds,5.5,fanduel,2025-10-27T14:55:19Z,2025-10-27T14:55:28Z,-144.0,108.0
Ryan Dunn,Phoenix Suns @ Utah Jazz,2025-10-28T01:00:00Z,player_rebounds,4.5,fanduel,2025-10-27T14:55:19Z,2025-10-27T14:55:28Z,-130.0,-102.0
Walker Kessler,Phoenix Suns @ Utah Jazz,2025-10-28T01:00:00Z,player_rebounds,10.5,fanduel,2025-10-27T14:55:19Z,2025-10-27T14:55:28Z,-114.0,-114.0
Lauri Markkanen,Phoenix Suns @ Utah Jazz,2025-10-28T01:00:00Z,player_rebounds,5.5,fanduel,2025-10-27T14:55:19Z,2025-10-27T14:55:28Z,-125.0,-106.0
Grayson Allen,Phoenix Suns @ Utah Jazz,2025-10-28T01:00:00Z,player_rebounds,3.5,fanduel,2025-10-27T14:55:19Z,2025-10-27T14:55:28Z,-128.0,-104.0
Devin Booker,Phoenix Suns @ Utah Jazz,2025-10-28T01:00:00Z,player_rebounds,3.5,fanduel,2025-10-27T14:55:19Z,2025-10-27T14:55:28Z,-152.0,114.0
Dillon Brooks,Phoenix Suns @ Utah Jazz,2025-10-28T01:00:00Z,player_rebounds,3.5,fanduel,2025-10-27T14:55:19Z,2025-10-27T14:55:28Z,100.0,-132.0
Keyonte George,Phoenix Suns @ Utah Jazz,2025-10-28T01:00:00Z,player_rebounds,2.5,fanduel,2025-10-27T14:55:19Z,2025-10-27T14:55:28Z,-148.0,112.0
Svi Mykhailiuk,Phoenix Suns @ Utah Jazz,2025-10-28T01:00:00Z,player_threes,1.5,fanduel,2025-10-27T14:55:19Z,2025-10-27T14:54:22Z,-154.0,116.0
Lauri Markkanen,Phoenix Suns @ Utah Jazz,2025-10-28T01:00:00Z,player_threes,3.5,fanduel,2025-10-27T14:55:19Z,2025-10-27T14:54:22Z,-110.0,-120.0
Dillon Brooks,Phoenix Suns @ Utah Jazz,2025-10-28T01:00:00Z,player_threes,2.5,fanduel,2025-10-27T14:55:19Z,2025-10-27T14:54:22Z,-106.0,-125.0
Grayson Allen,Phoenix Suns @ Utah Jazz,2025-10-28T01:00:00Z,player_threes,3.5,fanduel,2025-10-27T14:55:19Z,2025-10-27T14:54:22Z,108.0,-144.0
Kyle Filipowski,Phoenix Suns @ Utah Jazz,2025-10-28T01:00:00Z,player_threes,1.5,fanduel,2025-10-27T14:55:19Z,2025-10-27T14:54:22Z,138.0,-186.0
Devin Booker,Phoenix Suns @ Utah Jazz,2025-10-28T01:00:00Z,player_threes,1.5,fanduel,2025-10-27T14:55:19Z,2025-10-27T14:54:22Z,-200.0,148.0
Keyonte George,Phoenix Suns @ Utah Jazz,2025-10-28T01:00:00Z,player_threes,2.5,fanduel,2025-10-27T14:55:19Z,2025-10-27T14:54:22Z,-102.0,-130.0
Devin Booker,Phoenix Suns @ Utah Jazz,2025-10-28T01:00:00Z,player_triple_double,,fanduel,2025-10-27T14:55:19Z,2025-10-27T14:55:28Z,,
Lauri Markkanen,Phoenix Suns @ Utah Jazz,2025-10-28T01:00:00Z,player_assists,1.5,betrivers,2025-10-27T14:54:42Z,2025-10-27T14:55:50Z,-150.0,112.0
Kyle Filipowski,Phoenix Suns @ Utah Jazz,2025-10-28T01:00:00Z,player_assists,2.5,betrivers,2025-10-27T14:54:42Z,2025-10-27T14:55:50Z,123.0,-165.0
Grayson Allen,Phoenix Suns @ Utah Jazz,2025-10-28T01:00:00Z,player_assists,4.5,betrivers,2025-10-27T14:54:42Z,2025-10-27T14:55:50Z,-110.0,-121.0
Walker Kessler,Phoenix Suns @ Utah Jazz,2025-10-28T01:00:00Z,player_assists,1.5,betrivers,2025-10-27T14:54:42Z,2025-10-27T14:55:50Z,-190.0,140.0
Keyonte George,Phoenix Suns @ Utah Jazz,2025-10-28T01:00:00Z,player_assists,6.5,betrivers,2025-10-27T14:54:42Z,2025-10-27T14:55:50Z,-141.0,106.0
Devin Booker,Phoenix Suns @ Utah Jazz,2025-10-28T01:00:00Z,player_assists,7.5,betrivers,2025-10-27T14:54:42Z,2025-10-27T14:55:50Z,-134.0,102.0
Dillon Brooks,Phoenix Suns @ Utah Jazz,2025-10-28T01:00:00Z,player_points,17.5,betrivers,2025-10-27T14:54:42Z,2025-10-27T14:55:50Z,-118.0,-113.0
Lauri Markkanen,Phoenix Suns @ Utah Jazz,2025-10-28T01:00:00Z,player_points,23.5,betrivers,2025-10-27T14:54:42Z,2025-10-27T14:55:50Z,-113.0,-118.0
Walker Kessler,Phoenix Suns @ Utah Jazz,2025-10-28T01:00:00Z,player_points,10.5,betrivers,2025-10-27T14:54:42Z,2025-10-27T14:55:50Z,-125.0,-106.0
Keyonte George,Phoenix Suns @ Utah Jazz,2025-10-28T01:00:00Z,player_points,16.5,betrivers,2025-10-27T14:54:42Z,2025-10-27T14:55:50Z,-124.0,-107.0
Devin Booker,Phoenix Suns @ Utah Jazz,2025-10-28T01:00:00Z,player_points,28.5,betrivers,2025-10-27T14:54:42Z,2025-10-27T14:55:50Z,-121.0,-109.0
Ryan Dunn,Phoenix Suns @ Utah Jazz,2025-10-28T01:00:00Z,player_points,8.5,betrivers,2025-10-27T14:54:42Z,2025-10-27T14:55:50Z,-117.0,-114.0
Kyle Filipowski,Phoenix Suns @ Utah Jazz,2025-10-28T01:00:00Z,player_points,10.5,betrivers,2025-10-27T14:54:42Z,2025-10-27T14:55:50Z,-114.0,-117.0
Grayson Allen,Phoenix Suns @ Utah Jazz,2025-10-28T01:00:00Z,player_points,16.5,betrivers,2025-10-27T14:54:42Z,2025-10-27T14:55:50Z,-110.0,-121.0
Devin Booker,Phoenix Suns @ Utah Jazz,2025-10-28T01:00:00Z,player_points_rebounds_assists,41.5,betrivers,2025-10-27T14:54:42Z,2025-10-27T14:55:50Z,-114.0,-117.0
Keyonte George,Phoenix Suns @ Utah Jazz,2025-10-28T01:00:00Z,player_points_rebounds_assists,27.5,betrivers,2025-10-27T14:54:42Z,2025-10-27T14:55:50Z,-114.0,-117.0
Kyle Filipowski,Phoenix Suns @ Utah Jazz,2025-10-28T01:00:00Z,player_points_rebounds_assists,18.5,betrivers,2025-10-27T14:54:42Z,2025-10-27T14:55:50Z,-122.0,-109.0
Lauri Markkanen,Phoenix Suns @ Utah Jazz,2025-10-28T01:00:00Z,player_points_rebounds_assists,31.5,betrivers,2025-10-27T14:54:42Z,2025-10-27T14:55:50Z,-114.0,-117.0
Grayson Allen,Phoenix Suns @ Utah Jazz,2025-10-28T01:00:00Z,player_points_rebounds_assists,25.5,betrivers,2025-10-27T14:54:42Z,2025-10-27T14:55:50Z,-109.0,-122.0
Walker Kessler,Phoenix Suns @ Utah Jazz,2025-10-28T01:00:00Z,player_points_rebounds_assists,23.5,betrivers,2025-10-27T14:54:42Z,2025-10-27T14:55:50Z,-125.0,-107.0
Walker Kessler,Phoenix Suns @ Utah Jazz,2025-10-28T01:00:00Z,player_rebounds,10.5,betrivers,2025-10-27T14:54:42Z,2025-10-27T14:55:50Z,-113.0,-118.0
Ryan Dunn,Phoenix Suns @ Utah Jazz,2025-10-28T01:00:00Z,player_rebounds,4.5,betrivers,2025-10-27T14:54:42Z,2025-10-27T14:55:50Z,-122.0,-109.0
Dillon Brooks,Phoenix Suns @ Utah Jazz,2025-10-28T01:00:00Z,player_rebounds,3.5,betrivers,2025-10-27T14:54:42Z,2025-10-27T14:55:50Z,100.0,-134.0
Kyle Filipowski,Phoenix Suns @ Utah Jazz,2025-10-28T01:00:00Z,player_rebounds,5.5,betrivers,2025-10-27T14:54:42Z,2025-10-27T14:55:50Z,-122.0,-109.0
Lauri Markkanen,Phoenix Suns @ Utah Jazz,2025-10-28T01:00:00Z,player_rebounds,5.5,betrivers,2025-10-27T14:54:42Z,2025-10-27T14:55:50Z,-124.0,-107.0
Grayson Allen,Phoenix Suns @ Utah Jazz,2025-10-28T01:00:00Z,player_rebounds,3.5,betrivers,2025-10-27T14:54:42Z,2025-10-27T14:55:50Z,-124.0,-108.0
Keyonte George,Phoenix Suns @ Utah Jazz,2025-10-28T01:00:00Z,player_rebounds,2.5,betrivers,2025-10-27T14:54:42Z,2025-10-27T14:55:50Z,-148.0,110.0
Devin Booker,Phoenix Suns @ Utah Jazz,2025-10-28T01:00:00Z,player_rebounds,3.5,betrivers,2025-10-27T14:54:42Z,2025-10-27T14:55:50Z,-148.0,110.0
Dillon Brooks,Phoenix Suns @ Utah Jazz,2025-10-28T01:00:00Z,player_threes,2.5,betrivers,2025-10-27T14:54:42Z,2025-10-27T14:55:50Z,-108.0,-124.0
Kyle Filipowski,Phoenix Suns @ Utah Jazz,2025-10-28T01:00:00Z,player_threes,1.5,betrivers,2025-10-27T14:54:42Z,2025-10-27T14:55:50Z,135.0,-182.0
Devin Booker,Phoenix Suns @ Utah Jazz,2025-10-28T01:00:00Z,player_threes,1.5,betrivers,2025-10-27T14:54:42Z,2025-10-27T14:55:50Z,-190.0,140.0
Grayson Allen,Phoenix Suns @ Utah Jazz,2025-10-28T01:00:00Z,player_threes,3.5,betrivers,2025-10-27T14:54:42Z,2025-10-27T14:55:50Z,112.0,-150.0
Lauri Markkanen,Phoenix Suns @ Utah Jazz,2025-10-28T01:00:00Z,player_threes,3.5,betrivers,2025-10-27T14:54:42Z,2025-10-27T14:55:50Z,-109.0,-121.0
Keyonte George,Phoenix Suns @ Utah Jazz,2025-10-28T01:00:00Z,player_threes,2.5,betrivers,2025-10-27T14:54:42Z,2025-10-27T14:55:50Z,-108.0,-122.0
Kyle Filipowski,Phoenix Suns @ Utah Jazz,2025-10-28T01:00:00Z,player_assists,2.5,betmgm,2025-10-27T14:55:29Z,2025-10-27T14:55:41Z,-110.0,-120.0
Lauri Markkanen,Phoenix Suns @ Utah Jazz,2025-10-28T01:00:00Z,player_assists,1.5,betmgm,2025-10-27T14:55:29Z,2025-10-27T14:55:41Z,-140.0,105.0
Oso Ighodaro,Phoenix Suns @ Utah Jazz,2025-10-28T01:00:00Z,player_assists,1.5,betmgm,2025-10-27T14:55:29Z,2025-10-27T14:55:41Z,145.0,-190.0
Mark Williams,Phoenix Suns @ Utah Jazz,2025-10-28T01:00:00Z,player_assists,1.5,betmgm,2025-10-27T14:55:29Z,2025-10-27T14:55:41Z,-130.0,-105.0
Keyonte George,Phoenix Suns @ Utah Jazz,2025-10-28T01:00:00Z,player_assists,7.5,betmgm,2025-10-27T14:55:29Z,2025-10-27T14:55:41Z,105.0,-145.0
Jusuf Nurkic,Phoenix Suns @ Utah Jazz,2025-10-28T01:00:00Z,player_assists,2.5,betmgm,2025-10-27T14:55:29Z,2025-10-27T14:55:41Z,-118.0,-115.0
Walker Kessler,Phoenix Suns @ Utah Jazz,2025-10-28T01:00:00Z,player_assists,2.5,betmgm,2025-10-27T14:55:29Z,2025-10-27T14:55:41Z,145.0,-200.0
Walter Clayton Jr.,Phoenix Suns @ Utah Jazz,2025-10-28T01:00:00Z,player_assists,2.5,betmgm,2025-10-27T14:55:29Z,2025-10-27T14:55:41Z,-160.0,120.0
Ryan Dunn,Phoenix Suns @ Utah Jazz,2025-10-28T01:00:00Z,player_assists,1.5,betmgm,2025-10-27T14:55:29Z,2025-10-27T14:55:41Z,175.0,-235.0
Collin Gillespie,Phoenix Suns @ Utah Jazz,2025-10-28T01:00:00Z,player_assists,4.5,betmgm,2025-10-27T14:55:29Z,2025-10-27T14:55:41Z,105.0,-145.0
Grayson Allen,Phoenix Suns @ Utah Jazz,2025-10-28T01:00:00Z,player_assists,4.5,betmgm,2025-10-27T14:55:29Z,2025-10-27T14:55:41Z,-118.0,-115.0
Svi Mykhailiuk,Phoenix Suns @ Utah Jazz,2025-10-28T01:00:00Z,player_assists,2.5,betmgm,2025-10-27T14:55:29Z,2025-10-27T14:55:41Z,110.0,-145.0
Brice Sensabaugh,Phoenix Suns @ Utah Jazz,2025-10-28T01:00:00Z,player_assists,2.5,betmgm,2025-10-27T14:55:29Z,2025-10-27T14:55:41Z,130.0,-175.0
Devin Booker,Phoenix Suns @ Utah Jazz,2025-10-28T01:00:00Z,player_assists,8.5,betmgm,2025-10-27T14:55:29Z,2025-10-27T14:55:41Z,110.0,-145.0
Dillon Brooks,Phoenix Suns @ Utah Jazz,2025-10-28T01:00:00Z,player_assists,2.5,betmgm,2025-10-27T14:55:29Z,2025-10-27T14:55:41Z,130.0,-175.0
Kyle Filipowski,Phoenix Suns @ Utah Jazz,2025-10-28T01:00:00Z,player_blocks,0.5,betmgm,2025-10-27T14:55:29Z,2025-10-27T14:55:41Z,240.0,-375.0
Lauri Markkanen,Phoenix Suns @ Utah Jazz,2025-10-28T01:00:00Z,player_blocks,0.5,betmgm,2025-10-27T14:55:29Z,2025-10-27T14:55:41Z,230.0,-350.0
Oso Ighodaro,Phoenix Suns @ Utah Jazz,2025-10-28T01:00:00Z,player_blocks,0.5,betmgm,2025-10-27T14:55:29Z,2025-10-27T14:55:41Z,110.0,-155.0
Keyonte George,Phoenix Suns @ Utah Jazz,2025-10-28T01:00:00Z,player_blocks,0.5,betmgm,2025-10-27T14:55:29Z,2025-10-27T14:55:41Z,400.0,-700.0
Walker Kessler,Phoenix Suns @ Utah Jazz,2025-10-28T01:00:00Z,player_blocks,2.5,betmgm,2025-10-27T14:55:29Z,2025-10-27T14:55:41Z,140.0,-200.0
Ryan Dunn,Phoenix Suns @ Utah Jazz,2025-10-28T01:00:00Z,player_blocks,0.5,betmgm,2025-10-27T14:55:29Z,2025-10-27T14:55:41Z,-135.0,-105.0
Grayson Allen,Phoenix Suns @ Utah Jazz,2025-10-28T01:00:00Z,player_blocks,0.5,betmgm,2025-10-27T14:55:29Z,2025-10-27T14:55:41Z,200.0,-295.0
Svi Mykhailiuk,Phoenix Suns @ Utah Jazz,2025-10-28T01:00:00Z,player_blocks,0.5,betmgm,2025-10-27T14:55:29Z,2025-10-27T14:55:41Z,400.0,-700.0
Devin Booker,Phoenix Suns @ Utah Jazz,2025-10-28T01:00:00Z,player_blocks,0.5,betmgm,2025-10-27T14:55:29Z,2025-10-27T14:55:41Z,400.0,-700.0
Dillon Brooks,Phoenix Suns @ Utah Jazz,2025-10-28T01:00:00Z,player_blocks,0.5,betmgm,2025-10-27T14:55:29Z,2025-10-27T14:55:41Z,270.0,-400.0
Kyle Filipowski,Phoenix Suns @ Utah Jazz,2025-10-28T01:00:00Z,player_double_double,,betmgm,2025-10-27T14:55:29Z,2025-10-27T14:55:41Z,,
Lauri Markkanen,Phoenix Suns @ Utah Jazz,2025-10-28T01:00:00Z,player_double_double,,betmgm,2025-10-27T14:55:29Z,2025-10-27T14:55:41Z,,
Oso Ighodaro,Phoenix Suns @ Utah Jazz,2025-10-28T01:00:00Z,player_double_double,,betmgm,2025-10-27T14:55:29Z,2025-10-27T14:55:41Z,,
Keyonte George,Phoenix Suns @ Utah Jazz,2025-10-28T01:00:00Z,player_double_double,,betmgm,2025-10-27T14:55:29Z,2025-10-27T14:55:41Z,,
Walker Kessler,Phoenix Suns @ Utah Jazz,2025-10-28T01:00:00Z,player_double_double,,betmgm,2025-10-27T14:55:29Z,2025-10-27T14:55:41Z,,
Ryan Dunn,Phoenix Suns @ Utah Jazz,2025-10-28T01:00:00Z,player_double_double,,betmgm,2025-10-27T14:55:29Z,2025-10-27T14:55:41Z,,
Grayson Allen,Phoenix Suns @ Utah Jazz,2025-10-28T01:00:00Z,player_double_double,,betmgm,2025-10-27T14:55:29Z,2025-10-27T14:55:41Z,,
Devin Booker,Phoenix Suns @ Utah Jazz,2025-10-28T01:00:00Z,player_double_double,,betmgm,2025-10-27T14:55:29Z,2025-10-27T14:55:41Z,,
Kyle Filipowski,Phoenix Suns @ Utah Jazz,2025-10-28T01:00:00Z,player_points,10.5,betmgm,2025-10-27T14:55:29Z,2025-10-27T14:55:41Z,-120.0,-110.0
Oso Ighodaro,Phoenix Suns @ Utah Jazz,2025-10-28T01:00:00Z,player_points,6.5,betmgm,2025-10-27T14:55:29Z,2025-10-27T14:55:41Z,110.0,-145.0
Mark Williams,Phoenix Suns @ Utah Jazz,2025-10-28T01:00:00Z,player_points,12.5,betmgm,2025-10-27T14:55:29Z,2025-10-27T14:55:41Z,-110.0,-118.0
Keyonte George,Phoenix Suns @ Utah Jazz,2025-10-28T01:00:00Z,player_points,17.5,betmgm,2025-10-27T14:55:29Z,2025-10-27T14:55:41Z,-118.0,-110.0
Jusuf Nurkic,Phoenix Suns @ Utah Jazz,2025-10-28T01:00:00Z,player_points,7.5,betmgm,2025-10-27T14:55:29Z,2025-10-27T14:55:41Z,-130.0,-105.0
Walker Kessler,Phoenix Suns @ Utah Jazz,2025-10-28T01:00:00Z,player_points,10.5,betmgm,2025-10-27T14:55:29Z,2025-10-27T14:55:41Z,-130.0,-105.0
Walter Clayton Jr.,Phoenix Suns @ Utah Jazz,2025-10-28T01:00:00Z,player_points,9.5,betmgm,2025-10-27T14:55:29Z,2025-10-27T14:55:41Z,-110.0,-118.0
Ryan Dunn,Phoenix Suns @ Utah Jazz,2025-10-28T01:00:00Z,player_points,8.5,betmgm,2025-10-27T14:55:29Z,2025-10-27T14:55:41Z,-110.0,-120.0
Collin Gillespie,Phoenix Suns @ Utah Jazz,2025-10-28T01:00:00Z,player_points,8.5,betmgm,2025-10-27T14:55:29Z,2025-10-27T14:55:41Z,-118.0,-110.0
Grayson Allen,Phoenix Suns @ Utah Jazz,2025-10-28T01:00:00Z,player_points,16.5,betmgm,2025-10-27T14:55:29Z,2025-10-27T14:55:41Z,-110.0,-118.0
Svi Mykhailiuk,Phoenix Suns @ Utah Jazz,2025-10-28T01:00:00Z,player_points,8.5,betmgm,2025-10-27T14:55:29Z,2025-10-27T14:55:41Z,-105.0,-130.0
Brice Sensabaugh,Phoenix Suns @ Utah Jazz,2025-10-28T01:00:00Z,player_points,12.5,betmgm,2025-10-27T14:55:29Z,2025-10-27T14:55:41Z,-115.0,-115.0
Devin Booker,Phoenix Suns @ Utah Jazz,2025-10-28T01:00:00Z,player_points,29.5,betmgm,2025-10-27T14:55:29Z,2025-10-27T14:55:41Z,-120.0,-110.0
Dillon Brooks,Phoenix Suns @ Utah Jazz,2025-10-28T01:00:00Z,player_points,18.5,betmgm,2025-10-27T14:55:29Z,2025-10-27T14:55:41Z,-105.0,-125.0
Lauri Markkanen,Phoenix Suns @ Utah Jazz,2025-10-28T01:00:00Z,player_points,24.5,betmgm,2025-10-27T14:55:29Z,2025-10-27T14:55:41Z,-105.0,-125.0
Kyle Filipowski,Phoenix Suns @ Utah Jazz,2025-10-28T01:00:00Z,player_points_rebounds_assists,19.5,betmgm,2025-10-27T14:55:29Z,2025-10-27T14:55:41Z,-110.0,-120.0
Lauri Markkanen,Phoenix Suns @ Utah Jazz,2025-10-28T01:00:00Z,player_points_rebounds_assists,31.5,betmgm,2025-10-27T14:55:29Z,2025-10-27T14:55:41Z,-110.0,-118.0
Oso Ighodaro,Phoenix Suns @ Utah Jazz,2025-10-28T01:00:00Z,player_points_rebounds_assists,12.5,betmgm,2025-10-27T14:55:29Z,2025-10-27T14:55:41Z,-105.0,-130.0
Mark Williams,Phoenix Suns @ Utah Jazz,2025-10-28T01:00:00Z,player_points_rebounds_assists,23.5,betmgm,2025-10-27T14:55:29Z,2025-10-27T14:55:41Z,-110.0,-118.0
Keyonte George,Phoenix Suns @ Utah Jazz,2025-10-28T01:00:00Z,player_points_rebounds_assists,28.5,betmgm,2025-10-27T14:55:29Z,2025-10-27T14:55:41Z,-110.0,-118.0
Jusuf Nurkic,Phoenix Suns @ Utah Jazz,2025-10-28T01:00:00Z,player_points_rebounds_assists,15.5,betmgm,2025-10-27T14:55:29Z,2025-10-27T14:55:41Z,-125.0,-105.0
Walker Kessler,Phoenix Suns @ Utah Jazz,2025-10-28T01:00:00Z,player_points_rebounds_assists,23.5,betmgm,2025-10-27T14:55:29Z,2025-10-27T14:55:41Z,-118.0,-110.0
Walter Clayton Jr.,Phoenix Suns @ Utah Jazz,2025-10-28T01:00:00Z,player_points_rebounds_assists,15.5,betmgm,2025-10-27T14:55:29Z,2025-10-27T14:55:41Z,-115.0,-115.0
Ryan Dunn,Phoenix Suns @ Utah Jazz,2025-10-28T01:00:00Z,player_points_rebounds_assists,14.5,betmgm,2025-10-27T14:55:29Z,2025-10-27T14:55:41Z,-115.0,-115.0
Collin Gillespie,Phoenix Suns @ Utah Jazz,2025-10-28T01:00:00Z,player_points_rebounds_assists,16.5,betmgm,2025-10-27T14:55:29Z,2025-10-27T14:55:41Z,-105.0,-125.0
Grayson Allen,Phoenix Suns @ Utah Jazz,2025-10-28T01:00:00Z,player_points_rebounds_assists,25.5,betmgm,2025-10-27T14:55:29Z,2025-10-27T14:55:41Z,-115.0,-118.0
Svi Mykhailiuk,Phoenix Suns @ Utah Jazz,2025-10-28T01:00:00Z,player_points_rebounds_assists,13.5,betmgm,2025-10-27T14:55:29Z,2025-10-27T14:55:41Z,-105.0,-130.0
Brice Sensabaugh,Phoenix Suns @ Utah Jazz,2025-10-28T01:00:00Z,player_points_rebounds_assists,17.5,betmgm,2025-10-27T14:55:29Z,2025-10-27T14:55:41Z,-118.0,-110.0
Devin Booker,Phoenix Suns @ Utah Jazz,2025-10-28T01:00:00Z,player_points_rebounds_assists,42.5,betmgm,2025-10-27T14:55:29Z,2025-10-27T14:55:41Z,-110.0,-118.0
Dillon Brooks,Phoenix Suns @ Utah Jazz,2025-10-28T01:00:00Z,player_points_rebounds_assists,23.5,betmgm,2025-10-27T14:55:29Z,2025-10-27T14:55:41Z,-120.0,-110.0
Kyle Filipowski,Phoenix Suns @ Utah Jazz,2025-10-28T01:00:00Z,player_rebounds,5.5,betmgm,2025-10-27T14:55:29Z,2025-10-27T14:55:41Z,-125.0,-105.0
Lauri Markkanen,Phoenix Suns @ Utah Jazz,2025-10-28T01:00:00Z,player_rebounds,5.5,betmgm,2025-10-27T14:55:29Z,2025-10-27T14:55:41Z,-105.0,-125.0
Oso Ighodaro,Phoenix Suns @ Utah Jazz,2025-10-28T01:00:00Z,player_rebounds,4.5,betmgm,2025-10-27T14:55:29Z,2025-10-27T14:55:41Z,-110.0,-125.0
Mark Williams,Phoenix Suns @ Utah Jazz,2025-10-28T01:00:00Z,player_rebounds,8.5,betmgm,2025-10-27T14:55:29Z,2025-10-27T14:55:41Z,-140.0,105.0
Keyonte George,Phoenix Suns @ Utah Jazz,2025-10-28T01:00:00Z,player_rebounds,2.5,betmgm,2025-10-27T14:55:29Z,2025-10-27T14:55:41Z,-165.0,125.0
Jusuf Nurkic,Phoenix Suns @ Utah Jazz,2025-10-28T01:00:00Z,player_rebounds,5.5,betmgm,2025-10-27T14:55:29Z,2025-10-27T14:55:41Z,100.0,-135.0
Walter Clayton Jr.,Phoenix Suns @ Utah Jazz,2025-10-28T01:00:00Z,player_rebounds,2.5,betmgm,2025-10-27T14:55:29Z,2025-10-27T14:55:41Z,-130.0,-105.0
Ryan Dunn,Phoenix Suns @ Utah Jazz,2025-10-28T01:00:00Z,player_rebounds,4.5,betmgm,2025-10-27T14:55:29Z,2025-10-27T14:55:41Z,-135.0,100.0
Grayson Allen,Phoenix Suns @ Utah Jazz,2025-10-28T01:00:00Z,player_rebounds,3.5,betmgm,2025-10-27T14:55:29Z,2025-10-27T14:55:41Z,-120.0,-110.0
Svi Mykhailiuk,Phoenix Suns @ Utah Jazz,2025-10-28T01:00:00Z,player_rebounds,2.5,betmgm,2025-10-27T14:55:29Z,2025-10-27T14:55:41Z,125.0,-165.0
Brice Sensabaugh,Phoenix Suns @ Utah Jazz,2025-10-28T01:00:00Z,player_rebounds,2.5,betmgm,2025-10-27T14:55:29Z,2025-10-27T14:55:41Z,-130.0,-105.0
Devin Booker,Phoenix Suns @ Utah Jazz,2025-10-28T01:00:00Z,player_rebounds,3.5,betmgm,2025-10-27T14:55:29Z,2025-10-27T14:55:41Z,-160.0,120.0
Dillon Brooks,Phoenix Suns @ Utah Jazz,2025-10-28T01:00:00Z,player_rebounds,3.5,betmgm,2025-10-27T14:55:29Z,2025-10-27T14:55:41Z,125.0,-165.0
Collin Gillespie,Phoenix Suns @ Utah Jazz,2025-10-28T01:00:00Z,player_rebounds,2.5,betmgm,2025-10-27T14:55:29Z,2025-10-27T14:55:41Z,-175.0,130.0
Walker Kessler,Phoenix Suns @ Utah Jazz,2025-10-28T01:00:00Z,player_rebounds,10.5,betmgm,2025-10-27T14:55:29Z,2025-10-27T14:55:41Z,-105.0,-125.0
Kyle Filipowski,Phoenix Suns @ Utah Jazz,2025-10-28T01:00:00Z,player_threes,1.5,betmgm,2025-10-27T14:55:29Z,2025-10-27T14:55:41Z,115.0,-155.0
Lauri Markkanen,Phoenix Suns @ Utah Jazz,2025-10-28T01:00:00Z,player_threes,3.5,betmgm,2025-10-27T14:55:29Z,2025-10-27T14:55:41Z,-118.0,-115.0
Keyonte George,Phoenix Suns @ Utah Jazz,2025-10-28T01:00:00Z,player_threes,2.5,betmgm,2025-10-27T14:55:29Z,2025-10-27T14:55:41Z,105.0,-140.0
Jusuf Nurkic,Phoenix Suns @ Utah Jazz,2025-10-28T01:00:00Z,player_threes,0.5,betmgm,2025-10-27T14:55:29Z,2025-10-27T14:55:41Z,150.0,-200.0
Walker Kessler,Phoenix Suns @ Utah Jazz,2025-10-28T01:00:00Z,player_threes,0.5,betmgm,2025-10-27T14:55:29Z,2025-10-27T14:55:41Z,230.0,-325.0
Walter Clayton Jr.,Phoenix Suns @ Utah Jazz,2025-10-28T01:00:00Z,player_threes,1.5,betmgm,2025-10-27T14:55:29Z,2025-10-27T14:55:41Z,125.0,-160.0
Ryan Dunn,Phoenix Suns @ Utah Jazz,2025-10-28T01:00:00Z,player_threes,1.5,betmgm,2025-10-27T14:55:29Z,2025-10-27T14:55:41Z,130.0,-175.0
Collin Gillespie,Phoenix Suns @ Utah Jazz,2025-10-28T01:00:00Z,player_threes,1.5,betmgm,2025-10-27T14:55:29Z,2025-10-27T14:55:41Z,-145.0,105.0
Grayson Allen,Phoenix Suns @ Utah Jazz,2025-10-28T01:00:00Z,player_threes,3.5,betmgm,2025-10-27T14:55:29Z,2025-10-27T14:55:41Z,-105.0,-130.0
Svi Mykhailiuk,Phoenix Suns @ Utah Jazz,2025-10-28T01:00:00Z,player_threes,1.5,betmgm,2025-10-27T14:55:29Z,2025-10-27T14:55:41Z,-160.0,120.0
Brice Sensabaugh,Phoenix Suns @ Utah Jazz,2025-10-28T01:00:00Z,player_threes,2.5,betmgm,2025-10-27T14:55:29Z,2025-10-27T14:55:41Z,-105.0,-125.0
Devin Booker,Phoenix Suns @ Utah Jazz,2025-10-28T01:00:00Z,player_threes,2.5,betmgm,2025-10-27T14:55:29Z,2025-10-27T14:55:41Z,140.0,-190.0
Dillon Brooks,Phoenix Suns @ Utah Jazz,2025-10-28T01:00:00Z,player_threes,2.5,betmgm,2025-10-27T14:55:29Z,2025-10-27T14:55:41Z,-120.0,-110.0
Devin Booker,Phoenix Suns @ Utah Jazz,2025-10-28T01:00:00Z,player_triple_double,,betmgm,2025-10-27T14:55:29Z,2025-10-27T14:55:41Z,,
Devin Booker,Phoenix Suns @ Utah Jazz,2025-10-28T01:00:00Z,player_assists,6.5,bovada,2025-10-27T14:54:45Z,2025-10-27T14:55:58Z,-275.0,200.0
Devin Booker,Phoenix Suns @ Utah Jazz,2025-10-28T01:00:00Z,player_assists,8.5,bovada,2025-10-27T14:54:45Z,2025-10-27T14:55:58Z,120.0,-160.0
Devin Booker,Phoenix Suns @ Utah Jazz,2025-10-28T01:00:00Z,player_assists,9.5,bovada,2025-10-27T14:54:45Z,2025-10-27T14:55:58Z,200.0,-275.0
Grayson Allen,Phoenix Suns @ Utah Jazz,2025-10-28T01:00:00Z,player_assists,3.5,bovada,2025-10-27T14:54:45Z,2025-10-27T14:55:58Z,-210.0,155.0
Grayson Allen,Phoenix Suns @ Utah Jazz,2025-10-28T01:00:00Z,player_assists,4.5,bovada,2025-10-27T14:54:45Z,2025-10-27T14:55:58Z,105.0,-135.0
Grayson Allen,Phoenix Suns @ Utah Jazz,2025-10-28T01:00:00Z,player_assists,5.5,bovada,2025-10-27T14:54:45Z,2025-10-27T14:55:58Z,210.0,-290.0
Keyonte George,Phoenix Suns @ Utah Jazz,2025-10-28T01:00:00Z,player_assists,5.5,bovada,2025-10-27T14:54:45Z,2025-10-27T14:55:58Z,-260.0,190.0
Keyonte George,Phoenix Suns @ Utah Jazz,2025-10-28T01:00:00Z,player_assists,6.5,bovada,2025-10-27T14:54:45Z,2025-10-27T14:55:58Z,-135.0,105.0
Keyonte George,Phoenix Suns @ Utah Jazz,2025-10-28T01:00:00Z,player_assists,7.5,bovada,2025-10-27T14:54:45Z,2025-10-27T14:55:58Z,130.0,-170.0
Kyle Filipowski,Phoenix Suns @ Utah Jazz,2025-10-28T01:00:00Z,player_assists,1.5,bovada,2025-10-27T14:54:45Z,2025-10-27T14:55:58Z,-275.0,200.0
Kyle Filipowski,Phoenix Suns @ Utah Jazz,2025-10-28T01:00:00Z,player_assists,2.5,bovada,2025-10-27T14:54:45Z,2025-10-27T14:55:58Z,110.0,-145.0
Lauri Markkanen,Phoenix Suns @ Utah Jazz,2025-10-28T01:00:00Z,player_assists,2.5,bovada,2025-10-27T14:54:45Z,2025-10-27T14:55:58Z,185.0,-250.0
Svi Mykhailiuk,Phoenix Suns @ Utah Jazz,2025-10-28T01:00:00Z,player_assists,1.5,bovada,2025-10-27T14:54:45Z,2025-10-27T14:55:58Z,-230.0,170.0
Svi Mykhailiuk,Phoenix Suns @ Utah Jazz,2025-10-28T01:00:00Z,player_assists,2.5,bovada,2025-10-27T14:54:45Z,2025-10-27T14:55:58Z,130.0,-170.0
Walker Kessler,Phoenix Suns @ Utah Jazz,2025-10-28T01:00:00Z,player_double_double,,bovada,2025-10-27T14:54:45Z,2025-10-27T14:55:58Z,,
Devin Booker,Phoenix Suns @ Utah Jazz,2025-10-28T01:00:00Z,player_double_double,,bovada,2025-10-27T14:54:45Z,2025-10-27T14:55:58Z,,
Keyonte George,Phoenix Suns @ Utah Jazz,2025-10-28T01:00:00Z,player_double_double,,bovada,2025-10-27T14:54:45Z,2025-10-27T14:55:58Z,,
Lauri Markkanen,Phoenix Suns @ Utah Jazz,2025-10-28T01:00:00Z,player_double_double,,bovada,2025-10-27T14:54:45Z,2025-10-27T14:55:58Z,,
Kyle Filipowski,Phoenix Suns @ Utah Jazz,2025-10-28T01:00:00Z,player_double_double,,bovada,2025-10-27T14:54:45Z,2025-10-27T14:55:58Z,,
Grayson Allen,Phoenix Suns @ Utah Jazz,2025-10-28T01:00:00Z,player_double_double,,bovada,2025-10-27T14:54:45Z,2025-10-27T14:55:58Z,,
Ryan Dunn,Phoenix Suns @ Utah Jazz,2025-10-28T01:00:00Z,player_double_double,,bovada,2025-10-27T14:54:45Z,2025-10-27T14:55:58Z,,
Devin Booker,Phoenix Suns @ Utah Jazz,2025-10-28T01:00:00Z,player_points,24.5,bovada,2025-10-27T14:54:45Z,2025-10-27T14:55:58Z,-260.0,190.0
Devin Booker,Phoenix Suns @ Utah Jazz,2025-10-28T01:00:00Z,player_points,25.5,bovada,2025-10-27T14:54:45Z,2025-10-27T14:55:58Z,-210.0,155.0
Devin Booker,Phoenix Suns @ Utah Jazz,2025-10-28T01:00:00Z,player_points,26.5,bovada,2025-10-27T14:54:45Z,2025-10-27T14:55:58Z,-170.0,130.0
Devin Booker,Phoenix Suns @ Utah Jazz,2025-10-28T01:00:00Z,player_points,27.5,bovada,2025-10-27T14:54:45Z,2025-10-27T14:55:58Z,-135.0,105.0
Devin Booker,Phoenix Suns @ Utah Jazz,2025-10-28T01:00:00Z,player_points,28.5,bovada,2025-10-27T14:54:45Z,2025-10-27T14:55:58Z,-115.0,-115.0
Devin Booker,Phoenix Suns @ Utah Jazz,2025-10-28T01:00:00Z,player_points,29.5,bovada,2025-10-27T14:54:45Z,2025-10-27T14:55:58Z,105.0,-135.0
Devin Booker,Phoenix Suns @ Utah Jazz,2025-10-28T01:00:00Z,player_points,30.5,bovada,2025-10-27T14:54:45Z,2025-10-27T14:55:58Z,125.0,-165.0
Devin Booker,Phoenix Suns @ Utah Jazz,2025-10-28T01:00:00Z,player_points,31.5,bovada,2025-10-27T14:54:45Z,2025-10-27T14:55:58Z,150.0,-200.0
Devin Booker,Phoenix Suns @ Utah Jazz,2025-10-28T01:00:00Z,player_points,32.5,bovada,2025-10-27T14:54:45Z,2025-10-27T14:55:58Z,175.0,-240.0
Devin Booker,Phoenix Suns @ Utah Jazz,2025-10-28T01:00:00Z,player_points,33.5,bovada,2025-10-27T14:54:45Z,2025-10-27T14:55:58Z,210.0,-290.0
Dillon Brooks,Phoenix Suns @ Utah Jazz,2025-10-28T01:00:00Z,player_points,14.5,bovada,2025-10-27T14:54:45Z,2025-10-27T14:55:58Z,-250.0,185.0
Dillon Brooks,Phoenix Suns @ Utah Jazz,2025-10-28T01:00:00Z,player_points,15.5,bovada,2025-10-27T14:54:45Z,2025-10-27T14:55:58Z,-190.0,145.0
Dillon Brooks,Phoenix Suns @ Utah Jazz,2025-10-28T01:00:00Z,player_points,16.5,bovada,2025-10-27T14:54:45Z,2025-10-27T14:55:58Z,-150.0,115.0
Dillon Brooks,Phoenix Suns @ Utah Jazz,2025-10-28T01:00:00Z,player_points,17.5,bovada,2025-10-27T14:54:45Z,2025-10-27T14:55:58Z,-115.0,-115.0
Dillon Brooks,Phoenix Suns @ Utah Jazz,2025-10-28T01:00:00Z,player_points,18.5,bovada,2025-10-27T14:54:45Z,2025-10-27T14:55:58Z,110.0,-145.0
Dillon Brooks,Phoenix Suns @ Utah Jazz,2025-10-28T01:00:00Z,player_points,19.5,bovada,2025-10-27T14:54:45Z,2025-10-27T14:55:58Z,135.0,-180.0
Dillon Brooks,Phoenix Suns @ Utah Jazz,2025-10-28T01:00:00Z,player_points,20.5,bovada,2025-10-27T14:54:45Z,2025-10-27T14:55:58Z,170.0,-230.0
Dillon Brooks,Phoenix Suns @ Utah Jazz,2025-10-28T01:00:00Z,player_points,21.5,bovada,2025-10-27T14:54:45Z,2025-10-27T14:55:58Z,210.0,-290.0
Grayson Allen,Phoenix Suns @ Utah Jazz,2025-10-28T01:00:00Z,player_points,12.5,bovada,2025-10-27T14:54:45Z,2025-10-27T14:55:58Z,-280.0,205.0
Grayson Allen,Phoenix Suns @ Utah Jazz,2025-10-28T01:00:00Z,player_points,13.5,bovada,2025-10-27T14:54:45Z,2025-10-27T14:55:58Z,-210.0,155.0
Grayson Allen,Phoenix Suns @ Utah Jazz,2025-10-28T01:00:00Z,player_points,14.5,bovada,2025-10-27T14:54:45Z,2025-10-27T14:55:58Z,-160.0,120.0
Grayson Allen,Phoenix Suns @ Utah Jazz,2025-10-28T01:00:00Z,player_points,15.5,bovada,2025-10-27T14:54:45Z,2025-10-27T14:55:58Z,-125.0,-105.0
Grayson Allen,Phoenix Suns @ Utah Jazz,2025-10-28T01:00:00Z,player_points,16.5,bovada,2025-10-27T14:54:45Z,2025-10-27T14:55:58Z,105.0,-135.0
Grayson Allen,Phoenix Suns @ Utah Jazz,2025-10-28T01:00:00Z,player_points,17.5,bovada,2025-10-27T14:54:45Z,2025-10-27T14:55:58Z,130.0,-170.0
Grayson Allen,Phoenix Suns @ Utah Jazz,2025-10-28T01:00:00Z,player_points,18.5,bovada,2025-10-27T14:54:45Z,2025-10-27T14:55:58Z,165.0,-220.0
Grayson Allen,Phoenix Suns @ Utah Jazz,2025-10-28T01:00:00Z,player_points,19.5,bovada,2025-10-27T14:54:45Z,2025-10-27T14:55:58Z,205.0,-280.0
Kyle Filipowski,Phoenix Suns @ Utah Jazz,2025-10-28T01:00:00Z,player_points,8.5,bovada,2025-10-27T14:54:45Z,2025-10-27T14:55:58Z,-210.0,155.0
Kyle Filipowski,Phoenix Suns @ Utah Jazz,2025-10-28T01:00:00Z,player_points,9.5,bovada,2025-10-27T14:54:45Z,2025-10-27T14:55:58Z,-150.0,115.0
Kyle Filipowski,Phoenix Suns @ Utah Jazz,2025-10-28T01:00:00Z,player_points,10.5,bovada,2025-10-27T14:54:45Z,2025-10-27T14:55:58Z,-110.0,-120.0
Kyle Filipowski,Phoenix Suns @ Utah Jazz,2025-10-28T01:00:00Z,player_points,11.5,bovada,2025-10-27T14:54:45Z,2025-10-27T14:55:58Z,120.0,-160.0
Kyle Filipowski,Phoenix Suns @ Utah Jazz,2025-10-28T01:00:00Z,player_points,12.5,bovada,2025-10-27T14:54:45Z,2025-10-27T14:55:58Z,160.0,-215.0
Kyle Filipowski,Phoenix Suns @ Utah Jazz,2025-10-28T01:00:00Z,player_points,13.5,bovada,2025-10-27T14:54:45Z,2025-10-27T14:55:58Z,210.0,-290.0
Lauri Markkanen,Phoenix Suns @ Utah Jazz,2025-10-28T01:00:00Z,player_points,19.5,bovada,2025-10-27T14:54:45Z,2025-10-27T14:55:58Z,-230.0,170.0
Lauri Markkanen,Phoenix Suns @ Utah Jazz,2025-10-28T01:00:00Z,player_points,20.5,bovada,2025-10-27T14:54:45Z,2025-10-27T14:55:58Z,-185.0,140.0
Lauri Markkanen,Phoenix Suns @ Utah Jazz,2025-10-28T01:00:00Z,player_points,21.5,bovada,2025-10-27T14:54:45Z,2025-10-27T14:55:58Z,-145.0,110.0
Lauri Markkanen,Phoenix Suns @ Utah Jazz,2025-10-28T01:00:00Z,player_points,22.5,bovada,2025-10-27T14:54:45Z,2025-10-27T14:55:58Z,-120.0,-110.0
Lauri Markkanen,Phoenix Suns @ Utah Jazz,2025-10-28T01:00:00Z,player_points,23.5,bovada,2025-10-27T14:54:45Z,2025-10-27T14:55:58Z,105.0,-135.0
Lauri Markkanen,Phoenix Suns @ Utah Jazz,2025-10-28T01:00:00Z,player_points,24.5,bovada,2025-10-27T14:54:45Z,2025-10-27T14:55:58Z,125.0,-165.0
Lauri Markkanen,Phoenix Suns @ Utah Jazz,2025-10-28T01:00:00Z,player_points,25.5,bovada,2025-10-27T14:54:45Z,2025-10-27T14:55:58Z,155.0,-210.0
Lauri Markkanen,Phoenix Suns @ Utah Jazz,2025-10-28T01:00:00Z,player_points,26.5,bovada,2025-10-27T14:54:45Z,2025-10-27T14:55:58Z,185.0,-250.0
Ryan Dunn,Phoenix Suns @ Utah Jazz,2025-10-28T01:00:00Z,player_points,6.5,bovada,2025-10-27T14:54:45Z,2025-10-27T14:55:58Z,-250.0,185.0
Ryan Dunn,Phoenix Suns @ Utah Jazz,2025-10-28T01:00:00Z,player_points,7.5,bovada,2025-10-27T14:54:45Z,2025-10-27T14:55:58Z,-170.0,130.0
Ryan Dunn,Phoenix Suns @ Utah Jazz,2025-10-28T01:00:00Z,player_points,8.5,bovada,2025-10-27T14:54:45Z,2025-10-27T14:55:58Z,-120.0,-110.0
Ryan Dunn,Phoenix Suns @ Utah Jazz,2025-10-28T01:00:00Z,player_points,9.5,bovada,2025-10-27T14:54:45Z,2025-10-27T14:55:58Z,115.0,-150.0
Ryan Dunn,Phoenix Suns @ Utah Jazz,2025-10-28T01:00:00Z,player_points,10.5,bovada,2025-10-27T14:54:45Z,2025-10-27T14:55:58Z,155.0,-210.0
Ryan Dunn,Phoenix Suns @ Utah Jazz,2025-10-28T01:00:00Z,player_points,11.5,bovada,2025-10-27T14:54:45Z,2025-10-27T14:55:58Z,205.0,-280.0
Devin Booker,Phoenix Suns @ Utah Jazz,2025-10-28T01:00:00Z,player_points_rebounds_assists,35.5,bovada,2025-10-27T14:54:45Z,2025-10-27T14:55:58Z,-300.0,215.0
Devin Booker,Phoenix Suns @ Utah Jazz,2025-10-28T01:00:00Z,player_points_rebounds_assists,36.5,bovada,2025-10-27T14:54:45Z,2025-10-27T14:55:58Z,-245.0,180.0
Devin Booker,Phoenix Suns @ Utah Jazz,2025-10-28T01:00:00Z,player_points_rebounds_assists,37.5,bovada,2025-10-27T14:54:45Z,2025-10-27T14:55:58Z,-210.0,155.0
Devin Booker,Phoenix Suns @ Utah Jazz,2025-10-28T01:00:00Z,player_points_rebounds_assists,38.5,bovada,2025-10-27T14:54:45Z,2025-10-27T14:55:58Z,-170.0,130.0
Devin Booker,Phoenix Suns @ Utah Jazz,2025-10-28T01:00:00Z,player_points_rebounds_assists,39.5,bovada,2025-10-27T14:54:45Z,2025-10-27T14:55:58Z,-150.0,115.0
Devin Booker,Phoenix Suns @ Utah Jazz,2025-10-28T01:00:00Z,player_points_rebounds_assists,40.5,bovada,2025-10-27T14:54:45Z,2025-10-27T14:55:58Z,-125.0,-105.0
Devin Booker,Phoenix Suns @ Utah Jazz,2025-10-28T01:00:00Z,player_points_rebounds_assists,41.5,bovada,2025-10-27T14:54:45Z,2025-10-27T14:55:58Z,-110.0,-120.0
Devin Booker,Phoenix Suns @ Utah Jazz,2025-10-28T01:00:00Z,player_points_rebounds_assists,42.5,bovada,2025-10-27T14:54:45Z,2025-10-27T14:55:58Z,105.0,-135.0
Devin Booker,Phoenix Suns @ Utah Jazz,2025-10-28T01:00:00Z,player_points_rebounds_assists,43.5,bovada,2025-10-27T14:54:45Z,2025-10-27T14:55:58Z,120.0,-160.0
Devin Booker,Phoenix Suns @ Utah Jazz,2025-10-28T01:00:00Z,player_points_rebounds_assists,44.5,bovada,2025-10-27T14:54:45Z,2025-10-27T14:55:58Z,140.0,-185.0
Devin Booker,Phoenix Suns @ Utah Jazz,2025-10-28T01:00:00Z,player_points_rebounds_assists,45.5,bovada,2025-10-27T14:54:45Z,2025-10-27T14:55:58Z,165.0,-220.0
Devin Booker,Phoenix Suns @ Utah Jazz,2025-10-28T01:00:00Z,player_points_rebounds_assists,46.5,bovada,2025-10-27T14:54:45Z,2025-10-27T14:55:58Z,190.0,-260.0
Grayson Allen,Phoenix Suns @ Utah Jazz,2025-10-28T01:00:00Z,player_points_rebounds_assists,20.5,bovada,2025-10-27T14:54:45Z,2025-10-27T14:55:58Z,-275.0,200.0
Grayson Allen,Phoenix Suns @ Utah Jazz,2025-10-28T01:00:00Z,player_points_rebounds_assists,21.5,bovada,2025-10-27T14:54:45Z,2025-10-27T14:55:58Z,-215.0,160.0
Grayson Allen,Phoenix Suns @ Utah Jazz,2025-10-28T01:00:00Z,player_points_rebounds_assists,22.5,bovada,2025-10-27T14:54:45Z,2025-10-27T14:55:58Z,-170.0,130.0
Grayson Allen,Phoenix Suns @ Utah Jazz,2025-10-28T01:00:00Z,player_points_rebounds_assists,23.5,bovada,2025-10-27T14:54:45Z,2025-10-27T14:55:58Z,-145.0,110.0
Grayson Allen,Phoenix Suns @ Utah Jazz,2025-10-28T01:00:00Z,player_points_rebounds_assists,24.5,bovada,2025-10-27T14:54:45Z,2025-10-27T14:55:58Z,-115.0,-115.0
Grayson Allen,Phoenix Suns @ Utah Jazz,2025-10-28T01:00:00Z,player_points_rebounds_assists,25.5,bovada,2025-10-27T14:54:45Z,2025-10-27T14:55:58Z,105.0,-135.0
Grayson Allen,Phoenix Suns @ Utah Jazz,2025-10-28T01:00:00Z,player_points_rebounds_assists,26.5,bovada,2025-10-27T14:54:45Z,2025-10-27T14:55:58Z,125.0,-165.0
Grayson Allen,Phoenix Suns @ Utah Jazz,2025-10-28T01:00:00Z,player_points_rebounds_assists,27.5,bovada,2025-10-27T14:54:45Z,2025-10-27T14:55:58Z,150.0,-200.0
Grayson Allen,Phoenix Suns @ Utah Jazz,2025-10-28T01:00:00Z,player_points_rebounds_assists,28.5,bovada,2025-10-27T14:54:45Z,2025-10-27T14:55:58Z,180.0,-245.0
Keyonte George,Phoenix Suns @ Utah Jazz,2025-10-28T01:00:00Z,player_points_rebounds_assists,22.5,bovada,2025-10-27T14:54:45Z,2025-10-27T14:55:58Z,-290.0,210.0
Keyonte George,Phoenix Suns @ Utah Jazz,2025-10-28T01:00:00Z,player_points_rebounds_assists,23.5,bovada,2025-10-27T14:54:45Z,2025-10-27T14:55:58Z,-230.0,170.0
Keyonte George,Phoenix Suns @ Utah Jazz,2025-10-28T01:00:00Z,player_points_rebounds_assists,24.5,bovada,2025-10-27T14:54:45Z,2025-10-27T14:55:58Z,-185.0,140.0
Keyonte George,Phoenix Suns @ Utah Jazz,2025-10-28T01:00:00Z,player_points_rebounds_assists,25.5,bovada,2025-10-27T14:54:45Z,2025-10-27T14:55:58Z,-150.0,115.0
Keyonte George,Phoenix Suns @ Utah Jazz,2025-10-28T01:00:00Z,player_points_rebounds_assists,26.5,bovada,2025-10-27T14:54:45Z,2025-10-27T14:55:58Z,-125.0,-105.0
Keyonte George,Phoenix Suns @ Utah Jazz,2025-10-28T01:00:00Z,player_points_rebounds_assists,27.5,bovada,2025-10-27T14:54:45Z,2025-10-27T14:55:58Z,-105.0,-125.0
Keyonte George,Phoenix Suns @ Utah Jazz,2025-10-28T01:00:00Z,player_points_rebounds_assists,28.5,bovada,2025-10-27T14:54:45Z,2025-10-27T14:55:58Z,115.0,-150.0
Keyonte George,Phoenix Suns @ Utah Jazz,2025-10-28T01:00:00Z,player_points_rebounds_assists,29.5,bovada,2025-10-27T14:54:45Z,2025-10-27T14:55:58Z,135.0,-180.0
Keyonte George,Phoenix Suns @ Utah Jazz,2025-10-28T01:00:00Z,player_points_rebounds_assists,30.5,bovada,2025-10-27T14:54:45Z,2025-10-27T14:55:58Z,165.0,-220.0
Keyonte George,Phoenix Suns @ Utah Jazz,2025-10-28T01:00:00Z,player_points_rebounds_assists,31.5,bovada,2025-10-27T14:54:45Z,2025-10-27T14:55:58Z,190.0,-260.0
Kyle Filipowski,Phoenix Suns @ Utah Jazz,2025-10-28T01:00:00Z,player_points_rebounds_assists,15.5,bovada,2025-10-27T14:54:45Z,2025-10-27T14:55:58Z,-250.0,185.0
Kyle Filipowski,Phoenix Suns @ Utah Jazz,2025-10-28T01:00:00Z,player_points_rebounds_assists,16.5,bovada,2025-10-27T14:54:45Z,2025-10-27T14:55:58Z,-190.0,145.0
Kyle Filipowski,Phoenix Suns @ Utah Jazz,2025-10-28T01:00:00Z,player_points_rebounds_assists,17.5,bovada,2025-10-27T14:54:45Z,2025-10-27T14:55:58Z,-150.0,115.0
Kyle Filipowski,Phoenix Suns @ Utah Jazz,2025-10-28T01:00:00Z,player_points_rebounds_assists,18.5,bovada,2025-10-27T14:54:45Z,2025-10-27T14:55:58Z,-120.0,-110.0
Kyle Filipowski,Phoenix Suns @ Utah Jazz,2025-10-28T01:00:00Z,player_points_rebounds_assists,19.5,bovada,2025-10-27T14:54:45Z,2025-10-27T14:55:58Z,105.0,-135.0
Kyle Filipowski,Phoenix Suns @ Utah Jazz,2025-10-28T01:00:00Z,player_points_rebounds_assists,20.5,bovada,2025-10-27T14:54:45Z,2025-10-27T14:55:58Z,130.0,-170.0
Kyle Filipowski,Phoenix Suns @ Utah Jazz,2025-10-28T01:00:00Z,player_points_rebounds_assists,21.5,bovada,2025-10-27T14:54:45Z,2025-10-27T14:55:58Z,160.0,-215.0
Kyle Filipowski,Phoenix Suns @ Utah Jazz,2025-10-28T01:00:00Z,player_points_rebounds_assists,22.5,bovada,2025-10-27T14:54:45Z,2025-10-27T14:55:58Z,190.0,-260.0
Lauri Markkanen,Phoenix Suns @ Utah Jazz,2025-10-28T01:00:00Z,player_points_rebounds_assists,26.5,bovada,2025-10-27T14:54:45Z,2025-10-27T14:55:58Z,-260.0,190.0
Lauri Markkanen,Phoenix Suns @ Utah Jazz,2025-10-28T01:00:00Z,player_points_rebounds_assists,27.5,bovada,2025-10-27T14:54:45Z,2025-10-27T14:55:58Z,-210.0,155.0
Lauri Markkanen,Phoenix Suns @ Utah Jazz,2025-10-28T01:00:00Z,player_points_rebounds_assists,28.5,bovada,2025-10-27T14:54:45Z,2025-10-27T14:55:58Z,-170.0,130.0
Lauri Markkanen,Phoenix Suns @ Utah Jazz,2025-10-28T01:00:00Z,player_points_rebounds_assists,29.5,bovada,2025-10-27T14:54:45Z,2025-10-27T14:55:58Z,-145.0,110.0
Lauri Markkanen,Phoenix Suns @ Utah Jazz,2025-10-28T01:00:00Z,player_points_rebounds_assists,30.5,bovada,2025-10-27T14:54:45Z,2025-10-27T14:55:58Z,-120.0,-110.0
Lauri Markkanen,Phoenix Suns @ Utah Jazz,2025-10-28T01:00:00Z,player_points_rebounds_assists,31.5,bovada,2025-10-27T14:54:45Z,2025-10-27T14:55:58Z,100.0,-130.0
Lauri Markkanen,Phoenix Suns @ Utah Jazz,2025-10-28T01:00:00Z,player_points_rebounds_assists,32.5,bovada,2025-10-27T14:54:45Z,2025-10-27T14:55:58Z,120.0,-160.0
Lauri Markkanen,Phoenix Suns @ Utah Jazz,2025-10-28T01:00:00Z,player_points_rebounds_assists,33.5,bovada,2025-10-27T14:54:45Z,2025-10-27T14:55:58Z,140.0,-185.0
Lauri Markkanen,Phoenix Suns @ Utah Jazz,2025-10-28T01:00:00Z,player_points_rebounds_assists,34.5,bovada,2025-10-27T14:54:45Z,2025-10-27T14:55:58Z,165.0,-220.0
Lauri Markkanen,Phoenix Suns @ Utah Jazz,2025-10-28T01:00:00Z,player_points_rebounds_assists,35.5,bovada,2025-10-27T14:54:45Z,2025-10-27T14:55:58Z,190.0,-260.0
Walker Kessler,Phoenix Suns @ Utah Jazz,2025-10-28T01:00:00Z,player_points_rebounds_assists,20.5,bovada,2025-10-27T14:54:45Z,2025-10-27T14:55:58Z,-260.0,190.0
Walker Kessler,Phoenix Suns @ Utah Jazz,2025-10-28T01:00:00Z,player_points_rebounds_assists,21.5,bovada,2025-10-27T14:54:45Z,2025-10-27T14:55:58Z,-210.0,155.0
Walker Kessler,Phoenix Suns @ Utah Jazz,2025-10-28T01:00:00Z,player_points_rebounds_assists,22.5,bovada,2025-10-27T14:54:45Z,2025-10-27T14:55:58Z,-170.0,130.0
Walker Kessler,Phoenix Suns @ Utah Jazz,2025-10-28T01:00:00Z,player_points_rebounds_assists,24.5,bovada,2025-10-27T14:54:45Z,2025-10-27T14:55:58Z,-115.0,-115.0
Walker Kessler,Phoenix Suns @ Utah Jazz,2025-10-28T01:00:00Z,player_points_rebounds_assists,25.5,bovada,2025-10-27T14:54:45Z,2025-10-27T14:55:58Z,110.0,-145.0
Walker Kessler,Phoenix Suns @ Utah Jazz,2025-10-28T01:00:00Z,player_points_rebounds_assists,26.5,bovada,2025-10-27T14:54:45Z,2025-10-27T14:55:58Z,130.0,-170.0
Walker Kessler,Phoenix Suns @ Utah Jazz,2025-10-28T01:00:00Z,player_points_rebounds_assists,27.5,bovada,2025-10-27T14:54:45Z,2025-10-27T14:55:58Z,155.0,-210.0
Walker Kessler,Phoenix Suns @ Utah Jazz,2025-10-28T01:00:00Z,player_points_rebounds_assists,28.5,bovada,2025-10-27T14:54:45Z,2025-10-27T14:55:58Z,190.0,-260.0
Grayson Allen,Phoenix Suns @ Utah Jazz,2025-10-28T01:00:00Z,player_rebounds,3.5,bovada,2025-10-27T14:54:45Z,2025-10-27T14:55:58Z,-135.0,105.0
Grayson Allen,Phoenix Suns @ Utah Jazz,2025-10-28T01:00:00Z,player_rebounds,4.5,bovada,2025-10-27T14:54:45Z,2025-10-27T14:55:58Z,150.0,-200.0
Kyle Filipowski,Phoenix Suns @ Utah Jazz,2025-10-28T01:00:00Z,player_rebounds,4.5,bovada,2025-10-27T14:54:45Z,2025-10-27T14:55:58Z,-300.0,215.0
Kyle Filipowski,Phoenix Suns @ Utah Jazz,2025-10-28T01:00:00Z,player_rebounds,5.5,bovada,2025-10-27T14:54:45Z,2025-10-27T14:55:58Z,-145.0,110.0
Kyle Filipowski,Phoenix Suns @ Utah Jazz,2025-10-28T01:00:00Z,player_rebounds,6.5,bovada,2025-10-27T14:54:45Z,2025-10-27T14:55:58Z,120.0,-160.0
Kyle Filipowski,Phoenix Suns @ Utah Jazz,2025-10-28T01:00:00Z,player_rebounds,7.5,bovada,2025-10-27T14:54:45Z,2025-10-27T14:55:58Z,210.0,-290.0
Lauri Markkanen,Phoenix Suns @ Utah Jazz,2025-10-28T01:00:00Z,player_rebounds,4.5,bovada,2025-10-27T14:54:45Z,2025-10-27T14:55:58Z,-275.0,200.0
Lauri Markkanen,Phoenix Suns @ Utah Jazz,2025-10-28T01:00:00Z,player_rebounds,6.5,bovada,2025-10-27T14:54:45Z,2025-10-27T14:55:58Z,130.0,-170.0
Walker Kessler,Phoenix Suns @ Utah Jazz,2025-10-28T01:00:00Z,player_rebounds,9.5,bovada,2025-10-27T14:54:45Z,2025-10-27T14:55:58Z,-185.0,140.0
Walker Kessler,Phoenix Suns @ Utah Jazz,2025-10-28T01:00:00Z,player_rebounds,11.5,bovada,2025-10-27T14:54:45Z,2025-10-27T14:55:58Z,130.0,-170.0
Walker Kessler,Phoenix Suns @ Utah Jazz,2025-10-28T01:00:00Z,player_rebounds,12.5,bovada,2025-10-27T14:54:45Z,2025-10-27T14:55:58Z,200.0,-275.0
Grayson Allen,Phoenix Suns @ Utah Jazz,2025-10-28T01:00:00Z,player_threes,2.5,bovada,2025-10-27T14:54:45Z,2025-10-27T14:55:58Z,-230.0,170.0
Grayson Allen,Phoenix Suns @ Utah Jazz,2025-10-28T01:00:00Z,player_threes,3.5,bovada,2025-10-27T14:54:45Z,2025-10-27T14:55:58Z,110.0,-145.0
Kyle Filipowski,Phoenix Suns @ Utah Jazz,2025-10-28T01:00:00Z,player_threes,1.5,bovada,2025-10-27T14:54:45Z,2025-10-27T14:55:58Z,130.0,-170.0
Devin Booker,Phoenix Suns @ Utah Jazz,2025-10-28T01:00:00Z,player_triple_double,,bovada,2025-10-27T14:54:45Z,2025-10-27T14:55:58Z,,
Nikola Jokic,Denver Nuggets @ Minnesota Timberwolves,2025-10-28T01:40:00Z,player_assists,9.5,draftkings,2025-10-27T14:54:53Z,2025-10-27T14:55:03Z,-107.0,-121.0
Anthony Edwards,Denver Nuggets @ Minnesota Timberwolves,2025-10-28T01:40:00Z,player_assists,5.5,draftkings,2025-10-27T14:54:53Z,2025-10-27T14:55:03Z,107.0,-139.0
Jamal Murray,Denver Nuggets @ Minnesota Timberwolves,2025-10-28T01:40:00Z,player_assists,4.5,draftkings,2025-10-27T14:54:53Z,2025-10-27T14:55:03Z,-158.0,121.0
Aaron Gordon,Denver Nuggets @ Minnesota Timberwolves,2025-10-28T01:40:00Z,player_assists,2.5,draftkings,2025-10-27T14:54:53Z,2025-10-27T14:55:03Z,102.0,-132.0
Christian Braun,Denver Nuggets @ Minnesota Timberwolves,2025-10-28T01:40:00Z,player_assists,2.5,draftkings,2025-10-27T14:54:53Z,2025-10-27T14:55:03Z,115.0,-150.0
Cameron Johnson,Denver Nuggets @ Minnesota Timberwolves,2025-10-28T01:40:00Z,player_assists,2.5,draftkings,2025-10-27T14:54:53Z,2025-10-27T14:55:03Z,118.0,-153.0
Nikola Jokic,Denver Nuggets @ Minnesota Timberwolves,2025-10-28T01:40:00Z,player_blocks,0.5,draftkings,2025-10-27T14:54:53Z,2025-10-27T14:55:03Z,103.0,-137.0
Aaron Gordon,Denver Nuggets @ Minnesota Timberwolves,2025-10-28T01:40:00Z,player_blocks,0.5,draftkings,2025-10-27T14:54:53Z,2025-10-27T14:55:03Z,177.0,-240.0
Nikola Jokic,Denver Nuggets @ Minnesota Timberwolves,2025-10-28T01:40:00Z,player_double_double,,draftkings,2025-10-27T14:54:53Z,2025-10-27T14:55:03Z,,
Anthony Edwards,Denver Nuggets @ Minnesota Timberwolves,2025-10-28T01:40:00Z,player_double_double,,draftkings,2025-10-27T14:54:53Z,2025-10-27T14:55:03Z,,
Aaron Gordon,Denver Nuggets @ Minnesota Timberwolves,2025-10-28T01:40:00Z,player_double_double,,draftkings,2025-10-27T14:54:53Z,2025-10-27T14:55:03Z,,
Jamal Murray,Denver Nuggets @ Minnesota Timberwolves,2025-10-28T01:40:00Z,player_double_double,,draftkings,2025-10-27T14:54:53Z,2025-10-27T14:55:03Z,,
Christian Braun,Denver Nuggets @ Minnesota Timberwolves,2025-10-28T01:40:00Z,player_double_double,,draftkings,2025-10-27T14:54:53Z,2025-10-27T14:55:03Z,,
Cameron Johnson,Denver Nuggets @ Minnesota Timberwolves,2025-10-28T01:40:00Z,player_double_double,,draftkings,2025-10-27T14:54:53Z,2025-10-27T14:55:03Z,,
Nikola Jokic,Denver Nuggets @ Minnesota Timberwolves,2025-10-28T01:40:00Z,player_points,26.5,draftkings,2025-10-27T14:54:53Z,2025-10-27T14:55:03Z,-108.0,-118.0
Anthony Edwards,Denver Nuggets @ Minnesota Timberwolves,2025-10-28T01:40:00Z,player_points,25.5,draftkings,2025-10-27T14:54:53Z,2025-10-27T14:55:03Z,-122.0,-105.0
Jamal Murray,Denver Nuggets @ Minnesota Timberwolves,2025-10-28T01:40:00Z,player_points,21.5,draftkings,2025-10-27T14:54:53Z,2025-10-27T14:55:03Z,-107.0,-119.0
Aaron Gordon,Denver Nuggets @ Minnesota Timberwolves,2025-10-28T01:40:00Z,player_points,16.5,draftkings,2025-10-27T14:54:53Z,2025-10-27T14:55:03Z,-104.0,-123.0
Christian Braun,Denver Nuggets @ Minnesota Timberwolves,2025-10-28T01:40:00Z,player_points,11.5,draftkings,2025-10-27T14:54:53Z,2025-10-27T14:55:03Z,-120.0,-106.0
Cameron Johnson,Denver Nuggets @ Minnesota Timberwolves,2025-10-28T01:40:00Z,player_points,11.5,draftkings,2025-10-27T14:54:53Z,2025-10-27T14:55:03Z,-119.0,-107.0
Tim Hardaway Jr,Denver Nuggets @ Minnesota Timberwolves,2025-10-28T01:40:00Z,player_points,7.5,draftkings,2025-10-27T14:54:53Z,2025-10-27T14:55:03Z,-132.0,104.0
Bruce Brown,Denver Nuggets @ Minnesota Timberwolves,2025-10-28T01:40:00Z,player_points,6.5,draftkings,2025-10-27T14:54:53Z,2025-10-27T14:55:03Z,-118.0,-108.0
Nikola Jokic,Denver Nuggets @ Minnesota Timberwolves,2025-10-28T01:40:00Z,player_points_rebounds_assists,48.5,draftkings,2025-10-27T14:54:53Z,2025-10-27T14:55:03Z,-118.0,-110.0
Anthony Edwards,Denver Nuggets @ Minnesota Timberwolves,2025-10-28T01:40:00Z,player_points_rebounds_assists,36.5,draftkings,2025-10-27T14:54:53Z,2025-10-27T14:55:03Z,-110.0,-117.0
Jamal Murray,Denver Nuggets @ Minnesota Timberwolves,2025-10-28T01:40:00Z,player_points_rebounds_assists,30.5,draftkings,2025-10-27T14:54:53Z,2025-10-27T14:55:03Z,-109.0,-119.0
Aaron Gordon,Denver Nuggets @ Minnesota Timberwolves,2025-10-28T01:40:00Z,player_points_rebounds_assists,24.5,draftkings,2025-10-27T14:54:53Z,2025-10-27T14:55:03Z,-104.0,-125.0
Christian Braun,Denver Nuggets @ Minnesota Timberwolves,2025-10-28T01:40:00Z,player_points_rebounds_assists,18.5,draftkings,2025-10-27T14:54:53Z,2025-10-27T14:55:03Z,-120.0,-108.0
Cameron Johnson,Denver Nuggets @ Minnesota Timberwolves,2025-10-28T01:40:00Z,player_points_rebounds_assists,17.5,draftkings,2025-10-27T14:54:53Z,2025-10-27T14:55:03Z,-119.0,-109.0
Nikola Jokic,Denver Nuggets @ Minnesota Timberwolves,2025-10-28T01:40:00Z,player_rebounds,12.5,draftkings,2025-10-27T14:54:53Z,2025-10-27T14:53:54Z,-120.0,-108.0
Aaron Gordon,Denver Nuggets @ Minnesota Timberwolves,2025-10-28T01:40:00Z,player_rebounds,5.5,draftkings,2025-10-27T14:54:53Z,2025-10-27T14:53:54Z,101.0,-131.0
Anthony Edwards,Denver Nuggets @ Minnesota Timberwolves,2025-10-28T01:40:00Z,player_rebounds,4.5,draftkings,2025-10-27T14:54:53Z,2025-10-27T14:53:54Z,-142.0,110.0
Christian Braun,Denver Nuggets @ Minnesota Timberwolves,2025-10-28T01:40:00Z,player_rebounds,4.5,draftkings,2025-10-27T14:54:53Z,2025-10-27T14:53:54Z,-111.0,-117.0
Jamal Murray,Denver Nuggets @ Minnesota Timberwolves,2025-10-28T01:40:00Z,player_rebounds,3.5,draftkings,2025-10-27T14:54:53Z,2025-10-27T14:53:54Z,-128.0,-101.0
Cameron Johnson,Denver Nuggets @ Minnesota Timberwolves,2025-10-28T01:40:00Z,player_rebounds,3.5,draftkings,2025-10-27T14:54:53Z,2025-10-27T14:53:54Z,-102.0,-127.0
Nikola Jokic,Denver Nuggets @ Minnesota Timberwolves,2025-10-28T01:40:00Z,player_steals,1.5,draftkings,2025-10-27T14:54:53Z,2025-10-27T14:55:03Z,-126.0,-105.0
Jamal Murray,Denver Nuggets @ Minnesota Timberwolves,2025-10-28T01:40:00Z,player_steals,0.5,draftkings,2025-10-27T14:54:53Z,2025-10-27T14:55:03Z,-245.0,181.0
Christian Braun,Denver Nuggets @ Minnesota Timberwolves,2025-10-28T01:40:00Z,player_steals,0.5,draftkings,2025-10-27T14:54:53Z,2025-10-27T14:55:03Z,-193.0,144.0
Aaron Gordon,Denver Nuggets @ Minnesota Timberwolves,2025-10-28T01:40:00Z,player_steals,0.5,draftkings,2025-10-27T14:54:53Z,2025-10-27T14:55:03Z,-140.0,105.0
Anthony Edwards,Denver Nuggets @ Minnesota Timberwolves,2025-10-28T01:40:00Z,player_threes,3.5,draftkings,2025-10-27T14:54:53Z,2025-10-27T14:55:03Z,104.0,-134.0
Jamal Murray,Denver Nuggets @ Minnesota Timberwolves,2025-10-28T01:40:00Z,player_threes,2.5,draftkings,2025-10-27T14:54:53Z,2025-10-27T14:55:03Z,111.0,-144.0
Nikola Jokic,Denver Nuggets @ Minnesota Timberwolves,2025-10-28T01:40:00Z,player_threes,1.5,draftkings,2025-10-27T14:54:53Z,2025-10-27T14:55:03Z,-174.0,133.0
Aaron Gordon,Denver Nuggets @ Minnesota Timberwolves,2025-10-28T01:40:00Z,player_threes,1.5,draftkings,2025-10-27T14:54:53Z,2025-10-27T14:55:03Z,-167.0,128.0
Cameron Johnson,Denver Nuggets @ Minnesota Timberwolves,2025-10-28T01:40:00Z,player_threes,1.5,draftkings,2025-10-27T14:54:53Z,2025-10-27T14:55:03Z,-131.0,101.0
Christian Braun,Denver Nuggets @ Minnesota Timberwolves,2025-10-28T01:40:00Z,player_threes,0.5,draftkings,2025-10-27T14:54:53Z,2025-10-27T14:55:03Z,-196.0,150.0
Nikola Jokic,Denver Nuggets @ Minnesota Timberwolves,2025-10-28T01:40:00Z,player_triple_double,,draftkings,2025-10-27T14:54:53Z,2025-10-27T14:55:03Z,,
Nikola Jokic,Denver Nuggets @ Minnesota Timberwolves,2025-10-28T01:40:00Z,player_double_double,,fanatics,2025-10-27T14:55:17Z,2025-10-27T14:55:15Z,,
Jamal Murray,Denver Nuggets @ Minnesota Timberwolves,2025-10-28T01:40:00Z,player_double_double,,fanatics,2025-10-27T14:55:17Z,2025-10-27T14:55:15Z,,
Aaron Gordon,Denver Nuggets @ Minnesota Timberwolves,2025-10-28T01:40:00Z,player_double_double,,fanatics,2025-10-27T14:55:17Z,2025-10-27T14:55:15Z,,
Christian Braun,Denver Nuggets @ Minnesota Timberwolves,2025-10-28T01:40:00Z,player_double_double,,fanatics,2025-10-27T14:55:17Z,2025-10-27T14:55:15Z,,
Naz Reid,Denver Nuggets @ Minnesota Timberwolves,2025-10-28T01:40:00Z,player_double_double,,fanatics,2025-10-27T14:55:17Z,2025-10-27T14:55:15Z,,
Donte DiVincenzo,Denver Nuggets @ Minnesota Timberwolves,2025-10-28T01:40:00Z,player_double_double,,fanatics,2025-10-27T14:55:17Z,2025-10-27T14:55:15Z,,
Jaden McDaniels,Denver Nuggets @ Minnesota Timberwolves,2025-10-28T01:40:00Z,player_double_double,,fanatics,2025-10-27T14:55:17Z,2025-10-27T14:55:15Z,,
Mike Conley,Denver Nuggets @ Minnesota Timberwolves,2025-10-28T01:40:00Z,player_double_double,,fanatics,2025-10-27T14:55:17Z,2025-10-27T14:55:15Z,,
Julius Randle,Denver Nuggets @ Minnesota Timberwolves,2025-10-28T01:40:00Z,player_double_double,,fanatics,2025-10-27T14:55:17Z,2025-10-27T14:55:15Z,,
Jonas Valanciunas,Denver Nuggets @ Minnesota Timberwolves,2025-10-28T01:40:00Z,player_double_double,,fanatics,2025-10-27T14:55:17Z,2025-10-27T14:55:15Z,,
Rudy Gobert,Denver Nuggets @ Minnesota Timberwolves,2025-10-28T01:40:00Z,player_double_double,,fanatics,2025-10-27T14:55:17Z,2025-10-27T14:55:15Z,,
Nikola Jokic,Denver Nuggets @ Minnesota Timberwolves,2025-10-28T01:40:00Z,player_triple_double,,fanatics,2025-10-27T14:55:17Z,2025-10-27T14:55:15Z,,
Jamal Murray,Denver Nuggets @ Minnesota Timberwolves,2025-10-28T01:40:00Z,player_assists,5.5,fanduel,2025-10-27T14:55:19Z,2025-10-27T14:55:31Z,118.0,-158.0
Anthony Edwards,Denver Nuggets @ Minnesota Timberwolves,2025-10-28T01:40:00Z,player_assists,4.5,fanduel,2025-10-27T14:55:19Z,2025-10-27T14:55:31Z,-160.0,120.0
Nikola Jokic,Denver Nuggets @ Minnesota Timberwolves,2025-10-28T01:40:00Z,player_assists,9.5,fanduel,2025-10-27T14:55:19Z,2025-10-27T14:55:31Z,-106.0,-125.0
Nikola Jokic,Denver Nuggets @ Minnesota Timberwolves,2025-10-28T01:40:00Z,player_double_double,,fanduel,2025-10-27T14:55:19Z,2025-10-27T14:55:31Z,,
Anthony Edwards,Denver Nuggets @ Minnesota Timberwolves,2025-10-28T01:40:00Z,player_double_double,,fanduel,2025-10-27T14:55:19Z,2025-10-27T14:55:31Z,,
Aaron Gordon,Denver Nuggets @ Minnesota Timberwolves,2025-10-28T01:40:00Z,player_double_double,,fanduel,2025-10-27T14:55:19Z,2025-10-27T14:55:31Z,,
Jamal Murray,Denver Nuggets @ Minnesota Timberwolves,2025-10-28T01:40:00Z,player_double_double,,fanduel,2025-10-27T14:55:19Z,2025-10-27T14:55:31Z,,
Christian Braun,Denver Nuggets @ Minnesota Timberwolves,2025-10-28T01:40:00Z,player_double_double,,fanduel,2025-10-27T14:55:19Z,2025-10-27T14:55:31Z,,
Cameron Johnson,Denver Nuggets @ Minnesota Timberwolves,2025-10-28T01:40:00Z,player_points,11.5,fanduel,2025-10-27T14:55:19Z,2025-10-27T14:55:31Z,-120.0,-110.0
Nikola Jokic,Denver Nuggets @ Minnesota Timberwolves,2025-10-28T01:40:00Z,player_points,26.5,fanduel,2025-10-27T14:55:19Z,2025-10-27T14:55:31Z,-125.0,-106.0
Tim Hardaway Jr,Denver Nuggets @ Minnesota Timberwolves,2025-10-28T01:40:00Z,player_points,7.5,fanduel,2025-10-27T14:55:19Z,2025-10-27T14:55:31Z,-130.0,-102.0
Bruce Brown,Denver Nuggets @ Minnesota Timberwolves,2025-10-28T01:40:00Z,player_points,6.5,fanduel,2025-10-27T14:55:19Z,2025-10-27T14:55:31Z,-112.0,-118.0
Aaron Gordon,Denver Nuggets @ Minnesota Timberwolves,2025-10-28T01:40:00Z,player_points,16.5,fanduel,2025-10-27T14:55:19Z,2025-10-27T14:55:31Z,-118.0,-112.0
Jamal Murray,Denver Nuggets @ Minnesota Timberwolves,2025-10-28T01:40:00Z,player_points,21.5,fanduel,2025-10-27T14:55:19Z,2025-10-27T14:55:31Z,-102.0,-130.0
Christian Braun,Denver Nuggets @ Minnesota Timberwolves,2025-10-28T01:40:00Z,player_points,11.5,fanduel,2025-10-27T14:55:19Z,2025-10-27T14:55:31Z,-125.0,-106.0
Anthony Edwards,Denver Nuggets @ Minnesota Timberwolves,2025-10-28T01:40:00Z,player_points,25.5,fanduel,2025-10-27T14:55:19Z,2025-10-27T14:55:31Z,-114.0,-114.0
Anthony Edwards,Denver Nuggets @ Minnesota Timberwolves,2025-10-28T01:40:00Z,player_points_rebounds_assists,36.5,fanduel,2025-10-27T14:55:19Z,2025-10-27T14:55:31Z,-106.0,-125.0
Christian Braun,Denver Nuggets @ Minnesota Timberwolves,2025-10-28T01:40:00Z,player_points_rebounds_assists,19.5,fanduel,2025-10-27T14:55:19Z,2025-10-27T14:55:31Z,-104.0,-128.0
Jamal Murray,Denver Nuggets @ Minnesota Timberwolves,2025-10-28T01:40:00Z,player_points_rebounds_assists,30.5,fanduel,2025-10-27T14:55:19Z,2025-10-27T14:55:31Z,-112.0,-118.0
Aaron Gordon,Denver Nuggets @ Minnesota Timberwolves,2025-10-28T01:40:00Z,player_points_rebounds_assists,24.5,fanduel,2025-10-27T14:55:19Z,2025-10-27T14:55:31Z,-130.0,-102.0
Nikola Jokic,Denver Nuggets @ Minnesota Timberwolves,2025-10-28T01:40:00Z,player_points_rebounds_assists,49.5,fanduel,2025-10-27T14:55:19Z,2025-10-27T14:55:31Z,-108.0,-122.0
Christian Braun,Denver Nuggets @ Minnesota Timberwolves,2025-10-28T01:40:00Z,player_rebounds,4.5,fanduel,2025-10-27T14:55:19Z,2025-10-27T14:54:23Z,-118.0,-110.0
Anthony Edwards,Denver Nuggets @ Minnesota Timberwolves,2025-10-28T01:40:00Z,player_rebounds,4.5,fanduel,2025-10-27T14:55:19Z,2025-10-27T14:54:23Z,-146.0,110.0
Cameron Johnson,Denver Nuggets @ Minnesota Timberwolves,2025-10-28T01:40:00Z,player_rebounds,3.5,fanduel,2025-10-27T14:55:19Z,2025-10-27T14:54:23Z,-125.0,-106.0
Nikola Jokic,Denver Nuggets @ Minnesota Timberwolves,2025-10-28T01:40:00Z,player_rebounds,12.5,fanduel,2025-10-27T14:55:19Z,2025-10-27T14:54:23Z,-130.0,-102.0
Aaron Gordon,Denver Nuggets @ Minnesota Timberwolves,2025-10-28T01:40:00Z,player_rebounds,5.5,fanduel,2025-10-27T14:55:19Z,2025-10-27T14:54:23Z,-102.0,-130.0
Jamal Murray,Denver Nuggets @ Minnesota Timberwolves,2025-10-28T01:40:00Z,player_rebounds,3.5,fanduel,2025-10-27T14:55:19Z,2025-10-27T14:54:23Z,-158.0,118.0
Aaron Gordon,Denver Nuggets @ Minnesota Timberwolves,2025-10-28T01:40:00Z,player_threes,1.5,fanduel,2025-10-27T14:55:19Z,2025-10-27T14:55:31Z,-182.0,136.0
Jamal Murray,Denver Nuggets @ Minnesota Timberwolves,2025-10-28T01:40:00Z,player_threes,2.5,fanduel,2025-10-27T14:55:19Z,2025-10-27T14:55:31Z,108.0,-144.0
Anthony Edwards,Denver Nuggets @ Minnesota Timberwolves,2025-10-28T01:40:00Z,player_threes,3.5,fanduel,2025-10-27T14:55:19Z,2025-10-27T14:55:31Z,104.0,-138.0
Nikola Jokic,Denver Nuggets @ Minnesota Timberwolves,2025-10-28T01:40:00Z,player_threes,1.5,fanduel,2025-10-27T14:55:19Z,2025-10-27T14:55:31Z,-178.0,132.0
Cameron Johnson,Denver Nuggets @ Minnesota Timberwolves,2025-10-28T01:40:00Z,player_threes,1.5,fanduel,2025-10-27T14:55:19Z,2025-10-27T14:55:31Z,-140.0,106.0
Nikola Jokic,Denver Nuggets @ Minnesota Timberwolves,2025-10-28T01:40:00Z,player_triple_double,,fanduel,2025-10-27T14:55:19Z,2025-10-27T14:55:31Z,,
Aaron Gordon,Denver Nuggets @ Minnesota Timberwolves,2025-10-28T01:40:00Z,player_assists,2.5,williamhill_us,2025-10-27T14:54:59Z,2025-10-27T14:56:00Z,100.0,-137.0
Nikola Jokic,Denver Nuggets @ Minnesota Timberwolves,2025-10-28T01:40:00Z,player_assists,9.5,williamhill_us,2025-10-27T14:54:59Z,2025-10-27T14:56:00Z,-108.0,-125.0
Christian Braun,Denver Nuggets @ Minnesota Timberwolves,2025-10-28T01:40:00Z,player_assists,2.5,williamhill_us,2025-10-27T14:54:59Z,2025-10-27T14:56:00Z,110.0,-150.0
Jamal Murray,Denver Nuggets @ Minnesota Timberwolves,2025-10-28T01:40:00Z,player_assists,4.5,williamhill_us,2025-10-27T14:54:59Z,2025-10-27T14:56:00Z,-157.0,115.0
Cameron Johnson,Denver Nuggets @ Minnesota Timberwolves,2025-10-28T01:40:00Z,player_assists,2.5,williamhill_us,2025-10-27T14:54:59Z,2025-10-27T14:56:00Z,115.0,-159.0
Nikola Jokic,Denver Nuggets @ Minnesota Timberwolves,2025-10-28T01:40:00Z,player_double_double,,williamhill_us,2025-10-27T14:54:59Z,2025-10-27T14:56:00Z,,
Anthony Edwards,Denver Nuggets @ Minnesota Timberwolves,2025-10-28T01:40:00Z,player_double_double,,williamhill_us,2025-10-27T14:54:59Z,2025-10-27T14:56:00Z,,
Aaron Gordon,Denver Nuggets @ Minnesota Timberwolves,2025-10-28T01:40:00Z,player_double_double,,williamhill_us,2025-10-27T14:54:59Z,2025-10-27T14:56:00Z,,
Jamal Murray,Denver Nuggets @ Minnesota Timberwolves,2025-10-28T01:40:00Z,player_double_double,,williamhill_us,2025-10-27T14:54:59Z,2025-10-27T14:56:00Z,,
Christian Braun,Denver Nuggets @ Minnesota Timberwolves,2025-10-28T01:40:00Z,player_double_double,,williamhill_us,2025-10-27T14:54:59Z,2025-10-27T14:56:00Z,,
Bruce Brown,Denver Nuggets @ Minnesota Timberwolves,2025-10-28T01:40:00Z,player_points,6.5,williamhill_us,2025-10-27T14:54:59Z,2025-10-27T14:56:00Z,-114.0,-118.0
Christian Braun,Denver Nuggets @ Minnesota Timberwolves,2025-10-28T01:40:00Z,player_points,11.5,williamhill_us,2025-10-27T14:54:59Z,2025-10-27T14:56:00Z,-125.0,-108.0
Cameron Johnson,Denver Nuggets @ Minnesota Timberwolves,2025-10-28T01:40:00Z,player_points,11.5,williamhill_us,2025-10-27T14:54:59Z,2025-10-27T14:56:00Z,-125.0,-110.0
Jamal Murray,Denver Nuggets @ Minnesota Timberwolves,2025-10-28T01:40:00Z,player_points,21.5,williamhill_us,2025-10-27T14:54:59Z,2025-10-27T14:56:00Z,-110.0,-122.0
Aaron Gordon,Denver Nuggets @ Minnesota Timberwolves,2025-10-28T01:40:00Z,player_points,16.5,williamhill_us,2025-10-27T14:54:59Z,2025-10-27T14:56:00Z,-113.0,-120.0
Nikola Jokic,Denver Nuggets @ Minnesota Timberwolves,2025-10-28T01:40:00Z,player_points,26.5,williamhill_us,2025-10-27T14:54:59Z,2025-10-27T14:56:00Z,-114.0,-120.0
Tim Hardaway Jr,Denver Nuggets @ Minnesota Timberwolves,2025-10-28T01:40:00Z,player_points,7.5,williamhill_us,2025-10-27T14:54:59Z,2025-10-27T14:56:00Z,-134.0,100.0
Anthony Edwards,Denver Nuggets @ Minnesota Timberwolves,2025-10-28T01:40:00Z,player_points,25.5,williamhill_us,2025-10-27T14:54:59Z,2025-10-27T14:56:00Z,-118.0,-114.0
Christian Braun,Denver Nuggets @ Minnesota Timberwolves,2025-10-28T01:40:00Z,player_rebounds,4.5,williamhill_us,2025-10-27T14:54:59Z,2025-10-27T14:56:00Z,-118.0,-114.0
Anthony Edwards,Denver Nuggets @ Minnesota Timberwolves,2025-10-28T01:40:00Z,player_rebounds,4.5,williamhill_us,2025-10-27T14:54:59Z,2025-10-27T14:56:00Z,-145.0,105.0
Nikola Jokic,Denver Nuggets @ Minnesota Timberwolves,2025-10-28T01:40:00Z,player_rebounds,12.5,williamhill_us,2025-10-27T14:54:59Z,2025-10-27T14:56:00Z,-124.0,-109.0
Cameron Johnson,Denver Nuggets @ Minnesota Timberwolves,2025-10-28T01:40:00Z,player_rebounds,3.5,williamhill_us,2025-10-27T14:54:59Z,2025-10-27T14:56:00Z,-117.0,-115.0
Jamal Murray,Denver Nuggets @ Minnesota Timberwolves,2025-10-28T01:40:00Z,player_rebounds,3.5,williamhill_us,2025-10-27T14:54:59Z,2025-10-27T14:56:00Z,-143.0,105.0
Aaron Gordon,Denver Nuggets @ Minnesota Timberwolves,2025-10-28T01:40:00Z,player_rebounds,5.5,williamhill_us,2025-10-27T14:54:59Z,2025-10-27T14:56:00Z,100.0,-134.0
Cameron Johnson,Denver Nuggets @ Minnesota Timberwolves,2025-10-28T01:40:00Z,player_threes,1.5,williamhill_us,2025-10-27T14:54:59Z,2025-10-27T14:56:00Z,-134.0,100.0
Nikola Jokic,Denver Nuggets @ Minnesota Timberwolves,2025-10-28T01:40:00Z,player_threes,1.5,williamhill_us,2025-10-27T14:54:59Z,2025-10-27T14:56:00Z,-176.0,125.0
Christian Braun,Denver Nuggets @ Minnesota Timberwolves,2025-10-28T01:40:00Z,player_threes,0.5,williamhill_us,2025-10-27T14:54:59Z,2025-10-27T14:56:00Z,-218.0,155.0
Aaron Gordon,Denver Nuggets @ Minnesota Timberwolves,2025-10-28T01:40:00Z,player_threes,1.5,williamhill_us,2025-10-27T14:54:59Z,2025-10-27T14:56:00Z,-173.0,125.0
Jamal Murray,Denver Nuggets @ Minnesota Timberwolves,2025-10-28T01:40:00Z,player_threes,2.5,williamhill_us,2025-10-27T14:54:59Z,2025-10-27T14:56:00Z,110.0,-148.0
Anthony Edwards,Denver Nuggets @ Minnesota Timberwolves,2025-10-28T01:40:00Z,player_threes,3.5,williamhill_us,2025-10-27T14:54:59Z,2025-10-27T14:56:00Z,105.0,-143.0
Nikola Jokic,Denver Nuggets @ Minnesota Timberwolves,2025-10-28T01:40:00Z,player_triple_double,,williamhill_us,2025-10-27T14:54:59Z,2025-10-27T14:56:00Z,,
Naz Reid,Denver Nuggets @ Minnesota Timberwolves,2025-10-28T01:40:00Z,player_assists,1.5,betmgm,2025-10-27T14:55:29Z,2025-10-27T14:56:05Z,-115.0,-115.0
Jaylen Clark,Denver Nuggets @ Minnesota Timberwolves,2025-10-28T01:40:00Z,player_assists,0.5,betmgm,2025-10-27T14:55:29Z,2025-10-27T14:56:05Z,-190.0,140.0
Donte DiVincenzo,Denver Nuggets @ Minnesota Timberwolves,2025-10-28T01:40:00Z,player_assists,4.5,betmgm,2025-10-27T14:55:29Z,2025-10-27T14:56:05Z,-105.0,-130.0
Christian Braun,Denver Nuggets @ Minnesota Timberwolves,2025-10-28T01:40:00Z,player_assists,2.5,betmgm,2025-10-27T14:55:29Z,2025-10-27T14:56:05Z,115.0,-155.0
Terrence Shannon Jr.,Denver Nuggets @ Minnesota Timberwolves,2025-10-28T01:40:00Z,player_assists,1.5,betmgm,2025-10-27T14:55:29Z,2025-10-27T14:56:05Z,100.0,-130.0
Jaden McDaniels,Denver Nuggets @ Minnesota Timberwolves,2025-10-28T01:40:00Z,player_assists,1.5,betmgm,2025-10-27T14:55:29Z,2025-10-27T14:56:05Z,110.0,-145.0
Tim Hardaway Jr,Denver Nuggets @ Minnesota Timberwolves,2025-10-28T01:40:00Z,player_assists,0.5,betmgm,2025-10-27T14:55:29Z,2025-10-27T14:56:05Z,-165.0,125.0
Bones Hyland,Denver Nuggets @ Minnesota Timberwolves,2025-10-28T01:40:00Z,player_assists,3.5,betmgm,2025-10-27T14:55:29Z,2025-10-27T14:56:05Z,110.0,-150.0
Mike Conley,Denver Nuggets @ Minnesota Timberwolves,2025-10-28T01:40:00Z,player_assists,4.5,betmgm,2025-10-27T14:55:29Z,2025-10-27T14:56:05Z,-110.0,-118.0
Julius Randle,Denver Nuggets @ Minnesota Timberwolves,2025-10-28T01:40:00Z,player_assists,5.5,betmgm,2025-10-27T14:55:29Z,2025-10-27T14:56:05Z,-110.0,-118.0
Jonas Valanciunas,Denver Nuggets @ Minnesota Timberwolves,2025-10-28T01:40:00Z,player_assists,1.5,betmgm,2025-10-27T14:55:29Z,2025-10-27T14:56:05Z,150.0,-200.0
Aaron Gordon,Denver Nuggets @ Minnesota Timberwolves,2025-10-28T01:40:00Z,player_assists,2.5,betmgm,2025-10-27T14:55:29Z,2025-10-27T14:56:05Z,-105.0,-125.0
Nikola Jokic,Denver Nuggets @ Minnesota Timberwolves,2025-10-28T01:40:00Z,player_assists,9.5,betmgm,2025-10-27T14:55:29Z,2025-10-27T14:56:05Z,-105.0,-125.0
Bruce Brown,Denver Nuggets @ Minnesota Timberwolves,2025-10-28T01:40:00Z,player_assists,2.5,betmgm,2025-10-27T14:55:29Z,2025-10-27T14:56:05Z,130.0,-175.0
Cameron Johnson,Denver Nuggets @ Minnesota Timberwolves,2025-10-28T01:40:00Z,player_assists,2.5,betmgm,2025-10-27T14:55:29Z,2025-10-27T14:56:05Z,115.0,-150.0
Jamal Murray,Denver Nuggets @ Minnesota Timberwolves,2025-10-28T01:40:00Z,player_assists,4.5,betmgm,2025-10-27T14:55:29Z,2025-10-27T14:56:05Z,-135.0,100.0
Rudy Gobert,Denver Nuggets @ Minnesota Timberwolves,2025-10-28T01:40:00Z,player_assists,1.5,betmgm,2025-10-27T14:55:29Z,2025-10-27T14:56:05Z,170.0,-235.0
Donte DiVincenzo,Denver Nuggets @ Minnesota Timberwolves,2025-10-28T01:40:00Z,player_blocks,0.5,betmgm,2025-10-27T14:55:29Z,2025-10-27T14:56:05Z,220.0,-325.0
Christian Braun,Denver Nuggets @ Minnesota Timberwolves,2025-10-28T01:40:00Z,player_blocks,0.5,betmgm,2025-10-27T14:55:29Z,2025-10-27T14:56:05Z,210.0,-300.0
Jaden McDaniels,Denver Nuggets @ Minnesota Timberwolves,2025-10-28T01:40:00Z,player_blocks,0.5,betmgm,2025-10-27T14:55:29Z,2025-10-27T14:56:05Z,-175.0,125.0
Mike Conley,Denver Nuggets @ Minnesota Timberwolves,2025-10-28T01:40:00Z,player_blocks,0.5,betmgm,2025-10-27T14:55:29Z,2025-10-27T14:56:05Z,450.0,-900.0
Julius Randle,Denver Nuggets @ Minnesota Timberwolves,2025-10-28T01:40:00Z,player_blocks,0.5,betmgm,2025-10-27T14:55:29Z,2025-10-27T14:56:05Z,290.0,-450.0
Aaron Gordon,Denver Nuggets @ Minnesota Timberwolves,2025-10-28T01:40:00Z,player_blocks,0.5,betmgm,2025-10-27T14:55:29Z,2025-10-27T14:56:05Z,180.0,-250.0
Nikola Jokic,Denver Nuggets @ Minnesota Timberwolves,2025-10-28T01:40:00Z,player_blocks,0.5,betmgm,2025-10-27T14:55:29Z,2025-10-27T14:56:05Z,-105.0,-135.0
Cameron Johnson,Denver Nuggets @ Minnesota Timberwolves,2025-10-28T01:40:00Z,player_blocks,0.5,betmgm,2025-10-27T14:55:29Z,2025-10-27T14:56:05Z,230.0,-350.0
Jamal Murray,Denver Nuggets @ Minnesota Timberwolves,2025-10-28T01:40:00Z,player_blocks,0.5,betmgm,2025-10-27T14:55:29Z,2025-10-27T14:56:05Z,165.0,-235.0
Rudy Gobert,Denver Nuggets @ Minnesota Timberwolves,2025-10-28T01:40:00Z,player_blocks,1.5,betmgm,2025-10-27T14:55:29Z,2025-10-27T14:56:05Z,165.0,-235.0
Donte DiVincenzo,Denver Nuggets @ Minnesota Timberwolves,2025-10-28T01:40:00Z,player_double_double,,betmgm,2025-10-27T14:55:29Z,2025-10-27T14:56:05Z,,
Christian Braun,Denver Nuggets @ Minnesota Timberwolves,2025-10-28T01:40:00Z,player_double_double,,betmgm,2025-10-27T14:55:29Z,2025-10-27T14:56:05Z,,
Jaden McDaniels,Denver Nuggets @ Minnesota Timberwolves,2025-10-28T01:40:00Z,player_double_double,,betmgm,2025-10-27T14:55:29Z,2025-10-27T14:56:05Z,,
Mike Conley,Denver Nuggets @ Minnesota Timberwolves,2025-10-28T01:40:00Z,player_double_double,,betmgm,2025-10-27T14:55:29Z,2025-10-27T14:56:05Z,,
Julius Randle,Denver Nuggets @ Minnesota Timberwolves,2025-10-28T01:40:00Z,player_double_double,,betmgm,2025-10-27T14:55:29Z,2025-10-27T14:56:05Z,,
Aaron Gordon,Denver Nuggets @ Minnesota Timberwolves,2025-10-28T01:40:00Z,player_double_double,,betmgm,2025-10-27T14:55:29Z,2025-10-27T14:56:05Z,,
Nikola Jokic,Denver Nuggets @ Minnesota Timberwolves,2025-10-28T01:40:00Z,player_double_double,,betmgm,2025-10-27T14:55:29Z,2025-10-27T14:56:05Z,,
Jamal Murray,Denver Nuggets @ Minnesota Timberwolves,2025-10-28T01:40:00Z,player_double_double,,betmgm,2025-10-27T14:55:29Z,2025-10-27T14:56:05Z,,
Rudy Gobert,Denver Nuggets @ Minnesota Timberwolves,2025-10-28T01:40:00Z,player_double_double,,betmgm,2025-10-27T14:55:29Z,2025-10-27T14:56:05Z,,
Cameron Johnson,Denver Nuggets @ Minnesota Timberwolves,2025-10-28T01:40:00Z,player_double_double,,betmgm,2025-10-27T14:55:29Z,2025-10-27T14:56:05Z,,
Naz Reid,Denver Nuggets @ Minnesota Timberwolves,2025-10-28T01:40:00Z,player_points,12.5,betmgm,2025-10-27T14:55:29Z,2025-10-27T14:56:05Z,-140.0,105.0
Jaylen Clark,Denver Nuggets @ Minnesota Timberwolves,2025-10-28T01:40:00Z,player_points,5.5,betmgm,2025-10-27T14:55:29Z,2025-10-27T14:56:05Z,-110.0,-118.0
Donte DiVincenzo,Denver Nuggets @ Minnesota Timberwolves,2025-10-28T01:40:00Z,player_points,13.5,betmgm,2025-10-27T14:55:29Z,2025-10-27T14:56:05Z,-118.0,-110.0
Christian Braun,Denver Nuggets @ Minnesota Timberwolves,2025-10-28T01:40:00Z,player_points,11.5,betmgm,2025-10-27T14:55:29Z,2025-10-27T14:56:05Z,-118.0,-110.0
Bones Hyland,Denver Nuggets @ Minnesota Timberwolves,2025-10-28T01:40:00Z,player_points,7.5,betmgm,2025-10-27T14:55:29Z,2025-10-27T14:56:05Z,-110.0,-118.0
Mike Conley,Denver Nuggets @ Minnesota Timberwolves,2025-10-28T01:40:00Z,player_points,7.5,betmgm,2025-10-27T14:55:29Z,2025-10-27T14:56:05Z,-130.0,-105.0
Julius Randle,Denver Nuggets @ Minnesota Timberwolves,2025-10-28T01:40:00Z,player_points,23.5,betmgm,2025-10-27T14:55:29Z,2025-10-27T14:56:05Z,-125.0,-105.0
Jonas Valanciunas,Denver Nuggets @ Minnesota Timberwolves,2025-10-28T01:40:00Z,player_points,5.5,betmgm,2025-10-27T14:55:29Z,2025-10-27T14:56:05Z,-135.0,100.0
Aaron Gordon,Denver Nuggets @ Minnesota Timberwolves,2025-10-28T01:40:00Z,player_points,16.5,betmgm,2025-10-27T14:55:29Z,2025-10-27T14:56:05Z,100.0,-135.0
Bruce Brown,Denver Nuggets @ Minnesota Timberwolves,2025-10-28T01:40:00Z,player_points,6.5,betmgm,2025-10-27T14:55:29Z,2025-10-27T14:56:05Z,-110.0,-120.0
Cameron Johnson,Denver Nuggets @ Minnesota Timberwolves,2025-10-28T01:40:00Z,player_points,11.5,betmgm,2025-10-27T14:55:29Z,2025-10-27T14:56:05Z,-130.0,-105.0
Jamal Murray,Denver Nuggets @ Minnesota Timberwolves,2025-10-28T01:40:00Z,player_points,21.5,betmgm,2025-10-27T14:55:29Z,2025-10-27T14:56:05Z,-105.0,-125.0
Rudy Gobert,Denver Nuggets @ Minnesota Timberwolves,2025-10-28T01:40:00Z,player_points,11.5,betmgm,2025-10-27T14:55:29Z,2025-10-27T14:56:05Z,-125.0,-110.0
Tim Hardaway Jr,Denver Nuggets @ Minnesota Timberwolves,2025-10-28T01:40:00Z,player_points,8.5,betmgm,2025-10-27T14:55:29Z,2025-10-27T14:56:05Z,105.0,-140.0
Jaden McDaniels,Denver Nuggets @ Minnesota Timberwolves,2025-10-28T01:40:00Z,player_points,13.5,betmgm,2025-10-27T14:55:29Z,2025-10-27T14:56:05Z,-130.0,100.0
Terrence Shannon Jr.,Denver Nuggets @ Minnesota Timberwolves,2025-10-28T01:40:00Z,player_points,7.5,betmgm,2025-10-27T14:55:29Z,2025-10-27T14:56:05Z,100.0,-135.0
Nikola Jokic,Denver Nuggets @ Minnesota Timberwolves,2025-10-28T01:40:00Z,player_points,25.5,betmgm,2025-10-27T14:55:29Z,2025-10-27T14:56:05Z,-125.0,-105.0
Naz Reid,Denver Nuggets @ Minnesota Timberwolves,2025-10-28T01:40:00Z,player_points_rebounds_assists,19.5,betmgm,2025-10-27T14:55:29Z,2025-10-27T14:56:05Z,-115.0,-115.0
Jaylen Clark,Denver Nuggets @ Minnesota Timberwolves,2025-10-28T01:40:00Z,player_points_rebounds_assists,9.5,betmgm,2025-10-27T14:55:29Z,2025-10-27T14:56:05Z,100.0,-135.0
Christian Braun,Denver Nuggets @ Minnesota Timberwolves,2025-10-28T01:40:00Z,player_points_rebounds_assists,18.5,betmgm,2025-10-27T14:55:29Z,2025-10-27T14:56:05Z,-118.0,-110.0
Terrence Shannon Jr.,Denver Nuggets @ Minnesota Timberwolves,2025-10-28T01:40:00Z,player_points_rebounds_assists,11.5,betmgm,2025-10-27T14:55:29Z,2025-10-27T14:56:05Z,-110.0,-120.0
Bones Hyland,Denver Nuggets @ Minnesota Timberwolves,2025-10-28T01:40:00Z,player_points_rebounds_assists,13.5,betmgm,2025-10-27T14:55:29Z,2025-10-27T14:56:05Z,-110.0,-120.0
Mike Conley,Denver Nuggets @ Minnesota Timberwolves,2025-10-28T01:40:00Z,player_points_rebounds_assists,14.5,betmgm,2025-10-27T14:55:29Z,2025-10-27T14:56:05Z,-120.0,-110.0
Julius Randle,Denver Nuggets @ Minnesota Timberwolves,2025-10-28T01:40:00Z,player_points_rebounds_assists,35.5,betmgm,2025-10-27T14:55:29Z,2025-10-27T14:56:05Z,-125.0,-105.0
Jonas Valanciunas,Denver Nuggets @ Minnesota Timberwolves,2025-10-28T01:40:00Z,player_points_rebounds_assists,11.5,betmgm,2025-10-27T14:55:29Z,2025-10-27T14:56:05Z,-135.0,100.0
Bruce Brown,Denver Nuggets @ Minnesota Timberwolves,2025-10-28T01:40:00Z,player_points_rebounds_assists,11.5,betmgm,2025-10-27T14:55:29Z,2025-10-27T14:56:05Z,-125.0,-105.0
Cameron Johnson,Denver Nuggets @ Minnesota Timberwolves,2025-10-28T01:40:00Z,player_points_rebounds_assists,17.5,betmgm,2025-10-27T14:55:29Z,2025-10-27T14:56:05Z,-115.0,-115.0
Jamal Murray,Denver Nuggets @ Minnesota Timberwolves,2025-10-28T01:40:00Z,player_points_rebounds_assists,30.5,betmgm,2025-10-27T14:55:29Z,2025-10-27T14:56:05Z,-105.0,-125.0
Rudy Gobert,Denver Nuggets @ Minnesota Timberwolves,2025-10-28T01:40:00Z,player_points_rebounds_assists,22.5,betmgm,2025-10-27T14:55:29Z,2025-10-27T14:56:05Z,-115.0,-118.0
Tim Hardaway Jr,Denver Nuggets @ Minnesota Timberwolves,2025-10-28T01:40:00Z,player_points_rebounds_assists,10.5,betmgm,2025-10-27T14:55:29Z,2025-10-27T14:56:05Z,-130.0,100.0
Nikola Jokic,Denver Nuggets @ Minnesota Timberwolves,2025-10-28T01:40:00Z,player_points_rebounds_assists,48.5,betmgm,2025-10-27T14:55:29Z,2025-10-27T14:56:05Z,-110.0,-120.0
Jaden McDaniels,Denver Nuggets @ Minnesota Timberwolves,2025-10-28T01:40:00Z,player_points_rebounds_assists,19.5,betmgm,2025-10-27T14:55:29Z,2025-10-27T14:56:05Z,-120.0,-110.0
Donte DiVincenzo,Denver Nuggets @ Minnesota Timberwolves,2025-10-28T01:40:00Z,player_points_rebounds_assists,21.5,betmgm,2025-10-27T14:55:29Z,2025-10-27T14:56:05Z,-125.0,-105.0
Aaron Gordon,Denver Nuggets @ Minnesota Timberwolves,2025-10-28T01:40:00Z,player_points_rebounds_assists,23.5,betmgm,2025-10-27T14:55:29Z,2025-10-27T14:56:05Z,-130.0,-105.0
Naz Reid,Denver Nuggets @ Minnesota Timberwolves,2025-10-28T01:40:00Z,player_rebounds,5.5,betmgm,2025-10-27T14:55:29Z,2025-10-27T14:56:05Z,105.0,-145.0
Jaylen Clark,Denver Nuggets @ Minnesota Timberwolves,2025-10-28T01:40:00Z,player_rebounds,1.5,betmgm,2025-10-27T14:55:29Z,2025-10-27T14:56:05Z,-185.0,135.0
Donte DiVincenzo,Denver Nuggets @ Minnesota Timberwolves,2025-10-28T01:40:00Z,player_rebounds,3.5,betmgm,2025-10-27T14:55:29Z,2025-10-27T14:56:05Z,110.0,-150.0
Christian Braun,Denver Nuggets @ Minnesota Timberwolves,2025-10-28T01:40:00Z,player_rebounds,4.5,betmgm,2025-10-27T14:55:29Z,2025-10-27T14:56:05Z,-105.0,-130.0
Terrence Shannon Jr.,Denver Nuggets @ Minnesota Timberwolves,2025-10-28T01:40:00Z,player_rebounds,2.5,betmgm,2025-10-27T14:55:29Z,2025-10-27T14:56:05Z,-110.0,-120.0
Jaden McDaniels,Denver Nuggets @ Minnesota Timberwolves,2025-10-28T01:40:00Z,player_rebounds,4.5,betmgm,2025-10-27T14:55:29Z,2025-10-27T14:56:05Z,-110.0,-120.0
Tim Hardaway Jr,Denver Nuggets @ Minnesota Timberwolves,2025-10-28T01:40:00Z,player_rebounds,1.5,betmgm,2025-10-27T14:55:29Z,2025-10-27T14:56:05Z,-175.0,130.0
Bones Hyland,Denver Nuggets @ Minnesota Timberwolves,2025-10-28T01:40:00Z,player_rebounds,1.5,betmgm,2025-10-27T14:55:29Z,2025-10-27T14:56:05Z,-165.0,125.0
Julius Randle,Denver Nuggets @ Minnesota Timberwolves,2025-10-28T01:40:00Z,player_rebounds,6.5,betmgm,2025-10-27T14:55:29Z,2025-10-27T14:56:05Z,110.0,-150.0
Jonas Valanciunas,Denver Nuggets @ Minnesota Timberwolves,2025-10-28T01:40:00Z,player_rebounds,4.5,betmgm,2025-10-27T14:55:29Z,2025-10-27T14:56:05Z,100.0,-135.0
Aaron Gordon,Denver Nuggets @ Minnesota Timberwolves,2025-10-28T01:40:00Z,player_rebounds,5.5,betmgm,2025-10-27T14:55:29Z,2025-10-27T14:56:05Z,105.0,-145.0
Bruce Brown,Denver Nuggets @ Minnesota Timberwolves,2025-10-28T01:40:00Z,player_rebounds,2.5,betmgm,2025-10-27T14:55:29Z,2025-10-27T14:56:05Z,-160.0,120.0
Cameron Johnson,Denver Nuggets @ Minnesota Timberwolves,2025-10-28T01:40:00Z,player_rebounds,3.5,betmgm,2025-10-27T14:55:29Z,2025-10-27T14:56:05Z,-115.0,-115.0
Jamal Murray,Denver Nuggets @ Minnesota Timberwolves,2025-10-28T01:40:00Z,player_rebounds,3.5,betmgm,2025-10-27T14:55:29Z,2025-10-27T14:56:05Z,-145.0,110.0
Rudy Gobert,Denver Nuggets @ Minnesota Timberwolves,2025-10-28T01:40:00Z,player_rebounds,9.5,betmgm,2025-10-27T14:55:29Z,2025-10-27T14:56:05Z,-150.0,110.0
Nikola Jokic,Denver Nuggets @ Minnesota Timberwolves,2025-10-28T01:40:00Z,player_rebounds,12.5,betmgm,2025-10-27T14:55:29Z,2025-10-27T14:56:05Z,-115.0,-115.0
Mike Conley,Denver Nuggets @ Minnesota Timberwolves,2025-10-28T01:40:00Z,player_rebounds,1.5,betmgm,2025-10-27T14:55:29Z,2025-10-27T14:56:05Z,-200.0,145.0
Naz Reid,Denver Nuggets @ Minnesota Timberwolves,2025-10-28T01:40:00Z,player_threes,1.5,betmgm,2025-10-27T14:55:29Z,2025-10-27T14:56:05Z,-135.0,100.0
Jaylen Clark,Denver Nuggets @ Minnesota Timberwolves,2025-10-28T01:40:00Z,player_threes,0.5,betmgm,2025-10-27T14:55:29Z,2025-10-27T14:56:05Z,-110.0,-118.0
Christian Braun,Denver Nuggets @ Minnesota Timberwolves,2025-10-28T01:40:00Z,player_threes,0.5,betmgm,2025-10-27T14:55:29Z,2025-10-27T14:56:05Z,-210.0,155.0
Terrence Shannon Jr.,Denver Nuggets @ Minnesota Timberwolves,2025-10-28T01:40:00Z,player_threes,0.5,betmgm,2025-10-27T14:55:29Z,2025-10-27T14:56:05Z,-135.0,100.0
Jaden McDaniels,Denver Nuggets @ Minnesota Timberwolves,2025-10-28T01:40:00Z,player_threes,1.5,betmgm,2025-10-27T14:55:29Z,2025-10-27T14:56:05Z,115.0,-150.0
Tim Hardaway Jr,Denver Nuggets @ Minnesota Timberwolves,2025-10-28T01:40:00Z,player_threes,1.5,betmgm,2025-10-27T14:55:29Z,2025-10-27T14:56:05Z,-140.0,105.0
Bones Hyland,Denver Nuggets @ Minnesota Timberwolves,2025-10-28T01:40:00Z,player_threes,1.5,betmgm,2025-10-27T14:55:29Z,2025-10-27T14:56:05Z,160.0,-220.0
Mike Conley,Denver Nuggets @ Minnesota Timberwolves,2025-10-28T01:40:00Z,player_threes,1.5,betmgm,2025-10-27T14:55:29Z,2025-10-27T14:56:05Z,-110.0,-120.0
Julius Randle,Denver Nuggets @ Minnesota Timberwolves,2025-10-28T01:40:00Z,player_threes,2.5,betmgm,2025-10-27T14:55:29Z,2025-10-27T14:56:05Z,140.0,-190.0
Aaron Gordon,Denver Nuggets @ Minnesota Timberwolves,2025-10-28T01:40:00Z,player_threes,1.5,betmgm,2025-10-27T14:55:29Z,2025-10-27T14:56:05Z,-150.0,115.0
Nikola Jokic,Denver Nuggets @ Minnesota Timberwolves,2025-10-28T01:40:00Z,player_threes,2.5,betmgm,2025-10-27T14:55:29Z,2025-10-27T14:56:05Z,160.0,-220.0
Bruce Brown,Denver Nuggets @ Minnesota Timberwolves,2025-10-28T01:40:00Z,player_threes,0.5,betmgm,2025-10-27T14:55:29Z,2025-10-27T14:56:05Z,100.0,-135.0
Cameron Johnson,Denver Nuggets @ Minnesota Timberwolves,2025-10-28T01:40:00Z,player_threes,1.5,betmgm,2025-10-27T14:55:29Z,2025-10-27T14:56:05Z,-135.0,100.0
Jamal Murray,Denver Nuggets @ Minnesota Timberwolves,2025-10-28T01:40:00Z,player_threes,2.5,betmgm,2025-10-27T14:55:29Z,2025-10-27T14:56:05Z,120.0,-155.0
Donte DiVincenzo,Denver Nuggets @ Minnesota Timberwolves,2025-10-28T01:40:00Z,player_threes,2.5,betmgm,2025-10-27T14:55:29Z,2025-10-27T14:56:05Z,-175.0,130.0
Julius Randle,Denver Nuggets @ Minnesota Timberwolves,2025-10-28T01:40:00Z,player_triple_double,,betmgm,2025-10-27T14:55:29Z,2025-10-27T14:56:05Z,,
Nikola Jokic,Denver Nuggets @ Minnesota Timberwolves,2025-10-28T01:40:00Z,player_triple_double,,betmgm,2025-10-27T14:55:29Z,2025-10-27T14:56:05Z,,
Anthony Edwards,Denver Nuggets @ Minnesota Timberwolves,2025-10-28T01:40:00Z,player_assists,4.5,bovada,2025-10-27T14:54:45Z,2025-10-27T14:56:03Z,-160.0,120.0
Anthony Edwards,Denver Nuggets @ Minnesota Timberwolves,2025-10-28T01:40:00Z,player_assists,5.5,bovada,2025-10-27T14:54:45Z,2025-10-27T14:56:03Z,125.0,-165.0
Nikola Jokic,Denver Nuggets @ Minnesota Timberwolves,2025-10-28T01:40:00Z,player_assists,7.5,bovada,2025-10-27T14:54:45Z,2025-10-27T14:56:03Z,-290.0,210.0
Nikola Jokic,Denver Nuggets @ Minnesota Timberwolves,2025-10-28T01:40:00Z,player_assists,8.5,bovada,2025-10-27T14:54:45Z,2025-10-27T14:56:03Z,-160.0,120.0
Nikola Jokic,Denver Nuggets @ Minnesota Timberwolves,2025-10-28T01:40:00Z,player_assists,10.5,bovada,2025-10-27T14:54:45Z,2025-10-27T14:56:03Z,170.0,-230.0
Nikola Jokic,Denver Nuggets @ Minnesota Timberwolves,2025-10-28T01:40:00Z,player_double_double,,bovada,2025-10-27T14:54:45Z,2025-10-27T14:56:03Z,,
Anthony Edwards,Denver Nuggets @ Minnesota Timberwolves,2025-10-28T01:40:00Z,player_double_double,,bovada,2025-10-27T14:54:45Z,2025-10-27T14:56:03Z,,
Aaron Gordon,Denver Nuggets @ Minnesota Timberwolves,2025-10-28T01:40:00Z,player_double_double,,bovada,2025-10-27T14:54:45Z,2025-10-27T14:56:03Z,,
Jamal Murray,Denver Nuggets @ Minnesota Timberwolves,2025-10-28T01:40:00Z,player_double_double,,bovada,2025-10-27T14:54:45Z,2025-10-27T14:56:03Z,,
Christian Braun,Denver Nuggets @ Minnesota Timberwolves,2025-10-28T01:40:00Z,player_double_double,,bovada,2025-10-27T14:54:45Z,2025-10-27T14:56:03Z,,
Bruce Brown,Denver Nuggets @ Minnesota Timberwolves,2025-10-28T01:40:00Z,player_points,4.5,bovada,2025-10-27T14:54:45Z,2025-10-27T14:56:03Z,-260.0,190.0
Bruce Brown,Denver Nuggets @ Minnesota Timberwolves,2025-10-28T01:40:00Z,player_points,5.5,bovada,2025-10-27T14:54:45Z,2025-10-27T14:56:03Z,-165.0,125.0
Bruce Brown,Denver Nuggets @ Minnesota Timberwolves,2025-10-28T01:40:00Z,player_points,6.5,bovada,2025-10-27T14:54:45Z,2025-10-27T14:56:03Z,-110.0,-120.0
Bruce Brown,Denver Nuggets @ Minnesota Timberwolves,2025-10-28T01:40:00Z,player_points,7.5,bovada,2025-10-27T14:54:45Z,2025-10-27T14:56:03Z,130.0,-170.0
Bruce Brown,Denver Nuggets @ Minnesota Timberwolves,2025-10-28T01:40:00Z,player_points,8.5,bovada,2025-10-27T14:54:45Z,2025-10-27T14:56:03Z,180.0,-245.0
Cameron Johnson,Denver Nuggets @ Minnesota Timberwolves,2025-10-28T01:40:00Z,player_points,9.5,bovada,2025-10-27T14:54:45Z,2025-10-27T14:56:03Z,-220.0,165.0
Cameron Johnson,Denver Nuggets @ Minnesota Timberwolves,2025-10-28T01:40:00Z,player_points,10.5,bovada,2025-10-27T14:54:45Z,2025-10-27T14:56:03Z,-165.0,125.0
Cameron Johnson,Denver Nuggets @ Minnesota Timberwolves,2025-10-28T01:40:00Z,player_points,11.5,bovada,2025-10-27T14:54:45Z,2025-10-27T14:56:03Z,-120.0,-110.0
Cameron Johnson,Denver Nuggets @ Minnesota Timberwolves,2025-10-28T01:40:00Z,player_points,12.5,bovada,2025-10-27T14:54:45Z,2025-10-27T14:56:03Z,110.0,-145.0
Cameron Johnson,Denver Nuggets @ Minnesota Timberwolves,2025-10-28T01:40:00Z,player_points,13.5,bovada,2025-10-27T14:54:45Z,2025-10-27T14:56:03Z,145.0,-190.0
Cameron Johnson,Denver Nuggets @ Minnesota Timberwolves,2025-10-28T01:40:00Z,player_points,14.5,bovada,2025-10-27T14:54:45Z,2025-10-27T14:56:03Z,185.0,-250.0
Nikola Jokic,Denver Nuggets @ Minnesota Timberwolves,2025-10-28T01:40:00Z,player_points,22.5,bovada,2025-10-27T14:54:45Z,2025-10-27T14:56:03Z,-280.0,205.0
Nikola Jokic,Denver Nuggets @ Minnesota Timberwolves,2025-10-28T01:40:00Z,player_points,23.5,bovada,2025-10-27T14:54:45Z,2025-10-27T14:56:03Z,-220.0,165.0
Nikola Jokic,Denver Nuggets @ Minnesota Timberwolves,2025-10-28T01:40:00Z,player_points,24.5,bovada,2025-10-27T14:54:45Z,2025-10-27T14:56:03Z,-180.0,135.0
Nikola Jokic,Denver Nuggets @ Minnesota Timberwolves,2025-10-28T01:40:00Z,player_points,25.5,bovada,2025-10-27T14:54:45Z,2025-10-27T14:56:03Z,-145.0,110.0
Nikola Jokic,Denver Nuggets @ Minnesota Timberwolves,2025-10-28T01:40:00Z,player_points,26.5,bovada,2025-10-27T14:54:45Z,2025-10-27T14:56:03Z,-120.0,-110.0
Nikola Jokic,Denver Nuggets @ Minnesota Timberwolves,2025-10-28T01:40:00Z,player_points,27.5,bovada,2025-10-27T14:54:45Z,2025-10-27T14:56:03Z,100.0,-130.0
Nikola Jokic,Denver Nuggets @ Minnesota Timberwolves,2025-10-28T01:40:00Z,player_points,28.5,bovada,2025-10-27T14:54:45Z,2025-10-27T14:56:03Z,120.0,-160.0
Nikola Jokic,Denver Nuggets @ Minnesota Timberwolves,2025-10-28T01:40:00Z,player_points,29.5,bovada,2025-10-27T14:54:45Z,2025-10-27T14:56:03Z,145.0,-190.0
Nikola Jokic,Denver Nuggets @ Minnesota Timberwolves,2025-10-28T01:40:00Z,player_points,30.5,bovada,2025-10-27T14:54:45Z,2025-10-27T14:56:03Z,175.0,-240.0
Nikola Jokic,Denver Nuggets @ Minnesota Timberwolves,2025-10-28T01:40:00Z,player_points,31.5,bovada,2025-10-27T14:54:45Z,2025-10-27T14:56:03Z,210.0,-290.0
Anthony Edwards,Denver Nuggets @ Minnesota Timberwolves,2025-10-28T01:40:00Z,player_points_rebounds_assists,30.5,bovada,2025-10-27T14:54:45Z,2025-10-27T14:56:03Z,-275.0,200.0
Anthony Edwards,Denver Nuggets @ Minnesota Timberwolves,2025-10-28T01:40:00Z,player_points_rebounds_assists,31.5,bovada,2025-10-27T14:54:45Z,2025-10-27T14:56:03Z,-230.0,170.0
Anthony Edwards,Denver Nuggets @ Minnesota Timberwolves,2025-10-28T01:40:00Z,player_points_rebounds_assists,32.5,bovada,2025-10-27T14:54:45Z,2025-10-27T14:56:03Z,-190.0,145.0
Anthony Edwards,Denver Nuggets @ Minnesota Timberwolves,2025-10-28T01:40:00Z,player_points_rebounds_assists,33.5,bovada,2025-10-27T14:54:45Z,2025-10-27T14:56:03Z,-160.0,120.0
Anthony Edwards,Denver Nuggets @ Minnesota Timberwolves,2025-10-28T01:40:00Z,player_points_rebounds_assists,34.5,bovada,2025-10-27T14:54:45Z,2025-10-27T14:56:03Z,-130.0,100.0
Anthony Edwards,Denver Nuggets @ Minnesota Timberwolves,2025-10-28T01:40:00Z,player_points_rebounds_assists,35.5,bovada,2025-10-27T14:54:45Z,2025-10-27T14:56:03Z,-115.0,-115.0
Anthony Edwards,Denver Nuggets @ Minnesota Timberwolves,2025-10-28T01:40:00Z,player_points_rebounds_assists,37.5,bovada,2025-10-27T14:54:45Z,2025-10-27T14:56:03Z,120.0,-160.0
Anthony Edwards,Denver Nuggets @ Minnesota Timberwolves,2025-10-28T01:40:00Z,player_points_rebounds_assists,38.5,bovada,2025-10-27T14:54:45Z,2025-10-27T14:56:03Z,145.0,-190.0
Anthony Edwards,Denver Nuggets @ Minnesota Timberwolves,2025-10-28T01:40:00Z,player_points_rebounds_assists,39.5,bovada,2025-10-27T14:54:45Z,2025-10-27T14:56:03Z,165.0,-220.0
Anthony Edwards,Denver Nuggets @ Minnesota Timberwolves,2025-10-28T01:40:00Z,player_points_rebounds_assists,40.5,bovada,2025-10-27T14:54:45Z,2025-10-27T14:56:03Z,190.0,-260.0
Jamal Murray,Denver Nuggets @ Minnesota Timberwolves,2025-10-28T01:40:00Z,player_points_rebounds_assists,25.5,bovada,2025-10-27T14:54:45Z,2025-10-27T14:56:03Z,-290.0,210.0
Jamal Murray,Denver Nuggets @ Minnesota Timberwolves,2025-10-28T01:40:00Z,player_points_rebounds_assists,26.5,bovada,2025-10-27T14:54:45Z,2025-10-27T14:56:03Z,-230.0,170.0
Jamal Murray,Denver Nuggets @ Minnesota Timberwolves,2025-10-28T01:40:00Z,player_points_rebounds_assists,27.5,bovada,2025-10-27T14:54:45Z,2025-10-27T14:56:03Z,-190.0,145.0
Jamal Murray,Denver Nuggets @ Minnesota Timberwolves,2025-10-28T01:40:00Z,player_points_rebounds_assists,28.5,bovada,2025-10-27T14:54:45Z,2025-10-27T14:56:03Z,-160.0,120.0
Jamal Murray,Denver Nuggets @ Minnesota Timberwolves,2025-10-28T01:40:00Z,player_points_rebounds_assists,29.5,bovada,2025-10-27T14:54:45Z,2025-10-27T14:56:03Z,-130.0,100.0
Jamal Murray,Denver Nuggets @ Minnesota Timberwolves,2025-10-28T01:40:00Z,player_points_rebounds_assists,31.5,bovada,2025-10-27T14:54:45Z,2025-10-27T14:56:03Z,110.0,-145.0
Jamal Murray,Denver Nuggets @ Minnesota Timberwolves,2025-10-28T01:40:00Z,player_points_rebounds_assists,32.5,bovada,2025-10-27T14:54:45Z,2025-10-27T14:56:03Z,130.0,-170.0
Jamal Murray,Denver Nuggets @ Minnesota Timberwolves,2025-10-28T01:40:00Z,player_points_rebounds_assists,33.5,bovada,2025-10-27T14:54:45Z,2025-10-27T14:56:03Z,150.0,-200.0
Jamal Murray,Denver Nuggets @ Minnesota Timberwolves,2025-10-28T01:40:00Z,player_points_rebounds_assists,34.5,bovada,2025-10-27T14:54:45Z,2025-10-27T14:56:03Z,180.0,-245.0
Jamal Murray,Denver Nuggets @ Minnesota Timberwolves,2025-10-28T01:40:00Z,player_points_rebounds_assists,35.5,bovada,2025-10-27T14:54:45Z,2025-10-27T14:56:03Z,210.0,-290.0
Nikola Jokic,Denver Nuggets @ Minnesota Timberwolves,2025-10-28T01:40:00Z,player_points_rebounds_assists,43.5,bovada,2025-10-27T14:54:45Z,2025-10-27T14:56:03Z,-300.0,215.0
Nikola Jokic,Denver Nuggets @ Minnesota Timberwolves,2025-10-28T01:40:00Z,player_points_rebounds_assists,44.5,bovada,2025-10-27T14:54:45Z,2025-10-27T14:56:03Z,-250.0,185.0
Nikola Jokic,Denver Nuggets @ Minnesota Timberwolves,2025-10-28T01:40:00Z,player_points_rebounds_assists,45.5,bovada,2025-10-27T14:54:45Z,2025-10-27T14:56:03Z,-215.0,160.0
Nikola Jokic,Denver Nuggets @ Minnesota Timberwolves,2025-10-28T01:40:00Z,player_points_rebounds_assists,46.5,bovada,2025-10-27T14:54:45Z,2025-10-27T14:56:03Z,-185.0,140.0
Nikola Jokic,Denver Nuggets @ Minnesota Timberwolves,2025-10-28T01:40:00Z,player_points_rebounds_assists,47.5,bovada,2025-10-27T14:54:45Z,2025-10-27T14:56:03Z,-160.0,120.0
Nikola Jokic,Denver Nuggets @ Minnesota Timberwolves,2025-10-28T01:40:00Z,player_points_rebounds_assists,48.5,bovada,2025-10-27T14:54:45Z,2025-10-27T14:56:03Z,-135.0,105.0
Nikola Jokic,Denver Nuggets @ Minnesota Timberwolves,2025-10-28T01:40:00Z,player_points_rebounds_assists,49.5,bovada,2025-10-27T14:54:45Z,2025-10-27T14:56:03Z,-120.0,-110.0
Nikola Jokic,Denver Nuggets @ Minnesota Timberwolves,2025-10-28T01:40:00Z,player_points_rebounds_assists,50.5,bovada,2025-10-27T14:54:45Z,2025-10-27T14:56:03Z,-105.0,-125.0
Nikola Jokic,Denver Nuggets @ Minnesota Timberwolves,2025-10-28T01:40:00Z,player_points_rebounds_assists,51.5,bovada,2025-10-27T14:54:45Z,2025-10-27T14:56:03Z,110.0,-145.0
Nikola Jokic,Denver Nuggets @ Minnesota Timberwolves,2025-10-28T01:40:00Z,player_points_rebounds_assists,52.5,bovada,2025-10-27T14:54:45Z,2025-10-27T14:56:03Z,125.0,-165.0
Nikola Jokic,Denver Nuggets @ Minnesota Timberwolves,2025-10-28T01:40:00Z,player_points_rebounds_assists,53.5,bovada,2025-10-27T14:54:45Z,2025-10-27T14:56:03Z,145.0,-190.0
Nikola Jokic,Denver Nuggets @ Minnesota Timberwolves,2025-10-28T01:40:00Z,player_points_rebounds_assists,54.5,bovada,2025-10-27T14:54:45Z,2025-10-27T14:56:03Z,165.0,-220.0
Nikola Jokic,Denver Nuggets @ Minnesota Timberwolves,2025-10-28T01:40:00Z,player_points_rebounds_assists,55.5,bovada,2025-10-27T14:54:45Z,2025-10-27T14:56:03Z,185.0,-250.0
Nikola Jokic,Denver Nuggets @ Minnesota Timberwolves,2025-10-28T01:40:00Z,player_points_rebounds_assists,56.5,bovada,2025-10-27T14:54:45Z,2025-10-27T14:56:03Z,210.0,-290.0
Nikola Jokic,Denver Nuggets @ Minnesota Timberwolves,2025-10-28T01:40:00Z,player_triple_double,,bovada,2025-10-27T14:54:45Z,2025-10-27T14:56:03Z,,
Jamal Murray,Denver Nuggets @ Minnesota Timberwolves,2025-10-28T01:40:00Z,player_assists,5.5,betrivers,2025-10-27T14:54:42Z,2025-10-27T14:55:09Z,116.0,-155.0
Nikola Jokic,Denver Nuggets @ Minnesota Timberwolves,2025-10-28T01:40:00Z,player_assists,9.5,betrivers,2025-10-27T14:54:42Z,2025-10-27T14:55:09Z,-110.0,-121.0
Cameron Johnson,Denver Nuggets @ Minnesota Timberwolves,2025-10-28T01:40:00Z,player_points,11.5,betrivers,2025-10-27T14:54:42Z,2025-10-27T14:55:09Z,-117.0,-114.0
Christian Braun,Denver Nuggets @ Minnesota Timberwolves,2025-10-28T01:40:00Z,player_points,11.5,betrivers,2025-10-27T14:54:42Z,2025-10-27T14:55:09Z,-124.0,-108.0
Jamal Murray,Denver Nuggets @ Minnesota Timberwolves,2025-10-28T01:40:00Z,player_points,21.5,betrivers,2025-10-27T14:54:42Z,2025-10-27T14:55:09Z,-112.0,-120.0
Aaron Gordon,Denver Nuggets @ Minnesota Timberwolves,2025-10-28T01:40:00Z,player_points,16.5,betrivers,2025-10-27T14:54:42Z,2025-10-27T14:55:09Z,-120.0,-112.0
Nikola Jokic,Denver Nuggets @ Minnesota Timberwolves,2025-10-28T01:40:00Z,player_points,26.5,betrivers,2025-10-27T14:54:42Z,2025-10-27T14:55:09Z,-122.0,-109.0
Jamal Murray,Denver Nuggets @ Minnesota Timberwolves,2025-10-28T01:40:00Z,player_points_rebounds_assists,31.5,betrivers,2025-10-27T14:54:42Z,2025-10-27T14:55:09Z,-108.0,-124.0
Nikola Jokic,Denver Nuggets @ Minnesota Timberwolves,2025-10-28T01:40:00Z,player_points_rebounds_assists,50.5,betrivers,2025-10-27T14:54:42Z,2025-10-27T14:55:09Z,-112.0,-120.0
Christian Braun,Denver Nuggets @ Minnesota Timberwolves,2025-10-28T01:40:00Z,player_rebounds,4.5,betrivers,2025-10-27T14:54:42Z,2025-10-27T14:55:09Z,-127.0,-105.0
Jamal Murray,Denver Nuggets @ Minnesota Timberwolves,2025-10-28T01:40:00Z,player_rebounds,3.5,betrivers,2025-10-27T14:54:42Z,2025-10-27T14:55:09Z,-152.0,115.0
Nikola Jokic,Denver Nuggets @ Minnesota Timberwolves,2025-10-28T01:40:00Z,player_rebounds,12.5,betrivers,2025-10-27T14:54:42Z,2025-10-27T14:55:09Z,-125.0,-106.0
Cameron Johnson,Denver Nuggets @ Minnesota Timberwolves,2025-10-28T01:40:00Z,player_rebounds,3.5,betrivers,2025-10-27T14:54:42Z,2025-10-27T14:55:09Z,-132.0,100.0
Aaron Gordon,Denver Nuggets @ Minnesota Timberwolves,2025-10-28T01:40:00Z,player_rebounds,5.5,betrivers,2025-10-27T14:54:42Z,2025-10-27T14:55:09Z,-112.0,-120.0
Cameron Johnson,Denver Nuggets @ Minnesota Timberwolves,2025-10-28T01:40:00Z,player_threes,1.5,betrivers,2025-10-27T14:54:42Z,2025-10-27T14:55:09Z,-143.0,108.0
Aaron Gordon,Denver Nuggets @ Minnesota Timberwolves,2025-10-28T01:40:00Z,player_threes,1.5,betrivers,2025-10-27T14:54:42Z,2025-10-27T14:55:09Z,-182.0,135.0
Jamal Murray,Denver Nuggets @ Minnesota Timberwolves,2025-10-28T01:40:00Z,player_threes,2.5,betrivers,2025-10-27T14:54:42Z,2025-10-27T14:55:09Z,104.0,-139.0
Nikola Jokic,Denver Nuggets @ Minnesota Timberwolves,2025-10-28T01:40:00Z,player_threes,1.5,betrivers,2025-10-27T14:54:42Z,2025-10-27T14:55:09Z,-182.0,135.0
Ja Morant,Memphis Grizzlies @ Golden State Warriors,2025-10-28T02:00:00Z,player_assists,6.5,draftkings,2025-10-27T14:54:53Z,2025-10-27T14:55:09Z,-138.0,106.0
Draymond Green,Memphis Grizzlies @ Golden State Warriors,2025-10-28T02:00:00Z,player_assists,5.5,draftkings,2025-10-27T14:54:53Z,2025-10-27T14:55:09Z,-142.0,110.0
Stephen Curry,Memphis Grizzlies @ Golden State Warriors,2025-10-28T02:00:00Z,player_assists,5.5,draftkings,2025-10-27T14:54:53Z,2025-10-27T14:55:09Z,109.0,-142.0
Jimmy Butler,Memphis Grizzlies @ Golden State Warriors,2025-10-28T02:00:00Z,player_assists,4.5,draftkings,2025-10-27T14:54:53Z,2025-10-27T14:55:09Z,-143.0,110.0
Jonathan Kuminga,Memphis Grizzlies @ Golden State Warriors,2025-10-28T02:00:00Z,player_assists,2.5,draftkings,2025-10-27T14:54:53Z,2025-10-27T14:55:09Z,-143.0,110.0
Kentavious Caldwell-Pope,Memphis Grizzlies @ Golden State Warriors,2025-10-28T02:00:00Z,player_assists,2.5,draftkings,2025-10-27T14:54:53Z,2025-10-27T14:55:09Z,107.0,-138.0
Jaren Jackson Jr,Memphis Grizzlies @ Golden State Warriors,2025-10-28T02:00:00Z,player_blocks,1.5,draftkings,2025-10-27T14:54:53Z,2025-10-27T14:55:09Z,121.0,-161.0
Draymond Green,Memphis Grizzlies @ Golden State Warriors,2025-10-28T02:00:00Z,player_blocks,0.5,draftkings,2025-10-27T14:54:53Z,2025-10-27T14:55:09Z,-199.0,148.0
Jimmy Butler,Memphis Grizzlies @ Golden State Warriors,2025-10-28T02:00:00Z,player_blocks,0.5,draftkings,2025-10-27T14:54:53Z,2025-10-27T14:55:09Z,256.0,-357.0
Ja Morant,Memphis Grizzlies @ Golden State Warriors,2025-10-28T02:00:00Z,player_double_double,,draftkings,2025-10-27T14:54:53Z,2025-10-27T14:55:09Z,,
Draymond Green,Memphis Grizzlies @ Golden State Warriors,2025-10-28T02:00:00Z,player_double_double,,draftkings,2025-10-27T14:54:53Z,2025-10-27T14:55:09Z,,
Jimmy Butler,Memphis Grizzlies @ Golden State Warriors,2025-10-28T02:00:00Z,player_double_double,,draftkings,2025-10-27T14:54:53Z,2025-10-27T14:55:09Z,,
Jonathan Kuminga,Memphis Grizzlies @ Golden State Warriors,2025-10-28T02:00:00Z,player_double_double,,draftkings,2025-10-27T14:54:53Z,2025-10-27T14:55:09Z,,
Santi Aldama,Memphis Grizzlies @ Golden State Warriors,2025-10-28T02:00:00Z,player_double_double,,draftkings,2025-10-27T14:54:53Z,2025-10-27T14:55:09Z,,
Stephen Curry,Memphis Grizzlies @ Golden State Warriors,2025-10-28T02:00:00Z,player_double_double,,draftkings,2025-10-27T14:54:53Z,2025-10-27T14:55:09Z,,
Jaren Jackson Jr,Memphis Grizzlies @ Golden State Warriors,2025-10-28T02:00:00Z,player_double_double,,draftkings,2025-10-27T14:54:53Z,2025-10-27T14:55:09Z,,
Jock Landale,Memphis Grizzlies @ Golden State Warriors,2025-10-28T02:00:00Z,player_double_double,,draftkings,2025-10-27T14:54:53Z,2025-10-27T14:55:09Z,,
Brandin Podziemski,Memphis Grizzlies @ Golden State Warriors,2025-10-28T02:00:00Z,player_double_double,,draftkings,2025-10-27T14:54:53Z,2025-10-27T14:55:09Z,,
Cedric Coward,Memphis Grizzlies @ Golden State Warriors,2025-10-28T02:00:00Z,player_double_double,,draftkings,2025-10-27T14:54:53Z,2025-10-27T14:55:09Z,,
Jaylen Wells,Memphis Grizzlies @ Golden State Warriors,2025-10-28T02:00:00Z,player_double_double,,draftkings,2025-10-27T14:54:53Z,2025-10-27T14:55:09Z,,
Stephen Curry,Memphis Grizzlies @ Golden State Warriors,2025-10-28T02:00:00Z,player_points,26.5,draftkings,2025-10-27T14:54:53Z,2025-10-27T14:55:09Z,-116.0,-109.0
Ja Morant,Memphis Grizzlies @ Golden State Warriors,2025-10-28T02:00:00Z,player_points,24.5,draftkings,2025-10-27T14:54:53Z,2025-10-27T14:55:09Z,-112.0,-114.0
Jaren Jackson Jr,Memphis Grizzlies @ Golden State Warriors,2025-10-28T02:00:00Z,player_points,20.5,draftkings,2025-10-27T14:54:53Z,2025-10-27T14:55:09Z,-102.0,-125.0
Jimmy Butler,Memphis Grizzlies @ Golden State Warriors,2025-10-28T02:00:00Z,player_points,19.5,draftkings,2025-10-27T14:54:53Z,2025-10-27T14:55:09Z,-118.0,-108.0
Jonathan Kuminga,Memphis Grizzlies @ Golden State Warriors,2025-10-28T02:00:00Z,player_points,16.5,draftkings,2025-10-27T14:54:53Z,2025-10-27T14:55:09Z,-112.0,-114.0
Brandin Podziemski,Memphis Grizzlies @ Golden State Warriors,2025-10-28T02:00:00Z,player_points,11.5,draftkings,2025-10-27T14:54:53Z,2025-10-27T14:55:09Z,-117.0,-109.0
Jaylen Wells,Memphis Grizzlies @ Golden State Warriors,2025-10-28T02:00:00Z,player_points,11.5,draftkings,2025-10-27T14:54:53Z,2025-10-27T14:55:09Z,101.0,-129.0
Cedric Coward,Memphis Grizzlies @ Golden State Warriors,2025-10-28T02:00:00Z,player_points,10.5,draftkings,2025-10-27T14:54:53Z,2025-10-27T14:55:09Z,-111.0,-114.0
Santi Aldama,Memphis Grizzlies @ Golden State Warriors,2025-10-28T02:00:00Z,player_points,10.5,draftkings,2025-10-27T14:54:53Z,2025-10-27T14:55:09Z,-106.0,-120.0
Draymond Green,Memphis Grizzlies @ Golden State Warriors,2025-10-28T02:00:00Z,player_points,10.5,draftkings,2025-10-27T14:54:53Z,2025-10-27T14:55:09Z,103.0,-131.0
Kentavious Caldwell-Pope,Memphis Grizzlies @ Golden State Warriors,2025-10-28T02:00:00Z,player_points,8.5,draftkings,2025-10-27T14:54:53Z,2025-10-27T14:55:09Z,-118.0,-108.0
Moses Moody,Memphis Grizzlies @ Golden State Warriors,2025-10-28T02:00:00Z,player_points,8.5,draftkings,2025-10-27T14:54:53Z,2025-10-27T14:55:09Z,-115.0,-111.0
Jock Landale,Memphis Grizzlies @ Golden State Warriors,2025-10-28T02:00:00Z,player_points,8.5,draftkings,2025-10-27T14:54:53Z,2025-10-27T14:55:09Z,105.0,-134.0
Stephen Curry,Memphis Grizzlies @ Golden State Warriors,2025-10-28T02:00:00Z,player_points_rebounds_assists,36.5,draftkings,2025-10-27T14:54:53Z,2025-10-27T14:55:09Z,-120.0,-108.0
Ja Morant,Memphis Grizzlies @ Golden State Warriors,2025-10-28T02:00:00Z,player_points_rebounds_assists,35.5,draftkings,2025-10-27T14:54:53Z,2025-10-27T14:55:09Z,-114.0,-113.0
Jimmy Butler,Memphis Grizzlies @ Golden State Warriors,2025-10-28T02:00:00Z,player_points_rebounds_assists,30.5,draftkings,2025-10-27T14:54:53Z,2025-10-27T14:55:09Z,-121.0,-107.0
Jonathan Kuminga,Memphis Grizzlies @ Golden State Warriors,2025-10-28T02:00:00Z,player_points_rebounds_assists,25.5,draftkings,2025-10-27T14:54:53Z,2025-10-27T14:55:09Z,-111.0,-117.0
Draymond Green,Memphis Grizzlies @ Golden State Warriors,2025-10-28T02:00:00Z,player_points_rebounds_assists,22.5,draftkings,2025-10-27T14:54:53Z,2025-10-27T14:55:09Z,-118.0,-109.0
Kentavious Caldwell-Pope,Memphis Grizzlies @ Golden State Warriors,2025-10-28T02:00:00Z,player_points_rebounds_assists,14.5,draftkings,2025-10-27T14:54:53Z,2025-10-27T14:55:09Z,-106.0,-122.0
Jock Landale,Memphis Grizzlies @ Golden State Warriors,2025-10-28T02:00:00Z,player_rebounds,6.5,draftkings,2025-10-27T14:54:53Z,2025-10-27T14:55:09Z,-104.0,-125.0
Santi Aldama,Memphis Grizzlies @ Golden State Warriors,2025-10-28T02:00:00Z,player_rebounds,6.5,draftkings,2025-10-27T14:54:53Z,2025-10-27T14:55:09Z,-104.0,-125.0
Draymond Green,Memphis Grizzlies @ Golden State Warriors,2025-10-28T02:00:00Z,player_rebounds,6.5,draftkings,2025-10-27T14:54:53Z,2025-10-27T14:55:09Z,101.0,-130.0
Jaren Jackson Jr,Memphis Grizzlies @ Golden State Warriors,2025-10-28T02:00:00Z,player_rebounds,5.5,draftkings,2025-10-27T14:54:53Z,2025-10-27T14:55:09Z,-122.0,-106.0
Jimmy Butler,Memphis Grizzlies @ Golden State Warriors,2025-10-28T02:00:00Z,player_rebounds,5.5,draftkings,2025-10-27T14:54:53Z,2025-10-27T14:55:09Z,-120.0,-108.0
Jonathan Kuminga,Memphis Grizzlies @ Golden State Warriors,2025-10-28T02:00:00Z,player_rebounds,5.5,draftkings,2025-10-27T14:54:53Z,2025-10-27T14:55:09Z,-114.0,-114.0
Brandin Podziemski,Memphis Grizzlies @ Golden State Warriors,2025-10-28T02:00:00Z,player_rebounds,5.5,draftkings,2025-10-27T14:54:53Z,2025-10-27T14:55:09Z,115.0,-149.0
Stephen Curry,Memphis Grizzlies @ Golden State Warriors,2025-10-28T02:00:00Z,player_rebounds,4.5,draftkings,2025-10-27T14:54:53Z,2025-10-27T14:55:09Z,-128.0,-101.0
Jaylen Wells,Memphis Grizzlies @ Golden State Warriors,2025-10-28T02:00:00Z,player_rebounds,4.5,draftkings,2025-10-27T14:54:53Z,2025-10-27T14:55:09Z,127.0,-165.0
Ja Morant,Memphis Grizzlies @ Golden State Warriors,2025-10-28T02:00:00Z,player_rebounds,3.5,draftkings,2025-10-27T14:54:53Z,2025-10-27T14:55:09Z,-153.0,117.0
Cedric Coward,Memphis Grizzlies @ Golden State Warriors,2025-10-28T02:00:00Z,player_rebounds,3.5,draftkings,2025-10-27T14:54:53Z,2025-10-27T14:55:09Z,-144.0,111.0
Jimmy Butler,Memphis Grizzlies @ Golden State Warriors,2025-10-28T02:00:00Z,player_steals,1.5,draftkings,2025-10-27T14:54:53Z,2025-10-27T14:55:09Z,102.0,-136.0
Draymond Green,Memphis Grizzlies @ Golden State Warriors,2025-10-28T02:00:00Z,player_steals,1.5,draftkings,2025-10-27T14:54:53Z,2025-10-27T14:55:09Z,118.0,-156.0
Stephen Curry,Memphis Grizzlies @ Golden State Warriors,2025-10-28T02:00:00Z,player_steals,1.5,draftkings,2025-10-27T14:54:53Z,2025-10-27T14:55:09Z,165.0,-223.0
Ja Morant,Memphis Grizzlies @ Golden State Warriors,2025-10-28T02:00:00Z,player_steals,0.5,draftkings,2025-10-27T14:54:53Z,2025-10-27T14:55:09Z,-223.0,166.0
Jaren Jackson Jr,Memphis Grizzlies @ Golden State Warriors,2025-10-28T02:00:00Z,player_steals,0.5,draftkings,2025-10-27T14:54:53Z,2025-10-27T14:55:09Z,-162.0,122.0
Stephen Curry,Memphis Grizzlies @ Golden State Warriors,2025-10-28T02:00:00Z,player_threes,4.5,draftkings,2025-10-27T14:54:53Z,2025-10-27T14:55:09Z,-125.0,-104.0
Jaylen Wells,Memphis Grizzlies @ Golden State Warriors,2025-10-28T02:00:00Z,player_threes,2.5,draftkings,2025-10-27T14:54:53Z,2025-10-27T14:55:09Z,138.0,-180.0
Brandin Podziemski,Memphis Grizzlies @ Golden State Warriors,2025-10-28T02:00:00Z,player_threes,1.5,draftkings,2025-10-27T14:54:53Z,2025-10-27T14:55:09Z,-122.0,-106.0
Kentavious Caldwell-Pope,Memphis Grizzlies @ Golden State Warriors,2025-10-28T02:00:00Z,player_threes,1.5,draftkings,2025-10-27T14:54:53Z,2025-10-27T14:55:09Z,-114.0,-114.0
Ja Morant,Memphis Grizzlies @ Golden State Warriors,2025-10-28T02:00:00Z,player_threes,1.5,draftkings,2025-10-27T14:54:53Z,2025-10-27T14:55:09Z,-109.0,-119.0
Santi Aldama,Memphis Grizzlies @ Golden State Warriors,2025-10-28T02:00:00Z,player_threes,1.5,draftkings,2025-10-27T14:54:53Z,2025-10-27T14:55:09Z,-105.0,-124.0
Jaren Jackson Jr,Memphis Grizzlies @ Golden State Warriors,2025-10-28T02:00:00Z,player_threes,1.5,draftkings,2025-10-27T14:54:53Z,2025-10-27T14:55:09Z,-102.0,-127.0
Jonathan Kuminga,Memphis Grizzlies @ Golden State Warriors,2025-10-28T02:00:00Z,player_threes,1.5,draftkings,2025-10-27T14:54:53Z,2025-10-27T14:55:09Z,107.0,-139.0
Draymond Green,Memphis Grizzlies @ Golden State Warriors,2025-10-28T02:00:00Z,player_threes,1.5,draftkings,2025-10-27T14:54:53Z,2025-10-27T14:55:09Z,122.0,-158.0
Moses Moody,Memphis Grizzlies @ Golden State Warriors,2025-10-28T02:00:00Z,player_threes,1.5,draftkings,2025-10-27T14:54:53Z,2025-10-27T14:55:09Z,122.0,-159.0
Cedric Coward,Memphis Grizzlies @ Golden State Warriors,2025-10-28T02:00:00Z,player_threes,1.5,draftkings,2025-10-27T14:54:53Z,2025-10-27T14:55:09Z,136.0,-177.0
Draymond Green,Memphis Grizzlies @ Golden State Warriors,2025-10-28T02:00:00Z,player_triple_double,,draftkings,2025-10-27T14:54:53Z,2025-10-27T14:55:09Z,,
Ja Morant,Memphis Grizzlies @ Golden State Warriors,2025-10-28T02:00:00Z,player_triple_double,,draftkings,2025-10-27T14:54:53Z,2025-10-27T14:55:09Z,,
Jimmy Butler,Memphis Grizzlies @ Golden State Warriors,2025-10-28T02:00:00Z,player_triple_double,,draftkings,2025-10-27T14:54:53Z,2025-10-27T14:55:09Z,,
Kentavious Caldwell-Pope,Memphis Grizzlies @ Golden State Warriors,2025-10-28T02:00:00Z,player_assists,2.5,williamhill_us,2025-10-27T14:54:59Z,2025-10-27T14:55:53Z,115.0,-157.0
Jonathan Kuminga,Memphis Grizzlies @ Golden State Warriors,2025-10-28T02:00:00Z,player_assists,2.5,williamhill_us,2025-10-27T14:54:59Z,2025-10-27T14:55:53Z,-152.0,110.0
Stephen Curry,Memphis Grizzlies @ Golden State Warriors,2025-10-28T02:00:00Z,player_assists,5.5,williamhill_us,2025-10-27T14:54:59Z,2025-10-27T14:55:53Z,110.0,-150.0
Draymond Green,Memphis Grizzlies @ Golden State Warriors,2025-10-28T02:00:00Z,player_assists,5.5,williamhill_us,2025-10-27T14:54:59Z,2025-10-27T14:55:53Z,-141.0,105.0
Jimmy Butler,Memphis Grizzlies @ Golden State Warriors,2025-10-28T02:00:00Z,player_assists,5.5,williamhill_us,2025-10-27T14:54:59Z,2025-10-27T14:55:53Z,115.0,-159.0
Ja Morant,Memphis Grizzlies @ Golden State Warriors,2025-10-28T02:00:00Z,player_assists,6.5,williamhill_us,2025-10-27T14:54:59Z,2025-10-27T14:55:53Z,-137.0,100.0
Ja Morant,Memphis Grizzlies @ Golden State Warriors,2025-10-28T02:00:00Z,player_double_double,,williamhill_us,2025-10-27T14:54:59Z,2025-10-27T14:55:53Z,,
Draymond Green,Memphis Grizzlies @ Golden State Warriors,2025-10-28T02:00:00Z,player_double_double,,williamhill_us,2025-10-27T14:54:59Z,2025-10-27T14:55:53Z,,
Jimmy Butler,Memphis Grizzlies @ Golden State Warriors,2025-10-28T02:00:00Z,player_double_double,,williamhill_us,2025-10-27T14:54:59Z,2025-10-27T14:55:53Z,,
Santi Aldama,Memphis Grizzlies @ Golden State Warriors,2025-10-28T02:00:00Z,player_double_double,,williamhill_us,2025-10-27T14:54:59Z,2025-10-27T14:55:53Z,,
Stephen Curry,Memphis Grizzlies @ Golden State Warriors,2025-10-28T02:00:00Z,player_double_double,,williamhill_us,2025-10-27T14:54:59Z,2025-10-27T14:55:53Z,,
Jonathan Kuminga,Memphis Grizzlies @ Golden State Warriors,2025-10-28T02:00:00Z,player_double_double,,williamhill_us,2025-10-27T14:54:59Z,2025-10-27T14:55:53Z,,
Jaren Jackson Jr,Memphis Grizzlies @ Golden State Warriors,2025-10-28T02:00:00Z,player_double_double,,williamhill_us,2025-10-27T14:54:59Z,2025-10-27T14:55:53Z,,
Jock Landale,Memphis Grizzlies @ Golden State Warriors,2025-10-28T02:00:00Z,player_double_double,,williamhill_us,2025-10-27T14:54:59Z,2025-10-27T14:55:53Z,,
Brandin Podziemski,Memphis Grizzlies @ Golden State Warriors,2025-10-28T02:00:00Z,player_double_double,,williamhill_us,2025-10-27T14:54:59Z,2025-10-27T14:55:53Z,,
Kentavious Caldwell-Pope,Memphis Grizzlies @ Golden State Warriors,2025-10-28T02:00:00Z,player_points,8.5,williamhill_us,2025-10-27T14:54:59Z,2025-10-27T14:55:53Z,-124.0,-109.0
Jaren Jackson Jr,Memphis Grizzlies @ Golden State Warriors,2025-10-28T02:00:00Z,player_points,19.5,williamhill_us,2025-10-27T14:54:59Z,2025-10-27T14:55:53Z,-129.0,-105.0
Moses Moody,Memphis Grizzlies @ Golden State Warriors,2025-10-28T02:00:00Z,player_points,8.5,williamhill_us,2025-10-27T14:54:59Z,2025-10-27T14:55:53Z,-118.0,-114.0
Jimmy Butler,Memphis Grizzlies @ Golden State Warriors,2025-10-28T02:00:00Z,player_points,19.5,williamhill_us,2025-10-27T14:54:59Z,2025-10-27T14:55:53Z,-125.0,-108.0
Stephen Curry,Memphis Grizzlies @ Golden State Warriors,2025-10-28T02:00:00Z,player_points,26.5,williamhill_us,2025-10-27T14:54:59Z,2025-10-27T14:55:53Z,-122.0,-110.0
Cedric Coward,Memphis Grizzlies @ Golden State Warriors,2025-10-28T02:00:00Z,player_points,10.5,williamhill_us,2025-10-27T14:54:59Z,2025-10-27T14:55:53Z,-115.0,-117.0
Ja Morant,Memphis Grizzlies @ Golden State Warriors,2025-10-28T02:00:00Z,player_points,24.5,williamhill_us,2025-10-27T14:54:59Z,2025-10-27T14:55:53Z,-113.0,-118.0
Jaylen Wells,Memphis Grizzlies @ Golden State Warriors,2025-10-28T02:00:00Z,player_points,10.5,williamhill_us,2025-10-27T14:54:59Z,2025-10-27T14:55:53Z,-132.0,-102.0
Jock Landale,Memphis Grizzlies @ Golden State Warriors,2025-10-28T02:00:00Z,player_points,7.5,williamhill_us,2025-10-27T14:54:59Z,2025-10-27T14:55:53Z,-127.0,-107.0
Draymond Green,Memphis Grizzlies @ Golden State Warriors,2025-10-28T02:00:00Z,player_points,9.5,williamhill_us,2025-10-27T14:54:59Z,2025-10-27T14:55:53Z,-125.0,-108.0
Brandin Podziemski,Memphis Grizzlies @ Golden State Warriors,2025-10-28T02:00:00Z,player_points,11.5,williamhill_us,2025-10-27T14:54:59Z,2025-10-27T14:55:53Z,-117.0,-117.0
Santi Aldama,Memphis Grizzlies @ Golden State Warriors,2025-10-28T02:00:00Z,player_points,10.5,williamhill_us,2025-10-27T14:54:59Z,2025-10-27T14:55:53Z,-113.0,-120.0
Jonathan Kuminga,Memphis Grizzlies @ Golden State Warriors,2025-10-28T02:00:00Z,player_points,16.5,williamhill_us,2025-10-27T14:54:59Z,2025-10-27T14:55:53Z,-110.0,-122.0
Stephen Curry,Memphis Grizzlies @ Golden State Warriors,2025-10-28T02:00:00Z,player_rebounds,4.5,williamhill_us,2025-10-27T14:54:59Z,2025-10-27T14:55:53Z,-134.0,-102.0
Jimmy Butler,Memphis Grizzlies @ Golden State Warriors,2025-10-28T02:00:00Z,player_rebounds,5.5,williamhill_us,2025-10-27T14:54:59Z,2025-10-27T14:55:53Z,-120.0,-113.0
Jaren Jackson Jr,Memphis Grizzlies @ Golden State Warriors,2025-10-28T02:00:00Z,player_rebounds,5.5,williamhill_us,2025-10-27T14:54:59Z,2025-10-27T14:55:53Z,-117.0,-115.0
Ja Morant,Memphis Grizzlies @ Golden State Warriors,2025-10-28T02:00:00Z,player_rebounds,3.5,williamhill_us,2025-10-27T14:54:59Z,2025-10-27T14:55:53Z,-162.0,115.0
Jock Landale,Memphis Grizzlies @ Golden State Warriors,2025-10-28T02:00:00Z,player_rebounds,6.5,williamhill_us,2025-10-27T14:54:59Z,2025-10-27T14:55:53Z,105.0,-145.0
Draymond Green,Memphis Grizzlies @ Golden State Warriors,2025-10-28T02:00:00Z,player_rebounds,6.5,williamhill_us,2025-10-27T14:54:59Z,2025-10-27T14:55:53Z,-102.0,-134.0
Kentavious Caldwell-Pope,Memphis Grizzlies @ Golden State Warriors,2025-10-28T02:00:00Z,player_rebounds,2.5,williamhill_us,2025-10-27T14:54:59Z,2025-10-27T14:55:53Z,-148.0,110.0
Jonathan Kuminga,Memphis Grizzlies @ Golden State Warriors,2025-10-28T02:00:00Z,player_rebounds,5.5,williamhill_us,2025-10-27T14:54:59Z,2025-10-27T14:55:53Z,-117.0,-115.0
Cedric Coward,Memphis Grizzlies @ Golden State Warriors,2025-10-28T02:00:00Z,player_rebounds,3.5,williamhill_us,2025-10-27T14:54:59Z,2025-10-27T14:55:53Z,-152.0,110.0
Brandin Podziemski,Memphis Grizzlies @ Golden State Warriors,2025-10-28T02:00:00Z,player_rebounds,5.5,williamhill_us,2025-10-27T14:54:59Z,2025-10-27T14:55:53Z,110.0,-154.0
Santi Aldama,Memphis Grizzlies @ Golden State Warriors,2025-10-28T02:00:00Z,player_rebounds,6.5,williamhill_us,2025-10-27T14:54:59Z,2025-10-27T14:55:53Z,105.0,-148.0
Jaylen Wells,Memphis Grizzlies @ Golden State Warriors,2025-10-28T02:00:00Z,player_rebounds,4.5,williamhill_us,2025-10-27T14:54:59Z,2025-10-27T14:55:53Z,125.0,-170.0
Santi Aldama,Memphis Grizzlies @ Golden State Warriors,2025-10-28T02:00:00Z,player_threes,1.5,williamhill_us,2025-10-27T14:54:59Z,2025-10-27T14:55:53Z,-114.0,-120.0
Jaylen Wells,Memphis Grizzlies @ Golden State Warriors,2025-10-28T02:00:00Z,player_threes,2.5,williamhill_us,2025-10-27T14:54:59Z,2025-10-27T14:55:53Z,130.0,-182.0
Moses Moody,Memphis Grizzlies @ Golden State Warriors,2025-10-28T02:00:00Z,player_threes,1.5,williamhill_us,2025-10-27T14:54:59Z,2025-10-27T14:55:53Z,115.0,-162.0
Cedric Coward,Memphis Grizzlies @ Golden State Warriors,2025-10-28T02:00:00Z,player_threes,1.5,williamhill_us,2025-10-27T14:54:59Z,2025-10-27T14:55:53Z,130.0,-182.0
Brandin Podziemski,Memphis Grizzlies @ Golden State Warriors,2025-10-28T02:00:00Z,player_threes,1.5,williamhill_us,2025-10-27T14:54:59Z,2025-10-27T14:55:53Z,-122.0,-110.0
Ja Morant,Memphis Grizzlies @ Golden State Warriors,2025-10-28T02:00:00Z,player_threes,1.5,williamhill_us,2025-10-27T14:54:59Z,2025-10-27T14:55:53Z,-122.0,-110.0
Jonathan Kuminga,Memphis Grizzlies @ Golden State Warriors,2025-10-28T02:00:00Z,player_threes,1.5,williamhill_us,2025-10-27T14:54:59Z,2025-10-27T14:55:53Z,130.0,-179.0
Draymond Green,Memphis Grizzlies @ Golden State Warriors,2025-10-28T02:00:00Z,player_threes,1.5,williamhill_us,2025-10-27T14:54:59Z,2025-10-27T14:55:53Z,115.0,-162.0
Jaren Jackson Jr,Memphis Grizzlies @ Golden State Warriors,2025-10-28T02:00:00Z,player_threes,1.5,williamhill_us,2025-10-27T14:54:59Z,2025-10-27T14:55:53Z,-108.0,-125.0
Stephen Curry,Memphis Grizzlies @ Golden State Warriors,2025-10-28T02:00:00Z,player_threes,4.5,williamhill_us,2025-10-27T14:54:59Z,2025-10-27T14:55:53Z,-129.0,-105.0
Kentavious Caldwell-Pope,Memphis Grizzlies @ Golden State Warriors,2025-10-28T02:00:00Z,player_threes,1.5,williamhill_us,2025-10-27T14:54:59Z,2025-10-27T14:55:53Z,-117.0,-115.0
Ja Morant,Memphis Grizzlies @ Golden State Warriors,2025-10-28T02:00:00Z,player_triple_double,,williamhill_us,2025-10-27T14:54:59Z,2025-10-27T14:55:53Z,,
Draymond Green,Memphis Grizzlies @ Golden State Warriors,2025-10-28T02:00:00Z,player_triple_double,,williamhill_us,2025-10-27T14:54:59Z,2025-10-27T14:55:53Z,,
Ja Morant,Memphis Grizzlies @ Golden State Warriors,2025-10-28T02:00:00Z,player_assists,6.5,fanatics,2025-10-27T14:55:17Z,2025-10-27T14:56:05Z,-130.0,100.0
Draymond Green,Memphis Grizzlies @ Golden State Warriors,2025-10-28T02:00:00Z,player_assists,5.5,fanatics,2025-10-27T14:55:17Z,2025-10-27T14:56:05Z,-130.0,100.0
Stephen Curry,Memphis Grizzlies @ Golden State Warriors,2025-10-28T02:00:00Z,player_assists,5.5,fanatics,2025-10-27T14:55:17Z,2025-10-27T14:56:05Z,110.0,-145.0
Jimmy Butler,Memphis Grizzlies @ Golden State Warriors,2025-10-28T02:00:00Z,player_assists,4.5,fanatics,2025-10-27T14:55:17Z,2025-10-27T14:56:05Z,-165.0,120.0
Kentavious Caldwell-Pope,Memphis Grizzlies @ Golden State Warriors,2025-10-28T02:00:00Z,player_assists,2.5,fanatics,2025-10-27T14:55:17Z,2025-10-27T14:56:05Z,115.0,-150.0
Jonathan Kuminga,Memphis Grizzlies @ Golden State Warriors,2025-10-28T02:00:00Z,player_assists,2.5,fanatics,2025-10-27T14:55:17Z,2025-10-27T14:56:05Z,-145.0,110.0
Brandin Podziemski,Memphis Grizzlies @ Golden State Warriors,2025-10-28T02:00:00Z,player_assists,2.5,fanatics,2025-10-27T14:55:17Z,2025-10-27T14:56:05Z,-150.0,115.0
Santi Aldama,Memphis Grizzlies @ Golden State Warriors,2025-10-28T02:00:00Z,player_assists,2.5,fanatics,2025-10-27T14:55:17Z,2025-10-27T14:56:05Z,135.0,-210.0
Jock Landale,Memphis Grizzlies @ Golden State Warriors,2025-10-28T02:00:00Z,player_assists,1.5,fanatics,2025-10-27T14:55:17Z,2025-10-27T14:56:05Z,150.0,-240.0
Moses Moody,Memphis Grizzlies @ Golden State Warriors,2025-10-28T02:00:00Z,player_assists,1.5,fanatics,2025-10-27T14:55:17Z,2025-10-27T14:56:05Z,140.0,-225.0
Buddy Hield,Memphis Grizzlies @ Golden State Warriors,2025-10-28T02:00:00Z,player_assists,1.5,fanatics,2025-10-27T14:55:17Z,2025-10-27T14:56:05Z,125.0,-175.0
Jaren Jackson Jr,Memphis Grizzlies @ Golden State Warriors,2025-10-28T02:00:00Z,player_assists,1.5,fanatics,2025-10-27T14:55:17Z,2025-10-27T14:56:05Z,-115.0,-115.0
Cedric Coward,Memphis Grizzlies @ Golden State Warriors,2025-10-28T02:00:00Z,player_assists,1.5,fanatics,2025-10-27T14:55:17Z,2025-10-27T14:56:05Z,-105.0,-125.0
Jaylen Wells,Memphis Grizzlies @ Golden State Warriors,2025-10-28T02:00:00Z,player_assists,1.5,fanatics,2025-10-27T14:55:17Z,2025-10-27T14:56:05Z,105.0,-140.0
Ja Morant,Memphis Grizzlies @ Golden State Warriors,2025-10-28T02:00:00Z,player_double_double,,fanatics,2025-10-27T14:55:17Z,2025-10-27T14:56:05Z,,
Jaren Jackson Jr,Memphis Grizzlies @ Golden State Warriors,2025-10-28T02:00:00Z,player_double_double,,fanatics,2025-10-27T14:55:17Z,2025-10-27T14:56:05Z,,
Jaylen Wells,Memphis Grizzlies @ Golden State Warriors,2025-10-28T02:00:00Z,player_double_double,,fanatics,2025-10-27T14:55:17Z,2025-10-27T14:56:05Z,,
Jock Landale,Memphis Grizzlies @ Golden State Warriors,2025-10-28T02:00:00Z,player_double_double,,fanatics,2025-10-27T14:55:17Z,2025-10-27T14:56:05Z,,
Stephen Curry,Memphis Grizzlies @ Golden State Warriors,2025-10-28T02:00:00Z,player_double_double,,fanatics,2025-10-27T14:55:17Z,2025-10-27T14:56:05Z,,
Jimmy Butler,Memphis Grizzlies @ Golden State Warriors,2025-10-28T02:00:00Z,player_double_double,,fanatics,2025-10-27T14:55:17Z,2025-10-27T14:56:05Z,,
Jonathan Kuminga,Memphis Grizzlies @ Golden State Warriors,2025-10-28T02:00:00Z,player_double_double,,fanatics,2025-10-27T14:55:17Z,2025-10-27T14:56:05Z,,
Draymond Green,Memphis Grizzlies @ Golden State Warriors,2025-10-28T02:00:00Z,player_double_double,,fanatics,2025-10-27T14:55:17Z,2025-10-27T14:56:05Z,,
Brandin Podziemski,Memphis Grizzlies @ Golden State Warriors,2025-10-28T02:00:00Z,player_double_double,,fanatics,2025-10-27T14:55:17Z,2025-10-27T14:56:05Z,,
Cedric Coward,Memphis Grizzlies @ Golden State Warriors,2025-10-28T02:00:00Z,player_double_double,,fanatics,2025-10-27T14:55:17Z,2025-10-27T14:56:05Z,,
Santi Aldama,Memphis Grizzlies @ Golden State Warriors,2025-10-28T02:00:00Z,player_double_double,,fanatics,2025-10-27T14:55:17Z,2025-10-27T14:56:05Z,,
Kentavious Caldwell-Pope,Memphis Grizzlies @ Golden State Warriors,2025-10-28T02:00:00Z,player_points,8.5,fanatics,2025-10-27T14:55:17Z,2025-10-27T14:56:05Z,-125.0,-105.0
Ja Morant,Memphis Grizzlies @ Golden State Warriors,2025-10-28T02:00:00Z,player_points,24.5,fanatics,2025-10-27T14:55:17Z,2025-10-27T14:56:05Z,-110.0,-120.0
Jaylen Wells,Memphis Grizzlies @ Golden State Warriors,2025-10-28T02:00:00Z,player_points,11.5,fanatics,2025-10-27T14:55:17Z,2025-10-27T14:56:05Z,-105.0,-125.0
Jock Landale,Memphis Grizzlies @ Golden State Warriors,2025-10-28T02:00:00Z,player_points,7.5,fanatics,2025-10-27T14:55:17Z,2025-10-27T14:56:05Z,-125.0,-105.0
Jaren Jackson Jr,Memphis Grizzlies @ Golden State Warriors,2025-10-28T02:00:00Z,player_points,19.5,fanatics,2025-10-27T14:55:17Z,2025-10-27T14:56:05Z,-125.0,-105.0
Stephen Curry,Memphis Grizzlies @ Golden State Warriors,2025-10-28T02:00:00Z,player_points,26.5,fanatics,2025-10-27T14:55:17Z,2025-10-27T14:56:05Z,-120.0,-110.0
Jonathan Kuminga,Memphis Grizzlies @ Golden State Warriors,2025-10-28T02:00:00Z,player_points,16.5,fanatics,2025-10-27T14:55:17Z,2025-10-27T14:56:05Z,-105.0,-125.0
Jimmy Butler,Memphis Grizzlies @ Golden State Warriors,2025-10-28T02:00:00Z,player_points,19.5,fanatics,2025-10-27T14:55:17Z,2025-10-27T14:56:05Z,-115.0,-115.0
Draymond Green,Memphis Grizzlies @ Golden State Warriors,2025-10-28T02:00:00Z,player_points,9.5,fanatics,2025-10-27T14:55:17Z,2025-10-27T14:56:05Z,-130.0,100.0
Moses Moody,Memphis Grizzlies @ Golden State Warriors,2025-10-28T02:00:00Z,player_points,8.5,fanatics,2025-10-27T14:55:17Z,2025-10-27T14:56:05Z,-110.0,-120.0
Brandin Podziemski,Memphis Grizzlies @ Golden State Warriors,2025-10-28T02:00:00Z,player_points,11.5,fanatics,2025-10-27T14:55:17Z,2025-10-27T14:56:05Z,-115.0,-115.0
Cedric Coward,Memphis Grizzlies @ Golden State Warriors,2025-10-28T02:00:00Z,player_points,10.5,fanatics,2025-10-27T14:55:17Z,2025-10-27T14:56:05Z,-110.0,-120.0
Santi Aldama,Memphis Grizzlies @ Golden State Warriors,2025-10-28T02:00:00Z,player_points,10.5,fanatics,2025-10-27T14:55:17Z,2025-10-27T14:56:05Z,-110.0,-120.0
Buddy Hield,Memphis Grizzlies @ Golden State Warriors,2025-10-28T02:00:00Z,player_points,8.5,fanatics,2025-10-27T14:55:17Z,2025-10-27T14:56:05Z,-130.0,100.0
Ja Morant,Memphis Grizzlies @ Golden State Warriors,2025-10-28T02:00:00Z,player_points_rebounds_assists,35.5,fanatics,2025-10-27T14:55:17Z,2025-10-27T14:56:05Z,-115.0,-115.0
Jock Landale,Memphis Grizzlies @ Golden State Warriors,2025-10-28T02:00:00Z,player_points_rebounds_assists,15.5,fanatics,2025-10-27T14:55:17Z,2025-10-27T14:56:05Z,-105.0,-125.0
Brandin Podziemski,Memphis Grizzlies @ Golden State Warriors,2025-10-28T02:00:00Z,player_points_rebounds_assists,19.5,fanatics,2025-10-27T14:55:17Z,2025-10-27T14:56:05Z,-125.0,-105.0
Jaylen Wells,Memphis Grizzlies @ Golden State Warriors,2025-10-28T02:00:00Z,player_points_rebounds_assists,17.5,fanatics,2025-10-27T14:55:17Z,2025-10-27T14:56:05Z,100.0,-130.0
Moses Moody,Memphis Grizzlies @ Golden State Warriors,2025-10-28T02:00:00Z,player_points_rebounds_assists,12.5,fanatics,2025-10-27T14:55:17Z,2025-10-27T14:56:05Z,-120.0,-110.0
Jaren Jackson Jr,Memphis Grizzlies @ Golden State Warriors,2025-10-28T02:00:00Z,player_points_rebounds_assists,27.5,fanatics,2025-10-27T14:55:17Z,2025-10-27T14:56:05Z,-115.0,-115.0
Jimmy Butler,Memphis Grizzlies @ Golden State Warriors,2025-10-28T02:00:00Z,player_points_rebounds_assists,30.5,fanatics,2025-10-27T14:55:17Z,2025-10-27T14:56:05Z,-115.0,-115.0
Cedric Coward,Memphis Grizzlies @ Golden State Warriors,2025-10-28T02:00:00Z,player_points_rebounds_assists,16.5,fanatics,2025-10-27T14:55:17Z,2025-10-27T14:56:05Z,100.0,-130.0
Kentavious Caldwell-Pope,Memphis Grizzlies @ Golden State Warriors,2025-10-28T02:00:00Z,player_points_rebounds_assists,14.5,fanatics,2025-10-27T14:55:17Z,2025-10-27T14:56:05Z,-110.0,-120.0
Buddy Hield,Memphis Grizzlies @ Golden State Warriors,2025-10-28T02:00:00Z,player_points_rebounds_assists,13.5,fanatics,2025-10-27T14:55:17Z,2025-10-27T14:56:05Z,-110.0,-120.0
Santi Aldama,Memphis Grizzlies @ Golden State Warriors,2025-10-28T02:00:00Z,player_points_rebounds_assists,19.5,fanatics,2025-10-27T14:55:17Z,2025-10-27T14:56:05Z,105.0,-140.0
Draymond Green,Memphis Grizzlies @ Golden State Warriors,2025-10-28T02:00:00Z,player_points_rebounds_assists,22.5,fanatics,2025-10-27T14:55:17Z,2025-10-27T14:56:05Z,-115.0,-115.0
Jonathan Kuminga,Memphis Grizzlies @ Golden State Warriors,2025-10-28T02:00:00Z,player_points_rebounds_assists,25.5,fanatics,2025-10-27T14:55:17Z,2025-10-27T14:56:05Z,-105.0,-125.0
Stephen Curry,Memphis Grizzlies @ Golden State Warriors,2025-10-28T02:00:00Z,player_points_rebounds_assists,36.5,fanatics,2025-10-27T14:55:17Z,2025-10-27T14:56:05Z,-125.0,-105.0
Jaren Jackson Jr,Memphis Grizzlies @ Golden State Warriors,2025-10-28T02:00:00Z,player_rebounds,5.5,fanatics,2025-10-27T14:55:17Z,2025-10-27T14:56:05Z,-115.0,-115.0
Jock Landale,Memphis Grizzlies @ Golden State Warriors,2025-10-28T02:00:00Z,player_rebounds,6.5,fanatics,2025-10-27T14:55:17Z,2025-10-27T14:56:05Z,105.0,-140.0
Jaylen Wells,Memphis Grizzlies @ Golden State Warriors,2025-10-28T02:00:00Z,player_rebounds,4.5,fanatics,2025-10-27T14:55:17Z,2025-10-27T14:56:05Z,120.0,-165.0
Ja Morant,Memphis Grizzlies @ Golden State Warriors,2025-10-28T02:00:00Z,player_rebounds,3.5,fanatics,2025-10-27T14:55:17Z,2025-10-27T14:56:05Z,-165.0,120.0
Jimmy Butler,Memphis Grizzlies @ Golden State Warriors,2025-10-28T02:00:00Z,player_rebounds,5.5,fanatics,2025-10-27T14:55:17Z,2025-10-27T14:56:05Z,-125.0,-105.0
Jonathan Kuminga,Memphis Grizzlies @ Golden State Warriors,2025-10-28T02:00:00Z,player_rebounds,5.5,fanatics,2025-10-27T14:55:17Z,2025-10-27T14:56:05Z,-130.0,100.0
Stephen Curry,Memphis Grizzlies @ Golden State Warriors,2025-10-28T02:00:00Z,player_rebounds,4.5,fanatics,2025-10-27T14:55:17Z,2025-10-27T14:56:05Z,-130.0,100.0
Draymond Green,Memphis Grizzlies @ Golden State Warriors,2025-10-28T02:00:00Z,player_rebounds,6.5,fanatics,2025-10-27T14:55:17Z,2025-10-27T14:56:05Z,-105.0,-125.0
Kentavious Caldwell-Pope,Memphis Grizzlies @ Golden State Warriors,2025-10-28T02:00:00Z,player_rebounds,2.5,fanatics,2025-10-27T14:55:17Z,2025-10-27T14:56:05Z,-165.0,120.0
Brandin Podziemski,Memphis Grizzlies @ Golden State Warriors,2025-10-28T02:00:00Z,player_rebounds,5.5,fanatics,2025-10-27T14:55:17Z,2025-10-27T14:56:05Z,110.0,-145.0
Santi Aldama,Memphis Grizzlies @ Golden State Warriors,2025-10-28T02:00:00Z,player_rebounds,6.5,fanatics,2025-10-27T14:55:17Z,2025-10-27T14:56:05Z,115.0,-150.0
Cedric Coward,Memphis Grizzlies @ Golden State Warriors,2025-10-28T02:00:00Z,player_rebounds,3.5,fanatics,2025-10-27T14:55:17Z,2025-10-27T14:56:05Z,-145.0,110.0
Moses Moody,Memphis Grizzlies @ Golden State Warriors,2025-10-28T02:00:00Z,player_rebounds,2.5,fanatics,2025-10-27T14:55:17Z,2025-10-27T14:56:05Z,-165.0,120.0
Buddy Hield,Memphis Grizzlies @ Golden State Warriors,2025-10-28T02:00:00Z,player_rebounds,2.5,fanatics,2025-10-27T14:55:17Z,2025-10-27T14:56:05Z,-130.0,100.0
Jaylen Wells,Memphis Grizzlies @ Golden State Warriors,2025-10-28T02:00:00Z,player_threes,2.5,fanatics,2025-10-27T14:55:17Z,2025-10-27T14:56:05Z,130.0,-190.0
Ja Morant,Memphis Grizzlies @ Golden State Warriors,2025-10-28T02:00:00Z,player_threes,1.5,fanatics,2025-10-27T14:55:17Z,2025-10-27T14:56:05Z,-115.0,-115.0
Jaren Jackson Jr,Memphis Grizzlies @ Golden State Warriors,2025-10-28T02:00:00Z,player_threes,1.5,fanatics,2025-10-27T14:55:17Z,2025-10-27T14:56:05Z,-115.0,-115.0
Kentavious Caldwell-Pope,Memphis Grizzlies @ Golden State Warriors,2025-10-28T02:00:00Z,player_threes,1.5,fanatics,2025-10-27T14:55:17Z,2025-10-27T14:56:05Z,-120.0,-110.0
Stephen Curry,Memphis Grizzlies @ Golden State Warriors,2025-10-28T02:00:00Z,player_threes,4.5,fanatics,2025-10-27T14:55:17Z,2025-10-27T14:56:05Z,-125.0,-105.0
Draymond Green,Memphis Grizzlies @ Golden State Warriors,2025-10-28T02:00:00Z,player_threes,1.5,fanatics,2025-10-27T14:55:17Z,2025-10-27T14:56:05Z,125.0,-175.0
Jonathan Kuminga,Memphis Grizzlies @ Golden State Warriors,2025-10-28T02:00:00Z,player_threes,1.5,fanatics,2025-10-27T14:55:17Z,2025-10-27T14:56:05Z,120.0,-165.0
Moses Moody,Memphis Grizzlies @ Golden State Warriors,2025-10-28T02:00:00Z,player_threes,1.5,fanatics,2025-10-27T14:55:17Z,2025-10-27T14:56:05Z,115.0,-150.0
Brandin Podziemski,Memphis Grizzlies @ Golden State Warriors,2025-10-28T02:00:00Z,player_threes,1.5,fanatics,2025-10-27T14:55:17Z,2025-10-27T14:56:05Z,-120.0,-110.0
Santi Aldama,Memphis Grizzlies @ Golden State Warriors,2025-10-28T02:00:00Z,player_threes,1.5,fanatics,2025-10-27T14:55:17Z,2025-10-27T14:56:05Z,-115.0,-115.0
Cedric Coward,Memphis Grizzlies @ Golden State Warriors,2025-10-28T02:00:00Z,player_threes,1.5,fanatics,2025-10-27T14:55:17Z,2025-10-27T14:56:05Z,130.0,-190.0
Jimmy Butler,Memphis Grizzlies @ Golden State Warriors,2025-10-28T02:00:00Z,player_threes,0.5,fanatics,2025-10-27T14:55:17Z,2025-10-27T14:56:05Z,-190.0,130.0
Jock Landale,Memphis Grizzlies @ Golden State Warriors,2025-10-28T02:00:00Z,player_threes,0.5,fanatics,2025-10-27T14:55:17Z,2025-10-27T14:56:05Z,-105.0,-125.0
Buddy Hield,Memphis Grizzlies @ Golden State Warriors,2025-10-28T02:00:00Z,player_threes,2.5,fanatics,2025-10-27T14:55:17Z,2025-10-27T14:56:05Z,125.0,-175.0
Draymond Green,Memphis Grizzlies @ Golden State Warriors,2025-10-28T02:00:00Z,player_triple_double,,fanatics,2025-10-27T14:55:17Z,2025-10-27T14:56:05Z,,
Jonathan Kuminga,Memphis Grizzlies @ Golden State Warriors,2025-10-28T02:00:00Z,player_assists,2.5,fanduel,2025-10-27T14:55:19Z,2025-10-27T14:54:11Z,-152.0,114.0
Kentavious Caldwell-Pope,Memphis Grizzlies @ Golden State Warriors,2025-10-28T02:00:00Z,player_assists,2.5,fanduel,2025-10-27T14:55:19Z,2025-10-27T14:54:11Z,122.0,-162.0
Stephen Curry,Memphis Grizzlies @ Golden State Warriors,2025-10-28T02:00:00Z,player_assists,5.5,fanduel,2025-10-27T14:55:19Z,2025-10-27T14:54:11Z,116.0,-158.0
Jimmy Butler,Memphis Grizzlies @ Golden State Warriors,2025-10-28T02:00:00Z,player_assists,5.5,fanduel,2025-10-27T14:55:19Z,2025-10-27T14:54:11Z,126.0,-168.0
Ja Morant,Memphis Grizzlies @ Golden State Warriors,2025-10-28T02:00:00Z,player_assists,6.5,fanduel,2025-10-27T14:55:19Z,2025-10-27T14:54:11Z,-130.0,-102.0
Draymond Green,Memphis Grizzlies @ Golden State Warriors,2025-10-28T02:00:00Z,player_assists,5.5,fanduel,2025-10-27T14:55:19Z,2025-10-27T14:54:11Z,-136.0,102.0
Ja Morant,Memphis Grizzlies @ Golden State Warriors,2025-10-28T02:00:00Z,player_double_double,,fanduel,2025-10-27T14:55:19Z,2025-10-27T14:54:11Z,,
Draymond Green,Memphis Grizzlies @ Golden State Warriors,2025-10-28T02:00:00Z,player_double_double,,fanduel,2025-10-27T14:55:19Z,2025-10-27T14:54:11Z,,
Jimmy Butler,Memphis Grizzlies @ Golden State Warriors,2025-10-28T02:00:00Z,player_double_double,,fanduel,2025-10-27T14:55:19Z,2025-10-27T14:54:11Z,,
Stephen Curry,Memphis Grizzlies @ Golden State Warriors,2025-10-28T02:00:00Z,player_double_double,,fanduel,2025-10-27T14:55:19Z,2025-10-27T14:54:11Z,,
Santi Aldama,Memphis Grizzlies @ Golden State Warriors,2025-10-28T02:00:00Z,player_double_double,,fanduel,2025-10-27T14:55:19Z,2025-10-27T14:54:11Z,,
Jaren Jackson Jr,Memphis Grizzlies @ Golden State Warriors,2025-10-28T02:00:00Z,player_double_double,,fanduel,2025-10-27T14:55:19Z,2025-10-27T14:54:11Z,,
Jonathan Kuminga,Memphis Grizzlies @ Golden State Warriors,2025-10-28T02:00:00Z,player_double_double,,fanduel,2025-10-27T14:55:19Z,2025-10-27T14:54:11Z,,
Jock Landale,Memphis Grizzlies @ Golden State Warriors,2025-10-28T02:00:00Z,player_double_double,,fanduel,2025-10-27T14:55:19Z,2025-10-27T14:54:11Z,,
Brandin Podziemski,Memphis Grizzlies @ Golden State Warriors,2025-10-28T02:00:00Z,player_double_double,,fanduel,2025-10-27T14:55:19Z,2025-10-27T14:54:11Z,,
Cedric Coward,Memphis Grizzlies @ Golden State Warriors,2025-10-28T02:00:00Z,player_double_double,,fanduel,2025-10-27T14:55:19Z,2025-10-27T14:54:11Z,,
Jaylen Wells,Memphis Grizzlies @ Golden State Warriors,2025-10-28T02:00:00Z,player_double_double,,fanduel,2025-10-27T14:55:19Z,2025-10-27T14:54:11Z,,
Stephen Curry,Memphis Grizzlies @ Golden State Warriors,2025-10-28T02:00:00Z,player_points,26.5,fanduel,2025-10-27T14:55:19Z,2025-10-27T14:54:11Z,-125.0,-106.0
Moses Moody,Memphis Grizzlies @ Golden State Warriors,2025-10-28T02:00:00Z,player_points,8.5,fanduel,2025-10-27T14:55:19Z,2025-10-27T14:54:11Z,-110.0,-120.0
Jimmy Butler,Memphis Grizzlies @ Golden State Warriors,2025-10-28T02:00:00Z,player_points,19.5,fanduel,2025-10-27T14:55:19Z,2025-10-27T14:54:11Z,-114.0,-114.0
Jaylen Wells,Memphis Grizzlies @ Golden State Warriors,2025-10-28T02:00:00Z,player_points,11.5,fanduel,2025-10-27T14:55:19Z,2025-10-27T14:54:11Z,100.0,-132.0
Ja Morant,Memphis Grizzlies @ Golden State Warriors,2025-10-28T02:00:00Z,player_points,24.5,fanduel,2025-10-27T14:55:19Z,2025-10-27T14:54:11Z,-102.0,-130.0
Brandin Podziemski,Memphis Grizzlies @ Golden State Warriors,2025-10-28T02:00:00Z,player_points,11.5,fanduel,2025-10-27T14:55:19Z,2025-10-27T14:54:11Z,100.0,-132.0
Jonathan Kuminga,Memphis Grizzlies @ Golden State Warriors,2025-10-28T02:00:00Z,player_points,16.5,fanduel,2025-10-27T14:55:19Z,2025-10-27T14:54:11Z,-102.0,-130.0
Jaren Jackson Jr,Memphis Grizzlies @ Golden State Warriors,2025-10-28T02:00:00Z,player_points,20.5,fanduel,2025-10-27T14:55:19Z,2025-10-27T14:54:11Z,-102.0,-130.0
Cedric Coward,Memphis Grizzlies @ Golden State Warriors,2025-10-28T02:00:00Z,player_points,10.5,fanduel,2025-10-27T14:55:19Z,2025-10-27T14:54:11Z,-125.0,-106.0
Draymond Green,Memphis Grizzlies @ Golden State Warriors,2025-10-28T02:00:00Z,player_points,9.5,fanduel,2025-10-27T14:55:19Z,2025-10-27T14:54:11Z,-128.0,-104.0
Kentavious Caldwell-Pope,Memphis Grizzlies @ Golden State Warriors,2025-10-28T02:00:00Z,player_points,8.5,fanduel,2025-10-27T14:55:19Z,2025-10-27T14:54:11Z,-130.0,-102.0
Santi Aldama,Memphis Grizzlies @ Golden State Warriors,2025-10-28T02:00:00Z,player_points,10.5,fanduel,2025-10-27T14:55:19Z,2025-10-27T14:54:11Z,-106.0,-125.0
Jock Landale,Memphis Grizzlies @ Golden State Warriors,2025-10-28T02:00:00Z,player_points,7.5,fanduel,2025-10-27T14:55:19Z,2025-10-27T14:54:11Z,-120.0,-110.0
Draymond Green,Memphis Grizzlies @ Golden State Warriors,2025-10-28T02:00:00Z,player_points_rebounds_assists,22.5,fanduel,2025-10-27T14:55:19Z,2025-10-27T14:54:11Z,-114.0,-114.0
Stephen Curry,Memphis Grizzlies @ Golden State Warriors,2025-10-28T02:00:00Z,player_points_rebounds_assists,37.5,fanduel,2025-10-27T14:55:19Z,2025-10-27T14:54:11Z,-108.0,-122.0
Kentavious Caldwell-Pope,Memphis Grizzlies @ Golden State Warriors,2025-10-28T02:00:00Z,player_points_rebounds_assists,14.5,fanduel,2025-10-27T14:55:19Z,2025-10-27T14:54:11Z,-108.0,-122.0
Jimmy Butler,Memphis Grizzlies @ Golden State Warriors,2025-10-28T02:00:00Z,player_points_rebounds_assists,30.5,fanduel,2025-10-27T14:55:19Z,2025-10-27T14:54:11Z,-114.0,-114.0
Jonathan Kuminga,Memphis Grizzlies @ Golden State Warriors,2025-10-28T02:00:00Z,player_points_rebounds_assists,25.5,fanduel,2025-10-27T14:55:19Z,2025-10-27T14:54:11Z,-102.0,-130.0
Ja Morant,Memphis Grizzlies @ Golden State Warriors,2025-10-28T02:00:00Z,player_points_rebounds_assists,35.5,fanduel,2025-10-27T14:55:19Z,2025-10-27T14:54:11Z,-108.0,-122.0
Jaylen Wells,Memphis Grizzlies @ Golden State Warriors,2025-10-28T02:00:00Z,player_rebounds,4.5,fanduel,2025-10-27T14:55:19Z,2025-10-27T14:54:11Z,122.0,-162.0
Draymond Green,Memphis Grizzlies @ Golden State Warriors,2025-10-28T02:00:00Z,player_rebounds,6.5,fanduel,2025-10-27T14:55:19Z,2025-10-27T14:54:11Z,100.0,-132.0
Santi Aldama,Memphis Grizzlies @ Golden State Warriors,2025-10-28T02:00:00Z,player_rebounds,5.5,fanduel,2025-10-27T14:55:19Z,2025-10-27T14:54:11Z,-132.0,100.0
Jimmy Butler,Memphis Grizzlies @ Golden State Warriors,2025-10-28T02:00:00Z,player_rebounds,5.5,fanduel,2025-10-27T14:55:19Z,2025-10-27T14:54:11Z,-114.0,-114.0
Jonathan Kuminga,Memphis Grizzlies @ Golden State Warriors,2025-10-28T02:00:00Z,player_rebounds,5.5,fanduel,2025-10-27T14:55:19Z,2025-10-27T14:54:11Z,-132.0,100.0
Stephen Curry,Memphis Grizzlies @ Golden State Warriors,2025-10-28T02:00:00Z,player_rebounds,4.5,fanduel,2025-10-27T14:55:19Z,2025-10-27T14:54:11Z,-136.0,102.0
Kentavious Caldwell-Pope,Memphis Grizzlies @ Golden State Warriors,2025-10-28T02:00:00Z,player_rebounds,2.5,fanduel,2025-10-27T14:55:19Z,2025-10-27T14:54:11Z,-154.0,116.0
Brandin Podziemski,Memphis Grizzlies @ Golden State Warriors,2025-10-28T02:00:00Z,player_rebounds,5.5,fanduel,2025-10-27T14:55:19Z,2025-10-27T14:54:11Z,114.0,-152.0
Cedric Coward,Memphis Grizzlies @ Golden State Warriors,2025-10-28T02:00:00Z,player_rebounds,3.5,fanduel,2025-10-27T14:55:19Z,2025-10-27T14:54:11Z,-172.0,128.0
Ja Morant,Memphis Grizzlies @ Golden State Warriors,2025-10-28T02:00:00Z,player_rebounds,3.5,fanduel,2025-10-27T14:55:19Z,2025-10-27T14:54:11Z,-162.0,122.0
Jaren Jackson Jr,Memphis Grizzlies @ Golden State Warriors,2025-10-28T02:00:00Z,player_rebounds,5.5,fanduel,2025-10-27T14:55:19Z,2025-10-27T14:54:11Z,-114.0,-114.0
Jock Landale,Memphis Grizzlies @ Golden State Warriors,2025-10-28T02:00:00Z,player_rebounds,6.5,fanduel,2025-10-27T14:55:19Z,2025-10-27T14:54:11Z,108.0,-144.0
Moses Moody,Memphis Grizzlies @ Golden State Warriors,2025-10-28T02:00:00Z,player_threes,1.5,fanduel,2025-10-27T14:55:19Z,2025-10-27T14:53:01Z,124.0,-166.0
Cedric Coward,Memphis Grizzlies @ Golden State Warriors,2025-10-28T02:00:00Z,player_threes,1.5,fanduel,2025-10-27T14:55:19Z,2025-10-27T14:53:01Z,136.0,-186.0
Jaren Jackson Jr,Memphis Grizzlies @ Golden State Warriors,2025-10-28T02:00:00Z,player_threes,1.5,fanduel,2025-10-27T14:55:19Z,2025-10-27T14:53:01Z,-108.0,-122.0
Jonathan Kuminga,Memphis Grizzlies @ Golden State Warriors,2025-10-28T02:00:00Z,player_threes,1.5,fanduel,2025-10-27T14:55:19Z,2025-10-27T14:53:01Z,124.0,-166.0
Brandin Podziemski,Memphis Grizzlies @ Golden State Warriors,2025-10-28T02:00:00Z,player_threes,1.5,fanduel,2025-10-27T14:55:19Z,2025-10-27T14:53:01Z,-114.0,-114.0
Stephen Curry,Memphis Grizzlies @ Golden State Warriors,2025-10-28T02:00:00Z,player_threes,4.5,fanduel,2025-10-27T14:55:19Z,2025-10-27T14:53:01Z,-114.0,-114.0
Ja Morant,Memphis Grizzlies @ Golden State Warriors,2025-10-28T02:00:00Z,player_threes,1.5,fanduel,2025-10-27T14:55:19Z,2025-10-27T14:53:01Z,-114.0,-114.0
Kentavious Caldwell-Pope,Memphis Grizzlies @ Golden State Warriors,2025-10-28T02:00:00Z,player_threes,1.5,fanduel,2025-10-27T14:55:19Z,2025-10-27T14:53:01Z,-132.0,100.0
Jaylen Wells,Memphis Grizzlies @ Golden State Warriors,2025-10-28T02:00:00Z,player_threes,1.5,fanduel,2025-10-27T14:55:19Z,2025-10-27T14:53:01Z,-205.0,152.0
Draymond Green,Memphis Grizzlies @ Golden State Warriors,2025-10-28T02:00:00Z,player_threes,1.5,fanduel,2025-10-27T14:55:19Z,2025-10-27T14:53:01Z,136.0,-182.0
Santi Aldama,Memphis Grizzlies @ Golden State Warriors,2025-10-28T02:00:00Z,player_threes,1.5,fanduel,2025-10-27T14:55:19Z,2025-10-27T14:53:01Z,-122.0,-108.0
Draymond Green,Memphis Grizzlies @ Golden State Warriors,2025-10-28T02:00:00Z,player_triple_double,,fanduel,2025-10-27T14:55:19Z,2025-10-27T14:54:11Z,,
Jimmy Butler,Memphis Grizzlies @ Golden State Warriors,2025-10-28T02:00:00Z,player_triple_double,,fanduel,2025-10-27T14:55:19Z,2025-10-27T14:54:11Z,,
Kentavious Caldwell-Pope,Memphis Grizzlies @ Golden State Warriors,2025-10-28T02:00:00Z,player_assists,2.5,betrivers,2025-10-27T14:54:42Z,2025-10-27T14:55:36Z,123.0,-165.0
Stephen Curry,Memphis Grizzlies @ Golden State Warriors,2025-10-28T02:00:00Z,player_assists,4.5,betrivers,2025-10-27T14:54:42Z,2025-10-27T14:55:36Z,-159.0,120.0
Jimmy Butler,Memphis Grizzlies @ Golden State Warriors,2025-10-28T02:00:00Z,player_assists,4.5,betrivers,2025-10-27T14:54:42Z,2025-10-27T14:55:36Z,-157.0,118.0
Jonathan Kuminga,Memphis Grizzlies @ Golden State Warriors,2025-10-28T02:00:00Z,player_assists,2.5,betrivers,2025-10-27T14:54:42Z,2025-10-27T14:55:36Z,-150.0,112.0
Ja Morant,Memphis Grizzlies @ Golden State Warriors,2025-10-28T02:00:00Z,player_assists,6.5,betrivers,2025-10-27T14:54:42Z,2025-10-27T14:55:36Z,-132.0,100.0
Draymond Green,Memphis Grizzlies @ Golden State Warriors,2025-10-28T02:00:00Z,player_assists,5.5,betrivers,2025-10-27T14:54:42Z,2025-10-27T14:55:36Z,-125.0,-107.0
Jonathan Kuminga,Memphis Grizzlies @ Golden State Warriors,2025-10-28T02:00:00Z,player_points,15.5,betrivers,2025-10-27T14:54:42Z,2025-10-27T14:55:36Z,-125.0,-106.0
Moses Moody,Memphis Grizzlies @ Golden State Warriors,2025-10-28T02:00:00Z,player_points,8.5,betrivers,2025-10-27T14:54:42Z,2025-10-27T14:55:36Z,-105.0,-127.0
Jimmy Butler,Memphis Grizzlies @ Golden State Warriors,2025-10-28T02:00:00Z,player_points,19.5,betrivers,2025-10-27T14:54:42Z,2025-10-27T14:55:36Z,-115.0,-115.0
Stephen Curry,Memphis Grizzlies @ Golden State Warriors,2025-10-28T02:00:00Z,player_points,26.5,betrivers,2025-10-27T14:54:42Z,2025-10-27T14:55:36Z,-117.0,-114.0
Brandin Podziemski,Memphis Grizzlies @ Golden State Warriors,2025-10-28T02:00:00Z,player_points,11.5,betrivers,2025-10-27T14:54:42Z,2025-10-27T14:55:36Z,-110.0,-121.0
Jaren Jackson Jr,Memphis Grizzlies @ Golden State Warriors,2025-10-28T02:00:00Z,player_points,19.5,betrivers,2025-10-27T14:54:42Z,2025-10-27T14:55:36Z,-122.0,-108.0
Ja Morant,Memphis Grizzlies @ Golden State Warriors,2025-10-28T02:00:00Z,player_points,24.5,betrivers,2025-10-27T14:54:42Z,2025-10-27T14:55:36Z,-109.0,-122.0
Draymond Green,Memphis Grizzlies @ Golden State Warriors,2025-10-28T02:00:00Z,player_points,9.5,betrivers,2025-10-27T14:54:42Z,2025-10-27T14:55:36Z,-118.0,-113.0
Jock Landale,Memphis Grizzlies @ Golden State Warriors,2025-10-28T02:00:00Z,player_points,7.5,betrivers,2025-10-27T14:54:42Z,2025-10-27T14:55:36Z,-121.0,-110.0
Kentavious Caldwell-Pope,Memphis Grizzlies @ Golden State Warriors,2025-10-28T02:00:00Z,player_points,8.5,betrivers,2025-10-27T14:54:42Z,2025-10-27T14:55:36Z,-125.0,-107.0
Cedric Coward,Memphis Grizzlies @ Golden State Warriors,2025-10-28T02:00:00Z,player_points,10.5,betrivers,2025-10-27T14:54:42Z,2025-10-27T14:55:36Z,-115.0,-115.0
Jaylen Wells,Memphis Grizzlies @ Golden State Warriors,2025-10-28T02:00:00Z,player_points,11.5,betrivers,2025-10-27T14:54:42Z,2025-10-27T14:55:36Z,-103.0,-130.0
Santi Aldama,Memphis Grizzlies @ Golden State Warriors,2025-10-28T02:00:00Z,player_points,10.5,betrivers,2025-10-27T14:54:42Z,2025-10-27T14:55:36Z,-105.0,-129.0
Draymond Green,Memphis Grizzlies @ Golden State Warriors,2025-10-28T02:00:00Z,player_points_rebounds_assists,22.5,betrivers,2025-10-27T14:54:42Z,2025-10-27T14:55:36Z,-106.0,-125.0
Jonathan Kuminga,Memphis Grizzlies @ Golden State Warriors,2025-10-28T02:00:00Z,player_points_rebounds_assists,25.5,betrivers,2025-10-27T14:54:42Z,2025-10-27T14:55:36Z,-108.0,-122.0
Stephen Curry,Memphis Grizzlies @ Golden State Warriors,2025-10-28T02:00:00Z,player_points_rebounds_assists,37.5,betrivers,2025-10-27T14:54:42Z,2025-10-27T14:55:36Z,-109.0,-122.0
Jimmy Butler,Memphis Grizzlies @ Golden State Warriors,2025-10-28T02:00:00Z,player_points_rebounds_assists,30.5,betrivers,2025-10-27T14:54:42Z,2025-10-27T14:55:36Z,-124.0,-108.0
Kentavious Caldwell-Pope,Memphis Grizzlies @ Golden State Warriors,2025-10-28T02:00:00Z,player_points_rebounds_assists,14.5,betrivers,2025-10-27T14:54:42Z,2025-10-27T14:55:36Z,-113.0,-118.0
Ja Morant,Memphis Grizzlies @ Golden State Warriors,2025-10-28T02:00:00Z,player_points_rebounds_assists,35.5,betrivers,2025-10-27T14:54:42Z,2025-10-27T14:55:36Z,-121.0,-110.0
Ja Morant,Memphis Grizzlies @ Golden State Warriors,2025-10-28T02:00:00Z,player_rebounds,3.5,betrivers,2025-10-27T14:54:42Z,2025-10-27T14:55:36Z,-159.0,120.0
Stephen Curry,Memphis Grizzlies @ Golden State Warriors,2025-10-28T02:00:00Z,player_rebounds,4.5,betrivers,2025-10-27T14:54:42Z,2025-10-27T14:55:36Z,-125.0,-106.0
Brandin Podziemski,Memphis Grizzlies @ Golden State Warriors,2025-10-28T02:00:00Z,player_rebounds,5.5,betrivers,2025-10-27T14:54:42Z,2025-10-27T14:55:36Z,-104.0,-129.0
Jonathan Kuminga,Memphis Grizzlies @ Golden State Warriors,2025-10-28T02:00:00Z,player_rebounds,5.5,betrivers,2025-10-27T14:54:42Z,2025-10-27T14:55:36Z,-117.0,-114.0
Draymond Green,Memphis Grizzlies @ Golden State Warriors,2025-10-28T02:00:00Z,player_rebounds,6.5,betrivers,2025-10-27T14:54:42Z,2025-10-27T14:55:36Z,114.0,-152.0
Jimmy Butler,Memphis Grizzlies @ Golden State Warriors,2025-10-28T02:00:00Z,player_rebounds,5.5,betrivers,2025-10-27T14:54:42Z,2025-10-27T14:55:36Z,-118.0,-113.0
Jaylen Wells,Memphis Grizzlies @ Golden State Warriors,2025-10-28T02:00:00Z,player_rebounds,4.5,betrivers,2025-10-27T14:54:42Z,2025-10-27T14:55:36Z,120.0,-159.0
Cedric Coward,Memphis Grizzlies @ Golden State Warriors,2025-10-28T02:00:00Z,player_rebounds,3.5,betrivers,2025-10-27T14:54:42Z,2025-10-27T14:55:36Z,-150.0,112.0
Santi Aldama,Memphis Grizzlies @ Golden State Warriors,2025-10-28T02:00:00Z,player_rebounds,5.5,betrivers,2025-10-27T14:54:42Z,2025-10-27T14:55:36Z,-143.0,107.0
Kentavious Caldwell-Pope,Memphis Grizzlies @ Golden State Warriors,2025-10-28T02:00:00Z,player_rebounds,2.5,betrivers,2025-10-27T14:54:42Z,2025-10-27T14:55:36Z,-150.0,112.0
Jaren Jackson Jr,Memphis Grizzlies @ Golden State Warriors,2025-10-28T02:00:00Z,player_rebounds,5.5,betrivers,2025-10-27T14:54:42Z,2025-10-27T14:55:36Z,-114.0,-117.0
Cedric Coward,Memphis Grizzlies @ Golden State Warriors,2025-10-28T02:00:00Z,player_threes,1.5,betrivers,2025-10-27T14:54:42Z,2025-10-27T14:55:36Z,135.0,-182.0
Ja Morant,Memphis Grizzlies @ Golden State Warriors,2025-10-28T02:00:00Z,player_threes,1.5,betrivers,2025-10-27T14:54:42Z,2025-10-27T14:55:36Z,-110.0,-121.0
Kentavious Caldwell-Pope,Memphis Grizzlies @ Golden State Warriors,2025-10-28T02:00:00Z,player_threes,1.5,betrivers,2025-10-27T14:54:42Z,2025-10-27T14:55:36Z,-124.0,-108.0
Draymond Green,Memphis Grizzlies @ Golden State Warriors,2025-10-28T02:00:00Z,player_threes,1.5,betrivers,2025-10-27T14:54:42Z,2025-10-27T14:55:36Z,140.0,-190.0
Stephen Curry,Memphis Grizzlies @ Golden State Warriors,2025-10-28T02:00:00Z,player_threes,4.5,betrivers,2025-10-27T14:54:42Z,2025-10-27T14:55:36Z,-114.0,-117.0
Jonathan Kuminga,Memphis Grizzlies @ Golden State Warriors,2025-10-28T02:00:00Z,player_threes,1.5,betrivers,2025-10-27T14:54:42Z,2025-10-27T14:55:36Z,125.0,-167.0
Brandin Podziemski,Memphis Grizzlies @ Golden State Warriors,2025-10-28T02:00:00Z,player_threes,1.5,betrivers,2025-10-27T14:54:42Z,2025-10-27T14:55:36Z,-129.0,-104.0
Moses Moody,Memphis Grizzlies @ Golden State Warriors,2025-10-28T02:00:00Z,player_threes,1.5,betrivers,2025-10-27T14:54:42Z,2025-10-27T14:55:36Z,130.0,-177.0
Santi Aldama,Memphis Grizzlies @ Golden State Warriors,2025-10-28T02:00:00Z,player_threes,1.5,betrivers,2025-10-27T14:54:42Z,2025-10-27T14:55:36Z,-127.0,-105.0
Jaren Jackson Jr,Memphis Grizzlies @ Golden State Warriors,2025-10-28T02:00:00Z,player_threes,1.5,betrivers,2025-10-27T14:54:42Z,2025-10-27T14:55:36Z,-109.0,-122.0
Brandin Podziemski,Memphis Grizzlies @ Golden State Warriors,2025-10-28T02:00:00Z,player_assists,2.5,betmgm,2025-10-27T14:55:29Z,2025-10-27T14:55:51Z,-150.0,115.0
Jimmy Butler,Memphis Grizzlies @ Golden State Warriors,2025-10-28T02:00:00Z,player_assists,5.5,betmgm,2025-10-27T14:55:29Z,2025-10-27T14:55:51Z,115.0,-155.0
Draymond Green,Memphis Grizzlies @ Golden State Warriors,2025-10-28T02:00:00Z,player_assists,5.5,betmgm,2025-10-27T14:55:29Z,2025-10-27T14:55:51Z,-145.0,105.0
Stephen Curry,Memphis Grizzlies @ Golden State Warriors,2025-10-28T02:00:00Z,player_assists,5.5,betmgm,2025-10-27T14:55:29Z,2025-10-27T14:55:51Z,110.0,-145.0
Jock Landale,Memphis Grizzlies @ Golden State Warriors,2025-10-28T02:00:00Z,player_assists,1.5,betmgm,2025-10-27T14:55:29Z,2025-10-27T14:55:51Z,170.0,-235.0
Moses Moody,Memphis Grizzlies @ Golden State Warriors,2025-10-28T02:00:00Z,player_assists,1.5,betmgm,2025-10-27T14:55:29Z,2025-10-27T14:55:51Z,155.0,-210.0
Jonathan Kuminga,Memphis Grizzlies @ Golden State Warriors,2025-10-28T02:00:00Z,player_assists,2.5,betmgm,2025-10-27T14:55:29Z,2025-10-27T14:55:51Z,-145.0,110.0
Buddy Hield,Memphis Grizzlies @ Golden State Warriors,2025-10-28T02:00:00Z,player_assists,1.5,betmgm,2025-10-27T14:55:29Z,2025-10-27T14:55:51Z,125.0,-165.0
Cedric Coward,Memphis Grizzlies @ Golden State Warriors,2025-10-28T02:00:00Z,player_assists,1.5,betmgm,2025-10-27T14:55:29Z,2025-10-27T14:55:51Z,-105.0,-130.0
Kentavious Caldwell-Pope,Memphis Grizzlies @ Golden State Warriors,2025-10-28T02:00:00Z,player_assists,2.5,betmgm,2025-10-27T14:55:29Z,2025-10-27T14:55:51Z,120.0,-155.0
Jaren Jackson Jr,Memphis Grizzlies @ Golden State Warriors,2025-10-28T02:00:00Z,player_assists,1.5,betmgm,2025-10-27T14:55:29Z,2025-10-27T14:55:51Z,-115.0,-115.0
Jaylen Wells,Memphis Grizzlies @ Golden State Warriors,2025-10-28T02:00:00Z,player_assists,1.5,betmgm,2025-10-27T14:55:29Z,2025-10-27T14:55:51Z,105.0,-145.0
Santi Aldama,Memphis Grizzlies @ Golden State Warriors,2025-10-28T02:00:00Z,player_assists,1.5,betmgm,2025-10-27T14:55:29Z,2025-10-27T14:55:51Z,-200.0,145.0
Ja Morant,Memphis Grizzlies @ Golden State Warriors,2025-10-28T02:00:00Z,player_assists,6.5,betmgm,2025-10-27T14:55:29Z,2025-10-27T14:55:51Z,-155.0,115.0
Brandin Podziemski,Memphis Grizzlies @ Golden State Warriors,2025-10-28T02:00:00Z,player_blocks,0.5,betmgm,2025-10-27T14:55:29Z,2025-10-27T14:55:51Z,350.0,-600.0
Jimmy Butler,Memphis Grizzlies @ Golden State Warriors,2025-10-28T02:00:00Z,player_blocks,0.5,betmgm,2025-10-27T14:55:29Z,2025-10-27T14:55:51Z,275.0,-450.0
Draymond Green,Memphis Grizzlies @ Golden State Warriors,2025-10-28T02:00:00Z,player_blocks,0.5,betmgm,2025-10-27T14:55:29Z,2025-10-27T14:55:51Z,-200.0,140.0
Stephen Curry,Memphis Grizzlies @ Golden State Warriors,2025-10-28T02:00:00Z,player_blocks,0.5,betmgm,2025-10-27T14:55:29Z,2025-10-27T14:55:51Z,115.0,-160.0
Jock Landale,Memphis Grizzlies @ Golden State Warriors,2025-10-28T02:00:00Z,player_blocks,0.5,betmgm,2025-10-27T14:55:29Z,2025-10-27T14:55:51Z,105.0,-145.0
Ja Morant,Memphis Grizzlies @ Golden State Warriors,2025-10-28T02:00:00Z,player_blocks,0.5,betmgm,2025-10-27T14:55:29Z,2025-10-27T14:55:51Z,360.0,-625.0
Jonathan Kuminga,Memphis Grizzlies @ Golden State Warriors,2025-10-28T02:00:00Z,player_blocks,0.5,betmgm,2025-10-27T14:55:29Z,2025-10-27T14:55:51Z,145.0,-200.0
Kentavious Caldwell-Pope,Memphis Grizzlies @ Golden State Warriors,2025-10-28T02:00:00Z,player_blocks,0.5,betmgm,2025-10-27T14:55:29Z,2025-10-27T14:55:51Z,250.0,-375.0
Jaren Jackson Jr,Memphis Grizzlies @ Golden State Warriors,2025-10-28T02:00:00Z,player_blocks,1.5,betmgm,2025-10-27T14:55:29Z,2025-10-27T14:55:51Z,125.0,-175.0
Jaylen Wells,Memphis Grizzlies @ Golden State Warriors,2025-10-28T02:00:00Z,player_blocks,0.5,betmgm,2025-10-27T14:55:29Z,2025-10-27T14:55:51Z,550.0,-1200.0
Brandin Podziemski,Memphis Grizzlies @ Golden State Warriors,2025-10-28T02:00:00Z,player_double_double,,betmgm,2025-10-27T14:55:29Z,2025-10-27T14:55:51Z,,
Jimmy Butler,Memphis Grizzlies @ Golden State Warriors,2025-10-28T02:00:00Z,player_double_double,,betmgm,2025-10-27T14:55:29Z,2025-10-27T14:55:51Z,,
Draymond Green,Memphis Grizzlies @ Golden State Warriors,2025-10-28T02:00:00Z,player_double_double,,betmgm,2025-10-27T14:55:29Z,2025-10-27T14:55:51Z,,
Stephen Curry,Memphis Grizzlies @ Golden State Warriors,2025-10-28T02:00:00Z,player_double_double,,betmgm,2025-10-27T14:55:29Z,2025-10-27T14:55:51Z,,
Jock Landale,Memphis Grizzlies @ Golden State Warriors,2025-10-28T02:00:00Z,player_double_double,,betmgm,2025-10-27T14:55:29Z,2025-10-27T14:55:51Z,,
Ja Morant,Memphis Grizzlies @ Golden State Warriors,2025-10-28T02:00:00Z,player_double_double,,betmgm,2025-10-27T14:55:29Z,2025-10-27T14:55:51Z,,
Jonathan Kuminga,Memphis Grizzlies @ Golden State Warriors,2025-10-28T02:00:00Z,player_double_double,,betmgm,2025-10-27T14:55:29Z,2025-10-27T14:55:51Z,,
Jaren Jackson Jr,Memphis Grizzlies @ Golden State Warriors,2025-10-28T02:00:00Z,player_double_double,,betmgm,2025-10-27T14:55:29Z,2025-10-27T14:55:51Z,,
Jaylen Wells,Memphis Grizzlies @ Golden State Warriors,2025-10-28T02:00:00Z,player_double_double,,betmgm,2025-10-27T14:55:29Z,2025-10-27T14:55:51Z,,
Brandin Podziemski,Memphis Grizzlies @ Golden State Warriors,2025-10-28T02:00:00Z,player_points,11.5,betmgm,2025-10-27T14:55:29Z,2025-10-27T14:55:51Z,-120.0,-110.0
Jimmy Butler,Memphis Grizzlies @ Golden State Warriors,2025-10-28T02:00:00Z,player_points,19.5,betmgm,2025-10-27T14:55:29Z,2025-10-27T14:55:51Z,-125.0,-105.0
Draymond Green,Memphis Grizzlies @ Golden State Warriors,2025-10-28T02:00:00Z,player_points,9.5,betmgm,2025-10-27T14:55:29Z,2025-10-27T14:55:51Z,-135.0,100.0
Santi Aldama,Memphis Grizzlies @ Golden State Warriors,2025-10-28T02:00:00Z,player_points,10.5,betmgm,2025-10-27T14:55:29Z,2025-10-27T14:55:51Z,-120.0,-110.0
Stephen Curry,Memphis Grizzlies @ Golden State Warriors,2025-10-28T02:00:00Z,player_points,26.5,betmgm,2025-10-27T14:55:29Z,2025-10-27T14:55:51Z,-120.0,-110.0
Jock Landale,Memphis Grizzlies @ Golden State Warriors,2025-10-28T02:00:00Z,player_points,7.5,betmgm,2025-10-27T14:55:29Z,2025-10-27T14:55:51Z,-125.0,-105.0
Ja Morant,Memphis Grizzlies @ Golden State Warriors,2025-10-28T02:00:00Z,player_points,24.5,betmgm,2025-10-27T14:55:29Z,2025-10-27T14:55:51Z,-120.0,-110.0
Moses Moody,Memphis Grizzlies @ Golden State Warriors,2025-10-28T02:00:00Z,player_points,8.5,betmgm,2025-10-27T14:55:29Z,2025-10-27T14:55:51Z,-120.0,-110.0
Jonathan Kuminga,Memphis Grizzlies @ Golden State Warriors,2025-10-28T02:00:00Z,player_points,16.5,betmgm,2025-10-27T14:55:29Z,2025-10-27T14:55:51Z,-110.0,-118.0
Buddy Hield,Memphis Grizzlies @ Golden State Warriors,2025-10-28T02:00:00Z,player_points,8.5,betmgm,2025-10-27T14:55:29Z,2025-10-27T14:55:51Z,-125.0,-105.0
Cedric Coward,Memphis Grizzlies @ Golden State Warriors,2025-10-28T02:00:00Z,player_points,10.5,betmgm,2025-10-27T14:55:29Z,2025-10-27T14:55:51Z,-110.0,-120.0
Kentavious Caldwell-Pope,Memphis Grizzlies @ Golden State Warriors,2025-10-28T02:00:00Z,player_points,8.5,betmgm,2025-10-27T14:55:29Z,2025-10-27T14:55:51Z,-110.0,-118.0
Jaren Jackson Jr,Memphis Grizzlies @ Golden State Warriors,2025-10-28T02:00:00Z,player_points,19.5,betmgm,2025-10-27T14:55:29Z,2025-10-27T14:55:51Z,-130.0,-105.0
Jaylen Wells,Memphis Grizzlies @ Golden State Warriors,2025-10-28T02:00:00Z,player_points,10.5,betmgm,2025-10-27T14:55:29Z,2025-10-27T14:55:51Z,-120.0,-110.0
Brandin Podziemski,Memphis Grizzlies @ Golden State Warriors,2025-10-28T02:00:00Z,player_points_rebounds_assists,20.5,betmgm,2025-10-27T14:55:29Z,2025-10-27T14:55:51Z,-105.0,-125.0
Jimmy Butler,Memphis Grizzlies @ Golden State Warriors,2025-10-28T02:00:00Z,player_points_rebounds_assists,31.5,betmgm,2025-10-27T14:55:29Z,2025-10-27T14:55:51Z,-105.0,-125.0
Draymond Green,Memphis Grizzlies @ Golden State Warriors,2025-10-28T02:00:00Z,player_points_rebounds_assists,22.5,betmgm,2025-10-27T14:55:29Z,2025-10-27T14:55:51Z,-120.0,-110.0
Santi Aldama,Memphis Grizzlies @ Golden State Warriors,2025-10-28T02:00:00Z,player_points_rebounds_assists,19.5,betmgm,2025-10-27T14:55:29Z,2025-10-27T14:55:51Z,-110.0,-120.0
Stephen Curry,Memphis Grizzlies @ Golden State Warriors,2025-10-28T02:00:00Z,player_points_rebounds_assists,36.5,betmgm,2025-10-27T14:55:29Z,2025-10-27T14:55:51Z,-120.0,-110.0
Jock Landale,Memphis Grizzlies @ Golden State Warriors,2025-10-28T02:00:00Z,player_points_rebounds_assists,15.5,betmgm,2025-10-27T14:55:29Z,2025-10-27T14:55:51Z,-105.0,-125.0
Ja Morant,Memphis Grizzlies @ Golden State Warriors,2025-10-28T02:00:00Z,player_points_rebounds_assists,35.5,betmgm,2025-10-27T14:55:29Z,2025-10-27T14:55:51Z,-120.0,-110.0
Jonathan Kuminga,Memphis Grizzlies @ Golden State Warriors,2025-10-28T02:00:00Z,player_points_rebounds_assists,24.5,betmgm,2025-10-27T14:55:29Z,2025-10-27T14:55:51Z,-120.0,-110.0
Buddy Hield,Memphis Grizzlies @ Golden State Warriors,2025-10-28T02:00:00Z,player_points_rebounds_assists,13.5,betmgm,2025-10-27T14:55:29Z,2025-10-27T14:55:51Z,-105.0,-130.0
Kentavious Caldwell-Pope,Memphis Grizzlies @ Golden State Warriors,2025-10-28T02:00:00Z,player_points_rebounds_assists,13.5,betmgm,2025-10-27T14:55:29Z,2025-10-27T14:55:51Z,-120.0,-110.0
Jaren Jackson Jr,Memphis Grizzlies @ Golden State Warriors,2025-10-28T02:00:00Z,player_points_rebounds_assists,26.5,betmgm,2025-10-27T14:55:29Z,2025-10-27T14:55:51Z,-120.0,-110.0
Jaylen Wells,Memphis Grizzlies @ Golden State Warriors,2025-10-28T02:00:00Z,player_points_rebounds_assists,16.5,betmgm,2025-10-27T14:55:29Z,2025-10-27T14:55:51Z,-105.0,-125.0
Cedric Coward,Memphis Grizzlies @ Golden State Warriors,2025-10-28T02:00:00Z,player_points_rebounds_assists,16.5,betmgm,2025-10-27T14:55:29Z,2025-10-27T14:55:51Z,100.0,-130.0
Moses Moody,Memphis Grizzlies @ Golden State Warriors,2025-10-28T02:00:00Z,player_points_rebounds_assists,12.5,betmgm,2025-10-27T14:55:29Z,2025-10-27T14:55:51Z,-135.0,100.0
Brandin Podziemski,Memphis Grizzlies @ Golden State Warriors,2025-10-28T02:00:00Z,player_rebounds,5.5,betmgm,2025-10-27T14:55:29Z,2025-10-27T14:55:51Z,110.0,-150.0
Jimmy Butler,Memphis Grizzlies @ Golden State Warriors,2025-10-28T02:00:00Z,player_rebounds,5.5,betmgm,2025-10-27T14:55:29Z,2025-10-27T14:55:51Z,-130.0,-105.0
Draymond Green,Memphis Grizzlies @ Golden State Warriors,2025-10-28T02:00:00Z,player_rebounds,6.5,betmgm,2025-10-27T14:55:29Z,2025-10-27T14:55:51Z,-105.0,-125.0
Santi Aldama,Memphis Grizzlies @ Golden State Warriors,2025-10-28T02:00:00Z,player_rebounds,6.5,betmgm,2025-10-27T14:55:29Z,2025-10-27T14:55:51Z,100.0,-135.0
Stephen Curry,Memphis Grizzlies @ Golden State Warriors,2025-10-28T02:00:00Z,player_rebounds,4.5,betmgm,2025-10-27T14:55:29Z,2025-10-27T14:55:51Z,-118.0,-115.0
Ja Morant,Memphis Grizzlies @ Golden State Warriors,2025-10-28T02:00:00Z,player_rebounds,3.5,betmgm,2025-10-27T14:55:29Z,2025-10-27T14:55:51Z,-160.0,120.0
Moses Moody,Memphis Grizzlies @ Golden State Warriors,2025-10-28T02:00:00Z,player_rebounds,2.5,betmgm,2025-10-27T14:55:29Z,2025-10-27T14:55:51Z,-155.0,115.0
Jonathan Kuminga,Memphis Grizzlies @ Golden State Warriors,2025-10-28T02:00:00Z,player_rebounds,5.5,betmgm,2025-10-27T14:55:29Z,2025-10-27T14:55:51Z,-105.0,-125.0
Buddy Hield,Memphis Grizzlies @ Golden State Warriors,2025-10-28T02:00:00Z,player_rebounds,2.5,betmgm,2025-10-27T14:55:29Z,2025-10-27T14:55:51Z,-130.0,-105.0
Cedric Coward,Memphis Grizzlies @ Golden State Warriors,2025-10-28T02:00:00Z,player_rebounds,3.5,betmgm,2025-10-27T14:55:29Z,2025-10-27T14:55:51Z,-150.0,110.0
Kentavious Caldwell-Pope,Memphis Grizzlies @ Golden State Warriors,2025-10-28T02:00:00Z,player_rebounds,2.5,betmgm,2025-10-27T14:55:29Z,2025-10-27T14:55:51Z,-145.0,110.0
Jaren Jackson Jr,Memphis Grizzlies @ Golden State Warriors,2025-10-28T02:00:00Z,player_rebounds,5.5,betmgm,2025-10-27T14:55:29Z,2025-10-27T14:55:51Z,105.0,-145.0
Jaylen Wells,Memphis Grizzlies @ Golden State Warriors,2025-10-28T02:00:00Z,player_rebounds,3.5,betmgm,2025-10-27T14:55:29Z,2025-10-27T14:55:51Z,-140.0,105.0
Jock Landale,Memphis Grizzlies @ Golden State Warriors,2025-10-28T02:00:00Z,player_rebounds,5.5,betmgm,2025-10-27T14:55:29Z,2025-10-27T14:55:51Z,-155.0,115.0
Brandin Podziemski,Memphis Grizzlies @ Golden State Warriors,2025-10-28T02:00:00Z,player_threes,1.5,betmgm,2025-10-27T14:55:29Z,2025-10-27T14:55:51Z,-130.0,-105.0
Jimmy Butler,Memphis Grizzlies @ Golden State Warriors,2025-10-28T02:00:00Z,player_threes,0.5,betmgm,2025-10-27T14:55:29Z,2025-10-27T14:55:51Z,-175.0,130.0
Draymond Green,Memphis Grizzlies @ Golden State Warriors,2025-10-28T02:00:00Z,player_threes,1.5,betmgm,2025-10-27T14:55:29Z,2025-10-27T14:55:51Z,110.0,-145.0
Santi Aldama,Memphis Grizzlies @ Golden State Warriors,2025-10-28T02:00:00Z,player_threes,1.5,betmgm,2025-10-27T14:55:29Z,2025-10-27T14:55:51Z,-105.0,-130.0
Stephen Curry,Memphis Grizzlies @ Golden State Warriors,2025-10-28T02:00:00Z,player_threes,4.5,betmgm,2025-10-27T14:55:29Z,2025-10-27T14:55:51Z,-135.0,100.0
Jock Landale,Memphis Grizzlies @ Golden State Warriors,2025-10-28T02:00:00Z,player_threes,0.5,betmgm,2025-10-27T14:55:29Z,2025-10-27T14:55:51Z,-105.0,-125.0
Ja Morant,Memphis Grizzlies @ Golden State Warriors,2025-10-28T02:00:00Z,player_threes,1.5,betmgm,2025-10-27T14:55:29Z,2025-10-27T14:55:51Z,-130.0,100.0
Moses Moody,Memphis Grizzlies @ Golden State Warriors,2025-10-28T02:00:00Z,player_threes,1.5,betmgm,2025-10-27T14:55:29Z,2025-10-27T14:55:51Z,115.0,-150.0
Jonathan Kuminga,Memphis Grizzlies @ Golden State Warriors,2025-10-28T02:00:00Z,player_threes,1.5,betmgm,2025-10-27T14:55:29Z,2025-10-27T14:55:51Z,145.0,-200.0
Buddy Hield,Memphis Grizzlies @ Golden State Warriors,2025-10-28T02:00:00Z,player_threes,2.5,betmgm,2025-10-27T14:55:29Z,2025-10-27T14:55:51Z,130.0,-175.0
Cedric Coward,Memphis Grizzlies @ Golden State Warriors,2025-10-28T02:00:00Z,player_threes,0.5,betmgm,2025-10-27T14:55:29Z,2025-10-27T14:55:51Z,-235.0,175.0
Kentavious Caldwell-Pope,Memphis Grizzlies @ Golden State Warriors,2025-10-28T02:00:00Z,player_threes,1.5,betmgm,2025-10-27T14:55:29Z,2025-10-27T14:55:51Z,-110.0,-118.0
Jaren Jackson Jr,Memphis Grizzlies @ Golden State Warriors,2025-10-28T02:00:00Z,player_threes,1.5,betmgm,2025-10-27T14:55:29Z,2025-10-27T14:55:51Z,-125.0,-105.0
Jaylen Wells,Memphis Grizzlies @ Golden State Warriors,2025-10-28T02:00:00Z,player_threes,2.5,betmgm,2025-10-27T14:55:29Z,2025-10-27T14:55:51Z,130.0,-175.0
Jimmy Butler,Memphis Grizzlies @ Golden State Warriors,2025-10-28T02:00:00Z,player_triple_double,,betmgm,2025-10-27T14:55:29Z,2025-10-27T14:55:51Z,,
Draymond Green,Memphis Grizzlies @ Golden State Warriors,2025-10-28T02:00:00Z,player_triple_double,,betmgm,2025-10-27T14:55:29Z,2025-10-27T14:55:51Z,,
Ja Morant,Memphis Grizzlies @ Golden State Warriors,2025-10-28T02:00:00Z,player_triple_double,,betmgm,2025-10-27T14:55:29Z,2025-10-27T14:55:51Z,,
Ja Morant,Memphis Grizzlies @ Golden State Warriors,2025-10-28T02:00:00Z,player_double_double,,bovada,2025-10-27T14:54:45Z,2025-10-27T14:55:26Z,,
Draymond Green,Memphis Grizzlies @ Golden State Warriors,2025-10-28T02:00:00Z,player_double_double,,bovada,2025-10-27T14:54:45Z,2025-10-27T14:55:26Z,,
Jimmy Butler,Memphis Grizzlies @ Golden State Warriors,2025-10-28T02:00:00Z,player_double_double,,bovada,2025-10-27T14:54:45Z,2025-10-27T14:55:26Z,,
Santi Aldama,Memphis Grizzlies @ Golden State Warriors,2025-10-28T02:00:00Z,player_double_double,,bovada,2025-10-27T14:54:45Z,2025-10-27T14:55:26Z,,
Stephen Curry,Memphis Grizzlies @ Golden State Warriors,2025-10-28T02:00:00Z,player_double_double,,bovada,2025-10-27T14:54:45Z,2025-10-27T14:55:26Z,,
Jaren Jackson Jr,Memphis Grizzlies @ Golden State Warriors,2025-10-28T02:00:00Z,player_double_double,,bovada,2025-10-27T14:54:45Z,2025-10-27T14:55:26Z,,
Jonathan Kuminga,Memphis Grizzlies @ Golden State Warriors,2025-10-28T02:00:00Z,player_double_double,,bovada,2025-10-27T14:54:45Z,2025-10-27T14:55:26Z,,
Jock Landale,Memphis Grizzlies @ Golden State Warriors,2025-10-28T02:00:00Z,player_double_double,,bovada,2025-10-27T14:54:45Z,2025-10-27T14:55:26Z,,
Brandin Podziemski,Memphis Grizzlies @ Golden State Warriors,2025-10-28T02:00:00Z,player_double_double,,bovada,2025-10-27T14:54:45Z,2025-10-27T14:55:26Z,,
Cedric Coward,Memphis Grizzlies @ Golden State Warriors,2025-10-28T02:00:00Z,player_double_double,,bovada,2025-10-27T14:54:45Z,2025-10-27T14:55:26Z,,
Jaylen Wells,Memphis Grizzlies @ Golden State Warriors,2025-10-28T02:00:00Z,player_double_double,,bovada,2025-10-27T14:54:45Z,2025-10-27T14:55:26Z,,
Brandin Podziemski,Memphis Grizzlies @ Golden State Warriors,2025-10-28T02:00:00Z,player_points,8.5,bovada,2025-10-27T14:54:45Z,2025-10-27T14:55:26Z,-250.0,185.0
Brandin Podziemski,Memphis Grizzlies @ Golden State Warriors,2025-10-28T02:00:00Z,player_points,9.5,bovada,2025-10-27T14:54:45Z,2025-10-27T14:55:26Z,-180.0,135.0
Brandin Podziemski,Memphis Grizzlies @ Golden State Warriors,2025-10-28T02:00:00Z,player_points,10.5,bovada,2025-10-27T14:54:45Z,2025-10-27T14:55:26Z,-130.0,100.0
Brandin Podziemski,Memphis Grizzlies @ Golden State Warriors,2025-10-28T02:00:00Z,player_points,12.5,bovada,2025-10-27T14:54:45Z,2025-10-27T14:55:26Z,135.0,-180.0
Brandin Podziemski,Memphis Grizzlies @ Golden State Warriors,2025-10-28T02:00:00Z,player_points,13.5,bovada,2025-10-27T14:54:45Z,2025-10-27T14:55:26Z,180.0,-245.0
Cedric Coward,Memphis Grizzlies @ Golden State Warriors,2025-10-28T02:00:00Z,player_points,8.5,bovada,2025-10-27T14:54:45Z,2025-10-27T14:55:26Z,-275.0,200.0
Cedric Coward,Memphis Grizzlies @ Golden State Warriors,2025-10-28T02:00:00Z,player_points,9.5,bovada,2025-10-27T14:54:45Z,2025-10-27T14:55:26Z,-190.0,145.0
Cedric Coward,Memphis Grizzlies @ Golden State Warriors,2025-10-28T02:00:00Z,player_points,11.5,bovada,2025-10-27T14:54:45Z,2025-10-27T14:55:26Z,-105.0,-125.0
Cedric Coward,Memphis Grizzlies @ Golden State Warriors,2025-10-28T02:00:00Z,player_points,12.5,bovada,2025-10-27T14:54:45Z,2025-10-27T14:55:26Z,130.0,-170.0
Cedric Coward,Memphis Grizzlies @ Golden State Warriors,2025-10-28T02:00:00Z,player_points,13.5,bovada,2025-10-27T14:54:45Z,2025-10-27T14:55:26Z,170.0,-230.0
Draymond Green,Memphis Grizzlies @ Golden State Warriors,2025-10-28T02:00:00Z,player_points,7.5,bovada,2025-10-27T14:54:45Z,2025-10-27T14:55:26Z,-280.0,205.0
Draymond Green,Memphis Grizzlies @ Golden State Warriors,2025-10-28T02:00:00Z,player_points,8.5,bovada,2025-10-27T14:54:45Z,2025-10-27T14:55:26Z,-190.0,145.0
Draymond Green,Memphis Grizzlies @ Golden State Warriors,2025-10-28T02:00:00Z,player_points,9.5,bovada,2025-10-27T14:54:45Z,2025-10-27T14:55:26Z,-135.0,105.0
Draymond Green,Memphis Grizzlies @ Golden State Warriors,2025-10-28T02:00:00Z,player_points,10.5,bovada,2025-10-27T14:54:45Z,2025-10-27T14:55:26Z,100.0,-130.0
Draymond Green,Memphis Grizzlies @ Golden State Warriors,2025-10-28T02:00:00Z,player_points,11.5,bovada,2025-10-27T14:54:45Z,2025-10-27T14:55:26Z,135.0,-180.0
Draymond Green,Memphis Grizzlies @ Golden State Warriors,2025-10-28T02:00:00Z,player_points,12.5,bovada,2025-10-27T14:54:45Z,2025-10-27T14:55:26Z,175.0,-240.0
Ja Morant,Memphis Grizzlies @ Golden State Warriors,2025-10-28T02:00:00Z,player_points,19.5,bovada,2025-10-27T14:54:45Z,2025-10-27T14:55:26Z,-290.0,210.0
Ja Morant,Memphis Grizzlies @ Golden State Warriors,2025-10-28T02:00:00Z,player_points,20.5,bovada,2025-10-27T14:54:45Z,2025-10-27T14:55:26Z,-230.0,170.0
Ja Morant,Memphis Grizzlies @ Golden State Warriors,2025-10-28T02:00:00Z,player_points,21.5,bovada,2025-10-27T14:54:45Z,2025-10-27T14:55:26Z,-180.0,135.0
Ja Morant,Memphis Grizzlies @ Golden State Warriors,2025-10-28T02:00:00Z,player_points,22.5,bovada,2025-10-27T14:54:45Z,2025-10-27T14:55:26Z,-145.0,110.0
Ja Morant,Memphis Grizzlies @ Golden State Warriors,2025-10-28T02:00:00Z,player_points,23.5,bovada,2025-10-27T14:54:45Z,2025-10-27T14:55:26Z,-120.0,-110.0
Ja Morant,Memphis Grizzlies @ Golden State Warriors,2025-10-28T02:00:00Z,player_points,24.5,bovada,2025-10-27T14:54:45Z,2025-10-27T14:55:26Z,105.0,-135.0
Ja Morant,Memphis Grizzlies @ Golden State Warriors,2025-10-28T02:00:00Z,player_points,25.5,bovada,2025-10-27T14:54:45Z,2025-10-27T14:55:26Z,125.0,-165.0
Ja Morant,Memphis Grizzlies @ Golden State Warriors,2025-10-28T02:00:00Z,player_points,26.5,bovada,2025-10-27T14:54:45Z,2025-10-27T14:55:26Z,155.0,-210.0
Ja Morant,Memphis Grizzlies @ Golden State Warriors,2025-10-28T02:00:00Z,player_points,27.5,bovada,2025-10-27T14:54:45Z,2025-10-27T14:55:26Z,185.0,-250.0
Jaylen Wells,Memphis Grizzlies @ Golden State Warriors,2025-10-28T02:00:00Z,player_points,8.5,bovada,2025-10-27T14:54:45Z,2025-10-27T14:55:26Z,-250.0,185.0
Jaylen Wells,Memphis Grizzlies @ Golden State Warriors,2025-10-28T02:00:00Z,player_points,9.5,bovada,2025-10-27T14:54:45Z,2025-10-27T14:55:26Z,-180.0,135.0
Jaylen Wells,Memphis Grizzlies @ Golden State Warriors,2025-10-28T02:00:00Z,player_points,10.5,bovada,2025-10-27T14:54:45Z,2025-10-27T14:55:26Z,-130.0,100.0
Jaylen Wells,Memphis Grizzlies @ Golden State Warriors,2025-10-28T02:00:00Z,player_points,11.5,bovada,2025-10-27T14:54:45Z,2025-10-27T14:55:26Z,105.0,-135.0
Jaylen Wells,Memphis Grizzlies @ Golden State Warriors,2025-10-28T02:00:00Z,player_points,12.5,bovada,2025-10-27T14:54:45Z,2025-10-27T14:55:26Z,135.0,-180.0
Jaylen Wells,Memphis Grizzlies @ Golden State Warriors,2025-10-28T02:00:00Z,player_points,13.5,bovada,2025-10-27T14:54:45Z,2025-10-27T14:55:26Z,180.0,-245.0
Jimmy Butler,Memphis Grizzlies @ Golden State Warriors,2025-10-28T02:00:00Z,player_points,16.5,bovada,2025-10-27T14:54:45Z,2025-10-27T14:55:26Z,-240.0,175.0
Jimmy Butler,Memphis Grizzlies @ Golden State Warriors,2025-10-28T02:00:00Z,player_points,17.5,bovada,2025-10-27T14:54:45Z,2025-10-27T14:55:26Z,-185.0,140.0
Jimmy Butler,Memphis Grizzlies @ Golden State Warriors,2025-10-28T02:00:00Z,player_points,18.5,bovada,2025-10-27T14:54:45Z,2025-10-27T14:55:26Z,-145.0,110.0
Jimmy Butler,Memphis Grizzlies @ Golden State Warriors,2025-10-28T02:00:00Z,player_points,19.5,bovada,2025-10-27T14:54:45Z,2025-10-27T14:55:26Z,-115.0,-115.0
Jimmy Butler,Memphis Grizzlies @ Golden State Warriors,2025-10-28T02:00:00Z,player_points,20.5,bovada,2025-10-27T14:54:45Z,2025-10-27T14:55:26Z,110.0,-145.0
Jimmy Butler,Memphis Grizzlies @ Golden State Warriors,2025-10-28T02:00:00Z,player_points,21.5,bovada,2025-10-27T14:54:45Z,2025-10-27T14:55:26Z,135.0,-180.0
Jimmy Butler,Memphis Grizzlies @ Golden State Warriors,2025-10-28T02:00:00Z,player_points,22.5,bovada,2025-10-27T14:54:45Z,2025-10-27T14:55:26Z,165.0,-220.0
Jimmy Butler,Memphis Grizzlies @ Golden State Warriors,2025-10-28T02:00:00Z,player_points,23.5,bovada,2025-10-27T14:54:45Z,2025-10-27T14:55:26Z,205.0,-280.0
Kentavious Caldwell-Pope,Memphis Grizzlies @ Golden State Warriors,2025-10-28T02:00:00Z,player_points,6.5,bovada,2025-10-27T14:54:45Z,2025-10-27T14:55:26Z,-290.0,210.0
Kentavious Caldwell-Pope,Memphis Grizzlies @ Golden State Warriors,2025-10-28T02:00:00Z,player_points,7.5,bovada,2025-10-27T14:54:45Z,2025-10-27T14:55:26Z,-190.0,145.0
Kentavious Caldwell-Pope,Memphis Grizzlies @ Golden State Warriors,2025-10-28T02:00:00Z,player_points,8.5,bovada,2025-10-27T14:54:45Z,2025-10-27T14:55:26Z,-135.0,105.0
Kentavious Caldwell-Pope,Memphis Grizzlies @ Golden State Warriors,2025-10-28T02:00:00Z,player_points,9.5,bovada,2025-10-27T14:54:45Z,2025-10-27T14:55:26Z,100.0,-130.0
Kentavious Caldwell-Pope,Memphis Grizzlies @ Golden State Warriors,2025-10-28T02:00:00Z,player_points,10.5,bovada,2025-10-27T14:54:45Z,2025-10-27T14:55:26Z,135.0,-180.0
Kentavious Caldwell-Pope,Memphis Grizzlies @ Golden State Warriors,2025-10-28T02:00:00Z,player_points,11.5,bovada,2025-10-27T14:54:45Z,2025-10-27T14:55:26Z,180.0,-245.0
Moses Moody,Memphis Grizzlies @ Golden State Warriors,2025-10-28T02:00:00Z,player_points,6.5,bovada,2025-10-27T14:54:45Z,2025-10-27T14:55:26Z,-230.0,170.0
Moses Moody,Memphis Grizzlies @ Golden State Warriors,2025-10-28T02:00:00Z,player_points,7.5,bovada,2025-10-27T14:54:45Z,2025-10-27T14:55:26Z,-150.0,115.0
Moses Moody,Memphis Grizzlies @ Golden State Warriors,2025-10-28T02:00:00Z,player_points,9.5,bovada,2025-10-27T14:54:45Z,2025-10-27T14:55:26Z,125.0,-165.0
Moses Moody,Memphis Grizzlies @ Golden State Warriors,2025-10-28T02:00:00Z,player_points,10.5,bovada,2025-10-27T14:54:45Z,2025-10-27T14:55:26Z,170.0,-230.0
Santi Aldama,Memphis Grizzlies @ Golden State Warriors,2025-10-28T02:00:00Z,player_points,7.5,bovada,2025-10-27T14:54:45Z,2025-10-27T14:55:26Z,-300.0,215.0
Santi Aldama,Memphis Grizzlies @ Golden State Warriors,2025-10-28T02:00:00Z,player_points,8.5,bovada,2025-10-27T14:54:45Z,2025-10-27T14:55:26Z,-200.0,150.0
Santi Aldama,Memphis Grizzlies @ Golden State Warriors,2025-10-28T02:00:00Z,player_points,9.5,bovada,2025-10-27T14:54:45Z,2025-10-27T14:55:26Z,-145.0,110.0
Santi Aldama,Memphis Grizzlies @ Golden State Warriors,2025-10-28T02:00:00Z,player_points,10.5,bovada,2025-10-27T14:54:45Z,2025-10-27T14:55:26Z,-105.0,-125.0
Santi Aldama,Memphis Grizzlies @ Golden State Warriors,2025-10-28T02:00:00Z,player_points,11.5,bovada,2025-10-27T14:54:45Z,2025-10-27T14:55:26Z,125.0,-165.0
Santi Aldama,Memphis Grizzlies @ Golden State Warriors,2025-10-28T02:00:00Z,player_points,12.5,bovada,2025-10-27T14:54:45Z,2025-10-27T14:55:26Z,165.0,-220.0
Stephen Curry,Memphis Grizzlies @ Golden State Warriors,2025-10-28T02:00:00Z,player_points,22.5,bovada,2025-10-27T14:54:45Z,2025-10-27T14:55:26Z,-300.0,215.0
Stephen Curry,Memphis Grizzlies @ Golden State Warriors,2025-10-28T02:00:00Z,player_points,23.5,bovada,2025-10-27T14:54:45Z,2025-10-27T14:55:26Z,-230.0,170.0
Stephen Curry,Memphis Grizzlies @ Golden State Warriors,2025-10-28T02:00:00Z,player_points,24.5,bovada,2025-10-27T14:54:45Z,2025-10-27T14:55:26Z,-185.0,140.0
Stephen Curry,Memphis Grizzlies @ Golden State Warriors,2025-10-28T02:00:00Z,player_points,25.5,bovada,2025-10-27T14:54:45Z,2025-10-27T14:55:26Z,-150.0,115.0
Stephen Curry,Memphis Grizzlies @ Golden State Warriors,2025-10-28T02:00:00Z,player_points,26.5,bovada,2025-10-27T14:54:45Z,2025-10-27T14:55:26Z,-125.0,-105.0
Stephen Curry,Memphis Grizzlies @ Golden State Warriors,2025-10-28T02:00:00Z,player_points,27.5,bovada,2025-10-27T14:54:45Z,2025-10-27T14:55:26Z,-105.0,-125.0
Stephen Curry,Memphis Grizzlies @ Golden State Warriors,2025-10-28T02:00:00Z,player_points,28.5,bovada,2025-10-27T14:54:45Z,2025-10-27T14:55:26Z,115.0,-150.0
Stephen Curry,Memphis Grizzlies @ Golden State Warriors,2025-10-28T02:00:00Z,player_points,29.5,bovada,2025-10-27T14:54:45Z,2025-10-27T14:55:26Z,140.0,-185.0
Stephen Curry,Memphis Grizzlies @ Golden State Warriors,2025-10-28T02:00:00Z,player_points,30.5,bovada,2025-10-27T14:54:45Z,2025-10-27T14:55:26Z,165.0,-220.0
Stephen Curry,Memphis Grizzlies @ Golden State Warriors,2025-10-28T02:00:00Z,player_points,31.5,bovada,2025-10-27T14:54:45Z,2025-10-27T14:55:26Z,200.0,-275.0
Draymond Green,Memphis Grizzlies @ Golden State Warriors,2025-10-28T02:00:00Z,player_points_rebounds_assists,18.5,bovada,2025-10-27T14:54:45Z,2025-10-27T14:55:26Z,-290.0,210.0
Draymond Green,Memphis Grizzlies @ Golden State Warriors,2025-10-28T02:00:00Z,player_points_rebounds_assists,19.5,bovada,2025-10-27T14:54:45Z,2025-10-27T14:55:26Z,-220.0,165.0
Draymond Green,Memphis Grizzlies @ Golden State Warriors,2025-10-28T02:00:00Z,player_points_rebounds_assists,20.5,bovada,2025-10-27T14:54:45Z,2025-10-27T14:55:26Z,-180.0,135.0
Draymond Green,Memphis Grizzlies @ Golden State Warriors,2025-10-28T02:00:00Z,player_points_rebounds_assists,21.5,bovada,2025-10-27T14:54:45Z,2025-10-27T14:55:26Z,-145.0,110.0
Draymond Green,Memphis Grizzlies @ Golden State Warriors,2025-10-28T02:00:00Z,player_points_rebounds_assists,22.5,bovada,2025-10-27T14:54:45Z,2025-10-27T14:55:26Z,-115.0,-115.0
Draymond Green,Memphis Grizzlies @ Golden State Warriors,2025-10-28T02:00:00Z,player_points_rebounds_assists,23.5,bovada,2025-10-27T14:54:45Z,2025-10-27T14:55:26Z,105.0,-135.0
Draymond Green,Memphis Grizzlies @ Golden State Warriors,2025-10-28T02:00:00Z,player_points_rebounds_assists,24.5,bovada,2025-10-27T14:54:45Z,2025-10-27T14:55:26Z,130.0,-170.0
Draymond Green,Memphis Grizzlies @ Golden State Warriors,2025-10-28T02:00:00Z,player_points_rebounds_assists,25.5,bovada,2025-10-27T14:54:45Z,2025-10-27T14:55:26Z,155.0,-210.0
Draymond Green,Memphis Grizzlies @ Golden State Warriors,2025-10-28T02:00:00Z,player_points_rebounds_assists,26.5,bovada,2025-10-27T14:54:45Z,2025-10-27T14:55:26Z,185.0,-250.0
Ja Morant,Memphis Grizzlies @ Golden State Warriors,2025-10-28T02:00:00Z,player_points_rebounds_assists,30.5,bovada,2025-10-27T14:54:45Z,2025-10-27T14:55:26Z,-260.0,190.0
Ja Morant,Memphis Grizzlies @ Golden State Warriors,2025-10-28T02:00:00Z,player_points_rebounds_assists,31.5,bovada,2025-10-27T14:54:45Z,2025-10-27T14:55:26Z,-220.0,165.0
Ja Morant,Memphis Grizzlies @ Golden State Warriors,2025-10-28T02:00:00Z,player_points_rebounds_assists,32.5,bovada,2025-10-27T14:54:45Z,2025-10-27T14:55:26Z,-185.0,140.0
Ja Morant,Memphis Grizzlies @ Golden State Warriors,2025-10-28T02:00:00Z,player_points_rebounds_assists,33.5,bovada,2025-10-27T14:54:45Z,2025-10-27T14:55:26Z,-150.0,115.0
Ja Morant,Memphis Grizzlies @ Golden State Warriors,2025-10-28T02:00:00Z,player_points_rebounds_assists,34.5,bovada,2025-10-27T14:54:45Z,2025-10-27T14:55:26Z,-130.0,100.0
Ja Morant,Memphis Grizzlies @ Golden State Warriors,2025-10-28T02:00:00Z,player_points_rebounds_assists,35.5,bovada,2025-10-27T14:54:45Z,2025-10-27T14:55:26Z,-110.0,-120.0
Ja Morant,Memphis Grizzlies @ Golden State Warriors,2025-10-28T02:00:00Z,player_points_rebounds_assists,36.5,bovada,2025-10-27T14:54:45Z,2025-10-27T14:55:26Z,105.0,-135.0
Ja Morant,Memphis Grizzlies @ Golden State Warriors,2025-10-28T02:00:00Z,player_points_rebounds_assists,37.5,bovada,2025-10-27T14:54:45Z,2025-10-27T14:55:26Z,125.0,-165.0
Ja Morant,Memphis Grizzlies @ Golden State Warriors,2025-10-28T02:00:00Z,player_points_rebounds_assists,38.5,bovada,2025-10-27T14:54:45Z,2025-10-27T14:55:26Z,145.0,-190.0
Ja Morant,Memphis Grizzlies @ Golden State Warriors,2025-10-28T02:00:00Z,player_points_rebounds_assists,39.5,bovada,2025-10-27T14:54:45Z,2025-10-27T14:55:26Z,170.0,-230.0
Ja Morant,Memphis Grizzlies @ Golden State Warriors,2025-10-28T02:00:00Z,player_points_rebounds_assists,40.5,bovada,2025-10-27T14:54:45Z,2025-10-27T14:55:26Z,200.0,-275.0
Jimmy Butler,Memphis Grizzlies @ Golden State Warriors,2025-10-28T02:00:00Z,player_points_rebounds_assists,26.5,bovada,2025-10-27T14:54:45Z,2025-10-27T14:55:26Z,-250.0,185.0
Jimmy Butler,Memphis Grizzlies @ Golden State Warriors,2025-10-28T02:00:00Z,player_points_rebounds_assists,27.5,bovada,2025-10-27T14:54:45Z,2025-10-27T14:55:26Z,-200.0,150.0
Jimmy Butler,Memphis Grizzlies @ Golden State Warriors,2025-10-28T02:00:00Z,player_points_rebounds_assists,28.5,bovada,2025-10-27T14:54:45Z,2025-10-27T14:55:26Z,-165.0,125.0
Jimmy Butler,Memphis Grizzlies @ Golden State Warriors,2025-10-28T02:00:00Z,player_points_rebounds_assists,29.5,bovada,2025-10-27T14:54:45Z,2025-10-27T14:55:26Z,-135.0,105.0
Jimmy Butler,Memphis Grizzlies @ Golden State Warriors,2025-10-28T02:00:00Z,player_points_rebounds_assists,30.5,bovada,2025-10-27T14:54:45Z,2025-10-27T14:55:26Z,-115.0,-115.0
Jimmy Butler,Memphis Grizzlies @ Golden State Warriors,2025-10-28T02:00:00Z,player_points_rebounds_assists,31.5,bovada,2025-10-27T14:54:45Z,2025-10-27T14:55:26Z,105.0,-135.0
Jimmy Butler,Memphis Grizzlies @ Golden State Warriors,2025-10-28T02:00:00Z,player_points_rebounds_assists,32.5,bovada,2025-10-27T14:54:45Z,2025-10-27T14:55:26Z,120.0,-160.0
Jimmy Butler,Memphis Grizzlies @ Golden State Warriors,2025-10-28T02:00:00Z,player_points_rebounds_assists,33.5,bovada,2025-10-27T14:54:45Z,2025-10-27T14:55:26Z,145.0,-190.0
Jimmy Butler,Memphis Grizzlies @ Golden State Warriors,2025-10-28T02:00:00Z,player_points_rebounds_assists,34.5,bovada,2025-10-27T14:54:45Z,2025-10-27T14:55:26Z,170.0,-230.0
Jimmy Butler,Memphis Grizzlies @ Golden State Warriors,2025-10-28T02:00:00Z,player_points_rebounds_assists,35.5,bovada,2025-10-27T14:54:45Z,2025-10-27T14:55:26Z,200.0,-275.0
Jonathan Kuminga,Memphis Grizzlies @ Golden State Warriors,2025-10-28T02:00:00Z,player_points_rebounds_assists,20.5,bovada,2025-10-27T14:54:45Z,2025-10-27T14:55:26Z,-275.0,200.0
Jonathan Kuminga,Memphis Grizzlies @ Golden State Warriors,2025-10-28T02:00:00Z,player_points_rebounds_assists,21.5,bovada,2025-10-27T14:54:45Z,2025-10-27T14:55:26Z,-220.0,165.0
Jonathan Kuminga,Memphis Grizzlies @ Golden State Warriors,2025-10-28T02:00:00Z,player_points_rebounds_assists,22.5,bovada,2025-10-27T14:54:45Z,2025-10-27T14:55:26Z,-180.0,135.0
Jonathan Kuminga,Memphis Grizzlies @ Golden State Warriors,2025-10-28T02:00:00Z,player_points_rebounds_assists,23.5,bovada,2025-10-27T14:54:45Z,2025-10-27T14:55:26Z,-145.0,110.0
Jonathan Kuminga,Memphis Grizzlies @ Golden State Warriors,2025-10-28T02:00:00Z,player_points_rebounds_assists,24.5,bovada,2025-10-27T14:54:45Z,2025-10-27T14:55:26Z,-115.0,-115.0
Jonathan Kuminga,Memphis Grizzlies @ Golden State Warriors,2025-10-28T02:00:00Z,player_points_rebounds_assists,25.5,bovada,2025-10-27T14:54:45Z,2025-10-27T14:55:26Z,105.0,-135.0
Jonathan Kuminga,Memphis Grizzlies @ Golden State Warriors,2025-10-28T02:00:00Z,player_points_rebounds_assists,26.5,bovada,2025-10-27T14:54:45Z,2025-10-27T14:55:26Z,125.0,-165.0
Jonathan Kuminga,Memphis Grizzlies @ Golden State Warriors,2025-10-28T02:00:00Z,player_points_rebounds_assists,27.5,bovada,2025-10-27T14:54:45Z,2025-10-27T14:55:26Z,150.0,-200.0
Jonathan Kuminga,Memphis Grizzlies @ Golden State Warriors,2025-10-28T02:00:00Z,player_points_rebounds_assists,28.5,bovada,2025-10-27T14:54:45Z,2025-10-27T14:55:26Z,180.0,-245.0
Kentavious Caldwell-Pope,Memphis Grizzlies @ Golden State Warriors,2025-10-28T02:00:00Z,player_points_rebounds_assists,11.5,bovada,2025-10-27T14:54:45Z,2025-10-27T14:55:26Z,-260.0,190.0
Kentavious Caldwell-Pope,Memphis Grizzlies @ Golden State Warriors,2025-10-28T02:00:00Z,player_points_rebounds_assists,12.5,bovada,2025-10-27T14:54:45Z,2025-10-27T14:55:26Z,-190.0,145.0
Kentavious Caldwell-Pope,Memphis Grizzlies @ Golden State Warriors,2025-10-28T02:00:00Z,player_points_rebounds_assists,13.5,bovada,2025-10-27T14:54:45Z,2025-10-27T14:55:26Z,-145.0,110.0
Kentavious Caldwell-Pope,Memphis Grizzlies @ Golden State Warriors,2025-10-28T02:00:00Z,player_points_rebounds_assists,14.5,bovada,2025-10-27T14:54:45Z,2025-10-27T14:55:26Z,-110.0,-120.0
Kentavious Caldwell-Pope,Memphis Grizzlies @ Golden State Warriors,2025-10-28T02:00:00Z,player_points_rebounds_assists,15.5,bovada,2025-10-27T14:54:45Z,2025-10-27T14:55:26Z,115.0,-150.0
Kentavious Caldwell-Pope,Memphis Grizzlies @ Golden State Warriors,2025-10-28T02:00:00Z,player_points_rebounds_assists,16.5,bovada,2025-10-27T14:54:45Z,2025-10-27T14:55:26Z,150.0,-200.0
Kentavious Caldwell-Pope,Memphis Grizzlies @ Golden State Warriors,2025-10-28T02:00:00Z,player_points_rebounds_assists,17.5,bovada,2025-10-27T14:54:45Z,2025-10-27T14:55:26Z,185.0,-250.0
Stephen Curry,Memphis Grizzlies @ Golden State Warriors,2025-10-28T02:00:00Z,player_points_rebounds_assists,32.5,bovada,2025-10-27T14:54:45Z,2025-10-27T14:55:26Z,-260.0,190.0
Stephen Curry,Memphis Grizzlies @ Golden State Warriors,2025-10-28T02:00:00Z,player_points_rebounds_assists,33.5,bovada,2025-10-27T14:54:45Z,2025-10-27T14:55:26Z,-215.0,160.0
Stephen Curry,Memphis Grizzlies @ Golden State Warriors,2025-10-28T02:00:00Z,player_points_rebounds_assists,34.5,bovada,2025-10-27T14:54:45Z,2025-10-27T14:55:26Z,-180.0,135.0
Stephen Curry,Memphis Grizzlies @ Golden State Warriors,2025-10-28T02:00:00Z,player_points_rebounds_assists,35.5,bovada,2025-10-27T14:54:45Z,2025-10-27T14:55:26Z,-150.0,115.0
Stephen Curry,Memphis Grizzlies @ Golden State Warriors,2025-10-28T02:00:00Z,player_points_rebounds_assists,36.5,bovada,2025-10-27T14:54:45Z,2025-10-27T14:55:26Z,-130.0,100.0
Stephen Curry,Memphis Grizzlies @ Golden State Warriors,2025-10-28T02:00:00Z,player_points_rebounds_assists,37.5,bovada,2025-10-27T14:54:45Z,2025-10-27T14:55:26Z,-110.0,-120.0
Stephen Curry,Memphis Grizzlies @ Golden State Warriors,2025-10-28T02:00:00Z,player_points_rebounds_assists,38.5,bovada,2025-10-27T14:54:45Z,2025-10-27T14:55:26Z,105.0,-135.0
Stephen Curry,Memphis Grizzlies @ Golden State Warriors,2025-10-28T02:00:00Z,player_points_rebounds_assists,39.5,bovada,2025-10-27T14:54:45Z,2025-10-27T14:55:26Z,125.0,-165.0
Stephen Curry,Memphis Grizzlies @ Golden State Warriors,2025-10-28T02:00:00Z,player_points_rebounds_assists,40.5,bovada,2025-10-27T14:54:45Z,2025-10-27T14:55:26Z,145.0,-190.0
Stephen Curry,Memphis Grizzlies @ Golden State Warriors,2025-10-28T02:00:00Z,player_points_rebounds_assists,41.5,bovada,2025-10-27T14:54:45Z,2025-10-27T14:55:26Z,165.0,-220.0
Stephen Curry,Memphis Grizzlies @ Golden State Warriors,2025-10-28T02:00:00Z,player_points_rebounds_assists,42.5,bovada,2025-10-27T14:54:45Z,2025-10-27T14:55:26Z,190.0,-260.0
Draymond Green,Memphis Grizzlies @ Golden State Warriors,2025-10-28T02:00:00Z,player_rebounds,5.5,bovada,2025-10-27T14:54:45Z,2025-10-27T14:55:26Z,-170.0,130.0
Draymond Green,Memphis Grizzlies @ Golden State Warriors,2025-10-28T02:00:00Z,player_rebounds,7.5,bovada,2025-10-27T14:54:45Z,2025-10-27T14:55:26Z,180.0,-245.0
Jonathan Kuminga,Memphis Grizzlies @ Golden State Warriors,2025-10-28T02:00:00Z,player_rebounds,4.5,bovada,2025-10-27T14:54:45Z,2025-10-27T14:55:26Z,-275.0,200.0
Jonathan Kuminga,Memphis Grizzlies @ Golden State Warriors,2025-10-28T02:00:00Z,player_rebounds,6.5,bovada,2025-10-27T14:54:45Z,2025-10-27T14:55:26Z,130.0,-170.0
Santi Aldama,Memphis Grizzlies @ Golden State Warriors,2025-10-28T02:00:00Z,player_rebounds,4.5,bovada,2025-10-27T14:54:45Z,2025-10-27T14:55:26Z,-275.0,200.0
Santi Aldama,Memphis Grizzlies @ Golden State Warriors,2025-10-28T02:00:00Z,player_rebounds,5.5,bovada,2025-10-27T14:54:45Z,2025-10-27T14:55:26Z,-135.0,105.0
Santi Aldama,Memphis Grizzlies @ Golden State Warriors,2025-10-28T02:00:00Z,player_rebounds,6.5,bovada,2025-10-27T14:54:45Z,2025-10-27T14:55:26Z,130.0,-170.0
Stephen Curry,Memphis Grizzlies @ Golden State Warriors,2025-10-28T02:00:00Z,player_rebounds,5.5,bovada,2025-10-27T14:54:45Z,2025-10-27T14:55:26Z,130.0,-170.0
Brandin Podziemski,Memphis Grizzlies @ Golden State Warriors,2025-10-28T02:00:00Z,player_threes,1.5,bovada,2025-10-27T14:54:45Z,2025-10-27T14:55:26Z,-115.0,-115.0
Jaren Jackson Jr,Memphis Grizzlies @ Golden State Warriors,2025-10-28T02:00:00Z,player_threes,1.5,bovada,2025-10-27T14:54:45Z,2025-10-27T14:55:26Z,-110.0,-120.0
Moses Moody,Memphis Grizzlies @ Golden State Warriors,2025-10-28T02:00:00Z,player_threes,1.5,bovada,2025-10-27T14:54:45Z,2025-10-27T14:55:26Z,130.0,-170.0
Santi Aldama,Memphis Grizzlies @ Golden State Warriors,2025-10-28T02:00:00Z,player_threes,1.5,bovada,2025-10-27T14:54:45Z,2025-10-27T14:55:26Z,-120.0,-110.0
Stephen Curry,Memphis Grizzlies @ Golden State Warriors,2025-10-28T02:00:00Z,player_threes,3.5,bovada,2025-10-27T14:54:45Z,2025-10-27T14:55:26Z,-260.0,190.0
Stephen Curry,Memphis Grizzlies @ Golden State Warriors,2025-10-28T02:00:00Z,player_threes,4.5,bovada,2025-10-27T14:54:45Z,2025-10-27T14:55:26Z,-115.0,-115.0
Stephen Curry,Memphis Grizzlies @ Golden State Warriors,2025-10-28T02:00:00Z,player_threes,5.5,bovada,2025-10-27T14:54:45Z,2025-10-27T14:55:26Z,175.0,-240.0
Draymond Green,Memphis Grizzlies @ Golden State Warriors,2025-10-28T02:00:00Z,player_triple_double,,bovada,2025-10-27T14:54:45Z,2025-10-27T14:55:26Z,,
Jimmy Butler,Memphis Grizzlies @ Golden State Warriors,2025-10-28T02:00:00Z,player_triple_double,,bovada,2025-10-27T14:54:45Z,2025-10-27T14:55:26Z,,
Ja Morant,Memphis Grizzlies @ Golden State Warriors,2025-10-28T02:00:00Z,player_triple_double,,bovada,2025-10-27T14:54:45Z,2025-10-27T14:55:26Z,,
Marcus Smart,Portland Trail Blazers @ Los Angeles Lakers,2025-10-28T02:40:00Z,player_assists,3.5,fanduel,2025-10-27T14:55:19Z,2025-10-27T14:53:34Z,-128.0,-104.0
Deni Avdija,Portland Trail Blazers @ Los Angeles Lakers,2025-10-28T02:40:00Z,player_assists,4.5,fanduel,2025-10-27T14:55:19Z,2025-10-27T14:53:34Z,102.0,-136.0
Austin Reaves,Portland Trail Blazers @ Los Angeles Lakers,2025-10-28T02:40:00Z,player_assists,7.5,fanduel,2025-10-27T14:55:19Z,2025-10-27T14:53:34Z,-138.0,104.0
Jake LaRavia,Portland Trail Blazers @ Los Angeles Lakers,2025-10-28T02:40:00Z,player_assists,2.5,fanduel,2025-10-27T14:55:19Z,2025-10-27T14:53:34Z,-172.0,128.0
Toumani Camara,Portland Trail Blazers @ Los Angeles Lakers,2025-10-28T02:40:00Z,player_assists,2.5,fanduel,2025-10-27T14:55:19Z,2025-10-27T14:53:34Z,-130.0,-102.0
Jrue Holiday,Portland Trail Blazers @ Los Angeles Lakers,2025-10-28T02:40:00Z,player_assists,5.5,fanduel,2025-10-27T14:55:19Z,2025-10-27T14:53:34Z,-144.0,108.0
Deandre Ayton,Portland Trail Blazers @ Los Angeles Lakers,2025-10-28T02:40:00Z,player_double_double,,fanduel,2025-10-27T14:55:19Z,2025-10-27T14:55:47Z,,
Austin Reaves,Portland Trail Blazers @ Los Angeles Lakers,2025-10-28T02:40:00Z,player_double_double,,fanduel,2025-10-27T14:55:19Z,2025-10-27T14:55:47Z,,
Donovan Clingan,Portland Trail Blazers @ Los Angeles Lakers,2025-10-28T02:40:00Z,player_double_double,,fanduel,2025-10-27T14:55:19Z,2025-10-27T14:55:47Z,,
Deni Avdija,Portland Trail Blazers @ Los Angeles Lakers,2025-10-28T02:40:00Z,player_double_double,,fanduel,2025-10-27T14:55:19Z,2025-10-27T14:55:47Z,,
Jrue Holiday,Portland Trail Blazers @ Los Angeles Lakers,2025-10-28T02:40:00Z,player_double_double,,fanduel,2025-10-27T14:55:19Z,2025-10-27T14:55:47Z,,
Jarred Vanderbilt,Portland Trail Blazers @ Los Angeles Lakers,2025-10-28T02:40:00Z,player_double_double,,fanduel,2025-10-27T14:55:19Z,2025-10-27T14:55:47Z,,
Toumani Camara,Portland Trail Blazers @ Los Angeles Lakers,2025-10-28T02:40:00Z,player_double_double,,fanduel,2025-10-27T14:55:19Z,2025-10-27T14:55:47Z,,
Jake LaRavia,Portland Trail Blazers @ Los Angeles Lakers,2025-10-28T02:40:00Z,player_double_double,,fanduel,2025-10-27T14:55:19Z,2025-10-27T14:55:47Z,,
Rui Hachimura,Portland Trail Blazers @ Los Angeles Lakers,2025-10-28T02:40:00Z,player_double_double,,fanduel,2025-10-27T14:55:19Z,2025-10-27T14:55:47Z,,
Shaedon Sharpe,Portland Trail Blazers @ Los Angeles Lakers,2025-10-28T02:40:00Z,player_double_double,,fanduel,2025-10-27T14:55:19Z,2025-10-27T14:55:47Z,,
Jarred Vanderbilt,Portland Trail Blazers @ Los Angeles Lakers,2025-10-28T02:40:00Z,player_points,6.5,fanduel,2025-10-27T14:55:19Z,2025-10-27T14:55:47Z,-132.0,100.0
Shaedon Sharpe,Portland Trail Blazers @ Los Angeles Lakers,2025-10-28T02:40:00Z,player_points,21.5,fanduel,2025-10-27T14:55:19Z,2025-10-27T14:55:47Z,-114.0,-114.0
Toumani Camara,Portland Trail Blazers @ Los Angeles Lakers,2025-10-28T02:40:00Z,player_points,11.5,fanduel,2025-10-27T14:55:19Z,2025-10-27T14:55:47Z,-110.0,-120.0
Matisse Thybulle,Portland Trail Blazers @ Los Angeles Lakers,2025-10-28T02:40:00Z,player_points,4.5,fanduel,2025-10-27T14:55:19Z,2025-10-27T14:55:47Z,-130.0,-102.0
Donovan Clingan,Portland Trail Blazers @ Los Angeles Lakers,2025-10-28T02:40:00Z,player_points,9.5,fanduel,2025-10-27T14:55:19Z,2025-10-27T14:55:47Z,100.0,-132.0
Jake LaRavia,Portland Trail Blazers @ Los Angeles Lakers,2025-10-28T02:40:00Z,player_points,10.5,fanduel,2025-10-27T14:55:19Z,2025-10-27T14:55:47Z,-132.0,100.0
Marcus Smart,Portland Trail Blazers @ Los Angeles Lakers,2025-10-28T02:40:00Z,player_points,10.5,fanduel,2025-10-27T14:55:19Z,2025-10-27T14:55:47Z,-106.0,-125.0
Deni Avdija,Portland Trail Blazers @ Los Angeles Lakers,2025-10-28T02:40:00Z,player_points,20.5,fanduel,2025-10-27T14:55:19Z,2025-10-27T14:55:47Z,-114.0,-118.0
Austin Reaves,Portland Trail Blazers @ Los Angeles Lakers,2025-10-28T02:40:00Z,player_points,28.5,fanduel,2025-10-27T14:55:19Z,2025-10-27T14:55:47Z,-118.0,-114.0
Rui Hachimura,Portland Trail Blazers @ Los Angeles Lakers,2025-10-28T02:40:00Z,player_points,15.5,fanduel,2025-10-27T14:55:19Z,2025-10-27T14:55:47Z,-118.0,-112.0
Deandre Ayton,Portland Trail Blazers @ Los Angeles Lakers,2025-10-28T02:40:00Z,player_points,17.5,fanduel,2025-10-27T14:55:19Z,2025-10-27T14:55:47Z,-102.0,-130.0
Jerami Grant,Portland Trail Blazers @ Los Angeles Lakers,2025-10-28T02:40:00Z,player_points,15.5,fanduel,2025-10-27T14:55:19Z,2025-10-27T14:55:47Z,-102.0,-130.0
Jrue Holiday,Portland Trail Blazers @ Los Angeles Lakers,2025-10-28T02:40:00Z,player_points,13.5,fanduel,2025-10-27T14:55:19Z,2025-10-27T14:55:47Z,-102.0,-130.0
Jrue Holiday,Portland Trail Blazers @ Los Angeles Lakers,2025-10-28T02:40:00Z,player_points_rebounds_assists,24.5,fanduel,2025-10-27T14:55:19Z,2025-10-27T14:55:47Z,-104.0,-128.0
Jake LaRavia,Portland Trail Blazers @ Los Angeles Lakers,2025-10-28T02:40:00Z,player_points_rebounds_assists,19.5,fanduel,2025-10-27T14:55:19Z,2025-10-27T14:55:47Z,-114.0,-114.0
Austin Reaves,Portland Trail Blazers @ Los Angeles Lakers,2025-10-28T02:40:00Z,player_points_rebounds_assists,43.5,fanduel,2025-10-27T14:55:19Z,2025-10-27T14:55:47Z,-106.0,-125.0
Toumani Camara,Portland Trail Blazers @ Los Angeles Lakers,2025-10-28T02:40:00Z,player_points_rebounds_assists,19.5,fanduel,2025-10-27T14:55:19Z,2025-10-27T14:55:47Z,-120.0,-110.0
Deni Avdija,Portland Trail Blazers @ Los Angeles Lakers,2025-10-28T02:40:00Z,player_points_rebounds_assists,31.5,fanduel,2025-10-27T14:55:19Z,2025-10-27T14:55:47Z,-120.0,-110.0
Donovan Clingan,Portland Trail Blazers @ Los Angeles Lakers,2025-10-28T02:40:00Z,player_rebounds,9.5,fanduel,2025-10-27T14:55:19Z,2025-10-27T14:55:47Z,116.0,-154.0
Deni Avdija,Portland Trail Blazers @ Los Angeles Lakers,2025-10-28T02:40:00Z,player_rebounds,6.5,fanduel,2025-10-27T14:55:19Z,2025-10-27T14:55:47Z,-114.0,-114.0
Rui Hachimura,Portland Trail Blazers @ Los Angeles Lakers,2025-10-28T02:40:00Z,player_rebounds,4.5,fanduel,2025-10-27T14:55:19Z,2025-10-27T14:55:47Z,-146.0,110.0
Austin Reaves,Portland Trail Blazers @ Los Angeles Lakers,2025-10-28T02:40:00Z,player_rebounds,5.5,fanduel,2025-10-27T14:55:19Z,2025-10-27T14:55:47Z,-132.0,100.0
Jarred Vanderbilt,Portland Trail Blazers @ Los Angeles Lakers,2025-10-28T02:40:00Z,player_rebounds,5.5,fanduel,2025-10-27T14:55:19Z,2025-10-27T14:55:47Z,-154.0,116.0
Toumani Camara,Portland Trail Blazers @ Los Angeles Lakers,2025-10-28T02:40:00Z,player_rebounds,5.5,fanduel,2025-10-27T14:55:19Z,2025-10-27T14:55:47Z,102.0,-136.0
Shaedon Sharpe,Portland Trail Blazers @ Los Angeles Lakers,2025-10-28T02:40:00Z,player_rebounds,3.5,fanduel,2025-10-27T14:55:19Z,2025-10-27T14:55:47Z,-162.0,122.0
Jrue Holiday,Portland Trail Blazers @ Los Angeles Lakers,2025-10-28T02:40:00Z,player_rebounds,4.5,fanduel,2025-10-27T14:55:19Z,2025-10-27T14:55:47Z,-125.0,-106.0
Deandre Ayton,Portland Trail Blazers @ Los Angeles Lakers,2025-10-28T02:40:00Z,player_rebounds,10.5,fanduel,2025-10-27T14:55:19Z,2025-10-27T14:55:47Z,-114.0,-114.0
Jake LaRavia,Portland Trail Blazers @ Los Angeles Lakers,2025-10-28T02:40:00Z,player_rebounds,5.5,fanduel,2025-10-27T14:55:19Z,2025-10-27T14:55:47Z,118.0,-158.0
Marcus Smart,Portland Trail Blazers @ Los Angeles Lakers,2025-10-28T02:40:00Z,player_threes,1.5,fanduel,2025-10-27T14:55:19Z,2025-10-27T14:55:47Z,108.0,-144.0
Jerami Grant,Portland Trail Blazers @ Los Angeles Lakers,2025-10-28T02:40:00Z,player_threes,2.5,fanduel,2025-10-27T14:55:19Z,2025-10-27T14:55:47Z,146.0,-198.0
Shaedon Sharpe,Portland Trail Blazers @ Los Angeles Lakers,2025-10-28T02:40:00Z,player_threes,2.5,fanduel,2025-10-27T14:55:19Z,2025-10-27T14:55:47Z,130.0,-174.0
Jake LaRavia,Portland Trail Blazers @ Los Angeles Lakers,2025-10-28T02:40:00Z,player_threes,1.5,fanduel,2025-10-27T14:55:19Z,2025-10-27T14:55:47Z,136.0,-182.0
Rui Hachimura,Portland Trail Blazers @ Los Angeles Lakers,2025-10-28T02:40:00Z,player_threes,1.5,fanduel,2025-10-27T14:55:19Z,2025-10-27T14:55:47Z,-166.0,124.0
Toumani Camara,Portland Trail Blazers @ Los Angeles Lakers,2025-10-28T02:40:00Z,player_threes,1.5,fanduel,2025-10-27T14:55:19Z,2025-10-27T14:55:47Z,-132.0,100.0
Deni Avdija,Portland Trail Blazers @ Los Angeles Lakers,2025-10-28T02:40:00Z,player_threes,2.5,fanduel,2025-10-27T14:55:19Z,2025-10-27T14:55:47Z,146.0,-200.0
Austin Reaves,Portland Trail Blazers @ Los Angeles Lakers,2025-10-28T02:40:00Z,player_threes,3.5,fanduel,2025-10-27T14:55:19Z,2025-10-27T14:55:47Z,104.0,-138.0
Austin Reaves,Portland Trail Blazers @ Los Angeles Lakers,2025-10-28T02:40:00Z,player_triple_double,,fanduel,2025-10-27T14:55:19Z,2025-10-27T14:55:47Z,,
Deni Avdija,Portland Trail Blazers @ Los Angeles Lakers,2025-10-28T02:40:00Z,player_triple_double,,fanduel,2025-10-27T14:55:19Z,2025-10-27T14:55:47Z,,
Marcus Smart,Portland Trail Blazers @ Los Angeles Lakers,2025-10-28T02:40:00Z,player_assists,3.5,fanatics,2025-10-27T14:55:17Z,2025-10-27T14:54:51Z,-125.0,-105.0
Austin Reaves,Portland Trail Blazers @ Los Angeles Lakers,2025-10-28T02:40:00Z,player_assists,8.5,fanatics,2025-10-27T14:55:17Z,2025-10-27T14:54:51Z,115.0,-150.0
Jake LaRavia,Portland Trail Blazers @ Los Angeles Lakers,2025-10-28T02:40:00Z,player_assists,2.5,fanatics,2025-10-27T14:55:17Z,2025-10-27T14:54:51Z,-175.0,125.0
Toumani Camara,Portland Trail Blazers @ Los Angeles Lakers,2025-10-28T02:40:00Z,player_assists,2.5,fanatics,2025-10-27T14:55:17Z,2025-10-27T14:54:51Z,-130.0,100.0
Jrue Holiday,Portland Trail Blazers @ Los Angeles Lakers,2025-10-28T02:40:00Z,player_assists,5.5,fanatics,2025-10-27T14:55:17Z,2025-10-27T14:54:51Z,-145.0,110.0
Deni Avdija,Portland Trail Blazers @ Los Angeles Lakers,2025-10-28T02:40:00Z,player_assists,4.5,fanatics,2025-10-27T14:55:17Z,2025-10-27T14:54:51Z,-105.0,-125.0
Jerami Grant,Portland Trail Blazers @ Los Angeles Lakers,2025-10-28T02:40:00Z,player_assists,1.5,fanatics,2025-10-27T14:55:17Z,2025-10-27T14:54:51Z,-130.0,100.0
Rui Hachimura,Portland Trail Blazers @ Los Angeles Lakers,2025-10-28T02:40:00Z,player_assists,1.5,fanatics,2025-10-27T14:55:17Z,2025-10-27T14:54:51Z,-145.0,110.0
Donovan Clingan,Portland Trail Blazers @ Los Angeles Lakers,2025-10-28T02:40:00Z,player_assists,1.5,fanatics,2025-10-27T14:55:17Z,2025-10-27T14:54:51Z,-105.0,-125.0
Deandre Ayton,Portland Trail Blazers @ Los Angeles Lakers,2025-10-28T02:40:00Z,player_assists,1.5,fanatics,2025-10-27T14:55:17Z,2025-10-27T14:54:51Z,-145.0,110.0
Shaedon Sharpe,Portland Trail Blazers @ Los Angeles Lakers,2025-10-28T02:40:00Z,player_assists,2.5,fanatics,2025-10-27T14:55:17Z,2025-10-27T14:54:51Z,-115.0,-115.0
Austin Reaves,Portland Trail Blazers @ Los Angeles Lakers,2025-10-28T02:40:00Z,player_double_double,,fanatics,2025-10-27T14:55:17Z,2025-10-27T14:54:51Z,,
Deandre Ayton,Portland Trail Blazers @ Los Angeles Lakers,2025-10-28T02:40:00Z,player_double_double,,fanatics,2025-10-27T14:55:17Z,2025-10-27T14:54:51Z,,
Rui Hachimura,Portland Trail Blazers @ Los Angeles Lakers,2025-10-28T02:40:00Z,player_double_double,,fanatics,2025-10-27T14:55:17Z,2025-10-27T14:54:51Z,,
Marcus Smart,Portland Trail Blazers @ Los Angeles Lakers,2025-10-28T02:40:00Z,player_double_double,,fanatics,2025-10-27T14:55:17Z,2025-10-27T14:54:51Z,,
Jake LaRavia,Portland Trail Blazers @ Los Angeles Lakers,2025-10-28T02:40:00Z,player_double_double,,fanatics,2025-10-27T14:55:17Z,2025-10-27T14:54:51Z,,
Shaedon Sharpe,Portland Trail Blazers @ Los Angeles Lakers,2025-10-28T02:40:00Z,player_double_double,,fanatics,2025-10-27T14:55:17Z,2025-10-27T14:54:51Z,,
Jrue Holiday,Portland Trail Blazers @ Los Angeles Lakers,2025-10-28T02:40:00Z,player_double_double,,fanatics,2025-10-27T14:55:17Z,2025-10-27T14:54:51Z,,
Toumani Camara,Portland Trail Blazers @ Los Angeles Lakers,2025-10-28T02:40:00Z,player_double_double,,fanatics,2025-10-27T14:55:17Z,2025-10-27T14:54:51Z,,
Deni Avdija,Portland Trail Blazers @ Los Angeles Lakers,2025-10-28T02:40:00Z,player_double_double,,fanatics,2025-10-27T14:55:17Z,2025-10-27T14:54:51Z,,
Donovan Clingan,Portland Trail Blazers @ Los Angeles Lakers,2025-10-28T02:40:00Z,player_double_double,,fanatics,2025-10-27T14:55:17Z,2025-10-27T14:54:51Z,,
Austin Reaves,Portland Trail Blazers @ Los Angeles Lakers,2025-10-28T02:40:00Z,player_points,28.5,fanatics,2025-10-27T14:55:17Z,2025-10-27T14:54:51Z,-110.0,-120.0
Marcus Smart,Portland Trail Blazers @ Los Angeles Lakers,2025-10-28T02:40:00Z,player_points,10.5,fanatics,2025-10-27T14:55:17Z,2025-10-27T14:54:51Z,-115.0,-115.0
Rui Hachimura,Portland Trail Blazers @ Los Angeles Lakers,2025-10-28T02:40:00Z,player_points,15.5,fanatics,2025-10-27T14:55:17Z,2025-10-27T14:54:51Z,-110.0,-120.0
Deandre Ayton,Portland Trail Blazers @ Los Angeles Lakers,2025-10-28T02:40:00Z,player_points,16.5,fanatics,2025-10-27T14:55:17Z,2025-10-27T14:54:51Z,-125.0,-105.0
Jarred Vanderbilt,Portland Trail Blazers @ Los Angeles Lakers,2025-10-28T02:40:00Z,player_points,6.5,fanatics,2025-10-27T14:55:17Z,2025-10-27T14:54:51Z,-125.0,-105.0
Jake LaRavia,Portland Trail Blazers @ Los Angeles Lakers,2025-10-28T02:40:00Z,player_points,10.5,fanatics,2025-10-27T14:55:17Z,2025-10-27T14:54:51Z,-125.0,-105.0
Jrue Holiday,Portland Trail Blazers @ Los Angeles Lakers,2025-10-28T02:40:00Z,player_points,13.5,fanatics,2025-10-27T14:55:17Z,2025-10-27T14:54:51Z,-105.0,-125.0
Toumani Camara,Portland Trail Blazers @ Los Angeles Lakers,2025-10-28T02:40:00Z,player_points,11.5,fanatics,2025-10-27T14:55:17Z,2025-10-27T14:54:51Z,-110.0,-120.0
Jerami Grant,Portland Trail Blazers @ Los Angeles Lakers,2025-10-28T02:40:00Z,player_points,15.5,fanatics,2025-10-27T14:55:17Z,2025-10-27T14:54:51Z,-105.0,-125.0
Matisse Thybulle,Portland Trail Blazers @ Los Angeles Lakers,2025-10-28T02:40:00Z,player_points,4.5,fanatics,2025-10-27T14:55:17Z,2025-10-27T14:54:51Z,-130.0,100.0
Donovan Clingan,Portland Trail Blazers @ Los Angeles Lakers,2025-10-28T02:40:00Z,player_points,9.5,fanatics,2025-10-27T14:55:17Z,2025-10-27T14:54:51Z,120.0,-160.0
Deni Avdija,Portland Trail Blazers @ Los Angeles Lakers,2025-10-28T02:40:00Z,player_points,20.5,fanatics,2025-10-27T14:55:17Z,2025-10-27T14:54:51Z,-115.0,-115.0
Shaedon Sharpe,Portland Trail Blazers @ Los Angeles Lakers,2025-10-28T02:40:00Z,player_points,21.5,fanatics,2025-10-27T14:55:17Z,2025-10-27T14:54:51Z,-115.0,-115.0
Jerami Grant,Portland Trail Blazers @ Los Angeles Lakers,2025-10-28T02:40:00Z,player_points_rebounds_assists,20.5,fanatics,2025-10-27T14:55:17Z,2025-10-27T14:54:51Z,100.0,-130.0
Jake LaRavia,Portland Trail Blazers @ Los Angeles Lakers,2025-10-28T02:40:00Z,player_points_rebounds_assists,19.5,fanatics,2025-10-27T14:55:17Z,2025-10-27T14:54:51Z,-110.0,-120.0
Shaedon Sharpe,Portland Trail Blazers @ Los Angeles Lakers,2025-10-28T02:40:00Z,player_points_rebounds_assists,28.5,fanatics,2025-10-27T14:55:17Z,2025-10-27T14:54:51Z,-110.0,-120.0
Donovan Clingan,Portland Trail Blazers @ Los Angeles Lakers,2025-10-28T02:40:00Z,player_points_rebounds_assists,19.5,fanatics,2025-10-27T14:55:17Z,2025-10-27T14:54:51Z,-120.0,-110.0
Deni Avdija,Portland Trail Blazers @ Los Angeles Lakers,2025-10-28T02:40:00Z,player_points_rebounds_assists,31.5,fanatics,2025-10-27T14:55:17Z,2025-10-27T14:54:51Z,-125.0,-105.0
Jrue Holiday,Portland Trail Blazers @ Los Angeles Lakers,2025-10-28T02:40:00Z,player_points_rebounds_assists,24.5,fanatics,2025-10-27T14:55:17Z,2025-10-27T14:54:51Z,-105.0,-125.0
Marcus Smart,Portland Trail Blazers @ Los Angeles Lakers,2025-10-28T02:40:00Z,player_points_rebounds_assists,17.5,fanatics,2025-10-27T14:55:17Z,2025-10-27T14:54:51Z,-115.0,-115.0
Toumani Camara,Portland Trail Blazers @ Los Angeles Lakers,2025-10-28T02:40:00Z,player_points_rebounds_assists,19.5,fanatics,2025-10-27T14:55:17Z,2025-10-27T14:54:51Z,-120.0,-110.0
Deandre Ayton,Portland Trail Blazers @ Los Angeles Lakers,2025-10-28T02:40:00Z,player_points_rebounds_assists,29.5,fanatics,2025-10-27T14:55:17Z,2025-10-27T14:54:51Z,-115.0,-115.0
Rui Hachimura,Portland Trail Blazers @ Los Angeles Lakers,2025-10-28T02:40:00Z,player_points_rebounds_assists,22.5,fanatics,2025-10-27T14:55:17Z,2025-10-27T14:54:51Z,-110.0,-120.0
Austin Reaves,Portland Trail Blazers @ Los Angeles Lakers,2025-10-28T02:40:00Z,player_points_rebounds_assists,42.5,fanatics,2025-10-27T14:55:17Z,2025-10-27T14:54:51Z,-115.0,-115.0
Jarred Vanderbilt,Portland Trail Blazers @ Los Angeles Lakers,2025-10-28T02:40:00Z,player_rebounds,5.5,fanatics,2025-10-27T14:55:17Z,2025-10-27T14:54:51Z,-150.0,115.0
Rui Hachimura,Portland Trail Blazers @ Los Angeles Lakers,2025-10-28T02:40:00Z,player_rebounds,4.5,fanatics,2025-10-27T14:55:17Z,2025-10-27T14:54:51Z,-140.0,105.0
Austin Reaves,Portland Trail Blazers @ Los Angeles Lakers,2025-10-28T02:40:00Z,player_rebounds,5.5,fanatics,2025-10-27T14:55:17Z,2025-10-27T14:54:51Z,-140.0,105.0
Deandre Ayton,Portland Trail Blazers @ Los Angeles Lakers,2025-10-28T02:40:00Z,player_rebounds,10.5,fanatics,2025-10-27T14:55:17Z,2025-10-27T14:54:51Z,-115.0,-115.0
Jake LaRavia,Portland Trail Blazers @ Los Angeles Lakers,2025-10-28T02:40:00Z,player_rebounds,5.5,fanatics,2025-10-27T14:55:17Z,2025-10-27T14:54:51Z,115.0,-150.0
Toumani Camara,Portland Trail Blazers @ Los Angeles Lakers,2025-10-28T02:40:00Z,player_rebounds,5.5,fanatics,2025-10-27T14:55:17Z,2025-10-27T14:54:51Z,100.0,-130.0
Donovan Clingan,Portland Trail Blazers @ Los Angeles Lakers,2025-10-28T02:40:00Z,player_rebounds,8.5,fanatics,2025-10-27T14:55:17Z,2025-10-27T14:54:51Z,-130.0,-105.0
Jrue Holiday,Portland Trail Blazers @ Los Angeles Lakers,2025-10-28T02:40:00Z,player_rebounds,4.5,fanatics,2025-10-27T14:55:17Z,2025-10-27T14:54:51Z,-115.0,-115.0
Shaedon Sharpe,Portland Trail Blazers @ Los Angeles Lakers,2025-10-28T02:40:00Z,player_rebounds,3.5,fanatics,2025-10-27T14:55:17Z,2025-10-27T14:54:51Z,-150.0,115.0
Deni Avdija,Portland Trail Blazers @ Los Angeles Lakers,2025-10-28T02:40:00Z,player_rebounds,6.5,fanatics,2025-10-27T14:55:17Z,2025-10-27T14:54:51Z,-125.0,-105.0
Jerami Grant,Portland Trail Blazers @ Los Angeles Lakers,2025-10-28T02:40:00Z,player_rebounds,2.5,fanatics,2025-10-27T14:55:17Z,2025-10-27T14:54:51Z,-150.0,115.0
Marcus Smart,Portland Trail Blazers @ Los Angeles Lakers,2025-10-28T02:40:00Z,player_threes,1.5,fanatics,2025-10-27T14:55:17Z,2025-10-27T14:54:51Z,115.0,-145.0
Austin Reaves,Portland Trail Blazers @ Los Angeles Lakers,2025-10-28T02:40:00Z,player_threes,3.5,fanatics,2025-10-27T14:55:17Z,2025-10-27T14:54:51Z,115.0,-150.0
Rui Hachimura,Portland Trail Blazers @ Los Angeles Lakers,2025-10-28T02:40:00Z,player_threes,1.5,fanatics,2025-10-27T14:55:17Z,2025-10-27T14:54:51Z,-165.0,120.0
Jake LaRavia,Portland Trail Blazers @ Los Angeles Lakers,2025-10-28T02:40:00Z,player_threes,1.5,fanatics,2025-10-27T14:55:17Z,2025-10-27T14:54:51Z,125.0,-175.0
Toumani Camara,Portland Trail Blazers @ Los Angeles Lakers,2025-10-28T02:40:00Z,player_threes,1.5,fanatics,2025-10-27T14:55:17Z,2025-10-27T14:54:51Z,-130.0,100.0
Deni Avdija,Portland Trail Blazers @ Los Angeles Lakers,2025-10-28T02:40:00Z,player_threes,2.5,fanatics,2025-10-27T14:55:17Z,2025-10-27T14:54:51Z,130.0,-190.0
Jerami Grant,Portland Trail Blazers @ Los Angeles Lakers,2025-10-28T02:40:00Z,player_threes,2.5,fanatics,2025-10-27T14:55:17Z,2025-10-27T14:54:51Z,125.0,-175.0
Shaedon Sharpe,Portland Trail Blazers @ Los Angeles Lakers,2025-10-28T02:40:00Z,player_threes,2.5,fanatics,2025-10-27T14:55:17Z,2025-10-27T14:54:51Z,120.0,-165.0
Donovan Clingan,Portland Trail Blazers @ Los Angeles Lakers,2025-10-28T02:40:00Z,player_threes,0.5,fanatics,2025-10-27T14:55:17Z,2025-10-27T14:54:51Z,115.0,-150.0
Jrue Holiday,Portland Trail Blazers @ Los Angeles Lakers,2025-10-28T02:40:00Z,player_threes,1.5,fanatics,2025-10-27T14:55:17Z,2025-10-27T14:54:51Z,-150.0,115.0
Austin Reaves,Portland Trail Blazers @ Los Angeles Lakers,2025-10-28T02:40:00Z,player_triple_double,,fanatics,2025-10-27T14:55:17Z,2025-10-27T14:54:51Z,,
Austin Reaves,Portland Trail Blazers @ Los Angeles Lakers,2025-10-28T02:40:00Z,player_assists,8.5,betmgm,2025-10-27T14:55:29Z,2025-10-27T14:55:51Z,100.0,-135.0
Jerami Grant,Portland Trail Blazers @ Los Angeles Lakers,2025-10-28T02:40:00Z,player_assists,1.5,betmgm,2025-10-27T14:55:29Z,2025-10-27T14:55:51Z,-135.0,100.0
Rui Hachimura,Portland Trail Blazers @ Los Angeles Lakers,2025-10-28T02:40:00Z,player_assists,1.5,betmgm,2025-10-27T14:55:29Z,2025-10-27T14:55:51Z,-150.0,110.0
Donovan Clingan,Portland Trail Blazers @ Los Angeles Lakers,2025-10-28T02:40:00Z,player_assists,1.5,betmgm,2025-10-27T14:55:29Z,2025-10-27T14:55:51Z,-110.0,-120.0
Deni Avdija,Portland Trail Blazers @ Los Angeles Lakers,2025-10-28T02:40:00Z,player_assists,4.5,betmgm,2025-10-27T14:55:29Z,2025-10-27T14:55:51Z,100.0,-130.0
Deandre Ayton,Portland Trail Blazers @ Los Angeles Lakers,2025-10-28T02:40:00Z,player_assists,1.5,betmgm,2025-10-27T14:55:29Z,2025-10-27T14:55:51Z,-145.0,105.0
Shaedon Sharpe,Portland Trail Blazers @ Los Angeles Lakers,2025-10-28T02:40:00Z,player_assists,2.5,betmgm,2025-10-27T14:55:29Z,2025-10-27T14:55:51Z,-118.0,-110.0
Jake LaRavia,Portland Trail Blazers @ Los Angeles Lakers,2025-10-28T02:40:00Z,player_assists,3.5,betmgm,2025-10-27T14:55:29Z,2025-10-27T14:55:51Z,175.0,-235.0
Toumani Camara,Portland Trail Blazers @ Los Angeles Lakers,2025-10-28T02:40:00Z,player_assists,2.5,betmgm,2025-10-27T14:55:29Z,2025-10-27T14:55:51Z,-125.0,-105.0
Jrue Holiday,Portland Trail Blazers @ Los Angeles Lakers,2025-10-28T02:40:00Z,player_assists,6.5,betmgm,2025-10-27T14:55:29Z,2025-10-27T14:55:51Z,105.0,-145.0
Marcus Smart,Portland Trail Blazers @ Los Angeles Lakers,2025-10-28T02:40:00Z,player_assists,3.5,betmgm,2025-10-27T14:55:29Z,2025-10-27T14:55:51Z,-115.0,-115.0
Austin Reaves,Portland Trail Blazers @ Los Angeles Lakers,2025-10-28T02:40:00Z,player_blocks,0.5,betmgm,2025-10-27T14:55:29Z,2025-10-27T14:55:51Z,195.0,-285.0
Rui Hachimura,Portland Trail Blazers @ Los Angeles Lakers,2025-10-28T02:40:00Z,player_blocks,0.5,betmgm,2025-10-27T14:55:29Z,2025-10-27T14:55:51Z,155.0,-220.0
Donovan Clingan,Portland Trail Blazers @ Los Angeles Lakers,2025-10-28T02:40:00Z,player_blocks,1.5,betmgm,2025-10-27T14:55:29Z,2025-10-27T14:55:51Z,-135.0,-105.0
Deni Avdija,Portland Trail Blazers @ Los Angeles Lakers,2025-10-28T02:40:00Z,player_blocks,0.5,betmgm,2025-10-27T14:55:29Z,2025-10-27T14:55:51Z,190.0,-275.0
Deandre Ayton,Portland Trail Blazers @ Los Angeles Lakers,2025-10-28T02:40:00Z,player_blocks,0.5,betmgm,2025-10-27T14:55:29Z,2025-10-27T14:55:51Z,-250.0,180.0
Shaedon Sharpe,Portland Trail Blazers @ Los Angeles Lakers,2025-10-28T02:40:00Z,player_blocks,0.5,betmgm,2025-10-27T14:55:29Z,2025-10-27T14:55:51Z,400.0,-700.0
Jrue Holiday,Portland Trail Blazers @ Los Angeles Lakers,2025-10-28T02:40:00Z,player_blocks,0.5,betmgm,2025-10-27T14:55:29Z,2025-10-27T14:55:51Z,270.0,-400.0
Jake LaRavia,Portland Trail Blazers @ Los Angeles Lakers,2025-10-28T02:40:00Z,player_blocks,0.5,betmgm,2025-10-27T14:55:29Z,2025-10-27T14:55:51Z,155.0,-220.0
Toumani Camara,Portland Trail Blazers @ Los Angeles Lakers,2025-10-28T02:40:00Z,player_blocks,0.5,betmgm,2025-10-27T14:55:29Z,2025-10-27T14:55:51Z,125.0,-175.0
Marcus Smart,Portland Trail Blazers @ Los Angeles Lakers,2025-10-28T02:40:00Z,player_blocks,0.5,betmgm,2025-10-27T14:55:29Z,2025-10-27T14:55:51Z,275.0,-450.0
Austin Reaves,Portland Trail Blazers @ Los Angeles Lakers,2025-10-28T02:40:00Z,player_double_double,,betmgm,2025-10-27T14:55:29Z,2025-10-27T14:55:51Z,,
Rui Hachimura,Portland Trail Blazers @ Los Angeles Lakers,2025-10-28T02:40:00Z,player_double_double,,betmgm,2025-10-27T14:55:29Z,2025-10-27T14:55:51Z,,
Donovan Clingan,Portland Trail Blazers @ Los Angeles Lakers,2025-10-28T02:40:00Z,player_double_double,,betmgm,2025-10-27T14:55:29Z,2025-10-27T14:55:51Z,,
Deni Avdija,Portland Trail Blazers @ Los Angeles Lakers,2025-10-28T02:40:00Z,player_double_double,,betmgm,2025-10-27T14:55:29Z,2025-10-27T14:55:51Z,,
Deandre Ayton,Portland Trail Blazers @ Los Angeles Lakers,2025-10-28T02:40:00Z,player_double_double,,betmgm,2025-10-27T14:55:29Z,2025-10-27T14:55:51Z,,
Shaedon Sharpe,Portland Trail Blazers @ Los Angeles Lakers,2025-10-28T02:40:00Z,player_double_double,,betmgm,2025-10-27T14:55:29Z,2025-10-27T14:55:51Z,,
Jrue Holiday,Portland Trail Blazers @ Los Angeles Lakers,2025-10-28T02:40:00Z,player_double_double,,betmgm,2025-10-27T14:55:29Z,2025-10-27T14:55:51Z,,
Jake LaRavia,Portland Trail Blazers @ Los Angeles Lakers,2025-10-28T02:40:00Z,player_double_double,,betmgm,2025-10-27T14:55:29Z,2025-10-27T14:55:51Z,,
Toumani Camara,Portland Trail Blazers @ Los Angeles Lakers,2025-10-28T02:40:00Z,player_double_double,,betmgm,2025-10-27T14:55:29Z,2025-10-27T14:55:51Z,,
Marcus Smart,Portland Trail Blazers @ Los Angeles Lakers,2025-10-28T02:40:00Z,player_double_double,,betmgm,2025-10-27T14:55:29Z,2025-10-27T14:55:51Z,,
Austin Reaves,Portland Trail Blazers @ Los Angeles Lakers,2025-10-28T02:40:00Z,player_points,28.5,betmgm,2025-10-27T14:55:29Z,2025-10-27T14:55:51Z,-118.0,-115.0
Jerami Grant,Portland Trail Blazers @ Los Angeles Lakers,2025-10-28T02:40:00Z,player_points,15.5,betmgm,2025-10-27T14:55:29Z,2025-10-27T14:55:51Z,-110.0,-120.0
Rui Hachimura,Portland Trail Blazers @ Los Angeles Lakers,2025-10-28T02:40:00Z,player_points,15.5,betmgm,2025-10-27T14:55:29Z,2025-10-27T14:55:51Z,-105.0,-125.0
Donovan Clingan,Portland Trail Blazers @ Los Angeles Lakers,2025-10-28T02:40:00Z,player_points,8.5,betmgm,2025-10-27T14:55:29Z,2025-10-27T14:55:51Z,-115.0,-115.0
Deni Avdija,Portland Trail Blazers @ Los Angeles Lakers,2025-10-28T02:40:00Z,player_points,21.5,betmgm,2025-10-27T14:55:29Z,2025-10-27T14:55:51Z,-105.0,-125.0
Deandre Ayton,Portland Trail Blazers @ Los Angeles Lakers,2025-10-28T02:40:00Z,player_points,16.5,betmgm,2025-10-27T14:55:29Z,2025-10-27T14:55:51Z,-130.0,-105.0
Shaedon Sharpe,Portland Trail Blazers @ Los Angeles Lakers,2025-10-28T02:40:00Z,player_points,20.5,betmgm,2025-10-27T14:55:29Z,2025-10-27T14:55:51Z,-135.0,100.0
Jake LaRavia,Portland Trail Blazers @ Los Angeles Lakers,2025-10-28T02:40:00Z,player_points,10.5,betmgm,2025-10-27T14:55:29Z,2025-10-27T14:55:51Z,-120.0,-110.0
Toumani Camara,Portland Trail Blazers @ Los Angeles Lakers,2025-10-28T02:40:00Z,player_points,11.5,betmgm,2025-10-27T14:55:29Z,2025-10-27T14:55:51Z,-125.0,-105.0
Marcus Smart,Portland Trail Blazers @ Los Angeles Lakers,2025-10-28T02:40:00Z,player_points,10.5,betmgm,2025-10-27T14:55:29Z,2025-10-27T14:55:51Z,100.0,-135.0
Jrue Holiday,Portland Trail Blazers @ Los Angeles Lakers,2025-10-28T02:40:00Z,player_points,13.5,betmgm,2025-10-27T14:55:29Z,2025-10-27T14:55:51Z,-105.0,-130.0
Austin Reaves,Portland Trail Blazers @ Los Angeles Lakers,2025-10-28T02:40:00Z,player_points_rebounds_assists,43.5,betmgm,2025-10-27T14:55:29Z,2025-10-27T14:55:51Z,-105.0,-130.0
Jerami Grant,Portland Trail Blazers @ Los Angeles Lakers,2025-10-28T02:40:00Z,player_points_rebounds_assists,20.5,betmgm,2025-10-27T14:55:29Z,2025-10-27T14:55:51Z,-110.0,-120.0
Donovan Clingan,Portland Trail Blazers @ Los Angeles Lakers,2025-10-28T02:40:00Z,player_points_rebounds_assists,19.5,betmgm,2025-10-27T14:55:29Z,2025-10-27T14:55:51Z,-105.0,-130.0
Deandre Ayton,Portland Trail Blazers @ Los Angeles Lakers,2025-10-28T02:40:00Z,player_points_rebounds_assists,29.5,betmgm,2025-10-27T14:55:29Z,2025-10-27T14:55:51Z,-115.0,-115.0
Shaedon Sharpe,Portland Trail Blazers @ Los Angeles Lakers,2025-10-28T02:40:00Z,player_points_rebounds_assists,27.5,betmgm,2025-10-27T14:55:29Z,2025-10-27T14:55:51Z,-135.0,100.0
Jake LaRavia,Portland Trail Blazers @ Los Angeles Lakers,2025-10-28T02:40:00Z,player_points_rebounds_assists,19.5,betmgm,2025-10-27T14:55:29Z,2025-10-27T14:55:51Z,-105.0,-125.0
Toumani Camara,Portland Trail Blazers @ Los Angeles Lakers,2025-10-28T02:40:00Z,player_points_rebounds_assists,19.5,betmgm,2025-10-27T14:55:29Z,2025-10-27T14:55:51Z,-120.0,-110.0
Rui Hachimura,Portland Trail Blazers @ Los Angeles Lakers,2025-10-28T02:40:00Z,player_points_rebounds_assists,22.5,betmgm,2025-10-27T14:55:29Z,2025-10-27T14:55:51Z,100.0,-135.0
Deni Avdija,Portland Trail Blazers @ Los Angeles Lakers,2025-10-28T02:40:00Z,player_points_rebounds_assists,32.5,betmgm,2025-10-27T14:55:29Z,2025-10-27T14:55:51Z,-125.0,-105.0
Jrue Holiday,Portland Trail Blazers @ Los Angeles Lakers,2025-10-28T02:40:00Z,player_points_rebounds_assists,23.5,betmgm,2025-10-27T14:55:29Z,2025-10-27T14:55:51Z,-120.0,-110.0
Marcus Smart,Portland Trail Blazers @ Los Angeles Lakers,2025-10-28T02:40:00Z,player_points_rebounds_assists,16.5,betmgm,2025-10-27T14:55:29Z,2025-10-27T14:55:51Z,-110.0,-120.0
Austin Reaves,Portland Trail Blazers @ Los Angeles Lakers,2025-10-28T02:40:00Z,player_rebounds,5.5,betmgm,2025-10-27T14:55:29Z,2025-10-27T14:55:51Z,-140.0,105.0
Jerami Grant,Portland Trail Blazers @ Los Angeles Lakers,2025-10-28T02:40:00Z,player_rebounds,2.5,betmgm,2025-10-27T14:55:29Z,2025-10-27T14:55:51Z,-155.0,115.0
Rui Hachimura,Portland Trail Blazers @ Los Angeles Lakers,2025-10-28T02:40:00Z,player_rebounds,4.5,betmgm,2025-10-27T14:55:29Z,2025-10-27T14:55:51Z,-135.0,100.0
Donovan Clingan,Portland Trail Blazers @ Los Angeles Lakers,2025-10-28T02:40:00Z,player_rebounds,8.5,betmgm,2025-10-27T14:55:29Z,2025-10-27T14:55:51Z,-118.0,-110.0
Deni Avdija,Portland Trail Blazers @ Los Angeles Lakers,2025-10-28T02:40:00Z,player_rebounds,6.5,betmgm,2025-10-27T14:55:29Z,2025-10-27T14:55:51Z,-140.0,105.0
Deandre Ayton,Portland Trail Blazers @ Los Angeles Lakers,2025-10-28T02:40:00Z,player_rebounds,10.5,betmgm,2025-10-27T14:55:29Z,2025-10-27T14:55:51Z,-110.0,-118.0
Shaedon Sharpe,Portland Trail Blazers @ Los Angeles Lakers,2025-10-28T02:40:00Z,player_rebounds,4.5,betmgm,2025-10-27T14:55:29Z,2025-10-27T14:55:51Z,105.0,-140.0
Jrue Holiday,Portland Trail Blazers @ Los Angeles Lakers,2025-10-28T02:40:00Z,player_rebounds,3.5,betmgm,2025-10-27T14:55:29Z,2025-10-27T14:55:51Z,-190.0,145.0
Jake LaRavia,Portland Trail Blazers @ Los Angeles Lakers,2025-10-28T02:40:00Z,player_rebounds,4.5,betmgm,2025-10-27T14:55:29Z,2025-10-27T14:55:51Z,-140.0,105.0
Marcus Smart,Portland Trail Blazers @ Los Angeles Lakers,2025-10-28T02:40:00Z,player_rebounds,2.5,betmgm,2025-10-27T14:55:29Z,2025-10-27T14:55:51Z,105.0,-140.0
Toumani Camara,Portland Trail Blazers @ Los Angeles Lakers,2025-10-28T02:40:00Z,player_rebounds,5.5,betmgm,2025-10-27T14:55:29Z,2025-10-27T14:55:51Z,120.0,-160.0
Austin Reaves,Portland Trail Blazers @ Los Angeles Lakers,2025-10-28T02:40:00Z,player_threes,3.5,betmgm,2025-10-27T14:55:29Z,2025-10-27T14:55:51Z,125.0,-165.0
Jerami Grant,Portland Trail Blazers @ Los Angeles Lakers,2025-10-28T02:40:00Z,player_threes,1.5,betmgm,2025-10-27T14:55:29Z,2025-10-27T14:55:51Z,-190.0,140.0
Rui Hachimura,Portland Trail Blazers @ Los Angeles Lakers,2025-10-28T02:40:00Z,player_threes,1.5,betmgm,2025-10-27T14:55:29Z,2025-10-27T14:55:51Z,-135.0,100.0
Donovan Clingan,Portland Trail Blazers @ Los Angeles Lakers,2025-10-28T02:40:00Z,player_threes,0.5,betmgm,2025-10-27T14:55:29Z,2025-10-27T14:55:51Z,115.0,-150.0
Shaedon Sharpe,Portland Trail Blazers @ Los Angeles Lakers,2025-10-28T02:40:00Z,player_threes,2.5,betmgm,2025-10-27T14:55:29Z,2025-10-27T14:55:51Z,105.0,-145.0
Jrue Holiday,Portland Trail Blazers @ Los Angeles Lakers,2025-10-28T02:40:00Z,player_threes,1.5,betmgm,2025-10-27T14:55:29Z,2025-10-27T14:55:51Z,-155.0,115.0
Jake LaRavia,Portland Trail Blazers @ Los Angeles Lakers,2025-10-28T02:40:00Z,player_threes,1.5,betmgm,2025-10-27T14:55:29Z,2025-10-27T14:55:51Z,120.0,-160.0
Toumani Camara,Portland Trail Blazers @ Los Angeles Lakers,2025-10-28T02:40:00Z,player_threes,1.5,betmgm,2025-10-27T14:55:29Z,2025-10-27T14:55:51Z,-155.0,115.0
Marcus Smart,Portland Trail Blazers @ Los Angeles Lakers,2025-10-28T02:40:00Z,player_threes,1.5,betmgm,2025-10-27T14:55:29Z,2025-10-27T14:55:51Z,105.0,-145.0
Deni Avdija,Portland Trail Blazers @ Los Angeles Lakers,2025-10-28T02:40:00Z,player_threes,1.5,betmgm,2025-10-27T14:55:29Z,2025-10-27T14:55:51Z,-200.0,145.0
Austin Reaves,Portland Trail Blazers @ Los Angeles Lakers,2025-10-28T02:40:00Z,player_triple_double,,betmgm,2025-10-27T14:55:29Z,2025-10-27T14:55:51Z,,
Deni Avdija,Portland Trail Blazers @ Los Angeles Lakers,2025-10-28T02:40:00Z,player_triple_double,,betmgm,2025-10-27T14:55:29Z,2025-10-27T14:55:51Z,,
Deni Avdija,Portland Trail Blazers @ Los Angeles Lakers,2025-10-28T02:40:00Z,player_assists,4.5,williamhill_us,2025-10-27T14:54:59Z,2025-10-27T14:55:26Z,-103.0,-132.0
Austin Reaves,Portland Trail Blazers @ Los Angeles Lakers,2025-10-28T02:40:00Z,player_assists,8.5,williamhill_us,2025-10-27T14:54:59Z,2025-10-27T14:55:26Z,105.0,-141.0
Toumani Camara,Portland Trail Blazers @ Los Angeles Lakers,2025-10-28T02:40:00Z,player_assists,2.5,williamhill_us,2025-10-27T14:54:59Z,2025-10-27T14:55:26Z,-132.0,-103.0
Jake LaRavia,Portland Trail Blazers @ Los Angeles Lakers,2025-10-28T02:40:00Z,player_assists,2.5,williamhill_us,2025-10-27T14:54:59Z,2025-10-27T14:55:26Z,-170.0,125.0
Jrue Holiday,Portland Trail Blazers @ Los Angeles Lakers,2025-10-28T02:40:00Z,player_assists,5.5,williamhill_us,2025-10-27T14:54:59Z,2025-10-27T14:55:26Z,-150.0,110.0
Marcus Smart,Portland Trail Blazers @ Los Angeles Lakers,2025-10-28T02:40:00Z,player_assists,3.5,williamhill_us,2025-10-27T14:54:59Z,2025-10-27T14:55:26Z,-122.0,-110.0
Deandre Ayton,Portland Trail Blazers @ Los Angeles Lakers,2025-10-28T02:40:00Z,player_double_double,,williamhill_us,2025-10-27T14:54:59Z,2025-10-27T14:55:26Z,,
Austin Reaves,Portland Trail Blazers @ Los Angeles Lakers,2025-10-28T02:40:00Z,player_double_double,,williamhill_us,2025-10-27T14:54:59Z,2025-10-27T14:55:26Z,,
Donovan Clingan,Portland Trail Blazers @ Los Angeles Lakers,2025-10-28T02:40:00Z,player_double_double,,williamhill_us,2025-10-27T14:54:59Z,2025-10-27T14:55:26Z,,
Deni Avdija,Portland Trail Blazers @ Los Angeles Lakers,2025-10-28T02:40:00Z,player_double_double,,williamhill_us,2025-10-27T14:54:59Z,2025-10-27T14:55:26Z,,
Jrue Holiday,Portland Trail Blazers @ Los Angeles Lakers,2025-10-28T02:40:00Z,player_double_double,,williamhill_us,2025-10-27T14:54:59Z,2025-10-27T14:55:26Z,,
Toumani Camara,Portland Trail Blazers @ Los Angeles Lakers,2025-10-28T02:40:00Z,player_double_double,,williamhill_us,2025-10-27T14:54:59Z,2025-10-27T14:55:26Z,,
Jake LaRavia,Portland Trail Blazers @ Los Angeles Lakers,2025-10-28T02:40:00Z,player_double_double,,williamhill_us,2025-10-27T14:54:59Z,2025-10-27T14:55:26Z,,
Rui Hachimura,Portland Trail Blazers @ Los Angeles Lakers,2025-10-28T02:40:00Z,player_double_double,,williamhill_us,2025-10-27T14:54:59Z,2025-10-27T14:55:26Z,,
Deandre Ayton,Portland Trail Blazers @ Los Angeles Lakers,2025-10-28T02:40:00Z,player_points,16.5,williamhill_us,2025-10-27T14:54:59Z,2025-10-27T14:55:26Z,-130.0,-104.0
Toumani Camara,Portland Trail Blazers @ Los Angeles Lakers,2025-10-28T02:40:00Z,player_points,11.5,williamhill_us,2025-10-27T14:54:59Z,2025-10-27T14:55:26Z,-113.0,-120.0
Jerami Grant,Portland Trail Blazers @ Los Angeles Lakers,2025-10-28T02:40:00Z,player_points,15.5,williamhill_us,2025-10-27T14:54:59Z,2025-10-27T14:55:26Z,-106.0,-129.0
Austin Reaves,Portland Trail Blazers @ Los Angeles Lakers,2025-10-28T02:40:00Z,player_points,28.5,williamhill_us,2025-10-27T14:54:59Z,2025-10-27T14:55:26Z,-121.0,-112.0
Donovan Clingan,Portland Trail Blazers @ Los Angeles Lakers,2025-10-28T02:40:00Z,player_points,9.5,williamhill_us,2025-10-27T14:54:59Z,2025-10-27T14:55:26Z,-103.0,-132.0
Rui Hachimura,Portland Trail Blazers @ Los Angeles Lakers,2025-10-28T02:40:00Z,player_points,15.5,williamhill_us,2025-10-27T14:54:59Z,2025-10-27T14:55:26Z,-120.0,-113.0
Shaedon Sharpe,Portland Trail Blazers @ Los Angeles Lakers,2025-10-28T02:40:00Z,player_points,21.5,williamhill_us,2025-10-27T14:54:59Z,2025-10-27T14:55:26Z,-120.0,-113.0
Deni Avdija,Portland Trail Blazers @ Los Angeles Lakers,2025-10-28T02:40:00Z,player_points,20.5,williamhill_us,2025-10-27T14:54:59Z,2025-10-27T14:55:26Z,-114.0,-118.0
Jrue Holiday,Portland Trail Blazers @ Los Angeles Lakers,2025-10-28T02:40:00Z,player_points,13.5,williamhill_us,2025-10-27T14:54:59Z,2025-10-27T14:55:26Z,-112.0,-120.0
Marcus Smart,Portland Trail Blazers @ Los Angeles Lakers,2025-10-28T02:40:00Z,player_points,10.5,williamhill_us,2025-10-27T14:54:59Z,2025-10-27T14:55:26Z,-109.0,-124.0
Jake LaRavia,Portland Trail Blazers @ Los Angeles Lakers,2025-10-28T02:40:00Z,player_points,10.5,williamhill_us,2025-10-27T14:54:59Z,2025-10-27T14:55:26Z,-130.0,-105.0
Jarred Vanderbilt,Portland Trail Blazers @ Los Angeles Lakers,2025-10-28T02:40:00Z,player_rebounds,5.5,williamhill_us,2025-10-27T14:54:59Z,2025-10-27T14:55:26Z,-154.0,110.0
Rui Hachimura,Portland Trail Blazers @ Los Angeles Lakers,2025-10-28T02:40:00Z,player_rebounds,4.5,williamhill_us,2025-10-27T14:54:59Z,2025-10-27T14:55:26Z,-137.0,100.0
Deni Avdija,Portland Trail Blazers @ Los Angeles Lakers,2025-10-28T02:40:00Z,player_rebounds,6.5,williamhill_us,2025-10-27T14:54:59Z,2025-10-27T14:55:26Z,-129.0,-105.0
Donovan Clingan,Portland Trail Blazers @ Los Angeles Lakers,2025-10-28T02:40:00Z,player_rebounds,8.5,williamhill_us,2025-10-27T14:54:59Z,2025-10-27T14:55:26Z,-130.0,-104.0
Deandre Ayton,Portland Trail Blazers @ Los Angeles Lakers,2025-10-28T02:40:00Z,player_rebounds,10.5,williamhill_us,2025-10-27T14:54:59Z,2025-10-27T14:55:26Z,-117.0,-117.0
Austin Reaves,Portland Trail Blazers @ Los Angeles Lakers,2025-10-28T02:40:00Z,player_rebounds,5.5,williamhill_us,2025-10-27T14:54:59Z,2025-10-27T14:55:26Z,-137.0,100.0
Shaedon Sharpe,Portland Trail Blazers @ Los Angeles Lakers,2025-10-28T02:40:00Z,player_rebounds,3.5,williamhill_us,2025-10-27T14:54:59Z,2025-10-27T14:55:26Z,-157.0,115.0
Jrue Holiday,Portland Trail Blazers @ Los Angeles Lakers,2025-10-28T02:40:00Z,player_rebounds,4.5,williamhill_us,2025-10-27T14:54:59Z,2025-10-27T14:55:26Z,-124.0,-109.0
Jake LaRavia,Portland Trail Blazers @ Los Angeles Lakers,2025-10-28T02:40:00Z,player_rebounds,5.5,williamhill_us,2025-10-27T14:54:59Z,2025-10-27T14:55:26Z,110.0,-150.0
Toumani Camara,Portland Trail Blazers @ Los Angeles Lakers,2025-10-28T02:40:00Z,player_rebounds,5.5,williamhill_us,2025-10-27T14:54:59Z,2025-10-27T14:55:26Z,-102.0,-132.0
Marcus Smart,Portland Trail Blazers @ Los Angeles Lakers,2025-10-28T02:40:00Z,player_threes,1.5,williamhill_us,2025-10-27T14:54:59Z,2025-10-27T14:55:26Z,105.0,-143.0
Austin Reaves,Portland Trail Blazers @ Los Angeles Lakers,2025-10-28T02:40:00Z,player_threes,3.5,williamhill_us,2025-10-27T14:54:59Z,2025-10-27T14:55:26Z,110.0,-154.0
Shaedon Sharpe,Portland Trail Blazers @ Los Angeles Lakers,2025-10-28T02:40:00Z,player_threes,2.5,williamhill_us,2025-10-27T14:54:59Z,2025-10-27T14:55:26Z,115.0,-159.0
Jerami Grant,Portland Trail Blazers @ Los Angeles Lakers,2025-10-28T02:40:00Z,player_threes,2.5,williamhill_us,2025-10-27T14:54:59Z,2025-10-27T14:55:26Z,135.0,-190.0
Deni Avdija,Portland Trail Blazers @ Los Angeles Lakers,2025-10-28T02:40:00Z,player_threes,2.5,williamhill_us,2025-10-27T14:54:59Z,2025-10-27T14:55:26Z,135.0,-190.0
Jake LaRavia,Portland Trail Blazers @ Los Angeles Lakers,2025-10-28T02:40:00Z,player_threes,1.5,williamhill_us,2025-10-27T14:54:59Z,2025-10-27T14:55:26Z,120.0,-170.0
Toumani Camara,Portland Trail Blazers @ Los Angeles Lakers,2025-10-28T02:40:00Z,player_threes,1.5,williamhill_us,2025-10-27T14:54:59Z,2025-10-27T14:55:26Z,-143.0,105.0
Rui Hachimura,Portland Trail Blazers @ Los Angeles Lakers,2025-10-28T02:40:00Z,player_threes,1.5,williamhill_us,2025-10-27T14:54:59Z,2025-10-27T14:55:26Z,-154.0,110.0
Austin Reaves,Portland Trail Blazers @ Los Angeles Lakers,2025-10-28T02:40:00Z,player_triple_double,,williamhill_us,2025-10-27T14:54:59Z,2025-10-27T14:55:26Z,,
Austin Reaves,Portland Trail Blazers @ Los Angeles Lakers,2025-10-28T02:40:00Z,player_assists,8.5,draftkings,2025-10-27T14:54:53Z,2025-10-27T14:55:13Z,108.0,-141.0
Jrue Holiday,Portland Trail Blazers @ Los Angeles Lakers,2025-10-28T02:40:00Z,player_assists,5.5,draftkings,2025-10-27T14:54:53Z,2025-10-27T14:55:13Z,-148.0,114.0
Deni Avdija,Portland Trail Blazers @ Los Angeles Lakers,2025-10-28T02:40:00Z,player_assists,4.5,draftkings,2025-10-27T14:54:53Z,2025-10-27T14:55:13Z,-113.0,-115.0
Marcus Smart,Portland Trail Blazers @ Los Angeles Lakers,2025-10-28T02:40:00Z,player_assists,3.5,draftkings,2025-10-27T14:54:53Z,2025-10-27T14:55:13Z,-123.0,-106.0
Jake LaRavia,Portland Trail Blazers @ Los Angeles Lakers,2025-10-28T02:40:00Z,player_assists,2.5,draftkings,2025-10-27T14:54:53Z,2025-10-27T14:55:13Z,-167.0,129.0
Toumani Camara,Portland Trail Blazers @ Los Angeles Lakers,2025-10-28T02:40:00Z,player_assists,2.5,draftkings,2025-10-27T14:54:53Z,2025-10-27T14:55:13Z,-124.0,-105.0
Donovan Clingan,Portland Trail Blazers @ Los Angeles Lakers,2025-10-28T02:40:00Z,player_blocks,1.5,draftkings,2025-10-27T14:54:53Z,2025-10-27T14:55:13Z,-122.0,-109.0
Deandre Ayton,Portland Trail Blazers @ Los Angeles Lakers,2025-10-28T02:40:00Z,player_blocks,0.5,draftkings,2025-10-27T14:54:53Z,2025-10-27T14:55:13Z,-237.0,175.0
Toumani Camara,Portland Trail Blazers @ Los Angeles Lakers,2025-10-28T02:40:00Z,player_blocks,0.5,draftkings,2025-10-27T14:54:53Z,2025-10-27T14:55:13Z,124.0,-165.0
Deni Avdija,Portland Trail Blazers @ Los Angeles Lakers,2025-10-28T02:40:00Z,player_blocks,0.5,draftkings,2025-10-27T14:54:53Z,2025-10-27T14:55:13Z,193.0,-263.0
Deandre Ayton,Portland Trail Blazers @ Los Angeles Lakers,2025-10-28T02:40:00Z,player_double_double,,draftkings,2025-10-27T14:54:53Z,2025-10-27T14:55:13Z,,
Austin Reaves,Portland Trail Blazers @ Los Angeles Lakers,2025-10-28T02:40:00Z,player_double_double,,draftkings,2025-10-27T14:54:53Z,2025-10-27T14:55:13Z,,
Donovan Clingan,Portland Trail Blazers @ Los Angeles Lakers,2025-10-28T02:40:00Z,player_double_double,,draftkings,2025-10-27T14:54:53Z,2025-10-27T14:55:13Z,,
Deni Avdija,Portland Trail Blazers @ Los Angeles Lakers,2025-10-28T02:40:00Z,player_double_double,,draftkings,2025-10-27T14:54:53Z,2025-10-27T14:55:13Z,,
Jrue Holiday,Portland Trail Blazers @ Los Angeles Lakers,2025-10-28T02:40:00Z,player_double_double,,draftkings,2025-10-27T14:54:53Z,2025-10-27T14:55:13Z,,
Toumani Camara,Portland Trail Blazers @ Los Angeles Lakers,2025-10-28T02:40:00Z,player_double_double,,draftkings,2025-10-27T14:54:53Z,2025-10-27T14:55:13Z,,
Jake LaRavia,Portland Trail Blazers @ Los Angeles Lakers,2025-10-28T02:40:00Z,player_double_double,,draftkings,2025-10-27T14:54:53Z,2025-10-27T14:55:13Z,,
Rui Hachimura,Portland Trail Blazers @ Los Angeles Lakers,2025-10-28T02:40:00Z,player_double_double,,draftkings,2025-10-27T14:54:53Z,2025-10-27T14:55:13Z,,
Shaedon Sharpe,Portland Trail Blazers @ Los Angeles Lakers,2025-10-28T02:40:00Z,player_double_double,,draftkings,2025-10-27T14:54:53Z,2025-10-27T14:55:13Z,,
Austin Reaves,Portland Trail Blazers @ Los Angeles Lakers,2025-10-28T02:40:00Z,player_points,28.5,draftkings,2025-10-27T14:54:53Z,2025-10-27T14:55:13Z,-113.0,-113.0
Shaedon Sharpe,Portland Trail Blazers @ Los Angeles Lakers,2025-10-28T02:40:00Z,player_points,21.5,draftkings,2025-10-27T14:54:53Z,2025-10-27T14:55:13Z,-111.0,-115.0
Deni Avdija,Portland Trail Blazers @ Los Angeles Lakers,2025-10-28T02:40:00Z,player_points,20.5,draftkings,2025-10-27T14:54:53Z,2025-10-27T14:55:13Z,-106.0,-120.0
Deandre Ayton,Portland Trail Blazers @ Los Angeles Lakers,2025-10-28T02:40:00Z,player_points,16.5,draftkings,2025-10-27T14:54:53Z,2025-10-27T14:55:13Z,-127.0,100.0
Rui Hachimura,Portland Trail Blazers @ Los Angeles Lakers,2025-10-28T02:40:00Z,player_points,15.5,draftkings,2025-10-27T14:54:53Z,2025-10-27T14:55:13Z,-111.0,-115.0
Jerami Grant,Portland Trail Blazers @ Los Angeles Lakers,2025-10-28T02:40:00Z,player_points,14.5,draftkings,2025-10-27T14:54:53Z,2025-10-27T14:55:13Z,-125.0,-102.0
Jrue Holiday,Portland Trail Blazers @ Los Angeles Lakers,2025-10-28T02:40:00Z,player_points,13.5,draftkings,2025-10-27T14:54:53Z,2025-10-27T14:55:13Z,-103.0,-124.0
Toumani Camara,Portland Trail Blazers @ Los Angeles Lakers,2025-10-28T02:40:00Z,player_points,11.5,draftkings,2025-10-27T14:54:53Z,2025-10-27T14:55:13Z,-103.0,-124.0
Jake LaRavia,Portland Trail Blazers @ Los Angeles Lakers,2025-10-28T02:40:00Z,player_points,10.5,draftkings,2025-10-27T14:54:53Z,2025-10-27T14:55:13Z,-120.0,-107.0
Marcus Smart,Portland Trail Blazers @ Los Angeles Lakers,2025-10-28T02:40:00Z,player_points,10.5,draftkings,2025-10-27T14:54:53Z,2025-10-27T14:55:13Z,-115.0,-111.0
Donovan Clingan,Portland Trail Blazers @ Los Angeles Lakers,2025-10-28T02:40:00Z,player_points,9.5,draftkings,2025-10-27T14:54:53Z,2025-10-27T14:55:13Z,-106.0,-120.0
Austin Reaves,Portland Trail Blazers @ Los Angeles Lakers,2025-10-28T02:40:00Z,player_points_rebounds_assists,43.5,draftkings,2025-10-27T14:54:53Z,2025-10-27T14:55:13Z,-111.0,-117.0
Deni Avdija,Portland Trail Blazers @ Los Angeles Lakers,2025-10-28T02:40:00Z,player_points_rebounds_assists,31.5,draftkings,2025-10-27T14:54:53Z,2025-10-27T14:55:13Z,-118.0,-110.0
Jrue Holiday,Portland Trail Blazers @ Los Angeles Lakers,2025-10-28T02:40:00Z,player_points_rebounds_assists,24.5,draftkings,2025-10-27T14:54:53Z,2025-10-27T14:55:13Z,-103.0,-125.0
Toumani Camara,Portland Trail Blazers @ Los Angeles Lakers,2025-10-28T02:40:00Z,player_points_rebounds_assists,19.5,draftkings,2025-10-27T14:54:53Z,2025-10-27T14:55:13Z,-116.0,-112.0
Jake LaRavia,Portland Trail Blazers @ Los Angeles Lakers,2025-10-28T02:40:00Z,player_points_rebounds_assists,19.5,draftkings,2025-10-27T14:54:53Z,2025-10-27T14:55:13Z,-108.0,-120.0
Marcus Smart,Portland Trail Blazers @ Los Angeles Lakers,2025-10-28T02:40:00Z,player_points_rebounds_assists,17.5,draftkings,2025-10-27T14:54:53Z,2025-10-27T14:55:13Z,-117.0,-110.0
Deandre Ayton,Portland Trail Blazers @ Los Angeles Lakers,2025-10-28T02:40:00Z,player_rebounds,10.5,draftkings,2025-10-27T14:54:53Z,2025-10-27T14:55:13Z,-121.0,-107.0
Donovan Clingan,Portland Trail Blazers @ Los Angeles Lakers,2025-10-28T02:40:00Z,player_rebounds,9.5,draftkings,2025-10-27T14:54:53Z,2025-10-27T14:55:13Z,105.0,-137.0
Deni Avdija,Portland Trail Blazers @ Los Angeles Lakers,2025-10-28T02:40:00Z,player_rebounds,6.5,draftkings,2025-10-27T14:54:53Z,2025-10-27T14:55:13Z,-124.0,-105.0
Jarred Vanderbilt,Portland Trail Blazers @ Los Angeles Lakers,2025-10-28T02:40:00Z,player_rebounds,5.5,draftkings,2025-10-27T14:54:53Z,2025-10-27T14:55:13Z,-150.0,116.0
Austin Reaves,Portland Trail Blazers @ Los Angeles Lakers,2025-10-28T02:40:00Z,player_rebounds,5.5,draftkings,2025-10-27T14:54:53Z,2025-10-27T14:55:13Z,-143.0,111.0
Toumani Camara,Portland Trail Blazers @ Los Angeles Lakers,2025-10-28T02:40:00Z,player_rebounds,5.5,draftkings,2025-10-27T14:54:53Z,2025-10-27T14:55:13Z,-103.0,-125.0
Jake LaRavia,Portland Trail Blazers @ Los Angeles Lakers,2025-10-28T02:40:00Z,player_rebounds,5.5,draftkings,2025-10-27T14:54:53Z,2025-10-27T14:55:13Z,108.0,-140.0
Rui Hachimura,Portland Trail Blazers @ Los Angeles Lakers,2025-10-28T02:40:00Z,player_rebounds,4.5,draftkings,2025-10-27T14:54:53Z,2025-10-27T14:55:13Z,-128.0,-101.0
Jrue Holiday,Portland Trail Blazers @ Los Angeles Lakers,2025-10-28T02:40:00Z,player_rebounds,4.5,draftkings,2025-10-27T14:54:53Z,2025-10-27T14:55:13Z,-116.0,-111.0
Shaedon Sharpe,Portland Trail Blazers @ Los Angeles Lakers,2025-10-28T02:40:00Z,player_rebounds,3.5,draftkings,2025-10-27T14:54:53Z,2025-10-27T14:55:13Z,-147.0,113.0
Toumani Camara,Portland Trail Blazers @ Los Angeles Lakers,2025-10-28T02:40:00Z,player_steals,1.5,draftkings,2025-10-27T14:54:53Z,2025-10-27T14:55:13Z,119.0,-159.0
Jrue Holiday,Portland Trail Blazers @ Los Angeles Lakers,2025-10-28T02:40:00Z,player_steals,1.5,draftkings,2025-10-27T14:54:53Z,2025-10-27T14:55:13Z,159.0,-214.0
Austin Reaves,Portland Trail Blazers @ Los Angeles Lakers,2025-10-28T02:40:00Z,player_steals,0.5,draftkings,2025-10-27T14:54:53Z,2025-10-27T14:55:13Z,-244.0,180.0
Shaedon Sharpe,Portland Trail Blazers @ Los Angeles Lakers,2025-10-28T02:40:00Z,player_steals,0.5,draftkings,2025-10-27T14:54:53Z,2025-10-27T14:55:13Z,-223.0,165.0
Deni Avdija,Portland Trail Blazers @ Los Angeles Lakers,2025-10-28T02:40:00Z,player_steals,0.5,draftkings,2025-10-27T14:54:53Z,2025-10-27T14:55:13Z,-206.0,153.0
Deandre Ayton,Portland Trail Blazers @ Los Angeles Lakers,2025-10-28T02:40:00Z,player_steals,0.5,draftkings,2025-10-27T14:54:53Z,2025-10-27T14:55:13Z,-162.0,122.0
Austin Reaves,Portland Trail Blazers @ Los Angeles Lakers,2025-10-28T02:40:00Z,player_threes,3.5,draftkings,2025-10-27T14:54:53Z,2025-10-27T14:52:56Z,112.0,-145.0
Deni Avdija,Portland Trail Blazers @ Los Angeles Lakers,2025-10-28T02:40:00Z,player_threes,2.5,draftkings,2025-10-27T14:54:53Z,2025-10-27T14:52:56Z,130.0,-170.0
Shaedon Sharpe,Portland Trail Blazers @ Los Angeles Lakers,2025-10-28T02:40:00Z,player_threes,2.5,draftkings,2025-10-27T14:54:53Z,2025-10-27T14:52:56Z,130.0,-169.0
Jerami Grant,Portland Trail Blazers @ Los Angeles Lakers,2025-10-28T02:40:00Z,player_threes,2.5,draftkings,2025-10-27T14:54:53Z,2025-10-27T14:52:56Z,135.0,-176.0
Rui Hachimura,Portland Trail Blazers @ Los Angeles Lakers,2025-10-28T02:40:00Z,player_threes,1.5,draftkings,2025-10-27T14:54:53Z,2025-10-27T14:52:56Z,-165.0,127.0
Toumani Camara,Portland Trail Blazers @ Los Angeles Lakers,2025-10-28T02:40:00Z,player_threes,1.5,draftkings,2025-10-27T14:54:53Z,2025-10-27T14:52:56Z,-140.0,108.0
Marcus Smart,Portland Trail Blazers @ Los Angeles Lakers,2025-10-28T02:40:00Z,player_threes,1.5,draftkings,2025-10-27T14:54:53Z,2025-10-27T14:52:56Z,108.0,-140.0
Jake LaRavia,Portland Trail Blazers @ Los Angeles Lakers,2025-10-28T02:40:00Z,player_threes,1.5,draftkings,2025-10-27T14:54:53Z,2025-10-27T14:52:56Z,126.0,-164.0
Austin Reaves,Portland Trail Blazers @ Los Angeles Lakers,2025-10-28T02:40:00Z,player_triple_double,,draftkings,2025-10-27T14:54:53Z,2025-10-27T14:55:13Z,,
Deni Avdija,Portland Trail Blazers @ Los Angeles Lakers,2025-10-28T02:40:00Z,player_triple_double,,draftkings,2025-10-27T14:54:53Z,2025-10-27T14:55:13Z,,
Jrue Holiday,Portland Trail Blazers @ Los Angeles Lakers,2025-10-28T02:40:00Z,player_triple_double,,draftkings,2025-10-27T14:54:53Z,2025-10-27T14:55:13Z,,
Austin Reaves,Portland Trail Blazers @ Los Angeles Lakers,2025-10-28T02:40:00Z,player_assists,6.5,bovada,2025-10-27T14:54:45Z,2025-10-27T14:55:23Z,-275.0,200.0
Austin Reaves,Portland Trail Blazers @ Los Angeles Lakers,2025-10-28T02:40:00Z,player_assists,8.5,bovada,2025-10-27T14:54:45Z,2025-10-27T14:55:23Z,120.0,-160.0
Austin Reaves,Portland Trail Blazers @ Los Angeles Lakers,2025-10-28T02:40:00Z,player_assists,9.5,bovada,2025-10-27T14:54:45Z,2025-10-27T14:55:23Z,200.0,-275.0
Deni Avdija,Portland Trail Blazers @ Los Angeles Lakers,2025-10-28T02:40:00Z,player_assists,3.5,bovada,2025-10-27T14:54:45Z,2025-10-27T14:55:23Z,-200.0,150.0
Deni Avdija,Portland Trail Blazers @ Los Angeles Lakers,2025-10-28T02:40:00Z,player_assists,4.5,bovada,2025-10-27T14:54:45Z,2025-10-27T14:55:23Z,110.0,-145.0
Jake LaRavia,Portland Trail Blazers @ Los Angeles Lakers,2025-10-28T02:40:00Z,player_assists,3.5,bovada,2025-10-27T14:54:45Z,2025-10-27T14:55:23Z,140.0,-185.0
Jrue Holiday,Portland Trail Blazers @ Los Angeles Lakers,2025-10-28T02:40:00Z,player_assists,5.5,bovada,2025-10-27T14:54:45Z,2025-10-27T14:55:23Z,-145.0,110.0
Jrue Holiday,Portland Trail Blazers @ Los Angeles Lakers,2025-10-28T02:40:00Z,player_assists,6.5,bovada,2025-10-27T14:54:45Z,2025-10-27T14:55:23Z,125.0,-165.0
Marcus Smart,Portland Trail Blazers @ Los Angeles Lakers,2025-10-28T02:40:00Z,player_assists,4.5,bovada,2025-10-27T14:54:45Z,2025-10-27T14:55:23Z,155.0,-210.0
Toumani Camara,Portland Trail Blazers @ Los Angeles Lakers,2025-10-28T02:40:00Z,player_assists,2.5,bovada,2025-10-27T14:54:45Z,2025-10-27T14:55:23Z,-135.0,105.0
Toumani Camara,Portland Trail Blazers @ Los Angeles Lakers,2025-10-28T02:40:00Z,player_assists,3.5,bovada,2025-10-27T14:54:45Z,2025-10-27T14:55:23Z,175.0,-240.0
Deandre Ayton,Portland Trail Blazers @ Los Angeles Lakers,2025-10-28T02:40:00Z,player_double_double,,bovada,2025-10-27T14:54:45Z,2025-10-27T14:55:23Z,,
Austin Reaves,Portland Trail Blazers @ Los Angeles Lakers,2025-10-28T02:40:00Z,player_double_double,,bovada,2025-10-27T14:54:45Z,2025-10-27T14:55:23Z,,
Donovan Clingan,Portland Trail Blazers @ Los Angeles Lakers,2025-10-28T02:40:00Z,player_double_double,,bovada,2025-10-27T14:54:45Z,2025-10-27T14:55:23Z,,
Deni Avdija,Portland Trail Blazers @ Los Angeles Lakers,2025-10-28T02:40:00Z,player_double_double,,bovada,2025-10-27T14:54:45Z,2025-10-27T14:55:23Z,,
Jrue Holiday,Portland Trail Blazers @ Los Angeles Lakers,2025-10-28T02:40:00Z,player_double_double,,bovada,2025-10-27T14:54:45Z,2025-10-27T14:55:23Z,,
Jarred Vanderbilt,Portland Trail Blazers @ Los Angeles Lakers,2025-10-28T02:40:00Z,player_double_double,,bovada,2025-10-27T14:54:45Z,2025-10-27T14:55:23Z,,
Toumani Camara,Portland Trail Blazers @ Los Angeles Lakers,2025-10-28T02:40:00Z,player_double_double,,bovada,2025-10-27T14:54:45Z,2025-10-27T14:55:23Z,,
Jake LaRavia,Portland Trail Blazers @ Los Angeles Lakers,2025-10-28T02:40:00Z,player_double_double,,bovada,2025-10-27T14:54:45Z,2025-10-27T14:55:23Z,,
Rui Hachimura,Portland Trail Blazers @ Los Angeles Lakers,2025-10-28T02:40:00Z,player_double_double,,bovada,2025-10-27T14:54:45Z,2025-10-27T14:55:23Z,,
Shaedon Sharpe,Portland Trail Blazers @ Los Angeles Lakers,2025-10-28T02:40:00Z,player_double_double,,bovada,2025-10-27T14:54:45Z,2025-10-27T14:55:23Z,,
Austin Reaves,Portland Trail Blazers @ Los Angeles Lakers,2025-10-28T02:40:00Z,player_points,24.5,bovada,2025-10-27T14:54:45Z,2025-10-27T14:55:23Z,-260.0,190.0
Austin Reaves,Portland Trail Blazers @ Los Angeles Lakers,2025-10-28T02:40:00Z,player_points,25.5,bovada,2025-10-27T14:54:45Z,2025-10-27T14:55:23Z,-210.0,155.0
Austin Reaves,Portland Trail Blazers @ Los Angeles Lakers,2025-10-28T02:40:00Z,player_points,26.5,bovada,2025-10-27T14:54:45Z,2025-10-27T14:55:23Z,-170.0,130.0
Austin Reaves,Portland Trail Blazers @ Los Angeles Lakers,2025-10-28T02:40:00Z,player_points,27.5,bovada,2025-10-27T14:54:45Z,2025-10-27T14:55:23Z,-135.0,105.0
Austin Reaves,Portland Trail Blazers @ Los Angeles Lakers,2025-10-28T02:40:00Z,player_points,28.5,bovada,2025-10-27T14:54:45Z,2025-10-27T14:55:23Z,-115.0,-115.0
Austin Reaves,Portland Trail Blazers @ Los Angeles Lakers,2025-10-28T02:40:00Z,player_points,29.5,bovada,2025-10-27T14:54:45Z,2025-10-27T14:55:23Z,105.0,-135.0
Austin Reaves,Portland Trail Blazers @ Los Angeles Lakers,2025-10-28T02:40:00Z,player_points,30.5,bovada,2025-10-27T14:54:45Z,2025-10-27T14:55:23Z,125.0,-165.0
Austin Reaves,Portland Trail Blazers @ Los Angeles Lakers,2025-10-28T02:40:00Z,player_points,31.5,bovada,2025-10-27T14:54:45Z,2025-10-27T14:55:23Z,150.0,-200.0
Austin Reaves,Portland Trail Blazers @ Los Angeles Lakers,2025-10-28T02:40:00Z,player_points,32.5,bovada,2025-10-27T14:54:45Z,2025-10-27T14:55:23Z,175.0,-240.0
Austin Reaves,Portland Trail Blazers @ Los Angeles Lakers,2025-10-28T02:40:00Z,player_points,33.5,bovada,2025-10-27T14:54:45Z,2025-10-27T14:55:23Z,210.0,-290.0
Deandre Ayton,Portland Trail Blazers @ Los Angeles Lakers,2025-10-28T02:40:00Z,player_points,13.5,bovada,2025-10-27T14:54:45Z,2025-10-27T14:55:23Z,-275.0,200.0
Deandre Ayton,Portland Trail Blazers @ Los Angeles Lakers,2025-10-28T02:40:00Z,player_points,14.5,bovada,2025-10-27T14:54:45Z,2025-10-27T14:55:23Z,-210.0,155.0
Deandre Ayton,Portland Trail Blazers @ Los Angeles Lakers,2025-10-28T02:40:00Z,player_points,15.5,bovada,2025-10-27T14:54:45Z,2025-10-27T14:55:23Z,-160.0,120.0
Deandre Ayton,Portland Trail Blazers @ Los Angeles Lakers,2025-10-28T02:40:00Z,player_points,16.5,bovada,2025-10-27T14:54:45Z,2025-10-27T14:55:23Z,-120.0,-110.0
Deandre Ayton,Portland Trail Blazers @ Los Angeles Lakers,2025-10-28T02:40:00Z,player_points,17.5,bovada,2025-10-27T14:54:45Z,2025-10-27T14:55:23Z,105.0,-135.0
Deandre Ayton,Portland Trail Blazers @ Los Angeles Lakers,2025-10-28T02:40:00Z,player_points,18.5,bovada,2025-10-27T14:54:45Z,2025-10-27T14:55:23Z,130.0,-170.0
Deandre Ayton,Portland Trail Blazers @ Los Angeles Lakers,2025-10-28T02:40:00Z,player_points,19.5,bovada,2025-10-27T14:54:45Z,2025-10-27T14:55:23Z,165.0,-220.0
Deandre Ayton,Portland Trail Blazers @ Los Angeles Lakers,2025-10-28T02:40:00Z,player_points,20.5,bovada,2025-10-27T14:54:45Z,2025-10-27T14:55:23Z,205.0,-280.0
Deni Avdija,Portland Trail Blazers @ Los Angeles Lakers,2025-10-28T02:40:00Z,player_points,17.5,bovada,2025-10-27T14:54:45Z,2025-10-27T14:55:23Z,-230.0,170.0
Deni Avdija,Portland Trail Blazers @ Los Angeles Lakers,2025-10-28T02:40:00Z,player_points,18.5,bovada,2025-10-27T14:54:45Z,2025-10-27T14:55:23Z,-180.0,135.0
Deni Avdija,Portland Trail Blazers @ Los Angeles Lakers,2025-10-28T02:40:00Z,player_points,19.5,bovada,2025-10-27T14:54:45Z,2025-10-27T14:55:23Z,-145.0,110.0
Deni Avdija,Portland Trail Blazers @ Los Angeles Lakers,2025-10-28T02:40:00Z,player_points,20.5,bovada,2025-10-27T14:54:45Z,2025-10-27T14:55:23Z,-115.0,-115.0
Deni Avdija,Portland Trail Blazers @ Los Angeles Lakers,2025-10-28T02:40:00Z,player_points,21.5,bovada,2025-10-27T14:54:45Z,2025-10-27T14:55:23Z,110.0,-145.0
Deni Avdija,Portland Trail Blazers @ Los Angeles Lakers,2025-10-28T02:40:00Z,player_points,22.5,bovada,2025-10-27T14:54:45Z,2025-10-27T14:55:23Z,135.0,-180.0
Deni Avdija,Portland Trail Blazers @ Los Angeles Lakers,2025-10-28T02:40:00Z,player_points,23.5,bovada,2025-10-27T14:54:45Z,2025-10-27T14:55:23Z,165.0,-220.0
Deni Avdija,Portland Trail Blazers @ Los Angeles Lakers,2025-10-28T02:40:00Z,player_points,24.5,bovada,2025-10-27T14:54:45Z,2025-10-27T14:55:23Z,200.0,-275.0
Donovan Clingan,Portland Trail Blazers @ Los Angeles Lakers,2025-10-28T02:40:00Z,player_points,6.5,bovada,2025-10-27T14:54:45Z,2025-10-27T14:55:23Z,-280.0,205.0
Donovan Clingan,Portland Trail Blazers @ Los Angeles Lakers,2025-10-28T02:40:00Z,player_points,7.5,bovada,2025-10-27T14:54:45Z,2025-10-27T14:55:23Z,-185.0,140.0
Donovan Clingan,Portland Trail Blazers @ Los Angeles Lakers,2025-10-28T02:40:00Z,player_points,8.5,bovada,2025-10-27T14:54:45Z,2025-10-27T14:55:23Z,-130.0,100.0
Donovan Clingan,Portland Trail Blazers @ Los Angeles Lakers,2025-10-28T02:40:00Z,player_points,10.5,bovada,2025-10-27T14:54:45Z,2025-10-27T14:55:23Z,140.0,-185.0
Donovan Clingan,Portland Trail Blazers @ Los Angeles Lakers,2025-10-28T02:40:00Z,player_points,11.5,bovada,2025-10-27T14:54:45Z,2025-10-27T14:55:23Z,185.0,-250.0
Jake LaRavia,Portland Trail Blazers @ Los Angeles Lakers,2025-10-28T02:40:00Z,player_points,8.5,bovada,2025-10-27T14:54:45Z,2025-10-27T14:55:23Z,-275.0,200.0
Jake LaRavia,Portland Trail Blazers @ Los Angeles Lakers,2025-10-28T02:40:00Z,player_points,9.5,bovada,2025-10-27T14:54:45Z,2025-10-27T14:55:23Z,-190.0,145.0
Jake LaRavia,Portland Trail Blazers @ Los Angeles Lakers,2025-10-28T02:40:00Z,player_points,11.5,bovada,2025-10-27T14:54:45Z,2025-10-27T14:55:23Z,-105.0,-125.0
Jake LaRavia,Portland Trail Blazers @ Los Angeles Lakers,2025-10-28T02:40:00Z,player_points,12.5,bovada,2025-10-27T14:54:45Z,2025-10-27T14:55:23Z,130.0,-170.0
Jake LaRavia,Portland Trail Blazers @ Los Angeles Lakers,2025-10-28T02:40:00Z,player_points,13.5,bovada,2025-10-27T14:54:45Z,2025-10-27T14:55:23Z,170.0,-230.0
Jarred Vanderbilt,Portland Trail Blazers @ Los Angeles Lakers,2025-10-28T02:40:00Z,player_points,5.5,bovada,2025-10-27T14:54:45Z,2025-10-27T14:55:23Z,-210.0,155.0
Jarred Vanderbilt,Portland Trail Blazers @ Los Angeles Lakers,2025-10-28T02:40:00Z,player_points,7.5,bovada,2025-10-27T14:54:45Z,2025-10-27T14:55:23Z,105.0,-135.0
Jarred Vanderbilt,Portland Trail Blazers @ Los Angeles Lakers,2025-10-28T02:40:00Z,player_points,8.5,bovada,2025-10-27T14:54:45Z,2025-10-27T14:55:23Z,145.0,-190.0
Jarred Vanderbilt,Portland Trail Blazers @ Los Angeles Lakers,2025-10-28T02:40:00Z,player_points,9.5,bovada,2025-10-27T14:54:45Z,2025-10-27T14:55:23Z,200.0,-275.0
Jerami Grant,Portland Trail Blazers @ Los Angeles Lakers,2025-10-28T02:40:00Z,player_points,11.5,bovada,2025-10-27T14:54:45Z,2025-10-27T14:55:23Z,-300.0,215.0
Jerami Grant,Portland Trail Blazers @ Los Angeles Lakers,2025-10-28T02:40:00Z,player_points,12.5,bovada,2025-10-27T14:54:45Z,2025-10-27T14:55:23Z,-215.0,160.0
Jerami Grant,Portland Trail Blazers @ Los Angeles Lakers,2025-10-28T02:40:00Z,player_points,13.5,bovada,2025-10-27T14:54:45Z,2025-10-27T14:55:23Z,-160.0,120.0
Jerami Grant,Portland Trail Blazers @ Los Angeles Lakers,2025-10-28T02:40:00Z,player_points,14.5,bovada,2025-10-27T14:54:45Z,2025-10-27T14:55:23Z,-125.0,-105.0
Jerami Grant,Portland Trail Blazers @ Los Angeles Lakers,2025-10-28T02:40:00Z,player_points,15.5,bovada,2025-10-27T14:54:45Z,2025-10-27T14:55:23Z,105.0,-135.0
Jerami Grant,Portland Trail Blazers @ Los Angeles Lakers,2025-10-28T02:40:00Z,player_points,16.5,bovada,2025-10-27T14:54:45Z,2025-10-27T14:55:23Z,135.0,-180.0
Jerami Grant,Portland Trail Blazers @ Los Angeles Lakers,2025-10-28T02:40:00Z,player_points,17.5,bovada,2025-10-27T14:54:45Z,2025-10-27T14:55:23Z,170.0,-230.0
Jerami Grant,Portland Trail Blazers @ Los Angeles Lakers,2025-10-28T02:40:00Z,player_points,18.5,bovada,2025-10-27T14:54:45Z,2025-10-27T14:55:23Z,210.0,-290.0
Marcus Smart,Portland Trail Blazers @ Los Angeles Lakers,2025-10-28T02:40:00Z,player_points,7.5,bovada,2025-10-27T14:54:45Z,2025-10-27T14:55:23Z,-260.0,190.0
Marcus Smart,Portland Trail Blazers @ Los Angeles Lakers,2025-10-28T02:40:00Z,player_points,8.5,bovada,2025-10-27T14:54:45Z,2025-10-27T14:55:23Z,-180.0,135.0
Marcus Smart,Portland Trail Blazers @ Los Angeles Lakers,2025-10-28T02:40:00Z,player_points,9.5,bovada,2025-10-27T14:54:45Z,2025-10-27T14:55:23Z,-130.0,100.0
Marcus Smart,Portland Trail Blazers @ Los Angeles Lakers,2025-10-28T02:40:00Z,player_points,10.5,bovada,2025-10-27T14:54:45Z,2025-10-27T14:55:23Z,105.0,-135.0
Marcus Smart,Portland Trail Blazers @ Los Angeles Lakers,2025-10-28T02:40:00Z,player_points,11.5,bovada,2025-10-27T14:54:45Z,2025-10-27T14:55:23Z,140.0,-185.0
Marcus Smart,Portland Trail Blazers @ Los Angeles Lakers,2025-10-28T02:40:00Z,player_points,12.5,bovada,2025-10-27T14:54:45Z,2025-10-27T14:55:23Z,180.0,-245.0
Matisse Thybulle,Portland Trail Blazers @ Los Angeles Lakers,2025-10-28T02:40:00Z,player_points,3.5,bovada,2025-10-27T14:54:45Z,2025-10-27T14:55:23Z,-220.0,165.0
Matisse Thybulle,Portland Trail Blazers @ Los Angeles Lakers,2025-10-28T02:40:00Z,player_points,4.5,bovada,2025-10-27T14:54:45Z,2025-10-27T14:55:23Z,-135.0,105.0
Matisse Thybulle,Portland Trail Blazers @ Los Angeles Lakers,2025-10-28T02:40:00Z,player_points,5.5,bovada,2025-10-27T14:54:45Z,2025-10-27T14:55:23Z,110.0,-145.0
Matisse Thybulle,Portland Trail Blazers @ Los Angeles Lakers,2025-10-28T02:40:00Z,player_points,6.5,bovada,2025-10-27T14:54:45Z,2025-10-27T14:55:23Z,160.0,-215.0
Rui Hachimura,Portland Trail Blazers @ Los Angeles Lakers,2025-10-28T02:40:00Z,player_points,12.5,bovada,2025-10-27T14:54:45Z,2025-10-27T14:55:23Z,-275.0,200.0
Rui Hachimura,Portland Trail Blazers @ Los Angeles Lakers,2025-10-28T02:40:00Z,player_points,13.5,bovada,2025-10-27T14:54:45Z,2025-10-27T14:55:23Z,-210.0,155.0
Rui Hachimura,Portland Trail Blazers @ Los Angeles Lakers,2025-10-28T02:40:00Z,player_points,14.5,bovada,2025-10-27T14:54:45Z,2025-10-27T14:55:23Z,-160.0,120.0
Rui Hachimura,Portland Trail Blazers @ Los Angeles Lakers,2025-10-28T02:40:00Z,player_points,16.5,bovada,2025-10-27T14:54:45Z,2025-10-27T14:55:23Z,105.0,-135.0
Rui Hachimura,Portland Trail Blazers @ Los Angeles Lakers,2025-10-28T02:40:00Z,player_points,17.5,bovada,2025-10-27T14:54:45Z,2025-10-27T14:55:23Z,135.0,-180.0
Rui Hachimura,Portland Trail Blazers @ Los Angeles Lakers,2025-10-28T02:40:00Z,player_points,18.5,bovada,2025-10-27T14:54:45Z,2025-10-27T14:55:23Z,170.0,-230.0
Rui Hachimura,Portland Trail Blazers @ Los Angeles Lakers,2025-10-28T02:40:00Z,player_points,19.5,bovada,2025-10-27T14:54:45Z,2025-10-27T14:55:23Z,210.0,-290.0
Shaedon Sharpe,Portland Trail Blazers @ Los Angeles Lakers,2025-10-28T02:40:00Z,player_points,17.5,bovada,2025-10-27T14:54:45Z,2025-10-27T14:55:23Z,-300.0,215.0
Shaedon Sharpe,Portland Trail Blazers @ Los Angeles Lakers,2025-10-28T02:40:00Z,player_points,18.5,bovada,2025-10-27T14:54:45Z,2025-10-27T14:55:23Z,-230.0,170.0
Shaedon Sharpe,Portland Trail Blazers @ Los Angeles Lakers,2025-10-28T02:40:00Z,player_points,19.5,bovada,2025-10-27T14:54:45Z,2025-10-27T14:55:23Z,-180.0,135.0
Shaedon Sharpe,Portland Trail Blazers @ Los Angeles Lakers,2025-10-28T02:40:00Z,player_points,20.5,bovada,2025-10-27T14:54:45Z,2025-10-27T14:55:23Z,-145.0,110.0
Shaedon Sharpe,Portland Trail Blazers @ Los Angeles Lakers,2025-10-28T02:40:00Z,player_points,21.5,bovada,2025-10-27T14:54:45Z,2025-10-27T14:55:23Z,-115.0,-115.0
Shaedon Sharpe,Portland Trail Blazers @ Los Angeles Lakers,2025-10-28T02:40:00Z,player_points,22.5,bovada,2025-10-27T14:54:45Z,2025-10-27T14:55:23Z,110.0,-145.0
Shaedon Sharpe,Portland Trail Blazers @ Los Angeles Lakers,2025-10-28T02:40:00Z,player_points,23.5,bovada,2025-10-27T14:54:45Z,2025-10-27T14:55:23Z,130.0,-170.0
Shaedon Sharpe,Portland Trail Blazers @ Los Angeles Lakers,2025-10-28T02:40:00Z,player_points,24.5,bovada,2025-10-27T14:54:45Z,2025-10-27T14:55:23Z,160.0,-215.0
Shaedon Sharpe,Portland Trail Blazers @ Los Angeles Lakers,2025-10-28T02:40:00Z,player_points,25.5,bovada,2025-10-27T14:54:45Z,2025-10-27T14:55:23Z,200.0,-275.0
Toumani Camara,Portland Trail Blazers @ Los Angeles Lakers,2025-10-28T02:40:00Z,player_points,8.5,bovada,2025-10-27T14:54:45Z,2025-10-27T14:55:23Z,-290.0,210.0
Toumani Camara,Portland Trail Blazers @ Los Angeles Lakers,2025-10-28T02:40:00Z,player_points,9.5,bovada,2025-10-27T14:54:45Z,2025-10-27T14:55:23Z,-200.0,150.0
Toumani Camara,Portland Trail Blazers @ Los Angeles Lakers,2025-10-28T02:40:00Z,player_points,10.5,bovada,2025-10-27T14:54:45Z,2025-10-27T14:55:23Z,-150.0,115.0
Toumani Camara,Portland Trail Blazers @ Los Angeles Lakers,2025-10-28T02:40:00Z,player_points,11.5,bovada,2025-10-27T14:54:45Z,2025-10-27T14:55:23Z,-110.0,-120.0
Toumani Camara,Portland Trail Blazers @ Los Angeles Lakers,2025-10-28T02:40:00Z,player_points,12.5,bovada,2025-10-27T14:54:45Z,2025-10-27T14:55:23Z,120.0,-160.0
Toumani Camara,Portland Trail Blazers @ Los Angeles Lakers,2025-10-28T02:40:00Z,player_points,13.5,bovada,2025-10-27T14:54:45Z,2025-10-27T14:55:23Z,155.0,-210.0
Toumani Camara,Portland Trail Blazers @ Los Angeles Lakers,2025-10-28T02:40:00Z,player_points,14.5,bovada,2025-10-27T14:54:45Z,2025-10-27T14:55:23Z,200.0,-275.0
Austin Reaves,Portland Trail Blazers @ Los Angeles Lakers,2025-10-28T02:40:00Z,player_points_rebounds_assists,36.5,bovada,2025-10-27T14:54:45Z,2025-10-27T14:55:23Z,-300.0,215.0
Austin Reaves,Portland Trail Blazers @ Los Angeles Lakers,2025-10-28T02:40:00Z,player_points_rebounds_assists,37.5,bovada,2025-10-27T14:54:45Z,2025-10-27T14:55:23Z,-250.0,185.0
Austin Reaves,Portland Trail Blazers @ Los Angeles Lakers,2025-10-28T02:40:00Z,player_points_rebounds_assists,38.5,bovada,2025-10-27T14:54:45Z,2025-10-27T14:55:23Z,-210.0,155.0
Austin Reaves,Portland Trail Blazers @ Los Angeles Lakers,2025-10-28T02:40:00Z,player_points_rebounds_assists,39.5,bovada,2025-10-27T14:54:45Z,2025-10-27T14:55:23Z,-180.0,135.0
Austin Reaves,Portland Trail Blazers @ Los Angeles Lakers,2025-10-28T02:40:00Z,player_points_rebounds_assists,40.5,bovada,2025-10-27T14:54:45Z,2025-10-27T14:55:23Z,-150.0,115.0
Austin Reaves,Portland Trail Blazers @ Los Angeles Lakers,2025-10-28T02:40:00Z,player_points_rebounds_assists,41.5,bovada,2025-10-27T14:54:45Z,2025-10-27T14:55:23Z,-130.0,100.0
Austin Reaves,Portland Trail Blazers @ Los Angeles Lakers,2025-10-28T02:40:00Z,player_points_rebounds_assists,42.5,bovada,2025-10-27T14:54:45Z,2025-10-27T14:55:23Z,-110.0,-120.0
Austin Reaves,Portland Trail Blazers @ Los Angeles Lakers,2025-10-28T02:40:00Z,player_points_rebounds_assists,43.5,bovada,2025-10-27T14:54:45Z,2025-10-27T14:55:23Z,105.0,-135.0
Austin Reaves,Portland Trail Blazers @ Los Angeles Lakers,2025-10-28T02:40:00Z,player_points_rebounds_assists,44.5,bovada,2025-10-27T14:54:45Z,2025-10-27T14:55:23Z,120.0,-160.0
Austin Reaves,Portland Trail Blazers @ Los Angeles Lakers,2025-10-28T02:40:00Z,player_points_rebounds_assists,45.5,bovada,2025-10-27T14:54:45Z,2025-10-27T14:55:23Z,140.0,-185.0
Austin Reaves,Portland Trail Blazers @ Los Angeles Lakers,2025-10-28T02:40:00Z,player_points_rebounds_assists,46.5,bovada,2025-10-27T14:54:45Z,2025-10-27T14:55:23Z,160.0,-215.0
Austin Reaves,Portland Trail Blazers @ Los Angeles Lakers,2025-10-28T02:40:00Z,player_points_rebounds_assists,47.5,bovada,2025-10-27T14:54:45Z,2025-10-27T14:55:23Z,185.0,-250.0
Austin Reaves,Portland Trail Blazers @ Los Angeles Lakers,2025-10-28T02:40:00Z,player_points_rebounds_assists,48.5,bovada,2025-10-27T14:54:45Z,2025-10-27T14:55:23Z,210.0,-290.0
Deni Avdija,Portland Trail Blazers @ Los Angeles Lakers,2025-10-28T02:40:00Z,player_points_rebounds_assists,27.5,bovada,2025-10-27T14:54:45Z,2025-10-27T14:55:23Z,-250.0,185.0
Deni Avdija,Portland Trail Blazers @ Los Angeles Lakers,2025-10-28T02:40:00Z,player_points_rebounds_assists,28.5,bovada,2025-10-27T14:54:45Z,2025-10-27T14:55:23Z,-210.0,155.0
Deni Avdija,Portland Trail Blazers @ Los Angeles Lakers,2025-10-28T02:40:00Z,player_points_rebounds_assists,29.5,bovada,2025-10-27T14:54:45Z,2025-10-27T14:55:23Z,-170.0,130.0
Deni Avdija,Portland Trail Blazers @ Los Angeles Lakers,2025-10-28T02:40:00Z,player_points_rebounds_assists,30.5,bovada,2025-10-27T14:54:45Z,2025-10-27T14:55:23Z,-145.0,110.0
Deni Avdija,Portland Trail Blazers @ Los Angeles Lakers,2025-10-28T02:40:00Z,player_points_rebounds_assists,31.5,bovada,2025-10-27T14:54:45Z,2025-10-27T14:55:23Z,-120.0,-110.0
Deni Avdija,Portland Trail Blazers @ Los Angeles Lakers,2025-10-28T02:40:00Z,player_points_rebounds_assists,32.5,bovada,2025-10-27T14:54:45Z,2025-10-27T14:55:23Z,100.0,-130.0
Deni Avdija,Portland Trail Blazers @ Los Angeles Lakers,2025-10-28T02:40:00Z,player_points_rebounds_assists,33.5,bovada,2025-10-27T14:54:45Z,2025-10-27T14:55:23Z,115.0,-150.0
Deni Avdija,Portland Trail Blazers @ Los Angeles Lakers,2025-10-28T02:40:00Z,player_points_rebounds_assists,34.5,bovada,2025-10-27T14:54:45Z,2025-10-27T14:55:23Z,140.0,-185.0
Deni Avdija,Portland Trail Blazers @ Los Angeles Lakers,2025-10-28T02:40:00Z,player_points_rebounds_assists,35.5,bovada,2025-10-27T14:54:45Z,2025-10-27T14:55:23Z,160.0,-215.0
Deni Avdija,Portland Trail Blazers @ Los Angeles Lakers,2025-10-28T02:40:00Z,player_points_rebounds_assists,36.5,bovada,2025-10-27T14:54:45Z,2025-10-27T14:55:23Z,190.0,-260.0
Jake LaRavia,Portland Trail Blazers @ Los Angeles Lakers,2025-10-28T02:40:00Z,player_points_rebounds_assists,16.5,bovada,2025-10-27T14:54:45Z,2025-10-27T14:55:23Z,-240.0,175.0
Jake LaRavia,Portland Trail Blazers @ Los Angeles Lakers,2025-10-28T02:40:00Z,player_points_rebounds_assists,17.5,bovada,2025-10-27T14:54:45Z,2025-10-27T14:55:23Z,-185.0,140.0
Jake LaRavia,Portland Trail Blazers @ Los Angeles Lakers,2025-10-28T02:40:00Z,player_points_rebounds_assists,18.5,bovada,2025-10-27T14:54:45Z,2025-10-27T14:55:23Z,-145.0,110.0
Jake LaRavia,Portland Trail Blazers @ Los Angeles Lakers,2025-10-28T02:40:00Z,player_points_rebounds_assists,20.5,bovada,2025-10-27T14:54:45Z,2025-10-27T14:55:23Z,105.0,-135.0
Jake LaRavia,Portland Trail Blazers @ Los Angeles Lakers,2025-10-28T02:40:00Z,player_points_rebounds_assists,21.5,bovada,2025-10-27T14:54:45Z,2025-10-27T14:55:23Z,130.0,-170.0
Jake LaRavia,Portland Trail Blazers @ Los Angeles Lakers,2025-10-28T02:40:00Z,player_points_rebounds_assists,22.5,bovada,2025-10-27T14:54:45Z,2025-10-27T14:55:23Z,160.0,-215.0
Jake LaRavia,Portland Trail Blazers @ Los Angeles Lakers,2025-10-28T02:40:00Z,player_points_rebounds_assists,23.5,bovada,2025-10-27T14:54:45Z,2025-10-27T14:55:23Z,200.0,-275.0
Jrue Holiday,Portland Trail Blazers @ Los Angeles Lakers,2025-10-28T02:40:00Z,player_points_rebounds_assists,19.5,bovada,2025-10-27T14:54:45Z,2025-10-27T14:55:23Z,-290.0,210.0
Jrue Holiday,Portland Trail Blazers @ Los Angeles Lakers,2025-10-28T02:40:00Z,player_points_rebounds_assists,20.5,bovada,2025-10-27T14:54:45Z,2025-10-27T14:55:23Z,-230.0,170.0
Jrue Holiday,Portland Trail Blazers @ Los Angeles Lakers,2025-10-28T02:40:00Z,player_points_rebounds_assists,21.5,bovada,2025-10-27T14:54:45Z,2025-10-27T14:55:23Z,-180.0,135.0
Jrue Holiday,Portland Trail Blazers @ Los Angeles Lakers,2025-10-28T02:40:00Z,player_points_rebounds_assists,22.5,bovada,2025-10-27T14:54:45Z,2025-10-27T14:55:23Z,-145.0,110.0
Jrue Holiday,Portland Trail Blazers @ Los Angeles Lakers,2025-10-28T02:40:00Z,player_points_rebounds_assists,23.5,bovada,2025-10-27T14:54:45Z,2025-10-27T14:55:23Z,-120.0,-110.0
Jrue Holiday,Portland Trail Blazers @ Los Angeles Lakers,2025-10-28T02:40:00Z,player_points_rebounds_assists,24.5,bovada,2025-10-27T14:54:45Z,2025-10-27T14:55:23Z,105.0,-135.0
Jrue Holiday,Portland Trail Blazers @ Los Angeles Lakers,2025-10-28T02:40:00Z,player_points_rebounds_assists,25.5,bovada,2025-10-27T14:54:45Z,2025-10-27T14:55:23Z,125.0,-165.0
Jrue Holiday,Portland Trail Blazers @ Los Angeles Lakers,2025-10-28T02:40:00Z,player_points_rebounds_assists,26.5,bovada,2025-10-27T14:54:45Z,2025-10-27T14:55:23Z,150.0,-200.0
Jrue Holiday,Portland Trail Blazers @ Los Angeles Lakers,2025-10-28T02:40:00Z,player_points_rebounds_assists,27.5,bovada,2025-10-27T14:54:45Z,2025-10-27T14:55:23Z,180.0,-245.0
Toumani Camara,Portland Trail Blazers @ Los Angeles Lakers,2025-10-28T02:40:00Z,player_points_rebounds_assists,16.5,bovada,2025-10-27T14:54:45Z,2025-10-27T14:55:23Z,-245.0,180.0
Toumani Camara,Portland Trail Blazers @ Los Angeles Lakers,2025-10-28T02:40:00Z,player_points_rebounds_assists,17.5,bovada,2025-10-27T14:54:45Z,2025-10-27T14:55:23Z,-190.0,145.0
Toumani Camara,Portland Trail Blazers @ Los Angeles Lakers,2025-10-28T02:40:00Z,player_points_rebounds_assists,18.5,bovada,2025-10-27T14:54:45Z,2025-10-27T14:55:23Z,-150.0,115.0
Toumani Camara,Portland Trail Blazers @ Los Angeles Lakers,2025-10-28T02:40:00Z,player_points_rebounds_assists,19.5,bovada,2025-10-27T14:54:45Z,2025-10-27T14:55:23Z,-120.0,-110.0
Toumani Camara,Portland Trail Blazers @ Los Angeles Lakers,2025-10-28T02:40:00Z,player_points_rebounds_assists,20.5,bovada,2025-10-27T14:54:45Z,2025-10-27T14:55:23Z,105.0,-135.0
Toumani Camara,Portland Trail Blazers @ Los Angeles Lakers,2025-10-28T02:40:00Z,player_points_rebounds_assists,21.5,bovada,2025-10-27T14:54:45Z,2025-10-27T14:55:23Z,130.0,-170.0
Toumani Camara,Portland Trail Blazers @ Los Angeles Lakers,2025-10-28T02:40:00Z,player_points_rebounds_assists,22.5,bovada,2025-10-27T14:54:45Z,2025-10-27T14:55:23Z,155.0,-210.0
Toumani Camara,Portland Trail Blazers @ Los Angeles Lakers,2025-10-28T02:40:00Z,player_points_rebounds_assists,23.5,bovada,2025-10-27T14:54:45Z,2025-10-27T14:55:23Z,190.0,-260.0
Austin Reaves,Portland Trail Blazers @ Los Angeles Lakers,2025-10-28T02:40:00Z,player_rebounds,4.5,bovada,2025-10-27T14:54:45Z,2025-10-27T14:55:23Z,-275.0,200.0
Austin Reaves,Portland Trail Blazers @ Los Angeles Lakers,2025-10-28T02:40:00Z,player_rebounds,5.5,bovada,2025-10-27T14:54:45Z,2025-10-27T14:55:23Z,-135.0,105.0
Austin Reaves,Portland Trail Blazers @ Los Angeles Lakers,2025-10-28T02:40:00Z,player_rebounds,6.5,bovada,2025-10-27T14:54:45Z,2025-10-27T14:55:23Z,130.0,-170.0
Donovan Clingan,Portland Trail Blazers @ Los Angeles Lakers,2025-10-28T02:40:00Z,player_rebounds,7.5,bovada,2025-10-27T14:54:45Z,2025-10-27T14:55:23Z,-230.0,170.0
Donovan Clingan,Portland Trail Blazers @ Los Angeles Lakers,2025-10-28T02:40:00Z,player_rebounds,8.5,bovada,2025-10-27T14:54:45Z,2025-10-27T14:55:23Z,-135.0,105.0
Donovan Clingan,Portland Trail Blazers @ Los Angeles Lakers,2025-10-28T02:40:00Z,player_rebounds,10.5,bovada,2025-10-27T14:54:45Z,2025-10-27T14:55:23Z,190.0,-260.0
Jarred Vanderbilt,Portland Trail Blazers @ Los Angeles Lakers,2025-10-28T02:40:00Z,player_rebounds,4.5,bovada,2025-10-27T14:54:45Z,2025-10-27T14:55:23Z,-300.0,215.0
Jarred Vanderbilt,Portland Trail Blazers @ Los Angeles Lakers,2025-10-28T02:40:00Z,player_rebounds,6.5,bovada,2025-10-27T14:54:45Z,2025-10-27T14:55:23Z,120.0,-160.0
Jarred Vanderbilt,Portland Trail Blazers @ Los Angeles Lakers,2025-10-28T02:40:00Z,player_rebounds,7.5,bovada,2025-10-27T14:54:45Z,2025-10-27T14:55:23Z,210.0,-290.0
Jrue Holiday,Portland Trail Blazers @ Los Angeles Lakers,2025-10-28T02:40:00Z,player_rebounds,3.5,bovada,2025-10-27T14:54:45Z,2025-10-27T14:55:23Z,-300.0,215.0
Jrue Holiday,Portland Trail Blazers @ Los Angeles Lakers,2025-10-28T02:40:00Z,player_rebounds,4.5,bovada,2025-10-27T14:54:45Z,2025-10-27T14:55:23Z,-135.0,105.0
Jrue Holiday,Portland Trail Blazers @ Los Angeles Lakers,2025-10-28T02:40:00Z,player_rebounds,5.5,bovada,2025-10-27T14:54:45Z,2025-10-27T14:55:23Z,140.0,-185.0
Rui Hachimura,Portland Trail Blazers @ Los Angeles Lakers,2025-10-28T02:40:00Z,player_rebounds,5.5,bovada,2025-10-27T14:54:45Z,2025-10-27T14:55:23Z,130.0,-170.0
Deni Avdija,Portland Trail Blazers @ Los Angeles Lakers,2025-10-28T02:40:00Z,player_threes,1.5,bovada,2025-10-27T14:54:45Z,2025-10-27T14:55:23Z,-200.0,150.0
Jerami Grant,Portland Trail Blazers @ Los Angeles Lakers,2025-10-28T02:40:00Z,player_threes,1.5,bovada,2025-10-27T14:54:45Z,2025-10-27T14:55:23Z,-200.0,150.0
Shaedon Sharpe,Portland Trail Blazers @ Los Angeles Lakers,2025-10-28T02:40:00Z,player_threes,1.5,bovada,2025-10-27T14:54:45Z,2025-10-27T14:55:23Z,-240.0,175.0
Austin Reaves,Portland Trail Blazers @ Los Angeles Lakers,2025-10-28T02:40:00Z,player_triple_double,,bovada,2025-10-27T14:54:45Z,2025-10-27T14:55:23Z,,
Jrue Holiday,Portland Trail Blazers @ Los Angeles Lakers,2025-10-28T02:40:00Z,player_triple_double,,bovada,2025-10-27T14:54:45Z,2025-10-27T14:55:23Z,,
Deni Avdija,Portland Trail Blazers @ Los Angeles Lakers,2025-10-28T02:40:00Z,player_triple_double,,bovada,2025-10-27T14:54:45Z,2025-10-27T14:55:23Z,,
Austin Reaves,Portland Trail Blazers @ Los Angeles Lakers,2025-10-28T02:40:00Z,player_assists,8.5,betrivers,2025-10-27T14:54:42Z,2025-10-27T14:55:43Z,102.0,-137.0
Deni Avdija,Portland Trail Blazers @ Los Angeles Lakers,2025-10-28T02:40:00Z,player_assists,4.5,betrivers,2025-10-27T14:54:42Z,2025-10-27T14:55:43Z,-103.0,-130.0
Jrue Holiday,Portland Trail Blazers @ Los Angeles Lakers,2025-10-28T02:40:00Z,player_assists,5.5,betrivers,2025-10-27T14:54:42Z,2025-10-27T14:55:43Z,-143.0,108.0
Jake LaRavia,Portland Trail Blazers @ Los Angeles Lakers,2025-10-28T02:40:00Z,player_assists,2.5,betrivers,2025-10-27T14:54:42Z,2025-10-27T14:55:43Z,-132.0,100.0
Marcus Smart,Portland Trail Blazers @ Los Angeles Lakers,2025-10-28T02:40:00Z,player_assists,3.5,betrivers,2025-10-27T14:54:42Z,2025-10-27T14:55:43Z,-110.0,-121.0
Toumani Camara,Portland Trail Blazers @ Los Angeles Lakers,2025-10-28T02:40:00Z,player_assists,2.5,betrivers,2025-10-27T14:54:42Z,2025-10-27T14:55:43Z,-134.0,100.0
Toumani Camara,Portland Trail Blazers @ Los Angeles Lakers,2025-10-28T02:40:00Z,player_points,11.5,betrivers,2025-10-27T14:54:42Z,2025-10-27T14:55:43Z,-110.0,-121.0
Deandre Ayton,Portland Trail Blazers @ Los Angeles Lakers,2025-10-28T02:40:00Z,player_points,16.5,betrivers,2025-10-27T14:54:42Z,2025-10-27T14:55:43Z,-124.0,-108.0
Jake LaRavia,Portland Trail Blazers @ Los Angeles Lakers,2025-10-28T02:40:00Z,player_points,11.5,betrivers,2025-10-27T14:54:42Z,2025-10-27T14:55:43Z,-105.0,-127.0
Deni Avdija,Portland Trail Blazers @ Los Angeles Lakers,2025-10-28T02:40:00Z,player_points,20.5,betrivers,2025-10-27T14:54:42Z,2025-10-27T14:55:43Z,-121.0,-110.0
Matisse Thybulle,Portland Trail Blazers @ Los Angeles Lakers,2025-10-28T02:40:00Z,player_points,5.5,betrivers,2025-10-27T14:54:42Z,2025-10-27T14:55:43Z,-107.0,-125.0
Donovan Clingan,Portland Trail Blazers @ Los Angeles Lakers,2025-10-28T02:40:00Z,player_points,9.5,betrivers,2025-10-27T14:54:42Z,2025-10-27T14:55:43Z,-107.0,-124.0
Jerami Grant,Portland Trail Blazers @ Los Angeles Lakers,2025-10-28T02:40:00Z,player_points,15.5,betrivers,2025-10-27T14:54:42Z,2025-10-27T14:55:43Z,-112.0,-120.0
Jrue Holiday,Portland Trail Blazers @ Los Angeles Lakers,2025-10-28T02:40:00Z,player_points,13.5,betrivers,2025-10-27T14:54:42Z,2025-10-27T14:55:43Z,-107.0,-124.0
Austin Reaves,Portland Trail Blazers @ Los Angeles Lakers,2025-10-28T02:40:00Z,player_points,28.5,betrivers,2025-10-27T14:54:42Z,2025-10-27T14:55:43Z,-109.0,-122.0
Rui Hachimura,Portland Trail Blazers @ Los Angeles Lakers,2025-10-28T02:40:00Z,player_points,16.5,betrivers,2025-10-27T14:54:42Z,2025-10-27T14:55:43Z,-110.0,-121.0
Marcus Smart,Portland Trail Blazers @ Los Angeles Lakers,2025-10-28T02:40:00Z,player_points,10.5,betrivers,2025-10-27T14:54:42Z,2025-10-27T14:55:43Z,-117.0,-114.0
Jarred Vanderbilt,Portland Trail Blazers @ Los Angeles Lakers,2025-10-28T02:40:00Z,player_points,6.5,betrivers,2025-10-27T14:54:42Z,2025-10-27T14:55:43Z,-125.0,-106.0
Shaedon Sharpe,Portland Trail Blazers @ Los Angeles Lakers,2025-10-28T02:40:00Z,player_points,20.5,betrivers,2025-10-27T14:54:42Z,2025-10-27T14:55:43Z,-122.0,-109.0
Jrue Holiday,Portland Trail Blazers @ Los Angeles Lakers,2025-10-28T02:40:00Z,player_points_rebounds_assists,24.5,betrivers,2025-10-27T14:54:42Z,2025-10-27T14:55:43Z,-120.0,-112.0
Jake LaRavia,Portland Trail Blazers @ Los Angeles Lakers,2025-10-28T02:40:00Z,player_points_rebounds_assists,19.5,betrivers,2025-10-27T14:54:42Z,2025-10-27T14:55:43Z,-113.0,-118.0
Deni Avdija,Portland Trail Blazers @ Los Angeles Lakers,2025-10-28T02:40:00Z,player_points_rebounds_assists,32.5,betrivers,2025-10-27T14:54:42Z,2025-10-27T14:55:43Z,-117.0,-114.0
Austin Reaves,Portland Trail Blazers @ Los Angeles Lakers,2025-10-28T02:40:00Z,player_points_rebounds_assists,43.5,betrivers,2025-10-27T14:54:42Z,2025-10-27T14:55:43Z,-114.0,-117.0
Toumani Camara,Portland Trail Blazers @ Los Angeles Lakers,2025-10-28T02:40:00Z,player_points_rebounds_assists,20.5,betrivers,2025-10-27T14:54:42Z,2025-10-27T14:55:43Z,-107.0,-124.0
Jake LaRavia,Portland Trail Blazers @ Los Angeles Lakers,2025-10-28T02:40:00Z,player_rebounds,5.5,betrivers,2025-10-27T14:54:42Z,2025-10-27T14:55:43Z,110.0,-148.0
Deandre Ayton,Portland Trail Blazers @ Los Angeles Lakers,2025-10-28T02:40:00Z,player_rebounds,10.5,betrivers,2025-10-27T14:54:42Z,2025-10-27T14:55:43Z,-117.0,-114.0
Donovan Clingan,Portland Trail Blazers @ Los Angeles Lakers,2025-10-28T02:40:00Z,player_rebounds,9.5,betrivers,2025-10-27T14:54:42Z,2025-10-27T14:55:43Z,102.0,-136.0
Deni Avdija,Portland Trail Blazers @ Los Angeles Lakers,2025-10-28T02:40:00Z,player_rebounds,6.5,betrivers,2025-10-27T14:54:42Z,2025-10-27T14:55:43Z,-125.0,-107.0
Rui Hachimura,Portland Trail Blazers @ Los Angeles Lakers,2025-10-28T02:40:00Z,player_rebounds,4.5,betrivers,2025-10-27T14:54:42Z,2025-10-27T14:55:43Z,-125.0,-106.0
Jarred Vanderbilt,Portland Trail Blazers @ Los Angeles Lakers,2025-10-28T02:40:00Z,player_rebounds,6.5,betrivers,2025-10-27T14:54:42Z,2025-10-27T14:55:43Z,106.0,-141.0
Shaedon Sharpe,Portland Trail Blazers @ Los Angeles Lakers,2025-10-28T02:40:00Z,player_rebounds,4.5,betrivers,2025-10-27T14:54:42Z,2025-10-27T14:55:43Z,123.0,-165.0
Jrue Holiday,Portland Trail Blazers @ Los Angeles Lakers,2025-10-28T02:40:00Z,player_rebounds,4.5,betrivers,2025-10-27T14:54:42Z,2025-10-27T14:55:43Z,-134.0,100.0
Austin Reaves,Portland Trail Blazers @ Los Angeles Lakers,2025-10-28T02:40:00Z,player_rebounds,5.5,betrivers,2025-10-27T14:54:42Z,2025-10-27T14:55:43Z,-152.0,114.0
Toumani Camara,Portland Trail Blazers @ Los Angeles Lakers,2025-10-28T02:40:00Z,player_rebounds,5.5,betrivers,2025-10-27T14:54:42Z,2025-10-27T14:55:43Z,-108.0,-124.0
Deni Avdija,Portland Trail Blazers @ Los Angeles Lakers,2025-10-28T02:40:00Z,player_threes,2.5,betrivers,2025-10-27T14:54:42Z,2025-10-27T14:55:43Z,140.0,-190.0
Austin Reaves,Portland Trail Blazers @ Los Angeles Lakers,2025-10-28T02:40:00Z,player_threes,3.5,betrivers,2025-10-27T14:54:42Z,2025-10-27T14:55:43Z,-104.0,-129.0
Jake LaRavia,Portland Trail Blazers @ Los Angeles Lakers,2025-10-28T02:40:00Z,player_threes,1.5,betrivers,2025-10-27T14:54:42Z,2025-10-27T14:55:43Z,128.0,-175.0
Rui Hachimura,Portland Trail Blazers @ Los Angeles Lakers,2025-10-28T02:40:00Z,player_threes,1.5,betrivers,2025-10-27T14:54:42Z,2025-10-27T14:55:43Z,-165.0,123.0
Jerami Grant,Portland Trail Blazers @ Los Angeles Lakers,2025-10-28T02:40:00Z,player_threes,2.5,betrivers,2025-10-27T14:54:42Z,2025-10-27T14:55:43Z,140.0,-190.0
Shaedon Sharpe,Portland Trail Blazers @ Los Angeles Lakers,2025-10-28T02:40:00Z,player_threes,2.5,betrivers,2025-10-27T14:54:42Z,2025-10-27T14:55:43Z,140.0,-190.0
Toumani Camara,Portland Trail Blazers @ Los Angeles Lakers,2025-10-28T02:40:00Z,player_threes,1.5,betrivers,2025-10-27T14:54:42Z,2025-10-27T14:55:43Z,-134.0,102.0
Marcus Smart,Portland Trail Blazers @ Los Angeles Lakers,2025-10-28T02:40:00Z,player_threes,1.5,betrivers,2025-10-27T14:54:42Z,2025-10-27T14:55:43Z,-114.0,-117.0
