player,game,game_time,market,line,bookmaker,bookmaker_last_update,market_last_update,over_odds,under_odds
Shai Gilgeous-Alexander,Houston Rockets @ Oklahoma City Thunder,2025-10-21T23:35:00Z,player_assists,6.5,draftkings,2025-10-21T14:55:12Z,2025-10-21T14:55:57Z,-115.0,-113.0
Alperen Sengun,Houston Rockets @ Oklahoma City Thunder,2025-10-21T23:35:00Z,player_assists,5.5,draftkings,2025-10-21T14:55:12Z,2025-10-21T14:55:57Z,-131.0,101.0
Amen Thompson,Houston Rockets @ Oklahoma City Thunder,2025-10-21T23:35:00Z,player_assists,5.5,draftkings,2025-10-21T14:55:12Z,2025-10-21T14:55:57Z,110.0,-142.0
Kevin Durant,Houston Rockets @ Oklahoma City Thunder,2025-10-21T23:35:00Z,player_assists,3.5,draftkings,2025-10-21T14:55:12Z,2025-10-21T14:55:57Z,-149.0,115.0
Isaiah Hartenstein,Houston Rockets @ Oklahoma City Thunder,2025-10-21T23:35:00Z,player_assists,3.5,draftkings,2025-10-21T14:55:12Z,2025-10-21T14:55:57Z,128.0,-167.0
Alex Caruso,Houston Rockets @ Oklahoma City Thunder,2025-10-21T23:35:00Z,player_assists,2.5,draftkings,2025-10-21T14:55:12Z,2025-10-21T14:55:57Z,-126.0,-103.0
Reed Sheppard,Houston Rockets @ Oklahoma City Thunder,2025-10-21T23:35:00Z,player_assists,2.5,draftkings,2025-10-21T14:55:12Z,2025-10-21T14:55:57Z,-119.0,-109.0
Cason Wallace,Houston Rockets @ Oklahoma City Thunder,2025-10-21T23:35:00Z,player_assists,2.5,draftkings,2025-10-21T14:55:12Z,2025-10-21T14:55:57Z,100.0,-129.0
Aaron Wiggins,Houston Rockets @ Oklahoma City Thunder,2025-10-21T23:35:00Z,player_assists,1.5,draftkings,2025-10-21T14:55:12Z,2025-10-21T14:55:57Z,-133.0,103.0
Chet Holmgren,Houston Rockets @ Oklahoma City Thunder,2025-10-21T23:35:00Z,player_assists,1.5,draftkings,2025-10-21T14:55:12Z,2025-10-21T14:55:57Z,-121.0,-107.0
Chet Holmgren,Houston Rockets @ Oklahoma City Thunder,2025-10-21T23:35:00Z,player_blocks,1.5,draftkings,2025-10-21T14:55:12Z,2025-10-21T14:55:57Z,-165.0,124.0
Amen Thompson,Houston Rockets @ Oklahoma City Thunder,2025-10-21T23:35:00Z,player_blocks,1.5,draftkings,2025-10-21T14:55:12Z,2025-10-21T14:55:57Z,152.0,-204.0
Kevin Durant,Houston Rockets @ Oklahoma City Thunder,2025-10-21T23:35:00Z,player_blocks,0.5,draftkings,2025-10-21T14:55:12Z,2025-10-21T14:55:57Z,-178.0,133.0
Shai Gilgeous-Alexander,Houston Rockets @ Oklahoma City Thunder,2025-10-21T23:35:00Z,player_blocks,0.5,draftkings,2025-10-21T14:55:12Z,2025-10-21T14:55:57Z,-159.0,120.0
Alperen Sengun,Houston Rockets @ Oklahoma City Thunder,2025-10-21T23:35:00Z,player_blocks,0.5,draftkings,2025-10-21T14:55:12Z,2025-10-21T14:55:57Z,101.0,-134.0
Alperen Sengun,Houston Rockets @ Oklahoma City Thunder,2025-10-21T23:35:00Z,player_double_double,,draftkings,2025-10-21T14:55:12Z,2025-10-21T14:55:57Z,,
Isaiah Hartenstein,Houston Rockets @ Oklahoma City Thunder,2025-10-21T23:35:00Z,player_double_double,,draftkings,2025-10-21T14:55:12Z,2025-10-21T14:55:57Z,,
Chet Holmgren,Houston Rockets @ Oklahoma City Thunder,2025-10-21T23:35:00Z,player_double_double,,draftkings,2025-10-21T14:55:12Z,2025-10-21T14:55:57Z,,
Amen Thompson,Houston Rockets @ Oklahoma City Thunder,2025-10-21T23:35:00Z,player_double_double,,draftkings,2025-10-21T14:55:12Z,2025-10-21T14:55:57Z,,
Shai Gilgeous-Alexander,Houston Rockets @ Oklahoma City Thunder,2025-10-21T23:35:00Z,player_double_double,,draftkings,2025-10-21T14:55:12Z,2025-10-21T14:55:57Z,,
Jabari Smith Jr,Houston Rockets @ Oklahoma City Thunder,2025-10-21T23:35:00Z,player_double_double,,draftkings,2025-10-21T14:55:12Z,2025-10-21T14:55:57Z,,
Steven Adams,Houston Rockets @ Oklahoma City Thunder,2025-10-21T23:35:00Z,player_double_double,,draftkings,2025-10-21T14:55:12Z,2025-10-21T14:55:57Z,,
Kevin Durant,Houston Rockets @ Oklahoma City Thunder,2025-10-21T23:35:00Z,player_double_double,,draftkings,2025-10-21T14:55:12Z,2025-10-21T14:55:57Z,,
Tari Eason,Houston Rockets @ Oklahoma City Thunder,2025-10-21T23:35:00Z,player_double_double,,draftkings,2025-10-21T14:55:12Z,2025-10-21T14:55:57Z,,
Shai Gilgeous-Alexander,Houston Rockets @ Oklahoma City Thunder,2025-10-21T23:35:00Z,player_points,33.5,draftkings,2025-10-21T14:55:12Z,2025-10-21T14:55:57Z,-104.0,-122.0
Kevin Durant,Houston Rockets @ Oklahoma City Thunder,2025-10-21T23:35:00Z,player_points,23.5,draftkings,2025-10-21T14:55:12Z,2025-10-21T14:55:57Z,-104.0,-123.0
Alperen Sengun,Houston Rockets @ Oklahoma City Thunder,2025-10-21T23:35:00Z,player_points,18.5,draftkings,2025-10-21T14:55:12Z,2025-10-21T14:55:57Z,-103.0,-124.0
Chet Holmgren,Houston Rockets @ Oklahoma City Thunder,2025-10-21T23:35:00Z,player_points,16.5,draftkings,2025-10-21T14:55:12Z,2025-10-21T14:55:57Z,-110.0,-116.0
Amen Thompson,Houston Rockets @ Oklahoma City Thunder,2025-10-21T23:35:00Z,player_points,15.5,draftkings,2025-10-21T14:55:12Z,2025-10-21T14:55:57Z,-110.0,-116.0
Jabari Smith Jr,Houston Rockets @ Oklahoma City Thunder,2025-10-21T23:35:00Z,player_points,11.5,draftkings,2025-10-21T14:55:12Z,2025-10-21T14:55:57Z,-122.0,-105.0
Aaron Wiggins,Houston Rockets @ Oklahoma City Thunder,2025-10-21T23:35:00Z,player_points,11.5,draftkings,2025-10-21T14:55:12Z,2025-10-21T14:55:57Z,-120.0,-106.0
Isaiah Hartenstein,Houston Rockets @ Oklahoma City Thunder,2025-10-21T23:35:00Z,player_points,10.5,draftkings,2025-10-21T14:55:12Z,2025-10-21T14:55:57Z,-110.0,-116.0
Tari Eason,Houston Rockets @ Oklahoma City Thunder,2025-10-21T23:35:00Z,player_points,10.5,draftkings,2025-10-21T14:55:12Z,2025-10-21T14:55:57Z,100.0,-128.0
Luguentz Dort,Houston Rockets @ Oklahoma City Thunder,2025-10-21T23:35:00Z,player_points,9.5,draftkings,2025-10-21T14:55:12Z,2025-10-21T14:55:57Z,-116.0,-110.0
Reed Sheppard,Houston Rockets @ Oklahoma City Thunder,2025-10-21T23:35:00Z,player_points,8.5,draftkings,2025-10-21T14:55:12Z,2025-10-21T14:55:57Z,-111.0,-115.0
Alex Caruso,Houston Rockets @ Oklahoma City Thunder,2025-10-21T23:35:00Z,player_points,8.5,draftkings,2025-10-21T14:55:12Z,2025-10-21T14:55:57Z,100.0,-128.0
Cason Wallace,Houston Rockets @ Oklahoma City Thunder,2025-10-21T23:35:00Z,player_points,7.5,draftkings,2025-10-21T14:55:12Z,2025-10-21T14:55:57Z,-127.0,100.0
Steven Adams,Houston Rockets @ Oklahoma City Thunder,2025-10-21T23:35:00Z,player_points,5.5,draftkings,2025-10-21T14:55:12Z,2025-10-21T14:55:57Z,-126.0,-101.0
Shai Gilgeous-Alexander,Houston Rockets @ Oklahoma City Thunder,2025-10-21T23:35:00Z,player_points_rebounds_assists,44.5,draftkings,2025-10-21T14:55:12Z,2025-10-21T14:55:57Z,-109.0,-119.0
Alperen Sengun,Houston Rockets @ Oklahoma City Thunder,2025-10-21T23:35:00Z,player_points_rebounds_assists,33.5,draftkings,2025-10-21T14:55:12Z,2025-10-21T14:55:57Z,-116.0,-112.0
Kevin Durant,Houston Rockets @ Oklahoma City Thunder,2025-10-21T23:35:00Z,player_points_rebounds_assists,32.5,draftkings,2025-10-21T14:55:12Z,2025-10-21T14:55:57Z,-108.0,-120.0
Amen Thompson,Houston Rockets @ Oklahoma City Thunder,2025-10-21T23:35:00Z,player_points_rebounds_assists,27.5,draftkings,2025-10-21T14:55:12Z,2025-10-21T14:55:57Z,-123.0,-105.0
Chet Holmgren,Houston Rockets @ Oklahoma City Thunder,2025-10-21T23:35:00Z,player_points_rebounds_assists,25.5,draftkings,2025-10-21T14:55:12Z,2025-10-21T14:55:57Z,-119.0,-109.0
Isaiah Hartenstein,Houston Rockets @ Oklahoma City Thunder,2025-10-21T23:35:00Z,player_points_rebounds_assists,22.5,draftkings,2025-10-21T14:55:12Z,2025-10-21T14:55:57Z,-120.0,-108.0
Jabari Smith Jr,Houston Rockets @ Oklahoma City Thunder,2025-10-21T23:35:00Z,player_points_rebounds_assists,19.5,draftkings,2025-10-21T14:55:12Z,2025-10-21T14:55:57Z,-112.0,-115.0
Tari Eason,Houston Rockets @ Oklahoma City Thunder,2025-10-21T23:35:00Z,player_points_rebounds_assists,16.5,draftkings,2025-10-21T14:55:12Z,2025-10-21T14:55:57Z,-126.0,-103.0
Aaron Wiggins,Houston Rockets @ Oklahoma City Thunder,2025-10-21T23:35:00Z,player_points_rebounds_assists,16.5,draftkings,2025-10-21T14:55:12Z,2025-10-21T14:55:57Z,-121.0,-107.0
Alex Caruso,Houston Rockets @ Oklahoma City Thunder,2025-10-21T23:35:00Z,player_points_rebounds_assists,14.5,draftkings,2025-10-21T14:55:12Z,2025-10-21T14:55:57Z,-101.0,-128.0
Cason Wallace,Houston Rockets @ Oklahoma City Thunder,2025-10-21T23:35:00Z,player_points_rebounds_assists,13.5,draftkings,2025-10-21T14:55:12Z,2025-10-21T14:55:57Z,-105.0,-123.0
Alperen Sengun,Houston Rockets @ Oklahoma City Thunder,2025-10-21T23:35:00Z,player_rebounds,9.5,draftkings,2025-10-21T14:55:12Z,2025-10-21T14:55:57Z,106.0,-137.0
Isaiah Hartenstein,Houston Rockets @ Oklahoma City Thunder,2025-10-21T23:35:00Z,player_rebounds,8.5,draftkings,2025-10-21T14:55:12Z,2025-10-21T14:55:57Z,-129.0,-101.0
Chet Holmgren,Houston Rockets @ Oklahoma City Thunder,2025-10-21T23:35:00Z,player_rebounds,7.5,draftkings,2025-10-21T14:55:12Z,2025-10-21T14:55:57Z,-107.0,-121.0
Amen Thompson,Houston Rockets @ Oklahoma City Thunder,2025-10-21T23:35:00Z,player_rebounds,6.5,draftkings,2025-10-21T14:55:12Z,2025-10-21T14:55:57Z,-149.0,115.0
Steven Adams,Houston Rockets @ Oklahoma City Thunder,2025-10-21T23:35:00Z,player_rebounds,6.5,draftkings,2025-10-21T14:55:12Z,2025-10-21T14:55:57Z,-144.0,111.0
Jabari Smith Jr,Houston Rockets @ Oklahoma City Thunder,2025-10-21T23:35:00Z,player_rebounds,6.5,draftkings,2025-10-21T14:55:12Z,2025-10-21T14:55:57Z,114.0,-148.0
Tari Eason,Houston Rockets @ Oklahoma City Thunder,2025-10-21T23:35:00Z,player_rebounds,5.5,draftkings,2025-10-21T14:55:12Z,2025-10-21T14:55:57Z,115.0,-149.0
Kevin Durant,Houston Rockets @ Oklahoma City Thunder,2025-10-21T23:35:00Z,player_rebounds,4.5,draftkings,2025-10-21T14:55:12Z,2025-10-21T14:55:57Z,-148.0,114.0
Shai Gilgeous-Alexander,Houston Rockets @ Oklahoma City Thunder,2025-10-21T23:35:00Z,player_rebounds,4.5,draftkings,2025-10-21T14:55:12Z,2025-10-21T14:55:57Z,103.0,-134.0
Luguentz Dort,Houston Rockets @ Oklahoma City Thunder,2025-10-21T23:35:00Z,player_rebounds,3.5,draftkings,2025-10-21T14:55:12Z,2025-10-21T14:55:57Z,-117.0,-111.0
Aaron Wiggins,Houston Rockets @ Oklahoma City Thunder,2025-10-21T23:35:00Z,player_rebounds,3.5,draftkings,2025-10-21T14:55:12Z,2025-10-21T14:55:57Z,123.0,-160.0
Alex Caruso,Houston Rockets @ Oklahoma City Thunder,2025-10-21T23:35:00Z,player_rebounds,2.5,draftkings,2025-10-21T14:55:12Z,2025-10-21T14:55:57Z,-167.0,128.0
Cason Wallace,Houston Rockets @ Oklahoma City Thunder,2025-10-21T23:35:00Z,player_rebounds,2.5,draftkings,2025-10-21T14:55:12Z,2025-10-21T14:55:57Z,-129.0,100.0
Shai Gilgeous-Alexander,Houston Rockets @ Oklahoma City Thunder,2025-10-21T23:35:00Z,player_steals,1.5,draftkings,2025-10-21T14:55:12Z,2025-10-21T14:55:57Z,-117.0,-113.0
Amen Thompson,Houston Rockets @ Oklahoma City Thunder,2025-10-21T23:35:00Z,player_steals,1.5,draftkings,2025-10-21T14:55:12Z,2025-10-21T14:55:57Z,130.0,-173.0
Luguentz Dort,Houston Rockets @ Oklahoma City Thunder,2025-10-21T23:35:00Z,player_steals,1.5,draftkings,2025-10-21T14:55:12Z,2025-10-21T14:55:57Z,165.0,-222.0
Alperen Sengun,Houston Rockets @ Oklahoma City Thunder,2025-10-21T23:35:00Z,player_steals,1.5,draftkings,2025-10-21T14:55:12Z,2025-10-21T14:55:57Z,169.0,-228.0
Chet Holmgren,Houston Rockets @ Oklahoma City Thunder,2025-10-21T23:35:00Z,player_steals,0.5,draftkings,2025-10-21T14:55:12Z,2025-10-21T14:55:57Z,-133.0,100.0
Kevin Durant,Houston Rockets @ Oklahoma City Thunder,2025-10-21T23:35:00Z,player_threes,2.5,draftkings,2025-10-21T14:55:12Z,2025-10-21T14:55:57Z,103.0,-133.0
Luguentz Dort,Houston Rockets @ Oklahoma City Thunder,2025-10-21T23:35:00Z,player_threes,2.5,draftkings,2025-10-21T14:55:12Z,2025-10-21T14:55:57Z,141.0,-184.0
Jabari Smith Jr,Houston Rockets @ Oklahoma City Thunder,2025-10-21T23:35:00Z,player_threes,1.5,draftkings,2025-10-21T14:55:12Z,2025-10-21T14:55:57Z,-173.0,133.0
Reed Sheppard,Houston Rockets @ Oklahoma City Thunder,2025-10-21T23:35:00Z,player_threes,1.5,draftkings,2025-10-21T14:55:12Z,2025-10-21T14:55:57Z,-161.0,124.0
Shai Gilgeous-Alexander,Houston Rockets @ Oklahoma City Thunder,2025-10-21T23:35:00Z,player_threes,1.5,draftkings,2025-10-21T14:55:12Z,2025-10-21T14:55:57Z,-160.0,123.0
Aaron Wiggins,Houston Rockets @ Oklahoma City Thunder,2025-10-21T23:35:00Z,player_threes,1.5,draftkings,2025-10-21T14:55:12Z,2025-10-21T14:55:57Z,-124.0,-105.0
Chet Holmgren,Houston Rockets @ Oklahoma City Thunder,2025-10-21T23:35:00Z,player_threes,1.5,draftkings,2025-10-21T14:55:12Z,2025-10-21T14:55:57Z,-101.0,-128.0
Alex Caruso,Houston Rockets @ Oklahoma City Thunder,2025-10-21T23:35:00Z,player_threes,1.5,draftkings,2025-10-21T14:55:12Z,2025-10-21T14:55:57Z,110.0,-142.0
Tari Eason,Houston Rockets @ Oklahoma City Thunder,2025-10-21T23:35:00Z,player_threes,1.5,draftkings,2025-10-21T14:55:12Z,2025-10-21T14:55:57Z,149.0,-195.0
Alperen Sengun,Houston Rockets @ Oklahoma City Thunder,2025-10-21T23:35:00Z,player_triple_double,,draftkings,2025-10-21T14:55:12Z,2025-10-21T14:55:57Z,,
Amen Thompson,Houston Rockets @ Oklahoma City Thunder,2025-10-21T23:35:00Z,player_triple_double,,draftkings,2025-10-21T14:55:12Z,2025-10-21T14:55:57Z,,
Shai Gilgeous-Alexander,Houston Rockets @ Oklahoma City Thunder,2025-10-21T23:35:00Z,player_triple_double,,draftkings,2025-10-21T14:55:12Z,2025-10-21T14:55:57Z,,
Amen Thompson,Houston Rockets @ Oklahoma City Thunder,2025-10-21T23:35:00Z,player_assists,4.5,fanduel,2025-10-21T14:54:57Z,2025-10-21T14:55:27Z,-158.0,118.0
Kevin Durant,Houston Rockets @ Oklahoma City Thunder,2025-10-21T23:35:00Z,player_assists,3.5,fanduel,2025-10-21T14:54:57Z,2025-10-21T14:55:27Z,-158.0,118.0
Shai Gilgeous-Alexander,Houston Rockets @ Oklahoma City Thunder,2025-10-21T23:35:00Z,player_assists,6.5,fanduel,2025-10-21T14:54:57Z,2025-10-21T14:55:27Z,-108.0,-122.0
Isaiah Hartenstein,Houston Rockets @ Oklahoma City Thunder,2025-10-21T23:35:00Z,player_assists,3.5,fanduel,2025-10-21T14:54:57Z,2025-10-21T14:55:27Z,128.0,-172.0
Alperen Sengun,Houston Rockets @ Oklahoma City Thunder,2025-10-21T23:35:00Z,player_assists,5.5,fanduel,2025-10-21T14:54:57Z,2025-10-21T14:55:27Z,-132.0,100.0
Reed Sheppard,Houston Rockets @ Oklahoma City Thunder,2025-10-21T23:35:00Z,player_assists,2.5,fanduel,2025-10-21T14:54:57Z,2025-10-21T14:55:27Z,-118.0,-114.0
Chet Holmgren,Houston Rockets @ Oklahoma City Thunder,2025-10-21T23:35:00Z,player_blocks,1.5,fanduel,2025-10-21T14:54:57Z,2025-10-21T14:55:27Z,-166.0,124.0
Amen Thompson,Houston Rockets @ Oklahoma City Thunder,2025-10-21T23:35:00Z,player_blocks,1.5,fanduel,2025-10-21T14:54:57Z,2025-10-21T14:55:27Z,138.0,-186.0
Alperen Sengun,Houston Rockets @ Oklahoma City Thunder,2025-10-21T23:35:00Z,player_double_double,,fanduel,2025-10-21T14:54:57Z,2025-10-21T14:55:27Z,,
Isaiah Hartenstein,Houston Rockets @ Oklahoma City Thunder,2025-10-21T23:35:00Z,player_double_double,,fanduel,2025-10-21T14:54:57Z,2025-10-21T14:55:27Z,,
Amen Thompson,Houston Rockets @ Oklahoma City Thunder,2025-10-21T23:35:00Z,player_double_double,,fanduel,2025-10-21T14:54:57Z,2025-10-21T14:55:27Z,,
Chet Holmgren,Houston Rockets @ Oklahoma City Thunder,2025-10-21T23:35:00Z,player_double_double,,fanduel,2025-10-21T14:54:57Z,2025-10-21T14:55:27Z,,
Shai Gilgeous-Alexander,Houston Rockets @ Oklahoma City Thunder,2025-10-21T23:35:00Z,player_double_double,,fanduel,2025-10-21T14:54:57Z,2025-10-21T14:55:27Z,,
Jabari Smith Jr,Houston Rockets @ Oklahoma City Thunder,2025-10-21T23:35:00Z,player_double_double,,fanduel,2025-10-21T14:54:57Z,2025-10-21T14:55:27Z,,
Steven Adams,Houston Rockets @ Oklahoma City Thunder,2025-10-21T23:35:00Z,player_double_double,,fanduel,2025-10-21T14:54:57Z,2025-10-21T14:55:27Z,,
Kevin Durant,Houston Rockets @ Oklahoma City Thunder,2025-10-21T23:35:00Z,player_double_double,,fanduel,2025-10-21T14:54:57Z,2025-10-21T14:55:27Z,,
Tari Eason,Houston Rockets @ Oklahoma City Thunder,2025-10-21T23:35:00Z,player_double_double,,fanduel,2025-10-21T14:54:57Z,2025-10-21T14:55:27Z,,
Shai Gilgeous-Alexander,Houston Rockets @ Oklahoma City Thunder,2025-10-21T23:35:00Z,player_points,32.5,fanduel,2025-10-21T14:54:57Z,2025-10-21T14:55:27Z,-104.0,-128.0
Aaron Wiggins,Houston Rockets @ Oklahoma City Thunder,2025-10-21T23:35:00Z,player_points,11.5,fanduel,2025-10-21T14:54:57Z,2025-10-21T14:55:27Z,-125.0,-106.0
Chet Holmgren,Houston Rockets @ Oklahoma City Thunder,2025-10-21T23:35:00Z,player_points,16.5,fanduel,2025-10-21T14:54:57Z,2025-10-21T14:55:27Z,-106.0,-125.0
Luguentz Dort,Houston Rockets @ Oklahoma City Thunder,2025-10-21T23:35:00Z,player_points,9.5,fanduel,2025-10-21T14:54:57Z,2025-10-21T14:55:27Z,-104.0,-128.0
Reed Sheppard,Houston Rockets @ Oklahoma City Thunder,2025-10-21T23:35:00Z,player_points,8.5,fanduel,2025-10-21T14:54:57Z,2025-10-21T14:55:27Z,-112.0,-118.0
Kevin Durant,Houston Rockets @ Oklahoma City Thunder,2025-10-21T23:35:00Z,player_points,23.5,fanduel,2025-10-21T14:54:57Z,2025-10-21T14:55:27Z,-106.0,-125.0
Cason Wallace,Houston Rockets @ Oklahoma City Thunder,2025-10-21T23:35:00Z,player_points,7.5,fanduel,2025-10-21T14:54:57Z,2025-10-21T14:55:27Z,-132.0,100.0
Tari Eason,Houston Rockets @ Oklahoma City Thunder,2025-10-21T23:35:00Z,player_points,9.5,fanduel,2025-10-21T14:54:57Z,2025-10-21T14:55:27Z,-136.0,102.0
Jabari Smith Jr,Houston Rockets @ Oklahoma City Thunder,2025-10-21T23:35:00Z,player_points,12.5,fanduel,2025-10-21T14:54:57Z,2025-10-21T14:55:27Z,100.0,-132.0
Alperen Sengun,Houston Rockets @ Oklahoma City Thunder,2025-10-21T23:35:00Z,player_points,17.5,fanduel,2025-10-21T14:54:57Z,2025-10-21T14:55:27Z,-136.0,102.0
Alex Caruso,Houston Rockets @ Oklahoma City Thunder,2025-10-21T23:35:00Z,player_points,8.5,fanduel,2025-10-21T14:54:57Z,2025-10-21T14:55:27Z,-104.0,-128.0
Amen Thompson,Houston Rockets @ Oklahoma City Thunder,2025-10-21T23:35:00Z,player_points,15.5,fanduel,2025-10-21T14:54:57Z,2025-10-21T14:55:27Z,100.0,-132.0
Steven Adams,Houston Rockets @ Oklahoma City Thunder,2025-10-21T23:35:00Z,player_points,5.5,fanduel,2025-10-21T14:54:57Z,2025-10-21T14:55:27Z,-132.0,100.0
Isaiah Hartenstein,Houston Rockets @ Oklahoma City Thunder,2025-10-21T23:35:00Z,player_points,10.5,fanduel,2025-10-21T14:54:57Z,2025-10-21T14:55:27Z,-125.0,-106.0
Shai Gilgeous-Alexander,Houston Rockets @ Oklahoma City Thunder,2025-10-21T23:35:00Z,player_points_rebounds_assists,43.5,fanduel,2025-10-21T14:54:57Z,2025-10-21T14:55:27Z,-114.0,-114.0
Alperen Sengun,Houston Rockets @ Oklahoma City Thunder,2025-10-21T23:35:00Z,player_points_rebounds_assists,33.5,fanduel,2025-10-21T14:54:57Z,2025-10-21T14:55:27Z,-112.0,-118.0
Amen Thompson,Houston Rockets @ Oklahoma City Thunder,2025-10-21T23:35:00Z,player_points_rebounds_assists,27.5,fanduel,2025-10-21T14:54:57Z,2025-10-21T14:55:27Z,-114.0,-114.0
Kevin Durant,Houston Rockets @ Oklahoma City Thunder,2025-10-21T23:35:00Z,player_points_rebounds_assists,32.5,fanduel,2025-10-21T14:54:57Z,2025-10-21T14:55:27Z,-112.0,-118.0
Isaiah Hartenstein,Houston Rockets @ Oklahoma City Thunder,2025-10-21T23:35:00Z,player_points_rebounds_assists,23.5,fanduel,2025-10-21T14:54:57Z,2025-10-21T14:55:27Z,-106.0,-125.0
Tari Eason,Houston Rockets @ Oklahoma City Thunder,2025-10-21T23:35:00Z,player_rebounds,4.5,fanduel,2025-10-21T14:54:57Z,2025-10-21T14:55:27Z,-152.0,114.0
Jabari Smith Jr,Houston Rockets @ Oklahoma City Thunder,2025-10-21T23:35:00Z,player_rebounds,5.5,fanduel,2025-10-21T14:54:57Z,2025-10-21T14:55:27Z,-154.0,116.0
Luguentz Dort,Houston Rockets @ Oklahoma City Thunder,2025-10-21T23:35:00Z,player_rebounds,3.5,fanduel,2025-10-21T14:54:57Z,2025-10-21T14:55:27Z,-114.0,-114.0
Isaiah Hartenstein,Houston Rockets @ Oklahoma City Thunder,2025-10-21T23:35:00Z,player_rebounds,8.5,fanduel,2025-10-21T14:54:57Z,2025-10-21T14:55:27Z,-130.0,-102.0
Amen Thompson,Houston Rockets @ Oklahoma City Thunder,2025-10-21T23:35:00Z,player_rebounds,7.5,fanduel,2025-10-21T14:54:57Z,2025-10-21T14:55:27Z,120.0,-160.0
Alex Caruso,Houston Rockets @ Oklahoma City Thunder,2025-10-21T23:35:00Z,player_rebounds,2.5,fanduel,2025-10-21T14:54:57Z,2025-10-21T14:55:27Z,-158.0,116.0
Shai Gilgeous-Alexander,Houston Rockets @ Oklahoma City Thunder,2025-10-21T23:35:00Z,player_rebounds,4.5,fanduel,2025-10-21T14:54:57Z,2025-10-21T14:55:27Z,-106.0,-125.0
Steven Adams,Houston Rockets @ Oklahoma City Thunder,2025-10-21T23:35:00Z,player_rebounds,6.5,fanduel,2025-10-21T14:54:57Z,2025-10-21T14:55:27Z,-138.0,104.0
Chet Holmgren,Houston Rockets @ Oklahoma City Thunder,2025-10-21T23:35:00Z,player_rebounds,7.5,fanduel,2025-10-21T14:54:57Z,2025-10-21T14:55:27Z,-104.0,-128.0
Alperen Sengun,Houston Rockets @ Oklahoma City Thunder,2025-10-21T23:35:00Z,player_rebounds,8.5,fanduel,2025-10-21T14:54:57Z,2025-10-21T14:55:27Z,-136.0,102.0
Kevin Durant,Houston Rockets @ Oklahoma City Thunder,2025-10-21T23:35:00Z,player_rebounds,4.5,fanduel,2025-10-21T14:54:57Z,2025-10-21T14:55:27Z,-136.0,102.0
Cason Wallace,Houston Rockets @ Oklahoma City Thunder,2025-10-21T23:35:00Z,player_rebounds,2.5,fanduel,2025-10-21T14:54:57Z,2025-10-21T14:55:27Z,-162.0,122.0
Alperen Sengun,Houston Rockets @ Oklahoma City Thunder,2025-10-21T23:35:00Z,player_steals,1.5,fanduel,2025-10-21T14:54:57Z,2025-10-21T14:55:27Z,178.0,-245.0
Shai Gilgeous-Alexander,Houston Rockets @ Oklahoma City Thunder,2025-10-21T23:35:00Z,player_steals,1.5,fanduel,2025-10-21T14:54:57Z,2025-10-21T14:55:27Z,-122.0,-108.0
Amen Thompson,Houston Rockets @ Oklahoma City Thunder,2025-10-21T23:35:00Z,player_steals,1.5,fanduel,2025-10-21T14:54:57Z,2025-10-21T14:55:27Z,126.0,-168.0
Luguentz Dort,Houston Rockets @ Oklahoma City Thunder,2025-10-21T23:35:00Z,player_steals,1.5,fanduel,2025-10-21T14:54:57Z,2025-10-21T14:55:27Z,162.0,-220.0
Jabari Smith Jr,Houston Rockets @ Oklahoma City Thunder,2025-10-21T23:35:00Z,player_threes,1.5,fanduel,2025-10-21T14:54:57Z,2025-10-21T14:55:27Z,-166.0,124.0
Chet Holmgren,Houston Rockets @ Oklahoma City Thunder,2025-10-21T23:35:00Z,player_threes,1.5,fanduel,2025-10-21T14:54:57Z,2025-10-21T14:55:27Z,100.0,-132.0
Kevin Durant,Houston Rockets @ Oklahoma City Thunder,2025-10-21T23:35:00Z,player_threes,2.5,fanduel,2025-10-21T14:54:57Z,2025-10-21T14:55:27Z,102.0,-136.0
Aaron Wiggins,Houston Rockets @ Oklahoma City Thunder,2025-10-21T23:35:00Z,player_threes,1.5,fanduel,2025-10-21T14:54:57Z,2025-10-21T14:55:27Z,-114.0,-114.0
Luguentz Dort,Houston Rockets @ Oklahoma City Thunder,2025-10-21T23:35:00Z,player_threes,2.5,fanduel,2025-10-21T14:54:57Z,2025-10-21T14:55:27Z,136.0,-182.0
Shai Gilgeous-Alexander,Houston Rockets @ Oklahoma City Thunder,2025-10-21T23:35:00Z,player_threes,1.5,fanduel,2025-10-21T14:54:57Z,2025-10-21T14:55:27Z,-138.0,104.0
Tari Eason,Houston Rockets @ Oklahoma City Thunder,2025-10-21T23:35:00Z,player_threes,1.5,fanduel,2025-10-21T14:54:57Z,2025-10-21T14:55:27Z,148.0,-200.0
Cason Wallace,Houston Rockets @ Oklahoma City Thunder,2025-10-21T23:35:00Z,player_threes,0.5,fanduel,2025-10-21T14:54:57Z,2025-10-21T14:55:27Z,-230.0,168.0
Reed Sheppard,Houston Rockets @ Oklahoma City Thunder,2025-10-21T23:35:00Z,player_threes,1.5,fanduel,2025-10-21T14:54:57Z,2025-10-21T14:55:27Z,-146.0,110.0
Alperen Sengun,Houston Rockets @ Oklahoma City Thunder,2025-10-21T23:35:00Z,player_triple_double,,fanduel,2025-10-21T14:54:57Z,2025-10-21T14:55:27Z,,
Amen Thompson,Houston Rockets @ Oklahoma City Thunder,2025-10-21T23:35:00Z,player_triple_double,,fanduel,2025-10-21T14:54:57Z,2025-10-21T14:55:27Z,,
Shai Gilgeous-Alexander,Houston Rockets @ Oklahoma City Thunder,2025-10-21T23:35:00Z,player_triple_double,,fanduel,2025-10-21T14:54:57Z,2025-10-21T14:55:27Z,,
Amen Thompson,Houston Rockets @ Oklahoma City Thunder,2025-10-21T23:35:00Z,player_assists,5.5,williamhill_us,2025-10-21T14:55:33Z,2025-10-21T14:56:03Z,115.0,-157.0
Cason Wallace,Houston Rockets @ Oklahoma City Thunder,2025-10-21T23:35:00Z,player_assists,2.5,williamhill_us,2025-10-21T14:55:33Z,2025-10-21T14:56:03Z,-104.0,-130.0
Alperen Sengun,Houston Rockets @ Oklahoma City Thunder,2025-10-21T23:35:00Z,player_assists,5.5,williamhill_us,2025-10-21T14:55:33Z,2025-10-21T14:56:03Z,-150.0,102.0
Aaron Wiggins,Houston Rockets @ Oklahoma City Thunder,2025-10-21T23:35:00Z,player_assists,1.5,williamhill_us,2025-10-21T14:55:33Z,2025-10-21T14:56:03Z,-130.0,-105.0
Shai Gilgeous-Alexander,Houston Rockets @ Oklahoma City Thunder,2025-10-21T23:35:00Z,player_assists,6.5,williamhill_us,2025-10-21T14:55:33Z,2025-10-21T14:56:03Z,-120.0,-113.0
Kevin Durant,Houston Rockets @ Oklahoma City Thunder,2025-10-21T23:35:00Z,player_assists,3.5,williamhill_us,2025-10-21T14:55:33Z,2025-10-21T14:56:03Z,-140.0,100.0
Reed Sheppard,Houston Rockets @ Oklahoma City Thunder,2025-10-21T23:35:00Z,player_assists,2.5,williamhill_us,2025-10-21T14:55:33Z,2025-10-21T14:56:03Z,-124.0,-109.0
Isaiah Hartenstein,Houston Rockets @ Oklahoma City Thunder,2025-10-21T23:35:00Z,player_assists,3.5,williamhill_us,2025-10-21T14:55:33Z,2025-10-21T14:56:03Z,125.0,-170.0
Chet Holmgren,Houston Rockets @ Oklahoma City Thunder,2025-10-21T23:35:00Z,player_assists,1.5,williamhill_us,2025-10-21T14:55:33Z,2025-10-21T14:56:03Z,-115.0,-115.0
Alperen Sengun,Houston Rockets @ Oklahoma City Thunder,2025-10-21T23:35:00Z,player_double_double,,williamhill_us,2025-10-21T14:55:33Z,2025-10-21T14:56:03Z,,
Isaiah Hartenstein,Houston Rockets @ Oklahoma City Thunder,2025-10-21T23:35:00Z,player_double_double,,williamhill_us,2025-10-21T14:55:33Z,2025-10-21T14:56:03Z,,
Chet Holmgren,Houston Rockets @ Oklahoma City Thunder,2025-10-21T23:35:00Z,player_double_double,,williamhill_us,2025-10-21T14:55:33Z,2025-10-21T14:56:03Z,,
Amen Thompson,Houston Rockets @ Oklahoma City Thunder,2025-10-21T23:35:00Z,player_double_double,,williamhill_us,2025-10-21T14:55:33Z,2025-10-21T14:56:03Z,,
Shai Gilgeous-Alexander,Houston Rockets @ Oklahoma City Thunder,2025-10-21T23:35:00Z,player_double_double,,williamhill_us,2025-10-21T14:55:33Z,2025-10-21T14:56:03Z,,
Jabari Smith Jr,Houston Rockets @ Oklahoma City Thunder,2025-10-21T23:35:00Z,player_double_double,,williamhill_us,2025-10-21T14:55:33Z,2025-10-21T14:56:03Z,,
Steven Adams,Houston Rockets @ Oklahoma City Thunder,2025-10-21T23:35:00Z,player_double_double,,williamhill_us,2025-10-21T14:55:33Z,2025-10-21T14:56:03Z,,
Kevin Durant,Houston Rockets @ Oklahoma City Thunder,2025-10-21T23:35:00Z,player_double_double,,williamhill_us,2025-10-21T14:55:33Z,2025-10-21T14:56:03Z,,
Tari Eason,Houston Rockets @ Oklahoma City Thunder,2025-10-21T23:35:00Z,player_double_double,,williamhill_us,2025-10-21T14:55:33Z,2025-10-21T14:56:03Z,,
Reed Sheppard,Houston Rockets @ Oklahoma City Thunder,2025-10-21T23:35:00Z,player_points,8.5,williamhill_us,2025-10-21T14:55:33Z,2025-10-21T14:56:03Z,-113.0,-120.0
Luguentz Dort,Houston Rockets @ Oklahoma City Thunder,2025-10-21T23:35:00Z,player_points,9.5,williamhill_us,2025-10-21T14:55:33Z,2025-10-21T14:56:03Z,100.0,-135.0
Shai Gilgeous-Alexander,Houston Rockets @ Oklahoma City Thunder,2025-10-21T23:35:00Z,player_points,32.5,williamhill_us,2025-10-21T14:55:33Z,2025-10-21T14:56:03Z,-102.0,-135.0
Amen Thompson,Houston Rockets @ Oklahoma City Thunder,2025-10-21T23:35:00Z,player_points,15.5,williamhill_us,2025-10-21T14:55:33Z,2025-10-21T14:56:03Z,-102.0,-130.0
Chet Holmgren,Houston Rockets @ Oklahoma City Thunder,2025-10-21T23:35:00Z,player_points,16.5,williamhill_us,2025-10-21T14:55:33Z,2025-10-21T14:56:03Z,-122.0,-110.0
Aaron Wiggins,Houston Rockets @ Oklahoma City Thunder,2025-10-21T23:35:00Z,player_points,11.5,williamhill_us,2025-10-21T14:55:33Z,2025-10-21T14:56:03Z,-121.0,-112.0
Jabari Smith Jr,Houston Rockets @ Oklahoma City Thunder,2025-10-21T23:35:00Z,player_points,11.5,williamhill_us,2025-10-21T14:55:33Z,2025-10-21T14:56:03Z,-122.0,-110.0
Isaiah Hartenstein,Houston Rockets @ Oklahoma City Thunder,2025-10-21T23:35:00Z,player_points,10.5,williamhill_us,2025-10-21T14:55:33Z,2025-10-21T14:56:03Z,-121.0,-112.0
Steven Adams,Houston Rockets @ Oklahoma City Thunder,2025-10-21T23:35:00Z,player_points,5.5,williamhill_us,2025-10-21T14:55:33Z,2025-10-21T14:56:03Z,-125.0,-107.0
Alperen Sengun,Houston Rockets @ Oklahoma City Thunder,2025-10-21T23:35:00Z,player_points,18.5,williamhill_us,2025-10-21T14:55:33Z,2025-10-21T14:56:03Z,-110.0,-125.0
Tari Eason,Houston Rockets @ Oklahoma City Thunder,2025-10-21T23:35:00Z,player_points,9.5,williamhill_us,2025-10-21T14:55:33Z,2025-10-21T14:56:03Z,-160.0,108.0
Kevin Durant,Houston Rockets @ Oklahoma City Thunder,2025-10-21T23:35:00Z,player_points,23.5,williamhill_us,2025-10-21T14:55:33Z,2025-10-21T14:56:03Z,-113.0,-120.0
Cason Wallace,Houston Rockets @ Oklahoma City Thunder,2025-10-21T23:35:00Z,player_points,7.5,williamhill_us,2025-10-21T14:55:33Z,2025-10-21T14:56:03Z,-137.0,100.0
Steven Adams,Houston Rockets @ Oklahoma City Thunder,2025-10-21T23:35:00Z,player_rebounds,6.5,williamhill_us,2025-10-21T14:55:33Z,2025-10-21T14:56:03Z,-155.0,108.0
Jabari Smith Jr,Houston Rockets @ Oklahoma City Thunder,2025-10-21T23:35:00Z,player_rebounds,5.5,williamhill_us,2025-10-21T14:55:33Z,2025-10-21T14:56:03Z,-154.0,110.0
Kevin Durant,Houston Rockets @ Oklahoma City Thunder,2025-10-21T23:35:00Z,player_rebounds,4.5,williamhill_us,2025-10-21T14:55:33Z,2025-10-21T14:56:03Z,-145.0,108.0
Amen Thompson,Houston Rockets @ Oklahoma City Thunder,2025-10-21T23:35:00Z,player_rebounds,6.5,williamhill_us,2025-10-21T14:55:33Z,2025-10-21T14:56:03Z,-145.0,105.0
Isaiah Hartenstein,Houston Rockets @ Oklahoma City Thunder,2025-10-21T23:35:00Z,player_rebounds,8.5,williamhill_us,2025-10-21T14:55:33Z,2025-10-21T14:56:03Z,-129.0,-105.0
Luguentz Dort,Houston Rockets @ Oklahoma City Thunder,2025-10-21T23:35:00Z,player_rebounds,3.5,williamhill_us,2025-10-21T14:55:33Z,2025-10-21T14:56:03Z,-121.0,-112.0
Tari Eason,Houston Rockets @ Oklahoma City Thunder,2025-10-21T23:35:00Z,player_rebounds,4.5,williamhill_us,2025-10-21T14:55:33Z,2025-10-21T14:56:03Z,-150.0,110.0
Shai Gilgeous-Alexander,Houston Rockets @ Oklahoma City Thunder,2025-10-21T23:35:00Z,player_rebounds,4.5,williamhill_us,2025-10-21T14:55:33Z,2025-10-21T14:56:03Z,-105.0,-129.0
Cason Wallace,Houston Rockets @ Oklahoma City Thunder,2025-10-21T23:35:00Z,player_rebounds,2.5,williamhill_us,2025-10-21T14:55:33Z,2025-10-21T14:56:03Z,-134.0,100.0
Aaron Wiggins,Houston Rockets @ Oklahoma City Thunder,2025-10-21T23:35:00Z,player_rebounds,3.5,williamhill_us,2025-10-21T14:55:33Z,2025-10-21T14:56:03Z,120.0,-170.0
Alperen Sengun,Houston Rockets @ Oklahoma City Thunder,2025-10-21T23:35:00Z,player_rebounds,9.5,williamhill_us,2025-10-21T14:55:33Z,2025-10-21T14:56:03Z,110.0,-152.0
Chet Holmgren,Houston Rockets @ Oklahoma City Thunder,2025-10-21T23:35:00Z,player_rebounds,7.5,williamhill_us,2025-10-21T14:55:33Z,2025-10-21T14:56:03Z,-113.0,-120.0
Jabari Smith Jr,Houston Rockets @ Oklahoma City Thunder,2025-10-21T23:35:00Z,player_threes,1.5,williamhill_us,2025-10-21T14:55:33Z,2025-10-21T14:56:03Z,-173.0,125.0
Shai Gilgeous-Alexander,Houston Rockets @ Oklahoma City Thunder,2025-10-21T23:35:00Z,player_threes,1.5,williamhill_us,2025-10-21T14:55:33Z,2025-10-21T14:56:03Z,-160.0,111.0
Aaron Wiggins,Houston Rockets @ Oklahoma City Thunder,2025-10-21T23:35:00Z,player_threes,1.5,williamhill_us,2025-10-21T14:55:33Z,2025-10-21T14:56:03Z,-120.0,-112.0
Reed Sheppard,Houston Rockets @ Oklahoma City Thunder,2025-10-21T23:35:00Z,player_threes,1.5,williamhill_us,2025-10-21T14:55:33Z,2025-10-21T14:56:03Z,-152.0,110.0
Luguentz Dort,Houston Rockets @ Oklahoma City Thunder,2025-10-21T23:35:00Z,player_threes,2.5,williamhill_us,2025-10-21T14:55:33Z,2025-10-21T14:56:03Z,135.0,-190.0
Cason Wallace,Houston Rockets @ Oklahoma City Thunder,2025-10-21T23:35:00Z,player_threes,0.5,williamhill_us,2025-10-21T14:55:33Z,2025-10-21T14:56:03Z,-240.0,170.0
Tari Eason,Houston Rockets @ Oklahoma City Thunder,2025-10-21T23:35:00Z,player_threes,1.5,williamhill_us,2025-10-21T14:55:33Z,2025-10-21T14:56:03Z,150.0,-213.0
Chet Holmgren,Houston Rockets @ Oklahoma City Thunder,2025-10-21T23:35:00Z,player_threes,1.5,williamhill_us,2025-10-21T14:55:33Z,2025-10-21T14:56:03Z,-110.0,-127.0
Kevin Durant,Houston Rockets @ Oklahoma City Thunder,2025-10-21T23:35:00Z,player_threes,2.5,williamhill_us,2025-10-21T14:55:33Z,2025-10-21T14:56:03Z,-106.0,-127.0
Amen Thompson,Houston Rockets @ Oklahoma City Thunder,2025-10-21T23:35:00Z,player_triple_double,,williamhill_us,2025-10-21T14:55:33Z,2025-10-21T14:56:03Z,,
Alperen Sengun,Houston Rockets @ Oklahoma City Thunder,2025-10-21T23:35:00Z,player_triple_double,,williamhill_us,2025-10-21T14:55:33Z,2025-10-21T14:56:03Z,,
Alperen Sengun,Houston Rockets @ Oklahoma City Thunder,2025-10-21T23:35:00Z,player_assists,4.5,bovada,2025-10-21T14:55:00Z,2025-10-21T14:55:22Z,-260.0,190.0
Alperen Sengun,Houston Rockets @ Oklahoma City Thunder,2025-10-21T23:35:00Z,player_assists,5.5,bovada,2025-10-21T14:55:00Z,2025-10-21T14:55:22Z,-130.0,100.0
Alperen Sengun,Houston Rockets @ Oklahoma City Thunder,2025-10-21T23:35:00Z,player_assists,6.5,bovada,2025-10-21T14:55:00Z,2025-10-21T14:55:22Z,145.0,-190.0
Amen Thompson,Houston Rockets @ Oklahoma City Thunder,2025-10-21T23:35:00Z,player_assists,4.5,bovada,2025-10-21T14:55:00Z,2025-10-21T14:55:22Z,-145.0,110.0
Amen Thompson,Houston Rockets @ Oklahoma City Thunder,2025-10-21T23:35:00Z,player_assists,5.5,bovada,2025-10-21T14:55:00Z,2025-10-21T14:55:22Z,135.0,-180.0
Isaiah Hartenstein,Houston Rockets @ Oklahoma City Thunder,2025-10-21T23:35:00Z,player_assists,2.5,bovada,2025-10-21T14:55:00Z,2025-10-21T14:55:22Z,-200.0,150.0
Isaiah Hartenstein,Houston Rockets @ Oklahoma City Thunder,2025-10-21T23:35:00Z,player_assists,3.5,bovada,2025-10-21T14:55:00Z,2025-10-21T14:55:22Z,125.0,-165.0
Jalen Williams,Houston Rockets @ Oklahoma City Thunder,2025-10-21T23:35:00Z,player_assists,3.5,bovada,2025-10-21T14:55:00Z,2025-10-21T14:55:22Z,-230.0,170.0
Jalen Williams,Houston Rockets @ Oklahoma City Thunder,2025-10-21T23:35:00Z,player_assists,4.5,bovada,2025-10-21T14:55:00Z,2025-10-21T14:55:22Z,-105.0,-125.0
Jalen Williams,Houston Rockets @ Oklahoma City Thunder,2025-10-21T23:35:00Z,player_assists,5.5,bovada,2025-10-21T14:55:00Z,2025-10-21T14:55:22Z,190.0,-260.0
Kevin Durant,Houston Rockets @ Oklahoma City Thunder,2025-10-21T23:35:00Z,player_assists,3.5,bovada,2025-10-21T14:55:00Z,2025-10-21T14:55:22Z,-125.0,-105.0
Kevin Durant,Houston Rockets @ Oklahoma City Thunder,2025-10-21T23:35:00Z,player_assists,4.5,bovada,2025-10-21T14:55:00Z,2025-10-21T14:55:22Z,170.0,-230.0
Shai Gilgeous-Alexander,Houston Rockets @ Oklahoma City Thunder,2025-10-21T23:35:00Z,player_assists,5.5,bovada,2025-10-21T14:55:00Z,2025-10-21T14:55:22Z,-220.0,165.0
Shai Gilgeous-Alexander,Houston Rockets @ Oklahoma City Thunder,2025-10-21T23:35:00Z,player_assists,6.5,bovada,2025-10-21T14:55:00Z,2025-10-21T14:55:22Z,-115.0,-115.0
Shai Gilgeous-Alexander,Houston Rockets @ Oklahoma City Thunder,2025-10-21T23:35:00Z,player_assists,7.5,bovada,2025-10-21T14:55:00Z,2025-10-21T14:55:22Z,155.0,-210.0
Alperen Sengun,Houston Rockets @ Oklahoma City Thunder,2025-10-21T23:35:00Z,player_double_double,,bovada,2025-10-21T14:55:00Z,2025-10-21T14:55:22Z,,
Isaiah Hartenstein,Houston Rockets @ Oklahoma City Thunder,2025-10-21T23:35:00Z,player_double_double,,bovada,2025-10-21T14:55:00Z,2025-10-21T14:55:22Z,,
Amen Thompson,Houston Rockets @ Oklahoma City Thunder,2025-10-21T23:35:00Z,player_double_double,,bovada,2025-10-21T14:55:00Z,2025-10-21T14:55:22Z,,
Chet Holmgren,Houston Rockets @ Oklahoma City Thunder,2025-10-21T23:35:00Z,player_double_double,,bovada,2025-10-21T14:55:00Z,2025-10-21T14:55:22Z,,
Shai Gilgeous-Alexander,Houston Rockets @ Oklahoma City Thunder,2025-10-21T23:35:00Z,player_double_double,,bovada,2025-10-21T14:55:00Z,2025-10-21T14:55:22Z,,
Jabari Smith Jr,Houston Rockets @ Oklahoma City Thunder,2025-10-21T23:35:00Z,player_double_double,,bovada,2025-10-21T14:55:00Z,2025-10-21T14:55:22Z,,
Kevin Durant,Houston Rockets @ Oklahoma City Thunder,2025-10-21T23:35:00Z,player_double_double,,bovada,2025-10-21T14:55:00Z,2025-10-21T14:55:22Z,,
Aaron Wiggins,Houston Rockets @ Oklahoma City Thunder,2025-10-21T23:35:00Z,player_points,9.5,bovada,2025-10-21T14:55:00Z,2025-10-21T14:55:22Z,-220.0,165.0
Aaron Wiggins,Houston Rockets @ Oklahoma City Thunder,2025-10-21T23:35:00Z,player_points,10.5,bovada,2025-10-21T14:55:00Z,2025-10-21T14:55:22Z,-165.0,125.0
Aaron Wiggins,Houston Rockets @ Oklahoma City Thunder,2025-10-21T23:35:00Z,player_points,11.5,bovada,2025-10-21T14:55:00Z,2025-10-21T14:55:22Z,-120.0,-110.0
Aaron Wiggins,Houston Rockets @ Oklahoma City Thunder,2025-10-21T23:35:00Z,player_points,12.5,bovada,2025-10-21T14:55:00Z,2025-10-21T14:55:22Z,110.0,-145.0
Aaron Wiggins,Houston Rockets @ Oklahoma City Thunder,2025-10-21T23:35:00Z,player_points,13.5,bovada,2025-10-21T14:55:00Z,2025-10-21T14:55:22Z,145.0,-190.0
Aaron Wiggins,Houston Rockets @ Oklahoma City Thunder,2025-10-21T23:35:00Z,player_points,14.5,bovada,2025-10-21T14:55:00Z,2025-10-21T14:55:22Z,185.0,-250.0
Alex Caruso,Houston Rockets @ Oklahoma City Thunder,2025-10-21T23:35:00Z,player_points,6.5,bovada,2025-10-21T14:55:00Z,2025-10-21T14:55:22Z,-250.0,185.0
Alex Caruso,Houston Rockets @ Oklahoma City Thunder,2025-10-21T23:35:00Z,player_points,7.5,bovada,2025-10-21T14:55:00Z,2025-10-21T14:55:22Z,-170.0,130.0
Alex Caruso,Houston Rockets @ Oklahoma City Thunder,2025-10-21T23:35:00Z,player_points,8.5,bovada,2025-10-21T14:55:00Z,2025-10-21T14:55:22Z,-120.0,-110.0
Alex Caruso,Houston Rockets @ Oklahoma City Thunder,2025-10-21T23:35:00Z,player_points,9.5,bovada,2025-10-21T14:55:00Z,2025-10-21T14:55:22Z,115.0,-150.0
Alex Caruso,Houston Rockets @ Oklahoma City Thunder,2025-10-21T23:35:00Z,player_points,10.5,bovada,2025-10-21T14:55:00Z,2025-10-21T14:55:22Z,155.0,-210.0
Alex Caruso,Houston Rockets @ Oklahoma City Thunder,2025-10-21T23:35:00Z,player_points,11.5,bovada,2025-10-21T14:55:00Z,2025-10-21T14:55:22Z,205.0,-280.0
Alperen Sengun,Houston Rockets @ Oklahoma City Thunder,2025-10-21T23:35:00Z,player_points,15.5,bovada,2025-10-21T14:55:00Z,2025-10-21T14:55:22Z,-230.0,170.0
Alperen Sengun,Houston Rockets @ Oklahoma City Thunder,2025-10-21T23:35:00Z,player_points,16.5,bovada,2025-10-21T14:55:00Z,2025-10-21T14:55:22Z,-180.0,135.0
Alperen Sengun,Houston Rockets @ Oklahoma City Thunder,2025-10-21T23:35:00Z,player_points,17.5,bovada,2025-10-21T14:55:00Z,2025-10-21T14:55:22Z,-135.0,105.0
Alperen Sengun,Houston Rockets @ Oklahoma City Thunder,2025-10-21T23:35:00Z,player_points,18.5,bovada,2025-10-21T14:55:00Z,2025-10-21T14:55:22Z,-110.0,-120.0
Alperen Sengun,Houston Rockets @ Oklahoma City Thunder,2025-10-21T23:35:00Z,player_points,19.5,bovada,2025-10-21T14:55:00Z,2025-10-21T14:55:22Z,115.0,-150.0
Alperen Sengun,Houston Rockets @ Oklahoma City Thunder,2025-10-21T23:35:00Z,player_points,20.5,bovada,2025-10-21T14:55:00Z,2025-10-21T14:55:22Z,140.0,-185.0
Alperen Sengun,Houston Rockets @ Oklahoma City Thunder,2025-10-21T23:35:00Z,player_points,21.5,bovada,2025-10-21T14:55:00Z,2025-10-21T14:55:22Z,175.0,-240.0
Amen Thompson,Houston Rockets @ Oklahoma City Thunder,2025-10-21T23:35:00Z,player_points,12.5,bovada,2025-10-21T14:55:00Z,2025-10-21T14:55:22Z,-230.0,170.0
Amen Thompson,Houston Rockets @ Oklahoma City Thunder,2025-10-21T23:35:00Z,player_points,13.5,bovada,2025-10-21T14:55:00Z,2025-10-21T14:55:22Z,-170.0,130.0
Amen Thompson,Houston Rockets @ Oklahoma City Thunder,2025-10-21T23:35:00Z,player_points,14.5,bovada,2025-10-21T14:55:00Z,2025-10-21T14:55:22Z,-130.0,100.0
Amen Thompson,Houston Rockets @ Oklahoma City Thunder,2025-10-21T23:35:00Z,player_points,15.5,bovada,2025-10-21T14:55:00Z,2025-10-21T14:55:22Z,100.0,-130.0
Amen Thompson,Houston Rockets @ Oklahoma City Thunder,2025-10-21T23:35:00Z,player_points,16.5,bovada,2025-10-21T14:55:00Z,2025-10-21T14:55:22Z,125.0,-165.0
Amen Thompson,Houston Rockets @ Oklahoma City Thunder,2025-10-21T23:35:00Z,player_points,17.5,bovada,2025-10-21T14:55:00Z,2025-10-21T14:55:22Z,160.0,-215.0
Amen Thompson,Houston Rockets @ Oklahoma City Thunder,2025-10-21T23:35:00Z,player_points,18.5,bovada,2025-10-21T14:55:00Z,2025-10-21T14:55:22Z,200.0,-275.0
Chet Holmgren,Houston Rockets @ Oklahoma City Thunder,2025-10-21T23:35:00Z,player_points,13.5,bovada,2025-10-21T14:55:00Z,2025-10-21T14:55:22Z,-290.0,210.0
Chet Holmgren,Houston Rockets @ Oklahoma City Thunder,2025-10-21T23:35:00Z,player_points,14.5,bovada,2025-10-21T14:55:00Z,2025-10-21T14:55:22Z,-215.0,160.0
Chet Holmgren,Houston Rockets @ Oklahoma City Thunder,2025-10-21T23:35:00Z,player_points,15.5,bovada,2025-10-21T14:55:00Z,2025-10-21T14:55:22Z,-165.0,125.0
Chet Holmgren,Houston Rockets @ Oklahoma City Thunder,2025-10-21T23:35:00Z,player_points,16.5,bovada,2025-10-21T14:55:00Z,2025-10-21T14:55:22Z,-125.0,-105.0
Chet Holmgren,Houston Rockets @ Oklahoma City Thunder,2025-10-21T23:35:00Z,player_points,17.5,bovada,2025-10-21T14:55:00Z,2025-10-21T14:55:22Z,100.0,-130.0
Chet Holmgren,Houston Rockets @ Oklahoma City Thunder,2025-10-21T23:35:00Z,player_points,18.5,bovada,2025-10-21T14:55:00Z,2025-10-21T14:55:22Z,125.0,-165.0
Chet Holmgren,Houston Rockets @ Oklahoma City Thunder,2025-10-21T23:35:00Z,player_points,19.5,bovada,2025-10-21T14:55:00Z,2025-10-21T14:55:22Z,155.0,-210.0
Chet Holmgren,Houston Rockets @ Oklahoma City Thunder,2025-10-21T23:35:00Z,player_points,20.5,bovada,2025-10-21T14:55:00Z,2025-10-21T14:55:22Z,190.0,-260.0
Isaiah Hartenstein,Houston Rockets @ Oklahoma City Thunder,2025-10-21T23:35:00Z,player_points,8.5,bovada,2025-10-21T14:55:00Z,2025-10-21T14:55:22Z,-210.0,155.0
Isaiah Hartenstein,Houston Rockets @ Oklahoma City Thunder,2025-10-21T23:35:00Z,player_points,9.5,bovada,2025-10-21T14:55:00Z,2025-10-21T14:55:22Z,-150.0,115.0
Isaiah Hartenstein,Houston Rockets @ Oklahoma City Thunder,2025-10-21T23:35:00Z,player_points,10.5,bovada,2025-10-21T14:55:00Z,2025-10-21T14:55:22Z,-110.0,-120.0
Isaiah Hartenstein,Houston Rockets @ Oklahoma City Thunder,2025-10-21T23:35:00Z,player_points,11.5,bovada,2025-10-21T14:55:00Z,2025-10-21T14:55:22Z,120.0,-160.0
Isaiah Hartenstein,Houston Rockets @ Oklahoma City Thunder,2025-10-21T23:35:00Z,player_points,12.5,bovada,2025-10-21T14:55:00Z,2025-10-21T14:55:22Z,160.0,-215.0
Isaiah Hartenstein,Houston Rockets @ Oklahoma City Thunder,2025-10-21T23:35:00Z,player_points,13.5,bovada,2025-10-21T14:55:00Z,2025-10-21T14:55:22Z,210.0,-290.0
Jabari Smith Jr,Houston Rockets @ Oklahoma City Thunder,2025-10-21T23:35:00Z,player_points,9.5,bovada,2025-10-21T14:55:00Z,2025-10-21T14:55:22Z,-240.0,175.0
Jabari Smith Jr,Houston Rockets @ Oklahoma City Thunder,2025-10-21T23:35:00Z,player_points,10.5,bovada,2025-10-21T14:55:00Z,2025-10-21T14:55:22Z,-170.0,130.0
Jabari Smith Jr,Houston Rockets @ Oklahoma City Thunder,2025-10-21T23:35:00Z,player_points,11.5,bovada,2025-10-21T14:55:00Z,2025-10-21T14:55:22Z,-125.0,-105.0
Jabari Smith Jr,Houston Rockets @ Oklahoma City Thunder,2025-10-21T23:35:00Z,player_points,12.5,bovada,2025-10-21T14:55:00Z,2025-10-21T14:55:22Z,105.0,-135.0
Jabari Smith Jr,Houston Rockets @ Oklahoma City Thunder,2025-10-21T23:35:00Z,player_points,13.5,bovada,2025-10-21T14:55:00Z,2025-10-21T14:55:22Z,135.0,-180.0
Jabari Smith Jr,Houston Rockets @ Oklahoma City Thunder,2025-10-21T23:35:00Z,player_points,14.5,bovada,2025-10-21T14:55:00Z,2025-10-21T14:55:22Z,175.0,-240.0
Jalen Williams,Houston Rockets @ Oklahoma City Thunder,2025-10-21T23:35:00Z,player_points,17.5,bovada,2025-10-21T14:55:00Z,2025-10-21T14:55:22Z,-245.0,180.0
Jalen Williams,Houston Rockets @ Oklahoma City Thunder,2025-10-21T23:35:00Z,player_points,18.5,bovada,2025-10-21T14:55:00Z,2025-10-21T14:55:22Z,-190.0,145.0
Jalen Williams,Houston Rockets @ Oklahoma City Thunder,2025-10-21T23:35:00Z,player_points,19.5,bovada,2025-10-21T14:55:00Z,2025-10-21T14:55:22Z,-150.0,115.0
Jalen Williams,Houston Rockets @ Oklahoma City Thunder,2025-10-21T23:35:00Z,player_points,20.5,bovada,2025-10-21T14:55:00Z,2025-10-21T14:55:22Z,-120.0,-110.0
Jalen Williams,Houston Rockets @ Oklahoma City Thunder,2025-10-21T23:35:00Z,player_points,21.5,bovada,2025-10-21T14:55:00Z,2025-10-21T14:55:22Z,105.0,-135.0
Jalen Williams,Houston Rockets @ Oklahoma City Thunder,2025-10-21T23:35:00Z,player_points,22.5,bovada,2025-10-21T14:55:00Z,2025-10-21T14:55:22Z,130.0,-170.0
Jalen Williams,Houston Rockets @ Oklahoma City Thunder,2025-10-21T23:35:00Z,player_points,23.5,bovada,2025-10-21T14:55:00Z,2025-10-21T14:55:22Z,155.0,-210.0
Jalen Williams,Houston Rockets @ Oklahoma City Thunder,2025-10-21T23:35:00Z,player_points,24.5,bovada,2025-10-21T14:55:00Z,2025-10-21T14:55:22Z,190.0,-260.0
Kevin Durant,Houston Rockets @ Oklahoma City Thunder,2025-10-21T23:35:00Z,player_points,20.5,bovada,2025-10-21T14:55:00Z,2025-10-21T14:55:22Z,-260.0,190.0
Kevin Durant,Houston Rockets @ Oklahoma City Thunder,2025-10-21T23:35:00Z,player_points,21.5,bovada,2025-10-21T14:55:00Z,2025-10-21T14:55:22Z,-200.0,150.0
Kevin Durant,Houston Rockets @ Oklahoma City Thunder,2025-10-21T23:35:00Z,player_points,22.5,bovada,2025-10-21T14:55:00Z,2025-10-21T14:55:22Z,-160.0,120.0
Kevin Durant,Houston Rockets @ Oklahoma City Thunder,2025-10-21T23:35:00Z,player_points,23.5,bovada,2025-10-21T14:55:00Z,2025-10-21T14:55:22Z,-130.0,100.0
Kevin Durant,Houston Rockets @ Oklahoma City Thunder,2025-10-21T23:35:00Z,player_points,24.5,bovada,2025-10-21T14:55:00Z,2025-10-21T14:55:22Z,-105.0,-125.0
Kevin Durant,Houston Rockets @ Oklahoma City Thunder,2025-10-21T23:35:00Z,player_points,25.5,bovada,2025-10-21T14:55:00Z,2025-10-21T14:55:22Z,115.0,-150.0
Kevin Durant,Houston Rockets @ Oklahoma City Thunder,2025-10-21T23:35:00Z,player_points,26.5,bovada,2025-10-21T14:55:00Z,2025-10-21T14:55:22Z,140.0,-185.0
Kevin Durant,Houston Rockets @ Oklahoma City Thunder,2025-10-21T23:35:00Z,player_points,27.5,bovada,2025-10-21T14:55:00Z,2025-10-21T14:55:22Z,165.0,-220.0
Kevin Durant,Houston Rockets @ Oklahoma City Thunder,2025-10-21T23:35:00Z,player_points,28.5,bovada,2025-10-21T14:55:00Z,2025-10-21T14:55:22Z,200.0,-275.0
Luguentz Dort,Houston Rockets @ Oklahoma City Thunder,2025-10-21T23:35:00Z,player_points,7.5,bovada,2025-10-21T14:55:00Z,2025-10-21T14:55:22Z,-210.0,155.0
Luguentz Dort,Houston Rockets @ Oklahoma City Thunder,2025-10-21T23:35:00Z,player_points,8.5,bovada,2025-10-21T14:55:00Z,2025-10-21T14:55:22Z,-145.0,110.0
Luguentz Dort,Houston Rockets @ Oklahoma City Thunder,2025-10-21T23:35:00Z,player_points,9.5,bovada,2025-10-21T14:55:00Z,2025-10-21T14:55:22Z,-105.0,-125.0
Luguentz Dort,Houston Rockets @ Oklahoma City Thunder,2025-10-21T23:35:00Z,player_points,10.5,bovada,2025-10-21T14:55:00Z,2025-10-21T14:55:22Z,130.0,-170.0
Luguentz Dort,Houston Rockets @ Oklahoma City Thunder,2025-10-21T23:35:00Z,player_points,11.5,bovada,2025-10-21T14:55:00Z,2025-10-21T14:55:22Z,170.0,-230.0
Reed Sheppard,Houston Rockets @ Oklahoma City Thunder,2025-10-21T23:35:00Z,player_points,6.5,bovada,2025-10-21T14:55:00Z,2025-10-21T14:55:22Z,-210.0,155.0
Reed Sheppard,Houston Rockets @ Oklahoma City Thunder,2025-10-21T23:35:00Z,player_points,7.5,bovada,2025-10-21T14:55:00Z,2025-10-21T14:55:22Z,-145.0,110.0
Reed Sheppard,Houston Rockets @ Oklahoma City Thunder,2025-10-21T23:35:00Z,player_points,8.5,bovada,2025-10-21T14:55:00Z,2025-10-21T14:55:22Z,100.0,-130.0
Reed Sheppard,Houston Rockets @ Oklahoma City Thunder,2025-10-21T23:35:00Z,player_points,9.5,bovada,2025-10-21T14:55:00Z,2025-10-21T14:55:22Z,135.0,-180.0
Reed Sheppard,Houston Rockets @ Oklahoma City Thunder,2025-10-21T23:35:00Z,player_points,10.5,bovada,2025-10-21T14:55:00Z,2025-10-21T14:55:22Z,185.0,-250.0
Shai Gilgeous-Alexander,Houston Rockets @ Oklahoma City Thunder,2025-10-21T23:35:00Z,player_points,27.5,bovada,2025-10-21T14:55:00Z,2025-10-21T14:55:22Z,-260.0,190.0
Shai Gilgeous-Alexander,Houston Rockets @ Oklahoma City Thunder,2025-10-21T23:35:00Z,player_points,28.5,bovada,2025-10-21T14:55:00Z,2025-10-21T14:55:22Z,-210.0,155.0
Shai Gilgeous-Alexander,Houston Rockets @ Oklahoma City Thunder,2025-10-21T23:35:00Z,player_points,29.5,bovada,2025-10-21T14:55:00Z,2025-10-21T14:55:22Z,-170.0,130.0
Shai Gilgeous-Alexander,Houston Rockets @ Oklahoma City Thunder,2025-10-21T23:35:00Z,player_points,30.5,bovada,2025-10-21T14:55:00Z,2025-10-21T14:55:22Z,-145.0,110.0
Shai Gilgeous-Alexander,Houston Rockets @ Oklahoma City Thunder,2025-10-21T23:35:00Z,player_points,31.5,bovada,2025-10-21T14:55:00Z,2025-10-21T14:55:22Z,-120.0,-110.0
Shai Gilgeous-Alexander,Houston Rockets @ Oklahoma City Thunder,2025-10-21T23:35:00Z,player_points,32.5,bovada,2025-10-21T14:55:00Z,2025-10-21T14:55:22Z,100.0,-130.0
Shai Gilgeous-Alexander,Houston Rockets @ Oklahoma City Thunder,2025-10-21T23:35:00Z,player_points,33.5,bovada,2025-10-21T14:55:00Z,2025-10-21T14:55:22Z,120.0,-160.0
Shai Gilgeous-Alexander,Houston Rockets @ Oklahoma City Thunder,2025-10-21T23:35:00Z,player_points,34.5,bovada,2025-10-21T14:55:00Z,2025-10-21T14:55:22Z,140.0,-185.0
Shai Gilgeous-Alexander,Houston Rockets @ Oklahoma City Thunder,2025-10-21T23:35:00Z,player_points,35.5,bovada,2025-10-21T14:55:00Z,2025-10-21T14:55:22Z,165.0,-220.0
Shai Gilgeous-Alexander,Houston Rockets @ Oklahoma City Thunder,2025-10-21T23:35:00Z,player_points,36.5,bovada,2025-10-21T14:55:00Z,2025-10-21T14:55:22Z,190.0,-260.0
Tari Eason,Houston Rockets @ Oklahoma City Thunder,2025-10-21T23:35:00Z,player_points,8.5,bovada,2025-10-21T14:55:00Z,2025-10-21T14:55:22Z,-215.0,160.0
Tari Eason,Houston Rockets @ Oklahoma City Thunder,2025-10-21T23:35:00Z,player_points,9.5,bovada,2025-10-21T14:55:00Z,2025-10-21T14:55:22Z,-150.0,115.0
Tari Eason,Houston Rockets @ Oklahoma City Thunder,2025-10-21T23:35:00Z,player_points,10.5,bovada,2025-10-21T14:55:00Z,2025-10-21T14:55:22Z,-110.0,-120.0
Tari Eason,Houston Rockets @ Oklahoma City Thunder,2025-10-21T23:35:00Z,player_points,11.5,bovada,2025-10-21T14:55:00Z,2025-10-21T14:55:22Z,120.0,-160.0
Tari Eason,Houston Rockets @ Oklahoma City Thunder,2025-10-21T23:35:00Z,player_points,12.5,bovada,2025-10-21T14:55:00Z,2025-10-21T14:55:22Z,160.0,-215.0
Tari Eason,Houston Rockets @ Oklahoma City Thunder,2025-10-21T23:35:00Z,player_points,13.5,bovada,2025-10-21T14:55:00Z,2025-10-21T14:55:22Z,205.0,-280.0
Aaron Wiggins,Houston Rockets @ Oklahoma City Thunder,2025-10-21T23:35:00Z,player_points_rebounds_assists,13.5,bovada,2025-10-21T14:55:00Z,2025-10-21T14:55:22Z,-260.0,190.0
Aaron Wiggins,Houston Rockets @ Oklahoma City Thunder,2025-10-21T23:35:00Z,player_points_rebounds_assists,14.5,bovada,2025-10-21T14:55:00Z,2025-10-21T14:55:22Z,-190.0,145.0
Aaron Wiggins,Houston Rockets @ Oklahoma City Thunder,2025-10-21T23:35:00Z,player_points_rebounds_assists,15.5,bovada,2025-10-21T14:55:00Z,2025-10-21T14:55:22Z,-150.0,115.0
Aaron Wiggins,Houston Rockets @ Oklahoma City Thunder,2025-10-21T23:35:00Z,player_points_rebounds_assists,16.5,bovada,2025-10-21T14:55:00Z,2025-10-21T14:55:22Z,-115.0,-115.0
Aaron Wiggins,Houston Rockets @ Oklahoma City Thunder,2025-10-21T23:35:00Z,player_points_rebounds_assists,17.5,bovada,2025-10-21T14:55:00Z,2025-10-21T14:55:22Z,110.0,-145.0
Aaron Wiggins,Houston Rockets @ Oklahoma City Thunder,2025-10-21T23:35:00Z,player_points_rebounds_assists,18.5,bovada,2025-10-21T14:55:00Z,2025-10-21T14:55:22Z,135.0,-180.0
Aaron Wiggins,Houston Rockets @ Oklahoma City Thunder,2025-10-21T23:35:00Z,player_points_rebounds_assists,19.5,bovada,2025-10-21T14:55:00Z,2025-10-21T14:55:22Z,170.0,-230.0
Aaron Wiggins,Houston Rockets @ Oklahoma City Thunder,2025-10-21T23:35:00Z,player_points_rebounds_assists,20.5,bovada,2025-10-21T14:55:00Z,2025-10-21T14:55:22Z,210.0,-290.0
Alex Caruso,Houston Rockets @ Oklahoma City Thunder,2025-10-21T23:35:00Z,player_points_rebounds_assists,12.5,bovada,2025-10-21T14:55:00Z,2025-10-21T14:55:22Z,-260.0,190.0
Alex Caruso,Houston Rockets @ Oklahoma City Thunder,2025-10-21T23:35:00Z,player_points_rebounds_assists,13.5,bovada,2025-10-21T14:55:00Z,2025-10-21T14:55:22Z,-200.0,150.0
Alex Caruso,Houston Rockets @ Oklahoma City Thunder,2025-10-21T23:35:00Z,player_points_rebounds_assists,14.5,bovada,2025-10-21T14:55:00Z,2025-10-21T14:55:22Z,-150.0,115.0
Alex Caruso,Houston Rockets @ Oklahoma City Thunder,2025-10-21T23:35:00Z,player_points_rebounds_assists,15.5,bovada,2025-10-21T14:55:00Z,2025-10-21T14:55:22Z,-115.0,-115.0
Alex Caruso,Houston Rockets @ Oklahoma City Thunder,2025-10-21T23:35:00Z,player_points_rebounds_assists,16.5,bovada,2025-10-21T14:55:00Z,2025-10-21T14:55:22Z,110.0,-145.0
Alex Caruso,Houston Rockets @ Oklahoma City Thunder,2025-10-21T23:35:00Z,player_points_rebounds_assists,17.5,bovada,2025-10-21T14:55:00Z,2025-10-21T14:55:22Z,140.0,-185.0
Alex Caruso,Houston Rockets @ Oklahoma City Thunder,2025-10-21T23:35:00Z,player_points_rebounds_assists,18.5,bovada,2025-10-21T14:55:00Z,2025-10-21T14:55:22Z,170.0,-230.0
Alperen Sengun,Houston Rockets @ Oklahoma City Thunder,2025-10-21T23:35:00Z,player_points_rebounds_assists,29.5,bovada,2025-10-21T14:55:00Z,2025-10-21T14:55:22Z,-260.0,190.0
Alperen Sengun,Houston Rockets @ Oklahoma City Thunder,2025-10-21T23:35:00Z,player_points_rebounds_assists,30.5,bovada,2025-10-21T14:55:00Z,2025-10-21T14:55:22Z,-210.0,155.0
Alperen Sengun,Houston Rockets @ Oklahoma City Thunder,2025-10-21T23:35:00Z,player_points_rebounds_assists,31.5,bovada,2025-10-21T14:55:00Z,2025-10-21T14:55:22Z,-180.0,135.0
Alperen Sengun,Houston Rockets @ Oklahoma City Thunder,2025-10-21T23:35:00Z,player_points_rebounds_assists,32.5,bovada,2025-10-21T14:55:00Z,2025-10-21T14:55:22Z,-145.0,110.0
Alperen Sengun,Houston Rockets @ Oklahoma City Thunder,2025-10-21T23:35:00Z,player_points_rebounds_assists,33.5,bovada,2025-10-21T14:55:00Z,2025-10-21T14:55:22Z,-125.0,-105.0
Alperen Sengun,Houston Rockets @ Oklahoma City Thunder,2025-10-21T23:35:00Z,player_points_rebounds_assists,34.5,bovada,2025-10-21T14:55:00Z,2025-10-21T14:55:22Z,-105.0,-125.0
Alperen Sengun,Houston Rockets @ Oklahoma City Thunder,2025-10-21T23:35:00Z,player_points_rebounds_assists,35.5,bovada,2025-10-21T14:55:00Z,2025-10-21T14:55:22Z,110.0,-145.0
Alperen Sengun,Houston Rockets @ Oklahoma City Thunder,2025-10-21T23:35:00Z,player_points_rebounds_assists,36.5,bovada,2025-10-21T14:55:00Z,2025-10-21T14:55:22Z,130.0,-170.0
Alperen Sengun,Houston Rockets @ Oklahoma City Thunder,2025-10-21T23:35:00Z,player_points_rebounds_assists,37.5,bovada,2025-10-21T14:55:00Z,2025-10-21T14:55:22Z,155.0,-210.0
Alperen Sengun,Houston Rockets @ Oklahoma City Thunder,2025-10-21T23:35:00Z,player_points_rebounds_assists,38.5,bovada,2025-10-21T14:55:00Z,2025-10-21T14:55:22Z,180.0,-245.0
Alperen Sengun,Houston Rockets @ Oklahoma City Thunder,2025-10-21T23:35:00Z,player_points_rebounds_assists,39.5,bovada,2025-10-21T14:55:00Z,2025-10-21T14:55:22Z,210.0,-290.0
Amen Thompson,Houston Rockets @ Oklahoma City Thunder,2025-10-21T23:35:00Z,player_points_rebounds_assists,23.5,bovada,2025-10-21T14:55:00Z,2025-10-21T14:55:22Z,-275.0,200.0
Amen Thompson,Houston Rockets @ Oklahoma City Thunder,2025-10-21T23:35:00Z,player_points_rebounds_assists,24.5,bovada,2025-10-21T14:55:00Z,2025-10-21T14:55:22Z,-215.0,160.0
Amen Thompson,Houston Rockets @ Oklahoma City Thunder,2025-10-21T23:35:00Z,player_points_rebounds_assists,25.5,bovada,2025-10-21T14:55:00Z,2025-10-21T14:55:22Z,-180.0,135.0
Amen Thompson,Houston Rockets @ Oklahoma City Thunder,2025-10-21T23:35:00Z,player_points_rebounds_assists,26.5,bovada,2025-10-21T14:55:00Z,2025-10-21T14:55:22Z,-145.0,110.0
Amen Thompson,Houston Rockets @ Oklahoma City Thunder,2025-10-21T23:35:00Z,player_points_rebounds_assists,27.5,bovada,2025-10-21T14:55:00Z,2025-10-21T14:55:22Z,-120.0,-110.0
Amen Thompson,Houston Rockets @ Oklahoma City Thunder,2025-10-21T23:35:00Z,player_points_rebounds_assists,28.5,bovada,2025-10-21T14:55:00Z,2025-10-21T14:55:22Z,100.0,-130.0
Amen Thompson,Houston Rockets @ Oklahoma City Thunder,2025-10-21T23:35:00Z,player_points_rebounds_assists,29.5,bovada,2025-10-21T14:55:00Z,2025-10-21T14:55:22Z,120.0,-160.0
Amen Thompson,Houston Rockets @ Oklahoma City Thunder,2025-10-21T23:35:00Z,player_points_rebounds_assists,30.5,bovada,2025-10-21T14:55:00Z,2025-10-21T14:55:22Z,145.0,-190.0
Amen Thompson,Houston Rockets @ Oklahoma City Thunder,2025-10-21T23:35:00Z,player_points_rebounds_assists,31.5,bovada,2025-10-21T14:55:00Z,2025-10-21T14:55:22Z,170.0,-230.0
Amen Thompson,Houston Rockets @ Oklahoma City Thunder,2025-10-21T23:35:00Z,player_points_rebounds_assists,32.5,bovada,2025-10-21T14:55:00Z,2025-10-21T14:55:22Z,200.0,-275.0
Cason Wallace,Houston Rockets @ Oklahoma City Thunder,2025-10-21T23:35:00Z,player_points_rebounds_assists,10.5,bovada,2025-10-21T14:55:00Z,2025-10-21T14:55:22Z,-250.0,185.0
Cason Wallace,Houston Rockets @ Oklahoma City Thunder,2025-10-21T23:35:00Z,player_points_rebounds_assists,11.5,bovada,2025-10-21T14:55:00Z,2025-10-21T14:55:22Z,-185.0,140.0
Cason Wallace,Houston Rockets @ Oklahoma City Thunder,2025-10-21T23:35:00Z,player_points_rebounds_assists,12.5,bovada,2025-10-21T14:55:00Z,2025-10-21T14:55:22Z,-135.0,105.0
Cason Wallace,Houston Rockets @ Oklahoma City Thunder,2025-10-21T23:35:00Z,player_points_rebounds_assists,13.5,bovada,2025-10-21T14:55:00Z,2025-10-21T14:55:22Z,-105.0,-125.0
Cason Wallace,Houston Rockets @ Oklahoma City Thunder,2025-10-21T23:35:00Z,player_points_rebounds_assists,14.5,bovada,2025-10-21T14:55:00Z,2025-10-21T14:55:22Z,125.0,-165.0
Cason Wallace,Houston Rockets @ Oklahoma City Thunder,2025-10-21T23:35:00Z,player_points_rebounds_assists,15.5,bovada,2025-10-21T14:55:00Z,2025-10-21T14:55:22Z,155.0,-210.0
Cason Wallace,Houston Rockets @ Oklahoma City Thunder,2025-10-21T23:35:00Z,player_points_rebounds_assists,16.5,bovada,2025-10-21T14:55:00Z,2025-10-21T14:55:22Z,200.0,-275.0
Chet Holmgren,Houston Rockets @ Oklahoma City Thunder,2025-10-21T23:35:00Z,player_points_rebounds_assists,22.5,bovada,2025-10-21T14:55:00Z,2025-10-21T14:55:22Z,-275.0,200.0
Chet Holmgren,Houston Rockets @ Oklahoma City Thunder,2025-10-21T23:35:00Z,player_points_rebounds_assists,23.5,bovada,2025-10-21T14:55:00Z,2025-10-21T14:55:22Z,-220.0,165.0
Chet Holmgren,Houston Rockets @ Oklahoma City Thunder,2025-10-21T23:35:00Z,player_points_rebounds_assists,24.5,bovada,2025-10-21T14:55:00Z,2025-10-21T14:55:22Z,-180.0,135.0
Chet Holmgren,Houston Rockets @ Oklahoma City Thunder,2025-10-21T23:35:00Z,player_points_rebounds_assists,25.5,bovada,2025-10-21T14:55:00Z,2025-10-21T14:55:22Z,-145.0,110.0
Chet Holmgren,Houston Rockets @ Oklahoma City Thunder,2025-10-21T23:35:00Z,player_points_rebounds_assists,26.5,bovada,2025-10-21T14:55:00Z,2025-10-21T14:55:22Z,-120.0,-110.0
Chet Holmgren,Houston Rockets @ Oklahoma City Thunder,2025-10-21T23:35:00Z,player_points_rebounds_assists,27.5,bovada,2025-10-21T14:55:00Z,2025-10-21T14:55:22Z,100.0,-130.0
Chet Holmgren,Houston Rockets @ Oklahoma City Thunder,2025-10-21T23:35:00Z,player_points_rebounds_assists,28.5,bovada,2025-10-21T14:55:00Z,2025-10-21T14:55:22Z,120.0,-160.0
Chet Holmgren,Houston Rockets @ Oklahoma City Thunder,2025-10-21T23:35:00Z,player_points_rebounds_assists,29.5,bovada,2025-10-21T14:55:00Z,2025-10-21T14:55:22Z,145.0,-190.0
Chet Holmgren,Houston Rockets @ Oklahoma City Thunder,2025-10-21T23:35:00Z,player_points_rebounds_assists,30.5,bovada,2025-10-21T14:55:00Z,2025-10-21T14:55:22Z,170.0,-230.0
Isaiah Hartenstein,Houston Rockets @ Oklahoma City Thunder,2025-10-21T23:35:00Z,player_points_rebounds_assists,19.5,bovada,2025-10-21T14:55:00Z,2025-10-21T14:55:22Z,-260.0,190.0
Isaiah Hartenstein,Houston Rockets @ Oklahoma City Thunder,2025-10-21T23:35:00Z,player_points_rebounds_assists,20.5,bovada,2025-10-21T14:55:00Z,2025-10-21T14:55:22Z,-210.0,155.0
Isaiah Hartenstein,Houston Rockets @ Oklahoma City Thunder,2025-10-21T23:35:00Z,player_points_rebounds_assists,21.5,bovada,2025-10-21T14:55:00Z,2025-10-21T14:55:22Z,-165.0,125.0
Isaiah Hartenstein,Houston Rockets @ Oklahoma City Thunder,2025-10-21T23:35:00Z,player_points_rebounds_assists,22.5,bovada,2025-10-21T14:55:00Z,2025-10-21T14:55:22Z,-130.0,100.0
Isaiah Hartenstein,Houston Rockets @ Oklahoma City Thunder,2025-10-21T23:35:00Z,player_points_rebounds_assists,23.5,bovada,2025-10-21T14:55:00Z,2025-10-21T14:55:22Z,-105.0,-125.0
Isaiah Hartenstein,Houston Rockets @ Oklahoma City Thunder,2025-10-21T23:35:00Z,player_points_rebounds_assists,24.5,bovada,2025-10-21T14:55:00Z,2025-10-21T14:55:22Z,115.0,-150.0
Isaiah Hartenstein,Houston Rockets @ Oklahoma City Thunder,2025-10-21T23:35:00Z,player_points_rebounds_assists,25.5,bovada,2025-10-21T14:55:00Z,2025-10-21T14:55:22Z,135.0,-180.0
Isaiah Hartenstein,Houston Rockets @ Oklahoma City Thunder,2025-10-21T23:35:00Z,player_points_rebounds_assists,26.5,bovada,2025-10-21T14:55:00Z,2025-10-21T14:55:22Z,165.0,-220.0
Isaiah Hartenstein,Houston Rockets @ Oklahoma City Thunder,2025-10-21T23:35:00Z,player_points_rebounds_assists,27.5,bovada,2025-10-21T14:55:00Z,2025-10-21T14:55:22Z,200.0,-275.0
Jabari Smith Jr,Houston Rockets @ Oklahoma City Thunder,2025-10-21T23:35:00Z,player_points_rebounds_assists,16.5,bovada,2025-10-21T14:55:00Z,2025-10-21T14:55:22Z,-275.0,200.0
Jabari Smith Jr,Houston Rockets @ Oklahoma City Thunder,2025-10-21T23:35:00Z,player_points_rebounds_assists,17.5,bovada,2025-10-21T14:55:00Z,2025-10-21T14:55:22Z,-215.0,160.0
Jabari Smith Jr,Houston Rockets @ Oklahoma City Thunder,2025-10-21T23:35:00Z,player_points_rebounds_assists,18.5,bovada,2025-10-21T14:55:00Z,2025-10-21T14:55:22Z,-165.0,125.0
Jabari Smith Jr,Houston Rockets @ Oklahoma City Thunder,2025-10-21T23:35:00Z,player_points_rebounds_assists,19.5,bovada,2025-10-21T14:55:00Z,2025-10-21T14:55:22Z,-130.0,100.0
Jabari Smith Jr,Houston Rockets @ Oklahoma City Thunder,2025-10-21T23:35:00Z,player_points_rebounds_assists,20.5,bovada,2025-10-21T14:55:00Z,2025-10-21T14:55:22Z,-105.0,-125.0
Jabari Smith Jr,Houston Rockets @ Oklahoma City Thunder,2025-10-21T23:35:00Z,player_points_rebounds_assists,21.5,bovada,2025-10-21T14:55:00Z,2025-10-21T14:55:22Z,115.0,-150.0
Jabari Smith Jr,Houston Rockets @ Oklahoma City Thunder,2025-10-21T23:35:00Z,player_points_rebounds_assists,22.5,bovada,2025-10-21T14:55:00Z,2025-10-21T14:55:22Z,140.0,-185.0
Jabari Smith Jr,Houston Rockets @ Oklahoma City Thunder,2025-10-21T23:35:00Z,player_points_rebounds_assists,23.5,bovada,2025-10-21T14:55:00Z,2025-10-21T14:55:22Z,170.0,-230.0
Jabari Smith Jr,Houston Rockets @ Oklahoma City Thunder,2025-10-21T23:35:00Z,player_points_rebounds_assists,24.5,bovada,2025-10-21T14:55:00Z,2025-10-21T14:55:22Z,210.0,-290.0
Kevin Durant,Houston Rockets @ Oklahoma City Thunder,2025-10-21T23:35:00Z,player_points_rebounds_assists,28.5,bovada,2025-10-21T14:55:00Z,2025-10-21T14:55:22Z,-250.0,185.0
Kevin Durant,Houston Rockets @ Oklahoma City Thunder,2025-10-21T23:35:00Z,player_points_rebounds_assists,29.5,bovada,2025-10-21T14:55:00Z,2025-10-21T14:55:22Z,-210.0,155.0
Kevin Durant,Houston Rockets @ Oklahoma City Thunder,2025-10-21T23:35:00Z,player_points_rebounds_assists,30.5,bovada,2025-10-21T14:55:00Z,2025-10-21T14:55:22Z,-170.0,130.0
Kevin Durant,Houston Rockets @ Oklahoma City Thunder,2025-10-21T23:35:00Z,player_points_rebounds_assists,31.5,bovada,2025-10-21T14:55:00Z,2025-10-21T14:55:22Z,-145.0,110.0
Kevin Durant,Houston Rockets @ Oklahoma City Thunder,2025-10-21T23:35:00Z,player_points_rebounds_assists,32.5,bovada,2025-10-21T14:55:00Z,2025-10-21T14:55:22Z,-120.0,-110.0
Kevin Durant,Houston Rockets @ Oklahoma City Thunder,2025-10-21T23:35:00Z,player_points_rebounds_assists,33.5,bovada,2025-10-21T14:55:00Z,2025-10-21T14:55:22Z,100.0,-130.0
Kevin Durant,Houston Rockets @ Oklahoma City Thunder,2025-10-21T23:35:00Z,player_points_rebounds_assists,34.5,bovada,2025-10-21T14:55:00Z,2025-10-21T14:55:22Z,115.0,-150.0
Kevin Durant,Houston Rockets @ Oklahoma City Thunder,2025-10-21T23:35:00Z,player_points_rebounds_assists,35.5,bovada,2025-10-21T14:55:00Z,2025-10-21T14:55:22Z,135.0,-180.0
Kevin Durant,Houston Rockets @ Oklahoma City Thunder,2025-10-21T23:35:00Z,player_points_rebounds_assists,36.5,bovada,2025-10-21T14:55:00Z,2025-10-21T14:55:22Z,160.0,-215.0
Kevin Durant,Houston Rockets @ Oklahoma City Thunder,2025-10-21T23:35:00Z,player_points_rebounds_assists,37.5,bovada,2025-10-21T14:55:00Z,2025-10-21T14:55:22Z,190.0,-260.0
Luguentz Dort,Houston Rockets @ Oklahoma City Thunder,2025-10-21T23:35:00Z,player_points_rebounds_assists,12.5,bovada,2025-10-21T14:55:00Z,2025-10-21T14:55:22Z,-220.0,165.0
Luguentz Dort,Houston Rockets @ Oklahoma City Thunder,2025-10-21T23:35:00Z,player_points_rebounds_assists,13.5,bovada,2025-10-21T14:55:00Z,2025-10-21T14:55:22Z,-170.0,130.0
Luguentz Dort,Houston Rockets @ Oklahoma City Thunder,2025-10-21T23:35:00Z,player_points_rebounds_assists,14.5,bovada,2025-10-21T14:55:00Z,2025-10-21T14:55:22Z,-130.0,100.0
Luguentz Dort,Houston Rockets @ Oklahoma City Thunder,2025-10-21T23:35:00Z,player_points_rebounds_assists,15.5,bovada,2025-10-21T14:55:00Z,2025-10-21T14:55:22Z,100.0,-130.0
Luguentz Dort,Houston Rockets @ Oklahoma City Thunder,2025-10-21T23:35:00Z,player_points_rebounds_assists,16.5,bovada,2025-10-21T14:55:00Z,2025-10-21T14:55:22Z,125.0,-165.0
Luguentz Dort,Houston Rockets @ Oklahoma City Thunder,2025-10-21T23:35:00Z,player_points_rebounds_assists,17.5,bovada,2025-10-21T14:55:00Z,2025-10-21T14:55:22Z,160.0,-215.0
Luguentz Dort,Houston Rockets @ Oklahoma City Thunder,2025-10-21T23:35:00Z,player_points_rebounds_assists,18.5,bovada,2025-10-21T14:55:00Z,2025-10-21T14:55:22Z,200.0,-275.0
Reed Sheppard,Houston Rockets @ Oklahoma City Thunder,2025-10-21T23:35:00Z,player_points_rebounds_assists,10.5,bovada,2025-10-21T14:55:00Z,2025-10-21T14:55:22Z,-300.0,215.0
Reed Sheppard,Houston Rockets @ Oklahoma City Thunder,2025-10-21T23:35:00Z,player_points_rebounds_assists,11.5,bovada,2025-10-21T14:55:00Z,2025-10-21T14:55:22Z,-210.0,155.0
Reed Sheppard,Houston Rockets @ Oklahoma City Thunder,2025-10-21T23:35:00Z,player_points_rebounds_assists,12.5,bovada,2025-10-21T14:55:00Z,2025-10-21T14:55:22Z,-160.0,120.0
Reed Sheppard,Houston Rockets @ Oklahoma City Thunder,2025-10-21T23:35:00Z,player_points_rebounds_assists,13.5,bovada,2025-10-21T14:55:00Z,2025-10-21T14:55:22Z,-120.0,-110.0
Reed Sheppard,Houston Rockets @ Oklahoma City Thunder,2025-10-21T23:35:00Z,player_points_rebounds_assists,14.5,bovada,2025-10-21T14:55:00Z,2025-10-21T14:55:22Z,110.0,-145.0
Reed Sheppard,Houston Rockets @ Oklahoma City Thunder,2025-10-21T23:35:00Z,player_points_rebounds_assists,15.5,bovada,2025-10-21T14:55:00Z,2025-10-21T14:55:22Z,140.0,-185.0
Reed Sheppard,Houston Rockets @ Oklahoma City Thunder,2025-10-21T23:35:00Z,player_points_rebounds_assists,16.5,bovada,2025-10-21T14:55:00Z,2025-10-21T14:55:22Z,175.0,-240.0
Shai Gilgeous-Alexander,Houston Rockets @ Oklahoma City Thunder,2025-10-21T23:35:00Z,player_points_rebounds_assists,38.5,bovada,2025-10-21T14:55:00Z,2025-10-21T14:55:22Z,-260.0,190.0
Shai Gilgeous-Alexander,Houston Rockets @ Oklahoma City Thunder,2025-10-21T23:35:00Z,player_points_rebounds_assists,39.5,bovada,2025-10-21T14:55:00Z,2025-10-21T14:55:22Z,-215.0,160.0
Shai Gilgeous-Alexander,Houston Rockets @ Oklahoma City Thunder,2025-10-21T23:35:00Z,player_points_rebounds_assists,40.5,bovada,2025-10-21T14:55:00Z,2025-10-21T14:55:22Z,-185.0,140.0
Shai Gilgeous-Alexander,Houston Rockets @ Oklahoma City Thunder,2025-10-21T23:35:00Z,player_points_rebounds_assists,41.5,bovada,2025-10-21T14:55:00Z,2025-10-21T14:55:22Z,-160.0,120.0
Shai Gilgeous-Alexander,Houston Rockets @ Oklahoma City Thunder,2025-10-21T23:35:00Z,player_points_rebounds_assists,42.5,bovada,2025-10-21T14:55:00Z,2025-10-21T14:55:22Z,-135.0,105.0
Shai Gilgeous-Alexander,Houston Rockets @ Oklahoma City Thunder,2025-10-21T23:35:00Z,player_points_rebounds_assists,43.5,bovada,2025-10-21T14:55:00Z,2025-10-21T14:55:22Z,-115.0,-115.0
Shai Gilgeous-Alexander,Houston Rockets @ Oklahoma City Thunder,2025-10-21T23:35:00Z,player_points_rebounds_assists,44.5,bovada,2025-10-21T14:55:00Z,2025-10-21T14:55:22Z,100.0,-130.0
Shai Gilgeous-Alexander,Houston Rockets @ Oklahoma City Thunder,2025-10-21T23:35:00Z,player_points_rebounds_assists,45.5,bovada,2025-10-21T14:55:00Z,2025-10-21T14:55:22Z,115.0,-150.0
Shai Gilgeous-Alexander,Houston Rockets @ Oklahoma City Thunder,2025-10-21T23:35:00Z,player_points_rebounds_assists,46.5,bovada,2025-10-21T14:55:00Z,2025-10-21T14:55:22Z,135.0,-180.0
Shai Gilgeous-Alexander,Houston Rockets @ Oklahoma City Thunder,2025-10-21T23:35:00Z,player_points_rebounds_assists,47.5,bovada,2025-10-21T14:55:00Z,2025-10-21T14:55:22Z,150.0,-200.0
Shai Gilgeous-Alexander,Houston Rockets @ Oklahoma City Thunder,2025-10-21T23:35:00Z,player_points_rebounds_assists,48.5,bovada,2025-10-21T14:55:00Z,2025-10-21T14:55:22Z,175.0,-240.0
Shai Gilgeous-Alexander,Houston Rockets @ Oklahoma City Thunder,2025-10-21T23:35:00Z,player_points_rebounds_assists,49.5,bovada,2025-10-21T14:55:00Z,2025-10-21T14:55:22Z,200.0,-275.0
Steven Adams,Houston Rockets @ Oklahoma City Thunder,2025-10-21T23:35:00Z,player_points_rebounds_assists,11.5,bovada,2025-10-21T14:55:00Z,2025-10-21T14:55:22Z,-230.0,170.0
Steven Adams,Houston Rockets @ Oklahoma City Thunder,2025-10-21T23:35:00Z,player_points_rebounds_assists,12.5,bovada,2025-10-21T14:55:00Z,2025-10-21T14:55:22Z,-170.0,130.0
Steven Adams,Houston Rockets @ Oklahoma City Thunder,2025-10-21T23:35:00Z,player_points_rebounds_assists,13.5,bovada,2025-10-21T14:55:00Z,2025-10-21T14:55:22Z,-130.0,100.0
Steven Adams,Houston Rockets @ Oklahoma City Thunder,2025-10-21T23:35:00Z,player_points_rebounds_assists,14.5,bovada,2025-10-21T14:55:00Z,2025-10-21T14:55:22Z,100.0,-130.0
Steven Adams,Houston Rockets @ Oklahoma City Thunder,2025-10-21T23:35:00Z,player_points_rebounds_assists,15.5,bovada,2025-10-21T14:55:00Z,2025-10-21T14:55:22Z,125.0,-165.0
Steven Adams,Houston Rockets @ Oklahoma City Thunder,2025-10-21T23:35:00Z,player_points_rebounds_assists,16.5,bovada,2025-10-21T14:55:00Z,2025-10-21T14:55:22Z,160.0,-215.0
Steven Adams,Houston Rockets @ Oklahoma City Thunder,2025-10-21T23:35:00Z,player_points_rebounds_assists,17.5,bovada,2025-10-21T14:55:00Z,2025-10-21T14:55:22Z,205.0,-280.0
Tari Eason,Houston Rockets @ Oklahoma City Thunder,2025-10-21T23:35:00Z,player_points_rebounds_assists,13.5,bovada,2025-10-21T14:55:00Z,2025-10-21T14:55:22Z,-280.0,205.0
Tari Eason,Houston Rockets @ Oklahoma City Thunder,2025-10-21T23:35:00Z,player_points_rebounds_assists,14.5,bovada,2025-10-21T14:55:00Z,2025-10-21T14:55:22Z,-210.0,155.0
Tari Eason,Houston Rockets @ Oklahoma City Thunder,2025-10-21T23:35:00Z,player_points_rebounds_assists,15.5,bovada,2025-10-21T14:55:00Z,2025-10-21T14:55:22Z,-160.0,120.0
Tari Eason,Houston Rockets @ Oklahoma City Thunder,2025-10-21T23:35:00Z,player_points_rebounds_assists,16.5,bovada,2025-10-21T14:55:00Z,2025-10-21T14:55:22Z,-125.0,-105.0
Tari Eason,Houston Rockets @ Oklahoma City Thunder,2025-10-21T23:35:00Z,player_points_rebounds_assists,17.5,bovada,2025-10-21T14:55:00Z,2025-10-21T14:55:22Z,100.0,-130.0
Tari Eason,Houston Rockets @ Oklahoma City Thunder,2025-10-21T23:35:00Z,player_points_rebounds_assists,18.5,bovada,2025-10-21T14:55:00Z,2025-10-21T14:55:22Z,125.0,-165.0
Tari Eason,Houston Rockets @ Oklahoma City Thunder,2025-10-21T23:35:00Z,player_points_rebounds_assists,19.5,bovada,2025-10-21T14:55:00Z,2025-10-21T14:55:22Z,155.0,-210.0
Tari Eason,Houston Rockets @ Oklahoma City Thunder,2025-10-21T23:35:00Z,player_points_rebounds_assists,20.5,bovada,2025-10-21T14:55:00Z,2025-10-21T14:55:22Z,190.0,-260.0
Alperen Sengun,Houston Rockets @ Oklahoma City Thunder,2025-10-21T23:35:00Z,player_rebounds,7.5,bovada,2025-10-21T14:55:00Z,2025-10-21T14:55:22Z,-230.0,170.0
Alperen Sengun,Houston Rockets @ Oklahoma City Thunder,2025-10-21T23:35:00Z,player_rebounds,8.5,bovada,2025-10-21T14:55:00Z,2025-10-21T14:55:22Z,-135.0,105.0
Alperen Sengun,Houston Rockets @ Oklahoma City Thunder,2025-10-21T23:35:00Z,player_rebounds,9.5,bovada,2025-10-21T14:55:00Z,2025-10-21T14:55:22Z,120.0,-160.0
Alperen Sengun,Houston Rockets @ Oklahoma City Thunder,2025-10-21T23:35:00Z,player_rebounds,10.5,bovada,2025-10-21T14:55:00Z,2025-10-21T14:55:22Z,185.0,-250.0
Amen Thompson,Houston Rockets @ Oklahoma City Thunder,2025-10-21T23:35:00Z,player_rebounds,5.5,bovada,2025-10-21T14:55:00Z,2025-10-21T14:55:22Z,-240.0,175.0
Amen Thompson,Houston Rockets @ Oklahoma City Thunder,2025-10-21T23:35:00Z,player_rebounds,6.5,bovada,2025-10-21T14:55:00Z,2025-10-21T14:55:22Z,-130.0,100.0
Amen Thompson,Houston Rockets @ Oklahoma City Thunder,2025-10-21T23:35:00Z,player_rebounds,7.5,bovada,2025-10-21T14:55:00Z,2025-10-21T14:55:22Z,130.0,-170.0
Chet Holmgren,Houston Rockets @ Oklahoma City Thunder,2025-10-21T23:35:00Z,player_rebounds,6.5,bovada,2025-10-21T14:55:00Z,2025-10-21T14:55:22Z,-240.0,175.0
Chet Holmgren,Houston Rockets @ Oklahoma City Thunder,2025-10-21T23:35:00Z,player_rebounds,7.5,bovada,2025-10-21T14:55:00Z,2025-10-21T14:55:22Z,-135.0,105.0
Chet Holmgren,Houston Rockets @ Oklahoma City Thunder,2025-10-21T23:35:00Z,player_rebounds,8.5,bovada,2025-10-21T14:55:00Z,2025-10-21T14:55:22Z,120.0,-160.0
Chet Holmgren,Houston Rockets @ Oklahoma City Thunder,2025-10-21T23:35:00Z,player_rebounds,9.5,bovada,2025-10-21T14:55:00Z,2025-10-21T14:55:22Z,200.0,-275.0
Isaiah Hartenstein,Houston Rockets @ Oklahoma City Thunder,2025-10-21T23:35:00Z,player_rebounds,7.5,bovada,2025-10-21T14:55:00Z,2025-10-21T14:55:22Z,-230.0,170.0
Isaiah Hartenstein,Houston Rockets @ Oklahoma City Thunder,2025-10-21T23:35:00Z,player_rebounds,8.5,bovada,2025-10-21T14:55:00Z,2025-10-21T14:55:22Z,-135.0,105.0
Isaiah Hartenstein,Houston Rockets @ Oklahoma City Thunder,2025-10-21T23:35:00Z,player_rebounds,9.5,bovada,2025-10-21T14:55:00Z,2025-10-21T14:55:22Z,120.0,-160.0
Isaiah Hartenstein,Houston Rockets @ Oklahoma City Thunder,2025-10-21T23:35:00Z,player_rebounds,10.5,bovada,2025-10-21T14:55:00Z,2025-10-21T14:55:22Z,190.0,-260.0
Jabari Smith Jr,Houston Rockets @ Oklahoma City Thunder,2025-10-21T23:35:00Z,player_rebounds,5.5,bovada,2025-10-21T14:55:00Z,2025-10-21T14:55:22Z,-150.0,115.0
Jabari Smith Jr,Houston Rockets @ Oklahoma City Thunder,2025-10-21T23:35:00Z,player_rebounds,6.5,bovada,2025-10-21T14:55:00Z,2025-10-21T14:55:22Z,115.0,-150.0
Jabari Smith Jr,Houston Rockets @ Oklahoma City Thunder,2025-10-21T23:35:00Z,player_rebounds,7.5,bovada,2025-10-21T14:55:00Z,2025-10-21T14:55:22Z,200.0,-275.0
Kevin Durant,Houston Rockets @ Oklahoma City Thunder,2025-10-21T23:35:00Z,player_rebounds,3.5,bovada,2025-10-21T14:55:00Z,2025-10-21T14:55:22Z,-300.0,215.0
Kevin Durant,Houston Rockets @ Oklahoma City Thunder,2025-10-21T23:35:00Z,player_rebounds,4.5,bovada,2025-10-21T14:55:00Z,2025-10-21T14:55:22Z,-135.0,105.0
Kevin Durant,Houston Rockets @ Oklahoma City Thunder,2025-10-21T23:35:00Z,player_rebounds,5.5,bovada,2025-10-21T14:55:00Z,2025-10-21T14:55:22Z,140.0,-185.0
Steven Adams,Houston Rockets @ Oklahoma City Thunder,2025-10-21T23:35:00Z,player_rebounds,5.5,bovada,2025-10-21T14:55:00Z,2025-10-21T14:55:22Z,-250.0,185.0
Steven Adams,Houston Rockets @ Oklahoma City Thunder,2025-10-21T23:35:00Z,player_rebounds,6.5,bovada,2025-10-21T14:55:00Z,2025-10-21T14:55:22Z,-135.0,105.0
Steven Adams,Houston Rockets @ Oklahoma City Thunder,2025-10-21T23:35:00Z,player_rebounds,7.5,bovada,2025-10-21T14:55:00Z,2025-10-21T14:55:22Z,125.0,-165.0
Steven Adams,Houston Rockets @ Oklahoma City Thunder,2025-10-21T23:35:00Z,player_rebounds,8.5,bovada,2025-10-21T14:55:00Z,2025-10-21T14:55:22Z,210.0,-290.0
Aaron Wiggins,Houston Rockets @ Oklahoma City Thunder,2025-10-21T23:35:00Z,player_threes,1.5,bovada,2025-10-21T14:55:00Z,2025-10-21T14:55:22Z,-125.0,-105.0
Alex Caruso,Houston Rockets @ Oklahoma City Thunder,2025-10-21T23:35:00Z,player_threes,1.5,bovada,2025-10-21T14:55:00Z,2025-10-21T14:55:22Z,110.0,-145.0
Cason Wallace,Houston Rockets @ Oklahoma City Thunder,2025-10-21T23:35:00Z,player_threes,0.5,bovada,2025-10-21T14:55:00Z,2025-10-21T14:55:22Z,-250.0,185.0
Cason Wallace,Houston Rockets @ Oklahoma City Thunder,2025-10-21T23:35:00Z,player_threes,1.5,bovada,2025-10-21T14:55:00Z,2025-10-21T14:55:22Z,185.0,-250.0
Chet Holmgren,Houston Rockets @ Oklahoma City Thunder,2025-10-21T23:35:00Z,player_threes,1.5,bovada,2025-10-21T14:55:00Z,2025-10-21T14:55:22Z,-105.0,-125.0
Isaiah Joe,Houston Rockets @ Oklahoma City Thunder,2025-10-21T23:35:00Z,player_threes,1.5,bovada,2025-10-21T14:55:00Z,2025-10-21T14:55:22Z,-120.0,-110.0
Jabari Smith Jr,Houston Rockets @ Oklahoma City Thunder,2025-10-21T23:35:00Z,player_threes,1.5,bovada,2025-10-21T14:55:00Z,2025-10-21T14:55:22Z,-180.0,135.0
Jabari Smith Jr,Houston Rockets @ Oklahoma City Thunder,2025-10-21T23:35:00Z,player_threes,2.5,bovada,2025-10-21T14:55:00Z,2025-10-21T14:55:22Z,170.0,-230.0
Jalen Williams,Houston Rockets @ Oklahoma City Thunder,2025-10-21T23:35:00Z,player_threes,1.5,bovada,2025-10-21T14:55:00Z,2025-10-21T14:55:22Z,-120.0,-110.0
Kevin Durant,Houston Rockets @ Oklahoma City Thunder,2025-10-21T23:35:00Z,player_threes,2.5,bovada,2025-10-21T14:55:00Z,2025-10-21T14:55:22Z,-105.0,-125.0
Luguentz Dort,Houston Rockets @ Oklahoma City Thunder,2025-10-21T23:35:00Z,player_threes,1.5,bovada,2025-10-21T14:55:00Z,2025-10-21T14:55:22Z,-190.0,145.0
Luguentz Dort,Houston Rockets @ Oklahoma City Thunder,2025-10-21T23:35:00Z,player_threes,2.5,bovada,2025-10-21T14:55:00Z,2025-10-21T14:55:22Z,155.0,-210.0
Reed Sheppard,Houston Rockets @ Oklahoma City Thunder,2025-10-21T23:35:00Z,player_threes,1.5,bovada,2025-10-21T14:55:00Z,2025-10-21T14:55:22Z,-165.0,125.0
Reed Sheppard,Houston Rockets @ Oklahoma City Thunder,2025-10-21T23:35:00Z,player_threes,2.5,bovada,2025-10-21T14:55:00Z,2025-10-21T14:55:22Z,185.0,-250.0
Shai Gilgeous-Alexander,Houston Rockets @ Oklahoma City Thunder,2025-10-21T23:35:00Z,player_threes,1.5,bovada,2025-10-21T14:55:00Z,2025-10-21T14:55:22Z,-160.0,120.0
Shai Gilgeous-Alexander,Houston Rockets @ Oklahoma City Thunder,2025-10-21T23:35:00Z,player_threes,2.5,bovada,2025-10-21T14:55:00Z,2025-10-21T14:55:22Z,190.0,-260.0
Tari Eason,Houston Rockets @ Oklahoma City Thunder,2025-10-21T23:35:00Z,player_threes,0.5,bovada,2025-10-21T14:55:00Z,2025-10-21T14:55:22Z,-260.0,190.0
Tari Eason,Houston Rockets @ Oklahoma City Thunder,2025-10-21T23:35:00Z,player_threes,1.5,bovada,2025-10-21T14:55:00Z,2025-10-21T14:55:22Z,180.0,-245.0
Alperen Sengun,Houston Rockets @ Oklahoma City Thunder,2025-10-21T23:35:00Z,player_triple_double,,bovada,2025-10-21T14:55:00Z,2025-10-21T14:55:22Z,,
Amen Thompson,Houston Rockets @ Oklahoma City Thunder,2025-10-21T23:35:00Z,player_triple_double,,bovada,2025-10-21T14:55:00Z,2025-10-21T14:55:22Z,,
Shai Gilgeous-Alexander,Houston Rockets @ Oklahoma City Thunder,2025-10-21T23:35:00Z,player_triple_double,,bovada,2025-10-21T14:55:00Z,2025-10-21T14:55:22Z,,
Shai Gilgeous-Alexander,Houston Rockets @ Oklahoma City Thunder,2025-10-21T23:35:00Z,player_assists,6.5,betonlineag,2025-10-21T14:55:25Z,2025-10-21T14:55:18Z,-111.0,-116.0
Alperen Sengun,Houston Rockets @ Oklahoma City Thunder,2025-10-21T23:35:00Z,player_assists,5.5,betonlineag,2025-10-21T14:55:25Z,2025-10-21T14:55:18Z,-130.0,100.0
Kevin Durant,Houston Rockets @ Oklahoma City Thunder,2025-10-21T23:35:00Z,player_assists,3.5,betonlineag,2025-10-21T14:55:25Z,2025-10-21T14:55:18Z,-141.0,108.0
Amen Thompson,Houston Rockets @ Oklahoma City Thunder,2025-10-21T23:35:00Z,player_assists,5.5,betonlineag,2025-10-21T14:55:25Z,2025-10-21T14:55:18Z,115.0,-149.0
Isaiah Hartenstein,Houston Rockets @ Oklahoma City Thunder,2025-10-21T23:35:00Z,player_assists,3.5,betonlineag,2025-10-21T14:55:25Z,2025-10-21T14:55:18Z,126.0,-164.0
Reed Sheppard,Houston Rockets @ Oklahoma City Thunder,2025-10-21T23:35:00Z,player_assists,2.5,betonlineag,2025-10-21T14:55:25Z,2025-10-21T14:55:18Z,-120.0,-108.0
Cason Wallace,Houston Rockets @ Oklahoma City Thunder,2025-10-21T23:35:00Z,player_assists,2.5,betonlineag,2025-10-21T14:55:25Z,2025-10-21T14:55:18Z,100.0,-130.0
Alex Caruso,Houston Rockets @ Oklahoma City Thunder,2025-10-21T23:35:00Z,player_assists,2.5,betonlineag,2025-10-21T14:55:25Z,2025-10-21T14:55:18Z,-127.0,-102.0
Alperen Sengun,Houston Rockets @ Oklahoma City Thunder,2025-10-21T23:35:00Z,player_points,18.5,betonlineag,2025-10-21T14:55:25Z,2025-10-21T14:55:24Z,-103.0,-125.0
Luguentz Dort,Houston Rockets @ Oklahoma City Thunder,2025-10-21T23:35:00Z,player_points,9.5,betonlineag,2025-10-21T14:55:25Z,2025-10-21T14:55:24Z,-105.0,-123.0
Chet Holmgren,Houston Rockets @ Oklahoma City Thunder,2025-10-21T23:35:00Z,player_points,16.5,betonlineag,2025-10-21T14:55:25Z,2025-10-21T14:55:24Z,-111.0,-116.0
Amen Thompson,Houston Rockets @ Oklahoma City Thunder,2025-10-21T23:35:00Z,player_points,15.5,betonlineag,2025-10-21T14:55:25Z,2025-10-21T14:55:24Z,115.0,-149.0
Isaiah Hartenstein,Houston Rockets @ Oklahoma City Thunder,2025-10-21T23:35:00Z,player_points,10.5,betonlineag,2025-10-21T14:55:25Z,2025-10-21T14:55:24Z,-114.0,-114.0
Shai Gilgeous-Alexander,Houston Rockets @ Oklahoma City Thunder,2025-10-21T23:35:00Z,player_points,32.5,betonlineag,2025-10-21T14:55:25Z,2025-10-21T14:55:24Z,-105.0,-123.0
Jabari Smith Jr,Houston Rockets @ Oklahoma City Thunder,2025-10-21T23:35:00Z,player_points,12.5,betonlineag,2025-10-21T14:55:25Z,2025-10-21T14:55:24Z,-103.0,-125.0
Tari Eason,Houston Rockets @ Oklahoma City Thunder,2025-10-21T23:35:00Z,player_points,9.5,betonlineag,2025-10-21T14:55:25Z,2025-10-21T14:55:24Z,-143.0,110.0
Steven Adams,Houston Rockets @ Oklahoma City Thunder,2025-10-21T23:35:00Z,player_points,5.5,betonlineag,2025-10-21T14:55:25Z,2025-10-21T14:55:24Z,-125.0,-103.0
Reed Sheppard,Houston Rockets @ Oklahoma City Thunder,2025-10-21T23:35:00Z,player_points,8.5,betonlineag,2025-10-21T14:55:25Z,2025-10-21T14:55:24Z,-108.0,-120.0
Aaron Wiggins,Houston Rockets @ Oklahoma City Thunder,2025-10-21T23:35:00Z,player_points,11.5,betonlineag,2025-10-21T14:55:25Z,2025-10-21T14:55:24Z,-120.0,-108.0
Alex Caruso,Houston Rockets @ Oklahoma City Thunder,2025-10-21T23:35:00Z,player_points,8.5,betonlineag,2025-10-21T14:55:25Z,2025-10-21T14:55:24Z,-120.0,-108.0
Cason Wallace,Houston Rockets @ Oklahoma City Thunder,2025-10-21T23:35:00Z,player_points,7.5,betonlineag,2025-10-21T14:55:25Z,2025-10-21T14:55:24Z,-130.0,100.0
Kevin Durant,Houston Rockets @ Oklahoma City Thunder,2025-10-21T23:35:00Z,player_points,24.5,betonlineag,2025-10-21T14:55:25Z,2025-10-21T14:55:24Z,-103.0,-125.0
Amen Thompson,Houston Rockets @ Oklahoma City Thunder,2025-10-21T23:35:00Z,player_points_rebounds_assists,27.5,betonlineag,2025-10-21T14:55:25Z,2025-10-21T14:55:24Z,-135.0,104.0
Isaiah Hartenstein,Houston Rockets @ Oklahoma City Thunder,2025-10-21T23:35:00Z,player_points_rebounds_assists,22.5,betonlineag,2025-10-21T14:55:25Z,2025-10-21T14:55:24Z,-120.0,-108.0
Alperen Sengun,Houston Rockets @ Oklahoma City Thunder,2025-10-21T23:35:00Z,player_points_rebounds_assists,33.5,betonlineag,2025-10-21T14:55:25Z,2025-10-21T14:55:24Z,-118.0,-110.0
Shai Gilgeous-Alexander,Houston Rockets @ Oklahoma City Thunder,2025-10-21T23:35:00Z,player_points_rebounds_assists,44.5,betonlineag,2025-10-21T14:55:25Z,2025-10-21T14:55:24Z,-105.0,-123.0
Luguentz Dort,Houston Rockets @ Oklahoma City Thunder,2025-10-21T23:35:00Z,player_points_rebounds_assists,15.5,betonlineag,2025-10-21T14:55:25Z,2025-10-21T14:55:24Z,100.0,-130.0
Chet Holmgren,Houston Rockets @ Oklahoma City Thunder,2025-10-21T23:35:00Z,player_points_rebounds_assists,26.5,betonlineag,2025-10-21T14:55:25Z,2025-10-21T14:55:24Z,-116.0,-111.0
Steven Adams,Houston Rockets @ Oklahoma City Thunder,2025-10-21T23:35:00Z,player_points_rebounds_assists,14.5,betonlineag,2025-10-21T14:55:25Z,2025-10-21T14:55:24Z,103.0,-133.0
Reed Sheppard,Houston Rockets @ Oklahoma City Thunder,2025-10-21T23:35:00Z,player_points_rebounds_assists,14.5,betonlineag,2025-10-21T14:55:25Z,2025-10-21T14:55:24Z,110.0,-143.0
Tari Eason,Houston Rockets @ Oklahoma City Thunder,2025-10-21T23:35:00Z,player_points_rebounds_assists,16.5,betonlineag,2025-10-21T14:55:25Z,2025-10-21T14:55:24Z,-123.0,-104.0
Aaron Wiggins,Houston Rockets @ Oklahoma City Thunder,2025-10-21T23:35:00Z,player_points_rebounds_assists,16.5,betonlineag,2025-10-21T14:55:25Z,2025-10-21T14:55:24Z,-115.0,-112.0
Alex Caruso,Houston Rockets @ Oklahoma City Thunder,2025-10-21T23:35:00Z,player_points_rebounds_assists,15.5,betonlineag,2025-10-21T14:55:25Z,2025-10-21T14:55:24Z,-111.0,-116.0
Cason Wallace,Houston Rockets @ Oklahoma City Thunder,2025-10-21T23:35:00Z,player_points_rebounds_assists,13.5,betonlineag,2025-10-21T14:55:25Z,2025-10-21T14:55:24Z,-103.0,-125.0
Kevin Durant,Houston Rockets @ Oklahoma City Thunder,2025-10-21T23:35:00Z,player_points_rebounds_assists,33.5,betonlineag,2025-10-21T14:55:25Z,2025-10-21T14:55:24Z,-103.0,-125.0
Jabari Smith Jr,Houston Rockets @ Oklahoma City Thunder,2025-10-21T23:35:00Z,player_points_rebounds_assists,20.5,betonlineag,2025-10-21T14:55:25Z,2025-10-21T14:55:24Z,-103.0,-125.0
Luguentz Dort,Houston Rockets @ Oklahoma City Thunder,2025-10-21T23:35:00Z,player_rebounds,3.5,betonlineag,2025-10-21T14:55:25Z,2025-10-21T14:55:24Z,-115.0,-112.0
Jabari Smith Jr,Houston Rockets @ Oklahoma City Thunder,2025-10-21T23:35:00Z,player_rebounds,6.5,betonlineag,2025-10-21T14:55:25Z,2025-10-21T14:55:24Z,105.0,-135.0
Shai Gilgeous-Alexander,Houston Rockets @ Oklahoma City Thunder,2025-10-21T23:35:00Z,player_rebounds,4.5,betonlineag,2025-10-21T14:55:25Z,2025-10-21T14:55:24Z,-105.0,-123.0
Chet Holmgren,Houston Rockets @ Oklahoma City Thunder,2025-10-21T23:35:00Z,player_rebounds,7.5,betonlineag,2025-10-21T14:55:25Z,2025-10-21T14:55:24Z,-120.0,-108.0
Isaiah Hartenstein,Houston Rockets @ Oklahoma City Thunder,2025-10-21T23:35:00Z,player_rebounds,8.5,betonlineag,2025-10-21T14:55:25Z,2025-10-21T14:55:24Z,-130.0,100.0
Amen Thompson,Houston Rockets @ Oklahoma City Thunder,2025-10-21T23:35:00Z,player_rebounds,6.5,betonlineag,2025-10-21T14:55:25Z,2025-10-21T14:55:24Z,-137.0,106.0
Tari Eason,Houston Rockets @ Oklahoma City Thunder,2025-10-21T23:35:00Z,player_rebounds,5.5,betonlineag,2025-10-21T14:55:25Z,2025-10-21T14:55:24Z,118.0,-154.0
Kevin Durant,Houston Rockets @ Oklahoma City Thunder,2025-10-21T23:35:00Z,player_rebounds,4.5,betonlineag,2025-10-21T14:55:25Z,2025-10-21T14:55:24Z,-141.0,108.0
Reed Sheppard,Houston Rockets @ Oklahoma City Thunder,2025-10-21T23:35:00Z,player_rebounds,2.5,betonlineag,2025-10-21T14:55:25Z,2025-10-21T14:55:24Z,120.0,-156.0
Alperen Sengun,Houston Rockets @ Oklahoma City Thunder,2025-10-21T23:35:00Z,player_rebounds,8.5,betonlineag,2025-10-21T14:55:25Z,2025-10-21T14:55:24Z,-132.0,102.0
Alex Caruso,Houston Rockets @ Oklahoma City Thunder,2025-10-21T23:35:00Z,player_rebounds,2.5,betonlineag,2025-10-21T14:55:25Z,2025-10-21T14:55:24Z,-156.0,120.0
Cason Wallace,Houston Rockets @ Oklahoma City Thunder,2025-10-21T23:35:00Z,player_rebounds,2.5,betonlineag,2025-10-21T14:55:25Z,2025-10-21T14:55:24Z,-123.0,-105.0
Aaron Wiggins,Houston Rockets @ Oklahoma City Thunder,2025-10-21T23:35:00Z,player_rebounds,3.5,betonlineag,2025-10-21T14:55:25Z,2025-10-21T14:55:24Z,118.0,-154.0
Steven Adams,Houston Rockets @ Oklahoma City Thunder,2025-10-21T23:35:00Z,player_rebounds,6.5,betonlineag,2025-10-21T14:55:25Z,2025-10-21T14:55:24Z,-135.0,104.0
Chet Holmgren,Houston Rockets @ Oklahoma City Thunder,2025-10-21T23:35:00Z,player_threes,1.5,betonlineag,2025-10-21T14:55:25Z,2025-10-21T14:55:24Z,-105.0,-123.0
Jabari Smith Jr,Houston Rockets @ Oklahoma City Thunder,2025-10-21T23:35:00Z,player_threes,1.5,betonlineag,2025-10-21T14:55:25Z,2025-10-21T14:55:24Z,-172.0,131.0
Shai Gilgeous-Alexander,Houston Rockets @ Oklahoma City Thunder,2025-10-21T23:35:00Z,player_threes,1.5,betonlineag,2025-10-21T14:55:25Z,2025-10-21T14:55:24Z,-167.0,128.0
Luguentz Dort,Houston Rockets @ Oklahoma City Thunder,2025-10-21T23:35:00Z,player_threes,2.5,betonlineag,2025-10-21T14:55:25Z,2025-10-21T14:55:24Z,139.0,-182.0
Kevin Durant,Houston Rockets @ Oklahoma City Thunder,2025-10-21T23:35:00Z,player_threes,2.5,betonlineag,2025-10-21T14:55:25Z,2025-10-21T14:55:24Z,100.0,-130.0
Reed Sheppard,Houston Rockets @ Oklahoma City Thunder,2025-10-21T23:35:00Z,player_threes,1.5,betonlineag,2025-10-21T14:55:25Z,2025-10-21T14:55:24Z,-175.0,134.0
Amen Thompson,Houston Rockets @ Oklahoma City Thunder,2025-10-21T23:35:00Z,player_threes,0.5,betonlineag,2025-10-21T14:55:25Z,2025-10-21T14:55:24Z,120.0,-156.0
Tari Eason,Houston Rockets @ Oklahoma City Thunder,2025-10-21T23:35:00Z,player_threes,1.5,betonlineag,2025-10-21T14:55:25Z,2025-10-21T14:55:24Z,161.0,-213.0
Aaron Wiggins,Houston Rockets @ Oklahoma City Thunder,2025-10-21T23:35:00Z,player_threes,1.5,betonlineag,2025-10-21T14:55:25Z,2025-10-21T14:55:24Z,-119.0,-109.0
Alex Caruso,Houston Rockets @ Oklahoma City Thunder,2025-10-21T23:35:00Z,player_threes,1.5,betonlineag,2025-10-21T14:55:25Z,2025-10-21T14:55:24Z,112.0,-145.0
Cason Wallace,Houston Rockets @ Oklahoma City Thunder,2025-10-21T23:35:00Z,player_threes,1.5,betonlineag,2025-10-21T14:55:25Z,2025-10-21T14:55:24Z,182.0,-244.0
Amen Thompson,Houston Rockets @ Oklahoma City Thunder,2025-10-21T23:35:00Z,player_assists,5.5,fanatics,2025-10-21T14:54:43Z,2025-10-21T14:55:27Z,105.0,-140.0
Alperen Sengun,Houston Rockets @ Oklahoma City Thunder,2025-10-21T23:35:00Z,player_assists,5.5,fanatics,2025-10-21T14:54:43Z,2025-10-21T14:55:27Z,-140.0,105.0
Shai Gilgeous-Alexander,Houston Rockets @ Oklahoma City Thunder,2025-10-21T23:35:00Z,player_assists,6.5,fanatics,2025-10-21T14:54:43Z,2025-10-21T14:55:27Z,-130.0,100.0
Isaiah Hartenstein,Houston Rockets @ Oklahoma City Thunder,2025-10-21T23:35:00Z,player_assists,3.5,fanatics,2025-10-21T14:54:43Z,2025-10-21T14:55:27Z,120.0,-165.0
Kevin Durant,Houston Rockets @ Oklahoma City Thunder,2025-10-21T23:35:00Z,player_assists,3.5,fanatics,2025-10-21T14:54:43Z,2025-10-21T14:55:27Z,-165.0,120.0
Luguentz Dort,Houston Rockets @ Oklahoma City Thunder,2025-10-21T23:35:00Z,player_assists,1.5,fanatics,2025-10-21T14:54:43Z,2025-10-21T14:55:27Z,135.0,-210.0
Chet Holmgren,Houston Rockets @ Oklahoma City Thunder,2025-10-21T23:35:00Z,player_assists,1.5,fanatics,2025-10-21T14:54:43Z,2025-10-21T14:55:27Z,-125.0,-105.0
Reed Sheppard,Houston Rockets @ Oklahoma City Thunder,2025-10-21T23:35:00Z,player_assists,2.5,fanatics,2025-10-21T14:54:43Z,2025-10-21T14:55:27Z,-130.0,100.0
Jabari Smith Jr,Houston Rockets @ Oklahoma City Thunder,2025-10-21T23:35:00Z,player_assists,1.5,fanatics,2025-10-21T14:54:43Z,2025-10-21T14:55:27Z,150.0,-240.0
Alex Caruso,Houston Rockets @ Oklahoma City Thunder,2025-10-21T23:35:00Z,player_assists,2.5,fanatics,2025-10-21T14:54:43Z,2025-10-21T14:55:27Z,-130.0,100.0
Aaron Wiggins,Houston Rockets @ Oklahoma City Thunder,2025-10-21T23:35:00Z,player_assists,1.5,fanatics,2025-10-21T14:54:43Z,2025-10-21T14:55:27Z,-130.0,100.0
Cason Wallace,Houston Rockets @ Oklahoma City Thunder,2025-10-21T23:35:00Z,player_assists,2.5,fanatics,2025-10-21T14:54:43Z,2025-10-21T14:55:27Z,100.0,-130.0
Shai Gilgeous-Alexander,Houston Rockets @ Oklahoma City Thunder,2025-10-21T23:35:00Z,player_double_double,,fanatics,2025-10-21T14:54:43Z,2025-10-21T14:55:27Z,,
Chet Holmgren,Houston Rockets @ Oklahoma City Thunder,2025-10-21T23:35:00Z,player_double_double,,fanatics,2025-10-21T14:54:43Z,2025-10-21T14:55:27Z,,
Kevin Durant,Houston Rockets @ Oklahoma City Thunder,2025-10-21T23:35:00Z,player_double_double,,fanatics,2025-10-21T14:54:43Z,2025-10-21T14:55:27Z,,
Alperen Sengun,Houston Rockets @ Oklahoma City Thunder,2025-10-21T23:35:00Z,player_double_double,,fanatics,2025-10-21T14:54:43Z,2025-10-21T14:55:27Z,,
Amen Thompson,Houston Rockets @ Oklahoma City Thunder,2025-10-21T23:35:00Z,player_double_double,,fanatics,2025-10-21T14:54:43Z,2025-10-21T14:55:27Z,,
Jabari Smith Jr,Houston Rockets @ Oklahoma City Thunder,2025-10-21T23:35:00Z,player_double_double,,fanatics,2025-10-21T14:54:43Z,2025-10-21T14:55:27Z,,
Isaiah Hartenstein,Houston Rockets @ Oklahoma City Thunder,2025-10-21T23:35:00Z,player_double_double,,fanatics,2025-10-21T14:54:43Z,2025-10-21T14:55:27Z,,
Aaron Wiggins,Houston Rockets @ Oklahoma City Thunder,2025-10-21T23:35:00Z,player_double_double,,fanatics,2025-10-21T14:54:43Z,2025-10-21T14:55:27Z,,
Isaiah Hartenstein,Houston Rockets @ Oklahoma City Thunder,2025-10-21T23:35:00Z,player_points,10.5,fanatics,2025-10-21T14:54:43Z,2025-10-21T14:55:27Z,-120.0,-110.0
Jabari Smith Jr,Houston Rockets @ Oklahoma City Thunder,2025-10-21T23:35:00Z,player_points,11.5,fanatics,2025-10-21T14:54:43Z,2025-10-21T14:55:27Z,-130.0,100.0
Chet Holmgren,Houston Rockets @ Oklahoma City Thunder,2025-10-21T23:35:00Z,player_points,16.5,fanatics,2025-10-21T14:54:43Z,2025-10-21T14:55:27Z,-110.0,-120.0
Luguentz Dort,Houston Rockets @ Oklahoma City Thunder,2025-10-21T23:35:00Z,player_points,9.5,fanatics,2025-10-21T14:54:43Z,2025-10-21T14:55:27Z,-115.0,-115.0
Amen Thompson,Houston Rockets @ Oklahoma City Thunder,2025-10-21T23:35:00Z,player_points,15.5,fanatics,2025-10-21T14:54:43Z,2025-10-21T14:55:27Z,-120.0,-110.0
Alperen Sengun,Houston Rockets @ Oklahoma City Thunder,2025-10-21T23:35:00Z,player_points,18.5,fanatics,2025-10-21T14:54:43Z,2025-10-21T14:55:27Z,-115.0,-115.0
Kevin Durant,Houston Rockets @ Oklahoma City Thunder,2025-10-21T23:35:00Z,player_points,23.5,fanatics,2025-10-21T14:54:43Z,2025-10-21T14:55:27Z,-115.0,-115.0
Shai Gilgeous-Alexander,Houston Rockets @ Oklahoma City Thunder,2025-10-21T23:35:00Z,player_points,32.5,fanatics,2025-10-21T14:54:43Z,2025-10-21T14:55:27Z,-115.0,-115.0
Reed Sheppard,Houston Rockets @ Oklahoma City Thunder,2025-10-21T23:35:00Z,player_points,8.5,fanatics,2025-10-21T14:54:43Z,2025-10-21T14:55:27Z,-120.0,-110.0
Tari Eason,Houston Rockets @ Oklahoma City Thunder,2025-10-21T23:35:00Z,player_points,10.5,fanatics,2025-10-21T14:54:43Z,2025-10-21T14:55:27Z,100.0,-130.0
Steven Adams,Houston Rockets @ Oklahoma City Thunder,2025-10-21T23:35:00Z,player_points,5.5,fanatics,2025-10-21T14:54:43Z,2025-10-21T14:55:27Z,-130.0,100.0
Aaron Wiggins,Houston Rockets @ Oklahoma City Thunder,2025-10-21T23:35:00Z,player_points,11.5,fanatics,2025-10-21T14:54:43Z,2025-10-21T14:55:27Z,-120.0,-110.0
Alex Caruso,Houston Rockets @ Oklahoma City Thunder,2025-10-21T23:35:00Z,player_points,8.5,fanatics,2025-10-21T14:54:43Z,2025-10-21T14:55:27Z,100.0,-130.0
Cason Wallace,Houston Rockets @ Oklahoma City Thunder,2025-10-21T23:35:00Z,player_points,7.5,fanatics,2025-10-21T14:54:43Z,2025-10-21T14:55:27Z,-130.0,100.0
Alperen Sengun,Houston Rockets @ Oklahoma City Thunder,2025-10-21T23:35:00Z,player_rebounds,9.5,fanatics,2025-10-21T14:54:43Z,2025-10-21T14:55:27Z,105.0,-140.0
Luguentz Dort,Houston Rockets @ Oklahoma City Thunder,2025-10-21T23:35:00Z,player_rebounds,3.5,fanatics,2025-10-21T14:54:43Z,2025-10-21T14:55:27Z,-115.0,-115.0
Kevin Durant,Houston Rockets @ Oklahoma City Thunder,2025-10-21T23:35:00Z,player_rebounds,4.5,fanatics,2025-10-21T14:54:43Z,2025-10-21T14:55:27Z,-165.0,120.0
Amen Thompson,Houston Rockets @ Oklahoma City Thunder,2025-10-21T23:35:00Z,player_rebounds,7.5,fanatics,2025-10-21T14:54:43Z,2025-10-21T14:55:27Z,110.0,-145.0
Isaiah Hartenstein,Houston Rockets @ Oklahoma City Thunder,2025-10-21T23:35:00Z,player_rebounds,8.5,fanatics,2025-10-21T14:54:43Z,2025-10-21T14:55:27Z,-125.0,-105.0
Shai Gilgeous-Alexander,Houston Rockets @ Oklahoma City Thunder,2025-10-21T23:35:00Z,player_rebounds,4.5,fanatics,2025-10-21T14:54:43Z,2025-10-21T14:55:27Z,-110.0,-120.0
Chet Holmgren,Houston Rockets @ Oklahoma City Thunder,2025-10-21T23:35:00Z,player_rebounds,7.5,fanatics,2025-10-21T14:54:43Z,2025-10-21T14:55:27Z,-115.0,-115.0
Jabari Smith Jr,Houston Rockets @ Oklahoma City Thunder,2025-10-21T23:35:00Z,player_rebounds,6.5,fanatics,2025-10-21T14:54:43Z,2025-10-21T14:55:27Z,110.0,-145.0
Tari Eason,Houston Rockets @ Oklahoma City Thunder,2025-10-21T23:35:00Z,player_rebounds,5.5,fanatics,2025-10-21T14:54:43Z,2025-10-21T14:55:27Z,120.0,-165.0
Steven Adams,Houston Rockets @ Oklahoma City Thunder,2025-10-21T23:35:00Z,player_rebounds,6.5,fanatics,2025-10-21T14:54:43Z,2025-10-21T14:55:27Z,-150.0,115.0
Alex Caruso,Houston Rockets @ Oklahoma City Thunder,2025-10-21T23:35:00Z,player_rebounds,2.5,fanatics,2025-10-21T14:54:43Z,2025-10-21T14:55:27Z,-175.0,125.0
Cason Wallace,Houston Rockets @ Oklahoma City Thunder,2025-10-21T23:35:00Z,player_rebounds,2.5,fanatics,2025-10-21T14:54:43Z,2025-10-21T14:55:27Z,-130.0,100.0
Aaron Wiggins,Houston Rockets @ Oklahoma City Thunder,2025-10-21T23:35:00Z,player_rebounds,3.5,fanatics,2025-10-21T14:54:43Z,2025-10-21T14:55:27Z,115.0,-150.0
Chet Holmgren,Houston Rockets @ Oklahoma City Thunder,2025-10-21T23:35:00Z,player_threes,1.5,fanatics,2025-10-21T14:54:43Z,2025-10-21T14:55:27Z,105.0,-140.0
Jabari Smith Jr,Houston Rockets @ Oklahoma City Thunder,2025-10-21T23:35:00Z,player_threes,1.5,fanatics,2025-10-21T14:54:43Z,2025-10-21T14:55:27Z,-175.0,125.0
Amen Thompson,Houston Rockets @ Oklahoma City Thunder,2025-10-21T23:35:00Z,player_threes,0.5,fanatics,2025-10-21T14:54:43Z,2025-10-21T14:55:27Z,115.0,-155.0
Luguentz Dort,Houston Rockets @ Oklahoma City Thunder,2025-10-21T23:35:00Z,player_threes,2.5,fanatics,2025-10-21T14:54:43Z,2025-10-21T14:55:27Z,125.0,-175.0
Shai Gilgeous-Alexander,Houston Rockets @ Oklahoma City Thunder,2025-10-21T23:35:00Z,player_threes,1.5,fanatics,2025-10-21T14:54:43Z,2025-10-21T14:55:27Z,-145.0,110.0
Kevin Durant,Houston Rockets @ Oklahoma City Thunder,2025-10-21T23:35:00Z,player_threes,2.5,fanatics,2025-10-21T14:54:43Z,2025-10-21T14:55:27Z,-105.0,-125.0
Alperen Sengun,Houston Rockets @ Oklahoma City Thunder,2025-10-21T23:35:00Z,player_threes,0.5,fanatics,2025-10-21T14:54:43Z,2025-10-21T14:55:27Z,190.0,-325.0
Reed Sheppard,Houston Rockets @ Oklahoma City Thunder,2025-10-21T23:35:00Z,player_threes,1.5,fanatics,2025-10-21T14:54:43Z,2025-10-21T14:55:27Z,-165.0,120.0
Tari Eason,Houston Rockets @ Oklahoma City Thunder,2025-10-21T23:35:00Z,player_threes,1.5,fanatics,2025-10-21T14:54:43Z,2025-10-21T14:55:27Z,135.0,-210.0
Aaron Wiggins,Houston Rockets @ Oklahoma City Thunder,2025-10-21T23:35:00Z,player_threes,1.5,fanatics,2025-10-21T14:54:43Z,2025-10-21T14:55:27Z,-130.0,100.0
Alex Caruso,Houston Rockets @ Oklahoma City Thunder,2025-10-21T23:35:00Z,player_threes,1.5,fanatics,2025-10-21T14:54:43Z,2025-10-21T14:55:27Z,105.0,-140.0
Alperen Sengun,Houston Rockets @ Oklahoma City Thunder,2025-10-21T23:35:00Z,player_triple_double,,fanatics,2025-10-21T14:54:43Z,2025-10-21T14:55:27Z,,
Amen Thompson,Houston Rockets @ Oklahoma City Thunder,2025-10-21T23:35:00Z,player_triple_double,,fanatics,2025-10-21T14:54:43Z,2025-10-21T14:55:27Z,,
Amen Thompson,Houston Rockets @ Oklahoma City Thunder,2025-10-21T23:35:00Z,player_assists,5.5,betrivers,2025-10-21T14:54:43Z,2025-10-21T14:55:10Z,110.0,-148.0
Isaiah Hartenstein,Houston Rockets @ Oklahoma City Thunder,2025-10-21T23:35:00Z,player_assists,3.5,betrivers,2025-10-21T14:54:43Z,2025-10-21T14:55:10Z,117.0,-157.0
Reed Sheppard,Houston Rockets @ Oklahoma City Thunder,2025-10-21T23:35:00Z,player_assists,2.5,betrivers,2025-10-21T14:54:43Z,2025-10-21T14:55:10Z,-112.0,-118.0
Kevin Durant,Houston Rockets @ Oklahoma City Thunder,2025-10-21T23:35:00Z,player_assists,3.5,betrivers,2025-10-21T14:54:43Z,2025-10-21T14:55:10Z,-136.0,102.0
Alperen Sengun,Houston Rockets @ Oklahoma City Thunder,2025-10-21T23:35:00Z,player_assists,5.5,betrivers,2025-10-21T14:54:43Z,2025-10-21T14:55:10Z,-130.0,-103.0
Shai Gilgeous-Alexander,Houston Rockets @ Oklahoma City Thunder,2025-10-21T23:35:00Z,player_assists,6.5,betrivers,2025-10-21T14:54:43Z,2025-10-21T14:55:10Z,100.0,-132.0
Isaiah Hartenstein,Houston Rockets @ Oklahoma City Thunder,2025-10-21T23:35:00Z,player_points,11.5,betrivers,2025-10-21T14:54:43Z,2025-10-21T14:55:10Z,100.0,-132.0
Kevin Durant,Houston Rockets @ Oklahoma City Thunder,2025-10-21T23:35:00Z,player_points,23.5,betrivers,2025-10-21T14:54:43Z,2025-10-21T14:55:10Z,-124.0,-107.0
Kevin Durant,Houston Rockets @ Oklahoma City Thunder,2025-10-21T23:35:00Z,player_points,24.5,betrivers,2025-10-21T14:54:43Z,2025-10-21T14:55:10Z,-105.0,-127.0
Shai Gilgeous-Alexander,Houston Rockets @ Oklahoma City Thunder,2025-10-21T23:35:00Z,player_points,32.5,betrivers,2025-10-21T14:54:43Z,2025-10-21T14:55:10Z,-109.0,-122.0
Chet Holmgren,Houston Rockets @ Oklahoma City Thunder,2025-10-21T23:35:00Z,player_points,15.5,betrivers,2025-10-21T14:54:43Z,2025-10-21T14:55:10Z,-136.0,102.0
Luguentz Dort,Houston Rockets @ Oklahoma City Thunder,2025-10-21T23:35:00Z,player_points,8.5,betrivers,2025-10-21T14:54:43Z,2025-10-21T14:55:10Z,-150.0,110.0
Chet Holmgren,Houston Rockets @ Oklahoma City Thunder,2025-10-21T23:35:00Z,player_points,16.5,betrivers,2025-10-21T14:54:43Z,2025-10-21T14:55:10Z,-110.0,-120.0
Luguentz Dort,Houston Rockets @ Oklahoma City Thunder,2025-10-21T23:35:00Z,player_points,9.5,betrivers,2025-10-21T14:54:43Z,2025-10-21T14:55:10Z,-113.0,-118.0
Isaiah Hartenstein,Houston Rockets @ Oklahoma City Thunder,2025-10-21T23:35:00Z,player_points,10.5,betrivers,2025-10-21T14:54:43Z,2025-10-21T14:55:10Z,-129.0,-104.0
Reed Sheppard,Houston Rockets @ Oklahoma City Thunder,2025-10-21T23:35:00Z,player_points,9.5,betrivers,2025-10-21T14:54:43Z,2025-10-21T14:55:10Z,104.0,-137.0
Shai Gilgeous-Alexander,Houston Rockets @ Oklahoma City Thunder,2025-10-21T23:35:00Z,player_points,30.5,betrivers,2025-10-21T14:54:43Z,2025-10-21T14:55:10Z,-148.0,110.0
Kevin Durant,Houston Rockets @ Oklahoma City Thunder,2025-10-21T23:35:00Z,player_points,25.5,betrivers,2025-10-21T14:54:43Z,2025-10-21T14:55:10Z,114.0,-157.0
Jabari Smith Jr,Houston Rockets @ Oklahoma City Thunder,2025-10-21T23:35:00Z,player_points,13.5,betrivers,2025-10-21T14:54:43Z,2025-10-21T14:55:10Z,114.0,-155.0
Alperen Sengun,Houston Rockets @ Oklahoma City Thunder,2025-10-21T23:35:00Z,player_points,17.5,betrivers,2025-10-21T14:54:43Z,2025-10-21T14:55:10Z,-132.0,-103.0
Jabari Smith Jr,Houston Rockets @ Oklahoma City Thunder,2025-10-21T23:35:00Z,player_points,12.5,betrivers,2025-10-21T14:54:43Z,2025-10-21T14:55:10Z,-112.0,-120.0
Shai Gilgeous-Alexander,Houston Rockets @ Oklahoma City Thunder,2025-10-21T23:35:00Z,player_points,33.5,betrivers,2025-10-21T14:54:43Z,2025-10-21T14:55:10Z,107.0,-143.0
Alperen Sengun,Houston Rockets @ Oklahoma City Thunder,2025-10-21T23:35:00Z,player_points,19.5,betrivers,2025-10-21T14:54:43Z,2025-10-21T14:55:10Z,116.0,-159.0
Kevin Durant,Houston Rockets @ Oklahoma City Thunder,2025-10-21T23:35:00Z,player_points,22.5,betrivers,2025-10-21T14:54:43Z,2025-10-21T14:55:10Z,-150.0,110.0
Amen Thompson,Houston Rockets @ Oklahoma City Thunder,2025-10-21T23:35:00Z,player_points,15.5,betrivers,2025-10-21T14:54:43Z,2025-10-21T14:55:10Z,-107.0,-125.0
Amen Thompson,Houston Rockets @ Oklahoma City Thunder,2025-10-21T23:35:00Z,player_points,16.5,betrivers,2025-10-21T14:54:43Z,2025-10-21T14:55:10Z,117.0,-162.0
Alperen Sengun,Houston Rockets @ Oklahoma City Thunder,2025-10-21T23:35:00Z,player_points,18.5,betrivers,2025-10-21T14:54:43Z,2025-10-21T14:55:10Z,-106.0,-127.0
Jabari Smith Jr,Houston Rockets @ Oklahoma City Thunder,2025-10-21T23:35:00Z,player_points,11.5,betrivers,2025-10-21T14:54:43Z,2025-10-21T14:55:10Z,-141.0,106.0
Reed Sheppard,Houston Rockets @ Oklahoma City Thunder,2025-10-21T23:35:00Z,player_points,8.5,betrivers,2025-10-21T14:54:43Z,2025-10-21T14:55:10Z,-124.0,-107.0
Alperen Sengun,Houston Rockets @ Oklahoma City Thunder,2025-10-21T23:35:00Z,player_points,16.5,betrivers,2025-10-21T14:54:43Z,2025-10-21T14:55:10Z,-167.0,120.0
Chet Holmgren,Houston Rockets @ Oklahoma City Thunder,2025-10-21T23:35:00Z,player_points,17.5,betrivers,2025-10-21T14:54:43Z,2025-10-21T14:55:10Z,110.0,-148.0
Luguentz Dort,Houston Rockets @ Oklahoma City Thunder,2025-10-21T23:35:00Z,player_points,10.5,betrivers,2025-10-21T14:54:43Z,2025-10-21T14:55:10Z,112.0,-152.0
Amen Thompson,Houston Rockets @ Oklahoma City Thunder,2025-10-21T23:35:00Z,player_points,14.5,betrivers,2025-10-21T14:54:43Z,2025-10-21T14:55:10Z,-134.0,102.0
Shai Gilgeous-Alexander,Houston Rockets @ Oklahoma City Thunder,2025-10-21T23:35:00Z,player_points,31.5,betrivers,2025-10-21T14:54:43Z,2025-10-21T14:55:10Z,-127.0,-106.0
Shai Gilgeous-Alexander,Houston Rockets @ Oklahoma City Thunder,2025-10-21T23:35:00Z,player_points_rebounds_assists,42.5,betrivers,2025-10-21T14:54:43Z,2025-10-21T14:55:10Z,-134.0,100.0
Isaiah Hartenstein,Houston Rockets @ Oklahoma City Thunder,2025-10-21T23:35:00Z,player_points_rebounds_assists,21.5,betrivers,2025-10-21T14:54:43Z,2025-10-21T14:55:10Z,-167.0,120.0
Isaiah Hartenstein,Houston Rockets @ Oklahoma City Thunder,2025-10-21T23:35:00Z,player_points_rebounds_assists,22.5,betrivers,2025-10-21T14:54:43Z,2025-10-21T14:55:10Z,-139.0,105.0
Alperen Sengun,Houston Rockets @ Oklahoma City Thunder,2025-10-21T23:35:00Z,player_points_rebounds_assists,31.5,betrivers,2025-10-21T14:54:43Z,2025-10-21T14:55:10Z,-167.0,120.0
Kevin Durant,Houston Rockets @ Oklahoma City Thunder,2025-10-21T23:35:00Z,player_points_rebounds_assists,32.5,betrivers,2025-10-21T14:54:43Z,2025-10-21T14:55:10Z,-129.0,-104.0
Shai Gilgeous-Alexander,Houston Rockets @ Oklahoma City Thunder,2025-10-21T23:35:00Z,player_points_rebounds_assists,44.5,betrivers,2025-10-21T14:54:43Z,2025-10-21T14:55:10Z,-105.0,-127.0
Alperen Sengun,Houston Rockets @ Oklahoma City Thunder,2025-10-21T23:35:00Z,player_points_rebounds_assists,35.5,betrivers,2025-10-21T14:54:43Z,2025-10-21T14:55:10Z,110.0,-150.0
Amen Thompson,Houston Rockets @ Oklahoma City Thunder,2025-10-21T23:35:00Z,player_points_rebounds_assists,29.5,betrivers,2025-10-21T14:54:43Z,2025-10-21T14:55:10Z,105.0,-141.0
Shai Gilgeous-Alexander,Houston Rockets @ Oklahoma City Thunder,2025-10-21T23:35:00Z,player_points_rebounds_assists,46.5,betrivers,2025-10-21T14:54:43Z,2025-10-21T14:55:10Z,120.0,-167.0
Amen Thompson,Houston Rockets @ Oklahoma City Thunder,2025-10-21T23:35:00Z,player_points_rebounds_assists,28.5,betrivers,2025-10-21T14:54:43Z,2025-10-21T14:55:10Z,-113.0,-118.0
Kevin Durant,Houston Rockets @ Oklahoma City Thunder,2025-10-21T23:35:00Z,player_points_rebounds_assists,35.5,betrivers,2025-10-21T14:54:43Z,2025-10-21T14:55:10Z,120.0,-165.0
Alperen Sengun,Houston Rockets @ Oklahoma City Thunder,2025-10-21T23:35:00Z,player_points_rebounds_assists,33.5,betrivers,2025-10-21T14:54:43Z,2025-10-21T14:55:10Z,-121.0,-110.0
Shai Gilgeous-Alexander,Houston Rockets @ Oklahoma City Thunder,2025-10-21T23:35:00Z,player_points_rebounds_assists,41.5,betrivers,2025-10-21T14:54:43Z,2025-10-21T14:55:10Z,-155.0,112.0
Alperen Sengun,Houston Rockets @ Oklahoma City Thunder,2025-10-21T23:35:00Z,player_points_rebounds_assists,34.5,betrivers,2025-10-21T14:54:43Z,2025-10-21T14:55:10Z,-105.0,-127.0
Amen Thompson,Houston Rockets @ Oklahoma City Thunder,2025-10-21T23:35:00Z,player_points_rebounds_assists,27.5,betrivers,2025-10-21T14:54:43Z,2025-10-21T14:55:10Z,-132.0,100.0
Isaiah Hartenstein,Houston Rockets @ Oklahoma City Thunder,2025-10-21T23:35:00Z,player_points_rebounds_assists,24.5,betrivers,2025-10-21T14:54:43Z,2025-10-21T14:55:10Z,100.0,-134.0
Kevin Durant,Houston Rockets @ Oklahoma City Thunder,2025-10-21T23:35:00Z,player_points_rebounds_assists,34.5,betrivers,2025-10-21T14:54:43Z,2025-10-21T14:55:10Z,104.0,-139.0
Kevin Durant,Houston Rockets @ Oklahoma City Thunder,2025-10-21T23:35:00Z,player_points_rebounds_assists,31.5,betrivers,2025-10-21T14:54:43Z,2025-10-21T14:55:10Z,-152.0,112.0
Kevin Durant,Houston Rockets @ Oklahoma City Thunder,2025-10-21T23:35:00Z,player_points_rebounds_assists,33.5,betrivers,2025-10-21T14:54:43Z,2025-10-21T14:55:10Z,-112.0,-120.0
Isaiah Hartenstein,Houston Rockets @ Oklahoma City Thunder,2025-10-21T23:35:00Z,player_points_rebounds_assists,23.5,betrivers,2025-10-21T14:54:43Z,2025-10-21T14:55:10Z,-118.0,-113.0
Isaiah Hartenstein,Houston Rockets @ Oklahoma City Thunder,2025-10-21T23:35:00Z,player_points_rebounds_assists,25.5,betrivers,2025-10-21T14:54:43Z,2025-10-21T14:55:10Z,116.0,-159.0
Amen Thompson,Houston Rockets @ Oklahoma City Thunder,2025-10-21T23:35:00Z,player_points_rebounds_assists,30.5,betrivers,2025-10-21T14:54:43Z,2025-10-21T14:55:10Z,123.0,-167.0
Alperen Sengun,Houston Rockets @ Oklahoma City Thunder,2025-10-21T23:35:00Z,player_points_rebounds_assists,32.5,betrivers,2025-10-21T14:54:43Z,2025-10-21T14:55:10Z,-141.0,106.0
Amen Thompson,Houston Rockets @ Oklahoma City Thunder,2025-10-21T23:35:00Z,player_points_rebounds_assists,26.5,betrivers,2025-10-21T14:54:43Z,2025-10-21T14:55:10Z,-159.0,116.0
Shai Gilgeous-Alexander,Houston Rockets @ Oklahoma City Thunder,2025-10-21T23:35:00Z,player_points_rebounds_assists,45.5,betrivers,2025-10-21T14:54:43Z,2025-10-21T14:55:10Z,108.0,-148.0
Shai Gilgeous-Alexander,Houston Rockets @ Oklahoma City Thunder,2025-10-21T23:35:00Z,player_points_rebounds_assists,43.5,betrivers,2025-10-21T14:54:43Z,2025-10-21T14:55:10Z,-118.0,-113.0
Isaiah Hartenstein,Houston Rockets @ Oklahoma City Thunder,2025-10-21T23:35:00Z,player_rebounds,8.5,betrivers,2025-10-21T14:54:43Z,2025-10-21T14:55:10Z,-132.0,100.0
Chet Holmgren,Houston Rockets @ Oklahoma City Thunder,2025-10-21T23:35:00Z,player_rebounds,7.5,betrivers,2025-10-21T14:54:43Z,2025-10-21T14:55:10Z,-105.0,-127.0
Luguentz Dort,Houston Rockets @ Oklahoma City Thunder,2025-10-21T23:35:00Z,player_rebounds,3.5,betrivers,2025-10-21T14:54:43Z,2025-10-21T14:55:10Z,-122.0,-109.0
Alperen Sengun,Houston Rockets @ Oklahoma City Thunder,2025-10-21T23:35:00Z,player_rebounds,9.5,betrivers,2025-10-21T14:54:43Z,2025-10-21T14:55:10Z,104.0,-139.0
Shai Gilgeous-Alexander,Houston Rockets @ Oklahoma City Thunder,2025-10-21T23:35:00Z,player_rebounds,4.5,betrivers,2025-10-21T14:54:43Z,2025-10-21T14:55:10Z,-103.0,-130.0
Amen Thompson,Houston Rockets @ Oklahoma City Thunder,2025-10-21T23:35:00Z,player_rebounds,7.5,betrivers,2025-10-21T14:54:43Z,2025-10-21T14:55:10Z,104.0,-139.0
Jabari Smith Jr,Houston Rockets @ Oklahoma City Thunder,2025-10-21T23:35:00Z,player_rebounds,6.5,betrivers,2025-10-21T14:54:43Z,2025-10-21T14:55:10Z,102.0,-136.0
Kevin Durant,Houston Rockets @ Oklahoma City Thunder,2025-10-21T23:35:00Z,player_rebounds,4.5,betrivers,2025-10-21T14:54:43Z,2025-10-21T14:55:10Z,-136.0,102.0
Reed Sheppard,Houston Rockets @ Oklahoma City Thunder,2025-10-21T23:35:00Z,player_threes,1.5,betrivers,2025-10-21T14:54:43Z,2025-10-21T14:55:10Z,-155.0,116.0
Luguentz Dort,Houston Rockets @ Oklahoma City Thunder,2025-10-21T23:35:00Z,player_threes,2.5,betrivers,2025-10-21T14:54:43Z,2025-10-21T14:55:10Z,138.0,-186.0
Jabari Smith Jr,Houston Rockets @ Oklahoma City Thunder,2025-10-21T23:35:00Z,player_threes,1.5,betrivers,2025-10-21T14:54:43Z,2025-10-21T14:55:10Z,-180.0,132.0
Chet Holmgren,Houston Rockets @ Oklahoma City Thunder,2025-10-21T23:35:00Z,player_threes,1.5,betrivers,2025-10-21T14:54:43Z,2025-10-21T14:55:10Z,112.0,-150.0
Shai Gilgeous-Alexander,Houston Rockets @ Oklahoma City Thunder,2025-10-21T23:35:00Z,player_threes,1.5,betrivers,2025-10-21T14:54:43Z,2025-10-21T14:55:10Z,-143.0,108.0
Kevin Durant,Houston Rockets @ Oklahoma City Thunder,2025-10-21T23:35:00Z,player_threes,2.5,betrivers,2025-10-21T14:54:43Z,2025-10-21T14:55:10Z,-103.0,-130.0
Amen Thompson,Houston Rockets @ Oklahoma City Thunder,2025-10-21T23:35:00Z,player_assists,5.5,betmgm,2025-10-21T14:54:56Z,2025-10-21T14:53:31Z,125.0,-165.0
Jabari Smith Jr,Houston Rockets @ Oklahoma City Thunder,2025-10-21T23:35:00Z,player_assists,1.5,betmgm,2025-10-21T14:54:56Z,2025-10-21T14:53:31Z,165.0,-225.0
Kevin Durant,Houston Rockets @ Oklahoma City Thunder,2025-10-21T23:35:00Z,player_assists,3.5,betmgm,2025-10-21T14:54:56Z,2025-10-21T14:53:31Z,-140.0,105.0
Luguentz Dort,Houston Rockets @ Oklahoma City Thunder,2025-10-21T23:35:00Z,player_assists,1.5,betmgm,2025-10-21T14:54:56Z,2025-10-21T14:53:31Z,135.0,-175.0
Chet Holmgren,Houston Rockets @ Oklahoma City Thunder,2025-10-21T23:35:00Z,player_assists,1.5,betmgm,2025-10-21T14:54:56Z,2025-10-21T14:53:31Z,-115.0,-115.0
Isaiah Hartenstein,Houston Rockets @ Oklahoma City Thunder,2025-10-21T23:35:00Z,player_assists,3.5,betmgm,2025-10-21T14:54:56Z,2025-10-21T14:53:31Z,120.0,-160.0
Alperen Sengun,Houston Rockets @ Oklahoma City Thunder,2025-10-21T23:35:00Z,player_assists,6.5,betmgm,2025-10-21T14:54:56Z,2025-10-21T14:53:31Z,125.0,-160.0
Reed Sheppard,Houston Rockets @ Oklahoma City Thunder,2025-10-21T23:35:00Z,player_assists,2.5,betmgm,2025-10-21T14:54:56Z,2025-10-21T14:53:31Z,-125.0,-105.0
Tari Eason,Houston Rockets @ Oklahoma City Thunder,2025-10-21T23:35:00Z,player_assists,1.5,betmgm,2025-10-21T14:54:56Z,2025-10-21T14:53:31Z,120.0,-155.0
Steven Adams,Houston Rockets @ Oklahoma City Thunder,2025-10-21T23:35:00Z,player_assists,1.5,betmgm,2025-10-21T14:54:56Z,2025-10-21T14:53:31Z,-105.0,-125.0
Shai Gilgeous-Alexander,Houston Rockets @ Oklahoma City Thunder,2025-10-21T23:35:00Z,player_assists,6.5,betmgm,2025-10-21T14:54:56Z,2025-10-21T14:53:31Z,-130.0,-105.0
Alex Caruso,Houston Rockets @ Oklahoma City Thunder,2025-10-21T23:35:00Z,player_assists,2.5,betmgm,2025-10-21T14:54:56Z,2025-10-21T14:53:31Z,-145.0,105.0
Aaron Wiggins,Houston Rockets @ Oklahoma City Thunder,2025-10-21T23:35:00Z,player_assists,1.5,betmgm,2025-10-21T14:54:56Z,2025-10-21T14:53:31Z,-130.0,-105.0
Cason Wallace,Houston Rockets @ Oklahoma City Thunder,2025-10-21T23:35:00Z,player_assists,2.5,betmgm,2025-10-21T14:54:56Z,2025-10-21T14:53:31Z,-105.0,-130.0
Amen Thompson,Houston Rockets @ Oklahoma City Thunder,2025-10-21T23:35:00Z,player_blocks,1.5,betmgm,2025-10-21T14:54:56Z,2025-10-21T14:53:31Z,150.0,-210.0
Jabari Smith Jr,Houston Rockets @ Oklahoma City Thunder,2025-10-21T23:35:00Z,player_blocks,0.5,betmgm,2025-10-21T14:54:56Z,2025-10-21T14:53:31Z,100.0,-140.0
Alperen Sengun,Houston Rockets @ Oklahoma City Thunder,2025-10-21T23:35:00Z,player_blocks,0.5,betmgm,2025-10-21T14:54:56Z,2025-10-21T14:53:31Z,125.0,-175.0
Shai Gilgeous-Alexander,Houston Rockets @ Oklahoma City Thunder,2025-10-21T23:35:00Z,player_blocks,0.5,betmgm,2025-10-21T14:54:56Z,2025-10-21T14:53:31Z,-150.0,105.0
Kevin Durant,Houston Rockets @ Oklahoma City Thunder,2025-10-21T23:35:00Z,player_blocks,0.5,betmgm,2025-10-21T14:54:56Z,2025-10-21T14:53:31Z,-160.0,115.0
Luguentz Dort,Houston Rockets @ Oklahoma City Thunder,2025-10-21T23:35:00Z,player_blocks,0.5,betmgm,2025-10-21T14:54:56Z,2025-10-21T14:53:31Z,160.0,-225.0
Isaiah Hartenstein,Houston Rockets @ Oklahoma City Thunder,2025-10-21T23:35:00Z,player_blocks,0.5,betmgm,2025-10-21T14:54:56Z,2025-10-21T14:53:31Z,-210.0,145.0
Chet Holmgren,Houston Rockets @ Oklahoma City Thunder,2025-10-21T23:35:00Z,player_blocks,1.5,betmgm,2025-10-21T14:54:56Z,2025-10-21T14:53:31Z,-190.0,135.0
Steven Adams,Houston Rockets @ Oklahoma City Thunder,2025-10-21T23:35:00Z,player_blocks,0.5,betmgm,2025-10-21T14:54:56Z,2025-10-21T14:53:31Z,-120.0,-110.0
Cason Wallace,Houston Rockets @ Oklahoma City Thunder,2025-10-21T23:35:00Z,player_blocks,0.5,betmgm,2025-10-21T14:54:56Z,2025-10-21T14:53:31Z,195.0,-285.0
Amen Thompson,Houston Rockets @ Oklahoma City Thunder,2025-10-21T23:35:00Z,player_double_double,,betmgm,2025-10-21T14:54:56Z,2025-10-21T14:53:31Z,,
Jabari Smith Jr,Houston Rockets @ Oklahoma City Thunder,2025-10-21T23:35:00Z,player_double_double,,betmgm,2025-10-21T14:54:56Z,2025-10-21T14:53:31Z,,
Alperen Sengun,Houston Rockets @ Oklahoma City Thunder,2025-10-21T23:35:00Z,player_double_double,,betmgm,2025-10-21T14:54:56Z,2025-10-21T14:53:31Z,,
Shai Gilgeous-Alexander,Houston Rockets @ Oklahoma City Thunder,2025-10-21T23:35:00Z,player_double_double,,betmgm,2025-10-21T14:54:56Z,2025-10-21T14:53:31Z,,
Kevin Durant,Houston Rockets @ Oklahoma City Thunder,2025-10-21T23:35:00Z,player_double_double,,betmgm,2025-10-21T14:54:56Z,2025-10-21T14:53:31Z,,
Chet Holmgren,Houston Rockets @ Oklahoma City Thunder,2025-10-21T23:35:00Z,player_double_double,,betmgm,2025-10-21T14:54:56Z,2025-10-21T14:53:31Z,,
Isaiah Hartenstein,Houston Rockets @ Oklahoma City Thunder,2025-10-21T23:35:00Z,player_double_double,,betmgm,2025-10-21T14:54:56Z,2025-10-21T14:53:31Z,,
Steven Adams,Houston Rockets @ Oklahoma City Thunder,2025-10-21T23:35:00Z,player_double_double,,betmgm,2025-10-21T14:54:56Z,2025-10-21T14:53:31Z,,
Jabari Smith Jr,Houston Rockets @ Oklahoma City Thunder,2025-10-21T23:35:00Z,player_points,11.5,betmgm,2025-10-21T14:54:56Z,2025-10-21T14:53:31Z,-120.0,-110.0
Shai Gilgeous-Alexander,Houston Rockets @ Oklahoma City Thunder,2025-10-21T23:35:00Z,player_points,32.5,betmgm,2025-10-21T14:54:56Z,2025-10-21T14:53:31Z,-105.0,-125.0
Luguentz Dort,Houston Rockets @ Oklahoma City Thunder,2025-10-21T23:35:00Z,player_points,9.5,betmgm,2025-10-21T14:54:56Z,2025-10-21T14:53:31Z,-110.0,-120.0
Isaiah Hartenstein,Houston Rockets @ Oklahoma City Thunder,2025-10-21T23:35:00Z,player_points,10.5,betmgm,2025-10-21T14:54:56Z,2025-10-21T14:53:31Z,-105.0,-130.0
Alperen Sengun,Houston Rockets @ Oklahoma City Thunder,2025-10-21T23:35:00Z,player_points,18.5,betmgm,2025-10-21T14:54:56Z,2025-10-21T14:53:31Z,-120.0,-110.0
Amen Thompson,Houston Rockets @ Oklahoma City Thunder,2025-10-21T23:35:00Z,player_points,15.5,betmgm,2025-10-21T14:54:56Z,2025-10-21T14:53:31Z,-110.0,-120.0
Reed Sheppard,Houston Rockets @ Oklahoma City Thunder,2025-10-21T23:35:00Z,player_points,8.5,betmgm,2025-10-21T14:54:56Z,2025-10-21T14:53:31Z,-105.0,-125.0
Steven Adams,Houston Rockets @ Oklahoma City Thunder,2025-10-21T23:35:00Z,player_points,5.5,betmgm,2025-10-21T14:54:56Z,2025-10-21T14:53:31Z,-115.0,-115.0
Tari Eason,Houston Rockets @ Oklahoma City Thunder,2025-10-21T23:35:00Z,player_points,9.5,betmgm,2025-10-21T14:54:56Z,2025-10-21T14:53:31Z,-130.0,-105.0
Chet Holmgren,Houston Rockets @ Oklahoma City Thunder,2025-10-21T23:35:00Z,player_points,17.5,betmgm,2025-10-21T14:54:56Z,2025-10-21T14:53:31Z,-105.0,-125.0
Aaron Wiggins,Houston Rockets @ Oklahoma City Thunder,2025-10-21T23:35:00Z,player_points,11.5,betmgm,2025-10-21T14:54:56Z,2025-10-21T14:53:31Z,-115.0,-118.0
Cason Wallace,Houston Rockets @ Oklahoma City Thunder,2025-10-21T23:35:00Z,player_points,7.5,betmgm,2025-10-21T14:54:56Z,2025-10-21T14:53:31Z,-130.0,100.0
Alex Caruso,Houston Rockets @ Oklahoma City Thunder,2025-10-21T23:35:00Z,player_points,9.5,betmgm,2025-10-21T14:54:56Z,2025-10-21T14:53:31Z,100.0,-135.0
Kevin Durant,Houston Rockets @ Oklahoma City Thunder,2025-10-21T23:35:00Z,player_points,23.5,betmgm,2025-10-21T14:54:56Z,2025-10-21T14:53:31Z,-130.0,-105.0
Amen Thompson,Houston Rockets @ Oklahoma City Thunder,2025-10-21T23:35:00Z,player_points_rebounds_assists,27.5,betmgm,2025-10-21T14:54:56Z,2025-10-21T14:53:31Z,-120.0,-110.0
Alperen Sengun,Houston Rockets @ Oklahoma City Thunder,2025-10-21T23:35:00Z,player_points_rebounds_assists,34.5,betmgm,2025-10-21T14:54:56Z,2025-10-21T14:53:31Z,100.0,-130.0
Shai Gilgeous-Alexander,Houston Rockets @ Oklahoma City Thunder,2025-10-21T23:35:00Z,player_points_rebounds_assists,44.5,betmgm,2025-10-21T14:54:56Z,2025-10-21T14:53:31Z,110.0,-145.0
Jabari Smith Jr,Houston Rockets @ Oklahoma City Thunder,2025-10-21T23:35:00Z,player_points_rebounds_assists,18.5,betmgm,2025-10-21T14:54:56Z,2025-10-21T14:53:31Z,-130.0,-105.0
Isaiah Hartenstein,Houston Rockets @ Oklahoma City Thunder,2025-10-21T23:35:00Z,player_points_rebounds_assists,23.5,betmgm,2025-10-21T14:54:56Z,2025-10-21T14:53:31Z,105.0,-145.0
Reed Sheppard,Houston Rockets @ Oklahoma City Thunder,2025-10-21T23:35:00Z,player_points_rebounds_assists,13.5,betmgm,2025-10-21T14:54:56Z,2025-10-21T14:53:31Z,-120.0,-110.0
Steven Adams,Houston Rockets @ Oklahoma City Thunder,2025-10-21T23:35:00Z,player_points_rebounds_assists,13.5,betmgm,2025-10-21T14:54:56Z,2025-10-21T14:53:31Z,-125.0,-110.0
Luguentz Dort,Houston Rockets @ Oklahoma City Thunder,2025-10-21T23:35:00Z,player_points_rebounds_assists,15.5,betmgm,2025-10-21T14:54:56Z,2025-10-21T14:53:31Z,100.0,-130.0
Chet Holmgren,Houston Rockets @ Oklahoma City Thunder,2025-10-21T23:35:00Z,player_points_rebounds_assists,26.5,betmgm,2025-10-21T14:54:56Z,2025-10-21T14:53:31Z,-118.0,-110.0
Aaron Wiggins,Houston Rockets @ Oklahoma City Thunder,2025-10-21T23:35:00Z,player_points_rebounds_assists,16.5,betmgm,2025-10-21T14:54:56Z,2025-10-21T14:53:31Z,-115.0,-115.0
Alex Caruso,Houston Rockets @ Oklahoma City Thunder,2025-10-21T23:35:00Z,player_points_rebounds_assists,15.5,betmgm,2025-10-21T14:54:56Z,2025-10-21T14:53:31Z,105.0,-140.0
Tari Eason,Houston Rockets @ Oklahoma City Thunder,2025-10-21T23:35:00Z,player_points_rebounds_assists,16.5,betmgm,2025-10-21T14:54:56Z,2025-10-21T14:53:31Z,-110.0,-118.0
Kevin Durant,Houston Rockets @ Oklahoma City Thunder,2025-10-21T23:35:00Z,player_points_rebounds_assists,32.5,betmgm,2025-10-21T14:54:56Z,2025-10-21T14:53:31Z,-125.0,-105.0
Cason Wallace,Houston Rockets @ Oklahoma City Thunder,2025-10-21T23:35:00Z,player_points_rebounds_assists,13.5,betmgm,2025-10-21T14:54:56Z,2025-10-21T14:53:31Z,-105.0,-130.0
Amen Thompson,Houston Rockets @ Oklahoma City Thunder,2025-10-21T23:35:00Z,player_rebounds,6.5,betmgm,2025-10-21T14:54:56Z,2025-10-21T14:53:31Z,-140.0,105.0
Shai Gilgeous-Alexander,Houston Rockets @ Oklahoma City Thunder,2025-10-21T23:35:00Z,player_rebounds,4.5,betmgm,2025-10-21T14:54:56Z,2025-10-21T14:53:31Z,100.0,-135.0
Chet Holmgren,Houston Rockets @ Oklahoma City Thunder,2025-10-21T23:35:00Z,player_rebounds,7.5,betmgm,2025-10-21T14:54:56Z,2025-10-21T14:53:31Z,-125.0,-105.0
Isaiah Hartenstein,Houston Rockets @ Oklahoma City Thunder,2025-10-21T23:35:00Z,player_rebounds,9.5,betmgm,2025-10-21T14:54:56Z,2025-10-21T14:53:31Z,105.0,-145.0
Jabari Smith Jr,Houston Rockets @ Oklahoma City Thunder,2025-10-21T23:35:00Z,player_rebounds,5.5,betmgm,2025-10-21T14:54:56Z,2025-10-21T14:53:31Z,-145.0,105.0
Luguentz Dort,Houston Rockets @ Oklahoma City Thunder,2025-10-21T23:35:00Z,player_rebounds,3.5,betmgm,2025-10-21T14:54:56Z,2025-10-21T14:53:31Z,-120.0,-110.0
Reed Sheppard,Houston Rockets @ Oklahoma City Thunder,2025-10-21T23:35:00Z,player_rebounds,2.5,betmgm,2025-10-21T14:54:56Z,2025-10-21T14:53:31Z,120.0,-160.0
Tari Eason,Houston Rockets @ Oklahoma City Thunder,2025-10-21T23:35:00Z,player_rebounds,4.5,betmgm,2025-10-21T14:54:56Z,2025-10-21T14:53:31Z,-155.0,115.0
Steven Adams,Houston Rockets @ Oklahoma City Thunder,2025-10-21T23:35:00Z,player_rebounds,6.5,betmgm,2025-10-21T14:54:56Z,2025-10-21T14:53:31Z,-140.0,105.0
Alperen Sengun,Houston Rockets @ Oklahoma City Thunder,2025-10-21T23:35:00Z,player_rebounds,8.5,betmgm,2025-10-21T14:54:56Z,2025-10-21T14:53:31Z,-135.0,100.0
Kevin Durant,Houston Rockets @ Oklahoma City Thunder,2025-10-21T23:35:00Z,player_rebounds,4.5,betmgm,2025-10-21T14:54:56Z,2025-10-21T14:53:31Z,-150.0,115.0
Alex Caruso,Houston Rockets @ Oklahoma City Thunder,2025-10-21T23:35:00Z,player_rebounds,2.5,betmgm,2025-10-21T14:54:56Z,2025-10-21T14:53:31Z,-175.0,130.0
Cason Wallace,Houston Rockets @ Oklahoma City Thunder,2025-10-21T23:35:00Z,player_rebounds,2.5,betmgm,2025-10-21T14:54:56Z,2025-10-21T14:53:31Z,-120.0,-110.0
Aaron Wiggins,Houston Rockets @ Oklahoma City Thunder,2025-10-21T23:35:00Z,player_rebounds,3.5,betmgm,2025-10-21T14:54:56Z,2025-10-21T14:53:31Z,125.0,-165.0
Amen Thompson,Houston Rockets @ Oklahoma City Thunder,2025-10-21T23:35:00Z,player_threes,0.5,betmgm,2025-10-21T14:54:56Z,2025-10-21T14:53:31Z,120.0,-160.0
Jabari Smith Jr,Houston Rockets @ Oklahoma City Thunder,2025-10-21T23:35:00Z,player_threes,1.5,betmgm,2025-10-21T14:54:56Z,2025-10-21T14:53:31Z,-175.0,130.0
Alperen Sengun,Houston Rockets @ Oklahoma City Thunder,2025-10-21T23:35:00Z,player_threes,0.5,betmgm,2025-10-21T14:54:56Z,2025-10-21T14:53:31Z,260.0,-375.0
Shai Gilgeous-Alexander,Houston Rockets @ Oklahoma City Thunder,2025-10-21T23:35:00Z,player_threes,1.5,betmgm,2025-10-21T14:54:56Z,2025-10-21T14:53:31Z,-155.0,115.0
Kevin Durant,Houston Rockets @ Oklahoma City Thunder,2025-10-21T23:35:00Z,player_threes,2.5,betmgm,2025-10-21T14:54:56Z,2025-10-21T14:53:31Z,-110.0,-120.0
Luguentz Dort,Houston Rockets @ Oklahoma City Thunder,2025-10-21T23:35:00Z,player_threes,2.5,betmgm,2025-10-21T14:54:56Z,2025-10-21T14:53:31Z,130.0,-175.0
Chet Holmgren,Houston Rockets @ Oklahoma City Thunder,2025-10-21T23:35:00Z,player_threes,1.5,betmgm,2025-10-21T14:54:56Z,2025-10-21T14:53:31Z,-105.0,-130.0
Reed Sheppard,Houston Rockets @ Oklahoma City Thunder,2025-10-21T23:35:00Z,player_threes,1.5,betmgm,2025-10-21T14:54:56Z,2025-10-21T14:53:31Z,-150.0,110.0
Alex Caruso,Houston Rockets @ Oklahoma City Thunder,2025-10-21T23:35:00Z,player_threes,1.5,betmgm,2025-10-21T14:54:56Z,2025-10-21T14:53:31Z,105.0,-140.0
Aaron Wiggins,Houston Rockets @ Oklahoma City Thunder,2025-10-21T23:35:00Z,player_threes,1.5,betmgm,2025-10-21T14:54:56Z,2025-10-21T14:53:31Z,-130.0,-105.0
Cason Wallace,Houston Rockets @ Oklahoma City Thunder,2025-10-21T23:35:00Z,player_threes,0.5,betmgm,2025-10-21T14:54:56Z,2025-10-21T14:53:31Z,-235.0,175.0
Tari Eason,Houston Rockets @ Oklahoma City Thunder,2025-10-21T23:35:00Z,player_threes,1.5,betmgm,2025-10-21T14:54:56Z,2025-10-21T14:53:31Z,170.0,-235.0
Amen Thompson,Houston Rockets @ Oklahoma City Thunder,2025-10-21T23:35:00Z,player_triple_double,,betmgm,2025-10-21T14:54:56Z,2025-10-21T14:53:31Z,,
Alperen Sengun,Houston Rockets @ Oklahoma City Thunder,2025-10-21T23:35:00Z,player_triple_double,,betmgm,2025-10-21T14:54:56Z,2025-10-21T14:53:31Z,,
Shai Gilgeous-Alexander,Houston Rockets @ Oklahoma City Thunder,2025-10-21T23:35:00Z,player_triple_double,,betmgm,2025-10-21T14:54:56Z,2025-10-21T14:53:31Z,,
Luka Doncic,Golden State Warriors @ Los Angeles Lakers,2025-10-22T02:00:00Z,player_assists,7.5,draftkings,2025-10-21T14:55:12Z,2025-10-21T14:55:08Z,-143.0,111.0
Stephen Curry,Golden State Warriors @ Los Angeles Lakers,2025-10-22T02:00:00Z,player_assists,5.5,draftkings,2025-10-21T14:55:12Z,2025-10-21T14:55:08Z,107.0,-138.0
Jimmy Butler,Golden State Warriors @ Los Angeles Lakers,2025-10-22T02:00:00Z,player_assists,5.5,draftkings,2025-10-21T14:55:12Z,2025-10-21T14:55:08Z,118.0,-153.0
Austin Reaves,Golden State Warriors @ Los Angeles Lakers,2025-10-22T02:00:00Z,player_assists,4.5,draftkings,2025-10-21T14:55:12Z,2025-10-21T14:55:08Z,-145.0,112.0
Draymond Green,Golden State Warriors @ Los Angeles Lakers,2025-10-22T02:00:00Z,player_assists,4.5,draftkings,2025-10-21T14:55:12Z,2025-10-21T14:55:08Z,-140.0,108.0
Brandin Podziemski,Golden State Warriors @ Los Angeles Lakers,2025-10-22T02:00:00Z,player_assists,3.5,draftkings,2025-10-21T14:55:12Z,2025-10-21T14:55:08Z,-102.0,-127.0
Marcus Smart,Golden State Warriors @ Los Angeles Lakers,2025-10-22T02:00:00Z,player_assists,2.5,draftkings,2025-10-21T14:55:12Z,2025-10-21T14:55:08Z,-134.0,104.0
Al Horford,Golden State Warriors @ Los Angeles Lakers,2025-10-22T02:00:00Z,player_assists,1.5,draftkings,2025-10-21T14:55:12Z,2025-10-21T14:55:08Z,-131.0,101.0
Deandre Ayton,Golden State Warriors @ Los Angeles Lakers,2025-10-22T02:00:00Z,player_assists,1.5,draftkings,2025-10-21T14:55:12Z,2025-10-21T14:55:08Z,-117.0,-111.0
Gabe Vincent,Golden State Warriors @ Los Angeles Lakers,2025-10-22T02:00:00Z,player_assists,1.5,draftkings,2025-10-21T14:55:12Z,2025-10-21T14:55:08Z,141.0,-184.0
Rui Hachimura,Golden State Warriors @ Los Angeles Lakers,2025-10-22T02:00:00Z,player_assists,1.5,draftkings,2025-10-21T14:55:12Z,2025-10-21T14:55:08Z,153.0,-200.0
Al Horford,Golden State Warriors @ Los Angeles Lakers,2025-10-22T02:00:00Z,player_blocks,0.5,draftkings,2025-10-21T14:55:12Z,2025-10-21T14:55:00Z,-134.0,101.0
Luka Doncic,Golden State Warriors @ Los Angeles Lakers,2025-10-22T02:00:00Z,player_double_double,,draftkings,2025-10-21T14:55:12Z,2025-10-21T14:55:08Z,,
Deandre Ayton,Golden State Warriors @ Los Angeles Lakers,2025-10-22T02:00:00Z,player_double_double,,draftkings,2025-10-21T14:55:12Z,2025-10-21T14:55:08Z,,
Austin Reaves,Golden State Warriors @ Los Angeles Lakers,2025-10-22T02:00:00Z,player_double_double,,draftkings,2025-10-21T14:55:12Z,2025-10-21T14:55:08Z,,
Jimmy Butler,Golden State Warriors @ Los Angeles Lakers,2025-10-22T02:00:00Z,player_double_double,,draftkings,2025-10-21T14:55:12Z,2025-10-21T14:55:08Z,,
Draymond Green,Golden State Warriors @ Los Angeles Lakers,2025-10-22T02:00:00Z,player_double_double,,draftkings,2025-10-21T14:55:12Z,2025-10-21T14:55:08Z,,
Stephen Curry,Golden State Warriors @ Los Angeles Lakers,2025-10-22T02:00:00Z,player_double_double,,draftkings,2025-10-21T14:55:12Z,2025-10-21T14:55:08Z,,
Rui Hachimura,Golden State Warriors @ Los Angeles Lakers,2025-10-22T02:00:00Z,player_double_double,,draftkings,2025-10-21T14:55:12Z,2025-10-21T14:55:08Z,,
Brandin Podziemski,Golden State Warriors @ Los Angeles Lakers,2025-10-22T02:00:00Z,player_double_double,,draftkings,2025-10-21T14:55:12Z,2025-10-21T14:55:08Z,,
Jonathan Kuminga,Golden State Warriors @ Los Angeles Lakers,2025-10-22T02:00:00Z,player_double_double,,draftkings,2025-10-21T14:55:12Z,2025-10-21T14:55:08Z,,
Al Horford,Golden State Warriors @ Los Angeles Lakers,2025-10-22T02:00:00Z,player_double_double,,draftkings,2025-10-21T14:55:12Z,2025-10-21T14:55:08Z,,
Luka Doncic,Golden State Warriors @ Los Angeles Lakers,2025-10-22T02:00:00Z,player_points,30.5,draftkings,2025-10-21T14:55:12Z,2025-10-21T14:55:08Z,-106.0,-120.0
Stephen Curry,Golden State Warriors @ Los Angeles Lakers,2025-10-22T02:00:00Z,player_points,26.5,draftkings,2025-10-21T14:55:12Z,2025-10-21T14:55:08Z,-112.0,-114.0
Austin Reaves,Golden State Warriors @ Los Angeles Lakers,2025-10-22T02:00:00Z,player_points,21.5,draftkings,2025-10-21T14:55:12Z,2025-10-21T14:55:08Z,-123.0,-103.0
Jimmy Butler,Golden State Warriors @ Los Angeles Lakers,2025-10-22T02:00:00Z,player_points,17.5,draftkings,2025-10-21T14:55:12Z,2025-10-21T14:55:08Z,-110.0,-115.0
Jonathan Kuminga,Golden State Warriors @ Los Angeles Lakers,2025-10-22T02:00:00Z,player_points,13.5,draftkings,2025-10-21T14:55:12Z,2025-10-21T14:55:08Z,-116.0,-110.0
Deandre Ayton,Golden State Warriors @ Los Angeles Lakers,2025-10-22T02:00:00Z,player_points,13.5,draftkings,2025-10-21T14:55:12Z,2025-10-21T14:55:08Z,-107.0,-119.0
Brandin Podziemski,Golden State Warriors @ Los Angeles Lakers,2025-10-22T02:00:00Z,player_points,12.5,draftkings,2025-10-21T14:55:12Z,2025-10-21T14:55:08Z,-126.0,-101.0
Rui Hachimura,Golden State Warriors @ Los Angeles Lakers,2025-10-22T02:00:00Z,player_points,12.5,draftkings,2025-10-21T14:55:12Z,2025-10-21T14:55:08Z,-107.0,-119.0
Buddy Hield,Golden State Warriors @ Los Angeles Lakers,2025-10-22T02:00:00Z,player_points,9.5,draftkings,2025-10-21T14:55:12Z,2025-10-21T14:55:08Z,-112.0,-114.0
Draymond Green,Golden State Warriors @ Los Angeles Lakers,2025-10-22T02:00:00Z,player_points,8.5,draftkings,2025-10-21T14:55:12Z,2025-10-21T14:55:08Z,-111.0,-115.0
Marcus Smart,Golden State Warriors @ Los Angeles Lakers,2025-10-22T02:00:00Z,player_points,7.5,draftkings,2025-10-21T14:55:12Z,2025-10-21T14:55:08Z,-118.0,-108.0
Gabe Vincent,Golden State Warriors @ Los Angeles Lakers,2025-10-22T02:00:00Z,player_points,7.5,draftkings,2025-10-21T14:55:12Z,2025-10-21T14:55:08Z,-110.0,-116.0
Al Horford,Golden State Warriors @ Los Angeles Lakers,2025-10-22T02:00:00Z,player_points,6.5,draftkings,2025-10-21T14:55:12Z,2025-10-21T14:55:08Z,-127.0,100.0
Luka Doncic,Golden State Warriors @ Los Angeles Lakers,2025-10-22T02:00:00Z,player_points_rebounds_assists,46.5,draftkings,2025-10-21T14:55:12Z,2025-10-21T14:55:08Z,-119.0,-109.0
Stephen Curry,Golden State Warriors @ Los Angeles Lakers,2025-10-22T02:00:00Z,player_points_rebounds_assists,36.5,draftkings,2025-10-21T14:55:12Z,2025-10-21T14:55:08Z,-108.0,-120.0
Austin Reaves,Golden State Warriors @ Los Angeles Lakers,2025-10-22T02:00:00Z,player_points_rebounds_assists,32.5,draftkings,2025-10-21T14:55:12Z,2025-10-21T14:55:08Z,-108.0,-120.0
Jimmy Butler,Golden State Warriors @ Los Angeles Lakers,2025-10-22T02:00:00Z,player_points_rebounds_assists,28.5,draftkings,2025-10-21T14:55:12Z,2025-10-21T14:55:08Z,-104.0,-124.0
Deandre Ayton,Golden State Warriors @ Los Angeles Lakers,2025-10-22T02:00:00Z,player_points_rebounds_assists,25.5,draftkings,2025-10-21T14:55:12Z,2025-10-21T14:55:08Z,-117.0,-111.0
Brandin Podziemski,Golden State Warriors @ Los Angeles Lakers,2025-10-22T02:00:00Z,player_points_rebounds_assists,21.5,draftkings,2025-10-21T14:55:12Z,2025-10-21T14:55:08Z,-121.0,-107.0
Jonathan Kuminga,Golden State Warriors @ Los Angeles Lakers,2025-10-22T02:00:00Z,player_points_rebounds_assists,20.5,draftkings,2025-10-21T14:55:12Z,2025-10-21T14:55:08Z,-104.0,-124.0
Draymond Green,Golden State Warriors @ Los Angeles Lakers,2025-10-22T02:00:00Z,player_points_rebounds_assists,19.5,draftkings,2025-10-21T14:55:12Z,2025-10-21T14:55:08Z,-109.0,-118.0
Rui Hachimura,Golden State Warriors @ Los Angeles Lakers,2025-10-22T02:00:00Z,player_points_rebounds_assists,18.5,draftkings,2025-10-21T14:55:12Z,2025-10-21T14:55:08Z,-122.0,-106.0
Al Horford,Golden State Warriors @ Los Angeles Lakers,2025-10-22T02:00:00Z,player_points_rebounds_assists,13.5,draftkings,2025-10-21T14:55:12Z,2025-10-21T14:55:08Z,-129.0,100.0
Marcus Smart,Golden State Warriors @ Los Angeles Lakers,2025-10-22T02:00:00Z,player_points_rebounds_assists,12.5,draftkings,2025-10-21T14:55:12Z,2025-10-21T14:55:08Z,-110.0,-118.0
Gabe Vincent,Golden State Warriors @ Los Angeles Lakers,2025-10-22T02:00:00Z,player_points_rebounds_assists,10.5,draftkings,2025-10-21T14:55:12Z,2025-10-21T14:55:08Z,-111.0,-117.0
Deandre Ayton,Golden State Warriors @ Los Angeles Lakers,2025-10-22T02:00:00Z,player_rebounds,10.5,draftkings,2025-10-21T14:55:12Z,2025-10-21T14:55:08Z,-102.0,-127.0
Luka Doncic,Golden State Warriors @ Los Angeles Lakers,2025-10-22T02:00:00Z,player_rebounds,8.5,draftkings,2025-10-21T14:55:12Z,2025-10-21T14:55:08Z,112.0,-146.0
Draymond Green,Golden State Warriors @ Los Angeles Lakers,2025-10-22T02:00:00Z,player_rebounds,5.5,draftkings,2025-10-21T14:55:12Z,2025-10-21T14:55:08Z,-117.0,-110.0
Jimmy Butler,Golden State Warriors @ Los Angeles Lakers,2025-10-22T02:00:00Z,player_rebounds,5.5,draftkings,2025-10-21T14:55:12Z,2025-10-21T14:55:08Z,110.0,-143.0
Brandin Podziemski,Golden State Warriors @ Los Angeles Lakers,2025-10-22T02:00:00Z,player_rebounds,5.5,draftkings,2025-10-21T14:55:12Z,2025-10-21T14:55:08Z,112.0,-146.0
Rui Hachimura,Golden State Warriors @ Los Angeles Lakers,2025-10-22T02:00:00Z,player_rebounds,5.5,draftkings,2025-10-21T14:55:12Z,2025-10-21T14:55:08Z,118.0,-154.0
Al Horford,Golden State Warriors @ Los Angeles Lakers,2025-10-22T02:00:00Z,player_rebounds,4.5,draftkings,2025-10-21T14:55:12Z,2025-10-21T14:55:08Z,-148.0,114.0
Jarred Vanderbilt,Golden State Warriors @ Los Angeles Lakers,2025-10-22T02:00:00Z,player_rebounds,4.5,draftkings,2025-10-21T14:55:12Z,2025-10-21T14:55:08Z,-133.0,103.0
Austin Reaves,Golden State Warriors @ Los Angeles Lakers,2025-10-22T02:00:00Z,player_rebounds,4.5,draftkings,2025-10-21T14:55:12Z,2025-10-21T14:55:08Z,-122.0,-106.0
Jonathan Kuminga,Golden State Warriors @ Los Angeles Lakers,2025-10-22T02:00:00Z,player_rebounds,4.5,draftkings,2025-10-21T14:55:12Z,2025-10-21T14:55:08Z,106.0,-137.0
Stephen Curry,Golden State Warriors @ Los Angeles Lakers,2025-10-22T02:00:00Z,player_rebounds,4.5,draftkings,2025-10-21T14:55:12Z,2025-10-21T14:55:08Z,118.0,-153.0
Gabe Vincent,Golden State Warriors @ Los Angeles Lakers,2025-10-22T02:00:00Z,player_rebounds,1.5,draftkings,2025-10-21T14:55:12Z,2025-10-21T14:55:08Z,-113.0,-115.0
Luka Doncic,Golden State Warriors @ Los Angeles Lakers,2025-10-22T02:00:00Z,player_steals,1.5,draftkings,2025-10-21T14:55:12Z,2025-10-21T14:55:00Z,-105.0,-126.0
Jimmy Butler,Golden State Warriors @ Los Angeles Lakers,2025-10-22T02:00:00Z,player_steals,1.5,draftkings,2025-10-21T14:55:12Z,2025-10-21T14:55:00Z,105.0,-140.0
Draymond Green,Golden State Warriors @ Los Angeles Lakers,2025-10-22T02:00:00Z,player_steals,1.5,draftkings,2025-10-21T14:55:12Z,2025-10-21T14:55:00Z,116.0,-154.0
Brandin Podziemski,Golden State Warriors @ Los Angeles Lakers,2025-10-22T02:00:00Z,player_steals,1.5,draftkings,2025-10-21T14:55:12Z,2025-10-21T14:55:00Z,168.0,-227.0
Stephen Curry,Golden State Warriors @ Los Angeles Lakers,2025-10-22T02:00:00Z,player_steals,0.5,draftkings,2025-10-21T14:55:12Z,2025-10-21T14:55:00Z,-244.0,180.0
Stephen Curry,Golden State Warriors @ Los Angeles Lakers,2025-10-22T02:00:00Z,player_threes,4.5,draftkings,2025-10-21T14:55:12Z,2025-10-21T14:55:08Z,-115.0,-113.0
Luka Doncic,Golden State Warriors @ Los Angeles Lakers,2025-10-22T02:00:00Z,player_threes,3.5,draftkings,2025-10-21T14:55:12Z,2025-10-21T14:55:08Z,-102.0,-126.0
Austin Reaves,Golden State Warriors @ Los Angeles Lakers,2025-10-22T02:00:00Z,player_threes,3.5,draftkings,2025-10-21T14:55:12Z,2025-10-21T14:55:08Z,122.0,-158.0
Buddy Hield,Golden State Warriors @ Los Angeles Lakers,2025-10-22T02:00:00Z,player_threes,2.5,draftkings,2025-10-21T14:55:12Z,2025-10-21T14:55:08Z,125.0,-162.0
Brandin Podziemski,Golden State Warriors @ Los Angeles Lakers,2025-10-22T02:00:00Z,player_threes,1.5,draftkings,2025-10-21T14:55:12Z,2025-10-21T14:55:08Z,-177.0,136.0
Rui Hachimura,Golden State Warriors @ Los Angeles Lakers,2025-10-22T02:00:00Z,player_threes,1.5,draftkings,2025-10-21T14:55:12Z,2025-10-21T14:55:08Z,-143.0,110.0
Gabe Vincent,Golden State Warriors @ Los Angeles Lakers,2025-10-22T02:00:00Z,player_threes,1.5,draftkings,2025-10-21T14:55:12Z,2025-10-21T14:55:08Z,-133.0,103.0
Draymond Green,Golden State Warriors @ Los Angeles Lakers,2025-10-22T02:00:00Z,player_threes,1.5,draftkings,2025-10-21T14:55:12Z,2025-10-21T14:55:08Z,151.0,-198.0
Marcus Smart,Golden State Warriors @ Los Angeles Lakers,2025-10-22T02:00:00Z,player_threes,1.5,draftkings,2025-10-21T14:55:12Z,2025-10-21T14:55:08Z,174.0,-229.0
Jimmy Butler,Golden State Warriors @ Los Angeles Lakers,2025-10-22T02:00:00Z,player_threes,0.5,draftkings,2025-10-21T14:55:12Z,2025-10-21T14:55:08Z,-146.0,112.0
Luka Doncic,Golden State Warriors @ Los Angeles Lakers,2025-10-22T02:00:00Z,player_triple_double,,draftkings,2025-10-21T14:55:12Z,2025-10-21T14:55:08Z,,
Austin Reaves,Golden State Warriors @ Los Angeles Lakers,2025-10-22T02:00:00Z,player_triple_double,,draftkings,2025-10-21T14:55:12Z,2025-10-21T14:55:08Z,,
Jimmy Butler,Golden State Warriors @ Los Angeles Lakers,2025-10-22T02:00:00Z,player_triple_double,,draftkings,2025-10-21T14:55:12Z,2025-10-21T14:55:08Z,,
Luka Doncic,Golden State Warriors @ Los Angeles Lakers,2025-10-22T02:00:00Z,player_assists,7.5,fanduel,2025-10-21T14:54:57Z,2025-10-21T14:55:31Z,-148.0,112.0
Brandin Podziemski,Golden State Warriors @ Los Angeles Lakers,2025-10-22T02:00:00Z,player_assists,3.5,fanduel,2025-10-21T14:54:57Z,2025-10-21T14:55:31Z,-104.0,-128.0
Jimmy Butler,Golden State Warriors @ Los Angeles Lakers,2025-10-22T02:00:00Z,player_assists,5.5,fanduel,2025-10-21T14:54:57Z,2025-10-21T14:55:31Z,110.0,-146.0
Austin Reaves,Golden State Warriors @ Los Angeles Lakers,2025-10-22T02:00:00Z,player_assists,5.5,fanduel,2025-10-21T14:54:57Z,2025-10-21T14:55:31Z,-102.0,-130.0
Stephen Curry,Golden State Warriors @ Los Angeles Lakers,2025-10-22T02:00:00Z,player_assists,5.5,fanduel,2025-10-21T14:54:57Z,2025-10-21T14:55:31Z,104.0,-138.0
Draymond Green,Golden State Warriors @ Los Angeles Lakers,2025-10-22T02:00:00Z,player_assists,4.5,fanduel,2025-10-21T14:54:57Z,2025-10-21T14:55:31Z,-154.0,116.0
Al Horford,Golden State Warriors @ Los Angeles Lakers,2025-10-22T02:00:00Z,player_blocks,0.5,fanduel,2025-10-21T14:54:57Z,2025-10-21T14:52:15Z,-136.0,102.0
Luka Doncic,Golden State Warriors @ Los Angeles Lakers,2025-10-22T02:00:00Z,player_double_double,,fanduel,2025-10-21T14:54:57Z,2025-10-21T14:55:31Z,,
Deandre Ayton,Golden State Warriors @ Los Angeles Lakers,2025-10-22T02:00:00Z,player_double_double,,fanduel,2025-10-21T14:54:57Z,2025-10-21T14:55:31Z,,
Jimmy Butler,Golden State Warriors @ Los Angeles Lakers,2025-10-22T02:00:00Z,player_double_double,,fanduel,2025-10-21T14:54:57Z,2025-10-21T14:55:31Z,,
Austin Reaves,Golden State Warriors @ Los Angeles Lakers,2025-10-22T02:00:00Z,player_double_double,,fanduel,2025-10-21T14:54:57Z,2025-10-21T14:55:31Z,,
Stephen Curry,Golden State Warriors @ Los Angeles Lakers,2025-10-22T02:00:00Z,player_double_double,,fanduel,2025-10-21T14:54:57Z,2025-10-21T14:55:31Z,,
Draymond Green,Golden State Warriors @ Los Angeles Lakers,2025-10-22T02:00:00Z,player_double_double,,fanduel,2025-10-21T14:54:57Z,2025-10-21T14:55:31Z,,
Brandin Podziemski,Golden State Warriors @ Los Angeles Lakers,2025-10-22T02:00:00Z,player_double_double,,fanduel,2025-10-21T14:54:57Z,2025-10-21T14:55:31Z,,
Rui Hachimura,Golden State Warriors @ Los Angeles Lakers,2025-10-22T02:00:00Z,player_double_double,,fanduel,2025-10-21T14:54:57Z,2025-10-21T14:55:31Z,,
Al Horford,Golden State Warriors @ Los Angeles Lakers,2025-10-22T02:00:00Z,player_double_double,,fanduel,2025-10-21T14:54:57Z,2025-10-21T14:55:31Z,,
Jonathan Kuminga,Golden State Warriors @ Los Angeles Lakers,2025-10-22T02:00:00Z,player_double_double,,fanduel,2025-10-21T14:54:57Z,2025-10-21T14:55:31Z,,
Jonathan Kuminga,Golden State Warriors @ Los Angeles Lakers,2025-10-22T02:00:00Z,player_points,13.5,fanduel,2025-10-21T14:54:57Z,2025-10-21T14:55:31Z,-114.0,-114.0
Luka Doncic,Golden State Warriors @ Los Angeles Lakers,2025-10-22T02:00:00Z,player_points,30.5,fanduel,2025-10-21T14:54:57Z,2025-10-21T14:55:31Z,-108.0,-122.0
Jimmy Butler,Golden State Warriors @ Los Angeles Lakers,2025-10-22T02:00:00Z,player_points,17.5,fanduel,2025-10-21T14:54:57Z,2025-10-21T14:55:31Z,-114.0,-114.0
Rui Hachimura,Golden State Warriors @ Los Angeles Lakers,2025-10-22T02:00:00Z,player_points,12.5,fanduel,2025-10-21T14:54:57Z,2025-10-21T14:55:31Z,100.0,-132.0
Draymond Green,Golden State Warriors @ Los Angeles Lakers,2025-10-22T02:00:00Z,player_points,8.5,fanduel,2025-10-21T14:54:57Z,2025-10-21T14:55:31Z,-114.0,-114.0
Brandin Podziemski,Golden State Warriors @ Los Angeles Lakers,2025-10-22T02:00:00Z,player_points,12.5,fanduel,2025-10-21T14:54:57Z,2025-10-21T14:55:31Z,-122.0,-106.0
Marcus Smart,Golden State Warriors @ Los Angeles Lakers,2025-10-22T02:00:00Z,player_points,8.5,fanduel,2025-10-21T14:54:57Z,2025-10-21T14:55:31Z,100.0,-132.0
Al Horford,Golden State Warriors @ Los Angeles Lakers,2025-10-22T02:00:00Z,player_points,6.5,fanduel,2025-10-21T14:54:57Z,2025-10-21T14:55:31Z,-125.0,-106.0
Deandre Ayton,Golden State Warriors @ Los Angeles Lakers,2025-10-22T02:00:00Z,player_points,14.5,fanduel,2025-10-21T14:54:57Z,2025-10-21T14:55:31Z,102.0,-136.0
Stephen Curry,Golden State Warriors @ Los Angeles Lakers,2025-10-22T02:00:00Z,player_points,26.5,fanduel,2025-10-21T14:54:57Z,2025-10-21T14:55:31Z,-128.0,-104.0
Gabe Vincent,Golden State Warriors @ Los Angeles Lakers,2025-10-22T02:00:00Z,player_points,7.5,fanduel,2025-10-21T14:54:57Z,2025-10-21T14:55:31Z,-114.0,-114.0
Austin Reaves,Golden State Warriors @ Los Angeles Lakers,2025-10-22T02:00:00Z,player_points,22.5,fanduel,2025-10-21T14:54:57Z,2025-10-21T14:55:31Z,-104.0,-128.0
Buddy Hield,Golden State Warriors @ Los Angeles Lakers,2025-10-22T02:00:00Z,player_points,9.5,fanduel,2025-10-21T14:54:57Z,2025-10-21T14:55:31Z,-102.0,-130.0
Draymond Green,Golden State Warriors @ Los Angeles Lakers,2025-10-22T02:00:00Z,player_points_rebounds_assists,19.5,fanduel,2025-10-21T14:54:57Z,2025-10-21T14:55:31Z,-114.0,-118.0
Austin Reaves,Golden State Warriors @ Los Angeles Lakers,2025-10-22T02:00:00Z,player_points_rebounds_assists,32.5,fanduel,2025-10-21T14:54:57Z,2025-10-21T14:55:31Z,-118.0,-112.0
Al Horford,Golden State Warriors @ Los Angeles Lakers,2025-10-22T02:00:00Z,player_points_rebounds_assists,13.5,fanduel,2025-10-21T14:54:57Z,2025-10-21T14:55:31Z,-132.0,100.0
Luka Doncic,Golden State Warriors @ Los Angeles Lakers,2025-10-22T02:00:00Z,player_points_rebounds_assists,46.5,fanduel,2025-10-21T14:54:57Z,2025-10-21T14:55:31Z,-125.0,-106.0
Jimmy Butler,Golden State Warriors @ Los Angeles Lakers,2025-10-22T02:00:00Z,player_points_rebounds_assists,28.5,fanduel,2025-10-21T14:54:57Z,2025-10-21T14:55:31Z,-112.0,-118.0
Deandre Ayton,Golden State Warriors @ Los Angeles Lakers,2025-10-22T02:00:00Z,player_points_rebounds_assists,26.5,fanduel,2025-10-21T14:54:57Z,2025-10-21T14:55:31Z,-114.0,-118.0
Stephen Curry,Golden State Warriors @ Los Angeles Lakers,2025-10-22T02:00:00Z,player_points_rebounds_assists,37.5,fanduel,2025-10-21T14:54:57Z,2025-10-21T14:55:31Z,-106.0,-125.0
Brandin Podziemski,Golden State Warriors @ Los Angeles Lakers,2025-10-22T02:00:00Z,player_points_rebounds_assists,21.5,fanduel,2025-10-21T14:54:57Z,2025-10-21T14:55:31Z,-122.0,-108.0
Draymond Green,Golden State Warriors @ Los Angeles Lakers,2025-10-22T02:00:00Z,player_rebounds,5.5,fanduel,2025-10-21T14:54:57Z,2025-10-21T14:55:31Z,-114.0,-114.0
Stephen Curry,Golden State Warriors @ Los Angeles Lakers,2025-10-22T02:00:00Z,player_rebounds,4.5,fanduel,2025-10-21T14:54:57Z,2025-10-21T14:55:31Z,-106.0,-125.0
Brandin Podziemski,Golden State Warriors @ Los Angeles Lakers,2025-10-22T02:00:00Z,player_rebounds,5.5,fanduel,2025-10-21T14:54:57Z,2025-10-21T14:55:31Z,114.0,-152.0
Rui Hachimura,Golden State Warriors @ Los Angeles Lakers,2025-10-22T02:00:00Z,player_rebounds,5.5,fanduel,2025-10-21T14:54:57Z,2025-10-21T14:55:31Z,122.0,-162.0
Luka Doncic,Golden State Warriors @ Los Angeles Lakers,2025-10-22T02:00:00Z,player_rebounds,8.5,fanduel,2025-10-21T14:54:57Z,2025-10-21T14:55:31Z,104.0,-138.0
Austin Reaves,Golden State Warriors @ Los Angeles Lakers,2025-10-22T02:00:00Z,player_rebounds,4.5,fanduel,2025-10-21T14:54:57Z,2025-10-21T14:55:31Z,-130.0,-102.0
Jonathan Kuminga,Golden State Warriors @ Los Angeles Lakers,2025-10-22T02:00:00Z,player_rebounds,4.5,fanduel,2025-10-21T14:54:57Z,2025-10-21T14:55:31Z,-110.0,-120.0
Deandre Ayton,Golden State Warriors @ Los Angeles Lakers,2025-10-22T02:00:00Z,player_rebounds,10.5,fanduel,2025-10-21T14:54:57Z,2025-10-21T14:55:31Z,-114.0,-114.0
Jimmy Butler,Golden State Warriors @ Los Angeles Lakers,2025-10-22T02:00:00Z,player_rebounds,5.5,fanduel,2025-10-21T14:54:57Z,2025-10-21T14:55:31Z,110.0,-146.0
Al Horford,Golden State Warriors @ Los Angeles Lakers,2025-10-22T02:00:00Z,player_rebounds,5.5,fanduel,2025-10-21T14:54:57Z,2025-10-21T14:55:31Z,118.0,-158.0
Stephen Curry,Golden State Warriors @ Los Angeles Lakers,2025-10-22T02:00:00Z,player_steals,1.5,fanduel,2025-10-21T14:54:57Z,2025-10-21T14:52:15Z,194.0,-270.0
Brandin Podziemski,Golden State Warriors @ Los Angeles Lakers,2025-10-22T02:00:00Z,player_steals,1.5,fanduel,2025-10-21T14:54:57Z,2025-10-21T14:52:15Z,148.0,-200.0
Luka Doncic,Golden State Warriors @ Los Angeles Lakers,2025-10-22T02:00:00Z,player_steals,1.5,fanduel,2025-10-21T14:54:57Z,2025-10-21T14:52:15Z,108.0,-144.0
Draymond Green,Golden State Warriors @ Los Angeles Lakers,2025-10-22T02:00:00Z,player_steals,1.5,fanduel,2025-10-21T14:54:57Z,2025-10-21T14:52:15Z,108.0,-144.0
Jimmy Butler,Golden State Warriors @ Los Angeles Lakers,2025-10-22T02:00:00Z,player_steals,1.5,fanduel,2025-10-21T14:54:57Z,2025-10-21T14:52:15Z,108.0,-144.0
Brandin Podziemski,Golden State Warriors @ Los Angeles Lakers,2025-10-22T02:00:00Z,player_threes,1.5,fanduel,2025-10-21T14:54:57Z,2025-10-21T14:53:22Z,-188.0,140.0
Al Horford,Golden State Warriors @ Los Angeles Lakers,2025-10-22T02:00:00Z,player_threes,1.5,fanduel,2025-10-21T14:54:57Z,2025-10-21T14:53:22Z,118.0,-158.0
Rui Hachimura,Golden State Warriors @ Los Angeles Lakers,2025-10-22T02:00:00Z,player_threes,1.5,fanduel,2025-10-21T14:54:57Z,2025-10-21T14:53:22Z,-136.0,102.0
Luka Doncic,Golden State Warriors @ Los Angeles Lakers,2025-10-22T02:00:00Z,player_threes,3.5,fanduel,2025-10-21T14:54:57Z,2025-10-21T14:53:22Z,-104.0,-128.0
Buddy Hield,Golden State Warriors @ Los Angeles Lakers,2025-10-22T02:00:00Z,player_threes,2.5,fanduel,2025-10-21T14:54:57Z,2025-10-21T14:53:22Z,130.0,-174.0
Austin Reaves,Golden State Warriors @ Los Angeles Lakers,2025-10-22T02:00:00Z,player_threes,2.5,fanduel,2025-10-21T14:54:57Z,2025-10-21T14:53:22Z,-180.0,134.0
Stephen Curry,Golden State Warriors @ Los Angeles Lakers,2025-10-22T02:00:00Z,player_threes,4.5,fanduel,2025-10-21T14:54:57Z,2025-10-21T14:53:22Z,-110.0,-120.0
Draymond Green,Golden State Warriors @ Los Angeles Lakers,2025-10-22T02:00:00Z,player_threes,1.5,fanduel,2025-10-21T14:54:57Z,2025-10-21T14:53:22Z,162.0,-220.0
Gabe Vincent,Golden State Warriors @ Los Angeles Lakers,2025-10-22T02:00:00Z,player_threes,1.5,fanduel,2025-10-21T14:54:57Z,2025-10-21T14:53:22Z,-146.0,110.0
Luka Doncic,Golden State Warriors @ Los Angeles Lakers,2025-10-22T02:00:00Z,player_triple_double,,fanduel,2025-10-21T14:54:57Z,2025-10-21T14:55:31Z,,
Jimmy Butler,Golden State Warriors @ Los Angeles Lakers,2025-10-22T02:00:00Z,player_triple_double,,fanduel,2025-10-21T14:54:57Z,2025-10-21T14:55:31Z,,
Deandre Ayton,Golden State Warriors @ Los Angeles Lakers,2025-10-22T02:00:00Z,player_assists,1.5,williamhill_us,2025-10-21T14:55:33Z,2025-10-21T14:55:48Z,-112.0,-121.0
Al Horford,Golden State Warriors @ Los Angeles Lakers,2025-10-22T02:00:00Z,player_assists,1.5,williamhill_us,2025-10-21T14:55:33Z,2025-10-21T14:55:48Z,-136.0,100.0
Stephen Curry,Golden State Warriors @ Los Angeles Lakers,2025-10-22T02:00:00Z,player_assists,5.5,williamhill_us,2025-10-21T14:55:33Z,2025-10-21T14:55:48Z,110.0,-152.0
Draymond Green,Golden State Warriors @ Los Angeles Lakers,2025-10-22T02:00:00Z,player_assists,4.5,williamhill_us,2025-10-21T14:55:33Z,2025-10-21T14:55:48Z,-175.0,113.0
Austin Reaves,Golden State Warriors @ Los Angeles Lakers,2025-10-22T02:00:00Z,player_assists,5.5,williamhill_us,2025-10-21T14:55:33Z,2025-10-21T14:55:48Z,-105.0,-137.0
Brandin Podziemski,Golden State Warriors @ Los Angeles Lakers,2025-10-22T02:00:00Z,player_assists,3.5,williamhill_us,2025-10-21T14:55:33Z,2025-10-21T14:55:48Z,-103.0,-132.0
Rui Hachimura,Golden State Warriors @ Los Angeles Lakers,2025-10-22T02:00:00Z,player_assists,1.5,williamhill_us,2025-10-21T14:55:33Z,2025-10-21T14:55:48Z,150.0,-213.0
Luka Doncic,Golden State Warriors @ Los Angeles Lakers,2025-10-22T02:00:00Z,player_assists,8.5,williamhill_us,2025-10-21T14:55:33Z,2025-10-21T14:55:48Z,115.0,-157.0
Marcus Smart,Golden State Warriors @ Los Angeles Lakers,2025-10-22T02:00:00Z,player_assists,2.5,williamhill_us,2025-10-21T14:55:33Z,2025-10-21T14:55:48Z,-141.0,105.0
Luka Doncic,Golden State Warriors @ Los Angeles Lakers,2025-10-22T02:00:00Z,player_double_double,,williamhill_us,2025-10-21T14:55:33Z,2025-10-21T14:55:48Z,,
Deandre Ayton,Golden State Warriors @ Los Angeles Lakers,2025-10-22T02:00:00Z,player_double_double,,williamhill_us,2025-10-21T14:55:33Z,2025-10-21T14:55:48Z,,
Jimmy Butler,Golden State Warriors @ Los Angeles Lakers,2025-10-22T02:00:00Z,player_double_double,,williamhill_us,2025-10-21T14:55:33Z,2025-10-21T14:55:48Z,,
Austin Reaves,Golden State Warriors @ Los Angeles Lakers,2025-10-22T02:00:00Z,player_double_double,,williamhill_us,2025-10-21T14:55:33Z,2025-10-21T14:55:48Z,,
Stephen Curry,Golden State Warriors @ Los Angeles Lakers,2025-10-22T02:00:00Z,player_double_double,,williamhill_us,2025-10-21T14:55:33Z,2025-10-21T14:55:48Z,,
Draymond Green,Golden State Warriors @ Los Angeles Lakers,2025-10-22T02:00:00Z,player_double_double,,williamhill_us,2025-10-21T14:55:33Z,2025-10-21T14:55:48Z,,
Brandin Podziemski,Golden State Warriors @ Los Angeles Lakers,2025-10-22T02:00:00Z,player_double_double,,williamhill_us,2025-10-21T14:55:33Z,2025-10-21T14:55:48Z,,
Rui Hachimura,Golden State Warriors @ Los Angeles Lakers,2025-10-22T02:00:00Z,player_double_double,,williamhill_us,2025-10-21T14:55:33Z,2025-10-21T14:55:48Z,,
Al Horford,Golden State Warriors @ Los Angeles Lakers,2025-10-22T02:00:00Z,player_double_double,,williamhill_us,2025-10-21T14:55:33Z,2025-10-21T14:55:48Z,,
Jonathan Kuminga,Golden State Warriors @ Los Angeles Lakers,2025-10-22T02:00:00Z,player_double_double,,williamhill_us,2025-10-21T14:55:33Z,2025-10-21T14:55:48Z,,
Jimmy Butler,Golden State Warriors @ Los Angeles Lakers,2025-10-22T02:00:00Z,player_points,17.5,williamhill_us,2025-10-21T14:55:33Z,2025-10-21T14:55:48Z,-115.0,-117.0
Austin Reaves,Golden State Warriors @ Los Angeles Lakers,2025-10-22T02:00:00Z,player_points,22.5,williamhill_us,2025-10-21T14:55:33Z,2025-10-21T14:55:48Z,-109.0,-124.0
Deandre Ayton,Golden State Warriors @ Los Angeles Lakers,2025-10-22T02:00:00Z,player_points,13.5,williamhill_us,2025-10-21T14:55:33Z,2025-10-21T14:55:48Z,-122.0,-110.0
Luka Doncic,Golden State Warriors @ Los Angeles Lakers,2025-10-22T02:00:00Z,player_points,30.5,williamhill_us,2025-10-21T14:55:33Z,2025-10-21T14:55:48Z,-115.0,-118.0
Al Horford,Golden State Warriors @ Los Angeles Lakers,2025-10-22T02:00:00Z,player_points,6.5,williamhill_us,2025-10-21T14:55:33Z,2025-10-21T14:55:48Z,-130.0,-105.0
Draymond Green,Golden State Warriors @ Los Angeles Lakers,2025-10-22T02:00:00Z,player_points,8.5,williamhill_us,2025-10-21T14:55:33Z,2025-10-21T14:55:48Z,-121.0,-112.0
Rui Hachimura,Golden State Warriors @ Los Angeles Lakers,2025-10-22T02:00:00Z,player_points,12.5,williamhill_us,2025-10-21T14:55:33Z,2025-10-21T14:55:48Z,-105.0,-128.0
Stephen Curry,Golden State Warriors @ Los Angeles Lakers,2025-10-22T02:00:00Z,player_points,26.5,williamhill_us,2025-10-21T14:55:33Z,2025-10-21T14:55:48Z,-120.0,-113.0
Jonathan Kuminga,Golden State Warriors @ Los Angeles Lakers,2025-10-22T02:00:00Z,player_points,13.5,williamhill_us,2025-10-21T14:55:33Z,2025-10-21T14:55:48Z,-125.0,-108.0
Brandin Podziemski,Golden State Warriors @ Los Angeles Lakers,2025-10-22T02:00:00Z,player_points,12.5,williamhill_us,2025-10-21T14:55:33Z,2025-10-21T14:55:48Z,-124.0,-109.0
Gabe Vincent,Golden State Warriors @ Los Angeles Lakers,2025-10-22T02:00:00Z,player_points,7.5,williamhill_us,2025-10-21T14:55:33Z,2025-10-21T14:55:48Z,-118.0,-114.0
Buddy Hield,Golden State Warriors @ Los Angeles Lakers,2025-10-22T02:00:00Z,player_points,9.5,williamhill_us,2025-10-21T14:55:33Z,2025-10-21T14:55:48Z,-112.0,-121.0
Marcus Smart,Golden State Warriors @ Los Angeles Lakers,2025-10-22T02:00:00Z,player_points,7.5,williamhill_us,2025-10-21T14:55:33Z,2025-10-21T14:55:48Z,-121.0,-112.0
Deandre Ayton,Golden State Warriors @ Los Angeles Lakers,2025-10-22T02:00:00Z,player_rebounds,10.5,williamhill_us,2025-10-21T14:55:33Z,2025-10-21T14:55:48Z,-109.0,-124.0
Jonathan Kuminga,Golden State Warriors @ Los Angeles Lakers,2025-10-22T02:00:00Z,player_rebounds,4.5,williamhill_us,2025-10-21T14:55:33Z,2025-10-21T14:55:48Z,-104.0,-130.0
Stephen Curry,Golden State Warriors @ Los Angeles Lakers,2025-10-22T02:00:00Z,player_rebounds,4.5,williamhill_us,2025-10-21T14:55:33Z,2025-10-21T14:55:48Z,115.0,-154.0
Jarred Vanderbilt,Golden State Warriors @ Los Angeles Lakers,2025-10-22T02:00:00Z,player_rebounds,4.5,williamhill_us,2025-10-21T14:55:33Z,2025-10-21T14:55:48Z,-138.0,110.0
Austin Reaves,Golden State Warriors @ Los Angeles Lakers,2025-10-22T02:00:00Z,player_rebounds,4.5,williamhill_us,2025-10-21T14:55:33Z,2025-10-21T14:55:48Z,-121.0,-112.0
Rui Hachimura,Golden State Warriors @ Los Angeles Lakers,2025-10-22T02:00:00Z,player_rebounds,4.5,williamhill_us,2025-10-21T14:55:33Z,2025-10-21T14:55:48Z,-155.0,115.0
Draymond Green,Golden State Warriors @ Los Angeles Lakers,2025-10-22T02:00:00Z,player_rebounds,5.5,williamhill_us,2025-10-21T14:55:33Z,2025-10-21T14:55:48Z,-115.0,-117.0
Al Horford,Golden State Warriors @ Los Angeles Lakers,2025-10-22T02:00:00Z,player_rebounds,4.5,williamhill_us,2025-10-21T14:55:33Z,2025-10-21T14:55:48Z,-145.0,107.0
Jimmy Butler,Golden State Warriors @ Los Angeles Lakers,2025-10-22T02:00:00Z,player_rebounds,5.5,williamhill_us,2025-10-21T14:55:33Z,2025-10-21T14:55:48Z,105.0,-143.0
Brandin Podziemski,Golden State Warriors @ Los Angeles Lakers,2025-10-22T02:00:00Z,player_rebounds,5.5,williamhill_us,2025-10-21T14:55:33Z,2025-10-21T14:55:48Z,111.0,-160.0
Luka Doncic,Golden State Warriors @ Los Angeles Lakers,2025-10-22T02:00:00Z,player_rebounds,8.5,williamhill_us,2025-10-21T14:55:33Z,2025-10-21T14:55:48Z,105.0,-143.0
Draymond Green,Golden State Warriors @ Los Angeles Lakers,2025-10-22T02:00:00Z,player_threes,1.5,williamhill_us,2025-10-21T14:55:33Z,2025-10-21T14:55:48Z,140.0,-197.0
Stephen Curry,Golden State Warriors @ Los Angeles Lakers,2025-10-22T02:00:00Z,player_threes,4.5,williamhill_us,2025-10-21T14:55:33Z,2025-10-21T14:55:48Z,-120.0,-113.0
Brandin Podziemski,Golden State Warriors @ Los Angeles Lakers,2025-10-22T02:00:00Z,player_threes,1.5,williamhill_us,2025-10-21T14:55:33Z,2025-10-21T14:55:48Z,-193.0,140.0
Jimmy Butler,Golden State Warriors @ Los Angeles Lakers,2025-10-22T02:00:00Z,player_threes,0.5,williamhill_us,2025-10-21T14:55:33Z,2025-10-21T14:55:48Z,-148.0,105.0
Austin Reaves,Golden State Warriors @ Los Angeles Lakers,2025-10-22T02:00:00Z,player_threes,2.5,williamhill_us,2025-10-21T14:55:33Z,2025-10-21T14:55:48Z,-173.0,125.0
Gabe Vincent,Golden State Warriors @ Los Angeles Lakers,2025-10-22T02:00:00Z,player_threes,1.5,williamhill_us,2025-10-21T14:55:33Z,2025-10-21T14:55:48Z,-138.0,100.0
Marcus Smart,Golden State Warriors @ Los Angeles Lakers,2025-10-22T02:00:00Z,player_threes,0.5,williamhill_us,2025-10-21T14:55:33Z,2025-10-21T14:55:48Z,-235.0,165.0
Buddy Hield,Golden State Warriors @ Los Angeles Lakers,2025-10-22T02:00:00Z,player_threes,2.5,williamhill_us,2025-10-21T14:55:33Z,2025-10-21T14:55:48Z,122.0,-185.0
Luka Doncic,Golden State Warriors @ Los Angeles Lakers,2025-10-22T02:00:00Z,player_threes,3.5,williamhill_us,2025-10-21T14:55:33Z,2025-10-21T14:55:48Z,-107.0,-128.0
Al Horford,Golden State Warriors @ Los Angeles Lakers,2025-10-22T02:00:00Z,player_threes,1.5,williamhill_us,2025-10-21T14:55:33Z,2025-10-21T14:55:48Z,108.0,-160.0
Rui Hachimura,Golden State Warriors @ Los Angeles Lakers,2025-10-22T02:00:00Z,player_threes,1.5,williamhill_us,2025-10-21T14:55:33Z,2025-10-21T14:55:48Z,-150.0,107.0
Luka Doncic,Golden State Warriors @ Los Angeles Lakers,2025-10-22T02:00:00Z,player_triple_double,,williamhill_us,2025-10-21T14:55:33Z,2025-10-21T14:55:48Z,,
Austin Reaves,Golden State Warriors @ Los Angeles Lakers,2025-10-22T02:00:00Z,player_assists,4.5,bovada,2025-10-21T14:55:00Z,2025-10-21T14:55:32Z,-170.0,130.0
Austin Reaves,Golden State Warriors @ Los Angeles Lakers,2025-10-22T02:00:00Z,player_assists,5.5,bovada,2025-10-21T14:55:00Z,2025-10-21T14:55:32Z,115.0,-150.0
Brandin Podziemski,Golden State Warriors @ Los Angeles Lakers,2025-10-22T02:00:00Z,player_assists,2.5,bovada,2025-10-21T14:55:00Z,2025-10-21T14:55:32Z,-260.0,190.0
Brandin Podziemski,Golden State Warriors @ Los Angeles Lakers,2025-10-22T02:00:00Z,player_assists,3.5,bovada,2025-10-21T14:55:00Z,2025-10-21T14:55:32Z,-105.0,-125.0
Brandin Podziemski,Golden State Warriors @ Los Angeles Lakers,2025-10-22T02:00:00Z,player_assists,4.5,bovada,2025-10-21T14:55:00Z,2025-10-21T14:55:32Z,205.0,-280.0
Draymond Green,Golden State Warriors @ Los Angeles Lakers,2025-10-22T02:00:00Z,player_assists,4.5,bovada,2025-10-21T14:55:00Z,2025-10-21T14:55:32Z,-185.0,140.0
Draymond Green,Golden State Warriors @ Los Angeles Lakers,2025-10-22T02:00:00Z,player_assists,5.5,bovada,2025-10-21T14:55:00Z,2025-10-21T14:55:32Z,110.0,-145.0
Draymond Green,Golden State Warriors @ Los Angeles Lakers,2025-10-22T02:00:00Z,player_assists,6.5,bovada,2025-10-21T14:55:00Z,2025-10-21T14:55:32Z,205.0,-280.0
Jimmy Butler,Golden State Warriors @ Los Angeles Lakers,2025-10-22T02:00:00Z,player_assists,4.5,bovada,2025-10-21T14:55:00Z,2025-10-21T14:55:32Z,-190.0,145.0
Jimmy Butler,Golden State Warriors @ Los Angeles Lakers,2025-10-22T02:00:00Z,player_assists,5.5,bovada,2025-10-21T14:55:00Z,2025-10-21T14:55:32Z,105.0,-135.0
Jimmy Butler,Golden State Warriors @ Los Angeles Lakers,2025-10-22T02:00:00Z,player_assists,6.5,bovada,2025-10-21T14:55:00Z,2025-10-21T14:55:32Z,200.0,-275.0
Luka Doncic,Golden State Warriors @ Los Angeles Lakers,2025-10-22T02:00:00Z,player_assists,6.5,bovada,2025-10-21T14:55:00Z,2025-10-21T14:55:32Z,-280.0,205.0
Luka Doncic,Golden State Warriors @ Los Angeles Lakers,2025-10-22T02:00:00Z,player_assists,7.5,bovada,2025-10-21T14:55:00Z,2025-10-21T14:55:32Z,-150.0,115.0
Luka Doncic,Golden State Warriors @ Los Angeles Lakers,2025-10-22T02:00:00Z,player_assists,8.5,bovada,2025-10-21T14:55:00Z,2025-10-21T14:55:32Z,115.0,-150.0
Luka Doncic,Golden State Warriors @ Los Angeles Lakers,2025-10-22T02:00:00Z,player_assists,9.5,bovada,2025-10-21T14:55:00Z,2025-10-21T14:55:32Z,190.0,-260.0
Stephen Curry,Golden State Warriors @ Los Angeles Lakers,2025-10-22T02:00:00Z,player_assists,4.5,bovada,2025-10-21T14:55:00Z,2025-10-21T14:55:32Z,-165.0,125.0
Stephen Curry,Golden State Warriors @ Los Angeles Lakers,2025-10-22T02:00:00Z,player_assists,5.5,bovada,2025-10-21T14:55:00Z,2025-10-21T14:55:32Z,120.0,-160.0
Luka Doncic,Golden State Warriors @ Los Angeles Lakers,2025-10-22T02:00:00Z,player_double_double,,bovada,2025-10-21T14:55:00Z,2025-10-21T14:55:32Z,,
Deandre Ayton,Golden State Warriors @ Los Angeles Lakers,2025-10-22T02:00:00Z,player_double_double,,bovada,2025-10-21T14:55:00Z,2025-10-21T14:55:32Z,,
Jimmy Butler,Golden State Warriors @ Los Angeles Lakers,2025-10-22T02:00:00Z,player_double_double,,bovada,2025-10-21T14:55:00Z,2025-10-21T14:55:32Z,,
Austin Reaves,Golden State Warriors @ Los Angeles Lakers,2025-10-22T02:00:00Z,player_double_double,,bovada,2025-10-21T14:55:00Z,2025-10-21T14:55:32Z,,
Stephen Curry,Golden State Warriors @ Los Angeles Lakers,2025-10-22T02:00:00Z,player_double_double,,bovada,2025-10-21T14:55:00Z,2025-10-21T14:55:32Z,,
Al Horford,Golden State Warriors @ Los Angeles Lakers,2025-10-22T02:00:00Z,player_double_double,,bovada,2025-10-21T14:55:00Z,2025-10-21T14:55:32Z,,
Draymond Green,Golden State Warriors @ Los Angeles Lakers,2025-10-22T02:00:00Z,player_double_double,,bovada,2025-10-21T14:55:00Z,2025-10-21T14:55:32Z,,
Brandin Podziemski,Golden State Warriors @ Los Angeles Lakers,2025-10-22T02:00:00Z,player_double_double,,bovada,2025-10-21T14:55:00Z,2025-10-21T14:55:32Z,,
Rui Hachimura,Golden State Warriors @ Los Angeles Lakers,2025-10-22T02:00:00Z,player_double_double,,bovada,2025-10-21T14:55:00Z,2025-10-21T14:55:32Z,,
Jonathan Kuminga,Golden State Warriors @ Los Angeles Lakers,2025-10-22T02:00:00Z,player_double_double,,bovada,2025-10-21T14:55:00Z,2025-10-21T14:55:32Z,,
Al Horford,Golden State Warriors @ Los Angeles Lakers,2025-10-22T02:00:00Z,player_points,4.5,bovada,2025-10-21T14:55:00Z,2025-10-21T14:55:32Z,-280.0,205.0
Al Horford,Golden State Warriors @ Los Angeles Lakers,2025-10-22T02:00:00Z,player_points,5.5,bovada,2025-10-21T14:55:00Z,2025-10-21T14:55:32Z,-180.0,135.0
Al Horford,Golden State Warriors @ Los Angeles Lakers,2025-10-22T02:00:00Z,player_points,6.5,bovada,2025-10-21T14:55:00Z,2025-10-21T14:55:32Z,-120.0,-110.0
Al Horford,Golden State Warriors @ Los Angeles Lakers,2025-10-22T02:00:00Z,player_points,7.5,bovada,2025-10-21T14:55:00Z,2025-10-21T14:55:32Z,120.0,-160.0
Al Horford,Golden State Warriors @ Los Angeles Lakers,2025-10-22T02:00:00Z,player_points,8.5,bovada,2025-10-21T14:55:00Z,2025-10-21T14:55:32Z,165.0,-220.0
Austin Reaves,Golden State Warriors @ Los Angeles Lakers,2025-10-22T02:00:00Z,player_points,18.5,bovada,2025-10-21T14:55:00Z,2025-10-21T14:55:32Z,-250.0,185.0
Austin Reaves,Golden State Warriors @ Los Angeles Lakers,2025-10-22T02:00:00Z,player_points,19.5,bovada,2025-10-21T14:55:00Z,2025-10-21T14:55:32Z,-190.0,145.0
Austin Reaves,Golden State Warriors @ Los Angeles Lakers,2025-10-22T02:00:00Z,player_points,20.5,bovada,2025-10-21T14:55:00Z,2025-10-21T14:55:32Z,-150.0,115.0
Austin Reaves,Golden State Warriors @ Los Angeles Lakers,2025-10-22T02:00:00Z,player_points,21.5,bovada,2025-10-21T14:55:00Z,2025-10-21T14:55:32Z,-125.0,-105.0
Austin Reaves,Golden State Warriors @ Los Angeles Lakers,2025-10-22T02:00:00Z,player_points,22.5,bovada,2025-10-21T14:55:00Z,2025-10-21T14:55:32Z,100.0,-130.0
Austin Reaves,Golden State Warriors @ Los Angeles Lakers,2025-10-22T02:00:00Z,player_points,23.5,bovada,2025-10-21T14:55:00Z,2025-10-21T14:55:32Z,120.0,-160.0
Austin Reaves,Golden State Warriors @ Los Angeles Lakers,2025-10-22T02:00:00Z,player_points,24.5,bovada,2025-10-21T14:55:00Z,2025-10-21T14:55:32Z,150.0,-200.0
Austin Reaves,Golden State Warriors @ Los Angeles Lakers,2025-10-22T02:00:00Z,player_points,25.5,bovada,2025-10-21T14:55:00Z,2025-10-21T14:55:32Z,180.0,-245.0
Brandin Podziemski,Golden State Warriors @ Los Angeles Lakers,2025-10-22T02:00:00Z,player_points,10.5,bovada,2025-10-21T14:55:00Z,2025-10-21T14:55:32Z,-230.0,170.0
Brandin Podziemski,Golden State Warriors @ Los Angeles Lakers,2025-10-22T02:00:00Z,player_points,11.5,bovada,2025-10-21T14:55:00Z,2025-10-21T14:55:32Z,-165.0,125.0
Brandin Podziemski,Golden State Warriors @ Los Angeles Lakers,2025-10-22T02:00:00Z,player_points,12.5,bovada,2025-10-21T14:55:00Z,2025-10-21T14:55:32Z,-125.0,-105.0
Brandin Podziemski,Golden State Warriors @ Los Angeles Lakers,2025-10-22T02:00:00Z,player_points,13.5,bovada,2025-10-21T14:55:00Z,2025-10-21T14:55:32Z,105.0,-135.0
Brandin Podziemski,Golden State Warriors @ Los Angeles Lakers,2025-10-22T02:00:00Z,player_points,14.5,bovada,2025-10-21T14:55:00Z,2025-10-21T14:55:32Z,135.0,-180.0
Brandin Podziemski,Golden State Warriors @ Los Angeles Lakers,2025-10-22T02:00:00Z,player_points,15.5,bovada,2025-10-21T14:55:00Z,2025-10-21T14:55:32Z,170.0,-230.0
Buddy Hield,Golden State Warriors @ Los Angeles Lakers,2025-10-22T02:00:00Z,player_points,7.5,bovada,2025-10-21T14:55:00Z,2025-10-21T14:55:32Z,-260.0,190.0
Buddy Hield,Golden State Warriors @ Los Angeles Lakers,2025-10-22T02:00:00Z,player_points,8.5,bovada,2025-10-21T14:55:00Z,2025-10-21T14:55:32Z,-185.0,140.0
Buddy Hield,Golden State Warriors @ Los Angeles Lakers,2025-10-22T02:00:00Z,player_points,9.5,bovada,2025-10-21T14:55:00Z,2025-10-21T14:55:32Z,-130.0,100.0
Buddy Hield,Golden State Warriors @ Los Angeles Lakers,2025-10-22T02:00:00Z,player_points,10.5,bovada,2025-10-21T14:55:00Z,2025-10-21T14:55:32Z,105.0,-135.0
Buddy Hield,Golden State Warriors @ Los Angeles Lakers,2025-10-22T02:00:00Z,player_points,11.5,bovada,2025-10-21T14:55:00Z,2025-10-21T14:55:32Z,140.0,-185.0
Buddy Hield,Golden State Warriors @ Los Angeles Lakers,2025-10-22T02:00:00Z,player_points,12.5,bovada,2025-10-21T14:55:00Z,2025-10-21T14:55:32Z,180.0,-245.0
Deandre Ayton,Golden State Warriors @ Los Angeles Lakers,2025-10-22T02:00:00Z,player_points,11.5,bovada,2025-10-21T14:55:00Z,2025-10-21T14:55:32Z,-240.0,175.0
Deandre Ayton,Golden State Warriors @ Los Angeles Lakers,2025-10-22T02:00:00Z,player_points,12.5,bovada,2025-10-21T14:55:00Z,2025-10-21T14:55:32Z,-170.0,130.0
Deandre Ayton,Golden State Warriors @ Los Angeles Lakers,2025-10-22T02:00:00Z,player_points,13.5,bovada,2025-10-21T14:55:00Z,2025-10-21T14:55:32Z,-130.0,100.0
Deandre Ayton,Golden State Warriors @ Los Angeles Lakers,2025-10-22T02:00:00Z,player_points,14.5,bovada,2025-10-21T14:55:00Z,2025-10-21T14:55:32Z,100.0,-130.0
Deandre Ayton,Golden State Warriors @ Los Angeles Lakers,2025-10-22T02:00:00Z,player_points,15.5,bovada,2025-10-21T14:55:00Z,2025-10-21T14:55:32Z,130.0,-170.0
Deandre Ayton,Golden State Warriors @ Los Angeles Lakers,2025-10-22T02:00:00Z,player_points,16.5,bovada,2025-10-21T14:55:00Z,2025-10-21T14:55:32Z,165.0,-220.0
Deandre Ayton,Golden State Warriors @ Los Angeles Lakers,2025-10-22T02:00:00Z,player_points,17.5,bovada,2025-10-21T14:55:00Z,2025-10-21T14:55:32Z,205.0,-280.0
Draymond Green,Golden State Warriors @ Los Angeles Lakers,2025-10-22T02:00:00Z,player_points,6.5,bovada,2025-10-21T14:55:00Z,2025-10-21T14:55:32Z,-240.0,175.0
Draymond Green,Golden State Warriors @ Los Angeles Lakers,2025-10-22T02:00:00Z,player_points,7.5,bovada,2025-10-21T14:55:00Z,2025-10-21T14:55:32Z,-165.0,125.0
Draymond Green,Golden State Warriors @ Los Angeles Lakers,2025-10-22T02:00:00Z,player_points,8.5,bovada,2025-10-21T14:55:00Z,2025-10-21T14:55:32Z,-115.0,-115.0
Draymond Green,Golden State Warriors @ Los Angeles Lakers,2025-10-22T02:00:00Z,player_points,9.5,bovada,2025-10-21T14:55:00Z,2025-10-21T14:55:32Z,120.0,-160.0
Draymond Green,Golden State Warriors @ Los Angeles Lakers,2025-10-22T02:00:00Z,player_points,10.5,bovada,2025-10-21T14:55:00Z,2025-10-21T14:55:32Z,160.0,-215.0
Jimmy Butler,Golden State Warriors @ Los Angeles Lakers,2025-10-22T02:00:00Z,player_points,13.5,bovada,2025-10-21T14:55:00Z,2025-10-21T14:55:32Z,-290.0,210.0
Jimmy Butler,Golden State Warriors @ Los Angeles Lakers,2025-10-22T02:00:00Z,player_points,14.5,bovada,2025-10-21T14:55:00Z,2025-10-21T14:55:32Z,-215.0,160.0
Jimmy Butler,Golden State Warriors @ Los Angeles Lakers,2025-10-22T02:00:00Z,player_points,15.5,bovada,2025-10-21T14:55:00Z,2025-10-21T14:55:32Z,-165.0,125.0
Jimmy Butler,Golden State Warriors @ Los Angeles Lakers,2025-10-22T02:00:00Z,player_points,16.5,bovada,2025-10-21T14:55:00Z,2025-10-21T14:55:32Z,-125.0,-105.0
Jimmy Butler,Golden State Warriors @ Los Angeles Lakers,2025-10-22T02:00:00Z,player_points,17.5,bovada,2025-10-21T14:55:00Z,2025-10-21T14:55:32Z,100.0,-130.0
Jimmy Butler,Golden State Warriors @ Los Angeles Lakers,2025-10-22T02:00:00Z,player_points,18.5,bovada,2025-10-21T14:55:00Z,2025-10-21T14:55:32Z,125.0,-165.0
Jimmy Butler,Golden State Warriors @ Los Angeles Lakers,2025-10-22T02:00:00Z,player_points,19.5,bovada,2025-10-21T14:55:00Z,2025-10-21T14:55:32Z,155.0,-210.0
Jimmy Butler,Golden State Warriors @ Los Angeles Lakers,2025-10-22T02:00:00Z,player_points,20.5,bovada,2025-10-21T14:55:00Z,2025-10-21T14:55:32Z,190.0,-260.0
Jonathan Kuminga,Golden State Warriors @ Los Angeles Lakers,2025-10-22T02:00:00Z,player_points,11.5,bovada,2025-10-21T14:55:00Z,2025-10-21T14:55:32Z,-240.0,175.0
Jonathan Kuminga,Golden State Warriors @ Los Angeles Lakers,2025-10-22T02:00:00Z,player_points,12.5,bovada,2025-10-21T14:55:00Z,2025-10-21T14:55:32Z,-170.0,130.0
Jonathan Kuminga,Golden State Warriors @ Los Angeles Lakers,2025-10-22T02:00:00Z,player_points,13.5,bovada,2025-10-21T14:55:00Z,2025-10-21T14:55:32Z,-130.0,100.0
Jonathan Kuminga,Golden State Warriors @ Los Angeles Lakers,2025-10-22T02:00:00Z,player_points,14.5,bovada,2025-10-21T14:55:00Z,2025-10-21T14:55:32Z,100.0,-130.0
Jonathan Kuminga,Golden State Warriors @ Los Angeles Lakers,2025-10-22T02:00:00Z,player_points,15.5,bovada,2025-10-21T14:55:00Z,2025-10-21T14:55:32Z,130.0,-170.0
Jonathan Kuminga,Golden State Warriors @ Los Angeles Lakers,2025-10-22T02:00:00Z,player_points,16.5,bovada,2025-10-21T14:55:00Z,2025-10-21T14:55:32Z,165.0,-220.0
Jonathan Kuminga,Golden State Warriors @ Los Angeles Lakers,2025-10-22T02:00:00Z,player_points,17.5,bovada,2025-10-21T14:55:00Z,2025-10-21T14:55:32Z,205.0,-280.0
Luka Doncic,Golden State Warriors @ Los Angeles Lakers,2025-10-22T02:00:00Z,player_points,26.5,bovada,2025-10-21T14:55:00Z,2025-10-21T14:55:32Z,-280.0,205.0
Luka Doncic,Golden State Warriors @ Los Angeles Lakers,2025-10-22T02:00:00Z,player_points,27.5,bovada,2025-10-21T14:55:00Z,2025-10-21T14:55:32Z,-230.0,170.0
Luka Doncic,Golden State Warriors @ Los Angeles Lakers,2025-10-22T02:00:00Z,player_points,28.5,bovada,2025-10-21T14:55:00Z,2025-10-21T14:55:32Z,-185.0,140.0
Luka Doncic,Golden State Warriors @ Los Angeles Lakers,2025-10-22T02:00:00Z,player_points,29.5,bovada,2025-10-21T14:55:00Z,2025-10-21T14:55:32Z,-150.0,115.0
Luka Doncic,Golden State Warriors @ Los Angeles Lakers,2025-10-22T02:00:00Z,player_points,30.5,bovada,2025-10-21T14:55:00Z,2025-10-21T14:55:32Z,-125.0,-105.0
Luka Doncic,Golden State Warriors @ Los Angeles Lakers,2025-10-22T02:00:00Z,player_points,31.5,bovada,2025-10-21T14:55:00Z,2025-10-21T14:55:32Z,-105.0,-125.0
Luka Doncic,Golden State Warriors @ Los Angeles Lakers,2025-10-22T02:00:00Z,player_points,32.5,bovada,2025-10-21T14:55:00Z,2025-10-21T14:55:32Z,115.0,-150.0
Luka Doncic,Golden State Warriors @ Los Angeles Lakers,2025-10-22T02:00:00Z,player_points,33.5,bovada,2025-10-21T14:55:00Z,2025-10-21T14:55:32Z,135.0,-180.0
Luka Doncic,Golden State Warriors @ Los Angeles Lakers,2025-10-22T02:00:00Z,player_points,34.5,bovada,2025-10-21T14:55:00Z,2025-10-21T14:55:32Z,160.0,-215.0
Luka Doncic,Golden State Warriors @ Los Angeles Lakers,2025-10-22T02:00:00Z,player_points,35.5,bovada,2025-10-21T14:55:00Z,2025-10-21T14:55:32Z,185.0,-250.0
Rui Hachimura,Golden State Warriors @ Los Angeles Lakers,2025-10-22T02:00:00Z,player_points,10.5,bovada,2025-10-21T14:55:00Z,2025-10-21T14:55:32Z,-210.0,155.0
Rui Hachimura,Golden State Warriors @ Los Angeles Lakers,2025-10-22T02:00:00Z,player_points,11.5,bovada,2025-10-21T14:55:00Z,2025-10-21T14:55:32Z,-150.0,115.0
Rui Hachimura,Golden State Warriors @ Los Angeles Lakers,2025-10-22T02:00:00Z,player_points,12.5,bovada,2025-10-21T14:55:00Z,2025-10-21T14:55:32Z,-115.0,-115.0
Rui Hachimura,Golden State Warriors @ Los Angeles Lakers,2025-10-22T02:00:00Z,player_points,13.5,bovada,2025-10-21T14:55:00Z,2025-10-21T14:55:32Z,115.0,-150.0
Rui Hachimura,Golden State Warriors @ Los Angeles Lakers,2025-10-22T02:00:00Z,player_points,14.5,bovada,2025-10-21T14:55:00Z,2025-10-21T14:55:32Z,150.0,-200.0
Rui Hachimura,Golden State Warriors @ Los Angeles Lakers,2025-10-22T02:00:00Z,player_points,15.5,bovada,2025-10-21T14:55:00Z,2025-10-21T14:55:32Z,190.0,-260.0
Stephen Curry,Golden State Warriors @ Los Angeles Lakers,2025-10-22T02:00:00Z,player_points,21.5,bovada,2025-10-21T14:55:00Z,2025-10-21T14:55:32Z,-290.0,210.0
Stephen Curry,Golden State Warriors @ Los Angeles Lakers,2025-10-22T02:00:00Z,player_points,22.5,bovada,2025-10-21T14:55:00Z,2025-10-21T14:55:32Z,-230.0,170.0
Stephen Curry,Golden State Warriors @ Los Angeles Lakers,2025-10-22T02:00:00Z,player_points,23.5,bovada,2025-10-21T14:55:00Z,2025-10-21T14:55:32Z,-185.0,140.0
Stephen Curry,Golden State Warriors @ Los Angeles Lakers,2025-10-22T02:00:00Z,player_points,24.5,bovada,2025-10-21T14:55:00Z,2025-10-21T14:55:32Z,-150.0,115.0
Stephen Curry,Golden State Warriors @ Los Angeles Lakers,2025-10-22T02:00:00Z,player_points,25.5,bovada,2025-10-21T14:55:00Z,2025-10-21T14:55:32Z,-120.0,-110.0
Stephen Curry,Golden State Warriors @ Los Angeles Lakers,2025-10-22T02:00:00Z,player_points,26.5,bovada,2025-10-21T14:55:00Z,2025-10-21T14:55:32Z,100.0,-130.0
Stephen Curry,Golden State Warriors @ Los Angeles Lakers,2025-10-22T02:00:00Z,player_points,27.5,bovada,2025-10-21T14:55:00Z,2025-10-21T14:55:32Z,120.0,-160.0
Stephen Curry,Golden State Warriors @ Los Angeles Lakers,2025-10-22T02:00:00Z,player_points,28.5,bovada,2025-10-21T14:55:00Z,2025-10-21T14:55:32Z,145.0,-190.0
Stephen Curry,Golden State Warriors @ Los Angeles Lakers,2025-10-22T02:00:00Z,player_points,29.5,bovada,2025-10-21T14:55:00Z,2025-10-21T14:55:32Z,175.0,-240.0
Stephen Curry,Golden State Warriors @ Los Angeles Lakers,2025-10-22T02:00:00Z,player_points,30.5,bovada,2025-10-21T14:55:00Z,2025-10-21T14:55:32Z,210.0,-290.0
Al Horford,Golden State Warriors @ Los Angeles Lakers,2025-10-22T02:00:00Z,player_points_rebounds_assists,10.5,bovada,2025-10-21T14:55:00Z,2025-10-21T14:55:32Z,-260.0,190.0
Al Horford,Golden State Warriors @ Los Angeles Lakers,2025-10-22T02:00:00Z,player_points_rebounds_assists,11.5,bovada,2025-10-21T14:55:00Z,2025-10-21T14:55:32Z,-190.0,145.0
Al Horford,Golden State Warriors @ Los Angeles Lakers,2025-10-22T02:00:00Z,player_points_rebounds_assists,12.5,bovada,2025-10-21T14:55:00Z,2025-10-21T14:55:32Z,-145.0,110.0
Al Horford,Golden State Warriors @ Los Angeles Lakers,2025-10-22T02:00:00Z,player_points_rebounds_assists,13.5,bovada,2025-10-21T14:55:00Z,2025-10-21T14:55:32Z,-110.0,-120.0
Al Horford,Golden State Warriors @ Los Angeles Lakers,2025-10-22T02:00:00Z,player_points_rebounds_assists,14.5,bovada,2025-10-21T14:55:00Z,2025-10-21T14:55:32Z,120.0,-160.0
Al Horford,Golden State Warriors @ Los Angeles Lakers,2025-10-22T02:00:00Z,player_points_rebounds_assists,15.5,bovada,2025-10-21T14:55:00Z,2025-10-21T14:55:32Z,155.0,-210.0
Al Horford,Golden State Warriors @ Los Angeles Lakers,2025-10-22T02:00:00Z,player_points_rebounds_assists,16.5,bovada,2025-10-21T14:55:00Z,2025-10-21T14:55:32Z,190.0,-260.0
Austin Reaves,Golden State Warriors @ Los Angeles Lakers,2025-10-22T02:00:00Z,player_points_rebounds_assists,27.5,bovada,2025-10-21T14:55:00Z,2025-10-21T14:55:32Z,-280.0,205.0
Austin Reaves,Golden State Warriors @ Los Angeles Lakers,2025-10-22T02:00:00Z,player_points_rebounds_assists,28.5,bovada,2025-10-21T14:55:00Z,2025-10-21T14:55:32Z,-230.0,170.0
Austin Reaves,Golden State Warriors @ Los Angeles Lakers,2025-10-22T02:00:00Z,player_points_rebounds_assists,29.5,bovada,2025-10-21T14:55:00Z,2025-10-21T14:55:32Z,-185.0,140.0
Austin Reaves,Golden State Warriors @ Los Angeles Lakers,2025-10-22T02:00:00Z,player_points_rebounds_assists,30.5,bovada,2025-10-21T14:55:00Z,2025-10-21T14:55:32Z,-160.0,120.0
Austin Reaves,Golden State Warriors @ Los Angeles Lakers,2025-10-22T02:00:00Z,player_points_rebounds_assists,31.5,bovada,2025-10-21T14:55:00Z,2025-10-21T14:55:32Z,-130.0,100.0
Austin Reaves,Golden State Warriors @ Los Angeles Lakers,2025-10-22T02:00:00Z,player_points_rebounds_assists,32.5,bovada,2025-10-21T14:55:00Z,2025-10-21T14:55:32Z,-110.0,-120.0
Austin Reaves,Golden State Warriors @ Los Angeles Lakers,2025-10-22T02:00:00Z,player_points_rebounds_assists,33.5,bovada,2025-10-21T14:55:00Z,2025-10-21T14:55:32Z,110.0,-145.0
Austin Reaves,Golden State Warriors @ Los Angeles Lakers,2025-10-22T02:00:00Z,player_points_rebounds_assists,34.5,bovada,2025-10-21T14:55:00Z,2025-10-21T14:55:32Z,125.0,-165.0
Austin Reaves,Golden State Warriors @ Los Angeles Lakers,2025-10-22T02:00:00Z,player_points_rebounds_assists,35.5,bovada,2025-10-21T14:55:00Z,2025-10-21T14:55:32Z,150.0,-200.0
Austin Reaves,Golden State Warriors @ Los Angeles Lakers,2025-10-22T02:00:00Z,player_points_rebounds_assists,36.5,bovada,2025-10-21T14:55:00Z,2025-10-21T14:55:32Z,175.0,-240.0
Austin Reaves,Golden State Warriors @ Los Angeles Lakers,2025-10-22T02:00:00Z,player_points_rebounds_assists,37.5,bovada,2025-10-21T14:55:00Z,2025-10-21T14:55:32Z,205.0,-280.0
Brandin Podziemski,Golden State Warriors @ Los Angeles Lakers,2025-10-22T02:00:00Z,player_points_rebounds_assists,17.5,bovada,2025-10-21T14:55:00Z,2025-10-21T14:55:32Z,-260.0,190.0
Brandin Podziemski,Golden State Warriors @ Los Angeles Lakers,2025-10-22T02:00:00Z,player_points_rebounds_assists,18.5,bovada,2025-10-21T14:55:00Z,2025-10-21T14:55:32Z,-210.0,155.0
Brandin Podziemski,Golden State Warriors @ Los Angeles Lakers,2025-10-22T02:00:00Z,player_points_rebounds_assists,19.5,bovada,2025-10-21T14:55:00Z,2025-10-21T14:55:32Z,-165.0,125.0
Brandin Podziemski,Golden State Warriors @ Los Angeles Lakers,2025-10-22T02:00:00Z,player_points_rebounds_assists,20.5,bovada,2025-10-21T14:55:00Z,2025-10-21T14:55:32Z,-130.0,100.0
Brandin Podziemski,Golden State Warriors @ Los Angeles Lakers,2025-10-22T02:00:00Z,player_points_rebounds_assists,21.5,bovada,2025-10-21T14:55:00Z,2025-10-21T14:55:32Z,-105.0,-125.0
Brandin Podziemski,Golden State Warriors @ Los Angeles Lakers,2025-10-22T02:00:00Z,player_points_rebounds_assists,22.5,bovada,2025-10-21T14:55:00Z,2025-10-21T14:55:32Z,115.0,-150.0
Brandin Podziemski,Golden State Warriors @ Los Angeles Lakers,2025-10-22T02:00:00Z,player_points_rebounds_assists,23.5,bovada,2025-10-21T14:55:00Z,2025-10-21T14:55:32Z,145.0,-190.0
Brandin Podziemski,Golden State Warriors @ Los Angeles Lakers,2025-10-22T02:00:00Z,player_points_rebounds_assists,24.5,bovada,2025-10-21T14:55:00Z,2025-10-21T14:55:32Z,170.0,-230.0
Brandin Podziemski,Golden State Warriors @ Los Angeles Lakers,2025-10-22T02:00:00Z,player_points_rebounds_assists,25.5,bovada,2025-10-21T14:55:00Z,2025-10-21T14:55:32Z,210.0,-290.0
Buddy Hield,Golden State Warriors @ Los Angeles Lakers,2025-10-22T02:00:00Z,player_points_rebounds_assists,10.5,bovada,2025-10-21T14:55:00Z,2025-10-21T14:55:32Z,-260.0,190.0
Buddy Hield,Golden State Warriors @ Los Angeles Lakers,2025-10-22T02:00:00Z,player_points_rebounds_assists,11.5,bovada,2025-10-21T14:55:00Z,2025-10-21T14:55:32Z,-190.0,145.0
Buddy Hield,Golden State Warriors @ Los Angeles Lakers,2025-10-22T02:00:00Z,player_points_rebounds_assists,12.5,bovada,2025-10-21T14:55:00Z,2025-10-21T14:55:32Z,-145.0,110.0
Buddy Hield,Golden State Warriors @ Los Angeles Lakers,2025-10-22T02:00:00Z,player_points_rebounds_assists,13.5,bovada,2025-10-21T14:55:00Z,2025-10-21T14:55:32Z,-110.0,-120.0
Buddy Hield,Golden State Warriors @ Los Angeles Lakers,2025-10-22T02:00:00Z,player_points_rebounds_assists,14.5,bovada,2025-10-21T14:55:00Z,2025-10-21T14:55:32Z,120.0,-160.0
Buddy Hield,Golden State Warriors @ Los Angeles Lakers,2025-10-22T02:00:00Z,player_points_rebounds_assists,15.5,bovada,2025-10-21T14:55:00Z,2025-10-21T14:55:32Z,150.0,-200.0
Buddy Hield,Golden State Warriors @ Los Angeles Lakers,2025-10-22T02:00:00Z,player_points_rebounds_assists,16.5,bovada,2025-10-21T14:55:00Z,2025-10-21T14:55:32Z,190.0,-260.0
Deandre Ayton,Golden State Warriors @ Los Angeles Lakers,2025-10-22T02:00:00Z,player_points_rebounds_assists,22.5,bovada,2025-10-21T14:55:00Z,2025-10-21T14:55:32Z,-245.0,180.0
Deandre Ayton,Golden State Warriors @ Los Angeles Lakers,2025-10-22T02:00:00Z,player_points_rebounds_assists,23.5,bovada,2025-10-21T14:55:00Z,2025-10-21T14:55:32Z,-200.0,150.0
Deandre Ayton,Golden State Warriors @ Los Angeles Lakers,2025-10-22T02:00:00Z,player_points_rebounds_assists,24.5,bovada,2025-10-21T14:55:00Z,2025-10-21T14:55:32Z,-160.0,120.0
Deandre Ayton,Golden State Warriors @ Los Angeles Lakers,2025-10-22T02:00:00Z,player_points_rebounds_assists,25.5,bovada,2025-10-21T14:55:00Z,2025-10-21T14:55:32Z,-130.0,100.0
Deandre Ayton,Golden State Warriors @ Los Angeles Lakers,2025-10-22T02:00:00Z,player_points_rebounds_assists,26.5,bovada,2025-10-21T14:55:00Z,2025-10-21T14:55:32Z,-110.0,-120.0
Deandre Ayton,Golden State Warriors @ Los Angeles Lakers,2025-10-22T02:00:00Z,player_points_rebounds_assists,27.5,bovada,2025-10-21T14:55:00Z,2025-10-21T14:55:32Z,110.0,-145.0
Deandre Ayton,Golden State Warriors @ Los Angeles Lakers,2025-10-22T02:00:00Z,player_points_rebounds_assists,28.5,bovada,2025-10-21T14:55:00Z,2025-10-21T14:55:32Z,135.0,-180.0
Deandre Ayton,Golden State Warriors @ Los Angeles Lakers,2025-10-22T02:00:00Z,player_points_rebounds_assists,29.5,bovada,2025-10-21T14:55:00Z,2025-10-21T14:55:32Z,160.0,-215.0
Deandre Ayton,Golden State Warriors @ Los Angeles Lakers,2025-10-22T02:00:00Z,player_points_rebounds_assists,30.5,bovada,2025-10-21T14:55:00Z,2025-10-21T14:55:32Z,190.0,-260.0
Draymond Green,Golden State Warriors @ Los Angeles Lakers,2025-10-22T02:00:00Z,player_points_rebounds_assists,16.5,bovada,2025-10-21T14:55:00Z,2025-10-21T14:55:32Z,-245.0,180.0
Draymond Green,Golden State Warriors @ Los Angeles Lakers,2025-10-22T02:00:00Z,player_points_rebounds_assists,17.5,bovada,2025-10-21T14:55:00Z,2025-10-21T14:55:32Z,-190.0,145.0
Draymond Green,Golden State Warriors @ Los Angeles Lakers,2025-10-22T02:00:00Z,player_points_rebounds_assists,18.5,bovada,2025-10-21T14:55:00Z,2025-10-21T14:55:32Z,-150.0,115.0
Draymond Green,Golden State Warriors @ Los Angeles Lakers,2025-10-22T02:00:00Z,player_points_rebounds_assists,19.5,bovada,2025-10-21T14:55:00Z,2025-10-21T14:55:32Z,-120.0,-110.0
Draymond Green,Golden State Warriors @ Los Angeles Lakers,2025-10-22T02:00:00Z,player_points_rebounds_assists,20.5,bovada,2025-10-21T14:55:00Z,2025-10-21T14:55:32Z,105.0,-135.0
Draymond Green,Golden State Warriors @ Los Angeles Lakers,2025-10-22T02:00:00Z,player_points_rebounds_assists,21.5,bovada,2025-10-21T14:55:00Z,2025-10-21T14:55:32Z,130.0,-170.0
Draymond Green,Golden State Warriors @ Los Angeles Lakers,2025-10-22T02:00:00Z,player_points_rebounds_assists,22.5,bovada,2025-10-21T14:55:00Z,2025-10-21T14:55:32Z,155.0,-210.0
Draymond Green,Golden State Warriors @ Los Angeles Lakers,2025-10-22T02:00:00Z,player_points_rebounds_assists,23.5,bovada,2025-10-21T14:55:00Z,2025-10-21T14:55:32Z,190.0,-260.0
Jimmy Butler,Golden State Warriors @ Los Angeles Lakers,2025-10-22T02:00:00Z,player_points_rebounds_assists,23.5,bovada,2025-10-21T14:55:00Z,2025-10-21T14:55:32Z,-290.0,210.0
Jimmy Butler,Golden State Warriors @ Los Angeles Lakers,2025-10-22T02:00:00Z,player_points_rebounds_assists,24.5,bovada,2025-10-21T14:55:00Z,2025-10-21T14:55:32Z,-230.0,170.0
Jimmy Butler,Golden State Warriors @ Los Angeles Lakers,2025-10-22T02:00:00Z,player_points_rebounds_assists,25.5,bovada,2025-10-21T14:55:00Z,2025-10-21T14:55:32Z,-185.0,140.0
Jimmy Butler,Golden State Warriors @ Los Angeles Lakers,2025-10-22T02:00:00Z,player_points_rebounds_assists,26.5,bovada,2025-10-21T14:55:00Z,2025-10-21T14:55:32Z,-150.0,115.0
Jimmy Butler,Golden State Warriors @ Los Angeles Lakers,2025-10-22T02:00:00Z,player_points_rebounds_assists,27.5,bovada,2025-10-21T14:55:00Z,2025-10-21T14:55:32Z,-125.0,-105.0
Jimmy Butler,Golden State Warriors @ Los Angeles Lakers,2025-10-22T02:00:00Z,player_points_rebounds_assists,28.5,bovada,2025-10-21T14:55:00Z,2025-10-21T14:55:32Z,-105.0,-125.0
Jimmy Butler,Golden State Warriors @ Los Angeles Lakers,2025-10-22T02:00:00Z,player_points_rebounds_assists,29.5,bovada,2025-10-21T14:55:00Z,2025-10-21T14:55:32Z,115.0,-150.0
Jimmy Butler,Golden State Warriors @ Los Angeles Lakers,2025-10-22T02:00:00Z,player_points_rebounds_assists,30.5,bovada,2025-10-21T14:55:00Z,2025-10-21T14:55:32Z,135.0,-180.0
Jimmy Butler,Golden State Warriors @ Los Angeles Lakers,2025-10-22T02:00:00Z,player_points_rebounds_assists,31.5,bovada,2025-10-21T14:55:00Z,2025-10-21T14:55:32Z,160.0,-215.0
Jimmy Butler,Golden State Warriors @ Los Angeles Lakers,2025-10-22T02:00:00Z,player_points_rebounds_assists,32.5,bovada,2025-10-21T14:55:00Z,2025-10-21T14:55:32Z,190.0,-260.0
Jonathan Kuminga,Golden State Warriors @ Los Angeles Lakers,2025-10-22T02:00:00Z,player_points_rebounds_assists,16.5,bovada,2025-10-21T14:55:00Z,2025-10-21T14:55:32Z,-280.0,205.0
Jonathan Kuminga,Golden State Warriors @ Los Angeles Lakers,2025-10-22T02:00:00Z,player_points_rebounds_assists,17.5,bovada,2025-10-21T14:55:00Z,2025-10-21T14:55:32Z,-220.0,165.0
Jonathan Kuminga,Golden State Warriors @ Los Angeles Lakers,2025-10-22T02:00:00Z,player_points_rebounds_assists,18.5,bovada,2025-10-21T14:55:00Z,2025-10-21T14:55:32Z,-170.0,130.0
Jonathan Kuminga,Golden State Warriors @ Los Angeles Lakers,2025-10-22T02:00:00Z,player_points_rebounds_assists,19.5,bovada,2025-10-21T14:55:00Z,2025-10-21T14:55:32Z,-135.0,105.0
Jonathan Kuminga,Golden State Warriors @ Los Angeles Lakers,2025-10-22T02:00:00Z,player_points_rebounds_assists,20.5,bovada,2025-10-21T14:55:00Z,2025-10-21T14:55:32Z,-110.0,-120.0
Jonathan Kuminga,Golden State Warriors @ Los Angeles Lakers,2025-10-22T02:00:00Z,player_points_rebounds_assists,21.5,bovada,2025-10-21T14:55:00Z,2025-10-21T14:55:32Z,110.0,-145.0
Jonathan Kuminga,Golden State Warriors @ Los Angeles Lakers,2025-10-22T02:00:00Z,player_points_rebounds_assists,22.5,bovada,2025-10-21T14:55:00Z,2025-10-21T14:55:32Z,140.0,-185.0
Jonathan Kuminga,Golden State Warriors @ Los Angeles Lakers,2025-10-22T02:00:00Z,player_points_rebounds_assists,23.5,bovada,2025-10-21T14:55:00Z,2025-10-21T14:55:32Z,170.0,-230.0
Jonathan Kuminga,Golden State Warriors @ Los Angeles Lakers,2025-10-22T02:00:00Z,player_points_rebounds_assists,24.5,bovada,2025-10-21T14:55:00Z,2025-10-21T14:55:32Z,205.0,-280.0
Luka Doncic,Golden State Warriors @ Los Angeles Lakers,2025-10-22T02:00:00Z,player_points_rebounds_assists,42.5,bovada,2025-10-21T14:55:00Z,2025-10-21T14:55:32Z,-275.0,200.0
Luka Doncic,Golden State Warriors @ Los Angeles Lakers,2025-10-22T02:00:00Z,player_points_rebounds_assists,43.5,bovada,2025-10-21T14:55:00Z,2025-10-21T14:55:32Z,-230.0,170.0
Luka Doncic,Golden State Warriors @ Los Angeles Lakers,2025-10-22T02:00:00Z,player_points_rebounds_assists,44.5,bovada,2025-10-21T14:55:00Z,2025-10-21T14:55:32Z,-200.0,150.0
Luka Doncic,Golden State Warriors @ Los Angeles Lakers,2025-10-22T02:00:00Z,player_points_rebounds_assists,45.5,bovada,2025-10-21T14:55:00Z,2025-10-21T14:55:32Z,-170.0,130.0
Luka Doncic,Golden State Warriors @ Los Angeles Lakers,2025-10-22T02:00:00Z,player_points_rebounds_assists,46.5,bovada,2025-10-21T14:55:00Z,2025-10-21T14:55:32Z,-145.0,110.0
Luka Doncic,Golden State Warriors @ Los Angeles Lakers,2025-10-22T02:00:00Z,player_points_rebounds_assists,47.5,bovada,2025-10-21T14:55:00Z,2025-10-21T14:55:32Z,-125.0,-105.0
Luka Doncic,Golden State Warriors @ Los Angeles Lakers,2025-10-22T02:00:00Z,player_points_rebounds_assists,48.5,bovada,2025-10-21T14:55:00Z,2025-10-21T14:55:32Z,-110.0,-120.0
Luka Doncic,Golden State Warriors @ Los Angeles Lakers,2025-10-22T02:00:00Z,player_points_rebounds_assists,49.5,bovada,2025-10-21T14:55:00Z,2025-10-21T14:55:32Z,105.0,-135.0
Luka Doncic,Golden State Warriors @ Los Angeles Lakers,2025-10-22T02:00:00Z,player_points_rebounds_assists,50.5,bovada,2025-10-21T14:55:00Z,2025-10-21T14:55:32Z,120.0,-160.0
Luka Doncic,Golden State Warriors @ Los Angeles Lakers,2025-10-22T02:00:00Z,player_points_rebounds_assists,51.5,bovada,2025-10-21T14:55:00Z,2025-10-21T14:55:32Z,135.0,-180.0
Luka Doncic,Golden State Warriors @ Los Angeles Lakers,2025-10-22T02:00:00Z,player_points_rebounds_assists,52.5,bovada,2025-10-21T14:55:00Z,2025-10-21T14:55:32Z,155.0,-210.0
Luka Doncic,Golden State Warriors @ Los Angeles Lakers,2025-10-22T02:00:00Z,player_points_rebounds_assists,53.5,bovada,2025-10-21T14:55:00Z,2025-10-21T14:55:32Z,175.0,-240.0
Luka Doncic,Golden State Warriors @ Los Angeles Lakers,2025-10-22T02:00:00Z,player_points_rebounds_assists,54.5,bovada,2025-10-21T14:55:00Z,2025-10-21T14:55:32Z,205.0,-280.0
Marcus Smart,Golden State Warriors @ Los Angeles Lakers,2025-10-22T02:00:00Z,player_points_rebounds_assists,10.5,bovada,2025-10-21T14:55:00Z,2025-10-21T14:55:32Z,-230.0,170.0
Marcus Smart,Golden State Warriors @ Los Angeles Lakers,2025-10-22T02:00:00Z,player_points_rebounds_assists,11.5,bovada,2025-10-21T14:55:00Z,2025-10-21T14:55:32Z,-165.0,125.0
Marcus Smart,Golden State Warriors @ Los Angeles Lakers,2025-10-22T02:00:00Z,player_points_rebounds_assists,12.5,bovada,2025-10-21T14:55:00Z,2025-10-21T14:55:32Z,-125.0,-105.0
Marcus Smart,Golden State Warriors @ Los Angeles Lakers,2025-10-22T02:00:00Z,player_points_rebounds_assists,13.5,bovada,2025-10-21T14:55:00Z,2025-10-21T14:55:32Z,105.0,-135.0
Marcus Smart,Golden State Warriors @ Los Angeles Lakers,2025-10-22T02:00:00Z,player_points_rebounds_assists,14.5,bovada,2025-10-21T14:55:00Z,2025-10-21T14:55:32Z,135.0,-180.0
Marcus Smart,Golden State Warriors @ Los Angeles Lakers,2025-10-22T02:00:00Z,player_points_rebounds_assists,15.5,bovada,2025-10-21T14:55:00Z,2025-10-21T14:55:32Z,170.0,-230.0
Rui Hachimura,Golden State Warriors @ Los Angeles Lakers,2025-10-22T02:00:00Z,player_points_rebounds_assists,15.5,bovada,2025-10-21T14:55:00Z,2025-10-21T14:55:32Z,-300.0,215.0
Rui Hachimura,Golden State Warriors @ Los Angeles Lakers,2025-10-22T02:00:00Z,player_points_rebounds_assists,16.5,bovada,2025-10-21T14:55:00Z,2025-10-21T14:55:32Z,-220.0,165.0
Rui Hachimura,Golden State Warriors @ Los Angeles Lakers,2025-10-22T02:00:00Z,player_points_rebounds_assists,17.5,bovada,2025-10-21T14:55:00Z,2025-10-21T14:55:32Z,-170.0,130.0
Rui Hachimura,Golden State Warriors @ Los Angeles Lakers,2025-10-22T02:00:00Z,player_points_rebounds_assists,18.5,bovada,2025-10-21T14:55:00Z,2025-10-21T14:55:32Z,-135.0,105.0
Rui Hachimura,Golden State Warriors @ Los Angeles Lakers,2025-10-22T02:00:00Z,player_points_rebounds_assists,19.5,bovada,2025-10-21T14:55:00Z,2025-10-21T14:55:32Z,-110.0,-120.0
Rui Hachimura,Golden State Warriors @ Los Angeles Lakers,2025-10-22T02:00:00Z,player_points_rebounds_assists,20.5,bovada,2025-10-21T14:55:00Z,2025-10-21T14:55:32Z,115.0,-150.0
Rui Hachimura,Golden State Warriors @ Los Angeles Lakers,2025-10-22T02:00:00Z,player_points_rebounds_assists,21.5,bovada,2025-10-21T14:55:00Z,2025-10-21T14:55:32Z,140.0,-185.0
Rui Hachimura,Golden State Warriors @ Los Angeles Lakers,2025-10-22T02:00:00Z,player_points_rebounds_assists,22.5,bovada,2025-10-21T14:55:00Z,2025-10-21T14:55:32Z,170.0,-230.0
Rui Hachimura,Golden State Warriors @ Los Angeles Lakers,2025-10-22T02:00:00Z,player_points_rebounds_assists,23.5,bovada,2025-10-21T14:55:00Z,2025-10-21T14:55:32Z,210.0,-290.0
Stephen Curry,Golden State Warriors @ Los Angeles Lakers,2025-10-22T02:00:00Z,player_points_rebounds_assists,31.5,bovada,2025-10-21T14:55:00Z,2025-10-21T14:55:32Z,-250.0,185.0
Stephen Curry,Golden State Warriors @ Los Angeles Lakers,2025-10-22T02:00:00Z,player_points_rebounds_assists,32.5,bovada,2025-10-21T14:55:00Z,2025-10-21T14:55:32Z,-210.0,155.0
Stephen Curry,Golden State Warriors @ Los Angeles Lakers,2025-10-22T02:00:00Z,player_points_rebounds_assists,33.5,bovada,2025-10-21T14:55:00Z,2025-10-21T14:55:32Z,-180.0,135.0
Stephen Curry,Golden State Warriors @ Los Angeles Lakers,2025-10-22T02:00:00Z,player_points_rebounds_assists,34.5,bovada,2025-10-21T14:55:00Z,2025-10-21T14:55:32Z,-150.0,115.0
Stephen Curry,Golden State Warriors @ Los Angeles Lakers,2025-10-22T02:00:00Z,player_points_rebounds_assists,35.5,bovada,2025-10-21T14:55:00Z,2025-10-21T14:55:32Z,-125.0,-105.0
Stephen Curry,Golden State Warriors @ Los Angeles Lakers,2025-10-22T02:00:00Z,player_points_rebounds_assists,36.5,bovada,2025-10-21T14:55:00Z,2025-10-21T14:55:32Z,-105.0,-125.0
Stephen Curry,Golden State Warriors @ Los Angeles Lakers,2025-10-22T02:00:00Z,player_points_rebounds_assists,37.5,bovada,2025-10-21T14:55:00Z,2025-10-21T14:55:32Z,110.0,-145.0
Stephen Curry,Golden State Warriors @ Los Angeles Lakers,2025-10-22T02:00:00Z,player_points_rebounds_assists,38.5,bovada,2025-10-21T14:55:00Z,2025-10-21T14:55:32Z,130.0,-170.0
Stephen Curry,Golden State Warriors @ Los Angeles Lakers,2025-10-22T02:00:00Z,player_points_rebounds_assists,39.5,bovada,2025-10-21T14:55:00Z,2025-10-21T14:55:32Z,150.0,-200.0
Stephen Curry,Golden State Warriors @ Los Angeles Lakers,2025-10-22T02:00:00Z,player_points_rebounds_assists,40.5,bovada,2025-10-21T14:55:00Z,2025-10-21T14:55:32Z,175.0,-240.0
Stephen Curry,Golden State Warriors @ Los Angeles Lakers,2025-10-22T02:00:00Z,player_points_rebounds_assists,41.5,bovada,2025-10-21T14:55:00Z,2025-10-21T14:55:32Z,200.0,-275.0
Al Horford,Golden State Warriors @ Los Angeles Lakers,2025-10-22T02:00:00Z,player_rebounds,4.5,bovada,2025-10-21T14:55:00Z,2025-10-21T14:55:32Z,-150.0,115.0
Al Horford,Golden State Warriors @ Los Angeles Lakers,2025-10-22T02:00:00Z,player_rebounds,5.5,bovada,2025-10-21T14:55:00Z,2025-10-21T14:55:32Z,125.0,-165.0
Deandre Ayton,Golden State Warriors @ Los Angeles Lakers,2025-10-22T02:00:00Z,player_rebounds,9.5,bovada,2025-10-21T14:55:00Z,2025-10-21T14:55:32Z,-190.0,145.0
Deandre Ayton,Golden State Warriors @ Los Angeles Lakers,2025-10-22T02:00:00Z,player_rebounds,10.5,bovada,2025-10-21T14:55:00Z,2025-10-21T14:55:32Z,-120.0,-110.0
Deandre Ayton,Golden State Warriors @ Los Angeles Lakers,2025-10-22T02:00:00Z,player_rebounds,11.5,bovada,2025-10-21T14:55:00Z,2025-10-21T14:55:32Z,130.0,-170.0
Deandre Ayton,Golden State Warriors @ Los Angeles Lakers,2025-10-22T02:00:00Z,player_rebounds,12.5,bovada,2025-10-21T14:55:00Z,2025-10-21T14:55:32Z,190.0,-260.0
Draymond Green,Golden State Warriors @ Los Angeles Lakers,2025-10-22T02:00:00Z,player_rebounds,4.5,bovada,2025-10-21T14:55:00Z,2025-10-21T14:55:32Z,-250.0,185.0
Draymond Green,Golden State Warriors @ Los Angeles Lakers,2025-10-22T02:00:00Z,player_rebounds,5.5,bovada,2025-10-21T14:55:00Z,2025-10-21T14:55:32Z,-125.0,-105.0
Draymond Green,Golden State Warriors @ Los Angeles Lakers,2025-10-22T02:00:00Z,player_rebounds,6.5,bovada,2025-10-21T14:55:00Z,2025-10-21T14:55:32Z,140.0,-185.0
Jarred Vanderbilt,Golden State Warriors @ Los Angeles Lakers,2025-10-22T02:00:00Z,player_rebounds,4.5,bovada,2025-10-21T14:55:00Z,2025-10-21T14:55:32Z,-150.0,115.0
Jarred Vanderbilt,Golden State Warriors @ Los Angeles Lakers,2025-10-22T02:00:00Z,player_rebounds,5.5,bovada,2025-10-21T14:55:00Z,2025-10-21T14:55:32Z,125.0,-165.0
Jimmy Butler,Golden State Warriors @ Los Angeles Lakers,2025-10-22T02:00:00Z,player_rebounds,4.5,bovada,2025-10-21T14:55:00Z,2025-10-21T14:55:32Z,-185.0,140.0
Jimmy Butler,Golden State Warriors @ Los Angeles Lakers,2025-10-22T02:00:00Z,player_rebounds,5.5,bovada,2025-10-21T14:55:00Z,2025-10-21T14:55:32Z,105.0,-135.0
Jimmy Butler,Golden State Warriors @ Los Angeles Lakers,2025-10-22T02:00:00Z,player_rebounds,6.5,bovada,2025-10-21T14:55:00Z,2025-10-21T14:55:32Z,190.0,-260.0
Luka Doncic,Golden State Warriors @ Los Angeles Lakers,2025-10-22T02:00:00Z,player_rebounds,6.5,bovada,2025-10-21T14:55:00Z,2025-10-21T14:55:32Z,-290.0,210.0
Luka Doncic,Golden State Warriors @ Los Angeles Lakers,2025-10-22T02:00:00Z,player_rebounds,7.5,bovada,2025-10-21T14:55:00Z,2025-10-21T14:55:32Z,-165.0,125.0
Luka Doncic,Golden State Warriors @ Los Angeles Lakers,2025-10-22T02:00:00Z,player_rebounds,8.5,bovada,2025-10-21T14:55:00Z,2025-10-21T14:55:32Z,105.0,-135.0
Luka Doncic,Golden State Warriors @ Los Angeles Lakers,2025-10-22T02:00:00Z,player_rebounds,9.5,bovada,2025-10-21T14:55:00Z,2025-10-21T14:55:32Z,165.0,-220.0
Rui Hachimura,Golden State Warriors @ Los Angeles Lakers,2025-10-22T02:00:00Z,player_rebounds,3.5,bovada,2025-10-21T14:55:00Z,2025-10-21T14:55:32Z,-300.0,215.0
Rui Hachimura,Golden State Warriors @ Los Angeles Lakers,2025-10-22T02:00:00Z,player_rebounds,5.5,bovada,2025-10-21T14:55:00Z,2025-10-21T14:55:32Z,140.0,-185.0
Al Horford,Golden State Warriors @ Los Angeles Lakers,2025-10-22T02:00:00Z,player_threes,1.5,bovada,2025-10-21T14:55:00Z,2025-10-21T14:55:32Z,110.0,-145.0
Austin Reaves,Golden State Warriors @ Los Angeles Lakers,2025-10-22T02:00:00Z,player_threes,2.5,bovada,2025-10-21T14:55:00Z,2025-10-21T14:55:32Z,-165.0,125.0
Austin Reaves,Golden State Warriors @ Los Angeles Lakers,2025-10-22T02:00:00Z,player_threes,3.5,bovada,2025-10-21T14:55:00Z,2025-10-21T14:55:32Z,150.0,-200.0
Brandin Podziemski,Golden State Warriors @ Los Angeles Lakers,2025-10-22T02:00:00Z,player_threes,1.5,bovada,2025-10-21T14:55:00Z,2025-10-21T14:55:32Z,-190.0,145.0
Brandin Podziemski,Golden State Warriors @ Los Angeles Lakers,2025-10-22T02:00:00Z,player_threes,2.5,bovada,2025-10-21T14:55:00Z,2025-10-21T14:55:32Z,155.0,-210.0
Buddy Hield,Golden State Warriors @ Los Angeles Lakers,2025-10-22T02:00:00Z,player_threes,1.5,bovada,2025-10-21T14:55:00Z,2025-10-21T14:55:32Z,-245.0,180.0
Buddy Hield,Golden State Warriors @ Los Angeles Lakers,2025-10-22T02:00:00Z,player_threes,2.5,bovada,2025-10-21T14:55:00Z,2025-10-21T14:55:32Z,125.0,-165.0
Draymond Green,Golden State Warriors @ Los Angeles Lakers,2025-10-22T02:00:00Z,player_threes,1.5,bovada,2025-10-21T14:55:00Z,2025-10-21T14:55:32Z,140.0,-185.0
Gabe Vincent,Golden State Warriors @ Los Angeles Lakers,2025-10-22T02:00:00Z,player_threes,1.5,bovada,2025-10-21T14:55:00Z,2025-10-21T14:55:32Z,-145.0,110.0
Gabe Vincent,Golden State Warriors @ Los Angeles Lakers,2025-10-22T02:00:00Z,player_threes,2.5,bovada,2025-10-21T14:55:00Z,2025-10-21T14:55:32Z,210.0,-290.0
Luka Doncic,Golden State Warriors @ Los Angeles Lakers,2025-10-22T02:00:00Z,player_threes,2.5,bovada,2025-10-21T14:55:00Z,2025-10-21T14:55:32Z,-250.0,185.0
Luka Doncic,Golden State Warriors @ Los Angeles Lakers,2025-10-22T02:00:00Z,player_threes,3.5,bovada,2025-10-21T14:55:00Z,2025-10-21T14:55:32Z,100.0,-130.0
Marcus Smart,Golden State Warriors @ Los Angeles Lakers,2025-10-22T02:00:00Z,player_threes,0.5,bovada,2025-10-21T14:55:00Z,2025-10-21T14:55:32Z,-250.0,185.0
Rui Hachimura,Golden State Warriors @ Los Angeles Lakers,2025-10-22T02:00:00Z,player_threes,1.5,bovada,2025-10-21T14:55:00Z,2025-10-21T14:55:32Z,-145.0,110.0
Rui Hachimura,Golden State Warriors @ Los Angeles Lakers,2025-10-22T02:00:00Z,player_threes,2.5,bovada,2025-10-21T14:55:00Z,2025-10-21T14:55:32Z,210.0,-290.0
Stephen Curry,Golden State Warriors @ Los Angeles Lakers,2025-10-22T02:00:00Z,player_threes,3.5,bovada,2025-10-21T14:55:00Z,2025-10-21T14:55:32Z,-275.0,200.0
Stephen Curry,Golden State Warriors @ Los Angeles Lakers,2025-10-22T02:00:00Z,player_threes,4.5,bovada,2025-10-21T14:55:00Z,2025-10-21T14:55:32Z,-120.0,-110.0
Stephen Curry,Golden State Warriors @ Los Angeles Lakers,2025-10-22T02:00:00Z,player_threes,5.5,bovada,2025-10-21T14:55:00Z,2025-10-21T14:55:32Z,170.0,-230.0
Luka Doncic,Golden State Warriors @ Los Angeles Lakers,2025-10-22T02:00:00Z,player_triple_double,,bovada,2025-10-21T14:55:00Z,2025-10-21T14:55:32Z,,
Jimmy Butler,Golden State Warriors @ Los Angeles Lakers,2025-10-22T02:00:00Z,player_triple_double,,bovada,2025-10-21T14:55:00Z,2025-10-21T14:55:32Z,,
Jimmy Butler,Golden State Warriors @ Los Angeles Lakers,2025-10-22T02:00:00Z,player_assists,5.5,betonlineag,2025-10-21T14:55:25Z,2025-10-21T14:56:02Z,110.0,-143.0
Stephen Curry,Golden State Warriors @ Los Angeles Lakers,2025-10-22T02:00:00Z,player_assists,5.5,betonlineag,2025-10-21T14:55:25Z,2025-10-21T14:56:02Z,117.0,-152.0
Brandin Podziemski,Golden State Warriors @ Los Angeles Lakers,2025-10-22T02:00:00Z,player_assists,3.5,betonlineag,2025-10-21T14:55:25Z,2025-10-21T14:56:02Z,-101.0,-128.0
Austin Reaves,Golden State Warriors @ Los Angeles Lakers,2025-10-22T02:00:00Z,player_assists,5.5,betonlineag,2025-10-21T14:55:25Z,2025-10-21T14:56:02Z,-103.0,-125.0
Luka Doncic,Golden State Warriors @ Los Angeles Lakers,2025-10-22T02:00:00Z,player_assists,8.5,betonlineag,2025-10-21T14:55:25Z,2025-10-21T14:56:02Z,110.0,-143.0
Jonathan Kuminga,Golden State Warriors @ Los Angeles Lakers,2025-10-22T02:00:00Z,player_assists,1.5,betonlineag,2025-10-21T14:55:25Z,2025-10-21T14:56:02Z,-175.0,134.0
Al Horford,Golden State Warriors @ Los Angeles Lakers,2025-10-22T02:00:00Z,player_assists,1.5,betonlineag,2025-10-21T14:55:25Z,2025-10-21T14:56:02Z,-149.0,115.0
Marcus Smart,Golden State Warriors @ Los Angeles Lakers,2025-10-22T02:00:00Z,player_assists,2.5,betonlineag,2025-10-21T14:55:25Z,2025-10-21T14:56:02Z,-143.0,110.0
Draymond Green,Golden State Warriors @ Los Angeles Lakers,2025-10-22T02:00:00Z,player_assists,5.5,betonlineag,2025-10-21T14:55:25Z,2025-10-21T14:56:02Z,120.0,-156.0
Draymond Green,Golden State Warriors @ Los Angeles Lakers,2025-10-22T02:00:00Z,player_points,8.5,betonlineag,2025-10-21T14:55:25Z,2025-10-21T14:56:02Z,-112.0,-115.0
Rui Hachimura,Golden State Warriors @ Los Angeles Lakers,2025-10-22T02:00:00Z,player_points,12.5,betonlineag,2025-10-21T14:55:25Z,2025-10-21T14:56:02Z,-109.0,-119.0
Luka Doncic,Golden State Warriors @ Los Angeles Lakers,2025-10-22T02:00:00Z,player_points,30.5,betonlineag,2025-10-21T14:55:25Z,2025-10-21T14:56:02Z,-112.0,-115.0
Al Horford,Golden State Warriors @ Los Angeles Lakers,2025-10-22T02:00:00Z,player_points,7.5,betonlineag,2025-10-21T14:55:25Z,2025-10-21T14:56:02Z,-105.0,-123.0
Brandin Podziemski,Golden State Warriors @ Los Angeles Lakers,2025-10-22T02:00:00Z,player_points,12.5,betonlineag,2025-10-21T14:55:25Z,2025-10-21T14:56:02Z,-122.0,-106.0
Austin Reaves,Golden State Warriors @ Los Angeles Lakers,2025-10-22T02:00:00Z,player_points,22.5,betonlineag,2025-10-21T14:55:25Z,2025-10-21T14:56:02Z,-102.0,-127.0
Marcus Smart,Golden State Warriors @ Los Angeles Lakers,2025-10-22T02:00:00Z,player_points,8.5,betonlineag,2025-10-21T14:55:25Z,2025-10-21T14:56:02Z,104.0,-135.0
Jonathan Kuminga,Golden State Warriors @ Los Angeles Lakers,2025-10-22T02:00:00Z,player_points,13.5,betonlineag,2025-10-21T14:55:25Z,2025-10-21T14:56:02Z,-118.0,-110.0
Buddy Hield,Golden State Warriors @ Los Angeles Lakers,2025-10-22T02:00:00Z,player_points,9.5,betonlineag,2025-10-21T14:55:25Z,2025-10-21T14:56:02Z,-111.0,-116.0
Stephen Curry,Golden State Warriors @ Los Angeles Lakers,2025-10-22T02:00:00Z,player_points,26.5,betonlineag,2025-10-21T14:55:25Z,2025-10-21T14:56:02Z,-108.0,-120.0
Gabe Vincent,Golden State Warriors @ Los Angeles Lakers,2025-10-22T02:00:00Z,player_points,7.5,betonlineag,2025-10-21T14:55:25Z,2025-10-21T14:56:02Z,-112.0,-115.0
Deandre Ayton,Golden State Warriors @ Los Angeles Lakers,2025-10-22T02:00:00Z,player_points,14.5,betonlineag,2025-10-21T14:55:25Z,2025-10-21T14:56:02Z,-108.0,-120.0
Jimmy Butler,Golden State Warriors @ Los Angeles Lakers,2025-10-22T02:00:00Z,player_points,17.5,betonlineag,2025-10-21T14:55:25Z,2025-10-21T14:56:02Z,-110.0,-118.0
Draymond Green,Golden State Warriors @ Los Angeles Lakers,2025-10-22T02:00:00Z,player_points_rebounds_assists,19.5,betonlineag,2025-10-21T14:55:25Z,2025-10-21T14:56:02Z,-130.0,100.0
Luka Doncic,Golden State Warriors @ Los Angeles Lakers,2025-10-22T02:00:00Z,player_points_rebounds_assists,48.5,betonlineag,2025-10-21T14:55:25Z,2025-10-21T14:56:02Z,-108.0,-120.0
Austin Reaves,Golden State Warriors @ Los Angeles Lakers,2025-10-22T02:00:00Z,player_points_rebounds_assists,32.5,betonlineag,2025-10-21T14:55:25Z,2025-10-21T14:56:02Z,-112.0,-115.0
Brandin Podziemski,Golden State Warriors @ Los Angeles Lakers,2025-10-22T02:00:00Z,player_points_rebounds_assists,21.5,betonlineag,2025-10-21T14:55:25Z,2025-10-21T14:56:02Z,-111.0,-116.0
Rui Hachimura,Golden State Warriors @ Los Angeles Lakers,2025-10-22T02:00:00Z,player_points_rebounds_assists,19.5,betonlineag,2025-10-21T14:55:25Z,2025-10-21T14:56:02Z,-109.0,-119.0
Deandre Ayton,Golden State Warriors @ Los Angeles Lakers,2025-10-22T02:00:00Z,player_points_rebounds_assists,26.5,betonlineag,2025-10-21T14:55:25Z,2025-10-21T14:56:02Z,-110.0,-118.0
Jonathan Kuminga,Golden State Warriors @ Los Angeles Lakers,2025-10-22T02:00:00Z,player_points_rebounds_assists,20.5,betonlineag,2025-10-21T14:55:25Z,2025-10-21T14:56:02Z,-106.0,-122.0
Al Horford,Golden State Warriors @ Los Angeles Lakers,2025-10-22T02:00:00Z,player_points_rebounds_assists,14.5,betonlineag,2025-10-21T14:55:25Z,2025-10-21T14:56:02Z,110.0,-143.0
Gabe Vincent,Golden State Warriors @ Los Angeles Lakers,2025-10-22T02:00:00Z,player_points_rebounds_assists,10.5,betonlineag,2025-10-21T14:55:25Z,2025-10-21T14:56:02Z,-110.0,-118.0
Marcus Smart,Golden State Warriors @ Los Angeles Lakers,2025-10-22T02:00:00Z,player_points_rebounds_assists,12.5,betonlineag,2025-10-21T14:55:25Z,2025-10-21T14:56:02Z,-115.0,-112.0
Jarred Vanderbilt,Golden State Warriors @ Los Angeles Lakers,2025-10-22T02:00:00Z,player_points_rebounds_assists,10.5,betonlineag,2025-10-21T14:55:25Z,2025-10-21T14:56:02Z,-108.0,-120.0
Buddy Hield,Golden State Warriors @ Los Angeles Lakers,2025-10-22T02:00:00Z,player_points_rebounds_assists,14.5,betonlineag,2025-10-21T14:55:25Z,2025-10-21T14:56:02Z,109.0,-141.0
Stephen Curry,Golden State Warriors @ Los Angeles Lakers,2025-10-22T02:00:00Z,player_points_rebounds_assists,36.5,betonlineag,2025-10-21T14:55:25Z,2025-10-21T14:56:02Z,-106.0,-122.0
Jimmy Butler,Golden State Warriors @ Los Angeles Lakers,2025-10-22T02:00:00Z,player_points_rebounds_assists,28.5,betonlineag,2025-10-21T14:55:25Z,2025-10-21T14:56:02Z,-120.0,-108.0
Luka Doncic,Golden State Warriors @ Los Angeles Lakers,2025-10-22T02:00:00Z,player_rebounds,8.5,betonlineag,2025-10-21T14:55:25Z,2025-10-21T14:56:02Z,107.0,-139.0
Austin Reaves,Golden State Warriors @ Los Angeles Lakers,2025-10-22T02:00:00Z,player_rebounds,4.5,betonlineag,2025-10-21T14:55:25Z,2025-10-21T14:56:02Z,-143.0,110.0
Draymond Green,Golden State Warriors @ Los Angeles Lakers,2025-10-22T02:00:00Z,player_rebounds,5.5,betonlineag,2025-10-21T14:55:25Z,2025-10-21T14:56:02Z,-115.0,-112.0
Jimmy Butler,Golden State Warriors @ Los Angeles Lakers,2025-10-22T02:00:00Z,player_rebounds,5.5,betonlineag,2025-10-21T14:55:25Z,2025-10-21T14:56:02Z,112.0,-145.0
Stephen Curry,Golden State Warriors @ Los Angeles Lakers,2025-10-22T02:00:00Z,player_rebounds,4.5,betonlineag,2025-10-21T14:55:25Z,2025-10-21T14:56:02Z,115.0,-149.0
Al Horford,Golden State Warriors @ Los Angeles Lakers,2025-10-22T02:00:00Z,player_rebounds,5.5,betonlineag,2025-10-21T14:55:25Z,2025-10-21T14:56:02Z,120.0,-156.0
Brandin Podziemski,Golden State Warriors @ Los Angeles Lakers,2025-10-22T02:00:00Z,player_rebounds,5.5,betonlineag,2025-10-21T14:55:25Z,2025-10-21T14:56:02Z,113.0,-147.0
Rui Hachimura,Golden State Warriors @ Los Angeles Lakers,2025-10-22T02:00:00Z,player_rebounds,5.5,betonlineag,2025-10-21T14:55:25Z,2025-10-21T14:56:02Z,128.0,-167.0
Jonathan Kuminga,Golden State Warriors @ Los Angeles Lakers,2025-10-22T02:00:00Z,player_rebounds,4.5,betonlineag,2025-10-21T14:55:25Z,2025-10-21T14:56:02Z,-108.0,-120.0
Deandre Ayton,Golden State Warriors @ Los Angeles Lakers,2025-10-22T02:00:00Z,player_rebounds,10.5,betonlineag,2025-10-21T14:55:25Z,2025-10-21T14:56:02Z,-112.0,-115.0
Jarred Vanderbilt,Golden State Warriors @ Los Angeles Lakers,2025-10-22T02:00:00Z,player_rebounds,5.5,betonlineag,2025-10-21T14:55:25Z,2025-10-21T14:56:02Z,120.0,-156.0
Gabe Vincent,Golden State Warriors @ Los Angeles Lakers,2025-10-22T02:00:00Z,player_rebounds,1.5,betonlineag,2025-10-21T14:55:25Z,2025-10-21T14:56:02Z,-112.0,-115.0
Buddy Hield,Golden State Warriors @ Los Angeles Lakers,2025-10-22T02:00:00Z,player_rebounds,2.5,betonlineag,2025-10-21T14:55:25Z,2025-10-21T14:56:02Z,-105.0,-123.0
Marcus Smart,Golden State Warriors @ Los Angeles Lakers,2025-10-22T02:00:00Z,player_rebounds,1.5,betonlineag,2025-10-21T14:55:25Z,2025-10-21T14:56:02Z,-167.0,128.0
Luka Doncic,Golden State Warriors @ Los Angeles Lakers,2025-10-22T02:00:00Z,player_threes,3.5,betonlineag,2025-10-21T14:55:25Z,2025-10-21T14:56:02Z,-108.0,-120.0
Austin Reaves,Golden State Warriors @ Los Angeles Lakers,2025-10-22T02:00:00Z,player_threes,2.5,betonlineag,2025-10-21T14:55:25Z,2025-10-21T14:56:02Z,-172.0,131.0
Jimmy Butler,Golden State Warriors @ Los Angeles Lakers,2025-10-22T02:00:00Z,player_threes,0.5,betonlineag,2025-10-21T14:55:25Z,2025-10-21T14:56:02Z,-135.0,104.0
Stephen Curry,Golden State Warriors @ Los Angeles Lakers,2025-10-22T02:00:00Z,player_threes,4.5,betonlineag,2025-10-21T14:55:25Z,2025-10-21T14:56:02Z,-111.0,-116.0
Draymond Green,Golden State Warriors @ Los Angeles Lakers,2025-10-22T02:00:00Z,player_threes,1.5,betonlineag,2025-10-21T14:55:25Z,2025-10-21T14:56:02Z,152.0,-200.0
Al Horford,Golden State Warriors @ Los Angeles Lakers,2025-10-22T02:00:00Z,player_threes,1.5,betonlineag,2025-10-21T14:55:25Z,2025-10-21T14:56:02Z,115.0,-149.0
Rui Hachimura,Golden State Warriors @ Los Angeles Lakers,2025-10-22T02:00:00Z,player_threes,1.5,betonlineag,2025-10-21T14:55:25Z,2025-10-21T14:56:02Z,-147.0,113.0
Brandin Podziemski,Golden State Warriors @ Los Angeles Lakers,2025-10-22T02:00:00Z,player_threes,1.5,betonlineag,2025-10-21T14:55:25Z,2025-10-21T14:56:02Z,-189.0,143.0
Buddy Hield,Golden State Warriors @ Los Angeles Lakers,2025-10-22T02:00:00Z,player_threes,2.5,betonlineag,2025-10-21T14:55:25Z,2025-10-21T14:56:02Z,118.0,-154.0
Gabe Vincent,Golden State Warriors @ Los Angeles Lakers,2025-10-22T02:00:00Z,player_threes,1.5,betonlineag,2025-10-21T14:55:25Z,2025-10-21T14:56:02Z,-141.0,108.0
Jonathan Kuminga,Golden State Warriors @ Los Angeles Lakers,2025-10-22T02:00:00Z,player_threes,0.5,betonlineag,2025-10-21T14:55:25Z,2025-10-21T14:56:02Z,-196.0,148.0
Marcus Smart,Golden State Warriors @ Los Angeles Lakers,2025-10-22T02:00:00Z,player_threes,1.5,betonlineag,2025-10-21T14:55:25Z,2025-10-21T14:56:02Z,150.0,-196.0
Draymond Green,Golden State Warriors @ Los Angeles Lakers,2025-10-22T02:00:00Z,player_assists,4.5,fanatics,2025-10-21T14:54:43Z,2025-10-21T14:55:42Z,-165.0,120.0
Luka Doncic,Golden State Warriors @ Los Angeles Lakers,2025-10-22T02:00:00Z,player_assists,8.5,fanatics,2025-10-21T14:54:43Z,2025-10-21T14:55:42Z,115.0,-150.0
Jimmy Butler,Golden State Warriors @ Los Angeles Lakers,2025-10-22T02:00:00Z,player_assists,5.5,fanatics,2025-10-21T14:54:43Z,2025-10-21T14:55:42Z,120.0,-165.0
Stephen Curry,Golden State Warriors @ Los Angeles Lakers,2025-10-22T02:00:00Z,player_assists,5.5,fanatics,2025-10-21T14:54:43Z,2025-10-21T14:55:42Z,105.0,-140.0
Brandin Podziemski,Golden State Warriors @ Los Angeles Lakers,2025-10-22T02:00:00Z,player_assists,3.5,fanatics,2025-10-21T14:54:43Z,2025-10-21T14:55:42Z,105.0,-140.0
Austin Reaves,Golden State Warriors @ Los Angeles Lakers,2025-10-22T02:00:00Z,player_assists,4.5,fanatics,2025-10-21T14:54:43Z,2025-10-21T14:55:42Z,-145.0,110.0
Al Horford,Golden State Warriors @ Los Angeles Lakers,2025-10-22T02:00:00Z,player_assists,1.5,fanatics,2025-10-21T14:54:43Z,2025-10-21T14:55:42Z,-130.0,100.0
Deandre Ayton,Golden State Warriors @ Los Angeles Lakers,2025-10-22T02:00:00Z,player_assists,1.5,fanatics,2025-10-21T14:54:43Z,2025-10-21T14:55:42Z,-115.0,-115.0
Gabe Vincent,Golden State Warriors @ Los Angeles Lakers,2025-10-22T02:00:00Z,player_assists,1.5,fanatics,2025-10-21T14:54:43Z,2025-10-21T14:55:42Z,130.0,-190.0
Marcus Smart,Golden State Warriors @ Los Angeles Lakers,2025-10-22T02:00:00Z,player_assists,2.5,fanatics,2025-10-21T14:54:43Z,2025-10-21T14:55:42Z,-130.0,100.0
Rui Hachimura,Golden State Warriors @ Los Angeles Lakers,2025-10-22T02:00:00Z,player_assists,1.5,fanatics,2025-10-21T14:54:43Z,2025-10-21T14:55:42Z,130.0,-190.0
Stephen Curry,Golden State Warriors @ Los Angeles Lakers,2025-10-22T02:00:00Z,player_double_double,,fanatics,2025-10-21T14:54:43Z,2025-10-21T14:55:42Z,,
Jimmy Butler,Golden State Warriors @ Los Angeles Lakers,2025-10-22T02:00:00Z,player_double_double,,fanatics,2025-10-21T14:54:43Z,2025-10-21T14:55:42Z,,
Draymond Green,Golden State Warriors @ Los Angeles Lakers,2025-10-22T02:00:00Z,player_double_double,,fanatics,2025-10-21T14:54:43Z,2025-10-21T14:55:42Z,,
Luka Doncic,Golden State Warriors @ Los Angeles Lakers,2025-10-22T02:00:00Z,player_double_double,,fanatics,2025-10-21T14:54:43Z,2025-10-21T14:55:42Z,,
Austin Reaves,Golden State Warriors @ Los Angeles Lakers,2025-10-22T02:00:00Z,player_double_double,,fanatics,2025-10-21T14:54:43Z,2025-10-21T14:55:42Z,,
Deandre Ayton,Golden State Warriors @ Los Angeles Lakers,2025-10-22T02:00:00Z,player_double_double,,fanatics,2025-10-21T14:54:43Z,2025-10-21T14:55:42Z,,
Al Horford,Golden State Warriors @ Los Angeles Lakers,2025-10-22T02:00:00Z,player_double_double,,fanatics,2025-10-21T14:54:43Z,2025-10-21T14:55:42Z,,
Rui Hachimura,Golden State Warriors @ Los Angeles Lakers,2025-10-22T02:00:00Z,player_double_double,,fanatics,2025-10-21T14:54:43Z,2025-10-21T14:55:42Z,,
Brandin Podziemski,Golden State Warriors @ Los Angeles Lakers,2025-10-22T02:00:00Z,player_double_double,,fanatics,2025-10-21T14:54:43Z,2025-10-21T14:55:42Z,,
Stephen Curry,Golden State Warriors @ Los Angeles Lakers,2025-10-22T02:00:00Z,player_points,26.5,fanatics,2025-10-21T14:54:43Z,2025-10-21T14:55:42Z,-125.0,-105.0
Rui Hachimura,Golden State Warriors @ Los Angeles Lakers,2025-10-22T02:00:00Z,player_points,12.5,fanatics,2025-10-21T14:54:43Z,2025-10-21T14:55:42Z,-105.0,-125.0
Deandre Ayton,Golden State Warriors @ Los Angeles Lakers,2025-10-22T02:00:00Z,player_points,13.5,fanatics,2025-10-21T14:54:43Z,2025-10-21T14:55:42Z,-120.0,-110.0
Marcus Smart,Golden State Warriors @ Los Angeles Lakers,2025-10-22T02:00:00Z,player_points,7.5,fanatics,2025-10-21T14:54:43Z,2025-10-21T14:55:42Z,-130.0,100.0
Al Horford,Golden State Warriors @ Los Angeles Lakers,2025-10-22T02:00:00Z,player_points,6.5,fanatics,2025-10-21T14:54:43Z,2025-10-21T14:55:42Z,-125.0,-105.0
Jimmy Butler,Golden State Warriors @ Los Angeles Lakers,2025-10-22T02:00:00Z,player_points,17.5,fanatics,2025-10-21T14:54:43Z,2025-10-21T14:55:42Z,-115.0,-115.0
Jarred Vanderbilt,Golden State Warriors @ Los Angeles Lakers,2025-10-22T02:00:00Z,player_points,4.5,fanatics,2025-10-21T14:54:43Z,2025-10-21T14:55:42Z,-130.0,100.0
Brandin Podziemski,Golden State Warriors @ Los Angeles Lakers,2025-10-22T02:00:00Z,player_points,12.5,fanatics,2025-10-21T14:54:43Z,2025-10-21T14:55:42Z,-125.0,-105.0
Buddy Hield,Golden State Warriors @ Los Angeles Lakers,2025-10-22T02:00:00Z,player_points,9.5,fanatics,2025-10-21T14:54:43Z,2025-10-21T14:55:42Z,-115.0,-115.0
Jonathan Kuminga,Golden State Warriors @ Los Angeles Lakers,2025-10-22T02:00:00Z,player_points,13.5,fanatics,2025-10-21T14:54:43Z,2025-10-21T14:55:42Z,-115.0,-115.0
Luka Doncic,Golden State Warriors @ Los Angeles Lakers,2025-10-22T02:00:00Z,player_points,30.5,fanatics,2025-10-21T14:54:43Z,2025-10-21T14:55:42Z,-110.0,-120.0
Draymond Green,Golden State Warriors @ Los Angeles Lakers,2025-10-22T02:00:00Z,player_points,8.5,fanatics,2025-10-21T14:54:43Z,2025-10-21T14:55:42Z,-115.0,-115.0
Austin Reaves,Golden State Warriors @ Los Angeles Lakers,2025-10-22T02:00:00Z,player_points,21.5,fanatics,2025-10-21T14:54:43Z,2025-10-21T14:55:42Z,-125.0,-105.0
Gabe Vincent,Golden State Warriors @ Los Angeles Lakers,2025-10-22T02:00:00Z,player_points,7.5,fanatics,2025-10-21T14:54:43Z,2025-10-21T14:55:42Z,-115.0,-115.0
Al Horford,Golden State Warriors @ Los Angeles Lakers,2025-10-22T02:00:00Z,player_rebounds,5.5,fanatics,2025-10-21T14:54:43Z,2025-10-21T14:55:42Z,120.0,-165.0
Draymond Green,Golden State Warriors @ Los Angeles Lakers,2025-10-22T02:00:00Z,player_rebounds,5.5,fanatics,2025-10-21T14:54:43Z,2025-10-21T14:55:42Z,-125.0,-105.0
Luka Doncic,Golden State Warriors @ Los Angeles Lakers,2025-10-22T02:00:00Z,player_rebounds,8.5,fanatics,2025-10-21T14:54:43Z,2025-10-21T14:55:42Z,105.0,-140.0
Jimmy Butler,Golden State Warriors @ Los Angeles Lakers,2025-10-22T02:00:00Z,player_rebounds,5.5,fanatics,2025-10-21T14:54:43Z,2025-10-21T14:55:42Z,105.0,-140.0
Stephen Curry,Golden State Warriors @ Los Angeles Lakers,2025-10-22T02:00:00Z,player_rebounds,4.5,fanatics,2025-10-21T14:54:43Z,2025-10-21T14:55:42Z,115.0,-150.0
Deandre Ayton,Golden State Warriors @ Los Angeles Lakers,2025-10-22T02:00:00Z,player_rebounds,10.5,fanatics,2025-10-21T14:54:43Z,2025-10-21T14:55:42Z,-115.0,-115.0
Rui Hachimura,Golden State Warriors @ Los Angeles Lakers,2025-10-22T02:00:00Z,player_rebounds,4.5,fanatics,2025-10-21T14:54:43Z,2025-10-21T14:55:42Z,-165.0,120.0
Brandin Podziemski,Golden State Warriors @ Los Angeles Lakers,2025-10-22T02:00:00Z,player_rebounds,5.5,fanatics,2025-10-21T14:54:43Z,2025-10-21T14:55:42Z,110.0,-145.0
Jarred Vanderbilt,Golden State Warriors @ Los Angeles Lakers,2025-10-22T02:00:00Z,player_rebounds,5.5,fanatics,2025-10-21T14:54:43Z,2025-10-21T14:55:42Z,105.0,-135.0
Jonathan Kuminga,Golden State Warriors @ Los Angeles Lakers,2025-10-22T02:00:00Z,player_rebounds,4.5,fanatics,2025-10-21T14:54:43Z,2025-10-21T14:55:42Z,100.0,-135.0
Austin Reaves,Golden State Warriors @ Los Angeles Lakers,2025-10-22T02:00:00Z,player_rebounds,4.5,fanatics,2025-10-21T14:54:43Z,2025-10-21T14:55:42Z,-130.0,100.0
Gabe Vincent,Golden State Warriors @ Los Angeles Lakers,2025-10-22T02:00:00Z,player_rebounds,1.5,fanatics,2025-10-21T14:54:43Z,2025-10-21T14:55:42Z,-115.0,-115.0
Marcus Smart,Golden State Warriors @ Los Angeles Lakers,2025-10-22T02:00:00Z,player_rebounds,1.5,fanatics,2025-10-21T14:54:43Z,2025-10-21T14:55:42Z,-175.0,125.0
Stephen Curry,Golden State Warriors @ Los Angeles Lakers,2025-10-22T02:00:00Z,player_threes,4.5,fanatics,2025-10-21T14:54:43Z,2025-10-21T14:55:42Z,-115.0,-115.0
Austin Reaves,Golden State Warriors @ Los Angeles Lakers,2025-10-22T02:00:00Z,player_threes,3.5,fanatics,2025-10-21T14:54:43Z,2025-10-21T14:55:42Z,125.0,-175.0
Luka Doncic,Golden State Warriors @ Los Angeles Lakers,2025-10-22T02:00:00Z,player_threes,3.5,fanatics,2025-10-21T14:54:43Z,2025-10-21T14:55:42Z,100.0,-130.0
Al Horford,Golden State Warriors @ Los Angeles Lakers,2025-10-22T02:00:00Z,player_threes,1.5,fanatics,2025-10-21T14:54:43Z,2025-10-21T14:55:42Z,115.0,-150.0
Buddy Hield,Golden State Warriors @ Los Angeles Lakers,2025-10-22T02:00:00Z,player_threes,2.5,fanatics,2025-10-21T14:54:43Z,2025-10-21T14:55:42Z,120.0,-165.0
Draymond Green,Golden State Warriors @ Los Angeles Lakers,2025-10-22T02:00:00Z,player_threes,1.5,fanatics,2025-10-21T14:54:43Z,2025-10-21T14:55:42Z,130.0,-190.0
Rui Hachimura,Golden State Warriors @ Los Angeles Lakers,2025-10-22T02:00:00Z,player_threes,1.5,fanatics,2025-10-21T14:54:43Z,2025-10-21T14:55:42Z,-140.0,105.0
Brandin Podziemski,Golden State Warriors @ Los Angeles Lakers,2025-10-22T02:00:00Z,player_threes,1.5,fanatics,2025-10-21T14:54:43Z,2025-10-21T14:55:42Z,-175.0,125.0
Jimmy Butler,Golden State Warriors @ Los Angeles Lakers,2025-10-22T02:00:00Z,player_threes,0.5,fanatics,2025-10-21T14:54:43Z,2025-10-21T14:55:42Z,-165.0,120.0
Gabe Vincent,Golden State Warriors @ Los Angeles Lakers,2025-10-22T02:00:00Z,player_threes,1.5,fanatics,2025-10-21T14:54:43Z,2025-10-21T14:55:42Z,-140.0,105.0
Deandre Ayton,Golden State Warriors @ Los Angeles Lakers,2025-10-22T02:00:00Z,player_threes,0.5,fanatics,2025-10-21T14:54:43Z,2025-10-21T14:55:42Z,230.0,-400.0
Marcus Smart,Golden State Warriors @ Los Angeles Lakers,2025-10-22T02:00:00Z,player_threes,1.5,fanatics,2025-10-21T14:54:43Z,2025-10-21T14:55:42Z,155.0,-250.0
Luka Doncic,Golden State Warriors @ Los Angeles Lakers,2025-10-22T02:00:00Z,player_triple_double,,fanatics,2025-10-21T14:54:43Z,2025-10-21T14:55:42Z,,
Brandin Podziemski,Golden State Warriors @ Los Angeles Lakers,2025-10-22T02:00:00Z,player_assists,3.5,betrivers,2025-10-21T14:54:43Z,2025-10-21T14:55:42Z,-107.0,-124.0
Jimmy Butler,Golden State Warriors @ Los Angeles Lakers,2025-10-22T02:00:00Z,player_assists,5.5,betrivers,2025-10-21T14:54:43Z,2025-10-21T14:55:42Z,100.0,-132.0
Luka Doncic,Golden State Warriors @ Los Angeles Lakers,2025-10-22T02:00:00Z,player_assists,8.5,betrivers,2025-10-21T14:54:43Z,2025-10-21T14:55:42Z,112.0,-148.0
Stephen Curry,Golden State Warriors @ Los Angeles Lakers,2025-10-22T02:00:00Z,player_assists,5.5,betrivers,2025-10-21T14:54:43Z,2025-10-21T14:55:42Z,107.0,-141.0
Austin Reaves,Golden State Warriors @ Los Angeles Lakers,2025-10-22T02:00:00Z,player_assists,5.5,betrivers,2025-10-21T14:54:43Z,2025-10-21T14:55:42Z,100.0,-132.0
Draymond Green,Golden State Warriors @ Los Angeles Lakers,2025-10-22T02:00:00Z,player_assists,5.5,betrivers,2025-10-21T14:54:43Z,2025-10-21T14:55:42Z,114.0,-152.0
Austin Reaves,Golden State Warriors @ Los Angeles Lakers,2025-10-22T02:00:00Z,player_points,21.5,betrivers,2025-10-21T14:54:43Z,2025-10-21T14:55:42Z,-129.0,-104.0
Rui Hachimura,Golden State Warriors @ Los Angeles Lakers,2025-10-22T02:00:00Z,player_points,13.5,betrivers,2025-10-21T14:54:43Z,2025-10-21T14:55:42Z,118.0,-162.0
Brandin Podziemski,Golden State Warriors @ Los Angeles Lakers,2025-10-22T02:00:00Z,player_points,12.5,betrivers,2025-10-21T14:54:43Z,2025-10-21T14:55:42Z,-118.0,-113.0
Deandre Ayton,Golden State Warriors @ Los Angeles Lakers,2025-10-22T02:00:00Z,player_points,14.5,betrivers,2025-10-21T14:54:43Z,2025-10-21T14:55:42Z,100.0,-132.0
Stephen Curry,Golden State Warriors @ Los Angeles Lakers,2025-10-22T02:00:00Z,player_points,24.5,betrivers,2025-10-21T14:54:43Z,2025-10-21T14:55:42Z,-155.0,114.0
Al Horford,Golden State Warriors @ Los Angeles Lakers,2025-10-22T02:00:00Z,player_points,8.5,betrivers,2025-10-21T14:54:43Z,2025-10-21T14:55:42Z,120.0,-167.0
Stephen Curry,Golden State Warriors @ Los Angeles Lakers,2025-10-22T02:00:00Z,player_points,26.5,betrivers,2025-10-21T14:54:43Z,2025-10-21T14:55:42Z,-113.0,-118.0
Jimmy Butler,Golden State Warriors @ Los Angeles Lakers,2025-10-22T02:00:00Z,player_points,16.5,betrivers,2025-10-21T14:54:43Z,2025-10-21T14:55:42Z,-143.0,107.0
Stephen Curry,Golden State Warriors @ Los Angeles Lakers,2025-10-22T02:00:00Z,player_points,27.5,betrivers,2025-10-21T14:54:43Z,2025-10-21T14:55:42Z,102.0,-137.0
Austin Reaves,Golden State Warriors @ Los Angeles Lakers,2025-10-22T02:00:00Z,player_points,23.5,betrivers,2025-10-21T14:54:43Z,2025-10-21T14:55:42Z,112.0,-152.0
Al Horford,Golden State Warriors @ Los Angeles Lakers,2025-10-22T02:00:00Z,player_points,6.5,betrivers,2025-10-21T14:54:43Z,2025-10-21T14:55:42Z,-148.0,110.0
Luka Doncic,Golden State Warriors @ Los Angeles Lakers,2025-10-22T02:00:00Z,player_points,31.5,betrivers,2025-10-21T14:54:43Z,2025-10-21T14:55:42Z,108.0,-148.0
Austin Reaves,Golden State Warriors @ Los Angeles Lakers,2025-10-22T02:00:00Z,player_points,22.5,betrivers,2025-10-21T14:54:43Z,2025-10-21T14:55:42Z,-107.0,-124.0
Luka Doncic,Golden State Warriors @ Los Angeles Lakers,2025-10-22T02:00:00Z,player_points,29.5,betrivers,2025-10-21T14:54:43Z,2025-10-21T14:55:42Z,-127.0,-105.0
Jimmy Butler,Golden State Warriors @ Los Angeles Lakers,2025-10-22T02:00:00Z,player_points,18.5,betrivers,2025-10-21T14:54:43Z,2025-10-21T14:55:42Z,106.0,-141.0
Brandin Podziemski,Golden State Warriors @ Los Angeles Lakers,2025-10-22T02:00:00Z,player_points,13.5,betrivers,2025-10-21T14:54:43Z,2025-10-21T14:55:42Z,106.0,-141.0
Austin Reaves,Golden State Warriors @ Los Angeles Lakers,2025-10-22T02:00:00Z,player_points,20.5,betrivers,2025-10-21T14:54:43Z,2025-10-21T14:55:42Z,-157.0,115.0
Al Horford,Golden State Warriors @ Los Angeles Lakers,2025-10-22T02:00:00Z,player_points,7.5,betrivers,2025-10-21T14:54:43Z,2025-10-21T14:55:42Z,-113.0,-118.0
Rui Hachimura,Golden State Warriors @ Los Angeles Lakers,2025-10-22T02:00:00Z,player_points,12.5,betrivers,2025-10-21T14:54:43Z,2025-10-21T14:55:42Z,-107.0,-125.0
Deandre Ayton,Golden State Warriors @ Los Angeles Lakers,2025-10-22T02:00:00Z,player_points,13.5,betrivers,2025-10-21T14:54:43Z,2025-10-21T14:55:42Z,-132.0,-103.0
Brandin Podziemski,Golden State Warriors @ Los Angeles Lakers,2025-10-22T02:00:00Z,player_points,11.5,betrivers,2025-10-21T14:54:43Z,2025-10-21T14:55:42Z,-150.0,110.0
Draymond Green,Golden State Warriors @ Los Angeles Lakers,2025-10-22T02:00:00Z,player_points,8.5,betrivers,2025-10-21T14:54:43Z,2025-10-21T14:55:42Z,-129.0,-105.0
Stephen Curry,Golden State Warriors @ Los Angeles Lakers,2025-10-22T02:00:00Z,player_points,25.5,betrivers,2025-10-21T14:54:43Z,2025-10-21T14:55:42Z,-132.0,-103.0
Stephen Curry,Golden State Warriors @ Los Angeles Lakers,2025-10-22T02:00:00Z,player_points,28.5,betrivers,2025-10-21T14:54:43Z,2025-10-21T14:55:42Z,117.0,-162.0
Rui Hachimura,Golden State Warriors @ Los Angeles Lakers,2025-10-22T02:00:00Z,player_points,11.5,betrivers,2025-10-21T14:54:43Z,2025-10-21T14:55:42Z,-139.0,104.0
Luka Doncic,Golden State Warriors @ Los Angeles Lakers,2025-10-22T02:00:00Z,player_points,28.5,betrivers,2025-10-21T14:54:43Z,2025-10-21T14:55:42Z,-152.0,112.0
Luka Doncic,Golden State Warriors @ Los Angeles Lakers,2025-10-22T02:00:00Z,player_points,30.5,betrivers,2025-10-21T14:54:43Z,2025-10-21T14:55:42Z,-108.0,-124.0
Jimmy Butler,Golden State Warriors @ Los Angeles Lakers,2025-10-22T02:00:00Z,player_points,17.5,betrivers,2025-10-21T14:54:43Z,2025-10-21T14:55:42Z,-117.0,-114.0
Draymond Green,Golden State Warriors @ Los Angeles Lakers,2025-10-22T02:00:00Z,player_points,9.5,betrivers,2025-10-21T14:54:43Z,2025-10-21T14:55:42Z,105.0,-139.0
Luka Doncic,Golden State Warriors @ Los Angeles Lakers,2025-10-22T02:00:00Z,player_points_rebounds_assists,47.5,betrivers,2025-10-21T14:54:43Z,2025-10-21T14:55:42Z,-118.0,-113.0
Jimmy Butler,Golden State Warriors @ Los Angeles Lakers,2025-10-22T02:00:00Z,player_points_rebounds_assists,27.5,betrivers,2025-10-21T14:54:43Z,2025-10-21T14:55:42Z,-148.0,108.0
Brandin Podziemski,Golden State Warriors @ Los Angeles Lakers,2025-10-22T02:00:00Z,player_points_rebounds_assists,23.5,betrivers,2025-10-21T14:54:43Z,2025-10-21T14:55:42Z,112.0,-152.0
Luka Doncic,Golden State Warriors @ Los Angeles Lakers,2025-10-22T02:00:00Z,player_points_rebounds_assists,45.5,betrivers,2025-10-21T14:54:43Z,2025-10-21T14:55:42Z,-157.0,114.0
Luka Doncic,Golden State Warriors @ Los Angeles Lakers,2025-10-22T02:00:00Z,player_points_rebounds_assists,49.5,betrivers,2025-10-21T14:54:43Z,2025-10-21T14:55:42Z,110.0,-150.0
Luka Doncic,Golden State Warriors @ Los Angeles Lakers,2025-10-22T02:00:00Z,player_points_rebounds_assists,48.5,betrivers,2025-10-21T14:54:43Z,2025-10-21T14:55:42Z,-104.0,-129.0
Draymond Green,Golden State Warriors @ Los Angeles Lakers,2025-10-22T02:00:00Z,player_points_rebounds_assists,20.5,betrivers,2025-10-21T14:54:43Z,2025-10-21T14:55:42Z,-112.0,-120.0
Austin Reaves,Golden State Warriors @ Los Angeles Lakers,2025-10-22T02:00:00Z,player_points_rebounds_assists,32.5,betrivers,2025-10-21T14:54:43Z,2025-10-21T14:55:42Z,-124.0,-108.0
Draymond Green,Golden State Warriors @ Los Angeles Lakers,2025-10-22T02:00:00Z,player_points_rebounds_assists,19.5,betrivers,2025-10-21T14:54:43Z,2025-10-21T14:55:42Z,-134.0,100.0
Austin Reaves,Golden State Warriors @ Los Angeles Lakers,2025-10-22T02:00:00Z,player_points_rebounds_assists,33.5,betrivers,2025-10-21T14:54:43Z,2025-10-21T14:55:42Z,-106.0,-125.0
Austin Reaves,Golden State Warriors @ Los Angeles Lakers,2025-10-22T02:00:00Z,player_points_rebounds_assists,31.5,betrivers,2025-10-21T14:54:43Z,2025-10-21T14:55:42Z,-143.0,108.0
Draymond Green,Golden State Warriors @ Los Angeles Lakers,2025-10-22T02:00:00Z,player_points_rebounds_assists,18.5,betrivers,2025-10-21T14:54:43Z,2025-10-21T14:55:42Z,-167.0,120.0
Stephen Curry,Golden State Warriors @ Los Angeles Lakers,2025-10-22T02:00:00Z,player_points_rebounds_assists,36.5,betrivers,2025-10-21T14:54:43Z,2025-10-21T14:55:42Z,-117.0,-114.0
Brandin Podziemski,Golden State Warriors @ Los Angeles Lakers,2025-10-22T02:00:00Z,player_points_rebounds_assists,22.5,betrivers,2025-10-21T14:54:43Z,2025-10-21T14:55:42Z,-105.0,-127.0
Stephen Curry,Golden State Warriors @ Los Angeles Lakers,2025-10-22T02:00:00Z,player_points_rebounds_assists,35.5,betrivers,2025-10-21T14:54:43Z,2025-10-21T14:55:42Z,-132.0,100.0
Jimmy Butler,Golden State Warriors @ Los Angeles Lakers,2025-10-22T02:00:00Z,player_points_rebounds_assists,29.5,betrivers,2025-10-21T14:54:43Z,2025-10-21T14:55:42Z,-106.0,-125.0
Brandin Podziemski,Golden State Warriors @ Los Angeles Lakers,2025-10-22T02:00:00Z,player_points_rebounds_assists,21.5,betrivers,2025-10-21T14:54:43Z,2025-10-21T14:55:42Z,-121.0,-109.0
Brandin Podziemski,Golden State Warriors @ Los Angeles Lakers,2025-10-22T02:00:00Z,player_points_rebounds_assists,20.5,betrivers,2025-10-21T14:54:43Z,2025-10-21T14:55:42Z,-143.0,107.0
Austin Reaves,Golden State Warriors @ Los Angeles Lakers,2025-10-22T02:00:00Z,player_points_rebounds_assists,34.5,betrivers,2025-10-21T14:54:43Z,2025-10-21T14:55:42Z,110.0,-148.0
Luka Doncic,Golden State Warriors @ Los Angeles Lakers,2025-10-22T02:00:00Z,player_points_rebounds_assists,46.5,betrivers,2025-10-21T14:54:43Z,2025-10-21T14:55:42Z,-134.0,102.0
Jimmy Butler,Golden State Warriors @ Los Angeles Lakers,2025-10-22T02:00:00Z,player_points_rebounds_assists,30.5,betrivers,2025-10-21T14:54:43Z,2025-10-21T14:55:42Z,110.0,-148.0
Stephen Curry,Golden State Warriors @ Los Angeles Lakers,2025-10-22T02:00:00Z,player_points_rebounds_assists,37.5,betrivers,2025-10-21T14:54:43Z,2025-10-21T14:55:42Z,-104.0,-129.0
Jimmy Butler,Golden State Warriors @ Los Angeles Lakers,2025-10-22T02:00:00Z,player_points_rebounds_assists,28.5,betrivers,2025-10-21T14:54:43Z,2025-10-21T14:55:42Z,-124.0,-108.0
Stephen Curry,Golden State Warriors @ Los Angeles Lakers,2025-10-22T02:00:00Z,player_points_rebounds_assists,38.5,betrivers,2025-10-21T14:54:43Z,2025-10-21T14:55:42Z,110.0,-148.0
Stephen Curry,Golden State Warriors @ Los Angeles Lakers,2025-10-22T02:00:00Z,player_points_rebounds_assists,34.5,betrivers,2025-10-21T14:54:43Z,2025-10-21T14:55:42Z,-150.0,110.0
Draymond Green,Golden State Warriors @ Los Angeles Lakers,2025-10-22T02:00:00Z,player_points_rebounds_assists,21.5,betrivers,2025-10-21T14:54:43Z,2025-10-21T14:55:42Z,108.0,-148.0
Deandre Ayton,Golden State Warriors @ Los Angeles Lakers,2025-10-22T02:00:00Z,player_rebounds,10.5,betrivers,2025-10-21T14:54:43Z,2025-10-21T14:55:42Z,-114.0,-117.0
Luka Doncic,Golden State Warriors @ Los Angeles Lakers,2025-10-22T02:00:00Z,player_rebounds,8.5,betrivers,2025-10-21T14:54:43Z,2025-10-21T14:55:42Z,-106.0,-125.0
Rui Hachimura,Golden State Warriors @ Los Angeles Lakers,2025-10-22T02:00:00Z,player_rebounds,5.5,betrivers,2025-10-21T14:54:43Z,2025-10-21T14:55:42Z,112.0,-150.0
Austin Reaves,Golden State Warriors @ Los Angeles Lakers,2025-10-22T02:00:00Z,player_rebounds,4.5,betrivers,2025-10-21T14:54:43Z,2025-10-21T14:55:42Z,-130.0,-103.0
Brandin Podziemski,Golden State Warriors @ Los Angeles Lakers,2025-10-22T02:00:00Z,player_rebounds,5.5,betrivers,2025-10-21T14:54:43Z,2025-10-21T14:55:42Z,107.0,-143.0
Jimmy Butler,Golden State Warriors @ Los Angeles Lakers,2025-10-22T02:00:00Z,player_rebounds,5.5,betrivers,2025-10-21T14:54:43Z,2025-10-21T14:55:42Z,105.0,-139.0
Al Horford,Golden State Warriors @ Los Angeles Lakers,2025-10-22T02:00:00Z,player_rebounds,5.5,betrivers,2025-10-21T14:54:43Z,2025-10-21T14:55:42Z,106.0,-141.0
Draymond Green,Golden State Warriors @ Los Angeles Lakers,2025-10-22T02:00:00Z,player_rebounds,5.5,betrivers,2025-10-21T14:54:43Z,2025-10-21T14:55:42Z,-124.0,-108.0
Stephen Curry,Golden State Warriors @ Los Angeles Lakers,2025-10-22T02:00:00Z,player_rebounds,4.5,betrivers,2025-10-21T14:54:43Z,2025-10-21T14:55:42Z,112.0,-150.0
Luka Doncic,Golden State Warriors @ Los Angeles Lakers,2025-10-22T02:00:00Z,player_threes,3.5,betrivers,2025-10-21T14:54:43Z,2025-10-21T14:55:42Z,-113.0,-118.0
Rui Hachimura,Golden State Warriors @ Los Angeles Lakers,2025-10-22T02:00:00Z,player_threes,1.5,betrivers,2025-10-21T14:54:43Z,2025-10-21T14:55:42Z,-134.0,100.0
Austin Reaves,Golden State Warriors @ Los Angeles Lakers,2025-10-22T02:00:00Z,player_threes,2.5,betrivers,2025-10-21T14:54:43Z,2025-10-21T14:55:42Z,-177.0,132.0
Stephen Curry,Golden State Warriors @ Los Angeles Lakers,2025-10-22T02:00:00Z,player_threes,4.5,betrivers,2025-10-21T14:54:43Z,2025-10-21T14:55:42Z,-117.0,-114.0
Brandin Podziemski,Golden State Warriors @ Los Angeles Lakers,2025-10-22T02:00:00Z,player_threes,2.5,betrivers,2025-10-21T14:54:43Z,2025-10-21T14:55:42Z,143.0,-190.0
Draymond Green,Golden State Warriors @ Los Angeles Lakers,2025-10-22T02:00:00Z,player_threes,1.5,betrivers,2025-10-21T14:54:43Z,2025-10-21T14:55:42Z,155.0,-215.0
Al Horford,Golden State Warriors @ Los Angeles Lakers,2025-10-22T02:00:00Z,player_threes,1.5,betrivers,2025-10-21T14:54:43Z,2025-10-21T14:55:42Z,102.0,-136.0
Brandin Podziemski,Golden State Warriors @ Los Angeles Lakers,2025-10-22T02:00:00Z,player_assists,3.5,betmgm,2025-10-21T14:54:56Z,2025-10-21T14:55:27Z,-105.0,-125.0
Jimmy Butler,Golden State Warriors @ Los Angeles Lakers,2025-10-22T02:00:00Z,player_assists,5.5,betmgm,2025-10-21T14:54:56Z,2025-10-21T14:55:27Z,-105.0,-125.0
Draymond Green,Golden State Warriors @ Los Angeles Lakers,2025-10-22T02:00:00Z,player_assists,4.5,betmgm,2025-10-21T14:54:56Z,2025-10-21T14:55:27Z,-145.0,110.0
Austin Reaves,Golden State Warriors @ Los Angeles Lakers,2025-10-22T02:00:00Z,player_assists,5.5,betmgm,2025-10-21T14:54:56Z,2025-10-21T14:55:27Z,-105.0,-125.0
Stephen Curry,Golden State Warriors @ Los Angeles Lakers,2025-10-22T02:00:00Z,player_assists,5.5,betmgm,2025-10-21T14:54:56Z,2025-10-21T14:55:27Z,120.0,-160.0
Deandre Ayton,Golden State Warriors @ Los Angeles Lakers,2025-10-22T02:00:00Z,player_assists,1.5,betmgm,2025-10-21T14:54:56Z,2025-10-21T14:55:27Z,-110.0,-120.0
Rui Hachimura,Golden State Warriors @ Los Angeles Lakers,2025-10-22T02:00:00Z,player_assists,1.5,betmgm,2025-10-21T14:54:56Z,2025-10-21T14:55:27Z,165.0,-225.0
Luka Doncic,Golden State Warriors @ Los Angeles Lakers,2025-10-22T02:00:00Z,player_assists,8.5,betmgm,2025-10-21T14:54:56Z,2025-10-21T14:55:27Z,125.0,-165.0
Marcus Smart,Golden State Warriors @ Los Angeles Lakers,2025-10-22T02:00:00Z,player_assists,2.5,betmgm,2025-10-21T14:54:56Z,2025-10-21T14:55:27Z,-150.0,110.0
Jake LaRavia,Golden State Warriors @ Los Angeles Lakers,2025-10-22T02:00:00Z,player_assists,1.5,betmgm,2025-10-21T14:54:56Z,2025-10-21T14:55:27Z,140.0,-190.0
Jarred Vanderbilt,Golden State Warriors @ Los Angeles Lakers,2025-10-22T02:00:00Z,player_assists,0.5,betmgm,2025-10-21T14:54:56Z,2025-10-21T14:55:27Z,-210.0,155.0
Buddy Hield,Golden State Warriors @ Los Angeles Lakers,2025-10-22T02:00:00Z,player_assists,1.5,betmgm,2025-10-21T14:54:56Z,2025-10-21T14:55:27Z,150.0,-200.0
Jonathan Kuminga,Golden State Warriors @ Los Angeles Lakers,2025-10-22T02:00:00Z,player_assists,1.5,betmgm,2025-10-21T14:54:56Z,2025-10-21T14:55:27Z,-150.0,110.0
Al Horford,Golden State Warriors @ Los Angeles Lakers,2025-10-22T02:00:00Z,player_assists,1.5,betmgm,2025-10-21T14:54:56Z,2025-10-21T14:55:27Z,-140.0,105.0
Brandin Podziemski,Golden State Warriors @ Los Angeles Lakers,2025-10-22T02:00:00Z,player_blocks,0.5,betmgm,2025-10-21T14:54:56Z,2025-10-21T14:55:27Z,300.0,-500.0
Jimmy Butler,Golden State Warriors @ Los Angeles Lakers,2025-10-22T02:00:00Z,player_blocks,0.5,betmgm,2025-10-21T14:54:56Z,2025-10-21T14:55:27Z,230.0,-350.0
Draymond Green,Golden State Warriors @ Los Angeles Lakers,2025-10-22T02:00:00Z,player_blocks,0.5,betmgm,2025-10-21T14:54:56Z,2025-10-21T14:55:27Z,-155.0,110.0
Austin Reaves,Golden State Warriors @ Los Angeles Lakers,2025-10-22T02:00:00Z,player_blocks,0.5,betmgm,2025-10-21T14:54:56Z,2025-10-21T14:55:27Z,160.0,-225.0
Stephen Curry,Golden State Warriors @ Los Angeles Lakers,2025-10-22T02:00:00Z,player_blocks,0.5,betmgm,2025-10-21T14:54:56Z,2025-10-21T14:55:27Z,195.0,-285.0
Luka Doncic,Golden State Warriors @ Los Angeles Lakers,2025-10-22T02:00:00Z,player_blocks,0.5,betmgm,2025-10-21T14:54:56Z,2025-10-21T14:55:27Z,160.0,-225.0
Deandre Ayton,Golden State Warriors @ Los Angeles Lakers,2025-10-22T02:00:00Z,player_blocks,0.5,betmgm,2025-10-21T14:54:56Z,2025-10-21T14:55:27Z,-145.0,105.0
Al Horford,Golden State Warriors @ Los Angeles Lakers,2025-10-22T02:00:00Z,player_blocks,0.5,betmgm,2025-10-21T14:54:56Z,2025-10-21T14:55:27Z,-118.0,-118.0
Rui Hachimura,Golden State Warriors @ Los Angeles Lakers,2025-10-22T02:00:00Z,player_blocks,0.5,betmgm,2025-10-21T14:54:56Z,2025-10-21T14:55:27Z,145.0,-210.0
Brandin Podziemski,Golden State Warriors @ Los Angeles Lakers,2025-10-22T02:00:00Z,player_double_double,,betmgm,2025-10-21T14:54:56Z,2025-10-21T14:55:27Z,,
Jimmy Butler,Golden State Warriors @ Los Angeles Lakers,2025-10-22T02:00:00Z,player_double_double,,betmgm,2025-10-21T14:54:56Z,2025-10-21T14:55:27Z,,
Draymond Green,Golden State Warriors @ Los Angeles Lakers,2025-10-22T02:00:00Z,player_double_double,,betmgm,2025-10-21T14:54:56Z,2025-10-21T14:55:27Z,,
Austin Reaves,Golden State Warriors @ Los Angeles Lakers,2025-10-22T02:00:00Z,player_double_double,,betmgm,2025-10-21T14:54:56Z,2025-10-21T14:55:27Z,,
Stephen Curry,Golden State Warriors @ Los Angeles Lakers,2025-10-22T02:00:00Z,player_double_double,,betmgm,2025-10-21T14:54:56Z,2025-10-21T14:55:27Z,,
Luka Doncic,Golden State Warriors @ Los Angeles Lakers,2025-10-22T02:00:00Z,player_double_double,,betmgm,2025-10-21T14:54:56Z,2025-10-21T14:55:27Z,,
Deandre Ayton,Golden State Warriors @ Los Angeles Lakers,2025-10-22T02:00:00Z,player_double_double,,betmgm,2025-10-21T14:54:56Z,2025-10-21T14:55:27Z,,
Al Horford,Golden State Warriors @ Los Angeles Lakers,2025-10-22T02:00:00Z,player_double_double,,betmgm,2025-10-21T14:54:56Z,2025-10-21T14:55:27Z,,
Rui Hachimura,Golden State Warriors @ Los Angeles Lakers,2025-10-22T02:00:00Z,player_double_double,,betmgm,2025-10-21T14:54:56Z,2025-10-21T14:55:27Z,,
Brandin Podziemski,Golden State Warriors @ Los Angeles Lakers,2025-10-22T02:00:00Z,player_points,12.5,betmgm,2025-10-21T14:54:56Z,2025-10-21T14:55:27Z,-125.0,-110.0
Draymond Green,Golden State Warriors @ Los Angeles Lakers,2025-10-22T02:00:00Z,player_points,8.5,betmgm,2025-10-21T14:54:56Z,2025-10-21T14:55:27Z,-115.0,-115.0
Luka Doncic,Golden State Warriors @ Los Angeles Lakers,2025-10-22T02:00:00Z,player_points,31.5,betmgm,2025-10-21T14:54:56Z,2025-10-21T14:55:27Z,-105.0,-130.0
Deandre Ayton,Golden State Warriors @ Los Angeles Lakers,2025-10-22T02:00:00Z,player_points,13.5,betmgm,2025-10-21T14:54:56Z,2025-10-21T14:55:27Z,-120.0,-110.0
Al Horford,Golden State Warriors @ Los Angeles Lakers,2025-10-22T02:00:00Z,player_points,7.5,betmgm,2025-10-21T14:54:56Z,2025-10-21T14:55:27Z,-105.0,-130.0
Stephen Curry,Golden State Warriors @ Los Angeles Lakers,2025-10-22T02:00:00Z,player_points,26.5,betmgm,2025-10-21T14:54:56Z,2025-10-21T14:55:27Z,-110.0,-120.0
Rui Hachimura,Golden State Warriors @ Los Angeles Lakers,2025-10-22T02:00:00Z,player_points,12.5,betmgm,2025-10-21T14:54:56Z,2025-10-21T14:55:27Z,-105.0,-125.0
Marcus Smart,Golden State Warriors @ Los Angeles Lakers,2025-10-22T02:00:00Z,player_points,7.5,betmgm,2025-10-21T14:54:56Z,2025-10-21T14:55:27Z,-115.0,-115.0
Jake LaRavia,Golden State Warriors @ Los Angeles Lakers,2025-10-22T02:00:00Z,player_points,5.5,betmgm,2025-10-21T14:54:56Z,2025-10-21T14:55:27Z,-118.0,-110.0
Jarred Vanderbilt,Golden State Warriors @ Los Angeles Lakers,2025-10-22T02:00:00Z,player_points,4.5,betmgm,2025-10-21T14:54:56Z,2025-10-21T14:55:27Z,-110.0,-120.0
Buddy Hield,Golden State Warriors @ Los Angeles Lakers,2025-10-22T02:00:00Z,player_points,9.5,betmgm,2025-10-21T14:54:56Z,2025-10-21T14:55:27Z,100.0,-130.0
Jonathan Kuminga,Golden State Warriors @ Los Angeles Lakers,2025-10-22T02:00:00Z,player_points,13.5,betmgm,2025-10-21T14:54:56Z,2025-10-21T14:55:27Z,-130.0,-105.0
Austin Reaves,Golden State Warriors @ Los Angeles Lakers,2025-10-22T02:00:00Z,player_points,22.5,betmgm,2025-10-21T14:54:56Z,2025-10-21T14:55:27Z,-110.0,-125.0
Jimmy Butler,Golden State Warriors @ Los Angeles Lakers,2025-10-22T02:00:00Z,player_points,17.5,betmgm,2025-10-21T14:54:56Z,2025-10-21T14:55:27Z,-120.0,-110.0
Brandin Podziemski,Golden State Warriors @ Los Angeles Lakers,2025-10-22T02:00:00Z,player_points_rebounds_assists,21.5,betmgm,2025-10-21T14:54:56Z,2025-10-21T14:55:27Z,-105.0,-125.0
Stephen Curry,Golden State Warriors @ Los Angeles Lakers,2025-10-22T02:00:00Z,player_points_rebounds_assists,35.5,betmgm,2025-10-21T14:54:56Z,2025-10-21T14:55:27Z,-105.0,-125.0
Luka Doncic,Golden State Warriors @ Los Angeles Lakers,2025-10-22T02:00:00Z,player_points_rebounds_assists,48.5,betmgm,2025-10-21T14:54:56Z,2025-10-21T14:55:27Z,-105.0,-125.0
Deandre Ayton,Golden State Warriors @ Los Angeles Lakers,2025-10-22T02:00:00Z,player_points_rebounds_assists,25.5,betmgm,2025-10-21T14:54:56Z,2025-10-21T14:55:27Z,-120.0,-110.0
Draymond Green,Golden State Warriors @ Los Angeles Lakers,2025-10-22T02:00:00Z,player_points_rebounds_assists,19.5,betmgm,2025-10-21T14:54:56Z,2025-10-21T14:55:27Z,-120.0,-110.0
Jarred Vanderbilt,Golden State Warriors @ Los Angeles Lakers,2025-10-22T02:00:00Z,player_points_rebounds_assists,10.5,betmgm,2025-10-21T14:54:56Z,2025-10-21T14:55:27Z,-120.0,-110.0
Jake LaRavia,Golden State Warriors @ Los Angeles Lakers,2025-10-22T02:00:00Z,player_points_rebounds_assists,9.5,betmgm,2025-10-21T14:54:56Z,2025-10-21T14:55:27Z,-150.0,110.0
Marcus Smart,Golden State Warriors @ Los Angeles Lakers,2025-10-22T02:00:00Z,player_points_rebounds_assists,12.5,betmgm,2025-10-21T14:54:56Z,2025-10-21T14:55:27Z,-115.0,-118.0
Buddy Hield,Golden State Warriors @ Los Angeles Lakers,2025-10-22T02:00:00Z,player_points_rebounds_assists,13.5,betmgm,2025-10-21T14:54:56Z,2025-10-21T14:55:27Z,-110.0,-118.0
Austin Reaves,Golden State Warriors @ Los Angeles Lakers,2025-10-22T02:00:00Z,player_points_rebounds_assists,32.5,betmgm,2025-10-21T14:54:56Z,2025-10-21T14:55:27Z,-110.0,-120.0
Jonathan Kuminga,Golden State Warriors @ Los Angeles Lakers,2025-10-22T02:00:00Z,player_points_rebounds_assists,20.5,betmgm,2025-10-21T14:54:56Z,2025-10-21T14:55:27Z,-115.0,-115.0
Rui Hachimura,Golden State Warriors @ Los Angeles Lakers,2025-10-22T02:00:00Z,player_points_rebounds_assists,19.5,betmgm,2025-10-21T14:54:56Z,2025-10-21T14:55:27Z,100.0,-135.0
Al Horford,Golden State Warriors @ Los Angeles Lakers,2025-10-22T02:00:00Z,player_points_rebounds_assists,14.5,betmgm,2025-10-21T14:54:56Z,2025-10-21T14:55:27Z,105.0,-140.0
Jimmy Butler,Golden State Warriors @ Los Angeles Lakers,2025-10-22T02:00:00Z,player_points_rebounds_assists,28.5,betmgm,2025-10-21T14:54:56Z,2025-10-21T14:55:27Z,-125.0,-105.0
Brandin Podziemski,Golden State Warriors @ Los Angeles Lakers,2025-10-22T02:00:00Z,player_rebounds,4.5,betmgm,2025-10-21T14:54:56Z,2025-10-21T14:55:27Z,-135.0,100.0
Jimmy Butler,Golden State Warriors @ Los Angeles Lakers,2025-10-22T02:00:00Z,player_rebounds,5.5,betmgm,2025-10-21T14:54:56Z,2025-10-21T14:55:27Z,105.0,-140.0
Draymond Green,Golden State Warriors @ Los Angeles Lakers,2025-10-22T02:00:00Z,player_rebounds,5.5,betmgm,2025-10-21T14:54:56Z,2025-10-21T14:55:27Z,-110.0,-120.0
Austin Reaves,Golden State Warriors @ Los Angeles Lakers,2025-10-22T02:00:00Z,player_rebounds,4.5,betmgm,2025-10-21T14:54:56Z,2025-10-21T14:55:27Z,-115.0,-118.0
Deandre Ayton,Golden State Warriors @ Los Angeles Lakers,2025-10-22T02:00:00Z,player_rebounds,10.5,betmgm,2025-10-21T14:54:56Z,2025-10-21T14:55:27Z,-105.0,-125.0
Stephen Curry,Golden State Warriors @ Los Angeles Lakers,2025-10-22T02:00:00Z,player_rebounds,4.5,betmgm,2025-10-21T14:54:56Z,2025-10-21T14:55:27Z,125.0,-165.0
Luka Doncic,Golden State Warriors @ Los Angeles Lakers,2025-10-22T02:00:00Z,player_rebounds,8.5,betmgm,2025-10-21T14:54:56Z,2025-10-21T14:55:27Z,105.0,-140.0
Rui Hachimura,Golden State Warriors @ Los Angeles Lakers,2025-10-22T02:00:00Z,player_rebounds,4.5,betmgm,2025-10-21T14:54:56Z,2025-10-21T14:55:27Z,-155.0,120.0
Marcus Smart,Golden State Warriors @ Los Angeles Lakers,2025-10-22T02:00:00Z,player_rebounds,1.5,betmgm,2025-10-21T14:54:56Z,2025-10-21T14:55:27Z,-145.0,110.0
Jake LaRavia,Golden State Warriors @ Los Angeles Lakers,2025-10-22T02:00:00Z,player_rebounds,2.5,betmgm,2025-10-21T14:54:56Z,2025-10-21T14:55:27Z,-165.0,125.0
Jarred Vanderbilt,Golden State Warriors @ Los Angeles Lakers,2025-10-22T02:00:00Z,player_rebounds,5.5,betmgm,2025-10-21T14:54:56Z,2025-10-21T14:55:27Z,115.0,-150.0
Buddy Hield,Golden State Warriors @ Los Angeles Lakers,2025-10-22T02:00:00Z,player_rebounds,2.5,betmgm,2025-10-21T14:54:56Z,2025-10-21T14:55:27Z,-115.0,-115.0
Jonathan Kuminga,Golden State Warriors @ Los Angeles Lakers,2025-10-22T02:00:00Z,player_rebounds,4.5,betmgm,2025-10-21T14:54:56Z,2025-10-21T14:55:27Z,-105.0,-130.0
Al Horford,Golden State Warriors @ Los Angeles Lakers,2025-10-22T02:00:00Z,player_rebounds,4.5,betmgm,2025-10-21T14:54:56Z,2025-10-21T14:55:27Z,-145.0,110.0
Brandin Podziemski,Golden State Warriors @ Los Angeles Lakers,2025-10-22T02:00:00Z,player_threes,2.5,betmgm,2025-10-21T14:54:56Z,2025-10-21T14:55:27Z,150.0,-200.0
Jimmy Butler,Golden State Warriors @ Los Angeles Lakers,2025-10-22T02:00:00Z,player_threes,0.5,betmgm,2025-10-21T14:54:56Z,2025-10-21T14:55:27Z,-150.0,110.0
Draymond Green,Golden State Warriors @ Los Angeles Lakers,2025-10-22T02:00:00Z,player_threes,1.5,betmgm,2025-10-21T14:54:56Z,2025-10-21T14:55:27Z,135.0,-185.0
Stephen Curry,Golden State Warriors @ Los Angeles Lakers,2025-10-22T02:00:00Z,player_threes,4.5,betmgm,2025-10-21T14:54:56Z,2025-10-21T14:55:27Z,-120.0,-110.0
Luka Doncic,Golden State Warriors @ Los Angeles Lakers,2025-10-22T02:00:00Z,player_threes,3.5,betmgm,2025-10-21T14:54:56Z,2025-10-21T14:55:27Z,-118.0,-110.0
Al Horford,Golden State Warriors @ Los Angeles Lakers,2025-10-22T02:00:00Z,player_threes,1.5,betmgm,2025-10-21T14:54:56Z,2025-10-21T14:55:27Z,115.0,-150.0
Rui Hachimura,Golden State Warriors @ Los Angeles Lakers,2025-10-22T02:00:00Z,player_threes,1.5,betmgm,2025-10-21T14:54:56Z,2025-10-21T14:55:27Z,-130.0,-105.0
Austin Reaves,Golden State Warriors @ Los Angeles Lakers,2025-10-22T02:00:00Z,player_threes,2.5,betmgm,2025-10-21T14:54:56Z,2025-10-21T14:55:27Z,-165.0,130.0
Jake LaRavia,Golden State Warriors @ Los Angeles Lakers,2025-10-22T02:00:00Z,player_threes,0.5,betmgm,2025-10-21T14:54:56Z,2025-10-21T14:55:27Z,-140.0,105.0
Jarred Vanderbilt,Golden State Warriors @ Los Angeles Lakers,2025-10-22T02:00:00Z,player_threes,0.5,betmgm,2025-10-21T14:54:56Z,2025-10-21T14:55:27Z,275.0,-400.0
Buddy Hield,Golden State Warriors @ Los Angeles Lakers,2025-10-22T02:00:00Z,player_threes,2.5,betmgm,2025-10-21T14:54:56Z,2025-10-21T14:55:27Z,110.0,-150.0
Jonathan Kuminga,Golden State Warriors @ Los Angeles Lakers,2025-10-22T02:00:00Z,player_threes,0.5,betmgm,2025-10-21T14:54:56Z,2025-10-21T14:55:27Z,-155.0,115.0
Marcus Smart,Golden State Warriors @ Los Angeles Lakers,2025-10-22T02:00:00Z,player_threes,0.5,betmgm,2025-10-21T14:54:56Z,2025-10-21T14:55:27Z,-225.0,165.0
Jimmy Butler,Golden State Warriors @ Los Angeles Lakers,2025-10-22T02:00:00Z,player_triple_double,,betmgm,2025-10-21T14:54:56Z,2025-10-21T14:55:27Z,,
Luka Doncic,Golden State Warriors @ Los Angeles Lakers,2025-10-22T02:00:00Z,player_triple_double,,betmgm,2025-10-21T14:54:56Z,2025-10-21T14:55:27Z,,
Draymond Green,Golden State Warriors @ Los Angeles Lakers,2025-10-22T02:00:00Z,player_triple_double,,betmgm,2025-10-21T14:54:56Z,2025-10-21T14:55:27Z,,
